timestamp,total,available,used,percent,free,active,inactive,buffers,cached
2026-07-08T22:05:09.239592,17006837760,16333815808,673021952,4.0,13918240768,973537280,1843789824,116785152,2439397376
2026-07-08T22:05:10.240184,17006837760,16319135744,687702016,4.0,13903560704,986415104,1843789824,116785152,2439430144
2026-07-08T22:05:11.241400,17006837760,16310779904,696057856,4.1,13895204864,986415104,1843789824,116785152,2439430144
2026-07-08T22:05:12.241657,17006837760,16311975936,694861824,4.1,13896400896,986415104,1843789824,116785152,2439430144
2026-07-08T22:05:13.241939,17006837760,16314204160,692633600,4.1,13898629120,986415104,1843789824,116785152,2439430144
2026-07-08T22:05:14.242221,17006837760,16300687360,706150400,4.2,13885112320,1000816640,1843789824,116785152,2439430144
2026-07-08T22:05:15.242514,17006837760,16300687360,706150400,4.2,13885112320,1000816640,1843789824,116785152,2439430144
2026-07-08T22:05:16.243484,17006837760,16300195840,706641920,4.2,13884620800,1000816640,1843789824,116785152,2439430144
2026-07-08T22:05:17.243998,17006837760,16305700864,701136896,4.1,13890125824,1000816640,1843789824,116785152,2439430144
2026-07-08T22:05:18.244367,17006837760,16305700864,701136896,4.1,13890125824,1000816640,1843789824,116785152,2439430144
2026-07-08T22:05:19.244731,17006837760,16304275456,702562304,4.1,13888700416,1000816640,1843789824,116785152,2439430144
2026-07-08T22:05:20.246397,17006837760,16307519488,699318272,4.1,13891944448,1000816640,1843789824,116785152,2439430144
2026-07-08T22:05:21.247008,17006837760,16310042624,696795136,4.1,13894451200,1001308160,1843806208,116785152,2439446528
2026-07-08T22:05:22.247553,17006837760,16313827328,693010432,4.1,13898235904,1001308160,1843806208,116785152,2439446528
2026-07-08T22:05:23.248423,17006837760,16316612608,690225152,4.1,13901021184,1001308160,1843806208,116785152,2439446528
2026-07-08T22:05:24.249341,17006837760,16315629568,691208192,4.1,13900038144,1001308160,1843806208,116785152,2439446528
2026-07-08T22:05:25.249803,17006837760,16321822720,685015040,4.0,13906231296,1001308160,1843806208,116785152,2439446528
2026-07-08T22:05:26.250322,17006837760,16325378048,681459712,4.0,13909786624,1001308160,1843806208,116785152,2439446528
2026-07-08T22:05:27.251315,17006837760,16326180864,680656896,4.0,13910589440,1001308160,1843806208,116785152,2439446528
2026-07-08T22:05:28.252021,17006837760,16328097792,678739968,4.0,13912506368,1001308160,1843806208,116785152,2439446528
2026-07-08T22:05:29.252660,17006837760,16331489280,675348480,4.0,13915897856,1001308160,1843806208,116785152,2439446528
2026-07-08T22:05:30.253327,17006837760,16334422016,672415744,4.0,13918830592,1001308160,1843806208,116785152,2439446528
2026-07-08T22:05:31.254003,17006837760,16337420288,669417472,3.9,13921828864,1001308160,1843806208,116785152,2439446528
2026-07-08T22:05:32.254500,17006837760,16340041728,666796032,3.9,13924450304,1001308160,1843806208,116785152,2439462912
2026-07-08T22:05:33.255184,17006837760,16341516288,665321472,3.9,13925924864,1001308160,1843806208,116785152,2439462912
2026-07-08T22:05:34.255865,17006837760,16343449600,663388160,3.9,13927858176,1001308160,1843806208,116785152,2439462912
2026-07-08T22:05:35.256503,17006837760,16345858048,660979712,3.9,13930266624,1001308160,1843806208,116785152,2439462912
2026-07-08T22:05:36.256964,17006837760,16347529216,659308544,3.9,13931937792,1001308160,1843806208,116785152,2439462912
2026-07-08T22:05:37.257496,17006837760,16349069312,657768448,3.9,13933477888,1001783296,1843806208,116785152,2439462912
2026-07-08T22:05:38.258346,17006837760,16350167040,656670720,3.9,13934575616,1001783296,1843806208,116785152,2439462912
2026-07-08T22:05:39.258764,17006837760,16350199808,656637952,3.9,13934608384,1001783296,1843806208,116785152,2439462912
2026-07-08T22:05:40.259208,17006837760,16349429760,657408000,3.9,13933838336,1001783296,1843806208,116785152,2439462912
2026-07-08T22:05:41.259661,17006837760,16349921280,656916480,3.9,13934329856,1001783296,1843806208,116785152,2439462912
2026-07-08T22:05:42.260116,17006837760,16350314496,656523264,3.9,13934723072,1001783296,1843806208,116785152,2439462912
2026-07-08T22:05:43.260526,17006837760,16350576640,656261120,3.9,13934985216,1001783296,1843806208,116785152,2439462912
2026-07-08T22:05:44.260854,17006837760,16350330880,656506880,3.9,13934739456,1001783296,1843806208,116785152,2439462912
2026-07-08T22:05:45.261132,17006837760,16348708864,658128896,3.9,13933117440,1001783296,1843806208,116785152,2439479296
2026-07-08T22:05:46.261410,17006837760,16349429760,657408000,3.9,13933838336,1001783296,1843806208,116785152,2439479296
2026-07-08T22:05:47.261787,17006837760,16351150080,655687680,3.9,13935558656,1001783296,1843806208,116785152,2439479296
2026-07-08T22:05:48.262230,17006837760,16349675520,657162240,3.9,13934084096,1001783296,1843806208,116785152,2439479296
2026-07-08T22:05:49.262694,17006837760,16351641600,655196160,3.9,13936050176,1001783296,1843806208,116785152,2439479296
2026-07-08T22:05:50.263253,17006837760,16351395840,655441920,3.9,13935804416,1001783296,1843806208,116785152,2439479296
2026-07-08T22:05:51.263728,17006837760,16352215040,654622720,3.8,13936623616,1001783296,1843806208,116785152,2439479296
2026-07-08T22:05:52.263997,17006837760,16351969280,654868480,3.9,13936377856,1001783296,1843806208,116785152,2439479296
2026-07-08T22:05:53.264266,17006837760,16352706560,654131200,3.8,13937115136,1001783296,1843806208,116785152,2439479296
2026-07-08T22:05:54.264540,17006837760,16355196928,651640832,3.8,13939605504,1001783296,1843806208,116785152,2439479296
2026-07-08T22:05:55.264925,17006837760,16354213888,652623872,3.8,13938622464,1001783296,1843806208,116785152,2439495680
2026-07-08T22:05:56.265406,17006837760,16353476608,653361152,3.8,13937885184,1001783296,1843806208,116785152,2439495680
2026-07-08T22:05:57.265863,17006837760,16354476032,652361728,3.8,13938884608,1001783296,1843806208,116785152,2439495680
2026-07-08T22:05:58.266344,17006837760,16353017856,653819904,3.8,13937426432,1001783296,1843806208,116785152,2439495680
2026-07-08T22:05:59.266778,17006837760,16353034240,653803520,3.8,13937442816,1001783296,1843806208,116785152,2439495680
2026-07-08T22:06:00.267297,17006837760,16353034240,653803520,3.8,13937442816,1001783296,1843806208,116785152,2439495680
2026-07-08T22:06:01.267592,17006837760,16355803136,651034624,3.8,13940211712,1001783296,1843806208,116785152,2439495680
2026-07-08T22:06:02.267872,17006837760,16353280000,653557760,3.8,13937688576,1001783296,1843806208,116785152,2439495680
2026-07-08T22:06:03.268219,17006837760,16353640448,653197312,3.8,13938049024,1001783296,1843806208,116785152,2439495680
2026-07-08T22:06:04.268497,17006837760,16354623488,652214272,3.8,13939032064,1001783296,1843806208,116785152,2439495680
2026-07-08T22:06:05.268886,17006837760,16354623488,652214272,3.8,13939032064,1001783296,1843806208,116785152,2439495680
2026-07-08T22:06:06.269393,17006837760,16355016704,651821056,3.8,13939425280,1001783296,1843806208,116785152,2439495680
2026-07-08T22:06:07.269932,17006837760,16354508800,652328960,3.8,13938917376,1001783296,1843806208,116785152,2439512064
2026-07-08T22:06:08.270276,17006837760,16354344960,652492800,3.8,13938737152,1001783296,1843822592,116785152,2439512064
2026-07-08T22:06:09.270906,17006837760,16355508224,651329536,3.8,13939900416,1001783296,1843822592,116785152,2439512064
2026-07-08T22:06:10.271699,17006837760,16356524032,650313728,3.8,13940916224,1001783296,1843822592,116785152,2439512064
2026-07-08T22:06:11.271970,17006837760,16356737024,650100736,3.8,13941129216,1001783296,1843822592,116785152,2439512064
2026-07-08T22:06:12.272247,17006837760,16357097472,649740288,3.8,13941489664,1001783296,1843822592,116785152,2439512064
2026-07-08T22:06:13.272521,17006837760,16356589568,650248192,3.8,13940981760,1001783296,1843822592,116785152,2439512064
2026-07-08T22:06:14.272851,17006837760,16356343808,650493952,3.8,13940736000,1001783296,1843822592,116785152,2439512064
2026-07-08T22:06:15.273194,17006837760,16356851712,649986048,3.8,13941243904,1001783296,1843822592,116785152,2439512064
2026-07-08T22:06:16.273506,17006837760,16358326272,648511488,3.8,13942718464,1001783296,1843822592,116785152,2439512064
2026-07-08T22:06:17.273781,17006837760,16357081088,649756672,3.8,13941473280,1001783296,1843822592,116785152,2439512064
2026-07-08T22:06:18.274055,17006837760,16356605952,650231808,3.8,13940998144,1001783296,1843822592,116785152,2439512064
2026-07-08T22:06:19.274330,17006837760,16355868672,650969088,3.8,13940260864,1001783296,1843822592,116785152,2439528448
2026-07-08T22:06:20.274604,17006837760,16357048320,649789440,3.8,13941440512,1001783296,1843822592,116785152,2439528448
2026-07-08T22:06:21.274937,17006837760,16357294080,649543680,3.8,13941686272,1001783296,1843822592,116785152,2439528448
2026-07-08T22:06:22.275433,17006837760,16357294080,649543680,3.8,13941686272,1001783296,1843822592,116785152,2439528448
2026-07-08T22:06:23.275746,17006837760,16356786176,650051584,3.8,13941178368,1001783296,1843822592,116785152,2439528448
2026-07-08T22:06:24.276019,17006837760,16355328000,651509760,3.8,13939703808,1002078208,1843838976,116785152,2439528448
2026-07-08T22:06:25.276301,17006837760,16355803136,651034624,3.8,13940178944,1002078208,1843838976,116785152,2439528448
2026-07-08T22:06:26.276578,17006837760,16358244352,648593408,3.8,13942620160,1002078208,1843838976,116785152,2439528448
2026-07-08T22:06:27.276853,17006837760,16357261312,649576448,3.8,13941637120,1002078208,1843838976,116785152,2439528448
2026-07-08T22:06:28.277179,17006837760,16357015552,649822208,3.8,13941391360,1002078208,1843838976,116785152,2439528448
2026-07-08T22:06:29.277502,17006837760,16356278272,650559488,3.8,13940654080,1002078208,1843838976,116785152,2439528448
2026-07-08T22:06:30.277785,17006837760,16354328576,652509184,3.8,13938704384,1002078208,1843838976,116785152,2439544832
2026-07-08T22:06:31.278135,17006837760,16355557376,651280384,3.8,13939933184,1002078208,1843838976,116785152,2439544832
2026-07-08T22:06:32.278418,17006837760,16356016128,650821632,3.8,13940391936,1002078208,1843838976,116785152,2439544832
2026-07-08T22:06:33.278773,17006837760,16356605952,650231808,3.8,13940981760,1002078208,1843838976,116785152,2439544832
2026-07-08T22:06:34.279350,17006837760,16357588992,649248768,3.8,13941964800,1002078208,1843838976,116785152,2439544832
2026-07-08T22:06:35.279837,17006837760,16354869248,651968512,3.8,13939245056,1002078208,1843838976,116785152,2439544832
2026-07-08T22:06:36.280185,17006837760,16353902592,652935168,3.8,13938278400,1002078208,1843838976,116785152,2439544832
2026-07-08T22:06:37.280529,17006837760,16353918976,652918784,3.8,13938294784,1002078208,1843838976,116785152,2439544832
2026-07-08T22:06:38.281029,17006837760,16354279424,652558336,3.8,13938655232,1002078208,1843838976,116785152,2439544832
2026-07-08T22:06:39.281411,17006837760,16354508800,652328960,3.8,13938884608,1002143744,1843838976,116785152,2439544832
2026-07-08T22:06:40.281767,17006837760,16353034240,653803520,3.8,13937410048,1002143744,1843838976,116785152,2439544832
2026-07-08T22:06:41.282109,17006837760,16353656832,653180928,3.8,13938032640,1002143744,1843838976,116785152,2439544832
2026-07-08T22:06:42.282464,17006837760,16355475456,651362304,3.8,13939851264,1002143744,1843838976,116785152,2439561216
2026-07-08T22:06:43.282835,17006837760,16351002624,655835136,3.9,13935378432,1002143744,1843838976,116785152,2439561216
2026-07-08T22:06:44.283550,17006837760,16351264768,655572992,3.9,13935640576,1002143744,1843838976,116785152,2439561216
2026-07-08T22:06:45.283875,17006837760,16351969280,654868480,3.9,13936345088,1002143744,1843838976,116785152,2439561216
2026-07-08T22:06:46.284158,17006837760,16354639872,652197888,3.8,13939015680,1002143744,1843838976,116785152,2439561216
2026-07-08T22:06:47.284445,17006837760,16353902592,652935168,3.8,13938278400,1002143744,1843838976,116785152,2439561216
2026-07-08T22:06:48.284781,17006837760,16355016704,651821056,3.8,13939392512,1002143744,1843838976,116785152,2439561216
2026-07-08T22:06:49.285144,17006837760,16354803712,652034048,3.8,13939179520,1002143744,1843838976,116785152,2439561216
2026-07-08T22:06:50.285640,17006837760,16355753984,651083776,3.8,13940129792,1002143744,1843838976,116785152,2439561216
2026-07-08T22:06:51.286170,17006837760,16354033664,652804096,3.8,13938409472,1002143744,1843838976,116785152,2439561216
2026-07-08T22:06:52.286445,17006837760,16353771520,653066240,3.8,13938147328,1002143744,1843838976,116785152,2439561216
2026-07-08T22:06:53.286796,17006837760,16354082816,652754944,3.8,13938458624,1002143744,1843838976,116785152,2439577600
2026-07-08T22:06:54.287142,17006837760,16355557376,651280384,3.8,13939933184,1002143744,1843838976,116785152,2439577600
2026-07-08T22:06:55.287435,17006837760,16353574912,653262848,3.8,13937950720,1002143744,1843838976,116785152,2439577600
2026-07-08T22:06:56.287774,17006837760,16352788480,654049280,3.8,13937164288,1002143744,1843838976,116785152,2439577600
2026-07-08T22:06:57.288080,17006837760,16353296384,653541376,3.8,13937672192,1002143744,1843838976,116785152,2439577600
2026-07-08T22:06:58.288363,17006837760,16355491840,651345920,3.8,13939867648,1002143744,1843838976,116785152,2439577600
2026-07-08T22:06:59.288644,17006837760,16355033088,651804672,3.8,13939376128,1002422272,1843871744,116785152,2439577600
2026-07-08T22:07:00.288921,17006837760,16354541568,652296192,3.8,13938884608,1002422272,1843871744,116785152,2439577600
2026-07-08T22:07:01.289199,17006837760,16354836480,652001280,3.8,13939179520,1002422272,1843871744,116785152,2439577600
2026-07-08T22:07:02.289554,17006837760,16354689024,652148736,3.8,13939032064,1002422272,1843871744,116785152,2439577600
2026-07-08T22:07:03.289904,17006837760,16354443264,652394496,3.8,13938786304,1002422272,1843871744,116785152,2439577600
2026-07-08T22:07:04.290365,17006837760,16356884480,649953280,3.8,13941227520,1002422272,1843871744,116785152,2439577600
2026-07-08T22:07:05.290703,17006837760,16355672064,651165696,3.8,13939998720,1002422272,1843871744,116785152,2439610368
2026-07-08T22:07:06.290982,17006837760,16355426304,651411456,3.8,13939752960,1002422272,1843871744,116785152,2439610368
2026-07-08T22:07:07.291261,17006837760,16356671488,650166272,3.8,13940998144,1002422272,1843871744,116785152,2439610368
2026-07-08T22:07:08.291641,17006837760,16354689024,652148736,3.8,13939015680,1002422272,1843871744,116785152,2439610368
2026-07-08T22:07:09.291959,17006837760,16354934784,651902976,3.8,13939261440,1002422272,1843871744,116785152,2439610368
2026-07-08T22:07:10.292911,17006837760,16355000320,651837440,3.8,13939261440,1002536960,1843937280,116785152,2439610368
2026-07-08T22:07:11.293307,17006837760,16355966976,650870784,3.8,13940228096,1002536960,1843937280,116785152,2439610368
2026-07-08T22:07:12.293589,17006837760,16355000320,651837440,3.8,13939261440,1002536960,1843937280,116785152,2439610368
2026-07-08T22:07:13.293869,17006837760,16357457920,649379840,3.8,13941719040,1002536960,1843937280,116785152,2439610368
2026-07-08T22:07:14.294149,17006837760,16356229120,650608640,3.8,13940490240,1002536960,1843937280,116785152,2439610368
2026-07-08T22:07:15.294427,17006837760,16355491840,651345920,3.8,13939752960,1002536960,1843937280,116785152,2439610368
2026-07-08T22:07:16.294761,17006837760,16355786752,651051008,3.8,13940047872,1002536960,1843937280,116785152,2439626752
2026-07-08T22:07:17.295162,17006837760,16357736448,649101312,3.8,13941997568,1002536960,1843937280,116785152,2439626752
2026-07-08T22:07:18.295594,17006837760,16356982784,649854976,3.8,13941243904,1002536960,1843937280,116785152,2439626752
2026-07-08T22:07:19.295875,17006837760,16356474880,650362880,3.8,13940736000,1002536960,1843937280,116785152,2439626752
2026-07-08T22:07:20.296152,17006837760,16356474880,650362880,3.8,13940736000,1002536960,1843937280,116785152,2439626752
2026-07-08T22:07:21.296430,17006837760,16357965824,648871936,3.8,13942226944,1002536960,1843937280,116785152,2439626752
2026-07-08T22:07:22.296816,17006837760,16356982784,649854976,3.8,13941243904,1002536960,1843937280,116785152,2439626752
2026-07-08T22:07:23.297135,17006837760,16355508224,651329536,3.8,13939769344,1002536960,1843937280,116785152,2439626752
2026-07-08T22:07:24.297482,17006837760,16355491840,651345920,3.8,13939752960,1002536960,1843937280,116785152,2439626752
2026-07-08T22:07:25.297778,17006837760,16352083968,654753792,3.8,13936345088,1002536960,1843937280,116785152,2439626752
2026-07-08T22:07:26.298048,17006837760,16352083968,654753792,3.8,13936345088,1002536960,1843937280,116785152,2439626752
2026-07-08T22:07:27.298323,17006837760,16353525760,653312000,3.8,13937786880,1002536960,1843937280,116785152,2439643136
2026-07-08T22:07:28.298636,17006837760,16354361344,652476416,3.8,13938622464,1002536960,1843937280,116785152,2439643136
2026-07-08T22:07:29.298911,17006837760,16344612864,662224896,3.9,13928808448,1004339200,1843986432,116785152,2439659520
2026-07-08T22:07:30.299185,17006837760,16344727552,662110208,3.9,13928923136,1004339200,1843986432,116785152,2439659520
2026-07-08T22:07:31.299458,17006837760,16346136576,660701184,3.9,13930332160,1004339200,1843986432,116785152,2439659520
2026-07-08T22:07:32.299739,17006837760,16350035968,656801792,3.9,13934231552,1004339200,1843986432,116785152,2439659520
2026-07-08T22:07:33.300021,17006837760,16349315072,657522688,3.9,13933510656,1004339200,1843986432,116785152,2439659520
2026-07-08T22:07:34.300302,17006837760,16348545024,658292736,3.9,13932740608,1004339200,1843986432,116785152,2439659520
2026-07-08T22:07:35.300645,17006837760,16350101504,656736256,3.9,13934297088,1004388352,1843986432,116785152,2439659520
2026-07-08T22:07:36.300991,17006837760,16350838784,655998976,3.9,13935034368,1004388352,1843986432,116785152,2439659520
2026-07-08T22:07:37.301351,17006837760,16352788480,654049280,3.8,13936984064,1004388352,1843986432,116785152,2439659520
2026-07-08T22:07:38.301706,17006837760,16350068736,656769024,3.9,13934264320,1004388352,1843986432,116785152,2439659520
2026-07-08T22:07:39.302004,17006837760,16346611712,660226048,3.9,13930823680,1002586112,1843986432,116785152,2439659520
2026-07-08T22:07:40.302343,17006837760,16346234880,660602880,3.9,13930446848,1002586112,1843986432,116785152,2439659520
2026-07-08T22:07:41.302619,17006837760,16347201536,659636224,3.9,13931413504,1002586112,1843986432,116785152,2439659520
2026-07-08T22:07:42.302896,17006837760,16349609984,657227776,3.9,13933821952,1002586112,1843986432,116785152,2439659520
2026-07-08T22:07:43.303171,17006837760,16351789056,655048704,3.9,13936001024,1002586112,1843986432,116785152,2439659520
2026-07-08T22:07:44.303504,17006837760,16352346112,654491648,3.8,13936558080,1002586112,1843986432,116785152,2439659520
2026-07-08T22:07:45.303855,17006837760,16354148352,652689408,3.8,13938360320,1002586112,1843986432,116785152,2439659520
2026-07-08T22:07:46.304206,17006837760,16352641024,654196736,3.8,13936852992,1002586112,1843986432,116785152,2439659520
2026-07-08T22:07:47.304549,17006837760,16353591296,653246464,3.8,13937803264,1002586112,1843986432,116785152,2439659520
2026-07-08T22:07:48.304846,17006837760,16352935936,653901824,3.8,13937147904,1003601920,1843986432,116785152,2439659520
2026-07-08T22:07:49.305128,17006837760,16352280576,654557184,3.8,13936492544,1003601920,1843986432,116785152,2439659520
2026-07-08T22:07:50.305402,17006837760,16353165312,653672448,3.8,13937377280,1003601920,1843986432,116785152,2439659520
2026-07-08T22:07:51.305680,17006837760,16353427456,653410304,3.8,13937639424,1003601920,1843986432,116785152,2439675904
2026-07-08T22:07:52.305956,17006837760,16354885632,651952128,3.8,13939097600,1003601920,1843986432,116785152,2439675904
2026-07-08T22:07:53.306286,17006837760,16356982784,649854976,3.8,13941194752,1003601920,1843986432,116785152,2439675904
2026-07-08T22:07:54.306626,17006837760,16357228544,649609216,3.8,13941440512,1003601920,1843986432,116785152,2439675904
2026-07-08T22:07:55.307017,17006837760,16356868096,649969664,3.8,13941080064,1003601920,1843986432,116785152,2439675904
2026-07-08T22:07:56.307294,17006837760,16355885056,650952704,3.8,13940097024,1003601920,1843986432,116785152,2439675904
2026-07-08T22:07:57.307578,17006837760,16353705984,653131776,3.8,13937917952,1003601920,1843986432,116785152,2439675904
2026-07-08T22:07:58.307915,17006837760,16353460224,653377536,3.8,13937672192,1003601920,1843986432,116785152,2439675904
2026-07-08T22:07:59.308188,17006837760,16354181120,652656640,3.8,13938393088,1003601920,1843986432,116785152,2439675904
2026-07-08T22:08:00.308504,17006837760,16354934784,651902976,3.8,13939146752,1003601920,1843986432,116785152,2439675904
2026-07-08T22:08:01.308839,17006837760,16355753984,651083776,3.8,13939965952,1003601920,1843986432,116785152,2439675904
2026-07-08T22:08:02.309176,17006837760,16356229120,650608640,3.8,13940441088,1003601920,1843986432,116785152,2439675904
2026-07-08T22:08:03.313487,17006837760,16356196352,650641408,3.8,13940408320,1003601920,1843986432,116785152,2439692288
2026-07-08T22:08:04.317498,17006837760,16353902592,652935168,3.8,13938114560,1003601920,1843986432,116785152,2439692288
2026-07-08T22:08:05.317818,17006837760,16351920128,654917632,3.9,13936132096,1003601920,1843986432,116785152,2439692288
2026-07-08T22:08:06.318096,17006837760,16353099776,653737984,3.8,13937311744,1003601920,1843986432,116785152,2439692288
2026-07-08T22:08:07.318370,17006837760,16354623488,652214272,3.8,13938835456,1003601920,1843986432,116785152,2439692288
2026-07-08T22:08:08.318705,17006837760,16355852288,650985472,3.8,13940064256,1003601920,1843986432,116785152,2439692288
2026-07-08T22:08:09.319070,17006837760,16355115008,651722752,3.8,13939326976,1003601920,1843986432,116785152,2439692288
2026-07-08T22:08:10.319426,17006837760,16355835904,651001856,3.8,13940047872,1003601920,1843986432,116785152,2439692288
2026-07-08T22:08:11.319796,17006837760,16355606528,651231232,3.8,13939802112,1003651072,1844002816,116785152,2439692288
2026-07-08T22:08:12.320249,17006837760,16355278848,651558912,3.8,13939474432,1003651072,1844002816,116785152,2439692288
2026-07-08T22:08:13.320521,17006837760,16356065280,650772480,3.8,13940260864,1003651072,1844002816,116785152,2439692288
2026-07-08T22:08:14.320793,17006837760,16355082240,651755520,3.8,13939277824,1003651072,1844002816,116785152,2439708672
2026-07-08T22:08:15.321069,17006837760,16355573760,651264000,3.8,13939769344,1003651072,1844002816,116785152,2439708672
2026-07-08T22:08:16.321403,17006837760,16356982784,649854976,3.8,13941178368,1003651072,1844002816,116785152,2439708672
2026-07-08T22:08:17.321732,17006837760,16356720640,650117120,3.8,13940916224,1003651072,1844002816,116785152,2439708672
2026-07-08T22:08:18.322057,17006837760,16355737600,651100160,3.8,13939933184,1003651072,1844002816,116785152,2439708672
2026-07-08T22:08:19.322386,17006837760,16354099200,652738560,3.8,13938294784,1003651072,1844002816,116785152,2439708672
2026-07-08T22:08:20.322726,17006837760,16354541568,652296192,3.8,13938737152,1003651072,1844002816,116785152,2439708672
2026-07-08T22:08:21.323080,17006837760,16356737024,650100736,3.8,13940932608,1003651072,1844002816,116785152,2439708672
2026-07-08T22:08:22.323436,17006837760,16355753984,651083776,3.8,13939949568,1003651072,1844002816,116785152,2439708672
2026-07-08T22:08:23.323793,17006837760,16355753984,651083776,3.8,13939949568,1003651072,1844002816,116785152,2439708672
2026-07-08T22:08:24.324141,17006837760,16357163008,649674752,3.8,13941358592,1003651072,1844002816,116785152,2439708672
2026-07-08T22:08:25.324493,17006837760,16355934208,650903552,3.8,13940129792,1003651072,1844002816,116801536,2439708672
2026-07-08T22:08:26.324837,17006837760,16354951168,651886592,3.8,13939146752,1003651072,1844002816,116801536,2439725056
2026-07-08T22:08:27.325278,17006837760,16355688448,651149312,3.8,13939884032,1003651072,1844002816,116801536,2439725056
2026-07-08T22:08:28.325618,17006837760,16355196928,651640832,3.8,13939392512,1003651072,1844002816,116801536,2439725056
2026-07-08T22:08:29.325902,17006837760,16353968128,652869632,3.8,13938163712,1003651072,1844002816,116801536,2439725056
2026-07-08T22:08:30.326188,17006837760,16356179968,650657792,3.8,13940375552,1003651072,1844002816,116801536,2439725056
2026-07-08T22:08:31.326471,17006837760,16355606528,651231232,3.8,13939802112,1003651072,1844002816,116801536,2439725056
2026-07-08T22:08:32.326749,17006837760,16355508224,651329536,3.8,13939703808,1003651072,1844002816,116801536,2439725056
2026-07-08T22:08:33.327108,17006837760,16355983360,650854400,3.8,13940178944,1003651072,1844002816,116801536,2439725056
2026-07-08T22:08:34.327474,17006837760,16355246080,651591680,3.8,13939441664,1003651072,1844002816,116801536,2439725056
2026-07-08T22:08:35.327832,17006837760,16355213312,651624448,3.8,13939408896,1003651072,1844002816,116817920,2439725056
2026-07-08T22:08:36.328188,17006837760,16354983936,651853824,3.8,13939179520,1003651072,1844002816,116817920,2439725056
2026-07-08T22:08:37.328524,17006837760,16355147776,651689984,3.8,13939343360,1003651072,1844002816,116817920,2439725056
2026-07-08T22:08:38.328919,17006837760,16355721216,651116544,3.8,13939916800,1003651072,1844002816,116817920,2439741440
2026-07-08T22:08:39.329414,17006837760,16356212736,650625024,3.8,13940408320,1003651072,1844002816,116817920,2439741440
2026-07-08T22:08:40.333475,17006837760,16356442112,650395648,3.8,13940637696,1003651072,1844002816,116817920,2439741440
2026-07-08T22:08:41.333859,17006837760,16355213312,651624448,3.8,13939408896,1003651072,1844002816,116817920,2439741440
2026-07-08T22:08:42.334253,17006837760,16353034240,653803520,3.8,13937197056,1003913216,1844019200,116817920,2439757824
2026-07-08T22:08:43.334636,17006837760,16353050624,653787136,3.8,13937213440,1003913216,1844019200,116817920,2439757824
2026-07-08T22:08:44.334959,17006837760,16354000896,652836864,3.8,13938163712,1003913216,1844019200,116817920,2439757824
2026-07-08T22:08:45.335239,17006837760,16350838784,655998976,3.9,13935001600,1003913216,1844019200,116817920,2439757824
2026-07-08T22:08:46.335589,17006837760,16351576064,655261696,3.9,13935738880,1003913216,1844019200,116817920,2439757824
2026-07-08T22:08:47.335936,17006837760,16353329152,653508608,3.8,13937491968,1003913216,1844019200,116817920,2439774208
2026-07-08T22:08:48.336282,17006837760,16353083392,653754368,3.8,13937246208,1003913216,1844019200,116817920,2439774208
2026-07-08T22:08:49.336623,17006837760,16353902592,652935168,3.8,13938065408,1003913216,1844019200,116817920,2439774208
2026-07-08T22:08:50.336938,17006837760,16353705984,653131776,3.8,13937868800,1003913216,1844019200,116817920,2439774208
2026-07-08T22:08:51.337280,17006837760,16353951744,652886016,3.8,13938360320,1003913216,1844019200,116817920,2439774208
2026-07-08T22:08:52.337634,17006837760,16352362496,654475264,3.8,13936476160,1004060672,1844068352,116817920,2439774208
2026-07-08T22:08:53.337913,17006837760,16352067584,654770176,3.9,13936181248,1004060672,1844068352,116817920,2439774208
2026-07-08T22:08:54.338245,17006837760,16353296384,653541376,3.8,13937410048,1004060672,1844068352,116817920,2439774208
2026-07-08T22:08:55.338607,17006837760,16354230272,652607488,3.8,13938343936,1004060672,1844068352,116834304,2439774208
2026-07-08T22:08:56.338910,17006837760,16354705408,652132352,3.8,13938819072,1004060672,1844068352,116834304,2439774208
2026-07-08T22:08:57.339190,17006837760,16356573184,650264576,3.8,13940686848,1004060672,1844068352,116834304,2439774208
2026-07-08T22:08:58.339472,17006837760,16355852288,650985472,3.8,13939965952,1004060672,1844068352,116834304,2439790592
2026-07-08T22:08:59.339749,17006837760,16351182848,655654912,3.9,13935296512,1004060672,1844068352,116834304,2439790592
2026-07-08T22:09:00.340129,17006837760,16350199808,656637952,3.9,13934313472,1004060672,1844068352,116834304,2439790592
2026-07-08T22:09:01.340460,17006837760,16351690752,655147008,3.9,13935804416,1004060672,1844068352,116834304,2439790592
2026-07-08T22:09:02.340857,17006837760,16353165312,653672448,3.8,13937278976,1004060672,1844068352,116834304,2439790592
2026-07-08T22:09:03.341260,17006837760,16352673792,654163968,3.8,13936787456,1004060672,1844068352,116834304,2439790592
2026-07-08T22:09:04.341575,17006837760,16354721792,652115968,3.8,13938835456,1004060672,1844068352,116834304,2439790592
2026-07-08T22:09:05.341850,17006837760,16353034240,653803520,3.8,13937147904,1004060672,1844068352,116834304,2439790592
2026-07-08T22:09:06.342221,17006837760,16351805440,655032320,3.9,13935919104,1004060672,1844068352,116834304,2439790592
2026-07-08T22:09:07.342580,17006837760,16353312768,653524992,3.8,13937426432,1004060672,1844068352,116834304,2439790592
2026-07-08T22:09:08.343136,17006837760,16353804288,653033472,3.8,13937917952,1004060672,1844068352,116834304,2439806976
2026-07-08T22:09:09.343762,17006837760,16353050624,653787136,3.8,13937164288,1004060672,1844068352,116834304,2439806976
2026-07-08T22:09:10.344111,17006837760,16353984512,652853248,3.8,13938098176,1004060672,1844068352,116834304,2439806976
2026-07-08T22:09:11.344446,17006837760,16353689600,653148160,3.8,13937803264,1004060672,1844068352,116834304,2439806976
2026-07-08T22:09:12.344745,17006837760,16353525760,653312000,3.8,13937573888,1004158976,1844133888,116834304,2439806976
2026-07-08T22:09:13.345145,17006837760,16353689600,653148160,3.8,13937737728,1004158976,1844133888,116834304,2439806976
2026-07-08T22:09:14.345595,17006837760,16355442688,651395072,3.8,13939490816,1004158976,1844133888,116834304,2439806976
2026-07-08T22:09:15.345935,17006837760,16354459648,652378112,3.8,13938507776,1004158976,1844133888,116834304,2439806976
2026-07-08T22:09:16.346288,17006837760,16354639872,652197888,3.8,13938688000,1004158976,1844133888,116834304,2439806976
2026-07-08T22:09:17.346650,17006837760,16356622336,650215424,3.8,13940670464,1004158976,1844133888,116834304,2439806976
2026-07-08T22:09:18.347094,17006837760,16354902016,651935744,3.8,13938950144,1004158976,1844133888,116834304,2439806976
2026-07-08T22:09:19.347447,17006837760,16352444416,654393344,3.8,13936492544,1004158976,1844133888,116834304,2439823360
2026-07-08T22:09:20.347726,17006837760,16352657408,654180352,3.8,13936705536,1004158976,1844133888,116834304,2439823360
2026-07-08T22:09:21.348006,17006837760,16353378304,653459456,3.8,13937426432,1004158976,1844133888,116834304,2439823360
2026-07-08T22:09:22.348287,17006837760,16354377728,652460032,3.8,13938425856,1004158976,1844133888,116834304,2439823360
2026-07-08T22:09:23.348567,17006837760,16354131968,652705792,3.8,13938180096,1004158976,1844133888,116834304,2439823360
2026-07-08T22:09:24.348905,17006837760,16354869248,651968512,3.8,13938917376,1004158976,1844133888,116834304,2439823360
2026-07-08T22:09:25.349266,17006837760,16355442688,651395072,3.8,13939490816,1004158976,1844133888,116834304,2439823360
2026-07-08T22:09:26.349627,17006837760,16354213888,652623872,3.8,13938262016,1004158976,1844133888,116834304,2439823360
2026-07-08T22:09:27.350089,17006837760,16354213888,652623872,3.8,13938262016,1004158976,1844133888,116834304,2439823360
2026-07-08T22:09:28.350534,17006837760,16354230272,652607488,3.8,13938278400,1004158976,1844133888,116834304,2439823360
2026-07-08T22:09:29.350890,17006837760,16352772096,654065664,3.8,13936820224,1004158976,1844133888,116834304,2439823360
2026-07-08T22:09:30.351254,17006837760,16353525760,653312000,3.8,13937573888,1004158976,1844133888,116834304,2439823360
2026-07-08T22:09:31.351607,17006837760,16353755136,653082624,3.8,13937803264,1004158976,1844133888,116834304,2439839744
2026-07-08T22:09:32.351968,17006837760,16353968128,652869632,3.8,13938016256,1004158976,1844133888,116834304,2439839744
2026-07-08T22:09:33.352382,17006837760,16354279424,652558336,3.8,13938327552,1004158976,1844133888,116834304,2439839744
2026-07-08T22:09:34.352780,17006837760,16354017280,652820480,3.8,13938065408,1004158976,1844133888,116834304,2439839744
2026-07-08T22:09:35.353080,17006837760,16354754560,652083200,3.8,13938802688,1004158976,1844133888,116834304,2439839744
2026-07-08T22:09:36.353371,17006837760,16355213312,651624448,3.8,13939261440,1004158976,1844133888,116834304,2439839744
2026-07-08T22:09:37.353653,17006837760,16354967552,651870208,3.8,13939015680,1004158976,1844133888,116834304,2439839744
2026-07-08T22:09:38.353937,17006837760,16354721792,652115968,3.8,13938769920,1004158976,1844133888,116834304,2439839744
2026-07-08T22:09:39.354316,17006837760,16354787328,652050432,3.8,13938835456,1004158976,1844133888,116834304,2439839744
2026-07-08T22:09:40.354678,17006837760,16352854016,653983744,3.8,13936902144,1004158976,1844133888,116834304,2439839744
2026-07-08T22:09:41.355084,17006837760,16352362496,654475264,3.8,13936410624,1004158976,1844133888,116834304,2439839744
2026-07-08T22:09:42.355390,17006837760,16353804288,653033472,3.8,13937852416,1004158976,1844133888,116834304,2439856128
2026-07-08T22:09:43.355673,17006837760,16353329152,653508608,3.8,13937360896,1004191744,1844150272,116834304,2439856128
2026-07-08T22:09:44.355958,17006837760,16353574912,653262848,3.8,13937606656,1004191744,1844150272,116834304,2439856128
2026-07-08T22:09:45.356247,17006837760,16355508224,651329536,3.8,13939539968,1004191744,1844150272,116834304,2439856128
2026-07-08T22:09:46.356527,17006837760,16354770944,652066816,3.8,13938802688,1004191744,1844150272,116834304,2439856128
2026-07-08T22:09:47.356860,17006837760,16355000320,651837440,3.8,13939032064,1004191744,1844150272,116834304,2439856128
2026-07-08T22:09:48.357202,17006837760,16356229120,650608640,3.8,13940260864,1004191744,1844150272,116834304,2439856128
2026-07-08T22:09:49.357551,17006837760,16351313920,655523840,3.9,13935345664,1004191744,1844150272,116834304,2439856128
2026-07-08T22:09:50.357909,17006837760,16351068160,655769600,3.9,13935099904,1004191744,1844150272,116834304,2439856128
2026-07-08T22:09:51.358234,17006837760,16353427456,653410304,3.8,13937459200,1004191744,1844150272,116834304,2439856128
2026-07-08T22:09:52.358518,17006837760,16353902592,652935168,3.8,13937934336,1004191744,1844150272,116834304,2439856128
2026-07-08T22:09:53.358800,17006837760,16352493568,654344192,3.8,13936525312,1004191744,1844150272,116834304,2439856128
2026-07-08T22:09:54.359098,17006837760,16353001472,653836288,3.8,13937033216,1004191744,1844150272,116834304,2439872512
2026-07-08T22:09:55.359451,17006837760,16354459648,652378112,3.8,13938491392,1004191744,1844150272,116834304,2439872512
2026-07-08T22:09:56.360134,17006837760,16353968128,652869632,3.8,13937999872,1004191744,1844150272,116834304,2439872512
2026-07-08T22:09:57.360419,17006837760,16354459648,652378112,3.8,13938491392,1004191744,1844150272,116834304,2439872512
2026-07-08T22:09:58.360953,17006837760,16353722368,653115392,3.8,13937754112,1004191744,1844150272,116834304,2439872512
2026-07-08T22:09:59.361524,17006837760,16352493568,654344192,3.8,13936525312,1004191744,1844150272,116834304,2439872512
2026-07-08T22:10:00.361859,17006837760,16352985088,653852672,3.8,13937016832,1004191744,1844150272,116834304,2439872512
2026-07-08T22:10:01.362202,17006837760,16354705408,652132352,3.8,13938737152,1004191744,1844150272,116834304,2439872512
2026-07-08T22:10:02.362789,17006837760,16353968128,652869632,3.8,13937999872,1004191744,1844150272,116834304,2439872512
2026-07-08T22:10:03.363184,17006837760,16352935936,653901824,3.8,13936967680,1004191744,1844150272,116834304,2439872512
2026-07-08T22:10:04.363475,17006837760,16353656832,653180928,3.8,13937688576,1004191744,1844150272,116834304,2439888896
2026-07-08T22:10:05.363816,17006837760,16352919552,653918208,3.8,13936951296,1004191744,1844150272,116834304,2439888896
2026-07-08T22:10:06.364148,17006837760,16353394688,653443072,3.8,13937426432,1004191744,1844150272,116834304,2439888896
2026-07-08T22:10:07.364570,17006837760,16354115584,652722176,3.8,13938147328,1004191744,1844150272,116834304,2439888896
2026-07-08T22:10:08.365059,17006837760,16355344384,651493376,3.8,13939376128,1004191744,1844150272,116834304,2439888896
2026-07-08T22:10:09.365401,17006837760,16355393536,651444224,3.8,13939425280,1004191744,1844150272,116834304,2439888896
2026-07-08T22:10:10.365684,17006837760,16354672640,652165120,3.8,13938704384,1004191744,1844150272,116834304,2439888896
2026-07-08T22:10:11.366017,17006837760,16355655680,651182080,3.8,13939687424,1004191744,1844150272,116834304,2439888896
2026-07-08T22:10:12.366344,17006837760,16355885056,650952704,3.8,13939916800,1004191744,1844150272,116834304,2439888896
2026-07-08T22:10:13.366678,17006837760,16355901440,650936320,3.8,13939933184,1004191744,1844150272,116834304,2439888896
2026-07-08T22:10:14.367149,17006837760,16355246080,651591680,3.8,13939195904,1004535808,1844232192,116834304,2439888896
2026-07-08T22:10:15.367581,17006837760,16355737600,651100160,3.8,13939687424,1004535808,1844232192,116834304,2439888896
2026-07-08T22:10:16.367926,17006837760,16356687872,650149888,3.8,13940637696,1004535808,1844232192,116834304,2439905280
2026-07-08T22:10:17.368284,17006837760,16355704832,651132928,3.8,13939654656,1004535808,1844232192,116834304,2439905280
2026-07-08T22:10:18.368584,17006837760,16355442688,651395072,3.8,13939392512,1004535808,1844232192,116834304,2439905280
2026-07-08T22:10:19.368854,17006837760,16355442688,651395072,3.8,13939392512,1004535808,1844232192,116834304,2439905280
2026-07-08T22:10:20.369197,17006837760,16354459648,652378112,3.8,13938409472,1004535808,1844232192,116834304,2439905280
2026-07-08T22:10:21.369492,17006837760,16354705408,652132352,3.8,13938655232,1004535808,1844232192,116834304,2439905280
2026-07-08T22:10:22.369775,17006837760,16355442688,651395072,3.8,13939392512,1004535808,1844232192,116834304,2439905280
2026-07-08T22:10:23.370091,17006837760,16354705408,652132352,3.8,13938655232,1004535808,1844232192,116834304,2439905280
2026-07-08T22:10:24.370381,17006837760,16354705408,652132352,3.8,13938655232,1004535808,1844232192,116834304,2439905280
2026-07-08T22:10:25.370657,17006837760,16355852288,650985472,3.8,13939802112,1004535808,1844232192,116834304,2439905280
2026-07-08T22:10:26.370933,17006837760,16354934784,651902976,3.8,13938884608,1004535808,1844232192,116834304,2439905280
2026-07-08T22:10:27.371209,17006837760,16353476608,653361152,3.8,13937426432,1004535808,1844232192,116834304,2439921664
2026-07-08T22:10:28.371484,17006837760,16354197504,652640256,3.8,13938147328,1004535808,1844232192,116834304,2439921664
2026-07-08T22:10:29.371848,17006837760,16356638720,650199040,3.8,13940588544,1004535808,1844232192,116834304,2439921664
2026-07-08T22:10:30.372183,17006837760,16355901440,650936320,3.8,13939851264,1004535808,1844232192,116834304,2439921664
2026-07-08T22:10:31.372529,17006837760,16355672064,651165696,3.8,13939621888,1004535808,1844232192,116834304,2439921664
2026-07-08T22:10:32.372928,17006837760,16354197504,652640256,3.8,13938147328,1004535808,1844232192,116834304,2439921664
2026-07-08T22:10:33.373270,17006837760,16352706560,654131200,3.8,13936656384,1004535808,1844232192,116834304,2439921664
2026-07-08T22:10:34.373563,17006837760,16354426880,652410880,3.8,13938376704,1004535808,1844232192,116834304,2439921664
2026-07-08T22:10:35.373841,17006837760,16355639296,651198464,3.8,13939589120,1004535808,1844232192,116834304,2439921664
2026-07-08T22:10:36.374117,17006837760,16354836480,652001280,3.8,13938786304,1004535808,1844232192,116834304,2439921664
2026-07-08T22:10:37.374396,17006837760,16355409920,651427840,3.8,13939359744,1004535808,1844232192,116834304,2439921664
2026-07-08T22:10:38.374733,17006837760,16354410496,652427264,3.8,13938360320,1004535808,1844232192,116834304,2439921664
2026-07-08T22:10:39.375032,17006837760,16354705408,652132352,3.8,13938622464,1004535808,1844248576,116834304,2439954432
2026-07-08T22:10:40.375308,17006837760,16355950592,650887168,3.8,13939867648,1004535808,1844248576,116834304,2439954432
2026-07-08T22:10:41.375587,17006837760,16354443264,652394496,3.8,13938360320,1004535808,1844248576,116834304,2439954432
2026-07-08T22:10:42.375868,17006837760,16354607104,652230656,3.8,13938524160,1004535808,1844248576,116834304,2439954432
2026-07-08T22:10:43.376143,17006837760,16356130816,650706944,3.8,13940047872,1004535808,1844248576,116834304,2439954432
2026-07-08T22:10:44.376514,17006837760,16355180544,651657216,3.8,13939097600,1004535808,1844248576,116834304,2439954432
2026-07-08T22:10:45.376855,17006837760,16354410496,652427264,3.8,13938327552,1004552192,1844248576,116834304,2439954432
2026-07-08T22:10:46.377149,17006837760,16354410496,652427264,3.8,13938327552,1004552192,1844248576,116834304,2439954432
2026-07-08T22:10:47.377426,17006837760,16352673792,654163968,3.8,13936590848,1004552192,1844248576,116834304,2439954432
2026-07-08T22:10:48.377718,17006837760,16352935936,653901824,3.8,13936852992,1004552192,1844248576,116834304,2439954432
2026-07-08T22:10:49.377992,17006837760,16353935360,652902400,3.8,13937852416,1004552192,1844248576,116834304,2439954432
2026-07-08T22:10:50.378270,17006837760,16353918976,652918784,3.8,13937836032,1004568576,1844248576,116834304,2439970816
2026-07-08T22:10:51.378587,17006837760,16353443840,653393920,3.8,13937360896,1004568576,1844248576,116834304,2439970816
2026-07-08T22:10:52.380307,17006837760,16352641024,654196736,3.8,13936558080,1004568576,1844248576,116834304,2439970816
2026-07-08T22:10:53.380668,17006837760,16353148928,653688832,3.8,13937065984,1004568576,1844248576,116834304,2439970816
2026-07-08T22:10:54.380981,17006837760,16354951168,651886592,3.8,13938868224,1004568576,1844248576,116834304,2439970816
2026-07-08T22:10:55.381281,17006837760,16354344960,652492800,3.8,13938245632,1004584960,1844264960,116834304,2439970816
2026-07-08T22:10:56.381626,17006837760,16350904320,655933440,3.9,13934804992,1004584960,1844264960,116834304,2439970816
2026-07-08T22:10:57.381986,17006837760,16350658560,656179200,3.9,13934559232,1004584960,1844264960,116834304,2439970816
2026-07-08T22:10:58.382355,17006837760,16351625216,655212544,3.9,13935525888,1004584960,1844264960,116834304,2439970816
2026-07-08T22:10:59.382689,17006837760,16351723520,655114240,3.9,13935624192,1004584960,1844264960,116834304,2439970816
2026-07-08T22:11:00.383077,17006837760,16352215040,654622720,3.8,13936115712,1004584960,1844264960,116834304,2439970816
2026-07-08T22:11:01.383469,17006837760,16353116160,653721600,3.8,13937016832,1004584960,1844264960,116834304,2439987200
2026-07-08T22:11:02.383857,17006837760,16353591296,653246464,3.8,13937491968,1004584960,1844264960,116834304,2439987200
2026-07-08T22:11:03.384244,17006837760,16352837632,654000128,3.8,13936738304,1004584960,1844264960,116834304,2439987200
2026-07-08T22:11:04.384635,17006837760,16353312768,653524992,3.8,13937213440,1004584960,1844264960,116834304,2439987200
2026-07-08T22:11:05.385027,17006837760,16354770944,652066816,3.8,13938671616,1004584960,1844264960,116834304,2439987200
2026-07-08T22:11:06.385427,17006837760,16354279424,652558336,3.8,13938180096,1004584960,1844264960,116834304,2439987200
2026-07-08T22:11:07.385766,17006837760,16354295808,652541952,3.8,13938196480,1004584960,1844264960,116834304,2439987200
2026-07-08T22:11:08.386147,17006837760,16354754560,652083200,3.8,13938655232,1004584960,1844264960,116834304,2439987200
2026-07-08T22:11:09.386483,17006837760,16355721216,651116544,3.8,13939621888,1004584960,1844264960,116834304,2439987200
2026-07-08T22:11:10.386817,17006837760,16355950592,650887168,3.8,13939851264,1004584960,1844264960,116834304,2439987200
2026-07-08T22:11:11.387202,17006837760,16355475456,651362304,3.8,13939376128,1004584960,1844264960,116834304,2439987200
2026-07-08T22:11:12.387540,17006837760,16355737600,651100160,3.8,13939638272,1004584960,1844264960,116834304,2439987200
2026-07-08T22:11:13.387925,17006837760,16355721216,651116544,3.8,13939621888,1004584960,1844264960,116834304,2439987200
2026-07-08T22:11:14.388328,17006837760,16355475456,651362304,3.8,13939376128,1004584960,1844264960,116834304,2440003584
2026-07-08T22:11:15.389081,17006837760,16355246080,651591680,3.8,13939146752,1004584960,1844264960,116834304,2440003584
2026-07-08T22:11:16.389537,17006837760,16353755136,653082624,3.8,13937655808,1004584960,1844264960,116834304,2440003584
2026-07-08T22:11:17.393608,17006837760,16353492992,653344768,3.8,13937393664,1004584960,1844264960,116834304,2440003584
2026-07-08T22:11:18.393930,17006837760,16354738176,652099584,3.8,13938638848,1004584960,1844264960,116834304,2440003584
2026-07-08T22:11:19.394211,17006837760,16354230272,652607488,3.8,13938130944,1004584960,1844264960,116834304,2440003584
2026-07-08T22:11:20.394549,17006837760,16352575488,654262272,3.8,13936443392,1004584960,1844297728,116834304,2440003584
2026-07-08T22:11:21.394950,17006837760,16352804864,654032896,3.8,13936672768,1004584960,1844297728,116834304,2440003584
2026-07-08T22:11:22.395314,17006837760,16353263616,653574144,3.8,13937131520,1004584960,1844297728,116834304,2440003584
2026-07-08T22:11:23.395639,17006837760,16352509952,654327808,3.8,13936377856,1004584960,1844297728,116834304,2440019968
2026-07-08T22:11:24.395932,17006837760,16351526912,655310848,3.9,13935394816,1004584960,1844297728,116834304,2440019968
2026-07-08T22:11:25.396222,17006837760,16353853440,652984320,3.8,13937721344,1004584960,1844297728,116834304,2440019968
2026-07-08T22:11:26.396521,17006837760,16354803712,652034048,3.8,13938671616,1004584960,1844297728,116834304,2440019968
2026-07-08T22:11:27.396828,17006837760,16355475456,651362304,3.8,13939343360,1004584960,1844297728,116834304,2440019968
2026-07-08T22:11:28.397137,17006837760,16355229696,651608064,3.8,13939097600,1004584960,1844297728,116834304,2440019968
2026-07-08T22:11:29.397442,17006837760,16353755136,653082624,3.8,13937623040,1004584960,1844297728,116834304,2440019968
2026-07-08T22:11:30.397749,17006837760,16354902016,651935744,3.8,13938769920,1004584960,1844297728,116834304,2440019968
2026-07-08T22:11:31.398053,17006837760,16355934208,650903552,3.8,13939802112,1004584960,1844297728,116834304,2440019968
2026-07-08T22:11:32.398359,17006837760,16355426304,651411456,3.8,13939294208,1004584960,1844297728,116834304,2440019968
2026-07-08T22:11:33.398691,17006837760,16355672064,651165696,3.8,13939539968,1004584960,1844297728,116834304,2440019968
2026-07-08T22:11:34.399024,17006837760,16354951168,651886592,3.8,13938819072,1004584960,1844297728,116834304,2440019968
2026-07-08T22:11:35.399416,17006837760,16354705408,652132352,3.8,13938573312,1004584960,1844297728,116834304,2440036352
2026-07-08T22:11:36.399803,17006837760,16355704832,651132928,3.8,13939572736,1004584960,1844297728,116834304,2440036352
2026-07-08T22:11:37.400178,17006837760,16354721792,652115968,3.8,13938589696,1004584960,1844297728,116834304,2440036352
2026-07-08T22:11:38.400508,17006837760,16355442688,651395072,3.8,13939310592,1004584960,1844297728,116834304,2440036352
2026-07-08T22:11:39.400836,17006837760,16356163584,650674176,3.8,13940031488,1004584960,1844297728,116834304,2440036352
2026-07-08T22:11:40.401216,17006837760,16356655104,650182656,3.8,13940523008,1004584960,1844297728,116834304,2440036352
2026-07-08T22:11:41.401607,17006837760,16355917824,650919936,3.8,13939785728,1004584960,1844297728,116834304,2440036352
2026-07-08T22:11:42.401935,17006837760,16355672064,651165696,3.8,13939539968,1004584960,1844297728,116834304,2440036352
2026-07-08T22:11:43.405467,17006837760,16355901440,650936320,3.8,13939769344,1004584960,1844297728,116834304,2440036352
2026-07-08T22:11:44.405777,17006837760,16355393536,651444224,3.8,13939261440,1004584960,1844297728,116834304,2440036352
2026-07-08T22:11:45.406054,17006837760,16355377152,651460608,3.8,13939245056,1004584960,1844297728,116834304,2440036352
2026-07-08T22:11:46.406329,17006837760,16355164160,651673600,3.8,13939032064,1004584960,1844297728,116834304,2440052736
2026-07-08T22:11:47.406622,17006837760,16354672640,652165120,3.8,13938540544,1004584960,1844297728,116834304,2440052736
2026-07-08T22:11:48.406942,17006837760,16354639872,652197888,3.8,13938507776,1004584960,1844297728,116834304,2440052736
2026-07-08T22:11:49.407309,17006837760,16355835904,651001856,3.8,13939703808,1004584960,1844297728,116834304,2440052736
2026-07-08T22:11:50.407714,17006837760,16356556800,650280960,3.8,13940424704,1004584960,1844297728,116834304,2440052736
2026-07-08T22:11:51.408098,17006837760,16356360192,650477568,3.8,13940178944,1004847104,1844346880,116834304,2440052736
2026-07-08T22:11:52.408410,17006837760,16356114432,650723328,3.8,13939933184,1004847104,1844346880,116834304,2440052736
2026-07-08T22:11:53.408714,17006837760,16354689024,652148736,3.8,13938507776,1004847104,1844346880,116834304,2440052736
2026-07-08T22:11:54.409003,17006837760,16353460224,653377536,3.8,13937278976,1004847104,1844346880,116834304,2440052736
2026-07-08T22:11:55.409290,17006837760,16354181120,652656640,3.8,13937999872,1004847104,1844346880,116834304,2440052736
2026-07-08T22:11:56.409567,17006837760,16355180544,651657216,3.8,13938999296,1004847104,1844346880,116834304,2440052736
2026-07-08T22:11:57.409884,17006837760,16355180544,651657216,3.8,13938999296,1004847104,1844346880,116834304,2440052736
2026-07-08T22:11:58.412073,17006837760,16354197504,652640256,3.8,13938016256,1004847104,1844346880,116834304,2440069120
2026-07-08T22:11:59.412403,17006837760,16350756864,656080896,3.9,13934575616,1004847104,1844346880,116834304,2440069120
2026-07-08T22:12:00.412715,17006837760,16350511104,656326656,3.9,13934329856,1004847104,1844346880,116834304,2440069120
2026-07-08T22:12:01.413015,17006837760,16352509952,654327808,3.8,13936328704,1004847104,1844346880,116834304,2440069120
2026-07-08T22:12:02.413331,17006837760,16353263616,653574144,3.8,13937082368,1004847104,1844346880,116834304,2440069120
2026-07-08T22:12:03.413682,17006837760,16348102656,658735104,3.9,13931921408,1004847104,1844346880,116834304,2440069120
2026-07-08T22:12:04.414048,17006837760,16347791360,659046400,3.9,13931610112,1004847104,1844346880,116834304,2440069120
2026-07-08T22:12:05.414411,17006837760,16349511680,657326080,3.9,13933330432,1004847104,1844346880,116834304,2440069120
2026-07-08T22:12:06.414715,17006837760,16348676096,658161664,3.9,13932494848,1004847104,1844346880,116834304,2440069120
2026-07-08T22:12:07.414994,17006837760,16349872128,656965632,3.9,13933690880,1004847104,1844346880,116834304,2440069120
2026-07-08T22:12:08.415271,17006837760,16348905472,657932288,3.9,13932724224,1004847104,1844346880,116834304,2440069120
2026-07-08T22:12:09.415580,17006837760,16350560256,656277504,3.9,13934379008,1004847104,1844346880,116834304,2440069120
2026-07-08T22:12:10.415855,17006837760,16352870400,653967360,3.8,13936689152,1004847104,1844346880,116834304,2440085504
2026-07-08T22:12:11.416186,17006837760,16351641600,655196160,3.9,13935460352,1004847104,1844346880,116834304,2440085504
2026-07-08T22:12:12.416539,17006837760,16352133120,654704640,3.8,13935951872,1004847104,1844346880,116834304,2440085504
2026-07-08T22:12:13.416886,17006837760,16353525760,653312000,3.8,13937344512,1004847104,1844346880,116834304,2440085504
2026-07-08T22:12:14.417333,17006837760,16353280000,653557760,3.8,13937098752,1004847104,1844346880,116834304,2440085504
2026-07-08T22:12:15.417715,17006837760,16353296384,653541376,3.8,13937115136,1004847104,1844346880,116834304,2440085504
2026-07-08T22:12:16.418053,17006837760,16353034240,653803520,3.8,13936852992,1004847104,1844346880,116834304,2440085504
2026-07-08T22:12:17.418437,17006837760,16352804864,654032896,3.8,13936623616,1004847104,1844346880,116834304,2440085504
2026-07-08T22:12:18.418775,17006837760,16354590720,652247040,3.8,13938409472,1004847104,1844346880,116834304,2440085504
2026-07-08T22:12:19.419269,17006837760,16353345536,653492224,3.8,13937164288,1004847104,1844346880,116834304,2440085504
2026-07-08T22:12:20.419658,17006837760,16351870976,654966784,3.9,13935689728,1004847104,1844346880,116834304,2440085504
2026-07-08T22:12:21.419979,17006837760,16353837056,653000704,3.8,13937655808,1004847104,1844346880,116834304,2440085504
2026-07-08T22:12:22.420288,17006837760,16353591296,653246464,3.8,13937393664,1005092864,1844363264,116834304,2440101888
2026-07-08T22:12:23.420596,17006837760,16353591296,653246464,3.8,13937393664,1005092864,1844363264,116834304,2440101888
2026-07-08T22:12:24.420936,17006837760,16355065856,651771904,3.8,13938868224,1005092864,1844363264,116834304,2440101888
2026-07-08T22:12:25.421216,17006837760,16354934784,651902976,3.8,13938737152,1005092864,1844363264,116834304,2440101888
2026-07-08T22:12:26.421565,17006837760,16354934784,651902976,3.8,13938737152,1005092864,1844363264,116834304,2440101888
2026-07-08T22:12:27.423922,17006837760,16353968128,652869632,3.8,13937770496,1005092864,1844363264,116834304,2440101888
2026-07-08T22:12:28.424232,17006837760,16353722368,653115392,3.8,13937524736,1005092864,1844363264,116834304,2440101888
2026-07-08T22:12:29.424512,17006837760,16353968128,652869632,3.8,13937770496,1005092864,1844363264,116834304,2440101888
2026-07-08T22:12:30.424794,17006837760,16353968128,652869632,3.8,13937770496,1005092864,1844363264,116834304,2440101888
2026-07-08T22:12:31.425072,17006837760,16353722368,653115392,3.8,13937524736,1005092864,1844363264,116834304,2440101888
2026-07-08T22:12:32.425401,17006837760,16354344960,652492800,3.8,13938081792,1005322240,1844428800,116834304,2440101888
2026-07-08T22:12:33.425750,17006837760,16352870400,653967360,3.8,13936607232,1005322240,1844428800,116834304,2440101888
2026-07-08T22:12:34.426126,17006837760,16353099776,653737984,3.8,13936836608,1005322240,1844428800,116834304,2440118272
2026-07-08T22:12:35.426459,17006837760,16354377728,652460032,3.8,13938114560,1005322240,1844428800,116834304,2440118272
2026-07-08T22:12:36.426862,17006837760,16353640448,653197312,3.8,13937377280,1005322240,1844428800,116834304,2440118272
2026-07-08T22:12:37.427176,17006837760,16354230272,652607488,3.8,13937967104,1005322240,1844428800,116834304,2440118272
2026-07-08T22:12:38.427456,17006837760,16354459648,652378112,3.8,13938196480,1005322240,1844428800,116834304,2440118272
2026-07-08T22:12:39.427735,17006837760,16354394112,652443648,3.8,13938130944,1005322240,1844428800,116834304,2440118272
2026-07-08T22:12:40.428016,17006837760,16354803712,652034048,3.8,13938540544,1005322240,1844428800,116834304,2440118272
2026-07-08T22:12:41.428332,17006837760,16354803712,652034048,3.8,13938540544,1005322240,1844428800,116834304,2440118272
2026-07-08T22:12:42.428702,17006837760,16354557952,652279808,3.8,13938294784,1005322240,1844428800,116834304,2440118272
2026-07-08T22:12:43.429123,17006837760,16355278848,651558912,3.8,13939015680,1005322240,1844428800,116834304,2440118272
2026-07-08T22:12:44.429442,17006837760,16355508224,651329536,3.8,13939245056,1005322240,1844428800,116834304,2440118272
2026-07-08T22:12:45.429751,17006837760,16354754560,652083200,3.8,13938491392,1005322240,1844428800,116834304,2440134656
2026-07-08T22:12:46.430062,17006837760,16354754560,652083200,3.8,13938491392,1005322240,1844428800,116834304,2440134656
2026-07-08T22:12:47.430354,17006837760,16353280000,653557760,3.8,13937016832,1005322240,1844428800,116834304,2440134656
2026-07-08T22:12:48.430699,17006837760,16353001472,653836288,3.8,13936738304,1005322240,1844428800,116834304,2440134656
2026-07-08T22:12:49.431038,17006837760,16354934784,651902976,3.8,13938671616,1005322240,1844428800,116834304,2440134656
2026-07-08T22:12:50.431369,17006837760,16354983936,651853824,3.8,13938720768,1005322240,1844428800,116834304,2440134656
2026-07-08T22:12:51.431752,17006837760,16353509376,653328384,3.8,13937246208,1005322240,1844428800,116834304,2440134656
2026-07-08T22:12:52.433141,17006837760,16353771520,653066240,3.8,13937491968,1005322240,1844445184,116834304,2440134656
2026-07-08T22:12:53.433452,17006837760,16352264192,654573568,3.8,13935984640,1005322240,1844445184,116834304,2440134656
2026-07-08T22:12:54.433727,17006837760,16352739328,654098432,3.8,13936459776,1005322240,1844445184,116834304,2440134656
2026-07-08T22:12:55.434005,17006837760,16354934784,651902976,3.8,13938655232,1005322240,1844445184,116834304,2440134656
2026-07-08T22:12:56.434283,17006837760,16354721792,652115968,3.8,13938442240,1005322240,1844445184,116834304,2440151040
2026-07-08T22:12:57.434618,17006837760,16354967552,651870208,3.8,13938688000,1005322240,1844445184,116834304,2440151040
2026-07-08T22:12:58.435041,17006837760,16355196928,651640832,3.8,13938917376,1005322240,1844445184,116834304,2440151040
2026-07-08T22:12:59.435392,17006837760,16354213888,652623872,3.8,13937934336,1005322240,1844445184,116834304,2440151040
2026-07-08T22:13:00.435784,17006837760,16353525760,653312000,3.8,13937246208,1005322240,1844445184,116834304,2440151040
2026-07-08T22:13:01.436316,17006837760,16353247232,653590528,3.8,13936967680,1005322240,1844445184,116834304,2440151040
2026-07-08T22:13:02.436703,17006837760,16353247232,653590528,3.8,13936967680,1005322240,1844445184,116834304,2440151040
2026-07-08T22:13:03.436980,17006837760,16353738752,653099008,3.8,13937459200,1005322240,1844445184,116834304,2440151040
2026-07-08T22:13:04.437274,17006837760,16355655680,651182080,3.8,13939376128,1005322240,1844445184,116834304,2440151040
2026-07-08T22:13:05.437593,17006837760,16352182272,654655488,3.8,13935902720,1005322240,1844445184,116834304,2440151040
2026-07-08T22:13:06.437980,17006837760,16351444992,655392768,3.9,13935165440,1005322240,1844445184,116834304,2440167424
2026-07-08T22:13:07.438314,17006837760,16353083392,653754368,3.8,13936803840,1005322240,1844445184,116834304,2440167424
2026-07-08T22:13:08.438734,17006837760,16353542144,653295616,3.8,13937229824,1005584384,1844477952,116834304,2440167424
2026-07-08T22:13:09.441385,17006837760,16351821824,655015936,3.9,13935509504,1005584384,1844477952,116834304,2440167424
2026-07-08T22:13:10.441694,17006837760,16350642176,656195584,3.9,13934329856,1005584384,1844477952,116834304,2440167424
2026-07-08T22:13:11.442013,17006837760,16350543872,656293888,3.9,13934231552,1005584384,1844477952,116834304,2440167424
2026-07-08T22:13:12.442299,17006837760,16351821824,655015936,3.9,13935509504,1005584384,1844477952,116834304,2440167424
2026-07-08T22:13:13.442584,17006837760,16352067584,654770176,3.9,13935755264,1005584384,1844477952,116834304,2440167424
2026-07-08T22:13:14.445485,17006837760,16350593024,656244736,3.9,13934280704,1005584384,1844477952,116834304,2440167424
2026-07-08T22:13:15.445860,17006837760,16352116736,654721024,3.8,13935804416,1005584384,1844477952,116834304,2440167424
2026-07-08T22:13:16.446176,17006837760,16352837632,654000128,3.8,13936525312,1005584384,1844477952,116834304,2440167424
2026-07-08T22:13:17.446454,17006837760,16352591872,654245888,3.8,13936279552,1005584384,1844477952,116834304,2440183808
2026-07-08T22:13:18.446732,17006837760,16353509376,653328384,3.8,13937197056,1005584384,1844477952,116834304,2440183808
2026-07-08T22:13:19.447009,17006837760,16353837056,653000704,3.8,13937524736,1005584384,1844477952,116834304,2440183808
2026-07-08T22:13:20.447330,17006837760,16351870976,654966784,3.9,13935558656,1005584384,1844477952,116834304,2440183808
2026-07-08T22:13:21.447777,17006837760,16353329152,653508608,3.8,13937016832,1005584384,1844477952,116834304,2440183808
2026-07-08T22:13:22.448142,17006837760,16354017280,652820480,3.8,13937704960,1005584384,1844477952,116834304,2440183808
2026-07-08T22:13:23.448487,17006837760,16353050624,653787136,3.8,13936721920,1005600768,1844494336,116834304,2440183808
2026-07-08T22:13:24.448826,17006837760,16353067008,653770752,3.8,13936738304,1005600768,1844494336,116834304,2440183808
2026-07-08T22:13:25.449161,17006837760,16354967552,651870208,3.8,13938638848,1005600768,1844494336,116834304,2440183808
2026-07-08T22:13:26.449532,17006837760,16353247232,653590528,3.8,13936918528,1005600768,1844494336,116834304,2440183808
2026-07-08T22:13:27.449897,17006837760,16353542144,653295616,3.8,13937213440,1005600768,1844494336,116834304,2440183808
2026-07-08T22:13:28.450351,17006837760,16352624640,654213120,3.8,13936295936,1005600768,1844494336,116834304,2440183808
2026-07-08T22:13:29.450687,17006837760,16351887360,654950400,3.9,13935558656,1005600768,1844494336,116834304,2440200192
2026-07-08T22:13:30.451025,17006837760,16352624640,654213120,3.8,13936295936,1005600768,1844494336,116834304,2440200192
2026-07-08T22:13:31.451359,17006837760,16354557952,652279808,3.8,13938229248,1005600768,1844494336,116834304,2440200192
2026-07-08T22:13:32.453480,17006837760,16354312192,652525568,3.8,13937983488,1005600768,1844494336,116834304,2440200192
2026-07-08T22:13:33.453755,17006837760,16354557952,652279808,3.8,13938229248,1005600768,1844494336,116834304,2440200192
2026-07-08T22:13:34.454035,17006837760,16353607680,653230080,3.8,13937278976,1005600768,1844494336,116834304,2440200192
2026-07-08T22:13:35.454316,17006837760,16349184000,657653760,3.9,13932855296,1005600768,1844494336,116834304,2440200192
2026-07-08T22:13:36.454596,17006837760,16349675520,657162240,3.9,13933346816,1005600768,1844494336,116834304,2440200192
2026-07-08T22:13:37.454928,17006837760,16352133120,654704640,3.8,13935804416,1005600768,1844494336,116834304,2440200192
2026-07-08T22:13:38.455225,17006837760,16348446720,658391040,3.9,13932118016,1005600768,1844494336,116834304,2440200192
2026-07-08T22:13:39.455504,17006837760,16348577792,658259968,3.9,13932249088,1005600768,1844494336,116834304,2440200192
2026-07-08T22:13:40.455792,17006837760,16348594176,658243584,3.9,13932265472,1005600768,1844494336,116834304,2440216576
2026-07-08T22:13:41.456089,17006837760,16348151808,658685952,3.9,13931823104,1005600768,1844494336,116834304,2440216576
2026-07-08T22:13:42.456373,17006837760,16348397568,658440192,3.9,13932068864,1005600768,1844494336,116834304,2440216576
2026-07-08T22:13:43.456715,17006837760,16349315072,657522688,3.9,13932986368,1005600768,1844494336,116834304,2440216576
2026-07-08T22:13:44.457058,17006837760,16348758016,658079744,3.9,13932429312,1005600768,1844494336,116834304,2440216576
2026-07-08T22:13:45.457426,17006837760,16349528064,657309696,3.9,13933199360,1005600768,1844494336,116834304,2440216576
2026-07-08T22:13:46.457774,17006837760,16351117312,655720448,3.9,13934788608,1005600768,1844494336,116834304,2440216576
2026-07-08T22:13:47.458114,17006837760,16351281152,655556608,3.9,13934952448,1005600768,1844494336,116834304,2440216576
2026-07-08T22:13:48.458411,17006837760,16351674368,655163392,3.9,13935345664,1005600768,1844494336,116834304,2440216576
2026-07-08T22:13:49.458692,17006837760,16351461376,655376384,3.9,13935132672,1005600768,1844494336,116834304,2440216576
2026-07-08T22:13:50.458973,17006837760,16347136000,659701760,3.9,13930807296,1005600768,1844494336,116834304,2440232960
2026-07-08T22:13:51.459253,17006837760,16348872704,657965056,3.9,13932544000,1005600768,1844494336,116834304,2440232960
2026-07-08T22:13:52.459535,17006837760,16348872704,657965056,3.9,13932544000,1005600768,1844494336,116834304,2440232960
2026-07-08T22:13:53.459821,17006837760,16349036544,657801216,3.9,13932707840,1005600768,1844494336,116834304,2440232960
2026-07-08T22:13:54.460106,17006837760,16350543872,656293888,3.9,13934215168,1005600768,1844494336,116834304,2440232960
2026-07-08T22:13:55.460383,17006837760,16350609408,656228352,3.9,13934280704,1005600768,1844494336,116834304,2440232960
2026-07-08T22:13:56.460660,17006837760,16351363072,655474688,3.9,13935034368,1005600768,1844494336,116834304,2440232960
2026-07-08T22:13:57.460942,17006837760,16352083968,654753792,3.8,13935755264,1005600768,1844494336,116834304,2440232960
2026-07-08T22:13:58.461293,17006837760,16352313344,654524416,3.8,13935984640,1005600768,1844494336,116834304,2440232960
2026-07-08T22:13:59.461651,17006837760,16352542720,654295040,3.8,13936214016,1005600768,1844494336,116834304,2440232960
2026-07-08T22:14:00.462011,17006837760,16352641024,654196736,3.8,13936312320,1005600768,1844494336,116834304,2440249344
2026-07-08T22:14:01.462378,17006837760,16352870400,653967360,3.8,13936541696,1005600768,1844494336,116834304,2440249344
2026-07-08T22:14:02.462730,17006837760,16353116160,653721600,3.8,13936787456,1005600768,1844494336,116834304,2440249344
2026-07-08T22:14:03.463082,17006837760,16351002624,655835136,3.9,13934673920,1005600768,1844494336,116834304,2440249344
2026-07-08T22:14:04.463447,17006837760,16351068160,655769600,3.9,13934739456,1005600768,1844494336,116834304,2440249344
2026-07-08T22:14:05.463818,17006837760,16353755136,653082624,3.8,13937426432,1005600768,1844494336,116834304,2440249344
2026-07-08T22:14:06.464183,17006837760,16353017856,653819904,3.8,13936689152,1005600768,1844494336,116834304,2440249344
2026-07-08T22:14:07.464541,17006837760,16353017856,653819904,3.8,13936689152,1005600768,1844494336,116834304,2440249344
2026-07-08T22:14:08.464883,17006837760,16353460224,653377536,3.8,13937131520,1005600768,1844494336,116834304,2440249344
2026-07-08T22:14:09.465223,17006837760,16351264768,655572992,3.9,13934936064,1005600768,1844494336,116834304,2440249344
2026-07-08T22:14:10.465601,17006837760,16352509952,654327808,3.8,13936181248,1005600768,1844494336,116834304,2440249344
2026-07-08T22:14:11.465913,17006837760,16352772096,654065664,3.8,13936443392,1005600768,1844494336,116834304,2440249344
2026-07-08T22:14:12.466198,17006837760,16352280576,654557184,3.8,13935951872,1005600768,1844494336,116834304,2440265728
2026-07-08T22:14:13.466485,17006837760,16352591872,654245888,3.8,13936263168,1005600768,1844494336,116834304,2440265728
2026-07-08T22:14:14.466764,17006837760,16354295808,652541952,3.8,13937967104,1005600768,1844494336,116834304,2440265728
2026-07-08T22:14:15.467043,17006837760,16355278848,651558912,3.8,13938950144,1005600768,1844494336,116834304,2440265728
2026-07-08T22:14:16.467335,17006837760,16354541568,652296192,3.8,13938212864,1005600768,1844494336,116834304,2440265728
2026-07-08T22:14:17.467621,17006837760,16353329152,653508608,3.8,13937000448,1005600768,1844494336,116834304,2440265728
2026-07-08T22:14:18.467909,17006837760,16352591872,654245888,3.8,13936263168,1005600768,1844494336,116834304,2440265728
2026-07-08T22:14:19.468192,17006837760,16353591296,653246464,3.8,13937262592,1005600768,1844494336,116834304,2440265728
2026-07-08T22:14:20.468475,17006837760,16351870976,654966784,3.9,13935542272,1005600768,1844494336,116834304,2440265728
2026-07-08T22:14:21.468807,17006837760,16353099776,653737984,3.8,13936771072,1005600768,1844494336,116834304,2440265728
2026-07-08T22:14:22.469148,17006837760,16353345536,653492224,3.8,13937016832,1005600768,1844494336,116834304,2440265728
2026-07-08T22:14:23.469508,17006837760,16352854016,653983744,3.8,13936525312,1005600768,1844494336,116834304,2440282112
2026-07-08T22:14:24.469850,17006837760,16353361920,653475840,3.8,13937033216,1005600768,1844494336,116834304,2440282112
2026-07-08T22:14:25.470188,17006837760,16353968128,652869632,3.8,13937573888,1005633536,1844559872,116834304,2440282112
2026-07-08T22:14:26.470553,17006837760,16352755712,654082048,3.8,13936345088,1005633536,1844559872,116834304,2440298496
2026-07-08T22:14:27.470910,17006837760,16352247808,654589952,3.8,13935837184,1005633536,1844559872,116834304,2440298496
2026-07-08T22:14:28.471242,17006837760,16351510528,655327232,3.9,13935099904,1005633536,1844559872,116834304,2440298496
2026-07-08T22:14:29.471549,17006837760,16351756288,655081472,3.9,13935345664,1005633536,1844559872,116834304,2440298496
2026-07-08T22:14:30.471893,17006837760,16352313344,654524416,3.8,13935853568,1005633536,1844609024,116834304,2440298496
2026-07-08T22:14:31.472240,17006837760,16353460224,653377536,3.8,13937000448,1005633536,1844609024,116834304,2440298496
2026-07-08T22:14:32.472516,17006837760,16354443264,652394496,3.8,13937983488,1005633536,1844609024,116834304,2440298496
2026-07-08T22:14:33.472856,17006837760,16354181120,652656640,3.8,13937721344,1005633536,1844609024,116834304,2440298496
2026-07-08T22:14:34.473157,17006837760,16353460224,653377536,3.8,13937000448,1005633536,1844609024,116834304,2440298496
2026-07-08T22:14:35.473510,17006837760,16353705984,653131776,3.8,13937246208,1005633536,1844609024,116834304,2440314880
2026-07-08T22:14:36.473786,17006837760,16353722368,653115392,3.8,13937262592,1005633536,1844609024,116834304,2440314880
2026-07-08T22:14:37.474083,17006837760,16353214464,653623296,3.8,13936754688,1005633536,1844609024,116834304,2440314880
2026-07-08T22:14:38.474384,17006837760,16354197504,652640256,3.8,13937737728,1005633536,1844609024,116834304,2440314880
2026-07-08T22:14:39.474710,17006837760,16354934784,651902976,3.8,13938475008,1005633536,1844609024,116834304,2440314880
2026-07-08T22:14:40.475017,17006837760,16353705984,653131776,3.8,13937246208,1005633536,1844609024,116834304,2440314880
2026-07-08T22:14:41.475362,17006837760,16353460224,653377536,3.8,13937000448,1005633536,1844609024,116834304,2440314880
2026-07-08T22:14:42.475754,17006837760,16353689600,653148160,3.8,13937229824,1005633536,1844609024,116834304,2440314880
2026-07-08T22:14:43.476033,17006837760,16353640448,653197312,3.8,13937180672,1005633536,1844609024,116834304,2440314880
2026-07-08T22:14:44.476307,17006837760,16353886208,652951552,3.8,13937426432,1005633536,1844609024,116834304,2440314880
2026-07-08T22:14:45.476626,17006837760,16354099200,652738560,3.8,13937639424,1005633536,1844609024,116834304,2440314880
2026-07-08T22:14:46.476964,17006837760,16351641600,655196160,3.9,13935181824,1005633536,1844609024,116834304,2440331264
2026-07-08T22:14:47.477336,17006837760,16351641600,655196160,3.9,13935181824,1005633536,1844609024,116834304,2440331264
2026-07-08T22:14:48.477679,17006837760,16351887360,654950400,3.9,13935427584,1005633536,1844609024,116834304,2440331264
2026-07-08T22:14:49.477979,17006837760,16353116160,653721600,3.8,13936656384,1005633536,1844609024,116834304,2440331264
2026-07-08T22:14:50.478257,17006837760,16352624640,654213120,3.8,13936164864,1005633536,1844609024,116834304,2440331264
2026-07-08T22:14:51.478536,17006837760,16351412224,655425536,3.9,13934952448,1005633536,1844609024,116834304,2440331264
2026-07-08T22:14:52.478893,17006837760,16352149504,654688256,3.8,13935689728,1005633536,1844609024,116834304,2440331264
2026-07-08T22:14:53.479293,17006837760,16354525184,652312576,3.8,13938065408,1005633536,1844609024,116834304,2440331264
2026-07-08T22:14:54.480462,17006837760,16354525184,652312576,3.8,13938065408,1005633536,1844609024,116834304,2440331264
2026-07-08T22:14:55.480770,17006837760,16353804288,653033472,3.8,13937328128,1005649920,1844625408,116834304,2440331264
2026-07-08T22:14:56.481056,17006837760,16354623488,652214272,3.8,13938147328,1005649920,1844625408,116834304,2440331264
2026-07-08T22:14:57.481358,17006837760,16353869824,652967936,3.8,13937393664,1005649920,1844625408,116834304,2440347648
2026-07-08T22:14:58.481654,17006837760,16351395840,655441920,3.9,13934919680,1005649920,1844625408,116834304,2440347648
2026-07-08T22:14:59.481988,17006837760,16351313920,655523840,3.9,13934837760,1005649920,1844625408,116834304,2440347648
2026-07-08T22:15:00.482280,17006837760,16352296960,654540800,3.8,13935820800,1005649920,1844625408,116834304,2440347648
2026-07-08T22:15:01.482561,17006837760,16351870976,654966784,3.9,13935394816,1005649920,1844625408,116834304,2440347648
2026-07-08T22:15:02.482907,17006837760,16351625216,655212544,3.9,13935149056,1005649920,1844625408,116834304,2440347648
2026-07-08T22:15:03.483185,17006837760,16351854592,654983168,3.9,13935378432,1005649920,1844625408,116834304,2440347648
2026-07-08T22:15:04.483524,17006837760,16352608256,654229504,3.8,13936132096,1005649920,1844625408,116834304,2440347648
2026-07-08T22:15:05.483885,17006837760,16352821248,654016512,3.8,13936345088,1005649920,1844625408,116834304,2440347648
2026-07-08T22:15:06.484165,17006837760,16352821248,654016512,3.8,13936328704,1005715456,1844641792,116834304,2440347648
2026-07-08T22:15:07.484459,17006837760,16352575488,654262272,3.8,13936082944,1005715456,1844641792,116834304,2440364032
2026-07-08T22:15:08.484767,17006837760,16354525184,652312576,3.8,13938032640,1005715456,1844641792,116834304,2440364032
2026-07-08T22:15:09.485073,17006837760,16354770944,652066816,3.8,13938278400,1005715456,1844641792,116834304,2440364032
2026-07-08T22:15:10.485475,17006837760,16354263040,652574720,3.8,13937770496,1005715456,1844641792,116834304,2440364032
2026-07-08T22:15:11.485858,17006837760,16354787328,652050432,3.8,13938294784,1005715456,1844641792,116834304,2440364032
2026-07-08T22:15:12.486222,17006837760,16353804288,653033472,3.8,13937311744,1005715456,1844641792,116834304,2440364032
2026-07-08T22:15:13.486658,17006837760,16354312192,652525568,3.8,13937819648,1005715456,1844641792,116834304,2440364032
2026-07-08T22:15:14.486961,17006837760,16354508800,652328960,3.8,13938016256,1005715456,1844641792,116834304,2440364032
2026-07-08T22:15:15.487249,17006837760,16346185728,660652032,3.9,13929660416,1006190592,1844674560,116834304,2440364032
2026-07-08T22:15:16.487545,17006837760,16342499328,664338432,3.9,13925974016,1006190592,1844674560,116834304,2440364032
2026-07-08T22:15:17.487955,17006837760,16342974464,663863296,3.9,13926449152,1006190592,1844674560,116834304,2440364032
2026-07-08T22:15:18.488264,17006837760,16344055808,662781952,3.9,13927530496,1006190592,1844674560,116834304,2440380416
2026-07-08T22:15:19.488710,17006837760,16346021888,660815872,3.9,13929496576,1006190592,1844674560,116834304,2440380416
2026-07-08T22:15:20.489055,17006837760,16345022464,661815296,3.9,13928497152,1006190592,1844674560,116834304,2440380416
2026-07-08T22:15:21.489411,17006837760,16347365376,659472384,3.9,13930840064,1006190592,1844674560,116834304,2440380416
2026-07-08T22:15:22.489762,17006837760,16346693632,660144128,3.9,13930168320,1006190592,1844674560,116834304,2440380416
2026-07-08T22:15:23.490177,17006837760,16345415680,661422080,3.9,13928890368,1006190592,1844674560,116834304,2440380416
2026-07-08T22:15:24.490456,17006837760,16346152960,660684800,3.9,13929627648,1006190592,1844674560,116834304,2440380416
2026-07-08T22:15:25.490821,17006837760,16347152384,659685376,3.9,13930627072,1006190592,1844674560,116834304,2440380416
2026-07-08T22:15:26.491107,17006837760,16346447872,660389888,3.9,13929889792,1006256128,1844707328,116834304,2440380416
2026-07-08T22:15:27.491390,17006837760,16346677248,660160512,3.9,13930119168,1006256128,1844707328,116834304,2440380416
2026-07-08T22:15:28.491735,17006837760,16349626368,657211392,3.9,13933068288,1006256128,1844707328,116834304,2440380416
2026-07-08T22:15:29.492177,17006837760,16349134848,657702912,3.9,13932576768,1006256128,1844707328,116834304,2440396800
2026-07-08T22:15:30.492540,17006837760,16349134848,657702912,3.9,13932576768,1006256128,1844707328,116834304,2440396800
2026-07-08T22:15:31.492880,17006837760,16350576640,656261120,3.9,13934018560,1006256128,1844707328,116834304,2440396800
2026-07-08T22:15:32.493338,17006837760,16351936512,654901248,3.9,13935378432,1006256128,1844707328,116834304,2440396800
2026-07-08T22:15:33.493712,17006837760,16348987392,657850368,3.9,13932429312,1006256128,1844707328,116834304,2440396800
2026-07-08T22:15:34.494065,17006837760,16349233152,657604608,3.9,13932675072,1006256128,1844707328,116834304,2440396800
2026-07-08T22:15:35.494415,17006837760,16351248384,655589376,3.9,13934690304,1006256128,1844707328,116834304,2440396800
2026-07-08T22:15:36.494788,17006837760,16350052352,656785408,3.9,13933477888,1006288896,1844723712,116834304,2440396800
2026-07-08T22:15:37.495103,17006837760,16348610560,658227200,3.9,13932036096,1006288896,1844723712,116834304,2440396800
2026-07-08T22:15:38.495438,17006837760,16350576640,656261120,3.9,13934002176,1006288896,1844723712,116834304,2440396800
2026-07-08T22:15:39.495794,17006837760,16349315072,657522688,3.9,13932740608,1006288896,1844723712,116834304,2440396800
2026-07-08T22:15:40.496136,17006837760,16348594176,658243584,3.9,13932019712,1006288896,1844723712,116834304,2440413184
2026-07-08T22:15:41.496487,17006837760,16349380608,657457152,3.9,13932806144,1006288896,1844723712,116834304,2440413184
2026-07-08T22:15:42.496850,17006837760,16350347264,656490496,3.9,13933772800,1006288896,1844723712,116834304,2440413184
2026-07-08T22:15:43.497228,17006837760,16350822400,656015360,3.9,13934247936,1006288896,1844723712,116834304,2440413184
2026-07-08T22:15:44.497604,17006837760,16350347264,656490496,3.9,13933772800,1006288896,1844723712,116834304,2440413184
2026-07-08T22:15:45.497927,17006837760,16351379456,655458304,3.9,13934804992,1006288896,1844723712,116834304,2440413184
2026-07-08T22:15:46.498236,17006837760,16350855168,655982592,3.9,13934280704,1006288896,1844723712,116834304,2440413184
2026-07-08T22:15:47.498550,17006837760,16350347264,656490496,3.9,13933772800,1006288896,1844723712,116834304,2440413184
2026-07-08T22:15:48.498854,17006837760,16349855744,656982016,3.9,13933281280,1006288896,1844723712,116834304,2440413184
2026-07-08T22:15:49.499156,17006837760,16351117312,655720448,3.9,13934542848,1006288896,1844723712,116834304,2440413184
2026-07-08T22:15:50.499522,17006837760,16352559104,654278656,3.8,13935984640,1006288896,1844723712,116834304,2440413184
2026-07-08T22:15:51.499842,17006837760,16352952320,653885440,3.8,13936377856,1006288896,1844723712,116834304,2440413184
2026-07-08T22:15:52.500163,17006837760,16350986240,655851520,3.9,13934411776,1006288896,1844723712,116834304,2440429568
2026-07-08T22:15:53.500453,17006837760,16351625216,655212544,3.9,13935034368,1006780416,1844740096,116834304,2440429568
2026-07-08T22:15:54.500734,17006837760,16350642176,656195584,3.9,13934051328,1006780416,1844740096,116834304,2440429568
2026-07-08T22:15:55.501010,17006837760,16352346112,654491648,3.8,13935755264,1006780416,1844740096,116834304,2440429568
2026-07-08T22:15:56.501371,17006837760,16352067584,654770176,3.9,13935476736,1006780416,1844740096,116834304,2440429568
2026-07-08T22:15:57.501737,17006837760,16350052352,656785408,3.9,13933461504,1006829568,1844740096,116834304,2440429568
2026-07-08T22:15:58.502099,17006837760,16350281728,656556032,3.9,13933690880,1006829568,1844740096,116834304,2440429568
2026-07-08T22:15:59.502459,17006837760,16352231424,654606336,3.8,13935640576,1006829568,1844740096,116834304,2440429568
2026-07-08T22:16:00.502818,17006837760,16350756864,656080896,3.9,13934166016,1006829568,1844740096,116834304,2440429568
2026-07-08T22:16:01.503129,17006837760,16351494144,655343616,3.9,13934903296,1006829568,1844740096,116834304,2440429568
2026-07-08T22:16:02.503404,17006837760,16353460224,653377536,3.8,13936869376,1006829568,1844740096,116834304,2440429568
2026-07-08T22:16:03.503685,17006837760,16351969280,654868480,3.9,13935378432,1006829568,1844740096,116834304,2440445952
2026-07-08T22:16:04.504015,17006837760,16351723520,655114240,3.9,13935132672,1006829568,1844740096,116834304,2440445952
2026-07-08T22:16:05.504296,17006837760,16352477184,654360576,3.8,13935886336,1006829568,1844740096,116834304,2440445952
2026-07-08T22:16:06.504640,17006837760,16352231424,654606336,3.8,13935640576,1006829568,1844740096,116834304,2440445952
2026-07-08T22:16:07.504975,17006837760,16352985088,653852672,3.8,13936377856,1006829568,1844756480,116834304,2440445952
2026-07-08T22:16:08.505383,17006837760,16352739328,654098432,3.8,13936132096,1006829568,1844756480,116834304,2440445952
2026-07-08T22:16:09.505734,17006837760,16351756288,655081472,3.9,13935149056,1006829568,1844756480,116834304,2440445952
2026-07-08T22:16:10.506079,17006837760,16352952320,653885440,3.8,13936345088,1006829568,1844756480,116834304,2440445952
2026-07-08T22:16:11.506421,17006837760,16352952320,653885440,3.8,13936345088,1006829568,1844756480,116834304,2440445952
2026-07-08T22:16:12.506708,17006837760,16353181696,653656064,3.8,13936574464,1006829568,1844756480,116834304,2440445952
2026-07-08T22:16:13.507060,17006837760,16350740480,656097280,3.9,13934133248,1006829568,1844756480,116834304,2440445952
2026-07-08T22:16:14.507449,17006837760,16349757440,657080320,3.9,13933150208,1006829568,1844756480,116834304,2440462336
2026-07-08T22:16:15.507827,17006837760,16351461376,655376384,3.9,13934854144,1006829568,1844756480,116834304,2440462336
2026-07-08T22:16:16.508175,17006837760,16350969856,655867904,3.9,13934362624,1006829568,1844756480,116834304,2440462336
2026-07-08T22:16:17.508610,17006837760,16349741056,657096704,3.9,13933133824,1006829568,1844756480,116834304,2440462336
2026-07-08T22:16:18.508971,17006837760,16350724096,656113664,3.9,13934116864,1006829568,1844756480,116834304,2440462336
2026-07-08T22:16:19.509356,17006837760,16351215616,655622144,3.9,13934608384,1006829568,1844756480,116834304,2440462336
2026-07-08T22:16:20.509666,17006837760,16349495296,657342464,3.9,13932888064,1006829568,1844756480,116834304,2440462336
2026-07-08T22:16:21.509944,17006837760,16348758016,658079744,3.9,13932150784,1006829568,1844756480,116834304,2440462336
2026-07-08T22:16:22.510236,17006837760,16349446144,657391616,3.9,13932838912,1006829568,1844756480,116834304,2440462336
2026-07-08T22:16:23.510545,17006837760,16349446144,657391616,3.9,13932838912,1006829568,1844756480,116834304,2440462336
2026-07-08T22:16:24.510848,17006837760,16350625792,656211968,3.9,13934018560,1006829568,1844756480,116834304,2440462336
2026-07-08T22:16:25.511207,17006837760,16350658560,656179200,3.9,13934051328,1006829568,1844756480,116834304,2440478720
2026-07-08T22:16:26.511584,17006837760,16351870976,654966784,3.9,13935263744,1006829568,1844756480,116834304,2440478720
2026-07-08T22:16:27.511948,17006837760,16352608256,654229504,3.8,13936001024,1006878720,1844756480,116834304,2440478720
2026-07-08T22:16:28.512267,17006837760,16352116736,654721024,3.8,13935509504,1006878720,1844756480,116834304,2440478720
2026-07-08T22:16:29.512566,17006837760,16351133696,655704064,3.9,13934526464,1006878720,1844756480,116834304,2440478720
2026-07-08T22:16:30.512861,17006837760,16351657984,655179776,3.9,13935050752,1006878720,1844756480,116834304,2440478720
2026-07-08T22:16:31.513132,17006837760,16353067008,653770752,3.8,13936459776,1006878720,1844756480,116834304,2440478720
2026-07-08T22:16:32.513398,17006837760,16353312768,653524992,3.8,13936705536,1006878720,1844756480,116834304,2440478720
2026-07-08T22:16:33.513734,17006837760,16353050624,653787136,3.8,13936443392,1006878720,1844756480,116834304,2440478720
2026-07-08T22:16:34.514100,17006837760,16350347264,656490496,3.9,13933740032,1006878720,1844756480,116834304,2440478720
2026-07-08T22:16:35.514404,17006837760,16350101504,656736256,3.9,13933494272,1006878720,1844756480,116834304,2440495104
2026-07-08T22:16:36.514678,17006837760,16351985664,654852096,3.9,13935378432,1006878720,1844756480,116834304,2440495104
2026-07-08T22:16:37.514955,17006837760,16351379456,655458304,3.9,13934772224,1006878720,1844756480,116834304,2440495104
2026-07-08T22:16:38.515228,17006837760,16351379456,655458304,3.9,13934772224,1006878720,1844756480,116834304,2440495104
2026-07-08T22:16:39.515509,17006837760,16351608832,655228928,3.9,13935001600,1006878720,1844756480,116834304,2440495104
2026-07-08T22:16:40.515802,17006837760,16350134272,656703488,3.9,13933527040,1006878720,1844756480,116834304,2440495104
2026-07-08T22:16:41.516073,17006837760,16350363648,656474112,3.9,13933756416,1006878720,1844756480,116834304,2440495104
2026-07-08T22:16:42.516361,17006837760,16351297536,655540224,3.9,13934690304,1006878720,1844756480,116834304,2440495104
2026-07-08T22:16:43.516639,17006837760,16350855168,655982592,3.9,13934198784,1006878720,1844805632,116834304,2440495104
2026-07-08T22:16:44.517512,17006837760,16350855168,655982592,3.9,13934198784,1006878720,1844805632,116834304,2440495104
2026-07-08T22:16:45.517996,17006837760,16352083968,654753792,3.8,13935427584,1006878720,1844805632,116834304,2440511488
2026-07-08T22:16:46.518283,17006837760,16352116736,654721024,3.8,13935460352,1006878720,1844805632,116834304,2440511488
2026-07-08T22:16:47.518553,17006837760,16351100928,655736832,3.9,13934444544,1006878720,1844805632,116834304,2440511488
2026-07-08T22:16:48.518835,17006837760,16351330304,655507456,3.9,13934673920,1006878720,1844805632,116834304,2440511488
2026-07-08T22:16:49.519732,17006837760,16352313344,654524416,3.8,13935656960,1006878720,1844805632,116834304,2440511488
2026-07-08T22:16:50.520404,17006837760,16349118464,657719296,3.9,13932462080,1006878720,1844805632,116834304,2440511488
2026-07-08T22:16:51.520771,17006837760,16348135424,658702336,3.9,13931479040,1006878720,1844805632,116834304,2440511488
2026-07-08T22:16:52.521064,17006837760,16348610560,658227200,3.9,13931954176,1006878720,1844805632,116834304,2440511488
2026-07-08T22:16:53.521484,17006837760,16348758016,658079744,3.9,13932101632,1006878720,1844805632,116834304,2440511488
2026-07-08T22:16:54.521883,17006837760,16349511680,657326080,3.9,13932855296,1006878720,1844805632,116834304,2440527872
2026-07-08T22:16:55.523340,17006837760,16349511680,657326080,3.9,13932855296,1006878720,1844805632,116834304,2440527872
2026-07-08T22:16:56.523681,17006837760,16350085120,656752640,3.9,13933428736,1006878720,1844805632,116834304,2440527872
2026-07-08T22:16:57.524028,17006837760,16350855168,655982592,3.9,13934198784,1006878720,1844805632,116834304,2440527872
2026-07-08T22:16:58.524479,17006837760,16348135424,658702336,3.9,13931479040,1006878720,1844805632,116834304,2440527872
2026-07-08T22:16:59.525227,17006837760,16348381184,658456576,3.9,13931724800,1006878720,1844805632,116834304,2440527872
2026-07-08T22:17:00.526653,17006837760,16349085696,657752064,3.9,13932429312,1006878720,1844805632,116834304,2440527872
2026-07-08T22:17:01.527157,17006837760,16350347264,656490496,3.9,13933690880,1006878720,1844805632,116834304,2440527872
2026-07-08T22:17:02.527775,17006837760,16337862656,668975104,3.9,13921173504,1007009792,1844838400,116834304,2440527872
2026-07-08T22:17:03.528225,17006837760,16337616896,669220864,3.9,13920927744,1007009792,1844838400,116834304,2440544256
2026-07-08T22:17:04.528953,17006837760,16339091456,667746304,3.9,13922402304,1007009792,1844838400,116834304,2440544256
2026-07-08T22:17:05.529590,17006837760,16341532672,665305088,3.9,13924843520,1007009792,1844838400,116834304,2440544256
2026-07-08T22:17:06.530235,17006837760,16342220800,664616960,3.9,13925531648,1007009792,1844838400,116834304,2440544256
2026-07-08T22:17:07.530729,17006837760,16343515136,663322624,3.9,13926825984,1007009792,1844838400,116834304,2440544256
2026-07-08T22:17:08.531718,17006837760,16344662016,662175744,3.9,13927972864,1007009792,1844838400,116834304,2440544256
2026-07-08T22:17:09.533532,17006837760,16344793088,662044672,3.9,13928103936,1007009792,1844838400,116834304,2440544256
2026-07-08T22:17:10.533988,17006837760,16345153536,661684224,3.9,13928464384,1007009792,1844838400,116834304,2440544256
2026-07-08T22:17:11.534446,17006837760,16346349568,660488192,3.9,13929660416,1007009792,1844838400,116834304,2440544256
2026-07-08T22:17:12.534865,17006837760,16347348992,659488768,3.9,13930659840,1007009792,1844838400,116834304,2440544256
2026-07-08T22:17:13.535281,17006837760,16347316224,659521536,3.9,13930627072,1007009792,1844838400,116834304,2440544256
2026-07-08T22:17:14.535696,17006837760,16347332608,659505152,3.9,13930643456,1007009792,1844838400,116834304,2440544256
2026-07-08T22:17:15.536098,17006837760,16349052928,657784832,3.9,13932363776,1007009792,1844838400,116834304,2440560640
2026-07-08T22:17:16.536511,17006837760,16348758016,658079744,3.9,13932068864,1007009792,1844838400,116834304,2440560640
2026-07-08T22:17:17.536925,17006837760,16348741632,658096128,3.9,13932052480,1007009792,1844838400,116834304,2440560640
2026-07-08T22:17:18.537343,17006837760,16349478912,657358848,3.9,13932789760,1007009792,1844838400,116834304,2440560640
2026-07-08T22:17:19.537757,17006837760,16350707712,656130048,3.9,13934018560,1007009792,1844838400,116834304,2440560640
2026-07-08T22:17:20.538312,17006837760,16350216192,656621568,3.9,13933527040,1007009792,1844838400,116834304,2440560640
2026-07-08T22:17:21.538926,17006837760,16349233152,657604608,3.9,13932544000,1007009792,1844838400,116834304,2440560640
2026-07-08T22:17:22.539221,17006837760,16349954048,656883712,3.9,13933264896,1007009792,1844838400,116834304,2440560640
2026-07-08T22:17:23.540091,17006837760,16350691328,656146432,3.9,13934002176,1007009792,1844838400,116834304,2440560640
2026-07-08T22:17:24.540792,17006837760,16351969280,654868480,3.9,13935263744,1007091712,1844854784,116834304,2440560640
2026-07-08T22:17:25.541488,17006837760,16350593024,656244736,3.9,13933871104,1007091712,1844854784,116834304,2440593408
2026-07-08T22:17:26.541944,17006837760,16351625216,655212544,3.9,13934903296,1007091712,1844854784,116834304,2440593408
2026-07-08T22:17:27.542260,17006837760,16352903168,653934592,3.8,13936181248,1007091712,1844854784,116834304,2440593408
2026-07-08T22:17:28.544324,17006837760,16352378880,654458880,3.8,13935656960,1007091712,1844854784,116834304,2440593408
2026-07-08T22:17:29.544636,17006837760,16352133120,654704640,3.8,13935411200,1007108096,1844854784,116834304,2440593408
2026-07-08T22:17:30.544915,17006837760,16353083392,653754368,3.8,13936361472,1007108096,1844854784,116834304,2440593408
2026-07-08T22:17:31.545195,17006837760,16351379456,655458304,3.9,13934657536,1007108096,1844854784,116834304,2440593408
2026-07-08T22:17:32.549577,17006837760,16351379456,655458304,3.9,13934657536,1007108096,1844854784,116834304,2440593408
2026-07-08T22:17:33.550140,17006837760,16352378880,654458880,3.8,13935656960,1007108096,1844854784,116834304,2440593408
2026-07-08T22:17:34.550473,17006837760,16351395840,655441920,3.9,13934673920,1007108096,1844854784,116834304,2440609792
2026-07-08T22:17:35.550825,17006837760,16350412800,656424960,3.9,13933690880,1007108096,1844854784,116834304,2440609792
2026-07-08T22:17:36.551248,17006837760,16351166464,655671296,3.9,13934444544,1007108096,1844854784,116834304,2440609792
2026-07-08T22:17:37.551590,17006837760,16352133120,654704640,3.8,13935411200,1007108096,1844854784,116834304,2440609792
2026-07-08T22:17:38.552207,17006837760,16351625216,655212544,3.9,13934903296,1007108096,1844854784,116834304,2440609792
2026-07-08T22:17:39.552668,17006837760,16351379456,655458304,3.9,13934657536,1007108096,1844854784,116834304,2440609792
2026-07-08T22:17:40.552981,17006837760,16350871552,655966208,3.9,13934149632,1007108096,1844854784,116834304,2440609792
2026-07-08T22:17:41.553260,17006837760,16350380032,656457728,3.9,13933658112,1007108096,1844854784,116834304,2440609792
2026-07-08T22:17:42.553531,17006837760,16350855168,655982592,3.9,13934133248,1007108096,1844854784,116834304,2440609792
2026-07-08T22:17:43.553801,17006837760,16352395264,654442496,3.8,13935673344,1007108096,1844854784,116834304,2440609792
2026-07-08T22:17:44.554132,17006837760,16350691328,656146432,3.9,13933969408,1007108096,1844854784,116834304,2440609792
2026-07-08T22:17:45.554485,17006837760,16349724672,657113088,3.9,13933002752,1007108096,1844854784,116834304,2440609792
2026-07-08T22:17:46.554853,17006837760,16347021312,659816448,3.9,13930299392,1007108096,1844854784,116834304,2440626176
2026-07-08T22:17:47.555167,17006837760,16345006080,661831680,3.9,13928284160,1007108096,1844854784,116834304,2440626176
2026-07-08T22:17:48.555460,17006837760,16343760896,663076864,3.9,13927038976,1007108096,1844854784,116834304,2440626176
2026-07-08T22:17:49.555750,17006837760,16344612864,662224896,3.9,13927890944,1007108096,1844854784,116834304,2440626176
2026-07-08T22:17:50.556032,17006837760,16344809472,662028288,3.9,13928087552,1007108096,1844854784,116834304,2440626176
2026-07-08T22:17:51.556307,17006837760,16345989120,660848640,3.9,13929267200,1007108096,1844854784,116834304,2440626176
2026-07-08T22:17:52.556620,17006837760,16345513984,661323776,3.9,13928792064,1007108096,1844854784,116834304,2440626176
2026-07-08T22:17:53.556956,17006837760,16346628096,660209664,3.9,13929906176,1007108096,1844854784,116834304,2440626176
2026-07-08T22:17:54.557317,17006837760,16346628096,660209664,3.9,13929906176,1007108096,1844854784,116834304,2440626176
2026-07-08T22:17:55.557649,17006837760,16345923584,660914176,3.9,13929201664,1007108096,1844854784,116834304,2440626176
2026-07-08T22:17:56.558000,17006837760,16346906624,659931136,3.9,13930184704,1007108096,1844854784,116834304,2440626176
2026-07-08T22:17:57.558374,17006837760,16348135424,658702336,3.9,13931413504,1007108096,1844854784,116834304,2440626176
2026-07-08T22:17:58.558739,17006837760,16348790784,658046976,3.9,13932068864,1007108096,1844854784,116834304,2440642560
2026-07-08T22:17:59.559099,17006837760,16348807168,658030592,3.9,13932085248,1007108096,1844854784,116834304,2440642560
2026-07-08T22:18:00.559449,17006837760,16349216768,657620992,3.9,13932396544,1007173632,1844953088,116834304,2440642560
2026-07-08T22:18:01.559744,17006837760,16348561408,658276352,3.9,13931741184,1007173632,1844953088,116834304,2440642560
2026-07-08T22:18:02.560029,17006837760,16347873280,658964480,3.9,13931053056,1007173632,1844953088,116834304,2440642560
2026-07-08T22:18:03.560306,17006837760,16349134848,657702912,3.9,13932314624,1007173632,1844953088,116834304,2440642560
2026-07-08T22:18:04.560586,17006837760,16349347840,657489920,3.9,13932527616,1007173632,1844953088,116834304,2440642560
2026-07-08T22:18:05.560860,17006837760,16350003200,656834560,3.9,13933182976,1007173632,1844953088,116834304,2440642560
2026-07-08T22:18:06.561181,17006837760,16349511680,657326080,3.9,13932691456,1007173632,1844953088,116834304,2440642560
2026-07-08T22:18:07.565493,17006837760,16350314496,656523264,3.9,13933494272,1007173632,1844953088,116834304,2440642560
2026-07-08T22:18:08.565813,17006837760,16350527488,656310272,3.9,13933707264,1007173632,1844953088,116834304,2440642560
2026-07-08T22:18:09.566092,17006837760,16351756288,655081472,3.9,13934936064,1007173632,1844953088,116834304,2440642560
2026-07-08T22:18:10.566368,17006837760,16349544448,657293312,3.9,13932724224,1007173632,1844953088,116834304,2440658944
2026-07-08T22:18:11.566647,17006837760,16350052352,656785408,3.9,13933232128,1007173632,1844953088,116834304,2440658944
2026-07-08T22:18:12.566971,17006837760,16351215616,655622144,3.9,13934395392,1007173632,1844953088,116834304,2440658944
2026-07-08T22:18:13.567321,17006837760,16351707136,655130624,3.9,13934886912,1007173632,1844953088,116834304,2440658944
2026-07-08T22:18:14.567702,17006837760,16351477760,655360000,3.9,13934657536,1007173632,1844953088,116834304,2440658944
2026-07-08T22:18:15.568028,17006837760,16350740480,656097280,3.9,13933920256,1007173632,1844953088,116834304,2440658944
2026-07-08T22:18:16.568307,17006837760,16350953472,655884288,3.9,13934133248,1007173632,1844953088,116834304,2440658944
2026-07-08T22:18:17.568585,17006837760,16351199232,655638528,3.9,13934379008,1007173632,1844953088,116834304,2440658944
2026-07-08T22:18:18.568867,17006837760,16350953472,655884288,3.9,13934133248,1007173632,1844953088,116834304,2440658944
2026-07-08T22:18:19.569187,17006837760,16351199232,655638528,3.9,13934379008,1007173632,1844953088,116834304,2440658944
2026-07-08T22:18:20.569532,17006837760,16352428032,654409728,3.8,13935607808,1007173632,1844953088,116834304,2440658944
2026-07-08T22:18:21.569828,17006837760,16352444416,654393344,3.8,13935624192,1007173632,1844953088,116834304,2440675328
2026-07-08T22:18:22.570109,17006837760,16351952896,654884864,3.9,13935132672,1007173632,1844953088,116834304,2440675328
2026-07-08T22:18:23.570394,17006837760,16351232000,655605760,3.9,13934411776,1007173632,1844953088,116834304,2440675328
2026-07-08T22:18:24.570670,17006837760,16350986240,655851520,3.9,13934166016,1007173632,1844953088,116834304,2440675328
2026-07-08T22:18:25.570954,17006837760,16351707136,655130624,3.9,13934886912,1007173632,1844953088,116834304,2440675328
2026-07-08T22:18:26.571294,17006837760,16352215040,654622720,3.8,13935394816,1007173632,1844953088,116834304,2440675328
2026-07-08T22:18:27.571638,17006837760,16350511104,656326656,3.9,13933690880,1007173632,1844953088,116834304,2440675328
2026-07-08T22:18:28.571975,17006837760,16350773248,656064512,3.9,13933953024,1007173632,1844953088,116834304,2440675328
2026-07-08T22:18:29.572343,17006837760,16352313344,654524416,3.8,13935493120,1007173632,1844953088,116834304,2440675328
2026-07-08T22:18:30.572721,17006837760,16351100928,655736832,3.9,13934264320,1007517696,1844969472,116834304,2440675328
2026-07-08T22:18:31.573057,17006837760,16351182848,655654912,3.9,13934346240,1007517696,1844969472,116834304,2440675328
2026-07-08T22:18:32.573406,17006837760,16351182848,655654912,3.9,13934346240,1007517696,1844969472,116834304,2440691712
2026-07-08T22:18:33.573815,17006837760,16352165888,654671872,3.8,13935329280,1007517696,1844969472,116834304,2440691712
2026-07-08T22:18:34.574329,17006837760,16349954048,656883712,3.9,13933117440,1007517696,1844969472,116834304,2440691712
2026-07-08T22:18:35.574680,17006837760,16348233728,658604032,3.9,13931397120,1007517696,1844969472,116834304,2440691712
2026-07-08T22:18:36.575020,17006837760,16347234304,659603456,3.9,13930397696,1007517696,1844969472,116834304,2440691712
2026-07-08T22:18:37.575352,17006837760,16347250688,659587072,3.9,13930414080,1007517696,1844969472,116834304,2440691712
2026-07-08T22:18:38.575714,17006837760,16350199808,656637952,3.9,13933363200,1007517696,1844969472,116834304,2440691712
2026-07-08T22:18:39.576232,17006837760,16350052352,656785408,3.9,13933215744,1007517696,1844969472,116834304,2440691712
2026-07-08T22:18:40.576619,17006837760,16349052928,657784832,3.9,13932199936,1007534080,1844985856,116834304,2440691712
2026-07-08T22:18:41.577118,17006837760,16350248960,656588800,3.9,13933395968,1007534080,1844985856,116834304,2440691712
2026-07-08T22:18:42.577636,17006837760,16350674944,656162816,3.9,13933821952,1007534080,1844985856,116834304,2440708096
2026-07-08T22:18:43.578021,17006837760,16349462528,657375232,3.9,13932609536,1007534080,1844985856,116834304,2440708096
2026-07-08T22:18:44.578341,17006837760,16348004352,658833408,3.9,13931151360,1007534080,1844985856,116834304,2440708096
2026-07-08T22:18:45.578622,17006837760,16349003776,657833984,3.9,13932150784,1007534080,1844985856,116834304,2440708096
2026-07-08T22:18:46.578900,17006837760,16350494720,656343040,3.9,13933641728,1007534080,1844985856,116834304,2440708096
2026-07-08T22:18:47.579180,17006837760,16349265920,657571840,3.9,13932412928,1007534080,1844985856,116834304,2440708096
2026-07-08T22:18:48.579460,17006837760,16347791360,659046400,3.9,13930938368,1007534080,1844985856,116834304,2440708096
2026-07-08T22:18:49.579801,17006837760,16349839360,656998400,3.9,13932986368,1007534080,1844985856,116834304,2440708096
2026-07-08T22:18:50.580412,17006837760,16351313920,655523840,3.9,13934460928,1007534080,1844985856,116834304,2440708096
2026-07-08T22:18:51.581054,17006837760,16350330880,656506880,3.9,13933477888,1007534080,1844985856,116834304,2440708096
2026-07-08T22:18:52.581349,17006837760,16350085120,656752640,3.9,13933232128,1007534080,1844985856,116834304,2440708096
2026-07-08T22:18:53.581632,17006837760,16350560256,656277504,3.9,13933707264,1007534080,1844985856,116834304,2440724480
2026-07-08T22:18:54.581919,17006837760,16351297536,655540224,3.9,13934444544,1007534080,1844985856,116834304,2440724480
2026-07-08T22:18:55.582250,17006837760,16351543296,655294464,3.9,13934690304,1007534080,1844985856,116834304,2440724480
2026-07-08T22:18:56.582623,17006837760,16352264192,654573568,3.8,13935411200,1007534080,1844985856,116834304,2440724480
2026-07-08T22:18:57.583061,17006837760,16352247808,654589952,3.8,13935394816,1007534080,1844985856,116834304,2440724480
2026-07-08T22:18:58.583402,17006837760,16351756288,655081472,3.9,13934903296,1007534080,1844985856,116834304,2440724480
2026-07-08T22:18:59.583688,17006837760,16351985664,654852096,3.9,13935132672,1007534080,1844985856,116834304,2440724480
2026-07-08T22:19:00.583969,17006837760,16352968704,653869056,3.8,13936115712,1007534080,1844985856,116834304,2440724480
2026-07-08T22:19:01.584251,17006837760,16352346112,654491648,3.8,13935460352,1007566848,1845018624,116834304,2440724480
2026-07-08T22:19:02.584589,17006837760,16352346112,654491648,3.8,13935460352,1007566848,1845018624,116834304,2440724480
2026-07-08T22:19:03.584936,17006837760,16353345536,653492224,3.8,13936459776,1007566848,1845018624,116834304,2440724480
2026-07-08T22:19:04.585280,17006837760,16353345536,653492224,3.8,13936459776,1007566848,1845018624,116834304,2440724480
2026-07-08T22:19:05.585632,17006837760,16350396416,656441344,3.9,13933510656,1007566848,1845018624,116834304,2440740864
2026-07-08T22:19:06.585993,17006837760,16350642176,656195584,3.9,13933756416,1007566848,1845018624,116834304,2440740864
2026-07-08T22:19:07.586354,17006837760,16352870400,653967360,3.8,13935984640,1007566848,1845018624,116834304,2440740864
2026-07-08T22:19:08.586675,17006837760,16348200960,658636800,3.9,13931315200,1007566848,1845018624,116834304,2440740864
2026-07-08T22:19:09.586958,17006837760,16348200960,658636800,3.9,13931315200,1007566848,1845018624,116834304,2440740864
2026-07-08T22:19:10.587236,17006837760,16350707712,656130048,3.9,13933821952,1007566848,1845018624,116834304,2440740864
2026-07-08T22:19:11.587521,17006837760,16350494720,656343040,3.9,13933608960,1007566848,1845018624,116834304,2440740864
2026-07-08T22:19:12.587860,17006837760,16350494720,656343040,3.9,13933608960,1007566848,1845018624,116834304,2440740864
2026-07-08T22:19:13.588205,17006837760,16351232000,655605760,3.9,13934346240,1007566848,1845018624,116834304,2440740864
2026-07-08T22:19:14.588593,17006837760,16351150080,655687680,3.9,13934264320,1007566848,1845018624,116834304,2440740864
2026-07-08T22:19:15.588953,17006837760,16351150080,655687680,3.9,13934264320,1007566848,1845018624,116834304,2440740864
2026-07-08T22:19:16.589323,17006837760,16350920704,655917056,3.9,13934002176,1007599616,1845051392,116834304,2440757248
2026-07-08T22:19:17.589620,17006837760,16351903744,654934016,3.9,13934985216,1007599616,1845051392,116834304,2440757248
2026-07-08T22:19:18.589964,17006837760,16350920704,655917056,3.9,13934002176,1007599616,1845051392,116834304,2440757248
2026-07-08T22:19:19.590311,17006837760,16351903744,654934016,3.9,13934985216,1007599616,1845051392,116834304,2440757248
2026-07-08T22:19:20.590664,17006837760,16351625216,655212544,3.9,13934706688,1007599616,1845051392,116834304,2440757248
2026-07-08T22:19:21.590944,17006837760,16352100352,654737408,3.8,13935181824,1007599616,1845051392,116834304,2440757248
2026-07-08T22:19:22.591276,17006837760,16352837632,654000128,3.8,13935919104,1007599616,1845051392,116834304,2440757248
2026-07-08T22:19:23.591612,17006837760,16352346112,654491648,3.8,13935427584,1007599616,1845051392,116834304,2440757248
2026-07-08T22:19:24.591964,17006837760,16352100352,654737408,3.8,13935181824,1007599616,1845051392,116834304,2440757248
2026-07-08T22:19:25.592303,17006837760,16352296960,654540800,3.8,13935378432,1007599616,1845051392,116834304,2440757248
2026-07-08T22:19:26.592814,17006837760,16349855744,656982016,3.9,13932937216,1007599616,1845051392,116834304,2440757248
2026-07-08T22:19:27.593155,17006837760,16349118464,657719296,3.9,13932199936,1007599616,1845051392,116834304,2440757248
2026-07-08T22:19:28.593615,17006837760,16346906624,659931136,3.9,13929988096,1007599616,1845051392,116834304,2440773632
2026-07-08T22:19:29.593978,17006837760,16348889088,657948672,3.9,13931970560,1007599616,1845051392,116834304,2440773632
2026-07-08T22:19:30.594349,17006837760,16349855744,656982016,3.9,13932937216,1007599616,1845051392,116834304,2440773632
2026-07-08T22:19:31.594715,17006837760,16350429184,656408576,3.9,13933510656,1007599616,1845051392,116834304,2440773632
2026-07-08T22:19:32.595116,17006837760,16348397568,658440192,3.9,13931462656,1007599616,1845067776,116834304,2440773632
2026-07-08T22:19:33.595455,17006837760,16349364224,657473536,3.9,13932429312,1007599616,1845067776,116834304,2440773632
2026-07-08T22:19:34.595762,17006837760,16350085120,656752640,3.9,13933150208,1007599616,1845067776,116834304,2440773632
2026-07-08T22:19:35.596073,17006837760,16351297536,655540224,3.9,13934362624,1007599616,1845067776,116834304,2440773632
2026-07-08T22:19:36.596431,17006837760,16351051776,655785984,3.9,13934116864,1007599616,1845067776,116834304,2440773632
2026-07-08T22:19:37.596817,17006837760,16351363072,655474688,3.9,13934428160,1007599616,1845067776,116834304,2440773632
2026-07-08T22:19:38.597183,17006837760,16352804864,654032896,3.8,13935869952,1007599616,1845067776,116834304,2440773632
2026-07-08T22:19:39.597567,17006837760,16349609984,657227776,3.9,13932675072,1007599616,1845067776,116834304,2440790016
2026-07-08T22:19:40.597970,17006837760,16348626944,658210816,3.9,13931692032,1007599616,1845067776,116834304,2440790016
2026-07-08T22:19:41.598284,17006837760,16349380608,657457152,3.9,13932445696,1007599616,1845067776,116834304,2440790016
2026-07-08T22:19:42.598595,17006837760,16350101504,656736256,3.9,13933166592,1007599616,1845067776,116834304,2440790016
2026-07-08T22:19:43.598906,17006837760,16348626944,658210816,3.9,13931692032,1007599616,1845067776,116834304,2440790016
2026-07-08T22:19:44.599220,17006837760,16349626368,657211392,3.9,13932691456,1007599616,1845067776,116834304,2440790016
2026-07-08T22:19:45.599584,17006837760,16350838784,655998976,3.9,13933903872,1007599616,1845067776,116834304,2440790016
2026-07-08T22:19:46.599955,17006837760,16349822976,657014784,3.9,13932888064,1007599616,1845067776,116834304,2440790016
2026-07-08T22:19:47.600330,17006837760,16349118464,657719296,3.9,13932183552,1007599616,1845067776,116834304,2440790016
2026-07-08T22:19:48.600719,17006837760,16350298112,656539648,3.9,13933363200,1007599616,1845067776,116834304,2440790016
2026-07-08T22:19:49.601110,17006837760,16350527488,656310272,3.9,13933592576,1007599616,1845067776,116834304,2440790016
2026-07-08T22:19:50.601503,17006837760,16350527488,656310272,3.9,13933592576,1007599616,1845067776,116834304,2440790016
2026-07-08T22:19:51.601864,17006837760,16351674368,655163392,3.9,13934739456,1007599616,1845067776,116834304,2440806400
2026-07-08T22:19:52.602335,17006837760,16351428608,655409152,3.9,13934493696,1007665152,1845067776,116834304,2440806400
2026-07-08T22:19:53.602715,17006837760,16350183424,656654336,3.9,13933248512,1007665152,1845067776,116834304,2440806400
2026-07-08T22:19:54.603105,17006837760,16349954048,656883712,3.9,13933019136,1007665152,1845067776,116834304,2440806400
2026-07-08T22:19:55.603488,17006837760,16350445568,656392192,3.9,13933510656,1007665152,1845067776,116834304,2440806400
2026-07-08T22:19:56.603991,17006837760,16350920704,655917056,3.9,13933985792,1007665152,1845067776,116834304,2440806400
2026-07-08T22:19:57.604328,17006837760,16349462528,657375232,3.9,13932527616,1007665152,1845067776,116834304,2440806400
2026-07-08T22:19:58.604636,17006837760,16349970432,656867328,3.9,13933035520,1007665152,1845067776,116834304,2440806400
2026-07-08T22:19:59.604943,17006837760,16352133120,654704640,3.8,13935198208,1007665152,1845067776,116834304,2440806400
2026-07-08T22:20:00.605265,17006837760,16351641600,655196160,3.9,13934706688,1007665152,1845067776,116834304,2440806400
2026-07-08T22:20:01.605640,17006837760,16351887360,654950400,3.9,13934952448,1007665152,1845067776,116834304,2440806400
2026-07-08T22:20:02.606010,17006837760,16353361920,653475840,3.8,13936427008,1007665152,1845067776,116834304,2440806400
2026-07-08T22:20:03.606329,17006837760,16351412224,655425536,3.9,13934460928,1007665152,1845084160,116834304,2440822784
2026-07-08T22:20:04.606698,17006837760,16350674944,656162816,3.9,13933723648,1007665152,1845084160,116834304,2440822784
2026-07-08T22:20:05.607013,17006837760,16351313920,655523840,3.9,13934362624,1007665152,1845084160,116834304,2440822784
2026-07-08T22:20:06.607323,17006837760,16352034816,654802944,3.9,13935083520,1007665152,1845084160,116834304,2440822784
2026-07-08T22:20:07.607630,17006837760,16352280576,654557184,3.8,13935329280,1007665152,1845084160,116834304,2440822784
2026-07-08T22:20:08.608002,17006837760,16351608832,655228928,3.9,13934657536,1007665152,1845084160,116834304,2440822784
2026-07-08T22:20:09.608376,17006837760,16351608832,655228928,3.9,13934657536,1007665152,1845084160,116834304,2440822784
2026-07-08T22:20:10.608791,17006837760,16352575488,654262272,3.8,13935624192,1007665152,1845084160,116834304,2440822784
2026-07-08T22:20:11.609768,17006837760,16352493568,654344192,3.8,13935542272,1007665152,1845084160,116834304,2440822784
2026-07-08T22:20:12.610219,17006837760,16352002048,654835712,3.9,13935050752,1007665152,1845084160,116834304,2440822784
2026-07-08T22:20:13.610540,17006837760,16352067584,654770176,3.9,13935116288,1007665152,1845084160,116834304,2440822784
2026-07-08T22:20:14.610827,17006837760,16351821824,655015936,3.9,13934870528,1007665152,1845084160,116834304,2440822784
2026-07-08T22:20:15.611126,17006837760,16351100928,655736832,3.9,13934149632,1007665152,1845084160,116834304,2440839168
2026-07-08T22:20:16.611410,17006837760,16350150656,656687104,3.9,13933199360,1007665152,1845084160,116834304,2440839168
2026-07-08T22:20:17.611742,17006837760,16349151232,657686528,3.9,13932199936,1007665152,1845084160,116834304,2440839168
2026-07-08T22:20:18.612106,17006837760,16350117888,656719872,3.9,13933166592,1007665152,1845084160,116834304,2440839168
2026-07-08T22:20:19.612466,17006837760,16350855168,655982592,3.9,13933903872,1007665152,1845084160,116834304,2440839168
2026-07-08T22:20:20.612820,17006837760,16351117312,655720448,3.9,13934166016,1007665152,1845084160,116834304,2440839168
2026-07-08T22:20:21.613116,17006837760,16351608832,655228928,3.9,13934657536,1007665152,1845084160,116834304,2440839168
2026-07-08T22:20:22.613412,17006837760,16351363072,655474688,3.9,13934411776,1007665152,1845084160,116834304,2440839168
2026-07-08T22:20:23.613694,17006837760,16350871552,655966208,3.9,13933920256,1007665152,1845084160,116834304,2440839168
2026-07-08T22:20:24.614070,17006837760,16351346688,655491072,3.9,13934395392,1007665152,1845084160,116834304,2440839168
2026-07-08T22:20:25.614558,17006837760,16351330304,655507456,3.9,13934379008,1007665152,1845084160,116834304,2440855552
2026-07-08T22:20:26.614887,17006837760,16350363648,656474112,3.9,13933412352,1007665152,1845084160,116834304,2440855552
2026-07-08T22:20:27.615164,17006837760,16349134848,657702912,3.9,13932183552,1007665152,1845084160,116834304,2440855552
2026-07-08T22:20:28.615446,17006837760,16349413376,657424384,3.9,13932445696,1007665152,1845100544,116834304,2440855552
2026-07-08T22:20:29.615792,17006837760,16349888512,656949248,3.9,13932920832,1007665152,1845100544,116834304,2440855552
2026-07-08T22:20:30.616142,17006837760,16350134272,656703488,3.9,13933166592,1007665152,1845100544,116834304,2440855552
2026-07-08T22:20:31.616489,17006837760,16350461952,656375808,3.9,13933494272,1007665152,1845100544,116834304,2440855552
2026-07-08T22:20:32.616828,17006837760,16349806592,657031168,3.9,13932838912,1007665152,1845100544,116834304,2440855552
2026-07-08T22:20:33.617114,17006837760,16350052352,656785408,3.9,13933068288,1007714304,1845116928,116834304,2440855552
2026-07-08T22:20:34.617452,17006837760,16349315072,657522688,3.9,13932331008,1007714304,1845116928,116834304,2440855552
2026-07-08T22:20:35.617732,17006837760,16350298112,656539648,3.9,13933314048,1007714304,1845116928,116834304,2440855552
2026-07-08T22:20:36.618068,17006837760,16350543872,656293888,3.9,13933559808,1007714304,1845116928,116834304,2440871936
2026-07-08T22:20:37.618445,17006837760,16350052352,656785408,3.9,13933068288,1007714304,1845116928,116834304,2440871936
2026-07-08T22:20:38.618767,17006837760,16349790208,657047552,3.9,13932806144,1007714304,1845116928,116834304,2440871936
2026-07-08T22:20:39.619046,17006837760,16349036544,657801216,3.9,13932052480,1007714304,1845116928,116834304,2440871936
2026-07-08T22:20:40.619325,17006837760,16350003200,656834560,3.9,13933019136,1007714304,1845116928,116834304,2440871936
2026-07-08T22:20:41.619602,17006837760,16350724096,656113664,3.9,13933740032,1007714304,1845116928,116834304,2440871936
2026-07-08T22:20:42.619921,17006837760,16350969856,655867904,3.9,13933985792,1007714304,1845116928,116834304,2440871936
2026-07-08T22:20:43.620311,17006837760,16351182848,655654912,3.9,13934198784,1007714304,1845116928,116834304,2440871936
2026-07-08T22:20:44.620676,17006837760,16351936512,654901248,3.9,13934952448,1007714304,1845116928,116834304,2440871936
2026-07-08T22:20:45.621015,17006837760,16350953472,655884288,3.9,13933969408,1007714304,1845116928,116834304,2440871936
2026-07-08T22:20:46.621313,17006837760,16351199232,655638528,3.9,13934215168,1007714304,1845116928,116834304,2440871936
2026-07-08T22:20:47.621704,17006837760,16352149504,654688256,3.8,13935165440,1007714304,1845116928,116834304,2440871936
2026-07-08T22:20:48.622013,17006837760,16349446144,657391616,3.9,13932462080,1007714304,1845116928,116834304,2440888320
2026-07-08T22:20:49.622339,17006837760,16349462528,657375232,3.9,13932478464,1007714304,1845116928,116834304,2440888320
2026-07-08T22:20:50.622684,17006837760,16350232576,656605184,3.9,13933248512,1007714304,1845116928,116834304,2440888320
2026-07-08T22:20:51.623029,17006837760,16349741056,657096704,3.9,13932756992,1007714304,1845116928,116834304,2440888320
2026-07-08T22:20:52.623449,17006837760,16350265344,656572416,3.9,13933281280,1007714304,1845116928,116834304,2440888320
2026-07-08T22:20:53.623993,17006837760,16351232000,655605760,3.9,13934247936,1007714304,1845116928,116834304,2440888320
2026-07-08T22:20:54.624288,17006837760,16350740480,656097280,3.9,13933756416,1007714304,1845116928,116834304,2440888320
2026-07-08T22:20:55.624565,17006837760,16350642176,656195584,3.9,13933658112,1007714304,1845116928,116834304,2440888320
2026-07-08T22:20:56.624854,17006837760,16351690752,655147008,3.9,13934706688,1007714304,1845116928,116834304,2440888320
2026-07-08T22:20:57.625158,17006837760,16351690752,655147008,3.9,13934706688,1007714304,1845116928,116834304,2440888320
2026-07-08T22:20:58.625511,17006837760,16348741632,658096128,3.9,13931757568,1007714304,1845116928,116834304,2440888320
2026-07-08T22:20:59.625932,17006837760,16347250688,659587072,3.9,13930266624,1007714304,1845116928,116834304,2440904704
2026-07-08T22:21:00.626211,17006837760,16349052928,657784832,3.9,13932068864,1007714304,1845116928,116834304,2440904704
2026-07-08T22:21:01.626486,17006837760,16349954048,656883712,3.9,13932969984,1007714304,1845116928,116834304,2440904704
2026-07-08T22:21:02.626769,17006837760,16348971008,657866752,3.9,13931986944,1007714304,1845116928,116834304,2440904704
2026-07-08T22:21:03.627080,17006837760,16349429760,657408000,3.9,13932445696,1007714304,1845116928,116834304,2440904704
2026-07-08T22:21:04.627421,17006837760,16350429184,656408576,3.9,13933428736,1007714304,1845133312,116834304,2440904704
2026-07-08T22:21:05.627782,17006837760,16350429184,656408576,3.9,13933428736,1007714304,1845133312,116834304,2440904704
2026-07-08T22:21:06.628129,17006837760,16351674368,655163392,3.9,13934673920,1007714304,1845133312,116834304,2440904704
2026-07-08T22:21:07.628490,17006837760,16351182848,655654912,3.9,13934182400,1007714304,1845133312,116834304,2440904704
2026-07-08T22:21:08.628856,17006837760,16351182848,655654912,3.9,13934182400,1007714304,1845133312,116834304,2440904704
2026-07-08T22:21:09.629219,17006837760,16352165888,654671872,3.8,13935165440,1007796224,1845133312,116834304,2440904704
2026-07-08T22:21:10.629586,17006837760,16350937088,655900672,3.9,13933936640,1007796224,1845133312,116834304,2440904704
2026-07-08T22:21:11.629920,17006837760,16349216768,657620992,3.9,13932216320,1007796224,1845133312,116834304,2440904704
2026-07-08T22:21:12.630229,17006837760,16349462528,657375232,3.9,13932462080,1007796224,1845133312,116834304,2440921088
2026-07-08T22:21:13.630508,17006837760,16351084544,655753216,3.9,13934084096,1007796224,1845133312,116834304,2440921088
2026-07-08T22:21:14.630789,17006837760,16348610560,658227200,3.9,13931610112,1007796224,1845133312,116834304,2440921088
2026-07-08T22:21:15.631076,17006837760,16348938240,657899520,3.9,13931937792,1007796224,1845133312,116834304,2440921088
2026-07-08T22:21:16.631356,17006837760,16348954624,657883136,3.9,13931954176,1007796224,1845133312,116834304,2440921088
2026-07-08T22:21:17.631925,17006837760,16349937664,656900096,3.9,13932937216,1007796224,1845133312,116834304,2440921088
2026-07-08T22:21:18.632547,17006837760,16350412800,656424960,3.9,13933412352,1007796224,1845133312,116834304,2440921088
2026-07-08T22:21:19.632828,17006837760,16350183424,656654336,3.9,13933182976,1007796224,1845133312,116834304,2440921088
2026-07-08T22:21:20.633178,17006837760,16348954624,657883136,3.9,13931954176,1007796224,1845133312,116834304,2440921088
2026-07-08T22:21:21.633536,17006837760,16347725824,659111936,3.9,13930725376,1007796224,1845133312,116834304,2440921088
2026-07-08T22:21:22.633821,17006837760,16348708864,658128896,3.9,13931708416,1007796224,1845133312,116834304,2440921088
2026-07-08T22:21:23.634180,17006837760,16349904896,656932864,3.9,13932904448,1007796224,1845133312,116834304,2440937472
2026-07-08T22:21:24.634569,17006837760,16349659136,657178624,3.9,13932658688,1007796224,1845133312,116834304,2440937472
2026-07-08T22:21:25.634932,17006837760,16350396416,656441344,3.9,13933395968,1007796224,1845133312,116834304,2440937472
2026-07-08T22:21:26.635288,17006837760,16350904320,655933440,3.9,13933903872,1007796224,1845133312,116834304,2440937472
2026-07-08T22:21:27.635756,17006837760,16351150080,655687680,3.9,13934149632,1007796224,1845133312,116834304,2440937472
2026-07-08T22:21:28.636099,17006837760,16347676672,659161088,3.9,13930676224,1007796224,1845133312,116834304,2440937472
2026-07-08T22:21:29.636436,17006837760,16347676672,659161088,3.9,13930676224,1007796224,1845133312,116834304,2440937472
2026-07-08T22:21:30.636733,17006837760,16349872128,656965632,3.9,13932871680,1007796224,1845133312,116834304,2440937472
2026-07-08T22:21:31.637015,17006837760,16349904896,656932864,3.9,13932904448,1007796224,1845133312,116834304,2440937472
2026-07-08T22:21:32.637303,17006837760,16349003776,657833984,3.9,13932003328,1007796224,1845133312,116834304,2440937472
2026-07-08T22:21:33.637586,17006837760,16350478336,656359424,3.9,13933477888,1007796224,1845133312,116834304,2440937472
2026-07-08T22:21:34.637934,17006837760,16349773824,657063936,3.9,13932773376,1007828992,1845133312,116834304,2440937472
2026-07-08T22:21:35.638257,17006837760,16349773824,657063936,3.9,13932773376,1007828992,1845133312,116834304,2440953856
2026-07-08T22:21:36.638658,17006837760,16350756864,656080896,3.9,13933756416,1007828992,1845133312,116834304,2440953856
2026-07-08T22:21:37.638961,17006837760,16351248384,655589376,3.9,13934247936,1007828992,1845133312,116834304,2440953856
2026-07-08T22:21:38.639244,17006837760,16349528064,657309696,3.9,13932527616,1007828992,1845133312,116834304,2440953856
2026-07-08T22:21:39.639524,17006837760,16348659712,658178048,3.9,13931659264,1007828992,1845133312,116834304,2440953856
2026-07-08T22:21:40.639804,17006837760,16349396992,657440768,3.9,13932396544,1007828992,1845133312,116834304,2440953856
2026-07-08T22:21:41.640089,17006837760,16351608832,655228928,3.9,13934608384,1007828992,1845133312,116834304,2440953856
2026-07-08T22:21:42.640432,17006837760,16350871552,655966208,3.9,13933871104,1007828992,1845133312,116834304,2440953856
2026-07-08T22:21:43.640875,17006837760,16350953472,655884288,3.9,13933953024,1007828992,1845133312,116834304,2440953856
2026-07-08T22:21:44.641250,17006837760,16349298688,657539072,3.9,13932298240,1007828992,1845133312,116834304,2440953856
2026-07-08T22:21:45.641621,17006837760,16348479488,658358272,3.9,13931479040,1007845376,1845133312,116834304,2440953856
2026-07-08T22:21:46.641984,17006837760,16349495296,657342464,3.9,13932494848,1007845376,1845133312,116834304,2440953856
2026-07-08T22:21:47.642544,17006837760,16349724672,657113088,3.9,13932724224,1007845376,1845133312,116834304,2440970240
2026-07-08T22:21:48.643295,17006837760,16350445568,656392192,3.9,13933445120,1007845376,1845133312,116834304,2440970240
2026-07-08T22:21:49.643575,17006837760,16351625216,655212544,3.9,13934624768,1007845376,1845133312,116834304,2440970240
2026-07-08T22:21:50.643854,17006837760,16352116736,654721024,3.8,13935116288,1007845376,1845133312,116834304,2440970240
2026-07-08T22:21:51.644137,17006837760,16352378880,654458880,3.8,13935378432,1007845376,1845133312,116834304,2440970240
2026-07-08T22:21:52.644456,17006837760,16351150080,655687680,3.9,13934149632,1007845376,1845133312,116834304,2440970240
2026-07-08T22:21:53.644821,17006837760,16349921280,656916480,3.9,13932920832,1007845376,1845133312,116834304,2440970240
2026-07-08T22:21:54.645144,17006837760,16350904320,655933440,3.9,13933903872,1007845376,1845133312,116834304,2440970240
2026-07-08T22:21:55.645429,17006837760,16351625216,655212544,3.9,13934624768,1007845376,1845133312,116834304,2440970240
2026-07-08T22:21:56.645712,17006837760,16349904896,656932864,3.9,13932904448,1007845376,1845133312,116834304,2440970240
2026-07-08T22:21:57.645997,17006837760,16350183424,656654336,3.9,13933182976,1007845376,1845133312,116834304,2440970240
2026-07-08T22:21:58.646353,17006837760,16351379456,655458304,3.9,13934379008,1007845376,1845133312,116834304,2440986624
2026-07-08T22:21:59.646714,17006837760,16349167616,657670144,3.9,13932167168,1007845376,1845133312,116834304,2440986624
2026-07-08T22:22:00.647071,17006837760,16349659136,657178624,3.9,13932658688,1007845376,1845133312,116834304,2440986624
2026-07-08T22:22:01.647409,17006837760,16351543296,655294464,3.9,13934542848,1007845376,1845133312,116834304,2440986624
2026-07-08T22:22:02.647765,17006837760,16351559680,655278080,3.9,13934559232,1007845376,1845133312,116834304,2440986624
2026-07-08T22:22:03.648111,17006837760,16349380608,657457152,3.9,13932380160,1007845376,1845133312,116834304,2440986624
2026-07-08T22:22:04.648409,17006837760,16349118464,657719296,3.9,13932118016,1007845376,1845133312,116834304,2440986624
2026-07-08T22:22:05.648688,17006837760,16349200384,657637376,3.9,13932085248,1008189440,1845248000,116834304,2440986624
2026-07-08T22:22:06.649023,17006837760,16349937664,656900096,3.9,13932822528,1008189440,1845248000,116834304,2440986624
2026-07-08T22:22:07.649380,17006837760,16349937664,656900096,3.9,13932822528,1008189440,1845248000,116834304,2440986624
2026-07-08T22:22:08.649664,17006837760,16350216192,656621568,3.9,13933101056,1008189440,1845248000,116834304,2440986624
2026-07-08T22:22:09.649952,17006837760,16347758592,659079168,3.9,13930643456,1008189440,1845248000,116834304,2441003008
2026-07-08T22:22:10.650254,17006837760,16346529792,660307968,3.9,13929414656,1008189440,1845248000,116834304,2441003008
2026-07-08T22:22:11.650570,17006837760,16347906048,658931712,3.9,13930790912,1008189440,1845248000,116834304,2441003008
2026-07-08T22:22:12.650884,17006837760,16348250112,658587648,3.9,13931134976,1008189440,1845248000,116834304,2441003008
2026-07-08T22:22:13.651198,17006837760,16348987392,657850368,3.9,13931872256,1008189440,1845248000,116834304,2441003008
2026-07-08T22:22:14.651651,17006837760,16349855744,656982016,3.9,13932740608,1008189440,1845248000,116834304,2441003008
2026-07-08T22:22:15.652140,17006837760,16349347840,657489920,3.9,13932232704,1008189440,1845248000,116834304,2441003008
2026-07-08T22:22:16.652447,17006837760,16346644480,660193280,3.9,13929529344,1008189440,1845248000,116834304,2441003008
2026-07-08T22:22:17.652845,17006837760,16346398720,660439040,3.9,13929283584,1008189440,1845248000,116834304,2441003008
2026-07-08T22:22:18.653256,17006837760,16348037120,658800640,3.9,13930921984,1008189440,1845248000,116834304,2441003008
2026-07-08T22:22:19.653554,17006837760,16348053504,658784256,3.9,13930938368,1008189440,1845248000,116834304,2441003008
2026-07-08T22:22:20.653837,17006837760,16349970432,656867328,3.9,13932855296,1008189440,1845248000,116834304,2441003008
2026-07-08T22:22:21.654122,17006837760,16349757440,657080320,3.9,13932593152,1008189440,1845297152,116834304,2441019392
2026-07-08T22:22:22.654405,17006837760,16350380032,656457728,3.9,13933215744,1008189440,1845297152,116834304,2441019392
2026-07-08T22:22:23.654688,17006837760,16350773248,656064512,3.9,13933608960,1008189440,1845297152,116834304,2441019392
2026-07-08T22:22:24.655017,17006837760,16350035968,656801792,3.9,13932871680,1008189440,1845297152,116834304,2441019392
2026-07-08T22:22:25.655381,17006837760,16350756864,656080896,3.9,13933592576,1008189440,1845297152,116834304,2441019392
2026-07-08T22:22:26.655688,17006837760,16350232576,656605184,3.9,13933068288,1008189440,1845297152,116834304,2441019392
2026-07-08T22:22:27.655970,17006837760,16349757440,657080320,3.9,13932593152,1008189440,1845297152,116834304,2441019392
2026-07-08T22:22:28.656254,17006837760,16351215616,655622144,3.9,13934051328,1008189440,1845297152,116834304,2441019392
2026-07-08T22:22:29.656607,17006837760,16352444416,654393344,3.8,13935280128,1008189440,1845297152,116834304,2441019392
2026-07-08T22:22:30.656959,17006837760,16352444416,654393344,3.8,13935280128,1008189440,1845297152,116834304,2441019392
2026-07-08T22:22:31.657316,17006837760,16351395840,655441920,3.9,13934231552,1008189440,1845297152,116834304,2441019392
2026-07-08T22:22:32.657766,17006837760,16351150080,655687680,3.9,13933985792,1008189440,1845297152,116834304,2441019392
2026-07-08T22:22:33.658151,17006837760,16350167040,656670720,3.9,13933002752,1008189440,1845297152,116834304,2441035776
2026-07-08T22:22:34.658485,17006837760,16349822976,657014784,3.9,13932658688,1008189440,1845297152,116834304,2441035776
2026-07-08T22:22:35.658771,17006837760,16350543872,656293888,3.9,13933379584,1008189440,1845297152,116834304,2441035776
2026-07-08T22:22:36.659052,17006837760,16349315072,657522688,3.9,13932150784,1008189440,1845297152,116834304,2441035776
2026-07-08T22:22:37.659334,17006837760,16349954048,656883712,3.9,13932789760,1008189440,1845297152,116834304,2441035776
2026-07-08T22:22:38.659819,17006837760,16351461376,655376384,3.9,13934297088,1008189440,1845297152,116834304,2441035776
2026-07-08T22:22:39.660156,17006837760,16351428608,655409152,3.9,13934264320,1008189440,1845297152,116834304,2441035776
2026-07-08T22:22:40.660438,17006837760,16351182848,655654912,3.9,13934018560,1008189440,1845297152,116834304,2441035776
2026-07-08T22:22:41.660719,17006837760,16349921280,656916480,3.9,13932756992,1008189440,1845297152,116834304,2441035776
2026-07-08T22:22:42.661004,17006837760,16350429184,656408576,3.9,13933264896,1008189440,1845297152,116834304,2441035776
2026-07-08T22:22:43.661390,17006837760,16351084544,655753216,3.9,13933920256,1008189440,1845297152,116834304,2441035776
2026-07-08T22:22:44.661756,17006837760,16350117888,656719872,3.9,13932953600,1008189440,1845297152,116834304,2441052160
2026-07-08T22:22:45.662106,17006837760,16349626368,657211392,3.9,13932462080,1008189440,1845297152,116834304,2441052160
2026-07-08T22:22:46.662496,17006837760,16351068160,655769600,3.9,13933903872,1008189440,1845297152,116834304,2441052160
2026-07-08T22:22:47.662857,17006837760,16352182272,654655488,3.8,13935017984,1008189440,1845297152,116834304,2441052160
2026-07-08T22:22:48.663182,17006837760,16352182272,654655488,3.8,13935017984,1008189440,1845297152,116834304,2441052160
2026-07-08T22:22:49.663467,17006837760,16351100928,655736832,3.9,13933936640,1008189440,1845297152,116834304,2441052160
2026-07-08T22:22:50.663765,17006837760,16348889088,657948672,3.9,13931724800,1008189440,1845297152,116834304,2441052160
2026-07-08T22:22:51.664053,17006837760,16345202688,661635072,3.9,13928038400,1008189440,1845297152,116834304,2441052160
2026-07-08T22:22:52.664395,17006837760,16345956352,660881408,3.9,13928792064,1008189440,1845297152,116834304,2441052160
2026-07-08T22:22:53.664759,17006837760,16348659712,658178048,3.9,13931495424,1008189440,1845297152,116834304,2441052160
2026-07-08T22:22:54.665123,17006837760,16349151232,657686528,3.9,13931986944,1008189440,1845297152,116834304,2441052160
2026-07-08T22:22:55.665489,17006837760,16349413376,657424384,3.9,13932249088,1008189440,1845297152,116834304,2441068544
2026-07-08T22:22:56.665821,17006837760,16351313920,655523840,3.9,13934149632,1008189440,1845297152,116834304,2441068544
2026-07-08T22:22:57.666092,17006837760,16350576640,656261120,3.9,13933412352,1008189440,1845297152,116834304,2441068544
2026-07-08T22:22:58.666368,17006837760,16350593024,656244736,3.9,13933428736,1008189440,1845297152,116834304,2441068544
2026-07-08T22:22:59.666693,17006837760,16349102080,657735680,3.9,13931937792,1008189440,1845297152,116834304,2441068544
2026-07-08T22:23:00.667006,17006837760,16349347840,657489920,3.9,13932183552,1008189440,1845297152,116834304,2441068544
2026-07-08T22:23:01.667341,17006837760,16350806016,656031744,3.9,13933641728,1008189440,1845297152,116834304,2441068544
2026-07-08T22:23:02.667668,17006837760,16349839360,656998400,3.9,13932675072,1008189440,1845297152,116834304,2441068544
2026-07-08T22:23:03.668048,17006837760,16349593600,657244160,3.9,13932429312,1008189440,1845297152,116834304,2441068544
2026-07-08T22:23:04.668307,17006837760,16350035968,656801792,3.9,13932871680,1008189440,1845297152,116834304,2441068544
2026-07-08T22:23:05.668528,17006837760,16350969856,655867904,3.9,13933805568,1008189440,1845297152,116834304,2441068544
2026-07-08T22:23:06.668746,17006837760,16350707712,656130048,3.9,13933543424,1008189440,1845297152,116834304,2441068544
2026-07-08T22:23:07.668968,17006837760,16350412800,656424960,3.9,13933248512,1008189440,1845297152,116834304,2441084928
2026-07-08T22:23:08.669190,17006837760,16350429184,656408576,3.9,13933264896,1008189440,1845297152,116834304,2441084928
2026-07-08T22:23:09.669506,17006837760,16351444992,655392768,3.9,13934280704,1008189440,1845297152,116834304,2441084928
2026-07-08T22:23:10.669834,17006837760,16349954048,656883712,3.9,13932789760,1008189440,1845297152,116834304,2441084928
2026-07-08T22:23:11.670158,17006837760,16349872128,656965632,3.9,13932707840,1008189440,1845297152,116834304,2441084928
2026-07-08T22:23:12.670443,17006837760,16350773248,656064512,3.9,13933608960,1008189440,1845297152,116834304,2441084928
2026-07-08T22:23:13.670763,17006837760,16351297536,655540224,3.9,13934133248,1008189440,1845297152,116834304,2441084928
2026-07-08T22:23:14.671075,17006837760,16350052352,656785408,3.9,13932888064,1008189440,1845297152,116834304,2441084928
2026-07-08T22:23:15.671394,17006837760,16349560832,657276928,3.9,13932396544,1008189440,1845297152,116834304,2441084928
2026-07-08T22:23:16.671675,17006837760,16349544448,657293312,3.9,13932380160,1008189440,1845297152,116834304,2441084928
2026-07-08T22:23:17.672004,17006837760,16348561408,658276352,3.9,13931397120,1008189440,1845297152,116834304,2441084928
2026-07-08T22:23:18.672290,17006837760,16348807168,658030592,3.9,13931642880,1008189440,1845297152,116834304,2441084928
2026-07-08T22:23:19.672631,17006837760,16348971008,657866752,3.9,13931806720,1008189440,1845297152,116834304,2441101312
2026-07-08T22:23:20.672947,17006837760,16349282304,657555456,3.9,13932118016,1008189440,1845297152,116834304,2441101312
2026-07-08T22:23:21.673198,17006837760,16349298688,657539072,3.9,13932134400,1008189440,1845297152,116834304,2441101312
2026-07-08T22:23:22.673431,17006837760,16349790208,657047552,3.9,13932625920,1008189440,1845297152,116834304,2441101312
2026-07-08T22:23:23.673656,17006837760,16348971008,657866752,3.9,13931806720,1008189440,1845297152,116834304,2441101312
2026-07-08T22:23:24.673880,17006837760,16347496448,659341312,3.9,13930332160,1008189440,1845297152,116834304,2441101312
2026-07-08T22:23:25.674095,17006837760,16346742784,660094976,3.9,13929578496,1008189440,1845297152,116834304,2441101312
2026-07-08T22:23:26.674351,17006837760,16347856896,658980864,3.9,13930692608,1008189440,1845297152,116834304,2441101312
2026-07-08T22:23:27.674588,17006837760,16348413952,658423808,3.9,13931249664,1008189440,1845297152,116834304,2441101312
2026-07-08T22:23:28.674808,17006837760,16348659712,658178048,3.9,13931495424,1008189440,1845297152,116834304,2441101312
2026-07-08T22:23:29.675032,17006837760,16346578944,660258816,3.9,13929414656,1008189440,1845297152,116834304,2441101312
2026-07-08T22:23:30.675257,17006837760,16346284032,660553728,3.9,13929119744,1008189440,1845297152,116834304,2441117696
2026-07-08T22:23:31.675477,17006837760,16347365376,659472384,3.9,13930201088,1008189440,1845297152,116834304,2441117696
2026-07-08T22:23:32.675732,17006837760,16348332032,658505728,3.9,13931167744,1008189440,1845297152,116834304,2441117696
2026-07-08T22:23:33.676005,17006837760,16348577792,658259968,3.9,13931397120,1008189440,1845313536,116834304,2441117696
2026-07-08T22:23:34.676322,17006837760,16348577792,658259968,3.9,13931397120,1008189440,1845313536,116834304,2441117696
2026-07-08T22:23:35.676561,17006837760,16349446144,657391616,3.9,13932265472,1008189440,1845313536,116834304,2441117696
2026-07-08T22:23:36.676780,17006837760,16348135424,658702336,3.9,13930954752,1008189440,1845313536,116834304,2441117696
2026-07-08T22:23:37.677003,17006837760,16347987968,658849792,3.9,13930807296,1008222208,1845313536,116834304,2441117696
2026-07-08T22:23:38.677228,17006837760,16348528640,658309120,3.9,13931347968,1008222208,1845313536,116834304,2441117696
2026-07-08T22:23:39.677456,17006837760,16348790784,658046976,3.9,13931610112,1008222208,1845313536,116834304,2441117696
2026-07-08T22:23:40.677708,17006837760,16349036544,657801216,3.9,13931855872,1008222208,1845313536,116834304,2441117696
2026-07-08T22:23:41.677988,17006837760,16348807168,658030592,3.9,13931626496,1008222208,1845313536,116834304,2441117696
2026-07-08T22:23:42.678360,17006837760,16346578944,660258816,3.9,13929398272,1008222208,1845313536,116834304,2441134080
2026-07-08T22:23:43.678638,17006837760,16345006080,661831680,3.9,13927825408,1008222208,1845313536,116834304,2441134080
2026-07-08T22:23:44.678918,17006837760,16347217920,659619840,3.9,13930037248,1008222208,1845313536,116834304,2441134080
2026-07-08T22:23:45.679275,17006837760,16348037120,658800640,3.9,13930856448,1008222208,1845313536,116834304,2441134080
2026-07-08T22:23:46.679527,17006837760,16348971008,657866752,3.9,13931790336,1008222208,1845313536,116834304,2441134080
2026-07-08T22:23:47.679807,17006837760,16348708864,658128896,3.9,13931528192,1008222208,1845313536,116834304,2441134080
2026-07-08T22:23:48.680084,17006837760,16349921280,656916480,3.9,13932740608,1008222208,1845313536,116834304,2441134080
2026-07-08T22:23:49.680363,17006837760,16350429184,656408576,3.9,13933248512,1008222208,1845313536,116834304,2441134080
2026-07-08T22:23:50.680837,17006837760,16350429184,656408576,3.9,13933248512,1008222208,1845313536,116834304,2441134080
2026-07-08T22:23:51.681172,17006837760,16348725248,658112512,3.9,13931544576,1008222208,1845313536,116834304,2441134080
2026-07-08T22:23:52.681442,17006837760,16349315072,657522688,3.9,13932134400,1008222208,1845313536,116834304,2441134080
2026-07-08T22:23:53.681701,17006837760,16349560832,657276928,3.9,13932380160,1008222208,1845313536,116834304,2441150464
2026-07-08T22:23:54.681966,17006837760,16349315072,657522688,3.9,13932134400,1008222208,1845313536,116834304,2441150464
2026-07-08T22:23:55.682231,17006837760,16350511104,656326656,3.9,13933330432,1008222208,1845313536,116834304,2441150464
2026-07-08T22:23:56.682495,17006837760,16350822400,656015360,3.9,13933641728,1008222208,1845313536,116834304,2441150464
2026-07-08T22:23:57.682881,17006837760,16351313920,655523840,3.9,13934133248,1008222208,1845313536,116834304,2441150464
2026-07-08T22:23:58.683167,17006837760,16351313920,655523840,3.9,13934133248,1008222208,1845313536,116834304,2441150464
2026-07-08T22:23:59.683385,17006837760,16351543296,655294464,3.9,13934362624,1008222208,1845313536,116834304,2441150464
2026-07-08T22:24:00.683604,17006837760,16351805440,655032320,3.9,13934624768,1008222208,1845313536,116834304,2441150464
2026-07-08T22:24:01.683822,17006837760,16351084544,655753216,3.9,13933903872,1008222208,1845313536,116834304,2441150464
2026-07-08T22:24:02.684095,17006837760,16350855168,655982592,3.9,13933674496,1008222208,1845313536,116834304,2441150464
2026-07-08T22:24:03.684432,17006837760,16350363648,656474112,3.9,13933182976,1008222208,1845313536,116834304,2441150464
2026-07-08T22:24:04.684728,17006837760,16351100928,655736832,3.9,13933920256,1008222208,1845313536,116834304,2441150464
2026-07-08T22:24:05.684967,17006837760,16349626368,657211392,3.9,13932445696,1008222208,1845313536,116834304,2441166848
2026-07-08T22:24:06.685189,17006837760,16349626368,657211392,3.9,13932445696,1008222208,1845313536,116834304,2441166848
2026-07-08T22:24:07.685360,17006837760,16349396992,657440768,3.9,13932216320,1008222208,1845313536,116834304,2441166848
2026-07-08T22:24:08.685621,17006837760,16349708288,657129472,3.9,13932445696,1008353280,1845395456,116834304,2441166848
2026-07-08T22:24:09.685867,17006837760,16350937088,655900672,3.9,13933674496,1008353280,1845395456,116834304,2441166848
2026-07-08T22:24:10.686089,17006837760,16349954048,656883712,3.9,13932691456,1008353280,1845395456,116834304,2441166848
2026-07-08T22:24:11.686308,17006837760,16350199808,656637952,3.9,13932937216,1008353280,1845395456,116834304,2441166848
2026-07-08T22:24:12.686528,17006837760,16351674368,655163392,3.9,13934411776,1008353280,1845395456,116834304,2441166848
2026-07-08T22:24:13.686747,17006837760,16350920704,655917056,3.9,13933658112,1008353280,1845395456,116834304,2441166848
2026-07-08T22:24:14.686979,17006837760,16351166464,655671296,3.9,13933903872,1008353280,1845395456,116834304,2441166848
2026-07-08T22:24:15.687215,17006837760,16349691904,657145856,3.9,13932429312,1008353280,1845395456,116834304,2441166848
2026-07-08T22:24:16.687436,17006837760,16350167040,656670720,3.9,13932904448,1008353280,1845395456,116834304,2441183232
2026-07-08T22:24:17.687652,17006837760,16351330304,655507456,3.9,13934067712,1008353280,1845395456,116834304,2441183232
2026-07-08T22:24:18.687871,17006837760,16349593600,657244160,3.9,13932331008,1008353280,1845395456,116834304,2441183232
2026-07-08T22:24:19.688128,17006837760,16350183424,656654336,3.9,13932920832,1008353280,1845395456,116834304,2441183232
2026-07-08T22:24:20.688363,17006837760,16351559680,655278080,3.9,13934297088,1008353280,1845395456,116834304,2441183232
2026-07-08T22:24:21.688581,17006837760,16351330304,655507456,3.9,13934067712,1008353280,1845395456,116834304,2441183232
2026-07-08T22:24:22.688801,17006837760,16349626368,657211392,3.9,13932363776,1008353280,1845395456,116834304,2441183232
2026-07-08T22:24:23.689021,17006837760,16350363648,656474112,3.9,13933101056,1008353280,1845395456,116834304,2441183232
2026-07-08T22:24:24.689249,17006837760,16351264768,655572992,3.9,13934002176,1008353280,1845395456,116834304,2441183232
2026-07-08T22:24:25.689491,17006837760,16350855168,655982592,3.9,13933592576,1008353280,1845395456,116834304,2441183232
2026-07-08T22:24:26.689757,17006837760,16350117888,656719872,3.9,13932855296,1008353280,1845395456,116834304,2441183232
2026-07-08T22:24:27.689990,17006837760,16348397568,658440192,3.9,13931134976,1008353280,1845395456,116834304,2441183232
2026-07-08T22:24:28.690207,17006837760,16347168768,659668992,3.9,13929906176,1008353280,1845395456,116834304,2441199616
2026-07-08T22:24:29.690424,17006837760,16348397568,658440192,3.9,13931134976,1008353280,1845395456,116834304,2441199616
2026-07-08T22:24:30.690641,17006837760,16349036544,657801216,3.9,13931773952,1008353280,1845395456,116834304,2441199616
2026-07-08T22:24:31.690856,17006837760,16349544448,657293312,3.9,13932281856,1008353280,1845395456,116834304,2441199616
2026-07-08T22:24:32.691252,17006837760,16350265344,656572416,3.9,13933002752,1008353280,1845395456,116834304,2441199616
2026-07-08T22:24:33.691641,17006837760,16351084544,655753216,3.9,13933821952,1008353280,1845395456,116834304,2441199616
2026-07-08T22:24:34.691863,17006837760,16349118464,657719296,3.9,13931855872,1008353280,1845395456,116834304,2441199616
2026-07-08T22:24:35.692140,17006837760,16348839936,657997824,3.9,13931577344,1008353280,1845395456,116834304,2441199616
2026-07-08T22:24:36.692358,17006837760,16349085696,657752064,3.9,13931823104,1008353280,1845395456,116834304,2441199616
2026-07-08T22:24:37.692621,17006837760,16349560832,657276928,3.9,13932298240,1008353280,1845395456,116834304,2441199616
2026-07-08T22:24:38.692892,17006837760,16349806592,657031168,3.9,13932544000,1008353280,1845395456,116834304,2441199616
2026-07-08T22:24:39.693165,17006837760,16350576640,656261120,3.9,13933281280,1008730112,1845428224,116834304,2441199616
2026-07-08T22:24:40.693477,17006837760,16349691904,657145856,3.9,13932396544,1008730112,1845428224,116834304,2441216000
2026-07-08T22:24:41.693769,17006837760,16350150656,656687104,3.9,13932855296,1008730112,1845428224,116834304,2441216000
2026-07-08T22:24:42.694015,17006837760,16350625792,656211968,3.9,13933330432,1008730112,1845428224,116834304,2441216000
2026-07-08T22:24:43.694838,17006837760,16350445568,656392192,3.9,13933150208,1008730112,1845428224,116834304,2441216000
2026-07-08T22:24:44.695063,17006837760,16348758016,658079744,3.9,13931429888,1008828416,1845460992,116834304,2441216000
2026-07-08T22:24:45.695339,17006837760,16349003776,657833984,3.9,13931675648,1008828416,1845460992,116834304,2441216000
2026-07-08T22:24:46.695615,17006837760,16348774400,658063360,3.9,13931446272,1008828416,1845460992,116834304,2441216000
2026-07-08T22:24:47.695986,17006837760,16349020160,657817600,3.9,13931692032,1008828416,1845460992,116834304,2441216000
2026-07-08T22:24:48.696328,17006837760,16349282304,657555456,3.9,13931954176,1008828416,1845460992,116834304,2441216000
2026-07-08T22:24:49.696714,17006837760,16351002624,655835136,3.9,13933674496,1008828416,1845460992,116834304,2441216000
2026-07-08T22:24:50.697098,17006837760,16350019584,656818176,3.9,13932691456,1008828416,1845460992,116834304,2441216000
2026-07-08T22:24:51.697406,17006837760,16350265344,656572416,3.9,13932937216,1008828416,1845460992,116834304,2441232384
2026-07-08T22:24:52.697758,17006837760,16351657984,655179776,3.9,13934329856,1008828416,1845460992,116834304,2441232384
2026-07-08T22:24:53.698094,17006837760,16350674944,656162816,3.9,13933346816,1008828416,1845460992,116834304,2441232384
2026-07-08T22:24:54.698375,17006837760,16350183424,656654336,3.9,13932855296,1008828416,1845460992,116834304,2441232384
2026-07-08T22:24:55.698656,17006837760,16349724672,657113088,3.9,13932396544,1008828416,1845460992,116834304,2441232384
2026-07-08T22:24:56.698981,17006837760,16349462528,657375232,3.9,13932134400,1008828416,1845460992,116834304,2441232384
2026-07-08T22:24:57.699346,17006837760,16349462528,657375232,3.9,13932134400,1008828416,1845460992,116834304,2441232384
2026-07-08T22:24:58.699701,17006837760,16350789632,656048128,3.9,13933461504,1008828416,1845460992,116834304,2441232384
2026-07-08T22:24:59.700044,17006837760,16350806016,656031744,3.9,13933477888,1008828416,1845460992,116834304,2441232384
2026-07-08T22:25:00.700343,17006837760,16350314496,656523264,3.9,13932986368,1008828416,1845460992,116834304,2441232384
2026-07-08T22:25:01.700625,17006837760,16350953472,655884288,3.9,13933625344,1008828416,1845460992,116834304,2441232384
2026-07-08T22:25:02.700905,17006837760,16350265344,656572416,3.9,13932937216,1008828416,1845460992,116834304,2441248768
2026-07-08T22:25:03.701271,17006837760,16346824704,660013056,3.9,13929496576,1008828416,1845460992,116834304,2441248768
2026-07-08T22:25:04.701527,17006837760,16347332608,659505152,3.9,13930004480,1008828416,1845460992,116834304,2441248768
2026-07-08T22:25:05.701812,17006837760,16348839936,657997824,3.9,13931511808,1008828416,1845460992,116834304,2441248768
2026-07-08T22:25:06.702095,17006837760,16349544448,657293312,3.9,13932216320,1008828416,1845460992,116834304,2441248768
2026-07-08T22:25:07.702377,17006837760,16349790208,657047552,3.9,13932462080,1008828416,1845460992,116834304,2441248768
2026-07-08T22:25:08.702663,17006837760,16350281728,656556032,3.9,13932953600,1008828416,1845460992,116834304,2441248768
2026-07-08T22:25:09.702953,17006837760,16350281728,656556032,3.9,13932953600,1008828416,1845460992,116834304,2441248768
2026-07-08T22:25:10.703275,17006837760,16350773248,656064512,3.9,13933445120,1008828416,1845460992,116834304,2441248768
2026-07-08T22:25:11.703577,17006837760,16350511104,656326656,3.9,13933182976,1008828416,1845460992,116834304,2441248768
2026-07-08T22:25:12.703862,17006837760,16350019584,656818176,3.9,13932691456,1008828416,1845460992,116834304,2441248768
2026-07-08T22:25:13.704143,17006837760,16349003776,657833984,3.9,13931675648,1008828416,1845460992,116834304,2441248768
2026-07-08T22:25:14.704421,17006837760,16347774976,659062784,3.9,13930446848,1008828416,1845460992,116834304,2441265152
2026-07-08T22:25:15.704703,17006837760,16349265920,657571840,3.9,13931937792,1008828416,1845460992,116834304,2441265152
2026-07-08T22:25:16.705048,17006837760,16348282880,658554880,3.9,13930954752,1008828416,1845460992,116834304,2441265152
2026-07-08T22:25:17.705415,17006837760,16349528064,657309696,3.9,13932199936,1008828416,1845460992,116834304,2441265152
2026-07-08T22:25:18.705803,17006837760,16350478336,656359424,3.9,13933150208,1008828416,1845460992,116834304,2441265152
2026-07-08T22:25:19.706212,17006837760,16350019584,656818176,3.9,13932691456,1008828416,1845460992,116834304,2441265152
2026-07-08T22:25:20.706534,17006837760,16348872704,657965056,3.9,13931544576,1008861184,1845460992,116834304,2441265152
2026-07-08T22:25:21.706814,17006837760,16348381184,658456576,3.9,13931053056,1008861184,1845460992,116834304,2441265152
2026-07-08T22:25:22.707089,17006837760,16348872704,657965056,3.9,13931544576,1008861184,1845460992,116834304,2441265152
2026-07-08T22:25:23.707371,17006837760,16350085120,656752640,3.9,13932756992,1008861184,1845460992,116834304,2441265152
2026-07-08T22:25:24.707738,17006837760,16349839360,656998400,3.9,13932511232,1008861184,1845460992,116834304,2441265152
2026-07-08T22:25:25.708032,17006837760,16350511104,656326656,3.9,13933182976,1008861184,1845460992,116834304,2441265152
2026-07-08T22:25:26.708369,17006837760,16350576640,656261120,3.9,13933248512,1008861184,1845460992,116834304,2441281536
2026-07-08T22:25:27.708701,17006837760,16350085120,656752640,3.9,13932756992,1008861184,1845460992,116834304,2441281536
2026-07-08T22:25:28.708987,17006837760,16350330880,656506880,3.9,13933002752,1008861184,1845460992,116834304,2441281536
2026-07-08T22:25:29.709284,17006837760,16350560256,656277504,3.9,13933232128,1008861184,1845460992,116834304,2441281536
2026-07-08T22:25:30.709644,17006837760,16350904320,655933440,3.9,13933576192,1008861184,1845460992,116834304,2441281536
2026-07-08T22:25:31.709982,17006837760,16350396416,656441344,3.9,13933068288,1008861184,1845460992,116834304,2441281536
2026-07-08T22:25:32.710360,17006837760,16348921856,657915904,3.9,13931593728,1008861184,1845460992,116834304,2441281536
2026-07-08T22:25:33.710739,17006837760,16350085120,656752640,3.9,13932756992,1008861184,1845460992,116834304,2441281536
2026-07-08T22:25:34.711090,17006837760,16348610560,658227200,3.9,13931282432,1008861184,1845460992,116834304,2441281536
2026-07-08T22:25:35.711422,17006837760,16348626944,658210816,3.9,13931298816,1008861184,1845460992,116834304,2441281536
2026-07-08T22:25:36.711753,17006837760,16349347840,657489920,3.9,13932019712,1008861184,1845460992,116834304,2441281536
2026-07-08T22:25:37.712133,17006837760,16351068160,655769600,3.9,13933740032,1008861184,1845460992,116834304,2441281536
2026-07-08T22:25:38.712498,17006837760,16348610560,658227200,3.9,13931282432,1008861184,1845460992,116834304,2441297920
2026-07-08T22:25:39.712848,17006837760,16348856320,657981440,3.9,13931528192,1008861184,1845460992,116834304,2441297920
2026-07-08T22:25:40.713193,17006837760,16349118464,657719296,3.9,13931790336,1008861184,1845460992,116834304,2441297920
2026-07-08T22:25:41.713509,17006837760,16349413376,657424384,3.9,13932036096,1008926720,1845510144,116834304,2441297920
2026-07-08T22:25:42.713788,17006837760,16349413376,657424384,3.9,13932036096,1008926720,1845510144,116834304,2441297920
2026-07-08T22:25:43.714064,17006837760,16349380608,657457152,3.9,13932003328,1008926720,1845510144,116834304,2441297920
2026-07-08T22:25:44.714346,17006837760,16349118464,657719296,3.9,13931741184,1008926720,1845510144,116834304,2441297920
2026-07-08T22:25:45.714870,17006837760,16346906624,659931136,3.9,13929529344,1008926720,1845510144,116834304,2441297920
2026-07-08T22:25:46.715375,17006837760,16347381760,659456000,3.9,13930004480,1008926720,1845510144,116834304,2441297920
2026-07-08T22:25:47.715712,17006837760,16348135424,658702336,3.9,13930758144,1008926720,1845510144,116834304,2441297920
2026-07-08T22:25:48.716071,17006837760,16348282880,658554880,3.9,13930905600,1008926720,1845510144,116834304,2441297920
2026-07-08T22:25:49.716401,17006837760,16349003776,657833984,3.9,13931626496,1008926720,1845510144,116834304,2441314304
2026-07-08T22:25:50.716701,17006837760,16349020160,657817600,3.9,13931642880,1008943104,1845510144,116834304,2441314304
2026-07-08T22:25:51.716982,17006837760,16349986816,656850944,3.9,13932609536,1008943104,1845510144,116834304,2441314304
2026-07-08T22:25:52.717273,17006837760,16350330880,656506880,3.9,13932953600,1008943104,1845510144,116834304,2441314304
2026-07-08T22:25:53.717554,17006837760,16350986240,655851520,3.9,13933608960,1008943104,1845510144,116834304,2441314304
2026-07-08T22:25:54.717910,17006837760,16350740480,656097280,3.9,13933363200,1008943104,1845510144,116834304,2441314304
2026-07-08T22:25:55.718327,17006837760,16351002624,655835136,3.9,13933625344,1008943104,1845510144,116834304,2441314304
2026-07-08T22:25:56.718675,17006837760,16351739904,655097856,3.9,13934362624,1008943104,1845510144,116834304,2441314304
2026-07-08T22:25:57.719046,17006837760,16351313920,655523840,3.9,13933936640,1008943104,1845510144,116834304,2441314304
2026-07-08T22:25:58.719395,17006837760,16349118464,657719296,3.9,13931741184,1008943104,1845510144,116834304,2441314304
2026-07-08T22:25:59.719699,17006837760,16348364800,658472960,3.9,13930987520,1008943104,1845510144,116834304,2441314304
2026-07-08T22:26:00.719979,17006837760,16346152960,660684800,3.9,13928775680,1008943104,1845510144,116834304,2441314304
2026-07-08T22:26:01.720273,17006837760,16345513984,661323776,3.9,13928136704,1008943104,1845510144,116834304,2441330688
2026-07-08T22:26:02.720621,17006837760,16346742784,660094976,3.9,13929365504,1008943104,1845510144,116834304,2441330688
2026-07-08T22:26:03.720900,17006837760,16347463680,659374080,3.9,13930086400,1008943104,1845510144,116834304,2441330688
2026-07-08T22:26:04.721583,17006837760,16346710016,660127744,3.9,13929332736,1008943104,1845510144,116834304,2441330688
2026-07-08T22:26:05.722023,17006837760,16346955776,659881984,3.9,13929578496,1008943104,1845510144,116834304,2441330688
2026-07-08T22:26:06.722301,17006837760,16349626368,657211392,3.9,13932249088,1008943104,1845510144,116834304,2441330688
2026-07-08T22:26:07.722582,17006837760,16348987392,657850368,3.9,13931610112,1008943104,1845510144,116834304,2441330688
2026-07-08T22:26:08.722862,17006837760,16349986816,656850944,3.9,13932609536,1008943104,1845510144,116834304,2441330688
2026-07-08T22:26:09.723165,17006837760,16348266496,658571264,3.9,13930889216,1008943104,1845510144,116834304,2441330688
2026-07-08T22:26:10.723496,17006837760,16347758592,659079168,3.9,13930381312,1008943104,1845510144,116834304,2441330688
2026-07-08T22:26:11.723835,17006837760,16346562560,660275200,3.9,13929168896,1008975872,1845526528,116834304,2441330688
2026-07-08T22:26:12.724194,17006837760,16345579520,661258240,3.9,13928185856,1008975872,1845526528,116834304,2441347072
2026-07-08T22:26:13.724679,17006837760,16344596480,662241280,3.9,13927202816,1008975872,1845526528,116834304,2441347072
2026-07-08T22:26:14.724999,17006837760,16345071616,661766144,3.9,13927677952,1008975872,1845526528,116834304,2441347072
2026-07-08T22:26:15.725291,17006837760,16347283456,659554304,3.9,13929889792,1008975872,1845526528,116834304,2441347072
2026-07-08T22:26:16.725569,17006837760,16345808896,661028864,3.9,13928415232,1008975872,1845526528,116834304,2441347072
2026-07-08T22:26:17.725897,17006837760,16346333184,660504576,3.9,13928939520,1008975872,1845526528,116834304,2441347072
2026-07-08T22:26:18.726255,17006837760,16348397568,658440192,3.9,13931003904,1008975872,1845526528,116834304,2441347072
2026-07-08T22:26:19.726587,17006837760,16349954048,656883712,3.9,13932560384,1008975872,1845526528,116834304,2441347072
2026-07-08T22:26:20.726942,17006837760,16349462528,657375232,3.9,13932068864,1008975872,1845526528,116834304,2441347072
2026-07-08T22:26:21.727318,17006837760,16349446144,657391616,3.9,13932052480,1008992256,1845526528,116834304,2441347072
2026-07-08T22:26:22.727615,17006837760,16349691904,657145856,3.9,13932298240,1008992256,1845526528,116834304,2441347072
2026-07-08T22:26:23.727894,17006837760,16347480064,659357696,3.9,13930086400,1008992256,1845526528,116834304,2441363456
2026-07-08T22:26:24.728175,17006837760,16348102656,658735104,3.9,13930708992,1008992256,1845526528,116834304,2441363456
2026-07-08T22:26:25.728454,17006837760,16348758016,658079744,3.9,13931364352,1008992256,1845526528,116834304,2441363456
2026-07-08T22:26:26.728734,17006837760,16348987392,657850368,3.9,13931593728,1008992256,1845526528,116834304,2441363456
2026-07-08T22:26:27.729061,17006837760,16348495872,658341888,3.9,13931102208,1008992256,1845526528,116834304,2441363456
2026-07-08T22:26:28.729508,17006837760,16348987392,657850368,3.9,13931593728,1008992256,1845526528,116834304,2441363456
2026-07-08T22:26:29.729921,17006837760,16346562560,660275200,3.9,13929168896,1008992256,1845526528,116834304,2441363456
2026-07-08T22:26:30.730266,17006837760,16347529216,659308544,3.9,13930135552,1008992256,1845526528,116834304,2441363456
2026-07-08T22:26:31.730624,17006837760,16349052928,657784832,3.9,13931659264,1008992256,1845526528,116834304,2441363456
2026-07-08T22:26:32.730952,17006837760,16349052928,657784832,3.9,13931659264,1008992256,1845526528,116834304,2441363456
2026-07-08T22:26:33.731308,17006837760,16348463104,658374656,3.9,13931069440,1008992256,1845526528,116834304,2441363456
2026-07-08T22:26:34.731658,17006837760,16349446144,657391616,3.9,13932052480,1008992256,1845526528,116834304,2441363456
2026-07-08T22:26:35.731997,17006837760,16350052352,656785408,3.9,13932658688,1008992256,1845526528,116834304,2441363456
2026-07-08T22:26:36.732492,17006837760,16349052928,657784832,3.9,13931659264,1008992256,1845526528,116834304,2441379840
2026-07-08T22:26:37.732817,17006837760,16349462528,657375232,3.9,13932068864,1008992256,1845526528,116834304,2441379840
2026-07-08T22:26:38.733091,17006837760,16349970432,656867328,3.9,13932576768,1008992256,1845526528,116834304,2441379840
2026-07-08T22:26:39.733375,17006837760,16351395840,655441920,3.9,13934002176,1008992256,1845526528,116834304,2441379840
2026-07-08T22:26:40.733649,17006837760,16350642176,656195584,3.9,13933248512,1008992256,1845526528,116834304,2441379840
2026-07-08T22:26:41.734015,17006837760,16350871552,655966208,3.9,13933477888,1008992256,1845526528,116834304,2441379840
2026-07-08T22:26:42.734379,17006837760,16351281152,655556608,3.9,13933740032,1009090560,1845673984,116834304,2441379840
2026-07-08T22:26:43.734729,17006837760,16350560256,656277504,3.9,13933019136,1009090560,1845673984,116834304,2441379840
2026-07-08T22:26:44.735064,17006837760,16350543872,656293888,3.9,13933002752,1009090560,1845673984,116834304,2441379840
2026-07-08T22:26:45.735357,17006837760,16351002624,655835136,3.9,13933461504,1009090560,1845673984,116834304,2441379840
2026-07-08T22:26:46.735706,17006837760,16351232000,655605760,3.9,13933690880,1009090560,1845673984,116834304,2441379840
2026-07-08T22:26:47.736038,17006837760,16350740480,656097280,3.9,13933199360,1009090560,1845673984,116834304,2441396224
2026-07-08T22:26:48.736323,17006837760,16350740480,656097280,3.9,13933199360,1009090560,1845673984,116834304,2441396224
2026-07-08T22:26:49.736603,17006837760,16351461376,655376384,3.9,13933920256,1009090560,1845673984,116834304,2441396224
2026-07-08T22:26:50.737005,17006837760,16351477760,655360000,3.9,13933936640,1009090560,1845673984,116834304,2441396224
2026-07-08T22:26:51.737518,17006837760,16350494720,656343040,3.9,13932953600,1009090560,1845673984,116834304,2441396224
2026-07-08T22:26:52.737800,17006837760,16350494720,656343040,3.9,13932953600,1009090560,1845673984,116834304,2441396224
2026-07-08T22:26:53.738148,17006837760,16350904320,655933440,3.9,13933363200,1009090560,1845673984,116834304,2441396224
2026-07-08T22:26:54.738435,17006837760,16350904320,655933440,3.9,13933363200,1009090560,1845673984,116834304,2441396224
2026-07-08T22:26:55.738776,17006837760,16350429184,656408576,3.9,13932888064,1009090560,1845673984,116834304,2441396224
2026-07-08T22:26:56.739092,17006837760,16350969856,655867904,3.9,13933428736,1009090560,1845673984,116834304,2441396224
2026-07-08T22:26:57.739374,17006837760,16350969856,655867904,3.9,13933412352,1009238016,1845690368,116834304,2441396224
2026-07-08T22:26:58.739656,17006837760,16350724096,656113664,3.9,13933166592,1009238016,1845690368,116834304,2441412608
2026-07-08T22:26:59.739941,17006837760,16351379456,655458304,3.9,13933821952,1009238016,1845690368,116834304,2441412608
2026-07-08T22:27:00.740224,17006837760,16351117312,655720448,3.9,13933559808,1009238016,1845690368,116834304,2441412608
2026-07-08T22:27:01.740557,17006837760,16350396416,656441344,3.9,13932838912,1009238016,1845690368,116834304,2441412608
2026-07-08T22:27:02.740924,17006837760,16350609408,656228352,3.9,13933051904,1009238016,1845690368,116834304,2441412608
2026-07-08T22:27:03.741221,17006837760,16347496448,659341312,3.9,13929938944,1009238016,1845690368,116834304,2441412608
2026-07-08T22:27:04.741518,17006837760,16347725824,659111936,3.9,13930168320,1009238016,1845690368,116834304,2441412608
2026-07-08T22:27:05.741802,17006837760,16347758592,659079168,3.9,13930201088,1009238016,1845690368,116834304,2441412608
2026-07-08T22:27:06.742087,17006837760,16348676096,658161664,3.9,13931118592,1009238016,1845690368,116834304,2441412608
2026-07-08T22:27:07.742371,17006837760,16349249536,657588224,3.9,13931692032,1009238016,1845690368,116834304,2441412608
2026-07-08T22:27:08.742707,17006837760,16350281728,656556032,3.9,13932724224,1009238016,1845690368,116834304,2441412608
2026-07-08T22:27:09.743051,17006837760,16347332608,659505152,3.9,13929775104,1009238016,1845690368,116834304,2441412608
2026-07-08T22:27:10.743394,17006837760,16346349568,660488192,3.9,13928792064,1009238016,1845690368,116834304,2441428992
2026-07-08T22:27:11.743745,17006837760,16348086272,658751488,3.9,13930528768,1009238016,1845690368,116834304,2441428992
2026-07-08T22:27:12.744081,17006837760,16349069312,657768448,3.9,13931511808,1009238016,1845690368,116834304,2441428992
2026-07-08T22:27:13.744384,17006837760,16348069888,658767872,3.9,13930512384,1009238016,1845690368,116834304,2441428992
2026-07-08T22:27:14.744670,17006837760,16348364800,658472960,3.9,13930807296,1009238016,1845690368,116834304,2441428992
2026-07-08T22:27:15.744954,17006837760,16349265920,657571840,3.9,13931708416,1009238016,1845690368,116834304,2441428992
2026-07-08T22:27:16.745252,17006837760,16349757440,657080320,3.9,13932199936,1009238016,1845690368,116834304,2441428992
2026-07-08T22:27:17.745536,17006837760,16350248960,656588800,3.9,13932691456,1009238016,1845690368,116834304,2441428992
2026-07-08T22:27:18.745868,17006837760,16350265344,656572416,3.9,13932707840,1009238016,1845690368,116834304,2441428992
2026-07-08T22:27:19.746222,17006837760,16350494720,656343040,3.9,13932937216,1009238016,1845690368,116834304,2441428992
2026-07-08T22:27:20.746506,17006837760,16349675520,657162240,3.9,13932118016,1009238016,1845690368,116834304,2441428992
2026-07-08T22:27:21.746869,17006837760,16349167616,657670144,3.9,13931610112,1009238016,1845690368,116834304,2441445376
2026-07-08T22:27:22.747215,17006837760,16345989120,660848640,3.9,13928431616,1009238016,1845690368,116834304,2441445376
2026-07-08T22:27:23.747610,17006837760,16347938816,658898944,3.9,13930381312,1009238016,1845690368,116834304,2441445376
2026-07-08T22:27:24.747979,17006837760,16349200384,657637376,3.9,13931642880,1009238016,1845690368,116834304,2441445376
2026-07-08T22:27:25.748313,17006837760,16349134848,657702912,3.9,13931577344,1009238016,1845690368,116834304,2441445376
2026-07-08T22:27:26.748591,17006837760,16348233728,658604032,3.9,13930676224,1009238016,1845690368,116834304,2441445376
2026-07-08T22:27:27.748943,17006837760,16348971008,657866752,3.9,13931413504,1009238016,1845690368,116834304,2441445376
2026-07-08T22:27:28.749233,17006837760,16348921856,657915904,3.9,13931364352,1009238016,1845690368,116834304,2441445376
2026-07-08T22:27:29.749658,17006837760,16349151232,657686528,3.9,13931593728,1009238016,1845690368,116834304,2441445376
2026-07-08T22:27:30.750186,17006837760,16349134848,657702912,3.9,13931577344,1009238016,1845690368,116834304,2441445376
2026-07-08T22:27:31.750473,17006837760,16347742208,659095552,3.9,13930184704,1009238016,1845690368,116834304,2441445376
2026-07-08T22:27:32.750751,17006837760,16348381184,658456576,3.9,13930823680,1009238016,1845690368,116834304,2441445376
2026-07-08T22:27:33.751047,17006837760,16349593600,657244160,3.9,13932036096,1009238016,1845690368,116834304,2441461760
2026-07-08T22:27:34.751365,17006837760,16348594176,658243584,3.9,13931036672,1009238016,1845690368,116834304,2441461760
2026-07-08T22:27:35.751778,17006837760,16348610560,658227200,3.9,13931053056,1009238016,1845690368,116834304,2441461760
2026-07-08T22:27:36.752225,17006837760,16348807168,658030592,3.9,13931249664,1009238016,1845690368,116834304,2441461760
2026-07-08T22:27:37.752775,17006837760,16347922432,658915328,3.9,13930364928,1009238016,1845690368,116834304,2441461760
2026-07-08T22:27:38.753147,17006837760,16348659712,658178048,3.9,13931102208,1009238016,1845690368,116834304,2441461760
2026-07-08T22:27:39.753431,17006837760,16349642752,657195008,3.9,13932085248,1009238016,1845690368,116834304,2441461760
2026-07-08T22:27:40.753714,17006837760,16349642752,657195008,3.9,13932085248,1009238016,1845690368,116834304,2441461760
2026-07-08T22:27:41.754031,17006837760,16350134272,656703488,3.9,13932576768,1009238016,1845690368,116834304,2441461760
2026-07-08T22:27:42.754422,17006837760,16350855168,655982592,3.9,13933297664,1009238016,1845690368,116834304,2441461760
2026-07-08T22:27:43.754790,17006837760,16350609408,656228352,3.9,13933051904,1009238016,1845690368,116834304,2441478144
2026-07-08T22:27:44.755157,17006837760,16350380032,656457728,3.9,13932822528,1009238016,1845690368,116834304,2441478144
2026-07-08T22:27:45.755500,17006837760,16350838784,655998976,3.9,13933281280,1009238016,1845690368,116834304,2441478144
2026-07-08T22:27:46.755782,17006837760,16349102080,657735680,3.9,13931544576,1009238016,1845690368,116834304,2441478144
2026-07-08T22:27:47.756066,17006837760,16349102080,657735680,3.9,13931544576,1009238016,1845690368,116834304,2441478144
2026-07-08T22:27:48.756353,17006837760,16350101504,656736256,3.9,13932544000,1009238016,1845690368,116834304,2441478144
2026-07-08T22:27:49.756682,17006837760,16350085120,656752640,3.9,13932527616,1009238016,1845690368,116834304,2441478144
2026-07-08T22:27:50.756981,17006837760,16350068736,656769024,3.9,13932511232,1009238016,1845690368,116834304,2441478144
2026-07-08T22:27:51.757273,17006837760,16350756864,656080896,3.9,13933199360,1009238016,1845690368,116834304,2441478144
2026-07-08T22:27:52.757556,17006837760,16350773248,656064512,3.9,13933215744,1009238016,1845690368,116834304,2441478144
2026-07-08T22:27:53.757907,17006837760,16350281728,656556032,3.9,13932724224,1009238016,1845690368,116834304,2441478144
2026-07-08T22:27:54.758275,17006837760,16350527488,656310272,3.9,13932969984,1009238016,1845690368,116834304,2441478144
2026-07-08T22:27:55.758626,17006837760,16350265344,656572416,3.9,13932707840,1009238016,1845690368,116834304,2441494528
2026-07-08T22:27:56.758973,17006837760,16350019584,656818176,3.9,13932462080,1009238016,1845690368,116834304,2441494528
2026-07-08T22:27:57.759333,17006837760,16350232576,656605184,3.9,13932675072,1009238016,1845690368,116834304,2441494528
2026-07-08T22:27:58.759651,17006837760,16350691328,656146432,3.9,13933133824,1009238016,1845690368,116834304,2441494528
2026-07-08T22:27:59.759924,17006837760,16350937088,655900672,3.9,13933379584,1009238016,1845690368,116834304,2441494528
2026-07-08T22:28:00.760222,17006837760,16350445568,656392192,3.9,13932888064,1009238016,1845690368,116834304,2441494528
2026-07-08T22:28:01.760507,17006837760,16349970432,656867328,3.9,13932412928,1009238016,1845690368,116834304,2441494528
2026-07-08T22:28:02.760832,17006837760,16348233728,658604032,3.9,13930676224,1009238016,1845690368,116834304,2441494528
2026-07-08T22:28:03.761189,17006837760,16346087424,660750336,3.9,13928529920,1009238016,1845690368,116834304,2441494528
2026-07-08T22:28:04.761540,17006837760,16346759168,660078592,3.9,13929201664,1009238016,1845690368,116834304,2441494528
2026-07-08T22:28:05.761838,17006837760,16347742208,659095552,3.9,13930184704,1009238016,1845690368,116834304,2441494528
2026-07-08T22:28:06.762115,17006837760,16347545600,659292160,3.9,13929988096,1009238016,1845690368,116834304,2441510912
2026-07-08T22:28:07.762399,17006837760,16348119040,658718720,3.9,13930561536,1009238016,1845690368,116834304,2441510912
2026-07-08T22:28:08.762682,17006837760,16348135424,658702336,3.9,13930577920,1009238016,1845690368,116834304,2441510912
2026-07-08T22:28:09.762971,17006837760,16347021312,659816448,3.9,13929381888,1009582080,1845772288,116834304,2441510912
2026-07-08T22:28:10.763339,17006837760,16347283456,659554304,3.9,13929644032,1009582080,1845772288,116834304,2441510912
2026-07-08T22:28:11.763727,17006837760,16348299264,658538496,3.9,13930659840,1009582080,1845772288,116834304,2441510912
2026-07-08T22:28:12.764105,17006837760,16348938240,657899520,3.9,13931298816,1009582080,1845772288,116834304,2441510912
2026-07-08T22:28:13.764423,17006837760,16349184000,657653760,3.9,13931544576,1009582080,1845772288,116834304,2441510912
2026-07-08T22:28:14.764703,17006837760,16349478912,657358848,3.9,13931839488,1009598464,1845772288,116834304,2441510912
2026-07-08T22:28:15.765063,17006837760,16348987392,657850368,3.9,13931347968,1009598464,1845772288,116834304,2441510912
2026-07-08T22:28:16.765433,17006837760,16348233728,658604032,3.9,13930594304,1009598464,1845772288,116834304,2441527296
2026-07-08T22:28:17.765806,17006837760,16348708864,658128896,3.9,13931069440,1009598464,1845772288,116834304,2441527296
2026-07-08T22:28:18.766196,17006837760,16349675520,657162240,3.9,13932036096,1009598464,1845772288,116834304,2441527296
2026-07-08T22:28:19.766559,17006837760,16349970432,656867328,3.9,13932331008,1009598464,1845772288,116834304,2441527296
2026-07-08T22:28:20.766934,17006837760,16349642752,657195008,3.9,13932003328,1009598464,1845772288,116834304,2441527296
2026-07-08T22:28:21.767300,17006837760,16348168192,658669568,3.9,13930528768,1009598464,1845772288,116834304,2441527296
2026-07-08T22:28:22.767642,17006837760,16348397568,658440192,3.9,13930758144,1009598464,1845772288,116834304,2441527296
2026-07-08T22:28:23.767989,17006837760,16349151232,657686528,3.9,13931511808,1009598464,1845772288,116834304,2441527296
2026-07-08T22:28:24.768337,17006837760,16349167616,657670144,3.9,13931528192,1009598464,1845772288,116834304,2441527296
2026-07-08T22:28:25.768679,17006837760,16348151808,658685952,3.9,13930512384,1009598464,1845772288,116834304,2441527296
2026-07-08T22:28:26.769173,17006837760,16346988544,659849216,3.9,13929349120,1009598464,1845772288,116834304,2441527296
2026-07-08T22:28:27.769756,17006837760,16346955776,659881984,3.9,13929316352,1009598464,1845772288,116834304,2441543680
2026-07-08T22:28:28.770033,17006837760,16348413952,658423808,3.9,13930774528,1009598464,1845772288,116834304,2441543680
2026-07-08T22:28:29.770312,17006837760,16348413952,658423808,3.9,13930774528,1009598464,1845772288,116834304,2441543680
2026-07-08T22:28:30.770591,17006837760,16349380608,657457152,3.9,13931741184,1009598464,1845772288,116834304,2441543680
2026-07-08T22:28:31.770871,17006837760,16350822400,656015360,3.9,13933182976,1009598464,1845772288,116834304,2441543680
2026-07-08T22:28:32.771151,17006837760,16348905472,657932288,3.9,13931266048,1009598464,1845772288,116834304,2441543680
2026-07-08T22:28:33.771434,17006837760,16348921856,657915904,3.9,13931282432,1009598464,1845772288,116834304,2441543680
2026-07-08T22:28:34.771728,17006837760,16349888512,656949248,3.9,13932249088,1009598464,1845772288,116834304,2441543680
2026-07-08T22:28:35.772027,17006837760,16348921856,657915904,3.9,13931282432,1009598464,1845772288,116834304,2441543680
2026-07-08T22:28:36.772348,17006837760,16348921856,657915904,3.9,13931282432,1009598464,1845772288,116834304,2441543680
2026-07-08T22:28:37.772689,17006837760,16349675520,657162240,3.9,13932036096,1009598464,1845772288,116834304,2441560064
2026-07-08T22:28:38.773025,17006837760,16350412800,656424960,3.9,13932773376,1009598464,1845772288,116834304,2441560064
2026-07-08T22:28:39.773381,17006837760,16349904896,656932864,3.9,13932265472,1009598464,1845772288,116834304,2441560064
2026-07-08T22:28:40.773683,17006837760,16347447296,659390464,3.9,13929807872,1009598464,1845772288,116834304,2441560064
2026-07-08T22:28:41.773962,17006837760,16346218496,660619264,3.9,13928579072,1009598464,1845772288,116834304,2441560064
2026-07-08T22:28:42.774245,17006837760,16346972160,659865600,3.9,13929332736,1009598464,1845772288,116834304,2441560064
2026-07-08T22:28:43.774522,17006837760,16348938240,657899520,3.9,13931298816,1009598464,1845772288,116834304,2441560064
2026-07-08T22:28:44.774851,17006837760,16348200960,658636800,3.9,13930561536,1009713152,1845772288,116834304,2441560064
2026-07-08T22:28:45.775197,17006837760,16348200960,658636800,3.9,13930561536,1009713152,1845772288,116834304,2441560064
2026-07-08T22:28:46.775499,17006837760,16349003776,657833984,3.9,13931364352,1009713152,1845772288,116834304,2441560064
2026-07-08T22:28:47.775781,17006837760,16348250112,658587648,3.9,13930610688,1009713152,1845772288,116834304,2441576448
2026-07-08T22:28:48.776066,17006837760,16348332032,658505728,3.9,13930692608,1009713152,1845772288,116834304,2441576448
2026-07-08T22:28:49.776349,17006837760,16348807168,658030592,3.9,13931167744,1009713152,1845772288,116834304,2441576448
2026-07-08T22:28:50.776632,17006837760,16348332032,658505728,3.9,13930692608,1009713152,1845772288,116834304,2441576448
2026-07-08T22:28:51.776968,17006837760,16349069312,657768448,3.9,13931429888,1009713152,1845772288,116834304,2441576448
2026-07-08T22:28:52.777287,17006837760,16349560832,657276928,3.9,13931921408,1009713152,1845772288,116834304,2441576448
2026-07-08T22:28:53.777569,17006837760,16348332032,658505728,3.9,13930692608,1009713152,1845772288,116834304,2441576448
2026-07-08T22:28:54.777855,17006837760,16349069312,657768448,3.9,13931429888,1009713152,1845772288,116834304,2441576448
2026-07-08T22:28:55.778134,17006837760,16349822976,657014784,3.9,13932183552,1009713152,1845772288,116834304,2441576448
2026-07-08T22:28:56.778412,17006837760,16350527488,656310272,3.9,13932888064,1009713152,1845772288,116834304,2441576448
2026-07-08T22:28:57.778740,17006837760,16348790784,658046976,3.9,13931151360,1009713152,1845772288,116834304,2441576448
