timestamp,total,available,used,percent,free,active,inactive,buffers,cached
2026-07-09T07:21:55.262931,17006837760,16335077376,671760384,3.9,13821034496,975486976,1939505152,119078912,2535882752
2026-07-09T07:21:56.263675,17006837760,16320086016,686751744,4.0,13806043136,986906624,1939505152,119078912,2535915520
2026-07-09T07:21:57.264293,17006837760,16320086016,686751744,4.0,13806043136,986906624,1939505152,119078912,2535915520
2026-07-09T07:21:58.265056,17006837760,16320577536,686260224,4.0,13806534656,986906624,1939505152,119078912,2535915520
2026-07-09T07:21:59.265341,17006837760,16325263360,681574400,4.0,13811220480,986906624,1939505152,119078912,2535915520
2026-07-09T07:22:00.266216,17006837760,16311746560,695091200,4.1,13797703680,1003536384,1939505152,119078912,2535915520
2026-07-09T07:22:01.267541,17006837760,16310026240,696811520,4.1,13795983360,1005568000,1939505152,119078912,2535915520
2026-07-09T07:22:02.268056,17006837760,16311599104,695238656,4.1,13797556224,1005568000,1939505152,119078912,2535931904
2026-07-09T07:22:03.268641,17006837760,16313008128,693829632,4.1,13798965248,1005568000,1939505152,119078912,2535931904
2026-07-09T07:22:04.269569,17006837760,16316940288,689897472,4.1,13802897408,1005568000,1939505152,119078912,2535931904
2026-07-09T07:22:05.269878,17006837760,16316940288,689897472,4.1,13802897408,1005568000,1939505152,119078912,2535931904
2026-07-09T07:22:06.270253,17006837760,16316694528,690143232,4.1,13802651648,1005568000,1939505152,119078912,2535931904
2026-07-09T07:22:07.270714,17006837760,16317530112,689307648,4.1,13803487232,1005568000,1939505152,119078912,2535931904
2026-07-09T07:22:08.273137,17006837760,16318038016,688799744,4.1,13803995136,1006075904,1939505152,119078912,2535948288
2026-07-09T07:22:09.273673,17006837760,16319070208,687767552,4.0,13805027328,1006075904,1939505152,119078912,2535948288
2026-07-09T07:22:10.274100,17006837760,16324067328,682770432,4.0,13810024448,1006075904,1939505152,119078912,2535948288
2026-07-09T07:22:11.274640,17006837760,16325541888,681295872,4.0,13811499008,1006075904,1939505152,119078912,2535948288
2026-07-09T07:22:12.275308,17006837760,16328933376,677904384,4.0,13814890496,1006075904,1939505152,119078912,2535948288
2026-07-09T07:22:13.275718,17006837760,16332193792,674643968,4.0,13818150912,1006075904,1939505152,119078912,2535948288
2026-07-09T07:22:14.276511,17006837760,16335093760,671744000,3.9,13821050880,1006075904,1939505152,119078912,2535964672
2026-07-09T07:22:15.276891,17006837760,16336863232,669974528,3.9,13822820352,1006075904,1939505152,119078912,2535964672
2026-07-09T07:22:16.277323,17006837760,16339140608,667697152,3.9,13825097728,1006075904,1939505152,119078912,2535964672
2026-07-09T07:22:17.277873,17006837760,16340533248,666304512,3.9,13826490368,1006075904,1939505152,119078912,2535964672
2026-07-09T07:22:18.278371,17006837760,16342056960,664780800,3.9,13828014080,1006075904,1939505152,119078912,2535964672
2026-07-09T07:22:19.278893,17006837760,16334684160,672153600,4.0,13820641280,1006075904,1939505152,119078912,2535964672
2026-07-09T07:22:20.279624,17006837760,16335880192,670957568,3.9,13821837312,1006075904,1939505152,119078912,2535964672
2026-07-09T07:22:21.280106,17006837760,16338190336,668647424,3.9,13824147456,1006075904,1939505152,119078912,2535981056
2026-07-09T07:22:22.280546,17006837760,16338337792,668499968,3.9,13824294912,1006075904,1939505152,119078912,2535981056
2026-07-09T07:22:23.281234,17006837760,16339550208,667287552,3.9,13825507328,1006075904,1939505152,119078912,2535981056
2026-07-09T07:22:24.281798,17006837760,16340860928,665976832,3.9,13826768896,1006436352,1939554304,119078912,2535981056
2026-07-09T07:22:25.282251,17006837760,16339271680,667566080,3.9,13825179648,1006436352,1939554304,119078912,2535981056
2026-07-09T07:22:26.282804,17006837760,16341090304,665747456,3.9,13826998272,1006436352,1939554304,119078912,2535981056
2026-07-09T07:22:27.283763,17006837760,16343220224,663617536,3.9,13829128192,1006436352,1939554304,119078912,2535981056
2026-07-09T07:22:28.284080,17006837760,16343007232,663830528,3.9,13828915200,1006436352,1939554304,119078912,2535997440
2026-07-09T07:22:29.284444,17006837760,16344367104,662470656,3.9,13830275072,1006485504,1939554304,119078912,2535997440
2026-07-09T07:22:30.284778,17006837760,16345268224,661569536,3.9,13831176192,1006485504,1939554304,119078912,2535997440
2026-07-09T07:22:31.285102,17006837760,16346972160,659865600,3.9,13832880128,1006485504,1939554304,119078912,2535997440
2026-07-09T07:22:32.285390,17006837760,16348971008,657866752,3.9,13834878976,1006485504,1939554304,119078912,2535997440
2026-07-09T07:22:33.285753,17006837760,16348479488,658358272,3.9,13834387456,1006485504,1939554304,119078912,2535997440
2026-07-09T07:22:34.286175,17006837760,16349708288,657129472,3.9,13835616256,1006485504,1939554304,119078912,2536013824
2026-07-09T07:22:35.286645,17006837760,16349954048,656883712,3.9,13835862016,1006485504,1939554304,119078912,2536013824
2026-07-09T07:22:36.289636,17006837760,16350183424,656654336,3.9,13836091392,1006485504,1939554304,119078912,2536013824
2026-07-09T07:22:37.290361,17006837760,16349544448,657293312,3.9,13835436032,1007992832,1939570688,119078912,2536013824
2026-07-09T07:22:38.290709,17006837760,16349544448,657293312,3.9,13835436032,1007992832,1939570688,119078912,2536013824
2026-07-09T07:22:39.290988,17006837760,16350363648,656474112,3.9,13836255232,1007992832,1939570688,119078912,2536013824
2026-07-09T07:22:40.291268,17006837760,16351477760,655360000,3.9,13837369344,1007992832,1939570688,119078912,2536030208
2026-07-09T07:22:41.291586,17006837760,16348528640,658309120,3.9,13834420224,1007992832,1939570688,119078912,2536030208
2026-07-09T07:22:42.291913,17006837760,16346398720,660439040,3.9,13832290304,1007992832,1939570688,119078912,2536030208
2026-07-09T07:22:43.292238,17006837760,16345907200,660930560,3.9,13831798784,1007992832,1939570688,119078912,2536030208
2026-07-09T07:22:44.292648,17006837760,16344350720,662487040,3.9,13830242304,1007992832,1939570688,119078912,2536030208
2026-07-09T07:22:45.292976,17006837760,16345088000,661749760,3.9,13830979584,1007992832,1939570688,119078912,2536030208
2026-07-09T07:22:46.293347,17006837760,16345088000,661749760,3.9,13830963200,1003421696,1939587072,119078912,2536030208
2026-07-09T07:22:47.293822,17006837760,16345432064,661405696,3.9,13831307264,1003421696,1939587072,119078912,2536046592
2026-07-09T07:22:48.294103,17006837760,16347660288,659177472,3.9,13833535488,1003421696,1939587072,119078912,2536046592
2026-07-09T07:22:49.294382,17006837760,16348381184,658456576,3.9,13834256384,1003421696,1939587072,119078912,2536046592
2026-07-09T07:22:50.294663,17006837760,16348872704,657965056,3.9,13834747904,1003421696,1939587072,119078912,2536046592
2026-07-09T07:22:51.294982,17006837760,16352673792,654163968,3.8,13838548992,1003421696,1939587072,119078912,2536046592
2026-07-09T07:22:52.295324,17006837760,16352673792,654163968,3.8,13838548992,1003421696,1939587072,119078912,2536046592
2026-07-09T07:22:53.295661,17006837760,16350461952,656375808,3.9,13836337152,1003421696,1939587072,119078912,2536062976
2026-07-09T07:22:54.295993,17006837760,16350478336,656359424,3.9,13836337152,1003880448,1939603456,119078912,2536062976
2026-07-09T07:22:55.297610,17006837760,16350216192,656621568,3.9,13836075008,1003880448,1939603456,119078912,2536062976
2026-07-09T07:22:56.298542,17006837760,16351133696,655704064,3.9,13836992512,1003880448,1939603456,119078912,2536062976
2026-07-09T07:22:57.298822,17006837760,16352608256,654229504,3.8,13838467072,1003880448,1939603456,119078912,2536062976
2026-07-09T07:22:58.299100,17006837760,16353771520,653066240,3.8,13839630336,1003880448,1939603456,119078912,2536062976
2026-07-09T07:22:59.299387,17006837760,16353148928,653688832,3.8,13839007744,1003880448,1939603456,119078912,2536062976
2026-07-09T07:23:00.299721,17006837760,16351707136,655130624,3.9,13837565952,1003880448,1939603456,119078912,2536079360
2026-07-09T07:23:01.300821,17006837760,16352444416,654393344,3.8,13838303232,1003880448,1939603456,119078912,2536079360
2026-07-09T07:23:02.301226,17006837760,16352182272,654655488,3.8,13838041088,1003880448,1939603456,119078912,2536079360
2026-07-09T07:23:03.301643,17006837760,16352165888,654671872,3.8,13838024704,1003880448,1939603456,119078912,2536079360
2026-07-09T07:23:04.301993,17006837760,16352362496,654475264,3.8,13838221312,1003880448,1939603456,119078912,2536079360
2026-07-09T07:23:05.302275,17006837760,16353755136,653082624,3.8,13839613952,1003929600,1939603456,119078912,2536079360
2026-07-09T07:23:06.302591,17006837760,16353263616,653574144,3.8,13839122432,1003929600,1939603456,119078912,2536079360
2026-07-09T07:23:07.302928,17006837760,16352755712,654082048,3.8,13838614528,1003929600,1939603456,119078912,2536095744
2026-07-09T07:23:08.303456,17006837760,16352952320,653885440,3.8,13838811136,1003929600,1939603456,119078912,2536095744
2026-07-09T07:23:09.305203,17006837760,16350969856,655867904,3.9,13836828672,1003929600,1939603456,119078912,2536095744
2026-07-09T07:23:10.305493,17006837760,16351690752,655147008,3.9,13837549568,1003929600,1939603456,119078912,2536095744
2026-07-09T07:23:11.305849,17006837760,16351936512,654901248,3.9,13837795328,1003929600,1939603456,119078912,2536095744
2026-07-09T07:23:12.306133,17006837760,16354148352,652689408,3.8,13840007168,1003929600,1939603456,119078912,2536095744
2026-07-09T07:23:13.306452,17006837760,16354000896,652836864,3.8,13839859712,1003929600,1939603456,119078912,2536112128
2026-07-09T07:23:14.307236,17006837760,16353673216,653164544,3.8,13839532032,1003929600,1939603456,119078912,2536112128
2026-07-09T07:23:15.307814,17006837760,16354836480,652001280,3.8,13840695296,1003929600,1939603456,119078912,2536112128
2026-07-09T07:23:16.308093,17006837760,16355573760,651264000,3.8,13841432576,1003929600,1939603456,119078912,2536112128
2026-07-09T07:23:17.308372,17006837760,16355328000,651509760,3.8,13841186816,1003929600,1939603456,119078912,2536112128
2026-07-09T07:23:18.308662,17006837760,16355704832,651132928,3.8,13841563648,1003929600,1939603456,119078912,2536112128
2026-07-09T07:23:19.309173,17006837760,16350756864,656080896,3.9,13836566528,1004896256,1939652608,119078912,2536128512
2026-07-09T07:23:20.310119,17006837760,16350756864,656080896,3.9,13836566528,1004896256,1939652608,119078912,2536128512
2026-07-09T07:23:21.310403,17006837760,16353820672,653017088,3.8,13839630336,1004896256,1939652608,119078912,2536128512
2026-07-09T07:23:22.310683,17006837760,16353820672,653017088,3.8,13839630336,1004896256,1939652608,119078912,2536128512
2026-07-09T07:23:23.310968,17006837760,16351854592,654983168,3.9,13837664256,1004896256,1939652608,119078912,2536128512
2026-07-09T07:23:24.311248,17006837760,16353099776,653737984,3.8,13838909440,1004896256,1939652608,119078912,2536128512
2026-07-09T07:23:25.311598,17006837760,16353263616,653574144,3.8,13839073280,1005027328,1939652608,119078912,2536128512
2026-07-09T07:23:26.311937,17006837760,16352362496,654475264,3.8,13838155776,1005027328,1939652608,119078912,2536161280
2026-07-09T07:23:27.312273,17006837760,16352854016,653983744,3.8,13838647296,1005027328,1939652608,119078912,2536161280
2026-07-09T07:23:28.312689,17006837760,16350887936,655949824,3.9,13836681216,1005027328,1939652608,119078912,2536161280
2026-07-09T07:23:29.314445,17006837760,16342384640,664453120,3.9,13828112384,1006829568,1939718144,119078912,2536161280
2026-07-09T07:23:30.317496,17006837760,16336158720,670679040,3.9,13821870080,1009860608,1939734528,119078912,2536161280
2026-07-09T07:23:31.317817,17006837760,16337502208,669335552,3.9,13823213568,1009860608,1939734528,119078912,2536161280
2026-07-09T07:23:32.318164,17006837760,16340942848,665894912,3.9,13826654208,1009860608,1939734528,119078912,2536177664
2026-07-09T07:23:33.318444,17006837760,16333651968,673185792,4.0,13819363328,1009860608,1939734528,119078912,2536177664
2026-07-09T07:23:34.318848,17006837760,16333946880,672890880,4.0,13819658240,1009860608,1939734528,119078912,2536177664
2026-07-09T07:23:35.319190,17006837760,16335765504,671072256,3.9,13821476864,1009860608,1939734528,119078912,2536177664
2026-07-09T07:23:36.319570,17006837760,16336945152,669892608,3.9,13822640128,1004453888,1939750912,119078912,2536177664
2026-07-09T07:23:37.319921,17006837760,16335323136,671514624,3.9,13821018112,1004453888,1939750912,119078912,2536177664
2026-07-09T07:23:38.320261,17006837760,16338321408,668516352,3.9,13824016384,1004453888,1939750912,119078912,2536194048
2026-07-09T07:23:39.320538,17006837760,16340123648,666714112,3.9,13825818624,1004453888,1939750912,119078912,2536194048
2026-07-09T07:23:40.320812,17006837760,16340320256,666517504,3.9,13826015232,1004453888,1939750912,119078912,2536194048
2026-07-09T07:23:41.321126,17006837760,16343941120,662896640,3.9,13829636096,1004453888,1939750912,119078912,2536194048
2026-07-09T07:23:42.321586,17006837760,16345235456,661602304,3.9,13830930432,1004453888,1939750912,119078912,2536194048
2026-07-09T07:23:43.322282,17006837760,16346021888,660815872,3.9,13831716864,1004453888,1939750912,119078912,2536194048
2026-07-09T07:23:44.322622,17006837760,16347774976,659062784,3.9,13833469952,1004453888,1939750912,119078912,2536210432
2026-07-09T07:23:45.322899,17006837760,16348758016,658079744,3.9,13834452992,1004863488,1939750912,119078912,2536210432
2026-07-09T07:23:46.323181,17006837760,16349233152,657604608,3.9,13834928128,1004863488,1939750912,119078912,2536210432
2026-07-09T07:23:47.323502,17006837760,16349626368,657211392,3.9,13835321344,1004863488,1939750912,119078912,2536210432
2026-07-09T07:23:48.323842,17006837760,16350691328,656146432,3.9,13836386304,1004863488,1939750912,119078912,2536210432
2026-07-09T07:23:49.324173,17006837760,16351248384,655589376,3.9,13836943360,1004863488,1939750912,119078912,2536210432
2026-07-09T07:23:50.324468,17006837760,16352690176,654147584,3.8,13838385152,1004863488,1939750912,119078912,2536210432
2026-07-09T07:23:51.324881,17006837760,16352919552,653918208,3.8,13838598144,1004863488,1939750912,119078912,2536243200
2026-07-09T07:23:52.325434,17006837760,16353148928,653688832,3.8,13838827520,1004863488,1939750912,119078912,2536243200
2026-07-09T07:23:53.325941,17006837760,16350724096,656113664,3.9,13836402688,1004863488,1939750912,119078912,2536243200
2026-07-09T07:23:54.326220,17006837760,16350724096,656113664,3.9,13836402688,1004863488,1939750912,119078912,2536243200
2026-07-09T07:23:55.326577,17006837760,16352296960,654540800,3.8,13837975552,1004863488,1939750912,119078912,2536243200
2026-07-09T07:23:56.326952,17006837760,16346939392,659898368,3.9,13832568832,1006043136,1939800064,119078912,2536243200
2026-07-09T07:23:57.327281,17006837760,16346988544,659849216,3.9,13832617984,1006043136,1939800064,119078912,2536259584
2026-07-09T07:23:58.327559,17006837760,16343007232,663830528,3.9,13828636672,1006043136,1939800064,119078912,2536259584
2026-07-09T07:23:59.327886,17006837760,16343187456,663650304,3.9,13828816896,1006043136,1939800064,119078912,2536259584
2026-07-09T07:24:00.328182,17006837760,16342466560,664371200,3.9,13828096000,1006043136,1939800064,119078912,2536259584
2026-07-09T07:24:01.328500,17006837760,16343400448,663437312,3.9,13829029888,1006043136,1939800064,119078912,2536259584
2026-07-09T07:24:02.328831,17006837760,16344825856,662011904,3.9,13830455296,1006043136,1939800064,119078912,2536259584
2026-07-09T07:24:03.329124,17006837760,16340172800,666664960,3.9,13825802240,1006043136,1939800064,119078912,2536275968
2026-07-09T07:24:04.329400,17006837760,16342073344,664764416,3.9,13827702784,1006043136,1939800064,119078912,2536275968
2026-07-09T07:24:05.329676,17006837760,16344662016,662175744,3.9,13830291456,1006043136,1939800064,119078912,2536275968
2026-07-09T07:24:06.330003,17006837760,16345628672,661209088,3.9,13831258112,1006043136,1939800064,119078912,2536275968
2026-07-09T07:24:07.330288,17006837760,16345595904,661241856,3.9,13831225344,1006043136,1939800064,119078912,2536275968
2026-07-09T07:24:08.330637,17006837760,16347234304,659603456,3.9,13832863744,1006043136,1939800064,119078912,2536275968
2026-07-09T07:24:09.330961,17006837760,16348643328,658194432,3.9,13834272768,1006043136,1939800064,119078912,2536275968
2026-07-09T07:24:10.331310,17006837760,16349085696,657752064,3.9,13834715136,1006043136,1939800064,119078912,2536292352
2026-07-09T07:24:11.331620,17006837760,16349839360,656998400,3.9,13835468800,1006551040,1939800064,119078912,2536292352
2026-07-09T07:24:12.331895,17006837760,16349741056,657096704,3.9,13835370496,1006551040,1939800064,119078912,2536292352
2026-07-09T07:24:13.332170,17006837760,16349184000,657653760,3.9,13834813440,1006551040,1939800064,119078912,2536292352
2026-07-09T07:24:14.332448,17006837760,16349675520,657162240,3.9,13835304960,1006551040,1939800064,119078912,2536292352
2026-07-09T07:24:15.332806,17006837760,16351100928,655736832,3.9,13836730368,1006551040,1939800064,119078912,2536292352
2026-07-09T07:24:16.333224,17006837760,16351346688,655491072,3.9,13836976128,1006551040,1939800064,119078912,2536308736
2026-07-09T07:24:17.333515,17006837760,16349872128,656965632,3.9,13835501568,1006551040,1939800064,119078912,2536308736
2026-07-09T07:24:18.333864,17006837760,16351150080,655687680,3.9,13836779520,1006551040,1939800064,119078912,2536308736
2026-07-09T07:24:19.334222,17006837760,16351150080,655687680,3.9,13836779520,1006551040,1939800064,119078912,2536308736
2026-07-09T07:24:20.334626,17006837760,16351035392,655802368,3.9,13836664832,1006551040,1939800064,119078912,2536308736
2026-07-09T07:24:21.335059,17006837760,16351297536,655540224,3.9,13836894208,1006567424,1939832832,119078912,2536308736
2026-07-09T07:24:22.335493,17006837760,16351772672,655065088,3.9,13837369344,1006567424,1939832832,119078912,2536308736
2026-07-09T07:24:23.335930,17006837760,16349102080,657735680,3.9,13834698752,1006567424,1939832832,119078912,2536325120
2026-07-09T07:24:24.336284,17006837760,16345399296,661438464,3.9,13830995968,1006567424,1939832832,119078912,2536325120
2026-07-09T07:24:25.337001,17006837760,16346365952,660471808,3.9,13831962624,1006567424,1939832832,119078912,2536325120
2026-07-09T07:24:26.337287,17006837760,16341909504,664928256,3.9,13827506176,1006927872,1939832832,119078912,2536325120
2026-07-09T07:24:27.337561,17006837760,16339501056,667336704,3.9,13825097728,1006927872,1939832832,119078912,2536325120
2026-07-09T07:24:28.337835,17006837760,16339992576,666845184,3.9,13825589248,1006927872,1939832832,119078912,2536325120
2026-07-09T07:24:29.338161,17006837760,16342122496,664715264,3.9,13827719168,1006927872,1939832832,119078912,2536341504
2026-07-09T07:24:30.338485,17006837760,16343515136,663322624,3.9,13829111808,1006927872,1939832832,119078912,2536341504
2026-07-09T07:24:31.338816,17006837760,16345219072,661618688,3.9,13830815744,1006927872,1939832832,119078912,2536341504
2026-07-09T07:24:32.339227,17006837760,16344055808,662781952,3.9,13829652480,1006927872,1939832832,119078912,2536341504
2026-07-09T07:24:33.339537,17006837760,16336453632,670384128,3.9,13822050304,1007943680,1939832832,119078912,2536341504
2026-07-09T07:24:34.339882,17006837760,16337797120,669040640,3.9,13823393792,1007943680,1939832832,119078912,2536341504
2026-07-09T07:24:35.340218,17006837760,16340647936,666189824,3.9,13826244608,1007943680,1939832832,119078912,2536341504
2026-07-09T07:24:36.340499,17006837760,16342220800,664616960,3.9,13827817472,1007943680,1939832832,119078912,2536357888
2026-07-09T07:24:37.340780,17006837760,16343203840,663633920,3.9,13828800512,1007943680,1939832832,119078912,2536357888
2026-07-09T07:24:38.341102,17006837760,16345251840,661585920,3.9,13830848512,1007943680,1939832832,119078912,2536357888
2026-07-09T07:24:39.341457,17006837760,16346791936,660045824,3.9,13832388608,1007943680,1939832832,119078912,2536357888
2026-07-09T07:24:40.341752,17006837760,16347283456,659554304,3.9,13832880128,1007943680,1939832832,119078912,2536357888
2026-07-09T07:24:41.342112,17006837760,16348151808,658685952,3.9,13833748480,1007943680,1939832832,119078912,2536357888
2026-07-09T07:24:42.342392,17006837760,16347791360,659046400,3.9,13833388032,1007943680,1939832832,119078912,2536374272
2026-07-09T07:24:43.342669,17006837760,16348577792,658259968,3.9,13834174464,1007943680,1939832832,119078912,2536374272
2026-07-09T07:24:44.342947,17006837760,16349446144,657391616,3.9,13835042816,1007943680,1939832832,119078912,2536374272
2026-07-09T07:24:45.343263,17006837760,16349970432,656867328,3.9,13835567104,1007943680,1939832832,119078912,2536374272
2026-07-09T07:24:46.343597,17006837760,16350527488,656310272,3.9,13836124160,1007943680,1939832832,119078912,2536374272
2026-07-09T07:24:47.343932,17006837760,16351182848,655654912,3.9,13836779520,1007943680,1939832832,119078912,2536374272
2026-07-09T07:24:48.344392,17006837760,16349364224,657473536,3.9,13834960896,1007943680,1939832832,119078912,2536374272
2026-07-09T07:24:49.345566,17006837760,16341073920,665763840,3.9,13826621440,1010941952,1939881984,119078912,2536390656
2026-07-09T07:24:50.346229,17006837760,16337141760,669696000,3.9,13822689280,1013989376,1939881984,119078912,2536390656
2026-07-09T07:24:51.346866,17006837760,16335667200,671170560,3.9,13821214720,1013989376,1939881984,119078912,2536390656
2026-07-09T07:24:52.347192,17006837760,16333307904,673529856,4.0,13818855424,1013989376,1939881984,119078912,2536390656
2026-07-09T07:24:53.347465,17006837760,16333553664,673284096,4.0,13819101184,1013989376,1939881984,119078912,2536390656
2026-07-09T07:24:54.347734,17006837760,16334782464,672055296,4.0,13820329984,1013989376,1939881984,119078912,2536390656
2026-07-09T07:24:55.348009,17006837760,16338173952,668663808,3.9,13823721472,1013989376,1939881984,119078912,2536407040
2026-07-09T07:24:56.348436,17006837760,16337010688,669827072,3.9,13822541824,1005797376,1939898368,119078912,2536407040
2026-07-09T07:24:57.349119,17006837760,16338436096,668401664,3.9,13823901696,1005813760,1939963904,119078912,2536407040
2026-07-09T07:24:58.349500,17006837760,16339533824,667303936,3.9,13824999424,1005813760,1939963904,119078912,2536407040
2026-07-09T07:24:59.349992,17006837760,16342958080,663879680,3.9,13828423680,1005813760,1939963904,119078912,2536407040
2026-07-09T07:25:00.350331,17006837760,16342663168,664174592,3.9,13828128768,1005813760,1939963904,119078912,2536407040
2026-07-09T07:25:01.350761,17006837760,16343580672,663257088,3.9,13829046272,1005813760,1939963904,119078912,2536423424
2026-07-09T07:25:02.351099,17006837760,16347643904,659193856,3.9,13833109504,1005813760,1939963904,119078912,2536423424
2026-07-09T07:25:03.351510,17006837760,16348053504,658784256,3.9,13833519104,1005813760,1939963904,119078912,2536423424
2026-07-09T07:25:04.351853,17006837760,16347561984,659275776,3.9,13833027584,1005813760,1939963904,119078912,2536423424
2026-07-09T07:25:05.352190,17006837760,16349741056,657096704,3.9,13835206656,1005813760,1939963904,119078912,2536423424
2026-07-09T07:25:06.352529,17006837760,16351297536,655540224,3.9,13836763136,1005813760,1939963904,119078912,2536423424
2026-07-09T07:25:07.352865,17006837760,16351576064,655261696,3.9,13837041664,1005813760,1939963904,119078912,2536423424
2026-07-09T07:25:08.353201,17006837760,16351313920,655523840,3.9,13836779520,1005813760,1939963904,119078912,2536439808
2026-07-09T07:25:09.353635,17006837760,16352313344,654524416,3.8,13837778944,1005813760,1939963904,119078912,2536439808
2026-07-09T07:25:10.353963,17006837760,16352985088,653852672,3.8,13838450688,1005813760,1939963904,119078912,2536439808
2026-07-09T07:25:11.354297,17006837760,16352886784,653950976,3.8,13838352384,1005813760,1939963904,119078912,2536439808
2026-07-09T07:25:12.354689,17006837760,16353460224,653377536,3.8,13838925824,1005813760,1939963904,119078912,2536439808
2026-07-09T07:25:13.354992,17006837760,16353198080,653639680,3.8,13838663680,1005813760,1939963904,119078912,2536439808
2026-07-09T07:25:14.355262,17006837760,16352706560,654131200,3.8,13838172160,1005813760,1939963904,119078912,2536456192
2026-07-09T07:25:15.355534,17006837760,16352952320,653885440,3.8,13838417920,1005813760,1939963904,119078912,2536456192
2026-07-09T07:25:16.355817,17006837760,16353165312,653672448,3.8,13838630912,1005813760,1939963904,119078912,2536456192
2026-07-09T07:25:17.357131,17006837760,16353443840,653393920,3.8,13838909440,1005813760,1939963904,119078912,2536456192
2026-07-09T07:25:18.357449,17006837760,16346120192,660717568,3.9,13831536640,1007796224,1940013056,119078912,2536456192
2026-07-09T07:25:19.357809,17006837760,16346120192,660717568,3.9,13831536640,1007796224,1940013056,119078912,2536456192
2026-07-09T07:25:20.358108,17006837760,16347054080,659783680,3.9,13832470528,1007796224,1940013056,119078912,2536456192
2026-07-09T07:25:21.358426,17006837760,16347496448,659341312,3.9,13832912896,1007796224,1940013056,119078912,2536472576
2026-07-09T07:25:22.358791,17006837760,16347742208,659095552,3.9,13833158656,1007796224,1940013056,119078912,2536472576
2026-07-09T07:25:23.359115,17006837760,16349708288,657129472,3.9,13835124736,1007796224,1940013056,119078912,2536472576
2026-07-09T07:25:24.361565,17006837760,16345448448,661389312,3.9,13830848512,1008795648,1940029440,119078912,2536472576
2026-07-09T07:25:25.362056,17006837760,16342253568,664584192,3.9,13827653632,1012858880,1940029440,119078912,2536472576
2026-07-09T07:25:26.362542,17006837760,16332193792,674643968,4.0,13817577472,1018429440,1940045824,119078912,2536488960
2026-07-09T07:25:27.362916,17006837760,16330964992,675872768,4.0,13816348672,1021984768,1940045824,119078912,2536488960
2026-07-09T07:25:28.363310,17006837760,16326049792,680787968,4.0,13811433472,1025277952,1940045824,119078912,2536488960
2026-07-09T07:25:29.363701,17006837760,16325558272,681279488,4.0,13810941952,1025277952,1940045824,119078912,2536488960
2026-07-09T07:25:30.365729,17006837760,16329244672,677593088,4.0,13814628352,1025277952,1940045824,119078912,2536488960
2026-07-09T07:25:31.366430,17006837760,16328507392,678330368,4.0,13813891072,1025277952,1940045824,119078912,2536505344
2026-07-09T07:25:32.366758,17006837760,16328507392,678330368,4.0,13813891072,1025277952,1940045824,119078912,2536505344
2026-07-09T07:25:33.367668,17006837760,16341057536,665780224,3.9,13826424832,1006272512,1940062208,119078912,2536505344
2026-07-09T07:25:34.368505,17006837760,16334176256,672661504,4.0,13819543552,1009319936,1940062208,119078912,2536505344
2026-07-09T07:25:35.369007,17006837760,16334503936,672333824,4.0,13819871232,1009319936,1940062208,119078912,2536505344
2026-07-09T07:25:36.369345,17006837760,16339156992,667680768,3.9,13824524288,1009319936,1940062208,119078912,2536505344
2026-07-09T07:25:37.369637,17006837760,16339697664,667140096,3.9,13825064960,1009319936,1940062208,119078912,2536521728
2026-07-09T07:25:38.369917,17006837760,16340172800,666664960,3.9,13825540096,1009319936,1940062208,119078912,2536521728
2026-07-09T07:25:39.370232,17006837760,16341745664,665092096,3.9,13827112960,1009319936,1940062208,119078912,2536521728
2026-07-09T07:25:40.370603,17006837760,16342450176,664387584,3.9,13827817472,1009319936,1940062208,119078912,2536521728
2026-07-09T07:25:41.371033,17006837760,16342892544,663945216,3.9,13828259840,1009319936,1940062208,119078912,2536521728
2026-07-09T07:25:42.371360,17006837760,16344039424,662798336,3.9,13829406720,1009319936,1940062208,119078912,2536521728
2026-07-09T07:25:43.371636,17006837760,16342908928,663928832,3.9,13828276224,1009319936,1940062208,119078912,2536538112
2026-07-09T07:25:44.371933,17006837760,16344416256,662421504,3.9,13829783552,1009319936,1940062208,119078912,2536538112
2026-07-09T07:25:45.372246,17006837760,16344743936,662093824,3.9,13830111232,1009319936,1940062208,119078912,2536538112
2026-07-09T07:25:46.372728,17006837760,16340484096,666353664,3.9,13825835008,1009811456,1940078592,119078912,2536538112
2026-07-09T07:25:47.373471,17006837760,16336764928,670072832,3.9,13822115840,1013874688,1940078592,119078912,2536538112
2026-07-09T07:25:48.373888,17006837760,16335355904,671481856,3.9,13820706816,1015398400,1940078592,119078912,2536554496
2026-07-09T07:25:49.374298,17006837760,16335355904,671481856,3.9,13820706816,1015398400,1940078592,119078912,2536554496
2026-07-09T07:25:50.374580,17006837760,16337911808,668925952,3.9,13823262720,1015398400,1940078592,119078912,2536554496
2026-07-09T07:25:51.374861,17006837760,16338976768,667860992,3.9,13824327680,1015398400,1940078592,119078912,2536554496
2026-07-09T07:25:52.375375,17006837760,16341663744,665174016,3.9,13826981888,1005649920,1940111360,119078912,2536554496
2026-07-09T07:25:53.376003,17006837760,16329867264,676970496,4.0,13815185408,1011236864,1940111360,119078912,2536554496
2026-07-09T07:25:54.376589,17006837760,16325459968,681377792,4.0,13810761728,1014267904,1940127744,119078912,2536570880
2026-07-09T07:25:55.377083,17006837760,16324132864,682704896,4.0,13809434624,1014267904,1940127744,119078912,2536570880
2026-07-09T07:25:56.377362,17006837760,16327524352,679313408,4.0,13812826112,1014267904,1940127744,119078912,2536570880
2026-07-09T07:25:57.377641,17006837760,16329441280,677396480,4.0,13814743040,1014267904,1940127744,119078912,2536570880
2026-07-09T07:25:58.377984,17006837760,16329441280,677396480,4.0,13814743040,1014267904,1940127744,119078912,2536570880
2026-07-09T07:25:59.378262,17006837760,16331538432,675299328,4.0,13816840192,1014628352,1940127744,119078912,2536570880
2026-07-09T07:26:00.378538,17006837760,16332341248,674496512,4.0,13817643008,1014628352,1940127744,119078912,2536587264
2026-07-09T07:26:01.378852,17006837760,16334880768,671956992,4.0,13820182528,1014628352,1940127744,119078912,2536587264
2026-07-09T07:26:02.379182,17006837760,16335437824,671399936,3.9,13820739584,1014628352,1940127744,119078912,2536587264
2026-07-09T07:26:03.379619,17006837760,16343351296,663486464,3.9,13828653056,1007173632,1940127744,119078912,2536587264
2026-07-09T07:26:04.379947,17006837760,16343351296,663486464,3.9,13828653056,1007173632,1940127744,119078912,2536587264
2026-07-09T07:26:05.380295,17006837760,16346185728,660652032,3.9,13831487488,1007173632,1940127744,119078912,2536587264
2026-07-09T07:26:06.380643,17006837760,16345694208,661143552,3.9,13830995968,1007173632,1940127744,119078912,2536603648
2026-07-09T07:26:07.380989,17006837760,16345694208,661143552,3.9,13830995968,1007173632,1940127744,119078912,2536603648
2026-07-09T07:26:08.381381,17006837760,16349511680,657326080,3.9,13834813440,1007173632,1940127744,119078912,2536603648
2026-07-09T07:26:09.381703,17006837760,16348790784,658046976,3.9,13834076160,1007386624,1940144128,119078912,2536603648
2026-07-09T07:26:10.382044,17006837760,16348692480,658145280,3.9,13833977856,1007386624,1940144128,119078912,2536603648
2026-07-09T07:26:11.382386,17006837760,16351494144,655343616,3.9,13836779520,1007386624,1940144128,119078912,2536603648
2026-07-09T07:26:12.382718,17006837760,16351739904,655097856,3.9,13837025280,1007386624,1940144128,119078912,2536603648
2026-07-09T07:26:13.383049,17006837760,16352182272,654655488,3.8,13837467648,1007386624,1940144128,119078912,2536620032
2026-07-09T07:26:14.383380,17006837760,16352542720,654295040,3.8,13837828096,1007386624,1940144128,119078912,2536620032
2026-07-09T07:26:15.383806,17006837760,16352624640,654213120,3.8,13837910016,1007386624,1940144128,119078912,2536620032
2026-07-09T07:26:16.384148,17006837760,16351936512,654901248,3.9,13837221888,1007386624,1940144128,119078912,2536620032
2026-07-09T07:26:17.384491,17006837760,16351510528,655327232,3.9,13836795904,1007386624,1940144128,119078912,2536620032
2026-07-09T07:26:18.384921,17006837760,16351264768,655572992,3.9,13836550144,1007386624,1940144128,119078912,2536620032
2026-07-09T07:26:19.385401,17006837760,16351166464,655671296,3.9,13836451840,1007386624,1940144128,119078912,2536620032
2026-07-09T07:26:20.385725,17006837760,16350429184,656408576,3.9,13835714560,1007386624,1940144128,119078912,2536636416
2026-07-09T07:26:21.386084,17006837760,16351182848,655654912,3.9,13836468224,1007386624,1940144128,119078912,2536636416
2026-07-09T07:26:22.386366,17006837760,16351674368,655163392,3.9,13836959744,1007386624,1940144128,119078912,2536636416
2026-07-09T07:26:23.386833,17006837760,16352247808,654589952,3.8,13837533184,1007386624,1940144128,119078912,2536636416
2026-07-09T07:26:24.387390,17006837760,16343646208,663191552,3.9,13828915200,1011433472,1940160512,119078912,2536636416
2026-07-09T07:26:25.387714,17006837760,16343924736,662913024,3.9,13829193728,1011433472,1940160512,119078912,2536636416
2026-07-09T07:26:26.388224,17006837760,16341860352,664977408,3.9,13827112960,1005125632,1940176896,119078912,2536652800
2026-07-09T07:26:27.388722,17006837760,16342351872,664485888,3.9,13827604480,1005125632,1940176896,119078912,2536652800
2026-07-09T07:26:28.389002,17006837760,16346890240,659947520,3.9,13832142848,1005125632,1940176896,119078912,2536652800
2026-07-09T07:26:29.389333,17006837760,16347545600,659292160,3.9,13832798208,1005240320,1940176896,119078912,2536652800
2026-07-09T07:26:30.389673,17006837760,16347725824,659111936,3.9,13832978432,1005240320,1940176896,119078912,2536652800
2026-07-09T07:26:31.390023,17006837760,16348807168,658030592,3.9,13834059776,1005240320,1940176896,119078912,2536652800
2026-07-09T07:26:32.390362,17006837760,16349396992,657440768,3.9,13834649600,1005240320,1940176896,119078912,2536669184
2026-07-09T07:26:33.390693,17006837760,16349659136,657178624,3.9,13834911744,1005240320,1940176896,119078912,2536669184
2026-07-09T07:26:34.391084,17006837760,16350314496,656523264,3.9,13835567104,1005240320,1940176896,119078912,2536669184
2026-07-09T07:26:35.391415,17006837760,16343203840,663633920,3.9,13828440064,1005649920,1940193280,119078912,2536669184
2026-07-09T07:26:36.391688,17006837760,16344612864,662224896,3.9,13829849088,1005649920,1940193280,119078912,2536669184
2026-07-09T07:26:37.391963,17006837760,16346873856,659963904,3.9,13832110080,1005649920,1940193280,119078912,2536669184
2026-07-09T07:26:38.392240,17006837760,16347316224,659521536,3.9,13832552448,1006157824,1940193280,119078912,2536685568
2026-07-09T07:26:39.392607,17006837760,16345104384,661733376,3.9,13830340608,1006157824,1940193280,119078912,2536685568
2026-07-09T07:26:40.392925,17006837760,16345088000,661749760,3.9,13830307840,1007157248,1940209664,119078912,2536685568
2026-07-09T07:26:41.393303,17006837760,16346660864,660176896,3.9,13831880704,1007157248,1940209664,119078912,2536685568
2026-07-09T07:26:42.393738,17006837760,16347987968,658849792,3.9,13833207808,1007157248,1940209664,119078912,2536685568
2026-07-09T07:26:43.394992,17006837760,16349462528,657375232,3.9,13834682368,1007157248,1940209664,119078912,2536685568
2026-07-09T07:26:44.395341,17006837760,16347971584,658866176,3.9,13833191424,1007157248,1940209664,119078912,2536685568
2026-07-09T07:26:45.395674,17006837760,16348987392,657850368,3.9,13834174464,1007599616,1940242432,119078912,2536701952
2026-07-09T07:26:46.396135,17006837760,16350625792,656211968,3.9,13835812864,1007599616,1940242432,119078912,2536701952
2026-07-09T07:26:47.396827,17006837760,16350265344,656572416,3.9,13835452416,1007599616,1940242432,119078912,2536701952
2026-07-09T07:26:48.397107,17006837760,16352100352,654737408,3.8,13837287424,1007599616,1940242432,119078912,2536701952
2026-07-09T07:26:49.397468,17006837760,16353034240,653803520,3.8,13838221312,1007599616,1940242432,119078912,2536701952
2026-07-09T07:26:50.400320,17006837760,16350822400,656015360,3.9,13836009472,1007599616,1940242432,119078912,2536701952
2026-07-09T07:26:51.402389,17006837760,16350248960,656588800,3.9,13835436032,1007599616,1940242432,119078912,2536718336
2026-07-09T07:26:52.403432,17006837760,16350855168,655982592,3.9,13836042240,1007599616,1940242432,119078912,2536718336
2026-07-09T07:26:53.404418,17006837760,16350363648,656474112,3.9,13835550720,1007599616,1940242432,119078912,2536718336
2026-07-09T07:26:54.405186,17006837760,16348594176,658243584,3.9,13833781248,1007599616,1940242432,119078912,2536718336
2026-07-09T07:26:55.406602,17006837760,16348774400,658063360,3.9,13833961472,1007599616,1940242432,119078912,2536718336
2026-07-09T07:26:56.407232,17006837760,16349659136,657178624,3.9,13834846208,1007599616,1940242432,119078912,2536718336
2026-07-09T07:26:57.407965,17006837760,16349315072,657522688,3.9,13834502144,1007599616,1940242432,119078912,2536734720
2026-07-09T07:26:58.409067,17006837760,16350248960,656588800,3.9,13835436032,1007599616,1940242432,119078912,2536734720
2026-07-09T07:26:59.409596,17006837760,16347496448,659341312,3.9,13832683520,1007599616,1940242432,119078912,2536734720
2026-07-09T07:27:00.410113,17006837760,16347774976,659062784,3.9,13832945664,1007599616,1940258816,119078912,2536734720
2026-07-09T07:27:01.412149,17006837760,16348430336,658407424,3.9,13833601024,1007599616,1940258816,119078912,2536734720
2026-07-09T07:27:02.412564,17006837760,16348921856,657915904,3.9,13834092544,1007599616,1940258816,119078912,2536734720
2026-07-09T07:27:03.412929,17006837760,16347709440,659128320,3.9,13832880128,1007599616,1940258816,119078912,2536751104
2026-07-09T07:27:04.413324,17006837760,16348413952,658423808,3.9,13833584640,1007599616,1940258816,119078912,2536751104
2026-07-09T07:27:05.413707,17006837760,16349380608,657457152,3.9,13834551296,1007599616,1940258816,119078912,2536751104
2026-07-09T07:27:06.414122,17006837760,16349626368,657211392,3.9,13834797056,1007599616,1940258816,119078912,2536751104
2026-07-09T07:27:07.416804,17006837760,16348676096,658161664,3.9,13833846784,1007599616,1940258816,119078912,2536751104
2026-07-09T07:27:08.417217,17006837760,16348413952,658423808,3.9,13833584640,1007599616,1940258816,119078912,2536751104
2026-07-09T07:27:09.417728,17006837760,16348905472,657932288,3.9,13834076160,1007599616,1940258816,119078912,2536751104
2026-07-09T07:27:10.417996,17006837760,16349888512,656949248,3.9,13835059200,1007599616,1940258816,119078912,2536767488
2026-07-09T07:27:11.418394,17006837760,16349642752,657195008,3.9,13834813440,1007599616,1940258816,119078912,2536767488
2026-07-09T07:27:12.419038,17006837760,16348872704,657965056,3.9,13834043392,1007599616,1940258816,119078912,2536767488
2026-07-09T07:27:13.419392,17006837760,16349855744,656982016,3.9,13835026432,1007599616,1940258816,119078912,2536767488
2026-07-09T07:27:14.419820,17006837760,16351346688,655491072,3.9,13836517376,1007599616,1940258816,119078912,2536767488
2026-07-09T07:27:15.420255,17006837760,16351576064,655261696,3.9,13836746752,1007599616,1940258816,119078912,2536767488
2026-07-09T07:27:16.421286,17006837760,16351952896,654884864,3.9,13837123584,1007599616,1940258816,119078912,2536783872
2026-07-09T07:27:17.421962,17006837760,16350969856,655867904,3.9,13836140544,1007599616,1940258816,119078912,2536783872
2026-07-09T07:27:18.422242,17006837760,16343351296,663486464,3.9,13828521984,1007599616,1940258816,119078912,2536783872
2026-07-09T07:27:19.422519,17006837760,16343678976,663158784,3.9,13828849664,1007599616,1940258816,119078912,2536783872
2026-07-09T07:27:20.422810,17006837760,16340533248,666304512,3.9,13825654784,1008009216,1940307968,119078912,2536783872
2026-07-09T07:27:21.423183,17006837760,16340779008,666058752,3.9,13825900544,1008009216,1940307968,119078912,2536783872
2026-07-09T07:27:22.423618,17006837760,16341270528,665567232,3.9,13826392064,1008009216,1940307968,119078912,2536783872
2026-07-09T07:27:23.423958,17006837760,16343891968,662945792,3.9,13829013504,1008009216,1940307968,119078912,2536800256
2026-07-09T07:27:24.424365,17006837760,16343973888,662863872,3.9,13829095424,1008009216,1940307968,119078912,2536800256
2026-07-09T07:27:25.424647,17006837760,16343744512,663093248,3.9,13828866048,1008009216,1940307968,119078912,2536800256
2026-07-09T07:27:26.424931,17006837760,16345071616,661766144,3.9,13830193152,1008009216,1940307968,119078912,2536800256
2026-07-09T07:27:27.425214,17006837760,16346038272,660799488,3.9,13831159808,1008009216,1940307968,119078912,2536800256
2026-07-09T07:27:28.425556,17006837760,16346300416,660537344,3.9,13831421952,1008009216,1940307968,119078912,2536800256
2026-07-09T07:27:29.426446,17006837760,16347480064,659357696,3.9,13832601600,1008009216,1940307968,119078912,2536816640
2026-07-09T07:27:30.427512,17006837760,16345513984,661323776,3.9,13830635520,1008009216,1940307968,119078912,2536816640
2026-07-09T07:27:31.427795,17006837760,16345284608,661553152,3.9,13830389760,1008205824,1940324352,119078912,2536816640
2026-07-09T07:27:32.428074,17006837760,16346267648,660570112,3.9,13831372800,1008205824,1940324352,119078912,2536816640
2026-07-09T07:27:33.428353,17006837760,16347709440,659128320,3.9,13832814592,1008205824,1940324352,119078912,2536816640
2026-07-09T07:27:34.428670,17006837760,16346972160,659865600,3.9,13832077312,1008205824,1940324352,119078912,2536816640
2026-07-09T07:27:35.429519,17006837760,16347348992,659488768,3.9,13832454144,1008205824,1940324352,119078912,2536816640
2026-07-09T07:27:36.430049,17006837760,16344219648,662618112,3.9,13829259264,1011204096,1940373504,119078912,2536849408
2026-07-09T07:27:37.433736,17006837760,16336371712,670466048,3.9,13821394944,1018298368,1940389888,119078912,2536849408
2026-07-09T07:27:38.434144,17006837760,16336617472,670220288,3.9,13821640704,1018298368,1940389888,119078912,2536849408
2026-07-09T07:27:39.434477,17006837760,16337469440,669368320,3.9,13822492672,1018298368,1940389888,119078912,2536849408
2026-07-09T07:27:40.434759,17006837760,16331063296,675774464,4.0,13816086528,1018298368,1940389888,119078912,2536849408
2026-07-09T07:27:41.435041,17006837760,16331030528,675807232,4.0,13816053760,1018298368,1940389888,119078912,2536865792
2026-07-09T07:27:42.435319,17006837760,16332931072,673906688,4.0,13817954304,1018298368,1940389888,119078912,2536865792
2026-07-09T07:27:43.435599,17006837760,16333422592,673415168,4.0,13818445824,1018298368,1940389888,119078912,2536865792
2026-07-09T07:27:44.435877,17006837760,16333668352,673169408,4.0,13818691584,1018298368,1940389888,119078912,2536865792
2026-07-09T07:27:45.436193,17006837760,16335929344,670908416,3.9,13820952576,1018298368,1940389888,119078912,2536865792
2026-07-09T07:27:46.436524,17006837760,16331767808,675069952,4.0,13816791040,1018298368,1940389888,119078912,2536865792
2026-07-09T07:27:47.436853,17006837760,16331096064,675741696,4.0,13816119296,1018298368,1940389888,119078912,2536865792
2026-07-09T07:27:48.437193,17006837760,16332079104,674758656,4.0,13817102336,1018298368,1940389888,119078912,2536882176
2026-07-09T07:27:49.437482,17006837760,16335060992,671776768,4.0,13820084224,1018298368,1940389888,119078912,2536882176
2026-07-09T07:27:50.437815,17006837760,16335405056,671432704,3.9,13820428288,1018298368,1940389888,119078912,2536882176
2026-07-09T07:27:51.438152,17006837760,16336011264,670826496,3.9,13821034496,1018576896,1940389888,119078912,2536882176
2026-07-09T07:27:52.438492,17006837760,16336519168,670318592,3.9,13821542400,1018576896,1940389888,119078912,2536882176
2026-07-09T07:27:53.438935,17006837760,16326361088,680476672,4.0,13811384320,1018576896,1940389888,119078912,2536882176
2026-07-09T07:27:54.439375,17006837760,16327180288,679657472,4.0,13812203520,1018576896,1940389888,119078912,2536882176
2026-07-09T07:27:55.439719,17006837760,16330227712,676610048,4.0,13815250944,1018576896,1940389888,119078912,2536898560
2026-07-09T07:27:56.440195,17006837760,16330358784,676478976,4.0,13815382016,1018576896,1940389888,119078912,2536898560
2026-07-09T07:27:57.440531,17006837760,16331587584,675250176,4.0,13816610816,1018576896,1940389888,119078912,2536898560
2026-07-09T07:27:58.441591,17006837760,16335454208,671383552,3.9,13820444672,1007763456,1940422656,119078912,2536898560
2026-07-09T07:27:59.444019,17006837760,16329375744,677462016,4.0,13814366208,1014366208,1940422656,119078912,2536898560
2026-07-09T07:28:00.444490,17006837760,16327737344,679100416,4.0,13812711424,1017397248,1940439040,119078912,2536914944
2026-07-09T07:28:01.445029,17006837760,16329277440,677560320,4.0,13814251520,1018904576,1940439040,119078912,2536914944
2026-07-09T07:28:02.445568,17006837760,16329883648,676954112,4.0,13814857728,1018904576,1940439040,119078912,2536914944
2026-07-09T07:28:03.446129,17006837760,16337141760,669696000,3.9,13822115840,1010810880,1940439040,119078912,2536914944
2026-07-09T07:28:04.446412,17006837760,16337190912,669646848,3.9,13822164992,1010810880,1940439040,119078912,2536914944
2026-07-09T07:28:05.446693,17006837760,16338485248,668352512,3.9,13823459328,1010810880,1940439040,119078912,2536914944
2026-07-09T07:28:06.447044,17006837760,16339845120,666992640,3.9,13824819200,1010810880,1940439040,119078912,2536931328
2026-07-09T07:28:07.447653,17006837760,16339812352,667025408,3.9,13824786432,1010810880,1940439040,119078912,2536931328
2026-07-09T07:28:08.447974,17006837760,16341532672,665305088,3.9,13826506752,1010810880,1940439040,119078912,2536931328
2026-07-09T07:28:09.448310,17006837760,16342351872,664485888,3.9,13827325952,1010810880,1940439040,119078912,2536931328
2026-07-09T07:28:10.448644,17006837760,16341860352,664977408,3.9,13826834432,1010810880,1940439040,119078912,2536931328
2026-07-09T07:28:11.449990,17006837760,16344743936,662093824,3.9,13829718016,1010810880,1940439040,119078912,2536931328
2026-07-09T07:28:12.450690,17006837760,16346300416,660537344,3.9,13831274496,1010810880,1940439040,119078912,2536947712
2026-07-09T07:28:13.450971,17006837760,16347037696,659800064,3.9,13832011776,1010810880,1940439040,119078912,2536947712
2026-07-09T07:28:14.451243,17006837760,16348217344,658620416,3.9,13833191424,1010810880,1940439040,119078912,2536947712
2026-07-09T07:28:15.451628,17006837760,16348938240,657899520,3.9,13833912320,1010810880,1940439040,119078912,2536947712
2026-07-09T07:28:16.452076,17006837760,16349184000,657653760,3.9,13834158080,1010810880,1940439040,119078912,2536947712
2026-07-09T07:28:17.452577,17006837760,16345497600,661340160,3.9,13830471680,1010810880,1940439040,119078912,2536947712
2026-07-09T07:28:18.452859,17006837760,16345481216,661356544,3.9,13830455296,1010810880,1940439040,119078912,2536964096
2026-07-09T07:28:19.453184,17006837760,16347201536,659636224,3.9,13832175616,1010810880,1940439040,119078912,2536964096
2026-07-09T07:28:20.453478,17006837760,16347185152,659652608,3.9,13832159232,1010810880,1940439040,119078912,2536964096
2026-07-09T07:28:21.453765,17006837760,16346349568,660488192,3.9,13831323648,1010810880,1940439040,119078912,2536964096
2026-07-09T07:28:22.454083,17006837760,16345792512,661045248,3.9,13830766592,1010810880,1940439040,119078912,2536964096
2026-07-09T07:28:23.454424,17006837760,16345694208,661143552,3.9,13830668288,1010810880,1940439040,119078912,2536964096
2026-07-09T07:28:24.454762,17006837760,16346333184,660504576,3.9,13831307264,1010810880,1940439040,119078912,2536964096
2026-07-09T07:28:25.455094,17006837760,16346595328,660242432,3.9,13831569408,1010810880,1940439040,119078912,2536980480
2026-07-09T07:28:26.455795,17006837760,16347070464,659767296,3.9,13832044544,1010810880,1940439040,119078912,2536980480
2026-07-09T07:28:27.456643,17006837760,16348069888,658767872,3.9,13833011200,1010892800,1940471808,119078912,2536980480
2026-07-09T07:28:28.456988,17006837760,16345923584,660914176,3.9,13830864896,1010892800,1940471808,119078912,2536980480
2026-07-09T07:28:29.457272,17006837760,16345677824,661159936,3.9,13830619136,1010892800,1940471808,119078912,2536980480
2026-07-09T07:28:30.457549,17006837760,16346923008,659914752,3.9,13831864320,1010892800,1940471808,119078912,2536980480
2026-07-09T07:28:31.457866,17006837760,16347168768,659668992,3.9,13832110080,1010892800,1940471808,119078912,2536996864
2026-07-09T07:28:32.458196,17006837760,16347922432,658915328,3.9,13832847360,1010909184,1940488192,119078912,2536996864
2026-07-09T07:28:33.458536,17006837760,16347906048,658931712,3.9,13832830976,1010909184,1940488192,119078912,2536996864
2026-07-09T07:28:34.458876,17006837760,16349118464,657719296,3.9,13834043392,1010909184,1940488192,119078912,2536996864
2026-07-09T07:28:35.459263,17006837760,16349626368,657211392,3.9,13834551296,1010909184,1940488192,119078912,2536996864
2026-07-09T07:28:36.459752,17006837760,16349380608,657457152,3.9,13834305536,1010909184,1940488192,119078912,2536996864
2026-07-09T07:28:37.460036,17006837760,16349609984,657227776,3.9,13834534912,1010909184,1940488192,119078912,2536996864
2026-07-09T07:28:38.460390,17006837760,16348233728,658604032,3.9,13833158656,1010909184,1940488192,119078912,2537013248
2026-07-09T07:28:39.460671,17006837760,16348233728,658604032,3.9,13833158656,1010909184,1940488192,119078912,2537013248
2026-07-09T07:28:40.460991,17006837760,16347676672,659161088,3.9,13832601600,1010909184,1940488192,119078912,2537013248
2026-07-09T07:28:41.461386,17006837760,16347938816,658898944,3.9,13832863744,1010909184,1940488192,119078912,2537013248
2026-07-09T07:28:42.461696,17006837760,16346415104,660422656,3.9,13831340032,1010909184,1940488192,119078912,2537013248
2026-07-09T07:28:43.462047,17006837760,16346431488,660406272,3.9,13831356416,1010909184,1940488192,119078912,2537013248
2026-07-09T07:28:44.462325,17006837760,16346464256,660373504,3.9,13831389184,1010909184,1940488192,119078912,2537029632
2026-07-09T07:28:45.462666,17006837760,16345989120,660848640,3.9,13830914048,1010909184,1940488192,119078912,2537029632
2026-07-09T07:28:46.462980,17006837760,16344842240,661995520,3.9,13829767168,1010909184,1940488192,119078912,2537029632
2026-07-09T07:28:47.463317,17006837760,16344842240,661995520,3.9,13829767168,1010909184,1940488192,119078912,2537029632
2026-07-09T07:28:48.463644,17006837760,16346136576,660701184,3.9,13831061504,1010909184,1940488192,119078912,2537029632
2026-07-09T07:28:49.463938,17006837760,16347070464,659767296,3.9,13831995392,1010909184,1940488192,119078912,2537029632
2026-07-09T07:28:50.464216,17006837760,16347693056,659144704,3.9,13832617984,1010909184,1940488192,119078912,2537029632
2026-07-09T07:28:51.464496,17006837760,16347430912,659406848,3.9,13832355840,1010909184,1940488192,119078912,2537046016
2026-07-09T07:28:52.464775,17006837760,16346939392,659898368,3.9,13831864320,1010909184,1940488192,119078912,2537046016
2026-07-09T07:28:53.465066,17006837760,16346939392,659898368,3.9,13831864320,1010909184,1940488192,119078912,2537046016
2026-07-09T07:28:54.465397,17006837760,16347643904,659193856,3.9,13832568832,1010909184,1940488192,119078912,2537046016
2026-07-09T07:28:55.465730,17006837760,16348839936,657997824,3.9,13833764864,1010909184,1940488192,119078912,2537046016
2026-07-09T07:28:56.466065,17006837760,16349315072,657522688,3.9,13834240000,1010909184,1940488192,119078912,2537046016
2026-07-09T07:28:57.466399,17006837760,16349544448,657293312,3.9,13834469376,1010909184,1940488192,119078912,2537046016
2026-07-09T07:28:58.466738,17006837760,16348561408,658276352,3.9,13833486336,1010909184,1940488192,119078912,2537062400
2026-07-09T07:28:59.467077,17006837760,16346841088,659996672,3.9,13831766016,1010909184,1940488192,119078912,2537062400
2026-07-09T07:29:00.467414,17006837760,16346841088,659996672,3.9,13831766016,1010909184,1940488192,119078912,2537062400
2026-07-09T07:29:01.467751,17006837760,16348839936,657997824,3.9,13833764864,1010909184,1940488192,119078912,2537062400
2026-07-09T07:29:02.468087,17006837760,16348594176,658243584,3.9,13833519104,1010909184,1940488192,119078912,2537062400
2026-07-09T07:29:03.468422,17006837760,16347611136,659226624,3.9,13832536064,1010925568,1940488192,119078912,2537062400
2026-07-09T07:29:04.468781,17006837760,16348397568,658440192,3.9,13833322496,1010925568,1940488192,119078912,2537062400
2026-07-09T07:29:05.469112,17006837760,16348626944,658210816,3.9,13833551872,1010925568,1940488192,119078912,2537078784
2026-07-09T07:29:06.469397,17006837760,16346906624,659931136,3.9,13831831552,1010925568,1940488192,119078912,2537078784
2026-07-09T07:29:07.469675,17006837760,16347185152,659652608,3.9,13832110080,1010925568,1940488192,119078912,2537078784
2026-07-09T07:29:08.469955,17006837760,16347955200,658882560,3.9,13832830976,1011073024,1940537344,119078912,2537078784
2026-07-09T07:29:09.470274,17006837760,16347955200,658882560,3.9,13832830976,1011073024,1940537344,119078912,2537078784
2026-07-09T07:29:10.470622,17006837760,16348446720,658391040,3.9,13833322496,1011073024,1940537344,119078912,2537078784
2026-07-09T07:29:11.471108,17006837760,16348921856,657915904,3.9,13833797632,1011073024,1940537344,119078912,2537095168
2026-07-09T07:29:12.471452,17006837760,16349888512,656949248,3.9,13834764288,1011073024,1940537344,119078912,2537095168
2026-07-09T07:29:13.471738,17006837760,16349396992,657440768,3.9,13834272768,1011089408,1940537344,119078912,2537095168
2026-07-09T07:29:14.472019,17006837760,16349396992,657440768,3.9,13834272768,1011089408,1940537344,119078912,2537095168
2026-07-09T07:29:15.472340,17006837760,16350560256,656277504,3.9,13835436032,1011089408,1940537344,119078912,2537095168
2026-07-09T07:29:16.472837,17006837760,16350609408,656228352,3.9,13835485184,1011089408,1940537344,119078912,2537095168
2026-07-09T07:29:17.473178,17006837760,16350117888,656719872,3.9,13834993664,1011089408,1940537344,119078912,2537095168
2026-07-09T07:29:18.473584,17006837760,16349184000,657653760,3.9,13834010624,1011253248,1940586496,119078912,2537111552
2026-07-09T07:29:19.474006,17006837760,16349528064,657309696,3.9,13834354688,1011253248,1940586496,119078912,2537111552
2026-07-09T07:29:20.474324,17006837760,16350494720,656343040,3.9,13835321344,1011253248,1940586496,119078912,2537111552
2026-07-09T07:29:21.474661,17006837760,16349511680,657326080,3.9,13834338304,1011253248,1940586496,119078912,2537111552
2026-07-09T07:29:22.474943,17006837760,16349020160,657817600,3.9,13833846784,1011253248,1940586496,119078912,2537111552
2026-07-09T07:29:23.475373,17006837760,16348708864,658128896,3.9,13833535488,1011253248,1940586496,119078912,2537127936
2026-07-09T07:29:24.475711,17006837760,16348954624,657883136,3.9,13833781248,1011253248,1940586496,119078912,2537127936
2026-07-09T07:29:25.476058,17006837760,16348413952,658423808,3.9,13833240576,1011253248,1940586496,119078912,2537127936
2026-07-09T07:29:26.476602,17006837760,16348659712,658178048,3.9,13833486336,1011253248,1940586496,119078912,2537127936
2026-07-09T07:29:27.477107,17006837760,16349839360,656998400,3.9,13834665984,1011253248,1940586496,119078912,2537127936
2026-07-09T07:29:28.477400,17006837760,16348610560,658227200,3.9,13833437184,1011253248,1940586496,119078912,2537127936
2026-07-09T07:29:29.477691,17006837760,16348610560,658227200,3.9,13833437184,1011253248,1940586496,119078912,2537127936
2026-07-09T07:29:30.478037,17006837760,16346644480,660193280,3.9,13831471104,1011253248,1940586496,119078912,2537144320
2026-07-09T07:29:31.478373,17006837760,16346890240,659947520,3.9,13831716864,1011253248,1940586496,119078912,2537144320
2026-07-09T07:29:32.478705,17006837760,16348364800,658472960,3.9,13833191424,1011253248,1940586496,119078912,2537144320
2026-07-09T07:29:33.479042,17006837760,16347938816,658898944,3.9,13832699904,1011318784,1940652032,119078912,2537144320
2026-07-09T07:29:34.480035,17006837760,16346955776,659881984,3.9,13831716864,1011318784,1940652032,119078912,2537144320
2026-07-09T07:29:35.480934,17006837760,16347447296,659390464,3.9,13832208384,1011318784,1940652032,119078912,2537144320
2026-07-09T07:29:36.481540,17006837760,16349413376,657424384,3.9,13834174464,1011318784,1940652032,119078912,2537160704
2026-07-09T07:29:37.481899,17006837760,16349888512,656949248,3.9,13834649600,1011318784,1940652032,119078912,2537160704
2026-07-09T07:29:38.482177,17006837760,16350363648,656474112,3.9,13835124736,1011318784,1940652032,119078912,2537160704
2026-07-09T07:29:39.482452,17006837760,16350085120,656752640,3.9,13834846208,1011335168,1940652032,119078912,2537160704
2026-07-09T07:29:40.482773,17006837760,16349839360,656998400,3.9,13834600448,1011335168,1940652032,119078912,2537160704
2026-07-09T07:29:41.483217,17006837760,16350068736,656769024,3.9,13834829824,1011335168,1940652032,119078912,2537160704
2026-07-09T07:29:42.483718,17006837760,16348594176,658243584,3.9,13833355264,1011335168,1940652032,119078912,2537177088
2026-07-09T07:29:43.484108,17006837760,16341237760,665600000,3.9,13825982464,1014874112,1940668416,119078912,2537177088
2026-07-09T07:29:44.484894,17006837760,16336814080,670023680,3.9,13821558784,1017741312,1940668416,119078912,2537177088
2026-07-09T07:29:45.485308,17006837760,16333127680,673710080,4.0,13817872384,1020280832,1940668416,119078912,2537177088
2026-07-09T07:29:46.485628,17006837760,16333357056,673480704,4.0,13818101760,1020280832,1940668416,119078912,2537177088
2026-07-09T07:29:47.485911,17006837760,16336076800,670760960,3.9,13820821504,1020280832,1940668416,119078912,2537193472
2026-07-09T07:29:48.486259,17006837760,16336142336,670695424,3.9,13820887040,1020280832,1940668416,119078912,2537193472
2026-07-09T07:29:49.486539,17006837760,16332046336,674791424,4.0,13816741888,1020297216,1940717568,119078912,2537193472
2026-07-09T07:29:50.486818,17006837760,16330997760,675840000,4.0,13815693312,1020297216,1940717568,119078912,2537193472
2026-07-09T07:29:51.487095,17006837760,16330047488,676790272,4.0,13814743040,1020297216,1940717568,119078912,2537193472
2026-07-09T07:29:52.487440,17006837760,16336715776,670121984,3.9,13821411328,1010286592,1940717568,119078912,2537193472
2026-07-09T07:29:53.487964,17006837760,16336732160,670105600,3.9,13821427712,1012318208,1940717568,119078912,2537209856
2026-07-09T07:29:54.488316,17006837760,16337797120,669040640,3.9,13822492672,1012318208,1940717568,119078912,2537209856
2026-07-09T07:29:55.488679,17006837760,16338894848,667942912,3.9,13823590400,1012318208,1940717568,119078912,2537209856
2026-07-09T07:29:56.489014,17006837760,16339599360,667238400,3.9,13824294912,1012318208,1940717568,119078912,2537209856
2026-07-09T07:29:57.489521,17006837760,16338157568,668680192,3.9,13822853120,1012318208,1940717568,119078912,2537209856
2026-07-09T07:29:58.490215,17006837760,16333258752,673579008,4.0,13817937920,1013825536,1940733952,119078912,2537209856
2026-07-09T07:29:59.490679,17006837760,16333062144,673775616,4.0,13817741312,1013825536,1940733952,119078912,2537226240
2026-07-09T07:30:00.491026,17006837760,16334962688,671875072,4.0,13819641856,1013825536,1940733952,119078912,2537226240
2026-07-09T07:30:01.491383,17006837760,16334225408,672612352,4.0,13818904576,1013825536,1940733952,119078912,2537226240
2026-07-09T07:30:02.491768,17006837760,16335470592,671367168,3.9,13820149760,1013825536,1940733952,119078912,2537226240
2026-07-09T07:30:03.492093,17006837760,16337960960,668876800,3.9,13822640128,1013825536,1940733952,119078912,2537226240
2026-07-09T07:30:04.492432,17006837760,16338173952,668663808,3.9,13822853120,1013825536,1940733952,119078912,2537226240
2026-07-09T07:30:05.492775,17006837760,16338698240,668139520,3.9,13823377408,1013825536,1940733952,119078912,2537242624
2026-07-09T07:30:06.493108,17006837760,16340516864,666320896,3.9,13825196032,1013825536,1940733952,119078912,2537242624
2026-07-09T07:30:07.493438,17006837760,16341008384,665829376,3.9,13825687552,1013825536,1940733952,119078912,2537242624
2026-07-09T07:30:08.493770,17006837760,16342040576,664797184,3.9,13826719744,1013825536,1940733952,119078912,2537242624
2026-07-09T07:30:09.494101,17006837760,16343285760,663552000,3.9,13827964928,1013825536,1940733952,119078912,2537242624
2026-07-09T07:30:10.494432,17006837760,16343777280,663060480,3.9,13828456448,1013825536,1940733952,119078912,2537242624
2026-07-09T07:30:11.494771,17006837760,16344006656,662831104,3.9,13828685824,1013825536,1940733952,119078912,2537242624
2026-07-09T07:30:12.495106,17006837760,16344301568,662536192,3.9,13828980736,1013825536,1940733952,119078912,2537259008
2026-07-09T07:30:13.495442,17006837760,16345382912,661454848,3.9,13830062080,1013825536,1940733952,119078912,2537259008
2026-07-09T07:30:14.495780,17006837760,16346103808,660733952,3.9,13830782976,1013825536,1940733952,119078912,2537259008
2026-07-09T07:30:15.496064,17006837760,16345317376,661520384,3.9,13829931008,1007419392,1940799488,119078912,2537259008
2026-07-09T07:30:16.496408,17006837760,16343384064,663453696,3.9,13827997696,1007419392,1940799488,119078912,2537259008
2026-07-09T07:30:17.496771,17006837760,16343777280,663060480,3.9,13828390912,1007419392,1940799488,119078912,2537259008
2026-07-09T07:30:18.497054,17006837760,16344154112,662683648,3.9,13828767744,1007419392,1940799488,119078912,2537259008
2026-07-09T07:30:19.497342,17006837760,16342188032,664649728,3.9,13826801664,1007419392,1940799488,119078912,2537275392
2026-07-09T07:30:20.497698,17006837760,16344449024,662388736,3.9,13829062656,1007763456,1940799488,119078912,2537275392
2026-07-09T07:30:21.498082,17006837760,16338567168,668270592,3.9,13823180800,1011548160,1940799488,119078912,2537275392
2026-07-09T07:30:22.498614,17006837760,16336044032,670793728,3.9,13820657664,1014595584,1940799488,119078912,2537275392
2026-07-09T07:30:23.498926,17006837760,16337649664,669188096,3.9,13822263296,1014595584,1940799488,119078912,2537275392
2026-07-09T07:30:24.499268,17006837760,16339189760,667648000,3.9,13823803392,1014595584,1940799488,119078912,2537291776
2026-07-09T07:30:25.499550,17006837760,16340795392,666042368,3.9,13825392640,1015037952,1940815872,119078912,2537291776
2026-07-09T07:30:26.499832,17006837760,16340959232,665878528,3.9,13825556480,1015037952,1940815872,119078912,2537291776
2026-07-09T07:30:27.500164,17006837760,16342728704,664109056,3.9,13827325952,1015037952,1940815872,119078912,2537291776
2026-07-09T07:30:28.500453,17006837760,16342482944,664354816,3.9,13827080192,1015037952,1940815872,119078912,2537291776
2026-07-09T07:30:29.500754,17006837760,16343482368,663355392,3.9,13828079616,1015037952,1940815872,119078912,2537291776
2026-07-09T07:30:30.501143,17006837760,16342024192,664813568,3.9,13826605056,1008123904,1940832256,119078912,2537291776
2026-07-09T07:30:31.501818,17006837760,16337125376,669712384,3.9,13821689856,1014202368,1940848640,119078912,2537308160
2026-07-09T07:30:32.502577,17006837760,16336633856,670203904,3.9,13821198336,1017757696,1940848640,119078912,2537308160
2026-07-09T07:30:33.503124,17006837760,16332374016,674463744,4.0,13816938496,1021313024,1940848640,119078912,2537308160
2026-07-09T07:30:34.503791,17006837760,16326967296,679870464,4.0,13811531776,1026392064,1940848640,119078912,2537308160
2026-07-09T07:30:35.504259,17006837760,16322150400,684687360,4.0,13806698496,1030438912,1940865024,119078912,2537324544
2026-07-09T07:30:36.505311,17006837760,16308355072,698482688,4.1,13792903168,1037041664,1940865024,119078912,2537324544
2026-07-09T07:30:37.505922,17006837760,16305651712,701186048,4.1,13790199808,1038057472,1940865024,119078912,2537324544
2026-07-09T07:30:38.506513,17006837760,16305651712,701186048,4.1,13790199808,1038057472,1940865024,119078912,2537324544
2026-07-09T07:30:39.507383,17006837760,16309272576,697565184,4.1,13793820672,1038057472,1940865024,119078912,2537324544
2026-07-09T07:30:40.508721,17006837760,16305405952,701431808,4.1,13789954048,1038057472,1940865024,119078912,2537340928
2026-07-09T07:30:41.509203,17006837760,16306307072,700530688,4.1,13790855168,1038057472,1940865024,119078912,2537340928
2026-07-09T07:30:42.509489,17006837760,16309993472,696844288,4.1,13794541568,1038057472,1940865024,119078912,2537340928
2026-07-09T07:30:43.509872,17006837760,16310960128,695877632,4.1,13795508224,1038057472,1940865024,119078912,2537340928
2026-07-09T07:30:44.510150,17006837760,16311566336,695271424,4.1,13796114432,1038057472,1940865024,119078912,2537340928
2026-07-09T07:30:45.510430,17006837760,16312729600,694108160,4.1,13797277696,1038057472,1940865024,119078912,2537340928
2026-07-09T07:30:46.510762,17006837760,16309436416,697401344,4.1,13793984512,1038057472,1940865024,119078912,2537357312
2026-07-09T07:30:47.511102,17006837760,16310288384,696549376,4.1,13794836480,1038057472,1940865024,119078912,2537357312
2026-07-09T07:30:48.511438,17006837760,16311336960,695500800,4.1,13795885056,1038057472,1940865024,119078912,2537357312
2026-07-09T07:30:49.511777,17006837760,16297361408,709476352,4.2,13781909504,1038057472,1940865024,119078912,2537357312
2026-07-09T07:30:50.512184,17006837760,16300146688,706691072,4.2,13784694784,1038417920,1940865024,119078912,2537357312
2026-07-09T07:30:51.512524,17006837760,16300048384,706789376,4.2,13784596480,1038417920,1940865024,119078912,2537357312
2026-07-09T07:30:52.512876,17006837760,16300982272,705855488,4.2,13785530368,1038417920,1940865024,119078912,2537357312
2026-07-09T07:30:53.513275,17006837760,16309927936,696909824,4.1,13794459648,1007878144,1940881408,119078912,2537373696
2026-07-09T07:30:54.513589,17006837760,16309223424,697614336,4.1,13793755136,1007878144,1940881408,119078912,2537373696
2026-07-09T07:30:55.513870,17006837760,16314449920,692387840,4.1,13798981632,1007878144,1940881408,119078912,2537373696
2026-07-09T07:30:56.514151,17006837760,16318283776,688553984,4.0,13802815488,1007878144,1940881408,119078912,2537373696
2026-07-09T07:30:57.514430,17006837760,16321249280,685588480,4.0,13805780992,1007878144,1940881408,119078912,2537373696
2026-07-09T07:30:58.514816,17006837760,16324935680,681902080,4.0,13809467392,1007878144,1940881408,119078912,2537373696
2026-07-09T07:30:59.515146,17006837760,16329015296,677822464,4.0,13813547008,1007878144,1940881408,119078912,2537390080
2026-07-09T07:31:00.515426,17006837760,16331259904,675577856,4.0,13815758848,1007910912,1940914176,119078912,2537390080
2026-07-09T07:31:01.515775,17006837760,16334422016,672415744,4.0,13818920960,1007910912,1940914176,119078912,2537390080
2026-07-09T07:31:02.516052,17006837760,16336306176,670531584,3.9,13820805120,1007910912,1940914176,119078912,2537390080
2026-07-09T07:31:03.516333,17006837760,16337698816,669138944,3.9,13822197760,1007910912,1940914176,119078912,2537390080
2026-07-09T07:31:04.516661,17006837760,16339746816,667090944,3.9,13824245760,1007910912,1940914176,119078912,2537390080
2026-07-09T07:31:05.516997,17006837760,16340975616,665862144,3.9,13825474560,1007910912,1940914176,119078912,2537390080
2026-07-09T07:31:06.517335,17006837760,16340910080,665927680,3.9,13825409024,1007910912,1940914176,119078912,2537406464
2026-07-09T07:31:07.517659,17006837760,16343105536,663732224,3.9,13827604480,1007910912,1940914176,119078912,2537406464
2026-07-09T07:31:08.517988,17006837760,16343597056,663240704,3.9,13828096000,1007910912,1940914176,119078912,2537406464
2026-07-09T07:31:09.518420,17006837760,16342925312,663912448,3.9,13827424256,1007910912,1940914176,119078912,2537406464
2026-07-09T07:31:10.518718,17006837760,16339697664,667140096,3.9,13824180224,1008910336,1940930560,119078912,2537406464
2026-07-09T07:31:11.518988,17006837760,16339697664,667140096,3.9,13824180224,1009418240,1940930560,119078912,2537406464
2026-07-09T07:31:12.519265,17006837760,16339697664,667140096,3.9,13824180224,1009418240,1940930560,119078912,2537422848
2026-07-09T07:31:13.519614,17006837760,16339124224,667713536,3.9,13823606784,1009418240,1940930560,119078912,2537422848
2026-07-09T07:31:14.519894,17006837760,16339795968,667041792,3.9,13824278528,1009418240,1940930560,119078912,2537422848
2026-07-09T07:31:15.520217,17006837760,16341516288,665321472,3.9,13825998848,1009418240,1940930560,119078912,2537422848
2026-07-09T07:31:16.520525,17006837760,16342876160,663961600,3.9,13827358720,1009418240,1940930560,119078912,2537422848
2026-07-09T07:31:17.520818,17006837760,16343007232,663830528,3.9,13827489792,1009418240,1940930560,119078912,2537422848
2026-07-09T07:31:18.521104,17006837760,16341794816,665042944,3.9,13826277376,1009418240,1940930560,119078912,2537439232
2026-07-09T07:31:19.521394,17006837760,16343875584,662962176,3.9,13828358144,1009418240,1940930560,119078912,2537439232
2026-07-09T07:31:20.521676,17006837760,16344858624,661979136,3.9,13829341184,1009418240,1940930560,119078912,2537439232
2026-07-09T07:31:21.522002,17006837760,16344891392,661946368,3.9,13829341184,1009434624,1940963328,119078912,2537439232
2026-07-09T07:31:22.522308,17006837760,16344989696,661848064,3.9,13829439488,1009434624,1940963328,119078912,2537439232
2026-07-09T07:31:23.522663,17006837760,16347267072,659570688,3.9,13831716864,1009434624,1940963328,119078912,2537439232
2026-07-09T07:31:24.522944,17006837760,16347512832,659324928,3.9,13831962624,1009434624,1940963328,119078912,2537439232
2026-07-09T07:31:25.523229,17006837760,16347594752,659243008,3.9,13832044544,1009434624,1940963328,119078912,2537455616
2026-07-09T07:31:26.523591,17006837760,16348495872,658341888,3.9,13832945664,1009434624,1940963328,119078912,2537455616
2026-07-09T07:31:27.525636,17006837760,16348659712,658178048,3.9,13833109504,1009434624,1940963328,119078912,2537455616
2026-07-09T07:31:28.526175,17006837760,16349118464,657719296,3.9,13833568256,1009434624,1940963328,119078912,2537455616
2026-07-09T07:31:29.527085,17006837760,16349118464,657719296,3.9,13833568256,1009434624,1940963328,119078912,2537455616
2026-07-09T07:31:30.527497,17006837760,16349118464,657719296,3.9,13833568256,1009434624,1940963328,119078912,2537455616
2026-07-09T07:31:31.527794,17006837760,16349347840,657489920,3.9,13833797632,1009434624,1940963328,119078912,2537472000
2026-07-09T07:31:32.528299,17006837760,16350003200,656834560,3.9,13834452992,1009434624,1940963328,119078912,2537472000
2026-07-09T07:31:33.530000,17006837760,16348839936,657997824,3.9,13833289728,1009434624,1940963328,119078912,2537472000
2026-07-09T07:31:34.530524,17006837760,16349331456,657506304,3.9,13833781248,1009434624,1940963328,119078912,2537472000
2026-07-09T07:31:35.531595,17006837760,16349560832,657276928,3.9,13834010624,1009434624,1940963328,119078912,2537472000
2026-07-09T07:31:36.532548,17006837760,16343171072,663666688,3.9,13827620864,1010843648,1940963328,119078912,2537472000
2026-07-09T07:31:37.533966,17006837760,16339779584,667058176,3.9,13824229376,1010843648,1940963328,119078912,2537488384
2026-07-09T07:31:38.535049,17006837760,16337338368,669499392,3.9,13821788160,1010843648,1940963328,119078912,2537488384
2026-07-09T07:31:39.535769,17006837760,16338108416,668729344,3.9,13822558208,1010843648,1940963328,119078912,2537488384
2026-07-09T07:31:40.537834,17006837760,16337108992,669728768,3.9,13821558784,1010843648,1940963328,119078912,2537488384
2026-07-09T07:31:41.539356,17006837760,16334012416,672825344,4.0,13818429440,1011318784,1940996096,119078912,2537488384
2026-07-09T07:31:42.539750,17006837760,16334962688,671875072,4.0,13819379712,1011318784,1940996096,119078912,2537488384
2026-07-09T07:31:43.540148,17006837760,16336502784,670334976,3.9,13820919808,1011318784,1940996096,119078912,2537504768
2026-07-09T07:31:44.540557,17006837760,16337993728,668844032,3.9,13822410752,1011318784,1940996096,119078912,2537504768
2026-07-09T07:31:45.540986,17006837760,16339419136,667418624,3.9,13823836160,1011318784,1940996096,119078912,2537504768
2026-07-09T07:31:46.541450,17006837760,16340811776,666025984,3.9,13825228800,1011318784,1940996096,119078912,2537504768
2026-07-09T07:31:47.542871,17006837760,16341565440,665272320,3.9,13825982464,1011318784,1940996096,119078912,2537504768
2026-07-09T07:31:48.543680,17006837760,16336568320,670269440,3.9,13820985344,1015889920,1940996096,119078912,2537504768
2026-07-09T07:31:49.544983,17006837760,16335831040,671006720,3.9,13820248064,1015889920,1940996096,119078912,2537521152
2026-07-09T07:31:50.545531,17006837760,16335831040,671006720,3.9,13820248064,1015889920,1940996096,119078912,2537521152
2026-07-09T07:31:51.547047,17006837760,16339238912,667598848,3.9,13823655936,1015889920,1940996096,119078912,2537521152
2026-07-09T07:31:52.547315,17006837760,16339419136,667418624,3.9,13823836160,1016102912,1940996096,119078912,2537521152
2026-07-09T07:31:53.547583,17006837760,16339419136,667418624,3.9,13823836160,1016102912,1940996096,119078912,2537521152
2026-07-09T07:31:54.547851,17006837760,16341794816,665042944,3.9,13826211840,1016102912,1940996096,119078912,2537521152
2026-07-09T07:31:55.548482,17006837760,16345382912,661454848,3.9,13829799936,1007976448,1940996096,119078912,2537537536
2026-07-09T07:31:56.548937,17006837760,16340385792,666451968,3.9,13824737280,1011597312,1941061632,119078912,2537537536
2026-07-09T07:31:57.549530,17006837760,16334684160,672153600,4.0,13819035648,1015660544,1941061632,119078912,2537537536
2026-07-09T07:31:58.549964,17006837760,16333209600,673628160,4.0,13817561088,1015660544,1941061632,119078912,2537537536
2026-07-09T07:31:59.550294,17006837760,16333209600,673628160,4.0,13817561088,1015660544,1941061632,119078912,2537537536
2026-07-09T07:32:00.550570,17006837760,16334454784,672382976,4.0,13818806272,1015660544,1941061632,119078912,2537553920
2026-07-09T07:32:01.550846,17006837760,16333946880,672890880,4.0,13818298368,1015660544,1941061632,119078912,2537553920
2026-07-09T07:32:02.552716,17006837760,16332800000,674037760,4.0,13817151488,1015660544,1941061632,119078912,2537553920
2026-07-09T07:32:03.553036,17006837760,16334340096,672497664,4.0,13818691584,1015660544,1941061632,119078912,2537553920
2026-07-09T07:32:04.553378,17006837760,16335060992,671776768,4.0,13819412480,1015660544,1941061632,119078912,2537553920
2026-07-09T07:32:05.553673,17006837760,16339550208,667287552,3.9,13823885312,1007681536,1941078016,119078912,2537553920
2026-07-09T07:32:06.553950,17006837760,16340172800,666664960,3.9,13824507904,1007681536,1941078016,119078912,2537553920
2026-07-09T07:32:07.554225,17006837760,16342499328,664338432,3.9,13826834432,1007681536,1941078016,119078912,2537570304
2026-07-09T07:32:08.554499,17006837760,16342466560,664371200,3.9,13826801664,1007681536,1941078016,119078912,2537570304
2026-07-09T07:32:09.557523,17006837760,16345006080,661831680,3.9,13829341184,1007681536,1941078016,119078912,2537570304
2026-07-09T07:32:10.557934,17006837760,16343777280,663060480,3.9,13828112384,1009205248,1941078016,119078912,2537570304
2026-07-09T07:32:11.558287,17006837760,16343777280,663060480,3.9,13828112384,1009205248,1941078016,119078912,2537570304
2026-07-09T07:32:12.558560,17006837760,16344530944,662306816,3.9,13828866048,1009582080,1941078016,119078912,2537570304
2026-07-09T07:32:13.558840,17006837760,16343547904,663289856,3.9,13827883008,1009582080,1941078016,119078912,2537586688
2026-07-09T07:32:14.559117,17006837760,16345022464,661815296,3.9,13829357568,1009582080,1941078016,119078912,2537586688
2026-07-09T07:32:15.559496,17006837760,16345268224,661569536,3.9,13829603328,1009582080,1941078016,119078912,2537586688
2026-07-09T07:32:16.559829,17006837760,16345972736,660865024,3.9,13830307840,1009582080,1941078016,119078912,2537586688
2026-07-09T07:32:17.563775,17006837760,16347201536,659636224,3.9,13831536640,1009582080,1941078016,119078912,2537586688
2026-07-09T07:32:18.564194,17006837760,16347676672,659161088,3.9,13832011776,1009582080,1941078016,119078912,2537586688
2026-07-09T07:32:19.564493,17006837760,16347889664,658948096,3.9,13832224768,1009582080,1941078016,119078912,2537603072
2026-07-09T07:32:20.564770,17006837760,16345399296,661438464,3.9,13829734400,1009582080,1941078016,119078912,2537603072
2026-07-09T07:32:21.565047,17006837760,16344743936,662093824,3.9,13829079040,1009582080,1941078016,119078912,2537603072
2026-07-09T07:32:22.565408,17006837760,16344989696,661848064,3.9,13829324800,1009582080,1941078016,119078912,2537603072
2026-07-09T07:32:23.565814,17006837760,16345464832,661372928,3.9,13829799936,1009582080,1941078016,119078912,2537603072
2026-07-09T07:32:24.566148,17006837760,16343908352,662929408,3.9,13828243456,1009582080,1941078016,119078912,2537603072
2026-07-09T07:32:25.566484,17006837760,16344629248,662208512,3.9,13828964352,1009582080,1941078016,119078912,2537603072
2026-07-09T07:32:26.567171,17006837760,16341106688,665731072,3.9,13825441792,1009582080,1941078016,119078912,2537619456
2026-07-09T07:32:27.567512,17006837760,16334389248,672448512,4.0,13818724352,1009582080,1941078016,119078912,2537619456
2026-07-09T07:32:28.567795,17006837760,16334864384,671973376,4.0,13819199488,1009582080,1941078016,119078912,2537619456
2026-07-09T07:32:29.568079,17006837760,16337502208,669335552,3.9,13821837312,1009582080,1941078016,119078912,2537619456
2026-07-09T07:32:30.568360,17006837760,16338518016,668319744,3.9,13822853120,1009582080,1941078016,119078912,2537619456
2026-07-09T07:32:31.568639,17006837760,16340287488,666550272,3.9,13824622592,1009582080,1941078016,119078912,2537619456
2026-07-09T07:32:32.569471,17006837760,16336109568,670728192,3.9,13820411904,1010565120,1941110784,119078912,2537635840
2026-07-09T07:32:33.569781,17006837760,16335454208,671383552,3.9,13819756544,1011580928,1941110784,119078912,2537635840
2026-07-09T07:32:34.570056,17006837760,16335912960,670924800,3.9,13820215296,1011580928,1941110784,119078912,2537635840
2026-07-09T07:32:35.570330,17006837760,16339238912,667598848,3.9,13823541248,1011580928,1941110784,119078912,2537635840
2026-07-09T07:32:36.570646,17006837760,16339402752,667435008,3.9,13823705088,1011580928,1941110784,119078912,2537635840
2026-07-09T07:32:37.571039,17006837760,16339877888,666959872,3.9,13824180224,1011580928,1941110784,119078912,2537635840
2026-07-09T07:32:38.571375,17006837760,16340566016,666271744,3.9,13824868352,1012088832,1941110784,119078912,2537652224
2026-07-09T07:32:39.571721,17006837760,16340844544,665993216,3.9,13825146880,1012088832,1941110784,119078912,2537652224
2026-07-09T07:32:40.572059,17006837760,16341729280,665108480,3.9,13826031616,1012088832,1941110784,119078912,2537652224
2026-07-09T07:32:41.572492,17006837760,16341876736,664961024,3.9,13826179072,1012088832,1941110784,119078912,2537652224
2026-07-09T07:32:42.573374,17006837760,16342728704,664109056,3.9,13827031040,1012088832,1941110784,119078912,2537652224
2026-07-09T07:32:43.573685,17006837760,16343171072,663666688,3.9,13827473408,1012088832,1941110784,119078912,2537652224
2026-07-09T07:32:44.574034,17006837760,16343171072,663666688,3.9,13827473408,1012088832,1941110784,119078912,2537652224
2026-07-09T07:32:45.574326,17006837760,16344023040,662814720,3.9,13828325376,1012088832,1941110784,119078912,2537668608
2026-07-09T07:32:46.574600,17006837760,16343515136,663322624,3.9,13827817472,1012088832,1941110784,119078912,2537668608
2026-07-09T07:32:47.574913,17006837760,16343744512,663093248,3.9,13828046848,1012088832,1941110784,119078912,2537668608
2026-07-09T07:32:48.577579,17006837760,16344203264,662634496,3.9,13828505600,1012088832,1941110784,119078912,2537668608
2026-07-09T07:32:49.577980,17006837760,16344694784,662142976,3.9,13828997120,1012088832,1941110784,119078912,2537668608
2026-07-09T07:32:50.578327,17006837760,16345677824,661159936,3.9,13829980160,1012088832,1941110784,119078912,2537668608
2026-07-09T07:32:51.578605,17006837760,16344694784,662142976,3.9,13828997120,1012088832,1941110784,119078912,2537684992
2026-07-09T07:32:52.578959,17006837760,16343711744,663126016,3.9,13828014080,1012088832,1941110784,119078912,2537684992
2026-07-09T07:32:53.579290,17006837760,16341385216,665452544,3.9,13825687552,1012088832,1941110784,119078912,2537684992
2026-07-09T07:32:54.579682,17006837760,16341860352,664977408,3.9,13826162688,1012088832,1941110784,119078912,2537684992
2026-07-09T07:32:55.580117,17006837760,16344137728,662700032,3.9,13828440064,1012088832,1941110784,119078912,2537684992
2026-07-09T07:32:56.580443,17006837760,16343908352,662929408,3.9,13828194304,1012580352,1941127168,119078912,2537684992
2026-07-09T07:32:57.580766,17006837760,16343662592,663175168,3.9,13827948544,1012580352,1941127168,119078912,2537701376
2026-07-09T07:32:58.581093,17006837760,16344383488,662454272,3.9,13828669440,1012580352,1941127168,119078912,2537701376
2026-07-09T07:32:59.581434,17006837760,16345366528,661471232,3.9,13829652480,1012580352,1941127168,119078912,2537701376
2026-07-09T07:33:00.581772,17006837760,16345858048,660979712,3.9,13830144000,1012580352,1941127168,119078912,2537701376
2026-07-09T07:33:01.583062,17006837760,16346611712,660226048,3.9,13830897664,1012580352,1941127168,119078912,2537701376
2026-07-09T07:33:02.583451,17006837760,16344137728,662700032,3.9,13828423680,1014104064,1941127168,119078912,2537701376
2026-07-09T07:33:03.584294,17006837760,16344137728,662700032,3.9,13828423680,1014104064,1941127168,119078912,2537717760
2026-07-09T07:33:04.584758,17006837760,16341909504,664928256,3.9,13826195456,1014104064,1941127168,119078912,2537717760
2026-07-09T07:33:05.585034,17006837760,16341893120,664944640,3.9,13826179072,1014104064,1941127168,119078912,2537717760
2026-07-09T07:33:06.585321,17006837760,16343121920,663715840,3.9,13827407872,1014104064,1941127168,119078912,2537717760
2026-07-09T07:33:07.585600,17006837760,16343826432,663011328,3.9,13828112384,1014104064,1941127168,119078912,2537717760
2026-07-09T07:33:08.585882,17006837760,16343826432,663011328,3.9,13828112384,1014104064,1941127168,119078912,2537717760
2026-07-09T07:33:09.586222,17006837760,16336633856,670203904,3.9,13820772352,1010941952,1941274624,119078912,2537734144
2026-07-09T07:33:10.586749,17006837760,16336388096,670449664,3.9,13820526592,1011957760,1941274624,119078912,2537734144
2026-07-09T07:33:11.587321,17006837760,16338452480,668385280,3.9,13822590976,1011957760,1941274624,119078912,2537734144
2026-07-09T07:33:12.588254,17006837760,16332308480,674529280,4.0,13816446976,1015005184,1941274624,119078912,2537734144
2026-07-09T07:33:13.588655,17006837760,16332324864,674512896,4.0,13816463360,1015005184,1941274624,119078912,2537734144
2026-07-09T07:33:14.588934,17006837760,16335667200,671170560,3.9,13819789312,1015005184,1941274624,119078912,2537766912
2026-07-09T07:33:15.589370,17006837760,16337125376,669712384,3.9,13821247488,1008451584,1941274624,119078912,2537766912
2026-07-09T07:33:16.589708,17006837760,16334733312,672104448,4.0,13818839040,1009238016,1941291008,119078912,2537766912
2026-07-09T07:33:17.590062,17006837760,16334028800,672808960,4.0,13818134528,1009238016,1941291008,119078912,2537766912
2026-07-09T07:33:18.590416,17006837760,16337829888,669007872,3.9,13821935616,1009238016,1941291008,119078912,2537766912
2026-07-09T07:33:19.590771,17006837760,16338665472,668172288,3.9,13822771200,1009238016,1941291008,119078912,2537766912
2026-07-09T07:33:20.591051,17006837760,16338763776,668073984,3.9,13822869504,1009238016,1941291008,119078912,2537766912
2026-07-09T07:33:21.591530,17006837760,16340828160,666009600,3.9,13824917504,1010237440,1941307392,119078912,2537783296
2026-07-09T07:33:22.592122,17006837760,16338386944,668450816,3.9,13822476288,1014300672,1941307392,119078912,2537783296
2026-07-09T07:33:23.592661,17006837760,16339025920,667811840,3.9,13823115264,1011597312,1941307392,119078912,2537783296
2026-07-09T07:33:24.593404,17006837760,16332013568,674824192,4.0,13816102912,1015758848,1941307392,119078912,2537783296
2026-07-09T07:33:25.594244,17006837760,16331276288,675561472,4.0,13815365632,1020837888,1941307392,119078912,2537799680
2026-07-09T07:33:26.594883,17006837760,16317513728,689324032,4.1,13801603072,1024393216,1941307392,119078912,2537799680
2026-07-09T07:33:27.595614,17006837760,16313827328,693010432,4.1,13797916672,1028456448,1941307392,119078912,2537799680
2026-07-09T07:33:28.596359,17006837760,16313253888,693583872,4.1,13797343232,1034043392,1941307392,119078912,2537799680
2026-07-09T07:33:29.596888,17006837760,16311287808,695549952,4.1,13795377152,1034846208,1941307392,119078912,2537799680
2026-07-09T07:33:30.597302,17006837760,16309698560,697139200,4.1,13793787904,1035862016,1941307392,119078912,2537816064
2026-07-09T07:33:31.597865,17006837760,16310845440,695992320,4.1,13794934784,1035862016,1941307392,119078912,2537816064
2026-07-09T07:33:32.598812,17006837760,16311894016,694943744,4.1,13795983360,1035862016,1941307392,119078912,2537816064
2026-07-09T07:33:33.599281,17006837760,16312369152,694468608,4.1,13796458496,1035862016,1941307392,119078912,2537816064
2026-07-09T07:33:34.599709,17006837760,16337141760,669696000,3.9,13821231104,1007878144,1941307392,119078912,2537816064
2026-07-09T07:33:35.600232,17006837760,16334192640,672645120,4.0,13818265600,1012432896,1941323776,119078912,2537832448
2026-07-09T07:33:36.600549,17006837760,16334225408,672612352,4.0,13818298368,1012432896,1941323776,119078912,2537832448
2026-07-09T07:33:37.600830,17006837760,16336388096,670449664,3.9,13820461056,1012432896,1941323776,119078912,2537832448
2026-07-09T07:33:38.601111,17006837760,16338681856,668155904,3.9,13822754816,1012432896,1941323776,119078912,2537832448
2026-07-09T07:33:39.601398,17006837760,16339402752,667435008,3.9,13823475712,1012432896,1941323776,119078912,2537832448
2026-07-09T07:33:40.601739,17006837760,16339648512,667189248,3.9,13823721472,1012432896,1941323776,119078912,2537832448
2026-07-09T07:33:41.602254,17006837760,16334503936,672333824,4.0,13818560512,1016479744,1941340160,119078912,2537848832
2026-07-09T07:33:42.603013,17006837760,16334012416,672825344,4.0,13818068992,1020035072,1941340160,119078912,2537848832
2026-07-09T07:33:43.603612,17006837760,16329097216,677740544,4.0,13813153792,1024098304,1941340160,119078912,2537848832
2026-07-09T07:33:44.604189,17006837760,16329097216,677740544,4.0,13813153792,1024098304,1941340160,119078912,2537848832
2026-07-09T07:33:45.604664,17006837760,16329588736,677249024,4.0,13813645312,1024098304,1941340160,119078912,2537865216
2026-07-09T07:33:46.605014,17006837760,16332587008,674250752,4.0,13816643584,1024098304,1941340160,119078912,2537865216
2026-07-09T07:33:47.605313,17006837760,16331472896,675364864,4.0,13815529472,1024098304,1941340160,119078912,2537865216
2026-07-09T07:33:48.605598,17006837760,16331702272,675135488,4.0,13815758848,1024098304,1941340160,119078912,2537865216
2026-07-09T07:33:49.605870,17006837760,16333553664,673284096,4.0,13817610240,1024098304,1941340160,119078912,2537865216
2026-07-09T07:33:50.606201,17006837760,16334471168,672366592,4.0,13818527744,1024098304,1941340160,119078912,2537865216
2026-07-09T07:33:51.606573,17006837760,16334471168,672366592,4.0,13818527744,1024098304,1941340160,119078912,2537865216
2026-07-09T07:33:52.607000,17006837760,16334798848,672038912,4.0,13818855424,1024098304,1941340160,119078912,2537881600
2026-07-09T07:33:53.607659,17006837760,16336896000,669941760,3.9,13820936192,1009745920,1941356544,119078912,2537881600
2026-07-09T07:33:54.608104,17006837760,16336994304,669843456,3.9,13821034496,1010139136,1941356544,119078912,2537881600
2026-07-09T07:33:55.608438,17006837760,16337125376,669712384,3.9,13821165568,1010139136,1941356544,119078912,2537881600
2026-07-09T07:33:56.608768,17006837760,16338141184,668696576,3.9,13822181376,1010139136,1941356544,119078912,2537881600
2026-07-09T07:33:57.609095,17006837760,16341057536,665780224,3.9,13825097728,1010139136,1941356544,119078912,2537881600
2026-07-09T07:33:58.609763,17006837760,16341827584,665010176,3.9,13825867776,1010139136,1941356544,119078912,2537897984
2026-07-09T07:33:59.610400,17006837760,16341991424,664846336,3.9,13826031616,1010139136,1941356544,119078912,2537897984
2026-07-09T07:34:00.610750,17006837760,16343613440,663224320,3.9,13827653632,1010139136,1941356544,119078912,2537897984
2026-07-09T07:34:01.611104,17006837760,16342892544,663945216,3.9,13826932736,1010139136,1941356544,119078912,2537897984
2026-07-09T07:34:02.611382,17006837760,16344793088,662044672,3.9,13828833280,1010139136,1941356544,119078912,2537897984
2026-07-09T07:34:03.611709,17006837760,16346267648,660570112,3.9,13830307840,1010139136,1941356544,119078912,2537897984
2026-07-09T07:34:04.612238,17006837760,16342351872,664485888,3.9,13826375680,1010630656,1941372928,119078912,2537914368
2026-07-09T07:34:05.612915,17006837760,16335962112,670875648,3.9,13819969536,1016709120,1941389312,119078912,2537914368
2026-07-09T07:34:06.613664,17006837760,16331505664,675332096,4.0,13815513088,1019756544,1941389312,119078912,2537914368
2026-07-09T07:34:07.614096,17006837760,16317251584,689586176,4.1,13801259008,1024835584,1941389312,119078912,2537914368
2026-07-09T07:34:08.614850,17006837760,16315285504,691552256,4.1,13799292928,1028390912,1941389312,119078912,2537914368
2026-07-09T07:34:09.615400,17006837760,16312958976,693878784,4.1,13796950016,1032437760,1941405696,119078912,2537930752
2026-07-09T07:34:10.615823,17006837760,16311975936,694861824,4.1,13795966976,1032437760,1941405696,119078912,2537930752
2026-07-09T07:34:11.616370,17006837760,16315416576,691421184,4.1,13799407616,1032437760,1941405696,119078912,2537930752
2026-07-09T07:34:12.616899,17006837760,16316268544,690569216,4.1,13800259584,1032437760,1941405696,119078912,2537930752
2026-07-09T07:34:13.617313,17006837760,16339042304,667795456,3.9,13823033344,1012187136,1941405696,119078912,2537930752
2026-07-09T07:34:14.617971,17006837760,16338550784,668286976,3.9,13822541824,1012187136,1941405696,119078912,2537947136
2026-07-09T07:34:15.618370,17006837760,16338550784,668286976,3.9,13822541824,1012187136,1941405696,119078912,2537947136
2026-07-09T07:34:16.618653,17006837760,16341696512,665141248,3.9,13825687552,1012187136,1941405696,119078912,2537947136
2026-07-09T07:34:17.618934,17006837760,16342188032,664649728,3.9,13826179072,1012187136,1941405696,119078912,2537947136
2026-07-09T07:34:18.619214,17006837760,16342188032,664649728,3.9,13826179072,1012187136,1941405696,119078912,2537947136
2026-07-09T07:34:19.619868,17006837760,16344104960,662732800,3.9,13828096000,1013202944,1941405696,119078912,2537947136
2026-07-09T07:34:20.621094,17006837760,16342892544,663945216,3.9,13826867200,1014202368,1941422080,119078912,2537963520
2026-07-09T07:34:21.621449,17006837760,16342401024,664436736,3.9,13826375680,1014202368,1941422080,119078912,2537963520
2026-07-09T07:34:22.621818,17006837760,16344530944,662306816,3.9,13828505600,1014202368,1941422080,119078912,2537963520
2026-07-09T07:34:23.622104,17006837760,16344514560,662323200,3.9,13828489216,1014202368,1941422080,119078912,2537963520
2026-07-09T07:34:24.622428,17006837760,16344514560,662323200,3.9,13828489216,1014202368,1941422080,119078912,2537963520
2026-07-09T07:34:25.622775,17006837760,16345481216,661356544,3.9,13829455872,1014202368,1941422080,119078912,2537963520
2026-07-09T07:34:26.623115,17006837760,16345726976,661110784,3.9,13829701632,1014202368,1941422080,119078912,2537979904
2026-07-09T07:34:27.623508,17006837760,16345481216,661356544,3.9,13829455872,1014202368,1941422080,119078912,2537979904
2026-07-09T07:34:28.623972,17006837760,16345235456,661602304,3.9,13829210112,1014202368,1941422080,119078912,2537979904
2026-07-09T07:34:29.624256,17006837760,16343875584,662962176,3.9,13827850240,1014202368,1941422080,119078912,2537979904
2026-07-09T07:34:30.624610,17006837760,16344334336,662503424,3.9,13828308992,1014202368,1941422080,119078912,2537979904
2026-07-09T07:34:31.624893,17006837760,16342614016,664223744,3.9,13826588672,1014202368,1941422080,119078912,2537979904
2026-07-09T07:34:32.625218,17006837760,16338944000,667893760,3.9,13822918656,1014202368,1941422080,119078912,2537979904
2026-07-09T07:34:33.625563,17006837760,16340385792,666451968,3.9,13824360448,1014202368,1941422080,119078912,2537996288
2026-07-09T07:34:34.625994,17006837760,16338927616,667910144,3.9,13822902272,1014202368,1941422080,119078912,2537996288
2026-07-09T07:34:35.626329,17006837760,16339402752,667435008,3.9,13823377408,1014202368,1941422080,119078912,2537996288
2026-07-09T07:34:36.626665,17006837760,16340467712,666370048,3.9,13824442368,1014202368,1941422080,119078912,2537996288
2026-07-09T07:34:37.626997,17006837760,16340680704,666157056,3.9,13824655360,1014202368,1941422080,119078912,2537996288
2026-07-09T07:34:38.627331,17006837760,16340926464,665911296,3.9,13824901120,1014202368,1941422080,119078912,2537996288
2026-07-09T07:34:39.627663,17006837760,16341172224,665665536,3.9,13825146880,1014202368,1941422080,119078912,2537996288
2026-07-09T07:34:40.627993,17006837760,16341270528,665567232,3.9,13825245184,1014202368,1941422080,119078912,2538012672
2026-07-09T07:34:41.628325,17006837760,16341516288,665321472,3.9,13825490944,1014202368,1941422080,119078912,2538012672
2026-07-09T07:34:42.628619,17006837760,16343941120,662896640,3.9,13827915776,1014202368,1941422080,119078912,2538012672
2026-07-09T07:34:43.628973,17006837760,16343678976,663158784,3.9,13827653632,1014202368,1941422080,119078912,2538012672
2026-07-09T07:34:44.629261,17006837760,16343924736,662913024,3.9,13827899392,1014202368,1941422080,119078912,2538012672
2026-07-09T07:34:45.629544,17006837760,16345382912,661454848,3.9,13829357568,1014202368,1941422080,119078912,2538012672
2026-07-09T07:34:46.629829,17006837760,16345137152,661700608,3.9,13829111808,1014202368,1941422080,119078912,2538029056
2026-07-09T07:34:47.630266,17006837760,16345137152,661700608,3.9,13829111808,1014202368,1941422080,119078912,2538029056
2026-07-09T07:34:48.630714,17006837760,16345382912,661454848,3.9,13829357568,1014202368,1941422080,119078912,2538029056
2026-07-09T07:34:49.630998,17006837760,16345874432,660963328,3.9,13829849088,1014202368,1941422080,119078912,2538029056
2026-07-09T07:34:50.631279,17006837760,16346349568,660488192,3.9,13830324224,1014202368,1941422080,119078912,2538029056
2026-07-09T07:34:51.631560,17006837760,16346071040,660766720,3.9,13830045696,1014202368,1941422080,119078912,2538029056
2026-07-09T07:34:52.631882,17006837760,16345563136,661274624,3.9,13829537792,1014202368,1941422080,119078912,2538029056
2026-07-09T07:34:53.632280,17006837760,16344809472,662028288,3.9,13828784128,1014202368,1941422080,119078912,2538045440
2026-07-09T07:34:54.632642,17006837760,16344317952,662519808,3.9,13828292608,1014202368,1941422080,119078912,2538045440
2026-07-09T07:34:55.633096,17006837760,16337682432,669155328,3.9,13821657088,1014202368,1941422080,119078912,2538045440
2026-07-09T07:34:56.633435,17006837760,16335224832,671612928,3.9,13819199488,1014202368,1941422080,119078912,2538045440
2026-07-09T07:34:57.633785,17006837760,16335962112,670875648,3.9,13819936768,1014202368,1941422080,119078912,2538045440
2026-07-09T07:34:58.634059,17006837760,16338190336,668647424,3.9,13822164992,1014202368,1941422080,119078912,2538045440
2026-07-09T07:34:59.634373,17006837760,16339632128,667205632,3.9,13823606784,1014202368,1941422080,119078912,2538061824
2026-07-09T07:35:00.634726,17006837760,16340287488,666550272,3.9,13824262144,1014202368,1941422080,119078912,2538061824
2026-07-09T07:35:01.635023,17006837760,16340877312,665960448,3.9,13824851968,1014202368,1941422080,119078912,2538061824
2026-07-09T07:35:02.635382,17006837760,16341008384,665829376,3.9,13824983040,1014202368,1941422080,119078912,2538061824
2026-07-09T07:35:03.635667,17006837760,16342384640,664453120,3.9,13826359296,1014202368,1941422080,119078912,2538061824
2026-07-09T07:35:04.635947,17006837760,16342155264,664682496,3.9,13826129920,1014202368,1941422080,119078912,2538061824
2026-07-09T07:35:05.636229,17006837760,16341663744,665174016,3.9,13825638400,1014202368,1941422080,119078912,2538078208
2026-07-09T07:35:06.636626,17006837760,16342417408,664420352,3.9,13826375680,1014202368,1941438464,119078912,2538078208
2026-07-09T07:35:07.636963,17006837760,16342417408,664420352,3.9,13826375680,1014202368,1941438464,119078912,2538078208
2026-07-09T07:35:08.637313,17006837760,16342663168,664174592,3.9,13826621440,1014202368,1941438464,119078912,2538078208
2026-07-09T07:35:09.637652,17006837760,16343891968,662945792,3.9,13827850240,1014202368,1941438464,119078912,2538078208
2026-07-09T07:35:10.637992,17006837760,16343662592,663175168,3.9,13827620864,1014202368,1941438464,119078912,2538078208
2026-07-09T07:35:11.638336,17006837760,16343891968,662945792,3.9,13827850240,1014202368,1941438464,119078912,2538078208
2026-07-09T07:35:12.638673,17006837760,16343826432,663011328,3.9,13827784704,1014202368,1941438464,119078912,2538094592
2026-07-09T07:35:13.639016,17006837760,16343367680,663470080,3.9,13827325952,1014202368,1941438464,119078912,2538094592
2026-07-09T07:35:14.639326,17006837760,16343859200,662978560,3.9,13827817472,1014202368,1941438464,119078912,2538094592
2026-07-09T07:35:15.639610,17006837760,16342876160,663961600,3.9,13826834432,1014202368,1941438464,119078912,2538094592
2026-07-09T07:35:16.639892,17006837760,16343302144,663535616,3.9,13827260416,1014202368,1941438464,119078912,2538094592
2026-07-09T07:35:17.640170,17006837760,16344236032,662601728,3.9,13828194304,1014202368,1941438464,119078912,2538094592
2026-07-09T07:35:18.641489,17006837760,16343810048,663027712,3.9,13827768320,1014202368,1941438464,119078912,2538110976
2026-07-09T07:35:19.642253,17006837760,16339025920,667811840,3.9,13822853120,1016381440,1941569536,119078912,2538110976
2026-07-09T07:35:20.643030,17006837760,16327720960,679116800,4.0,13811548160,1020952576,1941569536,119078912,2538110976
2026-07-09T07:35:21.643816,17006837760,16321331200,685506560,4.0,13805158400,1025015808,1941569536,119078912,2538110976
2026-07-09T07:35:22.644855,17006837760,16314449920,692387840,4.1,13798277120,1030602752,1941569536,119078912,2538110976
2026-07-09T07:35:23.645331,17006837760,16308568064,698269696,4.1,13792378880,1037189120,1941585920,119078912,2538127360
2026-07-09T07:35:24.646184,17006837760,16308551680,698286080,4.1,13792362496,1037189120,1941585920,119078912,2538127360
2026-07-09T07:35:25.646678,17006837760,16308551680,698286080,4.1,13792362496,1037189120,1941585920,119078912,2538127360
2026-07-09T07:35:26.647312,17006837760,16312336384,694501376,4.1,13796147200,1037189120,1941585920,119078912,2538127360
2026-07-09T07:35:27.647991,17006837760,16312336384,694501376,4.1,13796147200,1037189120,1941585920,119078912,2538127360
2026-07-09T07:35:28.648338,17006837760,16312500224,694337536,4.1,13796311040,1037189120,1941585920,119078912,2538143744
2026-07-09T07:35:29.648617,17006837760,16313827328,693010432,4.1,13797638144,1037189120,1941585920,119078912,2538143744
2026-07-09T07:35:30.649150,17006837760,16337813504,669024256,3.9,13821607936,1010434048,1941602304,119078912,2538143744
2026-07-09T07:35:31.649675,17006837760,16337567744,669270016,3.9,13821362176,1012056064,1941602304,119078912,2538143744
2026-07-09T07:35:32.650013,17006837760,16337780736,669057024,3.9,13821526016,1012236288,1941651456,119078912,2538143744
2026-07-09T07:35:33.650294,17006837760,16339763200,667074560,3.9,13823508480,1012236288,1941651456,119078912,2538143744
2026-07-09T07:35:34.650605,17006837760,16340353024,666484736,3.9,13824098304,1012236288,1941651456,119078912,2538160128
2026-07-09T07:35:35.650937,17006837760,16339959808,666877952,3.9,13823705088,1012236288,1941651456,119078912,2538160128
2026-07-09T07:35:36.651272,17006837760,16341024768,665812992,3.9,13824770048,1012236288,1941651456,119078912,2538160128
2026-07-09T07:35:37.651736,17006837760,16341827584,665010176,3.9,13825572864,1012236288,1941651456,119078912,2538160128
2026-07-09T07:35:38.652051,17006837760,16342171648,664666112,3.9,13825916928,1012236288,1941651456,119078912,2538160128
2026-07-09T07:35:39.652336,17006837760,16341925888,664911872,3.9,13825671168,1012236288,1941651456,119078912,2538160128
2026-07-09T07:35:40.652686,17006837760,16343105536,663732224,3.9,13826850816,1012236288,1941651456,119078912,2538160128
2026-07-09T07:35:41.652971,17006837760,16342859776,663977984,3.9,13826605056,1012236288,1941651456,119078912,2538176512
2026-07-09T07:35:42.653303,17006837760,16343105536,663732224,3.9,13826850816,1012269056,1941651456,119078912,2538176512
2026-07-09T07:35:43.653641,17006837760,16342859776,663977984,3.9,13826605056,1012269056,1941651456,119078912,2538176512
2026-07-09T07:35:44.653971,17006837760,16343089152,663748608,3.9,13826834432,1012269056,1941651456,119078912,2538176512
2026-07-09T07:35:45.654303,17006837760,16344760320,662077440,3.9,13828505600,1012269056,1941651456,119078912,2538176512
2026-07-09T07:35:46.654645,17006837760,16342532096,664305664,3.9,13826277376,1012269056,1941651456,119078912,2538176512
2026-07-09T07:35:47.654996,17006837760,16340418560,666419200,3.9,13824163840,1012269056,1941651456,119078912,2538192896
2026-07-09T07:35:48.655456,17006837760,16341155840,665681920,3.9,13824901120,1012269056,1941651456,119078912,2538192896
2026-07-09T07:35:49.655808,17006837760,16339681280,667156480,3.9,13823426560,1012269056,1941651456,119078912,2538192896
2026-07-09T07:35:50.656094,17006837760,16340189184,666648576,3.9,13823934464,1012269056,1941651456,119078912,2538192896
2026-07-09T07:35:51.656378,17006837760,16341893120,664944640,3.9,13825638400,1012269056,1941651456,119078912,2538192896
2026-07-09T07:35:52.656700,17006837760,16342368256,664469504,3.9,13826113536,1012269056,1941651456,119078912,2538192896
2026-07-09T07:35:53.657036,17006837760,16342614016,664223744,3.9,13826359296,1012269056,1941651456,119078912,2538192896
2026-07-09T07:35:54.657380,17006837760,16344039424,662798336,3.9,13827784704,1012269056,1941651456,119078912,2538209280
2026-07-09T07:35:55.657716,17006837760,16345251840,661585920,3.9,13828997120,1012269056,1941651456,119078912,2538209280
2026-07-09T07:35:56.658062,17006837760,16345776128,661061632,3.9,13829521408,1012269056,1941651456,119078912,2538209280
2026-07-09T07:35:57.658361,17006837760,16346988544,659849216,3.9,13830733824,1012269056,1941651456,119078912,2538209280
2026-07-09T07:35:58.658641,17006837760,16346742784,660094976,3.9,13830488064,1012269056,1941651456,119078912,2538209280
2026-07-09T07:35:59.658983,17006837760,16347217920,659619840,3.9,13830963200,1012269056,1941651456,119078912,2538209280
2026-07-09T07:36:00.659333,17006837760,16348299264,658538496,3.9,13832044544,1012269056,1941651456,119078912,2538209280
2026-07-09T07:36:01.659702,17006837760,16348561408,658276352,3.9,13832306688,1012269056,1941651456,119078912,2538225664
2026-07-09T07:36:02.660494,17006837760,16348315648,658522112,3.9,13832060928,1012269056,1941651456,119078912,2538225664
2026-07-09T07:36:03.661331,17006837760,16348413952,658423808,3.9,13832159232,1012285440,1941651456,119078912,2538225664
2026-07-09T07:36:04.662022,17006837760,16347922432,658915328,3.9,13831667712,1012285440,1941651456,119078912,2538225664
2026-07-09T07:36:05.662524,17006837760,16347693056,659144704,3.9,13831438336,1012285440,1941651456,119078912,2538225664
2026-07-09T07:36:06.662896,17006837760,16348151808,658685952,3.9,13831897088,1012285440,1941651456,119078912,2538225664
2026-07-09T07:36:07.663282,17006837760,16348151808,658685952,3.9,13831897088,1012285440,1941651456,119078912,2538242048
2026-07-09T07:36:08.663666,17006837760,16347922432,658915328,3.9,13831667712,1012285440,1941651456,119078912,2538242048
2026-07-09T07:36:09.663984,17006837760,16343990272,662847488,3.9,13827735552,1012285440,1941651456,119078912,2538242048
2026-07-09T07:36:10.664331,17006837760,16342040576,664797184,3.9,13825785856,1012285440,1941651456,119078912,2538242048
2026-07-09T07:36:11.666782,17006837760,16340320256,666517504,3.9,13824065536,1012285440,1941651456,119078912,2538242048
2026-07-09T07:36:12.668435,17006837760,16332521472,674316288,4.0,13816217600,1017315328,1941700608,119078912,2538242048
2026-07-09T07:36:13.670418,17006837760,16330063872,676773888,4.0,13813760000,1019346944,1941700608,119078912,2538258432
2026-07-09T07:36:14.671602,17006837760,16330063872,676773888,4.0,13813760000,1019346944,1941700608,119078912,2538258432
2026-07-09T07:36:15.672320,17006837760,16333668352,673169408,4.0,13817364480,1019346944,1941700608,119078912,2538258432
2026-07-09T07:36:16.673768,17006837760,16334389248,672448512,4.0,13818085376,1019346944,1941700608,119078912,2538258432
2026-07-09T07:36:17.674143,17006837760,16333897728,672940032,4.0,13817593856,1019346944,1941700608,119078912,2538258432
2026-07-09T07:36:18.674530,17006837760,16335437824,671399936,3.9,13819133952,1019789312,1941700608,119078912,2538258432
2026-07-09T07:36:19.674909,17006837760,16335929344,670908416,3.9,13819625472,1019789312,1941700608,119078912,2538274816
2026-07-09T07:36:20.675288,17006837760,16340664320,666173440,3.9,13824311296,1009926144,1941749760,119078912,2538274816
2026-07-09T07:36:21.675928,17006837760,16340664320,666173440,3.9,13824311296,1009926144,1941749760,119078912,2538274816
2026-07-09T07:36:22.677510,17006837760,16343351296,663486464,3.9,13826998272,1009926144,1941749760,119078912,2538274816
2026-07-09T07:36:23.677932,17006837760,16344154112,662683648,3.9,13827801088,1009926144,1941749760,119078912,2538274816
2026-07-09T07:36:24.678358,17006837760,16344383488,662454272,3.9,13828030464,1009926144,1941749760,119078912,2538274816
2026-07-09T07:36:25.679094,17006837760,16347430912,659406848,3.9,13831077888,1009926144,1941749760,119078912,2538274816
2026-07-09T07:36:26.679707,17006837760,16347119616,659718144,3.9,13830766592,1009926144,1941749760,119078912,2538291200
2026-07-09T07:36:27.680585,17006837760,16347365376,659472384,3.9,13831012352,1009926144,1941749760,119078912,2538291200
2026-07-09T07:36:28.680996,17006837760,16348528640,658309120,3.9,13832175616,1009926144,1941749760,119078912,2538291200
2026-07-09T07:36:29.681432,17006837760,16348790784,658046976,3.9,13832437760,1009926144,1941749760,119078912,2538291200
2026-07-09T07:36:30.681854,17006837760,16348987392,657850368,3.9,13832634368,1009926144,1941749760,119078912,2538291200
2026-07-09T07:36:31.682273,17006837760,16349282304,657555456,3.9,13832929280,1009926144,1941749760,119078912,2538291200
2026-07-09T07:36:32.682710,17006837760,16347070464,659767296,3.9,13830717440,1009926144,1941749760,119078912,2538291200
2026-07-09T07:36:33.683148,17006837760,16343990272,662847488,3.9,13827588096,1010221056,1941798912,119078912,2538307584
2026-07-09T07:36:34.683585,17006837760,16344743936,662093824,3.9,13828341760,1010221056,1941798912,119078912,2538307584
2026-07-09T07:36:35.684435,17006837760,16346087424,660750336,3.9,13829685248,1010221056,1941798912,119078912,2538307584
2026-07-09T07:36:36.684896,17006837760,16337731584,669106176,3.9,13821329408,1014284288,1941798912,119078912,2538307584
2026-07-09T07:36:37.686277,17006837760,16337977344,668860416,3.9,13821575168,1014284288,1941798912,119078912,2538307584
2026-07-09T07:36:38.686617,17006837760,16338223104,668614656,3.9,13821820928,1014284288,1941798912,119078912,2538307584
2026-07-09T07:36:39.686898,17006837760,16340942848,665894912,3.9,13824540672,1014284288,1941798912,119078912,2538323968
2026-07-09T07:36:40.687203,17006837760,16340238336,666599424,3.9,13823836160,1014284288,1941798912,119078912,2538323968
2026-07-09T07:36:41.687531,17006837760,16340942848,665894912,3.9,13824540672,1014284288,1941798912,119078912,2538323968
2026-07-09T07:36:42.689367,17006837760,16342827008,664010752,3.9,13826424832,1014284288,1941798912,119078912,2538323968
2026-07-09T07:36:43.689712,17006837760,16341762048,665075712,3.9,13825359872,1014284288,1941798912,119078912,2538323968
2026-07-09T07:36:44.689995,17006837760,16341663744,665174016,3.9,13825261568,1014284288,1941798912,119078912,2538323968
2026-07-09T07:36:45.690275,17006837760,16342384640,664453120,3.9,13825982464,1014284288,1941798912,119078912,2538340352
2026-07-09T07:36:46.690555,17006837760,16342171648,664666112,3.9,13825769472,1014284288,1941798912,119078912,2538340352
2026-07-09T07:36:47.690876,17006837760,16342630400,664207360,3.9,13826228224,1014284288,1941798912,119078912,2538340352
2026-07-09T07:36:48.691212,17006837760,16342990848,663846912,3.9,13826588672,1014284288,1941798912,119078912,2538340352
2026-07-09T07:36:49.691551,17006837760,16343957504,662880256,3.9,13827555328,1014284288,1941798912,119078912,2538340352
2026-07-09T07:36:50.691891,17006837760,16344432640,662405120,3.9,13828030464,1014284288,1941798912,119078912,2538340352
2026-07-09T07:36:51.692189,17006837760,16341712896,665124864,3.9,13825310720,1014284288,1941798912,119078912,2538340352
2026-07-09T07:36:52.692475,17006837760,16341975040,664862720,3.9,13825572864,1014284288,1941798912,119078912,2538356736
2026-07-09T07:36:53.692762,17006837760,16342712320,664125440,3.9,13826310144,1014284288,1941798912,119078912,2538356736
2026-07-09T07:36:54.693042,17006837760,16343678976,663158784,3.9,13827276800,1014284288,1941798912,119078912,2538356736
2026-07-09T07:36:55.693331,17006837760,16342941696,663896064,3.9,13826539520,1014284288,1941798912,119078912,2538356736
2026-07-09T07:36:56.693651,17006837760,16339337216,667500544,3.9,13822935040,1014284288,1941798912,119078912,2538356736
2026-07-09T07:36:57.693982,17006837760,16339091456,667746304,3.9,13822689280,1014284288,1941798912,119078912,2538356736
2026-07-09T07:36:58.694758,17006837760,16338616320,668221440,3.9,13822214144,1014284288,1941798912,119078912,2538373120
2026-07-09T07:36:59.695099,17006837760,16339107840,667729920,3.9,13822705664,1014284288,1941798912,119078912,2538373120
2026-07-09T07:37:00.695450,17006837760,16339238912,667598848,3.9,13822836736,1014284288,1941798912,119078912,2538373120
2026-07-09T07:37:01.695727,17006837760,16339730432,667107328,3.9,13823328256,1014284288,1941798912,119078912,2538373120
2026-07-09T07:37:02.696005,17006837760,16339648512,667189248,3.9,13823246336,1014284288,1941798912,119078912,2538373120
2026-07-09T07:37:03.696803,17006837760,16339304448,667533312,3.9,13822902272,1014284288,1941798912,119078912,2538373120
2026-07-09T07:37:04.697207,17006837760,16336207872,670629888,3.9,13819723776,1016528896,1941880832,119078912,2538389504
2026-07-09T07:37:05.701565,17006837760,16336207872,670629888,3.9,13819723776,1016528896,1941880832,119078912,2538389504
2026-07-09T07:37:06.702005,17006837760,16336699392,670138368,3.9,13820215296,1016528896,1941880832,119078912,2538389504
2026-07-09T07:37:07.702288,17006837760,16339746816,667090944,3.9,13823262720,1016528896,1941880832,119078912,2538389504
2026-07-09T07:37:08.702569,17006837760,16340041728,666796032,3.9,13823557632,1016528896,1941880832,119078912,2538389504
2026-07-09T07:37:09.702921,17006837760,16340041728,666796032,3.9,13823557632,1016643584,1941880832,119078912,2538389504
2026-07-09T07:37:10.705490,17006837760,16338583552,668254208,3.9,13822050304,1011761152,1941929984,119078912,2538405888
2026-07-09T07:37:11.705949,17006837760,16334635008,672202752,4.0,13818101760,1014808576,1941929984,119078912,2538405888
2026-07-09T07:37:12.706308,17006837760,16334651392,672186368,4.0,13818118144,1014808576,1941929984,119078912,2538405888
2026-07-09T07:37:13.706629,17006837760,16335273984,671563776,3.9,13818740736,1014808576,1941929984,119078912,2538405888
2026-07-09T07:37:14.706955,17006837760,16336257024,670580736,3.9,13819723776,1014906880,1941929984,119078912,2538405888
2026-07-09T07:37:15.707286,17006837760,16336535552,670302208,3.9,13820002304,1014906880,1941929984,119078912,2538405888
2026-07-09T07:37:16.710443,17006837760,16337256448,669581312,3.9,13820723200,1014906880,1941929984,119078912,2538422272
2026-07-09T07:37:17.710979,17006837760,16338370560,668467200,3.9,13821837312,1014906880,1941929984,119078912,2538422272
2026-07-09T07:37:18.711266,17006837760,16338124800,668712960,3.9,13821591552,1014906880,1941929984,119078912,2538422272
2026-07-09T07:37:19.711549,17006837760,16333471744,673366016,4.0,13816922112,1014939648,1941946368,119078912,2538422272
2026-07-09T07:37:20.711831,17006837760,16333193216,673644544,4.0,13816643584,1014939648,1941946368,119078912,2538422272
2026-07-09T07:37:21.712112,17006837760,16332505088,674332672,4.0,13815955456,1014939648,1941946368,119078912,2538422272
2026-07-09T07:37:22.712435,17006837760,16334422016,672415744,4.0,13817872384,1014939648,1941946368,119078912,2538422272
2026-07-09T07:37:23.712849,17006837760,16332947456,673890304,4.0,13816397824,1014939648,1941946368,119078912,2538438656
2026-07-09T07:37:24.713352,17006837760,16332750848,674086912,4.0,13816201216,1014988800,1941946368,119078912,2538438656
2026-07-09T07:37:25.713705,17006837760,16333291520,673546240,4.0,13816741888,1014988800,1941946368,119078912,2538438656
2026-07-09T07:37:26.713982,17006837760,16334766080,672071680,4.0,13818216448,1014988800,1941946368,119078912,2538438656
2026-07-09T07:37:27.714256,17006837760,16335503360,671334400,3.9,13818953728,1014988800,1941946368,119078912,2538438656
2026-07-09T07:37:28.714534,17006837760,16336617472,670220288,3.9,13820067840,1014988800,1941946368,119078912,2538438656
2026-07-09T07:37:29.714900,17006837760,16337420288,669417472,3.9,13820870656,1014988800,1941946368,119078912,2538455040
2026-07-09T07:37:30.715234,17006837760,16337911808,668925952,3.9,13821362176,1014988800,1941946368,119078912,2538455040
2026-07-09T07:37:31.715567,17006837760,16339255296,667582464,3.9,13822705664,1014988800,1941946368,119078912,2538455040
2026-07-09T07:37:32.715866,17006837760,16338944000,667893760,3.9,13822394368,1014988800,1941946368,119078912,2538455040
2026-07-09T07:37:33.716229,17006837760,16339337216,667500544,3.9,13822787584,1014988800,1941946368,119078912,2538455040
2026-07-09T07:37:34.716507,17006837760,16339714048,667123712,3.9,13823164416,1014988800,1941946368,119078912,2538455040
2026-07-09T07:37:35.716788,17006837760,16340664320,666173440,3.9,13824114688,1014988800,1941946368,119078912,2538455040
2026-07-09T07:37:36.717070,17006837760,16341172224,665665536,3.9,13824622592,1014988800,1941946368,119078912,2538471424
2026-07-09T07:37:37.717393,17006837760,16342482944,664354816,3.9,13825933312,1014988800,1941946368,119078912,2538471424
2026-07-09T07:37:38.717740,17006837760,16342482944,664354816,3.9,13825933312,1014988800,1941946368,119078912,2538471424
2026-07-09T07:37:39.718057,17006837760,16342958080,663879680,3.9,13826408448,1014988800,1941946368,119078912,2538471424
2026-07-09T07:37:40.718391,17006837760,16342843392,663994368,3.9,13826293760,1014988800,1941946368,119078912,2538471424
2026-07-09T07:37:41.718671,17006837760,16343318528,663519232,3.9,13826768896,1014988800,1941946368,119078912,2538471424
2026-07-09T07:37:42.718955,17006837760,16343154688,663683072,3.9,13826605056,1014988800,1941946368,119078912,2538487808
2026-07-09T07:37:43.719309,17006837760,16344350720,662487040,3.9,13827801088,1014988800,1941946368,119078912,2538487808
2026-07-09T07:37:44.719651,17006837760,16343859200,662978560,3.9,13827309568,1014988800,1941946368,119078912,2538487808
2026-07-09T07:37:45.719999,17006837760,16342695936,664141824,3.9,13826146304,1014988800,1941946368,119078912,2538487808
2026-07-09T07:37:46.720334,17006837760,16342728704,664109056,3.9,13826179072,1014988800,1941946368,119078912,2538487808
2026-07-09T07:37:47.720671,17006837760,16341041152,665796608,3.9,13824491520,1014988800,1941946368,119078912,2538487808
2026-07-09T07:37:48.721046,17006837760,16339812352,667025408,3.9,13823262720,1014988800,1941946368,119078912,2538487808
2026-07-09T07:37:49.721475,17006837760,16337190912,669646848,3.9,13820641280,1014988800,1941946368,119078912,2538504192
2026-07-09T07:37:50.721817,17006837760,16338403328,668434432,3.9,13821853696,1014988800,1941946368,119078912,2538504192
2026-07-09T07:37:51.722265,17006837760,16339877888,666959872,3.9,13823328256,1014988800,1941946368,119078912,2538504192
2026-07-09T07:37:52.722589,17006837760,16340353024,666484736,3.9,13823803392,1014988800,1941946368,119078912,2538504192
2026-07-09T07:37:53.722873,17006837760,16341303296,665534464,3.9,13824753664,1014988800,1941946368,119078912,2538504192
2026-07-09T07:37:54.723153,17006837760,16339091456,667746304,3.9,13822541824,1014988800,1941946368,119078912,2538504192
2026-07-09T07:37:55.723437,17006837760,16338632704,668205056,3.9,13822050304,1015431168,1941979136,119078912,2538520576
2026-07-09T07:37:56.723872,17006837760,16341090304,665747456,3.9,13824507904,1015431168,1941979136,119078912,2538520576
2026-07-09T07:37:57.724251,17006837760,16341581824,665255936,3.9,13824999424,1015431168,1941979136,119078912,2538520576
2026-07-09T07:37:58.724633,17006837760,16341581824,665255936,3.9,13824999424,1015431168,1941979136,119078912,2538520576
2026-07-09T07:37:59.724918,17006837760,16342056960,664780800,3.9,13825474560,1015431168,1941979136,119078912,2538520576
2026-07-09T07:38:00.725200,17006837760,16343515136,663322624,3.9,13826932736,1015431168,1941979136,119078912,2538520576
2026-07-09T07:38:01.725483,17006837760,16342499328,664338432,3.9,13825916928,1015431168,1941979136,119078912,2538520576
2026-07-09T07:38:02.725802,17006837760,16342253568,664584192,3.9,13825671168,1015431168,1941979136,119078912,2538536960
2026-07-09T07:38:03.726138,17006837760,16342712320,664125440,3.9,13826129920,1015431168,1941979136,119078912,2538536960
2026-07-09T07:38:04.726479,17006837760,16342253568,664584192,3.9,13825671168,1015431168,1941979136,119078912,2538536960
2026-07-09T07:38:05.726819,17006837760,16342499328,664338432,3.9,13825916928,1015431168,1941979136,119078912,2538536960
2026-07-09T07:38:06.727157,17006837760,16342253568,664584192,3.9,13825671168,1015431168,1941979136,119078912,2538536960
2026-07-09T07:38:07.727491,17006837760,16341270528,665567232,3.9,13824688128,1015431168,1941979136,119078912,2538536960
2026-07-09T07:38:08.727832,17006837760,16341516288,665321472,3.9,13824933888,1015431168,1941979136,119078912,2538536960
2026-07-09T07:38:09.728130,17006837760,16341516288,665321472,3.9,13824933888,1015431168,1941979136,119078912,2538553344
2026-07-09T07:38:10.728414,17006837760,16341008384,665829376,3.9,13824425984,1015431168,1941979136,119078912,2538553344
2026-07-09T07:38:11.728695,17006837760,16339025920,667811840,3.9,13822443520,1015431168,1941979136,119078912,2538553344
2026-07-09T07:38:12.729033,17006837760,16338042880,668794880,3.9,13821460480,1015431168,1941979136,119078912,2538553344
2026-07-09T07:38:13.729320,17006837760,16339877888,666959872,3.9,13823295488,1015431168,1941979136,119078912,2538553344
2026-07-09T07:38:14.729655,17006837760,16341106688,665731072,3.9,13824524288,1015431168,1941979136,119078912,2538553344
2026-07-09T07:38:15.729992,17006837760,16339877888,666959872,3.9,13823295488,1015431168,1941979136,119078912,2538569728
2026-07-09T07:38:16.730287,17006837760,16340664320,666173440,3.9,13824081920,1015431168,1941979136,119078912,2538569728
2026-07-09T07:38:17.730565,17006837760,16341123072,665714688,3.9,13824540672,1015431168,1941979136,119078912,2538569728
2026-07-09T07:38:18.730846,17006837760,16341581824,665255936,3.9,13824999424,1015431168,1941979136,119078912,2538569728
2026-07-09T07:38:19.731184,17006837760,16343629824,663207936,3.9,13827047424,1015431168,1941979136,119078912,2538569728
2026-07-09T07:38:20.731508,17006837760,16343629824,663207936,3.9,13827047424,1015431168,1941979136,119078912,2538569728
2026-07-09T07:38:21.731899,17006837760,16343367680,663470080,3.9,13826785280,1015431168,1941979136,119078912,2538586112
2026-07-09T07:38:22.732237,17006837760,16343597056,663240704,3.9,13827014656,1015431168,1941979136,119078912,2538586112
2026-07-09T07:38:23.732575,17006837760,16343351296,663486464,3.9,13826768896,1015431168,1941979136,119078912,2538586112
2026-07-09T07:38:24.732915,17006837760,16343334912,663502848,3.9,13826752512,1015431168,1941979136,119078912,2538586112
2026-07-09T07:38:25.733268,17006837760,16344252416,662585344,3.9,13827670016,1015431168,1941979136,119078912,2538586112
2026-07-09T07:38:26.733627,17006837760,16344743936,662093824,3.9,13828161536,1015447552,1941979136,119078912,2538586112
2026-07-09T07:38:27.734092,17006837760,16344743936,662093824,3.9,13828161536,1015447552,1941979136,119078912,2538586112
2026-07-09T07:38:28.734375,17006837760,16344367104,662470656,3.9,13827784704,1015447552,1941979136,119078912,2538602496
2026-07-09T07:38:29.734662,17006837760,16344367104,662470656,3.9,13827784704,1015447552,1941979136,119078912,2538602496
2026-07-09T07:38:30.734947,17006837760,16343121920,663715840,3.9,13826539520,1015447552,1941979136,119078912,2538602496
2026-07-09T07:38:31.735272,17006837760,16342941696,663896064,3.9,13826359296,1015447552,1941979136,119078912,2538602496
2026-07-09T07:38:32.735642,17006837760,16341712896,665124864,3.9,13825130496,1015447552,1941979136,119078912,2538602496
2026-07-09T07:38:33.736061,17006837760,16342646784,664190976,3.9,13826064384,1015447552,1941979136,119078912,2538602496
2026-07-09T07:38:34.736339,17006837760,16342122496,664715264,3.9,13825540096,1015447552,1941979136,119078912,2538618880
2026-07-09T07:38:35.736613,17006837760,16339419136,667418624,3.9,13822836736,1015447552,1941979136,119078912,2538618880
2026-07-09T07:38:36.736893,17006837760,16339894272,666943488,3.9,13823311872,1015447552,1941979136,119078912,2538618880
2026-07-09T07:38:37.737208,17006837760,16339156992,667680768,3.9,13822574592,1015447552,1941979136,119078912,2538618880
2026-07-09T07:38:38.737549,17006837760,16338665472,668172288,3.9,13822083072,1015447552,1941979136,119078912,2538618880
2026-07-09T07:38:39.737868,17006837760,16340058112,666779648,3.9,13823475712,1015447552,1941979136,119078912,2538618880
2026-07-09T07:38:40.738196,17006837760,16341270528,665567232,3.9,13824688128,1015447552,1941979136,119078912,2538618880
2026-07-09T07:38:41.738527,17006837760,16341073920,665763840,3.9,13824442368,1015496704,1942028288,119078912,2538635264
2026-07-09T07:38:42.738888,17006837760,16342007808,664829952,3.9,13825376256,1015496704,1942028288,119078912,2538635264
2026-07-09T07:38:43.739174,17006837760,16342007808,664829952,3.9,13825376256,1015496704,1942028288,119078912,2538635264
2026-07-09T07:38:44.739406,17006837760,16343711744,663126016,3.9,13827080192,1015496704,1942028288,119078912,2538635264
2026-07-09T07:38:45.739637,17006837760,16344203264,662634496,3.9,13827571712,1015496704,1942028288,119078912,2538635264
2026-07-09T07:38:46.739936,17006837760,16343990272,662847488,3.9,13827358720,1015496704,1942028288,119078912,2538635264
2026-07-09T07:38:47.740368,17006837760,16344236032,662601728,3.9,13827604480,1015496704,1942028288,119078912,2538651648
2026-07-09T07:38:48.740654,17006837760,16344236032,662601728,3.9,13827604480,1015496704,1942028288,119078912,2538651648
2026-07-09T07:38:49.740888,17006837760,16343744512,663093248,3.9,13827112960,1015496704,1942028288,119078912,2538651648
2026-07-09T07:38:50.741123,17006837760,16344186880,662650880,3.9,13827555328,1015496704,1942028288,119078912,2538651648
2026-07-09T07:38:51.741359,17006837760,16344432640,662405120,3.9,13827801088,1015496704,1942028288,119078912,2538651648
2026-07-09T07:38:52.741591,17006837760,16344170496,662667264,3.9,13827538944,1015496704,1942028288,119078912,2538651648
2026-07-09T07:38:53.741829,17006837760,16343908352,662929408,3.9,13827276800,1015496704,1942028288,119078912,2538668032
2026-07-09T07:38:54.742060,17006837760,16343908352,662929408,3.9,13827276800,1015496704,1942028288,119078912,2538668032
2026-07-09T07:38:55.742290,17006837760,16344399872,662437888,3.9,13827768320,1015496704,1942028288,119078912,2538668032
2026-07-09T07:38:56.742520,17006837760,16345137152,661700608,3.9,13828456448,1015562240,1942077440,119078912,2538668032
2026-07-09T07:38:57.745540,17006837760,16345366528,661471232,3.9,13828685824,1015562240,1942077440,119078912,2538668032
2026-07-09T07:38:58.745848,17006837760,16344137728,662700032,3.9,13827457024,1015562240,1942077440,119078912,2538668032
2026-07-09T07:38:59.746149,17006837760,16343465984,663371776,3.9,13826785280,1015562240,1942077440,119078912,2538684416
2026-07-09T07:39:00.746450,17006837760,16344367104,662470656,3.9,13827686400,1015562240,1942077440,119078912,2538684416
2026-07-09T07:39:01.746685,17006837760,16344940544,661897216,3.9,13828259840,1015562240,1942077440,119078912,2538684416
2026-07-09T07:39:02.746917,17006837760,16344694784,662142976,3.9,13828014080,1015562240,1942077440,119078912,2538684416
2026-07-09T07:39:03.747255,17006837760,16338550784,668286976,3.9,13821870080,1015562240,1942077440,119078912,2538684416
2026-07-09T07:39:04.747683,17006837760,16338305024,668532736,3.9,13821624320,1015562240,1942077440,119078912,2538684416
2026-07-09T07:39:05.747987,17006837760,16339779584,667058176,3.9,13823098880,1015562240,1942077440,119078912,2538684416
2026-07-09T07:39:06.748287,17006837760,16338812928,668024832,3.9,13822132224,1015562240,1942077440,119078912,2538700800
2026-07-09T07:39:07.748519,17006837760,16339091456,667746304,3.9,13822410752,1015562240,1942077440,119078912,2538700800
2026-07-09T07:39:08.748751,17006837760,16334569472,672268288,4.0,13817888768,1015562240,1942077440,119078912,2538700800
2026-07-09T07:39:09.748985,17006837760,16335241216,671596544,3.9,13818560512,1015562240,1942077440,119078912,2538700800
2026-07-09T07:39:10.749262,17006837760,16336388096,670449664,3.9,13819707392,1015562240,1942077440,119078912,2538700800
2026-07-09T07:39:11.751773,17006837760,16336715776,670121984,3.9,13820035072,1015562240,1942077440,119078912,2538700800
2026-07-09T07:39:12.752147,17006837760,16337649664,669188096,3.9,13820903424,1015660544,1942142976,119078912,2538700800
2026-07-09T07:39:13.752435,17006837760,16337190912,669646848,3.9,13820444672,1015660544,1942142976,119078912,2538717184
2026-07-09T07:39:14.752664,17006837760,16338255872,668581888,3.9,13821509632,1015660544,1942142976,119078912,2538717184
2026-07-09T07:39:15.752894,17006837760,16339517440,667320320,3.9,13822771200,1015660544,1942142976,119078912,2538717184
2026-07-09T07:39:16.753220,17006837760,16340287488,666550272,3.9,13823541248,1015660544,1942142976,119078912,2538717184
2026-07-09T07:39:17.753504,17006837760,16339566592,667271168,3.9,13822820352,1015660544,1942142976,119078912,2538717184
2026-07-09T07:39:18.753732,17006837760,16339730432,667107328,3.9,13822984192,1015660544,1942142976,119078912,2538717184
2026-07-09T07:39:19.753978,17006837760,16340123648,666714112,3.9,13823377408,1015660544,1942142976,119078912,2538733568
2026-07-09T07:39:20.754206,17006837760,16340582400,666255360,3.9,13823836160,1015660544,1942142976,119078912,2538733568
2026-07-09T07:39:21.754472,17006837760,16341303296,665534464,3.9,13824557056,1015660544,1942142976,119078912,2538733568
2026-07-09T07:39:22.754756,17006837760,16340779008,666058752,3.9,13824032768,1015660544,1942142976,119078912,2538733568
2026-07-09T07:39:23.755036,17006837760,16341516288,665321472,3.9,13824770048,1015660544,1942142976,119078912,2538733568
2026-07-09T07:39:24.755314,17006837760,16342220800,664616960,3.9,13825474560,1015660544,1942142976,119078912,2538733568
2026-07-09T07:39:25.755651,17006837760,16342695936,664141824,3.9,13825949696,1015660544,1942142976,119078912,2538749952
2026-07-09T07:39:26.755923,17006837760,16343269376,663568384,3.9,13826523136,1015660544,1942142976,119078912,2538749952
2026-07-09T07:39:27.756143,17006837760,16343629824,663207936,3.9,13826834432,1015726080,1942192128,119078912,2538749952
2026-07-09T07:39:28.756364,17006837760,16343138304,663699456,3.9,13826342912,1015726080,1942192128,119078912,2538749952
2026-07-09T07:39:29.756583,17006837760,16343515136,663322624,3.9,13826719744,1015726080,1942192128,119078912,2538749952
2026-07-09T07:39:30.756802,17006837760,16343760896,663076864,3.9,13826965504,1015726080,1942192128,119078912,2538749952
2026-07-09T07:39:31.757547,17006837760,16340779008,666058752,3.9,13823983616,1015726080,1942192128,119078912,2538749952
2026-07-09T07:39:32.757946,17006837760,16339828736,667009024,3.9,13823033344,1015726080,1942192128,119078912,2538766336
2026-07-09T07:39:33.758295,17006837760,16337747968,669089792,3.9,13820952576,1015726080,1942192128,119078912,2538766336
2026-07-09T07:39:34.758973,17006837760,16332390400,674447360,4.0,13815513088,1017167872,1942274048,119078912,2538766336
2026-07-09T07:39:35.759456,17006837760,16333029376,673808384,4.0,13816152064,1017167872,1942274048,119078912,2538766336
2026-07-09T07:39:36.759732,17006837760,16333455360,673382400,4.0,13816578048,1017167872,1942274048,119078912,2538766336
2026-07-09T07:39:37.760008,17006837760,16336896000,669941760,3.9,13820018688,1017167872,1942274048,119078912,2538782720
2026-07-09T07:39:38.760394,17006837760,16336404480,670433280,3.9,13819527168,1017167872,1942274048,119078912,2538782720
2026-07-09T07:39:39.760727,17006837760,16336699392,670138368,3.9,13819822080,1017167872,1942274048,119078912,2538782720
2026-07-09T07:39:40.761059,17006837760,16337928192,668909568,3.9,13821050880,1017167872,1942274048,119078912,2538782720
2026-07-09T07:39:41.761403,17006837760,16339156992,667680768,3.9,13822279680,1017167872,1942274048,119078912,2538782720
2026-07-09T07:39:42.761699,17006837760,16334962688,671875072,4.0,13818052608,1011646464,1942306816,119078912,2538782720
2026-07-09T07:39:43.762051,17006837760,16334585856,672251904,4.0,13817675776,1011646464,1942306816,119078912,2538782720
2026-07-09T07:39:44.762332,17006837760,16334241792,672595968,4.0,13817331712,1011646464,1942306816,119078912,2538799104
2026-07-09T07:39:45.762613,17006837760,16338649088,668188672,3.9,13821739008,1011646464,1942306816,119078912,2538799104
2026-07-09T07:39:46.762891,17006837760,16338649088,668188672,3.9,13821739008,1011646464,1942306816,119078912,2538799104
2026-07-09T07:39:47.763206,17006837760,16339353600,667484160,3.9,13822443520,1011646464,1942306816,119078912,2538799104
2026-07-09T07:39:48.763617,17006837760,16341057536,665780224,3.9,13824147456,1011646464,1942306816,119078912,2538799104
2026-07-09T07:39:49.763951,17006837760,16341893120,664944640,3.9,13824983040,1011646464,1942306816,119078912,2538799104
2026-07-09T07:39:50.764280,17006837760,16339435520,667402240,3.9,13822525440,1011646464,1942306816,119078912,2538815488
2026-07-09T07:39:51.764674,17006837760,16342302720,664535040,3.9,13825392640,1011646464,1942306816,119078912,2538815488
2026-07-09T07:39:52.765008,17006837760,16342794240,664043520,3.9,13825884160,1011646464,1942306816,119078912,2538815488
2026-07-09T07:39:53.765350,17006837760,16341073920,665763840,3.9,13824163840,1011646464,1942306816,119078912,2538815488
2026-07-09T07:39:54.765679,17006837760,16341630976,665206784,3.9,13824720896,1011646464,1942306816,119078912,2538815488
2026-07-09T07:39:55.766013,17006837760,16342876160,663961600,3.9,13825966080,1011646464,1942306816,119078912,2538815488
2026-07-09T07:39:56.766348,17006837760,16344612864,662224896,3.9,13827702784,1011646464,1942306816,119078912,2538815488
2026-07-09T07:39:57.766670,17006837760,16340647936,666189824,3.9,13823721472,1011646464,1942306816,119078912,2538848256
2026-07-09T07:39:58.766995,17006837760,16340762624,666075136,3.9,13823836160,1011908608,1942306816,119078912,2538848256
2026-07-09T07:39:59.767339,17006837760,16341237760,665600000,3.9,13824311296,1011908608,1942306816,119078912,2538848256
2026-07-09T07:40:00.767836,17006837760,16342925312,663912448,3.9,13825998848,1011908608,1942306816,119078912,2538848256
2026-07-09T07:40:01.768186,17006837760,16341991424,664846336,3.9,13825064960,1011908608,1942306816,119078912,2538848256
2026-07-09T07:40:02.768460,17006837760,16342138880,664698880,3.9,13825212416,1011908608,1942306816,119078912,2538848256
2026-07-09T07:40:03.768751,17006837760,16341860352,664977408,3.9,13824933888,1011908608,1942306816,119078912,2538848256
2026-07-09T07:40:04.769071,17006837760,16341778432,665059328,3.9,13824851968,1011908608,1942306816,119078912,2538864640
2026-07-09T07:40:05.769362,17006837760,16342794240,664043520,3.9,13825867776,1011908608,1942306816,119078912,2538864640
2026-07-09T07:40:06.769700,17006837760,16344514560,662323200,3.9,13827588096,1011908608,1942306816,119078912,2538864640
2026-07-09T07:40:07.769980,17006837760,16344514560,662323200,3.9,13827588096,1011908608,1942306816,119078912,2538864640
2026-07-09T07:40:08.770261,17006837760,16345366528,661471232,3.9,13828440064,1011908608,1942306816,119078912,2538864640
2026-07-09T07:40:09.770543,17006837760,16346775552,660062208,3.9,13829849088,1011908608,1942306816,119078912,2538864640
2026-07-09T07:40:10.770861,17006837760,16346218496,660619264,3.9,13829292032,1011908608,1942306816,119078912,2538881024
2026-07-09T07:40:11.771196,17006837760,16346529792,660307968,3.9,13829603328,1011908608,1942306816,119078912,2538881024
2026-07-09T07:40:12.771519,17006837760,16346791936,660045824,3.9,13829865472,1011908608,1942306816,119078912,2538881024
2026-07-09T07:40:13.771944,17006837760,16346398720,660439040,3.9,13829472256,1011908608,1942306816,119078912,2538881024
2026-07-09T07:40:14.772224,17006837760,16346480640,660357120,3.9,13829554176,1011908608,1942306816,119078912,2538881024
2026-07-09T07:40:15.772505,17006837760,16345808896,661028864,3.9,13828882432,1011908608,1942306816,119078912,2538881024
2026-07-09T07:40:16.772792,17006837760,16345300992,661536768,3.9,13828374528,1011908608,1942306816,119078912,2538881024
2026-07-09T07:40:17.773155,17006837760,16346021888,660815872,3.9,13829095424,1011908608,1942306816,119078912,2538897408
2026-07-09T07:40:18.773473,17006837760,16347070464,659767296,3.9,13830094848,1012056064,1942355968,119078912,2538897408
2026-07-09T07:40:19.773807,17006837760,16347774976,659062784,3.9,13830799360,1012056064,1942355968,119078912,2538897408
2026-07-09T07:40:20.774142,17006837760,16348004352,658833408,3.9,13831028736,1012056064,1942355968,119078912,2538897408
2026-07-09T07:40:21.774475,17006837760,16348545024,658292736,3.9,13831569408,1012056064,1942355968,119078912,2538897408
2026-07-09T07:40:22.774809,17006837760,16348037120,658800640,3.9,13831061504,1012056064,1942355968,119078912,2538897408
2026-07-09T07:40:23.777608,17006837760,16346316800,660520960,3.9,13829341184,1012056064,1942355968,119078912,2538897408
2026-07-09T07:40:24.777994,17006837760,16341450752,665387008,3.9,13824425984,1013530624,1942405120,119078912,2538913792
2026-07-09T07:40:25.778313,17006837760,16340713472,666124288,3.9,13823688704,1013530624,1942405120,119078912,2538913792
2026-07-09T07:40:26.778592,17006837760,16338763776,668073984,3.9,13821739008,1013530624,1942405120,119078912,2538913792
2026-07-09T07:40:27.778877,17006837760,16333258752,673579008,4.0,13816233984,1013530624,1942405120,119078912,2538913792
2026-07-09T07:40:28.779276,17006837760,16325640192,681197568,4.0,13808615424,1014546432,1942405120,119078912,2538913792
2026-07-09T07:40:29.779586,17006837760,16326131712,680706048,4.0,13809090560,1014579200,1942421504,119078912,2538930176
2026-07-09T07:40:30.779924,17006837760,16326377472,680460288,4.0,13809336320,1014579200,1942421504,119078912,2538930176
2026-07-09T07:40:31.780205,17006837760,16329310208,677527552,4.0,13812269056,1014579200,1942421504,119078912,2538930176
2026-07-09T07:40:32.780480,17006837760,16330391552,676446208,4.0,13813350400,1014579200,1942421504,119078912,2538930176
2026-07-09T07:40:33.780755,17006837760,16331849728,674988032,4.0,13814808576,1014579200,1942421504,119078912,2538930176
2026-07-09T07:40:34.781072,17006837760,16335290368,671547392,3.9,13818249216,1014579200,1942421504,119078912,2538930176
2026-07-09T07:40:35.781370,17006837760,16335536128,671301632,3.9,13818494976,1015087104,1942421504,119078912,2538946560
2026-07-09T07:40:36.781650,17006837760,16336912384,669925376,3.9,13819871232,1015087104,1942421504,119078912,2538946560
2026-07-09T07:40:37.781927,17006837760,16338616320,668221440,3.9,13821575168,1015087104,1942421504,119078912,2538946560
2026-07-09T07:40:38.782203,17006837760,16339877888,666959872,3.9,13822836736,1015087104,1942421504,119078912,2538946560
2026-07-09T07:40:39.782481,17006837760,16340697088,666140672,3.9,13823655936,1015087104,1942421504,119078912,2538946560
2026-07-09T07:40:40.782822,17006837760,16341434368,665403392,3.9,13824393216,1015087104,1942421504,119078912,2538946560
2026-07-09T07:40:41.783213,17006837760,16340697088,666140672,3.9,13823655936,1015087104,1942421504,119078912,2538946560
2026-07-09T07:40:42.783557,17006837760,16340451328,666386432,3.9,13823410176,1015087104,1942421504,119078912,2538962944
2026-07-09T07:40:43.783838,17006837760,16341909504,664928256,3.9,13824868352,1015087104,1942421504,119078912,2538962944
2026-07-09T07:40:44.784119,17006837760,16343367680,663470080,3.9,13826326528,1015087104,1942421504,119078912,2538962944
2026-07-09T07:40:45.784400,17006837760,16343367680,663470080,3.9,13826326528,1015087104,1942421504,119078912,2538962944
2026-07-09T07:40:46.784751,17006837760,16344088576,662749184,3.9,13827047424,1015087104,1942421504,119078912,2538962944
2026-07-09T07:40:47.785053,17006837760,16342843392,663994368,3.9,13825802240,1015087104,1942421504,119078912,2538962944
2026-07-09T07:40:48.785407,17006837760,16340877312,665960448,3.9,13823836160,1015087104,1942421504,119078912,2538979328
2026-07-09T07:40:49.785756,17006837760,16341712896,665124864,3.9,13824671744,1015087104,1942421504,119078912,2538979328
2026-07-09T07:40:50.786110,17006837760,16340975616,665862144,3.9,13823934464,1015087104,1942421504,119078912,2538979328
2026-07-09T07:40:51.786528,17006837760,16341221376,665616384,3.9,13824180224,1015087104,1942421504,119078912,2538979328
2026-07-09T07:40:52.786982,17006837760,16339222528,667615232,3.9,13822181376,1015087104,1942421504,119078912,2538979328
2026-07-09T07:40:53.787316,17006837760,16336666624,670171136,3.9,13819625472,1015087104,1942421504,119078912,2538979328
2026-07-09T07:40:54.787598,17006837760,16337354752,669483008,3.9,13820297216,1015087104,1942437888,119078912,2538979328
2026-07-09T07:40:55.787891,17006837760,16337993728,668844032,3.9,13820936192,1015087104,1942437888,119078912,2538995712
2026-07-09T07:40:56.788173,17006837760,16339435520,667402240,3.9,13822377984,1015087104,1942437888,119078912,2538995712
2026-07-09T07:40:57.788597,17006837760,16340025344,666812416,3.9,13822967808,1015087104,1942437888,119078912,2538995712
2026-07-09T07:40:58.789147,17006837760,16337698816,669138944,3.9,13820641280,1015087104,1942437888,119078912,2538995712
2026-07-09T07:40:59.789507,17006837760,16337879040,668958720,3.9,13820788736,1015136256,1942470656,119078912,2538995712
2026-07-09T07:41:00.789793,17006837760,16338616320,668221440,3.9,13821526016,1015136256,1942470656,119078912,2538995712
2026-07-09T07:41:01.790079,17006837760,16338681856,668155904,3.9,13821591552,1015136256,1942470656,119078912,2539012096
2026-07-09T07:41:02.790402,17006837760,16339894272,666943488,3.9,13822803968,1015136256,1942470656,119078912,2539012096
2026-07-09T07:41:03.790747,17006837760,16340303872,666533888,3.9,13823213568,1015136256,1942470656,119078912,2539012096
2026-07-09T07:41:04.791232,17006837760,16339943424,666894336,3.9,13822853120,1015136256,1942470656,119078912,2539012096
2026-07-09T07:41:05.791573,17006837760,16341008384,665829376,3.9,13823918080,1015136256,1942470656,119078912,2539012096
2026-07-09T07:41:06.791853,17006837760,16342007808,664829952,3.9,13824917504,1015136256,1942470656,119078912,2539012096
2026-07-09T07:41:07.792221,17006837760,16343187456,663650304,3.9,13826097152,1015136256,1942470656,119078912,2539012096
2026-07-09T07:41:08.792515,17006837760,16341893120,664944640,3.9,13824802816,1015136256,1942470656,119078912,2539028480
2026-07-09T07:41:09.792798,17006837760,16342335488,664502272,3.9,13825245184,1015136256,1942470656,119078912,2539028480
2026-07-09T07:41:10.793081,17006837760,16342990848,663846912,3.9,13825900544,1015136256,1942470656,119078912,2539028480
2026-07-09T07:41:11.793419,17006837760,16344055808,662781952,3.9,13826965504,1015136256,1942470656,119078912,2539028480
2026-07-09T07:41:12.793764,17006837760,16343121920,663715840,3.9,13826031616,1015136256,1942470656,119078912,2539028480
2026-07-09T07:41:13.794114,17006837760,16342646784,664190976,3.9,13825556480,1015136256,1942470656,119078912,2539028480
2026-07-09T07:41:14.794459,17006837760,16343187456,663650304,3.9,13826097152,1015136256,1942470656,119078912,2539044864
2026-07-09T07:41:15.794846,17006837760,16344399872,662437888,3.9,13827309568,1015136256,1942470656,119078912,2539044864
2026-07-09T07:41:16.795270,17006837760,16343154688,663683072,3.9,13826064384,1015136256,1942470656,119078912,2539044864
2026-07-09T07:41:17.795620,17006837760,16342417408,664420352,3.9,13825327104,1015136256,1942470656,119078912,2539044864
2026-07-09T07:41:18.795958,17006837760,16342663168,664174592,3.9,13825572864,1015136256,1942470656,119078912,2539044864
2026-07-09T07:41:19.797549,17006837760,16342695936,664141824,3.9,13825605632,1015136256,1942470656,119078912,2539044864
2026-07-09T07:41:20.797842,17006837760,16342204416,664633344,3.9,13825114112,1015136256,1942470656,119078912,2539061248
2026-07-09T07:41:21.798130,17006837760,16341450752,665387008,3.9,13824360448,1015136256,1942470656,119078912,2539061248
2026-07-09T07:41:22.798525,17006837760,16333832192,673005568,4.0,13816741888,1015136256,1942470656,119078912,2539061248
2026-07-09T07:41:23.798843,17006837760,16333832192,673005568,4.0,13816741888,1015136256,1942470656,119078912,2539061248
2026-07-09T07:41:24.799133,17006837760,16334176256,672661504,4.0,13817085952,1015136256,1942470656,119078912,2539061248
2026-07-09T07:41:25.799518,17006837760,16334667776,672169984,4.0,13817577472,1015136256,1942470656,119078912,2539061248
2026-07-09T07:41:26.799833,17006837760,16335863808,670973952,3.9,13818773504,1015136256,1942470656,119078912,2539061248
2026-07-09T07:41:27.800230,17006837760,16337321984,669515776,3.9,13820231680,1015136256,1942470656,119078912,2539061248
2026-07-09T07:41:28.800607,17006837760,16337321984,669515776,3.9,13820231680,1015136256,1942470656,119078912,2539077632
2026-07-09T07:41:29.802965,17006837760,16338452480,668385280,3.9,13821362176,1015136256,1942470656,119078912,2539077632
2026-07-09T07:41:30.803656,17006837760,16336027648,670810112,3.9,13818904576,1016070144,1942503424,119078912,2539077632
2026-07-09T07:41:31.805824,17006837760,16336224256,670613504,3.9,13819101184,1016070144,1942503424,119078912,2539077632
2026-07-09T07:41:32.806421,17006837760,16336732160,670105600,3.9,13819609088,1016070144,1942503424,119078912,2539077632
2026-07-09T07:41:33.806860,17006837760,16339075072,667762688,3.9,13821952000,1016070144,1942503424,119078912,2539094016
2026-07-09T07:41:34.809156,17006837760,16338911232,667926528,3.9,13821788160,1016070144,1942503424,119078912,2539094016
2026-07-09T07:41:35.810317,17006837760,16339140608,667697152,3.9,13822017536,1016070144,1942503424,119078912,2539094016
2026-07-09T07:41:36.810853,17006837760,16339877888,666959872,3.9,13822754816,1016070144,1942503424,119078912,2539094016
2026-07-09T07:41:37.812837,17006837760,16341172224,665665536,3.9,13824049152,1016070144,1942503424,119078912,2539094016
2026-07-09T07:41:38.814052,17006837760,16341172224,665665536,3.9,13824049152,1016070144,1942503424,119078912,2539094016
2026-07-09T07:41:39.814403,17006837760,16341827584,665010176,3.9,13824704512,1016070144,1942503424,119078912,2539110400
2026-07-09T07:41:40.815048,17006837760,16342319104,664518656,3.9,13825196032,1016070144,1942503424,119078912,2539110400
2026-07-09T07:41:41.815697,17006837760,16341336064,665501696,3.9,13824212992,1016070144,1942503424,119078912,2539110400
2026-07-09T07:41:42.816090,17006837760,16339861504,666976256,3.9,13822738432,1016070144,1942503424,119078912,2539110400
2026-07-09T07:41:43.816495,17006837760,16337960960,668876800,3.9,13820837888,1016070144,1942503424,119078912,2539110400
2026-07-09T07:41:44.817161,17006837760,16336977920,669859840,3.9,13819854848,1016070144,1942503424,119078912,2539110400
2026-07-09T07:41:45.817431,17006837760,16338321408,668516352,3.9,13821198336,1016070144,1942503424,119078912,2539110400
2026-07-09T07:41:46.817799,17006837760,16337862656,668975104,3.9,13820739584,1016070144,1942503424,119078912,2539126784
2026-07-09T07:41:47.818785,17006837760,16337616896,669220864,3.9,13820493824,1016070144,1942503424,119078912,2539126784
2026-07-09T07:41:48.819289,17006837760,16337600512,669237248,3.9,13820477440,1016070144,1942503424,119078912,2539126784
2026-07-09T07:41:49.819653,17006837760,16339566592,667271168,3.9,13822443520,1016070144,1942503424,119078912,2539126784
2026-07-09T07:41:50.819929,17006837760,16339566592,667271168,3.9,13822443520,1016070144,1942503424,119078912,2539126784
2026-07-09T07:41:51.820202,17006837760,16340795392,666042368,3.9,13823672320,1016070144,1942503424,119078912,2539126784
2026-07-09T07:41:52.820469,17006837760,16341319680,665518080,3.9,13824196608,1016070144,1942503424,119078912,2539143168
2026-07-09T07:41:53.820845,17006837760,16341794816,665042944,3.9,13824671744,1016070144,1942503424,119078912,2539143168
2026-07-09T07:41:54.821288,17006837760,16342892544,663945216,3.9,13825769472,1016070144,1942503424,119078912,2539143168
2026-07-09T07:41:55.821881,17006837760,16343302144,663535616,3.9,13826179072,1016070144,1942503424,119078912,2539143168
2026-07-09T07:41:56.822525,17006837760,16343056384,663781376,3.9,13825933312,1016070144,1942503424,119078912,2539143168
2026-07-09T07:41:57.822856,17006837760,16341827584,665010176,3.9,13824704512,1016070144,1942503424,119078912,2539143168
2026-07-09T07:41:58.823151,17006837760,16340844544,665993216,3.9,13823721472,1016070144,1942503424,119078912,2539159552
2026-07-09T07:41:59.823430,17006837760,16340172800,666664960,3.9,13823049728,1016070144,1942503424,119078912,2539159552
2026-07-09T07:42:00.823749,17006837760,16340762624,666075136,3.9,13823639552,1016070144,1942503424,119078912,2539159552
2026-07-09T07:42:01.824219,17006837760,16341008384,665829376,3.9,13823885312,1016512512,1942503424,119078912,2539159552
2026-07-09T07:42:02.824517,17006837760,16341254144,665583616,3.9,13824131072,1016512512,1942503424,119078912,2539159552
2026-07-09T07:42:03.829828,17006837760,16341614592,665223168,3.9,13824491520,1016512512,1942503424,119078912,2539159552
2026-07-09T07:42:04.830617,17006837760,16341368832,665468928,3.9,13824245760,1016512512,1942503424,119078912,2539159552
2026-07-09T07:42:05.830965,17006837760,16341221376,665616384,3.9,13824098304,1016512512,1942503424,119078912,2539175936
2026-07-09T07:42:06.831308,17006837760,16341598208,665239552,3.9,13824475136,1016528896,1942503424,119078912,2539175936
2026-07-09T07:42:07.831697,17006837760,16341319680,665518080,3.9,13824196608,1016528896,1942503424,119078912,2539175936
2026-07-09T07:42:08.832029,17006837760,16339615744,667222016,3.9,13822492672,1016528896,1942503424,119078912,2539175936
2026-07-09T07:42:09.832362,17006837760,16336420864,670416896,3.9,13819297792,1016528896,1942503424,119078912,2539175936
2026-07-09T07:42:10.832700,17006837760,16336420864,670416896,3.9,13819297792,1016528896,1942503424,119078912,2539175936
2026-07-09T07:42:11.833094,17006837760,16338157568,668680192,3.9,13821034496,1016528896,1942503424,119078912,2539192320
2026-07-09T07:42:12.833439,17006837760,16337174528,669663232,3.9,13820051456,1016528896,1942503424,119078912,2539192320
2026-07-09T07:42:13.833765,17006837760,16337682432,669155328,3.9,13820559360,1016528896,1942503424,119078912,2539192320
2026-07-09T07:42:14.834096,17006837760,16338272256,668565504,3.9,13821149184,1016528896,1942503424,119078912,2539192320
2026-07-09T07:42:15.834434,17006837760,16338534400,668303360,3.9,13821411328,1016528896,1942503424,119078912,2539192320
2026-07-09T07:42:16.834813,17006837760,16338567168,668270592,3.9,13821444096,1016528896,1942503424,119078912,2539192320
2026-07-09T07:42:17.837696,17006837760,16340484096,666353664,3.9,13823361024,1016528896,1942503424,119078912,2539192320
2026-07-09T07:42:18.838318,17006837760,16340500480,666337280,3.9,13823377408,1016528896,1942503424,119078912,2539208704
2026-07-09T07:42:19.838600,17006837760,16340533248,666304512,3.9,13823410176,1016528896,1942503424,119078912,2539208704
2026-07-09T07:42:20.838883,17006837760,16341991424,664846336,3.9,13824868352,1016528896,1942503424,119078912,2539208704
2026-07-09T07:42:21.839165,17006837760,16342482944,664354816,3.9,13825359872,1016528896,1942503424,119078912,2539208704
2026-07-09T07:42:22.839442,17006837760,16342466560,664371200,3.9,13825343488,1016528896,1942503424,119078912,2539208704
2026-07-09T07:42:23.839759,17006837760,16343171072,663666688,3.9,13826048000,1016528896,1942503424,119078912,2539208704
2026-07-09T07:42:24.840095,17006837760,16343269376,663568384,3.9,13826146304,1016528896,1942503424,119078912,2539225088
2026-07-09T07:42:25.840430,17006837760,16342695936,664141824,3.9,13825572864,1016528896,1942503424,119078912,2539225088
2026-07-09T07:42:26.840763,17006837760,16343498752,663339008,3.9,13826375680,1016528896,1942503424,119078912,2539225088
2026-07-09T07:42:27.841057,17006837760,16344219648,662618112,3.9,13827096576,1016528896,1942503424,119078912,2539225088
2026-07-09T07:42:28.841351,17006837760,16342745088,664092672,3.9,13825622016,1016528896,1942503424,119078912,2539225088
2026-07-09T07:42:29.841635,17006837760,16342745088,664092672,3.9,13825622016,1016528896,1942503424,119078912,2539225088
2026-07-09T07:42:30.841918,17006837760,16343220224,663617536,3.9,13826097152,1016528896,1942503424,119078912,2539225088
2026-07-09T07:42:31.842283,17006837760,16340779008,666058752,3.9,13823639552,1016594432,1942519808,119078912,2539241472
2026-07-09T07:42:32.842640,17006837760,16340779008,666058752,3.9,13823639552,1016594432,1942519808,119078912,2539241472
2026-07-09T07:42:33.842972,17006837760,16340533248,666304512,3.9,13823393792,1016594432,1942519808,119078912,2539241472
2026-07-09T07:42:34.843308,17006837760,16341532672,665305088,3.9,13824393216,1016594432,1942519808,119078912,2539241472
2026-07-09T07:42:35.849092,17006837760,16341303296,665534464,3.9,13824163840,1016594432,1942519808,119078912,2539241472
2026-07-09T07:42:36.849579,17006837760,16341532672,665305088,3.9,13824393216,1016594432,1942519808,119078912,2539241472
2026-07-09T07:42:37.849967,17006837760,16341286912,665550848,3.9,13824147456,1016594432,1942519808,119078912,2539257856
2026-07-09T07:42:38.850248,17006837760,16342024192,664813568,3.9,13824884736,1016594432,1942519808,119078912,2539257856
2026-07-09T07:42:39.850533,17006837760,16343040000,663797760,3.9,13825900544,1016594432,1942519808,119078912,2539257856
2026-07-09T07:42:40.850855,17006837760,16343728128,663109632,3.9,13826588672,1016594432,1942519808,119078912,2539257856
2026-07-09T07:42:41.851508,17006837760,16343957504,662880256,3.9,13826818048,1016594432,1942519808,119078912,2539257856
2026-07-09T07:42:42.851857,17006837760,16344432640,662405120,3.9,13827293184,1016610816,1942519808,119078912,2539257856
2026-07-09T07:42:43.852134,17006837760,16344186880,662650880,3.9,13827047424,1016610816,1942519808,119078912,2539257856
2026-07-09T07:42:44.852520,17006837760,16343449600,663388160,3.9,13826310144,1016610816,1942519808,119078912,2539274240
2026-07-09T07:42:45.852794,17006837760,16343695360,663142400,3.9,13826555904,1016610816,1942519808,119078912,2539274240
2026-07-09T07:42:46.853109,17006837760,16343449600,663388160,3.9,13826310144,1016610816,1942519808,119078912,2539274240
2026-07-09T07:42:47.853444,17006837760,16343449600,663388160,3.9,13826310144,1016610816,1942519808,119078912,2539274240
2026-07-09T07:42:48.853778,17006837760,16342958080,663879680,3.9,13825818624,1016610816,1942519808,119078912,2539274240
2026-07-09T07:42:49.854178,17006837760,16343187456,663650304,3.9,13826048000,1016610816,1942519808,119078912,2539274240
2026-07-09T07:42:50.854494,17006837760,16342450176,664387584,3.9,13825310720,1016610816,1942519808,119078912,2539290624
2026-07-09T07:42:51.854768,17006837760,16343416832,663420928,3.9,13826277376,1016610816,1942519808,119078912,2539290624
2026-07-09T07:42:52.855047,17006837760,16342908928,663928832,3.9,13825769472,1016610816,1942519808,119078912,2539290624
2026-07-09T07:42:53.855325,17006837760,16342155264,664682496,3.9,13825015808,1016610816,1942519808,119078912,2539290624
2026-07-09T07:42:54.855717,17006837760,16342827008,664010752,3.9,13825687552,1016610816,1942519808,119095296,2539290624
2026-07-09T07:42:55.856191,17006837760,16341106688,665731072,3.9,13823967232,1016610816,1942519808,119095296,2539290624
2026-07-09T07:42:56.856525,17006837760,16340369408,666468352,3.9,13823229952,1016610816,1942519808,119095296,2539307008
2026-07-09T07:42:57.856851,17006837760,16338632704,668205056,3.9,13821493248,1016610816,1942519808,119095296,2539307008
2026-07-09T07:42:58.857233,17006837760,16338845696,667992064,3.9,13821706240,1016610816,1942519808,119095296,2539307008
2026-07-09T07:42:59.857588,17006837760,16339337216,667500544,3.9,13822197760,1016610816,1942519808,119095296,2539307008
2026-07-09T07:43:00.857866,17006837760,16340647936,666189824,3.9,13823508480,1016610816,1942519808,119095296,2539307008
2026-07-09T07:43:01.858148,17006837760,16340811776,666025984,3.9,13823672320,1016610816,1942519808,119095296,2539307008
2026-07-09T07:43:02.858653,17006837760,16340877312,665960448,3.9,13823737856,1016610816,1942519808,119095296,2539323392
2026-07-09T07:43:03.860251,17006837760,16341204992,665632768,3.9,13824000000,1016643584,1942585344,119095296,2539323392
2026-07-09T07:43:04.860587,17006837760,16340959232,665878528,3.9,13823754240,1016643584,1942585344,119095296,2539323392
2026-07-09T07:43:05.860924,17006837760,16341680128,665157632,3.9,13824475136,1016643584,1942585344,119095296,2539323392
2026-07-09T07:43:06.861270,17006837760,16342368256,664469504,3.9,13825163264,1016643584,1942585344,119095296,2539323392
2026-07-09T07:43:07.861607,17006837760,16343318528,663519232,3.9,13826113536,1016643584,1942585344,119095296,2539323392
2026-07-09T07:43:08.861941,17006837760,16342302720,664535040,3.9,13825097728,1016643584,1942585344,119095296,2539323392
2026-07-09T07:43:09.862275,17006837760,16342319104,664518656,3.9,13825097728,1016643584,1942585344,119095296,2539356160
2026-07-09T07:43:10.862605,17006837760,16341483520,665354240,3.9,13824262144,1016643584,1942585344,119095296,2539356160
2026-07-09T07:43:11.862987,17006837760,16340500480,666337280,3.9,13823279104,1016643584,1942585344,119095296,2539356160
2026-07-09T07:43:12.863340,17006837760,16340729856,666107904,3.9,13823508480,1016643584,1942585344,119095296,2539356160
2026-07-09T07:43:13.863735,17006837760,16341303296,665534464,3.9,13824081920,1016643584,1942585344,119095296,2539356160
2026-07-09T07:43:14.864009,17006837760,16341794816,665042944,3.9,13824573440,1016643584,1942585344,119095296,2539356160
2026-07-09T07:43:15.864287,17006837760,16341778432,665059328,3.9,13824557056,1016643584,1942585344,119095296,2539372544
2026-07-09T07:43:16.864567,17006837760,16340795392,666042368,3.9,13823574016,1016643584,1942585344,119095296,2539372544
2026-07-09T07:43:17.864888,17006837760,16341041152,665796608,3.9,13823819776,1016643584,1942585344,119095296,2539372544
2026-07-09T07:43:18.865222,17006837760,16342319104,664518656,3.9,13825097728,1016643584,1942585344,119095296,2539372544
2026-07-09T07:43:19.865566,17006837760,16342319104,664518656,3.9,13825097728,1016643584,1942585344,119095296,2539372544
2026-07-09T07:43:20.865900,17006837760,16342564864,664272896,3.9,13825343488,1016643584,1942585344,119095296,2539372544
2026-07-09T07:43:21.866194,17006837760,16343613440,663224320,3.9,13826392064,1016643584,1942585344,119095296,2539372544
2026-07-09T07:43:22.866474,17006837760,16338452480,668385280,3.9,13821231104,1016643584,1942585344,119095296,2539388928
2026-07-09T07:43:23.866757,17006837760,16336404480,670433280,3.9,13819019264,1016922112,1942749184,119095296,2539388928
2026-07-09T07:43:24.867041,17006837760,16337682432,669155328,3.9,13820297216,1016922112,1942749184,119095296,2539388928
2026-07-09T07:43:25.867431,17006837760,16338419712,668418048,3.9,13821034496,1016922112,1942749184,119095296,2539388928
2026-07-09T07:43:26.867762,17006837760,16337190912,669646848,3.9,13819805696,1016922112,1942749184,119095296,2539388928
2026-07-09T07:43:27.868068,17006837760,16338665472,668172288,3.9,13821280256,1016922112,1942749184,119095296,2539388928
2026-07-09T07:43:28.868337,17006837760,16339075072,667762688,3.9,13821689856,1016922112,1942749184,119095296,2539405312
2026-07-09T07:43:29.868614,17006837760,16339730432,667107328,3.9,13822345216,1016922112,1942749184,119095296,2539405312
2026-07-09T07:43:30.868889,17006837760,16341090304,665747456,3.9,13823705088,1016922112,1942749184,119095296,2539405312
2026-07-09T07:43:31.869206,17006837760,16342007808,664829952,3.9,13824622592,1016922112,1942749184,119095296,2539405312
2026-07-09T07:43:32.869521,17006837760,16342499328,664338432,3.9,13825114112,1016922112,1942749184,119095296,2539405312
2026-07-09T07:43:33.869799,17006837760,16342761472,664076288,3.9,13825359872,1016938496,1942765568,119095296,2539405312
2026-07-09T07:43:34.870078,17006837760,16340795392,666042368,3.9,13823393792,1016938496,1942765568,119095296,2539421696
2026-07-09T07:43:35.870353,17006837760,16341057536,665780224,3.9,13823655936,1016938496,1942765568,119095296,2539421696
2026-07-09T07:43:36.870632,17006837760,16341581824,665255936,3.9,13824180224,1016938496,1942765568,119095296,2539421696
2026-07-09T07:43:37.870947,17006837760,16342515712,664322048,3.9,13825114112,1016938496,1942765568,119095296,2539421696
2026-07-09T07:43:38.871343,17006837760,16342761472,664076288,3.9,13825359872,1016938496,1942765568,119095296,2539421696
2026-07-09T07:43:39.871689,17006837760,16343007232,663830528,3.9,13825605632,1016938496,1942765568,119095296,2539421696
2026-07-09T07:43:40.871968,17006837760,16342188032,664649728,3.9,13824786432,1016938496,1942765568,119095296,2539421696
2026-07-09T07:43:41.872235,17006837760,16341893120,664944640,3.9,13824491520,1016938496,1942765568,119095296,2539438080
2026-07-09T07:43:42.872574,17006837760,16342138880,664698880,3.9,13824737280,1016938496,1942765568,119095296,2539438080
2026-07-09T07:43:43.873152,17006837760,16340893696,665944064,3.9,13823492096,1016938496,1942765568,119095296,2539438080
2026-07-09T07:43:44.873475,17006837760,16341401600,665436160,3.9,13824000000,1016938496,1942765568,119095296,2539438080
2026-07-09T07:43:45.873811,17006837760,16341303296,665534464,3.9,13823901696,1016938496,1942765568,119095296,2539438080
2026-07-09T07:43:46.874159,17006837760,16339337216,667500544,3.9,13821935616,1016938496,1942765568,119095296,2539438080
2026-07-09T07:43:47.874502,17006837760,16337108992,669728768,3.9,13819707392,1016938496,1942765568,119095296,2539438080
2026-07-09T07:43:48.874842,17006837760,16337485824,669351936,3.9,13820084224,1016938496,1942765568,119095296,2539454464
2026-07-09T07:43:49.875139,17006837760,16337747968,669089792,3.9,13820346368,1016938496,1942765568,119095296,2539454464
2026-07-09T07:43:50.875502,17006837760,16337354752,669483008,3.9,13819953152,1016938496,1942765568,119095296,2539454464
2026-07-09T07:43:51.875788,17006837760,16337764352,669073408,3.9,13820362752,1016938496,1942765568,119095296,2539454464
2026-07-09T07:43:52.876071,17006837760,16338747392,668090368,3.9,13821345792,1016938496,1942765568,119095296,2539454464
2026-07-09T07:43:53.876349,17006837760,16340140032,666697728,3.9,13822738432,1016938496,1942765568,119095296,2539454464
2026-07-09T07:43:54.876694,17006837760,16340926464,665911296,3.9,13823524864,1016938496,1942765568,119095296,2539470848
2026-07-09T07:43:55.877011,17006837760,16341893120,664944640,3.9,13824491520,1016938496,1942765568,119095296,2539470848
2026-07-09T07:43:56.877296,17006837760,16342188032,664649728,3.9,13824786432,1016938496,1942765568,119095296,2539470848
2026-07-09T07:43:57.877576,17006837760,16341942272,664895488,3.9,13824540672,1016938496,1942765568,119095296,2539470848
2026-07-09T07:43:58.877854,17006837760,16340729856,666107904,3.9,13823328256,1016971264,1942765568,119095296,2539470848
2026-07-09T07:43:59.881499,17006837760,16339484672,667353088,3.9,13822083072,1016971264,1942765568,119095296,2539470848
2026-07-09T07:44:00.881872,17006837760,16339009536,667828224,3.9,13821591552,1016971264,1942765568,119095296,2539503616
2026-07-09T07:44:01.882182,17006837760,16339959808,666877952,3.9,13822541824,1016971264,1942765568,119095296,2539503616
2026-07-09T07:44:02.882571,17006837760,16341008384,665829376,3.9,13823590400,1016971264,1942765568,119095296,2539503616
2026-07-09T07:44:03.882851,17006837760,16341549056,665288704,3.9,13824098304,1017004032,1942798336,119095296,2539503616
2026-07-09T07:44:04.883133,17006837760,16342056960,664780800,3.9,13824606208,1017004032,1942798336,119095296,2539503616
2026-07-09T07:44:05.884164,17006837760,16342122496,664715264,3.9,13824671744,1017004032,1942798336,119095296,2539503616
2026-07-09T07:44:06.884475,17006837760,16341565440,665272320,3.9,13824114688,1017004032,1942798336,119095296,2539520000
2026-07-09T07:44:07.884837,17006837760,16340910080,665927680,3.9,13823459328,1017004032,1942798336,119095296,2539520000
2026-07-09T07:44:08.885111,17006837760,16340549632,666288128,3.9,13823098880,1017004032,1942798336,119095296,2539520000
2026-07-09T07:44:09.885392,17006837760,16341598208,665239552,3.9,13824147456,1017004032,1942798336,119095296,2539520000
2026-07-09T07:44:10.885716,17006837760,16341483520,665354240,3.9,13824032768,1017004032,1942798336,119095296,2539520000
2026-07-09T07:44:11.886053,17006837760,16339288064,667549696,3.9,13821837312,1017004032,1942798336,119095296,2539520000
2026-07-09T07:44:12.889499,17006837760,16338272256,668565504,3.9,13820821504,1017004032,1942798336,119095296,2539520000
2026-07-09T07:44:13.889893,17006837760,16331096064,675741696,4.0,13813628928,1019019264,1942814720,119095296,2539536384
2026-07-09T07:44:14.890258,17006837760,16328146944,678690816,4.0,13810679808,1021050880,1942814720,119095296,2539536384
2026-07-09T07:44:15.890562,17006837760,16329146368,677691392,4.0,13811679232,1021050880,1942814720,119095296,2539536384
2026-07-09T07:44:16.890913,17006837760,16329261056,677576704,4.0,13811793920,1021050880,1942814720,119095296,2539536384
2026-07-09T07:44:17.891193,17006837760,16328949760,677888000,4.0,13811482624,1021050880,1942814720,119095296,2539536384
2026-07-09T07:44:18.891472,17006837760,16325935104,680902656,4.0,13808467968,1021050880,1942814720,119095296,2539536384
2026-07-09T07:44:19.893168,17006837760,16333144064,673693696,4.0,13815595008,1012957184,1942896640,119095296,2539552768
2026-07-09T07:44:20.893500,17006837760,16332898304,673939456,4.0,13815349248,1013972992,1942896640,119095296,2539552768
2026-07-09T07:44:21.893768,17006837760,16333422592,673415168,4.0,13815873536,1013972992,1942896640,119095296,2539552768
2026-07-09T07:44:22.894096,17006837760,16298360832,708476928,4.2,13780647936,1015758848,1943044096,119095296,2539585536
2026-07-09T07:44:23.894550,17006837760,16297181184,709656576,4.2,13779451904,1014382592,1943044096,119095296,2539585536
2026-07-09T07:44:24.894828,17006837760,16301506560,705331200,4.1,13783777280,1014382592,1943044096,119095296,2539601920
2026-07-09T07:44:25.897483,17006837760,16309501952,697335808,4.1,13791772672,1014382592,1943044096,119095296,2539601920
2026-07-09T07:44:26.897804,17006837760,16312451072,694386688,4.1,13794721792,1014382592,1943044096,119095296,2539601920
2026-07-09T07:44:27.898191,17006837760,16315482112,691355648,4.1,13797752832,1014382592,1943044096,119095296,2539601920
2026-07-09T07:44:28.898601,17006837760,16321593344,685244416,4.0,13803864064,1014382592,1943044096,119095296,2539601920
2026-07-09T07:44:29.898933,17006837760,16323837952,682999808,4.0,13806108672,1014382592,1943044096,119095296,2539601920
2026-07-09T07:44:30.899264,17006837760,16325836800,681000960,4.0,13808107520,1014382592,1943044096,119095296,2539601920
2026-07-09T07:44:31.899601,17006837760,16330473472,676364288,4.0,13812744192,1014382592,1943044096,119095296,2539618304
2026-07-09T07:44:32.899936,17006837760,16331784192,675053568,4.0,13814054912,1014382592,1943044096,119095296,2539618304
2026-07-09T07:44:33.901491,17006837760,16332619776,674217984,4.0,13814857728,1015365632,1943076864,119095296,2539618304
2026-07-09T07:44:34.901868,17006837760,16332931072,673906688,4.0,13815169024,1019625472,1943076864,119095296,2539618304
2026-07-09T07:44:35.902308,17006837760,16335781888,671055872,3.9,13818019840,1011597312,1943076864,119095296,2539618304
2026-07-09T07:44:36.902637,17006837760,16336470016,670367744,3.9,13818707968,1011597312,1943076864,119095296,2539618304
2026-07-09T07:44:37.902970,17006837760,16338518016,668319744,3.9,13820755968,1011597312,1943076864,119095296,2539634688
2026-07-09T07:44:38.903344,17006837760,16338616320,668221440,3.9,13820854272,1011597312,1943076864,119095296,2539634688
2026-07-09T07:44:39.903770,17006837760,16338862080,667975680,3.9,13821100032,1011613696,1943076864,119095296,2539634688
2026-07-09T07:44:40.904257,17006837760,16338255872,668581888,3.9,13820493824,1011613696,1943076864,119095296,2539634688
2026-07-09T07:44:41.905518,17006837760,16335306752,671531008,3.9,13817544704,1016184832,1943076864,119095296,2539634688
2026-07-09T07:44:42.906027,17006837760,16335568896,671268864,3.9,13817806848,1016184832,1943076864,119095296,2539634688
2026-07-09T07:44:43.906320,17006837760,16336273408,670564352,3.9,13818511360,1016184832,1943076864,119095296,2539651072
2026-07-09T07:44:44.906606,17006837760,16338665472,668172288,3.9,13820903424,1016184832,1943076864,119095296,2539651072
2026-07-09T07:44:45.906889,17006837760,16338911232,667926528,3.9,13821149184,1016184832,1943076864,119095296,2539651072
2026-07-09T07:44:46.907278,17006837760,16340205568,666632192,3.9,13822443520,1016184832,1943076864,119095296,2539651072
2026-07-09T07:44:47.907623,17006837760,16340221952,666615808,3.9,13822443520,1016676352,1943093248,119095296,2539651072
2026-07-09T07:44:48.908122,17006837760,16339976192,666861568,3.9,13822197760,1016676352,1943093248,119095296,2539651072
2026-07-09T07:44:49.908672,17006837760,16331423744,675414016,4.0,13813628928,1019199488,1943109632,119095296,2539667456
2026-07-09T07:44:50.909463,17006837760,16331423744,675414016,4.0,13813628928,1019199488,1943109632,119095296,2539667456
2026-07-09T07:44:51.910048,17006837760,16331505664,675332096,4.0,13813710848,1019199488,1943109632,119095296,2539667456
2026-07-09T07:44:52.910333,17006837760,16329818112,677019648,4.0,13812023296,1019199488,1943109632,119095296,2539667456
2026-07-09T07:44:53.910685,17006837760,16330604544,676233216,4.0,13812809728,1019199488,1943109632,119095296,2539667456
2026-07-09T07:44:54.910968,17006837760,16332980224,673857536,4.0,13815185408,1019199488,1943109632,119095296,2539667456
2026-07-09T07:44:55.911251,17006837760,16333832192,673005568,4.0,13816037376,1019199488,1943109632,119095296,2539683840
2026-07-09T07:44:56.913605,17006837760,16334929920,671907840,4.0,13817135104,1015463936,1943109632,119095296,2539683840
2026-07-09T07:44:57.914044,17006837760,16331915264,674922496,4.0,13814087680,1016168448,1943142400,119095296,2539683840
2026-07-09T07:44:58.914410,17006837760,16331702272,675135488,4.0,13813874688,1016168448,1943142400,119095296,2539683840
2026-07-09T07:44:59.914845,17006837760,16334372864,672464896,4.0,13816545280,1016168448,1943142400,119095296,2539683840
2026-07-09T07:45:00.915175,17006837760,16336404480,670433280,3.9,13818576896,1016168448,1943142400,119095296,2539683840
2026-07-09T07:45:01.915598,17006837760,16334159872,672677888,4.0,13816332288,1016168448,1943142400,119095296,2539700224
2026-07-09T07:45:02.916054,17006837760,16334651392,672186368,4.0,13816823808,1016168448,1943142400,119095296,2539700224
2026-07-09T07:45:03.916682,17006837760,16331210752,675627008,4.0,13813383168,1020231680,1943142400,119095296,2539700224
2026-07-09T07:45:04.917409,17006837760,16322494464,684343296,4.0,13804666880,1024802816,1943142400,119095296,2539700224
2026-07-09T07:45:05.917936,17006837760,16319692800,687144960,4.0,13801865216,1030127616,1943142400,119095296,2539700224
2026-07-09T07:45:06.918797,17006837760,16320479232,686358528,4.0,13802651648,1030127616,1943142400,119095296,2539716608
2026-07-09T07:45:07.919192,17006837760,16324378624,682459136,4.0,13806534656,1022722048,1943158784,119095296,2539716608
2026-07-09T07:45:08.919710,17006837760,16326541312,680296448,4.0,13808697344,1022722048,1943158784,119095296,2539716608
2026-07-09T07:45:09.919990,17006837760,16326918144,679919616,4.0,13809074176,1022722048,1943158784,119095296,2539716608
2026-07-09T07:45:10.920265,17006837760,16334831616,672006144,4.0,13816971264,1014808576,1943175168,119095296,2539716608
2026-07-09T07:45:11.920591,17006837760,16334831616,672006144,4.0,13816971264,1014808576,1943175168,119095296,2539732992
2026-07-09T07:45:12.920967,17006837760,16336551936,670285824,3.9,13818691584,1014808576,1943175168,119095296,2539732992
2026-07-09T07:45:13.921307,17006837760,16338452480,668385280,3.9,13820592128,1014808576,1943175168,119095296,2539732992
2026-07-09T07:45:14.921635,17006837760,16338698240,668139520,3.9,13820837888,1014808576,1943175168,119095296,2539732992
2026-07-09T07:45:15.921978,17006837760,16339976192,666861568,3.9,13822115840,1014808576,1943175168,119095296,2539732992
2026-07-09T07:45:16.922647,17006837760,16333422592,673415168,4.0,13815545856,1018855424,1943191552,119095296,2539732992
2026-07-09T07:45:17.923657,17006837760,16333832192,673005568,4.0,13815955456,1018855424,1943191552,119095296,2539749376
2026-07-09T07:45:18.924006,17006837760,16334323712,672514048,4.0,13816446976,1018855424,1943191552,119095296,2539749376
2026-07-09T07:45:19.924291,17006837760,16337485824,669351936,3.9,13819609088,1018855424,1943191552,119095296,2539749376
2026-07-09T07:45:20.924632,17006837760,16338157568,668680192,3.9,13820280832,1018855424,1943191552,119095296,2539749376
2026-07-09T07:45:21.925396,17006837760,16337895424,668942336,3.9,13820018688,1018855424,1943191552,119095296,2539749376
2026-07-09T07:45:22.926558,17006837760,16339664896,667172864,3.9,13821788160,1018855424,1943191552,119095296,2539749376
2026-07-09T07:45:23.927199,17006837760,16338485248,668352512,3.9,13820608512,1018855424,1943191552,119095296,2539765760
2026-07-09T07:45:24.927520,17006837760,16337993728,668844032,3.9,13820116992,1018855424,1943191552,119095296,2539765760
2026-07-09T07:45:25.927793,17006837760,16339288064,667549696,3.9,13821411328,1018855424,1943191552,119095296,2539765760
2026-07-09T07:45:26.928114,17006837760,16339025920,667811840,3.9,13821149184,1018855424,1943191552,119095296,2539765760
2026-07-09T07:45:27.929501,17006837760,16334110720,672727040,4.0,13816233984,1018855424,1943191552,119095296,2539765760
2026-07-09T07:45:28.929809,17006837760,16332374016,674463744,4.0,13814497280,1018855424,1943191552,119095296,2539765760
2026-07-09T07:45:29.930131,17006837760,16333078528,673759232,4.0,13815201792,1018855424,1943191552,119095296,2539782144
2026-07-09T07:45:30.930406,17006837760,16332505088,674332672,4.0,13814628352,1018855424,1943191552,119095296,2539782144
2026-07-09T07:45:31.930748,17006837760,16333324288,673513472,4.0,13815447552,1018855424,1943191552,119095296,2539782144
2026-07-09T07:45:32.931040,17006837760,16327000064,679837696,4.0,13808091136,1019756544,1944207360,119095296,2540847104
