timestamp,total,available,used,percent,free,active,inactive,buffers,cached
2026-07-09T05:24:33.447388,17006837760,16339795968,667041792,3.9,13835698176,972275712,1929838592,119046144,2525904896
2026-07-09T05:24:34.448207,17006837760,16327524352,679313408,4.0,13823426560,985808896,1929838592,119046144,2525937664
2026-07-09T05:24:35.449404,17006837760,16326787072,680050688,4.0,13822689280,987332608,1929838592,119046144,2525937664
2026-07-09T05:24:36.449706,17006837760,16326787072,680050688,4.0,13822689280,987430912,1929838592,119046144,2525937664
2026-07-09T05:24:37.449970,17006837760,16329654272,677183488,4.0,13825556480,987430912,1929838592,119046144,2525937664
2026-07-09T05:24:38.450254,17006837760,16315154432,691683328,4.1,13811056640,998653952,1929838592,119046144,2525937664
2026-07-09T05:24:39.450747,17006837760,16316055552,690782208,4.1,13811957760,1000374272,1929838592,119046144,2525937664
2026-07-09T05:24:40.451653,17006837760,16316055552,690782208,4.1,13811957760,1000374272,1929838592,119046144,2525937664
2026-07-09T05:24:41.451980,17006837760,16310648832,696188928,4.1,13806551040,1000374272,1929838592,119046144,2525937664
2026-07-09T05:24:42.452338,17006837760,16310648832,696188928,4.1,13806551040,1000800256,1929838592,119046144,2525937664
2026-07-09T05:24:43.453013,17006837760,16312647680,694190080,4.1,13808549888,1000800256,1929838592,119046144,2525937664
2026-07-09T05:24:44.454558,17006837760,16313335808,693501952,4.1,13809238016,1000800256,1929838592,119046144,2525937664
2026-07-09T05:24:45.455029,17006837760,16314974208,691863552,4.1,13810876416,1000800256,1929838592,119046144,2525937664
2026-07-09T05:24:46.457732,17006837760,16309075968,697761792,4.1,13804978176,1002323968,1929838592,119046144,2525937664
2026-07-09T05:24:47.462149,17006837760,16310452224,696385536,4.1,13806354432,1002766336,1929838592,119046144,2525937664
2026-07-09T05:24:48.462536,17006837760,16311795712,695042048,4.1,13807697920,1002766336,1929838592,119046144,2525937664
2026-07-09T05:24:49.462916,17006837760,16316678144,690159616,4.1,13812580352,1002766336,1929838592,119046144,2525937664
2026-07-09T05:24:50.463281,17006837760,16317825024,689012736,4.1,13813727232,1002766336,1929838592,119046144,2525937664
2026-07-09T05:24:51.463715,17006837760,16317825024,689012736,4.1,13813727232,1002766336,1929838592,119046144,2525937664
2026-07-09T05:24:52.464182,17006837760,16321200128,685637632,4.0,13817102336,1002766336,1929838592,119046144,2525937664
2026-07-09T05:24:53.464623,17006837760,16320593920,686243840,4.0,13816496128,1002782720,1929838592,119046144,2525937664
2026-07-09T05:24:54.465093,17006837760,16324329472,682508288,4.0,13820231680,1002782720,1929838592,119046144,2525937664
2026-07-09T05:24:55.465551,17006837760,16325083136,681754624,4.0,13820985344,1002782720,1929838592,119046144,2525954048
2026-07-09T05:24:56.465989,17006837760,16318578688,688259072,4.0,13814480896,1002782720,1929838592,119046144,2525954048
2026-07-09T05:24:57.466440,17006837760,16319348736,687489024,4.0,13815250944,1002782720,1929838592,119046144,2525954048
2026-07-09T05:24:58.466909,17006837760,16319856640,686981120,4.0,13815742464,1002782720,1929854976,119046144,2525954048
2026-07-09T05:24:59.467376,17006837760,16319021056,687816704,4.0,13814906880,1002782720,1929854976,119046144,2525954048
2026-07-09T05:25:00.467819,17006837760,16311746560,695091200,4.1,13807632384,1002782720,1929854976,119046144,2525954048
2026-07-09T05:25:01.468277,17006837760,16315531264,691306496,4.1,13811417088,1002782720,1929854976,119046144,2525954048
2026-07-09T05:25:02.468712,17006837760,16315777024,691060736,4.1,13811662848,1002782720,1929854976,119046144,2525954048
2026-07-09T05:25:03.469161,17006837760,16316989440,689848320,4.1,13812875264,1002782720,1929854976,119046144,2525954048
2026-07-09T05:25:04.469642,17006837760,16319643648,687194112,4.0,13815529472,1002782720,1929854976,119046144,2525954048
2026-07-09T05:25:05.470094,17006837760,16324313088,682524672,4.0,13820198912,1002782720,1929854976,119046144,2525954048
2026-07-09T05:25:06.470539,17006837760,16328736768,678100992,4.0,13824622592,1002782720,1929854976,119046144,2525954048
2026-07-09T05:25:07.470994,17006837760,16322084864,684752896,4.0,13817970688,1002782720,1929854976,119046144,2525954048
2026-07-09T05:25:08.471466,17006837760,16326164480,680673280,4.0,13822050304,1002782720,1929854976,119046144,2525954048
2026-07-09T05:25:09.471916,17006837760,16328802304,678035456,4.0,13824688128,1003061248,1929854976,119046144,2525954048
2026-07-09T05:25:10.472346,17006837760,16331636736,675201024,4.0,13827522560,1003061248,1929854976,119046144,2525954048
2026-07-09T05:25:11.473185,17006837760,16334798848,672038912,4.0,13830684672,1003061248,1929854976,119046144,2525954048
2026-07-09T05:25:12.473652,17006837760,16337846272,668991488,3.9,13833732096,1003061248,1929854976,119046144,2525954048
2026-07-09T05:25:13.474126,17006837760,16339632128,667205632,3.9,13835517952,1003061248,1929854976,119046144,2525954048
2026-07-09T05:25:14.474666,17006837760,16341762048,665075712,3.9,13837647872,1003061248,1929854976,119046144,2525954048
2026-07-09T05:25:15.475330,17006837760,16343793664,663044096,3.9,13839679488,1003061248,1929854976,119046144,2525954048
2026-07-09T05:25:16.475641,17006837760,16345137152,661700608,3.9,13841022976,1003061248,1929854976,119046144,2525954048
2026-07-09T05:25:17.475915,17006837760,16345120768,661716992,3.9,13841006592,1003061248,1929854976,119046144,2525954048
2026-07-09T05:25:18.476190,17006837760,16346644480,660193280,3.9,13842530304,1003061248,1929854976,119046144,2525970432
2026-07-09T05:25:19.476466,17006837760,16346873856,659963904,3.9,13842759680,1003061248,1929854976,119046144,2525970432
2026-07-09T05:25:20.476856,17006837760,16347987968,658849792,3.9,13843857408,1003536384,1929871360,119046144,2525970432
2026-07-09T05:25:21.477377,17006837760,16346513408,660324352,3.9,13842382848,1003536384,1929871360,119046144,2525970432
2026-07-09T05:25:22.477990,17006837760,16346513408,660324352,3.9,13842382848,1003536384,1929871360,119046144,2525970432
2026-07-09T05:25:23.478345,17006837760,16347758592,659079168,3.9,13843628032,1003536384,1929871360,119046144,2525970432
2026-07-09T05:25:24.478700,17006837760,16348250112,658587648,3.9,13844119552,1003536384,1929871360,119046144,2525970432
2026-07-09T05:25:25.478994,17006837760,16349331456,657506304,3.9,13845200896,1003536384,1929871360,119046144,2525970432
2026-07-09T05:25:26.479275,17006837760,16347611136,659226624,3.9,13843480576,1003536384,1929871360,119046144,2525970432
2026-07-09T05:25:27.479650,17006837760,16347021312,659816448,3.9,13842890752,1003536384,1929871360,119046144,2525970432
2026-07-09T05:25:28.480144,17006837760,16345956352,660881408,3.9,13841825792,1003536384,1929871360,119046144,2525970432
2026-07-09T05:25:29.480418,17006837760,16346218496,660619264,3.9,13842087936,1003536384,1929871360,119046144,2525970432
2026-07-09T05:25:30.480805,17006837760,16346857472,659980288,3.9,13842726912,1003634688,1929871360,119046144,2525970432
2026-07-09T05:25:31.481277,17006837760,16348938240,657899520,3.9,13844807680,1003634688,1929871360,119046144,2525970432
2026-07-09T05:25:32.481726,17006837760,16349577216,657260544,3.9,13845446656,1003634688,1929871360,119046144,2525970432
2026-07-09T05:25:33.482164,17006837760,16350445568,656392192,3.9,13846315008,1003634688,1929871360,119046144,2525970432
2026-07-09T05:25:34.482499,17006837760,16350953472,655884288,3.9,13846822912,1003634688,1929871360,119046144,2525970432
2026-07-09T05:25:35.482782,17006837760,16351379456,655458304,3.9,13847248896,1003634688,1929871360,119046144,2525970432
2026-07-09T05:25:36.483063,17006837760,16351379456,655458304,3.9,13847248896,1003634688,1929871360,119046144,2525970432
2026-07-09T05:25:37.483344,17006837760,16350806016,656031744,3.9,13846675456,1003634688,1929871360,119046144,2525970432
2026-07-09T05:25:38.483637,17006837760,16350887936,655949824,3.9,13846757376,1003634688,1929871360,119046144,2525970432
2026-07-09T05:25:39.484040,17006837760,16351281152,655556608,3.9,13847150592,1003634688,1929871360,119046144,2525970432
2026-07-09T05:25:40.484509,17006837760,16352264192,654573568,3.8,13848133632,1003634688,1929871360,119046144,2525986816
2026-07-09T05:25:41.485205,17006837760,16350527488,656310272,3.9,13846396928,1003667456,1929871360,119046144,2525986816
2026-07-09T05:25:42.485699,17006837760,16351084544,655753216,3.9,13846953984,1003667456,1929871360,119046144,2525986816
2026-07-09T05:25:43.486169,17006837760,16350855168,655982592,3.9,13846724608,1003667456,1929871360,119046144,2525986816
2026-07-09T05:25:44.486629,17006837760,16351395840,655441920,3.9,13847265280,1003667456,1929871360,119046144,2525986816
2026-07-09T05:25:45.487082,17006837760,16352247808,654589952,3.8,13848117248,1003667456,1929871360,119046144,2525986816
2026-07-09T05:25:46.487527,17006837760,16351461376,655376384,3.9,13847330816,1003667456,1929871360,119046144,2525986816
2026-07-09T05:25:47.487960,17006837760,16352362496,654475264,3.8,13848231936,1003683840,1929871360,119046144,2525986816
2026-07-09T05:25:48.488299,17006837760,16352755712,654082048,3.8,13848625152,1003683840,1929871360,119046144,2525986816
2026-07-09T05:25:49.488577,17006837760,16354000896,652836864,3.8,13849870336,1003683840,1929871360,119046144,2525986816
2026-07-09T05:25:50.488963,17006837760,16352559104,654278656,3.8,13848428544,1003683840,1929871360,119046144,2525986816
2026-07-09T05:25:51.489356,17006837760,16352608256,654229504,3.8,13848477696,1003683840,1929871360,119046144,2525986816
2026-07-09T05:25:52.489736,17006837760,16352182272,654655488,3.8,13848051712,1003683840,1929871360,119046144,2525986816
2026-07-09T05:25:53.490474,17006837760,16353165312,653672448,3.8,13849034752,1003683840,1929871360,119046144,2525986816
2026-07-09T05:25:54.490825,17006837760,16353165312,653672448,3.8,13849034752,1003683840,1929871360,119046144,2525986816
2026-07-09T05:25:55.491185,17006837760,16350117888,656719872,3.9,13845987328,1003683840,1929871360,119046144,2525986816
2026-07-09T05:25:56.491543,17006837760,16348200960,658636800,3.9,13844070400,1003683840,1929871360,119046144,2525986816
2026-07-09T05:25:57.491899,17006837760,16349069312,657768448,3.9,13844938752,1003683840,1929871360,119046144,2525986816
2026-07-09T05:25:58.493423,17006837760,16350396416,656441344,3.9,13846265856,1003683840,1929871360,119046144,2525986816
2026-07-09T05:25:59.494185,17006837760,16347283456,659554304,3.9,13843152896,1003683840,1929871360,119046144,2525986816
2026-07-09T05:26:00.494462,17006837760,16345743360,661094400,3.9,13841612800,1003683840,1929871360,119046144,2525986816
2026-07-09T05:26:01.494741,17006837760,16347185152,659652608,3.9,13843054592,1003683840,1929871360,119046144,2525986816
2026-07-09T05:26:02.495020,17006837760,16348708864,658128896,3.9,13844578304,1003683840,1929871360,119046144,2526003200
2026-07-09T05:26:03.495405,17006837760,16349413376,657424384,3.9,13845282816,1003683840,1929871360,119046144,2526003200
2026-07-09T05:26:04.495741,17006837760,16350380032,656457728,3.9,13846249472,1003683840,1929871360,119046144,2526003200
2026-07-09T05:26:05.496096,17006837760,16350871552,655966208,3.9,13846740992,1003683840,1929871360,119046144,2526003200
2026-07-09T05:26:06.496467,17006837760,16351494144,655343616,3.9,13847363584,1003683840,1929871360,119046144,2526003200
2026-07-09T05:26:07.496829,17006837760,16352034816,654802944,3.9,13847904256,1003683840,1929871360,119046144,2526003200
2026-07-09T05:26:08.497497,17006837760,16352493568,654344192,3.8,13848363008,1003683840,1929871360,119046144,2526003200
2026-07-09T05:26:09.501490,17006837760,16350117888,656719872,3.9,13845954560,1003732992,1929904128,119046144,2526003200
2026-07-09T05:26:10.501813,17006837760,16348643328,658194432,3.9,13844480000,1003732992,1929904128,119046144,2526003200
2026-07-09T05:26:11.502094,17006837760,16349593600,657244160,3.9,13845430272,1003732992,1929904128,119046144,2526003200
2026-07-09T05:26:12.502369,17006837760,16349773824,657063936,3.9,13845610496,1003732992,1929904128,119046144,2526003200
2026-07-09T05:26:13.502646,17006837760,16350068736,656769024,3.9,13845905408,1003732992,1929904128,119046144,2526003200
2026-07-09T05:26:14.502979,17006837760,16351346688,655491072,3.9,13847183360,1003765760,1929904128,119046144,2526003200
2026-07-09T05:26:15.503340,17006837760,16351789056,655048704,3.9,13847625728,1003765760,1929904128,119046144,2526003200
2026-07-09T05:26:16.503644,17006837760,16351281152,655556608,3.9,13847117824,1003765760,1929904128,119046144,2526003200
2026-07-09T05:26:17.503922,17006837760,16351674368,655163392,3.9,13847511040,1003765760,1929904128,119046144,2526003200
2026-07-09T05:26:18.504254,17006837760,16351920128,654917632,3.9,13847756800,1003765760,1929904128,119046144,2526003200
2026-07-09T05:26:19.504530,17006837760,16353591296,653246464,3.8,13849427968,1003765760,1929904128,119046144,2526003200
2026-07-09T05:26:20.504802,17006837760,16353591296,653246464,3.8,13849427968,1003765760,1929904128,119046144,2526003200
2026-07-09T05:26:21.505137,17006837760,16353902592,652935168,3.8,13849739264,1003765760,1929904128,119046144,2526003200
2026-07-09T05:26:22.505466,17006837760,16352952320,653885440,3.8,13848788992,1003765760,1929904128,119046144,2526003200
2026-07-09T05:26:23.505771,17006837760,16352952320,653885440,3.8,13848788992,1003765760,1929904128,119046144,2526003200
2026-07-09T05:26:24.506067,17006837760,16353345536,653492224,3.8,13849182208,1003765760,1929904128,119046144,2526019584
2026-07-09T05:26:25.506346,17006837760,16352870400,653967360,3.8,13848690688,1003765760,1929920512,119046144,2526019584
2026-07-09T05:26:26.506623,17006837760,16353083392,653754368,3.8,13848903680,1003765760,1929920512,119046144,2526019584
2026-07-09T05:26:27.506892,17006837760,16353787904,653049856,3.8,13849608192,1003765760,1929920512,119046144,2526019584
2026-07-09T05:26:28.507290,17006837760,16354115584,652722176,3.8,13849935872,1003765760,1929920512,119046144,2526019584
2026-07-09T05:26:29.507764,17006837760,16353787904,653049856,3.8,13849608192,1003765760,1929920512,119046144,2526019584
2026-07-09T05:26:30.508671,17006837760,16353607680,653230080,3.8,13849427968,1003765760,1929920512,119046144,2526019584
2026-07-09T05:26:31.509149,17006837760,16354164736,652673024,3.8,13849985024,1003765760,1929920512,119046144,2526019584
2026-07-09T05:26:32.509430,17006837760,16354394112,652443648,3.8,13850214400,1003765760,1929920512,119046144,2526019584
2026-07-09T05:26:33.509713,17006837760,16355131392,651706368,3.8,13850951680,1003765760,1929920512,119046144,2526019584
2026-07-09T05:26:34.509992,17006837760,16354770944,652066816,3.8,13850591232,1003765760,1929920512,119046144,2526019584
2026-07-09T05:26:35.510375,17006837760,16354525184,652312576,3.8,13850345472,1003765760,1929920512,119046144,2526019584
2026-07-09T05:26:36.510807,17006837760,16354279424,652558336,3.8,13850099712,1003798528,1929920512,119046144,2526019584
2026-07-09T05:26:37.511107,17006837760,16354443264,652394496,3.8,13850263552,1003798528,1929920512,119046144,2526019584
2026-07-09T05:26:38.511385,17006837760,16355426304,651411456,3.8,13851246592,1003798528,1929920512,119046144,2526019584
2026-07-09T05:26:39.511663,17006837760,16355901440,650936320,3.8,13851721728,1003798528,1929920512,119046144,2526019584
2026-07-09T05:26:40.511944,17006837760,16356163584,650674176,3.8,13851983872,1003798528,1929920512,119046144,2526019584
2026-07-09T05:26:41.512235,17006837760,16355426304,651411456,3.8,13851246592,1003798528,1929920512,119046144,2526019584
2026-07-09T05:26:42.512570,17006837760,16355409920,651427840,3.8,13851230208,1003814912,1929920512,119046144,2526019584
2026-07-09T05:26:43.512929,17006837760,16355393536,651444224,3.8,13851213824,1003814912,1929920512,119046144,2526019584
2026-07-09T05:26:44.513234,17006837760,16355639296,651198464,3.8,13851459584,1003814912,1929920512,119046144,2526019584
2026-07-09T05:26:45.513521,17006837760,16355885056,650952704,3.8,13851705344,1003814912,1929920512,119046144,2526035968
2026-07-09T05:26:46.513795,17006837760,16355328000,651509760,3.8,13851148288,1003814912,1929920512,119046144,2526035968
2026-07-09T05:26:47.514071,17006837760,16354836480,652001280,3.8,13850656768,1003814912,1929920512,119046144,2526035968
2026-07-09T05:26:48.514353,17006837760,16354836480,652001280,3.8,13850656768,1003814912,1929920512,119046144,2526035968
2026-07-09T05:26:49.514693,17006837760,16355393536,651444224,3.8,13851213824,1003814912,1929920512,119046144,2526035968
2026-07-09T05:26:50.515056,17006837760,16355393536,651444224,3.8,13851213824,1003814912,1929920512,119046144,2526035968
2026-07-09T05:26:51.515486,17006837760,16355164160,651673600,3.8,13850984448,1003814912,1929920512,119046144,2526035968
2026-07-09T05:26:52.515974,17006837760,16355164160,651673600,3.8,13850984448,1003814912,1929920512,119046144,2526035968
2026-07-09T05:26:53.516250,17006837760,16355196928,651640832,3.8,13851000832,1003831296,1929936896,119046144,2526035968
2026-07-09T05:26:54.516533,17006837760,16355524608,651313152,3.8,13851328512,1003831296,1929936896,119046144,2526035968
2026-07-09T05:26:55.516807,17006837760,16356458496,650379264,3.8,13852262400,1003831296,1929936896,119046144,2526035968
2026-07-09T05:26:56.517087,17006837760,16356179968,650657792,3.8,13851983872,1003831296,1929936896,119046144,2526035968
2026-07-09T05:26:57.517373,17006837760,16355950592,650887168,3.8,13851754496,1003831296,1929936896,119046144,2526035968
2026-07-09T05:26:58.517650,17006837760,16354967552,651870208,3.8,13850771456,1003831296,1929936896,119046144,2526035968
2026-07-09T05:26:59.518040,17006837760,16351526912,655310848,3.9,13847330816,1003831296,1929936896,119046144,2526035968
2026-07-09T05:27:00.518379,17006837760,16347856896,658980864,3.9,13843660800,1003831296,1929936896,119046144,2526035968
2026-07-09T05:27:01.518658,17006837760,16349331456,657506304,3.9,13845135360,1003831296,1929936896,119046144,2526035968
2026-07-09T05:27:02.519002,17006837760,16349790208,657047552,3.9,13845594112,1003831296,1929936896,119046144,2526035968
2026-07-09T05:27:03.519364,17006837760,16349773824,657063936,3.9,13845577728,1003831296,1929936896,119046144,2526035968
2026-07-09T05:27:04.519723,17006837760,16348282880,658554880,3.9,13844086784,1003864064,1929936896,119046144,2526035968
2026-07-09T05:27:05.520150,17006837760,16348839936,657997824,3.9,13844643840,1003864064,1929936896,119046144,2526035968
2026-07-09T05:27:06.520481,17006837760,16349691904,657145856,3.9,13845495808,1003864064,1929936896,119046144,2526035968
2026-07-09T05:27:07.520760,17006837760,16350167040,656670720,3.9,13845970944,1003864064,1929936896,119046144,2526052352
2026-07-09T05:27:08.521036,17006837760,16350412800,656424960,3.9,13846216704,1003864064,1929936896,119046144,2526052352
2026-07-09T05:27:09.521324,17006837760,16349708288,657129472,3.9,13845512192,1003913216,1929936896,119046144,2526052352
2026-07-09T05:27:10.521604,17006837760,16349921280,656916480,3.9,13845725184,1003913216,1929936896,119046144,2526052352
2026-07-09T05:27:11.521929,17006837760,16351592448,655245312,3.9,13847396352,1003913216,1929936896,119046144,2526052352
2026-07-09T05:27:12.522267,17006837760,16351821824,655015936,3.9,13847625728,1003913216,1929936896,119046144,2526052352
2026-07-09T05:27:13.522626,17006837760,16352919552,653918208,3.8,13848723456,1003913216,1929936896,119046144,2526052352
2026-07-09T05:27:14.523142,17006837760,16353918976,652918784,3.8,13849722880,1003913216,1929936896,119046144,2526052352
2026-07-09T05:27:15.523446,17006837760,16350363648,656474112,3.9,13846167552,1004945408,1929936896,119046144,2526052352
2026-07-09T05:27:16.523724,17006837760,16349331456,657506304,3.9,13845135360,1004945408,1929936896,119046144,2526052352
2026-07-09T05:27:17.524006,17006837760,16351756288,655081472,3.9,13847560192,1004945408,1929936896,119046144,2526052352
2026-07-09T05:27:18.524284,17006837760,16352247808,654589952,3.8,13848051712,1004945408,1929936896,119046144,2526052352
2026-07-09T05:27:19.524562,17006837760,16352755712,654082048,3.8,13848559616,1004945408,1929936896,119046144,2526052352
2026-07-09T05:27:20.524898,17006837760,16353443840,653393920,3.8,13849247744,1004945408,1929936896,119046144,2526052352
2026-07-09T05:27:21.525269,17006837760,16353673216,653164544,3.8,13849477120,1004945408,1929936896,119046144,2526052352
2026-07-09T05:27:22.525577,17006837760,16353591296,653246464,3.8,13849395200,1004945408,1929936896,119046144,2526052352
2026-07-09T05:27:23.525852,17006837760,16354344960,652492800,3.8,13850148864,1004945408,1929936896,119046144,2526052352
2026-07-09T05:27:24.526127,17006837760,16353607680,653230080,3.8,13849411584,1004945408,1929936896,119046144,2526052352
2026-07-09T05:27:25.526404,17006837760,16353869824,652967936,3.8,13849673728,1004945408,1929936896,119046144,2526052352
2026-07-09T05:27:26.526678,17006837760,16354574336,652263424,3.8,13850378240,1004961792,1929936896,119046144,2526052352
2026-07-09T05:27:27.527016,17006837760,16354803712,652034048,3.8,13850607616,1004961792,1929936896,119046144,2526052352
2026-07-09T05:27:28.527369,17006837760,16354312192,652525568,3.8,13850116096,1004961792,1929936896,119046144,2526052352
2026-07-09T05:27:29.527728,17006837760,16354312192,652525568,3.8,13850116096,1004961792,1929936896,119046144,2526052352
2026-07-09T05:27:30.528216,17006837760,16354574336,652263424,3.8,13850378240,1004961792,1929936896,119046144,2526068736
2026-07-09T05:27:31.528675,17006837760,16354361344,652476416,3.8,13850165248,1005027328,1929936896,119046144,2526068736
2026-07-09T05:27:32.528978,17006837760,16354361344,652476416,3.8,13850165248,1005027328,1929936896,119046144,2526068736
2026-07-09T05:27:33.529263,17006837760,16354836480,652001280,3.8,13850640384,1005027328,1929936896,119046144,2526068736
2026-07-09T05:27:34.529554,17006837760,16354836480,652001280,3.8,13850640384,1005027328,1929936896,119046144,2526068736
2026-07-09T05:27:35.529833,17006837760,16354590720,652247040,3.8,13850394624,1005027328,1929936896,119046144,2526068736
2026-07-09T05:27:36.530251,17006837760,16354607104,652230656,3.8,13850394624,1005060096,1929953280,119046144,2526068736
2026-07-09T05:27:37.530610,17006837760,16354033664,652804096,3.8,13849821184,1005060096,1929953280,119046144,2526068736
2026-07-09T05:27:38.533526,17006837760,16354263040,652574720,3.8,13850050560,1005060096,1929953280,119046144,2526068736
2026-07-09T05:27:39.533871,17006837760,16354131968,652705792,3.8,13849919488,1005060096,1929953280,119046144,2526068736
2026-07-09T05:27:40.534150,17006837760,16352968704,653869056,3.8,13848756224,1005060096,1929953280,119046144,2526068736
2026-07-09T05:27:41.534429,17006837760,16351739904,655097856,3.9,13847527424,1005060096,1929953280,119046144,2526068736
2026-07-09T05:27:42.534706,17006837760,16351756288,655081472,3.9,13847527424,1005060096,1929969664,119046144,2526068736
2026-07-09T05:27:43.535047,17006837760,16352722944,654114816,3.8,13848494080,1005060096,1929969664,119046144,2526068736
2026-07-09T05:27:44.535371,17006837760,16351985664,654852096,3.9,13847756800,1005060096,1929969664,119046144,2526068736
2026-07-09T05:27:45.535720,17006837760,16352051200,654786560,3.9,13847822336,1005060096,1929969664,119046144,2526068736
2026-07-09T05:27:46.536058,17006837760,16352280576,654557184,3.8,13848051712,1005060096,1929969664,119046144,2526068736
2026-07-09T05:27:47.536389,17006837760,16351543296,655294464,3.9,13847314432,1005060096,1929969664,119046144,2526068736
2026-07-09T05:27:48.536736,17006837760,16352002048,654835712,3.9,13847773184,1005060096,1929969664,119046144,2526068736
2026-07-09T05:27:49.537086,17006837760,16352247808,654589952,3.8,13848018944,1005060096,1929969664,119046144,2526068736
2026-07-09T05:27:50.537449,17006837760,16352919552,653918208,3.8,13848690688,1005060096,1929969664,119046144,2526068736
2026-07-09T05:27:51.537803,17006837760,16353656832,653180928,3.8,13849427968,1005060096,1929969664,119046144,2526068736
2026-07-09T05:27:52.538172,17006837760,16351199232,655638528,3.9,13846970368,1005060096,1929969664,119046144,2526085120
2026-07-09T05:27:53.538522,17006837760,16351444992,655392768,3.9,13847216128,1005060096,1929969664,119046144,2526085120
2026-07-09T05:27:54.538856,17006837760,16351920128,654917632,3.9,13847691264,1005060096,1929969664,119046144,2526085120
2026-07-09T05:27:55.539146,17006837760,16352739328,654098432,3.8,13848510464,1005060096,1929969664,119046144,2526085120
2026-07-09T05:27:56.539421,17006837760,16353492992,653344768,3.8,13849264128,1005060096,1929969664,119046144,2526085120
2026-07-09T05:27:57.539697,17006837760,16352870400,653967360,3.8,13848641536,1005060096,1929969664,119046144,2526085120
2026-07-09T05:27:58.539972,17006837760,16352559104,654278656,3.8,13848330240,1005060096,1929969664,119046144,2526085120
2026-07-09T05:27:59.540257,17006837760,16353198080,653639680,3.8,13848969216,1005060096,1929969664,119046144,2526085120
2026-07-09T05:28:00.540743,17006837760,16349757440,657080320,3.9,13845528576,1005060096,1929969664,119046144,2526085120
2026-07-09T05:28:01.541093,17006837760,16346234880,660602880,3.9,13842006016,1005060096,1929969664,119046144,2526085120
2026-07-09T05:28:02.541389,17006837760,16348217344,658620416,3.9,13843988480,1005060096,1929969664,119046144,2526085120
2026-07-09T05:28:03.541670,17006837760,16349691904,657145856,3.9,13845463040,1005076480,1929969664,119046144,2526085120
2026-07-09T05:28:04.541951,17006837760,16348872704,657965056,3.9,13844643840,1005076480,1929969664,119046144,2526085120
2026-07-09T05:28:05.542229,17006837760,16350035968,656801792,3.9,13845807104,1005076480,1929969664,119046144,2526085120
2026-07-09T05:28:06.545541,17006837760,16352411648,654426112,3.8,13848182784,1005076480,1929969664,119046144,2526085120
2026-07-09T05:28:07.545933,17006837760,16351739904,655097856,3.9,13847511040,1005076480,1929969664,119046144,2526085120
2026-07-09T05:28:08.546291,17006837760,16352509952,654327808,3.8,13848264704,1005158400,1929986048,119046144,2526085120
2026-07-09T05:28:09.546655,17006837760,16352821248,654016512,3.8,13848576000,1005158400,1929986048,119046144,2526085120
2026-07-09T05:28:10.547025,17006837760,16352083968,654753792,3.8,13847838720,1005158400,1929986048,119046144,2526085120
2026-07-09T05:28:11.547413,17006837760,16353280000,653557760,3.8,13849034752,1005158400,1929986048,119046144,2526085120
2026-07-09T05:28:12.547724,17006837760,16354000896,652836864,3.8,13849755648,1005158400,1929986048,119046144,2526101504
2026-07-09T05:28:13.547994,17006837760,16354656256,652181504,3.8,13850411008,1005158400,1929986048,119046144,2526101504
2026-07-09T05:28:14.548335,17006837760,16355213312,651624448,3.8,13850968064,1005158400,1929986048,119046144,2526101504
2026-07-09T05:28:15.548678,17006837760,16355213312,651624448,3.8,13850968064,1005158400,1929986048,119046144,2526101504
2026-07-09T05:28:16.549471,17006837760,16354705408,652132352,3.8,13850460160,1005158400,1929986048,119046144,2526101504
2026-07-09T05:28:17.549938,17006837760,16354705408,652132352,3.8,13850460160,1005158400,1929986048,119046144,2526101504
2026-07-09T05:28:18.550217,17006837760,16354459648,652378112,3.8,13850214400,1005158400,1929986048,119046144,2526101504
2026-07-09T05:28:19.550495,17006837760,16354312192,652525568,3.8,13850066944,1005158400,1929986048,119046144,2526101504
2026-07-09T05:28:20.550774,17006837760,16355049472,651788288,3.8,13850804224,1005158400,1929986048,119046144,2526101504
2026-07-09T05:28:21.551050,17006837760,16355065856,651771904,3.8,13850820608,1005158400,1929986048,119046144,2526101504
2026-07-09T05:28:22.551387,17006837760,16355082240,651755520,3.8,13850836992,1005158400,1929986048,119046144,2526101504
2026-07-09T05:28:23.551825,17006837760,16355557376,651280384,3.8,13851312128,1005158400,1929986048,119046144,2526101504
2026-07-09T05:28:24.552322,17006837760,16355557376,651280384,3.8,13851312128,1005158400,1929986048,119046144,2526101504
2026-07-09T05:28:25.552598,17006837760,16355295232,651542528,3.8,13851049984,1005158400,1929986048,119046144,2526101504
2026-07-09T05:28:26.552949,17006837760,16355295232,651542528,3.8,13851049984,1005158400,1929986048,119046144,2526101504
2026-07-09T05:28:27.553232,17006837760,16354787328,652050432,3.8,13850542080,1005158400,1929986048,119046144,2526101504
2026-07-09T05:28:28.553539,17006837760,16354033664,652804096,3.8,13849788416,1005158400,1929986048,119046144,2526101504
2026-07-09T05:28:29.553872,17006837760,16354050048,652787712,3.8,13849804800,1005158400,1929986048,119046144,2526101504
2026-07-09T05:28:30.555114,17006837760,16354050048,652787712,3.8,13849804800,1005158400,1929986048,119046144,2526101504
2026-07-09T05:28:31.555455,17006837760,16354295808,652541952,3.8,13850050560,1005174784,1929986048,119046144,2526101504
2026-07-09T05:28:32.555739,17006837760,16354295808,652541952,3.8,13850050560,1005174784,1929986048,119046144,2526117888
2026-07-09T05:28:33.556017,17006837760,16354279424,652558336,3.8,13850034176,1005174784,1929986048,119046144,2526117888
2026-07-09T05:28:34.556324,17006837760,16354033664,652804096,3.8,13849788416,1005174784,1929986048,119046144,2526117888
2026-07-09T05:28:35.556681,17006837760,16354050048,652787712,3.8,13849788416,1005223936,1930002432,119046144,2526117888
2026-07-09T05:28:36.557477,17006837760,16354295808,652541952,3.8,13850034176,1005223936,1930002432,119046144,2526117888
2026-07-09T05:28:37.561491,17006837760,16354279424,652558336,3.8,13850017792,1005223936,1930002432,119046144,2526117888
2026-07-09T05:28:38.561834,17006837760,16354279424,652558336,3.8,13850017792,1005223936,1930002432,119046144,2526117888
2026-07-09T05:28:39.562115,17006837760,16354508800,652328960,3.8,13850247168,1005223936,1930002432,119046144,2526117888
2026-07-09T05:28:40.562399,17006837760,16354033664,652804096,3.8,13849755648,1005223936,1930018816,119046144,2526117888
2026-07-09T05:28:41.562731,17006837760,16354033664,652804096,3.8,13849755648,1005223936,1930018816,119046144,2526117888
2026-07-09T05:28:42.563072,17006837760,16354770944,652066816,3.8,13850492928,1005223936,1930018816,119046144,2526117888
2026-07-09T05:28:43.563458,17006837760,16355475456,651362304,3.8,13851197440,1005223936,1930018816,119046144,2526117888
2026-07-09T05:28:44.563824,17006837760,16355475456,651362304,3.8,13851197440,1005223936,1930018816,119046144,2526117888
2026-07-09T05:28:45.564169,17006837760,16355475456,651362304,3.8,13851197440,1005223936,1930018816,119046144,2526117888
2026-07-09T05:28:46.564507,17006837760,16355475456,651362304,3.8,13851197440,1005223936,1930018816,119046144,2526117888
2026-07-09T05:28:47.564809,17006837760,16354738176,652099584,3.8,13850460160,1005223936,1930018816,119046144,2526117888
2026-07-09T05:28:48.565093,17006837760,16354738176,652099584,3.8,13850460160,1005223936,1930018816,119046144,2526117888
2026-07-09T05:28:49.565399,17006837760,16353771520,653066240,3.8,13849493504,1005223936,1930018816,119046144,2526117888
2026-07-09T05:28:50.565681,17006837760,16353525760,653312000,3.8,13849247744,1005223936,1930018816,119046144,2526117888
2026-07-09T05:28:51.565962,17006837760,16353755136,653082624,3.8,13849477120,1005223936,1930018816,119046144,2526117888
2026-07-09T05:28:52.566303,17006837760,16354230272,652607488,3.8,13849952256,1005223936,1930018816,119046144,2526117888
2026-07-09T05:28:53.566667,17006837760,16354459648,652378112,3.8,13850181632,1005223936,1930018816,119046144,2526117888
2026-07-09T05:28:54.567032,17006837760,16354197504,652640256,3.8,13849919488,1005223936,1930018816,119046144,2526134272
2026-07-09T05:28:55.567376,17006837760,16354197504,652640256,3.8,13849919488,1005223936,1930018816,119046144,2526134272
2026-07-09T05:28:56.567721,17006837760,16354197504,652640256,3.8,13849919488,1005322240,1930018816,119046144,2526134272
2026-07-09T05:28:57.568082,17006837760,16354197504,652640256,3.8,13849919488,1005322240,1930018816,119046144,2526134272
2026-07-09T05:28:58.568427,17006837760,16352968704,653869056,3.8,13848690688,1005322240,1930018816,119046144,2526134272
2026-07-09T05:28:59.568763,17006837760,16352935936,653901824,3.8,13848657920,1005322240,1930018816,119046144,2526134272
2026-07-09T05:29:00.569154,17006837760,16344580096,662257664,3.9,13840302080,1005322240,1930018816,119046144,2526134272
2026-07-09T05:29:01.569516,17006837760,16345055232,661782528,3.9,13840777216,1005322240,1930018816,119046144,2526134272
2026-07-09T05:29:02.569885,17006837760,16346841088,659996672,3.9,13842563072,1005322240,1930018816,119046144,2526134272
2026-07-09T05:29:03.573512,17006837760,16347152384,659685376,3.9,13842874368,1005322240,1930018816,119046144,2526134272
2026-07-09T05:29:04.573843,17006837760,16347856896,658980864,3.9,13843578880,1005322240,1930018816,119046144,2526134272
2026-07-09T05:29:05.574127,17006837760,16347889664,658948096,3.9,13843611648,1005322240,1930018816,119046144,2526134272
2026-07-09T05:29:06.574410,17006837760,16348495872,658341888,3.9,13844217856,1005322240,1930018816,119046144,2526134272
2026-07-09T05:29:07.575611,17006837760,16348053504,658784256,3.9,13843775488,1005322240,1930018816,119046144,2526134272
2026-07-09T05:29:08.575940,17006837760,16348725248,658112512,3.9,13844447232,1005322240,1930018816,119046144,2526134272
2026-07-09T05:29:09.576261,17006837760,16347840512,658997248,3.9,13843562496,1005322240,1930018816,119046144,2526134272
2026-07-09T05:29:10.576562,17006837760,16348512256,658325504,3.9,13844234240,1005322240,1930018816,119046144,2526134272
2026-07-09T05:29:11.576846,17006837760,16349052928,657784832,3.9,13844774912,1005322240,1930018816,119046144,2526134272
2026-07-09T05:29:12.577128,17006837760,16350265344,656572416,3.9,13845987328,1005322240,1930018816,119046144,2526134272
2026-07-09T05:29:13.577406,17006837760,16349773824,657063936,3.9,13845495808,1005322240,1930018816,119046144,2526134272
2026-07-09T05:29:14.577689,17006837760,16350740480,656097280,3.9,13846462464,1005322240,1930018816,119046144,2526134272
2026-07-09T05:29:15.578010,17006837760,16351248384,655589376,3.9,13846970368,1005322240,1930018816,119046144,2526134272
2026-07-09T05:29:16.578350,17006837760,16351510528,655327232,3.9,13847232512,1005322240,1930018816,119046144,2526134272
2026-07-09T05:29:17.578765,17006837760,16351019008,655818752,3.9,13846740992,1005322240,1930018816,119046144,2526150656
2026-07-09T05:29:18.580623,17006837760,16351510528,655327232,3.9,13847232512,1005322240,1930018816,119046144,2526150656
2026-07-09T05:29:19.580967,17006837760,16351821824,655015936,3.9,13847543808,1005322240,1930018816,119046144,2526150656
2026-07-09T05:29:20.581254,17006837760,16351969280,654868480,3.9,13847691264,1005322240,1930018816,119046144,2526150656
2026-07-09T05:29:21.581535,17006837760,16352690176,654147584,3.8,13848412160,1005322240,1930018816,119046144,2526150656
2026-07-09T05:29:22.581816,17006837760,16352690176,654147584,3.8,13848412160,1005322240,1930018816,119046144,2526150656
2026-07-09T05:29:23.582096,17006837760,16352215040,654622720,3.8,13847937024,1005322240,1930018816,119046144,2526150656
2026-07-09T05:29:24.582379,17006837760,16352952320,653885440,3.8,13848674304,1005322240,1930018816,119046144,2526150656
2026-07-09T05:29:25.582661,17006837760,16353361920,653475840,3.8,13849083904,1005322240,1930018816,119046144,2526150656
2026-07-09T05:29:26.582945,17006837760,16353853440,652984320,3.8,13849575424,1005322240,1930018816,119046144,2526150656
2026-07-09T05:29:27.583294,17006837760,16353853440,652984320,3.8,13849575424,1005322240,1930018816,119046144,2526150656
2026-07-09T05:29:28.583648,17006837760,16353361920,653475840,3.8,13849083904,1005322240,1930018816,119046144,2526150656
2026-07-09T05:29:29.584067,17006837760,16353918976,652918784,3.8,13849640960,1005322240,1930018816,119046144,2526150656
2026-07-09T05:29:30.584434,17006837760,16354148352,652689408,3.8,13849870336,1005322240,1930018816,119046144,2526150656
2026-07-09T05:29:31.584744,17006837760,16354951168,651886592,3.8,13850673152,1005322240,1930018816,119046144,2526150656
2026-07-09T05:29:32.585026,17006837760,16354705408,652132352,3.8,13850427392,1005322240,1930018816,119046144,2526150656
2026-07-09T05:29:33.585313,17006837760,16355098624,651739136,3.8,13850820608,1005322240,1930018816,119046144,2526150656
2026-07-09T05:29:34.585588,17006837760,16354852864,651984896,3.8,13850574848,1005322240,1930018816,119046144,2526150656
2026-07-09T05:29:35.585875,17006837760,16355098624,651739136,3.8,13850820608,1005322240,1930018816,119046144,2526150656
2026-07-09T05:29:36.586156,17006837760,16355098624,651739136,3.8,13850820608,1005322240,1930018816,119046144,2526150656
2026-07-09T05:29:37.586439,17006837760,16355016704,651821056,3.8,13850738688,1005322240,1930018816,119046144,2526150656
2026-07-09T05:29:38.586722,17006837760,16354525184,652312576,3.8,13850247168,1005322240,1930018816,119046144,2526167040
2026-07-09T05:29:39.587003,17006837760,16354279424,652558336,3.8,13850001408,1005322240,1930018816,119046144,2526167040
2026-07-09T05:29:40.587286,17006837760,16354017280,652820480,3.8,13849739264,1005322240,1930018816,119046144,2526167040
2026-07-09T05:29:41.587628,17006837760,16353771520,653066240,3.8,13849493504,1005322240,1930018816,119046144,2526167040
2026-07-09T05:29:42.587993,17006837760,16354508800,652328960,3.8,13850230784,1005322240,1930018816,119046144,2526167040
2026-07-09T05:29:43.588344,17006837760,16354656256,652181504,3.8,13850378240,1005322240,1930018816,119046144,2526167040
2026-07-09T05:29:44.588699,17006837760,16354656256,652181504,3.8,13850378240,1005322240,1930018816,119046144,2526167040
2026-07-09T05:29:45.589064,17006837760,16355033088,651804672,3.8,13850755072,1005322240,1930018816,119046144,2526167040
2026-07-09T05:29:46.589412,17006837760,16354279424,652558336,3.8,13850001408,1005322240,1930018816,119046144,2526167040
2026-07-09T05:29:47.589760,17006837760,16353787904,653049856,3.8,13849509888,1005322240,1930018816,119046144,2526167040
2026-07-09T05:29:48.590101,17006837760,16353787904,653049856,3.8,13849509888,1005322240,1930018816,119046144,2526167040
2026-07-09T05:29:49.590459,17006837760,16353787904,653049856,3.8,13849509888,1005322240,1930018816,119046144,2526167040
2026-07-09T05:29:50.590820,17006837760,16352804864,654032896,3.8,13848526848,1005322240,1930018816,119046144,2526167040
2026-07-09T05:29:51.591163,17006837760,16353591296,653246464,3.8,13849313280,1005322240,1930018816,119046144,2526167040
2026-07-09T05:29:52.593493,17006837760,16353099776,653737984,3.8,13848821760,1005322240,1930018816,119046144,2526167040
2026-07-09T05:29:53.593820,17006837760,16353099776,653737984,3.8,13848821760,1005322240,1930018816,119046144,2526167040
2026-07-09T05:29:54.594098,17006837760,16353116160,653721600,3.8,13848838144,1005322240,1930018816,119046144,2526167040
2026-07-09T05:29:55.594379,17006837760,16353804288,653033472,3.8,13849526272,1005322240,1930018816,119046144,2526167040
2026-07-09T05:29:56.594659,17006837760,16352329728,654508032,3.8,13848051712,1005322240,1930018816,119046144,2526167040
2026-07-09T05:29:57.594937,17006837760,16352329728,654508032,3.8,13848051712,1005322240,1930018816,119046144,2526167040
2026-07-09T05:29:58.595258,17006837760,16351592448,655245312,3.9,13847314432,1005338624,1930018816,119046144,2526167040
2026-07-09T05:29:59.595593,17006837760,16349626368,657211392,3.9,13845348352,1005338624,1930018816,119046144,2526167040
2026-07-09T05:30:00.595930,17006837760,16349626368,657211392,3.9,13845348352,1005338624,1930018816,119046144,2526183424
2026-07-09T05:30:01.596390,17006837760,16351035392,655802368,3.9,13846757376,1005338624,1930018816,119046144,2526183424
2026-07-09T05:30:02.596724,17006837760,16350789632,656048128,3.9,13846511616,1005338624,1930018816,119046144,2526183424
2026-07-09T05:30:03.597007,17006837760,16350789632,656048128,3.9,13846511616,1005338624,1930018816,119046144,2526183424
2026-07-09T05:30:04.597295,17006837760,16351543296,655294464,3.9,13847265280,1005338624,1930018816,119046144,2526183424
2026-07-09T05:30:05.597567,17006837760,16352772096,654065664,3.8,13848494080,1005338624,1930018816,119046144,2526183424
2026-07-09T05:30:06.597867,17006837760,16352755712,654082048,3.8,13848477696,1005338624,1930018816,119046144,2526183424
2026-07-09T05:30:07.598202,17006837760,16352509952,654327808,3.8,13848231936,1005338624,1930018816,119046144,2526183424
2026-07-09T05:30:08.598535,17006837760,16353116160,653721600,3.8,13848821760,1005338624,1930035200,119046144,2526183424
2026-07-09T05:30:09.598865,17006837760,16353099776,653737984,3.8,13848805376,1005338624,1930035200,119046144,2526183424
2026-07-09T05:30:10.599191,17006837760,16352854016,653983744,3.8,13848559616,1005338624,1930035200,119046144,2526183424
2026-07-09T05:30:11.599567,17006837760,16353820672,653017088,3.8,13849526272,1005338624,1930035200,119046144,2526183424
2026-07-09T05:30:12.599917,17006837760,16354050048,652787712,3.8,13849755648,1005338624,1930035200,119046144,2526183424
2026-07-09T05:30:13.600271,17006837760,16353820672,653017088,3.8,13849526272,1005338624,1930035200,119046144,2526183424
2026-07-09T05:30:14.600605,17006837760,16354541568,652296192,3.8,13850247168,1005338624,1930035200,119046144,2526183424
2026-07-09T05:30:15.600998,17006837760,16354508800,652328960,3.8,13850214400,1005338624,1930035200,119046144,2526183424
2026-07-09T05:30:16.601437,17006837760,16354525184,652312576,3.8,13850230784,1005338624,1930035200,119046144,2526183424
2026-07-09T05:30:17.601719,17006837760,16353542144,653295616,3.8,13849247744,1005338624,1930035200,119046144,2526183424
2026-07-09T05:30:18.601991,17006837760,16353771520,653066240,3.8,13849477120,1005338624,1930035200,119046144,2526183424
2026-07-09T05:30:19.602265,17006837760,16354279424,652558336,3.8,13849985024,1005338624,1930035200,119046144,2526183424
2026-07-09T05:30:20.602540,17006837760,16354246656,652591104,3.8,13849952256,1005338624,1930035200,119046144,2526183424
2026-07-09T05:30:21.602987,17006837760,16354476032,652361728,3.8,13850181632,1005338624,1930035200,119046144,2526183424
2026-07-09T05:30:22.603576,17006837760,16353738752,653099008,3.8,13849444352,1005338624,1930035200,119046144,2526199808
2026-07-09T05:30:23.603971,17006837760,16354230272,652607488,3.8,13849935872,1005338624,1930035200,119046144,2526199808
2026-07-09T05:30:24.604289,17006837760,16354689024,652148736,3.8,13850394624,1005338624,1930035200,119046144,2526199808
2026-07-09T05:30:25.604574,17006837760,16354934784,651902976,3.8,13850640384,1005338624,1930035200,119046144,2526199808
2026-07-09T05:30:26.604879,17006837760,16354934784,651902976,3.8,13850640384,1005338624,1930035200,119046144,2526199808
2026-07-09T05:30:27.605265,17006837760,16350511104,656326656,3.9,13846216704,1005338624,1930035200,119046144,2526199808
2026-07-09T05:30:28.605617,17006837760,16350019584,656818176,3.9,13845725184,1005338624,1930035200,119046144,2526199808
2026-07-09T05:30:29.605957,17006837760,16350052352,656785408,3.9,13845741568,1005453312,1930051584,119046144,2526199808
2026-07-09T05:30:30.606305,17006837760,16350085120,656752640,3.9,13845774336,1005453312,1930051584,119046144,2526199808
2026-07-09T05:30:31.606649,17006837760,16350445568,656392192,3.9,13846134784,1005453312,1930051584,119046144,2526199808
2026-07-09T05:30:32.606988,17006837760,16350691328,656146432,3.9,13846380544,1005453312,1930051584,119046144,2526199808
2026-07-09T05:30:33.607330,17006837760,16345563136,661274624,3.9,13841252352,1005453312,1930051584,119046144,2526199808
2026-07-09T05:30:34.607663,17006837760,16344104960,662732800,3.9,13839794176,1005453312,1930051584,119046144,2526199808
2026-07-09T05:30:35.608025,17006837760,16344367104,662470656,3.9,13840056320,1005453312,1930051584,119046144,2526199808
2026-07-09T05:30:36.608371,17006837760,16344612864,662224896,3.9,13840302080,1005453312,1930051584,119046144,2526199808
2026-07-09T05:30:37.608759,17006837760,16345268224,661569536,3.9,13840957440,1005453312,1930051584,119046144,2526199808
2026-07-09T05:30:38.609103,17006837760,16345268224,661569536,3.9,13840957440,1005453312,1930051584,119046144,2526199808
2026-07-09T05:30:39.609445,17006837760,16347676672,659161088,3.9,13843365888,1005453312,1930051584,119046144,2526199808
2026-07-09T05:30:40.609783,17006837760,16348348416,658489344,3.9,13844037632,1005453312,1930051584,119046144,2526199808
2026-07-09T05:30:41.610238,17006837760,16348512256,658325504,3.9,13844201472,1005453312,1930051584,119046144,2526199808
2026-07-09T05:30:42.610639,17006837760,16348512256,658325504,3.9,13844201472,1005453312,1930051584,119046144,2526199808
2026-07-09T05:30:43.610986,17006837760,16350248960,656588800,3.9,13845938176,1005453312,1930051584,119046144,2526199808
2026-07-09T05:30:44.611337,17006837760,16350740480,656097280,3.9,13846429696,1005584384,1930051584,119046144,2526199808
2026-07-09T05:30:45.611775,17006837760,16350248960,656588800,3.9,13845938176,1005584384,1930051584,119046144,2526216192
2026-07-09T05:30:46.612153,17006837760,16349511680,657326080,3.9,13845200896,1005584384,1930051584,119046144,2526216192
2026-07-09T05:30:47.612522,17006837760,16350412800,656424960,3.9,13846102016,1005584384,1930051584,119046144,2526216192
2026-07-09T05:30:48.612852,17006837760,16350412800,656424960,3.9,13846102016,1005584384,1930051584,119046144,2526216192
2026-07-09T05:30:49.613161,17006837760,16350904320,655933440,3.9,13846593536,1005584384,1930051584,119046144,2526216192
2026-07-09T05:30:50.613483,17006837760,16351395840,655441920,3.9,13847085056,1005584384,1930051584,119046144,2526216192
2026-07-09T05:30:51.613821,17006837760,16352149504,654688256,3.8,13847838720,1005584384,1930051584,119046144,2526216192
2026-07-09T05:30:52.614156,17006837760,16350920704,655917056,3.9,13846609920,1005584384,1930051584,119046144,2526216192
2026-07-09T05:30:53.614458,17006837760,16351870976,654966784,3.9,13847560192,1005584384,1930051584,119046144,2526216192
2026-07-09T05:30:54.614745,17006837760,16352116736,654721024,3.8,13847805952,1005584384,1930051584,119046144,2526216192
2026-07-09T05:30:55.615029,17006837760,16352837632,654000128,3.8,13848526848,1005584384,1930051584,119046144,2526216192
2026-07-09T05:30:56.615310,17006837760,16352837632,654000128,3.8,13848526848,1005584384,1930051584,119046144,2526216192
2026-07-09T05:30:57.615591,17006837760,16351363072,655474688,3.9,13847052288,1005584384,1930051584,119046144,2526216192
2026-07-09T05:30:58.615915,17006837760,16351346688,655491072,3.9,13847035904,1005584384,1930051584,119046144,2526216192
2026-07-09T05:30:59.616308,17006837760,16351330304,655507456,3.9,13847019520,1005584384,1930051584,119046144,2526216192
2026-07-09T05:31:00.616709,17006837760,16350855168,655982592,3.9,13846528000,1005928448,1930067968,119046144,2526216192
2026-07-09T05:31:01.617070,17006837760,16351100928,655736832,3.9,13846773760,1005928448,1930067968,119046144,2526216192
2026-07-09T05:31:02.617426,17006837760,16351838208,654999552,3.9,13847511040,1005928448,1930067968,119046144,2526216192
2026-07-09T05:31:03.617839,17006837760,16352329728,654508032,3.8,13848002560,1005928448,1930067968,119046144,2526216192
2026-07-09T05:31:04.618182,17006837760,16351100928,655736832,3.9,13846773760,1005928448,1930067968,119046144,2526216192
2026-07-09T05:31:05.618465,17006837760,16351576064,655261696,3.9,13847248896,1005928448,1930067968,119046144,2526216192
2026-07-09T05:31:06.618747,17006837760,16351821824,655015936,3.9,13847494656,1005928448,1930067968,119046144,2526232576
2026-07-09T05:31:07.619028,17006837760,16351313920,655523840,3.9,13846986752,1005928448,1930067968,119046144,2526232576
2026-07-09T05:31:08.619307,17006837760,16351870976,654966784,3.9,13847543808,1005928448,1930067968,119046144,2526232576
2026-07-09T05:31:09.619685,17006837760,16351903744,654934016,3.9,13847576576,1005928448,1930067968,119046144,2526232576
2026-07-09T05:31:10.620040,17006837760,16351166464,655671296,3.9,13846839296,1005928448,1930067968,119046144,2526232576
2026-07-09T05:31:11.620527,17006837760,16351903744,654934016,3.9,13847576576,1005928448,1930067968,119046144,2526232576
2026-07-09T05:31:12.620909,17006837760,16353116160,653721600,3.8,13848788992,1005928448,1930067968,119046144,2526232576
2026-07-09T05:31:13.621314,17006837760,16353656832,653180928,3.8,13849329664,1005928448,1930067968,119046144,2526232576
2026-07-09T05:31:14.621955,17006837760,16354148352,652689408,3.8,13849821184,1005928448,1930067968,119046144,2526232576
2026-07-09T05:31:15.622481,17006837760,16354312192,652525568,3.8,13849985024,1005928448,1930067968,119046144,2526232576
2026-07-09T05:31:16.622769,17006837760,16352837632,654000128,3.8,13848510464,1005928448,1930067968,119046144,2526232576
2026-07-09T05:31:17.623052,17006837760,16352591872,654245888,3.8,13848264704,1005928448,1930067968,119046144,2526232576
2026-07-09T05:31:18.623328,17006837760,16353329152,653508608,3.8,13849001984,1005928448,1930067968,119046144,2526232576
2026-07-09T05:31:19.623650,17006837760,16353411072,653426688,3.8,13849083904,1005928448,1930067968,119046144,2526232576
2026-07-09T05:31:20.624040,17006837760,16353411072,653426688,3.8,13849083904,1005928448,1930067968,119046144,2526232576
2026-07-09T05:31:21.624433,17006837760,16353411072,653426688,3.8,13849083904,1005928448,1930067968,119046144,2526232576
2026-07-09T05:31:22.624886,17006837760,16353411072,653426688,3.8,13849083904,1005928448,1930067968,119046144,2526232576
2026-07-09T05:31:23.625182,17006837760,16352903168,653934592,3.8,13848576000,1005928448,1930067968,119046144,2526232576
2026-07-09T05:31:24.625483,17006837760,16352673792,654163968,3.8,13848346624,1005928448,1930067968,119046144,2526232576
2026-07-09T05:31:25.625766,17006837760,16353148928,653688832,3.8,13848821760,1005928448,1930067968,119046144,2526232576
2026-07-09T05:31:26.626123,17006837760,16344547328,662290432,3.9,13840220160,1005928448,1930067968,119046144,2526232576
2026-07-09T05:31:27.626502,17006837760,16345038848,661798912,3.9,13840711680,1005928448,1930067968,119046144,2526232576
2026-07-09T05:31:28.626926,17006837760,16344547328,662290432,3.9,13840220160,1005928448,1930067968,119046144,2526248960
2026-07-09T05:31:29.627543,17006837760,16344563712,662274048,3.9,13840236544,1005928448,1930067968,119046144,2526248960
2026-07-09T05:31:30.627922,17006837760,16346038272,660799488,3.9,13841711104,1006075904,1930067968,119046144,2526248960
2026-07-09T05:31:31.628202,17006837760,16346693632,660144128,3.9,13842366464,1006075904,1930067968,119046144,2526248960
2026-07-09T05:31:32.628481,17006837760,16348086272,658751488,3.9,13843759104,1006075904,1930067968,119046144,2526248960
2026-07-09T05:31:33.628761,17006837760,16347955200,658882560,3.9,13843628032,1006075904,1930067968,119046144,2526248960
2026-07-09T05:31:34.629032,17006837760,16347217920,659619840,3.9,13842890752,1006075904,1930067968,119046144,2526248960
2026-07-09T05:31:35.629362,17006837760,16349331456,657506304,3.9,13845004288,1006075904,1930067968,119046144,2526248960
2026-07-09T05:31:36.629695,17006837760,16349331456,657506304,3.9,13845004288,1006075904,1930067968,119046144,2526248960
2026-07-09T05:31:37.630008,17006837760,16348266496,658571264,3.9,13843939328,1006075904,1930067968,119046144,2526248960
2026-07-09T05:31:38.630341,17006837760,16348856320,657981440,3.9,13844529152,1006075904,1930067968,119046144,2526248960
2026-07-09T05:31:39.630673,17006837760,16348610560,658227200,3.9,13844283392,1006075904,1930067968,119046144,2526248960
2026-07-09T05:31:40.631007,17006837760,16347152384,659685376,3.9,13842825216,1006075904,1930067968,119046144,2526248960
2026-07-09T05:31:41.631336,17006837760,16346660864,660176896,3.9,13842333696,1006075904,1930067968,119046144,2526248960
2026-07-09T05:31:42.631668,17006837760,16346873856,659963904,3.9,13842546688,1006075904,1930067968,119046144,2526248960
2026-07-09T05:31:43.631997,17006837760,16347348992,659488768,3.9,13843021824,1006075904,1930067968,119046144,2526248960
2026-07-09T05:31:44.632326,17006837760,16347578368,659259392,3.9,13843251200,1006075904,1930067968,119046144,2526248960
2026-07-09T05:31:45.632751,17006837760,16347791360,659046400,3.9,13843464192,1006075904,1930067968,119046144,2526248960
2026-07-09T05:31:46.633171,17006837760,16348938240,657899520,3.9,13844611072,1006075904,1930067968,119046144,2526248960
2026-07-09T05:31:47.633603,17006837760,16347955200,658882560,3.9,13843628032,1006075904,1930067968,119046144,2526248960
2026-07-09T05:31:48.634034,17006837760,16347955200,658882560,3.9,13843628032,1006075904,1930067968,119046144,2526248960
2026-07-09T05:31:49.634463,17006837760,16348332032,658505728,3.9,13844004864,1006075904,1930067968,119046144,2526248960
2026-07-09T05:31:50.634934,17006837760,16349298688,657539072,3.9,13844971520,1006075904,1930067968,119046144,2526248960
2026-07-09T05:31:51.635289,17006837760,16349282304,657555456,3.9,13844955136,1006075904,1930067968,119046144,2526265344
2026-07-09T05:31:52.635734,17006837760,16345759744,661078016,3.9,13841432576,1006075904,1930067968,119046144,2526265344
2026-07-09T05:31:53.636332,17006837760,16344825856,662011904,3.9,13840498688,1006075904,1930067968,119046144,2526265344
2026-07-09T05:31:54.636676,17006837760,16344973312,661864448,3.9,13840646144,1006075904,1930067968,119046144,2526265344
2026-07-09T05:31:55.636957,17006837760,16345759744,661078016,3.9,13841432576,1006075904,1930067968,119046144,2526265344
2026-07-09T05:31:56.637233,17006837760,16346513408,660324352,3.9,13842186240,1006157824,1930067968,119046144,2526265344
2026-07-09T05:31:57.637576,17006837760,16347070464,659767296,3.9,13842743296,1006157824,1930067968,119046144,2526265344
2026-07-09T05:31:58.641010,17006837760,16346333184,660504576,3.9,13842006016,1006157824,1930067968,119046144,2526265344
2026-07-09T05:31:59.641341,17006837760,16346497024,660340736,3.9,13842169856,1006157824,1930067968,119046144,2526265344
2026-07-09T05:32:00.641618,17006837760,16343908352,662929408,3.9,13839581184,1006157824,1930067968,119046144,2526265344
2026-07-09T05:32:01.641960,17006837760,16343908352,662929408,3.9,13839581184,1006157824,1930067968,119046144,2526265344
2026-07-09T05:32:02.642315,17006837760,16345612288,661225472,3.9,13841285120,1006157824,1930067968,119046144,2526265344
2026-07-09T05:32:03.642604,17006837760,16345890816,660946944,3.9,13841563648,1006157824,1930067968,119046144,2526265344
2026-07-09T05:32:04.642915,17006837760,16344940544,661897216,3.9,13840613376,1006157824,1930067968,119046144,2526265344
2026-07-09T05:32:05.643235,17006837760,16345137152,661700608,3.9,13840809984,1006157824,1930067968,119046144,2526265344
2026-07-09T05:32:06.643617,17006837760,16346071040,660766720,3.9,13841743872,1006157824,1930067968,119046144,2526265344
2026-07-09T05:32:07.645537,17006837760,16344317952,662519808,3.9,13839990784,1006157824,1930067968,119046144,2526265344
2026-07-09T05:32:08.645994,17006837760,16345284608,661553152,3.9,13840957440,1006157824,1930067968,119046144,2526265344
2026-07-09T05:32:09.646267,17006837760,16344072192,662765568,3.9,13839745024,1006157824,1930067968,119046144,2526265344
2026-07-09T05:32:10.646538,17006837760,16343515136,663322624,3.9,13839187968,1006157824,1930067968,119046144,2526265344
2026-07-09T05:32:11.646829,17006837760,16344186880,662650880,3.9,13839859712,1006157824,1930067968,119046144,2526265344
2026-07-09T05:32:12.647130,17006837760,16345088000,661749760,3.9,13840760832,1006157824,1930067968,119046144,2526265344
2026-07-09T05:32:13.647483,17006837760,16346136576,660701184,3.9,13841809408,1006157824,1930067968,119046144,2526281728
2026-07-09T05:32:14.648443,17006837760,16347119616,659718144,3.9,13842792448,1006157824,1930067968,119046144,2526281728
2026-07-09T05:32:15.648770,17006837760,16347742208,659095552,3.9,13843415040,1006157824,1930067968,119046144,2526281728
2026-07-09T05:32:16.649075,17006837760,16347807744,659030016,3.9,13843480576,1006157824,1930067968,119046144,2526281728
2026-07-09T05:32:17.649375,17006837760,16347561984,659275776,3.9,13843234816,1006157824,1930067968,119046144,2526281728
2026-07-09T05:32:18.649649,17006837760,16347971584,658866176,3.9,13843644416,1006157824,1930067968,119046144,2526281728
2026-07-09T05:32:19.649975,17006837760,16348495872,658341888,3.9,13844168704,1006157824,1930067968,119046144,2526281728
2026-07-09T05:32:20.650306,17006837760,16348250112,658587648,3.9,13843922944,1006157824,1930067968,119046144,2526281728
2026-07-09T05:32:21.650638,17006837760,16349233152,657604608,3.9,13844905984,1006157824,1930067968,119046144,2526281728
2026-07-09T05:32:22.650966,17006837760,16349544448,657293312,3.9,13845217280,1006157824,1930067968,119046144,2526281728
2026-07-09T05:32:23.651299,17006837760,16349790208,657047552,3.9,13845463040,1006157824,1930067968,119046144,2526281728
2026-07-09T05:32:24.653345,17006837760,16349790208,657047552,3.9,13845463040,1006157824,1930067968,119046144,2526281728
2026-07-09T05:32:25.653644,17006837760,16350347264,656490496,3.9,13846020096,1006157824,1930067968,119046144,2526281728
2026-07-09T05:32:26.653921,17006837760,16350593024,656244736,3.9,13846265856,1006157824,1930067968,119046144,2526281728
2026-07-09T05:32:27.654198,17006837760,16350593024,656244736,3.9,13846265856,1006157824,1930067968,119046144,2526281728
2026-07-09T05:32:28.654477,17006837760,16350593024,656244736,3.9,13846265856,1006157824,1930067968,119046144,2526281728
2026-07-09T05:32:29.654805,17006837760,16351035392,655802368,3.9,13846708224,1006157824,1930067968,119046144,2526281728
2026-07-09T05:32:30.655184,17006837760,16351264768,655572992,3.9,13846937600,1006157824,1930067968,119046144,2526281728
2026-07-09T05:32:31.655567,17006837760,16352034816,654802944,3.9,13847707648,1006174208,1930067968,119046144,2526281728
2026-07-09T05:32:32.655979,17006837760,16352034816,654802944,3.9,13847707648,1006174208,1930067968,119046144,2526281728
2026-07-09T05:32:33.656397,17006837760,16351543296,655294464,3.9,13847216128,1006174208,1930067968,119046144,2526281728
2026-07-09T05:32:34.656741,17006837760,16351313920,655523840,3.9,13846986752,1006174208,1930067968,119046144,2526298112
2026-07-09T05:32:35.657128,17006837760,16350576640,656261120,3.9,13846249472,1006174208,1930067968,119046144,2526298112
2026-07-09T05:32:36.657568,17006837760,16351215616,655622144,3.9,13846888448,1006174208,1930067968,119046144,2526298112
2026-07-09T05:32:37.657903,17006837760,16344580096,662257664,3.9,13840252928,1006174208,1930067968,119046144,2526298112
2026-07-09T05:32:38.658244,17006837760,16344858624,661979136,3.9,13840531456,1006174208,1930067968,119046144,2526298112
2026-07-09T05:32:39.658593,17006837760,16345350144,661487616,3.9,13841022976,1006174208,1930067968,119046144,2526298112
2026-07-09T05:32:40.658937,17006837760,16345333760,661504000,3.9,13841006592,1006174208,1930067968,119046144,2526298112
2026-07-09T05:32:41.659280,17006837760,16347070464,659767296,3.9,13842743296,1006174208,1930067968,119046144,2526298112
2026-07-09T05:32:42.659596,17006837760,16346939392,659898368,3.9,13842612224,1006174208,1930067968,119046144,2526298112
2026-07-09T05:32:43.659875,17006837760,16347037696,659800064,3.9,13842710528,1006174208,1930067968,119046144,2526298112
2026-07-09T05:32:44.660153,17006837760,16349249536,657588224,3.9,13844922368,1006174208,1930067968,119046144,2526298112
2026-07-09T05:32:45.660453,17006837760,16349249536,657588224,3.9,13844922368,1006174208,1930067968,119046144,2526298112
2026-07-09T05:32:46.660884,17006837760,16348545024,658292736,3.9,13844217856,1006174208,1930067968,119046144,2526298112
2026-07-09T05:32:47.661287,17006837760,16349036544,657801216,3.9,13844709376,1006174208,1930067968,119046144,2526298112
2026-07-09T05:32:48.661862,17006837760,16349200384,657637376,3.9,13844873216,1006174208,1930067968,119046144,2526298112
2026-07-09T05:32:49.662188,17006837760,16350150656,656687104,3.9,13845823488,1006174208,1930067968,119046144,2526298112
2026-07-09T05:32:50.662489,17006837760,16350478336,656359424,3.9,13846151168,1006174208,1930067968,119046144,2526298112
2026-07-09T05:32:51.662784,17006837760,16350822400,656015360,3.9,13846495232,1006174208,1930067968,119046144,2526298112
2026-07-09T05:32:52.663103,17006837760,16350969856,655867904,3.9,13846642688,1006174208,1930067968,119046144,2526298112
2026-07-09T05:32:53.663488,17006837760,16350969856,655867904,3.9,13846642688,1006174208,1930067968,119046144,2526298112
2026-07-09T05:32:54.663837,17006837760,16351821824,655015936,3.9,13847494656,1006174208,1930067968,119046144,2526298112
2026-07-09T05:32:55.664184,17006837760,16352542720,654295040,3.8,13848215552,1006174208,1930067968,119046144,2526298112
2026-07-09T05:32:56.664558,17006837760,16352296960,654540800,3.8,13847969792,1006174208,1930067968,119046144,2526314496
2026-07-09T05:32:57.664892,17006837760,16352051200,654786560,3.9,13847724032,1006174208,1930067968,119046144,2526314496
2026-07-09T05:32:58.665263,17006837760,16351313920,655523840,3.9,13846986752,1006174208,1930067968,119046144,2526314496
2026-07-09T05:32:59.665621,17006837760,16349822976,657014784,3.9,13845495808,1006174208,1930067968,119046144,2526314496
2026-07-09T05:33:00.666013,17006837760,16350380032,656457728,3.9,13846052864,1006174208,1930067968,119046144,2526314496
2026-07-09T05:33:01.666358,17006837760,16350625792,656211968,3.9,13846298624,1006174208,1930067968,119046144,2526314496
2026-07-09T05:33:02.666709,17006837760,16350904320,655933440,3.9,13846544384,1006223360,1930100736,119046144,2526314496
2026-07-09T05:33:03.667063,17006837760,16351133696,655704064,3.9,13846773760,1006223360,1930100736,119046144,2526314496
2026-07-09T05:33:04.667429,17006837760,16350724096,656113664,3.9,13846364160,1006223360,1930100736,119046144,2526314496
2026-07-09T05:33:05.667782,17006837760,16351674368,655163392,3.9,13847314432,1006223360,1930100736,119046144,2526314496
2026-07-09T05:33:06.668068,17006837760,16351920128,654917632,3.9,13847560192,1006223360,1930100736,119046144,2526314496
2026-07-09T05:33:07.668348,17006837760,16348774400,658063360,3.9,13844381696,1006288896,1930133504,119046144,2526314496
2026-07-09T05:33:08.668628,17006837760,16349511680,657326080,3.9,13845118976,1006288896,1930133504,119046144,2526314496
2026-07-09T05:33:09.668974,17006837760,16350003200,656834560,3.9,13845610496,1006288896,1930133504,119046144,2526314496
2026-07-09T05:33:10.669549,17006837760,16349511680,657326080,3.9,13845118976,1006288896,1930133504,119046144,2526314496
2026-07-09T05:33:11.669987,17006837760,16350117888,656719872,3.9,13845725184,1006288896,1930133504,119046144,2526314496
2026-07-09T05:33:12.670581,17006837760,16350363648,656474112,3.9,13845970944,1006288896,1930133504,119046144,2526314496
2026-07-09T05:33:13.670942,17006837760,16351281152,655556608,3.9,13846888448,1006288896,1930133504,119046144,2526314496
2026-07-09T05:33:14.671222,17006837760,16351510528,655327232,3.9,13847117824,1006288896,1930133504,119046144,2526314496
2026-07-09T05:33:15.671548,17006837760,16351969280,654868480,3.9,13847576576,1006288896,1930133504,119046144,2526314496
2026-07-09T05:33:16.671907,17006837760,16351870976,654966784,3.9,13847478272,1006288896,1930133504,119046144,2526314496
2026-07-09T05:33:17.672254,17006837760,16351641600,655196160,3.9,13847248896,1006288896,1930133504,119046144,2526314496
2026-07-09T05:33:18.672600,17006837760,16350347264,656490496,3.9,13845954560,1006288896,1930133504,119046144,2526314496
2026-07-09T05:33:19.673057,17006837760,16350183424,656654336,3.9,13845790720,1006288896,1930133504,119046144,2526330880
2026-07-09T05:33:20.673483,17006837760,16350642176,656195584,3.9,13846249472,1006288896,1930133504,119046144,2526330880
2026-07-09T05:33:21.673874,17006837760,16350887936,655949824,3.9,13846495232,1006288896,1930133504,119046144,2526330880
2026-07-09T05:33:22.674323,17006837760,16350380032,656457728,3.9,13845987328,1006288896,1930133504,119046144,2526330880
2026-07-09T05:33:23.674843,17006837760,16350134272,656703488,3.9,13845741568,1006288896,1930133504,119046144,2526330880
2026-07-09T05:33:24.675400,17006837760,16342401024,664436736,3.9,13838008320,1006288896,1930133504,119046144,2526330880
2026-07-09T05:33:25.675917,17006837760,16342974464,663863296,3.9,13838581760,1006288896,1930133504,119046144,2526330880
2026-07-09T05:33:26.676346,17006837760,16344186880,662650880,3.9,13839794176,1006288896,1930133504,119046144,2526330880
2026-07-09T05:33:27.676684,17006837760,16344727552,662110208,3.9,13840334848,1006288896,1930133504,119046144,2526330880
2026-07-09T05:33:28.676961,17006837760,16343646208,663191552,3.9,13839253504,1006288896,1930133504,119046144,2526330880
2026-07-09T05:33:29.677248,17006837760,16345038848,661798912,3.9,13840646144,1006288896,1930133504,119046144,2526330880
2026-07-09T05:33:30.677583,17006837760,16345612288,661225472,3.9,13841219584,1006288896,1930133504,119046144,2526330880
2026-07-09T05:33:31.677944,17006837760,16346103808,660733952,3.9,13841711104,1006288896,1930133504,119046144,2526330880
2026-07-09T05:33:32.678291,17006837760,16346562560,660275200,3.9,13842169856,1006288896,1930133504,119046144,2526330880
2026-07-09T05:33:33.678711,17006837760,16346578944,660258816,3.9,13842169856,1006288896,1930149888,119046144,2526330880
2026-07-09T05:33:34.679056,17006837760,16346120192,660717568,3.9,13841711104,1006288896,1930149888,119046144,2526330880
2026-07-09T05:33:35.679402,17006837760,16347136000,659701760,3.9,13842726912,1006288896,1930149888,119046144,2526330880
2026-07-09T05:33:36.679737,17006837760,16347365376,659472384,3.9,13842956288,1006288896,1930149888,119046144,2526330880
2026-07-09T05:33:37.680097,17006837760,16347742208,659095552,3.9,13843333120,1006288896,1930149888,119046144,2526330880
2026-07-09T05:33:38.680464,17006837760,16348479488,658358272,3.9,13844070400,1006288896,1930149888,119046144,2526347264
2026-07-09T05:33:39.680795,17006837760,16349003776,657833984,3.9,13844594688,1006288896,1930149888,119046144,2526347264
2026-07-09T05:33:40.681133,17006837760,16349233152,657604608,3.9,13844824064,1006288896,1930149888,119046144,2526347264
2026-07-09T05:33:41.681595,17006837760,16350101504,656736256,3.9,13845692416,1006288896,1930149888,119046144,2526347264
2026-07-09T05:33:42.681943,17006837760,16350330880,656506880,3.9,13845921792,1006288896,1930149888,119046144,2526347264
2026-07-09T05:33:43.682332,17006837760,16349675520,657162240,3.9,13845250048,1006288896,1930166272,119046144,2526347264
2026-07-09T05:33:44.682644,17006837760,16349921280,656916480,3.9,13845495808,1006288896,1930166272,119046144,2526347264
2026-07-09T05:33:45.682999,17006837760,16350167040,656670720,3.9,13845741568,1006288896,1930166272,119046144,2526347264
2026-07-09T05:33:46.683352,17006837760,16350658560,656179200,3.9,13846233088,1006288896,1930166272,119046144,2526347264
2026-07-09T05:33:47.683633,17006837760,16350658560,656179200,3.9,13846233088,1006288896,1930166272,119046144,2526347264
2026-07-09T05:33:48.683971,17006837760,16350969856,655867904,3.9,13846544384,1006288896,1930166272,119046144,2526347264
2026-07-09T05:33:49.684277,17006837760,16352149504,654688256,3.8,13847724032,1006288896,1930166272,119046144,2526347264
2026-07-09T05:33:50.684561,17006837760,16352657408,654180352,3.8,13848231936,1006288896,1930166272,119046144,2526347264
2026-07-09T05:33:51.684842,17006837760,16352903168,653934592,3.8,13848477696,1006288896,1930166272,119046144,2526347264
2026-07-09T05:33:52.685120,17006837760,16352673792,654163968,3.8,13848248320,1006288896,1930166272,119046144,2526347264
2026-07-09T05:33:53.685453,17006837760,16352673792,654163968,3.8,13848248320,1006288896,1930166272,119046144,2526347264
2026-07-09T05:33:54.685765,17006837760,16352755712,654082048,3.8,13848330240,1006288896,1930166272,119046144,2526347264
2026-07-09T05:33:55.686115,17006837760,16353476608,653361152,3.8,13849051136,1006288896,1930166272,119046144,2526347264
2026-07-09T05:33:56.686470,17006837760,16353476608,653361152,3.8,13849051136,1006288896,1930166272,119046144,2526347264
2026-07-09T05:33:57.686818,17006837760,16353542144,653295616,3.8,13849116672,1006288896,1930166272,119046144,2526347264
2026-07-09T05:33:58.687172,17006837760,16350838784,655998976,3.9,13846413312,1006288896,1930166272,119046144,2526347264
2026-07-09T05:33:59.687541,17006837760,16348676096,658161664,3.9,13844250624,1006288896,1930166272,119046144,2526347264
2026-07-09T05:34:00.687922,17006837760,16348446720,658391040,3.9,13844021248,1006288896,1930166272,119046144,2526347264
2026-07-09T05:34:01.688364,17006837760,16349200384,657637376,3.9,13844774912,1006288896,1930166272,119046144,2526363648
2026-07-09T05:34:02.688709,17006837760,16347480064,659357696,3.9,13843054592,1006288896,1930166272,119046144,2526363648
2026-07-09T05:34:03.688992,17006837760,16347873280,658964480,3.9,13843447808,1006288896,1930166272,119046144,2526363648
2026-07-09T05:34:04.689283,17006837760,16348086272,658751488,3.9,13843660800,1006338048,1930166272,119046144,2526363648
2026-07-09T05:34:05.689625,17006837760,16348741632,658096128,3.9,13844316160,1006338048,1930166272,119046144,2526363648
2026-07-09T05:34:06.689987,17006837760,16350019584,656818176,3.9,13845594112,1006338048,1930166272,119046144,2526363648
2026-07-09T05:34:07.690338,17006837760,16350265344,656572416,3.9,13845839872,1006338048,1930166272,119046144,2526363648
2026-07-09T05:34:08.690688,17006837760,16350199808,656637952,3.9,13845774336,1006338048,1930166272,119046144,2526363648
2026-07-09T05:34:09.691050,17006837760,16350117888,656719872,3.9,13845692416,1006338048,1930166272,119046144,2526363648
2026-07-09T05:34:10.691413,17006837760,16349626368,657211392,3.9,13845200896,1006338048,1930166272,119046144,2526363648
2026-07-09T05:34:11.691761,17006837760,16349872128,656965632,3.9,13845446656,1006338048,1930166272,119046144,2526363648
2026-07-09T05:34:12.692110,17006837760,16350609408,656228352,3.9,13846183936,1006338048,1930166272,119046144,2526363648
2026-07-09T05:34:13.692448,17006837760,16351281152,655556608,3.9,13846855680,1006338048,1930166272,119046144,2526363648
2026-07-09T05:34:14.692779,17006837760,16351281152,655556608,3.9,13846855680,1006338048,1930166272,119046144,2526363648
2026-07-09T05:34:15.693121,17006837760,16351985664,654852096,3.9,13847560192,1006338048,1930166272,119046144,2526363648
2026-07-09T05:34:16.693468,17006837760,16352231424,654606336,3.8,13847805952,1006338048,1930166272,119046144,2526363648
2026-07-09T05:34:17.693794,17006837760,16351412224,655425536,3.9,13846986752,1006338048,1930166272,119046144,2526363648
2026-07-09T05:34:18.694090,17006837760,16351412224,655425536,3.9,13846986752,1006338048,1930166272,119046144,2526363648
2026-07-09T05:34:19.694367,17006837760,16352149504,654688256,3.8,13847724032,1006338048,1930166272,119046144,2526363648
2026-07-09T05:34:20.694644,17006837760,16351903744,654934016,3.9,13847478272,1006338048,1930166272,119046144,2526363648
2026-07-09T05:34:21.694920,17006837760,16352411648,654426112,3.8,13847986176,1006338048,1930166272,119046144,2526363648
2026-07-09T05:34:22.695196,17006837760,16351346688,655491072,3.9,13846921216,1006338048,1930166272,119046144,2526380032
2026-07-09T05:34:23.695527,17006837760,16351346688,655491072,3.9,13846921216,1006338048,1930166272,119046144,2526380032
2026-07-09T05:34:24.695898,17006837760,16351346688,655491072,3.9,13846921216,1006338048,1930166272,119046144,2526380032
2026-07-09T05:34:25.696245,17006837760,16351838208,654999552,3.9,13847412736,1006338048,1930166272,119046144,2526380032
2026-07-09T05:34:26.696570,17006837760,16352559104,654278656,3.8,13848133632,1006338048,1930166272,119046144,2526380032
2026-07-09T05:34:27.697009,17006837760,16352313344,654524416,3.8,13847887872,1006338048,1930166272,119046144,2526380032
2026-07-09T05:34:28.697366,17006837760,16352624640,654213120,3.8,13848199168,1006338048,1930166272,119046144,2526380032
2026-07-09T05:34:29.697644,17006837760,16352608256,654229504,3.8,13848182784,1006338048,1930166272,119046144,2526380032
2026-07-09T05:34:30.697922,17006837760,16352821248,654016512,3.8,13848395776,1006338048,1930166272,119046144,2526380032
2026-07-09T05:34:31.698203,17006837760,16352559104,654278656,3.8,13848133632,1006338048,1930166272,119046144,2526380032
2026-07-09T05:34:32.698579,17006837760,16352575488,654262272,3.8,13848150016,1006338048,1930166272,119046144,2526380032
2026-07-09T05:34:33.698921,17006837760,16352575488,654262272,3.8,13848150016,1006338048,1930166272,119046144,2526380032
2026-07-09T05:34:34.699183,17006837760,16352821248,654016512,3.8,13848395776,1006338048,1930166272,119046144,2526380032
2026-07-09T05:34:35.699541,17006837760,16352821248,654016512,3.8,13848395776,1006338048,1930166272,119046144,2526380032
2026-07-09T05:34:36.699897,17006837760,16353067008,653770752,3.8,13848641536,1006338048,1930166272,119046144,2526380032
2026-07-09T05:34:37.700175,17006837760,16352575488,654262272,3.8,13848150016,1006338048,1930166272,119046144,2526380032
2026-07-09T05:34:38.700498,17006837760,16352575488,654262272,3.8,13848150016,1006338048,1930166272,119046144,2526380032
2026-07-09T05:34:39.700878,17006837760,16352575488,654262272,3.8,13848150016,1006338048,1930166272,119046144,2526380032
2026-07-09T05:34:40.701357,17006837760,16352804864,654032896,3.8,13848379392,1006338048,1930166272,119046144,2526380032
2026-07-09T05:34:41.701631,17006837760,16352952320,653885440,3.8,13848526848,1006338048,1930166272,119046144,2526380032
2026-07-09T05:34:42.701905,17006837760,16353312768,653524992,3.8,13848887296,1006338048,1930166272,119046144,2526380032
2026-07-09T05:34:43.702199,17006837760,16353050624,653787136,3.8,13848625152,1006338048,1930166272,119046144,2526396416
2026-07-09T05:34:44.702493,17006837760,16353050624,653787136,3.8,13848625152,1006338048,1930166272,119046144,2526396416
2026-07-09T05:34:45.702853,17006837760,16353296384,653541376,3.8,13848870912,1006338048,1930166272,119046144,2526396416
2026-07-09T05:34:46.703209,17006837760,16351576064,655261696,3.9,13847150592,1006338048,1930166272,119046144,2526396416
2026-07-09T05:34:47.703562,17006837760,16351084544,655753216,3.9,13846659072,1006338048,1930166272,119046144,2526396416
2026-07-09T05:34:48.703864,17006837760,16351559680,655278080,3.9,13847134208,1006338048,1930166272,119046144,2526396416
2026-07-09T05:34:49.704139,17006837760,16352051200,654786560,3.9,13847625728,1006338048,1930166272,119046144,2526396416
2026-07-09T05:34:50.704571,17006837760,16352051200,654786560,3.9,13847625728,1006338048,1930166272,119046144,2526396416
2026-07-09T05:34:51.704922,17006837760,16352051200,654786560,3.9,13847625728,1006338048,1930166272,119046144,2526396416
2026-07-09T05:34:52.705284,17006837760,16352526336,654311424,3.8,13848100864,1006338048,1930166272,119046144,2526396416
2026-07-09T05:34:53.705654,17006837760,16352526336,654311424,3.8,13848100864,1006338048,1930166272,119046144,2526396416
2026-07-09T05:34:54.705989,17006837760,16352542720,654295040,3.8,13848117248,1006338048,1930166272,119046144,2526396416
2026-07-09T05:34:55.706331,17006837760,16348626944,658210816,3.9,13844185088,1006354432,1930182656,119046144,2526396416
2026-07-09T05:34:56.706676,17006837760,16348725248,658112512,3.9,13844283392,1006354432,1930182656,119046144,2526396416
2026-07-09T05:34:57.707010,17006837760,16349462528,657375232,3.9,13845020672,1006354432,1930182656,119046144,2526396416
2026-07-09T05:34:58.707358,17006837760,16349626368,657211392,3.9,13845184512,1006354432,1930182656,119046144,2526396416
2026-07-09T05:34:59.707732,17006837760,16344285184,662552576,3.9,13839843328,1006354432,1930182656,119046144,2526396416
2026-07-09T05:35:00.708099,17006837760,16343859200,662978560,3.9,13839417344,1006354432,1930182656,119046144,2526396416
2026-07-09T05:35:01.708444,17006837760,16344367104,662470656,3.9,13839925248,1006354432,1930182656,119046144,2526396416
2026-07-09T05:35:02.708736,17006837760,16346611712,660226048,3.9,13842169856,1006354432,1930182656,119046144,2526396416
2026-07-09T05:35:03.709073,17006837760,16346365952,660471808,3.9,13841924096,1006354432,1930182656,119046144,2526396416
2026-07-09T05:35:04.709372,17006837760,16346316800,660520960,3.9,13841874944,1006354432,1930182656,119046144,2526412800
2026-07-09T05:35:05.709650,17006837760,16346988544,659849216,3.9,13842530304,1006354432,1930199040,119046144,2526412800
2026-07-09T05:35:06.709927,17006837760,16348053504,658784256,3.9,13843595264,1006354432,1930199040,119046144,2526412800
2026-07-09T05:35:07.710207,17006837760,16349102080,657735680,3.9,13844643840,1006354432,1930199040,119046144,2526412800
2026-07-09T05:35:08.710486,17006837760,16349528064,657309696,3.9,13845069824,1006354432,1930199040,119046144,2526412800
2026-07-09T05:35:09.710765,17006837760,16349200384,657637376,3.9,13844742144,1006354432,1930199040,119046144,2526412800
2026-07-09T05:35:10.711043,17006837760,16349675520,657162240,3.9,13845217280,1006354432,1930199040,119046144,2526412800
2026-07-09T05:35:11.711315,17006837760,16350461952,656375808,3.9,13846003712,1006354432,1930199040,119046144,2526412800
2026-07-09T05:35:12.711628,17006837760,16350937088,655900672,3.9,13846478848,1006354432,1930199040,119046144,2526412800
2026-07-09T05:35:13.711979,17006837760,16350461952,656375808,3.9,13846003712,1006354432,1930199040,119046144,2526412800
2026-07-09T05:35:14.712489,17006837760,16350199808,656637952,3.9,13845741568,1006354432,1930199040,119046144,2526412800
2026-07-09T05:35:15.712848,17006837760,16350691328,656146432,3.9,13846233088,1006354432,1930199040,119046144,2526412800
2026-07-09T05:35:16.713196,17006837760,16351182848,655654912,3.9,13846724608,1006354432,1930199040,119046144,2526412800
2026-07-09T05:35:17.713556,17006837760,16351903744,654934016,3.9,13847445504,1006354432,1930199040,119046144,2526412800
2026-07-09T05:35:18.713933,17006837760,16352149504,654688256,3.8,13847691264,1006354432,1930199040,119046144,2526412800
2026-07-09T05:35:19.716134,17006837760,16352395264,654442496,3.8,13847937024,1006354432,1930199040,119046144,2526412800
2026-07-09T05:35:20.716444,17006837760,16352641024,654196736,3.8,13848182784,1006354432,1930199040,119046144,2526412800
2026-07-09T05:35:21.716722,17006837760,16353116160,653721600,3.8,13848657920,1006354432,1930199040,119046144,2526412800
2026-07-09T05:35:22.716997,17006837760,16351641600,655196160,3.9,13847183360,1006354432,1930199040,119046144,2526412800
2026-07-09T05:35:23.717286,17006837760,16351641600,655196160,3.9,13847183360,1006354432,1930199040,119046144,2526412800
2026-07-09T05:35:24.717625,17006837760,16351985664,654852096,3.9,13847527424,1006354432,1930199040,119046144,2526412800
2026-07-09T05:35:25.717930,17006837760,16352034816,654802944,3.9,13847576576,1006354432,1930199040,119046144,2526429184
2026-07-09T05:35:26.718208,17006837760,16352280576,654557184,3.8,13847822336,1006354432,1930199040,119046144,2526429184
2026-07-09T05:35:27.718477,17006837760,16352526336,654311424,3.8,13848068096,1006354432,1930199040,119046144,2526429184
2026-07-09T05:35:28.718756,17006837760,16352247808,654589952,3.8,13847789568,1006354432,1930199040,119046144,2526429184
2026-07-09T05:35:29.719033,17006837760,16352493568,654344192,3.8,13848035328,1006354432,1930199040,119046144,2526429184
2026-07-09T05:35:30.719367,17006837760,16353083392,653754368,3.8,13848625152,1006354432,1930199040,119046144,2526429184
2026-07-09T05:35:31.719706,17006837760,16352821248,654016512,3.8,13848297472,1006403584,1930264576,119046144,2526429184
2026-07-09T05:35:32.720059,17006837760,16352821248,654016512,3.8,13848297472,1006403584,1930264576,119046144,2526429184
2026-07-09T05:35:33.720442,17006837760,16352329728,654508032,3.8,13847805952,1006403584,1930264576,119046144,2526429184
2026-07-09T05:35:34.720785,17006837760,16352591872,654245888,3.8,13848068096,1006403584,1930264576,119046144,2526429184
2026-07-09T05:35:35.721129,17006837760,16352870400,653967360,3.8,13848346624,1006403584,1930264576,119046144,2526429184
2026-07-09T05:35:36.723992,17006837760,16352870400,653967360,3.8,13848346624,1006403584,1930264576,119046144,2526429184
2026-07-09T05:35:37.724302,17006837760,16344662016,662175744,3.9,13840138240,1006403584,1930264576,119046144,2526429184
2026-07-09T05:35:38.724580,17006837760,16344940544,661897216,3.9,13840416768,1006403584,1930264576,119046144,2526429184
2026-07-09T05:35:39.724858,17006837760,16345432064,661405696,3.9,13840908288,1006403584,1930264576,119046144,2526429184
2026-07-09T05:35:40.725142,17006837760,16345645056,661192704,3.9,13841121280,1006403584,1930264576,119046144,2526429184
2026-07-09T05:35:41.725464,17006837760,16345432064,661405696,3.9,13840908288,1006403584,1930264576,119046144,2526429184
2026-07-09T05:35:42.725805,17006837760,16345563136,661274624,3.9,13841039360,1006403584,1930264576,119046144,2526429184
2026-07-09T05:35:43.726100,17006837760,16346890240,659947520,3.9,13842366464,1006403584,1930264576,119046144,2526429184
2026-07-09T05:35:44.726377,17006837760,16348037120,658800640,3.9,13843513344,1006403584,1930264576,119046144,2526429184
2026-07-09T05:35:45.726652,17006837760,16348037120,658800640,3.9,13843513344,1006403584,1930264576,119046144,2526429184
2026-07-09T05:35:46.726929,17006837760,16348037120,658800640,3.9,13843513344,1006403584,1930264576,119046144,2526429184
2026-07-09T05:35:47.727208,17006837760,16347529216,659308544,3.9,13843005440,1006403584,1930264576,119046144,2526445568
2026-07-09T05:35:48.727530,17006837760,16348200960,658636800,3.9,13843677184,1006403584,1930264576,119046144,2526445568
2026-07-09T05:35:49.727913,17006837760,16349151232,657686528,3.9,13844627456,1006403584,1930264576,119046144,2526445568
2026-07-09T05:35:50.728254,17006837760,16349872128,656965632,3.9,13845348352,1006403584,1930264576,119046144,2526445568
2026-07-09T05:35:51.728637,17006837760,16350429184,656408576,3.9,13845905408,1006403584,1930264576,119046144,2526445568
2026-07-09T05:35:52.728991,17006837760,16351182848,655654912,3.9,13846659072,1006403584,1930264576,119046144,2526445568
2026-07-09T05:35:53.729357,17006837760,16350920704,655917056,3.9,13846396928,1006403584,1930264576,119046144,2526445568
2026-07-09T05:35:54.729705,17006837760,16351019008,655818752,3.9,13846495232,1006403584,1930264576,119046144,2526445568
2026-07-09T05:35:55.730058,17006837760,16350511104,656326656,3.9,13845987328,1006403584,1930264576,119046144,2526445568
2026-07-09T05:35:56.730359,17006837760,16350576640,656261120,3.9,13846052864,1006403584,1930264576,119046144,2526445568
2026-07-09T05:35:57.730640,17006837760,16349839360,656998400,3.9,13845315584,1006403584,1930264576,119046144,2526445568
2026-07-09T05:35:58.730921,17006837760,16350298112,656539648,3.9,13845774336,1006403584,1930264576,119046144,2526445568
2026-07-09T05:35:59.731206,17006837760,16348807168,658030592,3.9,13844283392,1006403584,1930264576,119046144,2526445568
2026-07-09T05:36:00.731488,17006837760,16348971008,657866752,3.9,13844447232,1006403584,1930264576,119046144,2526445568
2026-07-09T05:36:01.731808,17006837760,16349954048,656883712,3.9,13845430272,1006403584,1930264576,119046144,2526445568
2026-07-09T05:36:02.732162,17006837760,16349528064,657309696,3.9,13845004288,1006403584,1930264576,119046144,2526445568
2026-07-09T05:36:03.732524,17006837760,16349544448,657293312,3.9,13845020672,1006403584,1930264576,119046144,2526445568
2026-07-09T05:36:04.733035,17006837760,16350986240,655851520,3.9,13846462464,1006403584,1930264576,119046144,2526445568
2026-07-09T05:36:05.733377,17006837760,16351477760,655360000,3.9,13846953984,1006403584,1930264576,119046144,2526445568
2026-07-09T05:36:06.733659,17006837760,16351232000,655605760,3.9,13846708224,1006403584,1930264576,119046144,2526445568
2026-07-09T05:36:07.743897,17006837760,16349184000,657653760,3.9,13844660224,1006403584,1930264576,119046144,2526461952
2026-07-09T05:36:08.744171,17006837760,16348708864,658128896,3.9,13844185088,1006403584,1930264576,119046144,2526461952
2026-07-09T05:36:09.744488,17006837760,16349691904,657145856,3.9,13845168128,1006403584,1930264576,119046144,2526461952
2026-07-09T05:36:10.744827,17006837760,16349691904,657145856,3.9,13845168128,1006403584,1930264576,119046144,2526461952
2026-07-09T05:36:11.745117,17006837760,16350183424,656654336,3.9,13845659648,1006403584,1930264576,119046144,2526461952
2026-07-09T05:36:12.745462,17006837760,16351461376,655376384,3.9,13846937600,1006403584,1930264576,119046144,2526461952
2026-07-09T05:36:13.745739,17006837760,16351707136,655130624,3.9,13847183360,1006403584,1930264576,119046144,2526461952
2026-07-09T05:36:14.746015,17006837760,16351264768,655572992,3.9,13846691840,1006862336,1930313728,119046144,2526461952
2026-07-09T05:36:15.746288,17006837760,16351264768,655572992,3.9,13846691840,1006862336,1930313728,119046144,2526461952
2026-07-09T05:36:16.746626,17006837760,16351510528,655327232,3.9,13846937600,1006862336,1930313728,119046144,2526461952
2026-07-09T05:36:17.746927,17006837760,16351756288,655081472,3.9,13847183360,1006862336,1930313728,119046144,2526461952
2026-07-09T05:36:18.747202,17006837760,16352215040,654622720,3.8,13847642112,1006862336,1930313728,119046144,2526461952
2026-07-09T05:36:19.747482,17006837760,16352444416,654393344,3.8,13847871488,1006862336,1930313728,119046144,2526461952
2026-07-09T05:36:20.747758,17006837760,16352690176,654147584,3.8,13848117248,1006862336,1930313728,119046144,2526461952
2026-07-09T05:36:21.748032,17006837760,16352985088,653852672,3.8,13848412160,1006862336,1930313728,119046144,2526461952
2026-07-09T05:36:22.748309,17006837760,16353214464,653623296,3.8,13848641536,1006862336,1930313728,119046144,2526461952
2026-07-09T05:36:23.748586,17006837760,16352493568,654344192,3.8,13847920640,1006862336,1930313728,119046144,2526461952
2026-07-09T05:36:24.748878,17006837760,16352706560,654131200,3.8,13848133632,1006862336,1930313728,119046144,2526461952
2026-07-09T05:36:25.749183,17006837760,16352690176,654147584,3.8,13848117248,1006862336,1930313728,119046144,2526478336
2026-07-09T05:36:26.749463,17006837760,16352690176,654147584,3.8,13848117248,1006862336,1930313728,119046144,2526478336
2026-07-09T05:36:27.749779,17006837760,16352198656,654639104,3.8,13847625728,1006862336,1930313728,119046144,2526478336
2026-07-09T05:36:28.750157,17006837760,16348266496,658571264,3.9,13843693568,1006862336,1930313728,119046144,2526478336
2026-07-09T05:36:29.750508,17006837760,16348741632,658096128,3.9,13844168704,1006862336,1930313728,119046144,2526478336
2026-07-09T05:36:30.750799,17006837760,16350429184,656408576,3.9,13845856256,1006862336,1930313728,119046144,2526478336
2026-07-09T05:36:31.751079,17006837760,16350920704,655917056,3.9,13846347776,1006862336,1930313728,119046144,2526478336
2026-07-09T05:36:32.751356,17006837760,16351379456,655458304,3.9,13846806528,1006895104,1930313728,119046144,2526478336
2026-07-09T05:36:33.751633,17006837760,16351379456,655458304,3.9,13846806528,1006895104,1930313728,119046144,2526478336
2026-07-09T05:36:34.751912,17006837760,16350380032,656457728,3.9,13845807104,1006895104,1930313728,119046144,2526478336
2026-07-09T05:36:35.752212,17006837760,16350838784,655998976,3.9,13846265856,1006895104,1930313728,119046144,2526478336
2026-07-09T05:36:36.752488,17006837760,16351100928,655736832,3.9,13846528000,1006895104,1930313728,119046144,2526478336
2026-07-09T05:36:37.752764,17006837760,16351592448,655245312,3.9,13847019520,1006895104,1930313728,119046144,2526478336
2026-07-09T05:36:38.753041,17006837760,16351592448,655245312,3.9,13847019520,1006895104,1930313728,119046144,2526478336
2026-07-09T05:36:39.753329,17006837760,16351608832,655228928,3.9,13847035904,1006895104,1930313728,119046144,2526478336
2026-07-09T05:36:40.753658,17006837760,16352083968,654753792,3.8,13847511040,1006895104,1930313728,119046144,2526478336
2026-07-09T05:36:41.754059,17006837760,16352083968,654753792,3.8,13847511040,1006895104,1930313728,119046144,2526478336
2026-07-09T05:36:42.754496,17006837760,16352083968,654753792,3.8,13847511040,1006895104,1930313728,119046144,2526478336
2026-07-09T05:36:43.754854,17006837760,16349822976,657014784,3.9,13845250048,1006895104,1930313728,119046144,2526478336
2026-07-09T05:36:44.755199,17006837760,16349822976,657014784,3.9,13845250048,1006895104,1930313728,119046144,2526478336
2026-07-09T05:36:45.755551,17006837760,16350085120,656752640,3.9,13845512192,1006895104,1930313728,119046144,2526478336
2026-07-09T05:36:46.755937,17006837760,16349855744,656982016,3.9,13845282816,1006895104,1930313728,119046144,2526494720
2026-07-09T05:36:47.756286,17006837760,16350117888,656719872,3.9,13845544960,1006895104,1930313728,119046144,2526494720
2026-07-09T05:36:48.756628,17006837760,16350347264,656490496,3.9,13845774336,1006895104,1930313728,119046144,2526494720
2026-07-09T05:36:49.756929,17006837760,16349757440,657080320,3.9,13845184512,1006895104,1930313728,119046144,2526494720
2026-07-09T05:36:50.757212,17006837760,16350576640,656261120,3.9,13846003712,1006895104,1930313728,119046144,2526494720
2026-07-09T05:36:51.757598,17006837760,16351002624,655835136,3.9,13846429696,1006895104,1930313728,119046144,2526494720
2026-07-09T05:36:52.757880,17006837760,16350511104,656326656,3.9,13845938176,1006895104,1930313728,119046144,2526494720
2026-07-09T05:36:53.758160,17006837760,16350658560,656179200,3.9,13846085632,1006895104,1930313728,119046144,2526494720
2026-07-09T05:36:54.758458,17006837760,16351412224,655425536,3.9,13846839296,1006895104,1930313728,119046144,2526494720
2026-07-09T05:36:55.758735,17006837760,16351870976,654966784,3.9,13847298048,1006895104,1930313728,119046144,2526494720
2026-07-09T05:36:56.759009,17006837760,16351870976,654966784,3.9,13847298048,1006895104,1930313728,119046144,2526494720
2026-07-09T05:36:57.759290,17006837760,16351133696,655704064,3.9,13846560768,1006895104,1930313728,119046144,2526494720
2026-07-09T05:36:58.759574,17006837760,16350642176,656195584,3.9,13846069248,1006895104,1930313728,119046144,2526494720
2026-07-09T05:36:59.759857,17006837760,16349167616,657670144,3.9,13844594688,1006895104,1930313728,119046144,2526494720
2026-07-09T05:37:00.760200,17006837760,16349413376,657424384,3.9,13844840448,1006895104,1930313728,119046144,2526494720
2026-07-09T05:37:01.760507,17006837760,16350167040,656670720,3.9,13845594112,1006895104,1930313728,119046144,2526494720
2026-07-09T05:37:02.760790,17006837760,16350150656,656687104,3.9,13845577728,1006895104,1930313728,119046144,2526494720
2026-07-09T05:37:03.761072,17006837760,16350167040,656670720,3.9,13845577728,1006895104,1930330112,119046144,2526494720
2026-07-09T05:37:04.761359,17006837760,16350003200,656834560,3.9,13845413888,1006895104,1930330112,119046144,2526494720
2026-07-09T05:37:05.761638,17006837760,16351690752,655147008,3.9,13847101440,1006895104,1930330112,119046144,2526494720
2026-07-09T05:37:06.761932,17006837760,16350216192,656621568,3.9,13845626880,1006895104,1930330112,119046144,2526511104
2026-07-09T05:37:07.762208,17006837760,16350199808,656637952,3.9,13845610496,1006895104,1930330112,119046144,2526511104
2026-07-09T05:37:08.762492,17006837760,16349495296,657342464,3.9,13844905984,1007058944,1930330112,119046144,2526511104
2026-07-09T05:37:09.762774,17006837760,16347381760,659456000,3.9,13842792448,1007058944,1930330112,119046144,2526511104
2026-07-09T05:37:10.763053,17006837760,16347889664,658948096,3.9,13843300352,1007058944,1930330112,119046144,2526511104
2026-07-09T05:37:11.763424,17006837760,16348381184,658456576,3.9,13843791872,1007058944,1930330112,119046144,2526511104
2026-07-09T05:37:12.763791,17006837760,16348643328,658194432,3.9,13844054016,1007058944,1930330112,119046144,2526511104
2026-07-09T05:37:13.764141,17006837760,16349085696,657752064,3.9,13844496384,1007058944,1930330112,119046144,2526511104
2026-07-09T05:37:14.764482,17006837760,16349331456,657506304,3.9,13844742144,1007058944,1930330112,119046144,2526511104
2026-07-09T05:37:15.764826,17006837760,16350527488,656310272,3.9,13845938176,1007058944,1930330112,119046144,2526511104
2026-07-09T05:37:16.765120,17006837760,16349708288,657129472,3.9,13845118976,1007058944,1930330112,119046144,2526511104
2026-07-09T05:37:17.765408,17006837760,16349855744,656982016,3.9,13845266432,1007058944,1930330112,119046144,2526511104
2026-07-09T05:37:18.765683,17006837760,16350101504,656736256,3.9,13845512192,1007058944,1930330112,119046144,2526511104
2026-07-09T05:37:19.765954,17006837760,16350707712,656130048,3.9,13846118400,1007058944,1930330112,119046144,2526511104
2026-07-09T05:37:20.766295,17006837760,16350953472,655884288,3.9,13846364160,1007058944,1930330112,119046144,2526511104
2026-07-09T05:37:21.766616,17006837760,16350953472,655884288,3.9,13846364160,1007058944,1930330112,119046144,2526511104
2026-07-09T05:37:22.766970,17006837760,16348938240,657899520,3.9,13844348928,1007058944,1930330112,119046144,2526511104
2026-07-09T05:37:23.767314,17006837760,16348987392,657850368,3.9,13844398080,1007058944,1930330112,119046144,2526511104
2026-07-09T05:37:24.767668,17006837760,16349233152,657604608,3.9,13844643840,1007058944,1930330112,119046144,2526511104
2026-07-09T05:37:25.768014,17006837760,16349806592,657031168,3.9,13845217280,1007058944,1930330112,119046144,2526511104
2026-07-09T05:37:26.768370,17006837760,16350232576,656605184,3.9,13845643264,1007058944,1930330112,119046144,2526511104
2026-07-09T05:37:27.768724,17006837760,16348758016,658079744,3.9,13844168704,1007058944,1930330112,119046144,2526527488
2026-07-09T05:37:28.769056,17006837760,16349233152,657604608,3.9,13844643840,1007058944,1930330112,119046144,2526527488
2026-07-09T05:37:29.769409,17006837760,16349954048,656883712,3.9,13845364736,1007058944,1930330112,119046144,2526527488
2026-07-09T05:37:30.769758,17006837760,16350101504,656736256,3.9,13845512192,1007058944,1930330112,119046144,2526527488
2026-07-09T05:37:31.770109,17006837760,16350363648,656474112,3.9,13845774336,1007058944,1930330112,119046144,2526527488
2026-07-09T05:37:32.770453,17006837760,16350920704,655917056,3.9,13846331392,1007058944,1930330112,119046144,2526527488
2026-07-09T05:37:33.770823,17006837760,16351084544,655753216,3.9,13846478848,1007058944,1930346496,119046144,2526527488
2026-07-09T05:37:34.771171,17006837760,16350609408,656228352,3.9,13846003712,1007058944,1930346496,119046144,2526527488
2026-07-09T05:37:35.771533,17006837760,16350822400,656015360,3.9,13846216704,1007058944,1930346496,119046144,2526527488
2026-07-09T05:37:36.771876,17006837760,16350806016,656031744,3.9,13846200320,1007058944,1930346496,119046144,2526527488
2026-07-09T05:37:37.772220,17006837760,16350560256,656277504,3.9,13845954560,1007058944,1930346496,119046144,2526527488
2026-07-09T05:37:38.772598,17006837760,16350822400,656015360,3.9,13846216704,1007058944,1930346496,119046144,2526527488
2026-07-09T05:37:39.772970,17006837760,16351100928,655736832,3.9,13846462464,1007271936,1930379264,119046144,2526527488
2026-07-09T05:37:40.773370,17006837760,16351068160,655769600,3.9,13846429696,1007271936,1930379264,119046144,2526527488
2026-07-09T05:37:41.773718,17006837760,16350101504,656736256,3.9,13845463040,1007271936,1930379264,119046144,2526527488
2026-07-09T05:37:42.774060,17006837760,16350101504,656736256,3.9,13845463040,1007271936,1930379264,119046144,2526527488
2026-07-09T05:37:43.774426,17006837760,16350429184,656408576,3.9,13845790720,1007271936,1930379264,119046144,2526527488
2026-07-09T05:37:44.774784,17006837760,16350429184,656408576,3.9,13845790720,1007271936,1930379264,119046144,2526527488
2026-07-09T05:37:45.775090,17006837760,16351428608,655409152,3.9,13846790144,1007271936,1930379264,119046144,2526527488
2026-07-09T05:37:46.775366,17006837760,16350937088,655900672,3.9,13846298624,1007271936,1930379264,119046144,2526527488
2026-07-09T05:37:47.775646,17006837760,16350691328,656146432,3.9,13846052864,1007271936,1930379264,119046144,2526527488
2026-07-09T05:37:48.775926,17006837760,16350920704,655917056,3.9,13846282240,1007271936,1930379264,119046144,2526527488
2026-07-09T05:37:49.776206,17006837760,16351412224,655425536,3.9,13846773760,1007271936,1930379264,119046144,2526543872
2026-07-09T05:37:50.776601,17006837760,16350920704,655917056,3.9,13846282240,1007271936,1930379264,119046144,2526543872
2026-07-09T05:37:51.776957,17006837760,16351150080,655687680,3.9,13846511616,1007271936,1930379264,119046144,2526543872
2026-07-09T05:37:52.777262,17006837760,16350658560,656179200,3.9,13846020096,1007271936,1930379264,119046144,2526543872
2026-07-09T05:37:53.777539,17006837760,16351182848,655654912,3.9,13846544384,1007271936,1930379264,119046144,2526543872
2026-07-09T05:37:54.777820,17006837760,16352165888,654671872,3.8,13847527424,1007271936,1930379264,119046144,2526543872
2026-07-09T05:37:55.778101,17006837760,16352165888,654671872,3.8,13847527424,1007271936,1930379264,119046144,2526543872
2026-07-09T05:37:56.778383,17006837760,16352624640,654213120,3.8,13847986176,1007271936,1930379264,119046144,2526543872
2026-07-09T05:37:57.778725,17006837760,16352886784,653950976,3.8,13848248320,1007271936,1930379264,119046144,2526543872
2026-07-09T05:37:58.779078,17006837760,16352641024,654196736,3.8,13848002560,1007271936,1930379264,119046144,2526543872
2026-07-09T05:37:59.779423,17006837760,16351903744,654934016,3.9,13847265280,1007271936,1930379264,119046144,2526543872
2026-07-09T05:38:00.779786,17006837760,16351657984,655179776,3.9,13847019520,1007271936,1930379264,119046144,2526543872
2026-07-09T05:38:01.780163,17006837760,16349216768,657620992,3.9,13844578304,1007271936,1930379264,119046144,2526543872
2026-07-09T05:38:02.780520,17006837760,16349724672,657113088,3.9,13845086208,1007271936,1930379264,119046144,2526543872
2026-07-09T05:38:03.780883,17006837760,16350674944,656162816,3.9,13846036480,1007271936,1930379264,119046144,2526543872
2026-07-09T05:38:04.781259,17006837760,16350658560,656179200,3.9,13846020096,1007288320,1930379264,119046144,2526543872
2026-07-09T05:38:05.781603,17006837760,16350904320,655933440,3.9,13846265856,1007288320,1930379264,119046144,2526543872
2026-07-09T05:38:06.781974,17006837760,16350625792,656211968,3.9,13845987328,1007288320,1930379264,119046144,2526543872
2026-07-09T05:38:07.782329,17006837760,16350380032,656457728,3.9,13845741568,1007288320,1930379264,119046144,2526543872
2026-07-09T05:38:08.782691,17006837760,16350642176,656195584,3.9,13846003712,1007288320,1930379264,119046144,2526543872
2026-07-09T05:38:09.783046,17006837760,16350904320,655933440,3.9,13846265856,1007304704,1930379264,119046144,2526543872
2026-07-09T05:38:10.783419,17006837760,16346251264,660586496,3.9,13841612800,1007304704,1930379264,119046144,2526543872
2026-07-09T05:38:11.783781,17006837760,16346988544,659849216,3.9,13842350080,1007304704,1930379264,119046144,2526543872
2026-07-09T05:38:12.784136,17006837760,16347480064,659357696,3.9,13842841600,1007304704,1930379264,119046144,2526560256
2026-07-09T05:38:13.784479,17006837760,16347791360,659046400,3.9,13843152896,1007304704,1930379264,119046144,2526560256
2026-07-09T05:38:14.784859,17006837760,16348872704,657965056,3.9,13844234240,1007304704,1930379264,119046144,2526560256
2026-07-09T05:38:15.785220,17006837760,16349691904,657145856,3.9,13845053440,1007304704,1930379264,119046144,2526560256
2026-07-09T05:38:16.785600,17006837760,16350232576,656605184,3.9,13845594112,1007304704,1930379264,119046144,2526560256
2026-07-09T05:38:17.785907,17006837760,16350494720,656343040,3.9,13845856256,1007304704,1930379264,119046144,2526560256
2026-07-09T05:38:18.786190,17006837760,16350822400,656015360,3.9,13846183936,1007304704,1930379264,119046144,2526560256
2026-07-09T05:38:19.786473,17006837760,16351035392,655802368,3.9,13846396928,1007304704,1930379264,119046144,2526560256
2026-07-09T05:38:20.786886,17006837760,16351281152,655556608,3.9,13846642688,1007304704,1930379264,119046144,2526560256
2026-07-09T05:38:21.787252,17006837760,16351526912,655310848,3.9,13846888448,1007304704,1930379264,119046144,2526560256
2026-07-09T05:38:22.787531,17006837760,16351035392,655802368,3.9,13846396928,1007304704,1930379264,119046144,2526560256
2026-07-09T05:38:23.787808,17006837760,16351035392,655802368,3.9,13846396928,1007304704,1930379264,119046144,2526560256
2026-07-09T05:38:24.788089,17006837760,16350789632,656048128,3.9,13846151168,1007304704,1930379264,119046144,2526560256
2026-07-09T05:38:25.788373,17006837760,16351264768,655572992,3.9,13846626304,1007304704,1930379264,119046144,2526560256
2026-07-09T05:38:26.788658,17006837760,16351264768,655572992,3.9,13846626304,1007304704,1930379264,119046144,2526560256
2026-07-09T05:38:27.789000,17006837760,16352002048,654835712,3.9,13847363584,1007304704,1930379264,119046144,2526560256
2026-07-09T05:38:28.789367,17006837760,16352002048,654835712,3.9,13847363584,1007304704,1930379264,119046144,2526560256
2026-07-09T05:38:29.789719,17006837760,16352231424,654606336,3.8,13847592960,1007304704,1930379264,119046144,2526560256
2026-07-09T05:38:30.790014,17006837760,16351739904,655097856,3.9,13847101440,1007304704,1930379264,119046144,2526560256
2026-07-09T05:38:31.790361,17006837760,16351985664,654852096,3.9,13847347200,1007304704,1930379264,119046144,2526560256
2026-07-09T05:38:32.790718,17006837760,16351526912,655310848,3.9,13846888448,1007304704,1930379264,119046144,2526576640
2026-07-09T05:38:33.791079,17006837760,16352002048,654835712,3.9,13847363584,1007304704,1930379264,119046144,2526576640
2026-07-09T05:38:34.791360,17006837760,16351756288,655081472,3.9,13847117824,1007304704,1930379264,119046144,2526576640
2026-07-09T05:38:35.791729,17006837760,16352460800,654376960,3.8,13847822336,1007321088,1930379264,119046144,2526576640
2026-07-09T05:38:36.792073,17006837760,16352706560,654131200,3.8,13848068096,1007321088,1930379264,119046144,2526576640
2026-07-09T05:38:37.792431,17006837760,16352460800,654376960,3.8,13847822336,1007321088,1930379264,119046144,2526576640
2026-07-09T05:38:38.792766,17006837760,16352034816,654802944,3.9,13847396352,1007321088,1930379264,119046144,2526576640
2026-07-09T05:38:39.793108,17006837760,16351559680,655278080,3.9,13846921216,1007321088,1930379264,119046144,2526576640
2026-07-09T05:38:40.793457,17006837760,16351576064,655261696,3.9,13846937600,1007321088,1930379264,119046144,2526576640
2026-07-09T05:38:41.793826,17006837760,16351838208,654999552,3.9,13847199744,1007321088,1930379264,119046144,2526576640
2026-07-09T05:38:42.794164,17006837760,16352083968,654753792,3.8,13847445504,1007321088,1930379264,119046144,2526576640
2026-07-09T05:38:43.794508,17006837760,16352559104,654278656,3.8,13847920640,1007321088,1930379264,119046144,2526576640
2026-07-09T05:38:44.794896,17006837760,16353034240,653803520,3.8,13848395776,1007321088,1930379264,119046144,2526576640
2026-07-09T05:38:45.795246,17006837760,16352542720,654295040,3.8,13847904256,1007321088,1930379264,119046144,2526576640
2026-07-09T05:38:46.795598,17006837760,16351313920,655523840,3.9,13846675456,1007321088,1930379264,119046144,2526576640
2026-07-09T05:38:47.795907,17006837760,16351068160,655769600,3.9,13846429696,1007321088,1930379264,119046144,2526576640
2026-07-09T05:38:48.796204,17006837760,16351330304,655507456,3.9,13846691840,1007321088,1930379264,119046144,2526576640
2026-07-09T05:38:49.796486,17006837760,16351805440,655032320,3.9,13847166976,1007321088,1930379264,119046144,2526576640
2026-07-09T05:38:50.796793,17006837760,16351805440,655032320,3.9,13847166976,1007321088,1930379264,119046144,2526576640
2026-07-09T05:38:51.797090,17006837760,16352034816,654802944,3.9,13847396352,1007321088,1930379264,119046144,2526576640
2026-07-09T05:38:52.797394,17006837760,16351297536,655540224,3.9,13846659072,1007321088,1930379264,119046144,2526576640
2026-07-09T05:38:53.797682,17006837760,16351051776,655785984,3.9,13846413312,1007321088,1930379264,119046144,2526576640
2026-07-09T05:38:54.797978,17006837760,16351297536,655540224,3.9,13846659072,1007321088,1930379264,119046144,2526576640
2026-07-09T05:38:55.798278,17006837760,16350642176,656195584,3.9,13846003712,1007321088,1930379264,119046144,2526576640
2026-07-09T05:38:56.798571,17006837760,16350330880,656506880,3.9,13845692416,1007321088,1930379264,119046144,2526593024
2026-07-09T05:38:57.798850,17006837760,16351068160,655769600,3.9,13846429696,1007321088,1930379264,119046144,2526593024
2026-07-09T05:38:58.799091,17006837760,16350822400,656015360,3.9,13846183936,1007321088,1930379264,119046144,2526593024
2026-07-09T05:38:59.799400,17006837760,16349839360,656998400,3.9,13845200896,1007321088,1930379264,119046144,2526593024
2026-07-09T05:39:00.799632,17006837760,16350330880,656506880,3.9,13845692416,1007321088,1930379264,119046144,2526593024
2026-07-09T05:39:01.799870,17006837760,16351297536,655540224,3.9,13846659072,1007321088,1930379264,119046144,2526593024
2026-07-09T05:39:02.800158,17006837760,16350822400,656015360,3.9,13846183936,1007321088,1930379264,119046144,2526593024
2026-07-09T05:39:03.800469,17006837760,16350806016,656031744,3.9,13846167552,1007321088,1930379264,119046144,2526593024
2026-07-09T05:39:04.800755,17006837760,16351789056,655048704,3.9,13847150592,1007321088,1930379264,119046144,2526593024
2026-07-09T05:39:05.801050,17006837760,16351789056,655048704,3.9,13847150592,1007321088,1930379264,119046144,2526593024
2026-07-09T05:39:06.801375,17006837760,16351051776,655785984,3.9,13846413312,1007321088,1930379264,119046144,2526593024
2026-07-09T05:39:07.801674,17006837760,16351051776,655785984,3.9,13846413312,1007321088,1930379264,119046144,2526593024
2026-07-09T05:39:08.801972,17006837760,16351297536,655540224,3.9,13846659072,1007321088,1930379264,119046144,2526593024
2026-07-09T05:39:09.802300,17006837760,16346841088,659996672,3.9,13842202624,1007321088,1930379264,119046144,2526593024
2026-07-09T05:39:10.802612,17006837760,16345612288,661225472,3.9,13840973824,1007321088,1930379264,119046144,2526593024
2026-07-09T05:39:11.802918,17006837760,16345792512,661045248,3.9,13841104896,1007337472,1930428416,119046144,2526593024
2026-07-09T05:39:12.803216,17006837760,16346611712,660226048,3.9,13841924096,1007337472,1930428416,119046144,2526593024
2026-07-09T05:39:13.803499,17006837760,16347299840,659537920,3.9,13842612224,1007337472,1930428416,119046144,2526593024
2026-07-09T05:39:14.803734,17006837760,16348069888,658767872,3.9,13843382272,1007337472,1930428416,119046144,2526593024
2026-07-09T05:39:15.803962,17006837760,16348938240,657899520,3.9,13844250624,1007337472,1930428416,119046144,2526593024
2026-07-09T05:39:16.804194,17006837760,16348938240,657899520,3.9,13844250624,1007337472,1930428416,119046144,2526593024
2026-07-09T05:39:17.804473,17006837760,16347250688,659587072,3.9,13842563072,1007337472,1930428416,119046144,2526609408
2026-07-09T05:39:18.804754,17006837760,16347742208,659095552,3.9,13843054592,1007337472,1930428416,119046144,2526609408
2026-07-09T05:39:19.805033,17006837760,16348446720,658391040,3.9,13843759104,1007337472,1930428416,119046144,2526609408
2026-07-09T05:39:20.805318,17006837760,16349052928,657784832,3.9,13844365312,1007337472,1930428416,119046144,2526609408
2026-07-09T05:39:21.805562,17006837760,16349462528,657375232,3.9,13844774912,1007337472,1930428416,119046144,2526609408
2026-07-09T05:39:22.805791,17006837760,16349134848,657702912,3.9,13844447232,1007337472,1930428416,119046144,2526609408
2026-07-09T05:39:23.806021,17006837760,16350265344,656572416,3.9,13845577728,1007337472,1930428416,119046144,2526609408
2026-07-09T05:39:24.806247,17006837760,16350281728,656556032,3.9,13845594112,1007337472,1930428416,119046144,2526609408
2026-07-09T05:39:25.806549,17006837760,16350117888,656719872,3.9,13845430272,1007337472,1930428416,119046144,2526609408
2026-07-09T05:39:26.806831,17006837760,16350117888,656719872,3.9,13845430272,1007337472,1930428416,119046144,2526609408
2026-07-09T05:39:27.807132,17006837760,16350838784,655998976,3.9,13846151168,1007337472,1930428416,119046144,2526609408
2026-07-09T05:39:28.807431,17006837760,16350838784,655998976,3.9,13846151168,1007337472,1930428416,119046144,2526609408
2026-07-09T05:39:29.807730,17006837760,16351313920,655523840,3.9,13846626304,1007337472,1930428416,119046144,2526609408
2026-07-09T05:39:30.808021,17006837760,16351313920,655523840,3.9,13846626304,1007337472,1930428416,119046144,2526609408
2026-07-09T05:39:31.808308,17006837760,16351576064,655261696,3.9,13846888448,1007337472,1930428416,119046144,2526609408
2026-07-09T05:39:32.808627,17006837760,16351969280,654868480,3.9,13847281664,1007337472,1930428416,119046144,2526609408
2026-07-09T05:39:33.808944,17006837760,16351969280,654868480,3.9,13847281664,1007337472,1930428416,119046144,2526609408
2026-07-09T05:39:34.809258,17006837760,16351248384,655589376,3.9,13846560768,1007337472,1930428416,119046144,2526609408
2026-07-09T05:39:35.809544,17006837760,16351248384,655589376,3.9,13846560768,1007337472,1930428416,119046144,2526609408
2026-07-09T05:39:36.809844,17006837760,16351002624,655835136,3.9,13846315008,1007337472,1930428416,119046144,2526609408
2026-07-09T05:39:37.810155,17006837760,16351494144,655343616,3.9,13846806528,1007337472,1930428416,119046144,2526609408
2026-07-09T05:39:38.810433,17006837760,16351248384,655589376,3.9,13846560768,1007337472,1930428416,119046144,2526609408
2026-07-09T05:39:39.810665,17006837760,16351248384,655589376,3.9,13846560768,1007337472,1930428416,119046144,2526609408
2026-07-09T05:39:40.810884,17006837760,16351248384,655589376,3.9,13846560768,1007337472,1930428416,119046144,2526625792
2026-07-09T05:39:41.811104,17006837760,16351248384,655589376,3.9,13846560768,1007337472,1930428416,119046144,2526625792
2026-07-09T05:39:42.811377,17006837760,16350773248,656064512,3.9,13846069248,1007419392,1930444800,119046144,2526625792
2026-07-09T05:39:43.811671,17006837760,16350806016,656031744,3.9,13846102016,1007419392,1930444800,119046144,2526625792
2026-07-09T05:39:44.811967,17006837760,16351297536,655540224,3.9,13846593536,1007419392,1930444800,119046144,2526625792
2026-07-09T05:39:45.812264,17006837760,16351543296,655294464,3.9,13846839296,1007419392,1930444800,119046144,2526625792
2026-07-09T05:39:46.812555,17006837760,16351576064,655261696,3.9,13846872064,1007419392,1930444800,119046144,2526625792
2026-07-09T05:39:47.812921,17006837760,16350314496,656523264,3.9,13845610496,1007419392,1930444800,119046144,2526625792
2026-07-09T05:39:48.813314,17006837760,16350969856,655867904,3.9,13846265856,1007419392,1930444800,119046144,2526625792
2026-07-09T05:39:49.813726,17006837760,16350969856,655867904,3.9,13846265856,1007419392,1930444800,119046144,2526625792
2026-07-09T05:39:50.814038,17006837760,16350969856,655867904,3.9,13846265856,1007419392,1930444800,119046144,2526625792
2026-07-09T05:39:51.814349,17006837760,16350969856,655867904,3.9,13846265856,1007419392,1930444800,119046144,2526625792
2026-07-09T05:39:52.814667,17006837760,16350773248,656064512,3.9,13846069248,1007419392,1930444800,119046144,2526625792
2026-07-09T05:39:53.814923,17006837760,16351002624,655835136,3.9,13846298624,1007419392,1930444800,119046144,2526625792
2026-07-09T05:39:54.815165,17006837760,16351166464,655671296,3.9,13846462464,1007419392,1930444800,119046144,2526625792
2026-07-09T05:39:55.815408,17006837760,16351166464,655671296,3.9,13846462464,1007419392,1930444800,119046144,2526625792
2026-07-09T05:39:56.815650,17006837760,16351739904,655097856,3.9,13847035904,1007419392,1930444800,119046144,2526625792
2026-07-09T05:39:57.815961,17006837760,16350019584,656818176,3.9,13845315584,1007419392,1930444800,119046144,2526625792
2026-07-09T05:39:58.816333,17006837760,16350265344,656572416,3.9,13845561344,1007419392,1930444800,119046144,2526625792
2026-07-09T05:39:59.816762,17006837760,16348545024,658292736,3.9,13843841024,1007419392,1930444800,119046144,2526625792
2026-07-09T05:40:00.817060,17006837760,16349020160,657817600,3.9,13844316160,1007419392,1930444800,119046144,2526625792
2026-07-09T05:40:01.817348,17006837760,16349478912,657358848,3.9,13844774912,1007419392,1930444800,119046144,2526625792
2026-07-09T05:40:02.817599,17006837760,16348987392,657850368,3.9,13844283392,1007419392,1930444800,119046144,2526642176
2026-07-09T05:40:03.817845,17006837760,16349724672,657113088,3.9,13845020672,1007419392,1930444800,119046144,2526642176
2026-07-09T05:40:04.818088,17006837760,16349724672,657113088,3.9,13845020672,1007419392,1930444800,119046144,2526642176
2026-07-09T05:40:05.818405,17006837760,16350527488,656310272,3.9,13845823488,1007419392,1930444800,119046144,2526642176
2026-07-09T05:40:06.818706,17006837760,16350511104,656326656,3.9,13845807104,1007419392,1930444800,119046144,2526642176
2026-07-09T05:40:07.818988,17006837760,16349773824,657063936,3.9,13845069824,1007419392,1930444800,119046144,2526642176
2026-07-09T05:40:08.819291,17006837760,16350003200,656834560,3.9,13845299200,1007419392,1930444800,119046144,2526642176
2026-07-09T05:40:09.819535,17006837760,16347037696,659800064,3.9,13842333696,1007419392,1930444800,119046144,2526642176
2026-07-09T05:40:10.819770,17006837760,16347283456,659554304,3.9,13842579456,1007419392,1930444800,119046144,2526642176
2026-07-09T05:40:11.820048,17006837760,16347529216,659308544,3.9,13842825216,1007419392,1930444800,119046144,2526642176
2026-07-09T05:40:12.820342,17006837760,16348004352,658833408,3.9,13843300352,1007419392,1930444800,119046144,2526642176
2026-07-09T05:40:13.820632,17006837760,16348758016,658079744,3.9,13844021248,1007452160,1930477568,119046144,2526642176
2026-07-09T05:40:14.820884,17006837760,16349429760,657408000,3.9,13844692992,1007452160,1930477568,119046144,2526642176
2026-07-09T05:40:15.821114,17006837760,16349151232,657686528,3.9,13844414464,1007452160,1930477568,119046144,2526642176
2026-07-09T05:40:16.821347,17006837760,16348905472,657932288,3.9,13844168704,1007452160,1930477568,119046144,2526642176
2026-07-09T05:40:17.821569,17006837760,16348594176,658243584,3.9,13843857408,1007452160,1930477568,119046144,2526642176
2026-07-09T05:40:18.821853,17006837760,16348594176,658243584,3.9,13843857408,1007452160,1930477568,119046144,2526642176
2026-07-09T05:40:19.822146,17006837760,16348282880,658554880,3.9,13843546112,1007452160,1930477568,119046144,2526642176
2026-07-09T05:40:20.822401,17006837760,16348954624,657883136,3.9,13844217856,1007452160,1930477568,119046144,2526642176
2026-07-09T05:40:21.822714,17006837760,16348987392,657850368,3.9,13844250624,1007452160,1930477568,119046144,2526642176
2026-07-09T05:40:22.823010,17006837760,16349265920,657571840,3.9,13844529152,1007452160,1930477568,119046144,2526642176
2026-07-09T05:40:23.823308,17006837760,16349265920,657571840,3.9,13844529152,1007468544,1930477568,119046144,2526658560
2026-07-09T05:40:24.823587,17006837760,16349593600,657244160,3.9,13844856832,1007468544,1930477568,119046144,2526658560
2026-07-09T05:40:25.823918,17006837760,16350330880,656506880,3.9,13845594112,1007468544,1930477568,119046144,2526658560
2026-07-09T05:40:26.824214,17006837760,16350560256,656277504,3.9,13845823488,1007468544,1930477568,119046144,2526658560
2026-07-09T05:40:27.824496,17006837760,16350314496,656523264,3.9,13845577728,1007468544,1930477568,119046144,2526658560
2026-07-09T05:40:28.824747,17006837760,16350543872,656293888,3.9,13845807104,1007468544,1930477568,119046144,2526658560
2026-07-09T05:40:29.824992,17006837760,16351346688,655491072,3.9,13846609920,1007468544,1930477568,119046144,2526658560
2026-07-09T05:40:30.825232,17006837760,16351821824,655015936,3.9,13847085056,1007468544,1930477568,119046144,2526658560
2026-07-09T05:40:31.825489,17006837760,16351821824,655015936,3.9,13847085056,1007468544,1930477568,119046144,2526658560
2026-07-09T05:40:32.825793,17006837760,16352231424,654606336,3.8,13847494656,1007468544,1930477568,119046144,2526658560
2026-07-09T05:40:33.826108,17006837760,16351739904,655097856,3.9,13847003136,1007468544,1930477568,119046144,2526658560
2026-07-09T05:40:34.826399,17006837760,16351002624,655835136,3.9,13846265856,1007468544,1930477568,119046144,2526658560
2026-07-09T05:40:35.826682,17006837760,16351002624,655835136,3.9,13846265856,1007468544,1930477568,119046144,2526658560
2026-07-09T05:40:36.826929,17006837760,16351248384,655589376,3.9,13846511616,1007468544,1930477568,119046144,2526658560
2026-07-09T05:40:37.827233,17006837760,16352002048,654835712,3.9,13847265280,1007468544,1930477568,119046144,2526658560
2026-07-09T05:40:38.827541,17006837760,16351772672,655065088,3.9,13847035904,1007468544,1930477568,119046144,2526658560
2026-07-09T05:40:39.827787,17006837760,16351772672,655065088,3.9,13847035904,1007468544,1930477568,119046144,2526658560
2026-07-09T05:40:40.828096,17006837760,16351526912,655310848,3.9,13846790144,1007468544,1930477568,119046144,2526658560
2026-07-09T05:40:41.828409,17006837760,16351592448,655245312,3.9,13846855680,1007468544,1930477568,119046144,2526658560
2026-07-09T05:40:42.828703,17006837760,16351592448,655245312,3.9,13846855680,1007468544,1930477568,119046144,2526658560
2026-07-09T05:40:43.828950,17006837760,16352772096,654065664,3.8,13848035328,1007468544,1930477568,119046144,2526658560
2026-07-09T05:40:44.829214,17006837760,16351821824,655015936,3.9,13847052288,1007534080,1930510336,119046144,2526658560
2026-07-09T05:40:45.829476,17006837760,16351330304,655507456,3.9,13846560768,1007534080,1930510336,119046144,2526674944
2026-07-09T05:40:46.829713,17006837760,16350920704,655917056,3.9,13846151168,1007534080,1930510336,119046144,2526674944
2026-07-09T05:40:47.829985,17006837760,16351657984,655179776,3.9,13846888448,1007534080,1930510336,119046144,2526674944
2026-07-09T05:40:48.830291,17006837760,16350920704,655917056,3.9,13846151168,1007534080,1930510336,119046144,2526674944
2026-07-09T05:40:49.830594,17006837760,16351412224,655425536,3.9,13846642688,1007534080,1930510336,119046144,2526674944
2026-07-09T05:40:50.830892,17006837760,16351870976,654966784,3.9,13847101440,1007534080,1930510336,119046144,2526674944
2026-07-09T05:40:51.831186,17006837760,16352346112,654491648,3.8,13847576576,1007534080,1930510336,119046144,2526674944
2026-07-09T05:40:52.831473,17006837760,16352346112,654491648,3.8,13847576576,1007534080,1930510336,119046144,2526674944
2026-07-09T05:40:53.831750,17006837760,16351608832,655228928,3.9,13846839296,1007534080,1930510336,119046144,2526674944
2026-07-09T05:40:54.832051,17006837760,16351608832,655228928,3.9,13846839296,1007534080,1930510336,119046144,2526674944
2026-07-09T05:40:55.832342,17006837760,16351870976,654966784,3.9,13847101440,1007534080,1930510336,119046144,2526674944
2026-07-09T05:40:56.832671,17006837760,16352100352,654737408,3.8,13847330816,1007534080,1930510336,119046144,2526674944
2026-07-09T05:40:57.832989,17006837760,16352346112,654491648,3.8,13847576576,1007534080,1930510336,119046144,2526674944
2026-07-09T05:40:58.833228,17006837760,16351608832,655228928,3.9,13846839296,1007534080,1930510336,119046144,2526674944
2026-07-09T05:40:59.833481,17006837760,16350855168,655982592,3.9,13846085632,1007534080,1930510336,119046144,2526674944
2026-07-09T05:41:00.833780,17006837760,16351100928,655736832,3.9,13846331392,1007534080,1930510336,119046144,2526674944
2026-07-09T05:41:01.834049,17006837760,16351117312,655720448,3.9,13846347776,1007534080,1930510336,119046144,2526674944
2026-07-09T05:41:02.834296,17006837760,16350117888,656719872,3.9,13845348352,1007534080,1930510336,119046144,2526674944
2026-07-09T05:41:03.834537,17006837760,16349151232,657686528,3.9,13844381696,1007534080,1930510336,119046144,2526674944
2026-07-09T05:41:04.834782,17006837760,16349904896,656932864,3.9,13845102592,1007599616,1930543104,119046144,2526674944
2026-07-09T05:41:05.835023,17006837760,16350887936,655949824,3.9,13846085632,1007599616,1930543104,119046144,2526674944
2026-07-09T05:41:06.835314,17006837760,16351854592,654983168,3.9,13847052288,1007599616,1930543104,119046144,2526674944
2026-07-09T05:41:07.835617,17006837760,16351133696,655704064,3.9,13846331392,1007599616,1930543104,119046144,2526674944
2026-07-09T05:41:08.835945,17006837760,16350887936,655949824,3.9,13846085632,1007599616,1930543104,119046144,2526691328
2026-07-09T05:41:09.836265,17006837760,16349675520,657162240,3.9,13844873216,1007599616,1930543104,119046144,2526691328
2026-07-09T05:41:10.836567,17006837760,16349184000,657653760,3.9,13844381696,1007599616,1930543104,119046144,2526691328
2026-07-09T05:41:11.836868,17006837760,16350199808,656637952,3.9,13845397504,1007599616,1930543104,119046144,2526691328
2026-07-09T05:41:12.837157,17006837760,16350445568,656392192,3.9,13845643264,1007599616,1930543104,119046144,2526691328
2026-07-09T05:41:13.837438,17006837760,16350920704,655917056,3.9,13846118400,1007599616,1930543104,119046144,2526691328
2026-07-09T05:41:14.837734,17006837760,16351412224,655425536,3.9,13846593536,1007616000,1930559488,119046144,2526691328
2026-07-09T05:41:15.838028,17006837760,16351887360,654950400,3.9,13847068672,1007616000,1930559488,119046144,2526691328
2026-07-09T05:41:16.838328,17006837760,16352378880,654458880,3.8,13847560192,1007616000,1930559488,119046144,2526691328
2026-07-09T05:41:17.838646,17006837760,16351641600,655196160,3.9,13846822912,1007616000,1930559488,119046144,2526691328
2026-07-09T05:41:18.838965,17006837760,16351641600,655196160,3.9,13846822912,1007616000,1930559488,119046144,2526691328
2026-07-09T05:41:19.839277,17006837760,16351641600,655196160,3.9,13846822912,1007616000,1930559488,119046144,2526691328
2026-07-09T05:41:20.839593,17006837760,16351887360,654950400,3.9,13847068672,1007616000,1930559488,119046144,2526691328
2026-07-09T05:41:21.839916,17006837760,16352804864,654032896,3.8,13847986176,1007616000,1930559488,119046144,2526691328
2026-07-09T05:41:22.840242,17006837760,16351330304,655507456,3.9,13846511616,1007616000,1930559488,119046144,2526691328
2026-07-09T05:41:23.840569,17006837760,16351559680,655278080,3.9,13846740992,1007616000,1930559488,119046144,2526691328
2026-07-09T05:41:24.840844,17006837760,16351068160,655769600,3.9,13846249472,1007616000,1930559488,119046144,2526691328
2026-07-09T05:41:25.841083,17006837760,16351313920,655523840,3.9,13846495232,1007616000,1930559488,119046144,2526691328
2026-07-09T05:41:26.841331,17006837760,16351821824,655015936,3.9,13847003136,1007616000,1930559488,119046144,2526691328
2026-07-09T05:41:27.841573,17006837760,16351821824,655015936,3.9,13847003136,1007616000,1930559488,119046144,2526691328
2026-07-09T05:41:28.841817,17006837760,16351576064,655261696,3.9,13846757376,1007616000,1930559488,119046144,2526691328
2026-07-09T05:41:29.842126,17006837760,16351608832,655228928,3.9,13846790144,1007616000,1930559488,119046144,2526691328
2026-07-09T05:41:30.842458,17006837760,16349855744,656982016,3.9,13845037056,1007616000,1930559488,119046144,2526691328
2026-07-09T05:41:31.842730,17006837760,16349659136,657178624,3.9,13844840448,1007616000,1930559488,119046144,2526707712
2026-07-09T05:41:32.842964,17006837760,16349904896,656932864,3.9,13845086208,1007616000,1930559488,119046144,2526707712
2026-07-09T05:41:33.843213,17006837760,16350396416,656441344,3.9,13845577728,1007616000,1930559488,119046144,2526707712
2026-07-09T05:41:34.843468,17006837760,16349167616,657670144,3.9,13844348928,1007616000,1930559488,119046144,2526707712
2026-07-09T05:41:35.843841,17006837760,16349167616,657670144,3.9,13844348928,1007616000,1930559488,119046144,2526707712
2026-07-09T05:41:36.844131,17006837760,16349396992,657440768,3.9,13844578304,1007616000,1930559488,119046144,2526707712
2026-07-09T05:41:37.844393,17006837760,16349265920,657571840,3.9,13844447232,1007616000,1930559488,119046144,2526707712
2026-07-09T05:41:38.844630,17006837760,16349708288,657129472,3.9,13844889600,1007616000,1930559488,119046144,2526707712
2026-07-09T05:41:39.844878,17006837760,16349970432,656867328,3.9,13845151744,1007616000,1930559488,119046144,2526707712
2026-07-09T05:41:40.845105,17006837760,16349642752,657195008,3.9,13844824064,1007648768,1930559488,119046144,2526707712
2026-07-09T05:41:41.845326,17006837760,16349544448,657293312,3.9,13844725760,1007648768,1930559488,119046144,2526707712
2026-07-09T05:41:42.845580,17006837760,16350281728,656556032,3.9,13845463040,1007648768,1930559488,119046144,2526707712
2026-07-09T05:41:43.845854,17006837760,16350543872,656293888,3.9,13845725184,1007648768,1930559488,119046144,2526707712
2026-07-09T05:41:44.846135,17006837760,16349315072,657522688,3.9,13844496384,1007648768,1930559488,119046144,2526707712
2026-07-09T05:41:45.846440,17006837760,16349315072,657522688,3.9,13844496384,1007665152,1930559488,119046144,2526707712
2026-07-09T05:41:46.846737,17006837760,16347348992,659488768,3.9,13842530304,1007665152,1930559488,119046144,2526707712
2026-07-09T05:41:47.847041,17006837760,16347676672,659161088,3.9,13842857984,1007665152,1930559488,119046144,2526707712
2026-07-09T05:41:48.847301,17006837760,16347676672,659161088,3.9,13842857984,1007665152,1930559488,119046144,2526707712
2026-07-09T05:41:49.847536,17006837760,16347840512,658997248,3.9,13843021824,1007665152,1930559488,119046144,2526707712
2026-07-09T05:41:50.847775,17006837760,16348332032,658505728,3.9,13843513344,1007665152,1930559488,119046144,2526707712
2026-07-09T05:41:51.848013,17006837760,16348332032,658505728,3.9,13843513344,1007665152,1930559488,119046144,2526707712
2026-07-09T05:41:52.848256,17006837760,16346972160,659865600,3.9,13842153472,1007665152,1930559488,119046144,2526707712
2026-07-09T05:41:53.848495,17006837760,16347217920,659619840,3.9,13842382848,1007665152,1930559488,119046144,2526740480
2026-07-09T05:41:54.848730,17006837760,16347217920,659619840,3.9,13842382848,1007665152,1930559488,119046144,2526740480
2026-07-09T05:41:55.848965,17006837760,16348397568,658440192,3.9,13843562496,1007665152,1930559488,119046144,2526740480
2026-07-09T05:41:56.849205,17006837760,16349331456,657506304,3.9,13844496384,1007665152,1930559488,119046144,2526740480
2026-07-09T05:41:57.849447,17006837760,16349102080,657735680,3.9,13844267008,1007665152,1930559488,119046144,2526740480
2026-07-09T05:41:58.849727,17006837760,16349085696,657752064,3.9,13844250624,1007665152,1930559488,119046144,2526740480
2026-07-09T05:41:59.849984,17006837760,16349003776,657833984,3.9,13844168704,1007665152,1930559488,119046144,2526740480
2026-07-09T05:42:00.850236,17006837760,16349216768,657620992,3.9,13844381696,1007665152,1930559488,119046144,2526740480
2026-07-09T05:42:01.850490,17006837760,16345497600,661340160,3.9,13840662528,1007665152,1930559488,119046144,2526740480
2026-07-09T05:42:02.850732,17006837760,16346021888,660815872,3.9,13841186816,1007665152,1930559488,119046144,2526740480
2026-07-09T05:42:03.850974,17006837760,16346349568,660488192,3.9,13841514496,1007665152,1930559488,119046144,2526740480
2026-07-09T05:42:04.851382,17006837760,16347824128,659013632,3.9,13842989056,1007665152,1930559488,119046144,2526740480
2026-07-09T05:42:05.851696,17006837760,16348135424,658702336,3.9,13843300352,1007665152,1930559488,119046144,2526740480
2026-07-09T05:42:06.851990,17006837760,16348643328,658194432,3.9,13843808256,1007665152,1930559488,119046144,2526740480
2026-07-09T05:42:07.852392,17006837760,16348168192,658669568,3.9,13843333120,1007665152,1930559488,119046144,2526740480
2026-07-09T05:42:08.852791,17006837760,16349380608,657457152,3.9,13844545536,1007665152,1930559488,119046144,2526740480
2026-07-09T05:42:09.853205,17006837760,16345956352,660881408,3.9,13841121280,1007665152,1930559488,119046144,2526740480
2026-07-09T05:42:10.853536,17006837760,16345645056,661192704,3.9,13840809984,1007665152,1930559488,119046144,2526740480
2026-07-09T05:42:11.853803,17006837760,16345989120,660848640,3.9,13841154048,1007665152,1930559488,119046144,2526740480
2026-07-09T05:42:12.854035,17006837760,16346775552,660062208,3.9,13841940480,1007665152,1930559488,119046144,2526740480
2026-07-09T05:42:13.854270,17006837760,16347267072,659570688,3.9,13842432000,1007665152,1930559488,119046144,2526740480
2026-07-09T05:42:14.854505,17006837760,16347709440,659128320,3.9,13842874368,1007665152,1930559488,119046144,2526756864
2026-07-09T05:42:15.854743,17006837760,16349102080,657735680,3.9,13844217856,1007763456,1930608640,119046144,2526756864
2026-07-09T05:42:16.855025,17006837760,16348921856,657915904,3.9,13844037632,1007763456,1930608640,119046144,2526756864
2026-07-09T05:42:17.855329,17006837760,16346693632,660144128,3.9,13841809408,1007763456,1930608640,119046144,2526756864
2026-07-09T05:42:18.855594,17006837760,16346955776,659881984,3.9,13842071552,1007763456,1930608640,119046144,2526756864
2026-07-09T05:42:19.855827,17006837760,16348151808,658685952,3.9,13843267584,1007763456,1930608640,119046144,2526756864
2026-07-09T05:42:20.856062,17006837760,16348872704,657965056,3.9,13843988480,1007763456,1930608640,119046144,2526756864
2026-07-09T05:42:21.856298,17006837760,16349118464,657719296,3.9,13844234240,1007763456,1930608640,119046144,2526756864
2026-07-09T05:42:22.856536,17006837760,16349298688,657539072,3.9,13844414464,1007763456,1930608640,119046144,2526756864
2026-07-09T05:42:23.856790,17006837760,16348856320,657981440,3.9,13843972096,1007763456,1930608640,119046144,2526756864
2026-07-09T05:42:24.857022,17006837760,16348692480,658145280,3.9,13843808256,1007763456,1930608640,119046144,2526756864
2026-07-09T05:42:25.857265,17006837760,16344514560,662323200,3.9,13839630336,1007763456,1930608640,119046144,2526756864
2026-07-09T05:42:26.857497,17006837760,16345071616,661766144,3.9,13840187392,1007763456,1930608640,119046144,2526756864
2026-07-09T05:42:27.858294,17006837760,16345317376,661520384,3.9,13840433152,1007763456,1930608640,119046144,2526756864
2026-07-09T05:42:28.858581,17006837760,16346136576,660701184,3.9,13841252352,1007763456,1930608640,119046144,2526756864
2026-07-09T05:42:29.858934,17006837760,16346382336,660455424,3.9,13841498112,1007763456,1930608640,119046144,2526756864
2026-07-09T05:42:30.859300,17006837760,16347594752,659243008,3.9,13842710528,1007763456,1930608640,119046144,2526756864
2026-07-09T05:42:31.859665,17006837760,16347545600,659292160,3.9,13842661376,1007763456,1930608640,119046144,2526756864
2026-07-09T05:42:32.859989,17006837760,16347791360,659046400,3.9,13842907136,1007763456,1930608640,119046144,2526756864
2026-07-09T05:42:33.860347,17006837760,16348889088,657948672,3.9,13844004864,1007763456,1930608640,119046144,2526756864
2026-07-09T05:42:34.860707,17006837760,16348659712,658178048,3.9,13843775488,1007763456,1930608640,119046144,2526756864
2026-07-09T05:42:35.861068,17006837760,16348200960,658636800,3.9,13843316736,1007763456,1930608640,119046144,2526773248
2026-07-09T05:42:36.861425,17006837760,16349184000,657653760,3.9,13844299776,1007763456,1930608640,119046144,2526773248
2026-07-09T05:42:37.861896,17006837760,16350085120,656752640,3.9,13845200896,1007763456,1930608640,119046144,2526773248
2026-07-09T05:42:38.862357,17006837760,16350560256,656277504,3.9,13845676032,1007763456,1930608640,119046144,2526773248
2026-07-09T05:42:39.862811,17006837760,16350724096,656113664,3.9,13845839872,1007763456,1930608640,119046144,2526773248
2026-07-09T05:42:40.863225,17006837760,16350396416,656441344,3.9,13845512192,1007763456,1930608640,119046144,2526773248
2026-07-09T05:42:41.863505,17006837760,16350396416,656441344,3.9,13845512192,1007763456,1930608640,119046144,2526773248
2026-07-09T05:42:42.863789,17006837760,16350691328,656146432,3.9,13845807104,1007763456,1930608640,119046144,2526773248
2026-07-09T05:42:43.864071,17006837760,16350691328,656146432,3.9,13845807104,1007763456,1930608640,119046144,2526773248
2026-07-09T05:42:44.864353,17006837760,16351199232,655638528,3.9,13846315008,1007763456,1930608640,119046144,2526773248
2026-07-09T05:42:45.864687,17006837760,16351232000,655605760,3.9,13846347776,1007763456,1930608640,119046144,2526773248
2026-07-09T05:42:46.865047,17006837760,16351002624,655835136,3.9,13846102016,1007812608,1930625024,119046144,2526773248
2026-07-09T05:42:47.865425,17006837760,16350511104,656326656,3.9,13845610496,1007812608,1930625024,119046144,2526773248
2026-07-09T05:42:48.865771,17006837760,16350740480,656097280,3.9,13845839872,1007812608,1930625024,119046144,2526773248
2026-07-09T05:42:49.866070,17006837760,16350920704,655917056,3.9,13846020096,1007812608,1930625024,119046144,2526773248
2026-07-09T05:42:50.866349,17006837760,16351707136,655130624,3.9,13846806528,1007812608,1930625024,119046144,2526773248
2026-07-09T05:42:51.866629,17006837760,16350216192,656621568,3.9,13845315584,1007812608,1930625024,119046144,2526773248
2026-07-09T05:42:52.866909,17006837760,16350101504,656736256,3.9,13845200896,1007812608,1930625024,119046144,2526773248
2026-07-09T05:42:53.867188,17006837760,16350101504,656736256,3.9,13845200896,1007812608,1930625024,119046144,2526773248
2026-07-09T05:42:54.867527,17006837760,16350363648,656474112,3.9,13845463040,1007812608,1930625024,119046144,2526773248
2026-07-09T05:42:55.867890,17006837760,16351330304,655507456,3.9,13846429696,1007812608,1930625024,119046144,2526773248
2026-07-09T05:42:56.868251,17006837760,16351330304,655507456,3.9,13846429696,1007812608,1930625024,119046144,2526773248
2026-07-09T05:42:57.868610,17006837760,16350838784,655998976,3.9,13845938176,1007812608,1930625024,119046144,2526789632
2026-07-09T05:42:58.868996,17006837760,16350838784,655998976,3.9,13845938176,1007812608,1930625024,119046144,2526789632
2026-07-09T05:42:59.869373,17006837760,16340975616,665862144,3.9,13836075008,1007812608,1930625024,119046144,2526789632
2026-07-09T05:43:00.869735,17006837760,16341450752,665387008,3.9,13836550144,1007812608,1930625024,119046144,2526789632
2026-07-09T05:43:01.870081,17006837760,16344285184,662552576,3.9,13839384576,1007812608,1930625024,119046144,2526789632
2026-07-09T05:43:02.870427,17006837760,16343531520,663306240,3.9,13838630912,1007812608,1930625024,119046144,2526789632
2026-07-09T05:43:03.870781,17006837760,16342548480,664289280,3.9,13837647872,1007812608,1930625024,119046144,2526789632
2026-07-09T05:43:04.871138,17006837760,16343842816,662994944,3.9,13838942208,1007812608,1930625024,119046144,2526789632
2026-07-09T05:43:05.871490,17006837760,16345628672,661209088,3.9,13840728064,1007812608,1930625024,119046144,2526789632
2026-07-09T05:43:06.871831,17006837760,16346120192,660717568,3.9,13841219584,1007812608,1930625024,119046144,2526789632
2026-07-09T05:43:07.872192,17006837760,16346611712,660226048,3.9,13841711104,1007812608,1930625024,119046144,2526789632
2026-07-09T05:43:08.872559,17006837760,16346677248,660160512,3.9,13841776640,1007812608,1930625024,119046144,2526789632
2026-07-09T05:43:09.872927,17006837760,16346185728,660652032,3.9,13841285120,1007812608,1930625024,119046144,2526789632
2026-07-09T05:43:10.873298,17006837760,16346857472,659980288,3.9,13841956864,1007812608,1930625024,119046144,2526789632
2026-07-09T05:43:11.873657,17006837760,16347103232,659734528,3.9,13842202624,1007812608,1930625024,119046144,2526789632
2026-07-09T05:43:12.873966,17006837760,16348692480,658145280,3.9,13843791872,1007812608,1930625024,119046144,2526789632
2026-07-09T05:43:13.874243,17006837760,16348692480,658145280,3.9,13843791872,1007812608,1930625024,119046144,2526789632
2026-07-09T05:43:14.874521,17006837760,16348938240,657899520,3.9,13844037632,1007812608,1930625024,119046144,2526789632
2026-07-09T05:43:15.874801,17006837760,16349020160,657817600,3.9,13844119552,1007812608,1930625024,119046144,2526789632
2026-07-09T05:43:16.875079,17006837760,16348528640,658309120,3.9,13843628032,1007812608,1930625024,119046144,2526789632
2026-07-09T05:43:17.875418,17006837760,16348790784,658046976,3.9,13843890176,1007894528,1930625024,119046144,2526789632
2026-07-09T05:43:18.875784,17006837760,16349265920,657571840,3.9,13844365312,1007894528,1930625024,119046144,2526789632
2026-07-09T05:43:19.876145,17006837760,16349511680,657326080,3.9,13844611072,1007894528,1930625024,119046144,2526789632
2026-07-09T05:43:20.876489,17006837760,16348250112,658587648,3.9,13843349504,1007894528,1930625024,119046144,2526806016
2026-07-09T05:43:21.876852,17006837760,16348250112,658587648,3.9,13843349504,1007894528,1930625024,119046144,2526806016
2026-07-09T05:43:22.877219,17006837760,16348495872,658341888,3.9,13843595264,1007894528,1930625024,119046144,2526806016
2026-07-09T05:43:23.877583,17006837760,16349462528,657375232,3.9,13844561920,1007894528,1930625024,119046144,2526806016
2026-07-09T05:43:24.877950,17006837760,16347021312,659816448,3.9,13842120704,1007894528,1930625024,119046144,2526806016
2026-07-09T05:43:25.878302,17006837760,16345055232,661782528,3.9,13840154624,1007894528,1930625024,119046144,2526806016
2026-07-09T05:43:26.878637,17006837760,16346021888,660815872,3.9,13841121280,1007894528,1930625024,119046144,2526806016
2026-07-09T05:43:27.878989,17006837760,16345530368,661307392,3.9,13840629760,1007894528,1930625024,119046144,2526806016
2026-07-09T05:43:28.879344,17006837760,16347283456,659554304,3.9,13842382848,1007894528,1930625024,119046144,2526806016
2026-07-09T05:43:29.879699,17006837760,16347037696,659800064,3.9,13842137088,1007894528,1930625024,119046144,2526806016
2026-07-09T05:43:30.880053,17006837760,16347660288,659177472,3.9,13842759680,1007894528,1930625024,119046144,2526806016
2026-07-09T05:43:31.880346,17006837760,16348626944,658210816,3.9,13843726336,1007894528,1930625024,119046144,2526806016
2026-07-09T05:43:32.880622,17006837760,16349790208,657047552,3.9,13844889600,1007894528,1930625024,119046144,2526806016
2026-07-09T05:43:33.880903,17006837760,16349970432,656867328,3.9,13845069824,1007894528,1930625024,119046144,2526806016
2026-07-09T05:43:34.881184,17006837760,16348987392,657850368,3.9,13844086784,1007894528,1930625024,119046144,2526806016
2026-07-09T05:43:35.881479,17006837760,16349396992,657440768,3.9,13844496384,1007894528,1930625024,119046144,2526806016
2026-07-09T05:43:36.881809,17006837760,16350363648,656474112,3.9,13845463040,1007894528,1930625024,119046144,2526806016
2026-07-09T05:43:37.882258,17006837760,16350855168,655982592,3.9,13845954560,1007894528,1930625024,119046144,2526806016
2026-07-09T05:43:38.882621,17006837760,16350855168,655982592,3.9,13845954560,1007894528,1930625024,119046144,2526806016
2026-07-09T05:43:39.882985,17006837760,16351363072,655474688,3.9,13846462464,1007894528,1930625024,119046144,2526806016
2026-07-09T05:43:40.883337,17006837760,16351592448,655245312,3.9,13846691840,1007894528,1930625024,119046144,2526806016
2026-07-09T05:43:41.883682,17006837760,16351592448,655245312,3.9,13846691840,1007894528,1930625024,119046144,2526806016
2026-07-09T05:43:42.884039,17006837760,16351592448,655245312,3.9,13846691840,1007894528,1930625024,119046144,2526822400
2026-07-09T05:43:43.884346,17006837760,16351969280,654868480,3.9,13847068672,1007894528,1930625024,119046144,2526822400
2026-07-09T05:43:44.884706,17006837760,16350986240,655851520,3.9,13846085632,1007894528,1930625024,119046144,2526822400
2026-07-09T05:43:45.885003,17006837760,16350986240,655851520,3.9,13846085632,1007894528,1930625024,119046144,2526822400
2026-07-09T05:43:46.885306,17006837760,16351477760,655360000,3.9,13846577152,1007894528,1930625024,119046144,2526822400
2026-07-09T05:43:47.885584,17006837760,16351232000,655605760,3.9,13846331392,1007894528,1930625024,119046144,2526822400
2026-07-09T05:43:48.885931,17006837760,16351248384,655589376,3.9,13846331392,1007894528,1930641408,119046144,2526822400
2026-07-09T05:43:49.886234,17006837760,16351412224,655425536,3.9,13846495232,1007894528,1930641408,119046144,2526822400
2026-07-09T05:43:50.886600,17006837760,16351412224,655425536,3.9,13846495232,1007894528,1930641408,119046144,2526822400
2026-07-09T05:43:51.886966,17006837760,16351985664,654852096,3.9,13847068672,1007894528,1930641408,119046144,2526822400
2026-07-09T05:43:52.887248,17006837760,16350756864,656080896,3.9,13845839872,1007894528,1930641408,119046144,2526822400
2026-07-09T05:43:53.887531,17006837760,16350265344,656572416,3.9,13845348352,1007894528,1930641408,119046144,2526822400
2026-07-09T05:43:54.887975,17006837760,16350265344,656572416,3.9,13845348352,1007894528,1930641408,119046144,2526822400
2026-07-09T05:43:55.888336,17006837760,16350543872,656293888,3.9,13845626880,1007894528,1930641408,119046144,2526822400
2026-07-09T05:43:56.888694,17006837760,16351510528,655327232,3.9,13846593536,1007894528,1930641408,119046144,2526822400
2026-07-09T05:43:57.889042,17006837760,16351330304,655507456,3.9,13846413312,1007894528,1930641408,119046144,2526822400
2026-07-09T05:43:58.889405,17006837760,16351821824,655015936,3.9,13846904832,1007894528,1930641408,119046144,2526822400
2026-07-09T05:43:59.889716,17006837760,16351084544,655753216,3.9,13846167552,1007894528,1930641408,119046144,2526822400
2026-07-09T05:44:00.889999,17006837760,16348151808,658685952,3.9,13843234816,1007894528,1930641408,119046144,2526822400
2026-07-09T05:44:01.890278,17006837760,16347348992,659488768,3.9,13842432000,1007894528,1930641408,119046144,2526822400
2026-07-09T05:44:02.890558,17006837760,16348151808,658685952,3.9,13843234816,1007894528,1930641408,119046144,2526822400
2026-07-09T05:44:03.890845,17006837760,16348397568,658440192,3.9,13843480576,1007894528,1930641408,119046144,2526822400
2026-07-09T05:44:04.891187,17006837760,16348151808,658685952,3.9,13843234816,1007894528,1930641408,119046144,2526838784
2026-07-09T05:44:05.891495,17006837760,16348151808,658685952,3.9,13843234816,1007894528,1930641408,119046144,2526838784
2026-07-09T05:44:06.891781,17006837760,16349888512,656949248,3.9,13844971520,1007894528,1930641408,119046144,2526838784
2026-07-09T05:44:07.892059,17006837760,16350101504,656736256,3.9,13845184512,1007894528,1930641408,119046144,2526838784
2026-07-09T05:44:08.892339,17006837760,16349691904,657145856,3.9,13844774912,1007894528,1930641408,119046144,2526838784
2026-07-09T05:44:09.892622,17006837760,16349429760,657408000,3.9,13844512768,1007894528,1930641408,119046144,2526838784
2026-07-09T05:44:10.892964,17006837760,16349265920,657571840,3.9,13844348928,1007894528,1930641408,119046144,2526838784
2026-07-09T05:44:11.893337,17006837760,16349511680,657326080,3.9,13844594688,1007894528,1930641408,119046144,2526838784
2026-07-09T05:44:12.893694,17006837760,16350494720,656343040,3.9,13845577728,1007894528,1930641408,119046144,2526838784
2026-07-09T05:44:13.894055,17006837760,16350969856,655867904,3.9,13846052864,1007894528,1930641408,119046144,2526838784
2026-07-09T05:44:14.894419,17006837760,16350969856,655867904,3.9,13846052864,1007894528,1930641408,119046144,2526838784
2026-07-09T05:44:15.894780,17006837760,16351477760,655360000,3.9,13846560768,1007894528,1930641408,119046144,2526838784
2026-07-09T05:44:16.895141,17006837760,16351707136,655130624,3.9,13846790144,1007894528,1930641408,119046144,2526838784
2026-07-09T05:44:17.895508,17006837760,16349986816,656850944,3.9,13845069824,1007894528,1930641408,119046144,2526838784
2026-07-09T05:44:18.895813,17006837760,16349741056,657096704,3.9,13844824064,1007894528,1930641408,119046144,2526838784
2026-07-09T05:44:19.896085,17006837760,16350756864,656080896,3.9,13845823488,1007992832,1930657792,119046144,2526838784
2026-07-09T05:44:20.896446,17006837760,16351232000,655605760,3.9,13846298624,1007992832,1930657792,119046144,2526838784
2026-07-09T05:44:21.896747,17006837760,16351477760,655360000,3.9,13846544384,1007992832,1930657792,119046144,2526838784
2026-07-09T05:44:22.897028,17006837760,16351133696,655704064,3.9,13846200320,1007992832,1930657792,119046144,2526838784
2026-07-09T05:44:23.897383,17006837760,16350887936,655949824,3.9,13845954560,1007992832,1930657792,119046144,2526838784
2026-07-09T05:44:24.897755,17006837760,16350642176,656195584,3.9,13845708800,1007992832,1930657792,119046144,2526838784
2026-07-09T05:44:25.898110,17006837760,16352100352,654737408,3.8,13847166976,1007992832,1930657792,119046144,2526838784
2026-07-09T05:44:26.898470,17006837760,16351838208,654999552,3.9,13846904832,1007992832,1930657792,119046144,2526855168
2026-07-09T05:44:27.898834,17006837760,16351608832,655228928,3.9,13846675456,1007992832,1930657792,119046144,2526855168
2026-07-09T05:44:28.899141,17006837760,16351150080,655687680,3.9,13846216704,1007992832,1930657792,119046144,2526855168
2026-07-09T05:44:29.899417,17006837760,16350920704,655917056,3.9,13845987328,1007992832,1930657792,119046144,2526855168
2026-07-09T05:44:30.899695,17006837760,16350920704,655917056,3.9,13845987328,1007992832,1930657792,119046144,2526855168
2026-07-09T05:44:31.899975,17006837760,16351412224,655425536,3.9,13846478848,1007992832,1930657792,119046144,2526855168
2026-07-09T05:44:32.900259,17006837760,16351166464,655671296,3.9,13846233088,1007992832,1930657792,119046144,2526855168
2026-07-09T05:44:33.900597,17006837760,16351166464,655671296,3.9,13846233088,1007992832,1930657792,119046144,2526855168
2026-07-09T05:44:34.900960,17006837760,16351477760,655360000,3.9,13846544384,1007992832,1930657792,119046144,2526855168
2026-07-09T05:44:35.901379,17006837760,16351723520,655114240,3.9,13846790144,1007992832,1930657792,119046144,2526855168
2026-07-09T05:44:36.901744,17006837760,16350740480,656097280,3.9,13845807104,1007992832,1930657792,119046144,2526855168
2026-07-09T05:44:37.902105,17006837760,16350724096,656113664,3.9,13845790720,1007992832,1930657792,119046144,2526855168
2026-07-09T05:44:38.902415,17006837760,16350969856,655867904,3.9,13846036480,1007992832,1930657792,119046144,2526855168
2026-07-09T05:44:39.902696,17006837760,16350969856,655867904,3.9,13846036480,1007992832,1930657792,119046144,2526855168
2026-07-09T05:44:40.902976,17006837760,16350232576,656605184,3.9,13845299200,1007992832,1930657792,119046144,2526855168
2026-07-09T05:44:41.903258,17006837760,16350347264,656490496,3.9,13845413888,1007992832,1930657792,119046144,2526855168
2026-07-09T05:44:42.903536,17006837760,16350347264,656490496,3.9,13845413888,1007992832,1930657792,119046144,2526855168
2026-07-09T05:44:43.903878,17006837760,16349855744,656982016,3.9,13844922368,1007992832,1930657792,119046144,2526855168
2026-07-09T05:44:44.904238,17006837760,16350347264,656490496,3.9,13845413888,1007992832,1930657792,119046144,2526855168
2026-07-09T05:44:45.904593,17006837760,16350593024,656244736,3.9,13845659648,1007992832,1930657792,119046144,2526855168
2026-07-09T05:44:46.904895,17006837760,16350838784,655998976,3.9,13845905408,1007992832,1930657792,119046144,2526855168
2026-07-09T05:44:47.905169,17006837760,16351084544,655753216,3.9,13846151168,1007992832,1930657792,119046144,2526855168
2026-07-09T05:44:48.905446,17006837760,16350838784,655998976,3.9,13845905408,1007992832,1930657792,119046144,2526871552
2026-07-09T05:44:49.905726,17006837760,16351330304,655507456,3.9,13846396928,1007992832,1930657792,119046144,2526871552
2026-07-09T05:44:50.906003,17006837760,16351592448,655245312,3.9,13846642688,1007992832,1930674176,119046144,2526871552
2026-07-09T05:44:51.906285,17006837760,16351592448,655245312,3.9,13846642688,1007992832,1930674176,119046144,2526871552
2026-07-09T05:44:52.906568,17006837760,16349626368,657211392,3.9,13844676608,1007992832,1930674176,119046144,2526871552
2026-07-09T05:44:53.906857,17006837760,16349872128,656965632,3.9,13844922368,1007992832,1930674176,119046144,2526871552
2026-07-09T05:44:54.907147,17006837760,16349872128,656965632,3.9,13844922368,1007992832,1930674176,119046144,2526871552
2026-07-09T05:44:55.907431,17006837760,16350117888,656719872,3.9,13845168128,1007992832,1930674176,119046144,2526871552
2026-07-09T05:44:56.907730,17006837760,16350117888,656719872,3.9,13845168128,1007992832,1930674176,119046144,2526871552
2026-07-09T05:44:57.908010,17006837760,16350674944,656162816,3.9,13845725184,1007992832,1930674176,119046144,2526871552
2026-07-09T05:44:58.908288,17006837760,16350806016,656031744,3.9,13845856256,1007992832,1930674176,119046144,2526871552
2026-07-09T05:44:59.908567,17006837760,16350396416,656441344,3.9,13845446656,1007992832,1930674176,119046144,2526871552
2026-07-09T05:45:00.908926,17006837760,16347201536,659636224,3.9,13842251776,1007992832,1930674176,119046144,2526871552
2026-07-09T05:45:01.909289,17006837760,16347414528,659423232,3.9,13842464768,1007992832,1930674176,119046144,2526871552
2026-07-09T05:45:02.909611,17006837760,16348889088,657948672,3.9,13843939328,1007992832,1930674176,119046144,2526871552
2026-07-09T05:45:03.909979,17006837760,16349380608,657457152,3.9,13844430848,1007992832,1930674176,119046144,2526871552
2026-07-09T05:45:04.910345,17006837760,16349855744,656982016,3.9,13844905984,1007992832,1930674176,119046144,2526871552
2026-07-09T05:45:05.910653,17006837760,16350822400,656015360,3.9,13845872640,1007992832,1930674176,119046144,2526871552
2026-07-09T05:45:06.910947,17006837760,16351313920,655523840,3.9,13846364160,1007992832,1930674176,119046144,2526871552
2026-07-09T05:45:07.911238,17006837760,16351559680,655278080,3.9,13846609920,1007992832,1930674176,119046144,2526871552
2026-07-09T05:45:08.911520,17006837760,16351068160,655769600,3.9,13846118400,1007992832,1930674176,119046144,2526871552
2026-07-09T05:45:09.911872,17006837760,16351313920,655523840,3.9,13846364160,1007992832,1930674176,119046144,2526871552
2026-07-09T05:45:10.912318,17006837760,16349593600,657244160,3.9,13844643840,1007992832,1930674176,119046144,2526887936
2026-07-09T05:45:11.912628,17006837760,16349855744,656982016,3.9,13844905984,1007992832,1930674176,119046144,2526887936
2026-07-09T05:45:12.912909,17006837760,16351133696,655704064,3.9,13846183936,1007992832,1930674176,119046144,2526887936
2026-07-09T05:45:13.913199,17006837760,16351379456,655458304,3.9,13846429696,1007992832,1930674176,119046144,2526887936
2026-07-09T05:45:14.913490,17006837760,16351379456,655458304,3.9,13846429696,1007992832,1930674176,119046144,2526887936
2026-07-09T05:45:15.913773,17006837760,16351444992,655392768,3.9,13846495232,1007992832,1930674176,119046144,2526887936
2026-07-09T05:45:16.914252,17006837760,16351690752,655147008,3.9,13846740992,1007992832,1930674176,119046144,2526887936
2026-07-09T05:45:17.914630,17006837760,16350625792,656211968,3.9,13845676032,1007992832,1930674176,119046144,2526887936
2026-07-09T05:45:18.915000,17006837760,16350625792,656211968,3.9,13845676032,1007992832,1930674176,119046144,2526887936
2026-07-09T05:45:19.915368,17006837760,16351100928,655736832,3.9,13846151168,1007992832,1930674176,119046144,2526887936
2026-07-09T05:45:20.915733,17006837760,16351821824,655015936,3.9,13846872064,1007992832,1930674176,119046144,2526887936
2026-07-09T05:45:21.916099,17006837760,16351592448,655245312,3.9,13846642688,1007992832,1930674176,119046144,2526887936
2026-07-09T05:45:22.916486,17006837760,16350609408,656228352,3.9,13845659648,1007992832,1930674176,119046144,2526887936
2026-07-09T05:45:23.916855,17006837760,16350609408,656228352,3.9,13845659648,1007992832,1930674176,119046144,2526887936
2026-07-09T05:45:24.917220,17006837760,16351100928,655736832,3.9,13846151168,1007992832,1930674176,119046144,2526887936
2026-07-09T05:45:25.917604,17006837760,16351838208,654999552,3.9,13846888448,1007992832,1930674176,119046144,2526887936
2026-07-09T05:45:26.917977,17006837760,16351838208,654999552,3.9,13846888448,1007992832,1930674176,119046144,2526887936
2026-07-09T05:45:27.918346,17006837760,16351346688,655491072,3.9,13846396928,1007992832,1930674176,119046144,2526887936
2026-07-09T05:45:28.918697,17006837760,16351346688,655491072,3.9,13846396928,1007992832,1930674176,119046144,2526887936
2026-07-09T05:45:29.919142,17006837760,16351592448,655245312,3.9,13846642688,1007992832,1930674176,119046144,2526887936
2026-07-09T05:45:30.919479,17006837760,16351592448,655245312,3.9,13846642688,1007992832,1930674176,119046144,2526887936
2026-07-09T05:45:31.919828,17006837760,16351592448,655245312,3.9,13846642688,1007992832,1930674176,119046144,2526887936
2026-07-09T05:45:32.920168,17006837760,16352067584,654770176,3.9,13847117824,1007992832,1930674176,119046144,2526887936
2026-07-09T05:45:33.920517,17006837760,16351576064,655261696,3.9,13846626304,1007992832,1930674176,119046144,2526904320
2026-07-09T05:45:34.920862,17006837760,16351313920,655523840,3.9,13846364160,1007992832,1930674176,119046144,2526904320
2026-07-09T05:45:35.921211,17006837760,16350576640,656261120,3.9,13845626880,1007992832,1930674176,119046144,2526904320
2026-07-09T05:45:36.921611,17006837760,16350576640,656261120,3.9,13845626880,1007992832,1930674176,119046144,2526904320
2026-07-09T05:45:37.921914,17006837760,16350822400,656015360,3.9,13845872640,1007992832,1930674176,119046144,2526904320
2026-07-09T05:45:38.922196,17006837760,16351657984,655179776,3.9,13846708224,1007992832,1930674176,119046144,2526904320
2026-07-09T05:45:39.922479,17006837760,16351657984,655179776,3.9,13846708224,1007992832,1930674176,119046144,2526904320
2026-07-09T05:45:40.922760,17006837760,16351166464,655671296,3.9,13846216704,1007992832,1930674176,119046144,2526904320
2026-07-09T05:45:41.923049,17006837760,16351641600,655196160,3.9,13846691840,1007992832,1930674176,119046144,2526904320
2026-07-09T05:45:42.923393,17006837760,16351870976,654966784,3.9,13846921216,1007992832,1930674176,119046144,2526904320
2026-07-09T05:45:43.923763,17006837760,16351543296,655294464,3.9,13846593536,1007992832,1930674176,119046144,2526904320
2026-07-09T05:45:44.924120,17006837760,16351543296,655294464,3.9,13846593536,1007992832,1930674176,119046144,2526904320
2026-07-09T05:45:45.924473,17006837760,16351805440,655032320,3.9,13846855680,1007992832,1930674176,119046144,2526904320
2026-07-09T05:45:46.924780,17006837760,16351297536,655540224,3.9,13846347776,1007992832,1930674176,119046144,2526904320
2026-07-09T05:45:47.925070,17006837760,16351297536,655540224,3.9,13846347776,1007992832,1930674176,119046144,2526904320
2026-07-09T05:45:48.925359,17006837760,16351772672,655065088,3.9,13846822912,1007992832,1930674176,119046144,2526904320
2026-07-09T05:45:49.925654,17006837760,16351739904,655097856,3.9,13846790144,1007992832,1930674176,119046144,2526904320
2026-07-09T05:45:50.925936,17006837760,16351494144,655343616,3.9,13846544384,1007992832,1930674176,119046144,2526904320
2026-07-09T05:45:51.926223,17006837760,16351592448,655245312,3.9,13846560768,1008238592,1930756096,119046144,2526904320
2026-07-09T05:45:52.934071,17006837760,16351838208,654999552,3.9,13846806528,1008238592,1930756096,119046144,2526904320
2026-07-09T05:45:53.934363,17006837760,16351838208,654999552,3.9,13846806528,1008238592,1930756096,119046144,2526904320
2026-07-09T05:45:54.934642,17006837760,16351363072,655474688,3.9,13846331392,1008238592,1930756096,119046144,2526920704
2026-07-09T05:45:55.934915,17006837760,16351363072,655474688,3.9,13846331392,1008238592,1930756096,119046144,2526920704
2026-07-09T05:45:56.935253,17006837760,16351363072,655474688,3.9,13846331392,1008238592,1930756096,119046144,2526920704
2026-07-09T05:45:57.935630,17006837760,16351838208,654999552,3.9,13846806528,1008238592,1930756096,119046144,2526920704
2026-07-09T05:45:58.935993,17006837760,16350609408,656228352,3.9,13845577728,1008238592,1930756096,119046144,2526920704
2026-07-09T05:45:59.936300,17006837760,16347906048,658931712,3.9,13842874368,1008238592,1930756096,119046144,2526920704
2026-07-09T05:46:00.936582,17006837760,16348643328,658194432,3.9,13843611648,1008238592,1930756096,119046144,2526920704
2026-07-09T05:46:01.936861,17006837760,16349167616,657670144,3.9,13844135936,1008238592,1930756096,119046144,2526920704
2026-07-09T05:46:02.937206,17006837760,16349396992,657440768,3.9,13844365312,1008238592,1930756096,119046144,2526920704
2026-07-09T05:46:03.937566,17006837760,16348905472,657932288,3.9,13843873792,1008238592,1930756096,119046144,2526920704
2026-07-09T05:46:04.937911,17006837760,16348168192,658669568,3.9,13843136512,1008238592,1930756096,119046144,2526920704
2026-07-09T05:46:05.938278,17006837760,16349560832,657276928,3.9,13844529152,1008238592,1930756096,119046144,2526920704
2026-07-09T05:46:06.938645,17006837760,16349315072,657522688,3.9,13844283392,1008238592,1930756096,119046144,2526920704
2026-07-09T05:46:07.939012,17006837760,16349790208,657047552,3.9,13844758528,1008238592,1930756096,119046144,2526920704
2026-07-09T05:46:08.939385,17006837760,16350035968,656801792,3.9,13845004288,1008238592,1930756096,119046144,2526920704
2026-07-09T05:46:09.939695,17006837760,16350019584,656818176,3.9,13844987904,1008238592,1930756096,119046144,2526920704
2026-07-09T05:46:10.939971,17006837760,16350363648,656474112,3.9,13845331968,1008238592,1930756096,119046144,2526920704
2026-07-09T05:46:11.940258,17006837760,16350855168,655982592,3.9,13845823488,1008238592,1930756096,119046144,2526920704
2026-07-09T05:46:12.940540,17006837760,16351100928,655736832,3.9,13846069248,1008238592,1930756096,119046144,2526920704
2026-07-09T05:46:13.940817,17006837760,16350937088,655900672,3.9,13845905408,1008238592,1930756096,119046144,2526920704
2026-07-09T05:46:14.941161,17006837760,16351182848,655654912,3.9,13846151168,1008238592,1930756096,119046144,2526920704
2026-07-09T05:46:15.941529,17006837760,16350691328,656146432,3.9,13845659648,1008238592,1930756096,119046144,2526937088
2026-07-09T05:46:16.941994,17006837760,16348741632,658096128,3.9,13843709952,1008238592,1930756096,119046144,2526937088
2026-07-09T05:46:17.942476,17006837760,16347758592,659079168,3.9,13842726912,1008238592,1930756096,119046144,2526937088
2026-07-09T05:46:18.942843,17006837760,16349134848,657702912,3.9,13844103168,1008238592,1930756096,119046144,2526937088
2026-07-09T05:46:19.943206,17006837760,16348889088,657948672,3.9,13843857408,1008238592,1930756096,119046144,2526937088
2026-07-09T05:46:20.943571,17006837760,16349134848,657702912,3.9,13844103168,1008238592,1930756096,119046144,2526937088
2026-07-09T05:46:21.943936,17006837760,16349134848,657702912,3.9,13844103168,1008238592,1930756096,119046144,2526937088
2026-07-09T05:46:22.944299,17006837760,16348413952,658423808,3.9,13843365888,1008287744,1930772480,119046144,2526937088
2026-07-09T05:46:23.944665,17006837760,16347922432,658915328,3.9,13842874368,1008287744,1930772480,119046144,2526937088
2026-07-09T05:46:24.944974,17006837760,16347807744,659030016,3.9,13842759680,1008287744,1930772480,119046144,2526937088
2026-07-09T05:46:25.945268,17006837760,16349396992,657440768,3.9,13844348928,1008287744,1930772480,119046144,2526937088
2026-07-09T05:46:26.945552,17006837760,16349560832,657276928,3.9,13844512768,1008287744,1930772480,119046144,2526937088
2026-07-09T05:46:27.945832,17006837760,16350035968,656801792,3.9,13844987904,1008287744,1930772480,119046144,2526937088
2026-07-09T05:46:28.946115,17006837760,16349544448,657293312,3.9,13844496384,1008287744,1930772480,119046144,2526937088
2026-07-09T05:46:29.946458,17006837760,16350003200,656834560,3.9,13844955136,1008287744,1930772480,119046144,2526937088
2026-07-09T05:46:30.946804,17006837760,16350248960,656588800,3.9,13845200896,1008287744,1930772480,119046144,2526937088
2026-07-09T05:46:31.947158,17006837760,16350003200,656834560,3.9,13844955136,1008287744,1930772480,119046144,2526937088
2026-07-09T05:46:32.947518,17006837760,16350478336,656359424,3.9,13845430272,1008287744,1930772480,119046144,2526937088
2026-07-09T05:46:33.947867,17006837760,16351199232,655638528,3.9,13846151168,1008287744,1930772480,119046144,2526937088
2026-07-09T05:46:34.948224,17006837760,16351444992,655392768,3.9,13846396928,1008287744,1930772480,119046144,2526937088
2026-07-09T05:46:35.948577,17006837760,16351657984,655179776,3.9,13846609920,1008287744,1930772480,119046144,2526937088
2026-07-09T05:46:36.948927,17006837760,16350904320,655933440,3.9,13845856256,1008287744,1930772480,119046144,2526937088
2026-07-09T05:46:37.949298,17006837760,16350691328,656146432,3.9,13845643264,1008287744,1930772480,119046144,2526937088
2026-07-09T05:46:38.949641,17006837760,16350691328,656146432,3.9,13845643264,1008287744,1930772480,119046144,2526937088
2026-07-09T05:46:39.949960,17006837760,16350461952,656375808,3.9,13845413888,1008287744,1930772480,119046144,2526953472
2026-07-09T05:46:40.950237,17006837760,16350494720,656343040,3.9,13845446656,1008287744,1930772480,119046144,2526953472
2026-07-09T05:46:41.950520,17006837760,16350527488,656310272,3.9,13845479424,1008287744,1930772480,119046144,2526953472
2026-07-09T05:46:42.950799,17006837760,16350756864,656080896,3.9,13845708800,1008287744,1930772480,119046144,2526953472
2026-07-09T05:46:43.951079,17006837760,16351330304,655507456,3.9,13846282240,1008287744,1930772480,119046144,2526953472
2026-07-09T05:46:44.951368,17006837760,16351576064,655261696,3.9,13846528000,1008287744,1930772480,119046144,2526953472
2026-07-09T05:46:45.951646,17006837760,16351576064,655261696,3.9,13846528000,1008287744,1930772480,119046144,2526953472
2026-07-09T05:46:46.951928,17006837760,16351543296,655294464,3.9,13846495232,1008287744,1930772480,119046144,2526953472
2026-07-09T05:46:47.952210,17006837760,16351395840,655441920,3.9,13846347776,1008287744,1930772480,119046144,2526953472
2026-07-09T05:46:48.952493,17006837760,16351395840,655441920,3.9,13846347776,1008287744,1930772480,119046144,2526953472
2026-07-09T05:46:49.952836,17006837760,16350527488,656310272,3.9,13845479424,1008287744,1930772480,119046144,2526953472
2026-07-09T05:46:50.953200,17006837760,16350281728,656556032,3.9,13845233664,1008287744,1930772480,119046144,2526953472
2026-07-09T05:46:51.953513,17006837760,16350986240,655851520,3.9,13845938176,1008287744,1930772480,119046144,2526953472
2026-07-09T05:46:52.953794,17006837760,16350986240,655851520,3.9,13845938176,1008287744,1930772480,119046144,2526953472
2026-07-09T05:46:53.954076,17006837760,16347791360,659046400,3.9,13842743296,1008304128,1930772480,119046144,2526953472
2026-07-09T05:46:54.954356,17006837760,16347856896,658980864,3.9,13842808832,1008304128,1930772480,119046144,2526953472
2026-07-09T05:46:55.954644,17006837760,16348250112,658587648,3.9,13843202048,1008304128,1930772480,119046144,2526953472
2026-07-09T05:46:56.954973,17006837760,16350724096,656113664,3.9,13845676032,1008304128,1930772480,119046144,2526953472
2026-07-09T05:46:57.955307,17006837760,16350740480,656097280,3.9,13845692416,1008304128,1930772480,119046144,2526953472
2026-07-09T05:46:58.955781,17006837760,16350494720,656343040,3.9,13845446656,1008304128,1930772480,119046144,2526953472
2026-07-09T05:46:59.956160,17006837760,16350003200,656834560,3.9,13844955136,1008304128,1930772480,119046144,2526953472
2026-07-09T05:47:00.956525,17006837760,16350281728,656556032,3.9,13845233664,1008304128,1930772480,119046144,2526969856
2026-07-09T05:47:01.956901,17006837760,16350986240,655851520,3.9,13845938176,1008304128,1930772480,119046144,2526969856
2026-07-09T05:47:02.957205,17006837760,16350740480,656097280,3.9,13845692416,1008304128,1930772480,119046144,2526969856
2026-07-09T05:47:03.957497,17006837760,16349986816,656850944,3.9,13844938752,1008304128,1930772480,119046144,2526969856
2026-07-09T05:47:04.957785,17006837760,16349741056,657096704,3.9,13844692992,1008304128,1930772480,119046144,2526969856
2026-07-09T05:47:05.958072,17006837760,16350478336,656359424,3.9,13845430272,1008304128,1930772480,119046144,2526969856
2026-07-09T05:47:06.958355,17006837760,16349757440,657080320,3.9,13844709376,1008304128,1930772480,119046144,2526969856
2026-07-09T05:47:07.958637,17006837760,16349986816,656850944,3.9,13844938752,1008304128,1930772480,119046144,2526969856
2026-07-09T05:47:08.958918,17006837760,16349478912,657358848,3.9,13844430848,1008304128,1930772480,119046144,2526969856
2026-07-09T05:47:09.959274,17006837760,16348971008,657866752,3.9,13843922944,1008304128,1930772480,119046144,2526969856
2026-07-09T05:47:10.959623,17006837760,16348233728,658604032,3.9,13843185664,1008304128,1930772480,119046144,2526969856
2026-07-09T05:47:11.959973,17006837760,16350658560,656179200,3.9,13845610496,1008304128,1930772480,119046144,2526969856
2026-07-09T05:47:12.960367,17006837760,16350887936,655949824,3.9,13845839872,1008304128,1930772480,119046144,2526969856
2026-07-09T05:47:13.960790,17006837760,16351379456,655458304,3.9,13846331392,1008304128,1930772480,119046144,2526969856
2026-07-09T05:47:14.961063,17006837760,16351952896,654884864,3.9,13846904832,1008304128,1930772480,119046144,2526969856
2026-07-09T05:47:15.961425,17006837760,16351952896,654884864,3.9,13846904832,1008304128,1930772480,119046144,2526969856
2026-07-09T05:47:16.961699,17006837760,16351952896,654884864,3.9,13846904832,1008304128,1930772480,119046144,2526969856
2026-07-09T05:47:17.961975,17006837760,16351379456,655458304,3.9,13846331392,1008304128,1930772480,119046144,2526969856
2026-07-09T05:47:18.962258,17006837760,16351379456,655458304,3.9,13846331392,1008304128,1930772480,119046144,2526969856
2026-07-09T05:47:19.962536,17006837760,16351133696,655704064,3.9,13846085632,1008304128,1930772480,119046144,2526969856
2026-07-09T05:47:20.962813,17006837760,16350904320,655933440,3.9,13845856256,1008304128,1930772480,119046144,2526969856
2026-07-09T05:47:21.963089,17006837760,16350904320,655933440,3.9,13845856256,1008304128,1930772480,119046144,2526969856
2026-07-09T05:47:22.963369,17006837760,16350150656,656687104,3.9,13845102592,1008304128,1930772480,119046144,2526986240
2026-07-09T05:47:23.963707,17006837760,16350412800,656424960,3.9,13845364736,1008304128,1930772480,119046144,2526986240
2026-07-09T05:47:24.964071,17006837760,16349937664,656900096,3.9,13844873216,1008336896,1930788864,119046144,2526986240
2026-07-09T05:47:25.964374,17006837760,16350412800,656424960,3.9,13845348352,1008336896,1930788864,119046144,2526986240
2026-07-09T05:47:26.964659,17006837760,16350658560,656179200,3.9,13845594112,1008336896,1930788864,119046144,2526986240
2026-07-09T05:47:27.964947,17006837760,16350658560,656179200,3.9,13845594112,1008336896,1930788864,119046144,2526986240
2026-07-09T05:47:28.965225,17006837760,16349904896,656932864,3.9,13844840448,1008336896,1930788864,119046144,2526986240
2026-07-09T05:47:29.965508,17006837760,16350887936,655949824,3.9,13845823488,1008336896,1930788864,119046144,2526986240
2026-07-09T05:47:30.965837,17006837760,16351068160,655769600,3.9,13846003712,1008336896,1930788864,119046144,2526986240
2026-07-09T05:47:31.966286,17006837760,16351576064,655261696,3.9,13846511616,1008336896,1930788864,119046144,2526986240
2026-07-09T05:47:32.966739,17006837760,16351821824,655015936,3.9,13846757376,1008336896,1930788864,119046144,2526986240
2026-07-09T05:47:33.967044,17006837760,16351821824,655015936,3.9,13846757376,1008336896,1930788864,119046144,2526986240
2026-07-09T05:47:34.967325,17006837760,16351821824,655015936,3.9,13846757376,1008336896,1930788864,119046144,2526986240
2026-07-09T05:47:35.967606,17006837760,16351657984,655179776,3.9,13846593536,1008336896,1930788864,119046144,2526986240
2026-07-09T05:47:36.967960,17006837760,16351657984,655179776,3.9,13846593536,1008336896,1930788864,119046144,2526986240
2026-07-09T05:47:37.968313,17006837760,16351657984,655179776,3.9,13846593536,1008336896,1930788864,119046144,2526986240
2026-07-09T05:47:38.968662,17006837760,16351887360,654950400,3.9,13846822912,1008336896,1930788864,119046144,2526986240
2026-07-09T05:47:39.969022,17006837760,16351903744,654934016,3.9,13846839296,1008336896,1930788864,119046144,2526986240
2026-07-09T05:47:40.969338,17006837760,16351117312,655720448,3.9,13846052864,1008336896,1930788864,119046144,2526986240
2026-07-09T05:47:41.969616,17006837760,16351363072,655474688,3.9,13846298624,1008336896,1930788864,119046144,2526986240
2026-07-09T05:47:42.969893,17006837760,16351363072,655474688,3.9,13846298624,1008336896,1930788864,119046144,2526986240
2026-07-09T05:47:43.970188,17006837760,16350642176,656195584,3.9,13845577728,1008336896,1930788864,119046144,2527002624
2026-07-09T05:47:44.970469,17006837760,16350642176,656195584,3.9,13845577728,1008336896,1930788864,119046144,2527002624
2026-07-09T05:47:45.970867,17006837760,16350887936,655949824,3.9,13845823488,1008336896,1930788864,119046144,2527002624
2026-07-09T05:47:46.971219,17006837760,16350871552,655966208,3.9,13845807104,1008336896,1930788864,119046144,2527002624
2026-07-09T05:47:47.971524,17006837760,16350920704,655917056,3.9,13845856256,1008336896,1930788864,119046144,2527002624
2026-07-09T05:47:48.971818,17006837760,16351002624,655835136,3.9,13845938176,1008336896,1930788864,119046144,2527002624
2026-07-09T05:47:49.972103,17006837760,16350494720,656343040,3.9,13845430272,1008336896,1930788864,119046144,2527002624
2026-07-09T05:47:50.972386,17006837760,16350019584,656818176,3.9,13844955136,1008336896,1930788864,119046144,2527002624
2026-07-09T05:47:51.972668,17006837760,16350248960,656588800,3.9,13845184512,1008336896,1930788864,119046144,2527002624
2026-07-09T05:47:52.973010,17006837760,16350232576,656605184,3.9,13845168128,1008336896,1930788864,119046144,2527002624
2026-07-09T05:47:53.973365,17006837760,16350003200,656834560,3.9,13844938752,1008336896,1930788864,119046144,2527002624
2026-07-09T05:47:54.973737,17006837760,16349265920,657571840,3.9,13844201472,1008336896,1930788864,119046144,2527002624
2026-07-09T05:47:55.974051,17006837760,16349872128,656965632,3.9,13844758528,1008451584,1930838016,119046144,2527002624
2026-07-09T05:47:56.974421,17006837760,16349855744,656982016,3.9,13844742144,1008451584,1930838016,119046144,2527002624
2026-07-09T05:47:57.974786,17006837760,16349609984,657227776,3.9,13844496384,1008451584,1930838016,119046144,2527002624
2026-07-09T05:47:58.975163,17006837760,16346906624,659931136,3.9,13841793024,1008451584,1930838016,119046144,2527002624
2026-07-09T05:47:59.975455,17006837760,16346677248,660160512,3.9,13841563648,1008451584,1930838016,119046144,2527002624
2026-07-09T05:48:00.975805,17006837760,16347136000,659701760,3.9,13842022400,1008566272,1930838016,119046144,2527002624
2026-07-09T05:48:01.976178,17006837760,16345841664,660996096,3.9,13840728064,1008566272,1930838016,119046144,2527002624
2026-07-09T05:48:02.976527,17006837760,16345104384,661733376,3.9,13839990784,1008566272,1930838016,119046144,2527002624
2026-07-09T05:48:03.976825,17006837760,16344940544,661897216,3.9,13839826944,1008566272,1930838016,119046144,2527002624
2026-07-09T05:48:04.977105,17006837760,16346169344,660668416,3.9,13841055744,1008566272,1930838016,119046144,2527019008
2026-07-09T05:48:05.977393,17006837760,16346415104,660422656,3.9,13841301504,1008566272,1930838016,119046144,2527019008
2026-07-09T05:48:06.977674,17006837760,16346906624,659931136,3.9,13841793024,1008566272,1930838016,119046144,2527019008
2026-07-09T05:48:07.977962,17006837760,16348037120,658800640,3.9,13842923520,1008566272,1930838016,119046144,2527019008
2026-07-09T05:48:08.978316,17006837760,16348282880,658554880,3.9,13843169280,1008566272,1930838016,119046144,2527019008
2026-07-09T05:48:09.978689,17006837760,16348528640,658309120,3.9,13843415040,1008566272,1930838016,119046144,2527019008
2026-07-09T05:48:10.979064,17006837760,16349741056,657096704,3.9,13844627456,1008566272,1930838016,119046144,2527019008
2026-07-09T05:48:11.979376,17006837760,16350461952,656375808,3.9,13845348352,1008566272,1930838016,119046144,2527019008
2026-07-09T05:48:12.979657,17006837760,16351035392,655802368,3.9,13845921792,1008566272,1930838016,119046144,2527019008
2026-07-09T05:48:13.979938,17006837760,16351281152,655556608,3.9,13846167552,1008566272,1930838016,119046144,2527019008
2026-07-09T05:48:14.980211,17006837760,16351510528,655327232,3.9,13846396928,1008566272,1930838016,119046144,2527019008
2026-07-09T05:48:15.980569,17006837760,16351772672,655065088,3.9,13846659072,1008566272,1930838016,119046144,2527019008
2026-07-09T05:48:16.980852,17006837760,16351526912,655310848,3.9,13846413312,1008566272,1930838016,119046144,2527019008
2026-07-09T05:48:17.981142,17006837760,16351281152,655556608,3.9,13846167552,1008566272,1930838016,119046144,2527019008
2026-07-09T05:48:18.981433,17006837760,16351526912,655310848,3.9,13846413312,1008566272,1930838016,119046144,2527019008
2026-07-09T05:48:19.981715,17006837760,16351985664,654852096,3.9,13846872064,1008566272,1930838016,119046144,2527019008
2026-07-09T05:48:20.981997,17006837760,16352231424,654606336,3.8,13847117824,1008566272,1930838016,119046144,2527019008
2026-07-09T05:48:21.982312,17006837760,16352264192,654573568,3.8,13847150592,1008566272,1930838016,119046144,2527019008
2026-07-09T05:48:22.982646,17006837760,16351281152,655556608,3.9,13846167552,1008566272,1930838016,119046144,2527019008
2026-07-09T05:48:23.983006,17006837760,16350789632,656048128,3.9,13845676032,1008566272,1930838016,119046144,2527019008
2026-07-09T05:48:24.983373,17006837760,16350560256,656277504,3.9,13845430272,1008566272,1930838016,119046144,2527051776
2026-07-09T05:48:25.983683,17006837760,16351051776,655785984,3.9,13845921792,1008566272,1930838016,119046144,2527051776
2026-07-09T05:48:26.983967,17006837760,16351019008,655818752,3.9,13845889024,1008582656,1930838016,119046144,2527051776
2026-07-09T05:48:27.984329,17006837760,16350035968,656801792,3.9,13844905984,1008582656,1930838016,119046144,2527051776
2026-07-09T05:48:28.984687,17006837760,16350756864,656080896,3.9,13845626880,1008582656,1930838016,119046144,2527051776
2026-07-09T05:48:29.985045,17006837760,16351002624,655835136,3.9,13845872640,1008582656,1930838016,119046144,2527051776
2026-07-09T05:48:30.985414,17006837760,16351248384,655589376,3.9,13846118400,1008582656,1930838016,119046144,2527051776
2026-07-09T05:48:31.985700,17006837760,16351264768,655572992,3.9,13846134784,1008582656,1930838016,119046144,2527051776
2026-07-09T05:48:32.985982,17006837760,16351510528,655327232,3.9,13846380544,1008582656,1930838016,119046144,2527051776
2026-07-09T05:48:33.986264,17006837760,16351985664,654852096,3.9,13846855680,1008582656,1930838016,119046144,2527051776
2026-07-09T05:48:34.986551,17006837760,16350511104,656326656,3.9,13845381120,1008582656,1930838016,119046144,2527051776
2026-07-09T05:48:35.986885,17006837760,16350511104,656326656,3.9,13845381120,1008582656,1930838016,119046144,2527051776
2026-07-09T05:48:36.987190,17006837760,16350527488,656310272,3.9,13845381120,1008664576,1930854400,119046144,2527051776
2026-07-09T05:48:37.987472,17006837760,16350543872,656293888,3.9,13845397504,1008664576,1930854400,119046144,2527051776
2026-07-09T05:48:38.987752,17006837760,16351264768,655572992,3.9,13846118400,1008664576,1930854400,119046144,2527051776
2026-07-09T05:48:39.988032,17006837760,16351019008,655818752,3.9,13845872640,1008664576,1930854400,119046144,2527051776
2026-07-09T05:48:40.988312,17006837760,16350773248,656064512,3.9,13845626880,1008664576,1930854400,119046144,2527051776
2026-07-09T05:48:41.988659,17006837760,16351019008,655818752,3.9,13845872640,1008664576,1930854400,119046144,2527051776
2026-07-09T05:48:42.988960,17006837760,16351019008,655818752,3.9,13845872640,1008664576,1930854400,119046144,2527051776
2026-07-09T05:48:43.989245,17006837760,16351428608,655409152,3.9,13846282240,1008664576,1930854400,119046144,2527051776
2026-07-09T05:48:44.989522,17006837760,16351739904,655097856,3.9,13846593536,1008664576,1930854400,119046144,2527051776
2026-07-09T05:48:45.989801,17006837760,16351494144,655343616,3.9,13846347776,1008664576,1930854400,119046144,2527068160
2026-07-09T05:48:46.990077,17006837760,16350494720,656343040,3.9,13845348352,1008664576,1930854400,119046144,2527068160
2026-07-09T05:48:47.990424,17006837760,16350003200,656834560,3.9,13844856832,1008664576,1930854400,119046144,2527068160
2026-07-09T05:48:48.990752,17006837760,16344399872,662437888,3.9,13838729216,1008844800,1931329536,119046144,2527576064
