Datetime,Time[S],Volt[V],Current[A],Power[W]
2026-05-27T14:07:48.992947,  0.0,05.1081,0.74170,03.7826
2026-05-27T14:07:50.013295,  1.0,05.1081,0.88450,04.5109
2026-05-27T14:07:50.990313,  2.0,05.1083,0.80242,04.0923
2026-05-27T14:07:52.011112,  3.0,05.1081,0.80041,04.0820
2026-05-27T14:07:53.031963,  4.0,05.1082,0.81588,04.1609
2026-05-27T14:07:54.005384,  5.0,05.1078,0.81584,04.1607
2026-05-27T14:07:55.026587,  6.0,05.1080,0.85508,04.3609
2026-05-27T14:07:56.002069,  7.0,05.1109,0.90237,04.6111
2026-05-27T14:07:57.024515,  8.0,05.1044,0.85168,04.3435
2026-05-27T14:07:57.999733,  9.0,05.1128,0.89199,04.5580
2026-05-27T14:07:59.018653, 10.0,05.1081,0.88697,04.5235
2026-05-27T14:07:59.993271, 11.0,05.1056,0.92773,04.7314
2026-05-27T14:08:01.010655, 12.0,05.1133,0.97370,04.9756
2026-05-27T14:08:02.031065, 13.0,05.1075,0.93902,04.7890
2026-05-27T14:08:03.007164, 14.0,05.1105,0.92763,04.7401
2026-05-27T14:08:04.025835, 15.0,05.1077,0.88168,04.4965
2026-05-27T14:08:05.001123, 16.0,05.1070,0.94835,04.8365
2026-05-27T14:08:06.019102, 17.0,05.1077,1.00038,05.1019
2026-05-27T14:08:07.035010, 18.0,05.0953,1.39506,07.1008
2026-05-27T14:08:08.012404, 19.0,05.1111,1.07655,05.5011
2026-05-27T14:08:09.032881, 20.0,05.1169,1.16551,05.9557
2026-05-27T14:08:10.009106, 21.0,05.1069,1.13434,05.7851
2026-05-27T14:08:11.031729, 22.0,05.1048,1.07141,05.4641
2026-05-27T14:08:12.006507, 23.0,05.1101,0.99920,05.1059
2026-05-27T14:08:13.029701, 24.0,05.1112,1.17833,06.0212
2026-05-27T14:08:14.003650, 25.0,05.1112,1.18852,06.0733
2026-05-27T14:08:15.026974, 26.0,05.1085,1.06053,05.4087
2026-05-27T14:08:16.004984, 27.0,05.1086,1.14938,05.8618
2026-05-27T14:08:17.026712, 28.0,05.1073,0.74938,03.8218
2026-05-27T14:08:18.002247, 29.0,05.1085,0.74737,03.8115
2026-05-27T14:08:19.022398, 30.0,05.1083,0.74386,03.7936
2026-05-27T14:08:19.998782, 31.0,05.1082,1.15992,05.9155
2026-05-27T14:08:21.017846, 32.0,05.1008,0.93219,04.7541
2026-05-27T14:08:21.993787, 33.0,05.1089,1.20506,06.1458
2026-05-27T14:08:23.016596, 34.0,05.1105,1.08800,05.5596
2026-05-27T14:08:24.038248, 35.0,05.1045,1.16029,05.9174
2026-05-27T14:08:25.015648, 36.0,05.1139,1.03533,05.2905
2026-05-27T14:08:26.036610, 37.0,05.1117,1.15924,05.9237
2026-05-27T14:08:27.011942, 38.0,05.1005,1.03970,05.3024
2026-05-27T14:08:28.034621, 39.0,05.1150,1.07195,05.4776
2026-05-27T14:08:29.009734, 40.0,05.1095,1.04018,05.3049
2026-05-27T14:08:30.029325, 41.0,05.1145,1.12368,05.7420
2026-05-27T14:08:31.003414, 42.0,05.1083,0.75408,03.8458
2026-05-27T14:08:32.023733, 43.0,05.1081,0.60568,03.0889
2026-05-27T14:08:32.998052, 44.0,05.1084,0.62043,03.1641
2026-05-27T14:08:34.016567, 45.0,05.1044,1.01861,05.1949
2026-05-27T14:08:35.038931, 46.0,05.1034,1.19663,06.1028
2026-05-27T14:08:36.012980, 47.0,05.1159,1.10589,05.6510
2026-05-27T14:08:37.030342, 48.0,05.1087,1.02109,05.2075
2026-05-27T14:08:38.003038, 49.0,05.1089,1.02620,05.2336
2026-05-27T14:08:39.022002, 50.0,05.1120,1.05545,05.3933
2026-05-27T14:08:39.996412, 51.0,05.1058,1.00461,05.1235
2026-05-27T14:08:41.018643, 52.0,05.0989,1.08761,05.5359
2026-05-27T14:08:42.039781, 53.0,05.1094,1.21278,06.1851
2026-05-27T14:08:43.015801, 54.0,05.1011,1.04286,05.3185
2026-05-27T14:08:44.034958, 55.0,05.1071,1.22205,06.2324
2026-05-27T14:08:45.008810, 56.0,05.1089,0.77434,03.9491
2026-05-27T14:08:46.027261, 57.0,05.1089,0.76380,03.8953
2026-05-27T14:08:47.002184, 58.0,05.1083,0.74887,03.8192
2026-05-27T14:08:48.022165, 59.0,05.0966,1.03515,05.2689
2026-05-27T14:08:49.042700, 60.0,05.1073,1.00076,05.1038
2026-05-27T14:08:50.016589, 61.0,05.1119,1.09431,05.5919
2026-05-27T14:08:51.037595, 62.0,05.1085,1.11007,05.6613
2026-05-27T14:08:52.013739, 63.0,05.1058,1.08152,05.5157
2026-05-27T14:08:53.035941, 64.0,05.1098,0.98425,05.0196
2026-05-27T14:08:54.014113, 65.0,05.1101,1.11032,05.6737
2026-05-27T14:08:55.037289, 66.0,05.1022,1.15633,05.8972
2026-05-27T14:08:56.012936, 67.0,05.1100,1.08420,05.5402
2026-05-27T14:08:57.036765, 68.0,05.1009,1.07092,05.4616
2026-05-27T14:08:58.011224, 69.0,05.1128,1.04914,05.3611
2026-05-27T14:08:59.032299, 70.0,05.1081,0.64785,03.3040
2026-05-27T14:09:00.003998, 71.0,05.1081,0.62115,03.1678
2026-05-27T14:09:01.021657, 72.0,05.1096,0.62053,03.1647
2026-05-27T14:09:02.044652, 73.0,05.1144,1.03184,05.2727
2026-05-27T14:09:03.021483, 74.0,05.1059,1.04872,05.3484
2026-05-27T14:09:04.042688, 75.0,05.1072,1.10379,05.6293
2026-05-27T14:09:05.020862, 76.0,05.1175,1.08476,05.5431
2026-05-27T14:09:06.043004, 77.0,05.1059,1.01705,05.1869
2026-05-27T14:09:07.017818, 78.0,05.1131,1.20333,06.1490
2026-05-27T14:09:08.039373, 79.0,05.1080,1.19723,06.1058
2026-05-27T14:09:09.015125, 80.0,05.1100,1.02196,05.2222
2026-05-27T14:09:10.038921, 81.0,05.1134,1.01006,05.1614
2026-05-27T14:09:11.016016, 82.0,05.1066,1.16995,05.9667
2026-05-27T14:09:12.037423, 83.0,05.1156,1.05051,05.3681
2026-05-27T14:09:13.014448, 84.0,05.1094,0.77122,03.9332
2026-05-27T14:09:14.036008, 85.0,05.1094,0.79918,04.0758
2026-05-27T14:09:15.010808, 86.0,05.1102,0.76674,03.9180
2026-05-27T14:09:16.031975, 87.0,05.1042,1.05601,05.3856
2026-05-27T14:09:17.009229, 88.0,05.1003,1.02562,05.2306
2026-05-27T14:09:18.034865, 89.0,05.1095,1.15661,05.8987
2026-05-27T14:09:19.014646, 90.0,05.1095,1.06543,05.4336
2026-05-27T14:09:20.039316, 91.0,05.1098,1.06049,05.4084
2026-05-27T14:09:21.013119, 92.0,05.1069,0.98276,05.0120
2026-05-27T14:09:22.034300, 93.0,05.1091,1.05987,05.4053
2026-05-27T14:09:23.012507, 94.0,05.1083,1.02582,05.2316
2026-05-27T14:09:24.033989, 95.0,05.1133,1.14901,05.8714
2026-05-27T14:09:25.009198, 96.0,05.1078,1.03655,05.2864
2026-05-27T14:09:26.030426, 97.0,05.1101,1.10084,05.6252
2026-05-27T14:09:27.006852, 98.0,05.1094,0.73421,03.7444
2026-05-27T14:09:28.024761, 99.0,05.1096,0.62523,03.1886
2026-05-27T14:09:29.041254,100.0,05.1095,0.62080,03.1660
2026-05-27T14:09:30.013868,101.0,05.1098,0.99689,05.0841
2026-05-27T14:09:31.036213,102.0,05.1101,1.12389,05.7430
2026-05-27T14:09:32.012960,103.0,05.1137,1.11677,05.7066
2026-05-27T14:09:33.037710,104.0,05.1076,1.05231,05.3667
2026-05-27T14:09:34.012938,105.0,05.1070,1.01818,05.1927
2026-05-27T14:09:35.034210,106.0,05.1067,1.04635,05.3363
2026-05-27T14:09:36.009508,107.0,05.1069,1.04902,05.3500
2026-05-27T14:09:37.030734,108.0,05.1042,1.06238,05.4181
2026-05-27T14:09:38.009228,109.0,05.1122,1.19218,06.0920
2026-05-27T14:09:39.031123,110.0,05.1100,1.04676,05.3489
2026-05-27T14:09:40.009750,111.0,05.1144,1.08359,05.5371
2026-05-27T14:09:41.030450,112.0,05.1109,0.77197,03.9447
2026-05-27T14:09:42.051276,113.0,05.1106,0.77004,03.9349
2026-05-27T14:09:43.023869,114.0,05.1098,0.76000,03.8760
2026-05-27T14:09:44.043906,115.0,05.1089,0.99302,05.0644
2026-05-27T14:09:45.022302,116.0,05.1095,1.03028,05.2544
2026-05-27T14:09:46.047557,117.0,05.1084,1.10159,05.6181
2026-05-27T14:09:47.026315,118.0,05.1070,1.15719,05.9016
2026-05-27T14:09:48.051281,119.0,05.1067,1.11734,05.6984
2026-05-27T14:09:49.030183,120.0,05.1085,1.05555,05.3833
2026-05-27T14:09:50.010266,121.0,05.1091,1.11268,05.6746
2026-05-27T14:09:51.034854,122.0,05.1087,1.09366,05.5776
2026-05-27T14:09:52.013590,123.0,05.1059,1.09113,05.5647
2026-05-27T14:09:53.038962,124.0,05.1100,1.06146,05.4240
2026-05-27T14:09:54.017269,125.0,05.1048,1.11176,05.6699
2026-05-27T14:09:55.039210,126.0,05.1119,0.63094,03.2241
2026-05-27T14:09:56.015941,127.0,05.1085,0.60407,03.0807
2026-05-27T14:09:57.037365,128.0,05.1090,0.60119,03.0660
2026-05-27T14:09:58.013645,129.0,05.1120,1.02174,05.2210
2026-05-27T14:09:59.037570,130.0,05.1108,1.00344,05.1275
2026-05-27T14:10:00.014469,131.0,05.1051,1.07972,05.5065
2026-05-27T14:10:01.037600,132.0,05.1048,0.98786,05.0380
2026-05-27T14:10:02.014702,133.0,05.1080,1.11370,05.6798
2026-05-27T14:10:03.038778,134.0,05.1078,1.08524,05.5347
2026-05-27T14:10:04.017271,135.0,05.1093,1.02706,05.2380
2026-05-27T14:10:05.041983,136.0,05.1131,1.06469,05.4405
2026-05-27T14:10:06.018615,137.0,05.1056,1.00123,05.1062
2026-05-27T14:10:07.040829,138.0,05.1080,1.03313,05.2689
2026-05-27T14:10:08.018626,139.0,05.1073,1.05812,05.3964
2026-05-27T14:10:09.041571,140.0,05.1098,0.77106,03.9324
2026-05-27T14:10:10.016205,141.0,05.1094,0.76917,03.9227
2026-05-27T14:10:11.036403,142.0,05.1098,0.83403,04.2535
2026-05-27T14:10:12.015205,143.0,05.1120,1.16056,05.9304
2026-05-27T14:10:13.039184,144.0,05.1048,1.08177,05.5170
2026-05-27T14:10:14.017874,145.0,05.1093,1.23713,06.3093
2026-05-27T14:10:15.040742,146.0,05.1139,1.03305,05.2788
2026-05-27T14:10:16.017784,147.0,05.1075,1.11614,05.6923
2026-05-27T14:10:17.043877,148.0,05.1092,0.98442,05.0205
2026-05-27T14:10:18.020092,149.0,05.1072,0.99529,05.0759
2026-05-27T14:10:19.042593,150.0,05.1111,1.01633,05.1934
2026-05-27T14:10:20.019313,151.0,05.1059,1.10089,05.6145
2026-05-27T14:10:21.043896,152.0,05.1092,1.07170,05.4656
2026-05-27T14:10:22.023795,153.0,05.1061,1.03970,05.3024
2026-05-27T14:10:23.043425,154.0,05.1098,0.71580,03.6505
2026-05-27T14:10:24.017656,155.0,05.1098,0.62999,03.2129
2026-05-27T14:10:25.037068,156.0,05.1087,0.61908,03.1573
2026-05-27T14:10:26.059641,157.0,05.1090,1.08486,05.5327
2026-05-27T14:10:27.036678,158.0,05.1117,1.04429,05.3363
2026-05-27T14:10:28.059386,159.0,05.1031,1.06748,05.4441
2026-05-27T14:10:29.032993,160.0,05.1098,1.32260,06.7452
2026-05-27T14:10:30.056422,161.0,05.1067,1.12179,05.7211
2026-05-27T14:10:31.030608,162.0,05.1112,1.03371,05.2822
2026-05-27T14:10:32.053804,163.0,05.1100,1.05349,05.3833
2026-05-27T14:10:33.030462,164.0,05.1059,1.02977,05.2518
2026-05-27T14:10:34.053261,165.0,05.1078,1.07278,05.4711
2026-05-27T14:10:35.028731,166.0,05.1097,1.04716,05.3405
2026-05-27T14:10:36.049935,167.0,05.1025,0.85129,04.3415
2026-05-27T14:10:37.021873,168.0,05.1085,0.77166,03.9354
2026-05-27T14:10:38.039909,169.0,05.1082,0.76786,03.9160
2026-05-27T14:10:39.059073,170.0,05.1084,0.76502,03.9016
2026-05-27T14:10:40.036255,171.0,05.0942,1.03258,05.2558
2026-05-27T14:10:41.058483,172.0,05.1108,1.02758,05.2509
2026-05-27T14:10:42.037916,173.0,05.1044,1.12297,05.7271
2026-05-27T14:10:43.061180,174.0,05.1070,1.11245,05.6734
2026-05-27T14:10:44.036238,175.0,05.1064,1.11610,05.6921
2026-05-27T14:10:45.060151,176.0,05.1042,1.09864,05.6030
2026-05-27T14:10:46.039974,177.0,05.1042,1.02400,05.2224
2026-05-27T14:10:47.061503,178.0,05.0936,1.00047,05.0923
2026-05-27T14:10:48.037462,179.0,05.1042,1.00129,05.1065
2026-05-27T14:10:49.060424,180.0,05.1065,1.01836,05.1936
2026-05-27T14:10:50.034957,181.0,05.1120,0.76940,03.9316
2026-05-27T14:10:51.055820,182.0,05.1098,0.61688,03.1460
2026-05-27T14:10:52.026417,183.0,05.1076,0.61686,03.1459
2026-05-27T14:10:53.046671,184.0,05.1072,0.63450,03.2359
2026-05-27T14:10:54.023098,185.0,05.1014,1.16726,05.9530
2026-05-27T14:10:55.043529,186.0,05.1130,1.12189,05.7328
2026-05-27T14:10:56.066302,187.0,05.1055,1.36563,06.9647
2026-05-27T14:10:57.041994,188.0,05.1075,1.34924,06.8811
2026-05-27T14:10:58.067200,189.0,05.1142,1.02775,05.2518
2026-05-27T14:10:59.048736,190.0,05.1074,1.08940,05.5559
2026-05-27T14:11:00.029858,191.0,05.1071,1.03935,05.3006
2026-05-27T14:11:01.053555,192.0,05.1008,1.17386,05.9866
2026-05-27T14:11:02.032680,193.0,05.0991,1.17645,05.9881
2026-05-27T14:11:03.056833,194.0,05.1169,1.17482,06.0033
2026-05-27T14:11:04.034396,195.0,05.1111,0.92331,04.7181
2026-05-27T14:11:05.054935,196.0,05.1111,0.77245,03.9472
2026-05-27T14:11:06.029377,197.0,05.1085,0.76879,03.9208
2026-05-27T14:11:07.049593,198.0,05.1087,1.11652,05.6942
2026-05-27T14:11:08.026793,199.0,05.1145,1.38750,07.0901
2026-05-27T14:11:09.046947,200.0,05.1112,1.21517,06.2095
2026-05-27T14:11:10.069381,201.0,05.1086,1.12541,05.7395
2026-05-27T14:11:11.046778,202.0,05.1095,1.24831,06.3663
2026-05-27T14:11:12.069229,203.0,05.0926,1.43001,07.2787
2026-05-27T14:11:13.047728,204.0,05.1172,1.19555,06.1092
2026-05-27T14:11:14.069585,205.0,05.0967,1.31074,06.6716
2026-05-27T14:11:15.046133,206.0,05.1126,1.41791,07.2455
2026-05-27T14:11:16.068678,207.0,05.1011,1.14452,05.8370
2026-05-27T14:11:17.048123,208.0,05.1134,1.07395,05.4878
2026-05-27T14:11:18.072409,209.0,05.1117,0.78401,04.0062
2026-05-27T14:11:19.047392,210.0,05.1089,0.62081,03.1661
2026-05-27T14:11:20.067458,211.0,05.1093,0.61978,03.1608
2026-05-27T14:11:21.043598,212.0,05.0933,1.24394,06.3316
2026-05-27T14:11:22.068919,213.0,05.1093,1.19282,06.0833
2026-05-27T14:11:23.045577,214.0,05.1094,1.31121,06.6871
2026-05-27T14:11:24.069728,215.0,05.1109,1.08414,05.5399
2026-05-27T14:11:25.047837,216.0,05.1045,1.12372,05.7309
2026-05-27T14:11:26.068829,217.0,05.1025,1.23714,06.3094
2026-05-27T14:11:27.046113,218.0,05.0983,1.16226,05.9159
2026-05-27T14:11:28.069767,219.0,05.0992,1.31634,06.7001
2026-05-27T14:11:29.048709,220.0,05.1039,1.15260,05.8782
2026-05-27T14:11:30.073617,221.0,05.1097,1.11024,05.6622
2026-05-27T14:11:31.049688,222.0,05.1131,1.00430,05.1319
2026-05-27T14:11:32.030622,223.0,05.1150,0.77390,03.9546
2026-05-27T14:11:33.053256,224.0,05.1093,0.77185,03.9364
2026-05-27T14:11:34.074420,225.0,05.1094,0.76758,03.9146
2026-05-27T14:11:35.050815,226.0,05.1091,1.42274,07.2559
2026-05-27T14:11:36.075471,227.0,05.1091,0.96847,04.9391
2026-05-27T14:11:37.051934,228.0,05.0867,1.17203,05.9539
2026-05-27T14:11:38.031432,229.0,05.1144,1.11464,05.6958
2026-05-27T14:11:39.055066,230.0,05.1025,1.19575,06.0983
2026-05-27T14:11:40.074697,231.0,05.1053,1.21985,06.2212
2026-05-27T14:11:41.049457,232.0,05.1097,1.03401,05.2734
2026-05-27T14:11:42.069882,233.0,05.1098,1.17977,06.0168
2026-05-27T14:11:43.045786,234.0,05.0911,1.29637,06.5985
2026-05-27T14:11:44.066792,235.0,05.0956,1.38582,07.0538
2026-05-27T14:11:45.043139,236.0,05.0986,1.22621,06.2414
2026-05-27T14:11:46.062831,237.0,05.1075,0.76636,03.9084
2026-05-27T14:11:47.036018,238.0,05.1091,0.62200,03.1722
2026-05-27T14:11:48.052677,239.0,05.1085,0.60419,03.0813
2026-05-27T14:11:49.073558,240.0,05.1020,1.00773,05.1394
2026-05-27T14:11:50.050330,241.0,05.1048,1.14970,05.8634
2026-05-27T14:11:51.071440,242.0,05.1167,1.06979,05.4666
2026-05-27T14:11:52.049552,243.0,05.1064,1.09663,05.5928
2026-05-27T14:11:53.070002,244.0,05.1108,1.06070,05.4201
2026-05-27T14:11:54.047513,245.0,05.0922,1.01646,05.1737
2026-05-27T14:11:55.069169,246.0,05.1175,1.02963,05.2614
2026-05-27T14:11:56.044786,247.0,05.1120,1.09040,05.5719
2026-05-27T14:11:57.068192,248.0,05.0976,1.35165,06.8798
2026-05-27T14:11:58.046014,249.0,05.1095,1.33665,06.8169
2026-05-27T14:11:59.065575,250.0,05.1162,1.02210,05.2229
2026-05-27T14:12:00.041032,251.0,05.1069,0.77509,03.9529
2026-05-27T14:12:01.061571,252.0,05.1080,0.77110,03.9326
2026-05-27T14:12:02.037378,253.0,05.1083,0.76690,03.9111
2026-05-27T14:12:03.059257,254.0,05.1087,1.02014,05.2027
2026-05-27T14:12:04.080230,255.1,05.1017,1.05164,05.3633
2026-05-27T14:12:05.057889,256.1,05.1064,1.06919,05.4528
2026-05-27T14:12:06.036520,257.1,05.0992,1.13949,05.8000
2026-05-27T14:12:07.062235,258.1,05.1051,1.12470,05.7359
2026-05-27T14:12:08.041271,259.1,05.1034,1.12558,05.7404
2026-05-27T14:12:09.065657,260.1,05.1105,1.06322,05.4330
2026-05-27T14:12:10.045008,261.1,05.1042,1.09778,05.5986
2026-05-27T14:12:11.068500,262.1,05.1130,1.11317,05.6882
2026-05-27T14:12:12.045486,263.1,05.1020,1.03506,05.2788
2026-05-27T14:12:13.071453,264.1,05.1071,1.00309,05.1157
2026-05-27T14:12:14.049479,265.1,05.1080,0.76995,03.9267
2026-05-27T14:12:15.073475,266.1,05.1071,0.76398,03.8962
2026-05-27T14:12:16.050488,267.1,05.1074,0.76420,03.8974
2026-05-27T14:12:17.074336,268.1,05.1055,1.12754,05.7504
2026-05-27T14:12:18.051499,269.1,05.1117,1.05935,05.4132
2026-05-27T14:12:19.072697,270.1,05.1055,1.21394,06.1910
2026-05-27T14:12:20.048771,271.1,05.1084,1.00692,05.1352
2026-05-27T14:12:21.073288,272.1,05.1055,1.08869,05.5523
2026-05-27T14:12:22.051561,273.1,05.0983,1.16129,05.9109
2026-05-27T14:12:23.075750,274.1,05.1109,1.03832,05.3058
2026-05-27T14:12:24.051510,275.1,05.1012,1.06703,05.4418
2026-05-27T14:12:25.075056,276.1,05.1044,1.07621,05.4886
2026-05-27T14:12:26.052747,277.1,05.1064,1.20529,06.1469
2026-05-27T14:12:27.080041,278.1,05.1109,1.08095,05.5236
2026-05-27T14:12:28.058505,279.1,05.1087,0.76915,03.9226
2026-05-27T14:12:29.079295,280.1,05.1087,0.76594,03.9062
2026-05-27T14:12:30.055293,281.1,05.1085,0.65629,03.3470
2026-05-27T14:12:31.078487,282.1,05.1116,1.05543,05.3932
2026-05-27T14:12:32.056045,283.1,05.1019,1.06658,05.4395
2026-05-27T14:12:33.078866,284.1,05.1051,1.01733,05.1883
2026-05-27T14:12:34.055698,285.1,05.1080,1.04548,05.3319
2026-05-27T14:12:35.076402,286.1,05.1116,1.26519,06.4651
2026-05-27T14:12:36.051147,287.1,05.1056,1.06666,05.4399
2026-05-27T14:12:37.073848,288.1,05.1048,1.23150,06.2806
2026-05-27T14:12:38.051498,289.1,05.1083,1.10204,05.6204
2026-05-27T14:12:39.073994,290.1,05.1039,1.10763,05.6489
2026-05-27T14:12:40.050849,291.1,05.1075,1.12423,05.7335
2026-05-27T14:12:41.072108,292.1,05.1062,1.09985,05.6092
2026-05-27T14:12:42.046996,293.1,05.1084,0.76927,03.9232
2026-05-27T14:12:43.066990,294.1,05.1077,0.76727,03.9130
2026-05-27T14:12:44.084657,295.1,05.1080,0.74036,03.7758
2026-05-27T14:12:45.060231,296.1,05.1092,1.15248,05.8776
2026-05-27T14:12:46.081429,297.1,05.1026,1.05612,05.3862
2026-05-27T14:12:47.057612,298.1,05.1086,1.08715,05.5444
2026-05-27T14:12:48.078232,299.1,05.1100,0.99704,05.0948
2026-05-27T14:12:49.053307,300.1,05.1062,1.05051,05.3576
2026-05-27T14:12:50.074006,301.1,05.1070,1.13211,05.7737
2026-05-27T14:12:51.052215,302.1,05.1093,1.11034,05.6627
2026-05-27T14:12:52.075182,303.1,05.1094,1.07339,05.4742
2026-05-27T14:12:53.054186,304.1,05.1030,1.02146,05.2094
2026-05-27T14:12:54.077095,305.1,05.1026,1.28313,06.5439
2026-05-27T14:12:55.052558,306.1,05.1109,1.15557,05.9049
2026-05-27T14:12:56.071394,307.1,05.1096,0.73781,03.7628
2026-05-27T14:12:57.089715,308.1,05.1098,0.61531,03.1380
2026-05-27T14:12:58.062622,309.1,05.1095,0.61583,03.1407
2026-05-27T14:12:59.084250,310.1,05.1094,1.07271,05.4708
2026-05-27T14:13:00.063154,311.1,05.1030,1.08889,05.5533
2026-05-27T14:13:01.084298,312.1,05.1089,1.05736,05.3925
2026-05-27T14:13:02.062920,313.1,05.1041,1.03147,05.2604
2026-05-27T14:13:03.086219,314.1,05.1061,1.10140,05.6171
2026-05-27T14:13:04.060852,315.1,05.1042,1.00907,05.1462
2026-05-27T14:13:05.083931,316.1,05.1019,1.10131,05.6166
2026-05-27T14:13:06.062471,317.1,05.1042,1.00129,05.1065
2026-05-27T14:13:07.085849,318.1,05.1068,1.02183,05.2113
2026-05-27T14:13:08.061498,319.1,05.1103,1.02063,05.2154
2026-05-27T14:13:09.082782,320.1,05.1061,1.04529,05.3309
2026-05-27T14:13:10.056783,321.1,05.1103,0.77043,03.9368
2026-05-27T14:13:11.074449,322.1,05.1103,0.76751,03.9219
2026-05-27T14:13:12.092897,323.1,05.1088,0.76427,03.8977
2026-05-27T14:13:13.067556,324.1,05.1117,1.09108,05.5754
2026-05-27T14:13:14.088911,325.1,05.1066,0.98917,05.0447
2026-05-27T14:13:15.064696,326.1,05.1123,1.11499,05.6975
2026-05-27T14:13:16.086960,327.1,05.1044,0.98726,05.0350
2026-05-27T14:13:17.067367,328.1,05.1066,1.02128,05.2085
2026-05-27T14:13:18.090388,329.1,05.1078,1.07215,05.4679
2026-05-27T14:13:19.066911,330.1,05.1100,1.01361,05.1795
2026-05-27T14:13:20.088514,331.1,05.1120,0.99213,05.0697
2026-05-27T14:13:21.062204,332.1,05.1034,0.98392,05.0179
2026-05-27T14:13:22.086538,333.1,05.1141,1.16559,05.9561
2026-05-27T14:13:23.062710,334.1,05.1106,1.12905,05.7694
2026-05-27T14:13:24.083777,335.1,05.1092,0.70322,03.5864
2026-05-27T14:13:25.057190,336.1,05.1088,0.61517,03.1373
2026-05-27T14:13:26.076277,337.1,05.1085,0.63568,03.2419
2026-05-27T14:13:27.053555,338.1,05.1122,1.02134,05.2190
2026-05-27T14:13:28.079634,339.1,05.1137,1.06403,05.4371
2026-05-27T14:13:29.057952,340.1,05.1061,1.11127,05.6674
2026-05-27T14:13:30.081596,341.1,05.1061,1.06209,05.4166
2026-05-27T14:13:31.059699,342.1,05.1061,1.03644,05.2858
2026-05-27T14:13:32.084566,343.1,05.1078,1.12957,05.7608
2026-05-27T14:13:33.061773,344.1,05.1048,1.05554,05.3832
2026-05-27T14:13:34.086197,345.1,05.1055,1.31939,06.7288
2026-05-27T14:13:35.063536,346.1,05.1087,1.04859,05.3478
2026-05-27T14:13:36.087627,347.1,05.1078,0.99924,05.0961
2026-05-27T14:13:37.066983,348.1,05.1073,1.04110,05.3096
2026-05-27T14:13:38.087997,349.1,05.1076,0.76636,03.9084
2026-05-27T14:13:39.062756,350.1,05.1076,0.76089,03.8805
2026-05-27T14:13:40.083398,351.1,05.1073,0.96156,04.9039
2026-05-27T14:13:41.058888,352.1,05.1047,1.00660,05.1336
2026-05-27T14:13:42.081610,353.1,05.1074,1.00627,05.1319
2026-05-27T14:13:43.057534,354.1,05.1051,1.32597,06.7624
2026-05-27T14:13:44.077474,355.1,05.0958,1.12601,05.7313
2026-05-27T14:13:45.098930,356.1,05.1005,1.16392,05.9359
2026-05-27T14:13:46.076210,357.1,05.1130,1.32144,06.7525
2026-05-27T14:13:47.095136,358.1,05.1036,1.26870,06.4703
2026-05-27T14:13:48.068794,359.1,05.1036,1.08312,05.5239
2026-05-27T14:13:49.087017,360.1,05.1156,1.00275,05.1240
2026-05-27T14:13:50.064531,361.1,05.1108,1.04347,05.3321
2026-05-27T14:13:51.087056,362.1,05.1067,0.85806,04.3761
2026-05-27T14:13:52.061783,363.1,05.1094,0.61710,03.1472
2026-05-27T14:13:53.082369,364.1,05.1073,0.61650,03.1441
2026-05-27T14:13:54.100817,365.1,05.1069,0.92239,04.7041
2026-05-27T14:13:55.074237,366.1,05.0847,0.99369,05.0479
2026-05-27T14:13:56.096685,367.1,05.1109,1.01445,05.1838
2026-05-27T14:13:57.071649,368.1,05.1147,1.09810,05.6112
2026-05-27T14:13:58.092486,369.1,05.1119,1.11274,05.6861
2026-05-27T14:13:59.069647,370.1,05.1139,1.33646,06.8293
2026-05-27T14:14:00.093822,371.1,05.1108,1.43240,07.3195
2026-05-27T14:14:01.068880,372.1,05.1095,0.98535,05.0252
2026-05-27T14:14:02.091943,373.1,05.1012,1.07490,05.4819
2026-05-27T14:14:03.068127,374.1,05.1089,1.04760,05.3427
2026-05-27T14:14:04.091143,375.1,05.1109,1.15563,05.9052
2026-05-27T14:14:05.066387,376.1,05.1056,0.80862,04.1239
2026-05-27T14:14:06.087036,377.1,05.1086,0.77138,03.9340
2026-05-27T14:14:07.062416,378.1,05.1092,0.76797,03.9166
2026-05-27T14:14:08.082718,379.1,05.1084,0.79906,04.0752
2026-05-27T14:14:09.103073,380.1,05.1092,1.03996,05.3037
2026-05-27T14:14:10.078876,381.1,05.1088,1.18275,06.0320
2026-05-27T14:14:11.100529,382.1,05.0980,1.21374,06.1779
2026-05-27T14:14:12.078424,383.1,05.1134,1.14429,05.8473
2026-05-27T14:14:13.103729,384.1,05.1059,1.04355,05.3221
2026-05-27T14:14:14.081031,385.1,05.1162,1.22675,06.2686
2026-05-27T14:14:15.103039,386.1,05.1041,1.01594,05.1812
2026-05-27T14:14:16.081230,387.1,05.1028,1.06590,05.4360
2026-05-27T14:14:17.103881,388.1,05.1078,1.13438,05.7853
2026-05-27T14:14:18.078339,389.1,05.1126,1.10056,05.6238
2026-05-27T14:14:19.102269,390.1,05.1075,0.77171,03.9357
2026-05-27T14:14:20.076652,391.1,05.1097,0.62059,03.1650
2026-05-27T14:14:21.093149,392.1,05.1082,0.61859,03.1548
2026-05-27T14:14:22.064529,393.1,05.1085,0.69986,03.5692
2026-05-27T14:14:23.087445,394.1,05.1180,1.18257,06.0429
2026-05-27T14:14:24.064696,395.1,05.1091,1.34436,06.8562
2026-05-27T14:14:25.088206,396.1,05.0939,1.09317,05.5642
2026-05-27T14:14:26.108858,397.1,05.1089,1.09710,05.5952
2026-05-27T14:14:27.085423,398.1,05.1133,1.13513,05.8005
2026-05-27T14:14:28.108973,399.1,05.1101,1.08202,05.5291
2026-05-27T14:14:29.087034,400.1,05.1139,1.12274,05.7372
2026-05-27T14:14:30.108924,401.1,05.0964,1.30954,06.6655
2026-05-27T14:14:31.087369,402.1,05.1128,1.13960,05.8233
2026-05-27T14:14:32.109793,403.1,05.1126,1.09579,05.5994
2026-05-27T14:14:33.083654,404.1,05.1076,0.78240,03.9902
2026-05-27T14:14:34.103334,405.1,05.1090,0.76997,03.9268
2026-05-27T14:14:35.077783,406.1,05.1089,0.76743,03.9138
2026-05-27T14:14:36.098884,407.1,05.1081,1.09134,05.5658
2026-05-27T14:14:37.079031,408.1,05.1148,1.12549,05.7512
2026-05-27T14:14:38.102634,409.1,05.1186,1.18984,06.0800
2026-05-27T14:14:39.079300,410.1,05.1098,1.06502,05.4316
2026-05-27T14:14:40.103905,411.1,05.1008,1.12791,05.7523
2026-05-27T14:14:41.079262,412.1,05.1217,1.19272,06.1067
2026-05-27T14:14:42.102216,413.1,05.1156,1.43239,07.3195
2026-05-27T14:14:43.080834,414.1,05.1108,1.03660,05.2970
2026-05-27T14:14:44.104771,415.1,05.1128,1.34223,06.8587
2026-05-27T14:14:45.081669,416.1,05.1000,1.33946,06.8312
2026-05-27T14:14:46.107841,417.1,05.1012,1.13865,05.8071
2026-05-27T14:14:47.084114,418.1,05.1103,0.77169,03.9433
2026-05-27T14:14:48.100824,419.1,05.1083,0.62630,03.1941
2026-05-27T14:14:49.075164,420.1,05.1085,0.62164,03.1703
2026-05-27T14:14:50.094202,421.1,05.0955,1.10987,05.6492
2026-05-27T14:14:51.072104,422.1,05.1059,1.11949,05.7093
2026-05-27T14:14:52.096231,423.1,05.1158,1.01053,05.1638
2026-05-27T14:14:53.071225,424.1,05.1037,1.01705,05.1869
2026-05-27T14:14:54.091693,425.1,05.1116,1.30711,06.6793
2026-05-27T14:14:55.114603,426.1,05.1101,0.97544,04.9844
2026-05-27T14:14:56.089745,427.1,05.1151,1.15806,05.9176
2026-05-27T14:14:57.111618,428.1,05.1123,1.01267,05.1747
2026-05-27T14:14:58.089096,429.1,05.1078,1.12321,05.7283
2026-05-27T14:14:59.108956,430.1,05.0989,1.07916,05.4929
2026-05-27T14:15:00.084872,431.1,05.1069,1.03560,05.2815
2026-05-27T14:15:01.105167,432.1,05.1114,0.76819,03.9254
2026-05-27T14:15:02.079123,433.1,05.1082,0.76776,03.9155
2026-05-27T14:15:03.098022,434.1,05.1086,0.76626,03.9079
2026-05-27T14:15:04.073515,435.1,05.1028,1.30605,06.6608
2026-05-27T14:15:05.093922,436.1,05.1177,0.98592,05.0380
2026-05-27T14:15:06.111427,437.1,05.1083,1.14047,05.8163
2026-05-27T14:15:07.086802,438.1,05.1083,1.08312,05.5239
2026-05-27T14:15:08.107675,439.1,05.1048,1.15758,05.9036
2026-05-27T14:15:09.083430,440.1,05.1126,1.23673,06.3196
2026-05-27T14:15:10.101875,441.1,05.1153,1.02636,05.2446
2026-05-27T14:15:11.075461,442.1,05.1028,1.03949,05.3013
2026-05-27T14:15:12.095252,443.1,05.1016,1.08478,05.5323
2026-05-27T14:15:13.113883,444.1,05.0987,1.02852,05.2351
2026-05-27T14:15:14.087409,445.1,05.1064,1.07957,05.5058
2026-05-27T14:15:15.106799,446.1,05.1091,0.77229,03.9386
2026-05-27T14:15:16.078700,447.1,05.1087,0.77004,03.9272
2026-05-27T14:15:17.095234,448.1,05.1088,0.76522,03.9026
2026-05-27T14:15:18.115770,449.1,05.1114,1.13632,05.8065
2026-05-27T14:15:19.090566,450.1,05.1019,1.09726,05.5960
2026-05-27T14:15:20.110209,451.1,05.1067,1.07249,05.4696
2026-05-27T14:15:21.083016,452.1,05.1065,1.16996,05.9667
2026-05-27T14:15:22.099891,453.1,05.1175,1.12211,05.7339
2026-05-27T14:15:23.120388,454.1,05.1080,1.05606,05.3859
2026-05-27T14:15:24.095209,455.1,05.1060,1.18416,06.0392
2026-05-27T14:15:25.116769,456.1,05.1081,1.12965,05.7612
2026-05-27T14:15:26.090953,457.1,05.0981,1.17811,05.9965
2026-05-27T14:15:27.110434,458.1,05.0950,1.31425,06.6895
2026-05-27T14:15:28.083178,459.1,05.1112,1.15817,05.9182
2026-05-27T14:15:29.105392,460.1,05.1070,0.77004,03.9272
2026-05-27T14:15:30.122584,461.1,05.1080,0.76786,03.9160
2026-05-27T14:15:31.096908,462.1,05.1083,0.61853,03.1545
2026-05-27T14:15:32.117205,463.1,05.1078,1.04808,05.3452
2026-05-27T14:15:33.094620,464.1,05.1155,1.06223,05.4279
2026-05-27T14:15:34.117197,465.1,05.1034,1.07993,05.5076
2026-05-27T14:15:35.095094,466.1,05.1041,1.01258,05.1641
2026-05-27T14:15:36.116413,467.1,05.1112,1.19235,06.0929
2026-05-27T14:15:37.093650,468.1,05.1076,1.17129,05.9735
2026-05-27T14:15:38.117885,469.1,05.1073,1.09464,05.5826
2026-05-27T14:15:39.094778,470.1,05.1125,1.01471,05.1851
2026-05-27T14:15:40.119710,471.1,05.1026,1.10810,05.6513
2026-05-27T14:15:41.095534,472.1,05.1125,1.07862,05.5117
2026-05-27T14:15:42.116887,473.1,05.1014,1.05388,05.3747
2026-05-27T14:15:43.092084,474.1,05.1073,0.77194,03.9368
2026-05-27T14:15:44.111488,475.1,05.1064,0.76830,03.9183
2026-05-27T14:15:45.085526,476.1,05.1059,0.76457,03.8993
2026-05-27T14:15:46.106284,477.1,05.1159,1.16177,05.9366
2026-05-27T14:15:47.080973,478.1,05.1189,1.04748,05.3526
2026-05-27T14:15:48.103321,479.1,05.1111,1.00886,05.1552
2026-05-27T14:15:49.124204,480.1,05.1081,0.97928,04.9943
2026-05-27T14:15:50.097532,481.1,05.1086,1.04606,05.3349
2026-05-27T14:15:51.119429,482.1,05.1095,1.16079,05.9200
2026-05-27T14:15:52.095965,483.1,05.1084,0.97020,04.9480
2026-05-27T14:15:53.117531,484.1,05.1111,1.08329,05.5356
2026-05-27T14:15:54.092785,485.1,05.1076,1.19579,06.0985
2026-05-27T14:15:55.114813,486.1,05.1062,1.03501,05.2785
2026-05-27T14:15:56.091035,487.1,05.1071,1.14035,05.8157
2026-05-27T14:15:57.108872,488.1,05.1072,0.76904,03.9221
2026-05-27T14:15:58.126272,489.1,05.1075,0.62302,03.1774
2026-05-27T14:15:59.095583,490.1,05.1078,0.66510,03.3920
2026-05-27T14:16:00.115458,491.1,05.1069,1.07391,05.4769
2026-05-27T14:16:01.089802,492.1,05.1064,1.08702,05.5438
2026-05-27T14:16:02.109829,493.1,05.1126,1.04949,05.3628
2026-05-27T14:16:03.129884,494.1,05.1056,1.07129,05.4635
2026-05-27T14:16:04.105074,495.1,05.1030,1.11760,05.6997
2026-05-27T14:16:05.126419,496.1,05.1059,1.04751,05.3423
2026-05-27T14:16:06.100303,497.1,05.1092,1.11696,05.6964
2026-05-27T14:16:07.122777,498.1,05.1062,1.09730,05.5962
2026-05-27T14:16:08.096217,499.1,05.1026,1.05620,05.3866
2026-05-27T14:16:09.116793,500.1,05.1005,1.02514,05.2282
2026-05-27T14:16:10.092709,501.1,05.0928,1.10393,05.6190
2026-05-27T14:16:11.112858,502.1,05.1084,0.76476,03.9002
2026-05-27T14:16:12.088807,503.1,05.1084,0.76494,03.9011
2026-05-27T14:16:13.109057,504.1,05.1064,0.76457,03.8993
2026-05-27T14:16:14.127755,505.1,05.1016,1.15788,05.9051
2026-05-27T14:16:15.101548,506.1,05.1016,1.04899,05.3498
2026-05-27T14:16:16.122268,507.1,05.1034,1.04044,05.3062
2026-05-27T14:16:17.098043,508.1,05.1001,1.08590,05.5380
2026-05-27T14:16:18.114849,509.1,05.1076,1.02684,05.2368
2026-05-27T14:16:19.088562,510.1,05.1114,1.22534,06.2614
2026-05-27T14:16:20.106684,511.1,05.1017,1.03314,05.2690
2026-05-27T14:16:21.128503,512.1,05.1062,1.07207,05.4675
2026-05-27T14:16:22.105197,513.1,05.1072,1.06721,05.4427
2026-05-27T14:16:23.128838,514.1,05.1122,1.05023,05.3666
2026-05-27T14:16:24.101524,515.1,05.1122,1.23588,06.3153
2026-05-27T14:16:25.119833,516.1,05.1092,0.77293,03.9419
2026-05-27T14:16:26.093128,517.1,05.1092,0.76904,03.9221
2026-05-27T14:16:27.109953,518.1,05.1086,0.76483,03.9006
2026-05-27T14:16:28.129272,519.1,05.1066,1.03945,05.3011
2026-05-27T14:16:29.102143,520.1,05.1008,1.13172,05.7717
2026-05-27T14:16:30.125295,521.1,05.1048,1.13503,05.7886
2026-05-27T14:16:31.098996,522.1,05.1103,1.05022,05.3666
2026-05-27T14:16:32.119047,523.1,05.1026,1.01695,05.1864
2026-05-27T14:16:33.094117,524.1,05.1050,0.99425,05.0706
2026-05-27T14:16:34.113038,525.1,05.1059,1.01455,05.1742
2026-05-27T14:16:35.132767,526.1,05.1098,1.01438,05.1733
2026-05-27T14:16:36.104289,527.1,05.1079,1.14378,05.8332
2026-05-27T14:16:37.122824,528.1,05.1137,1.06983,05.4668
2026-05-27T14:16:38.097526,529.1,05.1128,1.14094,05.8302
2026-05-27T14:16:39.116539,530.1,05.1085,0.77203,03.9373
2026-05-27T14:16:40.135194,531.1,05.1089,0.74398,03.7942
2026-05-27T14:16:41.106207,532.1,05.1089,0.61610,03.1421
2026-05-27T14:16:42.126184,533.1,05.1072,0.98984,05.0481
2026-05-27T14:16:43.101649,534.1,05.1114,1.22245,06.2467
2026-05-27T14:16:44.119998,535.1,05.1114,1.06700,05.4523
2026-05-27T14:16:45.093002,536.1,05.1059,1.17239,05.9791
2026-05-27T14:16:46.113797,537.1,05.1011,1.07316,05.4731
2026-05-27T14:16:47.133542,538.1,05.0998,1.00255,05.1029
2026-05-27T14:16:48.107330,539.1,05.1067,1.08902,05.5540
2026-05-27T14:16:49.126833,540.1,05.1087,1.18885,06.0631
2026-05-27T14:16:50.099032,541.1,05.1056,1.15255,05.8780
2026-05-27T14:16:51.118651,542.1,05.0981,1.10547,05.6268
2026-05-27T14:16:52.095163,543.1,05.1037,1.14062,05.8171
2026-05-27T14:16:53.113383,544.1,05.1081,0.77048,03.9294
2026-05-27T14:16:54.128178,545.1,05.1073,0.76693,03.9113
2026-05-27T14:16:55.100335,546.1,05.1068,0.76346,03.8936
2026-05-27T14:16:56.122063,547.1,05.1085,0.99445,05.0716
2026-05-27T14:16:57.094321,548.1,05.1136,1.23690,06.3205
2026-05-27T14:16:58.111782,549.1,05.1042,1.05542,05.3826
2026-05-27T14:16:59.131471,550.1,05.1076,0.99174,05.0578
2026-05-27T14:17:00.105452,551.1,05.1042,1.04489,05.3289
2026-05-27T14:17:01.126330,552.1,05.1055,1.08775,05.5475
2026-05-27T14:17:02.097223,553.1,05.1058,1.00499,05.1254
2026-05-27T14:17:03.117967,554.1,05.1066,1.09723,05.5958
2026-05-27T14:17:04.139436,555.1,05.1036,1.14437,05.8362
2026-05-27T14:17:05.114165,556.1,05.1089,1.02751,05.2403
2026-05-27T14:17:06.135514,557.1,05.1100,0.94150,04.8110
2026-05-27T14:17:07.107444,558.1,05.1088,0.66197,03.3760
2026-05-27T14:17:08.121871,559.1,05.1081,0.61486,03.1357
2026-05-27T14:17:09.139757,560.1,05.1082,0.61521,03.1375
2026-05-27T14:17:10.113701,561.1,05.1033,1.06787,05.4461
2026-05-27T14:17:11.134804,562.1,05.1158,1.01152,05.1688
2026-05-27T14:17:12.109938,563.1,05.1059,1.30523,06.6566
2026-05-27T14:17:13.132979,564.1,05.1005,1.03427,05.2747
2026-05-27T14:17:14.108747,565.1,05.1044,1.03222,05.2643
2026-05-27T14:17:15.129512,566.1,05.1101,1.12208,05.7338
2026-05-27T14:17:16.105464,567.1,05.1048,1.08891,05.5534
2026-05-27T14:17:17.130558,568.1,05.1048,1.09854,05.6025
2026-05-27T14:17:18.104679,569.1,05.1067,1.02350,05.2198
2026-05-27T14:17:19.124024,570.1,05.1072,1.01789,05.1912
2026-05-27T14:17:20.142612,571.1,05.1066,0.87231,04.4487
2026-05-27T14:17:21.113623,572.1,05.1066,0.76749,03.9141
2026-05-27T14:17:22.131001,573.1,05.1075,0.76651,03.9092
2026-05-27T14:17:23.101432,574.1,05.1076,0.76378,03.8952
2026-05-27T14:17:24.121313,575.1,05.1079,1.17179,05.9761
2026-05-27T14:17:25.142131,576.1,05.1048,1.00580,05.1295
2026-05-27T14:17:26.116235,577.1,05.1097,1.21178,06.1800
2026-05-27T14:17:27.137267,578.1,05.1095,1.27491,06.5020
2026-05-27T14:17:28.111064,579.1,05.1075,1.00616,05.1314
2026-05-27T14:17:29.128706,580.1,05.1091,1.05669,05.3891
2026-05-27T14:17:30.145928,581.1,05.1155,1.03487,05.2881
2026-05-27T14:17:31.119995,582.1,05.1059,1.06097,05.4109
2026-05-27T14:17:32.139586,583.1,05.1112,1.00209,05.1206
2026-05-27T14:17:33.114817,584.1,05.1122,1.02380,05.2316
2026-05-27T14:17:34.135858,585.1,05.1048,0.93159,04.7511
2026-05-27T14:17:35.107269,586.1,05.1068,0.76713,03.9123
2026-05-27T14:17:36.122813,587.1,05.1069,0.76566,03.9048
2026-05-27T14:17:37.140654,588.1,05.1072,0.76204,03.8864
2026-05-27T14:17:38.114551,589.1,05.1025,1.29067,06.5824
2026-05-27T14:17:39.133551,590.1,05.1072,1.28877,06.5727
2026-05-27T14:17:40.106035,591.1,05.1053,1.48745,07.5859
2026-05-27T14:17:41.124914,592.1,05.1042,1.25476,06.3992
2026-05-27T14:17:42.146230,593.1,05.1061,1.02642,05.2347
2026-05-27T14:17:43.121230,594.1,05.1026,1.08371,05.5269
2026-05-27T14:17:44.142888,595.1,05.1062,1.08122,05.5142
2026-05-27T14:17:45.115123,596.1,05.1017,1.21262,06.1843
2026-05-27T14:17:46.134239,597.1,05.1045,1.05382,05.3744
2026-05-27T14:17:47.105836,598.1,05.1097,1.06091,05.4106
2026-05-27T14:17:48.125255,599.1,05.1114,0.78680,04.0205
2026-05-27T14:17:49.143803,600.1,05.1080,0.77110,03.9326
2026-05-27T14:17:50.118485,601.1,05.1108,0.66169,03.3812
2026-05-27T14:17:51.135055,602.1,05.1087,0.69912,03.5655
2026-05-27T14:17:52.110300,603.1,05.0891,1.43350,07.2821
2026-05-27T14:17:53.131888,604.1,05.1087,1.08530,05.5350
2026-05-27T14:17:54.110521,605.1,05.1144,1.18940,06.0778
2026-05-27T14:17:55.131142,606.1,05.1136,1.18313,06.0457
2026-05-27T14:17:56.149745,607.1,05.1028,1.01203,05.1613
2026-05-27T14:17:57.125555,608.1,05.1101,1.02713,05.2486
2026-05-27T14:17:58.146614,609.1,05.1050,1.08292,05.5228
2026-05-27T14:17:59.121878,610.1,05.1094,1.25832,06.4174
2026-05-27T14:18:00.142466,611.1,05.1147,1.15737,05.9141
2026-05-27T14:18:01.118054,612.1,05.1094,1.09441,05.5814
2026-05-27T14:18:02.141206,613.1,05.1108,0.76795,03.9242
2026-05-27T14:18:03.112892,614.1,05.1094,0.76803,03.9169
2026-05-27T14:18:04.128885,615.1,05.1082,0.76609,03.9070
2026-05-27T14:18:05.146815,616.1,05.1071,0.91344,04.6585
2026-05-27T14:18:06.120086,617.1,05.1120,1.17028,05.9801
2026-05-27T14:18:07.136376,618.1,05.1047,1.15680,05.8996
2026-05-27T14:18:08.108839,619.1,05.1141,1.18597,06.0603
2026-05-27T14:18:09.128312,620.1,05.1076,1.12472,05.7360
2026-05-27T14:18:10.148203,621.1,05.1133,1.22311,06.2500
2026-05-27T14:18:11.122178,622.1,05.1039,1.24729,06.3611
2026-05-27T14:18:12.139947,623.1,05.1025,1.01889,05.1963
2026-05-27T14:18:13.114665,624.1,05.1148,1.14392,05.8454
2026-05-27T14:18:14.136050,625.1,05.1103,1.10973,05.6707
2026-05-27T14:18:15.152747,626.1,05.1109,1.22047,06.2366
2026-05-27T14:18:16.124443,627.1,05.1084,0.76958,03.9248
2026-05-27T14:18:17.142273,628.1,05.1085,0.62031,03.1635
2026-05-27T14:18:18.111159,629.1,05.1088,0.61886,03.1561
2026-05-27T14:18:19.127245,630.1,05.1067,0.78385,03.9976
2026-05-27T14:18:20.143631,631.1,05.1156,1.21232,06.1949
2026-05-27T14:18:21.116102,632.1,05.1078,1.00488,05.1248
2026-05-27T14:18:22.138873,633.1,05.1148,1.09575,05.5992
2026-05-27T14:18:23.113587,634.1,05.1116,1.09429,05.5918
2026-05-27T14:18:24.134251,635.1,05.1139,1.33549,06.8243
2026-05-27T14:18:25.154398,636.1,05.1033,1.16024,05.9172
2026-05-27T14:18:26.130011,637.1,05.1070,1.06540,05.4335
2026-05-27T14:18:27.152778,638.1,05.1069,1.09920,05.6059
2026-05-27T14:18:28.125078,639.1,05.1120,1.21685,06.2181
2026-05-27T14:18:29.146042,640.1,05.1064,1.19906,06.1152
2026-05-27T14:18:30.121184,641.1,05.1086,0.77016,03.9278
2026-05-27T14:18:31.138578,642.1,05.1070,0.76927,03.9232
2026-05-27T14:18:32.113875,643.1,05.1074,0.76781,03.9158
2026-05-27T14:18:33.133589,644.1,05.1072,1.04605,05.3348
2026-05-27T14:18:34.157607,645.1,05.1084,1.15303,05.8804
2026-05-27T14:18:35.133097,646.1,05.1074,1.18430,06.0399
2026-05-27T14:18:36.153148,647.1,05.1005,1.05229,05.3666
2026-05-27T14:18:37.126792,648.1,05.1072,1.11006,05.6613
2026-05-27T14:18:38.148618,649.1,05.0883,1.21936,06.1943
2026-05-27T14:18:39.124251,650.1,05.1065,1.19316,06.0851
2026-05-27T14:18:40.148086,651.1,05.1117,1.44324,07.3749
2026-05-27T14:18:41.122554,652.1,05.1105,1.22768,06.2734
2026-05-27T14:18:42.143832,653.1,05.1045,1.16402,05.9365
2026-05-27T14:18:43.119290,654.1,05.0947,1.11634,05.6821
2026-05-27T14:18:44.141076,655.1,05.1064,0.76878,03.9207
2026-05-27T14:18:45.161005,656.1,05.1064,0.62078,03.1659
2026-05-27T14:18:46.132865,657.1,05.1086,0.61858,03.1547
2026-05-27T14:18:47.152079,658.1,05.1075,0.92959,04.7409
2026-05-27T14:18:48.128234,659.1,05.1114,1.18607,06.0608
2026-05-27T14:18:49.150415,660.1,05.1080,1.32607,06.7629
2026-05-27T14:18:50.125239,661.1,05.1079,1.10873,05.6545
2026-05-27T14:18:51.145902,662.1,05.1026,1.02060,05.2050
2026-05-27T14:18:52.119088,663.1,05.1126,1.04635,05.3468
2026-05-27T14:18:53.142006,664.1,05.1079,1.11216,05.6720
2026-05-27T14:18:54.160769,665.1,05.1109,1.28700,06.5765
2026-05-27T14:18:55.135297,666.1,05.1153,1.06586,05.4465
2026-05-27T14:18:56.157295,667.1,05.1080,1.21273,06.1849
2026-05-27T14:18:57.134383,668.1,05.1114,0.99446,05.0816
2026-05-27T14:18:58.155162,669.1,05.1080,0.77379,03.9463
2026-05-27T14:18:59.126600,670.1,05.1087,0.77195,03.9369
2026-05-27T14:19:00.143744,671.1,05.1083,0.76942,03.9240
2026-05-27T14:19:01.161299,672.1,05.1055,1.18239,06.0301
2026-05-27T14:19:02.133842,673.1,05.1117,1.10874,05.6656
2026-05-27T14:19:03.154875,674.1,05.1095,1.07331,05.4738
2026-05-27T14:19:04.128187,675.1,05.1117,1.23528,06.3122
2026-05-27T14:19:05.148119,676.1,05.1086,1.17700,06.0027
2026-05-27T14:19:06.122446,677.1,05.1144,1.12242,05.7355
2026-05-27T14:19:07.144272,678.1,05.1079,1.14694,05.8493
2026-05-27T14:19:08.160857,679.1,05.1111,1.16947,05.9759
2026-05-27T14:19:09.136331,680.1,05.1111,1.15492,05.9016
2026-05-27T14:19:10.156419,681.1,05.1111,1.13340,05.7916
2026-05-27T14:19:11.131801,682.1,05.1136,1.05787,05.4057
2026-05-27T14:19:12.153479,683.1,05.1067,0.76975,03.9257
2026-05-27T14:19:13.124031,684.1,05.1067,0.61930,03.1584
2026-05-27T14:19:14.140730,685.1,05.1083,0.61861,03.1549
2026-05-27T14:19:15.160169,686.1,05.1079,1.32499,06.7574
2026-05-27T14:19:16.134193,687.1,05.1119,1.03635,05.2957
2026-05-27T14:19:17.154247,688.1,05.1067,1.13748,05.8011
2026-05-27T14:19:18.128407,689.1,05.0953,1.20694,06.1433
2026-05-27T14:19:19.154167,690.1,05.1050,1.13774,05.8024
2026-05-27T14:19:20.129865,691.1,05.1112,1.00030,05.1115
2026-05-27T14:19:21.150293,692.1,05.1067,1.15921,05.9119
2026-05-27T14:19:22.126779,693.1,05.1042,1.02335,05.2190
2026-05-27T14:19:23.150752,694.1,05.1042,1.13396,05.7831
2026-05-27T14:19:24.127129,695.1,05.1014,1.03015,05.2537
2026-05-27T14:19:25.149615,696.1,05.0873,1.06107,05.3902
2026-05-27T14:19:26.123442,697.1,05.1062,0.76953,03.9246
2026-05-27T14:19:27.142733,698.1,05.1066,0.76934,03.9236
2026-05-27T14:19:28.163652,699.1,05.1070,0.76768,03.9151
2026-05-27T14:19:29.137605,700.1,05.1077,1.36026,06.9373
2026-05-27T14:19:30.158675,701.1,05.1047,1.04465,05.3277
2026-05-27T14:19:31.136266,702.1,05.1047,1.17132,05.9737
2026-05-27T14:19:32.158723,703.1,05.1119,1.11435,05.6943
2026-05-27T14:19:33.132172,704.1,05.1033,1.12165,05.7204
2026-05-27T14:19:34.154437,705.1,05.1063,1.08880,05.5528
2026-05-27T14:19:35.128798,706.1,05.1131,1.21742,06.2210
2026-05-27T14:19:36.150687,707.1,05.0994,1.03106,05.2480
2026-05-27T14:19:37.126051,708.1,05.1005,1.11145,05.6683
2026-05-27T14:19:38.144376,709.1,05.1030,1.05399,05.3753
2026-05-27T14:19:39.165723,710.1,05.1057,1.15931,05.9124
2026-05-27T14:19:40.138984,711.1,05.1075,0.77311,03.9428
2026-05-27T14:19:41.158274,712.1,05.1083,0.61762,03.1498
2026-05-27T14:19:42.130024,713.1,05.1070,0.61669,03.1451
2026-05-27T14:19:43.150397,714.1,05.1123,1.07228,05.4793
2026-05-27T14:19:44.127955,715.1,05.1037,1.14148,05.8215
2026-05-27T14:19:45.149264,716.1,05.1039,1.20126,06.1264
2026-05-27T14:19:46.168248,717.1,05.1055,1.16121,05.9221
2026-05-27T14:19:47.142598,718.1,05.1086,1.14071,05.8176
2026-05-27T14:19:48.162513,719.1,05.1067,1.05112,05.3607
2026-05-27T14:19:49.139304,720.1,05.1062,1.11952,05.7095
2026-05-27T14:19:50.160448,721.1,05.1005,1.08326,05.5246
2026-05-27T14:19:51.137781,722.1,05.1051,1.13319,05.7792
2026-05-27T14:19:52.159543,723.1,05.1122,1.07452,05.4907
2026-05-27T14:19:53.134169,724.1,05.0975,1.09827,05.5901
2026-05-27T14:19:54.153423,725.1,05.1120,0.76786,03.9237
2026-05-27T14:19:55.174887,726.1,05.1074,0.76755,03.9145
2026-05-27T14:19:56.152328,727.1,05.1076,0.76614,03.9073
2026-05-27T14:19:57.174023,728.1,05.1079,1.05626,05.3869
2026-05-27T14:19:58.148651,729.1,05.1036,1.03558,05.2814
2026-05-27T14:19:59.170222,730.1,05.0942,1.10338,05.6162
2026-05-27T14:20:00.146722,731.1,05.1070,1.15157,05.8730
2026-05-27T14:20:01.168052,732.1,05.0919,1.22782,06.2496
2026-05-27T14:20:02.142597,733.1,05.1022,1.24202,06.3343
2026-05-27T14:20:03.165370,734.1,05.1073,1.09876,05.6036
2026-05-27T14:20:04.141478,735.1,05.0975,1.06940,05.4432
2026-05-27T14:20:05.163008,736.1,05.1095,1.15726,05.9020
2026-05-27T14:20:06.138431,737.1,05.0983,1.11559,05.6783
2026-05-27T14:20:07.164315,738.1,05.1094,1.05999,05.4059
2026-05-27T14:20:08.138435,739.1,05.1078,0.77313,03.9429
2026-05-27T14:20:09.155864,740.1,05.1074,0.61791,03.1513
2026-05-27T14:20:10.173274,741.1,05.1082,0.59830,03.0513
2026-05-27T14:20:11.144806,742.1,05.1159,1.07835,05.5103
2026-05-27T14:20:12.166054,743.1,05.1067,1.06112,05.4117
2026-05-27T14:20:13.139421,744.1,05.1081,1.04597,05.3344
2026-05-27T14:20:14.159563,745.1,05.1095,1.02767,05.2411
2026-05-27T14:20:15.134596,746.1,05.1095,1.00846,05.1431
2026-05-27T14:20:16.154565,747.1,05.1066,1.06149,05.4135
2026-05-27T14:20:17.174509,748.1,05.1101,1.14715,05.8619
2026-05-27T14:20:18.147580,749.1,05.1173,1.02769,05.2514
2026-05-27T14:20:19.166034,750.1,05.1008,1.21112,06.1767
2026-05-27T14:20:20.139603,751.1,05.1181,1.11685,05.7071
2026-05-27T14:20:21.160223,752.1,05.1070,1.14315,05.8300
2026-05-27T14:20:22.134604,753.1,05.1092,0.77206,03.9375
2026-05-27T14:20:23.153702,754.1,05.1092,0.76987,03.9263
2026-05-27T14:20:24.171792,755.1,05.1060,0.76675,03.9104
2026-05-27T14:20:25.144587,756.1,05.1061,1.12009,05.7124
2026-05-27T14:20:26.166887,757.1,05.1076,1.12591,05.7421
2026-05-27T14:20:27.143638,758.1,05.1137,1.05974,05.4152
2026-05-27T14:20:28.167204,759.1,05.1022,1.04056,05.3068
2026-05-27T14:20:29.141261,760.1,05.1120,1.12211,05.7339
2026-05-27T14:20:30.165956,761.1,05.1031,1.08402,05.5285
2026-05-27T14:20:31.140521,762.1,05.1006,1.07178,05.4660
2026-05-27T14:20:32.161890,763.2,05.1072,1.01716,05.1875
2026-05-27T14:20:33.138515,764.2,05.1034,1.14566,05.8428
2026-05-27T14:20:34.160950,765.2,05.1087,1.16526,05.9428
2026-05-27T14:20:35.136412,766.2,05.1058,1.07823,05.4989
2026-05-27T14:20:36.157987,767.2,05.1073,0.77006,03.9273
2026-05-27T14:20:37.178151,768.2,05.1081,0.61626,03.1429
2026-05-27T14:20:38.150290,769.2,05.1083,0.61735,03.1484
2026-05-27T14:20:39.168982,770.2,05.1101,1.05751,05.4038
2026-05-27T14:20:40.146502,771.2,05.1058,1.03130,05.2596
2026-05-27T14:20:41.166712,772.2,05.1061,1.17748,06.0051
2026-05-27T14:20:42.143704,773.2,05.1137,1.03514,05.2895
2026-05-27T14:20:43.164701,774.2,05.1116,1.09706,05.6059
2026-05-27T14:20:44.140531,775.2,05.1082,1.19756,06.1075
2026-05-27T14:20:45.160336,776.2,05.1081,1.25132,06.3817
2026-05-27T14:20:46.178963,777.2,05.1094,1.06805,05.4470
2026-05-27T14:20:47.154392,778.2,05.1050,1.16524,05.9427
2026-05-27T14:20:48.177931,779.2,05.1067,1.09317,05.5751
2026-05-27T14:20:49.151235,780.2,05.1031,1.17745,06.0049
2026-05-27T14:20:50.168725,781.2,05.1055,0.76993,03.9266
2026-05-27T14:20:51.141615,782.2,05.1091,0.76771,03.9153
2026-05-27T14:20:52.161057,783.2,05.1094,0.76578,03.9054
2026-05-27T14:20:53.182307,784.2,05.1070,1.19260,06.0822
2026-05-27T14:20:54.157310,785.2,05.1072,1.02294,05.2169
2026-05-27T14:20:55.178501,786.2,05.1019,1.07579,05.4865
2026-05-27T14:20:56.153519,787.2,05.1062,1.16549,05.9439
2026-05-27T14:20:57.172316,788.2,05.1112,1.05275,05.3795
2026-05-27T14:20:58.147370,789.2,05.1078,1.16787,05.9561
2026-05-27T14:20:59.165930,790.2,05.0992,1.12208,05.7113
2026-05-27T14:21:00.185968,791.2,05.0981,1.08182,05.5064
2026-05-27T14:21:01.161802,792.2,05.1031,0.98777,05.0376
2026-05-27T14:21:02.180578,793.2,05.1066,1.13247,05.7755
2026-05-27T14:21:03.157981,794.2,05.1044,1.05421,05.3764
2026-05-27T14:21:04.177606,795.2,05.1073,0.70032,03.5716
2026-05-27T14:21:05.148128,796.2,05.1074,0.61991,03.1615
2026-05-27T14:21:06.165887,797.2,05.1069,0.61614,03.1423
2026-05-27T14:21:07.185327,798.2,05.1105,1.03799,05.3041
2026-05-27T14:21:08.157653,799.2,05.1059,1.16627,05.9479
2026-05-27T14:21:09.177094,800.2,05.0989,1.01722,05.1776
2026-05-27T14:21:10.151204,801.2,05.1072,1.07253,05.4699
2026-05-27T14:21:11.172089,802.2,05.1100,1.00413,05.1311
2026-05-27T14:21:12.145445,803.2,05.1068,1.13621,05.7946
2026-05-27T14:21:13.165156,804.2,05.1136,1.09001,05.5699
2026-05-27T14:21:14.186633,805.2,05.1091,1.15627,05.8969
2026-05-27T14:21:15.160755,806.2,05.1137,1.12826,05.7654
2026-05-27T14:21:16.182468,807.2,05.1076,1.05052,05.3576
2026-05-27T14:21:17.160053,808.2,05.1073,1.02844,05.2450
2026-05-27T14:21:18.182407,809.2,05.1075,0.76643,03.9087
2026-05-27T14:21:19.156830,810.2,05.1078,0.76695,03.9114
2026-05-27T14:21:20.173605,811.2,05.1079,0.76551,03.9041
2026-05-27T14:21:21.151871,812.2,05.1003,1.03180,05.2621
2026-05-27T14:21:22.174016,813.2,05.1059,1.03725,05.2899
2026-05-27T14:21:23.149283,814.2,05.1009,1.08025,05.5092
2026-05-27T14:21:24.170487,815.2,05.1069,1.04934,05.3516
2026-05-27T14:21:25.147929,816.2,05.1064,1.21159,06.1791
2026-05-27T14:21:26.172603,817.2,05.1123,1.03402,05.2838
2026-05-27T14:21:27.150458,818.2,05.1084,1.07436,05.4792
2026-05-27T14:21:28.175689,819.2,05.1081,0.99926,05.0962
2026-05-27T14:21:29.152524,820.2,05.1114,1.02650,05.2454
2026-05-27T14:21:30.173713,821.2,05.1120,1.19312,06.0968
2026-05-27T14:21:31.150287,822.2,05.1098,1.11881,05.7059
2026-05-27T14:21:32.170080,823.2,05.1098,0.70443,03.5925
2026-05-27T14:21:33.189092,824.2,05.1080,0.61882,03.1559
2026-05-27T14:21:34.160823,825.2,05.1082,0.61658,03.1445
2026-05-27T14:21:35.178806,826.2,05.1141,0.99997,05.1098
2026-05-27T14:21:36.155963,827.2,05.1064,1.04236,05.3160
2026-05-27T14:21:37.178223,828.2,05.1093,1.16334,05.9330
2026-05-27T14:21:38.152680,829.2,05.1084,1.11187,05.6705
2026-05-27T14:21:39.172057,830.2,05.1044,0.99199,05.0591
2026-05-27T14:21:40.192139,831.2,05.1048,1.00658,05.1335
2026-05-27T14:21:41.164858,832.2,05.1036,0.98389,05.0178
2026-05-27T14:21:42.183530,833.2,05.1058,1.04152,05.3117
2026-05-27T14:21:43.158808,834.2,05.1164,1.04281,05.3287
2026-05-27T14:21:44.176126,835.2,05.1031,0.99321,05.0653
2026-05-27T14:21:45.151064,836.2,05.1087,1.10767,05.6491
2026-05-27T14:21:46.166174,837.2,05.1075,0.76933,03.9235
2026-05-27T14:21:47.182384,838.2,05.1066,0.76777,03.9156
2026-05-27T14:21:48.152184,839.2,05.1089,0.76569,03.9050
2026-05-27T14:21:49.171475,840.2,05.1037,1.15406,05.8857
2026-05-27T14:21:50.192871,841.2,05.1098,0.98658,05.0315
2026-05-27T14:21:51.165214,842.2,05.1014,1.09693,05.5943
2026-05-27T14:21:52.184759,843.2,05.1069,0.97639,04.9795
2026-05-27T14:21:53.156901,844.2,05.1039,0.98829,05.0402
2026-05-27T14:21:54.177134,845.2,05.1065,0.98566,05.0268
2026-05-27T14:21:55.196164,846.2,05.1033,0.99006,05.0493
2026-05-27T14:21:56.170324,847.2,05.1122,0.99245,05.0714
2026-05-27T14:21:57.191818,848.2,05.1017,1.04912,05.3505
2026-05-27T14:21:58.167124,849.2,05.1036,1.08786,05.5480
2026-05-27T14:21:59.190905,850.2,05.1094,1.12834,05.7545
2026-05-27T14:22:00.164490,851.2,05.1098,0.61738,03.1486
2026-05-27T14:22:01.182376,852.2,05.1058,0.65245,03.3274
2026-05-27T14:22:02.199012,853.2,05.1080,0.73657,03.7565
2026-05-27T14:22:03.171741,854.2,05.1084,1.13134,05.7698
2026-05-27T14:22:04.195488,855.2,05.1084,0.98251,05.0108
2026-05-27T14:22:05.172526,856.2,05.1069,1.11943,05.7090
2026-05-27T14:22:06.193465,857.2,05.1130,1.04375,05.3335
2026-05-27T14:22:07.164583,858.2,05.1098,0.98781,05.0378
2026-05-27T14:22:08.183142,859.2,05.1036,0.98425,05.0196
2026-05-27T14:22:09.156826,860.2,05.1086,1.09557,05.5874
2026-05-27T14:22:10.177696,861.2,05.1083,1.02879,05.2468
2026-05-27T14:22:11.197669,862.2,05.1114,1.15445,05.8992
2026-05-27T14:22:12.173025,863.2,05.1058,1.08578,05.5374
2026-05-27T14:22:13.191594,864.2,05.1109,1.05395,05.3856
2026-05-27T14:22:14.162474,865.2,05.1089,0.76727,03.9130
2026-05-27T14:22:15.181013,866.2,05.1082,0.76558,03.9044
2026-05-27T14:22:16.198577,867.2,05.1084,0.84800,04.3248
2026-05-27T14:22:17.171546,868.2,05.1014,1.06182,05.4152
2026-05-27T14:22:18.194500,869.2,05.0908,1.27836,06.5068
2026-05-27T14:22:19.170483,870.2,05.1031,1.06580,05.4355
2026-05-27T14:22:20.195540,871.2,05.1081,1.06269,05.4197
2026-05-27T14:22:21.172597,872.2,05.1084,0.99830,05.0913
2026-05-27T14:22:22.194726,873.2,05.0919,1.37022,06.9744
2026-05-27T14:22:23.168411,874.2,05.1028,1.13226,05.7745
2026-05-27T14:22:24.189410,875.2,05.1085,1.12866,05.7561
2026-05-27T14:22:25.164435,876.2,05.1081,1.19711,06.1052
2026-05-27T14:22:26.185983,877.2,05.1003,0.98544,05.0257
2026-05-27T14:22:27.160381,878.2,05.1076,1.02951,05.2505
2026-05-27T14:22:28.181697,879.2,05.1094,0.63017,03.2138
2026-05-27T14:22:29.199871,880.2,05.1077,0.61687,03.1460
2026-05-27T14:22:30.170476,881.2,05.1079,0.74189,03.7836
2026-05-27T14:22:31.191999,882.2,05.1069,1.12143,05.7192
2026-05-27T14:22:32.169088,883.2,05.1112,1.04769,05.3536
2026-05-27T14:22:33.191060,884.2,05.1051,1.02266,05.2155
2026-05-27T14:22:34.168890,885.2,05.0933,1.31852,06.7112
2026-05-27T14:22:35.190232,886.2,05.1095,1.15233,05.8768
2026-05-27T14:22:36.166240,887.2,05.1037,1.12300,05.7273
2026-05-27T14:22:37.186999,888.2,05.1033,1.10548,05.6379
2026-05-27T14:22:38.163782,889.2,05.1097,1.22640,06.2546
2026-05-27T14:22:39.184718,890.2,05.1119,1.02540,05.2397
2026-05-27T14:22:40.205453,891.2,05.1075,0.99191,05.0587
2026-05-27T14:22:41.180544,892.2,05.1105,0.95914,04.9012
2026-05-27T14:22:42.198631,893.2,05.1097,0.76935,03.9236
2026-05-27T14:22:43.170852,894.2,05.1097,0.76545,03.9037
2026-05-27T14:22:44.187457,895.2,05.1095,0.93376,04.7621
2026-05-27T14:22:45.207981,896.2,05.0884,1.28976,06.5519
2026-05-27T14:22:46.180838,897.2,05.1072,1.06335,05.4230
2026-05-27T14:22:47.199771,898.2,05.1151,1.31171,06.7028
2026-05-27T14:22:48.172578,899.2,05.1100,1.27369,06.5085
2026-05-27T14:22:49.190668,900.2,05.1056,1.09963,05.6081
2026-05-27T14:22:50.165515,901.2,05.1170,1.17964,06.0279
2026-05-27T14:22:51.184445,902.2,05.1078,1.24881,06.3689
2026-05-27T14:22:52.202024,903.2,05.1075,1.03024,05.2542
2026-05-27T14:22:53.176213,904.2,05.1073,1.08068,05.5114
2026-05-27T14:22:54.198510,905.2,05.1093,1.00374,05.1190
2026-05-27T14:22:55.175565,906.2,05.1114,0.88383,04.5163
2026-05-27T14:22:56.194486,907.2,05.1090,0.76688,03.9110
2026-05-27T14:22:57.165658,908.2,05.1089,0.76283,03.8904
2026-05-27T14:22:58.184756,909.2,05.1092,1.13837,05.8056
2026-05-27T14:22:59.205329,910.2,05.0969,1.23800,06.3014
2026-05-27T14:23:00.180318,911.2,05.1053,1.15799,05.9057
2026-05-27T14:23:01.199729,912.2,05.1031,1.18988,06.0683
2026-05-27T14:23:02.175503,913.2,05.1169,1.13899,05.8202
2026-05-27T14:23:03.200753,914.2,05.1074,1.36064,06.9392
2026-05-27T14:23:04.176481,915.2,05.1092,1.42880,07.2868
2026-05-27T14:23:05.197673,916.2,05.1062,1.32534,06.7592
2026-05-27T14:23:06.173273,917.2,05.0926,1.02422,05.2132
2026-05-27T14:23:07.194033,918.2,05.1034,1.11883,05.7060
2026-05-27T14:23:08.169829,919.2,05.1089,1.07175,05.4659
2026-05-27T14:23:09.189877,920.2,05.1086,0.92800,04.7328
2026-05-27T14:23:10.208744,921.2,05.1086,0.76842,03.9189
2026-05-27T14:23:11.180997,922.2,05.1070,0.74287,03.7886
2026-05-27T14:23:12.199806,923.2,05.1082,1.02414,05.2231
2026-05-27T14:23:13.172189,924.2,05.1112,1.00210,05.1207
2026-05-27T14:23:14.191178,925.2,05.1080,1.00446,05.1227
2026-05-27T14:23:15.209835,926.2,05.0994,1.20878,06.1526
2026-05-27T14:23:16.184739,927.2,05.1083,1.22096,06.2268
2026-05-27T14:23:17.206480,928.2,05.1147,1.12549,05.7512
2026-05-27T14:23:18.179584,929.2,05.1101,1.35062,06.9016
2026-05-27T14:23:19.198714,930.2,05.1045,1.16751,05.9543
2026-05-27T14:23:20.172086,931.2,05.1180,1.05610,05.3966
2026-05-27T14:23:21.192054,932.2,05.1079,1.08503,05.5336
2026-05-27T14:23:22.211885,933.2,05.1076,1.05896,05.4006
2026-05-27T14:23:23.186325,934.2,05.1077,0.77023,03.9281
2026-05-27T14:23:24.204484,935.2,05.1075,0.76439,03.8983
2026-05-27T14:23:25.180288,936.2,05.1076,0.76440,03.8984
2026-05-27T14:23:26.201323,937.2,05.1081,1.33716,06.8195
2026-05-27T14:23:27.174956,938.2,05.0898,1.29473,06.5772
2026-05-27T14:23:28.198043,939.2,05.1083,1.28043,06.5301
2026-05-27T14:23:29.174704,940.2,05.1091,1.14672,05.8482
2026-05-27T14:23:30.195452,941.2,05.1081,1.07729,05.4941
2026-05-27T14:23:31.216449,942.2,05.1130,1.10243,05.6334
2026-05-27T14:23:32.190506,943.2,05.0920,1.18219,06.0173
2026-05-27T14:23:33.211590,944.2,05.1067,1.12847,05.7551
2026-05-27T14:23:34.187545,945.2,05.1122,1.12729,05.7604
2026-05-27T14:23:35.209367,946.2,05.1096,1.22646,06.2549
2026-05-27T14:23:36.184940,947.2,05.1037,1.30526,06.6568
2026-05-27T14:23:37.206754,948.2,05.1064,0.77332,03.9439
2026-05-27T14:23:38.180526,949.2,05.1085,0.61854,03.1545
2026-05-27T14:23:39.201252,950.2,05.1076,0.61782,03.1508
2026-05-27T14:23:40.175007,951.2,05.1045,0.78616,04.0094
2026-05-27T14:23:41.199138,952.2,05.1109,1.28462,06.5644
2026-05-27T14:23:42.175009,953.2,05.1101,1.25665,06.4214
2026-05-27T14:23:43.196531,954.2,05.1106,1.27692,06.5250
2026-05-27T14:23:44.217483,955.2,05.0959,1.08978,05.5469
2026-05-27T14:23:45.191953,956.2,05.1120,1.10211,05.6317
2026-05-27T14:23:46.213682,957.2,05.1083,1.07136,05.4639
2026-05-27T14:23:47.191261,958.2,05.1150,1.19431,06.1029
2026-05-27T14:23:48.213675,959.2,05.1031,1.18343,06.0354
2026-05-27T14:23:49.190286,960.2,05.1031,1.15428,05.8868
2026-05-27T14:23:50.208833,961.2,05.1022,1.37799,07.0277
2026-05-27T14:23:51.184254,962.2,05.1061,0.77020,03.9280
2026-05-27T14:23:52.202769,963.2,05.1084,0.76861,03.9199
2026-05-27T14:23:53.219870,964.2,05.1069,0.76601,03.9066
2026-05-27T14:23:54.190948,965.2,05.1017,1.02111,05.2076
2026-05-27T14:23:55.209609,966.2,05.1012,1.34183,06.8433
2026-05-27T14:23:56.183258,967.2,05.0901,1.24023,06.3127
2026-05-27T14:23:57.203047,968.2,05.1025,1.07398,05.4772
2026-05-27T14:23:58.178385,969.2,05.1073,1.05450,05.3779
2026-05-27T14:23:59.199458,970.2,05.1053,1.03443,05.2755
2026-05-27T14:24:00.220681,971.2,05.1042,1.11736,05.6985
2026-05-27T14:24:01.196760,972.2,05.0948,1.17536,05.9825
2026-05-27T14:24:02.218307,973.2,05.1161,1.10928,05.6684
2026-05-27T14:24:03.192891,974.2,05.1069,1.28204,06.5384
2026-05-27T14:24:04.212528,975.2,05.1117,1.50971,07.7146
2026-05-27T14:24:05.184998,976.2,05.1117,0.77129,03.9412
2026-05-27T14:24:06.201071,977.2,05.1090,0.62241,03.1742
2026-05-27T14:24:07.215834,978.2,05.1093,0.61911,03.1574
2026-05-27T14:24:08.187145,979.2,05.1061,0.95087,04.8494
2026-05-27T14:24:09.206899,980.2,05.1111,1.19052,06.0835
2026-05-27T14:24:10.181299,981.2,05.1034,1.17509,05.9929
2026-05-27T14:24:11.202720,982.2,05.1025,1.15054,05.8677
2026-05-27T14:24:12.224100,983.2,05.1086,1.16618,05.9475
2026-05-27T14:24:13.199058,984.2,05.1023,1.03612,05.2842
2026-05-27T14:24:14.219186,985.2,05.1090,1.03033,05.2546
2026-05-27T14:24:15.191336,986.2,05.1117,1.18590,06.0599
2026-05-27T14:24:16.212968,987.2,05.1142,1.43009,07.3077
2026-05-27T14:24:17.188272,988.2,05.1195,1.19145,06.0883
2026-05-27T14:24:18.209890,989.2,05.1069,1.38604,07.0688
2026-05-27T14:24:19.183660,990.2,05.1128,0.77008,03.9351
2026-05-27T14:24:20.202124,991.2,05.1100,0.76824,03.9257
2026-05-27T14:24:21.221211,992.2,05.1092,0.76470,03.8999
2026-05-27T14:24:22.194515,993.2,05.1014,1.19607,06.0999
2026-05-27T14:24:23.216967,994.2,05.1134,1.00869,05.1544
2026-05-27T14:24:24.195436,995.2,05.1137,1.33505,06.8221
2026-05-27T14:24:25.219508,996.2,05.1122,1.15877,05.9213
2026-05-27T14:24:26.195045,997.2,05.1055,1.27981,06.5270
2026-05-27T14:24:27.217713,998.2,05.0980,1.24837,06.3542
2026-05-27T14:24:28.191951,999.2,05.1100,1.10640,05.6537
2026-05-27T14:24:29.215463,1000.2,05.0992,1.04106,05.2989
2026-05-27T14:24:30.190693,1001.2,05.0950,1.03799,05.2833
2026-05-27T14:24:31.215085,1002.2,05.1117,1.18549,06.0578
2026-05-27T14:24:32.192429,1003.2,05.1173,1.09485,05.5946
2026-05-27T14:24:33.216868,1004.2,05.1070,0.76902,03.9220
2026-05-27T14:24:34.194112,1005.2,05.1095,0.61862,03.1549
2026-05-27T14:24:35.216217,1006.2,05.1094,0.61831,03.1533
2026-05-27T14:24:36.194219,1007.2,05.1092,1.33122,06.7892
2026-05-27T14:24:37.217109,1008.2,05.1072,1.07227,05.4685
2026-05-27T14:24:38.194001,1009.2,05.1139,1.03022,05.2644
2026-05-27T14:24:39.216218,1010.2,05.1050,1.05847,05.3981
2026-05-27T14:24:40.194117,1011.2,05.1189,1.10167,05.6295
2026-05-27T14:24:41.218973,1012.2,05.1120,1.14733,05.8628
2026-05-27T14:24:42.197950,1013.2,05.1028,1.09939,05.6068
2026-05-27T14:24:43.220596,1014.2,05.1139,1.10524,05.6477
2026-05-27T14:24:44.196624,1015.2,05.1058,1.15920,05.9119
2026-05-27T14:24:45.218620,1016.2,05.0978,1.12066,05.7041
2026-05-27T14:24:46.197609,1017.2,05.1049,1.11251,05.6738
2026-05-27T14:24:47.219783,1018.2,05.1092,0.76957,03.9248
2026-05-27T14:24:48.194399,1019.2,05.1092,0.76913,03.9225
2026-05-27T14:24:49.214370,1020.2,05.1092,0.76563,03.9047
2026-05-27T14:24:50.189716,1021.2,05.1167,1.14410,05.8463
2026-05-27T14:24:51.211904,1022.2,05.1016,1.09613,05.5902
2026-05-27T14:24:52.233786,1023.2,05.1158,1.06932,05.4642
2026-05-27T14:24:53.209543,1024.2,05.1103,1.18627,06.0618
2026-05-27T14:24:54.231273,1025.2,05.1098,1.13799,05.8037
2026-05-27T14:24:55.205478,1026.2,05.1058,1.25280,06.3892
2026-05-27T14:24:56.228659,1027.2,05.1092,1.08158,05.5160
2026-05-27T14:24:57.205792,1028.2,05.1031,1.05103,05.3602
2026-05-27T14:24:58.226808,1029.2,05.1003,1.11555,05.6893
2026-05-27T14:24:59.201996,1030.2,05.1092,1.07650,05.4901
2026-05-27T14:25:00.225483,1031.2,05.1064,1.21724,06.2079
2026-05-27T14:25:01.201175,1032.2,05.1092,0.74242,03.7863
2026-05-27T14:25:02.218593,1033.2,05.1092,0.62077,03.1659
2026-05-27T14:25:03.191429,1034.2,05.1092,0.59123,03.0152
2026-05-27T14:25:04.212255,1035.2,05.1069,1.03051,05.2556
2026-05-27T14:25:05.233437,1036.2,05.1158,1.05995,05.4163
2026-05-27T14:25:06.209899,1037.2,05.1095,1.07506,05.4828
2026-05-27T14:25:07.232610,1038.2,05.1101,1.05283,05.3799
2026-05-27T14:25:08.209557,1039.2,05.1019,1.13848,05.8062
2026-05-27T14:25:09.232951,1040.2,05.1083,1.11463,05.6846
2026-05-27T14:25:10.208645,1041.2,05.1050,1.15035,05.8667
2026-05-27T14:25:11.232560,1042.2,05.1114,1.08034,05.5205
2026-05-27T14:25:12.206954,1043.2,05.1097,1.17591,05.9971
2026-05-27T14:25:13.227712,1044.2,05.1073,1.04206,05.3145
2026-05-27T14:25:14.204263,1045.2,05.1075,1.06238,05.4181
2026-05-27T14:25:15.224606,1046.2,05.1090,0.77220,03.9382
2026-05-27T14:25:16.197632,1047.2,05.1084,0.77070,03.9305
2026-05-27T14:25:17.215480,1048.2,05.1075,0.76682,03.9107
2026-05-27T14:25:18.236442,1049.2,05.1028,1.04755,05.3425
2026-05-27T14:25:19.212162,1050.2,05.1062,0.98185,05.0074
2026-05-27T14:25:20.231870,1051.2,05.1095,1.01291,05.1658
2026-05-27T14:25:21.205992,1052.2,05.1097,1.02579,05.2315
2026-05-27T14:25:22.225566,1053.2,05.1177,1.09224,05.5813
2026-05-27T14:25:23.199505,1054.2,05.1055,1.08425,05.5296
2026-05-27T14:25:24.222176,1055.2,05.1064,1.04808,05.3452
2026-05-27T14:25:25.197806,1056.2,05.1086,1.20280,06.1342
2026-05-27T14:25:26.218667,1057.2,05.1181,1.17122,05.9849
2026-05-27T14:25:27.239748,1058.2,05.1064,1.17190,05.9766
2026-05-27T14:25:28.214388,1059.2,05.1067,1.04438,05.3263
2026-05-27T14:25:29.233974,1060.2,05.1081,0.77284,03.9414
2026-05-27T14:25:30.206983,1061.2,05.1097,0.77092,03.9316
2026-05-27T14:25:31.226387,1062.2,05.1099,0.76735,03.9134
2026-05-27T14:25:32.201586,1063.2,05.0994,0.99757,05.0776
2026-05-27T14:25:33.223333,1064.2,05.1081,1.09524,05.5857
2026-05-27T14:25:34.199915,1065.2,05.1053,0.97898,04.9927
2026-05-27T14:25:35.223298,1066.2,05.1092,0.97861,04.9909
2026-05-27T14:25:36.200567,1067.2,05.1087,1.13013,05.7636
2026-05-27T14:25:37.223814,1068.2,05.1012,1.00864,05.1440
2026-05-27T14:25:38.198569,1069.2,05.1095,1.07519,05.4834
2026-05-27T14:25:39.222625,1070.2,05.1097,1.03527,05.2798
2026-05-27T14:25:40.199012,1071.2,05.1101,1.11491,05.6971
2026-05-27T14:25:41.223340,1072.2,05.0973,1.04637,05.3260
2026-05-27T14:25:42.203410,1073.2,05.1086,1.09411,05.5799
2026-05-27T14:25:43.223213,1074.2,05.1085,0.76951,03.9245
2026-05-27T14:25:44.242819,1075.2,05.1079,0.76829,03.9182
2026-05-27T14:25:45.213900,1076.2,05.1076,0.61664,03.1448
2026-05-27T14:25:46.239144,1077.2,05.1064,1.03010,05.2535
2026-05-27T14:25:47.216327,1078.2,05.1067,0.99959,05.0979
2026-05-27T14:25:48.236102,1079.2,05.1119,1.15478,05.9009
2026-05-27T14:25:49.214290,1080.2,05.1089,1.07685,05.4919
2026-05-27T14:25:50.239890,1081.2,05.1117,1.11856,05.7158
2026-05-27T14:25:51.215399,1082.2,05.1061,1.08394,05.5280
2026-05-27T14:25:52.237219,1083.2,05.1106,1.04885,05.3596
2026-05-27T14:25:53.212526,1084.2,05.1044,0.99467,05.0728
2026-05-27T14:25:54.236023,1085.2,05.1100,1.01081,05.1652
2026-05-27T14:25:55.212359,1086.2,05.1125,1.13377,05.7935
2026-05-27T14:25:56.236715,1087.2,05.1094,1.03303,05.2684
2026-05-27T14:25:57.209783,1088.2,05.1088,0.76872,03.9204
2026-05-27T14:25:58.229578,1089.2,05.1085,0.76662,03.9097
2026-05-27T14:25:59.203230,1090.2,05.1080,0.76434,03.8981
2026-05-27T14:26:00.226627,1091.2,05.1134,1.17630,06.0108
2026-05-27T14:26:01.206234,1092.2,05.1101,1.08452,05.5418
2026-05-27T14:26:02.228430,1093.2,05.1059,0.99345,05.0665
2026-05-27T14:26:03.205458,1094.2,05.1101,1.00321,05.1264
2026-05-27T14:26:04.227635,1095.2,05.1087,1.06113,05.4117
2026-05-27T14:26:05.202554,1096.2,05.1081,1.08582,05.5376
2026-05-27T14:26:06.227513,1097.2,05.1108,1.01574,05.1904
2026-05-27T14:26:07.206950,1098.2,05.1067,1.07579,05.4865
2026-05-27T14:26:08.227601,1099.2,05.1042,1.07320,05.4733
2026-05-27T14:26:09.203788,1100.2,05.1081,1.09493,05.5841
2026-05-27T14:26:10.226100,1101.2,05.1116,1.09230,05.5816
2026-05-27T14:26:11.245723,1102.2,05.1094,0.76499,03.9014
2026-05-27T14:26:12.222468,1103.2,05.1093,0.76628,03.9080
2026-05-27T14:26:13.243397,1104.2,05.1081,0.86119,04.3920
2026-05-27T14:26:14.221807,1105.2,05.1116,1.12876,05.7679
2026-05-27T14:26:15.242440,1106.2,05.1089,1.12206,05.7225
2026-05-27T14:26:16.217960,1107.2,05.1075,1.14449,05.8368
2026-05-27T14:26:17.242952,1108.2,05.1050,1.05896,05.4006
2026-05-27T14:26:18.218469,1109.2,05.1078,0.99662,05.0827
2026-05-27T14:26:19.241049,1110.2,05.1077,1.23648,06.3060
2026-05-27T14:26:20.217166,1111.2,05.1077,1.18765,06.0570
2026-05-27T14:26:21.237075,1112.2,05.0991,1.09282,05.5624
2026-05-27T14:26:22.214588,1113.2,05.1145,1.05353,05.3835
2026-05-27T14:26:23.237508,1114.2,05.0908,1.00504,05.1156
2026-05-27T14:26:24.212837,1115.2,05.1069,0.95656,04.8784
2026-05-27T14:26:25.232118,1116.2,05.1073,0.76945,03.9241
2026-05-27T14:26:26.251424,1117.2,05.1077,0.62060,03.1650
2026-05-27T14:26:27.224559,1118.2,05.1084,0.89525,04.5657
2026-05-27T14:26:28.248336,1119.2,05.1126,1.08520,05.5453
2026-05-27T14:26:29.221680,1120.2,05.1073,1.00579,05.1295
2026-05-27T14:26:30.241831,1121.2,05.0939,1.16208,05.9149
2026-05-27T14:26:31.215853,1122.2,05.1025,1.31022,06.6821
2026-05-27T14:26:32.236648,1123.2,05.1086,1.16985,05.9662
2026-05-27T14:26:33.210942,1124.2,05.1109,1.11510,05.6981
2026-05-27T14:26:34.231637,1125.2,05.1158,1.37766,07.0398
2026-05-27T14:26:35.253761,1126.2,05.1097,1.09518,05.5854
2026-05-27T14:26:36.227845,1127.2,05.1081,1.03658,05.2865
2026-05-27T14:26:37.248049,1128.2,05.1103,1.12066,05.7265
2026-05-27T14:26:38.224278,1129.2,05.1080,0.89673,04.5733
2026-05-27T14:26:39.245859,1130.2,05.1099,0.76640,03.9086
2026-05-27T14:26:40.219419,1131.2,05.1088,0.76572,03.9051
2026-05-27T14:26:41.238224,1132.2,05.1082,1.19057,06.0719
2026-05-27T14:26:42.212805,1133.2,05.1033,1.27346,06.4946
2026-05-27T14:26:43.232062,1134.2,05.1031,1.05609,05.3860
2026-05-27T14:26:44.249922,1135.2,05.1073,1.10255,05.6230
2026-05-27T14:26:45.220811,1136.2,05.1139,1.12832,05.7657
2026-05-27T14:26:46.241395,1137.2,05.1177,1.26437,06.4609
2026-05-27T14:26:47.215146,1138.2,05.1103,1.30767,06.6821
2026-05-27T14:26:48.237006,1139.2,05.1159,1.28229,06.5525
2026-05-27T14:26:49.214038,1140.2,05.1048,1.16031,05.9175
2026-05-27T14:26:50.234844,1141.2,05.1025,1.10278,05.6241
2026-05-27T14:26:51.255097,1142.2,05.1141,1.11016,05.6729
2026-05-27T14:26:52.230911,1143.2,05.1094,0.77402,03.9475
2026-05-27T14:26:53.250028,1144.2,05.1075,0.61982,03.1610
2026-05-27T14:26:54.221497,1145.2,05.1075,0.61766,03.1500
2026-05-27T14:26:55.240217,1146.2,05.1036,1.32230,06.7437
2026-05-27T14:26:56.215136,1147.2,05.1036,1.08148,05.5155
2026-05-27T14:26:57.236688,1148.2,05.1095,1.00946,05.1482
2026-05-27T14:26:58.257802,1149.2,05.1067,1.06521,05.4325
2026-05-27T14:26:59.234467,1150.2,05.0981,1.02005,05.1920
2026-05-27T14:27:00.255663,1151.2,05.0995,1.24178,06.3206
2026-05-27T14:27:01.229406,1152.2,05.1074,1.12419,05.7333
2026-05-27T14:27:02.251196,1153.2,05.1178,1.21412,06.2041
2026-05-27T14:27:03.229130,1154.2,05.1073,1.13018,05.7639
2026-05-27T14:27:04.252061,1155.2,05.1061,1.20343,06.1374
2026-05-27T14:27:05.229197,1156.2,05.1075,1.15946,05.9132
2026-05-27T14:27:06.252720,1157.2,05.1061,0.76813,03.9174
2026-05-27T14:27:07.226530,1158.2,05.1084,0.76898,03.9217
2026-05-27T14:27:08.245723,1159.2,05.1084,0.76791,03.9163
2026-05-27T14:27:09.218277,1160.2,05.1114,0.92196,04.7112
2026-05-27T14:27:10.239947,1161.2,05.1151,1.03796,05.3039
2026-05-27T14:27:11.218220,1162.2,05.1086,1.25700,06.4107
2026-05-27T14:27:12.240659,1163.2,05.1069,1.22407,06.2427
2026-05-27T14:27:13.216250,1164.2,05.1064,1.13516,05.7893
2026-05-27T14:27:14.241011,1165.2,05.1050,1.13416,05.7842
2026-05-27T14:27:15.261163,1166.2,05.1137,1.08239,05.5310
2026-05-27T14:27:16.235986,1167.2,05.1085,1.13360,05.7813
2026-05-27T14:27:17.254957,1168.2,05.1156,1.15290,05.8913
2026-05-27T14:27:18.226660,1169.2,05.1003,1.22227,06.2335
2026-05-27T14:27:19.245685,1170.2,05.0978,1.28289,06.5299
2026-05-27T14:27:20.220544,1171.2,05.1117,0.77404,03.9553
2026-05-27T14:27:21.237491,1172.2,05.1087,0.62134,03.1688
2026-05-27T14:27:22.253143,1173.2,05.1082,0.61986,03.1612
2026-05-27T14:27:23.224326,1174.2,05.1120,0.95952,04.9031
2026-05-27T14:27:24.244896,1175.2,05.1061,1.15490,05.8899
2026-05-27T14:27:25.262906,1176.2,05.0972,1.23165,06.2690
2026-05-27T14:27:26.235768,1177.2,05.0992,1.03037,05.2445
2026-05-27T14:27:27.257558,1178.2,05.1053,1.02557,05.2304
2026-05-27T14:27:28.230436,1179.2,05.1178,1.22079,06.2382
2026-05-27T14:27:29.251514,1180.2,05.0991,1.12151,05.7084
2026-05-27T14:27:30.224952,1181.2,05.1148,1.25878,06.4323
2026-05-27T14:27:31.247090,1182.2,05.1008,1.12074,05.7157
2026-05-27T14:27:32.223328,1183.2,05.1075,1.32643,06.7647
2026-05-27T14:27:33.244920,1184.2,05.1087,1.12432,05.7340
2026-05-27T14:27:34.219220,1185.2,05.1084,0.76904,03.9221
2026-05-27T14:27:35.241250,1186.2,05.1070,0.76877,03.9207
2026-05-27T14:27:36.259832,1187.2,05.1092,0.76674,03.9103
2026-05-27T14:27:37.234109,1188.2,05.1072,1.25558,06.4034
2026-05-27T14:27:38.253924,1189.2,05.1048,1.07116,05.4629
2026-05-27T14:27:39.230469,1190.2,05.1133,1.13781,05.8142
2026-05-27T14:27:40.252744,1191.2,05.1111,1.06651,05.4498
2026-05-27T14:27:41.228852,1192.2,05.1130,1.13427,05.7961
2026-05-27T14:27:42.249789,1193.2,05.1041,1.11248,05.6736
2026-05-27T14:27:43.225097,1194.2,05.0994,1.00843,05.1329
2026-05-27T14:27:44.247138,1195.2,05.1072,1.10378,05.6292
2026-05-27T14:27:45.267241,1196.2,05.1031,1.10402,05.6305
2026-05-27T14:27:46.242713,1197.2,05.0987,1.09580,05.5776
2026-05-27T14:27:47.263620,1198.2,05.1134,1.13423,05.7959
2026-05-27T14:27:48.235934,1199.2,05.1072,0.75110,03.8306
2026-05-27T14:27:49.252863,1200.2,05.1092,0.61762,03.1498
2026-05-27T14:27:50.222877,1201.2,05.1076,0.61688,03.1460
2026-05-27T14:27:51.238219,1202.2,05.1091,1.17771,06.0063
2026-05-27T14:27:52.259690,1203.2,05.1012,1.06064,05.4092
2026-05-27T14:27:53.234020,1204.2,05.0951,1.06414,05.4164
2026-05-27T14:27:54.256868,1205.2,05.1116,1.09787,05.6101
2026-05-27T14:27:55.230893,1206.2,05.1042,1.10979,05.6599
2026-05-27T14:27:56.252126,1207.2,05.1111,1.07333,05.4847
2026-05-27T14:27:57.226710,1208.2,05.1111,1.08847,05.5620
2026-05-27T14:27:58.248860,1209.2,05.1000,1.10247,05.6225
2026-05-27T14:27:59.270024,1210.2,05.1116,1.07980,05.5177
2026-05-27T14:28:00.244675,1211.2,05.1151,1.11875,05.7168
2026-05-27T14:28:01.265580,1212.2,05.1056,1.14359,05.8323
2026-05-27T14:28:02.238488,1213.2,05.1080,0.76878,03.9207
2026-05-27T14:28:03.256335,1214.2,05.1097,0.76867,03.9202
2026-05-27T14:28:04.228744,1215.2,05.1093,0.77939,03.9748
2026-05-27T14:28:05.248799,1216.2,05.1134,1.19277,06.0950
2026-05-27T14:28:06.268764,1217.2,05.1025,1.24346,06.3416
2026-05-27T14:28:07.242845,1218.2,05.1055,1.03235,05.2649
2026-05-27T14:28:08.261883,1219.2,05.1100,1.13402,05.7948
2026-05-27T14:28:09.237699,1220.2,05.1080,1.16957,05.9648
2026-05-27T14:28:10.260091,1221.2,05.1150,1.15862,05.9205
2026-05-27T14:28:11.236626,1222.2,05.1033,0.96224,04.9074
2026-05-27T14:28:12.259022,1223.2,05.1125,1.05122,05.3717
2026-05-27T14:28:13.234920,1224.2,05.1098,1.03246,05.2655
2026-05-27T14:28:14.258213,1225.2,05.0992,1.10148,05.6065
2026-05-27T14:28:15.233716,1226.2,05.1062,1.03310,05.2688
2026-05-27T14:28:16.255167,1227.2,05.1082,0.72742,03.7098
2026-05-27T14:28:17.231543,1228.2,05.1084,0.61643,03.1437
2026-05-27T14:28:18.255169,1229.2,05.1083,0.61661,03.1447
2026-05-27T14:28:19.230688,1230.2,05.0951,1.10139,05.6060
2026-05-27T14:28:20.253761,1231.2,05.1202,1.03130,05.2802
2026-05-27T14:28:21.232444,1232.2,05.1059,1.14918,05.8608
2026-05-27T14:28:22.256100,1233.2,05.1080,1.07477,05.4813
2026-05-27T14:28:23.234528,1234.2,05.1058,1.04736,05.3415
2026-05-27T14:28:24.257613,1235.2,05.1034,1.13108,05.7685
2026-05-27T14:28:25.233525,1236.2,05.1058,1.13684,05.7978
2026-05-27T14:28:26.256624,1237.2,05.1065,1.14925,05.8611
2026-05-27T14:28:27.234873,1238.2,05.1072,1.04451,05.3270
2026-05-27T14:28:28.258697,1239.2,05.1022,1.06669,05.4401
2026-05-27T14:28:29.233415,1240.2,05.1151,1.02673,05.2465
2026-05-27T14:28:30.253510,1241.2,05.1083,0.77035,03.9287
2026-05-27T14:28:31.273855,1242.2,05.1070,0.76674,03.9103
2026-05-27T14:28:32.247221,1243.2,05.1066,0.76482,03.9005
2026-05-27T14:28:33.268713,1244.2,05.1120,1.08058,05.5217
2026-05-27T14:28:34.244510,1245.2,05.1103,1.12320,05.7395
2026-05-27T14:28:35.268645,1246.2,05.1066,1.01035,05.1527
2026-05-27T14:28:36.243214,1247.2,05.1122,1.09107,05.5753
2026-05-27T14:28:37.262443,1248.2,05.1120,1.04713,05.3508
2026-05-27T14:28:38.240386,1249.2,05.1050,1.08879,05.5528
2026-05-27T14:28:39.264097,1250.2,05.1079,1.13769,05.8022
2026-05-27T14:28:40.238727,1251.2,05.1051,1.01321,05.1673
2026-05-27T14:28:41.261334,1252.2,05.1085,1.09607,05.5899
2026-05-27T14:28:42.239296,1253.2,05.1078,1.04688,05.3390
2026-05-27T14:28:43.259938,1254.2,05.1080,1.00672,05.1342
2026-05-27T14:28:44.236192,1255.2,05.1077,0.77030,03.9285
2026-05-27T14:28:45.254933,1256.2,05.1098,0.61907,03.1572
2026-05-27T14:28:46.276720,1257.2,05.1083,0.60417,03.0812
2026-05-27T14:28:47.253152,1258.2,05.1131,1.00198,05.1201
2026-05-27T14:28:48.277755,1259.2,05.1069,1.01089,05.1555
2026-05-27T14:28:49.254486,1260.2,05.1022,0.99281,05.0633
2026-05-27T14:28:50.278587,1261.2,05.1064,1.03130,05.2596
2026-05-27T14:28:51.255700,1262.2,05.1059,1.01806,05.1921
2026-05-27T14:28:52.276047,1263.2,05.1056,1.21657,06.2045
2026-05-27T14:28:53.252573,1264.2,05.1095,1.06894,05.4515
2026-05-27T14:28:54.275326,1265.2,05.1100,1.27363,06.5082
2026-05-27T14:28:55.253641,1266.2,05.1055,1.11641,05.6936
2026-05-27T14:28:56.279196,1267.2,05.1067,1.07808,05.4982
2026-05-27T14:28:57.255123,1268.2,05.1117,1.05345,05.3831
2026-05-27T14:28:58.276673,1269.2,05.1066,0.77195,03.9369
2026-05-27T14:28:59.251724,1270.2,05.1084,0.76848,03.9192
2026-05-27T14:29:00.271179,1271.2,05.1078,0.76508,03.9019
2026-05-27T14:29:01.244301,1272.2,05.1087,1.07949,05.5053
2026-05-27T14:29:02.266524,1273.2,05.1136,1.06369,05.4354
2026-05-27T14:29:03.245000,1274.2,05.1056,1.18794,06.0584
2026-05-27T14:29:04.264657,1275.3,05.1031,1.00536,05.1273
2026-05-27T14:29:05.240088,1276.3,05.1106,1.14364,05.8440
2026-05-27T14:29:06.261570,1277.3,05.1084,1.17205,05.9774
2026-05-27T14:29:07.238448,1278.3,05.1075,1.26885,06.4711
2026-05-27T14:29:08.257687,1279.3,05.1087,1.14255,05.8270
2026-05-27T14:29:09.280637,1280.3,05.1067,1.06361,05.4244
2026-05-27T14:29:10.258966,1281.3,05.1112,1.15391,05.8964
2026-05-27T14:29:11.280100,1282.3,05.1073,1.07879,05.5018
2026-05-27T14:29:12.252534,1283.3,05.1075,0.68615,03.4993
2026-05-27T14:29:13.270261,1284.3,05.1075,0.62014,03.1627
2026-05-27T14:29:14.243172,1285.3,05.1084,0.61720,03.1477
2026-05-27T14:29:15.263697,1286.3,05.1095,1.09275,05.5730
2026-05-27T14:29:16.239084,1287.3,05.1081,1.13477,05.7873
2026-05-27T14:29:17.261127,1288.3,05.1106,1.08959,05.5678
2026-05-27T14:29:18.280671,1289.3,05.1111,1.08030,05.5203
2026-05-27T14:29:19.255074,1290.3,05.1111,1.06798,05.4573
2026-05-27T14:29:20.275602,1291.3,05.1025,1.10713,05.6463
2026-05-27T14:29:21.252536,1292.3,05.1042,1.12137,05.7189
2026-05-27T14:29:22.276506,1293.3,05.1073,1.11441,05.6834
2026-05-27T14:29:23.255499,1294.3,05.1089,1.00738,05.1376
2026-05-27T14:29:24.276410,1295.3,05.1050,1.11400,05.6814
2026-05-27T14:29:25.255374,1296.3,05.1056,1.08191,05.5177
2026-05-27T14:29:26.276158,1297.3,05.1069,0.76710,03.9122
2026-05-27T14:29:27.248925,1298.3,05.1067,0.76571,03.9051
2026-05-27T14:29:28.270670,1299.3,05.1069,0.76474,03.9001
2026-05-27T14:29:29.250947,1300.3,05.1030,1.04664,05.3378
2026-05-27T14:29:30.275962,1301.3,05.1117,1.24035,06.3381
2026-05-27T14:29:31.253568,1302.3,05.1023,1.04111,05.3096
2026-05-27T14:29:32.277421,1303.3,05.1067,0.98294,05.0129
2026-05-27T14:29:33.255301,1304.3,05.1091,0.97715,04.9834
2026-05-27T14:29:34.275376,1305.3,05.1079,1.00450,05.1229
2026-05-27T14:29:35.251114,1306.3,05.1076,1.09405,05.5796
2026-05-27T14:29:36.272829,1307.3,05.1008,1.18498,06.0433
2026-05-27T14:29:37.248735,1308.3,05.1097,1.17184,05.9763
2026-05-27T14:29:38.269181,1309.3,05.1059,1.13687,05.7980
2026-05-27T14:29:39.244225,1310.3,05.1055,1.00745,05.1379
2026-05-27T14:29:40.264199,1311.3,05.1069,0.77053,03.9297
2026-05-27T14:29:41.282152,1312.3,05.1069,0.76580,03.9055
2026-05-27T14:29:42.257444,1313.3,05.1070,0.87482,04.4615
2026-05-27T14:29:43.279184,1314.3,05.1114,1.08000,05.5188
2026-05-27T14:29:44.258108,1315.3,05.1092,1.14257,05.8271
2026-05-27T14:29:45.281996,1316.3,05.1082,1.15262,05.8783
2026-05-27T14:29:46.257731,1317.3,05.1067,1.08314,05.5240
2026-05-27T14:29:47.277866,1318.3,05.1089,1.17950,06.0154
2026-05-27T14:29:48.254510,1319.3,05.1061,1.06970,05.4554
2026-05-27T14:29:49.279285,1320.3,05.0966,1.25410,06.3833
2026-05-27T14:29:50.256910,1321.3,05.1094,1.04961,05.3530
2026-05-27T14:29:51.278604,1322.3,05.1037,1.05255,05.3680
2026-05-27T14:29:52.252373,1323.3,05.1070,1.02331,05.2188
2026-05-27T14:29:53.275272,1324.3,05.1056,0.98576,05.0273
2026-05-27T14:29:54.247545,1325.3,05.1056,0.76891,03.9214
2026-05-27T14:29:55.268868,1326.3,05.1084,0.61555,03.1393
2026-05-27T14:29:56.290589,1327.3,05.1044,0.88594,04.5182
2026-05-27T14:29:57.268824,1328.3,05.1061,1.20322,06.1364
2026-05-27T14:29:58.291491,1329.3,05.1087,1.01009,05.1514
2026-05-27T14:29:59.268843,1330.3,05.1072,1.34248,06.8466
2026-05-27T14:30:00.293112,1331.3,05.1053,1.03016,05.2538
2026-05-27T14:30:01.269605,1332.3,05.1091,1.05477,05.3793
2026-05-27T14:30:02.292600,1333.3,05.1066,1.14381,05.8334
2026-05-27T14:30:03.269451,1334.3,05.1158,1.12420,05.7446
2026-05-27T14:30:04.292716,1335.3,05.1087,0.99500,05.0745
2026-05-27T14:30:05.269913,1336.3,05.1095,1.14457,05.8373
2026-05-27T14:30:06.292200,1337.3,05.1081,1.09810,05.6003
2026-05-27T14:30:07.270060,1338.3,05.1105,0.94759,04.8421
2026-05-27T14:30:08.291790,1339.3,05.1101,0.77164,03.9430
2026-05-27T14:30:09.265719,1340.3,05.1098,0.76070,03.8795
2026-05-27T14:30:10.286975,1341.3,05.1139,1.08419,05.5402
2026-05-27T14:30:11.263193,1342.3,05.1037,1.02702,05.2378
2026-05-27T14:30:12.286094,1343.3,05.1025,1.07548,05.4849
2026-05-27T14:30:13.263126,1344.3,05.1116,1.17646,06.0117
2026-05-27T14:30:14.288512,1345.3,05.0969,1.15266,05.8670
2026-05-27T14:30:15.267637,1346.3,05.1106,1.33207,06.8068
2026-05-27T14:30:16.289415,1347.3,05.1012,1.06757,05.4446
2026-05-27T14:30:17.265501,1348.3,05.1016,1.07074,05.4607
2026-05-27T14:30:18.291699,1349.3,05.1081,1.12968,05.7613
2026-05-27T14:30:19.270012,1350.3,05.1014,1.13936,05.8107
2026-05-27T14:30:20.295413,1351.3,05.1064,1.35094,06.8897
2026-05-27T14:30:21.274594,1352.3,05.1092,0.76494,03.9011
2026-05-27T14:30:22.296675,1353.3,05.1092,0.61619,03.1425
2026-05-27T14:30:23.272809,1354.3,05.1092,0.61564,03.1397
2026-05-27T14:30:24.292383,1355.3,05.1078,0.74073,03.7777
2026-05-27T14:30:25.270130,1356.3,05.1064,1.19922,06.1160
2026-05-27T14:30:26.296593,1357.3,05.1031,1.12893,05.7575
2026-05-27T14:30:27.273078,1358.3,05.1023,1.04100,05.3091
2026-05-27T14:30:28.297143,1359.3,05.0962,1.06836,05.4379
2026-05-27T14:30:29.273119,1360.3,05.1130,1.05365,05.3841
2026-05-27T14:30:30.293970,1361.3,05.1148,1.07695,05.5032
2026-05-27T14:30:31.269544,1362.3,05.1108,1.22401,06.2546
2026-05-27T14:30:32.295275,1363.3,05.1147,1.27487,06.5145
2026-05-27T14:30:33.274998,1364.3,05.1058,1.45237,07.4070
2026-05-27T14:30:34.299086,1365.3,05.1026,1.09715,05.5954
2026-05-27T14:30:35.275230,1366.3,05.1094,0.75328,03.8417
2026-05-27T14:30:36.299766,1367.3,05.1083,0.74992,03.8245
2026-05-27T14:30:37.278461,1368.3,05.1089,0.74921,03.8209
2026-05-27T14:30:38.255053,1369.3,05.1061,1.22855,06.2656
2026-05-27T14:30:39.276908,1370.3,05.1014,1.01971,05.2005
2026-05-27T14:30:40.254977,1371.3,05.1090,1.15525,05.8917
2026-05-27T14:30:41.280173,1372.3,05.1003,1.12326,05.7286
2026-05-27T14:30:42.258404,1373.3,05.1011,1.16027,05.9173
2026-05-27T14:30:43.284632,1374.3,05.1183,1.18318,06.0460
2026-05-27T14:30:44.261599,1375.3,05.1008,1.29849,06.6222
2026-05-27T14:30:45.284071,1376.3,05.1011,1.26887,06.4712
2026-05-27T14:30:46.267289,1377.3,05.1037,1.02780,05.2417
2026-05-27T14:30:47.290925,1378.3,05.1047,1.07746,05.4950
2026-05-27T14:30:48.271135,1379.3,05.0976,1.24573,06.3407
2026-05-27T14:30:49.294729,1380.3,05.1066,0.77196,03.9369
2026-05-27T14:30:50.271552,1381.3,05.1091,0.62279,03.1762
2026-05-27T14:30:51.294751,1382.3,05.1091,0.62083,03.1662
2026-05-27T14:30:52.273226,1383.3,05.1041,1.08407,05.5287
2026-05-27T14:30:53.300972,1384.3,05.1091,1.18055,06.0208
2026-05-27T14:30:54.278908,1385.3,05.1148,1.20675,06.1664
2026-05-27T14:30:55.302588,1386.3,05.1117,1.15017,05.8773
2026-05-27T14:30:56.282003,1387.3,05.0947,1.11499,05.6752
2026-05-27T14:30:57.261202,1388.3,05.1080,1.11207,05.6715
2026-05-27T14:30:58.286458,1389.3,05.1047,1.12062,05.7151
2026-05-27T14:30:59.265702,1390.3,05.1147,1.06408,05.4374
2026-05-27T14:31:00.289784,1391.3,05.1170,1.15583,05.9062
2026-05-27T14:31:01.270897,1392.3,05.0941,1.15835,05.8960
2026-05-27T14:31:02.295735,1393.3,05.1123,1.11830,05.7145
2026-05-27T14:31:03.275492,1394.3,05.1088,0.76888,03.9212
2026-05-27T14:31:04.296088,1395.3,05.1089,0.76821,03.9178
2026-05-27T14:31:05.270922,1396.3,05.1087,0.76665,03.9099
2026-05-27T14:31:06.292701,1397.3,05.0980,1.06224,05.4068
2026-05-27T14:31:07.271272,1398.3,05.1126,1.13782,05.8142
2026-05-27T14:31:08.294211,1399.3,05.1172,1.12743,05.7611
2026-05-27T14:31:09.272435,1400.3,05.1075,1.09187,05.5685
2026-05-27T14:31:10.295308,1401.3,05.1198,1.12208,05.7338
2026-05-27T14:31:11.269983,1402.3,05.1066,1.03445,05.2756
2026-05-27T14:31:12.293574,1403.3,05.1150,0.95954,04.9032
2026-05-27T14:31:13.269107,1404.3,05.1028,1.20151,06.1277
2026-05-27T14:31:14.290137,1405.3,05.1212,1.22053,06.2491
2026-05-27T14:31:15.266395,1406.3,05.1109,1.01330,05.1779
2026-05-27T14:31:16.287108,1407.3,05.1125,1.08700,05.5545
2026-05-27T14:31:17.307428,1408.3,05.1095,0.77206,03.9375
2026-05-27T14:31:18.280032,1409.3,05.1090,0.61662,03.1447
2026-05-27T14:31:19.300644,1410.3,05.1096,0.63179,03.2221
2026-05-27T14:31:20.274888,1411.3,05.1041,1.17447,05.9897
2026-05-27T14:31:21.302859,1412.3,05.1005,1.06700,05.4417
2026-05-27T14:31:22.281776,1413.3,05.1080,1.13896,05.8086
2026-05-27T14:31:23.305994,1414.3,05.1134,1.07783,05.5077
2026-05-27T14:31:24.284527,1415.3,05.1026,1.12546,05.7398
2026-05-27T14:31:25.306308,1416.3,05.1078,1.08878,05.5527
2026-05-27T14:31:26.283148,1417.3,05.1111,1.05293,05.3804
2026-05-27T14:31:27.309032,1418.3,05.1033,1.14434,05.8361
2026-05-27T14:31:28.287145,1419.3,05.1144,1.15983,05.9267
2026-05-27T14:31:29.265533,1420.3,05.1139,1.14649,05.8585
2026-05-27T14:31:30.287759,1421.3,05.1053,1.13571,05.7921
2026-05-27T14:31:31.265500,1422.3,05.1090,0.77471,03.9510
2026-05-27T14:31:32.288326,1423.3,05.1093,0.77354,03.9450
2026-05-27T14:31:33.310579,1424.3,05.1090,0.77071,03.9306
2026-05-27T14:31:34.286887,1425.3,05.1019,1.04636,05.3364
2026-05-27T14:31:35.267020,1426.3,05.1011,1.05128,05.3615
2026-05-27T14:31:36.290148,1427.3,05.1072,1.01068,05.1544
2026-05-27T14:31:37.268134,1428.3,05.1041,1.10240,05.6222
2026-05-27T14:31:38.288857,1429.3,05.1092,1.12531,05.7390
2026-05-27T14:31:39.267441,1430.3,05.1094,1.10179,05.6191
2026-05-27T14:31:40.291277,1431.3,05.1131,1.05768,05.4047
2026-05-27T14:31:41.268409,1432.3,05.1056,1.09938,05.6068
2026-05-27T14:31:42.289448,1433.3,05.1167,1.06833,05.4591
2026-05-27T14:31:43.311983,1434.3,05.1076,1.07936,05.5047
2026-05-27T14:31:44.290950,1435.3,05.1175,1.19635,06.1133
2026-05-27T14:31:45.314124,1436.3,05.1108,0.77056,03.9375
2026-05-27T14:31:46.289083,1437.3,05.1081,0.76926,03.9232
2026-05-27T14:31:47.309918,1438.3,05.1086,0.76541,03.9035
2026-05-27T14:31:48.285532,1439.3,05.1125,1.00670,05.1442
2026-05-27T14:31:49.309837,1440.3,05.1080,1.13275,05.7770
2026-05-27T14:31:50.288236,1441.3,05.1092,1.06009,05.4064
2026-05-27T14:31:51.312328,1442.3,05.1028,1.10008,05.6104
2026-05-27T14:31:52.292425,1443.3,05.1136,1.07013,05.4683
2026-05-27T14:31:53.269823,1444.3,05.1047,1.15132,05.8717
2026-05-27T14:31:54.293922,1445.3,05.1042,1.09588,05.5889
2026-05-27T14:31:55.270638,1446.3,05.1096,1.11131,05.6676
2026-05-27T14:31:56.293875,1447.3,05.1133,1.05608,05.3965
2026-05-27T14:31:57.272433,1448.3,05.1080,1.07786,05.4970
2026-05-27T14:31:58.295987,1449.3,05.1103,1.03358,05.2815
2026-05-27T14:31:59.271821,1450.3,05.1081,0.77158,03.9350
2026-05-27T14:32:00.295652,1451.3,05.1081,0.76235,03.8879
2026-05-27T14:32:01.315593,1452.3,05.1100,0.61289,03.1318
2026-05-27T14:32:02.291824,1453.3,05.1130,1.02874,05.2568
2026-05-27T14:32:03.316676,1454.3,05.1101,1.09153,05.5777
2026-05-27T14:32:04.296839,1455.3,05.1078,1.06339,05.4232
2026-05-27T14:32:05.275120,1456.3,05.1125,1.08533,05.5460
2026-05-27T14:32:06.300146,1457.3,05.1114,1.22318,06.2504
2026-05-27T14:32:07.279825,1458.3,05.1073,1.07219,05.4681
2026-05-27T14:32:08.306548,1459.3,05.1084,1.06568,05.4349
2026-05-27T14:32:09.286444,1460.3,05.1162,1.26578,06.4681
2026-05-27T14:32:10.308741,1461.3,05.1116,1.16769,05.9668
2026-05-27T14:32:11.285244,1462.3,05.1122,1.12486,05.7480
2026-05-27T14:32:12.307920,1463.3,05.1070,1.00930,05.1474
2026-05-27T14:32:13.284101,1464.3,05.1091,0.75878,03.8697
2026-05-27T14:32:14.308747,1465.3,05.1110,0.74726,03.8184
2026-05-27T14:32:15.283865,1466.3,05.1101,0.74785,03.8215
2026-05-27T14:32:16.304744,1467.3,05.0889,1.22643,06.2302
2026-05-27T14:32:17.281507,1468.3,05.1078,1.25273,06.3889
2026-05-27T14:32:18.305239,1469.3,05.1094,1.07951,05.5055
2026-05-27T14:32:19.283805,1470.3,05.1114,1.07435,05.4899
2026-05-27T14:32:20.310902,1471.3,05.1062,1.00246,05.1125
2026-05-27T14:32:21.288469,1472.3,05.1087,0.99293,05.0639
2026-05-27T14:32:22.310942,1473.3,05.1066,1.21385,06.1906
2026-05-27T14:32:23.286882,1474.3,05.1066,1.10880,05.6548
2026-05-27T14:32:24.309427,1475.3,05.1062,1.09693,05.5943
2026-05-27T14:32:25.286604,1476.3,05.1073,1.02064,05.2052
2026-05-27T14:32:26.308329,1477.3,05.1103,1.11212,05.6829
2026-05-27T14:32:27.280554,1478.3,05.1087,0.67755,03.4555
2026-05-27T14:32:28.296822,1479.3,05.1089,0.62187,03.1715
2026-05-27T14:32:29.314944,1480.3,05.1085,0.61857,03.1547
2026-05-27T14:32:30.290121,1481.3,05.1091,1.14702,05.8498
2026-05-27T14:32:31.312759,1482.3,05.1137,1.09940,05.6179
2026-05-27T14:32:32.288774,1483.3,05.1091,1.01965,05.2002
2026-05-27T14:32:33.313949,1484.3,05.1037,1.09430,05.5809
2026-05-27T14:32:34.289525,1485.3,05.1080,1.08296,05.5230
2026-05-27T14:32:35.309475,1486.3,05.1058,1.07260,05.4702
2026-05-27T14:32:36.286488,1487.3,05.1066,1.12946,05.7602
2026-05-27T14:32:37.307834,1488.3,05.1064,1.13722,05.7998
2026-05-27T14:32:38.283428,1489.3,05.1097,1.00867,05.1442
2026-05-27T14:32:39.300862,1490.3,05.1012,1.01780,05.1907
2026-05-27T14:32:40.322595,1491.3,05.1105,1.04118,05.3204
2026-05-27T14:32:41.296774,1492.3,05.1105,0.77291,03.9495
2026-05-27T14:32:42.313582,1493.3,05.1105,0.77079,03.9387
2026-05-27T14:32:43.287161,1494.3,05.1092,0.76723,03.9128
2026-05-27T14:32:44.309303,1495.3,05.1083,1.07542,05.4846
2026-05-27T14:32:45.286256,1496.3,05.1050,1.08588,05.5379
2026-05-27T14:32:46.308372,1497.3,05.1025,1.09889,05.6043
2026-05-27T14:32:47.281994,1498.3,05.1086,0.98957,05.0468
2026-05-27T14:32:48.304938,1499.3,05.1066,1.04823,05.3459
2026-05-27T14:32:49.326448,1500.3,05.1116,1.00740,05.1478
2026-05-27T14:32:50.304698,1501.3,05.1108,1.06825,05.4587
2026-05-27T14:32:51.327077,1502.3,05.1047,1.06383,05.4255
2026-05-27T14:32:52.301020,1503.3,05.1083,1.13116,05.7689
2026-05-27T14:32:53.325932,1504.3,05.1044,1.06948,05.4543
2026-05-27T14:32:54.301514,1505.3,05.1069,1.06010,05.4065
2026-05-27T14:32:55.320129,1506.3,05.1098,0.77066,03.9303
2026-05-27T14:32:56.290481,1507.3,05.1079,0.76642,03.9087
2026-05-27T14:32:57.309180,1508.3,05.1085,0.84186,04.2934
2026-05-27T14:32:58.284937,1509.3,05.1070,1.08992,05.5585
2026-05-27T14:32:59.306222,1510.3,05.1086,1.08874,05.5525
2026-05-27T14:33:00.326260,1511.3,05.1012,1.09298,05.5741
2026-05-27T14:33:01.296944,1512.3,05.1055,1.04289,05.3187
2026-05-27T14:33:02.316865,1513.3,05.1062,1.14236,05.8260
2026-05-27T14:33:03.291057,1514.3,05.1062,1.28010,06.5285
2026-05-27T14:33:04.312329,1515.3,05.1034,1.14156,05.8219
2026-05-27T14:33:05.287251,1516.3,05.1128,1.00167,05.1185
2026-05-27T14:33:06.306831,1517.3,05.0987,1.02180,05.2009
2026-05-27T14:33:07.326014,1518.3,05.1131,1.04782,05.3543
2026-05-27T14:33:08.300123,1519.3,05.1072,0.90824,04.6320
2026-05-27T14:33:09.318421,1520.3,05.1072,0.76674,03.9103
2026-05-27T14:33:10.289775,1521.3,05.1095,0.67986,03.4672
2026-05-27T14:33:11.305513,1522.3,05.1066,0.84714,04.3204
2026-05-27T14:33:12.326391,1523.3,05.1128,1.19450,06.1038
2026-05-27T14:33:13.299827,1524.3,05.1111,0.97123,04.9629
2026-05-27T14:33:14.318454,1525.3,05.1073,1.22614,06.2533
2026-05-27T14:33:15.292750,1526.3,05.1042,1.29078,06.5829
2026-05-27T14:33:16.311666,1527.3,05.1067,1.00753,05.1384
2026-05-27T14:33:17.330251,1528.3,05.1064,1.18809,06.0592
2026-05-27T14:33:18.306570,1529.3,05.1089,1.07890,05.5023
2026-05-27T14:33:19.326389,1530.3,05.1061,0.99521,05.0755
2026-05-27T14:33:20.300867,1531.3,05.1147,1.09082,05.5740
2026-05-27T14:33:21.320631,1532.3,05.1078,0.96781,04.9358
2026-05-27T14:33:22.297548,1533.3,05.1095,0.84601,04.3146
2026-05-27T14:33:23.318785,1534.3,05.1085,0.74946,03.8222
2026-05-27T14:33:24.295496,1535.3,05.1091,0.74827,03.8161
2026-05-27T14:33:25.316950,1536.3,05.0975,1.21112,06.1646
2026-05-27T14:33:26.293225,1537.3,05.1092,1.09654,05.5923
2026-05-27T14:33:27.315910,1538.3,05.1180,1.07408,05.4885
2026-05-27T14:33:28.295284,1539.3,05.1091,1.23944,06.3211
2026-05-27T14:33:29.317117,1540.3,05.1114,1.13131,05.7809
2026-05-27T14:33:30.290153,1541.3,05.1086,1.32306,06.7476
2026-05-27T14:33:31.312106,1542.3,05.1082,1.02105,05.2073
2026-05-27T14:33:32.332816,1543.3,05.1131,1.08757,05.5574
2026-05-27T14:33:33.307995,1544.3,05.1101,1.01197,05.1711
2026-05-27T14:33:34.329615,1545.3,05.1126,0.96065,04.9089
2026-05-27T14:33:35.305876,1546.3,05.1088,0.99882,05.0939
2026-05-27T14:33:36.328764,1547.3,05.1111,0.75638,03.8651
2026-05-27T14:33:37.299186,1548.3,05.1094,0.75503,03.8506
2026-05-27T14:33:38.319560,1549.3,05.1096,0.75182,03.8342
2026-05-27T14:33:39.294180,1550.3,05.1095,0.85028,04.3364
2026-05-27T14:33:40.315565,1551.3,05.1120,1.18692,06.0651
2026-05-27T14:33:41.336908,1552.3,05.1200,1.14711,05.8732
2026-05-27T14:33:42.314750,1553.3,05.1123,1.11940,05.7201
2026-05-27T14:33:43.337113,1554.3,05.1064,1.24165,06.3324
2026-05-27T14:33:44.313309,1555.3,05.1111,1.15868,05.9208
2026-05-27T14:33:45.333621,1556.3,05.1126,1.09274,05.5839
2026-05-27T14:33:46.309112,1557.3,05.1128,1.20921,06.1790
2026-05-27T14:33:47.331729,1558.3,05.0987,0.98735,05.0256
2026-05-27T14:33:48.308547,1559.3,05.1156,1.19534,06.1081
2026-05-27T14:33:49.330577,1560.3,05.1081,1.39342,07.1064
2026-05-27T14:33:50.309334,1561.3,05.1106,0.77396,03.9549
2026-05-27T14:33:51.326712,1562.3,05.1108,0.77228,03.9463
2026-05-27T14:33:52.300055,1563.3,05.1098,0.74090,03.7785
2026-05-27T14:33:53.320019,1564.3,05.1093,0.83780,04.2727
2026-05-27T14:33:54.300549,1565.3,05.1041,1.11812,05.7024
2026-05-27T14:33:55.325645,1566.3,05.1005,1.40675,07.1744
2026-05-27T14:33:56.301690,1567.3,05.1178,1.09896,05.6156
2026-05-27T14:33:57.322816,1568.3,05.0962,1.07638,05.4787
2026-05-27T14:33:58.296467,1569.3,05.1159,1.20200,06.1422
2026-05-27T14:33:59.315985,1570.3,05.1030,1.28003,06.5281
2026-05-27T14:34:00.338101,1571.3,05.1053,1.28074,06.5317
2026-05-27T14:34:01.314902,1572.3,05.1005,1.44446,07.3667
2026-05-27T14:34:02.335832,1573.3,05.1008,1.37378,07.0062
2026-05-27T14:34:03.309050,1574.3,05.1136,1.16354,05.9456
2026-05-27T14:34:04.328931,1575.3,05.1085,0.77187,03.9365
2026-05-27T14:34:05.302997,1576.3,05.1090,0.77066,03.9303
2026-05-27T14:34:06.322625,1577.3,05.1096,0.76719,03.9126
2026-05-27T14:34:07.341741,1578.3,05.1051,1.32446,06.7547
2026-05-27T14:34:08.317254,1579.3,05.1051,1.15010,05.8655
2026-05-27T14:34:09.339787,1580.3,05.1123,1.06186,05.4261
2026-05-27T14:34:10.313406,1581.3,05.1031,1.16399,05.9363
2026-05-27T14:34:11.334631,1582.3,05.1091,1.17904,06.0131
2026-05-27T14:34:12.309537,1583.3,05.1036,1.42832,07.2844
2026-05-27T14:34:13.330470,1584.3,05.1054,1.43116,07.2989
2026-05-27T14:34:14.304795,1585.3,05.1170,1.15685,05.9115
2026-05-27T14:34:15.324688,1586.3,05.1112,1.09859,05.6137
2026-05-27T14:34:16.342795,1587.3,05.1083,1.24906,06.3702
2026-05-27T14:34:17.316551,1588.3,05.1116,1.29933,06.6395
2026-05-27T14:34:18.339985,1589.3,05.1080,0.77164,03.9353
2026-05-27T14:34:19.312969,1590.3,05.1086,0.61818,03.1527
2026-05-27T14:34:20.330954,1591.3,05.1096,0.61691,03.1462
2026-05-27T14:34:21.303598,1592.3,05.1072,1.22684,06.2568
2026-05-27T14:34:22.323936,1593.3,05.1172,1.19713,06.1173
2026-05-27T14:34:23.344612,1594.3,05.1093,1.13074,05.7667
2026-05-27T14:34:24.319893,1595.3,05.0959,1.06692,05.4306
2026-05-27T14:34:25.341018,1596.3,05.1128,1.06517,05.4430
2026-05-27T14:34:26.315336,1597.3,05.0953,1.34479,06.8449
2026-05-27T14:34:27.336068,1598.3,05.1128,1.07648,05.5008
2026-05-27T14:34:28.308435,1599.3,05.0961,1.04737,05.3311
2026-05-27T14:34:29.329701,1600.3,05.1167,1.10953,05.6696
2026-05-27T14:34:30.303395,1601.3,05.1148,1.13501,05.7999
2026-05-27T14:34:31.321379,1602.3,05.1122,1.08359,05.5371
2026-05-27T14:34:32.341583,1603.3,05.1106,0.75442,03.8550
2026-05-27T14:34:33.315582,1604.3,05.1107,0.75202,03.8428
2026-05-27T14:34:34.335576,1605.3,05.1104,0.74898,03.8272
2026-05-27T14:34:35.309808,1606.3,05.1103,1.11082,05.6762
2026-05-27T14:34:36.330759,1607.3,05.1177,0.98737,05.0454
2026-05-27T14:34:37.303718,1608.3,05.1100,1.02123,05.2184
2026-05-27T14:34:38.325449,1609.3,05.1091,1.06703,05.4418
2026-05-27T14:34:39.348021,1610.3,05.1051,0.99261,05.0623
2026-05-27T14:34:40.323904,1611.3,05.1095,0.99581,05.0786
2026-05-27T14:34:41.348020,1612.3,05.1095,0.95764,04.8839
2026-05-27T14:34:42.321694,1613.3,05.1156,0.99949,05.1073
2026-05-27T14:34:43.344450,1614.3,05.1134,1.10803,05.6620
2026-05-27T14:34:44.319193,1615.3,05.1128,1.13009,05.7747
2026-05-27T14:34:45.339584,1616.3,05.1166,1.05648,05.3986
2026-05-27T14:34:46.313577,1617.3,05.1111,0.72115,03.6850
2026-05-27T14:34:47.330031,1618.3,05.1096,0.62371,03.1809
2026-05-27T14:34:48.346318,1619.3,05.1101,0.62014,03.1689
2026-05-27T14:34:49.316650,1620.3,05.1099,1.13658,05.7965
2026-05-27T14:34:50.337862,1621.3,05.1112,1.07357,05.4859
2026-05-27T14:34:51.313580,1622.3,05.1200,1.07484,05.5031
2026-05-27T14:34:52.336048,1623.3,05.1053,0.99799,05.0897
2026-05-27T14:34:53.311035,1624.3,05.1092,1.26630,06.4581
2026-05-27T14:34:54.331469,1625.3,05.1094,1.10277,05.6241
2026-05-27T14:34:55.306494,1626.3,05.1117,1.07062,05.4708
2026-05-27T14:34:56.328103,1627.3,05.1200,1.08840,05.5726
2026-05-27T14:34:57.305640,1628.3,05.1116,1.19367,06.0996
2026-05-27T14:34:58.326944,1629.3,05.1067,1.12459,05.7354
2026-05-27T14:34:59.349154,1630.3,05.1053,1.08838,05.5507
2026-05-27T14:35:00.322400,1631.3,05.1114,0.77179,03.9438
2026-05-27T14:35:01.340221,1632.3,05.1092,0.77087,03.9314
2026-05-27T14:35:02.312880,1633.3,05.1094,0.76708,03.9121
2026-05-27T14:35:03.334589,1634.3,05.1016,1.20623,06.1517
2026-05-27T14:35:04.308911,1635.3,05.1022,1.08671,05.5422
2026-05-27T14:35:05.331550,1636.3,05.0948,1.05416,05.3656
2026-05-27T14:35:06.308788,1637.3,05.1061,1.09880,05.6038
2026-05-27T14:35:07.332082,1638.3,05.1083,1.02047,05.2043
2026-05-27T14:35:08.309733,1639.3,05.1091,1.10651,05.6432
2026-05-27T14:35:09.331146,1640.3,05.1106,1.08079,05.5228
2026-05-27T14:35:10.352639,1641.3,05.1045,1.03563,05.2817
2026-05-27T14:35:11.328411,1642.3,05.1147,1.03544,05.2910
2026-05-27T14:35:12.349605,1643.3,05.1170,0.98198,05.0179
2026-05-27T14:35:13.322602,1644.3,05.1089,0.77009,03.9274
2026-05-27T14:35:14.342255,1645.3,05.1105,0.70630,03.6091
2026-05-27T14:35:15.315265,1646.3,05.1106,0.59161,03.0231
2026-05-27T14:35:16.335171,1647.3,05.1031,1.05251,05.3678
2026-05-27T14:35:17.309754,1648.3,05.1047,1.13723,05.7998
2026-05-27T14:35:18.331991,1649.3,05.1094,1.05393,05.3750
2026-05-27T14:35:19.353268,1650.3,05.1058,1.08735,05.5454
2026-05-27T14:35:20.327217,1651.3,05.1126,1.02270,05.2259
2026-05-27T14:35:21.345665,1652.3,05.1153,1.17780,06.0185
2026-05-27T14:35:22.319439,1653.3,05.1136,1.21661,06.2168
2026-05-27T14:35:23.338236,1654.3,05.1147,1.16053,05.9303
2026-05-27T14:35:24.312303,1655.3,05.1167,1.06029,05.4180
2026-05-27T14:35:25.332273,1656.3,05.1081,1.02602,05.2327
2026-05-27T14:35:26.350874,1657.3,05.1186,1.15563,05.9052
2026-05-27T14:35:27.323999,1658.3,05.1092,0.77143,03.9342
2026-05-27T14:35:28.344819,1659.3,05.1106,0.76882,03.9286
2026-05-27T14:35:29.316217,1660.3,05.1106,0.76648,03.9167
2026-05-27T14:35:30.336051,1661.3,05.1064,1.09401,05.5794
2026-05-27T14:35:31.357809,1662.3,05.0947,1.06713,05.4316
2026-05-27T14:35:32.331482,1663.3,05.1126,1.05933,05.4131
2026-05-27T14:35:33.352100,1664.3,05.1072,1.03337,05.2701
2026-05-27T14:35:34.328130,1665.3,05.1041,1.10517,05.6363
2026-05-27T14:35:35.350478,1666.3,05.1034,1.04848,05.3472
2026-05-27T14:35:36.324750,1667.3,05.1080,1.05654,05.3883
2026-05-27T14:35:37.340204,1668.3,05.1031,1.04969,05.3534
2026-05-27T14:35:38.357902,1669.3,05.1081,1.16136,05.9229
2026-05-27T14:35:39.332311,1670.3,05.1081,1.16913,05.9625
2026-05-27T14:35:40.353084,1671.3,05.1148,1.13569,05.8033
2026-05-27T14:35:41.326116,1672.3,05.1108,0.76765,03.9226
2026-05-27T14:35:42.343212,1673.3,05.1084,0.61568,03.1399
2026-05-27T14:35:43.359857,1674.3,05.1095,0.60155,03.0679
2026-05-27T14:35:44.333471,1675.3,05.1125,1.07264,05.4811
2026-05-27T14:35:45.354439,1676.3,05.1087,1.08200,05.5182
2026-05-27T14:35:46.330416,1677.3,05.1092,1.01247,05.1635
2026-05-27T14:35:47.350229,1678.3,05.1067,1.00998,05.1508
2026-05-27T14:35:48.325299,1679.3,05.1059,1.21137,06.1779
2026-05-27T14:35:49.346751,1680.3,05.1094,0.99248,05.0616
2026-05-27T14:35:50.323627,1681.3,05.1064,1.10024,05.6112
2026-05-27T14:35:51.345017,1682.3,05.1137,1.05537,05.3929
2026-05-27T14:35:52.321332,1683.3,05.1059,1.01715,05.1874
2026-05-27T14:35:53.342680,1684.3,05.1083,1.04995,05.3547
2026-05-27T14:35:54.320299,1685.3,05.1134,1.10402,05.6415
2026-05-27T14:35:55.341951,1686.3,05.1108,0.74926,03.8287
2026-05-27T14:35:56.362966,1687.3,05.1089,0.74921,03.8209
2026-05-27T14:35:57.340694,1688.3,05.1097,0.74773,03.8134
2026-05-27T14:35:58.318029,1689.3,05.1069,1.03784,05.2929
2026-05-27T14:35:59.340530,1690.3,05.1072,1.09179,05.5681
2026-05-27T14:36:00.363144,1691.3,05.1133,1.05076,05.3693
2026-05-27T14:36:01.337796,1692.3,05.1075,1.01560,05.1795
2026-05-27T14:36:02.357660,1693.3,05.1073,1.07515,05.4832
2026-05-27T14:36:03.336018,1694.3,05.1072,1.09245,05.5714
2026-05-27T14:36:04.358752,1695.3,05.1106,1.02919,05.2591
2026-05-27T14:36:05.334055,1696.3,05.1037,1.01287,05.1656
2026-05-27T14:36:06.355852,1697.3,05.1075,1.04321,05.3203
2026-05-27T14:36:07.333005,1698.3,05.1089,1.04516,05.3303
2026-05-27T14:36:08.355243,1699.3,05.1087,1.05385,05.3746
2026-05-27T14:36:09.328799,1700.3,05.1109,0.77573,03.9639
2026-05-27T14:36:10.350045,1701.3,05.1090,0.64940,03.3119
2026-05-27T14:36:11.325074,1702.3,05.1101,0.59735,03.0524
2026-05-27T14:36:12.346727,1703.3,05.1105,1.09117,05.5758
2026-05-27T14:36:13.321723,1704.3,05.1073,1.07828,05.4992
2026-05-27T14:36:14.341715,1705.3,05.1112,1.22874,06.2788
2026-05-27T14:36:15.361858,1706.3,05.1104,1.03725,05.3003
2026-05-27T14:36:16.334966,1707.3,05.1134,1.24276,06.3505
2026-05-27T14:36:17.355134,1708.3,05.1084,1.03525,05.2797
2026-05-27T14:36:18.329917,1709.3,05.1089,0.99201,05.0592
2026-05-27T14:36:19.348531,1710.3,05.1136,1.11431,05.6941
2026-05-27T14:36:20.323148,1711.3,05.1073,1.22581,06.2516
2026-05-27T14:36:21.342426,1712.3,05.1133,1.06036,05.4184
2026-05-27T14:36:22.361708,1713.3,05.1033,1.19353,06.0870
2026-05-27T14:36:23.332399,1714.3,05.1103,0.77078,03.9386
2026-05-27T14:36:24.349137,1715.3,05.1100,0.77059,03.9377
2026-05-27T14:36:25.364878,1716.3,05.1097,0.76787,03.9161
2026-05-27T14:36:26.341165,1717.3,05.1076,1.14357,05.8322
2026-05-27T14:36:27.363728,1718.3,05.1156,1.02892,05.2577
2026-05-27T14:36:28.341913,1719.3,05.1114,1.00689,05.1452
2026-05-27T14:36:29.362980,1720.3,05.1090,1.02771,05.2413
2026-05-27T14:36:30.338996,1721.3,05.1101,1.16800,05.9684
2026-05-27T14:36:31.359727,1722.3,05.1125,1.05382,05.3850
2026-05-27T14:36:32.334144,1723.3,05.1116,1.00746,05.1481
2026-05-27T14:36:33.355327,1724.3,05.1072,1.07159,05.4651
2026-05-27T14:36:34.333449,1725.3,05.1094,1.08813,05.5494
2026-05-27T14:36:35.354901,1726.3,05.1072,1.18193,06.0278
2026-05-27T14:36:36.330935,1727.3,05.1072,1.02319,05.2182
2026-05-27T14:36:37.349772,1728.3,05.1097,0.75118,03.8310
2026-05-27T14:36:38.368739,1729.3,05.1104,0.61663,03.1509
2026-05-27T14:36:39.340575,1730.3,05.1094,0.59876,03.0536
2026-05-27T14:36:40.361287,1731.3,05.1103,1.05529,05.3925
2026-05-27T14:36:41.336828,1732.3,05.1098,0.97633,04.9792
2026-05-27T14:36:42.358428,1733.3,05.1130,1.21904,06.2292
2026-05-27T14:36:43.335965,1734.3,05.1108,1.03018,05.2642
2026-05-27T14:36:44.354881,1735.3,05.1123,1.19867,06.1252
2026-05-27T14:36:45.329990,1736.3,05.1044,1.10303,05.6254
2026-05-27T14:36:46.353809,1737.3,05.1061,1.11201,05.6712
2026-05-27T14:36:47.329653,1738.3,05.1059,1.06935,05.4536
2026-05-27T14:36:48.350102,1739.3,05.1058,0.96356,04.9141
2026-05-27T14:36:49.370333,1740.3,05.1134,1.00451,05.1330
2026-05-27T14:36:50.342927,1741.3,05.1081,1.02378,05.2212
2026-05-27T14:36:51.360998,1742.3,05.1081,0.75395,03.8451
2026-05-27T14:36:52.334650,1743.3,05.1081,0.75074,03.8287
2026-05-27T14:36:53.356302,1744.3,05.1097,0.74831,03.8163
2026-05-27T14:36:54.329576,1745.3,05.1103,1.06719,05.4533
2026-05-27T14:36:55.350651,1746.3,05.1026,0.96740,04.9337
2026-05-27T14:36:56.373607,1747.3,05.1094,1.29826,06.6211
2026-05-27T14:36:57.350900,1748.3,05.1093,1.08293,05.5229
2026-05-27T14:36:58.372078,1749.3,05.1109,1.02376,05.2314
2026-05-27T14:36:59.346297,1750.3,05.1112,0.98197,05.0178
2026-05-27T14:37:00.368912,1751.3,05.1092,0.99553,05.0772
2026-05-27T14:37:01.343668,1752.3,05.1136,0.99394,05.0790
2026-05-27T14:37:02.365527,1753.3,05.1112,1.00220,05.1212
2026-05-27T14:37:03.343540,1754.3,05.1084,1.08519,05.5344
2026-05-27T14:37:04.367603,1755.3,05.1092,1.06814,05.4475
2026-05-27T14:37:05.344568,1756.3,05.1089,0.64214,03.2749
2026-05-27T14:37:06.362761,1757.3,05.1096,0.62139,03.1690
2026-05-27T14:37:07.335204,1758.3,05.1098,0.63916,03.2597
2026-05-27T14:37:08.358018,1759.3,05.1072,1.07648,05.4900
2026-05-27T14:37:09.334452,1760.3,05.1099,1.03750,05.2912
2026-05-27T14:37:10.356255,1761.3,05.1000,0.99988,05.0993
2026-05-27T14:37:11.377622,1762.3,05.1100,1.07434,05.4898
2026-05-27T14:37:12.353062,1763.3,05.1158,0.99232,05.0707
2026-05-27T14:37:13.376425,1764.3,05.1101,1.14007,05.8257
2026-05-27T14:37:14.355440,1765.3,05.1142,1.16144,05.9349
2026-05-27T14:37:15.334570,1766.3,05.1070,1.14967,05.8633
2026-05-27T14:37:16.355324,1767.3,05.1102,1.24475,06.3606
2026-05-27T14:37:17.375848,1768.3,05.1169,1.18945,06.0780
2026-05-27T14:37:18.352493,1769.3,05.1047,0.97632,04.9792
2026-05-27T14:37:19.373765,1770.3,05.1100,0.76967,03.9330
2026-05-27T14:37:20.347473,1771.3,05.1056,0.76728,03.9131
2026-05-27T14:37:21.367400,1772.3,05.1098,0.87849,04.4802
2026-05-27T14:37:22.343590,1773.3,05.1086,1.15582,05.8946
2026-05-27T14:37:23.365128,1774.3,05.1047,1.33797,06.8236
2026-05-27T14:37:24.338483,1775.3,05.1083,1.48586,07.5778
2026-05-27T14:37:25.357196,1776.3,05.0991,1.35233,06.8833
2026-05-27T14:37:26.377416,1777.3,05.1070,1.22056,06.2248
2026-05-27T14:37:27.350433,1778.3,05.1065,1.03410,05.2739
2026-05-27T14:37:28.372411,1779.3,05.1036,1.19759,06.1077
2026-05-27T14:37:29.348263,1780.3,05.1072,1.19832,06.1114
2026-05-27T14:37:30.367778,1781.3,05.1053,1.22481,06.2465
2026-05-27T14:37:31.343209,1782.3,05.1095,1.05045,05.3572
2026-05-27T14:37:32.362090,1783.3,05.1120,0.92893,04.7468
2026-05-27T14:37:33.379036,1784.4,05.1073,0.62150,03.1696
2026-05-27T14:37:34.350577,1785.4,05.1094,0.60488,03.0848
2026-05-27T14:37:35.365676,1786.4,05.1036,0.83980,04.2829
2026-05-27T14:37:36.341121,1787.4,05.1094,1.34473,06.8581
2026-05-27T14:37:37.361816,1788.4,05.1156,1.01992,05.2117
2026-05-27T14:37:38.338148,1789.4,05.1126,1.34174,06.8562
2026-05-27T14:37:39.358536,1790.4,05.1134,1.19725,06.1179
2026-05-27T14:37:40.378394,1791.4,05.1128,1.25850,06.4309
2026-05-27T14:37:41.353739,1792.4,05.1120,1.19779,06.1207
2026-05-27T14:37:42.373268,1793.4,05.1195,1.07366,05.4864
2026-05-27T14:37:43.347978,1794.4,05.1084,1.20163,06.1283
2026-05-27T14:37:44.367604,1795.4,05.1125,1.19811,06.1223
2026-05-27T14:37:45.341547,1796.4,05.1103,0.99270,05.0726
2026-05-27T14:37:46.360305,1797.4,05.1097,0.83232,04.2448
2026-05-27T14:37:47.379142,1798.4,05.1100,0.74677,03.8159
2026-05-27T14:37:48.354305,1799.4,05.1101,0.74754,03.8199
2026-05-27T14:37:49.374846,1800.4,05.1005,1.03888,05.2982
2026-05-27T14:37:50.351409,1801.4,05.1096,1.16532,05.9431
2026-05-27T14:37:51.373478,1802.4,05.0992,1.27169,06.4729
2026-05-27T14:37:52.348927,1803.4,05.1109,1.29536,06.6192
2026-05-27T14:37:53.370673,1804.4,05.1178,1.36492,06.9747
2026-05-27T14:37:54.344631,1805.4,05.1139,1.32937,06.7930
2026-05-27T14:37:55.364864,1806.4,05.1017,1.12501,05.7375
2026-05-27T14:37:56.385725,1807.4,05.1097,1.17559,05.9955
2026-05-27T14:37:57.359779,1808.4,05.1105,1.14415,05.8466
2026-05-27T14:37:58.381445,1809.4,05.1026,1.07157,05.4650
2026-05-27T14:37:59.357511,1810.4,05.1064,1.10052,05.6126
2026-05-27T14:38:00.379163,1811.4,05.1094,0.77156,03.9349
2026-05-27T14:38:01.351687,1812.4,05.1087,0.63775,03.2525
2026-05-27T14:38:02.367353,1813.4,05.1080,0.62176,03.1709
2026-05-27T14:38:03.383993,1814.4,05.1091,1.24423,06.3455
2026-05-27T14:38:04.361496,1815.4,05.1056,1.04042,05.3061
2026-05-27T14:38:05.382630,1816.4,05.0992,1.03474,05.2668
2026-05-27T14:38:06.357235,1817.4,05.1076,1.17609,05.9980
2026-05-27T14:38:07.378985,1818.4,05.1103,1.23568,06.3143
2026-05-27T14:38:08.354217,1819.4,05.1034,1.09169,05.5676
2026-05-27T14:38:09.377440,1820.4,05.1133,1.15382,05.8960
2026-05-27T14:38:10.353968,1821.4,05.1086,1.34316,06.8501
2026-05-27T14:38:11.375108,1822.4,05.1116,1.17990,06.0292
2026-05-27T14:38:12.350703,1823.4,05.1141,1.19362,06.0993
2026-05-27T14:38:13.371597,1824.4,05.1014,1.12686,05.7469
2026-05-27T14:38:14.344606,1825.4,05.1111,0.75354,03.8505
2026-05-27T14:38:15.360740,1826.4,05.1086,0.75253,03.8379
2026-05-27T14:38:16.378568,1827.4,05.1086,0.76144,03.8833
2026-05-27T14:38:17.351186,1828.4,05.1126,1.11928,05.7195
2026-05-27T14:38:18.372419,1829.4,05.1164,1.01888,05.2064
2026-05-27T14:38:19.346997,1830.4,05.1039,1.19482,06.0935
2026-05-27T14:38:20.366808,1831.4,05.1003,1.02316,05.2181
2026-05-27T14:38:21.386769,1832.4,05.0942,1.07729,05.4834
2026-05-27T14:38:22.361210,1833.4,05.1087,1.17780,06.0067
2026-05-27T14:38:23.381777,1834.4,05.0941,1.04449,05.3164
2026-05-27T14:38:24.358632,1835.4,05.1000,1.08332,05.5249
2026-05-27T14:38:25.377611,1836.4,05.1089,1.11807,05.7021
2026-05-27T14:38:26.351559,1837.4,05.1109,1.35859,06.9423
2026-05-27T14:38:27.374202,1838.4,05.1034,1.29094,06.5837
2026-05-27T14:38:28.350484,1839.4,05.1080,0.77821,03.9688
2026-05-27T14:38:29.366599,1840.4,05.1079,0.62605,03.1928
2026-05-27T14:38:30.383776,1841.4,05.1082,0.62144,03.1693
2026-05-27T14:38:31.355454,1842.4,05.1206,1.19159,06.1009
2026-05-27T14:38:32.374915,1843.4,05.1117,1.03729,05.3005
2026-05-27T14:38:33.350341,1844.4,05.1082,1.07240,05.4692
2026-05-27T14:38:34.369508,1845.4,05.1111,1.04469,05.3383
2026-05-27T14:38:35.388015,1846.4,05.1170,1.05424,05.3871
2026-05-27T14:38:36.364473,1847.4,05.1144,1.17134,05.9855
2026-05-27T14:38:37.387640,1848.4,05.1005,1.14402,05.8345
2026-05-27T14:38:38.363967,1849.4,05.1081,1.12297,05.7271
2026-05-27T14:38:39.385584,1850.4,05.1005,1.07946,05.5052
2026-05-27T14:38:40.359015,1851.4,05.1170,1.10570,05.6501
2026-05-27T14:38:41.378582,1852.4,05.1072,1.09559,05.5875
2026-05-27T14:38:42.352407,1853.4,05.1101,0.77013,03.9353
2026-05-27T14:38:43.370795,1854.4,05.1095,0.77107,03.9324
2026-05-27T14:38:44.387418,1855.4,05.1102,0.76975,03.9334
2026-05-27T14:38:45.360859,1856.4,05.1102,1.12206,05.7337
2026-05-27T14:38:46.379518,1857.4,05.1028,1.03503,05.2786
2026-05-27T14:38:47.351047,1858.4,05.1126,1.19281,06.0952
2026-05-27T14:38:48.369996,1859.4,05.1195,1.09504,05.5956
2026-05-27T14:38:49.386610,1860.4,05.1112,1.21337,06.2003
2026-05-27T14:38:50.359630,1861.4,05.1137,1.18339,06.0471
2026-05-27T14:38:51.378756,1862.4,05.1075,1.02170,05.2106
2026-05-27T14:38:52.396206,1863.4,05.1055,1.18643,06.0507
2026-05-27T14:38:53.368757,1864.4,05.1025,1.20702,06.1558
2026-05-27T14:38:54.387724,1865.4,05.1139,1.06231,05.4284
2026-05-27T14:38:55.363221,1866.4,05.1141,1.12993,05.7739
2026-05-27T14:38:56.381562,1867.4,05.1101,0.72518,03.7056
2026-05-27T14:38:57.396027,1868.4,05.1088,0.62245,03.1744
2026-05-27T14:38:58.363747,1869.4,05.1088,0.59937,03.0567
2026-05-27T14:38:59.379743,1870.4,05.1039,0.98221,05.0092
2026-05-27T14:39:00.394647,1871.4,05.1019,1.02101,05.2071
2026-05-27T14:39:01.364731,1872.4,05.1019,1.06794,05.4464
2026-05-27T14:39:02.383950,1873.4,05.1076,1.00457,05.1233
2026-05-27T14:39:03.356680,1874.4,05.1098,1.07127,05.4634
2026-05-27T14:39:04.376838,1875.4,05.1097,1.16473,05.9401
2026-05-27T14:39:05.397000,1876.4,05.1081,1.22383,06.2415
2026-05-27T14:39:06.371200,1877.4,05.1150,1.18079,06.0338
2026-05-27T14:39:07.393010,1878.4,05.1173,1.06541,05.4442
2026-05-27T14:39:08.368059,1879.4,05.1114,1.15684,05.9114
2026-05-27T14:39:09.391212,1880.4,05.1116,1.17630,06.0108
2026-05-27T14:39:10.364534,1881.4,05.1072,0.75104,03.8303
2026-05-27T14:39:11.384628,1882.4,05.1095,0.75106,03.8304
2026-05-27T14:39:12.357781,1883.4,05.1088,0.74858,03.8177
2026-05-27T14:39:13.379759,1884.4,05.1059,1.21498,06.1963
2026-05-27T14:39:14.398812,1885.4,05.1100,1.09902,05.6159
2026-05-27T14:39:15.375129,1886.4,05.1055,1.05822,05.3969
2026-05-27T14:39:16.394851,1887.4,05.1130,1.07167,05.4762
2026-05-27T14:39:17.369826,1888.4,05.1058,1.13479,05.7874
2026-05-27T14:39:18.390199,1889.4,05.1020,1.04233,05.3158
2026-05-27T14:39:19.364959,1890.4,05.1100,0.97314,04.9727
2026-05-27T14:39:20.386759,1891.4,05.1073,1.03223,05.2643
2026-05-27T14:39:21.361540,1892.4,05.0983,1.08695,05.5325
2026-05-27T14:39:22.378633,1893.4,05.1059,1.03607,05.2839
2026-05-27T14:39:23.399297,1894.4,05.1078,1.15824,05.9070
2026-05-27T14:39:24.371559,1895.4,05.1095,0.75535,03.8522
2026-05-27T14:39:25.391227,1896.4,05.1090,0.60404,03.0806
2026-05-27T14:39:26.363618,1897.4,05.1091,0.60220,03.0712
2026-05-27T14:39:27.384269,1898.4,05.1061,1.17496,05.9922
2026-05-27T14:39:28.359008,1899.4,05.0958,1.11118,05.6559
2026-05-27T14:39:29.378405,1900.4,05.1059,0.99183,05.0583
2026-05-27T14:39:30.396839,1901.4,05.1051,0.98788,05.0381
2026-05-27T14:39:31.370332,1902.4,05.1090,1.08361,05.5264
2026-05-27T14:39:32.389597,1903.4,05.1048,1.03277,05.2671
2026-05-27T14:39:33.364879,1904.4,05.1075,1.03000,05.2530
2026-05-27T14:39:34.386831,1905.4,05.0991,1.01629,05.1729
2026-05-27T14:39:35.361027,1906.4,05.1117,1.04909,05.3608
2026-05-27T14:39:36.381964,1907.4,05.1078,1.05501,05.3805
2026-05-27T14:39:37.404328,1908.4,05.1079,1.16357,05.9342
2026-05-27T14:39:38.381106,1909.4,05.1079,0.77154,03.9348
2026-05-27T14:39:39.401799,1910.4,05.1083,0.77083,03.9312
2026-05-27T14:39:40.373918,1911.4,05.1088,0.76812,03.9174
2026-05-27T14:39:41.397335,1912.4,05.1028,1.10442,05.6325
2026-05-27T14:39:42.372049,1913.4,05.1108,1.04194,05.3243
2026-05-27T14:39:43.394229,1914.4,05.1067,1.06685,05.4409
2026-05-27T14:39:44.369086,1915.4,05.1091,0.99836,05.0916
2026-05-27T14:39:45.395077,1916.4,05.1042,1.05524,05.3817
2026-05-27T14:39:46.372604,1917.4,05.1122,1.05073,05.3692
2026-05-27T14:39:47.393859,1918.4,05.1103,1.04185,05.3238
2026-05-27T14:39:48.370861,1919.4,05.1094,1.08288,05.5226
2026-05-27T14:39:49.392993,1920.4,05.1059,1.00939,05.1478
2026-05-27T14:39:50.370009,1921.4,05.1045,1.08202,05.5183
2026-05-27T14:39:51.393055,1922.4,05.1095,1.07757,05.4956
2026-05-27T14:39:52.368940,1923.4,05.1080,0.73368,03.7417
2026-05-27T14:39:53.390988,1924.4,05.1089,0.62203,03.1723
2026-05-27T14:39:54.366732,1925.4,05.1093,0.60245,03.0724
2026-05-27T14:39:55.389996,1926.4,05.1153,0.98377,05.0270
2026-05-27T14:39:56.409331,1927.4,05.1119,1.06666,05.4506
2026-05-27T14:39:57.383219,1928.4,05.1106,1.20040,06.1340
2026-05-27T14:39:58.406130,1929.4,05.1161,1.00594,05.1403
2026-05-27T14:39:59.381591,1930.4,05.1106,1.10293,05.6359
2026-05-27T14:40:00.404599,1931.4,05.1123,1.13513,05.8005
2026-05-27T14:40:01.381168,1932.4,05.1044,1.03673,05.2873
2026-05-27T14:40:02.402074,1933.4,05.1080,1.11076,05.6648
2026-05-27T14:40:03.376919,1934.4,05.1072,1.09703,05.5948
2026-05-27T14:40:04.398924,1935.4,05.1042,1.06367,05.4247
2026-05-27T14:40:05.374603,1936.4,05.1098,1.08098,05.5129
2026-05-27T14:40:06.398161,1937.4,05.1089,0.77028,03.9284
2026-05-27T14:40:07.370120,1938.4,05.1089,0.76790,03.9162
2026-05-27T14:40:08.389464,1939.4,05.1084,0.76430,03.8979
2026-05-27T14:40:09.410299,1940.4,05.1136,1.13822,05.8163
2026-05-27T14:40:10.384006,1941.4,05.1072,1.13107,05.7684
2026-05-27T14:40:11.409118,1942.4,05.1061,1.08178,05.5170
2026-05-27T14:40:12.384615,1943.4,05.1059,1.14092,05.8186
2026-05-27T14:40:13.409830,1944.4,05.1058,1.07125,05.4633
2026-05-27T14:40:14.384525,1945.4,05.1109,1.11153,05.6799
2026-05-27T14:40:15.407426,1946.4,05.1091,1.18515,06.0442
2026-05-27T14:40:16.385669,1947.4,05.1050,1.00336,05.1171
2026-05-27T14:40:17.406410,1948.4,05.1085,1.14910,05.8604
2026-05-27T14:40:18.381073,1949.4,05.1095,1.00363,05.1185
2026-05-27T14:40:19.400100,1950.4,05.1085,0.99988,05.0993
2026-05-27T14:40:20.373917,1951.4,05.1105,0.62083,03.1724
2026-05-27T14:40:21.389361,1952.4,05.1086,0.61938,03.1588
2026-05-27T14:40:22.410096,1953.4,05.1093,0.60745,03.0979
2026-05-27T14:40:23.388627,1954.4,05.1056,1.07523,05.4836
2026-05-27T14:40:24.410059,1955.4,05.1183,1.11560,05.7007
2026-05-27T14:40:25.385157,1956.4,05.1058,1.00000,05.1000
2026-05-27T14:40:26.406200,1957.4,05.1137,1.03720,05.3000
2026-05-27T14:40:27.379220,1958.4,05.1101,1.01602,05.1918
2026-05-27T14:40:28.401086,1959.4,05.1126,1.14573,05.8546
2026-05-27T14:40:29.379317,1960.4,05.1081,1.08005,05.5082
2026-05-27T14:40:30.400488,1961.4,05.1103,1.00692,05.1453
2026-05-27T14:40:31.374799,1962.4,05.1116,1.03538,05.2907
2026-05-27T14:40:32.396359,1963.4,05.1084,1.11388,05.6807
2026-05-27T14:40:33.416293,1964.4,05.1105,1.17017,05.9795
2026-05-27T14:40:34.389555,1965.4,05.1099,0.75343,03.8424
2026-05-27T14:40:35.407795,1966.4,05.1094,0.74954,03.8226
2026-05-27T14:40:36.382496,1967.4,05.1091,0.78324,03.9945
2026-05-27T14:40:37.404242,1968.4,05.1093,1.06810,05.4473
2026-05-27T14:40:38.379427,1969.4,05.1122,1.19835,06.1235
2026-05-27T14:40:39.398681,1970.4,05.1097,1.12207,05.7225
2026-05-27T14:40:40.417858,1971.4,05.1051,1.08307,05.5236
2026-05-27T14:40:41.392728,1972.4,05.1051,0.96968,04.9453
2026-05-27T14:40:42.410487,1973.4,05.1059,1.18070,06.0215
2026-05-27T14:40:43.385396,1974.4,05.1055,1.14720,05.8507
2026-05-27T14:40:44.406980,1975.4,05.0901,1.15821,05.8952
2026-05-27T14:40:45.382700,1976.4,05.1141,1.05072,05.3691
2026-05-27T14:40:46.403840,1977.4,05.1069,1.02077,05.2059
2026-05-27T14:40:47.381131,1978.4,05.1039,1.08542,05.5356
2026-05-27T14:40:48.400879,1979.4,05.1105,0.62143,03.1755
2026-05-27T14:40:49.416341,1980.4,05.1105,0.62113,03.1739
2026-05-27T14:40:50.386905,1981.4,05.1084,0.76585,03.9058
2026-05-27T14:40:51.406570,1982.4,05.1059,1.31083,06.6852
2026-05-27T14:40:52.381869,1983.4,05.1090,0.99288,05.0636
2026-05-27T14:40:53.403845,1984.4,05.1076,1.07503,05.4826
2026-05-27T14:40:54.381632,1985.4,05.1062,1.13234,05.7749
2026-05-27T14:40:55.409597,1986.4,05.1058,1.06343,05.4234
2026-05-27T14:40:56.386587,1987.4,05.1059,1.13204,05.7734
2026-05-27T14:40:57.406829,1988.4,05.1069,1.19540,06.0965
2026-05-27T14:40:58.384140,1989.4,05.1062,1.05285,05.3695
2026-05-27T14:40:59.406882,1990.4,05.1062,1.03203,05.2633
2026-05-27T14:41:00.383419,1991.4,05.1192,1.06831,05.4590
2026-05-27T14:41:01.407498,1992.4,05.1122,0.97255,04.9697
2026-05-27T14:41:02.382432,1993.4,05.1079,0.76983,03.9261
2026-05-27T14:41:03.401726,1994.4,05.1079,0.76590,03.9060
2026-05-27T14:41:04.420766,1995.4,05.1079,1.00468,05.1238
2026-05-27T14:41:05.394088,1996.4,05.1030,1.06510,05.4320
2026-05-27T14:41:06.413221,1997.4,05.1083,0.98775,05.0375
2026-05-27T14:41:07.392948,1998.4,05.0967,1.16448,05.9272
2026-05-27T14:41:08.413078,1999.4,05.1058,1.15774,05.9044
2026-05-27T14:41:09.389417,2000.4,05.1134,1.22593,06.2645
2026-05-27T14:41:10.410275,2001.4,05.1081,1.10152,05.6177
2026-05-27T14:41:11.385867,2002.4,05.1125,1.10573,05.6502
2026-05-27T14:41:12.404603,2003.4,05.1087,1.02749,05.2401
2026-05-27T14:41:13.425003,2004.4,05.1089,0.99969,05.0984
2026-05-27T14:41:14.401384,2005.4,05.1078,1.09116,05.5649
2026-05-27T14:41:15.422441,2006.4,05.1139,0.76892,03.9291
2026-05-27T14:41:16.395433,2007.4,05.1081,0.76716,03.9125
2026-05-27T14:41:17.414775,2008.4,05.1086,0.76318,03.8922
2026-05-27T14:41:18.386375,2009.4,05.1088,0.85253,04.3479
2026-05-27T14:41:19.406418,2010.4,05.1087,1.21609,06.2020
2026-05-27T14:41:20.382685,2011.4,05.1131,1.12615,05.7546
2026-05-27T14:41:21.404610,2012.4,05.1128,1.09521,05.5965
2026-05-27T14:41:22.424301,2013.4,05.1012,1.31672,06.7152
2026-05-27T14:41:23.401425,2014.4,05.1183,1.07748,05.5059
2026-05-27T14:41:24.424437,2015.4,05.1087,1.01997,05.2018
2026-05-27T14:41:25.399489,2016.4,05.0961,1.17634,05.9875
2026-05-27T14:41:26.424260,2017.4,05.1134,1.06920,05.4636
2026-05-27T14:41:27.399630,2018.4,05.0991,1.26044,06.4156
2026-05-27T14:41:28.424874,2019.4,05.1091,1.07451,05.4800
2026-05-27T14:41:29.401197,2020.4,05.1100,0.76704,03.9195
2026-05-27T14:41:30.420717,2021.4,05.1086,0.76152,03.8837
2026-05-27T14:41:31.393259,2022.4,05.1089,0.70147,03.5774
2026-05-27T14:41:32.411020,2023.4,05.1037,0.86469,04.4099
2026-05-27T14:41:33.387614,2024.4,05.1062,1.34506,06.8598
2026-05-27T14:41:34.407725,2025.4,05.1087,1.13011,05.7635
2026-05-27T14:41:35.426838,2026.4,05.1061,1.17599,05.9975
2026-05-27T14:41:36.404339,2027.4,05.1148,1.05816,05.4071
2026-05-27T14:41:37.426618,2028.4,05.1076,1.00728,05.1371
2026-05-27T14:41:38.402034,2029.4,05.1056,1.25987,06.4253
2026-05-27T14:41:39.425878,2030.4,05.0994,1.30181,06.6262
2026-05-27T14:41:40.402541,2031.4,05.0978,1.46324,07.4478
2026-05-27T14:41:41.425154,2032.4,05.0998,1.51300,07.7011
2026-05-27T14:41:42.400581,2033.4,05.1079,1.09416,05.5802
2026-05-27T14:41:43.424922,2034.4,05.1091,0.74951,03.8225
2026-05-27T14:41:44.402222,2035.4,05.1077,0.74815,03.8155
2026-05-27T14:41:45.425101,2036.4,05.1079,0.74566,03.8028
2026-05-27T14:41:46.401826,2037.4,05.0970,1.27182,06.4735
2026-05-27T14:41:47.427232,2038.4,05.0951,1.32562,06.7474
2026-05-27T14:41:48.402668,2039.4,05.1080,1.01553,05.1792
2026-05-27T14:41:49.425220,2040.4,05.1139,1.06976,05.4664
2026-05-27T14:41:50.400951,2041.4,05.1088,1.04928,05.3513
2026-05-27T14:41:51.423423,2042.4,05.1034,1.11360,05.6793
2026-05-27T14:41:52.400740,2043.4,05.1139,1.19139,06.0880
2026-05-27T14:41:53.425376,2044.4,05.1037,1.22931,06.2694
2026-05-27T14:41:54.403615,2045.4,05.1141,1.08216,05.5298
2026-05-27T14:41:55.428737,2046.4,05.1001,1.09598,05.5894
2026-05-27T14:41:56.407584,2047.4,05.1079,1.27960,06.5259
2026-05-27T14:41:57.429387,2048.4,05.1087,0.75108,03.8305
2026-05-27T14:41:58.402588,2049.4,05.1086,0.59875,03.0536
2026-05-27T14:41:59.420704,2050.4,05.1078,0.59925,03.0561
2026-05-27T14:42:00.394562,2051.4,05.1108,1.39056,07.1057
2026-05-27T14:42:01.419012,2052.4,05.0991,1.10793,05.6393
2026-05-27T14:42:02.397232,2053.4,05.1016,1.15619,05.8965
2026-05-27T14:42:03.420880,2054.4,05.1034,1.02571,05.2311
2026-05-27T14:42:04.395053,2055.4,05.1055,1.14983,05.8641
2026-05-27T14:42:05.416388,2056.4,05.1123,0.93544,04.7800
2026-05-27T14:42:06.393983,2057.4,05.0956,1.03523,05.2693
2026-05-27T14:42:07.416983,2058.4,05.1116,1.11645,05.7050
2026-05-27T14:42:08.396942,2059.4,05.1166,1.07707,05.5038
2026-05-27T14:42:09.420185,2060.4,05.1134,1.12376,05.7424
2026-05-27T14:42:10.394037,2061.4,05.1166,1.06796,05.4572
2026-05-27T14:42:11.414253,2062.4,05.1100,0.79682,04.0717
2026-05-27T14:42:12.432510,2063.4,05.1100,0.79772,04.0763
2026-05-27T14:42:13.407242,2064.4,05.1092,0.79673,04.0633
2026-05-27T14:42:14.431035,2065.4,05.1091,1.14090,05.8185
2026-05-27T14:42:15.406861,2066.4,05.1126,1.00006,05.1103
2026-05-27T14:42:16.429467,2067.4,05.1166,1.03565,05.2921
2026-05-27T14:42:17.405771,2068.4,05.0955,1.10760,05.6376
2026-05-27T14:42:18.429143,2069.4,05.1061,1.10331,05.6268
2026-05-27T14:42:19.406261,2070.4,05.1009,1.07340,05.4743
2026-05-27T14:42:20.428414,2071.4,05.1101,1.06079,05.4206
2026-05-27T14:42:21.406055,2072.4,05.1167,1.07529,05.4947
2026-05-27T14:42:22.428538,2073.4,05.1155,1.06778,05.4563
2026-05-27T14:42:23.408585,2074.4,05.1083,1.09756,05.5975
2026-05-27T14:42:24.431732,2075.4,05.1034,1.06570,05.4350
2026-05-27T14:42:25.406171,2076.4,05.1092,0.75356,03.8431
2026-05-27T14:42:26.427195,2077.4,05.1078,0.75199,03.8351
2026-05-27T14:42:27.402424,2078.4,05.1082,0.74922,03.8210
2026-05-27T14:42:28.430014,2079.4,05.0944,1.05004,05.3447
2026-05-27T14:42:29.410107,2080.4,05.1123,1.13547,05.8022
2026-05-27T14:42:30.432587,2081.4,05.1123,1.03842,05.3063
2026-05-27T14:42:31.410124,2082.4,05.1033,1.03262,05.2663
2026-05-27T14:42:32.430839,2083.4,05.1048,1.09705,05.5949
2026-05-27T14:42:33.406640,2084.4,05.1080,1.03715,05.2894
2026-05-27T14:42:34.430198,2085.4,05.1070,1.11091,05.6656
2026-05-27T14:42:35.405924,2086.4,05.0930,1.18427,06.0279
2026-05-27T14:42:36.427973,2087.4,05.1131,1.03662,05.2971
2026-05-27T14:42:37.404122,2088.4,05.0947,1.09303,05.5635
2026-05-27T14:42:38.427995,2089.4,05.1056,1.10240,05.6222
2026-05-27T14:42:39.402026,2090.4,05.1089,0.77319,03.9432
2026-05-27T14:42:40.421804,2091.4,05.1094,0.76992,03.9265
2026-05-27T14:42:41.397036,2092.4,05.1087,0.64462,03.2875
2026-05-27T14:42:42.419450,2093.4,05.1026,1.11583,05.6907
2026-05-27T14:42:43.439907,2094.4,05.1114,1.04608,05.3454
2026-05-27T14:42:44.415628,2095.4,05.1141,1.09718,05.6065
2026-05-27T14:42:45.437643,2096.4,05.1130,1.09028,05.5713
2026-05-27T14:42:46.414584,2097.4,05.1082,1.10795,05.6505
2026-05-27T14:42:47.438763,2098.4,05.1080,1.29776,06.6185
2026-05-27T14:42:48.417087,2099.4,05.1087,1.13964,05.8121
2026-05-27T14:42:49.436971,2100.4,05.1116,0.97817,04.9984
2026-05-27T14:42:50.410954,2101.4,05.1012,1.05823,05.3969
2026-05-27T14:42:51.432167,2102.4,05.0970,1.11928,05.6971
2026-05-27T14:42:52.409964,2103.4,05.1011,1.00017,05.1008
2026-05-27T14:42:53.430590,2104.4,05.1081,0.75383,03.8445
2026-05-27T14:42:54.407719,2105.4,05.1080,0.75077,03.8289
2026-05-27T14:42:55.431546,2106.4,05.1083,0.74569,03.8030
2026-05-27T14:42:56.409632,2107.4,05.1075,1.05652,05.3882
2026-05-27T14:42:57.432613,2108.4,05.1030,1.14885,05.8591
2026-05-27T14:42:58.409090,2109.4,05.1095,1.03433,05.2750
2026-05-27T14:42:59.432913,2110.4,05.1025,0.97812,04.9884
2026-05-27T14:43:00.410913,2111.4,05.1125,1.09843,05.6129
2026-05-27T14:43:01.435675,2112.4,05.1067,1.06818,05.4477
2026-05-27T14:43:02.411582,2113.4,05.1044,0.98830,05.0403
2026-05-27T14:43:03.439240,2114.4,05.1044,1.07621,05.4886
2026-05-27T14:43:04.419191,2115.4,05.1042,1.16543,05.9436
2026-05-27T14:43:05.445531,2116.4,05.1109,1.10147,05.6285
2026-05-27T14:43:06.423496,2117.4,05.1083,1.10666,05.6439
2026-05-27T14:43:07.443932,2118.4,05.1084,0.67072,03.4206
2026-05-27T14:43:08.417380,2119.4,05.1108,0.62233,03.1801
2026-05-27T14:43:09.435687,2120.4,05.1074,0.59760,03.0477
2026-05-27T14:43:10.413326,2121.4,05.1120,1.07195,05.4776
2026-05-27T14:43:11.436853,2122.4,05.1014,1.09690,05.5941
2026-05-27T14:43:12.412766,2123.4,05.1075,1.02490,05.2269
2026-05-27T14:43:13.436105,2124.4,05.1114,1.06647,05.4496
2026-05-27T14:43:14.413202,2125.4,05.1084,1.06580,05.4355
2026-05-27T14:43:15.437884,2126.4,05.1047,1.06101,05.4111
2026-05-27T14:43:16.414116,2127.4,05.1133,1.25286,06.4021
2026-05-27T14:43:17.439444,2128.4,05.1051,1.04861,05.3479
2026-05-27T14:43:18.416830,2129.4,05.1073,1.09794,05.5994
2026-05-27T14:43:19.438869,2130.4,05.1066,1.05018,05.3559
2026-05-27T14:43:20.415299,2131.4,05.1112,1.13161,05.7825
2026-05-27T14:43:21.436019,2132.4,05.1081,0.75253,03.8379
2026-05-27T14:43:22.410053,2133.4,05.1085,0.74998,03.8248
2026-05-27T14:43:23.432927,2134.4,05.1089,0.74748,03.8121
2026-05-27T14:43:24.411137,2135.4,05.1059,1.24217,06.3350
2026-05-27T14:43:25.434417,2136.4,05.1089,0.99987,05.0993
2026-05-27T14:43:26.412302,2137.4,05.1073,1.02781,05.2418
2026-05-27T14:43:27.435177,2138.4,05.1028,1.05952,05.4035
2026-05-27T14:43:28.412113,2139.4,05.1073,1.08035,05.5097
2026-05-27T14:43:29.436457,2140.4,05.1061,1.02393,05.2220
2026-05-27T14:43:30.414143,2141.4,05.1133,1.02042,05.2143
2026-05-27T14:43:31.437855,2142.4,05.1045,0.99210,05.0597
2026-05-27T14:43:32.417798,2143.4,05.1082,1.06054,05.4087
2026-05-27T14:43:33.441492,2144.4,05.1056,1.04353,05.3220
2026-05-27T14:43:34.419156,2145.4,05.1030,0.98222,05.0093
2026-05-27T14:43:35.440333,2146.4,05.1083,0.72981,03.7220
2026-05-27T14:43:36.415339,2147.4,05.1087,0.60454,03.0831
2026-05-27T14:43:37.435325,2148.4,05.1091,0.60245,03.0724
2026-05-27T14:43:38.413437,2149.4,05.1101,0.98387,05.0275
2026-05-27T14:43:39.436675,2150.4,05.1097,1.00575,05.1293
2026-05-27T14:43:40.413030,2151.4,05.1048,1.02741,05.2397
2026-05-27T14:43:41.437593,2152.4,05.1119,1.03403,05.2838
2026-05-27T14:43:42.413995,2153.4,05.1044,1.12064,05.7152
2026-05-27T14:43:43.437394,2154.4,05.1066,1.02069,05.2055
2026-05-27T14:43:44.413628,2155.4,05.1111,1.04880,05.3593
2026-05-27T14:43:45.435765,2156.4,05.1142,1.06985,05.4669
2026-05-27T14:43:46.412892,2157.4,05.1042,1.07194,05.4668
2026-05-27T14:43:47.437086,2158.4,05.1061,1.06982,05.4560
2026-05-27T14:43:48.413920,2159.4,05.1097,1.11773,05.7004
2026-05-27T14:43:49.433684,2160.4,05.1084,0.77335,03.9440
2026-05-27T14:43:50.409798,2161.4,05.1079,0.77088,03.9314
2026-05-27T14:43:51.428716,2162.4,05.1076,0.76706,03.9120
2026-05-27T14:43:52.450917,2163.4,05.1126,1.04772,05.3538
2026-05-27T14:43:53.426229,2164.4,05.1112,1.03952,05.3119
2026-05-27T14:43:54.446261,2165.4,05.1073,1.05478,05.3793
2026-05-27T14:43:55.424180,2166.4,05.1076,1.13600,05.7936
2026-05-27T14:43:56.449435,2167.4,05.1073,1.05574,05.3842
2026-05-27T14:43:57.424378,2168.4,05.1086,1.22048,06.2244
2026-05-27T14:43:58.446334,2169.4,05.1025,1.03547,05.2808
2026-05-27T14:43:59.422593,2170.4,05.1085,1.02309,05.2177
2026-05-27T14:44:00.442112,2171.4,05.1103,1.09131,05.5765
2026-05-27T14:44:01.420243,2172.4,05.1169,1.24234,06.3483
2026-05-27T14:44:02.441651,2173.4,05.1042,1.02956,05.2507
2026-05-27T14:44:03.417314,2174.4,05.1078,0.64407,03.2847
2026-05-27T14:44:04.435052,2175.4,05.1085,0.60844,03.1030
2026-05-27T14:44:05.449521,2176.4,05.1086,0.59277,03.0231
2026-05-27T14:44:06.424076,2177.4,05.1108,1.07627,05.4997
2026-05-27T14:44:07.442815,2178.4,05.1037,1.02960,05.2509
2026-05-27T14:44:08.418029,2179.4,05.1061,1.04587,05.3339
2026-05-27T14:44:09.438915,2180.4,05.1095,1.10963,05.6591
2026-05-27T14:44:10.415232,2181.4,05.1137,1.07080,05.4717
2026-05-27T14:44:11.435084,2182.4,05.1125,1.05996,05.4163
2026-05-27T14:44:12.455081,2183.4,05.1083,1.01151,05.1587
2026-05-27T14:44:13.430723,2184.4,05.1067,1.01100,05.1561
2026-05-27T14:44:14.447578,2185.4,05.1028,1.05648,05.3880
2026-05-27T14:44:15.418869,2186.4,05.1086,0.99858,05.0927
2026-05-27T14:44:16.438616,2187.4,05.1069,1.09960,05.6079
2026-05-27T14:44:17.455617,2188.4,05.1069,0.74772,03.8133
2026-05-27T14:44:18.428710,2189.4,05.1089,0.74792,03.8143
2026-05-27T14:44:19.448043,2190.4,05.1080,0.76654,03.9093
2026-05-27T14:44:20.423381,2191.4,05.1089,1.05841,05.3978
2026-05-27T14:44:21.442339,2192.4,05.1016,1.04273,05.3179
2026-05-27T14:44:22.416706,2193.4,05.1037,0.99854,05.0925
2026-05-27T14:44:23.435716,2194.4,05.1070,0.97105,04.9523
2026-05-27T14:44:24.454617,2195.4,05.1053,0.97391,04.9669
2026-05-27T14:44:25.427447,2196.4,05.1011,1.04679,05.3386
2026-05-27T14:44:26.448908,2197.4,05.1042,1.17419,05.9883
2026-05-27T14:44:27.424352,2198.4,05.1080,1.03553,05.2812
2026-05-27T14:44:28.443955,2199.4,05.1080,1.10494,05.6351
2026-05-27T14:44:29.460781,2200.4,05.1123,1.06008,05.4170
2026-05-27T14:44:30.434324,2201.4,05.1091,0.97977,04.9968
2026-05-27T14:44:31.451616,2202.4,05.1088,0.60407,03.0807
2026-05-27T14:44:32.422826,2203.4,05.1095,0.60303,03.0754
2026-05-27T14:44:33.440794,2204.4,05.1091,0.67986,03.4672
2026-05-27T14:44:34.463322,2205.4,05.0947,1.41421,07.1983
2026-05-27T14:44:35.437422,2206.4,05.1055,1.13576,05.7923
2026-05-27T14:44:36.455417,2207.4,05.1069,1.29300,06.5943
2026-05-27T14:44:37.428775,2208.4,05.1064,1.06741,05.4437
2026-05-27T14:44:38.445446,2209.4,05.1036,0.97307,04.9626
2026-05-27T14:44:39.420691,2210.4,05.1061,1.16351,05.9339
2026-05-27T14:44:40.443612,2211.4,05.1060,1.11612,05.6922
2026-05-27T14:44:41.418916,2212.4,05.1151,1.04871,05.3589
2026-05-27T14:44:42.436610,2213.4,05.1059,1.15655,05.8984
2026-05-27T14:44:43.456822,2214.4,05.1062,1.26350,06.4438
2026-05-27T14:44:44.430914,2215.4,05.1036,1.00512,05.1261
2026-05-27T14:44:45.446675,2216.4,05.1106,0.75110,03.8381
2026-05-27T14:44:46.464486,2217.4,05.1078,0.74947,03.8222
2026-05-27T14:44:47.438960,2218.4,05.1042,0.88902,04.5340
2026-05-27T14:44:48.458013,2219.4,05.0961,1.15892,05.8989
2026-05-27T14:44:49.432171,2220.4,05.1041,1.15095,05.8698
2026-05-27T14:44:50.453135,2221.4,05.1047,1.17777,06.0066
2026-05-27T14:44:51.424227,2222.4,05.1112,1.02069,05.2157
2026-05-27T14:44:52.442468,2223.4,05.0959,1.21874,06.2033
2026-05-27T14:44:53.460904,2224.4,05.1051,1.17405,05.9876
2026-05-27T14:44:54.434129,2225.4,05.1025,1.13918,05.8098
2026-05-27T14:44:55.453903,2226.4,05.1159,1.11010,05.6726
2026-05-27T14:44:56.428314,2227.4,05.1070,1.18533,06.0451
2026-05-27T14:44:57.452731,2228.4,05.1103,1.25637,06.4200
2026-05-27T14:44:58.426532,2229.4,05.1058,0.98192,05.0077
2026-05-27T14:44:59.447484,2230.4,05.1083,0.60149,03.0675
2026-05-27T14:45:00.422885,2231.4,05.1093,0.60229,03.0716
2026-05-27T14:45:01.442507,2232.4,05.1094,0.90514,04.6162
2026-05-27T14:45:02.462552,2233.4,05.1094,1.26720,06.4627
2026-05-27T14:45:03.436618,2234.4,05.1076,1.23055,06.2758
2026-05-27T14:45:04.455869,2235.4,05.1136,1.02468,05.2361
2026-05-27T14:45:05.431276,2236.4,05.1067,1.05933,05.4025
2026-05-27T14:45:06.454909,2237.4,05.1178,1.22371,06.2531
2026-05-27T14:45:07.430904,2238.4,05.1147,1.14727,05.8625
2026-05-27T14:45:08.450670,2239.4,05.1095,1.14836,05.8566
2026-05-27T14:45:09.424640,2240.4,05.1064,1.01710,05.1872
2026-05-27T14:45:10.447599,2241.4,05.1084,1.39273,07.1029
2026-05-27T14:45:11.469803,2242.4,05.0848,1.11918,05.6854
2026-05-27T14:45:12.446162,2243.4,05.1092,0.80271,04.0938
2026-05-27T14:45:13.465711,2244.4,05.1076,0.77439,03.9493
2026-05-27T14:45:14.437745,2245.4,05.1078,0.76953,03.9246
2026-05-27T14:45:15.456184,2246.4,05.0991,1.15670,05.8876
2026-05-27T14:45:16.430046,2247.4,05.1120,1.02094,05.2170
2026-05-27T14:45:17.449102,2248.4,05.1089,1.36815,06.9775
2026-05-27T14:45:18.425424,2249.4,05.1177,1.17744,06.0167
2026-05-27T14:45:19.447274,2250.4,05.1081,1.25734,06.4124
2026-05-27T14:45:20.470289,2251.4,05.1080,1.38447,07.0607
2026-05-27T14:45:21.446125,2252.4,05.1105,1.01356,05.1792
2026-05-27T14:45:22.465932,2253.4,05.0994,1.29291,06.5809
2026-05-27T14:45:23.441769,2254.4,05.1079,1.07763,05.4959
2026-05-27T14:45:24.460547,2255.4,05.1050,1.08350,05.5258
2026-05-27T14:45:25.435845,2256.4,05.1225,1.16280,05.9535
2026-05-27T14:45:26.455745,2257.4,05.1120,0.77021,03.9357
2026-05-27T14:45:27.471384,2258.4,05.1081,0.62299,03.1772
2026-05-27T14:45:28.443577,2259.4,05.1085,0.60063,03.0632
2026-05-27T14:45:29.461435,2260.4,05.1053,1.31576,06.7103
2026-05-27T14:45:30.437877,2261.4,05.1119,1.00304,05.1255
2026-05-27T14:45:31.457431,2262.4,05.1148,1.01283,05.1755
2026-05-27T14:45:32.430840,2263.4,05.1131,1.04805,05.3555
2026-05-27T14:45:33.449064,2264.4,05.1167,1.17214,05.9896
2026-05-27T14:45:34.469547,2265.4,05.0966,1.06227,05.4069
2026-05-27T14:45:35.444516,2266.4,05.1059,1.04388,05.3237
2026-05-27T14:45:36.463598,2267.4,05.0919,1.08270,05.5109
2026-05-27T14:45:37.439227,2268.4,05.1100,1.07632,05.4999
2026-05-27T14:45:38.459027,2269.4,05.1098,1.07858,05.5007
2026-05-27T14:45:39.433929,2270.4,05.1074,1.36105,06.9413
2026-05-27T14:45:40.452288,2271.4,05.1105,0.75456,03.8558
2026-05-27T14:45:41.471949,2272.4,05.1071,0.74313,03.7899
2026-05-27T14:45:42.447419,2273.4,05.1070,0.74377,03.7932
2026-05-27T14:45:43.466552,2274.4,05.0953,1.00277,05.1040
2026-05-27T14:45:44.441752,2275.4,05.1136,1.02871,05.2567
2026-05-27T14:45:45.462636,2276.4,05.1044,1.10298,05.6251
2026-05-27T14:45:46.439161,2277.4,05.1122,1.05193,05.3753
2026-05-27T14:45:47.459604,2278.4,05.1119,1.14144,05.8327
2026-05-27T14:45:48.432801,2279.4,05.1134,1.07038,05.4696
2026-05-27T14:45:49.452756,2280.4,05.1025,1.15242,05.8773
2026-05-27T14:45:50.471949,2281.4,05.1087,1.16302,05.9314
2026-05-27T14:45:51.442841,2282.4,05.1061,1.08956,05.5567
2026-05-27T14:45:52.462568,2283.4,05.1109,1.09489,05.5948
2026-05-27T14:45:53.435813,2284.4,05.1087,1.14984,05.8641
2026-05-27T14:45:54.455473,2285.4,05.1091,0.75273,03.8389
2026-05-27T14:45:55.469375,2286.4,05.1092,0.59922,03.0560
2026-05-27T14:45:56.440599,2287.4,05.1087,0.59972,03.0585
2026-05-27T14:45:57.457202,2288.4,05.1128,1.19360,06.0992
2026-05-27T14:45:58.476265,2289.4,05.1031,1.00719,05.1366
2026-05-27T14:45:59.452304,2290.4,05.1133,1.01637,05.1936
2026-05-27T14:46:00.472305,2291.4,05.1070,1.01499,05.1764
2026-05-27T14:46:01.444222,2292.4,05.1006,1.11345,05.6785
2026-05-27T14:46:02.462733,2293.4,05.1103,1.16332,05.9445
2026-05-27T14:46:03.436575,2294.4,05.1042,1.04501,05.3295
2026-05-27T14:46:04.454388,2295.4,05.1045,1.00556,05.1283
2026-05-27T14:46:05.475892,2296.4,05.1095,1.14776,05.8535
2026-05-27T14:46:06.449032,2297.4,05.1017,1.18483,06.0426
2026-05-27T14:46:07.470377,2298.4,05.1092,1.19017,06.0698
2026-05-27T14:46:08.444314,2299.4,05.1094,0.77125,03.9333
2026-05-27T14:46:09.464068,2300.4,05.1069,0.77036,03.9288
2026-05-27T14:46:10.437197,2301.4,05.1088,0.76606,03.9069
2026-05-27T14:46:11.459046,2302.4,05.1020,1.06612,05.4372
2026-05-27T14:46:12.479334,2303.4,05.1076,1.12799,05.7527
2026-05-27T14:46:13.452301,2304.4,05.1147,1.22904,06.2803
2026-05-27T14:46:14.474972,2305.5,05.1078,1.11215,05.6719
2026-05-27T14:46:15.451046,2306.5,05.1061,1.22442,06.2445
2026-05-27T14:46:16.473995,2307.5,05.1076,1.18369,06.0368
2026-05-27T14:46:17.450305,2308.5,05.1076,1.03714,05.2894
2026-05-27T14:46:18.472054,2309.5,05.1073,1.05928,05.4023
2026-05-27T14:46:19.447953,2310.5,05.1062,1.08851,05.5514
2026-05-27T14:46:20.470476,2311.5,05.0987,1.18637,06.0386
2026-05-27T14:46:21.447336,2312.5,05.1036,1.09890,05.6043
2026-05-27T14:46:22.467004,2313.5,05.1076,0.76246,03.8885
2026-05-27T14:46:23.439193,2314.5,05.1081,0.61861,03.1549
2026-05-27T14:46:24.455983,2315.5,05.1085,0.59535,03.0362
2026-05-27T14:46:25.475387,2316.5,05.1128,1.01583,05.1908
2026-05-27T14:46:26.448759,2317.5,05.1116,1.03758,05.3020
2026-05-27T14:46:27.466666,2318.5,05.1086,1.10091,05.6146
2026-05-27T14:46:28.442826,2319.5,05.1045,1.02039,05.2039
2026-05-27T14:46:29.462703,2320.5,05.1008,1.00135,05.1068
2026-05-27T14:46:30.483983,2321.5,05.1078,1.11795,05.7015
2026-05-27T14:46:31.458858,2322.5,05.1012,1.04643,05.3367
2026-05-27T14:46:32.479643,2323.5,05.1150,1.02981,05.2623
2026-05-27T14:46:33.454137,2324.5,05.1089,1.11412,05.6820
2026-05-27T14:46:34.471831,2325.5,05.1109,1.00334,05.1270
2026-05-27T14:46:35.443711,2326.5,05.1094,1.03479,05.2774
2026-05-27T14:46:36.460971,2327.5,05.1087,0.74595,03.8043
2026-05-27T14:46:37.478858,2328.5,05.1088,0.74699,03.8096
2026-05-27T14:46:38.451801,2329.5,05.1080,0.74679,03.8086
2026-05-27T14:46:39.471191,2330.5,05.1055,1.10204,05.6204
2026-05-27T14:46:40.444858,2331.5,05.1089,1.03719,05.2896
2026-05-27T14:46:41.463070,2332.5,05.1093,1.19522,06.0956
2026-05-27T14:46:42.481428,2333.5,05.1023,1.03008,05.2534
2026-05-27T14:46:43.455300,2334.5,05.1053,1.11525,05.6877
2026-05-27T14:46:44.478292,2335.5,05.1097,1.18582,06.0476
2026-05-27T14:46:45.454943,2336.5,05.1101,1.09101,05.5750
2026-05-27T14:46:46.475659,2337.5,05.1062,1.03049,05.2554
2026-05-27T14:46:47.450604,2338.5,05.1076,1.05548,05.3829
2026-05-27T14:46:48.472758,2339.5,05.1020,1.12498,05.7373
2026-05-27T14:46:49.445685,2340.5,05.1134,1.03357,05.2815
2026-05-27T14:46:50.462750,2341.5,05.1069,0.74860,03.8178
2026-05-27T14:46:51.480406,2342.5,05.1087,0.60128,03.0665
2026-05-27T14:46:52.450654,2343.5,05.1087,0.59987,03.0593
2026-05-27T14:46:53.469724,2344.5,05.1064,1.02076,05.2058
2026-05-27T14:46:54.444218,2345.5,05.1088,1.04614,05.3353
2026-05-27T14:46:55.467573,2346.5,05.1092,1.15226,05.8765
2026-05-27T14:46:56.487052,2347.5,05.1130,1.02311,05.2280
2026-05-27T14:46:57.460160,2348.5,05.1030,1.08982,05.5580
2026-05-27T14:46:58.481688,2349.5,05.1144,1.17480,06.0032
2026-05-27T14:46:59.459317,2350.5,05.1080,1.18494,06.0431
2026-05-27T14:47:00.479437,2351.5,05.1055,0.99749,05.0871
2026-05-27T14:47:01.451068,2352.5,05.1101,1.01198,05.1712
2026-05-27T14:47:02.468829,2353.5,05.1086,0.99691,05.0842
2026-05-27T14:47:03.485383,2354.5,05.1139,1.04666,05.3484
2026-05-27T14:47:04.454762,2355.5,05.1075,0.75255,03.8380
2026-05-27T14:47:05.470988,2356.5,05.1086,0.75102,03.8302
2026-05-27T14:47:06.490137,2357.5,05.1077,0.74823,03.8159
2026-05-27T14:47:07.465697,2358.5,05.1076,1.06395,05.4261
2026-05-27T14:47:08.485335,2359.5,05.1116,1.05340,05.3828
2026-05-27T14:47:09.457166,2360.5,05.1145,1.27998,06.5406
2026-05-27T14:47:10.476174,2361.5,05.1026,1.02462,05.2255
2026-05-27T14:47:11.449701,2362.5,05.1091,1.08893,05.5535
2026-05-27T14:47:12.469738,2363.5,05.1079,0.97705,04.9829
2026-05-27T14:47:13.488719,2364.5,05.1079,1.02327,05.2186
2026-05-27T14:47:14.462697,2365.5,05.1086,1.07839,05.4997
2026-05-27T14:47:15.482532,2366.5,05.1125,1.04157,05.3224
2026-05-27T14:47:16.458530,2367.5,05.1070,1.02427,05.2237
2026-05-27T14:47:17.480920,2368.5,05.1097,0.82647,04.2149
2026-05-27T14:47:18.455029,2369.5,05.1090,0.63756,03.2515
2026-05-27T14:47:19.477838,2370.5,05.1069,0.60471,03.0840
2026-05-27T14:47:20.448881,2371.5,05.1026,0.60224,03.0714
2026-05-27T14:47:21.466484,2372.5,05.1058,1.05912,05.4015
2026-05-27T14:47:22.489711,2373.5,05.1087,1.00275,05.1140
2026-05-27T14:47:23.465739,2374.5,05.1092,1.11205,05.6714
2026-05-27T14:47:24.484387,2375.5,05.1028,1.11131,05.6676
2026-05-27T14:47:25.460924,2376.5,05.1062,0.97491,04.9720
2026-05-27T14:47:26.482010,2377.5,05.1103,0.97129,04.9632
2026-05-27T14:47:27.456401,2378.5,05.1114,1.11272,05.6859
2026-05-27T14:47:28.476147,2379.5,05.1076,1.05787,05.3951
2026-05-27T14:47:29.451415,2380.5,05.1111,1.06512,05.4427
2026-05-27T14:47:30.473806,2381.5,05.1084,1.03080,05.2570
2026-05-27T14:47:31.494416,2382.5,05.1097,0.79200,04.0392
2026-05-27T14:47:32.467787,2383.5,05.1097,0.75490,03.8499
2026-05-27T14:47:33.489290,2384.5,05.1086,0.75217,03.8360
2026-05-27T14:47:34.461870,2385.5,05.0986,0.79684,04.0559
2026-05-27T14:47:35.482501,2386.5,05.1084,1.23682,06.3077
2026-05-27T14:47:36.461711,2387.5,05.1139,1.03138,05.2703
2026-05-27T14:47:37.485569,2388.5,05.1064,1.03093,05.2577
2026-05-27T14:47:38.462926,2389.5,05.1166,0.99648,05.0920
2026-05-27T14:47:39.484984,2390.5,05.1089,0.98702,05.0338
2026-05-27T14:47:40.462232,2391.5,05.1086,1.03611,05.2841
2026-05-27T14:47:41.485688,2392.5,05.1101,1.29291,06.6067
2026-05-27T14:47:42.461816,2393.5,05.1050,1.21862,06.2149
2026-05-27T14:47:43.483042,2394.5,05.1131,1.23475,06.3095
2026-05-27T14:47:44.457709,2395.5,05.1047,1.12503,05.7376
2026-05-27T14:47:45.478378,2396.5,05.1067,0.98026,04.9993
2026-05-27T14:47:46.496550,2397.5,05.1100,0.62107,03.1736
2026-05-27T14:47:47.469042,2398.5,05.1097,0.61994,03.1616
2026-05-27T14:47:48.487650,2399.5,05.1100,0.68873,03.5194
2026-05-27T14:47:49.463375,2400.5,05.1072,1.19456,06.0922
2026-05-27T14:47:50.484023,2401.5,05.1034,1.10493,05.6351
2026-05-27T14:47:51.459638,2402.5,05.1111,1.05213,05.3763
2026-05-27T14:47:52.483688,2403.5,05.0964,1.06468,05.4192
2026-05-27T14:47:53.458788,2404.5,05.1117,1.05200,05.3757
2026-05-27T14:47:54.478590,2405.5,05.1100,1.04004,05.3146
2026-05-27T14:47:55.499529,2406.5,05.1030,1.03093,05.2577
2026-05-27T14:47:56.473427,2407.5,05.1066,1.22409,06.2428
2026-05-27T14:47:57.493481,2408.5,05.1037,1.32209,06.7426
2026-05-27T14:47:58.467050,2409.5,05.1073,1.00995,05.1507
2026-05-27T14:47:59.486561,2410.5,05.1103,0.95133,04.8612
2026-05-27T14:48:00.456456,2411.5,05.1078,0.76896,03.9216
2026-05-27T14:48:01.472863,2412.5,05.1073,0.76565,03.9048
2026-05-27T14:48:02.495777,2413.5,05.1072,0.92920,04.7389
2026-05-27T14:48:03.469819,2414.5,05.1078,1.08328,05.5247
2026-05-27T14:48:04.489284,2415.5,05.1136,1.07715,05.5042
2026-05-27T14:48:05.465891,2416.5,05.1071,1.40744,07.1779
2026-05-27T14:48:06.484442,2417.5,05.0986,1.04980,05.3434
2026-05-27T14:48:07.457537,2418.5,05.1078,1.28761,06.5668
2026-05-27T14:48:08.479578,2419.5,05.1181,1.07908,05.5140
2026-05-27T14:48:09.501757,2420.5,05.1072,1.32833,06.7744
2026-05-27T14:48:10.478687,2421.5,05.1064,1.25995,06.4257
2026-05-27T14:48:11.500801,2422.5,05.1136,1.10279,05.6352
2026-05-27T14:48:12.476304,2423.5,05.1064,0.99371,05.0679
2026-05-27T14:48:13.495449,2424.5,05.1112,0.86663,04.4284
2026-05-27T14:48:14.467722,2425.5,05.1080,0.64075,03.2678
2026-05-27T14:48:15.490198,2426.5,05.1083,0.64282,03.2783
2026-05-27T14:48:16.468268,2427.5,05.1091,0.93640,04.7756
2026-05-27T14:48:17.493835,2428.5,05.1105,1.07537,05.4951
2026-05-27T14:48:18.469183,2429.5,05.1183,1.14397,05.8456
2026-05-27T14:48:19.489417,2430.5,05.1089,1.18291,06.0328
2026-05-27T14:48:20.463753,2431.5,05.1011,1.18330,06.0348
2026-05-27T14:48:21.483843,2432.5,05.0995,1.14883,05.8475
2026-05-27T14:48:22.505779,2433.5,05.0937,1.21836,06.2014
2026-05-27T14:48:23.482522,2434.5,05.1091,1.09344,05.5765
2026-05-27T14:48:24.502724,2435.5,05.1119,1.38579,07.0813
2026-05-27T14:48:25.480907,2436.5,05.1100,1.08108,05.5243
2026-05-27T14:48:26.504044,2437.5,05.1133,1.01520,05.1876
2026-05-27T14:48:27.482558,2438.5,05.1109,0.75578,03.8620
2026-05-27T14:48:28.503328,2439.5,05.1076,0.75241,03.8372
2026-05-27T14:48:29.478096,2440.5,05.1076,0.74871,03.8184
2026-05-27T14:48:30.499985,2441.5,05.1092,1.53500,07.8285
2026-05-27T14:48:31.476027,2442.5,05.0958,0.96999,04.9372
2026-05-27T14:48:32.497712,2443.5,05.1087,1.07907,05.5032
2026-05-27T14:48:33.473392,2444.5,05.1085,1.24338,06.3412
2026-05-27T14:48:34.494977,2445.5,05.1006,1.03414,05.2741
2026-05-27T14:48:35.470767,2446.5,05.1061,1.15012,05.8656
2026-05-27T14:48:36.492841,2447.5,05.1077,1.03850,05.2963
2026-05-27T14:48:37.467948,2448.5,05.1051,1.04997,05.3548
2026-05-27T14:48:38.488532,2449.5,05.0976,1.00919,05.1367
2026-05-27T14:48:39.463589,2450.5,05.1020,1.29917,06.6257
2026-05-27T14:48:40.487035,2451.5,05.1076,1.28416,06.5492
2026-05-27T14:48:41.464048,2452.5,05.1086,0.75360,03.8433
2026-05-27T14:48:42.481709,2453.5,05.1077,0.60963,03.1091
2026-05-27T14:48:43.500924,2454.5,05.1091,0.60635,03.0923
2026-05-27T14:48:44.475236,2455.5,05.1090,1.08276,05.5220
2026-05-27T14:48:45.497033,2456.5,05.0926,1.03883,05.2876
2026-05-27T14:48:46.473331,2457.5,05.1045,1.28348,06.5457
2026-05-27T14:48:47.498321,2458.5,05.1095,1.12098,05.7169
2026-05-27T14:48:48.475978,2459.5,05.1058,1.02935,05.2496
2026-05-27T14:48:49.498262,2460.5,05.1214,1.02104,05.2277
2026-05-27T14:48:50.477954,2461.5,05.1131,1.10495,05.6462
2026-05-27T14:48:51.497102,2462.5,05.1175,1.16519,05.9541
2026-05-27T14:48:52.473839,2463.5,05.1139,1.11844,05.7152
2026-05-27T14:48:53.492622,2464.5,05.1136,1.39677,07.1374
2026-05-27T14:48:54.469864,2465.5,05.1164,1.25613,06.4188
2026-05-27T14:48:55.491821,2466.5,05.1088,0.75222,03.8363
2026-05-27T14:48:56.509474,2467.5,05.1088,0.75175,03.8339
2026-05-27T14:48:57.482122,2468.5,05.1089,0.75141,03.8321
2026-05-27T14:48:58.502597,2469.5,05.1128,1.12510,05.7492
2026-05-27T14:48:59.478786,2470.5,05.1086,1.16991,05.9665
2026-05-27T14:49:00.503117,2471.5,05.0948,1.08417,05.5184
2026-05-27T14:49:01.480553,2472.5,05.1153,1.02774,05.2517
2026-05-27T14:49:02.501815,2473.5,05.1091,1.00731,05.1372
2026-05-27T14:49:03.477464,2474.5,05.1036,1.15233,05.8768
2026-05-27T14:49:04.499074,2475.5,05.1100,1.10474,05.6452
2026-05-27T14:49:05.476861,2476.5,05.1141,1.05913,05.4121
2026-05-27T14:49:06.500915,2477.5,05.1101,1.11143,05.6794
2026-05-27T14:49:07.473812,2478.5,05.1167,1.03631,05.2955
2026-05-27T14:49:08.494501,2479.5,05.1153,1.10351,05.6389
2026-05-27T14:49:09.513969,2480.5,05.1094,0.77189,03.9366
2026-05-27T14:49:10.485918,2481.5,05.1092,0.62563,03.1907
2026-05-27T14:49:11.503562,2482.5,05.1098,0.59870,03.0533
2026-05-27T14:49:12.475404,2483.5,05.0987,1.08207,05.5077
2026-05-27T14:49:13.496712,2484.5,05.1106,1.14794,05.8659
2026-05-27T14:49:14.473824,2485.5,05.1139,1.09296,05.5850
2026-05-27T14:49:15.493726,2486.5,05.1098,1.05293,05.3699
2026-05-27T14:49:16.514056,2487.5,05.1051,1.00478,05.1243
2026-05-27T14:49:17.488604,2488.5,05.1128,1.10163,05.6293
2026-05-27T14:49:18.509711,2489.5,05.1059,1.01244,05.1634
2026-05-27T14:49:19.484476,2490.5,05.1048,1.02634,05.2343
2026-05-27T14:49:20.506616,2491.5,05.1034,0.97338,04.9642
2026-05-27T14:49:21.483581,2492.5,05.1055,1.07843,05.4999
2026-05-27T14:49:22.508766,2493.5,05.0941,1.05395,05.3646
2026-05-27T14:49:23.482228,2494.5,05.1089,0.79640,04.0616
2026-05-27T14:49:24.500331,2495.5,05.1092,0.76921,03.9229
2026-05-27T14:49:25.473894,2496.5,05.1094,0.76932,03.9235
2026-05-27T14:49:26.493599,2497.5,05.1128,1.17095,05.9835
2026-05-27T14:49:27.514587,2498.5,05.1059,0.98903,05.0440
2026-05-27T14:49:28.490592,2499.5,05.1128,1.05403,05.3860
2026-05-27T14:49:29.512956,2500.5,05.1083,1.14138,05.8210
2026-05-27T14:49:30.489075,2501.5,05.1144,1.05226,05.3770
2026-05-27T14:49:31.510234,2502.5,05.1061,1.07015,05.4577
2026-05-27T14:49:32.484534,2503.5,05.1095,1.03244,05.2654
2026-05-27T14:49:33.508706,2504.5,05.1061,1.14303,05.8294
2026-05-27T14:49:34.486342,2505.5,05.1072,1.17529,05.9939
2026-05-27T14:49:35.508214,2506.5,05.1019,1.07626,05.4889
2026-05-27T14:49:36.485235,2507.5,05.1080,1.05935,05.4026
2026-05-27T14:49:37.506500,2508.5,05.1089,0.73954,03.7716
2026-05-27T14:49:38.484174,2509.5,05.1083,0.61741,03.1487
2026-05-27T14:49:39.507049,2510.5,05.1094,0.59976,03.0587
2026-05-27T14:49:40.479860,2511.5,05.1067,0.99086,05.0533
2026-05-27T14:49:41.502380,2512.5,05.1019,1.13697,05.7985
2026-05-27T14:49:42.479780,2513.5,05.1125,1.15514,05.9027
2026-05-27T14:49:43.503583,2514.5,05.1055,1.06910,05.4524
2026-05-27T14:49:44.481308,2515.5,05.1070,0.98969,05.0474
2026-05-27T14:49:45.504586,2516.5,05.1068,1.07342,05.4744
2026-05-27T14:49:46.481704,2517.5,05.0997,1.12183,05.7101
2026-05-27T14:49:47.506429,2518.5,05.1117,1.08043,05.5209
2026-05-27T14:49:48.484719,2519.5,05.1086,1.10829,05.6522
2026-05-27T14:49:49.508314,2520.5,05.1100,1.20195,06.1419
2026-05-27T14:49:50.487063,2521.5,05.1088,1.06628,05.4380
2026-05-27T14:49:51.509859,2522.5,05.1091,0.74884,03.8190
2026-05-27T14:49:52.488852,2523.5,05.1092,0.74871,03.8184
2026-05-27T14:49:53.512975,2524.5,05.1093,0.74698,03.8095
2026-05-27T14:49:54.493821,2525.5,05.1044,1.03191,05.2627
2026-05-27T14:49:55.517746,2526.5,05.1081,1.07947,05.5052
2026-05-27T14:49:56.495446,2527.5,05.1064,1.14080,05.8180
2026-05-27T14:49:57.519020,2528.5,05.1103,1.09766,05.6090
2026-05-27T14:49:58.494900,2529.5,05.1108,1.25162,06.3957
2026-05-27T14:49:59.518754,2530.5,05.1076,1.03612,05.2842
2026-05-27T14:50:00.497768,2531.5,05.1064,1.05073,05.3587
2026-05-27T14:50:01.520169,2532.5,05.1075,0.98322,05.0144
2026-05-27T14:50:02.495227,2533.5,05.1072,1.00867,05.1442
2026-05-27T14:50:03.516167,2534.5,05.1098,1.00474,05.1241
2026-05-27T14:50:04.491761,2535.5,05.1094,1.11421,05.6824
2026-05-27T14:50:05.512409,2536.5,05.1094,0.75169,03.8336
2026-05-27T14:50:06.486682,2537.5,05.1098,0.59882,03.0539
2026-05-27T14:50:07.504405,2538.5,05.1087,0.59947,03.0572
2026-05-27T14:50:08.525625,2539.5,05.1091,1.02152,05.2097
2026-05-27T14:50:09.502269,2540.5,05.1091,1.02834,05.2445
2026-05-27T14:50:10.523706,2541.5,05.1061,1.21511,06.1970
2026-05-27T14:50:11.499548,2542.5,05.1090,1.06321,05.4223
2026-05-27T14:50:12.521269,2543.5,05.1091,1.15600,05.8956
2026-05-27T14:50:13.497467,2544.5,05.1072,0.97943,04.9950
2026-05-27T14:50:14.519419,2545.5,05.1044,0.96708,04.9321
2026-05-27T14:50:15.495798,2546.5,05.1061,1.12155,05.7199
2026-05-27T14:50:16.517116,2547.5,05.1169,1.15911,05.9230
2026-05-27T14:50:17.494042,2548.5,05.1145,1.23617,06.3168
2026-05-27T14:50:18.515612,2549.5,05.1031,0.98142,05.0052
2026-05-27T14:50:19.491726,2550.5,05.1088,0.75194,03.8348
2026-05-27T14:50:20.512285,2551.5,05.1087,0.75024,03.8262
2026-05-27T14:50:21.487054,2552.5,05.1087,0.74808,03.8152
2026-05-27T14:50:22.508543,2553.5,05.0997,1.04828,05.3357
2026-05-27T14:50:23.483876,2554.5,05.1025,1.02697,05.2375
2026-05-27T14:50:24.505471,2555.5,05.1033,1.02465,05.2257
2026-05-27T14:50:25.529191,2556.5,05.1075,1.01578,05.1804
2026-05-27T14:50:26.504767,2557.5,05.1059,1.08811,05.5493
2026-05-27T14:50:27.525840,2558.5,05.1095,1.00055,05.1028
2026-05-27T14:50:28.500033,2559.5,05.1130,1.12849,05.7665
2026-05-27T14:50:29.521598,2560.5,05.1074,1.01072,05.1546
2026-05-27T14:50:30.496101,2561.5,05.1034,1.08221,05.5192
2026-05-27T14:50:31.519422,2562.5,05.1042,1.12572,05.7411
2026-05-27T14:50:32.494003,2563.5,05.1109,1.02322,05.2286
2026-05-27T14:50:33.515514,2564.5,05.1082,0.77276,03.9410
2026-05-27T14:50:34.490934,2565.5,05.1093,0.77129,03.9335
2026-05-27T14:50:35.509935,2566.5,05.1069,0.76745,03.9139
2026-05-27T14:50:36.530182,2567.5,05.1053,0.98985,05.0482
2026-05-27T14:50:37.506529,2568.5,05.1073,0.98821,05.0398
2026-05-27T14:50:38.528839,2569.5,05.1072,1.12399,05.7323
2026-05-27T14:50:39.505802,2570.5,05.1070,1.06726,05.4430
2026-05-27T14:50:40.527317,2571.5,05.1080,1.02230,05.2137
2026-05-27T14:50:41.503699,2572.5,05.1125,1.04952,05.3630
2026-05-27T14:50:42.526524,2573.5,05.1116,0.99483,05.0835
2026-05-27T14:50:43.505745,2574.5,05.1070,1.01710,05.1872
2026-05-27T14:50:44.529774,2575.5,05.1020,1.02715,05.2384
2026-05-27T14:50:45.507404,2576.5,05.1076,1.06418,05.4273
2026-05-27T14:50:46.530961,2577.5,05.1053,1.02330,05.2188
2026-05-27T14:50:47.507580,2578.5,05.1082,0.76654,03.9093
2026-05-27T14:50:48.526510,2579.5,05.1085,0.70519,03.5964
2026-05-27T14:50:49.499554,2580.5,05.1089,0.64183,03.2733
2026-05-27T14:50:50.524687,2581.5,05.1089,1.14673,05.8483
2026-05-27T14:50:51.504176,2582.5,05.1108,1.05424,05.3871
2026-05-27T14:50:52.528389,2583.5,05.1012,1.11734,05.6984
2026-05-27T14:50:53.506162,2584.5,05.1084,0.96598,04.9264
2026-05-27T14:50:54.533164,2585.5,05.1111,1.04512,05.3405
2026-05-27T14:50:55.508334,2586.5,05.1125,1.04903,05.3605
2026-05-27T14:50:56.535268,2587.5,05.1069,1.01220,05.1622
2026-05-27T14:50:57.514484,2588.5,05.1108,1.13954,05.8230
2026-05-27T14:50:58.494152,2589.5,05.1066,1.02179,05.2111
2026-05-27T14:50:59.517115,2590.5,05.1098,1.03321,05.2693
2026-05-27T14:51:00.495158,2591.5,05.1031,1.07350,05.4748
2026-05-27T14:51:01.518469,2592.5,05.1086,0.75164,03.8333
2026-05-27T14:51:02.495513,2593.5,05.1084,0.74790,03.8142
2026-05-27T14:51:03.521234,2594.5,05.1079,0.99724,05.0859
2026-05-27T14:51:04.497325,2595.5,05.1145,1.07556,05.4961
2026-05-27T14:51:05.520156,2596.5,05.1082,1.05031,05.3565
2026-05-27T14:51:06.498066,2597.5,05.1081,1.25427,06.3967
2026-05-27T14:51:07.524733,2598.5,05.1092,1.14584,05.8437
2026-05-27T14:51:08.504093,2599.5,05.1011,1.32613,06.7632
2026-05-27T14:51:09.527133,2600.5,05.1078,1.22046,06.2243
2026-05-27T14:51:10.503914,2601.5,05.1039,1.01731,05.1882
2026-05-27T14:51:11.526789,2602.5,05.1095,1.04021,05.3050
2026-05-27T14:51:12.505461,2603.5,05.1084,1.06044,05.4082
2026-05-27T14:51:13.528907,2604.5,05.1137,0.98881,05.0528
2026-05-27T14:51:14.506687,2605.5,05.1116,0.83260,04.2545
2026-05-27T14:51:15.530637,2606.5,05.1073,0.74998,03.8248
2026-05-27T14:51:16.507513,2607.5,05.1077,0.74878,03.8187
2026-05-27T14:51:17.532681,2608.5,05.1082,0.79183,04.0383
2026-05-27T14:51:18.510476,2609.5,05.1090,1.01933,05.1985
2026-05-27T14:51:19.533695,2610.5,05.1092,1.05894,05.4005
2026-05-27T14:51:20.511594,2611.5,05.1130,1.03307,05.2789
2026-05-27T14:51:21.534484,2612.5,05.1142,1.12797,05.7639
2026-05-27T14:51:22.512686,2613.5,05.1095,1.15488,05.8898
2026-05-27T14:51:23.536780,2614.5,05.1091,1.08696,05.5434
2026-05-27T14:51:24.514583,2615.5,05.1072,1.07064,05.4602
2026-05-27T14:51:25.540253,2616.5,05.1070,1.07970,05.5064
2026-05-27T14:51:26.517646,2617.5,05.1092,1.07776,05.4965
2026-05-27T14:51:27.495965,2618.5,05.1090,1.29705,06.6149
2026-05-27T14:51:28.518806,2619.5,05.1069,0.75387,03.8447
2026-05-27T14:51:29.495797,2620.5,05.1086,0.74799,03.8147
2026-05-27T14:51:30.522596,2621.5,05.1106,0.62162,03.1764
2026-05-27T14:51:31.496081,2622.5,05.0987,0.77434,03.9413
2026-05-27T14:51:32.521857,2623.5,05.1064,1.15361,05.8834
2026-05-27T14:51:33.499502,2624.5,05.0978,1.20955,06.1566
2026-05-27T14:51:34.520488,2625.5,05.1112,1.07860,05.5116
2026-05-27T14:51:35.498427,2626.5,05.1137,1.10016,05.6218
2026-05-27T14:51:36.523317,2627.5,05.1050,1.26050,06.4285
2026-05-27T14:51:37.503887,2628.5,05.1000,1.33415,06.8041
2026-05-27T14:51:38.527767,2629.5,05.1051,1.48676,07.5824
2026-05-27T14:51:39.507782,2630.5,05.0984,1.39667,07.1090
2026-05-27T14:51:40.530710,2631.5,05.1078,1.04177,05.3130
2026-05-27T14:51:41.507746,2632.5,05.1068,0.99364,05.0675
2026-05-27T14:51:42.534733,2633.5,05.1091,0.86251,04.3988
2026-05-27T14:51:43.511701,2634.5,05.1092,0.75322,03.8414
2026-05-27T14:51:44.534086,2635.5,05.1098,0.75124,03.8313
2026-05-27T14:51:45.508061,2636.5,05.1056,1.21786,06.2110
2026-05-27T14:51:46.530047,2637.5,05.1134,1.15845,05.9196
2026-05-27T14:51:47.507776,2638.5,05.1117,1.07613,05.4990
2026-05-27T14:51:48.529371,2639.5,05.1036,1.22311,06.2378
2026-05-27T14:51:49.505752,2640.5,05.0995,1.31650,06.7009
2026-05-27T14:51:50.527322,2641.5,05.1011,1.20483,06.1446
2026-05-27T14:51:51.503019,2642.5,05.1100,1.13914,05.8210
2026-05-27T14:51:52.525596,2643.5,05.1100,1.47548,07.5397
2026-05-27T14:51:53.502700,2644.5,05.0995,1.17199,05.9654
2026-05-27T14:51:54.525764,2645.5,05.1112,1.09159,05.5780
2026-05-27T14:51:55.500702,2646.5,05.1136,0.97917,05.0035
2026-05-27T14:51:56.522136,2647.5,05.1092,0.75233,03.8368
2026-05-27T14:51:57.543386,2648.5,05.1094,0.60412,03.0810
2026-05-27T14:51:58.518124,2649.5,05.1105,0.60363,03.0845
2026-05-27T14:51:59.536822,2650.5,05.1051,1.20199,06.1301
2026-05-27T14:52:00.515849,2651.5,05.1094,1.06963,05.4551
2026-05-27T14:52:01.541494,2652.5,05.1173,1.03299,05.2785
2026-05-27T14:52:02.519976,2653.5,05.1070,1.29870,06.6233
2026-05-27T14:52:03.544401,2654.5,05.1083,1.11743,05.6988
2026-05-27T14:52:04.521575,2655.5,05.0956,1.15583,05.8831
2026-05-27T14:52:05.544892,2656.5,05.1117,1.15888,05.9218
2026-05-27T14:52:06.522803,2657.5,05.1026,1.16205,05.9264
2026-05-27T14:52:07.544557,2658.5,05.1189,1.11137,05.6791
2026-05-27T14:52:08.523624,2659.5,05.1080,1.18774,06.0574
2026-05-27T14:52:09.546431,2660.5,05.1125,1.13333,05.7913
2026-05-27T14:52:10.521952,2661.5,05.1089,0.77466,03.9507
2026-05-27T14:52:11.541390,2662.5,05.1085,0.77261,03.9403
2026-05-27T14:52:12.516049,2663.5,05.1084,0.76873,03.9205
2026-05-27T14:52:13.539635,2664.5,05.1053,1.21111,06.1766
2026-05-27T14:52:14.515813,2665.5,05.1148,1.25763,06.4264
2026-05-27T14:52:15.538680,2666.5,05.1108,1.39470,07.1269
2026-05-27T14:52:16.515601,2667.5,05.0976,1.22200,06.2199
2026-05-27T14:52:17.539598,2668.5,05.1094,1.07975,05.5067
2026-05-27T14:52:18.520041,2669.5,05.1220,1.10927,05.6794
2026-05-27T14:52:19.543613,2670.5,05.1147,1.11991,05.7227
2026-05-27T14:52:20.522579,2671.5,05.1117,1.14238,05.8375
2026-05-27T14:52:21.545996,2672.5,05.1100,1.16177,05.9366
2026-05-27T14:52:22.524297,2673.5,05.1112,1.13621,05.8060
2026-05-27T14:52:23.547736,2674.5,05.1078,1.29894,06.6245
2026-05-27T14:52:24.524515,2675.5,05.1094,0.77356,03.9451
2026-05-27T14:52:25.544508,2676.5,05.1088,0.62531,03.1890
2026-05-27T14:52:26.517758,2677.5,05.1094,0.62111,03.1676
2026-05-27T14:52:27.538294,2678.5,05.1069,1.09659,05.5926
2026-05-27T14:52:28.515491,2679.5,05.1014,1.20019,06.1209
2026-05-27T14:52:29.539004,2680.5,05.1061,1.06694,05.4413
2026-05-27T14:52:30.517715,2681.5,05.1144,1.03797,05.3040
2026-05-27T14:52:31.544746,2682.5,05.1114,1.06360,05.4349
2026-05-27T14:52:32.523308,2683.5,05.1019,1.05987,05.4053
2026-05-27T14:52:33.549328,2684.5,05.1020,1.10984,05.6601
2026-05-27T14:52:34.526907,2685.5,05.1073,1.17581,05.9966
2026-05-27T14:52:35.551802,2686.5,05.1076,1.16474,05.9401
2026-05-27T14:52:36.530503,2687.5,05.1141,1.05336,05.3826
2026-05-27T14:52:37.513404,2688.5,05.1134,1.08078,05.5227
2026-05-27T14:52:38.537768,2689.5,05.1071,0.74909,03.8203
2026-05-27T14:52:39.517208,2690.5,05.1088,0.74941,03.8219
2026-05-27T14:52:40.542098,2691.5,05.1081,0.74833,03.8164
2026-05-27T14:52:41.522278,2692.5,05.0992,1.24623,06.3433
2026-05-27T14:52:42.546754,2693.5,05.1119,1.02057,05.2151
2026-05-27T14:52:43.525607,2694.5,05.1044,1.15596,05.8953
2026-05-27T14:52:44.555606,2695.5,05.1093,1.06434,05.4281
2026-05-27T14:52:45.537274,2696.5,05.1070,1.14137,05.8209
2026-05-27T14:52:46.514789,2697.5,05.1084,1.08505,05.5337
2026-05-27T14:52:47.539967,2698.5,05.1170,1.13772,05.8137
2026-05-27T14:52:48.519332,2699.5,05.1097,1.03074,05.2567
2026-05-27T14:52:49.543121,2700.5,05.1097,1.07427,05.4787
2026-05-27T14:52:50.523451,2701.5,05.0986,1.11274,05.6638
2026-05-27T14:52:51.547915,2702.5,05.1098,1.04581,05.3336
2026-05-27T14:52:52.523793,2703.5,05.1100,0.74890,03.8268
2026-05-27T14:52:53.544577,2704.5,05.1096,0.60070,03.0635
2026-05-27T14:52:54.518616,2705.5,05.1092,0.60007,03.0603
2026-05-27T14:52:55.539697,2706.5,05.1091,1.11077,05.6649
2026-05-27T14:52:56.517322,2707.5,05.0995,1.19876,06.1016
2026-05-27T14:52:57.539711,2708.5,05.1155,1.27251,06.5025
2026-05-27T14:52:58.513975,2709.5,05.1055,1.06891,05.4514
2026-05-27T14:52:59.536195,2710.5,05.1076,1.06954,05.4546
2026-05-27T14:53:00.513590,2711.5,05.1036,1.06572,05.4351
2026-05-27T14:53:01.536873,2712.5,05.1089,1.08500,05.5335
2026-05-27T14:53:02.512491,2713.5,05.1117,1.12034,05.7249
2026-05-27T14:53:03.534176,2714.5,05.1008,1.06920,05.4529
2026-05-27T14:53:04.556935,2715.5,05.1042,1.09275,05.5730
2026-05-27T14:53:05.536072,2716.5,05.1145,1.09064,05.5731
2026-05-27T14:53:06.556902,2717.5,05.1089,0.75485,03.8497
2026-05-27T14:53:07.532615,2718.5,05.1091,0.75308,03.8407
2026-05-27T14:53:08.554420,2719.5,05.1085,0.74286,03.7885
2026-05-27T14:53:09.531830,2720.5,05.1083,1.15027,05.8663
2026-05-27T14:53:10.554497,2721.5,05.1045,1.06488,05.4308
2026-05-27T14:53:11.531758,2722.5,05.1050,1.04039,05.3059
2026-05-27T14:53:12.552087,2723.5,05.1020,1.04153,05.3118
2026-05-27T14:53:13.530860,2724.5,05.1081,1.14223,05.8253
2026-05-27T14:53:14.553401,2725.5,05.1079,1.13077,05.7669
2026-05-27T14:53:15.530181,2726.5,05.1074,1.03452,05.2760
2026-05-27T14:53:16.552145,2727.5,05.1053,1.13112,05.7687
2026-05-27T14:53:17.527513,2728.5,05.1125,1.05108,05.3710
2026-05-27T14:53:18.550415,2729.5,05.1055,1.08270,05.5217
2026-05-27T14:53:19.526149,2730.5,05.0980,1.10580,05.6285
2026-05-27T14:53:20.548552,2731.5,05.1109,0.72441,03.7017
2026-05-27T14:53:21.522514,2732.5,05.1083,0.62470,03.1859
2026-05-27T14:53:22.541806,2733.5,05.1081,0.60053,03.0627
2026-05-27T14:53:23.517631,2734.5,05.1105,1.10057,05.6239
2026-05-27T14:53:24.540051,2735.5,05.1055,1.04802,05.3449
2026-05-27T14:53:25.521237,2736.5,05.1036,1.03080,05.2570
2026-05-27T14:53:26.543951,2737.5,05.1033,1.00287,05.1146
2026-05-27T14:53:27.521440,2738.5,05.1044,1.08120,05.5141
2026-05-27T14:53:28.545680,2739.5,05.1114,1.11591,05.7023
2026-05-27T14:53:29.523323,2740.5,05.1083,1.02341,05.2193
2026-05-27T14:53:30.548094,2741.5,05.1119,1.01413,05.1822
2026-05-27T14:53:31.524701,2742.5,05.1017,1.03007,05.2533
2026-05-27T14:53:32.548752,2743.5,05.1084,1.11244,05.6734
2026-05-27T14:53:33.527341,2744.5,05.0998,1.14752,05.8408
2026-05-27T14:53:34.552732,2745.5,05.1094,0.77444,03.9496
2026-05-27T14:53:35.531127,2746.5,05.1091,0.77216,03.9380
2026-05-27T14:53:36.553508,2747.5,05.1091,0.76843,03.9189
2026-05-27T14:53:37.532243,2748.5,05.1026,1.07844,05.5000
2026-05-27T14:53:38.555205,2749.5,05.1025,1.18662,06.0517
2026-05-27T14:53:39.534922,2750.5,05.1055,1.10732,05.6473
2026-05-27T14:53:40.558934,2751.5,05.1116,1.05323,05.3820
2026-05-27T14:53:41.535489,2752.5,05.1108,1.16811,05.9690
2026-05-27T14:53:42.555584,2753.5,05.1076,1.21032,06.1726
2026-05-27T14:53:43.531185,2754.5,05.1072,1.09493,05.5841
2026-05-27T14:53:44.555809,2755.5,05.1136,1.01877,05.2059
2026-05-27T14:53:45.533565,2756.5,05.1084,1.15061,05.8681
2026-05-27T14:53:46.557931,2757.5,05.1098,1.05590,05.3850
2026-05-27T14:53:47.531782,2758.5,05.1036,1.06158,05.4140
2026-05-27T14:53:48.553390,2759.5,05.1085,0.76851,03.9194
2026-05-27T14:53:49.525244,2760.5,05.1082,0.76767,03.9151
2026-05-27T14:53:50.544574,2761.5,05.1082,0.76523,03.9026
2026-05-27T14:53:51.566445,2762.5,05.1192,1.04797,05.3551
2026-05-27T14:53:52.542456,2763.5,05.1087,1.09700,05.5947
2026-05-27T14:53:53.563936,2764.5,05.1087,1.11236,05.6730
2026-05-27T14:53:54.540691,2765.5,05.1120,1.04499,05.3398
2026-05-27T14:53:55.565609,2766.5,05.1058,1.07235,05.4689
2026-05-27T14:53:56.542433,2767.5,05.1070,1.05704,05.3909
2026-05-27T14:53:57.562845,2768.5,05.1098,1.10950,05.6584
2026-05-27T14:53:58.540664,2769.5,05.1042,1.02821,05.2438
2026-05-27T14:53:59.565378,2770.5,05.1151,1.13082,05.7784
2026-05-27T14:54:00.544035,2771.5,05.1123,1.13750,05.8126
2026-05-27T14:54:01.564783,2772.5,05.1106,1.00979,05.1600
2026-05-27T14:54:02.539710,2773.5,05.1105,0.76813,03.9251
2026-05-27T14:54:03.561322,2774.5,05.1099,0.76611,03.9071
2026-05-27T14:54:04.534503,2775.5,05.1094,0.61390,03.1308
2026-05-27T14:54:05.559235,2776.5,05.1164,1.04847,05.3576
2026-05-27T14:54:06.534861,2777.5,05.1086,1.15053,05.8677
2026-05-27T14:54:07.557551,2778.5,05.1066,1.15284,05.8794
2026-05-27T14:54:08.534607,2779.5,05.1075,0.96914,04.9426
2026-05-27T14:54:09.557858,2780.5,05.1128,1.01946,05.2094
2026-05-27T14:54:10.534274,2781.5,05.1062,0.99204,05.0594
2026-05-27T14:54:11.556947,2782.5,05.1058,0.99154,05.0568
2026-05-27T14:54:12.531690,2783.5,05.1103,0.98098,05.0128
2026-05-27T14:54:13.554804,2784.5,05.1051,1.06164,05.4143
2026-05-27T14:54:14.530379,2785.5,05.1100,1.00210,05.1207
2026-05-27T14:54:15.553115,2786.5,05.1128,1.08942,05.5669
2026-05-27T14:54:16.529559,2787.5,05.1095,0.74799,03.8147
2026-05-27T14:54:17.551703,2788.5,05.1100,0.79789,04.0772
2026-05-27T14:54:18.574319,2789.5,05.1098,0.79444,04.0516
2026-05-27T14:54:19.550936,2790.5,05.1133,1.03705,05.2993
2026-05-27T14:54:20.572701,2791.5,05.1097,1.16142,05.9232
2026-05-27T14:54:21.548991,2792.5,05.1086,1.09093,05.5637
2026-05-27T14:54:22.571969,2793.5,05.1055,1.01453,05.1741
2026-05-27T14:54:23.547172,2794.5,05.1067,0.97493,04.9721
2026-05-27T14:54:24.569369,2795.5,05.1062,1.17155,05.9749
2026-05-27T14:54:25.547699,2796.5,05.1101,1.04829,05.3567
2026-05-27T14:54:26.569239,2797.5,05.1117,1.11965,05.7214
2026-05-27T14:54:27.544378,2798.5,05.1091,1.02308,05.2177
2026-05-27T14:54:28.564337,2799.5,05.1131,1.05977,05.4154
2026-05-27T14:54:29.538859,2800.5,05.1178,1.17469,06.0026
2026-05-27T14:54:30.559029,2801.5,05.1105,0.67714,03.4601
2026-05-27T14:54:31.534998,2802.5,05.1092,0.60398,03.0802
2026-05-27T14:54:32.553110,2803.5,05.1096,0.60031,03.0615
2026-05-27T14:54:33.572863,2804.5,05.1091,1.19204,06.0794
2026-05-27T14:54:34.550658,2805.5,05.1091,1.22498,06.2473
2026-05-27T14:54:35.573960,2806.5,05.1123,1.23670,06.3195
2026-05-27T14:54:36.552096,2807.5,05.1070,1.01560,05.1795
2026-05-27T14:54:37.574274,2808.5,05.1145,1.01504,05.1868
2026-05-27T14:54:38.550939,2809.5,05.1091,1.01600,05.1816
2026-05-27T14:54:39.572550,2810.5,05.1123,0.99984,05.1091
2026-05-27T14:54:40.549507,2811.5,05.1103,1.09865,05.6141
2026-05-27T14:54:41.574281,2812.5,05.1150,0.98850,05.0512
2026-05-27T14:54:42.551299,2813.5,05.1091,1.00408,05.1208
2026-05-27T14:54:43.574256,2814.5,05.1033,1.00968,05.1493
2026-05-27T14:54:44.550961,2815.5,05.1102,0.74869,03.8258
2026-05-27T14:54:45.574610,2816.5,05.1110,0.74789,03.8217
2026-05-27T14:54:46.550763,2817.5,05.1103,0.75978,03.8824
2026-05-27T14:54:47.575320,2818.6,05.1091,0.99490,05.0739
2026-05-27T14:54:48.554112,2819.6,05.1097,0.98447,05.0207
2026-05-27T14:54:49.577700,2820.6,05.1070,1.08904,05.5541
2026-05-27T14:54:50.553458,2821.6,05.1097,0.99503,05.0746
2026-05-27T14:54:51.576149,2822.6,05.1119,1.04285,05.3289
2026-05-27T14:54:52.552121,2823.6,05.1139,0.99654,05.0923
2026-05-27T14:54:53.574619,2824.6,05.1069,0.96090,04.9005
2026-05-27T14:54:54.551315,2825.6,05.1087,0.96934,04.9436
2026-05-27T14:54:55.574988,2826.6,05.1047,1.05603,05.3857
2026-05-27T14:54:56.550584,2827.6,05.1136,1.04168,05.3229
2026-05-27T14:54:57.571306,2828.6,05.1106,1.14716,05.8619
2026-05-27T14:54:58.541915,2829.6,05.1109,0.60019,03.0669
2026-05-27T14:54:59.558525,2830.6,05.1107,0.59960,03.0639
2026-05-27T14:55:00.576462,2831.6,05.1101,0.66763,03.4115
2026-05-27T14:55:01.553565,2832.6,05.1134,1.01323,05.1776
2026-05-27T14:55:02.579034,2833.6,05.1177,1.18265,06.0433
2026-05-27T14:55:03.556781,2834.6,05.1050,1.24275,06.3380
2026-05-27T14:55:04.581763,2835.6,05.0948,1.26442,06.4358
2026-05-27T14:55:05.558596,2836.6,05.1092,1.04336,05.3211
2026-05-27T14:55:06.583694,2837.6,05.1094,1.18944,06.0661
2026-05-27T14:55:07.561971,2838.6,05.1059,1.41185,07.2004
2026-05-27T14:55:08.586000,2839.6,05.1078,1.08495,05.5332
2026-05-27T14:55:09.567227,2840.6,05.1092,1.05624,05.3868
2026-05-27T14:55:10.544153,2841.6,05.1106,1.02298,05.2274
2026-05-27T14:55:11.566142,2842.6,05.1094,0.93449,04.7658
2026-05-27T14:55:12.586963,2843.6,05.1095,0.75377,03.8442
2026-05-27T14:55:13.560581,2844.6,05.1098,0.75020,03.8260
2026-05-27T14:55:14.582066,2845.6,05.1097,1.01498,05.1763
2026-05-27T14:55:15.558392,2846.6,05.1098,1.04185,05.3134
2026-05-27T14:55:16.579681,2847.6,05.1164,1.02885,05.2574
2026-05-27T14:55:17.557711,2848.6,05.1120,1.45773,07.4490
2026-05-27T14:55:18.580502,2849.6,05.1100,1.38016,07.0526
2026-05-27T14:55:19.554748,2850.6,05.1091,1.17622,05.9987
2026-05-27T14:55:20.578870,2851.6,05.1162,1.17685,06.0137
2026-05-27T14:55:21.553585,2852.6,05.1096,0.97503,04.9726
2026-05-27T14:55:22.574218,2853.6,05.1155,1.05718,05.4021
2026-05-27T14:55:23.550954,2854.6,05.1120,0.98758,05.0465
2026-05-27T14:55:24.573398,2855.6,05.1067,1.13451,05.7860
2026-05-27T14:55:25.547339,2856.6,05.1048,0.75560,03.8535
2026-05-27T14:55:26.566976,2857.6,05.1092,0.60479,03.0844
2026-05-27T14:55:27.590166,2858.6,05.1090,0.60349,03.0777
2026-05-27T14:55:28.564167,2859.6,05.1091,0.68159,03.4761
2026-05-27T14:55:29.587804,2860.6,05.0942,1.29497,06.5913
2026-05-27T14:55:30.567210,2861.6,05.1078,1.04958,05.3528
2026-05-27T14:55:31.591069,2862.6,05.1125,1.32220,06.7564
2026-05-27T14:55:32.566209,2863.6,05.1123,1.24741,06.3742
2026-05-27T14:55:33.590938,2864.6,05.1139,1.06886,05.4618
2026-05-27T14:55:34.566553,2865.6,05.1025,1.13384,05.7825
2026-05-27T14:55:35.588878,2866.6,05.1066,1.21716,06.2075
2026-05-27T14:55:36.564720,2867.6,05.1133,1.14729,05.8626
2026-05-27T14:55:37.590440,2868.6,05.1091,1.14839,05.8567
2026-05-27T14:55:38.569481,2869.6,05.1097,1.03571,05.2821
2026-05-27T14:55:39.547474,2870.6,05.1073,0.74878,03.8187
2026-05-27T14:55:40.573747,2871.6,05.1092,0.74975,03.8237
2026-05-27T14:55:41.550783,2872.6,05.1091,0.74835,03.8165
2026-05-27T14:55:42.573642,2873.6,05.1088,1.01094,05.1557
2026-05-27T14:55:43.553726,2874.6,05.1147,1.19023,06.0820
2026-05-27T14:55:44.573693,2875.6,05.1034,1.33893,06.8285
2026-05-27T14:55:45.551039,2876.6,05.1111,1.13183,05.7836
2026-05-27T14:55:46.572290,2877.6,05.1131,1.02291,05.2270
2026-05-27T14:55:47.548532,2878.6,05.1067,1.16358,05.9342
2026-05-27T14:55:48.569548,2879.6,05.1126,1.12094,05.7280
2026-05-27T14:55:49.589407,2880.6,05.1153,1.07519,05.4942
2026-05-27T14:55:50.563619,2881.6,05.0969,1.12436,05.7229
2026-05-27T14:55:51.585889,2882.6,05.1122,1.14813,05.8669
2026-05-27T14:55:52.562126,2883.6,05.1051,1.13103,05.7682
2026-05-27T14:55:53.582921,2884.6,05.1106,0.75379,03.8518
2026-05-27T14:55:54.553980,2885.6,05.1099,0.60720,03.0967
2026-05-27T14:55:55.574072,2886.6,05.1097,0.60450,03.0829
2026-05-27T14:55:56.592544,2887.6,05.1139,1.23069,06.2888
2026-05-27T14:55:57.566283,2888.6,05.0962,1.21356,06.1770
2026-05-27T14:55:58.585850,2889.6,05.1123,1.28855,06.5844
2026-05-27T14:55:59.562695,2890.6,05.1091,1.09166,05.5674
2026-05-27T14:56:00.583803,2891.6,05.1025,1.08130,05.5146
2026-05-27T14:56:01.558091,2892.6,05.0997,1.02052,05.1944
2026-05-27T14:56:02.581694,2893.6,05.1153,1.10966,05.6703
2026-05-27T14:56:03.557552,2894.6,05.1106,1.06838,05.4594
2026-05-27T14:56:04.581273,2895.6,05.1116,1.05883,05.4106
2026-05-27T14:56:05.556297,2896.6,05.1111,1.01542,05.1887
2026-05-27T14:56:06.579493,2897.6,05.1084,1.02788,05.2421
2026-05-27T14:56:07.556328,2898.6,05.1139,0.75143,03.8398
2026-05-27T14:56:08.577488,2899.6,05.1086,0.75075,03.8288
2026-05-27T14:56:09.552560,2900.6,05.1090,0.74927,03.8212
2026-05-27T14:56:10.576141,2901.6,05.1075,1.16084,05.9202
2026-05-27T14:56:11.597788,2902.6,05.1059,1.02106,05.2074
2026-05-27T14:56:12.572620,2903.6,05.1097,1.01442,05.1735
2026-05-27T14:56:13.597939,2904.6,05.1094,1.09108,05.5645
2026-05-27T14:56:14.574419,2905.6,05.1126,1.05537,05.3929
2026-05-27T14:56:15.596037,2906.6,05.1044,1.05236,05.3670
2026-05-27T14:56:16.571950,2907.6,05.0951,1.02459,05.2151
2026-05-27T14:56:17.593124,2908.6,05.1125,1.10980,05.6710
2026-05-27T14:56:18.568401,2909.6,05.1170,1.03974,05.3130
2026-05-27T14:56:19.588078,2910.6,05.1091,1.27222,06.4883
2026-05-27T14:56:20.564446,2911.6,05.1097,1.10338,05.6272
2026-05-27T14:56:21.583708,2912.6,05.1095,0.75480,03.8494
2026-05-27T14:56:22.555100,2913.6,05.1095,0.60303,03.0754
2026-05-27T14:56:23.571928,2914.6,05.1095,0.60297,03.0751
2026-05-27T14:56:24.593376,2915.6,05.1025,1.10587,05.6399
2026-05-27T14:56:25.570019,2916.6,05.1137,1.04600,05.3450
2026-05-27T14:56:26.593547,2917.6,05.1095,1.10020,05.6110
2026-05-27T14:56:27.569216,2918.6,05.1075,1.02983,05.2521
2026-05-27T14:56:28.593465,2919.6,05.1089,1.04837,05.3466
2026-05-27T14:56:29.570808,2920.6,05.1028,1.07972,05.5065
2026-05-27T14:56:30.592012,2921.6,05.1170,1.23832,06.3278
2026-05-27T14:56:31.569216,2922.6,05.0978,1.10818,05.6406
2026-05-27T14:56:32.592265,2923.6,05.1058,1.16941,05.9639
2026-05-27T14:56:33.568578,2924.6,05.1081,1.04788,05.3441
2026-05-27T14:56:34.593297,2925.6,05.1116,1.05465,05.3892
2026-05-27T14:56:35.571272,2926.6,05.1064,0.75847,03.8681
2026-05-27T14:56:36.593519,2927.6,05.1084,0.74615,03.8053
2026-05-27T14:56:37.571041,2928.6,05.1069,0.74726,03.8110
2026-05-27T14:56:38.594298,2929.6,05.1044,1.01278,05.1651
2026-05-27T14:56:39.573463,2930.6,05.1080,1.03130,05.2596
2026-05-27T14:56:40.595624,2931.6,05.1072,1.19657,06.1025
2026-05-27T14:56:41.575314,2932.6,05.1147,1.22341,06.2516
2026-05-27T14:56:42.602308,2933.6,05.1123,1.19071,06.0845
2026-05-27T14:56:43.580109,2934.6,05.1051,1.00216,05.1110
2026-05-27T14:56:44.561246,2935.6,05.1144,1.04849,05.3577
2026-05-27T14:56:45.585902,2936.6,05.1064,1.06316,05.4221
2026-05-27T14:56:46.565691,2937.6,05.0998,1.14379,05.8218
2026-05-27T14:56:47.589534,2938.6,05.1091,1.04101,05.3091
2026-05-27T14:56:48.566633,2939.6,05.1036,1.11426,05.6827
2026-05-27T14:56:49.591287,2940.6,05.1090,0.75835,03.8675
2026-05-27T14:56:50.564011,2941.6,05.1088,0.62313,03.1779
2026-05-27T14:56:51.583566,2942.6,05.1080,0.62088,03.1664
2026-05-27T14:56:52.603830,2943.6,05.1076,1.22046,06.2243
2026-05-27T14:56:53.583224,2944.6,05.1150,1.11944,05.7203
2026-05-27T14:56:54.603227,2945.6,05.1059,1.02899,05.2478
2026-05-27T14:56:55.579216,2946.6,05.1062,1.12394,05.7320
2026-05-27T14:56:56.599161,2947.6,05.1048,1.17598,05.9974
2026-05-27T14:56:57.571752,2948.6,05.1003,1.23001,06.2730
2026-05-27T14:56:58.592852,2949.6,05.1109,1.11613,05.7034
2026-05-27T14:56:59.570690,2950.6,05.1087,1.03987,05.3033
2026-05-27T14:57:00.590231,2951.6,05.1131,1.17015,05.9794
2026-05-27T14:57:01.564256,2952.6,05.1092,1.14638,05.8465
2026-05-27T14:57:02.586107,2953.6,05.1094,1.32640,06.7646
2026-05-27T14:57:03.606695,2954.6,05.1107,0.77035,03.9364
2026-05-27T14:57:04.579863,2955.6,05.1100,0.76818,03.9253
2026-05-27T14:57:05.600201,2956.6,05.1100,0.76410,03.9045
2026-05-27T14:57:06.576064,2957.6,05.1042,1.05285,05.3695
2026-05-27T14:57:07.597765,2958.6,05.1111,1.03220,05.2745
2026-05-27T14:57:08.572017,2959.6,05.1025,0.99729,05.0861
2026-05-27T14:57:09.592436,2960.6,05.1070,1.00214,05.1109
2026-05-27T14:57:10.565737,2961.6,05.1156,1.24128,06.3429
2026-05-27T14:57:11.588074,2962.6,05.1041,1.30195,06.6399
2026-05-27T14:57:12.609442,2963.6,05.1112,1.16613,05.9589
2026-05-27T14:57:13.583832,2964.6,05.1030,0.98761,05.0368
2026-05-27T14:57:14.604909,2965.6,05.1092,1.15017,05.8658
2026-05-27T14:57:15.578899,2966.6,05.0986,1.02972,05.2412
2026-05-27T14:57:16.600981,2967.6,05.1091,1.02222,05.2133
2026-05-27T14:57:17.574443,2968.6,05.1091,0.75274,03.8389
2026-05-27T14:57:18.597771,2969.6,05.1091,0.74969,03.8234
2026-05-27T14:57:19.573612,2970.6,05.1092,0.74658,03.8075
2026-05-27T14:57:20.595088,2971.6,05.1061,1.01081,05.1551
2026-05-27T14:57:21.573759,2972.6,05.1073,1.15857,05.9087
2026-05-27T14:57:22.595653,2973.6,05.1112,1.17478,06.0031
2026-05-27T14:57:23.571574,2974.6,05.1044,0.98326,05.0146
2026-05-27T14:57:24.592255,2975.6,05.1089,0.99804,05.0900
2026-05-27T14:57:25.568183,2976.6,05.1030,1.00493,05.1251
2026-05-27T14:57:26.592425,2977.6,05.1034,1.18437,06.0402
2026-05-27T14:57:27.568504,2978.6,05.1030,1.01241,05.1632
2026-05-27T14:57:28.590375,2979.6,05.1136,1.09219,05.5810
2026-05-27T14:57:29.611212,2980.6,05.1017,1.04471,05.3280
2026-05-27T14:57:30.586809,2981.6,05.1061,1.00565,05.1288
2026-05-27T14:57:31.606503,2982.6,05.1077,0.75108,03.8305
2026-05-27T14:57:32.579453,2983.6,05.1078,0.69035,03.5207
2026-05-27T14:57:33.598441,2984.6,05.1086,0.60187,03.0695
2026-05-27T14:57:34.571645,2985.6,05.1136,1.28977,06.5907
2026-05-27T14:57:35.596955,2986.6,05.1045,1.09074,05.5627
2026-05-27T14:57:36.572867,2987.6,05.1088,1.20973,06.1696
2026-05-27T14:57:37.595019,2988.6,05.1039,1.09839,05.6017
2026-05-27T14:57:38.574735,2989.6,05.1041,1.09225,05.5704
2026-05-27T14:57:39.598800,2990.6,05.1014,1.09415,05.5801
2026-05-27T14:57:40.577055,2991.6,05.1061,0.99725,05.0859
2026-05-27T14:57:41.600441,2992.6,05.1070,1.09520,05.5855
2026-05-27T14:57:42.577330,2993.6,05.1030,1.01456,05.1742
2026-05-27T14:57:43.601420,2994.6,05.1126,1.01646,05.1941
2026-05-27T14:57:44.578495,2995.6,05.1109,1.01449,05.1840
2026-05-27T14:57:45.600470,2996.6,05.1081,0.74874,03.8185
2026-05-27T14:57:46.577050,2997.6,05.1091,0.74866,03.8181
2026-05-27T14:57:47.599396,2998.6,05.1095,0.74709,03.8101
2026-05-27T14:57:48.574504,2999.6,05.1105,1.12821,05.7651
2026-05-27T14:57:49.598083,3000.6,05.1112,1.13753,05.8127
2026-05-27T14:57:50.576168,3001.6,05.1023,1.11900,05.7069
2026-05-27T14:57:51.599342,3002.6,05.1126,0.98539,05.0353
2026-05-27T14:57:52.575696,3003.6,05.1073,0.97638,04.9795
2026-05-27T14:57:53.600290,3004.6,05.1092,1.09792,05.5993
2026-05-27T14:57:54.580249,3005.6,05.1114,1.05000,05.3655
2026-05-27T14:57:55.604081,3006.6,05.1137,1.06635,05.4490
2026-05-27T14:57:56.582631,3007.6,05.1058,1.11068,05.6644
2026-05-27T14:57:57.606894,3008.6,05.1023,1.21459,06.1944
2026-05-27T14:57:58.585885,3009.6,05.1153,1.02392,05.2322
2026-05-27T14:57:59.609004,3010.6,05.1100,0.77008,03.9351
2026-05-27T14:58:00.582326,3011.6,05.1099,0.76518,03.9024
2026-05-27T14:58:01.601696,3012.6,05.1095,0.76476,03.9002
2026-05-27T14:58:02.578928,3013.6,05.1053,1.22039,06.2239
2026-05-27T14:58:03.601703,3014.6,05.1150,0.99422,05.0804
2026-05-27T14:58:04.578196,3015.6,05.1084,1.17356,05.9851
2026-05-27T14:58:05.600611,3016.6,05.1108,1.12240,05.7354
2026-05-27T14:58:06.576905,3017.6,05.1019,0.99058,05.0519
2026-05-27T14:58:07.599042,3018.6,05.1048,1.00769,05.1392
2026-05-27T14:58:08.575674,3019.6,05.1156,1.06914,05.4633
2026-05-27T14:58:09.598747,3020.6,05.1080,1.07109,05.4625
2026-05-27T14:58:10.619746,3021.6,05.1112,1.03789,05.3036
2026-05-27T14:58:11.595825,3022.6,05.1045,0.99873,05.0935
2026-05-27T14:58:12.618740,3023.6,05.1137,0.84487,04.3172
2026-05-27T14:58:13.595056,3024.6,05.1084,0.76881,03.9209
2026-05-27T14:58:14.615865,3025.6,05.1094,0.73699,03.7586
2026-05-27T14:58:15.589223,3026.6,05.1090,0.59774,03.0484
2026-05-27T14:58:16.609681,3027.6,05.1048,1.03055,05.2558
2026-05-27T14:58:17.583314,3028.6,05.1072,1.10518,05.6364
2026-05-27T14:58:18.607476,3029.6,05.1034,1.19081,06.0731
2026-05-27T14:58:19.582565,3030.6,05.1069,1.00701,05.1357
2026-05-27T14:58:20.604127,3031.6,05.1137,1.11928,05.7195
2026-05-27T14:58:21.581121,3032.6,05.1091,1.08451,05.5310
2026-05-27T14:58:22.604270,3033.6,05.0944,1.02023,05.1929
2026-05-27T14:58:23.581039,3034.6,05.1030,1.00797,05.1406
2026-05-27T14:58:24.601553,3035.6,05.1064,1.09370,05.5778
2026-05-27T14:58:25.581312,3036.6,05.1033,1.10543,05.6376
2026-05-27T14:58:26.604478,3037.6,05.1134,1.12248,05.7358
2026-05-27T14:58:27.579150,3038.6,05.1096,0.75111,03.8306
2026-05-27T14:58:28.600268,3039.6,05.1102,0.74845,03.8245
2026-05-27T14:58:29.621894,3040.6,05.1056,0.83481,04.2575
2026-05-27T14:58:30.597047,3041.6,05.1112,1.23482,06.3099
2026-05-27T14:58:31.619146,3042.6,05.1089,1.14931,05.8614
2026-05-27T14:58:32.594926,3043.6,05.1093,0.98664,05.0318
2026-05-27T14:58:33.617531,3044.6,05.0948,1.01875,05.1854
2026-05-27T14:58:34.594389,3045.6,05.1091,1.10075,05.6138
2026-05-27T14:58:35.616329,3046.6,05.1097,1.02320,05.2183
2026-05-27T14:58:36.591660,3047.6,05.1116,1.17581,06.0083
2026-05-27T14:58:37.610487,3048.6,05.1056,1.34565,06.8628
2026-05-27T14:58:38.586976,3049.6,05.1114,1.01967,05.2105
2026-05-27T14:58:39.607425,3050.6,05.1089,1.10489,05.6349
2026-05-27T14:58:40.584810,3051.6,05.1126,0.92245,04.7137
2026-05-27T14:58:41.605690,3052.6,05.1079,0.60462,03.0835
2026-05-27T14:58:42.583128,3053.6,05.1103,0.60262,03.0793
2026-05-27T14:58:43.603037,3054.6,05.1085,0.84249,04.2966
2026-05-27T14:58:44.625786,3055.6,05.1137,1.20836,06.1747
2026-05-27T14:58:45.601294,3056.6,05.0981,1.35587,06.9013
2026-05-27T14:58:46.622719,3057.6,05.1120,1.15353,05.8945
2026-05-27T14:58:47.599836,3058.6,05.1116,1.25256,06.4005
2026-05-27T14:58:48.622236,3059.6,05.1062,1.42594,07.2722
2026-05-27T14:58:49.600065,3060.6,05.0969,1.26002,06.4135
2026-05-27T14:58:50.621640,3061.6,05.1096,1.52876,07.7966
2026-05-27T14:58:51.594219,3062.6,05.1097,1.23261,06.2863
2026-05-27T14:58:52.616250,3063.6,05.1150,1.21446,06.2058
2026-05-27T14:58:53.593510,3064.6,05.1091,1.03737,05.2905
2026-05-27T14:58:54.615196,3065.6,05.1125,0.86776,04.4342
2026-05-27T14:58:55.588964,3066.6,05.1089,0.75146,03.8324
2026-05-27T14:58:56.611032,3067.6,05.1099,0.74864,03.8180
2026-05-27T14:58:57.586991,3068.6,05.1096,1.04859,05.3478
2026-05-27T14:58:58.608928,3069.6,05.1014,1.15254,05.8779
2026-05-27T14:58:59.584549,3070.6,05.1062,0.98057,05.0009
2026-05-27T14:59:00.607198,3071.6,05.0959,1.25050,06.3650
2026-05-27T14:59:01.629087,3072.6,05.1039,1.11955,05.7097
2026-05-27T14:59:02.602433,3073.6,05.1197,1.19774,06.1204
2026-05-27T14:59:03.627171,3074.6,05.1022,1.34282,06.8483
2026-05-27T14:59:04.602114,3075.6,05.1081,1.20163,06.1283
2026-05-27T14:59:05.624434,3076.6,05.1020,1.04370,05.3228
2026-05-27T14:59:06.598230,3077.6,05.1101,1.09179,05.5790
2026-05-27T14:59:07.618818,3078.6,05.1086,1.08518,05.5344
2026-05-27T14:59:08.591785,3079.6,05.1101,0.75139,03.8396
2026-05-27T14:59:09.607328,3080.6,05.1122,0.61285,03.1316
2026-05-27T14:59:10.622448,3081.6,05.1097,0.59947,03.0572
2026-05-27T14:59:11.593219,3082.6,05.1078,1.20076,06.1238
2026-05-27T14:59:12.616482,3083.6,05.1162,1.01460,05.1846
2026-05-27T14:59:13.593100,3084.6,05.1084,1.31924,06.7281
2026-05-27T14:59:14.614524,3085.6,05.0983,1.25158,06.3705
2026-05-27T14:59:15.588664,3086.6,05.1131,1.11505,05.6979
2026-05-27T14:59:16.608891,3087.6,05.1195,1.03802,05.3042
2026-05-27T14:59:17.630714,3088.6,05.1126,1.17218,05.9898
2026-05-27T14:59:18.608766,3089.6,05.1141,1.14050,05.8279
2026-05-27T14:59:19.588259,3090.6,05.1095,1.08949,05.5563
2026-05-27T14:59:20.609208,3091.6,05.1089,1.27832,06.5194
2026-05-27T14:59:21.629826,3092.6,05.1128,1.23651,06.3185
2026-05-27T14:59:22.603467,3093.6,05.1087,0.77377,03.9462
2026-05-27T14:59:23.621547,3094.6,05.1089,0.77098,03.9319
2026-05-27T14:59:24.592430,3095.6,05.1088,0.76785,03.9160
2026-05-27T14:59:25.611825,3096.6,05.1037,1.20416,06.1412
2026-05-27T14:59:26.632587,3097.6,05.1214,1.03398,05.2939
2026-05-27T14:59:27.609191,3098.6,05.1089,1.12035,05.7137
2026-05-27T14:59:28.629307,3099.6,05.1076,1.18005,06.0182
2026-05-27T14:59:29.606520,3100.6,05.1042,1.06172,05.4147
2026-05-27T14:59:30.627890,3101.6,05.1139,1.00908,05.1563
2026-05-27T14:59:31.603268,3102.6,05.1137,1.14898,05.8712
2026-05-27T14:59:32.622940,3103.6,05.1200,1.13072,05.7892
2026-05-27T14:59:33.597073,3104.6,05.1136,1.14324,05.8419
2026-05-27T14:59:34.617873,3105.6,05.1067,1.31963,06.7301
2026-05-27T14:59:35.590823,3106.6,05.1128,1.32796,06.7858
2026-05-27T14:59:36.610839,3107.6,05.1101,0.76548,03.9116
2026-05-27T14:59:37.627468,3108.6,05.1095,0.62178,03.1710
2026-05-27T14:59:38.598336,3109.6,05.1094,0.59640,03.0416
2026-05-27T14:59:39.617930,3110.6,05.0970,1.05302,05.3598
2026-05-27T14:59:40.594623,3111.6,05.1151,1.05454,05.3886
2026-05-27T14:59:41.616081,3112.6,05.1116,1.05316,05.3816
2026-05-27T14:59:42.636892,3113.6,05.1119,1.08681,05.5535
2026-05-27T14:59:43.610820,3114.6,05.1053,1.05804,05.3960
2026-05-27T14:59:44.631452,3115.6,05.1150,1.10199,05.6311
2026-05-27T14:59:45.605008,3116.6,05.1100,1.03958,05.3122
2026-05-27T14:59:46.625275,3117.6,05.1041,1.15252,05.8778
2026-05-27T14:59:47.602131,3118.6,05.1087,1.04616,05.3354
2026-05-27T14:59:48.625261,3119.6,05.1058,1.09070,05.5625
2026-05-27T14:59:49.601592,3120.6,05.1173,1.03253,05.2762
2026-05-27T14:59:50.625589,3121.6,05.1095,0.75408,03.8458
2026-05-27T14:59:51.599917,3122.6,05.1097,0.75030,03.8265
2026-05-27T14:59:52.623253,3123.6,05.1100,0.74649,03.8145
2026-05-27T14:59:53.599942,3124.6,05.1108,1.17293,05.9936
2026-05-27T14:59:54.621010,3125.6,05.1125,0.98104,05.0131
2026-05-27T14:59:55.597708,3126.6,05.1151,1.14373,05.8444
2026-05-27T14:59:56.620476,3127.6,05.1105,1.04873,05.3590
2026-05-27T14:59:57.599612,3128.6,05.1042,1.03474,05.2771
2026-05-27T14:59:58.623298,3129.6,05.1087,1.17949,06.0153
2026-05-27T14:59:59.600106,3130.6,05.1142,1.07905,05.5139
2026-05-27T15:00:00.623154,3131.6,05.1150,1.15914,05.9232
2026-05-27T15:00:01.598531,3132.6,05.1064,0.99206,05.0595
2026-05-27T15:00:02.620612,3133.6,05.1095,1.22559,06.2505
2026-05-27T15:00:03.596682,3134.6,05.1076,1.15751,05.9033
2026-05-27T15:00:04.618989,3135.6,05.1089,0.75142,03.8322
2026-05-27T15:00:05.639279,3136.6,05.1089,0.60005,03.0602
2026-05-27T15:00:06.615703,3137.6,05.1094,0.59996,03.0597
2026-05-27T15:00:07.637575,3138.6,05.1126,1.23079,06.2893
2026-05-27T15:00:08.614831,3139.6,05.1091,1.11178,05.6700
2026-05-27T15:00:09.637096,3140.6,05.1159,1.05741,05.4033
2026-05-27T15:00:10.615252,3141.6,05.1150,1.03838,05.3061
2026-05-27T15:00:11.636159,3142.6,05.1114,1.06562,05.4453
2026-05-27T15:00:12.610809,3143.6,05.1047,1.06014,05.4067
2026-05-27T15:00:13.631582,3144.6,05.1028,1.00244,05.1124
2026-05-27T15:00:14.607590,3145.6,05.1142,1.15204,05.8869
2026-05-27T15:00:15.628463,3146.6,05.1039,1.04134,05.3108
2026-05-27T15:00:16.603014,3147.6,05.1137,1.12781,05.7631
2026-05-27T15:00:17.625434,3148.6,05.1070,1.14169,05.8226
2026-05-27T15:00:18.642619,3149.6,05.1092,0.74538,03.8014
2026-05-27T15:00:19.617745,3150.6,05.1104,0.74752,03.8198
2026-05-27T15:00:20.638162,3151.6,05.1093,0.78963,04.0271
2026-05-27T15:00:21.612815,3152.6,05.1134,1.09756,05.6085
2026-05-27T15:00:22.633172,3153.6,05.1098,1.07624,05.4888
2026-05-27T15:00:23.608596,3154.6,05.1103,1.08899,05.5647
2026-05-27T15:00:24.631660,3155.6,05.1133,1.08839,05.5616
2026-05-27T15:00:25.604952,3156.6,05.1075,1.01179,05.1601
2026-05-27T15:00:26.624689,3157.6,05.1096,1.07453,05.4801
2026-05-27T15:00:27.599579,3158.6,05.1120,0.98436,05.0300
2026-05-27T15:00:28.623227,3159.6,05.1098,1.08339,05.5252
2026-05-27T15:00:29.599717,3160.6,05.1047,1.04628,05.3360
2026-05-27T15:00:30.622768,3161.6,05.1044,1.12646,05.7449
2026-05-27T15:00:31.599949,3162.6,05.1081,1.09086,05.5633
2026-05-27T15:00:32.618716,3163.6,05.1098,0.72251,03.6848
2026-05-27T15:00:33.635735,3164.6,05.1101,0.62365,03.1868
2026-05-27T15:00:34.604803,3165.6,05.1101,0.62112,03.1739
2026-05-27T15:00:35.622845,3166.6,05.1075,1.10032,05.6116
2026-05-27T15:00:36.645449,3167.6,05.1128,1.12674,05.7576
2026-05-27T15:00:37.620461,3168.6,05.1105,0.99374,05.0780
2026-05-27T15:00:38.640550,3169.6,05.1116,1.01207,05.1716
2026-05-27T15:00:39.615602,3170.6,05.1072,0.99677,05.0835
2026-05-27T15:00:40.636515,3171.6,05.1108,1.04901,05.3604
2026-05-27T15:00:41.611440,3172.6,05.1113,1.07456,05.4910
2026-05-27T15:00:42.632593,3173.6,05.1059,1.04014,05.3047
2026-05-27T15:00:43.607492,3174.6,05.1096,1.12582,05.7416
2026-05-27T15:00:44.628845,3175.6,05.1098,1.10398,05.6302
2026-05-27T15:00:45.603156,3176.6,05.1087,1.13952,05.8115
2026-05-27T15:00:46.620107,3177.6,05.1095,0.75245,03.8374
2026-05-27T15:00:47.637919,3178.6,05.1082,0.75033,03.8266
2026-05-27T15:00:48.611189,3179.6,05.1103,0.74722,03.8182
2026-05-27T15:00:49.631011,3180.6,05.1092,1.04254,05.3169
2026-05-27T15:00:50.606250,3181.6,05.1084,1.00039,05.1019
2026-05-27T15:00:51.628356,3182.6,05.1069,1.23950,06.3214
2026-05-27T15:00:52.603594,3183.6,05.1139,1.00516,05.1363
2026-05-27T15:00:53.622087,3184.6,05.1083,0.99173,05.0578
2026-05-27T15:00:54.642208,3185.6,05.1093,0.98412,05.0190
2026-05-27T15:00:55.619454,3186.6,05.1084,1.14004,05.8142
2026-05-27T15:00:56.641797,3187.6,05.1014,1.01542,05.1786
2026-05-27T15:00:57.616530,3188.6,05.1134,0.99664,05.0928
2026-05-27T15:00:58.639497,3189.6,05.1044,1.00295,05.1150
2026-05-27T15:00:59.617005,3190.6,05.1109,1.17005,05.9789
2026-05-27T15:01:00.637495,3191.6,05.1115,0.62124,03.1745
2026-05-27T15:01:01.609917,3192.6,05.1087,0.60308,03.0757
2026-05-27T15:01:02.629123,3193.6,05.1087,0.60137,03.0669
2026-05-27T15:01:03.650607,3194.6,05.1156,1.19951,06.1294
2026-05-27T15:01:04.626307,3195.6,05.1083,1.00448,05.1228
2026-05-27T15:01:05.651340,3196.6,05.1120,1.10408,05.6418
2026-05-27T15:01:06.627511,3197.6,05.1078,1.05076,05.3588
2026-05-27T15:01:07.650938,3198.6,05.1087,1.05534,05.3822
2026-05-27T15:01:08.628074,3199.6,05.1119,1.12501,05.7488
2026-05-27T15:01:09.650630,3200.6,05.1048,1.03722,05.2898
2026-05-27T15:01:10.627380,3201.6,05.1142,0.98824,05.0499
2026-05-27T15:01:11.649987,3202.6,05.1099,1.05822,05.3969
2026-05-27T15:01:12.626498,3203.6,05.1097,1.10616,05.6414
2026-05-27T15:01:13.648930,3204.6,05.1094,0.90339,04.6072
2026-05-27T15:01:14.625507,3205.6,05.1098,0.75438,03.8473
2026-05-27T15:01:15.644473,3206.6,05.1107,0.75168,03.8410
2026-05-27T15:01:16.620903,3207.6,05.1102,0.74799,03.8222
2026-05-27T15:01:17.644822,3208.6,05.1112,1.15085,05.8808
2026-05-27T15:01:18.621986,3209.6,05.1194,0.99105,05.0642
2026-05-27T15:01:19.643728,3210.6,05.1131,1.22089,06.2387
2026-05-27T15:01:20.623512,3211.6,05.1070,1.23974,06.3226
2026-05-27T15:01:21.646173,3212.6,05.1048,0.98096,05.0028
2026-05-27T15:01:22.624568,3213.6,05.0976,0.98387,05.0078
2026-05-27T15:01:23.646665,3214.6,05.1111,1.08528,05.5457
2026-05-27T15:01:24.625168,3215.6,05.1061,1.02904,05.2481
2026-05-27T15:01:25.647058,3216.6,05.1026,1.01752,05.1893
2026-05-27T15:01:26.622127,3217.6,05.1045,0.98064,05.0012
2026-05-27T15:01:27.645033,3218.6,05.1098,0.80550,04.1080
2026-05-27T15:01:28.619179,3219.6,05.1096,0.62442,03.1845
2026-05-27T15:01:29.640007,3220.6,05.1094,0.62318,03.1782
2026-05-27T15:01:30.611017,3221.6,05.1099,0.62935,03.2096
2026-05-27T15:01:31.633503,3222.6,05.1109,1.05574,05.3948
2026-05-27T15:01:32.655267,3223.6,05.1105,1.11030,05.6736
2026-05-27T15:01:33.630053,3224.6,05.1096,1.39217,07.1000
2026-05-27T15:01:34.650439,3225.6,05.1175,1.15252,05.8893
2026-05-27T15:01:35.625502,3226.6,05.1066,0.96270,04.9097
2026-05-27T15:01:36.646315,3227.6,05.1144,0.98971,05.0574
2026-05-27T15:01:37.625751,3228.6,05.1120,1.07750,05.5060
2026-05-27T15:01:38.650996,3229.6,05.1141,1.25792,06.4279
2026-05-27T15:01:39.626554,3230.6,05.1097,1.17458,05.9903
2026-05-27T15:01:40.649285,3231.6,05.1096,1.04094,05.3087
2026-05-27T15:01:41.623001,3232.6,05.1012,0.91999,04.6919
2026-05-27T15:01:42.643680,3233.6,05.1097,0.75180,03.8341
2026-05-27T15:01:43.618013,3234.6,05.1100,0.74942,03.8295
2026-05-27T15:01:44.639547,3235.6,05.1098,1.05359,05.3733
2026-05-27T15:01:45.619242,3236.6,05.1184,1.18431,06.0518
2026-05-27T15:01:46.641059,3237.6,05.1051,1.15769,05.9042
2026-05-27T15:01:47.617461,3238.6,05.1105,1.27880,06.5346
2026-05-27T15:01:48.637723,3239.6,05.1075,1.04559,05.3325
2026-05-27T15:01:49.614530,3240.6,05.1075,1.16914,05.9626
2026-05-27T15:01:50.637619,3241.6,05.1067,1.18841,06.0608
2026-05-27T15:01:51.657190,3242.6,05.1067,1.09027,05.5603
2026-05-27T15:01:52.630582,3243.6,05.1066,1.03360,05.2713
2026-05-27T15:01:53.653676,3244.6,05.1136,1.28153,06.5486
2026-05-27T15:01:54.628710,3245.6,05.0951,1.05097,05.3494
2026-05-27T15:01:55.653226,3246.6,05.1085,0.83452,04.2560
2026-05-27T15:01:56.625569,3247.6,05.1086,0.60683,03.0948
2026-05-27T15:01:57.647465,3248.6,05.1094,0.60489,03.0849
2026-05-27T15:01:58.623253,3249.6,05.1073,0.96087,04.9004
2026-05-27T15:01:59.647116,3250.6,05.1000,1.38374,07.0570
2026-05-27T15:02:00.622091,3251.6,05.1033,1.00071,05.1036
2026-05-27T15:02:01.643123,3252.6,05.1095,1.10165,05.6184
2026-05-27T15:02:02.618050,3253.6,05.1141,1.33313,06.8122
2026-05-27T15:02:03.642470,3254.6,05.1161,1.14252,05.8382
2026-05-27T15:02:04.619388,3255.6,05.1056,1.14390,05.8338
2026-05-27T15:02:05.645062,3256.6,05.1080,1.17065,05.9703
2026-05-27T15:02:06.623004,3257.6,05.1122,1.05870,05.4099
2026-05-27T15:02:07.646664,3258.6,05.1101,1.16951,05.9761
2026-05-27T15:02:08.623123,3259.6,05.1072,0.97825,04.9890
2026-05-27T15:02:09.645198,3260.6,05.1116,0.75024,03.8337
2026-05-27T15:02:10.619434,3261.6,05.1101,0.75034,03.8342
2026-05-27T15:02:11.639296,3262.6,05.1098,0.74915,03.8206
2026-05-27T15:02:12.663590,3263.6,05.0891,1.12437,05.7117
2026-05-27T15:02:13.641711,3264.6,05.1116,0.95851,04.8979
2026-05-27T15:02:14.664214,3265.6,05.1086,1.15099,05.8700
2026-05-27T15:02:15.641242,3266.6,05.1087,1.08857,05.5517
2026-05-27T15:02:16.661987,3267.6,05.1091,1.11059,05.6640
2026-05-27T15:02:17.639013,3268.6,05.1078,1.04308,05.3197
2026-05-27T15:02:18.662014,3269.6,05.0962,0.97984,04.9873
2026-05-27T15:02:19.638688,3270.6,05.1087,1.13161,05.7712
2026-05-27T15:02:20.661995,3271.6,05.1017,1.06504,05.4317
2026-05-27T15:02:21.638074,3272.6,05.1075,1.24149,06.3315
2026-05-27T15:02:22.661729,3273.6,05.1017,1.33204,06.7934
2026-05-27T15:02:23.635053,3274.6,05.1122,0.80042,04.0901
2026-05-27T15:02:24.653331,3275.6,05.1097,0.60663,03.0938
2026-05-27T15:02:25.626163,3276.6,05.1103,0.60286,03.0806
2026-05-27T15:02:26.644383,3277.6,05.1099,1.27649,06.5100
2026-05-27T15:02:27.623023,3278.6,05.1172,1.14963,05.8746
2026-05-27T15:02:28.647336,3279.6,05.1097,1.14535,05.8412
2026-05-27T15:02:29.626677,3280.6,05.1119,1.06126,05.4230
2026-05-27T15:02:30.651257,3281.6,05.1037,1.05607,05.3859
2026-05-27T15:02:31.628805,3282.6,05.1128,1.12145,05.7306
2026-05-27T15:02:32.655795,3283.6,05.1164,1.03835,05.3059
2026-05-27T15:02:33.635576,3284.6,05.1061,1.25791,06.4153
2026-05-27T15:02:34.659307,3285.6,05.1092,1.15601,05.8956
2026-05-27T15:02:35.637544,3286.6,05.1093,1.14809,05.8552
2026-05-27T15:02:36.664860,3287.6,05.1144,1.17493,06.0038
2026-05-27T15:02:37.648495,3288.6,05.1095,0.77350,03.9448
2026-05-27T15:02:38.626492,3289.6,05.1092,0.77262,03.9403
2026-05-27T15:02:39.651057,3290.6,05.1097,0.77045,03.9292
2026-05-27T15:02:40.627875,3291.6,05.1055,1.20653,06.1533
2026-05-27T15:02:41.652144,3292.6,05.1151,1.06119,05.4226
2026-05-27T15:02:42.628831,3293.6,05.0962,1.05678,05.3790
2026-05-27T15:02:43.650813,3294.6,05.1117,1.06325,05.4332
2026-05-27T15:02:44.628757,3295.6,05.1080,1.00907,05.1462
2026-05-27T15:02:45.653781,3296.6,05.1050,1.03356,05.2711
2026-05-27T15:02:46.632213,3297.6,05.1078,1.02641,05.2346
2026-05-27T15:02:47.655289,3298.6,05.1137,1.16445,05.9503
2026-05-27T15:02:48.633980,3299.6,05.1164,1.13706,05.8103
2026-05-27T15:02:49.659541,3300.6,05.1195,1.16023,05.9287
2026-05-27T15:02:50.637146,3301.6,05.1175,1.07534,05.4949
2026-05-27T15:02:51.660540,3302.6,05.1092,0.77125,03.9333
2026-05-27T15:02:52.637145,3303.6,05.1089,0.76881,03.9209
2026-05-27T15:02:53.661162,3304.6,05.1096,0.74191,03.7837
2026-05-27T15:02:54.637513,3305.6,05.1120,1.12302,05.7386
2026-05-27T15:02:55.659970,3306.6,05.1114,1.17522,06.0053
2026-05-27T15:02:56.636990,3307.6,05.1112,1.09719,05.6066
2026-05-27T15:02:57.658691,3308.6,05.1128,1.04953,05.3630
2026-05-27T15:02:58.637772,3309.6,05.1081,1.07083,05.4612
2026-05-27T15:02:59.661174,3310.6,05.1095,1.07547,05.4848
2026-05-27T15:03:00.640825,3311.6,05.1056,1.10877,05.6547
2026-05-27T15:03:01.663417,3312.6,05.1078,1.08510,05.5340
2026-05-27T15:03:02.641805,3313.6,05.1114,1.14837,05.8681
2026-05-27T15:03:03.664888,3314.6,05.1078,1.24882,06.3689
2026-05-27T15:03:04.642576,3315.6,05.1098,1.15881,05.9099
2026-05-27T15:03:05.666384,3316.6,05.1101,0.75041,03.8345
2026-05-27T15:03:06.642846,3317.6,05.1100,0.74958,03.8303
2026-05-27T15:03:07.665913,3318.6,05.1101,0.59939,03.0628
2026-05-27T15:03:08.642637,3319.6,05.1184,1.01570,05.1902
2026-05-27T15:03:09.667419,3320.6,05.1126,0.98320,05.0241
2026-05-27T15:03:10.644291,3321.6,05.1067,1.02035,05.2037
2026-05-27T15:03:11.666919,3322.6,05.1066,1.08167,05.5165
2026-05-27T15:03:12.643745,3323.6,05.1120,1.12353,05.7412
2026-05-27T15:03:13.668070,3324.6,05.1094,0.99280,05.0632
2026-05-27T15:03:14.647278,3325.6,05.1036,1.09652,05.5922
2026-05-27T15:03:15.670900,3326.6,05.1166,1.08601,05.5495
2026-05-27T15:03:16.649653,3327.6,05.1089,1.05151,05.3627
2026-05-27T15:03:17.674278,3328.6,05.1066,1.18188,06.0275
2026-05-27T15:03:18.649297,3329.6,05.1111,1.10002,05.6211
2026-05-27T15:03:19.667940,3330.6,05.1103,0.75228,03.8441
2026-05-27T15:03:20.641061,3331.6,05.1103,0.75015,03.8332
2026-05-27T15:03:21.662829,3332.6,05.1097,0.74724,03.8109
2026-05-27T15:03:22.641394,3333.6,05.1008,1.13665,05.7969
2026-05-27T15:03:23.664587,3334.6,05.1137,1.11771,05.7114
2026-05-27T15:03:24.640885,3335.6,05.1128,1.05978,05.4154
2026-05-27T15:03:25.663585,3336.6,05.1039,1.12591,05.7421
2026-05-27T15:03:26.641643,3337.6,05.1112,1.08448,05.5416
2026-05-27T15:03:27.664738,3338.6,05.1062,1.04282,05.3183
2026-05-27T15:03:28.641787,3339.6,05.1120,1.19992,06.1315
2026-05-27T15:03:29.663798,3340.6,05.1011,1.15622,05.8967
2026-05-27T15:03:30.640327,3341.6,05.1125,1.30361,06.6614
2026-05-27T15:03:31.665047,3342.6,05.1119,1.09783,05.6099
2026-05-27T15:03:32.641468,3343.6,05.1119,1.13800,05.8151
2026-05-27T15:03:33.661912,3344.6,05.1105,0.68618,03.5063
2026-05-27T15:03:34.634612,3345.6,05.1105,0.60243,03.0784
2026-05-27T15:03:35.654682,3346.6,05.1092,0.59998,03.0598
2026-05-27T15:03:36.677970,3347.6,05.1145,0.99871,05.1034
2026-05-27T15:03:37.657376,3348.6,05.1161,1.08384,05.5384
2026-05-27T15:03:38.635295,3349.6,05.1122,1.11018,05.6730
2026-05-27T15:03:39.660132,3350.6,05.1092,1.10896,05.6556
2026-05-27T15:03:40.639652,3351.6,05.1116,0.99367,05.0776
2026-05-27T15:03:41.662660,3352.6,05.1106,1.02632,05.2444
2026-05-27T15:03:42.642087,3353.6,05.1048,1.00511,05.1260
2026-05-27T15:03:43.668267,3354.6,05.1091,1.02589,05.2320
2026-05-27T15:03:44.645463,3355.6,05.1034,0.98633,05.0302
2026-05-27T15:03:45.668725,3356.6,05.1047,1.01357,05.1692
2026-05-27T15:03:46.647194,3357.7,05.1062,0.98456,05.0212
2026-05-27T15:03:47.672174,3358.7,05.1097,0.74957,03.8228
2026-05-27T15:03:48.649568,3359.7,05.1087,0.74546,03.8018
2026-05-27T15:03:49.674870,3360.7,05.1090,0.74638,03.8065
2026-05-27T15:03:50.651908,3361.7,05.1075,1.03848,05.2962
2026-05-27T15:03:51.675763,3362.7,05.1090,1.07062,05.4601
2026-05-27T15:03:52.654674,3363.7,05.1041,1.04837,05.3466
2026-05-27T15:03:53.677812,3364.7,05.1061,0.98142,05.0052
2026-05-27T15:03:54.655504,3365.7,05.1111,1.08061,05.5219
2026-05-27T15:03:55.683593,3366.7,05.1093,1.18747,06.0560
2026-05-27T15:03:56.662471,3367.7,05.1059,1.14009,05.8144
2026-05-27T15:03:57.641313,3368.7,05.1048,1.15380,05.8843
2026-05-27T15:03:58.666673,3369.7,05.1128,1.13948,05.8227
2026-05-27T15:03:59.642802,3370.7,05.1097,1.01420,05.1724
2026-05-27T15:04:00.666899,3371.7,05.1087,1.14278,05.8281
2026-05-27T15:04:01.643781,3372.7,05.1112,0.66524,03.3993
2026-05-27T15:04:02.664713,3373.7,05.1084,0.60130,03.0666
2026-05-27T15:04:03.640312,3374.7,05.1091,0.60045,03.0622
2026-05-27T15:04:04.663872,3375.7,05.1045,1.01404,05.1716
2026-05-27T15:04:05.642771,3376.7,05.1067,1.06154,05.4138
2026-05-27T15:04:06.666457,3377.7,05.1141,1.33531,06.8234
2026-05-27T15:04:07.646861,3378.7,05.1000,1.38877,07.0827
2026-05-27T15:04:08.669554,3379.7,05.1078,1.03700,05.2887
2026-05-27T15:04:09.647691,3380.7,05.1093,1.05479,05.3794
2026-05-27T15:04:10.671829,3381.7,05.1089,1.03133,05.2597
2026-05-27T15:04:11.652455,3382.7,05.1050,0.97095,04.9518
2026-05-27T15:04:12.677222,3383.7,05.1050,1.03895,05.2986
2026-05-27T15:04:13.658863,3384.7,05.1080,1.12587,05.7419
2026-05-27T15:04:14.683814,3385.7,05.1101,0.89982,04.5980
2026-05-27T15:04:15.661601,3386.7,05.1076,0.75231,03.8367
2026-05-27T15:04:16.684147,3387.7,05.1076,0.75073,03.8287
2026-05-27T15:04:17.663070,3388.7,05.1083,0.81028,04.1324
2026-05-27T15:04:18.687223,3389.7,05.1047,1.28998,06.5788
2026-05-27T15:04:19.664426,3390.7,05.1059,1.10292,05.6248
2026-05-27T15:04:20.644329,3391.7,05.0939,1.11458,05.6732
2026-05-27T15:04:21.668191,3392.7,05.1083,1.09673,05.5933
2026-05-27T15:04:22.645136,3393.7,05.1037,1.13762,05.8018
2026-05-27T15:04:23.667637,3394.7,05.1008,1.30825,06.6720
2026-05-27T15:04:24.643462,3395.7,05.1103,1.14042,05.8275
2026-05-27T15:04:25.669387,3396.7,05.1039,1.03035,05.2547
2026-05-27T15:04:26.647993,3397.7,05.1080,1.01646,05.1839
2026-05-27T15:04:27.671436,3398.7,05.1137,1.03060,05.2663
2026-05-27T15:04:28.647769,3399.7,05.1085,1.05282,05.3693
2026-05-27T15:04:29.666669,3400.7,05.1086,0.62224,03.1734
2026-05-27T15:04:30.686887,3401.7,05.1091,0.62164,03.1703
2026-05-27T15:04:31.661560,3402.7,05.1092,0.85093,04.3397
2026-05-27T15:04:32.683794,3403.7,05.0894,1.20011,06.0965
2026-05-27T15:04:33.659606,3404.7,05.1105,1.10312,05.6369
2026-05-27T15:04:34.684591,3405.7,05.1147,1.12654,05.7566
2026-05-27T15:04:35.660627,3406.7,05.1034,1.25777,06.4146
2026-05-27T15:04:36.684608,3407.7,05.1173,1.09792,05.6103
2026-05-27T15:04:37.662380,3408.7,05.1083,1.20684,06.1548
2026-05-27T15:04:38.683843,3409.7,05.1011,1.14529,05.8409
2026-05-27T15:04:39.662560,3410.7,05.1139,1.13283,05.7887
2026-05-27T15:04:40.686717,3411.7,05.1084,1.10097,05.6149
2026-05-27T15:04:41.662352,3412.7,05.0945,1.01651,05.1740
2026-05-27T15:04:42.686958,3413.7,05.1100,0.78433,04.0079
2026-05-27T15:04:43.661587,3414.7,05.1088,0.75294,03.8399
2026-05-27T15:04:44.683572,3415.7,05.1088,0.75000,03.8250
2026-05-27T15:04:45.659614,3416.7,05.1045,1.17584,05.9967
2026-05-27T15:04:46.681967,3417.7,05.0869,1.03680,05.2669
2026-05-27T15:04:47.658631,3418.7,05.1044,1.04333,05.3209
2026-05-27T15:04:48.682638,3419.7,05.1045,1.17034,05.9687
2026-05-27T15:04:49.659406,3420.7,05.1084,1.01847,05.1941
2026-05-27T15:04:50.684603,3421.7,05.1111,1.12833,05.7657
2026-05-27T15:04:51.661059,3422.7,05.1014,1.07873,05.5015
2026-05-27T15:04:52.684589,3423.7,05.1039,1.20451,06.1430
2026-05-27T15:04:53.662183,3424.7,05.1077,1.40795,07.1805
2026-05-27T15:04:54.691000,3425.7,05.1142,1.09060,05.5729
2026-05-27T15:04:55.669828,3426.7,05.1086,1.33908,06.8293
2026-05-27T15:04:56.648938,3427.7,05.1091,0.80530,04.1070
2026-05-27T15:04:57.671106,3428.7,05.1100,0.61917,03.1639
2026-05-27T15:04:58.689589,3429.7,05.1092,0.61831,03.1533
2026-05-27T15:04:59.662998,3430.7,05.1033,0.78523,04.0046
2026-05-27T15:05:00.685582,3431.7,05.1058,1.14206,05.8245
2026-05-27T15:05:01.660568,3432.7,05.1093,1.25082,06.3791
2026-05-27T15:05:02.685201,3433.7,05.1037,1.10099,05.6150
2026-05-27T15:05:03.662489,3434.7,05.1026,1.04637,05.3364
2026-05-27T15:05:04.688622,3435.7,05.1159,1.05567,05.3944
2026-05-27T15:05:05.665139,3436.7,05.1091,1.21285,06.1855
2026-05-27T15:05:06.687094,3437.7,05.0964,1.03558,05.2711
2026-05-27T15:05:07.666669,3438.7,05.1141,1.25627,06.4195
2026-05-27T15:05:08.693960,3439.7,05.1094,1.11630,05.6931
2026-05-27T15:05:09.671519,3440.7,05.1086,1.10825,05.6520
2026-05-27T15:05:10.695019,3441.7,05.1080,0.75455,03.8482
2026-05-27T15:05:11.670270,3442.7,05.1082,0.75175,03.8339
2026-05-27T15:05:12.694404,3443.7,05.1084,0.74875,03.8186
2026-05-27T15:05:13.669434,3444.7,05.1144,1.17865,06.0229
2026-05-27T15:05:14.693424,3445.7,05.1041,1.12095,05.7168
2026-05-27T15:05:15.672523,3446.7,05.1142,1.11794,05.7126
2026-05-27T15:05:16.698111,3447.7,05.1062,1.07357,05.4752
2026-05-27T15:05:17.676540,3448.7,05.0967,1.02765,05.2307
2026-05-27T15:05:18.699394,3449.7,05.1095,1.32123,06.7382
2026-05-27T15:05:19.676580,3450.7,05.1042,1.41465,07.2147
2026-05-27T15:05:20.654168,3451.7,05.1111,1.20029,06.1334
2026-05-27T15:05:21.676423,3452.7,05.0998,1.05602,05.3751
2026-05-27T15:05:22.653856,3453.7,05.1111,1.15224,05.8879
2026-05-27T15:05:23.674434,3454.7,05.1111,1.05588,05.3955
2026-05-27T15:05:24.696327,3455.7,05.1086,0.73300,03.7383
2026-05-27T15:05:25.666915,3456.7,05.1089,0.59926,03.0562
2026-05-27T15:05:26.684655,3457.7,05.1087,0.61754,03.1494
2026-05-27T15:05:27.658106,3458.7,05.0994,1.11962,05.6988
2026-05-27T15:05:28.680665,3459.7,05.1145,1.04786,05.3545
2026-05-27T15:05:29.656219,3460.7,05.1073,1.05686,05.3899
2026-05-27T15:05:30.675697,3461.7,05.1031,1.19490,06.0939
2026-05-27T15:05:31.696185,3462.7,05.1087,1.03603,05.2837
2026-05-27T15:05:32.672679,3463.7,05.1130,1.19934,06.1286
2026-05-27T15:05:33.693669,3464.7,05.1111,1.08587,05.5487
2026-05-27T15:05:34.671734,3465.7,05.1073,1.08433,05.5300
2026-05-27T15:05:35.696471,3466.7,05.1139,1.04501,05.3400
2026-05-27T15:05:36.674031,3467.7,05.1169,1.25986,06.4378
2026-05-27T15:05:37.695002,3468.7,05.1126,1.07740,05.5055
2026-05-27T15:05:38.673721,3469.7,05.1098,0.75342,03.8424
2026-05-27T15:05:39.693209,3470.7,05.1098,0.75143,03.8322
2026-05-27T15:05:40.670900,3471.7,05.1095,0.74844,03.8170
2026-05-27T15:05:41.691965,3472.7,05.1131,1.09040,05.5719
2026-05-27T15:05:42.666703,3473.7,05.1131,0.96262,04.9189
2026-05-27T15:05:43.687196,3474.7,05.0969,1.06721,05.4320
2026-05-27T15:05:44.665984,3475.7,05.1042,1.11412,05.6820
2026-05-27T15:05:45.688109,3476.7,05.1130,1.05716,05.4020
2026-05-27T15:05:46.662027,3477.7,05.1130,1.13251,05.7871
2026-05-27T15:05:47.684760,3478.7,05.1119,1.09004,05.5701
2026-05-27T15:05:48.661512,3479.7,05.1051,1.12703,05.7478
2026-05-27T15:05:49.683973,3480.7,05.1045,1.08116,05.5139
2026-05-27T15:05:50.661739,3481.7,05.1134,1.04785,05.3545
2026-05-27T15:05:51.682749,3482.7,05.1101,1.31551,06.7222
2026-05-27T15:05:52.704976,3483.7,05.1085,0.74957,03.8228
2026-05-27T15:05:53.678663,3484.7,05.1114,0.60163,03.0743
2026-05-27T15:05:54.699667,3485.7,05.1090,0.60094,03.0647
2026-05-27T15:05:55.675795,3486.7,05.1117,1.06529,05.4436
2026-05-27T15:05:56.702035,3487.7,05.1036,1.04008,05.3044
2026-05-27T15:05:57.679436,3488.7,05.1064,1.01654,05.1843
2026-05-27T15:05:58.704771,3489.7,05.1083,1.05283,05.3694
2026-05-27T15:05:59.682039,3490.7,05.1105,1.08815,05.5604
2026-05-27T15:06:00.702606,3491.7,05.1205,1.08324,05.5461
2026-05-27T15:06:01.676271,3492.7,05.1091,1.06282,05.4203
2026-05-27T15:06:02.700103,3493.7,05.1116,1.15608,05.9075
2026-05-27T15:06:03.677709,3494.7,05.1069,1.03081,05.2571
2026-05-27T15:06:04.700673,3495.7,05.1047,1.09061,05.5621
2026-05-27T15:06:05.677836,3496.7,05.1036,1.01123,05.1572
2026-05-27T15:06:06.696704,3497.7,05.1100,0.75375,03.8516
2026-05-27T15:06:07.669237,3498.7,05.1095,0.75105,03.8303
2026-05-27T15:06:08.690504,3499.7,05.1090,0.74830,03.8163
2026-05-27T15:06:09.669425,3500.7,05.1153,1.07154,05.4755
2026-05-27T15:06:10.692027,3501.7,05.1117,1.00578,05.1395
2026-05-27T15:06:11.668101,3502.7,05.1084,1.01668,05.1850
2026-05-27T15:06:12.692709,3503.7,05.0991,1.18713,06.0424
2026-05-27T15:06:13.669760,3504.7,05.1084,1.06786,05.4460
2026-05-27T15:06:14.691024,3505.7,05.1116,1.15657,05.9100
2026-05-27T15:06:15.670422,3506.7,05.1092,1.13221,05.7742
2026-05-27T15:06:16.692576,3507.7,05.1141,1.07872,05.5122
2026-05-27T15:06:17.669599,3508.7,05.1067,1.12565,05.7408
2026-05-27T15:06:18.694007,3509.7,05.1084,1.00700,05.1357
2026-05-27T15:06:19.671098,3510.7,05.1108,1.05046,05.3678
2026-05-27T15:06:20.692395,3511.7,05.1085,0.75492,03.8500
2026-05-27T15:06:21.710681,3512.7,05.1085,0.60195,03.0699
2026-05-27T15:06:22.684709,3513.7,05.1088,0.60164,03.0683
2026-05-27T15:06:23.707599,3514.7,05.1130,1.10498,05.6464
2026-05-27T15:06:24.686253,3515.7,05.1061,1.11448,05.6838
2026-05-27T15:06:25.667465,3516.7,05.1053,1.33875,06.8276
2026-05-27T15:06:26.693284,3517.7,05.1084,1.02890,05.2473
2026-05-27T15:06:27.670692,3518.7,05.1031,1.01374,05.1700
2026-05-27T15:06:28.694443,3519.7,05.1180,1.02897,05.2580
2026-05-27T15:06:29.671790,3520.7,05.1087,1.01416,05.1722
2026-05-27T15:06:30.695993,3521.7,05.1064,1.15159,05.8731
2026-05-27T15:06:31.671390,3522.7,05.1064,1.04355,05.3221
2026-05-27T15:06:32.695699,3523.7,05.1125,1.14749,05.8636
2026-05-27T15:06:33.671819,3524.7,05.1098,1.02831,05.2443
2026-05-27T15:06:34.690209,3525.7,05.1079,0.75463,03.8486
2026-05-27T15:06:35.710850,3526.7,05.1093,0.75158,03.8330
2026-05-27T15:06:36.686236,3527.7,05.1092,0.74857,03.8177
2026-05-27T15:06:37.707723,3528.7,05.1133,1.07982,05.5178
2026-05-27T15:06:38.684988,3529.7,05.1119,1.05649,05.3986
2026-05-27T15:06:39.707277,3530.7,05.1150,1.10286,05.6356
2026-05-27T15:06:40.682753,3531.7,05.1042,1.10585,05.6398
2026-05-27T15:06:41.704139,3532.7,05.1104,0.97153,04.9645
2026-05-27T15:06:42.679836,3533.7,05.1064,1.07237,05.4690
2026-05-27T15:06:43.702667,3534.7,05.1048,0.99191,05.0587
2026-05-27T15:06:44.678595,3535.7,05.1098,1.01586,05.1808
2026-05-27T15:06:45.698467,3536.7,05.1006,1.01344,05.1685
2026-05-27T15:06:46.672170,3537.7,05.1055,1.01475,05.1752
2026-05-27T15:06:47.694564,3538.7,05.1125,1.06025,05.4178
2026-05-27T15:06:48.716418,3539.7,05.1084,0.60192,03.0697
2026-05-27T15:06:49.689216,3540.7,05.1095,0.60139,03.0670
2026-05-27T15:06:50.709948,3541.7,05.1098,0.60052,03.0626
2026-05-27T15:06:51.686095,3542.7,05.1119,1.13919,05.8212
2026-05-27T15:06:52.711387,3543.7,05.1159,1.14445,05.8481
2026-05-27T15:06:53.686077,3544.7,05.1072,1.08752,05.5463
2026-05-27T15:06:54.708580,3545.7,05.1172,1.09556,05.5983
2026-05-27T15:06:55.687763,3546.7,05.1123,1.03591,05.2935
2026-05-27T15:06:56.710577,3547.7,05.1145,1.10300,05.6363
2026-05-27T15:06:57.688801,3548.7,05.1025,1.06408,05.4268
2026-05-27T15:06:58.713263,3549.7,05.1122,1.05830,05.4079
2026-05-27T15:06:59.690717,3550.7,05.1086,1.08374,05.5270
2026-05-27T15:07:00.713660,3551.7,05.1095,1.02094,05.2067
2026-05-27T15:07:01.687594,3552.7,05.1120,1.00029,05.1114
2026-05-27T15:07:02.706818,3553.7,05.1089,0.77306,03.9426
2026-05-27T15:07:03.680677,3554.7,05.1089,0.77180,03.9361
2026-05-27T15:07:04.699764,3555.7,05.1097,0.76164,03.8843
2026-05-27T15:07:05.677690,3556.7,05.1120,0.98343,05.0253
2026-05-27T15:07:06.699066,3557.7,05.1045,1.01854,05.1945
2026-05-27T15:07:07.719680,3558.7,05.1045,1.16881,05.9609
2026-05-27T15:07:08.695762,3559.7,05.0975,1.27496,06.4895
2026-05-27T15:07:09.717576,3560.7,05.1128,1.01335,05.1782
2026-05-27T15:07:10.692523,3561.7,05.1075,1.03737,05.2905
2026-05-27T15:07:11.711894,3562.7,05.1089,1.02699,05.2376
2026-05-27T15:07:12.690315,3563.7,05.1092,1.13452,05.7860
2026-05-27T15:07:13.715043,3564.7,05.1059,1.00603,05.1307
2026-05-27T15:07:14.690537,3565.7,05.1100,0.97900,05.0026
2026-05-27T15:07:15.714477,3566.7,05.1070,0.91650,04.6741
2026-05-27T15:07:16.689799,3567.7,05.1092,0.66061,03.3691
2026-05-27T15:07:17.708922,3568.7,05.1075,0.59932,03.0565
2026-05-27T15:07:18.681110,3569.7,05.1085,0.59953,03.0576
2026-05-27T15:07:19.705612,3570.7,05.1145,1.16148,05.9351
2026-05-27T15:07:20.681970,3571.7,05.1076,0.96653,04.9293
2026-05-27T15:07:21.705222,3572.7,05.1066,1.33602,06.8137
2026-05-27T15:07:22.681389,3573.7,05.1134,1.17614,06.0100
2026-05-27T15:07:23.700635,3574.7,05.1053,0.99199,05.0591
2026-05-27T15:07:24.720625,3575.7,05.1091,0.98139,05.0050
2026-05-27T15:07:25.697024,3576.7,05.1073,0.97444,04.9696
2026-05-27T15:07:26.717670,3577.7,05.1084,0.98316,05.0141
2026-05-27T15:07:27.693209,3578.7,05.1076,1.02724,05.2389
2026-05-27T15:07:28.715944,3579.7,05.1078,1.06795,05.4465
2026-05-27T15:07:29.690699,3580.7,05.1087,0.76647,03.9089
2026-05-27T15:07:30.711210,3581.7,05.1080,0.75224,03.8364
2026-05-27T15:07:31.684746,3582.7,05.1083,0.75131,03.8316
2026-05-27T15:07:32.705823,3583.7,05.1087,0.81349,04.1487
2026-05-27T15:07:33.680463,3584.7,05.1092,1.11900,05.7069
2026-05-27T15:07:34.702641,3585.7,05.1098,1.01531,05.1780
2026-05-27T15:07:35.722002,3586.7,05.1116,1.29580,06.6215
2026-05-27T15:07:36.698036,3587.7,05.1186,1.08179,05.5279
2026-05-27T15:07:37.719671,3588.7,05.1096,1.01401,05.1714
2026-05-27T15:07:38.695083,3589.7,05.1195,1.03878,05.3081
2026-05-27T15:07:39.716149,3590.7,05.1116,1.13407,05.7950
2026-05-27T15:07:40.691750,3591.7,05.1131,1.09528,05.5968
2026-05-27T15:07:41.713582,3592.7,05.1020,1.36196,06.9459
2026-05-27T15:07:42.690914,3593.7,05.1009,1.19742,06.1068
2026-05-27T15:07:43.715170,3594.7,05.1104,0.74859,03.8252
2026-05-27T15:07:44.691705,3595.7,05.1105,0.74930,03.8289
2026-05-27T15:07:45.713241,3596.7,05.1100,0.74983,03.8316
2026-05-27T15:07:46.688216,3597.7,05.1075,0.95629,04.8770
2026-05-27T15:07:47.712466,3598.7,05.1087,1.34954,06.8826
2026-05-27T15:07:48.688581,3599.7,05.1069,1.40814,07.1815
2026-05-27T15:07:49.709849,3600.7,05.1098,1.08503,05.5336
2026-05-27T15:07:50.688296,3601.7,05.1048,1.40197,07.1500
2026-05-27T15:07:51.716449,3602.7,05.0942,1.15164,05.8618
2026-05-27T15:07:52.693511,3603.7,05.1134,1.11551,05.7002
2026-05-27T15:07:53.718387,3604.7,05.1137,1.07461,05.4912
2026-05-27T15:07:54.699490,3605.7,05.1103,1.20940,06.1800
2026-05-27T15:07:55.720109,3606.7,05.1099,1.30628,06.6620
2026-05-27T15:07:56.697189,3607.7,05.1099,1.05786,05.3950
2026-05-27T15:07:57.719601,3608.7,05.1123,0.75487,03.8573
2026-05-27T15:07:58.693919,3609.7,05.1096,0.75408,03.8458
2026-05-27T15:07:59.716124,3610.7,05.1094,0.61822,03.1529
2026-05-27T15:08:00.690816,3611.7,05.1097,1.04612,05.3352
2026-05-27T15:08:01.713584,3612.7,05.1073,1.09159,05.5671
2026-05-27T15:08:02.688042,3613.7,05.0934,1.55766,07.9284
2026-05-27T15:08:03.712106,3614.7,05.1128,1.11433,05.6942
2026-05-27T15:08:04.688437,3615.7,05.1051,1.20936,06.1677
2026-05-27T15:08:05.713290,3616.7,05.1041,1.15049,05.8674
2026-05-27T15:08:06.689748,3617.7,05.1116,1.03214,05.2742
2026-05-27T15:08:07.713276,3618.7,05.1198,1.03072,05.2669
2026-05-27T15:08:08.688894,3619.7,05.1050,1.08325,05.5245
2026-05-27T15:08:09.711201,3620.7,05.0967,1.25654,06.3957
2026-05-27T15:08:10.687775,3621.7,05.1061,1.17018,05.9679
2026-05-27T15:08:11.710410,3622.7,05.1117,0.75188,03.8421
2026-05-27T15:08:12.730816,3623.7,05.1097,0.75085,03.8293
2026-05-27T15:08:13.706711,3624.7,05.1095,0.74894,03.8195
2026-05-27T15:08:14.731968,3625.7,05.1022,1.15803,05.9059
2026-05-27T15:08:15.708936,3626.7,05.0945,1.04826,05.3356
2026-05-27T15:08:16.731561,3627.7,05.1050,1.13349,05.7807
2026-05-27T15:08:17.707483,3628.7,05.1067,1.08138,05.5150
2026-05-27T15:08:18.728896,3629.7,05.1101,1.07792,05.5081
2026-05-27T15:08:19.707261,3630.7,05.1142,1.10734,05.6585
2026-05-27T15:08:20.730020,3631.7,05.1167,1.00097,05.1149
2026-05-27T15:08:21.706858,3632.7,05.1197,1.11376,05.6913
2026-05-27T15:08:22.732149,3633.7,05.1120,1.07990,05.5182
2026-05-27T15:08:23.708688,3634.7,05.1128,1.27189,06.4993
2026-05-27T15:08:24.732696,3635.7,05.1131,1.08070,05.5223
2026-05-27T15:08:25.707845,3636.7,05.1131,0.80313,04.1039
2026-05-27T15:08:26.724468,3637.7,05.1105,0.63324,03.2358
2026-05-27T15:08:27.696499,3638.7,05.1098,0.60245,03.0724
2026-05-27T15:08:28.715609,3639.7,05.1098,1.16216,05.9270
2026-05-27T15:08:29.691905,3640.7,05.1225,1.06791,05.4676
2026-05-27T15:08:30.715205,3641.7,05.1131,1.16428,05.9494
2026-05-27T15:08:31.735043,3642.7,05.1034,1.02088,05.2064
2026-05-27T15:08:32.710837,3643.7,05.1075,1.11198,05.6710
2026-05-27T15:08:33.733217,3644.7,05.1062,1.19436,06.0912
2026-05-27T15:08:34.710804,3645.7,05.1051,1.12761,05.7508
2026-05-27T15:08:35.733674,3646.7,05.1148,1.05992,05.4161
2026-05-27T15:08:36.709976,3647.7,05.1075,1.14949,05.8623
2026-05-27T15:08:37.732230,3648.7,05.0995,1.11620,05.6814
2026-05-27T15:08:38.707111,3649.7,05.1016,0.94904,04.8401
2026-05-27T15:08:39.726808,3650.7,05.1097,0.75691,03.8602
2026-05-27T15:08:40.702704,3651.7,05.1093,0.75006,03.8253
2026-05-27T15:08:41.724131,3652.7,05.1089,0.74877,03.8187
2026-05-27T15:08:42.701055,3653.7,05.1164,1.19191,06.0906
2026-05-27T15:08:43.723642,3654.7,05.1100,1.03028,05.2647
2026-05-27T15:08:44.699563,3655.7,05.1131,1.13833,05.8168
2026-05-27T15:08:45.720830,3656.7,05.1101,1.09737,05.6075
2026-05-27T15:08:46.694735,3657.7,05.1104,1.03353,05.2813
2026-05-27T15:08:47.717753,3658.7,05.1126,1.02445,05.2349
2026-05-27T15:08:48.737390,3659.7,05.1062,1.00590,05.1300
2026-05-27T15:08:49.713744,3660.7,05.1087,1.02933,05.2495
2026-05-27T15:08:50.734202,3661.7,05.1162,1.18754,06.0683
2026-05-27T15:08:51.709920,3662.7,05.1180,1.08035,05.5205
2026-05-27T15:08:52.732265,3663.7,05.1106,1.06148,05.4241
2026-05-27T15:08:53.707244,3664.7,05.1108,0.73681,03.7650
2026-05-27T15:08:54.726576,3665.7,05.1105,0.60267,03.0796
2026-05-27T15:08:55.699323,3666.7,05.1100,0.60122,03.0722
2026-05-27T15:08:56.719730,3667.7,05.1102,1.13127,05.7807
2026-05-27T15:08:57.696847,3668.7,05.1003,1.12081,05.7161
2026-05-27T15:08:58.720908,3669.7,05.1100,1.09609,05.6010
2026-05-27T15:08:59.699411,3670.7,05.1020,1.00918,05.1468
2026-05-27T15:09:00.721977,3671.7,05.1084,1.06810,05.4473
2026-05-27T15:09:01.697906,3672.7,05.1056,1.23978,06.3228
2026-05-27T15:09:02.720094,3673.7,05.1061,1.09686,05.5939
2026-05-27T15:09:03.700800,3674.7,05.1059,1.10161,05.6182
2026-05-27T15:09:04.723219,3675.7,05.1070,1.23332,06.2899
2026-05-27T15:09:05.701576,3676.7,05.1087,1.09793,05.5994
2026-05-27T15:09:06.725439,3677.7,05.0961,1.08476,05.5214
2026-05-27T15:09:07.699000,3678.7,05.1104,0.75194,03.8424
2026-05-27T15:09:08.717830,3679.7,05.1099,0.75277,03.8391
2026-05-27T15:09:09.735895,3680.7,05.1096,0.75107,03.8304
2026-05-27T15:09:10.711656,3681.7,05.1117,1.08837,05.5615
2026-05-27T15:09:11.733865,3682.7,05.1117,1.01579,05.1906
2026-05-27T15:09:12.713601,3683.7,05.1058,1.11805,05.7020
2026-05-27T15:09:13.736691,3684.7,05.1101,1.01623,05.1929
2026-05-27T15:09:14.715898,3685.7,05.1094,1.05093,05.3597
2026-05-27T15:09:15.739089,3686.7,05.1039,1.00785,05.1400
2026-05-27T15:09:16.714970,3687.7,05.1039,1.12187,05.7215
2026-05-27T15:09:17.736515,3688.7,05.1111,1.08906,05.5650
2026-05-27T15:09:18.713287,3689.7,05.1173,1.18300,06.0451
2026-05-27T15:09:19.738301,3690.7,05.1059,1.00538,05.1274
2026-05-27T15:09:20.712189,3691.7,05.1056,0.98711,05.0342
2026-05-27T15:09:21.730604,3692.7,05.1111,0.63161,03.2275
2026-05-27T15:09:22.704518,3693.7,05.1102,0.60445,03.0887
2026-05-27T15:09:23.722232,3694.7,05.1096,0.60282,03.0743
2026-05-27T15:09:24.740842,3695.7,05.1105,1.06206,05.4271
2026-05-27T15:09:25.715564,3696.7,05.1105,1.06505,05.4424
2026-05-27T15:09:26.738245,3697.7,05.1039,1.08482,05.5325
2026-05-27T15:09:27.713125,3698.7,05.1112,1.05085,05.3698
2026-05-27T15:09:28.735554,3699.7,05.1086,1.03196,05.2629
2026-05-27T15:09:29.713572,3700.7,05.1076,1.14701,05.8497
2026-05-27T15:09:30.737258,3701.7,05.1100,1.02843,05.2552
2026-05-27T15:09:31.716482,3702.7,05.1087,1.06071,05.4096
2026-05-27T15:09:32.738101,3703.7,05.1037,1.03096,05.2578
2026-05-27T15:09:33.715829,3704.7,05.1080,1.06097,05.4109
2026-05-27T15:09:34.738496,3705.7,05.1094,1.18806,06.0591
2026-05-27T15:09:35.712914,3706.7,05.1102,0.77772,03.9741
2026-05-27T15:09:36.731898,3707.7,05.1100,0.77291,03.9495
2026-05-27T15:09:37.705560,3708.7,05.1096,0.76759,03.9147
2026-05-27T15:09:38.725146,3709.7,05.1091,1.00077,05.1039
2026-05-27T15:09:39.702236,3710.7,05.1098,1.06821,05.4478
2026-05-27T15:09:40.724764,3711.7,05.1161,1.12388,05.7430
2026-05-27T15:09:41.745183,3712.7,05.1045,1.01758,05.1896
2026-05-27T15:09:42.720083,3713.7,05.1119,1.03179,05.2724
2026-05-27T15:09:43.739290,3714.7,05.1114,1.01996,05.2119
2026-05-27T15:09:44.718376,3715.7,05.1085,1.08581,05.5376
2026-05-27T15:09:45.740327,3716.7,05.1058,1.00593,05.1302
2026-05-27T15:09:46.715733,3717.7,05.1061,1.08414,05.5291
2026-05-27T15:09:47.740472,3718.7,05.1087,1.23025,06.2742
2026-05-27T15:09:48.715336,3719.7,05.1134,1.04851,05.3578
2026-05-27T15:09:49.736339,3720.7,05.1081,0.64048,03.2664
2026-05-27T15:09:50.708993,3721.7,05.1093,0.60757,03.0986
2026-05-27T15:09:51.730807,3722.7,05.1098,0.59486,03.0337
2026-05-27T15:09:52.706846,3723.7,05.1161,1.05112,05.3712
2026-05-27T15:09:53.727070,3724.7,05.1130,0.99089,05.0634
2026-05-27T15:09:54.746695,3725.7,05.1112,1.05195,05.3754
2026-05-27T15:09:55.721585,3726.7,05.1107,1.03053,05.2660
2026-05-27T15:09:56.746387,3727.7,05.1161,1.15283,05.8909
2026-05-27T15:09:57.722941,3728.7,05.1131,1.10690,05.6562
2026-05-27T15:09:58.744730,3729.7,05.1117,1.01116,05.1670
2026-05-27T15:09:59.718678,3730.7,05.1044,0.99759,05.0877
2026-05-27T15:10:00.737674,3731.7,05.1094,1.05248,05.3676
2026-05-27T15:10:01.713380,3732.7,05.1113,1.05468,05.3894
2026-05-27T15:10:02.734137,3733.7,05.1128,1.05596,05.3959
2026-05-27T15:10:03.708341,3734.7,05.1111,0.75313,03.8484
2026-05-27T15:10:04.727760,3735.7,05.1109,0.76897,03.9294
2026-05-27T15:10:05.749634,3736.7,05.1107,0.74341,03.7988
2026-05-27T15:10:06.727680,3737.7,05.1117,1.19127,06.0873
2026-05-27T15:10:07.750093,3738.7,05.1072,1.08078,05.5119
2026-05-27T15:10:08.727063,3739.7,05.0995,1.46356,07.4495
2026-05-27T15:10:09.706671,3740.7,05.1150,1.06145,05.4240
2026-05-27T15:10:10.729638,3741.7,05.1119,0.98654,05.0412
2026-05-27T15:10:11.708026,3742.7,05.1111,0.97843,04.9997
2026-05-27T15:10:12.730916,3743.7,05.1105,0.99414,05.0800
2026-05-27T15:10:13.709556,3744.7,05.1164,0.98154,05.0156
2026-05-27T15:10:14.732714,3745.7,05.1080,1.09372,05.5779
2026-05-27T15:10:15.709849,3746.7,05.1115,1.02379,05.2315
2026-05-27T15:10:16.735142,3747.7,05.1084,1.12538,05.7394
2026-05-27T15:10:17.711137,3748.7,05.1112,0.64311,03.2862
2026-05-27T15:10:18.730447,3749.7,05.1105,0.60370,03.0849
2026-05-27T15:10:19.747762,3750.7,05.1102,0.60011,03.0665
2026-05-27T15:10:20.722621,3751.7,05.1089,1.14473,05.8381
2026-05-27T15:10:21.748551,3752.7,05.1073,0.98760,05.0367
2026-05-27T15:10:22.725395,3753.7,05.1045,1.16463,05.9396
2026-05-27T15:10:23.747329,3754.7,05.1119,1.02867,05.2565
2026-05-27T15:10:24.722901,3755.7,05.1014,1.12139,05.7190
2026-05-27T15:10:25.747682,3756.7,05.1072,1.05226,05.3665
2026-05-27T15:10:26.725337,3757.7,05.1097,1.02309,05.2177
2026-05-27T15:10:27.747324,3758.7,05.1058,0.98363,05.0165
2026-05-27T15:10:28.721161,3759.7,05.1137,1.11130,05.6787
2026-05-27T15:10:29.743169,3760.7,05.1137,1.05642,05.3983
2026-05-27T15:10:30.722547,3761.7,05.1117,0.99996,05.1097
2026-05-27T15:10:31.738782,3762.7,05.1119,0.75620,03.8641
2026-05-27T15:10:32.756872,3763.7,05.1115,0.75090,03.8370
2026-05-27T15:10:33.732769,3764.7,05.1087,0.81978,04.1808
2026-05-27T15:10:34.753906,3765.7,05.1062,1.13318,05.7792
2026-05-27T15:10:35.728734,3766.7,05.1080,1.07978,05.5068
2026-05-27T15:10:36.749764,3767.7,05.1075,1.11831,05.7033
2026-05-27T15:10:37.723409,3768.7,05.1089,1.04757,05.3426
2026-05-27T15:10:38.746890,3769.7,05.1111,1.02385,05.2318
2026-05-27T15:10:39.719842,3770.7,05.1097,1.01988,05.2013
2026-05-27T15:10:40.737125,3771.7,05.1020,1.01760,05.1897
2026-05-27T15:10:41.754413,3772.7,05.1100,1.11354,05.6901
2026-05-27T15:10:42.727625,3773.7,05.1119,1.03566,05.2922
2026-05-27T15:10:43.748770,3774.7,05.1087,1.01354,05.1690
2026-05-27T15:10:44.723473,3775.7,05.1087,1.01078,05.1549
2026-05-27T15:10:45.742827,3776.7,05.1102,0.59996,03.0657
2026-05-27T15:10:46.756811,3777.7,05.1099,0.59996,03.0597
2026-05-27T15:10:47.727513,3778.7,05.1095,0.82268,04.1956
2026-05-27T15:10:48.745031,3779.7,05.1037,1.29571,06.6081
2026-05-27T15:10:49.720371,3780.7,05.1084,1.05178,05.3640
2026-05-27T15:10:50.740593,3781.7,05.1006,1.15229,05.8766
2026-05-27T15:10:51.717546,3782.7,05.1093,1.01856,05.1946
2026-05-27T15:10:52.740500,3783.7,05.1122,0.96190,04.9153
2026-05-27T15:10:53.715485,3784.7,05.1122,0.98138,05.0148
2026-05-27T15:10:54.735706,3785.7,05.1098,1.02924,05.2491
2026-05-27T15:10:55.756709,3786.7,05.1055,1.01535,05.1782
2026-05-27T15:10:56.730816,3787.7,05.1086,0.96650,04.9291
2026-05-27T15:10:57.751938,3788.7,05.1111,1.06950,05.4651
2026-05-27T15:10:58.722449,3789.7,05.1100,0.60034,03.0677
2026-05-27T15:10:59.737677,3790.7,05.1106,0.59867,03.0592
2026-05-27T15:11:00.754883,3791.7,05.1104,0.62459,03.1916
2026-05-27T15:11:01.730773,3792.7,05.1080,1.19953,06.1176
2026-05-27T15:11:02.752949,3793.7,05.1114,0.98819,05.0496
2026-05-27T15:11:03.728332,3794.7,05.1131,1.01166,05.1695
2026-05-27T15:11:04.749600,3795.7,05.1084,0.98116,05.0039
2026-05-27T15:11:05.724881,3796.7,05.1101,0.96886,04.9508
2026-05-27T15:11:06.747581,3797.7,05.1153,1.02709,05.2484
2026-05-27T15:11:07.721124,3798.7,05.1109,1.00468,05.1339
2026-05-27T15:11:08.743280,3799.7,05.1134,1.02889,05.2576
2026-05-27T15:11:09.761656,3800.7,05.1106,1.05691,05.4008
2026-05-27T15:11:10.735711,3801.7,05.1105,0.97456,04.9800
2026-05-27T15:11:11.753924,3802.7,05.1136,1.01840,05.2040
2026-05-27T15:11:12.726537,3803.7,05.1106,0.75011,03.8330
2026-05-27T15:11:13.746538,3804.7,05.1104,0.74845,03.8245
2026-05-27T15:11:14.721641,3805.7,05.1103,0.85101,04.3486
2026-05-27T15:11:15.744278,3806.7,05.1087,1.03417,05.2742
2026-05-27T15:11:16.718900,3807.7,05.1100,1.05850,05.4089
2026-05-27T15:11:17.741862,3808.7,05.1044,1.07655,05.4904
2026-05-27T15:11:18.720809,3809.7,05.1100,1.08090,05.5233
2026-05-27T15:11:19.741964,3810.7,05.1139,1.05227,05.3770
2026-05-27T15:11:20.759748,3811.7,05.1139,1.00870,05.1544
2026-05-27T15:11:21.735236,3812.7,05.1100,1.01171,05.1698
2026-05-27T15:11:22.757222,3813.7,05.1066,0.97396,04.9671
2026-05-27T15:11:23.732213,3814.7,05.1131,1.07045,05.4699
2026-05-27T15:11:24.754439,3815.7,05.1119,1.01360,05.1794
2026-05-27T15:11:25.728203,3816.7,05.1119,1.07138,05.4747
2026-05-27T15:11:26.748040,3817.7,05.1102,0.67242,03.4360
2026-05-27T15:11:27.719825,3818.7,05.1105,0.60056,03.0688
2026-05-27T15:11:28.738514,3819.7,05.1098,0.78359,03.9963
2026-05-27T15:11:29.760282,3820.7,05.1159,1.23925,06.3325
2026-05-27T15:11:30.735500,3821.7,05.1045,1.01087,05.1554
2026-05-27T15:11:31.759554,3822.7,05.1128,1.13572,05.8035
2026-05-27T15:11:32.737376,3823.7,05.1093,1.14409,05.8348
2026-05-27T15:11:33.761850,3824.7,05.1059,1.17823,06.0089
2026-05-27T15:11:34.736696,3825.7,05.1095,1.29803,06.6199
2026-05-27T15:11:35.759551,3826.7,05.1078,1.07116,05.4629
2026-05-27T15:11:36.740373,3827.7,05.1122,1.28684,06.5757
2026-05-27T15:11:37.763058,3828.7,05.1083,0.98926,05.0452
2026-05-27T15:11:38.739029,3829.7,05.1155,1.01317,05.1772
2026-05-27T15:11:39.758928,3830.7,05.1123,0.82752,04.2286
2026-05-27T15:11:40.732517,3831.7,05.1123,0.75281,03.8468
2026-05-27T15:11:41.751446,3832.7,05.1097,0.75126,03.8314
2026-05-27T15:11:42.725102,3833.7,05.1104,1.28006,06.5411
2026-05-27T15:11:43.745029,3834.7,05.1050,1.08797,05.5486
2026-05-27T15:11:44.764286,3835.7,05.1080,0.98055,05.0008
2026-05-27T15:11:45.739164,3836.7,05.1122,1.24797,06.3771
2026-05-27T15:11:46.761324,3837.7,05.1086,1.11090,05.6655
2026-05-27T15:11:47.735488,3838.7,05.1166,1.27022,06.4908
2026-05-27T15:11:48.753424,3839.7,05.1066,1.16604,05.9468
2026-05-27T15:11:49.726835,3840.7,05.1094,1.11956,05.7097
2026-05-27T15:11:50.753110,3841.7,05.1141,1.27715,06.5262
2026-05-27T15:11:51.726966,3842.7,05.1106,0.99962,05.1080
2026-05-27T15:11:52.746407,3843.7,05.1189,1.05792,05.4059
2026-05-27T15:11:53.766903,3844.7,05.1078,0.76808,03.9172
2026-05-27T15:11:54.739563,3845.7,05.1113,0.75108,03.8380
2026-05-27T15:11:55.758762,3846.7,05.1106,0.74829,03.8237
2026-05-27T15:11:56.731913,3847.7,05.1098,1.31172,06.6897
2026-05-27T15:11:57.753148,3848.7,05.0995,1.12579,05.7302
2026-05-27T15:11:58.725235,3849.7,05.1050,1.17538,05.9944
2026-05-27T15:11:59.747379,3850.7,05.1158,1.13662,05.8081
2026-05-27T15:12:00.766431,3851.7,05.1055,1.20877,06.1647
2026-05-27T15:12:01.740617,3852.7,05.1123,1.21415,06.2043
2026-05-27T15:12:02.761770,3853.7,05.1066,1.03595,05.2833
2026-05-27T15:12:03.737757,3854.7,05.1180,1.09453,05.5930
2026-05-27T15:12:04.762491,3855.7,05.1111,1.09338,05.5871
2026-05-27T15:12:05.736200,3856.7,05.1136,1.18960,06.0788
2026-05-27T15:12:06.756205,3857.7,05.1166,1.03099,05.2683
2026-05-27T15:12:07.730924,3858.7,05.1144,0.75341,03.8499
2026-05-27T15:12:08.749882,3859.7,05.1104,0.75273,03.8464
2026-05-27T15:12:09.769204,3860.7,05.1107,0.60362,03.0844
2026-05-27T15:12:10.741828,3861.7,05.1087,1.15523,05.8916
2026-05-27T15:12:11.763158,3862.7,05.1036,1.11268,05.6746
2026-05-27T15:12:12.737529,3863.7,05.0994,1.44066,07.3329
2026-05-27T15:12:13.761005,3864.7,05.1164,1.18286,06.0444
2026-05-27T15:12:14.737791,3865.7,05.1103,1.04691,05.3497
2026-05-27T15:12:15.761146,3866.7,05.1169,1.12547,05.7511
2026-05-27T15:12:16.737408,3867.7,05.1042,1.03987,05.3033
2026-05-27T15:12:17.758085,3868.7,05.1166,1.09828,05.6122
2026-05-27T15:12:18.733631,3869.7,05.1089,1.14334,05.8310
2026-05-27T15:12:19.754807,3870.7,05.1092,1.08027,05.5093
2026-05-27T15:12:20.730285,3871.7,05.1169,1.05363,05.3840
2026-05-27T15:12:21.751566,3872.7,05.1114,0.75411,03.8535
2026-05-27T15:12:22.771482,3873.7,05.1092,0.75142,03.8322
2026-05-27T15:12:23.745712,3874.7,05.1099,0.76896,03.9216
2026-05-27T15:12:24.768265,3875.7,05.0973,1.13575,05.7809
2026-05-27T15:12:25.742266,3876.7,05.0989,1.21951,06.2073
2026-05-27T15:12:26.763559,3877.7,05.1039,1.37044,06.9892
2026-05-27T15:12:27.738687,3878.7,05.1126,1.15304,05.8920
2026-05-27T15:12:28.760508,3879.7,05.0972,1.05848,05.3876
2026-05-27T15:12:29.734838,3880.7,05.0991,1.09150,05.5557
2026-05-27T15:12:30.756477,3881.7,05.1023,1.06409,05.4268
2026-05-27T15:12:31.731735,3882.7,05.1084,1.06553,05.4342
2026-05-27T15:12:32.753388,3883.7,05.1089,1.27103,06.4822
2026-05-27T15:12:33.731911,3884.7,05.1142,1.15077,05.8804
2026-05-27T15:12:34.753335,3885.7,05.1058,1.08090,05.5125
2026-05-27T15:12:35.773628,3886.7,05.1085,0.74886,03.8191
2026-05-27T15:12:36.745650,3887.7,05.1088,0.60220,03.0712
2026-05-27T15:12:37.764236,3888.7,05.1090,0.60162,03.0682
2026-05-27T15:12:38.741531,3889.7,05.1142,0.97473,04.9808
2026-05-27T15:12:39.765707,3890.7,05.1139,1.07302,05.4831
2026-05-27T15:12:40.745527,3891.7,05.1094,1.18566,06.0468
2026-05-27T15:12:41.767128,3892.7,05.1066,1.12982,05.7620
2026-05-27T15:12:42.743793,3893.7,05.1119,1.14219,05.8365
2026-05-27T15:12:43.768306,3894.7,05.1134,1.05361,05.3839
2026-05-27T15:12:44.742867,3895.7,05.1145,1.38549,07.0798
2026-05-27T15:12:45.764469,3896.7,05.1178,1.08082,05.5229
2026-05-27T15:12:46.739684,3897.7,05.1087,1.32678,06.7665
2026-05-27T15:12:47.764037,3898.7,05.1120,1.07386,05.4874
2026-05-27T15:12:48.740670,3899.7,05.1087,1.26120,06.4321
2026-05-27T15:12:49.759498,3900.7,05.1095,0.75699,03.8606
2026-05-27T15:12:50.734135,3901.7,05.1086,0.74770,03.8132
2026-05-27T15:12:51.755111,3902.7,05.1089,0.74645,03.8068
2026-05-27T15:12:52.777544,3903.7,05.1183,1.08914,05.5655
2026-05-27T15:12:53.751416,3904.7,05.1039,1.01594,05.1812
2026-05-27T15:12:54.774161,3905.7,05.1094,1.06099,05.4110
2026-05-27T15:12:55.749176,3906.7,05.1125,1.17413,05.9998
2026-05-27T15:12:56.774864,3907.7,05.1094,1.08973,05.5576
2026-05-27T15:12:57.752135,3908.7,05.1073,0.97931,04.9944
2026-05-27T15:12:58.774155,3909.7,05.1091,1.09540,05.5865
2026-05-27T15:12:59.747255,3910.7,05.1082,1.04314,05.3200
2026-05-27T15:13:00.768163,3911.7,05.1080,1.10790,05.6502
2026-05-27T15:13:01.745243,3912.7,05.1164,1.05709,05.4017
2026-05-27T15:13:02.766373,3913.7,05.1239,1.12905,05.7807
2026-05-27T15:13:03.740617,3914.7,05.1081,0.75214,03.8359
2026-05-27T15:13:04.759531,3915.7,05.1085,0.60326,03.0766
2026-05-27T15:13:05.775784,3916.8,05.1091,0.60132,03.0667
2026-05-27T15:13:06.749183,3917.8,05.0997,1.23899,06.3064
2026-05-27T15:13:07.768001,3918.8,05.1155,1.05010,05.3660
2026-05-27T15:13:08.740546,3919.8,05.1148,1.05844,05.4086
2026-05-27T15:13:09.762322,3920.8,05.1044,1.11682,05.6957
2026-05-27T15:13:10.738638,3921.8,05.1178,1.09596,05.6003
2026-05-27T15:13:11.758663,3922.8,05.1058,1.07828,05.4992
2026-05-27T15:13:12.777618,3923.8,05.1206,1.04187,05.3343
2026-05-27T15:13:13.749813,3924.8,05.1050,1.13785,05.8030
2026-05-27T15:13:14.770603,3925.8,05.1166,1.05724,05.4024
2026-05-27T15:13:15.742577,3926.8,05.1011,1.08209,05.5186
2026-05-27T15:13:16.761959,3927.8,05.1181,1.12264,05.7366
2026-05-27T15:13:17.783220,3928.8,05.1090,0.74912,03.8205
2026-05-27T15:13:18.756065,3929.8,05.1088,0.75007,03.8253
2026-05-27T15:13:19.774062,3930.8,05.1087,0.74931,03.8214
2026-05-27T15:13:20.745322,3931.8,05.1076,0.99950,05.0974
2026-05-27T15:13:21.763188,3932.8,05.1202,1.00907,05.1664
2026-05-27T15:13:22.784070,3933.8,05.1094,1.06355,05.4241
2026-05-27T15:13:23.760427,3934.8,05.1198,1.00367,05.1287
2026-05-27T15:13:24.777844,3935.8,05.1037,1.03988,05.3033
2026-05-27T15:13:25.752258,3936.8,05.1166,1.16093,05.9323
2026-05-27T15:13:26.771403,3937.8,05.1016,1.01683,05.1858
2026-05-27T15:13:27.741187,3938.8,05.1122,1.11289,05.6868
2026-05-27T15:13:28.759335,3939.8,05.1003,1.08085,05.5123
2026-05-27T15:13:29.780093,3940.8,05.1025,1.10564,05.6387
2026-05-27T15:13:30.754632,3941.8,05.1101,1.23245,06.2978
2026-05-27T15:13:31.772946,3942.8,05.1097,0.74025,03.7752
2026-05-27T15:13:32.743802,3943.8,05.1101,0.62104,03.1735
2026-05-27T15:13:33.759535,3944.8,05.1104,0.62084,03.1724
2026-05-27T15:13:34.780141,3945.8,05.1131,1.15350,05.8943
2026-05-27T15:13:35.755731,3946.8,05.1103,1.09861,05.6138
2026-05-27T15:13:36.775885,3947.8,05.1076,1.08922,05.5550
2026-05-27T15:13:37.750992,3948.8,05.1109,1.08162,05.5270
2026-05-27T15:13:38.772982,3949.8,05.1097,1.03780,05.2927
2026-05-27T15:13:39.750052,3950.8,05.1014,1.19345,06.0865
2026-05-27T15:13:40.771772,3951.8,05.1128,1.01737,05.1987
2026-05-27T15:13:41.748743,3952.8,05.1158,1.07251,05.4805
2026-05-27T15:13:42.769316,3953.8,05.1089,1.13752,05.8013
2026-05-27T15:13:43.744396,3954.8,05.1123,1.27703,06.5256
2026-05-27T15:13:44.763902,3955.8,05.1158,0.98000,05.0078
2026-05-27T15:13:45.781021,3956.8,05.1081,0.75366,03.8436
2026-05-27T15:13:46.756336,3957.8,05.1081,0.75024,03.8262
2026-05-27T15:13:47.777924,3958.8,05.1100,0.74780,03.8212
2026-05-27T15:13:48.753781,3959.8,05.1136,1.06357,05.4348
2026-05-27T15:13:49.774341,3960.8,05.1136,1.08315,05.5348
2026-05-27T15:13:50.747597,3961.8,05.1126,1.11954,05.7208
2026-05-27T15:13:51.767163,3962.8,05.1091,1.09586,05.5888
2026-05-27T15:13:52.786078,3963.8,05.1080,1.04719,05.3406
2026-05-27T15:13:53.761328,3964.8,05.1150,1.05504,05.3912
2026-05-27T15:13:54.783812,3965.8,05.1166,1.02512,05.2383
2026-05-27T15:13:55.758588,3966.8,05.1053,1.01465,05.1747
2026-05-27T15:13:56.777713,3967.8,05.1048,1.01612,05.1822
2026-05-27T15:13:57.750526,3968.8,05.1131,1.19580,06.1105
2026-05-27T15:13:58.771857,3969.8,05.1006,1.07276,05.4710
2026-05-27T15:13:59.789012,3970.8,05.1133,0.63507,03.2452
2026-05-27T15:14:00.760711,3971.8,05.1084,0.60237,03.0720
2026-05-27T15:14:01.779789,3972.8,05.1088,0.60071,03.0636
2026-05-27T15:14:02.753664,3973.8,05.1086,1.11209,05.6716
2026-05-27T15:14:03.772267,3974.8,05.1078,1.11884,05.7060
2026-05-27T15:14:04.749006,3975.8,05.1087,1.15148,05.8725
2026-05-27T15:14:05.769816,3976.8,05.1156,1.04767,05.3535
2026-05-27T15:14:06.791257,3977.8,05.1075,1.13469,05.7869
2026-05-27T15:14:07.768032,3978.8,05.1131,0.99357,05.0771
2026-05-27T15:14:08.789654,3979.8,05.1089,1.09986,05.6092
2026-05-27T15:14:09.762552,3980.8,05.1095,1.01765,05.1900
2026-05-27T15:14:10.784808,3981.8,05.1075,1.01863,05.1950
2026-05-27T15:14:11.760237,3982.8,05.1081,1.01372,05.1699
2026-05-27T15:14:12.782376,3983.8,05.1114,1.02918,05.2591
2026-05-27T15:14:13.756402,3984.8,05.1100,0.75395,03.8526
2026-05-27T15:14:14.776558,3985.8,05.1092,0.75114,03.8308
2026-05-27T15:14:15.751786,3986.8,05.1088,0.74876,03.8186
2026-05-27T15:14:16.772764,3987.8,05.1119,1.02645,05.2451
2026-05-27T15:14:17.750258,3988.8,05.1094,0.98408,05.0188
2026-05-27T15:14:18.774615,3989.8,05.1126,1.09343,05.5874
2026-05-27T15:14:19.751590,3990.8,05.1092,1.00703,05.1358
2026-05-27T15:14:20.773945,3991.8,05.1072,0.98788,05.0381
2026-05-27T15:14:21.796397,3992.8,05.1048,0.98603,05.0287
2026-05-27T15:14:22.771688,3993.8,05.1105,1.03148,05.2708
2026-05-27T15:14:23.795065,3994.8,05.1056,1.05881,05.3999
2026-05-27T15:14:24.770753,3995.8,05.1025,1.05549,05.3829
2026-05-27T15:14:25.792695,3996.8,05.1131,1.06900,05.4625
2026-05-27T15:14:26.769156,3997.8,05.1077,1.22574,06.2512
2026-05-27T15:14:27.788494,3998.8,05.1109,0.65645,03.3544
2026-05-27T15:14:28.757875,3999.8,05.1109,0.65588,03.3515
2026-05-27T15:14:29.774997,4000.8,05.1092,0.63375,03.2321
2026-05-27T15:14:30.753255,4001.8,05.1087,1.06480,05.4304
2026-05-27T15:14:31.772560,4002.8,05.1109,0.99435,05.0811
2026-05-27T15:14:32.798942,4003.8,05.1092,1.04744,05.3419
2026-05-27T15:14:33.778129,4004.8,05.1092,0.97511,04.9730
2026-05-27T15:14:34.754795,4005.8,05.1106,1.11465,05.6958
2026-05-27T15:14:35.775939,4006.8,05.1083,1.02528,05.2289
2026-05-27T15:14:36.797114,4007.8,05.1093,1.02635,05.2343
2026-05-27T15:14:37.773658,4008.8,05.1108,1.08693,05.5542
2026-05-27T15:14:38.792719,4009.8,05.1091,1.05455,05.3782
2026-05-27T15:14:39.765114,4010.8,05.1156,1.01899,05.2070
2026-05-27T15:14:40.783124,4011.8,05.1025,0.96814,04.9375
2026-05-27T15:14:41.753788,4012.8,05.1096,0.77302,03.9424
2026-05-27T15:14:42.772200,4013.8,05.1094,0.76959,03.9249
2026-05-27T15:14:43.792062,4014.8,05.1091,0.76727,03.9130
2026-05-27T15:14:44.769853,4015.8,05.1150,1.08482,05.5434
2026-05-27T15:14:45.792874,4016.8,05.1036,0.99415,05.0701
2026-05-27T15:14:46.767669,4017.8,05.1148,1.19088,06.0853
2026-05-27T15:14:47.788565,4018.8,05.1114,1.31094,06.6989
2026-05-27T15:14:48.763933,4019.8,05.0978,1.04629,05.3256
2026-05-27T15:14:49.786996,4020.8,05.1153,1.00281,05.1243
2026-05-27T15:14:50.760895,4021.8,05.1139,0.98872,05.0523
2026-05-27T15:14:51.782561,4022.8,05.1144,0.99514,05.0851
2026-05-27T15:14:52.759554,4023.8,05.1125,1.04523,05.3411
2026-05-27T15:14:53.781028,4024.8,05.1072,1.00953,05.1486
2026-05-27T15:14:54.801421,4025.8,05.1097,0.77603,03.9577
2026-05-27T15:14:55.772927,4026.8,05.1072,0.62738,03.1996
2026-05-27T15:14:56.792754,4027.8,05.1072,0.59941,03.0569
2026-05-27T15:14:57.766131,4028.8,05.1089,0.63456,03.2362
2026-05-27T15:14:58.787310,4029.8,05.0962,1.25716,06.3989
2026-05-27T15:14:59.761824,4030.8,05.1087,1.16385,05.9356
2026-05-27T15:15:00.782996,4031.8,05.1094,1.07796,05.4975
2026-05-27T15:15:01.803278,4032.8,05.1083,1.41707,07.2270
2026-05-27T15:15:02.778269,4033.8,05.1103,1.04220,05.3256
2026-05-27T15:15:03.795831,4034.8,05.1085,1.00666,05.1339
2026-05-27T15:15:04.771091,4035.8,05.1062,1.03354,05.2710
2026-05-27T15:15:05.793999,4036.8,05.1083,1.00315,05.1160
2026-05-27T15:15:06.768570,4037.8,05.1098,1.05029,05.3564
2026-05-27T15:15:07.789615,4038.8,05.1067,1.32948,06.7803
2026-05-27T15:15:08.762173,4039.8,05.1100,0.95386,04.8742
2026-05-27T15:15:09.783177,4040.8,05.1081,0.75360,03.8433
2026-05-27T15:15:10.802113,4041.8,05.1079,0.75009,03.8254
2026-05-27T15:15:11.777026,4042.8,05.1045,0.91066,04.6443
2026-05-27T15:15:12.797155,4043.8,05.0989,1.17271,05.9690
2026-05-27T15:15:13.772411,4044.8,05.1103,1.16105,05.9329
2026-05-27T15:15:14.794812,4045.8,05.1041,1.06143,05.4132
2026-05-27T15:15:15.771670,4046.8,05.0945,1.32295,06.7338
2026-05-27T15:15:16.791979,4047.8,05.1098,1.35008,06.8854
2026-05-27T15:15:17.768173,4048.8,05.1098,1.07880,05.5018
2026-05-27T15:15:18.790121,4049.8,05.1034,1.22309,06.2377
2026-05-27T15:15:19.764936,4050.8,05.1100,1.28712,06.5771
2026-05-27T15:15:20.787203,4051.8,05.0959,1.18187,06.0157
2026-05-27T15:15:21.764471,4052.8,05.1005,1.32989,06.7824
2026-05-27T15:15:22.785718,4053.8,05.1078,0.85220,04.3462
2026-05-27T15:15:23.805927,4054.8,05.1075,0.61951,03.1595
2026-05-27T15:15:24.777437,4055.8,05.1087,0.59293,03.0239
2026-05-27T15:15:25.795153,4056.8,05.1125,0.97527,04.9836
2026-05-27T15:15:26.770394,4057.8,05.1062,1.24674,06.3583
2026-05-27T15:15:27.792759,4058.8,05.1125,1.09494,05.5951
2026-05-27T15:15:28.768906,4059.8,05.1101,1.08801,05.5597
2026-05-27T15:15:29.792984,4060.8,05.1147,1.13624,05.8061
2026-05-27T15:15:30.770136,4061.8,05.1064,1.18688,06.0530
2026-05-27T15:15:31.790568,4062.8,05.1106,1.23628,06.3173
2026-05-27T15:15:32.767685,4063.8,05.0994,1.23172,06.2694
2026-05-27T15:15:33.789113,4064.8,05.1085,1.12705,05.7479
2026-05-27T15:15:34.764277,4065.8,05.1037,1.32435,06.7541
2026-05-27T15:15:35.786689,4066.8,05.1197,1.00003,05.1101
2026-05-27T15:15:36.804761,4067.8,05.1103,0.77301,03.9500
2026-05-27T15:15:37.776912,4068.8,05.1084,0.77295,03.9420
2026-05-27T15:15:38.795493,4069.8,05.1091,0.76907,03.9222
2026-05-27T15:15:39.769336,4070.8,05.1006,1.18391,06.0379
2026-05-27T15:15:40.788310,4071.8,05.1125,1.09702,05.6057
2026-05-27T15:15:41.806154,4072.8,05.1058,1.19052,06.0716
2026-05-27T15:15:42.784706,4073.8,05.1075,1.05853,05.3985
2026-05-27T15:15:43.807057,4074.8,05.1114,1.09447,05.5927
2026-05-27T15:15:44.783380,4075.8,05.1123,1.13130,05.7809
2026-05-27T15:15:45.804962,4076.8,05.0972,1.14932,05.8500
2026-05-27T15:15:46.778916,4077.8,05.1023,1.10965,05.6592
2026-05-27T15:15:47.800696,4078.8,05.0973,1.10939,05.6467
2026-05-27T15:15:48.774055,4079.8,05.0994,1.04894,05.3391
2026-05-27T15:15:49.794480,4080.8,05.1087,1.17576,05.9963
2026-05-27T15:15:50.812219,4081.8,05.1089,0.76680,03.9106
2026-05-27T15:15:51.782293,4082.8,05.1098,0.61853,03.1545
2026-05-27T15:15:52.800921,4083.8,05.1096,0.61821,03.1528
2026-05-27T15:15:53.771425,4084.8,05.1187,1.21886,06.2283
2026-05-27T15:15:54.789495,4085.8,05.1089,1.01308,05.1667
2026-05-27T15:15:55.812510,4086.8,05.0948,1.07267,05.4598
2026-05-27T15:15:56.786678,4087.8,05.1103,1.04689,05.3496
2026-05-27T15:15:57.809551,4088.8,05.1091,1.14035,05.8157
2026-05-27T15:15:58.785598,4089.8,05.1069,1.02035,05.2037
2026-05-27T15:15:59.806537,4090.8,05.1100,1.13534,05.8015
2026-05-27T15:16:00.785538,4091.8,05.1144,1.17784,06.0187
2026-05-27T15:16:01.807269,4092.8,05.1058,1.13119,05.7690
2026-05-27T15:16:02.783249,4093.8,05.1042,1.07706,05.4930
2026-05-27T15:16:03.802738,4094.8,05.1090,1.04196,05.3139
2026-05-27T15:16:04.777827,4095.8,05.1091,0.75057,03.8279
2026-05-27T15:16:05.800821,4096.8,05.1082,0.74828,03.8162
2026-05-27T15:16:06.777775,4097.8,05.1092,0.74753,03.8124
2026-05-27T15:16:07.802449,4098.8,05.1134,1.01449,05.1840
2026-05-27T15:16:08.778646,4099.8,05.1167,0.93455,04.7755
2026-05-27T15:16:09.798930,4100.8,05.1089,1.20567,06.1489
2026-05-27T15:16:10.771847,4101.8,05.1016,1.10976,05.6597
2026-05-27T15:16:11.792266,4102.8,05.1074,1.03906,05.2992
2026-05-27T15:16:12.815298,4103.8,05.1062,1.12297,05.7271
2026-05-27T15:16:13.789719,4104.8,05.1011,1.09610,05.5901
2026-05-27T15:16:14.811646,4105.8,05.1034,1.03718,05.2896
2026-05-27T15:16:15.784894,4106.8,05.1111,1.09663,05.6037
2026-05-27T15:16:16.808357,4107.8,05.1042,0.99331,05.0658
2026-05-27T15:16:17.784697,4108.8,05.1111,1.15738,05.9142
2026-05-27T15:16:18.808848,4109.8,05.1094,0.75162,03.8332
2026-05-27T15:16:19.781591,4110.8,05.1100,0.60483,03.0906
2026-05-27T15:16:20.798667,4111.8,05.1085,0.60131,03.0666
2026-05-27T15:16:21.817035,4112.8,05.1084,1.04038,05.3059
2026-05-27T15:16:22.793635,4113.8,05.1105,1.10921,05.6680
2026-05-27T15:16:23.814205,4114.8,05.1101,1.13804,05.8153
2026-05-27T15:16:24.791863,4115.8,05.1006,1.26873,06.4705
2026-05-27T15:16:25.813196,4116.8,05.1028,1.10178,05.6190
2026-05-27T15:16:26.787841,4117.8,05.1045,1.05223,05.3663
2026-05-27T15:16:27.806643,4118.8,05.1030,1.03627,05.2849
2026-05-27T15:16:28.782665,4119.8,05.1133,1.19175,06.0898
2026-05-27T15:16:29.802834,4120.8,05.1070,1.08332,05.5249
2026-05-27T15:16:30.780765,4121.8,05.1089,1.11362,05.6794
2026-05-27T15:16:31.804001,4122.8,05.1087,1.08617,05.5394
2026-05-27T15:16:32.780458,4123.8,05.1080,0.77196,03.9369
2026-05-27T15:16:33.799401,4124.8,05.1083,0.76959,03.9249
2026-05-27T15:16:34.818137,4125.8,05.1082,0.76643,03.9087
2026-05-27T15:16:35.794787,4126.8,05.1092,1.25355,06.3931
2026-05-27T15:16:36.817615,4127.8,05.1017,1.09628,05.5910
2026-05-27T15:16:37.792039,4128.8,05.1074,1.03021,05.2540
2026-05-27T15:16:38.815891,4129.8,05.1101,1.15034,05.8782
2026-05-27T15:16:39.790941,4130.8,05.1045,1.01699,05.1866
2026-05-27T15:16:40.812003,4131.8,05.1130,1.28834,06.5834
2026-05-27T15:16:41.786613,4132.8,05.1109,1.13817,05.8160
2026-05-27T15:16:42.810599,4133.8,05.1081,1.03081,05.2571
2026-05-27T15:16:43.787275,4134.8,05.1082,1.10009,05.6104
2026-05-27T15:16:44.811464,4135.8,05.1080,1.08226,05.5195
2026-05-27T15:16:45.789565,4136.8,05.1100,1.03043,05.2654
2026-05-27T15:16:46.810514,4137.8,05.1106,0.67971,03.4733
2026-05-27T15:16:47.784152,4138.8,05.1091,0.61964,03.1601
2026-05-27T15:16:48.802880,4139.8,05.1081,0.59161,03.0172
2026-05-27T15:16:49.779075,4140.8,05.1072,1.03637,05.2854
2026-05-27T15:16:50.801977,4141.8,05.1098,1.08638,05.5405
2026-05-27T15:16:51.781727,4142.8,05.1033,1.05124,05.3613
2026-05-27T15:16:52.804552,4143.8,05.1075,1.01713,05.1873
2026-05-27T15:16:53.783960,4144.8,05.1082,1.19355,06.0871
2026-05-27T15:16:54.808231,4145.8,05.1056,1.03820,05.2948
2026-05-27T15:16:55.784783,4146.8,05.1075,1.00802,05.1409
2026-05-27T15:16:56.810547,4147.8,05.1082,1.02206,05.2125
2026-05-27T15:16:57.787008,4148.8,05.1039,1.08200,05.5182
2026-05-27T15:16:58.810461,4149.8,05.1092,1.15128,05.8715
2026-05-27T15:16:59.787061,4150.8,05.1005,1.12146,05.7194
2026-05-27T15:17:00.809141,4151.8,05.1082,0.75010,03.8255
2026-05-27T15:17:01.787881,4152.8,05.1082,0.74872,03.8184
2026-05-27T15:17:02.812213,4153.8,05.1085,0.74557,03.8024
2026-05-27T15:17:03.788720,4154.8,05.1084,1.04116,05.3099
2026-05-27T15:17:04.810939,4155.8,05.1080,1.01961,05.2000
2026-05-27T15:17:05.787707,4156.8,05.1142,1.13902,05.8203
2026-05-27T15:17:06.810454,4157.8,05.1026,1.08808,05.5492
2026-05-27T15:17:07.785916,4158.8,05.1083,1.00317,05.1161
2026-05-27T15:17:08.807690,4159.8,05.1080,1.05191,05.3647
2026-05-27T15:17:09.782885,4160.8,05.1080,1.09783,05.5989
2026-05-27T15:17:10.803096,4161.8,05.1047,1.00648,05.1330
2026-05-27T15:17:11.821656,4162.8,05.1016,0.99425,05.0706
2026-05-27T15:17:12.797131,4163.8,05.1084,1.09657,05.5925
2026-05-27T15:17:13.820986,4164.8,05.1084,1.04058,05.3069
2026-05-27T15:17:14.794938,4165.8,05.1085,0.69829,03.5612
2026-05-27T15:17:15.813015,4166.8,05.1084,0.60121,03.0661
2026-05-27T15:17:16.783833,4167.8,05.1085,0.60067,03.0634
2026-05-27T15:17:17.804724,4168.8,05.1086,1.03183,05.2623
2026-05-27T15:17:18.827930,4169.8,05.1003,1.00046,05.1023
2026-05-27T15:17:19.805028,4170.8,05.0897,1.20869,06.1401
2026-05-27T15:17:20.826711,4171.8,05.1106,0.98003,05.0079
2026-05-27T15:17:21.803335,4172.8,05.1058,0.96749,04.9341
2026-05-27T15:17:22.825416,4173.8,05.1051,1.00037,05.1018
2026-05-27T15:17:23.801292,4174.8,05.1086,1.02585,05.2318
2026-05-27T15:17:24.824337,4175.8,05.1134,1.01874,05.2057
2026-05-27T15:17:25.802948,4176.8,05.1050,1.08793,05.5484
2026-05-27T15:17:26.826753,4177.8,05.1081,1.13198,05.7730
2026-05-27T15:17:27.802969,4178.8,05.1039,1.19514,06.0952
2026-05-27T15:17:28.825136,4179.8,05.1070,0.77391,03.9469
2026-05-27T15:17:29.801507,4180.8,05.1071,0.77084,03.9312
2026-05-27T15:17:30.821291,4181.8,05.1071,0.73912,03.7695
2026-05-27T15:17:31.797822,4182.8,05.1167,1.21890,06.2285
2026-05-27T15:17:32.821897,4183.8,05.1073,0.96819,04.9377
2026-05-27T15:17:33.799337,4184.8,05.1145,1.05029,05.3669
2026-05-27T15:17:34.823625,4185.8,05.1108,1.08583,05.5485
2026-05-27T15:17:35.799049,4186.8,05.1011,1.27231,06.4887
2026-05-27T15:17:36.821735,4187.8,05.1050,1.03277,05.2671
2026-05-27T15:17:37.797647,4188.8,05.1105,1.07236,05.4797
2026-05-27T15:17:38.821547,4189.8,05.1105,0.99757,05.0975
2026-05-27T15:17:39.796566,4190.8,05.1030,1.01173,05.1598
2026-05-27T15:17:40.822340,4191.8,05.1050,0.99174,05.0578
2026-05-27T15:17:41.799493,4192.8,05.1095,0.92661,04.7257
2026-05-27T15:17:42.820393,4193.8,05.1081,0.62060,03.1650
2026-05-27T15:17:43.793778,4194.8,05.1083,0.62009,03.1624
2026-05-27T15:17:44.813571,4195.8,05.1059,0.61891,03.1564
2026-05-27T15:17:45.834157,4196.8,05.1070,1.06849,05.4492
2026-05-27T15:17:46.810414,4197.8,05.1092,0.98238,05.0101
2026-05-27T15:17:47.832722,4198.8,05.1056,1.14546,05.8418
2026-05-27T15:17:48.808884,4199.8,05.0941,1.01561,05.1694
2026-05-27T15:17:49.833975,4200.8,05.1234,1.07687,05.5135
2026-05-27T15:17:50.808908,4201.8,05.1097,1.01775,05.1905
2026-05-27T15:17:51.829489,4202.8,05.1034,0.97538,04.9744
2026-05-27T15:17:52.805619,4203.8,05.1034,1.04330,05.3208
2026-05-27T15:17:53.828621,4204.8,05.1084,0.99059,05.0520
2026-05-27T15:17:54.804606,4205.8,05.1098,1.00830,05.1423
2026-05-27T15:17:55.827694,4206.8,05.1061,0.80740,04.1177
2026-05-27T15:17:56.804736,4207.8,05.1070,0.77341,03.9443
2026-05-27T15:17:57.826660,4208.8,05.1077,0.77001,03.9270
2026-05-27T15:17:58.802128,4209.8,05.1042,0.81464,04.1546
2026-05-27T15:17:59.827794,4210.8,05.1078,1.19594,06.0992
2026-05-27T15:18:00.805896,4211.8,05.0917,1.13844,05.7946
2026-05-27T15:18:01.832221,4212.8,05.1081,1.23653,06.3063
2026-05-27T15:18:02.810593,4213.8,05.1061,1.01182,05.1602
2026-05-27T15:18:03.836130,4214.8,05.1084,1.07731,05.4942
2026-05-27T15:18:04.814590,4215.8,05.1041,1.01289,05.1657
2026-05-27T15:18:05.837223,4216.8,05.1009,1.07866,05.5011
2026-05-27T15:18:06.812491,4217.8,05.1108,1.07805,05.5088
2026-05-27T15:18:07.833893,4218.8,05.1067,0.99342,05.0664
2026-05-27T15:18:08.808136,4219.8,05.1073,1.00396,05.1201
2026-05-27T15:18:09.830176,4220.8,05.1087,1.03951,05.3015
2026-05-27T15:18:10.803204,4221.8,05.1088,0.76686,03.9109
2026-05-27T15:18:11.822144,4222.8,05.1086,0.76612,03.9072
2026-05-27T15:18:12.797381,4223.8,05.1080,0.94722,04.8308
2026-05-27T15:18:13.818080,4224.8,05.1128,1.21355,06.2012
2026-05-27T15:18:14.795046,4225.8,05.1147,1.11618,05.7036
2026-05-27T15:18:15.817725,4226.8,05.1051,1.26087,06.4304
2026-05-27T15:18:16.837688,4227.8,05.1014,1.06970,05.4554
2026-05-27T15:18:17.813415,4228.8,05.1080,1.09038,05.5609
2026-05-27T15:18:18.836535,4229.8,05.1175,1.11382,05.6916
2026-05-27T15:18:19.811548,4230.8,05.1098,1.10779,05.6497
2026-05-27T15:18:20.830991,4231.8,05.1108,1.22312,06.2501
2026-05-27T15:18:21.804820,4232.8,05.1125,1.09013,05.5705
2026-05-27T15:18:22.823630,4233.8,05.1097,1.03620,05.2846
2026-05-27T15:18:23.799290,4234.8,05.1070,0.90997,04.6408
2026-05-27T15:18:24.818196,4235.8,05.1085,0.75468,03.8488
2026-05-27T15:18:25.836462,4236.8,05.1085,0.60500,03.0855
2026-05-27T15:18:26.809169,4237.8,05.1086,0.95203,04.8553
2026-05-27T15:18:27.830183,4238.8,05.0992,1.34179,06.8297
2026-05-27T15:18:28.807060,4239.8,05.0995,1.21500,06.1843
2026-05-27T15:18:29.828501,4240.8,05.1083,1.47560,07.5255
2026-05-27T15:18:30.804664,4241.8,05.1117,1.07353,05.4857
2026-05-27T15:18:31.829999,4242.8,05.1074,1.35490,06.9099
2026-05-27T15:18:32.806348,4243.8,05.1164,1.24226,06.3479
2026-05-27T15:18:33.828912,4244.8,05.1078,1.04778,05.3436
2026-05-27T15:18:34.802887,4245.8,05.1119,1.23812,06.3267
2026-05-27T15:18:35.825648,4246.8,05.0992,1.15525,05.8802
2026-05-27T15:18:36.803278,4247.8,05.1048,1.07271,05.4708
2026-05-27T15:18:37.826109,4248.8,05.1087,0.81660,04.1646
2026-05-27T15:18:38.799766,4249.8,05.1073,0.77039,03.9289
2026-05-27T15:18:39.817313,4250.8,05.1077,0.76770,03.9152
2026-05-27T15:18:40.834775,4251.8,05.1072,1.28029,06.5294
2026-05-27T15:18:41.807964,4252.8,05.1076,1.05025,05.3562
2026-05-27T15:18:42.831241,4253.8,05.1075,1.20733,06.1573
2026-05-27T15:18:43.806564,4254.8,05.0920,1.53883,07.8326
2026-05-27T15:18:44.827855,4255.8,05.1101,1.13827,05.8165
2026-05-27T15:18:45.800149,4256.8,05.1101,1.21088,06.1875
2026-05-27T15:18:46.821776,4257.8,05.1079,1.09155,05.5669
2026-05-27T15:18:47.841996,4258.8,05.1151,1.18207,06.0403
2026-05-27T15:18:48.818082,4259.8,05.1177,1.12809,05.7645
2026-05-27T15:18:49.841908,4260.8,05.1133,1.06215,05.4275
2026-05-27T15:18:50.816544,4261.8,05.1111,1.11776,05.7117
2026-05-27T15:18:51.837551,4262.8,05.1081,0.76836,03.9186
2026-05-27T15:18:52.809708,4263.8,05.1084,0.62004,03.1622
2026-05-27T15:18:53.829049,4264.8,05.1081,0.61924,03.1581
2026-05-27T15:18:54.802922,4265.8,05.1080,1.15628,05.8970
2026-05-27T15:18:55.827112,4266.8,05.1069,1.14931,05.8614
2026-05-27T15:18:56.804597,4267.8,05.1077,1.16944,05.9641
2026-05-27T15:18:57.826056,4268.8,05.1119,1.19767,06.1200
2026-05-27T15:18:58.802039,4269.8,05.0994,1.16404,05.9249
2026-05-27T15:18:59.822819,4270.8,05.0976,1.08590,05.5272
2026-05-27T15:19:00.844120,4271.8,05.1072,1.11582,05.6906
2026-05-27T15:19:01.820072,4272.8,05.1084,0.98122,05.0042
2026-05-27T15:19:02.839615,4273.8,05.1041,1.10519,05.6364
2026-05-27T15:19:03.816862,4274.8,05.1081,1.08908,05.5543
2026-05-27T15:19:04.835527,4275.8,05.1058,0.99689,05.0841
2026-05-27T15:19:05.806982,4276.8,05.1080,0.75504,03.8507
2026-05-27T15:19:06.826327,4277.8,05.1082,0.75309,03.8407
2026-05-27T15:19:07.847048,4278.8,05.1083,0.74882,03.8189
2026-05-27T15:19:08.819188,4279.8,05.1101,1.00203,05.1203
2026-05-27T15:19:09.838332,4280.8,05.1133,0.99446,05.0816
2026-05-27T15:19:10.812645,4281.8,05.0898,1.07533,05.4626
2026-05-27T15:19:11.834581,4282.8,05.1041,1.02351,05.2199
2026-05-27T15:19:12.808989,4283.8,05.1087,1.07167,05.4655
2026-05-27T15:19:13.827925,4284.8,05.1142,1.04811,05.3558
2026-05-27T15:19:14.847003,4285.8,05.1187,1.03119,05.2693
2026-05-27T15:19:15.818638,4286.8,05.1178,1.03387,05.2830
2026-05-27T15:19:16.836927,4287.8,05.1034,1.11621,05.6926
2026-05-27T15:19:17.809553,4288.8,05.1112,1.05397,05.3857
2026-05-27T15:19:18.830073,4289.8,05.1114,1.03243,05.2757
2026-05-27T15:19:19.804702,4290.8,05.1070,0.77712,03.9633
2026-05-27T15:19:20.825550,4291.8,05.1073,0.62367,03.1807
2026-05-27T15:19:21.844811,4292.8,05.1080,0.62121,03.1681
2026-05-27T15:19:22.816678,4293.8,05.1103,1.06405,05.4372
2026-05-27T15:19:23.840961,4294.8,05.1111,1.06420,05.4380
2026-05-27T15:19:24.816710,4295.8,05.0995,1.17080,05.9593
2026-05-27T15:19:25.837624,4296.8,05.1061,1.09208,05.5696
2026-05-27T15:19:26.813779,4297.8,05.1101,1.06297,05.4317
2026-05-27T15:19:27.836609,4298.8,05.1072,1.04347,05.3216
2026-05-27T15:19:28.813657,4299.8,05.1064,1.12917,05.7587
2026-05-27T15:19:29.838877,4300.8,05.1014,1.13733,05.8003
2026-05-27T15:19:30.815034,4301.8,05.1022,1.05348,05.3727
2026-05-27T15:19:31.836178,4302.8,05.1103,1.35953,06.9471
2026-05-27T15:19:32.814202,4303.8,05.1120,1.08566,05.5477
2026-05-27T15:19:33.835944,4304.8,05.1072,0.76860,03.9198
2026-05-27T15:19:34.812436,4305.8,05.1073,0.76833,03.9184
2026-05-27T15:19:35.834077,4306.8,05.1077,0.76695,03.9114
2026-05-27T15:19:36.809567,4307.8,05.1074,1.17840,06.0098
2026-05-27T15:19:37.830155,4308.8,05.1077,1.02702,05.2378
2026-05-27T15:19:38.806497,4309.8,05.0992,1.11233,05.6617
2026-05-27T15:19:39.831142,4310.8,05.1019,1.14625,05.8458
2026-05-27T15:19:40.852163,4311.8,05.1073,1.11026,05.6623
2026-05-27T15:19:41.827416,4312.8,05.1001,1.21537,06.1983
2026-05-27T15:19:42.846857,4313.8,05.1126,1.13103,05.7795
2026-05-27T15:19:43.820852,4314.8,05.1126,1.12789,05.7635
2026-05-27T15:19:44.841721,4315.8,05.1123,1.07200,05.4779
2026-05-27T15:19:45.816277,4316.8,05.1006,1.26496,06.4512
2026-05-27T15:19:46.835681,4317.8,05.1089,1.07097,05.4619
2026-05-27T15:19:47.852368,4318.8,05.1095,0.71568,03.6499
2026-05-27T15:19:48.822974,4319.8,05.1094,0.61819,03.1527
2026-05-27T15:19:49.841602,4320.8,05.1081,0.61850,03.1543
2026-05-27T15:19:50.813419,4321.8,05.0956,1.11337,05.6670
2026-05-27T15:19:51.835648,4322.8,05.1044,1.05278,05.3691
2026-05-27T15:19:52.810574,4323.8,05.1144,1.10278,05.6352
2026-05-27T15:19:53.832923,4324.8,05.1130,1.20925,06.1792
2026-05-27T15:19:54.852706,4325.8,05.1022,1.07294,05.4719
2026-05-27T15:19:55.825918,4326.8,05.1041,1.10122,05.6162
2026-05-27T15:19:56.845030,4327.8,05.1116,1.16617,05.9591
2026-05-27T15:19:57.815983,4328.8,05.1116,1.32696,06.7807
2026-05-27T15:19:58.837202,4329.8,05.1092,1.10421,05.6314
2026-05-27T15:19:59.854801,4330.8,05.1058,1.06979,05.4559
2026-05-27T15:20:00.828317,4331.8,05.1058,1.13552,05.7911
2026-05-27T15:20:01.849758,4332.8,05.1089,0.76846,03.9191
2026-05-27T15:20:02.821908,4333.8,05.1082,0.76760,03.9147
2026-05-27T15:20:03.840940,4334.8,05.1086,0.76444,03.8986
2026-05-27T15:20:04.814719,4335.8,05.1022,1.10211,05.6207
2026-05-27T15:20:05.834182,4336.8,05.1019,1.15308,05.8807
2026-05-27T15:20:06.854736,4337.8,05.1134,1.04727,05.3515
2026-05-27T15:20:07.829388,4338.8,05.0986,0.99695,05.0744
2026-05-27T15:20:08.847856,4339.8,05.1039,1.03532,05.2801
2026-05-27T15:20:09.824105,4340.8,05.1083,1.00469,05.1239
2026-05-27T15:20:10.845575,4341.8,05.1076,1.10639,05.6425
2026-05-27T15:20:11.819827,4342.8,05.1119,1.06794,05.4571
2026-05-27T15:20:12.838999,4343.8,05.1056,1.23220,06.2842
2026-05-27T15:20:13.814390,4344.8,05.1056,1.04361,05.3224
2026-05-27T15:20:14.833587,4345.8,05.1101,1.17927,06.0260
2026-05-27T15:20:15.852802,4346.8,05.1086,0.63673,03.2473
2026-05-27T15:20:16.823987,4347.8,05.1089,0.60018,03.0609
2026-05-27T15:20:17.841484,4348.8,05.1088,0.59741,03.0467
2026-05-27T15:20:18.814769,4349.8,05.1097,1.05767,05.3941
2026-05-27T15:20:19.836692,4350.8,05.1088,1.01997,05.2018
2026-05-27T15:20:20.856271,4351.8,05.1092,1.06331,05.4228
2026-05-27T15:20:21.831592,4352.8,05.1156,1.08400,05.5392
2026-05-27T15:20:22.849466,4353.8,05.1116,1.17349,05.9965
2026-05-27T15:20:23.823601,4354.8,05.1026,1.09579,05.5885
2026-05-27T15:20:24.844713,4355.8,05.1117,1.05027,05.3668
2026-05-27T15:20:25.818765,4356.8,05.1066,1.10513,05.6361
2026-05-27T15:20:26.838593,4357.8,05.1066,1.14759,05.8527
2026-05-27T15:20:27.814460,4358.8,05.1093,1.08214,05.5189
2026-05-27T15:20:28.836831,4359.8,05.1093,1.13545,05.7907
2026-05-27T15:20:29.858335,4360.8,05.1090,0.74970,03.8234
2026-05-27T15:20:30.831493,4361.8,05.1089,0.79357,04.0472
2026-05-27T15:20:31.852015,4362.8,05.1089,0.79837,04.0716
2026-05-27T15:20:32.825439,4363.8,05.1042,1.07325,05.4735
2026-05-27T15:20:33.845396,4364.8,05.1117,1.07039,05.4696
2026-05-27T15:20:34.819531,4365.8,05.1055,1.05468,05.3788
2026-05-27T15:20:35.843690,4366.8,05.1094,1.02480,05.2264
2026-05-27T15:20:36.819705,4367.8,05.1076,1.07701,05.4927
2026-05-27T15:20:37.841444,4368.8,05.1116,1.02560,05.2408
2026-05-27T15:20:38.819221,4369.8,05.1097,1.03481,05.2775
2026-05-27T15:20:39.841050,4370.8,05.1091,1.01513,05.1771
2026-05-27T15:20:40.817016,4371.8,05.1093,1.05324,05.3715
2026-05-27T15:20:41.839096,4372.8,05.1108,1.06760,05.4554
2026-05-27T15:20:42.817154,4373.8,05.1106,1.08744,05.5568
2026-05-27T15:20:43.837283,4374.8,05.1066,0.76894,03.9215
2026-05-27T15:20:44.854534,4375.8,05.1087,0.76865,03.9201
2026-05-27T15:20:45.827271,4376.8,05.1085,0.76736,03.9135
2026-05-27T15:20:46.847311,4377.8,05.1064,1.11499,05.6864
2026-05-27T15:20:47.822197,4378.8,05.1083,1.00412,05.1210
2026-05-27T15:20:48.845371,4379.8,05.1136,1.09648,05.6030
2026-05-27T15:20:49.818825,4380.8,05.1130,0.99100,05.0640
2026-05-27T15:20:50.839329,4381.8,05.1075,1.04655,05.3374
2026-05-27T15:20:51.860298,4382.8,05.1095,1.09803,05.5999
2026-05-27T15:20:52.835556,4383.8,05.1059,1.10167,05.6185
2026-05-27T15:20:53.854564,4384.8,05.1123,1.00380,05.1294
2026-05-27T15:20:54.826224,4385.8,05.1091,1.06981,05.4560
2026-05-27T15:20:55.847044,4386.8,05.1169,1.04212,05.3252
2026-05-27T15:20:56.865509,4387.8,05.1020,1.05885,05.4001
2026-05-27T15:20:57.836022,4388.8,05.1086,0.77016,03.9278
2026-05-27T15:20:58.853457,4389.8,05.1083,0.75581,03.8546
2026-05-27T15:20:59.827472,4390.8,05.1082,0.62324,03.1785
2026-05-27T15:21:00.848088,4391.8,05.1019,1.06389,05.4258
2026-05-27T15:21:01.825014,4392.8,05.1083,1.07480,05.4814
2026-05-27T15:21:02.847720,4393.8,05.1136,1.08104,05.5241
2026-05-27T15:21:03.865237,4394.8,05.1085,0.98588,05.0279
2026-05-27T15:21:04.838194,4395.8,05.1072,1.12004,05.7122
2026-05-27T15:21:05.858166,4396.8,05.1081,1.06802,05.4469
2026-05-27T15:21:06.832918,4397.8,05.1081,1.04138,05.3110
2026-05-27T15:21:07.852832,4398.8,05.1059,1.11619,05.6925
2026-05-27T15:21:08.826914,4399.8,05.1083,1.10230,05.6217
2026-05-27T15:21:09.846956,4400.8,05.1005,1.00381,05.1194
2026-05-27T15:21:10.866701,4401.8,05.1071,1.01143,05.1582
2026-05-27T15:21:11.838457,4402.8,05.1101,0.76851,03.9270
2026-05-27T15:21:12.855963,4403.8,05.1101,0.77667,03.9687
2026-05-27T15:21:13.827274,4404.8,05.1087,0.83649,04.2660
2026-05-27T15:21:14.849781,4405.8,05.1097,1.19471,06.0930
2026-05-27T15:21:15.869101,4406.8,05.1087,1.08104,05.5133
2026-05-27T15:21:16.844870,4407.8,05.1062,1.08571,05.5371
2026-05-27T15:21:17.863592,4408.8,05.1009,0.99292,05.0638
2026-05-27T15:21:18.839488,4409.8,05.1141,1.26960,06.4876
2026-05-27T15:21:19.860772,4410.8,05.1082,0.99717,05.0855
2026-05-27T15:21:20.837013,4411.8,05.1067,1.10940,05.6579
2026-05-27T15:21:21.860759,4412.8,05.1073,1.08403,05.5285
2026-05-27T15:21:22.835333,4413.8,05.1041,1.06862,05.4499
2026-05-27T15:21:23.859032,4414.8,05.1094,1.04338,05.3212
2026-05-27T15:21:24.833437,4415.8,05.1086,0.97130,04.9536
2026-05-27T15:21:25.851825,4416.8,05.1097,0.67567,03.4459
2026-05-27T15:21:26.866807,4417.8,05.1097,0.62068,03.1654
2026-05-27T15:21:27.837822,4418.8,05.1086,0.69552,03.5471
2026-05-27T15:21:28.856202,4419.8,05.1069,1.05553,05.3832
2026-05-27T15:21:29.830254,4420.8,05.1076,1.01874,05.1955
2026-05-27T15:21:30.850400,4421.8,05.1148,1.07246,05.4802
2026-05-27T15:21:31.871606,4422.8,05.1088,0.98053,05.0007
2026-05-27T15:21:32.843848,4423.8,05.1119,1.02569,05.2412
2026-05-27T15:21:33.864870,4424.8,05.1097,1.14528,05.8409
2026-05-27T15:21:34.840659,4425.8,05.1087,1.17469,05.9909
2026-05-27T15:21:35.861774,4426.8,05.1073,1.09716,05.5955
2026-05-27T15:21:36.839655,4427.8,05.1084,1.09894,05.6045
2026-05-27T15:21:37.861161,4428.8,05.1055,1.17449,05.9898
2026-05-27T15:21:38.838727,4429.8,05.1083,1.00238,05.1121
2026-05-27T15:21:39.858589,4430.8,05.1084,0.76371,03.8949
2026-05-27T15:21:40.832305,4431.8,05.1081,0.78381,03.9974
2026-05-27T15:21:41.850616,4432.8,05.1048,1.10310,05.6258
2026-05-27T15:21:42.871025,4433.8,05.1081,1.08732,05.5453
2026-05-27T15:21:43.845826,4434.8,05.0887,1.13323,05.7568
2026-05-27T15:21:44.866322,4435.8,05.1094,1.38744,07.0759
2026-05-27T15:21:45.844022,4436.8,05.1080,1.04875,05.3486
2026-05-27T15:21:46.863747,4437.8,05.1139,1.31213,06.7049
2026-05-27T15:21:47.837296,4438.8,05.1097,1.12707,05.7480
2026-05-27T15:21:48.860717,4439.8,05.1131,1.29948,06.6403
2026-05-27T15:21:49.836507,4440.8,05.1086,1.02122,05.2082
2026-05-27T15:21:50.859285,4441.8,05.1120,1.03173,05.2721
2026-05-27T15:21:51.834714,4442.8,05.1058,0.98970,05.0474
2026-05-27T15:21:52.860139,4443.8,05.1125,0.84701,04.3282
2026-05-27T15:21:53.834130,4444.8,05.1085,0.68843,03.5109
2026-05-27T15:21:54.852416,4445.8,05.1089,0.61476,03.1352
2026-05-27T15:21:55.871206,4446.8,05.1055,1.10750,05.6482
2026-05-27T15:21:56.844601,4447.8,05.1066,0.99978,05.0988
2026-05-27T15:21:57.866578,4448.8,05.1081,1.07245,05.4694
2026-05-27T15:21:58.843024,4449.8,05.1119,1.33771,06.8356
2026-05-27T15:21:59.866318,4450.8,05.1133,1.17674,06.0131
2026-05-27T15:22:00.840969,4451.8,05.1051,1.04630,05.3361
2026-05-27T15:22:01.861803,4452.8,05.1125,1.08871,05.5633
2026-05-27T15:22:02.837008,4453.8,05.1067,1.07365,05.4756
2026-05-27T15:22:03.856225,4454.8,05.1044,0.98810,05.0393
2026-05-27T15:22:04.876440,4455.8,05.1101,0.98134,05.0146
2026-05-27T15:22:05.849643,4456.8,05.1101,0.97978,05.0066
2026-05-27T15:22:06.871906,4457.8,05.1131,0.77046,03.9370
2026-05-27T15:22:07.846168,4458.8,05.1077,0.74823,03.8159
2026-05-27T15:22:08.866652,4459.8,05.1080,0.74744,03.8119
2026-05-27T15:22:09.842093,4460.8,05.1074,0.80650,04.1131
2026-05-27T15:22:10.863390,4461.8,05.1051,1.23011,06.2735
2026-05-27T15:22:11.837389,4462.8,05.1131,1.07772,05.5071
2026-05-27T15:22:12.857663,4463.8,05.1075,1.40465,07.1637
2026-05-27T15:22:13.879228,4464.8,05.1014,1.30632,06.6622
2026-05-27T15:22:14.854280,4465.8,05.1051,1.27425,06.4986
2026-05-27T15:22:15.875704,4466.8,05.1061,1.16980,05.9659
2026-05-27T15:22:16.848944,4467.8,05.1076,0.96192,04.9057
2026-05-27T15:22:17.868184,4468.8,05.1056,0.95824,04.8870
2026-05-27T15:22:18.841690,4469.8,05.1077,1.07032,05.4586
2026-05-27T15:22:19.858225,4470.8,05.1101,1.03457,05.2866
2026-05-27T15:22:20.880639,4471.9,05.1106,0.77429,03.9566
2026-05-27T15:22:21.854858,4472.9,05.1084,0.71967,03.6703
2026-05-27T15:22:22.872648,4473.9,05.1089,0.61651,03.1442
2026-05-27T15:22:23.845576,4474.9,05.1090,0.69565,03.5478
2026-05-27T15:22:24.866455,4475.9,05.0867,1.32860,06.7492
2026-05-27T15:22:25.840168,4476.9,05.1203,1.11157,05.6912
2026-05-27T15:22:26.860063,4477.9,05.1036,1.06692,05.4412
2026-05-27T15:22:27.880869,4478.9,05.1126,1.37065,07.0040
2026-05-27T15:22:28.857000,4479.9,05.0919,1.10886,05.6440
2026-05-27T15:22:29.878001,4480.9,05.1059,1.07973,05.5066
2026-05-27T15:22:30.852911,4481.9,05.1111,1.06036,05.4184
2026-05-27T15:22:31.873767,4482.9,05.1130,1.15168,05.8850
2026-05-27T15:22:32.846805,4483.9,05.1141,1.19735,06.1184
2026-05-27T15:22:33.867133,4484.9,05.1039,1.11221,05.6722
2026-05-27T15:22:34.841764,4485.9,05.1058,0.76898,03.9217
2026-05-27T15:22:35.862632,4486.9,05.1084,0.76774,03.9154
2026-05-27T15:22:36.882608,4487.9,05.1078,0.76516,03.9023
2026-05-27T15:22:37.856966,4488.9,05.1077,0.93574,04.7722
2026-05-27T15:22:38.877833,4489.9,05.1094,1.13856,05.8066
2026-05-27T15:22:39.854624,4490.9,05.1000,1.37858,07.0307
2026-05-27T15:22:40.873837,4491.9,05.1078,1.05929,05.4023
2026-05-27T15:22:41.851675,4492.9,05.1109,1.07865,05.5119
2026-05-27T15:22:42.872468,4493.9,05.0986,1.14622,05.8342
2026-05-27T15:22:43.850249,4494.9,05.1114,1.08026,05.5201
2026-05-27T15:22:44.874349,4495.9,05.1122,1.36481,06.9741
2026-05-27T15:22:45.852689,4496.9,05.1166,1.10691,05.6563
2026-05-27T15:22:46.878166,4497.9,05.1084,1.20334,06.1370
2026-05-27T15:22:47.855508,4498.9,05.0984,1.15883,05.8984
2026-05-27T15:22:48.878051,4499.9,05.1086,0.76656,03.9094
2026-05-27T15:22:49.852100,4500.9,05.1093,0.61918,03.1578
2026-05-27T15:22:50.871897,4501.9,05.1094,0.61974,03.1606
2026-05-27T15:22:51.846271,4502.9,05.1096,1.06579,05.4355
2026-05-27T15:22:52.871298,4503.9,05.1092,1.21554,06.1992
2026-05-27T15:22:53.848723,4504.9,05.1089,1.15301,05.8803
2026-05-27T15:22:54.872466,4505.9,05.1070,1.06448,05.4288
2026-05-27T15:22:55.850928,4506.9,05.1137,1.05582,05.3952
2026-05-27T15:22:56.870529,4507.9,05.1117,1.20086,06.1363
2026-05-27T15:22:57.846540,4508.9,05.1108,1.07164,05.4760
2026-05-27T15:22:58.868502,4509.9,05.1084,1.04520,05.3305
2026-05-27T15:22:59.846777,4510.9,05.1087,1.08581,05.5376
2026-05-27T15:23:00.871213,4511.9,05.1090,1.00448,05.1228
2026-05-27T15:23:01.849565,4512.9,05.1145,1.03333,05.2803
2026-05-27T15:23:02.870835,4513.9,05.1081,0.77073,03.9307
2026-05-27T15:23:03.844917,4514.9,05.1084,0.76876,03.9206
2026-05-27T15:23:04.863944,4515.9,05.1083,0.76500,03.9015
2026-05-27T15:23:05.885484,4516.9,05.1087,1.30442,06.6525
2026-05-27T15:23:06.861883,4517.9,05.1117,1.21133,06.1898
2026-05-27T15:23:07.882649,4518.9,05.0998,1.07410,05.4671
2026-05-27T15:23:08.860583,4519.9,05.1016,1.18034,06.0197
2026-05-27T15:23:09.881645,4520.9,05.1083,1.22451,06.2450
2026-05-27T15:23:10.858127,4521.9,05.1067,1.08754,05.5464
2026-05-27T15:23:11.880603,4522.9,05.1061,1.12212,05.7228
2026-05-27T15:23:12.859813,4523.9,05.1142,1.05929,05.4129
2026-05-27T15:23:13.882979,4524.9,05.1064,1.01929,05.1983
2026-05-27T15:23:14.859043,4525.9,05.1141,1.21211,06.1938
2026-05-27T15:23:15.881380,4526.9,05.1037,1.06133,05.4127
2026-05-27T15:23:16.859991,4527.9,05.1091,0.76694,03.9113
2026-05-27T15:23:17.880439,4528.9,05.1095,0.61720,03.1477
2026-05-27T15:23:18.853821,4529.9,05.1093,0.59169,03.0176
2026-05-27T15:23:19.874876,4530.9,05.1092,1.08943,05.5560
2026-05-27T15:23:20.851938,4531.9,05.0987,1.11934,05.6974
2026-05-27T15:23:21.874076,4532.9,05.1070,1.02199,05.2121
2026-05-27T15:23:22.850033,4533.9,05.1117,1.25652,06.4208
2026-05-27T15:23:23.873065,4534.9,05.1034,1.08092,05.5126
2026-05-27T15:23:24.849203,4535.9,05.1011,1.09872,05.6034
2026-05-27T15:23:25.873295,4536.9,05.1088,1.07808,05.4982
2026-05-27T15:23:26.848925,4537.9,05.1142,1.00495,05.1352
2026-05-27T15:23:27.871508,4538.9,05.0953,1.21756,06.1973
2026-05-27T15:23:28.892935,4539.9,05.1098,1.11122,05.6672
2026-05-27T15:23:29.867978,4540.9,05.0964,1.36376,06.9415
2026-05-27T15:23:30.891195,4541.9,05.1087,0.77052,03.9296
2026-05-27T15:23:31.865720,4542.9,05.1086,0.76862,03.9199
2026-05-27T15:23:32.882695,4543.9,05.1085,0.76546,03.9038
2026-05-27T15:23:33.856894,4544.9,05.1061,1.10668,05.6440
2026-05-27T15:23:34.877616,4545.9,05.1128,1.10984,05.6712
2026-05-27T15:23:35.851454,4546.9,05.1103,1.39592,07.1331
2026-05-27T15:23:36.875139,4547.9,05.1080,1.16260,05.9292
2026-05-27T15:23:37.850167,4548.9,05.1109,1.03332,05.2802
2026-05-27T15:23:38.870616,4549.9,05.1122,1.04709,05.3506
2026-05-27T15:23:39.890859,4550.9,05.1119,0.99142,05.0661
2026-05-27T15:23:40.866089,4551.9,05.1151,1.22995,06.2850
2026-05-27T15:23:41.887493,4552.9,05.1126,1.28309,06.5565
2026-05-27T15:23:42.858955,4553.9,05.1126,1.20335,06.1491
2026-05-27T15:23:43.878614,4554.9,05.1069,1.19585,06.0988
2026-05-27T15:23:44.851620,4555.9,05.1122,0.77013,03.9353
2026-05-27T15:23:45.871842,4556.9,05.1103,0.61950,03.1656
2026-05-27T15:23:46.889586,4557.9,05.1095,0.61763,03.1499
2026-05-27T15:23:47.862861,4558.9,05.1086,1.14222,05.8253
2026-05-27T15:23:48.883601,4559.9,05.1112,1.16360,05.9459
2026-05-27T15:23:49.860847,4560.9,05.1147,1.09995,05.6207
2026-05-27T15:23:50.887278,4561.9,05.1062,1.10053,05.6127
2026-05-27T15:23:51.866205,4562.9,05.1087,1.11903,05.7070
2026-05-27T15:23:52.888786,4563.9,05.1105,1.07086,05.4720
2026-05-27T15:23:53.865736,4564.9,05.1055,1.07006,05.4573
2026-05-27T15:23:54.890524,4565.9,05.1105,1.09010,05.5704
2026-05-27T15:23:55.869180,4566.9,05.1130,1.11781,05.7120
2026-05-27T15:23:56.892468,4567.9,05.1167,0.99201,05.0691
2026-05-27T15:23:57.869628,4568.9,05.1039,1.01894,05.1965
2026-05-27T15:23:58.890689,4569.9,05.1108,0.75125,03.8388
2026-05-27T15:23:59.866985,4570.9,05.1075,0.74838,03.8167
2026-05-27T15:24:00.890879,4571.9,05.1076,0.74775,03.8135
2026-05-27T15:24:01.868706,4572.9,05.1053,1.02315,05.2180
2026-05-27T15:24:02.894214,4573.9,05.0970,1.04864,05.3375
2026-05-27T15:24:03.872640,4574.9,05.1139,1.05301,05.3808
2026-05-27T15:24:04.895964,4575.9,05.1080,1.06041,05.4080
2026-05-27T15:24:05.872744,4576.9,05.1062,1.06412,05.4270
2026-05-27T15:24:06.897902,4577.9,05.1133,1.21484,06.2078
2026-05-27T15:24:07.873035,4578.9,05.1028,1.04810,05.3453
2026-05-27T15:24:08.896941,4579.9,05.1100,1.13296,05.7894
2026-05-27T15:24:09.870045,4580.9,05.1062,1.20031,06.1215
2026-05-27T15:24:10.891527,4581.9,05.1076,1.12309,05.7277
2026-05-27T15:24:11.865837,4582.9,05.1056,1.04409,05.3248
2026-05-27T15:24:12.887986,4583.9,05.1092,0.72754,03.7104
2026-05-27T15:24:13.862290,4584.9,05.1092,0.62163,03.1703
2026-05-27T15:24:14.882701,4585.9,05.1080,0.61866,03.1551
2026-05-27T15:24:15.858659,4586.9,05.1126,1.10662,05.6548
2026-05-27T15:24:16.881627,4587.9,05.1083,1.14298,05.8291
2026-05-27T15:24:17.902710,4588.9,05.1061,1.18503,06.0436
2026-05-27T15:24:18.879547,4589.9,05.1145,1.18302,06.0452
2026-05-27T15:24:19.900929,4590.9,05.1072,1.10583,05.6397
2026-05-27T15:24:20.876606,4591.9,05.1094,1.00765,05.1390
2026-05-27T15:24:21.898055,4592.9,05.1098,1.09608,05.5900
2026-05-27T15:24:22.875384,4593.9,05.1105,1.11842,05.7151
2026-05-27T15:24:23.895081,4594.9,05.1062,1.22362,06.2404
2026-05-27T15:24:24.874200,4595.9,05.1023,1.08165,05.5164
2026-05-27T15:24:25.897312,4596.9,05.1069,1.10586,05.6398
2026-05-27T15:24:26.869146,4597.9,05.1069,0.77468,03.9508
2026-05-27T15:24:27.887169,4598.9,05.1082,0.77090,03.9315
2026-05-27T15:24:28.860798,4599.9,05.1079,0.76566,03.9048
2026-05-27T15:24:29.882777,4600.9,05.1126,1.17424,06.0003
2026-05-27T15:24:30.903588,4601.9,05.1108,1.10724,05.6579
2026-05-27T15:24:31.881448,4602.9,05.1028,1.07915,05.5036
2026-05-27T15:24:32.905581,4603.9,05.1077,1.18451,06.0410
2026-05-27T15:24:33.880592,4604.9,05.1031,1.12830,05.7543
2026-05-27T15:24:34.901960,4605.9,05.1059,1.12690,05.7471
2026-05-27T15:24:35.877531,4606.9,05.1066,1.12310,05.7278
2026-05-27T15:24:36.897910,4607.9,05.1076,1.07608,05.4880
2026-05-27T15:24:37.873409,4608.9,05.1142,1.21573,06.2123
2026-05-27T15:24:38.898318,4609.9,05.1080,1.03537,05.2803
2026-05-27T15:24:39.872799,4610.9,05.1120,1.08039,05.5207
2026-05-27T15:24:40.891113,4611.9,05.1103,0.62250,03.1809
2026-05-27T15:24:41.906678,4612.9,05.1103,0.62107,03.1736
2026-05-27T15:24:42.876923,4613.9,05.1090,0.61896,03.1566
2026-05-27T15:24:43.897564,4614.9,05.1061,1.05342,05.3724
2026-05-27T15:24:44.871222,4615.9,05.1078,1.09631,05.5911
2026-05-27T15:24:45.892129,4616.9,05.1048,1.12778,05.7516
2026-05-27T15:24:46.867287,4617.9,05.1122,1.12883,05.7683
2026-05-27T15:24:47.888119,4618.9,05.1044,0.99554,05.0772
2026-05-27T15:24:48.908038,4619.9,05.1088,1.18566,06.0468
2026-05-27T15:24:49.880896,4620.9,05.1041,1.07553,05.4852
2026-05-27T15:24:50.901341,4621.9,05.1119,1.11667,05.7061
2026-05-27T15:24:51.878032,4622.9,05.1093,1.13270,05.7767
2026-05-27T15:24:52.897995,4623.9,05.1114,1.10748,05.6592
2026-05-27T15:24:53.870505,4624.9,05.1037,1.00486,05.1247
2026-05-27T15:24:54.886889,4625.9,05.1092,0.76705,03.9119
2026-05-27T15:24:55.902811,4626.9,05.1087,0.76611,03.9071
2026-05-27T15:24:56.874816,4627.9,05.1080,0.76452,03.8990
2026-05-27T15:24:57.894703,4628.9,05.1076,1.25346,06.3926
2026-05-27T15:24:58.870046,4629.9,05.1031,1.15990,05.9154
2026-05-27T15:24:59.891293,4630.9,05.1075,1.10762,05.6488
2026-05-27T15:25:00.866566,4631.9,05.1058,1.11762,05.6998
2026-05-27T15:25:01.888274,4632.9,05.1076,0.99492,05.0740
2026-05-27T15:25:02.909277,4633.9,05.1078,1.03190,05.2626
2026-05-27T15:25:03.884846,4634.9,05.1081,1.17181,05.9762
2026-05-27T15:25:04.905034,4635.9,05.1059,1.09204,05.5694
2026-05-27T15:25:05.879945,4636.9,05.1067,1.04069,05.3075
2026-05-27T15:25:06.903574,4637.9,05.1069,1.17805,06.0080
2026-05-27T15:25:07.878824,4638.9,05.1072,1.09404,05.5796
2026-05-27T15:25:08.898436,4639.9,05.1068,0.62219,03.1731
2026-05-27T15:25:09.870786,4640.9,05.1073,0.61986,03.1612
2026-05-27T15:25:10.887879,4641.9,05.1081,0.59045,03.0112
2026-05-27T15:25:11.908813,4642.9,05.1030,1.05040,05.3570
2026-05-27T15:25:12.884896,4643.9,05.1030,1.07646,05.4899
2026-05-27T15:25:13.906548,4644.9,05.1033,1.05102,05.3602
2026-05-27T15:25:14.882269,4645.9,05.1120,1.02481,05.2367
2026-05-27T15:25:15.905070,4646.9,05.1072,0.98307,05.0136
2026-05-27T15:25:16.882479,4647.9,05.1086,1.00833,05.1424
2026-05-27T15:25:17.904177,4648.9,05.1112,1.07281,05.4820
2026-05-27T15:25:18.878041,4649.9,05.1033,1.15560,05.8935
2026-05-27T15:25:19.901270,4650.9,05.1084,1.05081,05.3591
2026-05-27T15:25:20.880257,4651.9,05.1100,1.08524,05.5455
2026-05-27T15:25:21.902077,4652.9,05.1120,1.03945,05.3115
2026-05-27T15:25:22.881022,4653.9,05.1069,0.74714,03.8104
2026-05-27T15:25:23.905114,4654.9,05.1089,0.74820,03.8158
2026-05-27T15:25:24.883480,4655.9,05.1087,0.74792,03.8143
2026-05-27T15:25:25.907062,4656.9,05.1026,1.03465,05.2767
2026-05-27T15:25:26.883988,4657.9,05.1026,1.03121,05.2591
2026-05-27T15:25:27.908223,4658.9,05.1062,1.09019,05.5599
2026-05-27T15:25:28.882744,4659.9,05.1125,1.02024,05.2134
2026-05-27T15:25:29.903946,4660.9,05.1065,1.09773,05.5984
2026-05-27T15:25:30.880125,4661.9,05.1056,1.13449,05.7858
2026-05-27T15:25:31.902060,4662.9,05.1067,1.07516,05.4833
2026-05-27T15:25:32.879047,4663.9,05.1070,1.01226,05.1625
2026-05-27T15:25:33.902190,4664.9,05.1087,1.04284,05.3184
2026-05-27T15:25:34.877409,4665.9,05.1073,1.17050,05.9695
2026-05-27T15:25:35.898371,4666.9,05.1101,1.00318,05.1262
2026-05-27T15:25:36.915502,4667.9,05.1103,0.62172,03.1769
2026-05-27T15:25:37.886031,4668.9,05.1103,0.62067,03.1716
2026-05-27T15:25:38.905463,4669.9,05.1084,0.61900,03.1569
2026-05-27T15:25:39.880105,4670.9,05.1093,1.02687,05.2370
2026-05-27T15:25:40.903491,4671.9,05.1070,1.06379,05.4253
2026-05-27T15:25:41.878931,4672.9,05.1136,1.05611,05.3967
2026-05-27T15:25:42.899373,4673.9,05.1091,1.03991,05.3035
2026-05-27T15:25:43.920591,4674.9,05.1030,1.28798,06.5686
2026-05-27T15:25:44.893942,4675.9,05.1031,0.98840,05.0408
2026-05-27T15:25:45.915547,4676.9,05.1051,1.01375,05.1701
2026-05-27T15:25:46.892178,4677.9,05.1136,1.07726,05.5047
2026-05-27T15:25:47.914246,4678.9,05.1087,0.99864,05.0930
2026-05-27T15:25:48.890120,4679.9,05.1078,1.02398,05.2222
2026-05-27T15:25:49.910604,4680.9,05.1081,0.87718,04.4736
2026-05-27T15:25:50.884166,4681.9,05.1076,0.77188,03.9365
2026-05-27T15:25:51.905559,4682.9,05.1071,0.77063,03.9302
2026-05-27T15:25:52.881306,4683.9,05.1083,0.79663,04.0628
2026-05-27T15:25:53.904970,4684.9,05.1025,1.17036,05.9688
2026-05-27T15:25:54.883331,4685.9,05.1062,1.01840,05.1938
2026-05-27T15:25:55.908528,4686.9,05.0923,1.17908,06.0015
2026-05-27T15:25:56.886670,4687.9,05.1051,1.05882,05.3999
2026-05-27T15:25:57.909422,4688.9,05.1075,1.05579,05.3845
2026-05-27T15:25:58.884775,4689.9,05.1008,1.05302,05.3704
2026-05-27T15:25:59.910608,4690.9,05.1060,1.04709,05.3401
2026-05-27T15:26:00.889810,4691.9,05.1048,1.07948,05.5053
2026-05-27T15:26:01.917813,4692.9,05.1095,1.10289,05.6247
2026-05-27T15:26:02.893808,4693.9,05.0955,1.29975,06.6157
2026-05-27T15:26:03.915494,4694.9,05.1076,0.94925,04.8411
2026-05-27T15:26:04.889281,4695.9,05.1081,0.61839,03.1537
2026-05-27T15:26:05.906362,4696.9,05.1070,0.59765,03.0480
2026-05-27T15:26:06.923493,4697.9,05.1045,0.69503,03.5446
2026-05-27T15:26:07.899315,4698.9,05.1158,1.23363,06.3038
2026-05-27T15:26:08.922393,4699.9,05.1070,1.07866,05.5011
2026-05-27T15:26:09.898163,4700.9,05.1159,1.14882,05.8704
2026-05-27T15:26:10.919740,4701.9,05.1070,1.06822,05.4479
2026-05-27T15:26:11.896065,4702.9,05.1085,1.10122,05.6162
2026-05-27T15:26:12.915694,4703.9,05.1025,1.04671,05.3382
2026-05-27T15:26:13.891073,4704.9,05.1084,1.12587,05.7419
2026-05-27T15:26:14.912937,4705.9,05.1073,1.05231,05.3667
2026-05-27T15:26:15.887816,4706.9,05.1030,1.13410,05.7839
2026-05-27T15:26:16.910751,4707.9,05.1128,1.15063,05.8797
2026-05-27T15:26:17.886743,4708.9,05.1064,0.98779,05.0377
2026-05-27T15:26:18.905855,4709.9,05.1094,0.77067,03.9304
2026-05-27T15:26:19.924821,4710.9,05.1096,0.76876,03.9206
2026-05-27T15:26:20.898731,4711.9,05.1081,1.01937,05.1987
2026-05-27T15:26:21.920339,4712.9,05.1133,1.09881,05.6149
2026-05-27T15:26:22.894132,4713.9,05.1134,1.29038,06.5938
2026-05-27T15:26:23.915213,4714.9,05.1093,1.09243,05.5713
2026-05-27T15:26:24.890038,4715.9,05.1128,1.23004,06.2855
2026-05-27T15:26:25.915311,4716.9,05.1070,1.35912,06.9315
2026-05-27T15:26:26.892148,4717.9,05.1058,1.46004,07.4462
2026-05-27T15:26:27.916730,4718.9,05.0989,1.26932,06.4608
2026-05-27T15:26:28.892463,4719.9,05.1044,1.30070,06.6335
2026-05-27T15:26:29.915181,4720.9,05.1059,1.23970,06.3224
2026-05-27T15:26:30.890826,4721.9,05.1119,1.04950,05.3629
2026-05-27T15:26:31.914276,4722.9,05.1142,0.79591,04.0671
2026-05-27T15:26:32.888257,4723.9,05.1086,0.62400,03.1824
2026-05-27T15:26:33.909897,4724.9,05.1081,0.64880,03.3088
2026-05-27T15:26:34.887947,4725.9,05.0936,1.02751,05.2300
2026-05-27T15:26:35.911238,4726.9,05.1112,1.19205,06.0913
2026-05-27T15:26:36.889781,4727.9,05.0986,1.05152,05.3522
2026-05-27T15:26:37.913061,4728.9,05.1022,1.46635,07.4783
2026-05-27T15:26:38.890165,4729.9,05.1214,1.20420,06.1655
2026-05-27T15:26:39.913515,4730.9,05.1092,1.22660,06.2556
2026-05-27T15:26:40.893871,4731.9,05.1144,1.09844,05.6130
2026-05-27T15:26:41.918209,4732.9,05.0966,1.10749,05.6371
2026-05-27T15:26:42.894966,4733.9,05.1096,1.30969,06.6794
2026-05-27T15:26:43.916037,4734.9,05.1055,1.42678,07.2765
2026-05-27T15:26:44.890100,4735.9,05.1000,1.09778,05.5986
2026-05-27T15:26:45.912273,4736.9,05.1080,0.77406,03.9477
2026-05-27T15:26:46.931675,4737.9,05.1084,0.77257,03.9401
2026-05-27T15:26:47.908756,4738.9,05.1079,0.76854,03.9195
2026-05-27T15:26:48.929265,4739.9,05.1098,1.00235,05.1119
2026-05-27T15:26:49.902004,4740.9,05.1045,1.23996,06.3237
2026-05-27T15:26:50.922249,4741.9,05.1103,1.03976,05.3131
2026-05-27T15:26:51.897702,4742.9,05.1017,1.13144,05.7703
2026-05-27T15:26:52.920871,4743.9,05.0926,1.04486,05.3183
2026-05-27T15:26:53.898188,4744.9,05.0976,1.05769,05.3836
2026-05-27T15:26:54.920856,4745.9,05.1153,1.15242,05.8888
2026-05-27T15:26:55.898426,4746.9,05.1137,1.12892,05.7687
2026-05-27T15:26:56.920020,4747.9,05.1148,1.24104,06.3417
2026-05-27T15:26:57.894565,4748.9,05.1126,1.18144,06.0371
2026-05-27T15:26:58.916879,4749.9,05.0959,1.02941,05.2396
2026-05-27T15:26:59.891517,4750.9,05.1098,0.76755,03.9145
2026-05-27T15:27:00.911759,4751.9,05.1116,0.61958,03.1660
2026-05-27T15:27:01.933301,4752.9,05.1096,0.61849,03.1542
2026-05-27T15:27:02.907779,4753.9,05.0994,1.05475,05.3686
2026-05-27T15:27:03.934426,4754.9,05.1064,1.14009,05.8144
2026-05-27T15:27:04.913613,4755.9,05.1137,1.24340,06.3537
2026-05-27T15:27:05.935888,4756.9,05.1109,1.19646,06.1139
2026-05-27T15:27:06.910096,4757.9,05.1112,1.03717,05.2999
2026-05-27T15:27:07.933827,4758.9,05.1130,1.04803,05.3554
2026-05-27T15:27:08.912061,4759.9,05.1105,1.28522,06.5674
2026-05-27T15:27:09.935933,4760.9,05.1064,1.11573,05.6902
2026-05-27T15:27:10.912761,4761.9,05.1167,1.10501,05.6466
2026-05-27T15:27:11.937143,4762.9,05.1066,1.04208,05.3146
2026-05-27T15:27:12.911934,4763.9,05.1101,1.02827,05.2544
2026-05-27T15:27:13.932225,4764.9,05.1086,0.76779,03.9157
2026-05-27T15:27:14.903304,4765.9,05.1081,0.76685,03.9109
2026-05-27T15:27:15.922308,4766.9,05.1082,0.76545,03.9037
2026-05-27T15:27:16.897243,4767.9,05.1085,1.24169,06.3326
2026-05-27T15:27:17.918576,4768.9,05.1109,1.07691,05.5030
2026-05-27T15:27:18.939433,4769.9,05.1041,1.11715,05.6974
2026-05-27T15:27:19.916209,4770.9,05.1153,1.06749,05.4548
2026-05-27T15:27:20.894218,4771.9,05.1108,1.08138,05.5258
2026-05-27T15:27:21.917252,4772.9,05.1081,1.13898,05.8087
2026-05-27T15:27:22.935869,4773.9,05.1037,1.12753,05.7504
2026-05-27T15:27:23.910735,4774.9,05.1079,1.10303,05.6254
2026-05-27T15:27:24.931950,4775.9,05.1178,1.13600,05.8049
2026-05-27T15:27:25.908568,4776.9,05.1017,1.04334,05.3210
2026-05-27T15:27:26.929374,4777.9,05.0961,1.04618,05.3250
2026-05-27T15:27:27.904903,4778.9,05.1100,0.74891,03.8269
2026-05-27T15:27:28.922721,4779.9,05.1086,0.61707,03.1470
2026-05-27T15:27:29.894789,4780.9,05.1084,0.59906,03.0552
2026-05-27T15:27:30.914123,4781.9,05.1116,1.11201,05.6823
2026-05-27T15:27:31.935663,4782.9,05.1128,1.21335,06.2002
2026-05-27T15:27:32.913226,4783.9,05.1084,1.05744,05.3929
2026-05-27T15:27:33.936404,4784.9,05.1045,1.18607,06.0489
2026-05-27T15:27:34.911459,4785.9,05.1067,0.98399,05.0183
2026-05-27T15:27:35.932036,4786.9,05.1125,1.04758,05.3531
2026-05-27T15:27:36.908810,4787.9,05.1087,1.09952,05.6075
2026-05-27T15:27:37.930833,4788.9,05.1209,1.28601,06.5843
2026-05-27T15:27:38.909474,4789.9,05.1100,1.05114,05.3713
2026-05-27T15:27:39.933663,4790.9,05.1134,1.15130,05.8831
2026-05-27T15:27:40.909405,4791.9,05.1062,1.13980,05.8129
2026-05-27T15:27:41.934571,4792.9,05.1086,0.77040,03.9290
2026-05-27T15:27:42.908932,4793.9,05.1082,0.76857,03.9197
2026-05-27T15:27:43.928301,4794.9,05.1084,0.76556,03.9043
2026-05-27T15:27:44.904790,4795.9,05.1128,1.07277,05.4818
2026-05-27T15:27:45.929910,4796.9,05.1041,1.17419,05.9883
2026-05-27T15:27:46.906294,4797.9,05.1072,1.07079,05.4610
2026-05-27T15:27:47.929690,4798.9,05.1066,1.08367,05.5267
2026-05-27T15:27:48.908975,4799.9,05.1087,1.03834,05.2955
2026-05-27T15:27:49.931980,4800.9,05.1084,1.04161,05.3122
2026-05-27T15:27:50.909164,4801.9,05.1042,1.06936,05.4537
2026-05-27T15:27:51.934514,4802.9,05.1084,1.08492,05.5330
2026-05-27T15:27:52.912476,4803.9,05.1044,1.13567,05.7919
2026-05-27T15:27:53.934076,4804.9,05.1131,1.01947,05.2094
2026-05-27T15:27:54.910879,4805.9,05.1070,1.08690,05.5431
2026-05-27T15:27:55.932613,4806.9,05.1079,0.69869,03.5633
2026-05-27T15:27:56.905746,4807.9,05.1082,0.61778,03.1506
2026-05-27T15:27:57.927112,4808.9,05.1084,0.59351,03.0269
2026-05-27T15:27:58.901329,4809.9,05.1119,1.02361,05.2306
2026-05-27T15:27:59.923205,4810.9,05.1023,1.08328,05.5247
2026-05-27T15:28:00.944961,4811.9,05.1103,1.01097,05.1660
2026-05-27T15:28:01.918577,4812.9,05.1055,1.02775,05.2415
2026-05-27T15:28:02.941416,4813.9,05.1089,1.11938,05.7088
2026-05-27T15:28:03.920120,4814.9,05.1070,1.07022,05.4581
2026-05-27T15:28:04.942867,4815.9,05.1141,1.28177,06.5498
2026-05-27T15:28:05.920556,4816.9,05.1123,1.09440,05.5923
2026-05-27T15:28:06.941928,4817.9,05.1128,1.05587,05.3954
2026-05-27T15:28:07.917144,4818.9,05.1128,1.02564,05.2410
2026-05-27T15:28:08.940590,4819.9,05.1028,1.15482,05.8895
2026-05-27T15:28:09.916197,4820.9,05.1105,0.77219,03.9458
2026-05-27T15:28:10.939052,4821.9,05.1081,0.77041,03.9290
2026-05-27T15:28:11.914796,4822.9,05.1093,0.76674,03.9103
2026-05-27T15:28:12.936158,4823.9,05.1031,1.16951,05.9645
2026-05-27T15:28:13.912208,4824.9,05.1076,0.98409,05.0188
2026-05-27T15:28:14.936695,4825.9,05.1061,1.20544,06.1477
2026-05-27T15:28:15.916889,4826.9,05.1108,1.19319,06.0972
2026-05-27T15:28:16.940986,4827.9,05.1014,1.07110,05.4626
2026-05-27T15:28:17.920385,4828.9,05.1048,1.11434,05.6831
2026-05-27T15:28:18.942853,4829.9,05.1037,1.07353,05.4750
2026-05-27T15:28:19.918168,4830.9,05.1048,1.09296,05.5740
2026-05-27T15:28:20.942522,4831.9,05.1079,1.04936,05.3517
2026-05-27T15:28:21.920213,4832.9,05.1089,1.14301,05.8293
2026-05-27T15:28:22.944188,4833.9,05.1050,1.02691,05.2372
2026-05-27T15:28:23.919056,4834.9,05.1081,0.62043,03.1641
2026-05-27T15:28:24.937307,4835.9,05.1079,0.61925,03.1581
2026-05-27T15:28:25.910775,4836.9,05.1079,0.58927,03.0052
2026-05-27T15:28:26.933829,4837.9,05.1123,1.02669,05.2463
2026-05-27T15:28:27.911048,4838.9,05.1128,1.01116,05.1670
2026-05-27T15:28:28.935042,4839.9,05.1058,1.11140,05.6681
2026-05-27T15:28:29.913639,4840.9,05.1111,1.14954,05.8741
2026-05-27T15:28:30.936415,4841.9,05.1011,1.08150,05.5156
2026-05-27T15:28:31.916837,4842.9,05.1094,1.02704,05.2379
2026-05-27T15:28:32.939567,4843.9,05.1133,1.00714,05.1464
2026-05-27T15:28:33.919220,4844.9,05.1134,1.07575,05.4970
2026-05-27T15:28:34.942810,4845.9,05.1078,1.15724,05.9019
2026-05-27T15:28:35.919917,4846.9,05.1009,1.07823,05.4989
2026-05-27T15:28:36.942496,4847.9,05.1114,1.02673,05.2465
2026-05-27T15:28:37.916025,4848.9,05.1073,0.77617,03.9584
2026-05-27T15:28:38.937666,4849.9,05.1073,0.76539,03.9034
2026-05-27T15:28:39.913667,4850.9,05.1092,0.76606,03.9069
2026-05-27T15:28:40.937251,4851.9,05.1136,1.01847,05.2043
2026-05-27T15:28:41.913002,4852.9,05.1078,1.01091,05.1556
2026-05-27T15:28:42.937990,4853.9,05.1044,1.02485,05.2267
2026-05-27T15:28:43.914469,4854.9,05.1109,0.99662,05.0927
2026-05-27T15:28:44.934335,4855.9,05.1083,0.99262,05.0623
2026-05-27T15:28:45.910138,4856.9,05.1061,1.02260,05.2152
2026-05-27T15:28:46.933556,4857.9,05.1072,1.05657,05.3885
2026-05-27T15:28:47.911945,4858.9,05.1028,1.07934,05.5046
2026-05-27T15:28:48.934804,4859.9,05.1114,1.05935,05.4132
2026-05-27T15:28:49.912882,4860.9,05.1091,1.11912,05.7075
2026-05-27T15:28:50.936905,4861.9,05.1091,1.04696,05.3394
2026-05-27T15:28:51.911590,4862.9,05.1069,0.61676,03.1454
2026-05-27T15:28:52.930337,4863.9,05.1086,0.61721,03.1477
2026-05-27T15:28:53.948980,4864.9,05.1085,0.68820,03.5098
2026-05-27T15:28:54.926758,4865.9,05.1109,1.08950,05.5673
2026-05-27T15:28:55.950095,4866.9,05.1044,1.12069,05.7155
2026-05-27T15:28:56.926664,4867.9,05.1076,1.34511,06.8600
2026-05-27T15:28:57.950212,4868.9,05.1080,1.03239,05.2651
2026-05-27T15:28:58.930129,4869.9,05.1083,1.06968,05.4553
2026-05-27T15:28:59.955189,4870.9,05.1083,1.16084,05.9202
2026-05-27T15:29:00.934010,4871.9,05.1089,1.02638,05.2345
2026-05-27T15:29:01.957275,4872.9,05.0961,1.09489,05.5729
2026-05-27T15:29:02.937484,4873.9,05.1091,1.03801,05.2938
2026-05-27T15:29:03.916154,4874.9,05.1101,1.04536,05.3417
2026-05-27T15:29:04.942725,4875.9,05.1019,0.86124,04.3923
2026-05-27T15:29:05.919535,4876.9,05.1091,0.76637,03.9084
2026-05-27T15:29:06.943037,4877.9,05.1087,0.76565,03.9048
2026-05-27T15:29:07.916933,4878.9,05.1087,0.76539,03.9034
2026-05-27T15:29:08.939755,4879.9,05.0939,1.07189,05.4559
2026-05-27T15:29:09.917226,4880.9,05.1111,0.99362,05.0773
2026-05-27T15:29:10.942217,4881.9,05.1003,1.17778,06.0066
2026-05-27T15:29:11.918553,4882.9,05.1111,1.15325,05.8931
2026-05-27T15:29:12.943329,4883.9,05.1116,1.19423,06.1025
2026-05-27T15:29:13.918282,4884.9,05.1058,0.99977,05.0988
2026-05-27T15:29:14.941938,4885.9,05.1116,0.98328,05.0245
2026-05-27T15:29:15.917055,4886.9,05.1087,0.98702,05.0338
2026-05-27T15:29:16.939977,4887.9,05.1073,1.09086,05.5633
2026-05-27T15:29:17.919178,4888.9,05.1059,0.99035,05.0507
2026-05-27T15:29:18.943464,4889.9,05.1081,0.77333,03.9439
2026-05-27T15:29:19.917049,4890.9,05.1079,0.61418,03.1323
2026-05-27T15:29:20.938931,4891.9,05.1078,0.61472,03.1350
2026-05-27T15:29:21.960799,4892.9,05.1084,0.64343,03.2814
2026-05-27T15:29:22.937602,4893.9,05.1169,1.10841,05.6639
2026-05-27T15:29:23.961443,4894.9,05.1097,0.95793,04.8854
2026-05-27T15:29:24.940501,4895.9,05.0981,1.13394,05.7717
2026-05-27T15:29:25.918507,4896.9,05.1033,1.18499,06.0434
2026-05-27T15:29:26.943413,4897.9,05.1128,1.14681,05.8601
2026-05-27T15:29:27.921104,4898.9,05.1109,1.05263,05.3789
2026-05-27T15:29:28.945216,4899.9,05.1112,1.01907,05.2074
2026-05-27T15:29:29.921452,4900.9,05.1072,1.11333,05.6779
2026-05-27T15:29:30.942567,4901.9,05.1059,1.27827,06.5191
2026-05-27T15:29:31.918013,4902.9,05.1142,1.12375,05.7423
2026-05-27T15:29:32.942026,4903.9,05.1080,0.92272,04.7058
2026-05-27T15:29:33.959900,4904.9,05.1084,0.76899,03.9218
2026-05-27T15:29:34.934310,4905.9,05.1080,0.76705,03.9119
2026-05-27T15:29:35.955857,4906.9,05.1042,0.91577,04.6704
2026-05-27T15:29:36.935147,4907.9,05.1089,1.23894,06.3185
2026-05-27T15:29:37.958493,4908.9,05.1095,1.24867,06.3682
2026-05-27T15:29:38.935972,4909.9,05.1126,1.10620,05.6526
2026-05-27T15:29:39.959982,4910.9,05.1044,1.04985,05.3542
2026-05-27T15:29:40.936319,4911.9,05.1089,1.27532,06.5041
2026-05-27T15:29:41.959779,4912.9,05.0967,1.28353,06.5331
2026-05-27T15:29:42.937415,4913.9,05.1120,1.24941,06.3844
2026-05-27T15:29:43.959988,4914.9,05.1047,1.15112,05.8707
2026-05-27T15:29:44.936076,4915.9,05.1083,1.11367,05.6797
2026-05-27T15:29:45.957422,4916.9,05.1142,1.26845,06.4817
2026-05-27T15:29:46.935637,4917.9,05.1085,0.90305,04.6055
2026-05-27T15:29:47.955001,4918.9,05.1086,0.62568,03.1909
2026-05-27T15:29:48.928376,4919.9,05.1085,0.61449,03.1338
2026-05-27T15:29:49.948851,4920.9,05.1083,0.95148,04.8525
2026-05-27T15:29:50.929324,4921.9,05.1084,1.11155,05.6689
2026-05-27T15:29:51.953598,4922.9,05.1158,1.08225,05.5302
2026-05-27T15:29:52.931027,4923.9,05.1025,1.08427,05.5297
2026-05-27T15:29:53.955020,4924.9,05.1150,1.10150,05.6286
2026-05-27T15:29:54.932186,4925.9,05.1066,0.99492,05.0740
2026-05-27T15:29:55.956258,4926.9,05.1158,1.15250,05.8892
2026-05-27T15:29:56.933400,4927.9,05.0930,1.20103,06.1132
2026-05-27T15:29:57.954295,4928.9,05.1131,1.21801,06.2240
2026-05-27T15:29:58.930123,4929.9,05.1156,1.17595,06.0091
2026-05-27T15:29:59.953043,4930.9,05.1047,1.07193,05.4668
2026-05-27T15:30:00.926247,4931.9,05.1119,0.76727,03.9207
2026-05-27T15:30:01.946571,4932.9,05.1071,0.76763,03.9149
2026-05-27T15:30:02.964787,4933.9,05.1071,0.76569,03.9050
2026-05-27T15:30:03.938981,4934.9,05.0930,1.29616,06.5974
2026-05-27T15:30:04.961069,4935.9,05.1145,1.15838,05.9193
2026-05-27T15:30:05.937268,4936.9,05.0958,1.26036,06.4152
2026-05-27T15:30:06.959103,4937.9,05.1141,1.07505,05.4935
2026-05-27T15:30:07.935645,4938.9,05.1114,1.12878,05.7680
2026-05-27T15:30:08.957635,4939.9,05.1036,1.02944,05.2501
2026-05-27T15:30:09.933096,4940.9,05.1147,1.11249,05.6848
2026-05-27T15:30:10.955062,4941.9,05.1023,1.17646,05.9999
2026-05-27T15:30:11.929885,4942.9,05.1056,1.13831,05.8053
2026-05-27T15:30:12.952847,4943.9,05.1058,1.29621,06.6106
2026-05-27T15:30:13.927441,4944.9,05.1098,1.32645,06.7648
2026-05-27T15:30:14.949606,4945.9,05.1073,0.76391,03.8959
2026-05-27T15:30:15.969031,4946.9,05.1074,0.61935,03.1586
2026-05-27T15:30:16.942513,4947.9,05.1076,0.61800,03.1518
2026-05-27T15:30:17.963222,4948.9,05.1023,1.16428,05.9378
2026-05-27T15:30:18.938922,4949.9,05.1131,1.24781,06.3763
2026-05-27T15:30:19.958500,4950.9,05.1008,1.30802,06.6709
2026-05-27T15:30:20.934393,4951.9,05.1098,1.16155,05.9239
2026-05-27T15:30:21.957178,4952.9,05.1089,1.16712,05.9523
2026-05-27T15:30:22.934016,4953.9,05.1088,1.02971,05.2515
2026-05-27T15:30:23.954713,4954.9,05.1061,1.05888,05.4002
2026-05-27T15:30:24.931612,4955.9,05.1051,1.00593,05.1302
2026-05-27T15:30:25.951259,4956.9,05.1030,1.15625,05.8968
2026-05-27T15:30:26.931332,4957.9,05.1139,1.33309,06.8120
2026-05-27T15:30:27.952588,4958.9,05.0980,1.16937,05.9520
2026-05-27T15:30:28.971701,4959.9,05.1070,0.77179,03.9361
2026-05-27T15:30:29.944095,4960.9,05.1068,0.76935,03.9236
2026-05-27T15:30:30.961906,4961.9,05.1076,0.76512,03.9021
2026-05-27T15:30:31.935237,4962.9,05.1114,1.10875,05.6657
2026-05-27T15:30:32.955970,4963.9,05.1170,1.06123,05.4228
2026-05-27T15:30:33.930636,4964.9,05.0987,1.21945,06.2070
2026-05-27T15:30:34.951955,4965.9,05.1105,1.09961,05.6190
2026-05-27T15:30:35.973393,4966.9,05.1034,1.14172,05.8227
2026-05-27T15:30:36.949194,4967.9,05.1034,1.24322,06.3404
2026-05-27T15:30:37.970995,4968.9,05.1070,1.16217,05.9270
2026-05-27T15:30:38.945924,4969.9,05.1042,1.05992,05.4055
2026-05-27T15:30:39.969012,4970.9,05.1086,1.08423,05.5295
2026-05-27T15:30:40.943784,4971.9,05.1105,1.12133,05.7299
2026-05-27T15:30:41.965584,4972.9,05.1105,1.07735,05.5052
2026-05-27T15:30:42.940711,4973.9,05.1087,0.76802,03.9169
2026-05-27T15:30:43.959179,4974.9,05.1089,0.76744,03.9139
2026-05-27T15:30:44.977146,4975.9,05.1089,0.76619,03.9075
2026-05-27T15:30:45.953539,4976.9,05.1105,1.10462,05.6446
2026-05-27T15:30:46.974272,4977.9,05.1088,1.06863,05.4500
2026-05-27T15:30:47.949381,4978.9,05.1048,1.03392,05.2729
2026-05-27T15:30:48.971766,4979.9,05.1033,1.05444,05.3776
2026-05-27T15:30:49.948040,4980.9,05.1103,1.13482,05.7989
2026-05-27T15:30:50.969278,4981.9,05.1091,1.02361,05.2204
2026-05-27T15:30:51.944268,4982.9,05.1089,1.03331,05.2698
2026-05-27T15:30:52.965066,4983.9,05.1053,0.97794,04.9874
2026-05-27T15:30:53.938968,4984.9,05.1006,1.05916,05.4017
2026-05-27T15:30:54.958551,4985.9,05.1058,1.40465,07.1637
2026-05-27T15:30:55.977972,4986.9,05.1039,1.12395,05.7321
2026-05-27T15:30:56.952820,4987.9,05.1072,0.76470,03.8999
2026-05-27T15:30:57.972119,4988.9,05.1068,0.76534,03.9032
2026-05-27T15:30:58.945929,4989.9,05.1073,0.61465,03.1347
2026-05-27T15:30:59.964933,4990.9,05.1047,1.03175,05.2619
2026-05-27T15:31:00.941565,4991.9,05.1070,1.07954,05.5056
2026-05-27T15:31:01.961809,4992.9,05.0970,1.00331,05.1068
2026-05-27T15:31:02.937861,4993.9,05.1073,1.06527,05.4328
2026-05-27T15:31:03.960192,4994.9,05.1105,1.06236,05.4286
2026-05-27T15:31:04.938590,4996.0,05.1023,1.06055,05.4088
2026-05-27T15:31:05.962713,4997.0,05.1148,1.18391,06.0497
2026-05-27T15:31:06.939850,4998.0,05.1042,1.26338,06.4432
2026-05-27T15:31:07.963877,4999.0,05.1091,1.08189,05.5176
2026-05-27T15:31:08.941986,5000.0,05.1125,1.14098,05.8304
2026-05-27T15:31:09.964084,5001.0,05.0970,1.07830,05.4885
2026-05-27T15:31:10.982079,5002.0,05.1079,0.76884,03.9210
2026-05-27T15:31:11.953500,5003.0,05.1080,0.76693,03.9113
2026-05-27T15:31:12.973723,5004.0,05.1081,0.76378,03.8952
2026-05-27T15:31:13.948017,5005.0,05.0976,1.07080,05.4503
2026-05-27T15:31:14.969912,5006.0,05.1095,0.99728,05.0861
2026-05-27T15:31:15.945509,5007.0,05.1105,1.23183,06.2946
2026-05-27T15:31:16.966189,5008.0,05.1062,1.05563,05.3837
2026-05-27T15:31:17.940549,5009.0,05.1094,1.11756,05.6995
2026-05-27T15:31:18.959945,5010.0,05.1012,1.03800,05.2938
2026-05-27T15:31:19.978884,5011.0,05.1034,1.01425,05.1726
2026-05-27T15:31:20.954421,5012.0,05.1073,1.00770,05.1392
2026-05-27T15:31:21.974934,5013.0,05.1076,1.12132,05.7187
2026-05-27T15:31:22.947626,5014.0,05.1008,1.00599,05.1305
2026-05-27T15:31:23.965143,5015.0,05.1048,1.23615,06.3043
2026-05-27T15:31:24.981934,5016.0,05.1101,0.64324,03.2869
2026-05-27T15:31:25.953484,5017.0,05.1068,0.60563,03.0887
2026-05-27T15:31:26.968254,5018.0,05.1079,0.59217,03.0200
2026-05-27T15:31:27.986578,5019.0,05.1088,1.13272,05.7768
2026-05-27T15:31:28.960449,5020.0,05.0970,0.97928,04.9845
2026-05-27T15:31:29.981773,5021.0,05.1167,1.05697,05.4011
2026-05-27T15:31:30.956148,5022.0,05.1072,1.05365,05.3736
2026-05-27T15:31:31.976087,5023.0,05.1098,1.22268,06.2356
2026-05-27T15:31:32.950287,5024.0,05.1119,1.00376,05.1292
2026-05-27T15:31:33.968887,5025.0,05.1109,1.05887,05.4108
2026-05-27T15:31:34.943611,5026.0,05.1062,1.07356,05.4751
2026-05-27T15:31:35.965118,5027.0,05.1137,1.05971,05.4151
2026-05-27T15:31:36.985802,5028.0,05.1086,1.02721,05.2387
2026-05-27T15:31:37.960028,5029.0,05.1028,1.06506,05.4318
2026-05-27T15:31:38.979899,5030.0,05.1084,0.75240,03.8372
2026-05-27T15:31:39.955855,5031.0,05.1084,0.75019,03.8259
2026-05-27T15:31:40.977024,5032.0,05.1079,0.74687,03.8090
2026-05-27T15:31:41.950541,5033.0,05.1130,1.07412,05.4887
2026-05-27T15:31:42.972326,5034.0,05.1011,0.98142,05.0052
2026-05-27T15:31:43.947590,5035.0,05.1019,1.01528,05.1779
2026-05-27T15:31:44.968224,5036.0,05.1084,1.05401,05.3754
2026-05-27T15:31:45.987254,5037.0,05.1072,0.98927,05.0452
2026-05-27T15:31:46.960729,5038.0,05.1068,1.02626,05.2339
2026-05-27T15:31:47.982165,5039.0,05.1109,1.10827,05.6632
2026-05-27T15:31:48.958930,5040.0,05.1119,1.04880,05.3593
2026-05-27T15:31:49.983332,5041.0,05.1070,1.14543,05.8416
2026-05-27T15:31:50.958043,5042.0,05.1092,1.16554,05.9442
2026-05-27T15:31:51.981180,5043.0,05.1070,1.01054,05.1537
2026-05-27T15:31:52.957765,5044.0,05.1109,0.71527,03.6550
2026-05-27T15:31:53.975178,5045.0,05.1109,0.61910,03.1636
2026-05-27T15:31:54.949795,5046.0,05.1091,0.61774,03.1504
2026-05-27T15:31:55.969890,5047.0,05.1012,1.14863,05.8580
2026-05-27T15:31:56.990887,5048.0,05.1088,1.23528,06.2999
2026-05-27T15:31:57.967248,5049.0,05.0997,1.15035,05.8552
2026-05-27T15:31:58.988808,5050.0,05.1086,1.05946,05.4032
2026-05-27T15:31:59.964374,5051.0,05.1159,1.00536,05.1373
2026-05-27T15:32:00.984748,5052.0,05.1088,1.01882,05.1959
2026-05-27T15:32:01.962441,5053.0,05.1041,1.03297,05.2681
2026-05-27T15:32:02.983498,5054.0,05.1042,1.12712,05.7483
2026-05-27T15:32:03.957497,5055.0,05.1056,1.01360,05.1693
2026-05-27T15:32:04.979118,5056.0,05.1026,1.03433,05.2750
2026-05-27T15:32:05.954733,5057.0,05.1076,0.96758,04.9346
2026-05-27T15:32:06.974973,5058.0,05.1085,0.77230,03.9387
2026-05-27T15:32:07.950175,5059.0,05.1086,0.76194,03.8858
2026-05-27T15:32:08.967762,5060.0,05.1084,0.76395,03.8961
2026-05-27T15:32:09.990277,5061.0,05.1098,1.05471,05.3790
2026-05-27T15:32:10.966203,5062.0,05.1082,1.04933,05.3515
2026-05-27T15:32:11.986939,5063.0,05.1150,1.26941,06.4866
2026-05-27T15:32:12.962861,5064.0,05.1070,1.10047,05.6123
2026-05-27T15:32:13.985623,5065.0,05.1005,1.20567,06.1489
2026-05-27T15:32:14.961249,5066.0,05.1050,1.06678,05.4405
2026-05-27T15:32:15.983696,5067.0,05.0919,1.02864,05.2357
2026-05-27T15:32:16.957969,5068.0,05.1128,1.04210,05.3251
2026-05-27T15:32:17.980086,5069.0,05.1092,1.02175,05.2109
2026-05-27T15:32:18.954405,5070.0,05.1106,1.07150,05.4753
2026-05-27T15:32:19.975310,5071.0,05.1105,0.85239,04.3557
2026-05-27T15:32:20.993949,5072.0,05.1081,0.62039,03.1639
2026-05-27T15:32:21.965411,5073.0,05.1065,0.61967,03.1603
2026-05-27T15:32:22.983809,5074.0,05.1082,0.61701,03.1467
2026-05-27T15:32:23.961762,5075.0,05.1085,1.06891,05.4514
2026-05-27T15:32:24.983028,5076.0,05.1048,0.98114,05.0038
2026-05-27T15:32:25.958293,5077.0,05.1091,1.14778,05.8536
2026-05-27T15:32:26.978182,5078.0,05.1005,1.25017,06.3758
2026-05-27T15:32:27.954748,5079.0,05.1159,1.18441,06.0523
2026-05-27T15:32:28.975221,5080.0,05.1080,1.11958,05.7098
2026-05-27T15:32:29.994312,5081.0,05.1062,0.99511,05.0750
2026-05-27T15:32:30.971468,5082.0,05.1081,1.03093,05.2577
2026-05-27T15:32:31.994572,5083.0,05.1066,1.29159,06.5871
2026-05-27T15:32:32.967821,5084.0,05.1047,1.13057,05.7659
2026-05-27T15:32:33.988200,5085.0,05.1101,0.77294,03.9497
2026-05-27T15:32:34.959699,5086.0,05.1076,0.77037,03.9288
2026-05-27T15:32:35.977962,5087.0,05.1073,0.76740,03.9137
2026-05-27T15:32:36.997851,5088.0,05.0980,0.88083,04.4834
2026-05-27T15:32:37.974084,5089.0,05.1065,1.22426,06.2437
2026-05-27T15:32:38.995088,5090.0,05.1112,1.12481,05.7477
2026-05-27T15:32:39.967811,5091.0,05.1022,1.00518,05.1264
2026-05-27T15:32:40.986201,5092.0,05.1139,1.13798,05.8150
2026-05-27T15:32:41.961141,5093.0,05.0998,1.08845,05.5402
2026-05-27T15:32:42.979430,5094.0,05.0992,1.18759,06.0448
2026-05-27T15:32:44.001850,5095.0,05.1147,1.15305,05.8920
2026-05-27T15:32:44.974731,5096.0,05.1098,1.20798,06.1606
2026-05-27T15:32:45.994763,5097.0,05.0959,1.27661,06.4979
2026-05-27T15:32:46.970290,5098.0,05.1052,1.19723,06.1058
2026-05-27T15:32:47.992576,5099.0,05.1083,0.77172,03.9357
2026-05-27T15:32:48.964597,5100.0,05.1098,0.61768,03.1501
2026-05-27T15:32:49.982085,5101.0,05.1088,0.61806,03.1521
2026-05-27T15:32:51.001135,5102.0,05.0987,0.84431,04.2975
2026-05-27T15:32:51.977434,5103.0,05.1062,1.21751,06.2093
2026-05-27T15:32:52.999175,5104.0,05.0986,1.11746,05.6878
2026-05-27T15:32:53.973216,5105.0,05.1106,1.01733,05.1985
2026-05-27T15:32:54.995009,5106.0,05.1105,1.07008,05.4681
2026-05-27T15:32:55.970119,5107.0,05.1172,1.06421,05.4381
2026-05-27T15:32:56.994140,5108.0,05.1062,1.32790,06.7722
2026-05-27T15:32:57.973666,5109.0,05.0928,1.21362,06.1773
2026-05-27T15:32:58.998531,5110.0,05.1150,1.11464,05.6958
2026-05-27T15:32:59.973697,5111.0,05.0978,1.09525,05.5748
2026-05-27T15:33:00.996193,5112.0,05.1061,1.11775,05.7005
2026-05-27T15:33:01.970747,5113.0,05.1086,0.76717,03.9125
2026-05-27T15:33:02.988129,5114.0,05.1085,0.76636,03.9084
2026-05-27T15:33:03.960064,5115.0,05.1086,0.76444,03.8986
2026-05-27T15:33:04.981226,5116.0,05.0978,1.35738,06.9090
2026-05-27T15:33:06.003755,5117.0,05.1097,1.12571,05.7411
2026-05-27T15:33:06.980623,5118.0,05.1134,1.39352,07.1208
2026-05-27T15:33:08.000663,5119.0,05.1136,1.06655,05.4500
2026-05-27T15:33:08.975804,5120.0,05.1156,1.07622,05.4994
2026-05-27T15:33:09.995970,5121.0,05.1105,1.17419,06.0001
2026-05-27T15:33:10.972435,5122.0,05.1023,1.41084,07.1952
2026-05-27T15:33:11.995697,5123.0,05.1058,1.15243,05.8773
2026-05-27T15:33:12.971506,5124.0,05.1133,1.23648,06.3184
2026-05-27T15:33:13.992709,5125.0,05.1051,1.06362,05.4244
2026-05-27T15:33:14.968781,5126.0,05.1067,1.12751,05.7503
2026-05-27T15:33:15.988812,5127.0,05.1089,0.76875,03.9206
2026-05-27T15:33:17.005304,5128.0,05.1074,0.62158,03.1700
2026-05-27T15:33:17.976293,5129.0,05.1084,0.59258,03.0221
2026-05-27T15:33:18.995984,5130.0,05.0955,1.08646,05.5300
2026-05-27T15:33:19.972397,5131.0,05.0981,1.27912,06.5107
2026-05-27T15:33:20.993670,5132.0,05.1112,1.07716,05.5042
2026-05-27T15:33:21.969227,5133.0,05.1089,1.14030,05.8155
2026-05-27T15:33:22.992211,5134.0,05.1090,1.06353,05.4240
2026-05-27T15:33:23.967342,5135.0,05.1136,1.19883,06.1260
2026-05-27T15:33:24.989740,5136.0,05.1086,1.13490,05.7879
2026-05-27T15:33:25.966628,5137.0,05.1150,1.11908,05.7184
2026-05-27T15:33:26.987927,5138.0,05.1159,1.25758,06.4262
2026-05-27T15:33:28.008182,5139.0,05.1097,1.14680,05.8486
2026-05-27T15:33:28.984934,5140.0,05.1144,1.08399,05.5391
2026-05-27T15:33:30.003619,5141.0,05.1097,0.77384,03.9465
2026-05-27T15:33:30.977602,5142.0,05.1094,0.77125,03.9333
2026-05-27T15:33:31.995051,5143.0,05.1091,0.76559,03.9045
2026-05-27T15:33:32.967961,5144.0,05.0922,1.07768,05.4853
2026-05-27T15:33:33.988780,5145.0,05.1080,1.05253,05.3679
2026-05-27T15:33:34.966461,5146.0,05.0984,1.26311,06.4292
2026-05-27T15:33:35.987879,5147.0,05.1089,1.09741,05.5967
2026-05-27T15:33:37.009825,5148.0,05.1092,1.02131,05.2086
2026-05-27T15:33:37.984633,5149.0,05.1050,1.06002,05.4061
2026-05-27T15:33:39.004122,5150.0,05.1064,1.09863,05.6030
2026-05-27T15:33:39.977861,5151.0,05.1064,1.19808,06.1102
2026-05-27T15:33:40.998081,5152.0,05.1128,1.04050,05.3169
2026-05-27T15:33:41.972403,5153.0,05.1055,1.23347,06.2906
2026-05-27T15:33:42.991515,5154.0,05.1026,1.14389,05.8338
2026-05-27T15:33:44.012214,5155.0,05.1080,0.72650,03.7051
2026-05-27T15:33:44.983140,5156.0,05.1078,0.62108,03.1675
2026-05-27T15:33:46.001449,5157.0,05.1071,0.61841,03.1538
2026-05-27T15:33:46.974473,5158.0,05.1123,1.04459,05.3378
2026-05-27T15:33:47.993098,5159.0,05.1131,1.18328,06.0465
2026-05-27T15:33:49.012869,5160.0,05.1028,1.05218,05.3661
2026-05-27T15:33:49.986504,5161.0,05.0955,1.06105,05.4007
2026-05-27T15:33:51.007644,5162.0,05.1039,1.15257,05.8781
2026-05-27T15:33:51.980605,5163.0,05.1177,1.11299,05.6873
2026-05-27T15:33:52.999943,5164.0,05.1011,1.15490,05.8899
2026-05-27T15:33:53.972215,5165.0,05.1034,1.20120,06.1261
2026-05-27T15:33:54.991760,5166.0,05.1112,1.14433,05.8475
2026-05-27T15:33:56.011433,5167.0,05.1075,1.04391,05.3239
2026-05-27T15:33:56.984503,5168.0,05.1116,1.02499,05.2376
2026-05-27T15:33:58.005044,5169.0,05.1084,0.75268,03.8386
2026-05-27T15:33:58.980707,5170.0,05.1072,0.75186,03.8344
2026-05-27T15:34:00.001055,5171.0,05.1078,0.74968,03.8233
2026-05-27T15:34:00.975036,5172.0,05.1014,1.06287,05.4206
2026-05-27T15:34:01.995934,5173.0,05.1083,1.02438,05.2243
2026-05-27T15:34:02.971339,5174.0,05.1092,1.15293,05.8799
2026-05-27T15:34:03.991165,5175.0,05.1106,1.00583,05.1397
2026-05-27T15:34:05.010054,5176.0,05.1111,1.02163,05.2205
2026-05-27T15:34:05.986503,5177.0,05.1173,1.09523,05.5966
2026-05-27T15:34:07.009453,5178.0,05.1045,1.24279,06.3382
2026-05-27T15:34:07.983404,5179.0,05.1080,1.15301,05.8803
2026-05-27T15:34:09.005401,5180.0,05.1097,1.06538,05.4334
2026-05-27T15:34:09.982922,5181.0,05.1075,1.14945,05.8621
2026-05-27T15:34:11.007586,5182.0,05.1000,1.10313,05.6259
2026-05-27T15:34:11.982484,5183.0,05.1074,0.77515,03.9532
2026-05-27T15:34:13.005649,5184.0,05.1074,0.61839,03.1537
2026-05-27T15:34:13.981197,5185.0,05.1078,0.61894,03.1565
2026-05-27T15:34:15.003392,5186.0,05.1051,1.18390,06.0378
2026-05-27T15:34:15.983013,5187.0,05.1061,1.07991,05.5075
2026-05-27T15:34:17.009390,5188.0,05.1047,1.08256,05.5210
2026-05-27T15:34:17.985707,5189.0,05.1120,1.13587,05.8042
2026-05-27T15:34:19.009477,5190.0,05.1066,1.06069,05.4095
2026-05-27T15:34:19.987146,5191.0,05.1028,1.03525,05.2797
2026-05-27T15:34:21.012936,5192.0,05.1044,1.13373,05.7820
2026-05-27T15:34:21.992193,5193.0,05.1108,1.08904,05.5649
2026-05-27T15:34:23.016796,5194.0,05.1044,1.01114,05.1568
2026-05-27T15:34:23.997081,5195.0,05.1078,1.13285,05.7775
2026-05-27T15:34:25.020646,5196.0,05.1065,1.09923,05.6060
2026-05-27T15:34:25.999374,5197.0,05.1064,0.77158,03.9350
2026-05-27T15:34:27.020738,5198.0,05.1067,0.76982,03.9260
2026-05-27T15:34:27.995338,5199.0,05.1076,0.76739,03.9136
2026-05-27T15:34:29.017598,5200.0,05.0976,1.09218,05.5591
2026-05-27T15:34:29.998901,5201.0,05.1045,1.10070,05.6135
2026-05-27T15:34:31.022824,5202.0,05.1108,1.15187,05.8860
2026-05-27T15:34:32.003576,5203.0,05.1074,1.06250,05.4187
2026-05-27T15:34:32.983170,5204.0,05.1070,1.02964,05.2511
2026-05-27T15:34:34.005676,5205.0,05.1075,0.99641,05.0816
2026-05-27T15:34:34.981154,5206.0,05.1068,1.05858,05.3987
2026-05-27T15:34:36.001744,5207.0,05.1101,1.04921,05.3614
2026-05-27T15:34:37.021297,5208.0,05.1101,1.15823,05.9185
2026-05-27T15:34:37.996458,5209.0,05.1055,1.08317,05.5241
2026-05-27T15:34:39.018104,5210.0,05.1066,1.04699,05.3396
2026-05-27T15:34:39.990751,5211.0,05.1083,0.71898,03.6667
2026-05-27T15:34:41.008843,5212.0,05.1090,0.62195,03.1719
2026-05-27T15:34:41.981034,5213.0,05.1083,0.62092,03.1666
2026-05-27T15:34:43.001895,5214.0,05.1084,1.10331,05.6268
2026-05-27T15:34:44.023728,5215.0,05.1086,1.15593,05.8952
2026-05-27T15:34:44.997658,5216.0,05.1028,1.04259,05.3172
2026-05-27T15:34:46.020233,5217.0,05.1045,1.06557,05.4344
2026-05-27T15:34:46.996257,5218.0,05.1083,1.04273,05.3179
2026-05-27T15:34:48.018010,5219.0,05.1089,1.11684,05.6958
2026-05-27T15:34:48.996701,5220.0,05.1111,1.05315,05.3815
2026-05-27T15:34:50.018220,5221.0,05.1101,1.02952,05.2608
2026-05-27T15:34:50.994531,5222.0,05.1094,1.13219,05.7741
2026-05-27T15:34:52.016235,5223.0,05.1094,1.03213,05.2638
2026-05-27T15:34:52.995226,5224.0,05.1073,1.08394,05.5280
2026-05-27T15:34:54.016075,5225.0,05.1088,0.76861,03.9199
2026-05-27T15:34:54.989575,5226.0,05.1088,0.76770,03.9152
2026-05-27T15:34:56.009029,5227.0,05.1082,0.76612,03.9072
2026-05-27T15:34:56.984976,5228.0,05.1064,1.08470,05.5319
2026-05-27T15:34:58.005759,5229.0,05.1122,1.01165,05.1695
2026-05-27T15:34:59.028089,5230.0,05.1064,1.00263,05.1134
2026-05-27T15:35:00.004111,5231.0,05.1123,1.08249,05.5315
2026-05-27T15:35:01.026364,5232.0,05.1117,1.15573,05.9057
2026-05-27T15:35:02.002132,5233.0,05.1136,0.98808,05.0490
2026-05-27T15:35:03.022853,5234.0,05.1100,1.01502,05.1867
2026-05-27T15:35:03.998181,5235.0,05.1133,1.17758,06.0174
2026-05-27T15:35:05.023551,5236.0,05.1091,1.04440,05.3264
2026-05-27T15:35:05.999982,5237.0,05.1056,1.06697,05.4415
2026-05-27T15:35:07.024555,5238.0,05.1059,1.09721,05.5957
2026-05-27T15:35:07.997931,5239.0,05.1078,0.68931,03.5154
2026-05-27T15:35:09.014286,5240.0,05.1103,0.62160,03.1763
2026-05-27T15:35:09.985196,5241.0,05.1095,0.67231,03.4287
2026-05-27T15:35:11.004678,5242.0,05.1097,0.98910,05.0444
2026-05-27T15:35:12.028104,5243.0,05.1119,1.08451,05.5418
2026-05-27T15:35:13.001596,5244.0,05.1066,1.06044,05.4082
2026-05-27T15:35:14.022594,5245.0,05.1084,1.03637,05.2854
2026-05-27T15:35:15.001755,5246.0,05.1142,1.11221,05.6833
2026-05-27T15:35:16.024293,5247.0,05.1051,1.15894,05.9105
2026-05-27T15:35:17.002416,5248.0,05.0992,1.22209,06.2204
2026-05-27T15:35:18.024999,5249.0,05.1089,1.15075,05.8688
2026-05-27T15:35:19.003733,5250.0,05.1067,1.07186,05.4664
2026-05-27T15:35:20.025035,5251.0,05.1011,1.01327,05.1676
2026-05-27T15:35:20.999112,5252.0,05.1095,0.99691,05.0842
2026-05-27T15:35:22.019502,5253.0,05.1091,0.76805,03.9170
2026-05-27T15:35:22.994645,5254.0,05.1090,0.76654,03.9093
2026-05-27T15:35:24.017636,5255.0,05.0981,0.91633,04.6641
2026-05-27T15:35:24.998745,5256.0,05.1051,1.04837,05.3466
2026-05-27T15:35:26.021763,5257.0,05.1130,1.02747,05.2503
2026-05-27T15:35:26.999257,5258.0,05.1089,1.20211,06.1307
2026-05-27T15:35:28.023607,5259.0,05.1172,1.28728,06.5780
2026-05-27T15:35:29.002211,5260.0,05.1072,1.28644,06.5608
2026-05-27T15:35:30.026720,5261.0,05.0992,1.33530,06.7966
2026-05-27T15:35:31.004499,5262.0,05.1051,1.00660,05.1336
2026-05-27T15:35:32.030007,5263.0,05.1061,1.07258,05.4701
2026-05-27T15:35:33.006565,5264.0,05.1001,1.23681,06.3077
2026-05-27T15:35:34.028075,5265.0,05.1071,1.04009,05.3044
2026-05-27T15:35:35.004172,5266.0,05.1067,0.76829,03.9182
2026-05-27T15:35:36.024279,5267.0,05.1089,0.66967,03.4153
2026-05-27T15:35:36.998507,5268.0,05.1069,0.61906,03.1572
2026-05-27T15:35:38.018596,5269.0,05.1092,0.67520,03.4435
2026-05-27T15:35:38.998337,5270.0,05.1017,1.02498,05.2273
2026-05-27T15:35:40.020536,5271.0,05.1119,1.14028,05.8268
2026-05-27T15:35:40.997818,5272.0,05.1119,1.21357,06.2013
2026-05-27T15:35:42.023076,5273.0,05.1144,1.20396,06.1522
2026-05-27T15:35:43.000590,5274.0,05.1123,1.12094,05.7280
2026-05-27T15:35:44.022989,5275.0,05.1084,1.33172,06.7917
2026-05-27T15:35:44.998273,5276.0,05.1089,1.27165,06.4854
2026-05-27T15:35:46.020529,5277.0,05.1084,1.16714,05.9524
2026-05-27T15:35:47.000217,5278.0,05.1080,1.16697,05.9515
2026-05-27T15:35:48.021478,5279.0,05.1082,0.99649,05.0820
2026-05-27T15:35:48.996125,5280.0,05.1079,0.76945,03.9241
2026-05-27T15:35:50.013579,5281.0,05.1076,0.76855,03.9196
2026-05-27T15:35:51.031018,5282.0,05.1083,0.76618,03.9075
2026-05-27T15:35:52.004426,5283.0,05.1062,0.99930,05.0964
2026-05-27T15:35:53.025318,5284.0,05.1082,1.36666,06.9699
2026-05-27T15:35:54.001268,5285.0,05.1079,1.04375,05.3231
2026-05-27T15:35:55.022037,5286.0,05.0986,1.06476,05.4196
2026-05-27T15:35:55.996155,5287.0,05.0991,1.11287,05.6645
2026-05-27T15:35:57.018443,5288.0,05.1122,1.31471,06.7181
2026-05-27T15:35:57.993743,5289.0,05.1122,1.24826,06.3786
2026-05-27T15:35:59.015000,5290.0,05.1087,1.23261,06.2863
2026-05-27T15:36:00.036382,5291.0,05.0948,1.30473,06.6410
2026-05-27T15:36:01.014885,5292.0,05.1058,1.19544,06.0967
2026-05-27T15:36:02.037766,5293.0,05.1141,1.06311,05.4324
2026-05-27T15:36:03.015974,5294.0,05.1084,0.77012,03.9276
2026-05-27T15:36:04.035522,5295.0,05.1088,0.62407,03.1827
2026-05-27T15:36:05.008286,5296.0,05.1082,0.62091,03.1666
2026-05-27T15:36:06.028374,5297.0,05.1048,1.06354,05.4240
2026-05-27T15:36:07.008084,5298.0,05.1164,1.15013,05.8771
2026-05-27T15:36:08.036569,5299.0,05.1044,1.23352,06.2909
2026-05-27T15:36:09.015555,5300.0,05.1050,1.06415,05.4271
2026-05-27T15:36:10.038804,5301.0,05.1080,1.10415,05.6311
2026-05-27T15:36:11.015895,5302.0,05.1095,1.14624,05.8458
2026-05-27T15:36:12.037928,5303.0,05.1145,1.11708,05.7082
2026-05-27T15:36:13.015170,5304.0,05.0914,1.12126,05.7072
2026-05-27T15:36:14.039398,5305.0,05.1166,1.11429,05.6940
2026-05-27T15:36:15.015909,5306.0,05.1131,1.07451,05.4907
2026-05-27T15:36:15.997853,5307.0,05.1045,1.14407,05.8347
2026-05-27T15:36:17.018085,5308.0,05.1136,0.76818,03.9253
2026-05-27T15:36:18.037231,5309.0,05.1071,0.76743,03.9138
2026-05-27T15:36:19.010608,5310.0,05.1077,0.76497,03.9013
2026-05-27T15:36:20.029051,5311.0,05.0994,0.98922,05.0351
2026-05-27T15:36:21.003810,5312.0,05.1126,1.02562,05.2409
2026-05-27T15:36:22.023105,5313.0,05.1067,1.10639,05.6425
2026-05-27T15:36:22.997703,5314.0,05.1055,1.03899,05.2988
2026-05-27T15:36:24.019605,5315.0,05.0950,1.06045,05.3976
2026-05-27T15:36:25.043018,5316.0,05.1059,1.11411,05.6819
2026-05-27T15:36:26.018781,5317.0,05.1086,1.05479,05.3794
2026-05-27T15:36:27.040064,5318.0,05.1134,1.09313,05.5858
2026-05-27T15:36:28.013592,5319.0,05.1108,1.08012,05.5194
2026-05-27T15:36:29.032235,5320.0,05.1211,1.08908,05.5760
2026-05-27T15:36:30.006712,5321.0,05.1184,1.17662,06.0125
2026-05-27T15:36:31.026926,5322.0,05.1119,0.77066,03.9380
2026-05-27T15:36:31.999874,5323.0,05.1084,0.61833,03.1534
2026-05-27T15:36:33.017849,5324.0,05.1093,0.61651,03.1442
2026-05-27T15:36:34.037025,5325.0,05.1144,1.06768,05.4558
2026-05-27T15:36:35.009926,5326.0,05.1096,1.09536,05.5863
2026-05-27T15:36:36.029771,5327.0,05.1019,1.09431,05.5809
2026-05-27T15:36:37.005120,5328.0,05.1050,0.97101,04.9521
2026-05-27T15:36:38.025024,5329.0,05.1212,1.10635,05.6645
2026-05-27T15:36:39.043917,5330.0,05.1125,0.97058,04.9596
2026-05-27T15:36:40.017444,5331.0,05.1042,1.18911,06.0644
2026-05-27T15:36:41.038271,5332.0,05.1086,1.08649,05.5410
2026-05-27T15:36:42.011393,5333.0,05.1130,1.03875,05.3080
2026-05-27T15:36:43.029446,5334.0,05.1075,1.13569,05.7920
2026-05-27T15:36:44.001245,5335.0,05.1085,1.08339,05.5252
2026-05-27T15:36:45.021675,5336.0,05.1061,0.77237,03.9390
2026-05-27T15:36:46.041932,5337.0,05.1082,0.77060,03.9300
2026-05-27T15:36:47.013508,5338.0,05.1082,0.76720,03.9127
2026-05-27T15:36:48.034106,5339.0,05.1130,1.13442,05.7968
2026-05-27T15:36:49.011696,5340.0,05.1037,1.17037,05.9688
2026-05-27T15:36:50.032564,5341.0,05.1166,1.00834,05.1526
2026-05-27T15:36:51.009003,5342.0,05.1061,1.08116,05.5139
2026-05-27T15:36:52.031147,5343.0,05.1082,1.14497,05.8393
2026-05-27T15:36:53.008486,5344.0,05.0961,1.06837,05.4380
2026-05-27T15:36:54.030587,5345.0,05.1053,1.06028,05.4074
2026-05-27T15:36:55.010005,5346.0,05.1081,1.15041,05.8670
2026-05-27T15:36:56.033010,5347.0,05.1051,1.19724,06.1059
2026-05-27T15:36:57.010953,5348.0,05.1126,1.06053,05.4193
2026-05-27T15:36:58.031054,5349.0,05.1031,1.16565,05.9448
2026-05-27T15:36:59.005389,5350.0,05.1076,0.77486,03.9517
2026-05-27T15:37:00.023898,5351.0,05.1089,0.61799,03.1517
2026-05-27T15:37:01.041714,5352.0,05.1091,0.61775,03.1505
2026-05-27T15:37:02.018175,5353.0,05.1084,1.09841,05.6018
2026-05-27T15:37:03.044588,5354.0,05.1012,1.14498,05.8393
2026-05-27T15:37:04.021358,5355.0,05.1000,1.11763,05.6999
2026-05-27T15:37:05.042822,5356.0,05.1148,1.21956,06.2319
2026-05-27T15:37:06.017759,5357.0,05.1137,1.21774,06.2226
2026-05-27T15:37:07.037578,5358.0,05.1044,1.07789,05.4972
2026-05-27T15:37:08.012534,5359.0,05.1076,1.04386,05.3236
2026-05-27T15:37:09.032510,5360.0,05.1072,1.09649,05.5920
2026-05-27T15:37:10.009230,5361.0,05.1033,1.02929,05.2493
2026-05-27T15:37:11.028873,5362.0,05.1066,1.03227,05.2645
2026-05-27T15:37:12.049257,5363.0,05.1100,1.09126,05.5763
2026-05-27T15:37:13.023257,5364.0,05.1081,0.76774,03.9154
2026-05-27T15:37:14.041806,5365.0,05.1062,0.78036,03.9798
2026-05-27T15:37:15.013860,5366.0,05.1071,0.76414,03.8971
2026-05-27T15:37:16.032056,5367.0,05.1167,1.07736,05.5053
2026-05-27T15:37:17.008760,5368.0,05.1119,1.00330,05.1268
2026-05-27T15:37:18.028894,5369.0,05.1122,1.10611,05.6522
2026-05-27T15:37:19.047920,5370.0,05.1085,1.16733,05.9533
2026-05-27T15:37:20.025390,5371.0,05.1036,1.17483,05.9916
2026-05-27T15:37:21.046763,5372.0,05.1050,1.09726,05.5960
2026-05-27T15:37:22.019707,5373.0,05.1095,0.98129,05.0045
2026-05-27T15:37:23.040582,5374.0,05.1080,1.10392,05.6299
2026-05-27T15:37:24.019611,5375.0,05.1069,1.20107,06.1254
2026-05-27T15:37:25.040526,5376.0,05.1139,1.09631,05.6021
2026-05-27T15:37:26.013902,5377.0,05.1114,1.27601,06.5204
2026-05-27T15:37:27.032235,5378.0,05.1072,0.76586,03.9058
2026-05-27T15:37:28.051378,5379.0,05.1083,0.61716,03.1475
2026-05-27T15:37:29.025181,5380.0,05.1080,0.61659,03.1446
2026-05-27T15:37:30.048142,5381.0,05.1101,1.14437,05.8477
2026-05-27T15:37:31.023693,5382.0,05.1078,1.19743,06.1068
2026-05-27T15:37:32.044469,5383.0,05.1062,1.21757,06.2096
2026-05-27T15:37:33.020176,5384.0,05.1091,1.11949,05.7093
2026-05-27T15:37:34.041815,5385.0,05.1098,1.19116,06.0749
2026-05-27T15:37:35.019338,5386.0,05.1026,1.14873,05.8585
2026-05-27T15:37:36.043550,5387.0,05.1041,1.03541,05.2805
2026-05-27T15:37:37.020720,5388.0,05.1070,1.07400,05.4774
2026-05-27T15:37:38.042113,5389.0,05.1058,1.10731,05.6472
2026-05-27T15:37:39.016213,5390.0,05.1081,1.08002,05.5081
2026-05-27T15:37:40.038701,5391.0,05.1042,1.17313,05.9829
2026-05-27T15:37:41.056813,5392.0,05.1093,0.76671,03.9102
2026-05-27T15:37:42.029598,5393.0,05.1091,0.76528,03.9029
2026-05-27T15:37:43.049871,5394.0,05.1090,0.76266,03.8895
2026-05-27T15:37:44.022086,5395.0,05.1072,1.23980,06.3229
2026-05-27T15:37:45.041285,5396.0,05.1136,1.00560,05.1386
2026-05-27T15:37:46.015820,5397.0,05.1084,1.29105,06.5843
2026-05-27T15:37:47.038255,5398.0,05.1064,1.08338,05.5252
2026-05-27T15:37:48.059307,5399.0,05.1147,1.03497,05.2886
2026-05-27T15:37:49.035123,5400.0,05.1147,1.07024,05.4689
2026-05-27T15:37:50.055922,5401.0,05.1108,1.11729,05.7093
2026-05-27T15:37:51.027554,5402.0,05.1055,1.02045,05.2042
2026-05-27T15:37:52.049099,5403.0,05.1080,1.01274,05.1649
2026-05-27T15:37:53.022263,5404.0,05.1109,1.18667,06.0638
2026-05-27T15:37:54.042768,5405.0,05.1087,1.29133,06.5857
2026-05-27T15:37:55.059947,5406.0,05.1086,0.69298,03.5341
2026-05-27T15:37:56.030931,5407.0,05.1082,0.61912,03.1575
2026-05-27T15:37:57.050053,5408.0,05.1084,0.61638,03.1435
2026-05-27T15:37:58.024989,5409.0,05.1073,0.99408,05.0698
2026-05-27T15:37:59.047193,5410.0,05.1084,1.01138,05.1580
2026-05-27T15:38:00.020771,5411.0,05.1056,0.97326,04.9636
2026-05-27T15:38:01.039979,5412.0,05.1069,1.04218,05.3151
2026-05-27T15:38:02.061470,5413.0,05.1089,1.03664,05.2868
2026-05-27T15:38:03.034475,5414.0,05.0995,1.05873,05.3889
2026-05-27T15:38:04.057580,5415.0,05.1116,1.05831,05.4079
2026-05-27T15:38:05.034435,5416.0,05.1051,0.98660,05.0316
2026-05-27T15:38:06.057206,5417.0,05.1116,0.99564,05.0877
2026-05-27T15:38:07.031626,5418.0,05.1116,1.14021,05.8264
2026-05-27T15:38:08.054706,5419.0,05.1091,1.11514,05.6872
2026-05-27T15:38:09.029465,5420.0,05.1091,0.76932,03.9235
2026-05-27T15:38:10.048599,5421.0,05.1079,0.77968,03.9763
2026-05-27T15:38:11.024831,5422.0,05.1089,0.76475,03.9002
2026-05-27T15:38:12.048949,5423.0,05.1091,1.05157,05.3630
2026-05-27T15:38:13.023671,5424.0,05.1045,1.17687,06.0020
2026-05-27T15:38:14.043864,5425.0,05.1067,0.99361,05.0674
2026-05-27T15:38:15.063806,5426.0,05.1085,1.05332,05.3719
2026-05-27T15:38:16.039802,5427.0,05.1045,1.13774,05.8024
2026-05-27T15:38:17.063784,5428.0,05.1070,1.07893,05.5025
2026-05-27T15:38:18.041156,5429.0,05.1082,1.10361,05.6284
2026-05-27T15:38:19.064123,5430.0,05.1128,0.99561,05.0875
2026-05-27T15:38:20.038768,5431.0,05.1137,1.07145,05.4751
2026-05-27T15:38:21.058538,5432.0,05.1112,1.12579,05.7527
2026-05-27T15:38:22.031334,5433.0,05.1089,1.05833,05.3974
2026-05-27T15:38:23.051819,5434.0,05.1092,0.61891,03.1564
2026-05-27T15:38:24.024583,5435.0,05.1094,0.61874,03.1555
2026-05-27T15:38:25.043598,5436.0,05.1095,0.63922,03.2600
2026-05-27T15:38:26.063890,5437.0,05.1009,1.10471,05.6340
2026-05-27T15:38:27.039787,5438.0,05.1070,1.12598,05.7424
2026-05-27T15:38:28.061907,5439.0,05.1026,1.14354,05.8320
2026-05-27T15:38:29.035400,5440.0,05.1139,1.02719,05.2489
2026-05-27T15:38:30.055268,5441.0,05.1117,1.03583,05.2930
2026-05-27T15:38:31.029915,5442.0,05.1116,1.00326,05.1266
2026-05-27T15:38:32.050915,5443.0,05.1126,0.98319,05.0241
2026-05-27T15:38:33.026174,5444.0,05.1062,1.09701,05.5947
2026-05-27T15:38:34.047915,5445.0,05.1023,1.02474,05.2261
2026-05-27T15:38:35.024450,5446.0,05.1141,1.02237,05.2243
2026-05-27T15:38:36.047132,5447.0,05.1139,1.01615,05.1925
2026-05-27T15:38:37.064049,5448.0,05.1098,0.77218,03.9381
2026-05-27T15:38:38.034994,5449.0,05.1094,0.76728,03.9131
2026-05-27T15:38:39.054656,5450.0,05.1100,0.87372,04.4647
2026-05-27T15:38:40.033258,5451.0,05.1091,1.06480,05.4304
2026-05-27T15:38:41.055499,5452.0,05.1069,1.22110,06.2276
2026-05-27T15:38:42.030989,5453.0,05.1066,1.16734,05.9534
2026-05-27T15:38:43.052995,5454.0,05.0976,1.12403,05.7213
2026-05-27T15:38:44.030688,5455.0,05.1044,1.04852,05.3474
2026-05-27T15:38:45.053795,5456.0,05.1081,1.00157,05.1080
2026-05-27T15:38:46.028712,5457.0,05.1084,0.98559,05.0265
2026-05-27T15:38:47.051606,5458.0,05.1082,1.01613,05.1822
2026-05-27T15:38:48.028481,5459.0,05.1128,1.07987,05.5181
2026-05-27T15:38:49.049613,5460.0,05.1084,1.08228,05.5196
2026-05-27T15:38:50.070720,5461.0,05.1136,0.89135,04.5547
2026-05-27T15:38:51.040704,5462.0,05.1086,0.62029,03.1634
2026-05-27T15:38:52.056265,5463.0,05.1090,0.61879,03.1558
2026-05-27T15:38:53.026527,5464.0,05.1089,0.61735,03.1484
2026-05-27T15:38:54.046630,5465.0,05.0976,1.01732,05.1781
2026-05-27T15:38:55.066240,5466.0,05.1012,1.07603,05.4877
2026-05-27T15:38:56.042207,5467.0,05.1103,1.17192,05.9885
2026-05-27T15:38:57.062850,5468.0,05.1123,1.04415,05.3356
2026-05-27T15:38:58.034810,5469.0,05.1084,1.03791,05.2933
2026-05-27T15:38:59.053517,5470.0,05.0926,1.35780,06.9112
2026-05-27T15:39:00.028859,5471.0,05.1050,1.00725,05.1369
2026-05-27T15:39:01.049501,5472.0,05.1020,1.07253,05.4699
2026-05-27T15:39:02.068846,5473.0,05.1026,1.00237,05.1120
2026-05-27T15:39:03.043590,5474.0,05.1073,1.03804,05.2940
2026-05-27T15:39:04.064713,5475.0,05.1089,0.89132,04.5457
2026-05-27T15:39:05.036606,5476.0,05.1088,0.76879,03.9208
2026-05-27T15:39:06.056302,5477.0,05.1089,0.76667,03.9100
2026-05-27T15:39:07.074272,5478.0,05.1087,1.37550,07.0150
2026-05-27T15:39:08.048437,5479.0,05.1144,1.17602,06.0094
2026-05-27T15:39:09.070682,5480.0,05.1089,1.02164,05.2103
2026-05-27T15:39:10.046469,5481.0,05.1085,1.16640,05.9486
2026-05-27T15:39:11.070252,5482.0,05.1081,1.29070,06.5825
2026-05-27T15:39:12.046972,5483.0,05.1117,1.15013,05.8771
2026-05-27T15:39:13.066839,5484.0,05.1069,1.30017,06.6308
2026-05-27T15:39:14.040165,5485.0,05.1089,0.97301,04.9623
2026-05-27T15:39:15.063865,5486.0,05.1089,1.05163,05.3633
2026-05-27T15:39:16.038735,5487.0,05.1078,1.35884,06.9300
2026-05-27T15:39:17.062459,5488.0,05.1120,1.10279,05.6352
2026-05-27T15:39:18.038620,5489.0,05.1120,0.77068,03.9381
2026-05-27T15:39:19.061549,5490.0,05.1090,0.61758,03.1496
2026-05-27T15:39:20.034336,5491.0,05.1091,0.60116,03.0659
2026-05-27T15:39:21.053401,5492.0,05.1072,0.69048,03.5214
2026-05-27T15:39:22.075511,5493.0,05.1008,1.02456,05.2252
2026-05-27T15:39:23.049653,5494.0,05.1080,1.03019,05.2539
2026-05-27T15:39:24.071138,5495.0,05.1078,1.15169,05.8736
2026-05-27T15:39:25.046030,5496.0,05.1048,1.27563,06.5057
2026-05-27T15:39:26.068889,5497.0,05.0887,0.99743,05.0669
2026-05-27T15:39:27.040879,5498.0,05.0919,1.07612,05.4774
2026-05-27T15:39:28.062297,5499.0,05.1086,1.13174,05.7718
2026-05-27T15:39:29.037461,5500.0,05.1108,1.27707,06.5258
2026-05-27T15:39:30.058119,5501.0,05.1081,1.24574,06.3532
2026-05-27T15:39:31.034755,5502.0,05.1084,1.16753,05.9544
2026-05-27T15:39:32.053491,5503.0,05.1112,0.77303,03.9501
2026-05-27T15:39:33.071964,5504.0,05.1076,0.77108,03.9325
2026-05-27T15:39:34.044613,5505.0,05.1083,0.76809,03.9172
2026-05-27T15:39:35.062564,5506.0,05.1020,0.99668,05.0830
2026-05-27T15:39:36.037126,5507.0,05.1082,1.37571,07.0161
2026-05-27T15:39:37.057777,5508.0,05.0931,1.41079,07.1809
2026-05-27T15:39:38.079859,5509.0,05.1025,1.06929,05.4533
2026-05-27T15:39:39.054641,5510.0,05.1020,1.09147,05.5664
2026-05-27T15:39:40.074334,5511.0,05.1125,1.05948,05.4139
2026-05-27T15:39:41.050164,5512.0,05.1020,1.04815,05.3455
2026-05-27T15:39:42.069860,5513.0,05.1128,1.25918,06.4344
2026-05-27T15:39:43.044613,5514.0,05.1070,1.33050,06.7855
2026-05-27T15:39:44.063273,5515.0,05.1062,1.35163,06.8933
2026-05-27T15:39:45.036749,5516.0,05.1147,1.30643,06.6758
2026-05-27T15:39:46.057695,5517.0,05.1091,0.77059,03.9300
2026-05-27T15:39:47.074485,5518.1,05.1105,0.61765,03.1561
2026-05-27T15:39:48.044480,5519.1,05.1105,0.61734,03.1546
2026-05-27T15:39:49.065526,5520.1,05.1144,1.27644,06.5226
2026-05-27T15:39:50.042255,5521.1,05.1109,1.13617,05.8058
2026-05-27T15:39:51.063862,5522.1,05.1026,1.19345,06.0865
2026-05-27T15:39:52.041339,5523.1,05.1022,1.01263,05.1644
2026-05-27T15:39:53.059001,5524.1,05.1067,1.05573,05.3842
2026-05-27T15:39:54.077955,5525.1,05.1112,1.03919,05.3102
2026-05-27T15:39:55.055531,5526.1,05.1048,1.09095,05.5638
2026-05-27T15:39:56.075192,5527.1,05.1017,1.21578,06.2004
2026-05-27T15:39:57.051327,5528.1,05.1020,1.05504,05.3807
2026-05-27T15:39:58.071609,5529.1,05.0906,1.08335,05.5142
2026-05-27T15:39:59.046617,5530.1,05.1034,1.10370,05.6288
2026-05-27T15:40:00.067927,5531.1,05.1080,0.77252,03.9398
2026-05-27T15:40:01.042696,5532.1,05.1067,0.77150,03.9346
2026-05-27T15:40:02.065713,5533.1,05.1074,0.76752,03.9143
2026-05-27T15:40:03.040554,5534.1,05.1111,1.20781,06.1719
2026-05-27T15:40:04.064361,5535.1,05.1048,0.96171,04.9047
2026-05-27T15:40:05.040381,5536.1,05.1120,1.12065,05.7265
2026-05-27T15:40:06.061463,5537.1,05.1003,1.05612,05.3862
2026-05-27T15:40:07.083150,5538.1,05.1033,1.11085,05.6653
2026-05-27T15:40:08.059219,5539.1,05.1075,1.10577,05.6394
2026-05-27T15:40:09.082475,5540.1,05.1039,1.20615,06.1513
2026-05-27T15:40:10.057381,5541.1,05.1092,1.17738,06.0046
2026-05-27T15:40:11.080519,5542.1,05.1069,1.06204,05.4164
2026-05-27T15:40:12.057085,5543.1,05.1150,1.02218,05.2233
2026-05-27T15:40:13.081344,5544.1,05.1097,1.13282,05.7773
2026-05-27T15:40:14.057506,5545.1,05.1097,0.76883,03.9210
2026-05-27T15:40:15.077177,5546.1,05.1075,0.76846,03.9191
2026-05-27T15:40:16.052145,5547.1,05.1078,0.76750,03.9142
2026-05-27T15:40:17.073924,5548.1,05.1016,1.09322,05.5754
2026-05-27T15:40:18.050317,5549.1,05.1042,1.03557,05.2814
2026-05-27T15:40:19.072881,5550.1,05.1030,0.96357,04.9142
2026-05-27T15:40:20.052434,5551.1,05.1092,1.16026,05.9173
2026-05-27T15:40:21.076091,5552.1,05.1095,1.09735,05.5964
2026-05-27T15:40:22.053273,5553.1,05.1117,1.09417,05.5912
2026-05-27T15:40:23.074579,5554.1,05.0956,1.12105,05.7061
2026-05-27T15:40:24.050526,5555.1,05.1037,1.03972,05.3025
2026-05-27T15:40:25.070070,5556.1,05.1031,1.11220,05.6722
2026-05-27T15:40:26.047499,5557.1,05.1055,1.10591,05.6401
2026-05-27T15:40:27.070298,5558.1,05.1119,1.13624,05.8061
2026-05-27T15:40:28.044309,5559.1,05.1095,0.77208,03.9376
2026-05-27T15:40:29.064818,5560.1,05.1084,0.77029,03.9284
2026-05-27T15:40:30.083854,5561.1,05.1087,0.61676,03.1454
2026-05-27T15:40:31.057647,5562.1,05.1086,1.17636,05.9994
2026-05-27T15:40:32.078404,5563.1,05.1092,1.08829,05.5502
2026-05-27T15:40:33.052046,5564.1,05.1089,1.20715,06.1564
2026-05-27T15:40:34.074491,5565.1,05.0992,1.00366,05.1086
2026-05-27T15:40:35.049805,5566.1,05.1045,1.11118,05.6670
2026-05-27T15:40:36.074136,5567.1,05.1134,1.13863,05.8183
2026-05-27T15:40:37.051732,5568.1,05.1031,1.05862,05.3989
2026-05-27T15:40:38.074718,5569.1,05.1056,1.08271,05.5218
2026-05-27T15:40:39.049736,5570.1,05.1078,0.99977,05.0988
2026-05-27T15:40:40.073694,5571.1,05.1089,1.07160,05.4651
2026-05-27T15:40:41.052797,5572.1,05.1081,1.05825,05.3970
2026-05-27T15:40:42.077503,5573.1,05.1080,0.82198,04.1920
2026-05-27T15:40:43.051415,5574.1,05.1079,0.76774,03.9154
2026-05-27T15:40:44.072453,5575.1,05.1080,0.76727,03.9130
2026-05-27T15:40:45.049341,5576.1,05.1064,1.04696,05.3394
2026-05-27T15:40:46.073248,5577.1,05.1042,1.05050,05.3575
2026-05-27T15:40:47.047000,5578.1,05.1058,1.07775,05.4965
2026-05-27T15:40:48.071670,5579.1,05.1120,0.99666,05.0929
2026-05-27T15:40:49.047817,5580.1,05.1095,1.11255,05.6740
2026-05-27T15:40:50.068472,5581.1,05.1069,1.09133,05.5657
2026-05-27T15:40:51.090983,5582.1,05.1073,0.99545,05.0767
2026-05-27T15:40:52.070711,5583.1,05.1103,1.15512,05.9026
2026-05-27T15:40:53.047589,5584.1,05.1062,1.01731,05.1882
2026-05-27T15:40:54.068868,5585.1,05.1116,1.09459,05.5933
2026-05-27T15:40:55.049553,5586.1,05.1050,1.05034,05.3567
2026-05-27T15:40:56.071632,5587.1,05.1077,0.70835,03.6125
2026-05-27T15:40:57.092586,5588.1,05.1081,0.61827,03.1531
2026-05-27T15:40:58.066170,5589.1,05.1085,0.59582,03.0386
2026-05-27T15:40:59.091501,5590.1,05.1083,1.05092,05.3596
2026-05-27T15:41:00.068763,5591.1,05.1061,0.99193,05.0588
2026-05-27T15:41:01.049995,5592.1,05.1080,1.02040,05.2040
2026-05-27T15:41:02.072760,5593.1,05.1064,0.98496,05.0232
2026-05-27T15:41:03.050382,5594.1,05.1072,1.12287,05.7266
2026-05-27T15:41:04.073835,5595.1,05.1069,1.04359,05.3223
2026-05-27T15:41:05.050016,5596.1,05.1073,0.99979,05.0989
2026-05-27T15:41:06.075551,5597.1,05.1073,1.03814,05.2945
2026-05-27T15:41:07.052305,5598.1,05.1114,1.20723,06.1689
2026-05-27T15:41:08.077273,5599.1,05.1073,1.17448,05.9898
2026-05-27T15:41:09.055393,5600.1,05.1108,1.02631,05.2444
2026-05-27T15:41:10.077470,5601.1,05.1108,0.76944,03.9318
2026-05-27T15:41:11.054460,5602.1,05.1078,0.76804,03.9170
2026-05-27T15:41:12.077458,5603.1,05.1087,0.82984,04.2321
2026-05-27T15:41:13.055734,5604.1,05.1128,1.27613,06.5210
2026-05-27T15:41:14.078335,5605.1,05.1055,1.01589,05.1810
2026-05-27T15:41:15.057065,5606.1,05.1087,1.07022,05.4581
2026-05-27T15:41:16.081756,5607.1,05.1112,1.15820,05.9184
2026-05-27T15:41:17.060994,5608.1,05.1079,1.27642,06.5097
2026-05-27T15:41:18.086517,5609.1,05.1048,1.25147,06.3824
2026-05-27T15:41:19.066501,5610.1,05.1036,1.09968,05.6083
2026-05-27T15:41:20.092537,5611.1,05.1156,1.12771,05.7625
2026-05-27T15:41:21.070920,5612.1,05.1072,1.02521,05.2285
2026-05-27T15:41:22.096654,5613.1,05.0989,1.01940,05.1887
2026-05-27T15:41:23.073682,5614.1,05.1136,0.86043,04.3967
2026-05-27T15:41:24.093153,5615.1,05.1100,0.61975,03.1669
2026-05-27T15:41:25.066023,5616.1,05.1100,0.59865,03.0591
2026-05-27T15:41:26.084791,5617.1,05.1033,1.02460,05.2254
2026-05-27T15:41:27.062915,5618.1,05.1114,1.04927,05.3617
2026-05-27T15:41:28.086052,5619.1,05.1100,1.01010,05.1616
2026-05-27T15:41:29.061989,5620.1,05.0967,1.43912,07.3251
2026-05-27T15:41:30.085789,5621.1,05.0942,1.03761,05.2814
2026-05-27T15:41:31.062971,5622.1,05.1056,1.15001,05.8650
2026-05-27T15:41:32.084730,5623.1,05.1075,1.17924,06.0141
2026-05-27T15:41:33.058008,5624.1,05.1066,0.99782,05.0888
2026-05-27T15:41:34.080669,5625.1,05.1074,1.26670,06.4601
2026-05-27T15:41:35.059183,5626.1,05.1101,1.13646,05.8073
2026-05-27T15:41:36.082443,5627.1,05.1098,1.13234,05.7749
2026-05-27T15:41:37.058875,5628.1,05.1098,0.77606,03.9579
2026-05-27T15:41:38.078293,5629.1,05.1083,0.77241,03.9392
2026-05-27T15:41:39.099705,5630.1,05.1083,0.76748,03.9141
2026-05-27T15:41:40.073702,5631.1,05.0987,0.90156,04.5889
2026-05-27T15:41:41.093138,5632.1,05.1026,1.23187,06.2825
2026-05-27T15:41:42.069015,5633.1,05.1033,1.26877,06.4707
2026-05-27T15:41:43.090769,5634.1,05.1003,1.40197,07.1500
2026-05-27T15:41:44.065905,5635.1,05.0972,1.02922,05.2387
2026-05-27T15:41:45.088870,5636.1,05.1097,1.15326,05.8816
2026-05-27T15:41:46.067153,5637.1,05.1097,1.08084,05.5122
2026-05-27T15:41:47.091026,5638.1,05.1126,1.16620,05.9592
2026-05-27T15:41:48.067602,5639.1,05.1117,1.40715,07.1905
2026-05-27T15:41:49.090458,5640.1,05.1003,1.24958,06.3728
2026-05-27T15:41:50.069209,5641.1,05.1070,1.05254,05.3679
2026-05-27T15:41:51.092863,5642.1,05.1106,0.77228,03.9463
2026-05-27T15:41:52.067607,5643.1,05.1073,0.62280,03.1762
2026-05-27T15:41:53.086627,5644.1,05.1079,0.62073,03.1657
2026-05-27T15:41:54.060055,5645.1,05.0939,1.24831,06.3538
2026-05-27T15:41:55.081731,5646.1,05.1076,1.09306,05.5746
2026-05-27T15:41:56.061598,5647.1,05.1085,1.26106,06.4314
2026-05-27T15:41:57.083827,5648.1,05.1136,1.15768,05.9157
2026-05-27T15:41:58.060127,5649.1,05.1136,1.11705,05.7081
2026-05-27T15:41:59.084405,5650.1,05.1133,1.04351,05.3323
2026-05-27T15:42:00.061340,5651.1,05.1136,1.21770,06.2224
2026-05-27T15:42:01.084915,5652.1,05.1109,1.21278,06.1973
2026-05-27T15:42:02.106093,5653.1,05.0962,1.09549,05.5760
2026-05-27T15:42:03.082981,5654.1,05.1086,1.22201,06.2322
2026-05-27T15:42:04.106682,5655.1,05.1059,1.14755,05.8525
2026-05-27T15:42:05.083496,5656.1,05.1087,0.76867,03.9202
2026-05-27T15:42:06.105965,5657.1,05.1080,0.76780,03.9157
2026-05-27T15:42:07.081033,5658.1,05.1082,0.76667,03.9100
2026-05-27T15:42:08.102832,5659.1,05.1156,1.37697,07.0363
2026-05-27T15:42:09.078383,5660.1,05.1111,1.02514,05.2384
2026-05-27T15:42:10.098639,5661.1,05.1094,1.16698,05.9515
2026-05-27T15:42:11.076155,5662.1,05.1034,1.18253,06.0309
2026-05-27T15:42:12.100149,5663.1,05.1098,1.21913,06.2175
2026-05-27T15:42:13.077726,5664.1,05.0972,1.19005,06.0573
2026-05-27T15:42:14.103697,5665.1,05.1095,1.08884,05.5530
2026-05-27T15:42:15.080281,5666.1,05.1083,1.07329,05.4737
2026-05-27T15:42:16.103006,5667.1,05.1141,1.09329,05.5867
2026-05-27T15:42:17.079693,5668.1,05.1117,1.10950,05.6695
2026-05-27T15:42:18.102539,5669.1,05.1122,1.14474,05.8496
2026-05-27T15:42:19.080466,5670.1,05.1069,0.77249,03.9396
2026-05-27T15:42:20.099462,5671.1,05.1098,0.61843,03.1539
2026-05-27T15:42:21.074107,5672.1,05.1089,0.61854,03.1545
2026-05-27T15:42:22.095419,5673.1,05.1079,0.99360,05.0673
2026-05-27T15:42:23.068692,5674.1,05.1075,1.02027,05.2033
2026-05-27T15:42:24.091127,5675.1,05.0997,1.15041,05.8555
2026-05-27T15:42:25.066540,5676.1,05.1108,1.03952,05.3119
2026-05-27T15:42:26.087492,5677.1,05.1101,1.01243,05.1735
2026-05-27T15:42:27.066768,5678.1,05.1108,1.05490,05.3905
2026-05-27T15:42:28.090615,5679.1,05.1119,1.13765,05.8133
2026-05-27T15:42:29.111883,5680.1,05.0998,1.01419,05.1622
2026-05-27T15:42:30.084806,5681.1,05.1019,1.05504,05.3807
2026-05-27T15:42:31.107783,5682.1,05.1056,1.07826,05.4991
2026-05-27T15:42:32.082540,5683.1,05.1148,1.16032,05.9292
2026-05-27T15:42:33.100149,5684.1,05.1075,0.77529,03.9539
2026-05-27T15:42:34.074380,5685.1,05.1070,0.77254,03.9399
2026-05-27T15:42:35.094612,5686.1,05.1076,0.76827,03.9181
2026-05-27T15:42:36.071802,5687.1,05.0923,1.16309,05.9201
2026-05-27T15:42:37.094036,5688.1,05.1125,1.14377,05.8446
2026-05-27T15:42:38.068937,5689.1,05.1082,1.06170,05.4146
2026-05-27T15:42:39.091296,5690.1,05.1053,1.06048,05.4084
2026-05-27T15:42:40.111835,5691.1,05.1083,1.17339,05.9842
2026-05-27T15:42:41.090282,5692.1,05.1164,1.08418,05.5401
2026-05-27T15:42:42.113578,5693.1,05.1123,1.21201,06.1933
2026-05-27T15:42:43.091549,5694.1,05.1091,1.06120,05.4121
2026-05-27T15:42:44.070596,5695.1,05.1031,1.09443,05.5815
2026-05-27T15:42:45.093181,5696.1,05.1111,1.03401,05.2837
2026-05-27T15:42:46.070030,5697.1,05.1158,1.07840,05.5106
2026-05-27T15:42:47.088888,5698.1,05.1111,0.75241,03.8448
2026-05-27T15:42:48.107448,5699.1,05.1087,0.61854,03.1545
2026-05-27T15:42:49.079945,5700.1,05.1086,0.61887,03.1562
2026-05-27T15:42:50.101074,5701.1,05.1155,1.10879,05.6659
2026-05-27T15:42:51.079244,5702.1,05.1041,1.16001,05.9160
2026-05-27T15:42:52.100768,5703.1,05.1097,1.18691,06.0532
2026-05-27T15:42:53.075389,5704.1,05.1131,1.08377,05.5380
2026-05-27T15:42:54.094833,5705.1,05.1044,1.09317,05.5751
2026-05-27T15:42:55.072492,5706.1,05.1084,1.08715,05.5444
2026-05-27T15:42:56.091426,5707.1,05.1078,1.04568,05.3329
2026-05-27T15:42:57.112582,5708.1,05.1114,1.16776,05.9672
2026-05-27T15:42:58.087385,5709.1,05.1069,1.27179,06.4861
2026-05-27T15:42:59.109579,5710.1,05.1092,1.11689,05.6961
2026-05-27T15:43:00.084083,5711.1,05.1119,1.14170,05.8340
2026-05-27T15:43:01.104710,5712.1,05.1090,0.77189,03.9366
2026-05-27T15:43:02.078153,5713.1,05.1089,0.77058,03.9299
2026-05-27T15:43:03.098202,5714.1,05.1092,0.76507,03.9018
2026-05-27T15:43:04.118014,5715.1,05.1086,1.04790,05.3442
2026-05-27T15:43:05.093257,5716.1,05.1051,1.12452,05.7350
2026-05-27T15:43:06.116280,5717.1,05.1051,1.15709,05.9011
2026-05-27T15:43:07.091253,5718.1,05.1094,1.22618,06.2535
2026-05-27T15:43:08.114678,5719.1,05.1064,1.06386,05.4256
2026-05-27T15:43:09.089121,5720.1,05.1039,1.09803,05.5999
2026-05-27T15:43:10.110682,5721.1,05.1084,1.16439,05.9383
2026-05-27T15:43:11.090387,5722.1,05.1074,1.07525,05.4837
2026-05-27T15:43:12.112982,5723.1,05.1172,1.21847,06.2263
2026-05-27T15:43:13.093030,5724.1,05.1111,1.08453,05.5419
2026-05-27T15:43:14.116036,5725.1,05.1078,1.03954,05.3016
2026-05-27T15:43:15.093467,5726.1,05.1074,0.63983,03.2631
2026-05-27T15:43:16.112842,5727.1,05.1083,0.61946,03.1592
2026-05-27T15:43:17.084899,5728.1,05.1092,0.61820,03.1528
2026-05-27T15:43:18.107032,5729.1,05.1019,1.22323,06.2384
2026-05-27T15:43:19.083808,5730.1,05.1091,1.28297,06.5431
2026-05-27T15:43:20.111953,5731.1,05.1075,1.07296,05.4720
2026-05-27T15:43:21.092289,5732.1,05.1111,1.24860,06.3803
2026-05-27T15:43:22.114752,5733.1,05.1051,1.11350,05.6788
2026-05-27T15:43:23.089708,5734.1,05.1075,1.10002,05.6101
2026-05-27T15:43:24.113779,5735.1,05.1056,1.02672,05.2362
2026-05-27T15:43:25.090191,5736.1,05.1056,1.13628,05.7950
2026-05-27T15:43:26.112932,5737.1,05.1075,1.10261,05.6233
2026-05-27T15:43:27.089077,5738.1,05.1059,1.09398,05.5792
2026-05-27T15:43:28.111466,5739.1,05.1053,1.00277,05.1141
2026-05-27T15:43:29.084699,5740.1,05.1077,0.77235,03.9389
2026-05-27T15:43:30.105153,5741.1,05.1078,0.76942,03.9240
2026-05-27T15:43:31.080684,5742.1,05.1084,0.76553,03.9042
2026-05-27T15:43:32.104182,5743.1,05.1072,1.06461,05.4295
2026-05-27T15:43:33.079666,5744.1,05.1033,1.03426,05.2747
2026-05-27T15:43:34.103105,5745.1,05.1083,1.07392,05.4769
2026-05-27T15:43:35.080395,5746.1,05.1150,1.09838,05.6127
2026-05-27T15:43:36.102388,5747.1,05.1098,1.17564,05.9957
2026-05-27T15:43:37.124050,5748.1,05.1042,1.13378,05.7822
2026-05-27T15:43:38.099416,5749.1,05.1144,1.07840,05.5106
2026-05-27T15:43:39.122523,5750.1,05.1048,1.05578,05.3844
2026-05-27T15:43:40.098403,5751.1,05.1131,1.16463,05.9512
2026-05-27T15:43:41.118229,5752.1,05.1047,1.11226,05.6725
2026-05-27T15:43:42.093827,5753.1,05.1009,1.06615,05.4373
2026-05-27T15:43:43.112485,5754.1,05.1078,0.62062,03.1651
2026-05-27T15:43:44.082824,5755.1,05.1089,0.62000,03.1620
2026-05-27T15:43:45.103606,5756.1,05.1094,0.63540,03.2405
2026-05-27T15:43:46.126448,5757.1,05.1120,1.10866,05.6652
2026-05-27T15:43:47.100762,5758.1,05.1094,1.01232,05.1628
2026-05-27T15:43:48.121430,5759.1,05.1055,1.13393,05.7830
2026-05-27T15:43:49.094388,5760.1,05.1122,1.00901,05.1560
2026-05-27T15:43:50.114251,5761.1,05.1098,1.07000,05.4570
2026-05-27T15:43:51.089558,5762.1,05.1076,1.00136,05.1069
2026-05-27T15:43:52.110102,5763.1,05.1050,1.13778,05.8026
2026-05-27T15:43:53.086214,5764.1,05.1123,1.08894,05.5644
2026-05-27T15:43:54.108500,5765.1,05.1067,1.10817,05.6516
2026-05-27T15:43:55.084202,5766.1,05.1147,1.00789,05.1503
2026-05-27T15:43:56.105776,5767.1,05.1084,1.04374,05.3230
2026-05-27T15:43:57.128484,5768.1,05.1083,0.76971,03.9255
2026-05-27T15:43:58.102573,5769.1,05.1086,0.76802,03.9169
2026-05-27T15:43:59.123495,5770.1,05.1083,0.87935,04.4846
2026-05-27T15:44:00.099184,5771.1,05.1101,1.02120,05.2183
2026-05-27T15:44:01.120866,5772.1,05.1083,1.02150,05.2096
2026-05-27T15:44:02.098142,5773.1,05.1075,1.20526,06.1468
2026-05-27T15:44:03.121890,5774.1,05.1133,1.12067,05.7266
2026-05-27T15:44:04.096807,5775.1,05.1058,1.15142,05.8722
2026-05-27T15:44:05.119939,5776.1,05.1094,1.31436,06.7032
2026-05-27T15:44:06.096711,5777.1,05.1039,1.14165,05.8224
2026-05-27T15:44:07.117587,5778.1,05.1023,0.99477,05.0733
2026-05-27T15:44:08.093566,5779.1,05.1142,1.02692,05.2475
2026-05-27T15:44:09.113535,5780.1,05.1079,0.98209,05.0086
2026-05-27T15:44:10.091047,5781.1,05.1083,0.90864,04.6340
2026-05-27T15:44:11.111115,5782.1,05.1100,0.62032,03.1698
2026-05-27T15:44:12.129613,5783.1,05.1082,0.61949,03.1593
2026-05-27T15:44:13.103941,5784.1,05.1083,0.61851,03.1544
2026-05-27T15:44:14.125120,5785.1,05.1084,1.10161,05.6182
2026-05-27T15:44:15.101665,5786.1,05.1042,1.00618,05.1315
2026-05-27T15:44:16.123694,5787.1,05.1076,1.30497,06.6553
2026-05-27T15:44:17.097318,5788.1,05.1084,1.31392,06.7009
2026-05-27T15:44:18.117939,5789.1,05.1079,1.31506,06.7068
2026-05-27T15:44:19.091503,5790.1,05.1117,1.01485,05.1858
2026-05-27T15:44:20.112647,5791.1,05.1103,1.08940,05.5668
2026-05-27T15:44:21.090698,5792.1,05.1050,0.99659,05.0826
2026-05-27T15:44:22.113444,5793.1,05.1178,1.08014,05.5195
2026-05-27T15:44:23.090580,5794.1,05.1087,1.00459,05.1234
2026-05-27T15:44:24.114066,5795.1,05.1087,0.77298,03.9421
2026-05-27T15:44:25.088891,5796.1,05.1096,0.77183,03.9363
2026-05-27T15:44:26.108909,5797.1,05.1093,0.76806,03.9171
2026-05-27T15:44:27.130428,5798.1,05.1089,0.86183,04.3953
2026-05-27T15:44:28.108001,5799.1,05.1090,1.18882,06.0629
2026-05-27T15:44:29.130651,5800.1,05.1090,1.30488,06.6548
2026-05-27T15:44:30.108857,5801.1,05.1103,1.04839,05.3572
2026-05-27T15:44:31.131837,5802.1,05.1048,1.17975,06.0167
2026-05-27T15:44:32.108736,5803.1,05.0972,1.29991,06.6165
2026-05-27T15:44:33.132827,5804.1,05.1078,1.03138,05.2600
2026-05-27T15:44:34.109484,5805.1,05.1098,1.29093,06.5837
2026-05-27T15:44:35.089274,5806.1,05.1119,1.35468,06.9224
2026-05-27T15:44:36.112436,5807.1,05.1086,1.16171,05.9247
2026-05-27T15:44:37.090713,5808.1,05.1087,1.22088,06.2264
2026-05-27T15:44:38.112245,5809.1,05.1086,0.77109,03.9325
2026-05-27T15:44:39.129066,5810.1,05.1086,0.61852,03.1544
2026-05-27T15:44:40.103577,5811.1,05.1094,0.61764,03.1499
2026-05-27T15:44:41.121909,5812.1,05.1067,0.81488,04.1558
2026-05-27T15:44:42.097409,5813.1,05.1167,1.09984,05.6201
2026-05-27T15:44:43.121990,5814.1,05.1072,1.22914,06.2686
2026-05-27T15:44:44.097092,5815.1,05.1200,1.12242,05.7467
2026-05-27T15:44:45.119814,5816.1,05.1089,1.05431,05.3769
2026-05-27T15:44:46.095514,5817.1,05.1088,0.99582,05.0786
2026-05-27T15:44:47.117203,5818.1,05.1189,1.10975,05.6708
2026-05-27T15:44:48.092909,5819.1,05.1037,1.28143,06.5352
2026-05-27T15:44:49.115103,5820.1,05.1048,1.08432,05.5300
2026-05-27T15:44:50.092158,5821.1,05.1117,1.42185,07.2656
2026-05-27T15:44:51.111715,5822.1,05.1122,1.09052,05.5725
2026-05-27T15:44:52.132371,5823.1,05.1081,0.77529,03.9539
2026-05-27T15:44:53.106712,5824.1,05.1066,0.77387,03.9467
2026-05-27T15:44:54.126865,5825.1,05.1062,0.76919,03.9228
2026-05-27T15:44:55.100133,5826.1,05.1066,1.29204,06.5894
2026-05-27T15:44:56.123001,5827.1,05.1073,1.11424,05.6826
2026-05-27T15:44:57.099374,5828.1,05.1116,1.04791,05.3548
2026-05-27T15:44:58.118542,5829.1,05.1047,1.05325,05.3715
2026-05-27T15:44:59.094956,5830.1,05.0969,1.06467,05.4191
2026-05-27T15:45:00.117814,5831.1,05.1081,1.17568,05.9959
2026-05-27T15:45:01.139465,5832.1,05.1164,1.08733,05.5562
2026-05-27T15:45:02.116595,5833.1,05.1080,1.09089,05.5635
2026-05-27T15:45:03.138939,5834.1,05.1042,1.05926,05.4022
2026-05-27T15:45:04.115512,5835.1,05.0983,1.12883,05.7457
2026-05-27T15:45:05.138956,5836.1,05.1072,1.12145,05.7193
2026-05-27T15:45:06.114635,5837.1,05.1080,0.77492,03.9520
2026-05-27T15:45:07.134597,5838.1,05.1081,0.62112,03.1677
2026-05-27T15:45:08.108829,5839.1,05.1083,0.61930,03.1584
2026-05-27T15:45:09.129721,5840.1,05.1106,1.07049,05.4702
2026-05-27T15:45:10.106850,5841.1,05.1082,1.11133,05.6677
2026-05-27T15:45:11.125847,5842.1,05.1156,1.11531,05.6992
2026-05-27T15:45:12.101670,5843.1,05.1111,1.08027,05.5201
2026-05-27T15:45:13.122925,5844.1,05.1167,1.07257,05.4808
2026-05-27T15:45:14.097999,5845.1,05.1084,1.11173,05.6698
2026-05-27T15:45:15.118991,5846.1,05.1062,1.05755,05.3935
2026-05-27T15:45:16.140603,5847.1,05.1119,1.10264,05.6344
2026-05-27T15:45:17.116689,5848.1,05.1151,1.14199,05.8355
2026-05-27T15:45:18.137931,5849.1,05.0884,1.08574,05.5155
2026-05-27T15:45:19.112732,5850.1,05.1114,1.07237,05.4798
2026-05-27T15:45:20.132818,5851.1,05.1069,0.77201,03.9372
2026-05-27T15:45:21.107273,5852.1,05.1069,0.77021,03.9280
2026-05-27T15:45:22.125796,5853.1,05.1090,0.76805,03.9170
2026-05-27T15:45:23.099600,5854.1,05.1184,1.03863,05.3073
2026-05-27T15:45:24.118550,5855.1,05.1136,1.04507,05.3403
2026-05-27T15:45:25.138527,5856.1,05.1117,1.04148,05.3219
2026-05-27T15:45:26.112488,5857.1,05.1033,1.02250,05.2147
2026-05-27T15:45:27.132551,5858.1,05.1147,1.06915,05.4633
2026-05-27T15:45:28.110463,5859.1,05.1070,1.10491,05.6350
2026-05-27T15:45:29.132869,5860.1,05.1041,1.05953,05.4036
2026-05-27T15:45:30.110957,5861.1,05.0992,1.11859,05.6936
2026-05-27T15:45:31.133995,5862.1,05.1045,1.11711,05.6972
2026-05-27T15:45:32.111268,5863.1,05.1091,1.15681,05.8997
2026-05-27T15:45:33.134153,5864.1,05.1001,1.14964,05.8631
2026-05-27T15:45:34.107435,5865.1,05.1086,0.77394,03.9470
2026-05-27T15:45:35.127987,5866.1,05.1085,0.62207,03.1725
2026-05-27T15:45:36.146493,5867.1,05.1084,0.61962,03.1600
2026-05-27T15:45:37.121962,5868.1,05.1133,1.10253,05.6339
2026-05-27T15:45:38.144417,5869.1,05.1070,1.13076,05.7668
2026-05-27T15:45:39.122438,5870.1,05.1087,1.04747,05.3420
2026-05-27T15:45:40.144706,5871.1,05.1116,1.17517,06.0051
2026-05-27T15:45:41.119828,5872.1,05.1111,1.09892,05.6154
2026-05-27T15:45:42.142317,5873.1,05.1098,1.01196,05.1609
2026-05-27T15:45:43.120826,5874.1,05.1111,1.02335,05.2293
2026-05-27T15:45:44.145265,5875.1,05.1084,1.04923,05.3510
2026-05-27T15:45:45.126209,5876.1,05.1069,1.15222,05.8763
2026-05-27T15:45:46.148088,5877.1,05.1086,1.11152,05.6687
2026-05-27T15:45:47.123320,5878.1,05.1101,1.07637,05.5002
2026-05-27T15:45:48.147273,5879.1,05.1081,0.77162,03.9352
2026-05-27T15:45:49.123976,5880.1,05.1084,0.77067,03.9304
2026-05-27T15:45:50.144876,5881.1,05.1078,0.76782,03.9158
2026-05-27T15:45:51.120904,5882.1,05.1086,1.06889,05.4513
2026-05-27T15:45:52.146783,5883.1,05.1080,1.02995,05.2527
2026-05-27T15:45:53.123567,5884.1,05.1075,1.03205,05.2634
2026-05-27T15:45:54.146741,5885.1,05.1050,1.08562,05.5366
2026-05-27T15:45:55.123949,5886.1,05.1045,1.06219,05.4171
2026-05-27T15:45:56.149214,5887.1,05.1009,1.05772,05.3943
2026-05-27T15:45:57.125730,5888.1,05.1045,1.04645,05.3368
2026-05-27T15:45:58.149482,5889.1,05.1094,1.15973,05.9146
2026-05-27T15:45:59.128171,5890.1,05.1108,1.14401,05.8458
2026-05-27T15:46:00.107686,5891.1,05.1080,1.05570,05.3840
2026-05-27T15:46:01.132812,5892.1,05.1089,1.11281,05.6753
2026-05-27T15:46:02.152025,5893.1,05.1120,0.62152,03.1759
2026-05-27T15:46:03.126485,5894.1,05.1094,0.62150,03.1696
2026-05-27T15:46:04.145270,5895.1,05.1081,0.62028,03.1634
2026-05-27T15:46:05.121939,5896.1,05.1058,1.06705,05.4419
2026-05-27T15:46:06.144509,5897.1,05.1047,1.08489,05.5329
2026-05-27T15:46:07.122380,5898.1,05.1150,1.09960,05.6189
2026-05-27T15:46:08.144379,5899.1,05.1089,1.11224,05.6724
2026-05-27T15:46:09.120440,5900.1,05.1047,1.01286,05.1655
2026-05-27T15:46:10.142449,5901.1,05.1095,1.04821,05.3458
2026-05-27T15:46:11.116949,5902.1,05.1078,1.13668,05.7970
2026-05-27T15:46:12.139260,5903.1,05.1116,1.08774,05.5583
2026-05-27T15:46:13.114119,5904.1,05.1069,1.03762,05.2918
2026-05-27T15:46:14.137782,5905.1,05.1083,1.03581,05.2826
2026-05-27T15:46:15.116399,5906.1,05.1180,1.08370,05.5377
2026-05-27T15:46:16.137587,5907.1,05.1094,0.76895,03.9216
2026-05-27T15:46:17.112527,5908.1,05.1096,0.76810,03.9173
2026-05-27T15:46:18.130773,5909.1,05.1093,0.76569,03.9050
2026-05-27T15:46:19.151905,5910.1,05.1098,1.07843,05.4999
2026-05-27T15:46:20.127472,5911.1,05.1031,1.01909,05.1973
2026-05-27T15:46:21.151055,5912.1,05.1099,1.21533,06.1981
2026-05-27T15:46:22.129151,5913.1,05.1144,0.99638,05.0915
2026-05-27T15:46:23.151393,5914.1,05.1101,0.98663,05.0416
2026-05-27T15:46:24.127910,5915.1,05.1069,0.99162,05.0572
2026-05-27T15:46:25.149047,5916.1,05.1130,1.20271,06.1458
2026-05-27T15:46:26.127182,5917.1,05.1081,1.05763,05.3939
2026-05-27T15:46:27.151398,5918.1,05.1086,1.02389,05.2218
2026-05-27T15:46:28.129609,5919.1,05.1072,1.03907,05.2992
2026-05-27T15:46:29.152637,5920.1,05.1036,1.15259,05.8782
2026-05-27T15:46:30.126702,5921.1,05.1088,0.77164,03.9353
2026-05-27T15:46:31.146145,5922.1,05.1087,0.76858,03.9197
2026-05-27T15:46:32.119839,5923.1,05.1093,0.76650,03.9091
2026-05-27T15:46:33.144480,5924.1,05.1078,1.08132,05.5147
2026-05-27T15:46:34.122675,5925.1,05.1070,1.04751,05.3423
2026-05-27T15:46:35.145453,5926.1,05.1036,1.22836,06.2646
2026-05-27T15:46:36.123841,5927.1,05.1087,0.99850,05.0923
2026-05-27T15:46:37.146554,5928.1,05.1072,1.10788,05.6501
2026-05-27T15:46:38.124921,5929.1,05.1047,1.13013,05.7636
2026-05-27T15:46:39.149420,5930.1,05.1098,1.05643,05.3877
2026-05-27T15:46:40.128110,5931.1,05.1111,1.09318,05.5861
2026-05-27T15:46:41.149601,5932.1,05.1069,1.05861,05.3989
2026-05-27T15:46:42.126790,5933.1,05.1100,1.02462,05.2358
2026-05-27T15:46:43.149399,5934.1,05.1069,1.02917,05.2487
2026-05-27T15:46:44.126873,5935.1,05.1084,0.81633,04.1632
2026-05-27T15:46:45.152932,5936.1,05.1097,0.78845,04.0210
2026-05-27T15:46:46.126269,5937.1,05.1097,0.62029,03.1634
2026-05-27T15:46:47.149294,5938.1,05.1094,1.01732,05.1883
2026-05-27T15:46:48.124593,5939.1,05.1097,1.00987,05.1503
2026-05-27T15:46:49.148602,5940.1,05.1058,1.22428,06.2438
2026-05-27T15:46:50.127967,5941.1,05.1097,1.06251,05.4188
2026-05-27T15:46:51.152924,5942.1,05.1122,1.05978,05.4154
2026-05-27T15:46:52.128718,5943.1,05.1055,1.07671,05.4912
2026-05-27T15:46:53.150376,5944.1,05.1089,1.11836,05.7036
2026-05-27T15:46:54.128060,5945.1,05.1076,1.04770,05.3432
2026-05-27T15:46:55.151796,5946.1,05.1089,1.03440,05.2754
2026-05-27T15:46:56.130493,5947.1,05.1056,0.95956,04.8937
2026-05-27T15:46:57.150738,5948.1,05.1088,0.62382,03.1814
2026-05-27T15:46:58.124380,5949.1,05.1090,0.62136,03.1689
2026-05-27T15:46:59.145452,5950.1,05.1097,0.59678,03.0435
2026-05-27T15:47:00.125288,5951.1,05.1108,1.24428,06.3582
2026-05-27T15:47:01.149926,5952.1,05.1142,1.09504,05.5956
2026-05-27T15:47:02.128435,5953.1,05.1058,1.13126,05.7694
2026-05-27T15:47:03.154300,5954.1,05.1098,1.15055,05.8678
2026-05-27T15:47:04.129640,5955.1,05.1050,1.02877,05.2467
2026-05-27T15:47:05.149976,5956.1,05.1133,1.00316,05.1261
2026-05-27T15:47:06.125914,5957.1,05.1092,1.01703,05.1868
2026-05-27T15:47:07.146268,5958.1,05.1104,0.98879,05.0527
2026-05-27T15:47:08.123815,5959.1,05.1036,1.05999,05.4059
2026-05-27T15:47:09.147601,5960.1,05.1133,1.05652,05.3988
2026-05-27T15:47:10.122372,5961.1,05.1095,1.03907,05.2992
2026-05-27T15:47:11.141248,5962.1,05.1097,0.77102,03.9322
2026-05-27T15:47:12.162418,5963.1,05.1090,0.77040,03.9290
2026-05-27T15:47:13.137653,5964.1,05.1094,0.79405,04.0496
2026-05-27T15:47:14.161510,5965.1,05.1070,1.24087,06.3284
2026-05-27T15:47:15.139453,5966.1,05.1103,1.09938,05.6178
2026-05-27T15:47:16.164476,5967.1,05.1123,1.05414,05.3866
2026-05-27T15:47:17.142618,5968.1,05.1092,1.04336,05.3211
2026-05-27T15:47:18.165074,5969.1,05.1089,1.04075,05.3078
2026-05-27T15:47:19.138314,5970.1,05.1058,1.02106,05.2074
2026-05-27T15:47:20.160287,5971.1,05.1095,1.12754,05.7504
2026-05-27T15:47:21.138037,5972.1,05.1116,1.05621,05.3972
2026-05-27T15:47:22.159179,5973.1,05.1055,1.10679,05.6446
2026-05-27T15:47:23.135967,5974.1,05.1086,1.08160,05.5161
2026-05-27T15:47:24.158002,5975.1,05.1075,1.02261,05.2153
2026-05-27T15:47:25.132022,5976.1,05.1120,0.62180,03.1773
2026-05-27T15:47:26.149440,5977.1,05.1094,0.62228,03.1736
2026-05-27T15:47:27.168968,5978.1,05.1094,0.69890,03.5643
2026-05-27T15:47:28.145774,5979.1,05.0995,1.43265,07.2921
2026-05-27T15:47:29.124960,5980.1,05.1084,1.14255,05.8270
2026-05-27T15:47:30.145751,5981.1,05.1100,1.03961,05.3124
2026-05-27T15:47:31.164745,5982.1,05.1120,0.99822,05.1009
2026-05-27T15:47:32.141762,5983.1,05.1122,1.05258,05.3786
2026-05-27T15:47:33.163219,5984.1,05.1104,0.98156,05.0157
2026-05-27T15:47:34.140176,5985.1,05.1058,0.99514,05.0752
2026-05-27T15:47:35.162939,5986.1,05.1009,1.09672,05.5932
2026-05-27T15:47:36.139853,5987.1,05.1084,1.09767,05.5981
2026-05-27T15:47:37.163131,5988.1,05.1079,0.99157,05.0570
2026-05-27T15:47:38.138610,5989.1,05.1105,0.97793,04.9972
2026-05-27T15:47:39.159107,5990.1,05.1105,0.77351,03.9526
2026-05-27T15:47:40.131802,5991.1,05.1105,0.77071,03.9383
2026-05-27T15:47:41.151702,5992.1,05.1093,1.08759,05.5467
2026-05-27T15:47:42.130227,5993.1,05.1167,1.15324,05.8930
2026-05-27T15:47:43.151256,5994.1,05.1096,1.01377,05.1702
2026-05-27T15:47:44.129564,5995.1,05.1012,1.11281,05.6753
2026-05-27T15:47:45.152217,5996.1,05.1072,1.20542,06.1476
2026-05-27T15:47:46.129436,5997.1,05.1156,1.18737,06.0674
2026-05-27T15:47:47.152437,5998.1,05.1047,1.03702,05.2888
2026-05-27T15:47:48.130547,5999.1,05.0933,1.06915,05.4419
2026-05-27T15:47:49.152692,6000.1,05.1092,1.25940,06.4229
2026-05-27T15:47:50.129697,6001.1,05.1092,1.02885,05.2471
2026-05-27T15:47:51.154453,6002.1,05.1170,1.08041,05.5208
2026-05-27T15:47:52.131824,6003.1,05.1103,0.86863,04.4386
2026-05-27T15:47:53.154489,6004.1,05.1097,0.62678,03.1965
2026-05-27T15:47:54.172827,6005.1,05.1099,0.62382,03.1814
2026-05-27T15:47:55.146610,6006.1,05.1102,1.04853,05.3579
2026-05-27T15:47:56.170048,6007.1,05.1101,1.26250,06.4513
2026-05-27T15:47:57.145549,6008.1,05.1067,1.03737,05.2905
2026-05-27T15:47:58.171544,6009.1,05.1094,1.32137,06.7389
2026-05-27T15:47:59.149448,6010.1,05.1178,1.14616,05.8568
2026-05-27T15:48:00.174342,6011.1,05.0983,1.06373,05.4143
2026-05-27T15:48:01.155334,6012.1,05.1070,1.16455,05.9392
2026-05-27T15:48:02.133757,6013.1,05.0984,1.19647,06.0900
2026-05-27T15:48:03.157562,6014.1,05.1089,1.14219,05.8251
2026-05-27T15:48:04.135951,6015.1,05.1144,1.32954,06.7939
2026-05-27T15:48:05.160256,6016.1,05.1170,1.14257,05.8385
2026-05-27T15:48:06.136089,6017.1,05.1120,0.77082,03.9388
2026-05-27T15:48:07.154933,6018.1,05.1086,0.77105,03.9323
2026-05-27T15:48:08.173525,6019.1,05.1089,0.76889,03.9213
2026-05-27T15:48:09.147732,6020.1,05.1181,1.01156,05.1690
2026-05-27T15:48:10.172574,6021.1,05.1084,1.15287,05.8796
2026-05-27T15:48:11.151857,6022.1,05.1198,1.31484,06.7188
2026-05-27T15:48:12.174729,6023.1,05.1094,1.10395,05.6301
2026-05-27T15:48:13.152314,6024.1,05.1008,1.09574,05.5882
2026-05-27T15:48:14.174570,6025.1,05.1083,1.06853,05.4495
2026-05-27T15:48:15.150958,6026.1,05.1222,1.28222,06.5649
2026-05-27T15:48:16.173643,6027.1,05.0909,1.36200,06.9325
2026-05-27T15:48:17.148145,6028.1,05.1106,1.23232,06.2971
2026-05-27T15:48:18.171642,6029.1,05.1048,1.22867,06.2662
2026-05-27T15:48:19.146622,6030.1,05.1089,1.32770,06.7712
2026-05-27T15:48:20.167332,6031.1,05.1126,0.77644,03.9676
2026-05-27T15:48:21.141203,6032.1,05.1088,0.61899,03.1568
2026-05-27T15:48:22.159697,6033.1,05.1088,0.61771,03.1503
2026-05-27T15:48:23.136144,6034.1,05.1098,1.15920,05.9119
2026-05-27T15:48:24.158680,6035.1,05.1086,1.07224,05.4684
2026-05-27T15:48:25.136273,6036.1,05.1001,1.07164,05.4653
2026-05-27T15:48:26.158289,6037.1,05.0966,1.05683,05.3792
2026-05-27T15:48:27.135222,6038.1,05.1112,1.09329,05.5867
2026-05-27T15:48:28.161069,6039.1,05.1078,1.15769,05.9042
2026-05-27T15:48:29.139409,6040.1,05.0931,1.21278,06.1730
2026-05-27T15:48:30.164962,6041.1,05.1084,1.24304,06.3395
2026-05-27T15:48:31.141955,6042.1,05.1134,1.16000,05.9276
2026-05-27T15:48:32.166973,6043.1,05.1151,1.02714,05.2486
2026-05-27T15:48:33.145954,6044.1,05.1153,1.01954,05.2098
2026-05-27T15:48:34.170335,6045.2,05.1116,0.77087,03.9391
2026-05-27T15:48:35.147040,6046.2,05.1116,0.77069,03.9382
2026-05-27T15:48:36.170330,6047.2,05.1094,0.76919,03.9228
2026-05-27T15:48:37.148482,6048.2,05.1175,1.12101,05.7283
2026-05-27T15:48:38.172017,6049.2,05.1147,1.05897,05.4113
2026-05-27T15:48:39.149691,6050.2,05.1078,1.03858,05.2967
2026-05-27T15:48:40.172325,6051.2,05.1073,1.20230,06.1317
2026-05-27T15:48:41.150393,6052.2,05.1089,1.12207,05.7225
2026-05-27T15:48:42.174562,6053.2,05.1137,1.10426,05.6427
2026-05-27T15:48:43.150463,6054.2,05.0998,1.12455,05.7239
2026-05-27T15:48:44.172558,6055.2,05.1048,1.04798,05.3446
2026-05-27T15:48:45.149456,6056.2,05.1042,1.10135,05.6168
2026-05-27T15:48:46.173243,6057.2,05.1126,1.17020,05.9797
2026-05-27T15:48:47.145560,6058.2,05.1062,1.02224,05.2134
2026-05-27T15:48:48.167720,6059.2,05.1097,0.77115,03.9328
2026-05-27T15:48:49.184135,6060.2,05.1099,0.62324,03.1785
2026-05-27T15:48:50.154959,6061.2,05.1095,0.62175,03.1709
2026-05-27T15:48:51.176701,6062.2,05.1061,1.02943,05.2500
2026-05-27T15:48:52.153359,6063.2,05.1153,1.10038,05.6229
2026-05-27T15:48:53.175781,6064.2,05.1048,1.06117,05.4119
2026-05-27T15:48:54.152398,6065.2,05.1105,1.11915,05.7188
2026-05-27T15:48:55.171834,6066.2,05.1158,1.09974,05.6196
2026-05-27T15:48:56.146982,6067.2,05.1075,1.02486,05.2267
2026-05-27T15:48:57.168044,6068.2,05.1112,1.20377,06.1512
2026-05-27T15:48:58.144714,6069.2,05.1136,1.16002,05.9277
2026-05-27T15:48:59.166594,6070.2,05.1025,1.15313,05.8809
2026-05-27T15:49:00.144899,6071.2,05.1109,1.20754,06.1705
2026-05-27T15:49:01.167637,6072.2,05.0928,1.01469,05.1647
2026-05-27T15:49:02.141471,6073.2,05.1095,0.77667,03.9610
2026-05-27T15:49:03.160532,6074.2,05.1106,0.77461,03.9582
2026-05-27T15:49:04.183171,6075.2,05.1106,0.76465,03.9073
2026-05-27T15:49:05.160598,6076.2,05.1069,1.13479,05.7874
2026-05-27T15:49:06.184671,6077.2,05.1105,1.08759,05.5575
2026-05-27T15:49:07.162799,6078.2,05.1053,1.07522,05.4836
2026-05-27T15:49:08.187385,6079.2,05.1083,1.03672,05.2872
2026-05-27T15:49:09.164305,6080.2,05.1053,1.16683,05.9508
2026-05-27T15:49:10.188843,6081.2,05.1042,1.14122,05.8202
2026-05-27T15:49:11.167571,6082.2,05.1044,0.97314,04.9630
2026-05-27T15:49:12.146540,6083.2,05.1137,1.09856,05.6136
2026-05-27T15:49:13.171225,6084.2,05.1092,1.27042,06.4791
2026-05-27T15:49:14.151378,6085.2,05.1153,1.07710,05.5039
2026-05-27T15:49:15.175706,6086.2,05.0980,1.19956,06.1057
2026-05-27T15:49:16.154510,6087.2,05.1119,0.77231,03.9465
2026-05-27T15:49:17.173448,6088.2,05.1084,0.62203,03.1723
2026-05-27T15:49:18.146194,6089.2,05.1084,0.62058,03.1649
2026-05-27T15:49:19.168990,6090.2,05.1123,1.09186,05.5794
2026-05-27T15:49:20.148589,6091.2,05.1051,1.05154,05.3628
2026-05-27T15:49:21.170013,6092.2,05.1086,1.24620,06.3556
2026-05-27T15:49:22.149285,6093.2,05.1030,1.03146,05.2604
2026-05-27T15:49:23.173341,6094.2,05.1090,1.11665,05.6949
2026-05-27T15:49:24.150690,6095.2,05.1075,1.01581,05.1806
2026-05-27T15:49:25.173037,6096.2,05.1051,1.03516,05.2793
2026-05-27T15:49:26.151184,6097.2,05.1062,1.05482,05.3795
2026-05-27T15:49:27.171841,6098.2,05.1066,1.13779,05.8027
2026-05-27T15:49:28.148291,6099.2,05.1112,1.02343,05.2297
2026-05-27T15:49:29.173211,6100.2,05.1059,1.14709,05.8501
2026-05-27T15:49:30.149290,6101.2,05.1095,0.77360,03.9453
2026-05-27T15:49:31.169422,6102.2,05.1087,0.77051,03.9296
2026-05-27T15:49:32.191238,6103.2,05.1094,0.76719,03.9126
2026-05-27T15:49:33.167452,6104.2,05.1093,1.10270,05.6237
2026-05-27T15:49:34.192986,6105.2,05.1050,1.06691,05.4412
2026-05-27T15:49:35.170785,6106.2,05.1069,1.13067,05.7664
2026-05-27T15:49:36.150713,6107.2,05.1090,1.02243,05.2143
2026-05-27T15:49:37.176794,6108.2,05.1139,1.02194,05.2221
2026-05-27T15:49:38.155440,6109.2,05.1072,1.04141,05.3111
2026-05-27T15:49:39.182171,6110.2,05.1044,1.02157,05.2100
2026-05-27T15:49:40.159586,6111.2,05.1031,1.04500,05.3295
2026-05-27T15:49:41.183941,6112.2,05.1033,1.06274,05.4199
2026-05-27T15:49:42.160774,6113.2,05.1098,1.04696,05.3394
2026-05-27T15:49:43.189122,6114.2,05.1063,1.05774,05.3944
2026-05-27T15:49:44.167556,6115.2,05.1098,0.76783,03.9159
2026-05-27T15:49:45.188229,6116.2,05.1098,0.76784,03.9159
2026-05-27T15:49:46.162878,6117.2,05.1081,0.76633,03.9082
2026-05-27T15:49:47.190613,6118.2,05.1045,1.06226,05.4175
2026-05-27T15:49:48.169622,6119.2,05.1131,1.06336,05.4337
2026-05-27T15:49:49.191164,6120.2,05.1131,0.96629,04.9377
2026-05-27T15:49:50.171737,6121.2,05.1114,1.11136,05.6790
2026-05-27T15:49:51.195279,6122.2,05.1078,1.05951,05.4035
2026-05-27T15:49:52.175116,6123.2,05.1117,1.07460,05.4912
2026-05-27T15:49:53.195935,6124.2,05.1031,1.03998,05.3038
2026-05-27T15:49:54.173196,6125.2,05.1126,1.04869,05.3588
2026-05-27T15:49:55.195583,6126.2,05.1078,1.02247,05.2145
2026-05-27T15:49:56.173538,6127.2,05.1051,1.11118,05.6670
2026-05-27T15:49:57.195329,6128.2,05.1042,1.02662,05.2357
2026-05-27T15:49:58.168322,6129.2,05.1089,0.77213,03.9378
2026-05-27T15:49:59.190803,6130.2,05.1083,0.77124,03.9333
2026-05-27T15:50:00.164109,6131.2,05.1089,0.61848,03.1542
2026-05-27T15:50:01.187475,6132.2,05.1162,1.07781,05.5076
2026-05-27T15:50:02.166405,6133.2,05.1064,1.11638,05.6935
2026-05-27T15:50:03.190464,6134.2,05.1078,1.05070,05.3585
2026-05-27T15:50:04.166435,6135.2,05.1053,1.02648,05.2350
2026-05-27T15:50:05.192028,6136.2,05.1128,1.17393,05.9987
2026-05-27T15:50:06.169231,6137.2,05.1106,1.05663,05.3993
2026-05-27T15:50:07.190841,6138.2,05.1105,1.15903,05.9226
2026-05-27T15:50:08.166708,6139.2,05.1086,1.15386,05.8846
2026-05-27T15:50:09.189320,6140.2,05.1023,1.04806,05.3451
2026-05-27T15:50:10.167722,6141.2,05.1094,1.10260,05.6232
2026-05-27T15:50:11.191152,6142.2,05.1086,1.01480,05.1754
2026-05-27T15:50:12.166870,6143.2,05.1070,0.77025,03.9282
2026-05-27T15:50:13.189795,6144.2,05.1075,0.76992,03.9265
2026-05-27T15:50:14.165548,6145.2,05.1082,0.76840,03.9188
2026-05-27T15:50:15.194482,6146.2,05.1100,1.02168,05.2207
2026-05-27T15:50:16.170011,6147.2,05.1085,1.02025,05.2032
2026-05-27T15:50:17.193847,6148.2,05.1075,1.21626,06.2029
2026-05-27T15:50:18.170676,6149.2,05.1053,1.13847,05.8061
2026-05-27T15:50:19.193238,6150.2,05.1122,1.12050,05.7257
2026-05-27T15:50:20.171280,6151.2,05.1011,1.06708,05.4421
2026-05-27T15:50:21.195775,6152.2,05.1050,1.07931,05.5044
2026-05-27T15:50:22.173790,6153.2,05.1070,1.00688,05.1350
2026-05-27T15:50:23.198247,6154.2,05.1074,1.04525,05.3307
2026-05-27T15:50:24.177473,6155.2,05.1094,1.07181,05.4662
2026-05-27T15:50:25.202253,6156.2,05.1039,1.09482,05.5835
2026-05-27T15:50:26.177043,6157.2,05.1095,0.64584,03.2937
2026-05-27T15:50:27.194882,6158.2,05.1095,0.62044,03.1642
2026-05-27T15:50:28.167650,6159.2,05.1085,0.63013,03.2136
2026-05-27T15:50:29.189272,6160.2,05.1066,1.06290,05.4207
2026-05-27T15:50:30.164745,6161.2,05.1136,1.18966,06.0791
2026-05-27T15:50:31.188142,6162.2,05.1093,1.07214,05.4679
2026-05-27T15:50:32.165393,6163.2,05.1092,1.00895,05.1456
2026-05-27T15:50:33.186756,6164.2,05.1039,0.99016,05.0498
2026-05-27T15:50:34.162417,6165.2,05.1092,0.98359,05.0163
2026-05-27T15:50:35.185055,6166.2,05.1034,1.04371,05.3229
2026-05-27T15:50:36.163991,6167.2,05.1045,1.04717,05.3405
2026-05-27T15:50:37.187411,6168.2,05.1017,1.10008,05.6104
2026-05-27T15:50:38.162994,6169.2,05.1025,1.02695,05.2374
2026-05-27T15:50:39.186307,6170.2,05.1066,1.04509,05.3299
2026-05-27T15:50:40.163464,6171.2,05.1082,0.77370,03.9458
2026-05-27T15:50:41.184615,6172.2,05.1078,0.76919,03.9228
2026-05-27T15:50:42.160444,6173.2,05.1081,0.83011,04.2335
2026-05-27T15:50:43.184312,6174.2,05.1036,0.99878,05.0937
2026-05-27T15:50:44.205929,6175.2,05.1075,1.04705,05.3399
2026-05-27T15:50:45.184704,6176.2,05.1031,1.12873,05.7565
2026-05-27T15:50:46.163705,6177.2,05.1087,1.06370,05.4248
2026-05-27T15:50:47.188539,6178.2,05.1096,1.11439,05.6833
2026-05-27T15:50:48.166029,6179.2,05.1048,1.06465,05.4297
2026-05-27T15:50:49.189411,6180.2,05.1026,1.01802,05.1919
2026-05-27T15:50:50.167566,6181.2,05.1126,1.02372,05.2312
2026-05-27T15:50:51.193430,6182.2,05.1074,1.07140,05.4641
2026-05-27T15:50:52.171829,6183.2,05.1037,1.07336,05.4741
2026-05-27T15:50:53.195732,6184.2,05.1057,0.94063,04.7972
2026-05-27T15:50:54.169095,6185.2,05.1103,0.69935,03.5736
2026-05-27T15:50:55.188453,6186.2,05.1103,0.61805,03.1582
2026-05-27T15:50:56.208056,6187.2,05.1084,0.76112,03.8817
2026-05-27T15:50:57.184784,6188.2,05.1091,1.18881,06.0629
2026-05-27T15:50:58.165488,6189.2,05.1093,1.09852,05.6024
2026-05-27T15:50:59.191022,6190.2,05.1126,1.19628,06.1129
2026-05-27T15:51:00.169217,6191.2,05.1094,1.19292,06.0838
2026-05-27T15:51:01.192769,6192.2,05.1164,1.04937,05.3622
2026-05-27T15:51:02.170995,6193.2,05.1047,1.15449,05.8878
2026-05-27T15:51:03.193656,6194.2,05.1101,1.10836,05.6637
2026-05-27T15:51:04.168035,6195.2,05.1100,1.09873,05.6145
2026-05-27T15:51:05.190092,6196.2,05.1059,1.05606,05.3859
2026-05-27T15:51:06.164721,6197.2,05.1116,1.02505,05.2380
2026-05-27T15:51:07.189200,6198.2,05.1050,0.85918,04.3818
2026-05-27T15:51:08.209890,6199.2,05.1088,0.76940,03.9239
2026-05-27T15:51:09.183496,6200.2,05.1085,0.76831,03.9183
2026-05-27T15:51:10.203077,6201.2,05.1083,0.76768,03.9151
2026-05-27T15:51:11.181264,6202.2,05.1108,1.14215,05.8363
2026-05-27T15:51:12.203039,6203.2,05.1105,1.00728,05.1472
2026-05-27T15:51:13.179957,6204.2,05.1022,1.26947,06.4742
2026-05-27T15:51:14.204412,6205.2,05.1084,1.02861,05.2459
2026-05-27T15:51:15.184786,6206.2,05.0976,1.32941,06.7666
2026-05-27T15:51:16.205947,6207.2,05.1061,1.00036,05.1018
2026-05-27T15:51:17.177374,6208.2,05.1103,1.01550,05.1892
2026-05-27T15:51:18.200406,6209.2,05.1084,1.03495,05.2782
2026-05-27T15:51:19.176336,6210.2,05.1116,1.06186,05.4261
2026-05-27T15:51:20.199165,6211.2,05.1077,1.07437,05.4792
2026-05-27T15:51:21.176687,6212.2,05.1026,0.77547,03.9548
2026-05-27T15:51:22.196362,6213.2,05.1074,0.62143,03.1692
2026-05-27T15:51:23.168876,6214.2,05.1074,0.62008,03.1624
2026-05-27T15:51:24.189303,6215.2,05.1082,0.68954,03.5166
2026-05-27T15:51:25.211543,6216.2,05.1039,1.24294,06.3389
2026-05-27T15:51:26.183978,6217.2,05.0962,1.25797,06.4030
2026-05-27T15:51:27.205830,6218.2,05.1082,1.15252,05.8778
2026-05-27T15:51:28.181700,6219.2,05.1036,1.39799,07.1297
2026-05-27T15:51:29.202493,6220.2,05.0966,1.05189,05.3541
2026-05-27T15:51:30.177959,6221.2,05.1037,1.10401,05.6304
2026-05-27T15:51:31.198879,6222.2,05.1009,1.07114,05.4628
2026-05-27T15:51:32.173719,6223.2,05.1048,1.07597,05.4874
2026-05-27T15:51:33.198815,6224.2,05.0987,1.19434,06.0791
2026-05-27T15:51:34.175189,6225.2,05.1091,1.36568,06.9649
2026-05-27T15:51:35.197482,6226.2,05.1072,0.77468,03.9508
2026-05-27T15:51:36.172288,6227.2,05.1076,0.77327,03.9436
2026-05-27T15:51:37.191518,6228.2,05.1073,0.76378,03.8952
2026-05-27T15:51:38.215674,6229.2,05.1120,0.94784,04.8434
2026-05-27T15:51:39.192749,6230.2,05.1031,1.12152,05.7197
2026-05-27T15:51:40.170470,6231.2,05.1083,1.33517,06.8093
2026-05-27T15:51:41.193034,6232.2,05.1123,1.30944,06.6912
2026-05-27T15:51:42.172963,6233.2,05.0983,1.06844,05.4383
2026-05-27T15:51:43.195587,6234.2,05.1083,1.22902,06.2680
2026-05-27T15:51:44.172172,6235.2,05.1005,1.10469,05.6339
2026-05-27T15:51:45.194561,6236.2,05.1034,1.42703,07.2778
2026-05-27T15:51:46.172646,6237.2,05.1086,1.23777,06.3126
2026-05-27T15:51:47.195773,6238.2,05.1042,1.12896,05.7576
2026-05-27T15:51:48.173181,6239.2,05.1050,1.04013,05.3046
2026-05-27T15:51:49.196973,6240.2,05.1081,0.95939,04.8928
2026-05-27T15:51:50.216647,6241.2,05.1075,0.61933,03.1585
2026-05-27T15:51:51.188430,6242.2,05.1077,0.61822,03.1529
2026-05-27T15:51:52.209565,6243.2,05.1036,0.92338,04.7092
2026-05-27T15:51:53.187297,6244.2,05.1137,1.16139,05.9347
2026-05-27T15:51:54.213950,6245.2,05.1074,1.17982,06.0170
2026-05-27T15:51:55.192390,6246.2,05.1120,1.38617,07.0833
2026-05-27T15:51:56.214229,6247.2,05.1091,1.17022,05.9681
2026-05-27T15:51:57.190545,6248.2,05.1062,1.06622,05.4377
2026-05-27T15:51:58.212995,6249.2,05.1112,1.23158,06.2933
2026-05-27T15:51:59.189579,6250.2,05.1064,1.20145,06.1273
2026-05-27T15:52:00.211019,6251.2,05.1117,1.02791,05.2526
2026-05-27T15:52:01.189822,6252.2,05.1033,1.20608,06.1510
2026-05-27T15:52:02.211363,6253.2,05.1125,1.04702,05.3502
2026-05-27T15:52:03.186920,6254.2,05.1112,0.80438,04.1103
2026-05-27T15:52:04.205487,6255.2,05.1063,0.76852,03.9194
2026-05-27T15:52:05.178995,6256.2,05.1071,0.76790,03.9162
2026-05-27T15:52:06.199086,6257.2,05.1073,1.07847,05.5001
2026-05-27T15:52:07.176027,6258.2,05.1111,1.12029,05.7246
2026-05-27T15:52:08.198005,6259.2,05.1076,1.32374,06.7510
2026-05-27T15:52:09.221562,6260.2,05.1045,1.33879,06.8278
2026-05-27T15:52:10.197494,6261.2,05.1147,1.30647,06.6760
2026-05-27T15:52:11.222004,6262.2,05.0984,1.24000,06.3116
2026-05-27T15:52:12.197247,6263.2,05.1123,1.13461,05.7978
2026-05-27T15:52:13.176801,6264.2,05.1044,1.14449,05.8368
2026-05-27T15:52:14.202178,6265.2,05.1085,1.08786,05.5480
2026-05-27T15:52:15.179859,6266.2,05.1130,1.05699,05.4012
2026-05-27T15:52:16.204220,6267.2,05.1087,1.14790,05.8542
2026-05-27T15:52:17.185636,6268.2,05.1090,0.77154,03.9348
2026-05-27T15:52:18.208221,6269.2,05.1088,0.61650,03.1441
2026-05-27T15:52:19.183985,6270.2,05.1086,0.61765,03.1500
2026-05-27T15:52:20.206136,6271.2,05.1045,1.34568,06.8629
2026-05-27T15:52:21.181919,6272.2,05.0995,1.37918,07.0200
2026-05-27T15:52:22.203631,6273.2,05.0955,1.47009,07.4827
2026-05-27T15:52:23.181787,6274.2,05.1130,1.02805,05.2533
2026-05-27T15:52:24.208497,6275.2,05.1092,1.05397,05.3752
2026-05-27T15:52:25.188341,6276.2,05.1088,1.02430,05.2239
2026-05-27T15:52:26.214876,6277.2,05.1203,1.18266,06.0552
2026-05-27T15:52:27.191089,6278.2,05.1116,1.32673,06.7795
2026-05-27T15:52:28.216024,6279.2,05.1033,1.30219,06.6411
2026-05-27T15:52:29.190707,6280.2,05.1033,1.41382,07.2104
2026-05-27T15:52:30.215579,6281.2,05.0919,1.14942,05.8505
2026-05-27T15:52:31.192831,6282.2,05.1130,0.76985,03.9339
2026-05-27T15:52:32.211947,6283.2,05.1079,0.76981,03.9260
2026-05-27T15:52:33.187560,6284.2,05.1073,0.76724,03.9129
2026-05-27T15:52:34.210838,6285.2,05.1073,1.21180,06.1801
2026-05-27T15:52:35.185332,6286.2,05.1098,1.15262,05.8783
2026-05-27T15:52:36.207390,6287.2,05.0998,1.13618,05.7831
2026-05-27T15:52:37.184244,6288.2,05.1072,1.01475,05.1752
2026-05-27T15:52:38.205421,6289.2,05.1116,1.01424,05.1827
2026-05-27T15:52:39.182886,6290.2,05.1075,1.08021,05.5090
2026-05-27T15:52:40.206482,6291.2,05.1084,1.08610,05.5391
2026-05-27T15:52:41.185310,6292.2,05.1078,1.17244,05.9794
2026-05-27T15:52:42.210279,6293.2,05.1123,1.21240,06.1953
2026-05-27T15:52:43.186056,6294.2,05.1056,1.24576,06.3533
2026-05-27T15:52:44.208694,6295.2,05.0948,1.17157,05.9632
2026-05-27T15:52:45.186631,6296.2,05.1082,0.77411,03.9479
2026-05-27T15:52:46.207935,6297.2,05.1079,0.65868,03.3592
2026-05-27T15:52:47.228118,6298.2,05.1088,0.66539,03.3934
2026-05-27T15:52:48.203766,6299.2,05.1126,1.42301,07.2715
2026-05-27T15:52:49.227786,6300.2,05.1045,1.17954,06.0156
2026-05-27T15:52:50.205958,6301.2,05.1151,1.14865,05.8696
2026-05-27T15:52:51.229594,6302.2,05.1053,1.07515,05.4832
2026-05-27T15:52:52.206550,6303.2,05.1114,1.14384,05.8450
2026-05-27T15:52:53.228427,6304.2,05.1025,1.02492,05.2270
2026-05-27T15:52:54.205424,6305.2,05.1039,1.20815,06.1615
2026-05-27T15:52:55.229508,6306.2,05.1009,1.16706,05.9520
2026-05-27T15:52:56.206432,6307.2,05.1123,1.03382,05.2828
2026-05-27T15:52:57.226390,6308.2,05.1022,1.02679,05.2366
2026-05-27T15:52:58.203293,6309.2,05.1101,1.11804,05.7131
2026-05-27T15:52:59.225071,6310.2,05.1083,0.76998,03.9268
2026-05-27T15:53:00.199228,6311.2,05.1085,0.76929,03.9233
2026-05-27T15:53:01.219550,6312.2,05.1078,0.76760,03.9147
2026-05-27T15:53:02.197066,6313.2,05.1075,1.27532,06.5041
2026-05-27T15:53:03.219473,6314.2,05.1078,1.01582,05.1806
2026-05-27T15:53:04.197108,6315.2,05.1053,1.01426,05.1727
2026-05-27T15:53:05.217414,6316.2,05.1101,1.09057,05.5728
2026-05-27T15:53:06.193727,6317.2,05.1131,1.14186,05.8349
2026-05-27T15:53:07.215878,6318.2,05.1125,1.05190,05.3752
2026-05-27T15:53:08.192597,6319.2,05.0920,0.98095,04.9930
2026-05-27T15:53:09.214912,6320.2,05.1077,1.11550,05.6890
2026-05-27T15:53:10.192454,6321.2,05.1050,1.07570,05.4860
2026-05-27T15:53:11.212604,6322.2,05.1028,1.10063,05.6132
2026-05-27T15:53:12.189515,6323.2,05.1064,1.08082,05.5121
2026-05-27T15:53:13.211503,6324.2,05.1076,0.76877,03.9207
2026-05-27T15:53:14.231014,6325.2,05.1095,0.62097,03.1669
2026-05-27T15:53:15.203401,6326.2,05.1076,0.61953,03.1596
2026-05-27T15:53:16.226417,6327.2,05.1197,1.04132,05.3211
2026-05-27T15:53:17.203522,6328.2,05.0928,1.05445,05.3671
2026-05-27T15:53:18.227863,6329.2,05.1114,1.06956,05.4654
2026-05-27T15:53:19.203382,6330.2,05.1058,0.99940,05.0969
2026-05-27T15:53:20.226381,6331.2,05.1044,1.04458,05.3273
2026-05-27T15:53:21.203789,6332.2,05.1069,1.11582,05.6906
2026-05-27T15:53:22.227041,6333.2,05.1131,1.13087,05.7787
2026-05-27T15:53:23.204909,6334.2,05.1083,1.17861,06.0109
2026-05-27T15:53:24.229883,6335.2,05.1008,1.13834,05.8055
2026-05-27T15:53:25.210584,6336.2,05.1076,1.07250,05.4697
2026-05-27T15:53:26.233565,6337.2,05.1128,1.30721,06.6798
2026-05-27T15:53:27.208132,6338.2,05.1091,0.77288,03.9416
2026-05-27T15:53:28.230728,6339.2,05.1090,0.77193,03.9368
2026-05-27T15:53:29.207214,6340.2,05.1087,0.76852,03.9194
2026-05-27T15:53:30.231522,6341.2,05.1016,1.01563,05.1797
2026-05-27T15:53:31.210892,6342.2,05.1091,1.01624,05.1828
2026-05-27T15:53:32.238522,6343.2,05.1098,1.04411,05.3249
2026-05-27T15:53:33.216546,6344.2,05.1062,1.07627,05.4889
2026-05-27T15:53:34.195257,6345.2,05.0983,1.01951,05.1893
2026-05-27T15:53:35.221429,6346.2,05.1066,1.08402,05.5285
2026-05-27T15:53:36.203322,6347.2,05.1144,1.14180,05.8345
2026-05-27T15:53:37.228883,6348.2,05.1108,1.07962,05.5168
2026-05-27T15:53:38.208443,6349.2,05.0959,1.14960,05.8514
2026-05-27T15:53:39.235088,6350.2,05.1070,1.08230,05.5197
2026-05-27T15:53:40.213467,6351.2,05.1033,1.06966,05.4552
2026-05-27T15:53:41.239324,6352.2,05.1105,0.74918,03.8283
2026-05-27T15:53:42.215307,6353.2,05.1105,0.61882,03.1621
2026-05-27T15:53:43.236273,6354.2,05.1105,0.61878,03.1619
2026-05-27T15:53:44.214711,6355.2,05.1053,1.15769,05.9042
2026-05-27T15:53:45.195819,6356.2,05.1053,1.15771,05.9043
2026-05-27T15:53:46.221474,6357.2,05.1078,1.13920,05.8099
2026-05-27T15:53:47.200750,6358.2,05.1069,1.01967,05.2003
2026-05-27T15:53:48.224351,6359.2,05.1055,1.00609,05.1310
2026-05-27T15:53:49.201700,6360.2,05.1077,1.01975,05.2007
2026-05-27T15:53:50.223854,6361.2,05.1068,1.02229,05.2136
2026-05-27T15:53:51.199921,6362.2,05.1064,1.16131,05.9226
2026-05-27T15:53:52.226523,6363.2,05.1091,1.08109,05.5135
2026-05-27T15:53:53.202831,6364.2,05.1105,1.02784,05.2522
2026-05-27T15:53:54.225706,6365.2,05.1105,1.13265,05.7878
2026-05-27T15:53:55.202412,6366.2,05.1079,0.77100,03.9321
2026-05-27T15:53:56.223425,6367.2,05.1081,0.76935,03.9236
2026-05-27T15:53:57.197377,6368.2,05.1084,0.76715,03.9124
2026-05-27T15:53:58.219839,6369.2,05.1153,1.00784,05.1500
2026-05-27T15:53:59.198711,6370.2,05.1086,1.01209,05.1616
2026-05-27T15:54:00.223818,6371.2,05.1105,1.15744,05.9145
2026-05-27T15:54:01.205172,6372.2,05.1073,1.06400,05.4264
2026-05-27T15:54:02.229310,6373.2,05.1131,1.07563,05.4964
2026-05-27T15:54:03.204926,6374.2,05.1120,1.14359,05.8437
2026-05-27T15:54:04.227664,6375.2,05.1101,1.18658,06.0634
2026-05-27T15:54:05.206655,6376.2,05.1108,1.14358,05.8436
2026-05-27T15:54:06.229694,6377.2,05.1073,1.03108,05.2585
2026-05-27T15:54:07.206866,6378.2,05.1123,1.01792,05.2015
2026-05-27T15:54:08.230932,6379.2,05.1000,1.05532,05.3821
2026-05-27T15:54:09.207521,6380.2,05.1071,0.76878,03.9207
2026-05-27T15:54:10.229534,6381.2,05.1072,0.76827,03.9181
2026-05-27T15:54:11.204105,6382.2,05.1082,0.76648,03.9090
2026-05-27T15:54:12.228699,6383.2,05.1126,1.09573,05.5991
2026-05-27T15:54:13.205745,6384.2,05.1119,1.10464,05.6447
2026-05-27T15:54:14.230689,6385.2,05.1045,1.07697,05.4925
2026-05-27T15:54:15.207963,6386.2,05.1073,1.00293,05.1149
2026-05-27T15:54:16.232181,6387.2,05.1089,1.03937,05.3007
2026-05-27T15:54:17.208288,6388.2,05.1062,0.99194,05.0588
2026-05-27T15:54:18.233425,6389.2,05.1051,1.01710,05.1872
2026-05-27T15:54:19.211413,6390.2,05.1045,0.98483,05.0226
2026-05-27T15:54:20.234123,6391.2,05.1095,1.20668,06.1540
2026-05-27T15:54:21.215097,6392.2,05.1080,1.05721,05.3917
2026-05-27T15:54:22.240641,6393.2,05.1109,0.99033,05.0605
2026-05-27T15:54:23.217297,6394.2,05.1083,0.77019,03.9279
2026-05-27T15:54:24.240314,6395.2,05.1074,0.73261,03.7363
2026-05-27T15:54:25.215480,6396.2,05.1084,0.61755,03.1495
2026-05-27T15:54:26.237112,6397.2,05.1136,1.20569,06.1610
2026-05-27T15:54:27.215142,6398.2,05.1094,1.02993,05.2526
2026-05-27T15:54:28.240689,6399.2,05.1064,1.14615,05.8453
2026-05-27T15:54:29.216880,6400.2,05.1116,1.02115,05.2180
2026-05-27T15:54:30.240785,6401.2,05.1101,1.05513,05.3917
2026-05-27T15:54:31.219532,6402.2,05.1116,1.01761,05.1999
2026-05-27T15:54:32.245783,6403.2,05.1053,0.98191,05.0077
2026-05-27T15:54:33.224937,6404.2,05.1102,1.11274,05.6861
2026-05-27T15:54:34.248167,6405.2,05.1120,1.08725,05.5558
2026-05-27T15:54:35.227957,6406.2,05.1086,1.03646,05.2859
2026-05-27T15:54:36.206238,6407.2,05.1059,1.10692,05.6452
2026-05-27T15:54:37.228189,6408.2,05.1095,0.77291,03.9418
2026-05-27T15:54:38.205738,6409.2,05.1087,0.78638,04.0105
2026-05-27T15:54:39.228435,6410.2,05.1088,0.81421,04.1524
2026-05-27T15:54:40.205898,6411.2,05.1100,1.19781,06.1208
2026-05-27T15:54:41.230886,6412.2,05.1019,0.98393,05.0180
2026-05-27T15:54:42.207386,6413.2,05.1106,1.15620,05.9081
2026-05-27T15:54:43.232468,6414.2,05.1093,0.99252,05.0618
2026-05-27T15:54:44.211110,6415.2,05.1070,1.00975,05.1497
2026-05-27T15:54:45.236733,6416.2,05.1094,1.05648,05.3880
2026-05-27T15:54:46.215184,6417.2,05.1096,1.04922,05.3510
2026-05-27T15:54:47.239881,6418.2,05.1058,1.34744,06.8719
2026-05-27T15:54:48.220446,6419.2,05.1053,1.08705,05.5439
2026-05-27T15:54:49.245800,6420.2,05.1096,1.07725,05.4939
2026-05-27T15:54:50.223698,6421.2,05.1090,0.97693,04.9823
2026-05-27T15:54:51.246982,6422.2,05.1087,0.68029,03.4694
2026-05-27T15:54:52.220949,6423.2,05.1087,0.62107,03.1674
2026-05-27T15:54:53.241890,6424.2,05.1089,0.74041,03.7760
2026-05-27T15:54:54.223267,6425.2,05.1075,1.06554,05.4342
2026-05-27T15:54:55.249498,6426.2,05.1005,1.02322,05.2184
2026-05-27T15:54:56.229305,6427.2,05.1066,1.16799,05.9567
2026-05-27T15:54:57.251451,6428.2,05.1109,1.38501,07.0774
2026-05-27T15:54:58.229865,6429.2,05.1080,1.11082,05.6651
2026-05-27T15:54:59.209975,6430.2,05.1117,1.05375,05.3846
2026-05-27T15:55:00.233132,6431.2,05.1112,1.04596,05.3448
2026-05-27T15:55:01.255743,6432.2,05.1053,1.01147,05.1584
2026-05-27T15:55:02.234489,6433.2,05.1067,1.01382,05.1704
2026-05-27T15:55:03.210278,6434.2,05.1101,1.01763,05.2000
2026-05-27T15:55:04.232305,6435.2,05.1042,1.01872,05.1954
2026-05-27T15:55:05.250602,6436.2,05.1079,0.76577,03.9054
2026-05-27T15:55:06.226285,6437.2,05.1078,0.76651,03.9092
2026-05-27T15:55:07.246349,6438.2,05.1086,0.80718,04.1166
2026-05-27T15:55:08.223917,6439.2,05.0991,1.09694,05.5834
2026-05-27T15:55:09.247716,6440.2,05.1030,1.03983,05.3031
2026-05-27T15:55:10.226712,6441.2,05.0978,1.31460,06.6913
2026-05-27T15:55:11.249606,6442.2,05.1047,1.17615,05.9983
2026-05-27T15:55:12.224260,6443.2,05.1120,1.19533,06.1081
2026-05-27T15:55:13.246605,6444.2,05.1120,1.16062,05.9307
2026-05-27T15:55:14.226911,6445.2,05.1084,1.06473,05.4301
2026-05-27T15:55:15.249028,6446.2,05.1151,1.00750,05.1483
2026-05-27T15:55:16.227287,6447.2,05.1116,1.19496,06.1062
2026-05-27T15:55:17.252097,6448.2,05.0948,1.26556,06.4417
2026-05-27T15:55:18.230882,6449.2,05.1103,0.79236,04.0489
2026-05-27T15:55:19.251224,6450.2,05.1100,0.61566,03.1460
2026-05-27T15:55:20.225063,6451.2,05.1093,0.61622,03.1427
2026-05-27T15:55:21.247425,6452.2,05.1070,0.73290,03.7377
2026-05-27T15:55:22.226145,6453.2,05.1025,1.40322,07.1564
2026-05-27T15:55:23.251380,6454.2,05.1141,1.08650,05.5520
2026-05-27T15:55:24.231148,6455.2,05.1200,1.04377,05.3441
2026-05-27T15:55:25.253511,6456.2,05.1102,1.13300,05.7896
2026-05-27T15:55:26.230705,6457.2,05.0953,1.37517,06.9996
2026-05-27T15:55:27.254574,6458.2,05.1001,1.30251,06.6428
2026-05-27T15:55:28.234422,6459.2,05.1084,1.12262,05.7253
2026-05-27T15:55:29.258870,6460.2,05.1045,1.27070,06.4805
2026-05-27T15:55:30.237089,6461.2,05.1095,1.31177,06.6900
2026-05-27T15:55:31.258219,6462.2,05.1014,1.07987,05.5073
2026-05-27T15:55:32.235683,6463.2,05.1105,0.84184,04.3018
2026-05-27T15:55:33.257566,6464.2,05.1083,0.77048,03.9294
2026-05-27T15:55:34.233610,6465.2,05.1091,0.76839,03.9187
2026-05-27T15:55:35.253535,6466.2,05.0956,1.31295,06.6829
2026-05-27T15:55:36.229851,6467.2,05.1059,1.01750,05.1892
2026-05-27T15:55:37.252553,6468.2,05.1083,1.21693,06.2063
2026-05-27T15:55:38.233250,6469.2,05.1069,1.15671,05.8992
2026-05-27T15:55:39.259168,6470.2,05.1173,1.08058,05.5217
2026-05-27T15:55:40.236711,6471.2,05.1014,1.05594,05.3852
2026-05-27T15:55:41.262244,6472.2,05.1108,1.05678,05.4001
2026-05-27T15:55:42.242419,6473.2,05.1153,1.14128,05.8319
2026-05-27T15:55:43.219385,6474.2,05.1137,1.09487,05.5947
2026-05-27T15:55:44.242688,6475.2,05.1066,1.09094,05.5637
2026-05-27T15:55:45.222778,6476.2,05.0951,1.07855,05.4898
2026-05-27T15:55:46.246338,6477.2,05.1078,0.76904,03.9221
2026-05-27T15:55:47.222536,6478.2,05.1091,0.61993,03.1616
2026-05-27T15:55:48.245673,6479.2,05.1091,0.61909,03.1573
2026-05-27T15:55:49.224290,6480.2,05.0931,1.19420,06.0784
2026-05-27T15:55:50.250704,6481.2,05.1186,1.05232,05.3773
2026-05-27T15:55:51.228408,6482.2,05.1131,1.22065,06.2375
2026-05-27T15:55:52.252904,6483.2,05.1082,1.09731,05.5962
2026-05-27T15:55:53.234759,6484.2,05.1041,1.10479,05.6344
2026-05-27T15:55:54.260927,6485.2,05.1072,1.06387,05.4257
2026-05-27T15:55:55.239722,6486.2,05.1076,1.18405,06.0386
2026-05-27T15:55:56.222301,6487.2,05.1145,1.08456,05.5421
2026-05-27T15:55:57.248219,6488.2,05.1137,1.20227,06.1435
2026-05-27T15:55:58.229581,6489.2,05.1067,1.19061,06.0721
2026-05-27T15:55:59.256851,6490.2,05.1164,1.14331,05.8423
2026-05-27T15:56:00.235599,6491.2,05.1084,0.77227,03.9385
2026-05-27T15:56:01.260427,6492.2,05.1070,0.77039,03.9289
2026-05-27T15:56:02.237395,6493.2,05.1083,0.76665,03.9099
2026-05-27T15:56:03.259683,6494.2,05.1133,1.05808,05.4067
2026-05-27T15:56:04.239621,6495.2,05.1173,1.13363,05.7928
2026-05-27T15:56:05.264797,6496.2,05.1099,1.09469,05.5829
2026-05-27T15:56:06.242941,6497.2,05.1047,1.34764,06.8729
2026-05-27T15:56:07.265530,6498.2,05.1055,1.17867,06.0112
2026-05-27T15:56:08.241477,6499.2,05.0936,1.05522,05.3710
2026-05-27T15:56:09.265456,6500.2,05.1167,1.04100,05.3195
2026-05-27T15:56:10.243321,6501.2,05.1039,1.09907,05.6052
2026-05-27T15:56:11.266624,6502.2,05.0995,1.08612,05.5283
2026-05-27T15:56:12.242215,6503.2,05.1091,1.16773,05.9554
2026-05-27T15:56:13.266057,6504.2,05.1153,1.08310,05.5346
2026-05-27T15:56:14.241191,6505.2,05.1091,0.76980,03.9259
2026-05-27T15:56:15.261542,6506.2,05.1093,0.62101,03.1671
2026-05-27T15:56:16.235146,6507.2,05.1091,0.62045,03.1642
2026-05-27T15:56:17.258307,6508.2,05.0937,1.41199,07.1870
2026-05-27T15:56:18.238203,6509.2,05.1097,1.10255,05.6230
2026-05-27T15:56:19.261033,6510.2,05.1091,1.11827,05.7031
2026-05-27T15:56:20.237996,6511.2,05.1105,1.09435,05.5921
2026-05-27T15:56:21.260616,6512.2,05.1031,1.02131,05.2086
2026-05-27T15:56:22.237794,6513.2,05.1103,1.07122,05.4739
2026-05-27T15:56:23.262117,6514.2,05.1095,1.04898,05.3497
2026-05-27T15:56:24.237958,6515.2,05.1133,1.06935,05.4643
2026-05-27T15:56:25.262212,6516.2,05.1150,1.20763,06.1709
2026-05-27T15:56:26.238871,6517.2,05.1059,1.04848,05.3472
2026-05-27T15:56:27.262000,6518.2,05.1130,1.03441,05.2858
2026-05-27T15:56:28.239214,6519.2,05.1086,0.76877,03.9207
2026-05-27T15:56:29.260374,6520.2,05.1082,0.76835,03.9185
2026-05-27T15:56:30.237919,6521.2,05.1079,0.76664,03.9098
2026-05-27T15:56:31.260984,6522.2,05.1087,1.03838,05.2957
2026-05-27T15:56:32.238677,6523.2,05.1112,1.10655,05.6544
2026-05-27T15:56:33.261476,6524.2,05.1000,1.07306,05.4726
2026-05-27T15:56:34.238015,6525.2,05.0995,1.00153,05.0977
2026-05-27T15:56:35.260623,6526.2,05.1092,1.19655,06.1024
2026-05-27T15:56:36.241105,6527.2,05.1084,1.03245,05.2654
2026-05-27T15:56:37.268087,6528.2,05.1105,1.04441,05.3369
2026-05-27T15:56:38.247865,6529.2,05.1009,1.14375,05.8331
2026-05-27T15:56:39.272233,6530.2,05.1067,1.13267,05.7766
2026-05-27T15:56:40.250864,6531.2,05.1067,1.10923,05.6570
2026-05-27T15:56:41.274121,6532.2,05.1098,1.12329,05.7287
2026-05-27T15:56:42.249453,6533.2,05.1086,0.77430,03.9489
2026-05-27T15:56:43.269457,6534.2,05.1088,0.62041,03.1640
2026-05-27T15:56:44.242244,6535.2,05.1088,0.61983,03.1611
2026-05-27T15:56:45.265128,6536.2,05.0909,1.05641,05.3771
2026-05-27T15:56:46.246324,6537.2,05.1120,1.17652,06.0120
2026-05-27T15:56:47.268595,6538.2,05.1158,1.00598,05.1405
2026-05-27T15:56:48.248814,6539.2,05.1094,1.09252,05.5718
2026-05-27T15:56:49.274734,6540.2,05.1084,1.12946,05.7602
2026-05-27T15:56:50.253480,6541.2,05.1053,1.21310,06.1868
2026-05-27T15:56:51.276212,6542.2,05.1017,1.11519,05.6874
2026-05-27T15:56:52.254544,6543.2,05.1048,1.14534,05.8412
2026-05-27T15:56:53.233947,6544.2,05.1000,1.00147,05.1074
2026-05-27T15:56:54.258703,6545.2,05.1053,1.22517,06.2483
2026-05-27T15:56:55.237386,6546.2,05.1064,1.13605,05.7938
2026-05-27T15:56:56.260126,6547.2,05.1086,0.77195,03.9369
2026-05-27T15:56:57.235848,6548.2,05.1085,0.76348,03.8937
2026-05-27T15:56:58.256893,6549.2,05.1089,0.76031,03.8775
2026-05-27T15:56:59.238616,6550.2,05.1082,1.12240,05.7242
2026-05-27T15:57:00.267426,6551.2,05.1008,0.98901,05.0439
2026-05-27T15:57:01.245983,6552.2,05.1084,1.03162,05.2612
2026-05-27T15:57:02.272311,6553.2,05.1083,1.07084,05.4612
2026-05-27T15:57:03.248401,6554.2,05.1039,1.09849,05.6022
2026-05-27T15:57:04.274602,6555.2,05.1092,1.05833,05.3974
2026-05-27T15:57:05.251591,6556.2,05.1094,1.14516,05.8403
2026-05-27T15:57:06.275060,6557.2,05.1067,1.14727,05.8510
2026-05-27T15:57:07.254702,6558.2,05.1064,1.03680,05.2876
2026-05-27T15:57:08.235389,6559.2,05.1105,1.19578,06.1104
2026-05-27T15:57:09.260991,6560.2,05.1061,1.08441,05.5304
2026-05-27T15:57:10.236845,6561.2,05.1061,0.66875,03.4106
2026-05-27T15:57:11.255862,6562.2,05.1082,0.62080,03.1660
2026-05-27T15:57:12.275722,6563.2,05.1081,0.61891,03.1564
2026-05-27T15:57:13.250755,6564.2,05.1069,1.11370,05.6798
2026-05-27T15:57:14.271956,6565.2,05.1048,1.18970,06.0674
2026-05-27T15:57:15.249199,6566.2,05.1067,1.02204,05.2124
2026-05-27T15:57:16.270727,6567.2,05.1077,1.05148,05.3625
2026-05-27T15:57:17.248046,6568.2,05.1062,1.01128,05.1575
2026-05-27T15:57:18.273785,6569.2,05.1094,1.04460,05.3274
2026-05-27T15:57:19.251604,6570.2,05.1009,1.09124,05.5653
2026-05-27T15:57:20.275626,6571.2,05.1130,1.09778,05.6096
2026-05-27T15:57:21.252103,6572.2,05.1071,1.14587,05.8439
2026-05-27T15:57:22.274465,6573.3,05.1130,1.19939,06.1288
2026-05-27T15:57:23.249496,6574.3,05.1119,1.07706,05.5037
2026-05-27T15:57:24.272140,6575.3,05.1079,0.77103,03.9322
2026-05-27T15:57:25.248850,6576.3,05.1082,0.76872,03.9204
2026-05-27T15:57:26.269912,6577.3,05.1095,0.76705,03.9119
2026-05-27T15:57:27.244767,6578.3,05.1044,1.03695,05.2884
2026-05-27T15:57:28.269700,6579.3,05.1062,1.03301,05.2683
2026-05-27T15:57:29.249185,6580.3,05.1056,1.15362,05.8834
2026-05-27T15:57:30.270876,6581.3,05.1016,1.11028,05.6624
2026-05-27T15:57:31.249292,6582.3,05.1128,0.98944,05.0560
2026-05-27T15:57:32.274804,6583.3,05.1097,1.03685,05.2879
2026-05-27T15:57:33.250672,6584.3,05.1026,1.02420,05.2234
2026-05-27T15:57:34.274324,6585.3,05.1072,1.04927,05.3512
2026-05-27T15:57:35.253518,6586.3,05.1130,1.03758,05.3020
2026-05-27T15:57:36.278145,6587.3,05.1071,1.10779,05.6497
2026-05-27T15:57:37.254473,6588.3,05.1125,1.13806,05.8154
2026-05-27T15:57:38.275320,6589.3,05.1077,0.77151,03.9347
2026-05-27T15:57:39.249306,6590.3,05.1077,0.76267,03.8896
2026-05-27T15:57:40.270006,6591.3,05.1090,0.76427,03.8977
2026-05-27T15:57:41.245658,6592.3,05.1051,0.99219,05.0601
2026-05-27T15:57:42.268112,6593.3,05.1051,1.04295,05.3190
2026-05-27T15:57:43.245022,6594.3,05.0991,1.07996,05.4969
2026-05-27T15:57:44.266745,6595.3,05.1019,1.02118,05.2080
2026-05-27T15:57:45.242560,6596.3,05.1105,1.10708,05.6571
2026-05-27T15:57:46.266839,6597.3,05.1077,1.14052,05.8166
2026-05-27T15:57:47.243002,6598.3,05.1076,1.15928,05.9123
2026-05-27T15:57:48.265245,6599.3,05.1033,1.06625,05.4378
2026-05-27T15:57:49.241426,6600.3,05.1151,1.02823,05.2542
2026-05-27T15:57:50.264489,6601.3,05.1091,1.16402,05.9365
2026-05-27T15:57:51.242638,6602.3,05.1022,1.04825,05.3460
2026-05-27T15:57:52.263710,6603.3,05.1079,0.77076,03.9308
2026-05-27T15:57:53.284434,6604.3,05.1078,0.72706,03.7080
2026-05-27T15:57:54.260765,6605.3,05.1088,0.61935,03.1586
2026-05-27T15:57:55.284941,6606.3,05.1122,1.14687,05.8605
2026-05-27T15:57:56.263195,6607.3,05.1059,0.97569,04.9760
2026-05-27T15:57:57.287799,6608.3,05.0942,1.12224,05.7122
2026-05-27T15:57:58.269336,6609.3,05.1080,1.06376,05.4251
2026-05-27T15:57:59.248525,6610.3,05.1083,1.01092,05.1556
2026-05-27T15:58:00.273965,6611.3,05.1095,1.12124,05.7183
2026-05-27T15:58:01.253298,6612.3,05.1088,1.00118,05.1060
2026-05-27T15:58:02.275558,6613.3,05.1098,1.01800,05.1918
2026-05-27T15:58:03.256584,6614.3,05.1037,1.03182,05.2622
2026-05-27T15:58:04.281984,6615.3,05.1086,1.02876,05.2466
2026-05-27T15:58:05.258480,6616.3,05.1048,1.08900,05.5539
2026-05-27T15:58:06.279879,6617.3,05.1088,0.77140,03.9341
2026-05-27T15:58:07.254763,6618.3,05.1087,0.76828,03.9182
2026-05-27T15:58:08.279395,6619.3,05.1072,0.84066,04.2873
2026-05-27T15:58:09.258312,6620.3,05.1022,1.12121,05.7181
2026-05-27T15:58:10.282313,6621.3,05.1101,1.32227,06.7567
2026-05-27T15:58:11.258425,6622.3,05.1097,1.11278,05.6751
2026-05-27T15:58:12.282269,6623.3,05.1114,1.04021,05.3154
2026-05-27T15:58:13.258933,6624.3,05.1114,1.11781,05.7120
2026-05-27T15:58:14.282605,6625.3,05.1064,1.17603,05.9977
2026-05-27T15:58:15.261505,6626.3,05.1151,1.11060,05.6751
2026-05-27T15:58:16.285082,6627.3,05.1087,1.16929,05.9633
2026-05-27T15:58:17.262565,6628.3,05.1134,1.15020,05.8775
2026-05-27T15:58:18.286849,6629.3,05.1000,1.03552,05.2811
2026-05-27T15:58:19.263670,6630.3,05.1133,0.93059,04.7553
2026-05-27T15:58:20.282180,6631.3,05.1095,0.62028,03.1634
2026-05-27T15:58:21.253236,6632.3,05.1110,0.61905,03.1633
2026-05-27T15:58:22.271661,6633.3,05.1023,0.84253,04.2969
2026-05-27T15:58:23.247678,6634.3,05.1145,1.10129,05.6275
2026-05-27T15:58:24.269819,6635.3,05.1119,1.06256,05.4296
2026-05-27T15:58:25.292909,6636.3,05.1104,1.28120,06.5469
2026-05-27T15:58:26.270735,6637.3,05.1156,1.21674,06.2175
2026-05-27T15:58:27.292408,6638.3,05.1105,1.09536,05.5972
2026-05-27T15:58:28.268208,6639.3,05.1102,1.40883,07.1991
2026-05-27T15:58:29.289748,6640.3,05.1076,1.15125,05.8713
2026-05-27T15:58:30.265484,6641.3,05.1069,1.06879,05.4508
2026-05-27T15:58:31.289619,6642.3,05.1100,1.11906,05.7183
2026-05-27T15:58:32.269005,6643.3,05.1064,1.06943,05.4540
2026-05-27T15:58:33.293770,6644.3,05.1101,0.84827,04.3346
2026-05-27T15:58:34.269592,6645.3,05.1096,0.77049,03.9294
2026-05-27T15:58:35.288266,6646.3,05.1098,0.76917,03.9227
2026-05-27T15:58:36.264898,6647.3,05.1048,1.09745,05.5969
2026-05-27T15:58:37.285499,6648.3,05.1089,1.28614,06.5593
2026-05-27T15:58:38.263537,6649.3,05.0901,1.22330,06.2265
2026-05-27T15:58:39.286479,6650.3,05.1050,1.09959,05.6079
2026-05-27T15:58:40.261895,6651.3,05.1122,1.19077,06.0848
2026-05-27T15:58:41.284083,6652.3,05.1070,1.15434,05.8871
2026-05-27T15:58:42.262243,6653.3,05.1114,1.19031,06.0824
2026-05-27T15:58:43.284197,6654.3,05.1012,1.38287,07.0526
2026-05-27T15:58:44.260515,6655.3,05.1020,1.02538,05.2294
2026-05-27T15:58:45.284875,6656.3,05.1031,1.01600,05.1816
2026-05-27T15:58:46.261167,6657.3,05.1126,1.13780,05.8141
2026-05-27T15:58:47.285700,6658.3,05.1108,0.79300,04.0522
2026-05-27T15:58:48.260581,6659.3,05.1094,0.77228,03.9386
2026-05-27T15:58:49.279577,6660.3,05.1092,0.81943,04.1790
2026-05-27T15:58:50.254594,6661.3,05.1089,0.91387,04.6607
2026-05-27T15:58:51.278669,6662.3,05.1019,1.24255,06.3370
2026-05-27T15:58:52.253149,6663.3,05.1153,1.06728,05.4538
2026-05-27T15:58:53.275413,6664.3,05.1101,1.39366,07.1216
2026-05-27T15:58:54.296403,6665.3,05.1159,1.05159,05.3736
2026-05-27T15:58:55.271535,6666.3,05.1186,1.10098,05.6260
2026-05-27T15:58:56.290591,6667.3,05.1055,1.08846,05.5511
2026-05-27T15:58:57.264722,6668.3,05.1099,1.10119,05.6160
2026-05-27T15:58:58.286659,6669.3,05.1139,1.23852,06.3288
2026-05-27T15:58:59.263342,6670.3,05.1136,1.17218,05.9898
2026-05-27T15:59:00.283516,6671.3,05.1136,1.22881,06.2792
2026-05-27T15:59:01.258867,6672.3,05.1092,0.76995,03.9267
2026-05-27T15:59:02.277699,6673.3,05.1098,0.77004,03.9272
2026-05-27T15:59:03.298071,6674.3,05.1101,0.64312,03.2863
2026-05-27T15:59:04.272220,6675.3,05.1073,0.99094,05.0537
2026-05-27T15:59:05.295008,6676.3,05.1099,1.22192,06.2317
2026-05-27T15:59:06.271045,6677.3,05.1093,1.27484,06.5016
2026-05-27T15:59:07.296126,6678.3,05.1005,1.12401,05.7324
2026-05-27T15:59:08.272861,6679.3,05.0945,1.08847,05.5403
2026-05-27T15:59:09.297707,6680.3,05.1095,1.03255,05.2660
2026-05-27T15:59:10.272984,6681.3,05.1095,1.19964,06.1181
2026-05-27T15:59:11.294641,6682.3,05.1101,1.36902,06.9956
2026-05-27T15:59:12.270283,6683.3,05.1092,1.35885,06.9301
2026-05-27T15:59:13.294693,6684.3,05.1085,1.09770,05.5982
2026-05-27T15:59:14.273249,6685.3,05.1144,1.09698,05.6055
2026-05-27T15:59:15.294878,6686.3,05.1095,0.77817,03.9686
2026-05-27T15:59:16.267306,6687.3,05.1083,0.77529,03.9539
2026-05-27T15:59:17.287590,6688.3,05.1082,0.76971,03.9255
2026-05-27T15:59:18.262692,6689.3,05.1088,1.18632,06.0502
2026-05-27T15:59:19.283580,6690.3,05.1036,1.00632,05.1322
2026-05-27T15:59:20.261547,6691.3,05.1084,1.05602,05.3857
2026-05-27T15:59:21.287779,6692.3,05.1081,1.18377,06.0372
2026-05-27T15:59:22.264389,6693.3,05.1144,1.13776,05.8139
2026-05-27T15:59:23.288616,6694.3,05.0995,1.14675,05.8369
2026-05-27T15:59:24.268594,6695.3,05.1095,1.06830,05.4483
2026-05-27T15:59:25.291066,6696.3,05.1033,1.19781,06.1088
2026-05-27T15:59:26.269911,6697.3,05.0969,1.04580,05.3231
2026-05-27T15:59:27.293817,6698.3,05.1166,1.10461,05.6445
2026-05-27T15:59:28.271709,6699.3,05.1095,1.07152,05.4647
2026-05-27T15:59:29.296770,6700.3,05.1078,0.73169,03.7316
2026-05-27T15:59:30.270604,6701.3,05.1081,0.62176,03.1709
2026-05-27T15:59:31.291288,6702.3,05.1101,0.62078,03.1721
2026-05-27T15:59:32.266352,6703.3,05.1099,1.16914,05.9626
2026-05-27T15:59:33.291667,6704.3,05.1136,1.13371,05.7932
2026-05-27T15:59:34.270281,6705.3,05.1119,1.16421,05.9491
2026-05-27T15:59:35.292783,6706.3,05.1106,1.12619,05.7548
2026-05-27T15:59:36.270242,6707.3,05.1106,1.13557,05.8027
2026-05-27T15:59:37.292082,6708.3,05.1102,0.99561,05.0875
2026-05-27T15:59:38.270457,6709.3,05.1062,1.11622,05.6927
2026-05-27T15:59:39.294448,6710.3,05.0964,1.12004,05.7010
2026-05-27T15:59:40.271918,6711.3,05.1103,1.09382,05.5894
2026-05-27T15:59:41.295632,6712.3,05.1061,1.19710,06.1052
2026-05-27T15:59:42.271617,6713.3,05.1099,1.31451,06.7040
2026-05-27T15:59:43.292210,6714.3,05.1103,0.77397,03.9549
2026-05-27T15:59:44.269042,6715.3,05.1092,0.77044,03.9292
2026-05-27T15:59:45.290460,6716.3,05.1093,0.76653,03.9093
2026-05-27T15:59:46.268421,6717.3,05.0956,1.07300,05.4615
2026-05-27T15:59:47.289165,6718.3,05.1111,1.18775,06.0694
2026-05-27T15:59:48.265687,6719.3,05.1123,1.20682,06.1668
2026-05-27T15:59:49.287715,6720.3,05.1131,1.11087,05.6765
2026-05-27T15:59:50.265796,6721.3,05.0987,1.31076,06.6717
2026-05-27T15:59:51.288133,6722.3,05.1102,1.34155,06.8553
2026-05-27T15:59:52.266610,6723.3,05.1105,1.10954,05.6697
2026-05-27T15:59:53.291403,6724.3,05.0994,1.05164,05.3528
2026-05-27T15:59:54.270308,6725.3,05.1078,1.14546,05.8418
2026-05-27T15:59:55.294741,6726.3,05.1147,1.19872,06.1254
2026-05-27T15:59:56.274056,6727.3,05.1145,1.04977,05.3643
2026-05-27T15:59:57.295246,6728.3,05.1106,0.77075,03.9385
2026-05-27T15:59:58.271712,6729.3,05.1098,0.62123,03.1682
2026-05-27T15:59:59.291425,6730.3,05.1096,0.61942,03.1590
2026-05-27T16:00:00.268732,6731.3,05.0934,1.09605,05.5788
2026-05-27T16:00:01.295208,6732.3,05.1181,1.12119,05.7292
2026-05-27T16:00:02.273104,6733.3,05.1101,1.06283,05.4310
2026-05-27T16:00:03.299072,6734.3,05.1125,1.13345,05.7919
2026-05-27T16:00:04.276454,6735.3,05.1103,1.12091,05.7278
2026-05-27T16:00:05.299387,6736.3,05.1045,1.05306,05.3706
2026-05-27T16:00:06.274599,6737.3,05.1130,1.02977,05.2621
2026-05-27T16:00:07.296731,6738.3,05.1053,1.21520,06.1975
2026-05-27T16:00:08.273478,6739.3,05.1091,1.16653,05.9493
2026-05-27T16:00:09.297393,6740.3,05.1092,1.17023,05.9681
2026-05-27T16:00:10.276706,6741.3,05.1045,1.09133,05.5657
2026-05-27T16:00:11.299176,6742.3,05.1092,0.77181,03.9362
2026-05-27T16:00:12.275071,6743.3,05.1091,0.76984,03.9261
2026-05-27T16:00:13.295843,6744.3,05.1094,0.76661,03.9097
2026-05-27T16:00:14.271937,6745.3,05.1112,1.16693,05.9630
2026-05-27T16:00:15.296462,6746.3,05.1156,1.07260,05.4809
2026-05-27T16:00:16.273788,6747.3,05.1153,1.14790,05.8657
2026-05-27T16:00:17.297564,6748.3,05.1120,1.02422,05.2337
2026-05-27T16:00:18.273774,6749.3,05.1087,1.00200,05.1102
2026-05-27T16:00:19.295693,6750.3,05.1014,1.03947,05.3012
2026-05-27T16:00:20.271962,6751.3,05.1064,1.03237,05.2650
2026-05-27T16:00:21.295691,6752.3,05.1141,1.10371,05.6399
2026-05-27T16:00:22.276377,6753.3,05.1150,1.09401,05.5903
2026-05-27T16:00:23.301940,6754.3,05.1105,1.13678,05.8089
2026-05-27T16:00:24.279471,6755.3,05.1148,1.09871,05.6144
2026-05-27T16:00:25.298627,6756.3,05.1076,0.75104,03.8303
2026-05-27T16:00:26.271785,6757.3,05.1076,0.61791,03.1513
2026-05-27T16:00:27.290480,6758.3,05.1076,0.61837,03.1536
2026-05-27T16:00:28.309931,6759.3,05.1136,1.10580,05.6506
2026-05-27T16:00:29.286441,6760.3,05.1136,1.12140,05.7303
2026-05-27T16:00:30.308478,6761.3,05.1106,1.17754,06.0172
2026-05-27T16:00:31.284629,6762.3,05.1001,1.22722,06.2588
2026-05-27T16:00:32.309048,6763.3,05.1094,1.23441,06.2954
2026-05-27T16:00:33.287901,6764.3,05.1150,1.04125,05.3207
2026-05-27T16:00:34.314221,6765.3,05.1045,1.13974,05.8126
2026-05-27T16:00:35.291525,6766.3,05.1116,1.10818,05.6627
2026-05-27T16:00:36.313965,6767.3,05.1125,1.07412,05.4887
2026-05-27T16:00:37.292995,6768.3,05.1081,1.06738,05.4436
2026-05-27T16:00:38.273332,6769.3,05.1053,1.07128,05.4635
2026-05-27T16:00:39.297797,6770.3,05.1086,0.77084,03.9312
2026-05-27T16:00:40.273755,6771.3,05.1079,0.76932,03.9235
2026-05-27T16:00:41.295422,6772.3,05.1083,0.76601,03.9066
2026-05-27T16:00:42.274753,6773.3,05.1082,1.09498,05.5843
2026-05-27T16:00:43.297208,6774.3,05.1025,1.03469,05.2769
2026-05-27T16:00:44.319263,6775.3,05.1108,1.10277,05.6351
2026-05-27T16:00:45.298020,6776.3,05.1075,1.03771,05.2923
2026-05-27T16:00:46.276519,6777.3,05.1100,1.12704,05.7591
2026-05-27T16:00:47.300148,6778.3,05.1080,1.03969,05.3024
2026-05-27T16:00:48.278754,6779.3,05.1070,1.03281,05.2673
2026-05-27T16:00:49.299761,6780.3,05.1039,1.01983,05.2011
2026-05-27T16:00:50.276238,6781.3,05.1026,1.09883,05.6040
2026-05-27T16:00:51.298506,6782.3,05.1053,1.14339,05.8312
2026-05-27T16:00:52.277049,6783.3,05.1036,1.11594,05.6912
2026-05-27T16:00:53.299014,6784.3,05.1071,0.76818,03.9177
2026-05-27T16:00:54.318430,6785.3,05.1076,0.62003,03.1621
2026-05-27T16:00:55.293984,6786.3,05.1082,0.61726,03.1480
2026-05-27T16:00:56.315819,6787.3,05.1120,1.06685,05.4516
2026-05-27T16:00:57.292300,6788.3,05.1047,1.08000,05.5080
2026-05-27T16:00:58.317664,6789.3,05.1039,1.04033,05.3056
2026-05-27T16:00:59.295599,6790.3,05.1044,0.97539,04.9744
2026-05-27T16:01:00.320407,6791.3,05.1112,1.25479,06.4119
2026-05-27T16:01:01.297127,6792.3,05.1034,1.15974,05.9146
2026-05-27T16:01:02.322506,6793.3,05.1074,1.07288,05.4716
2026-05-27T16:01:03.299875,6794.3,05.1061,1.00216,05.1110
2026-05-27T16:01:04.278812,6795.3,05.1044,1.09594,05.5892
2026-05-27T16:01:05.304621,6796.3,05.1070,1.08918,05.5548
2026-05-27T16:01:06.283719,6797.3,05.1095,1.15083,05.8692
2026-05-27T16:01:07.305758,6798.3,05.1071,0.77435,03.9491
2026-05-27T16:01:08.284207,6799.3,05.1071,0.77014,03.9277
2026-05-27T16:01:09.306460,6800.3,05.1080,0.76608,03.9070
2026-05-27T16:01:10.283830,6801.3,05.1091,1.06740,05.4437
2026-05-27T16:01:11.306981,6802.3,05.1123,1.03016,05.2641
2026-05-27T16:01:12.284095,6803.3,05.1081,1.01593,05.1812
2026-05-27T16:01:13.305976,6804.3,05.1020,1.12013,05.7126
2026-05-27T16:01:14.282215,6805.3,05.1064,1.07203,05.4673
2026-05-27T16:01:15.308766,6806.3,05.1081,1.13400,05.7834
2026-05-27T16:01:16.287144,6807.3,05.1045,1.06687,05.4410
2026-05-27T16:01:17.311058,6808.3,05.1071,1.06463,05.4296
2026-05-27T16:01:18.288979,6809.3,05.1094,1.04621,05.3356
2026-05-27T16:01:19.314446,6810.3,05.1009,1.05445,05.3776
2026-05-27T16:01:20.292441,6811.3,05.1150,1.11484,05.6968
2026-05-27T16:01:21.312320,6812.3,05.1076,0.77226,03.9385
2026-05-27T16:01:22.285711,6813.3,05.1075,0.76896,03.9216
2026-05-27T16:01:23.306720,6814.3,05.1083,0.76635,03.9083
2026-05-27T16:01:24.284123,6815.3,05.1048,1.09043,05.5611
2026-05-27T16:01:25.306541,6816.3,05.1077,1.14153,05.8218
2026-05-27T16:01:26.326945,6817.3,05.1131,1.07511,05.4938
2026-05-27T16:01:27.302919,6818.3,05.1079,1.09160,05.5671
2026-05-27T16:01:28.326219,6819.3,05.1079,1.08240,05.5202
2026-05-27T16:01:29.304966,6820.3,05.1053,1.09573,05.5882
2026-05-27T16:01:30.327192,6821.3,05.1109,1.01375,05.1802
2026-05-27T16:01:31.301280,6822.3,05.1109,1.04057,05.3173
2026-05-27T16:01:32.325071,6823.3,05.1014,1.12539,05.7394
2026-05-27T16:01:33.301868,6824.3,05.1111,1.04888,05.3597
2026-05-27T16:01:34.325065,6825.3,05.1062,1.07938,05.5048
2026-05-27T16:01:35.300796,6826.3,05.1094,0.76648,03.9090
2026-05-27T16:01:36.320558,6827.3,05.1089,0.66370,03.3848
2026-05-27T16:01:37.295723,6828.3,05.1078,0.65604,03.3458
2026-05-27T16:01:38.315953,6829.3,05.1089,1.02623,05.2337
2026-05-27T16:01:39.297774,6830.3,05.1047,1.08283,05.5224
2026-05-27T16:01:40.323087,6831.3,05.1091,1.13561,05.7916
2026-05-27T16:01:41.302063,6832.3,05.1055,1.22627,06.2539
2026-05-27T16:01:42.326607,6833.3,05.1084,1.31839,06.7237
2026-05-27T16:01:43.304950,6834.3,05.1034,1.03898,05.2987
2026-05-27T16:01:44.329242,6835.3,05.1003,1.10213,05.6208
2026-05-27T16:01:45.307255,6836.3,05.1111,1.04128,05.3209
2026-05-27T16:01:46.329681,6837.3,05.1057,1.02006,05.2023
2026-05-27T16:01:47.309098,6838.3,05.1084,1.03755,05.2915
2026-05-27T16:01:48.285988,6839.3,05.1103,0.99810,05.1002
2026-05-27T16:01:49.306550,6840.3,05.1088,0.77051,03.9296
2026-05-27T16:01:50.327257,6841.3,05.1084,0.76795,03.9165
2026-05-27T16:01:51.302327,6842.3,05.1086,0.76578,03.9054
2026-05-27T16:01:52.329566,6843.3,05.1061,1.04250,05.3167
2026-05-27T16:01:53.306254,6844.3,05.1075,1.14528,05.8409
2026-05-27T16:01:54.331321,6845.3,05.1134,1.21742,06.2210
2026-05-27T16:01:55.310116,6846.3,05.1225,1.12995,05.7853
2026-05-27T16:01:56.288052,6847.3,05.1093,1.04780,05.3437
2026-05-27T16:01:57.311875,6848.3,05.1097,1.07666,05.4909
2026-05-27T16:01:58.288954,6849.3,05.1142,1.00892,05.1555
2026-05-27T16:01:59.313903,6850.3,05.1081,1.12319,05.7282
2026-05-27T16:02:00.294332,6851.3,05.1064,1.02378,05.2212
2026-05-27T16:02:01.317265,6852.3,05.1133,0.99569,05.0879
2026-05-27T16:02:02.294848,6853.3,05.1102,0.85649,04.3766
2026-05-27T16:02:03.313967,6854.3,05.1081,0.76758,03.9146
2026-05-27T16:02:04.333310,6855.3,05.1095,0.76658,03.9095
2026-05-27T16:02:05.307820,6856.3,05.1092,0.78860,04.0218
2026-05-27T16:02:06.331935,6857.3,05.1180,1.10760,05.6598
2026-05-27T16:02:07.307416,6858.3,05.1001,1.13570,05.7920
2026-05-27T16:02:08.330135,6859.3,05.1085,1.13709,05.7991
2026-05-27T16:02:09.307893,6860.3,05.1067,1.09329,05.5757
2026-05-27T16:02:10.329947,6861.3,05.1008,1.03506,05.2788
2026-05-27T16:02:11.306791,6862.3,05.1051,1.05839,05.3977
2026-05-27T16:02:12.330634,6863.3,05.1071,1.25176,06.3839
2026-05-27T16:02:13.309390,6864.3,05.1030,1.14216,05.8250
2026-05-27T16:02:14.335718,6865.3,05.1087,1.14365,05.8326
2026-05-27T16:02:15.314433,6866.3,05.1116,1.15132,05.8832
2026-05-27T16:02:16.294264,6867.3,05.1091,0.97084,04.9512
2026-05-27T16:02:17.317504,6868.3,05.1074,0.77085,03.9313
2026-05-27T16:02:18.293673,6869.3,05.1084,0.61853,03.1545
2026-05-27T16:02:19.315898,6870.3,05.1092,0.79055,04.0318
2026-05-27T16:02:20.292979,6871.3,05.1073,1.13688,05.7980
2026-05-27T16:02:21.315713,6872.3,05.1086,1.36621,06.9676
2026-05-27T16:02:22.335099,6873.3,05.1136,1.10285,05.6355
2026-05-27T16:02:23.312645,6874.3,05.1089,1.06474,05.4301
2026-05-27T16:02:24.335410,6875.3,05.1083,1.17752,06.0053
2026-05-27T16:02:25.313747,6876.3,05.1142,1.12494,05.7484
2026-05-27T16:02:26.336916,6877.3,05.1120,1.21561,06.2117
2026-05-27T16:02:27.316086,6878.3,05.1083,1.28317,06.5441
2026-05-27T16:02:28.338391,6879.3,05.1098,1.11203,05.6713
2026-05-27T16:02:29.313041,6880.3,05.1073,0.98722,05.0348
2026-05-27T16:02:30.336560,6881.3,05.1081,0.87836,04.4796
2026-05-27T16:02:31.310679,6882.3,05.1102,0.76954,03.9323
2026-05-27T16:02:32.330942,6883.3,05.1087,0.76607,03.9069
2026-05-27T16:02:33.304803,6884.3,05.1085,1.13457,05.7863
2026-05-27T16:02:34.329651,6885.3,05.1051,1.33947,06.8312
2026-05-27T16:02:35.305480,6886.3,05.1045,1.05337,05.3721
2026-05-27T16:02:36.328442,6887.3,05.0969,1.19242,06.0694
2026-05-27T16:02:37.304245,6888.3,05.1078,1.06906,05.4522
2026-05-27T16:02:38.326526,6889.3,05.0955,1.23753,06.2990
2026-05-27T16:02:39.302900,6890.3,05.1087,1.17538,05.9944
2026-05-27T16:02:40.325544,6891.3,05.0992,1.19048,06.0595
2026-05-27T16:02:41.303086,6892.3,05.1037,1.21175,06.1799
2026-05-27T16:02:42.324696,6893.3,05.1105,1.09742,05.6078
2026-05-27T16:02:43.303032,6894.3,05.1083,1.10067,05.6134
2026-05-27T16:02:44.327684,6895.3,05.1086,0.77163,03.9353
2026-05-27T16:02:45.304219,6896.3,05.1094,0.61974,03.1606
2026-05-27T16:02:46.325769,6897.3,05.1091,0.61768,03.1501
2026-05-27T16:02:47.300524,6898.3,05.1051,1.16261,05.9293
2026-05-27T16:02:48.324552,6899.3,05.1162,1.10268,05.6346
2026-05-27T16:02:49.302330,6900.3,05.1062,1.30787,06.6701
2026-05-27T16:02:50.326286,6901.3,05.1147,1.05818,05.4072
2026-05-27T16:02:51.302780,6902.3,05.0984,1.20648,06.1409
2026-05-27T16:02:52.326274,6903.3,05.1139,1.08300,05.5341
2026-05-27T16:02:53.302053,6904.3,05.0912,1.11793,05.6902
2026-05-27T16:02:54.323948,6905.3,05.1037,1.14701,05.8497
2026-05-27T16:02:55.299631,6906.3,05.1089,1.20335,06.1370
2026-05-27T16:02:56.322390,6907.3,05.1011,1.16510,05.9420
2026-05-27T16:02:57.343553,6908.3,05.1126,1.06407,05.4373
2026-05-27T16:02:58.320173,6909.3,05.1089,0.77046,03.9293
2026-05-27T16:02:59.339113,6910.3,05.1088,0.76938,03.9238
2026-05-27T16:03:00.311605,6911.3,05.1088,0.76794,03.9164
2026-05-27T16:03:01.330615,6912.3,05.0887,1.24240,06.3113
2026-05-27T16:03:02.306208,6913.3,05.1098,1.23028,06.2744
2026-05-27T16:03:03.328656,6914.3,05.0976,1.15126,05.8599
2026-05-27T16:03:04.305038,6915.3,05.1039,1.01547,05.1788
2026-05-27T16:03:05.325956,6916.3,05.1082,1.21897,06.2167
2026-05-27T16:03:06.345814,6917.3,05.1009,1.14810,05.8553
2026-05-27T16:03:07.322118,6918.3,05.1047,1.03254,05.2659
2026-05-27T16:03:08.345024,6919.3,05.1095,1.20944,06.1681
2026-05-27T16:03:09.321965,6920.3,05.1116,1.34364,06.8660
2026-05-27T16:03:10.302572,6921.3,05.1061,1.30242,06.6423
2026-05-27T16:03:11.324802,6922.3,05.1101,1.22619,06.2658
2026-05-27T16:03:12.344794,6923.3,05.1101,0.77070,03.9382
2026-05-27T16:03:13.320383,6924.3,05.1082,0.61987,03.1613
2026-05-27T16:03:14.341215,6925.3,05.1084,0.61886,03.1561
2026-05-27T16:03:15.316540,6926.3,05.1181,1.15883,05.9216
2026-05-27T16:03:16.339114,6927.3,05.1026,1.00481,05.1245
2026-05-27T16:03:17.315677,6928.3,05.1055,1.03176,05.2619
2026-05-27T16:03:18.337526,6929.3,05.1066,1.13335,05.7800
2026-05-27T16:03:19.313080,6930.3,05.1173,1.03670,05.2975
2026-05-27T16:03:20.333822,6931.3,05.1090,1.06953,05.4546
2026-05-27T16:03:21.309872,6932.3,05.1034,1.31610,06.7121
2026-05-27T16:03:22.334803,6933.3,05.1136,1.10820,05.6629
2026-05-27T16:03:23.308602,6934.3,05.1136,1.21830,06.2255
2026-05-27T16:03:24.331604,6935.3,05.1030,1.13540,05.7905
2026-05-27T16:03:25.306442,6936.3,05.1106,0.97250,04.9694
2026-05-27T16:03:26.330077,6937.3,05.1106,0.76742,03.9215
2026-05-27T16:03:27.348422,6938.3,05.1084,0.76728,03.9131
2026-05-27T16:03:28.321926,6939.3,05.1077,0.76702,03.9118
2026-05-27T16:03:29.344951,6940.3,05.1083,1.14823,05.8559
2026-05-27T16:03:30.323198,6941.3,05.1144,1.03038,05.2652
2026-05-27T16:03:31.349563,6942.3,05.1090,1.12791,05.7523
2026-05-27T16:03:32.326275,6943.3,05.1131,1.05962,05.4146
2026-05-27T16:03:33.348837,6944.3,05.1125,1.08518,05.5452
2026-05-27T16:03:34.325479,6945.3,05.1058,1.04627,05.3359
2026-05-27T16:03:35.349526,6946.3,05.1094,1.13732,05.8003
2026-05-27T16:03:36.327166,6947.3,05.1091,1.05881,05.3999
2026-05-27T16:03:37.352002,6948.3,05.1016,1.14526,05.8408
2026-05-27T16:03:38.332079,6949.3,05.1011,1.10595,05.6403
2026-05-27T16:03:39.310058,6950.3,05.1066,1.04518,05.3304
2026-05-27T16:03:40.334924,6951.3,05.1084,0.76982,03.9260
2026-05-27T16:03:41.311065,6952.3,05.1106,0.61711,03.1534
2026-05-27T16:03:42.331274,6953.3,05.1088,0.61778,03.1506
2026-05-27T16:03:43.353359,6954.3,05.1114,1.17195,05.9886
2026-05-27T16:03:44.331485,6955.3,05.0978,1.07574,05.4755
2026-05-27T16:03:45.311021,6956.3,05.0969,1.10618,05.6304
2026-05-27T16:03:46.337505,6957.3,05.1123,1.06869,05.4610
2026-05-27T16:03:47.314022,6958.3,05.1059,1.03696,05.2884
2026-05-27T16:03:48.339068,6959.3,05.1108,1.05640,05.3982
2026-05-27T16:03:49.321317,6960.3,05.1123,1.10758,05.6597
2026-05-27T16:03:50.345057,6961.3,05.1023,1.12478,05.7363
2026-05-27T16:03:51.325260,6962.3,05.1155,1.08059,05.5218
2026-05-27T16:03:52.349491,6963.3,05.1061,1.07236,05.4690
2026-05-27T16:03:53.331296,6964.3,05.1005,1.24441,06.3464
2026-05-27T16:03:54.354704,6965.3,05.1103,0.77018,03.9356
2026-05-27T16:03:55.328034,6966.3,05.1075,0.76865,03.9201
2026-05-27T16:03:56.348050,6967.3,05.1065,0.76512,03.9021
2026-05-27T16:03:57.322999,6968.3,05.0908,1.13234,05.7636
2026-05-27T16:03:58.344807,6969.3,05.1134,1.18833,06.0723
2026-05-27T16:03:59.321213,6970.3,05.1075,1.08896,05.5536
2026-05-27T16:04:00.342371,6971.3,05.1080,1.07532,05.4841
2026-05-27T16:04:01.318533,6972.3,05.1025,1.07186,05.4664
2026-05-27T16:04:02.341998,6973.3,05.1075,1.08343,05.5254
2026-05-27T16:04:03.318839,6974.3,05.1030,1.21706,06.2070
2026-05-27T16:04:04.339401,6975.3,05.1048,1.15611,05.8961
2026-05-27T16:04:05.314645,6976.3,05.1077,1.33582,06.8126
2026-05-27T16:04:06.337398,6977.3,05.1081,1.09944,05.6071
2026-05-27T16:04:07.316177,6978.3,05.1073,1.17613,05.9982
2026-05-27T16:04:08.335802,6979.3,05.1087,0.76592,03.9061
2026-05-27T16:04:09.352950,6980.3,05.1078,0.62076,03.1658
2026-05-27T16:04:10.325040,6981.3,05.1079,0.61886,03.1561
2026-05-27T16:04:11.342903,6982.3,05.1079,0.59158,03.0170
2026-05-27T16:04:12.316215,6983.3,05.1079,0.79609,04.0600
2026-05-27T16:04:13.337678,6984.3,05.1103,0.74227,03.7929
2026-05-27T16:04:14.314203,6985.3,05.1080,0.74150,03.7816
2026-05-27T16:04:15.337330,6986.3,05.1082,0.73961,03.7720
2026-05-27T16:04:16.358756,6987.3,05.1085,0.73869,03.7673
