timestamp,total,available,used,percent,free,active,inactive,buffers,cached
2026-06-23T18:27:03.910915,17006837760,16399433728,607404032,3.6,14390542336,952090624,1407369216,81346560,2066579456
2026-06-23T18:27:04.911532,17006837760,16254320640,752517120,4.4,14245117952,1045676032,1407680512,81461248,2066595840
2026-06-23T18:27:05.911798,17006837760,16254369792,752467968,4.4,14245167104,1045676032,1407680512,81461248,2066595840
2026-06-23T18:27:06.912062,17006837760,16246259712,760578048,4.5,14237057024,1057046528,1407680512,81461248,2066628608
2026-06-23T18:27:07.912357,17006837760,16247291904,759545856,4.5,14238089216,1057046528,1407680512,81461248,2066628608
2026-06-23T18:27:08.912629,17006837760,16248471552,758366208,4.5,14239268864,1057046528,1407680512,81461248,2066743296
2026-06-23T18:27:09.912915,17006837760,16252026880,754810880,4.4,14242824192,1057046528,1407680512,81494016,2066972672
2026-06-23T18:27:10.913178,17006837760,16242769920,764067840,4.5,14233190400,1068695552,1408057344,81494016,2066972672
2026-06-23T18:27:11.913457,17006837760,16235266048,771571712,4.5,14225571840,1078231040,1408172032,81494016,2067087360
2026-06-23T18:27:12.913743,17006837760,16235020288,771817472,4.5,14225326080,1078231040,1408172032,81494016,2067202048
2026-06-23T18:27:13.914029,17006837760,16234840064,771997696,4.5,14225145856,1078231040,1408172032,81494016,2067333120
2026-06-23T18:27:14.914332,17006837760,16242589696,764248064,4.5,14232453120,1078296576,1408614400,81510400,2067546112
2026-06-23T18:27:15.914691,17006837760,16246505472,760332288,4.5,14236368896,1078296576,1408614400,81510400,2067546112
2026-06-23T18:27:16.915049,17006837760,16250585088,756252672,4.4,14240448512,1078296576,1408614400,81510400,2067546112
2026-06-23T18:27:17.915527,17006837760,16256958464,749879296,4.4,14246821888,1078296576,1408614400,81510400,2067644416
2026-06-23T18:27:18.915951,17006837760,16255582208,751255552,4.4,14245347328,1079214080,1408712704,81510400,2067644416
2026-06-23T18:27:19.916220,17006837760,16255696896,751140864,4.4,14245445632,1080213504,1408729088,81510400,2067644416
2026-06-23T18:27:20.916503,17006837760,16258596864,748240896,4.4,14248214528,1081229312,1408860160,81526784,2067742720
2026-06-23T18:27:21.916805,17006837760,16263233536,743604224,4.4,14252851200,1081229312,1408860160,81526784,2067841024
2026-06-23T18:27:22.917111,17006837760,16266018816,740818944,4.4,14255636480,1081229312,1408860160,81526784,2067857408
2026-06-23T18:27:23.917458,17006837760,16271982592,734855168,4.3,14261600256,1081229312,1408860160,81526784,2067955712
2026-06-23T18:27:24.917821,17006837760,16276373504,730464256,4.3,14265958400,1081704448,1408892928,81526784,2068054016
2026-06-23T18:27:25.918188,17006837760,16279715840,727121920,4.3,14269300736,1081704448,1408892928,81543168,2068054016
2026-06-23T18:27:26.918563,17006837760,16282271744,724566016,4.3,14271840256,1081704448,1408892928,81543168,2068168704
2026-06-23T18:27:27.918931,17006837760,16286236672,720601088,4.2,14275805184,1081704448,1408892928,81543168,2068267008
2026-06-23T18:27:28.919303,17006837760,16284942336,721895424,4.2,14274510848,1081704448,1408892928,81543168,2068381696
2026-06-23T18:27:29.919700,17006837760,16287023104,719814656,4.2,14276591616,1081704448,1408892928,81543168,2068381696
2026-06-23T18:27:30.920178,17006837760,16289415168,717422592,4.2,14278934528,1081769984,1408942080,81559552,2068381696
2026-06-23T18:27:31.920525,17006837760,16291577856,715259904,4.2,14281097216,1081769984,1408942080,81559552,2068398080
2026-06-23T18:27:32.921035,17006837760,16294084608,712753152,4.2,14283603968,1081769984,1408942080,81559552,2068398080
2026-06-23T18:27:33.921380,17006837760,16296198144,710639616,4.2,14285717504,1081769984,1408942080,81559552,2068398080
2026-06-23T18:27:34.921744,17006837760,16298868736,707969024,4.2,14288388096,1081769984,1408942080,81559552,2068512768
2026-06-23T18:27:35.922126,17006837760,16297918464,708919296,4.2,14287437824,1081769984,1408942080,81575936,2068512768
2026-06-23T18:27:36.922510,17006837760,16298082304,708755456,4.2,14287470592,1081868288,1409073152,81575936,2068627456
2026-06-23T18:27:37.922912,17006837760,16300326912,706510848,4.2,14289715200,1081868288,1409073152,81575936,2068627456
2026-06-23T18:27:38.923300,17006837760,16296280064,710557696,4.2,14285668352,1081868288,1409073152,81575936,2068742144
2026-06-23T18:27:39.923621,17006837760,16287924224,718913536,4.2,14277312512,1081868288,1409073152,81575936,2068742144
2026-06-23T18:27:40.923907,17006837760,16286040064,720797696,4.2,14275428352,1081868288,1409073152,81608704,2068856832
2026-06-23T18:27:41.924169,17006837760,16279748608,727089152,4.3,14268710912,1082097664,1409499136,81608704,2068873216
2026-06-23T18:27:42.924448,17006837760,16282714112,724123648,4.3,14271676416,1082097664,1409499136,81608704,2069004288
2026-06-23T18:27:43.924729,17006837760,16284762112,722075648,4.2,14273396736,1082277888,1409826816,81608704,2069118976
2026-06-23T18:27:44.925071,17006837760,16288907264,717930496,4.2,14277541888,1082277888,1409826816,81608704,2069118976
2026-06-23T18:27:45.925404,17006837760,16289415168,717422592,4.2,14278049792,1082277888,1409826816,81625088,2069233664
2026-06-23T18:27:46.925766,17006837760,16290562048,716275712,4.2,14279180288,1082294272,1409843200,81625088,2069233664
2026-06-23T18:27:47.926176,17006837760,16292741120,714096640,4.2,14281359360,1082294272,1409843200,81625088,2069233664
2026-06-23T18:27:48.926759,17006837760,16291758080,715079680,4.2,14279999488,1082425344,1410220032,81625088,2069348352
2026-06-23T18:27:49.927112,17006837760,16290496512,716341248,4.2,14278737920,1082425344,1410220032,81625088,2069348352
2026-06-23T18:27:50.927408,17006837760,16277389312,729448448,4.3,14265630720,1082425344,1410220032,81641472,2069348352
2026-06-23T18:27:51.927694,17006837760,16278978560,727859200,4.3,14266777600,1082572800,1410662400,81641472,2069479424
2026-06-23T18:27:52.928046,17006837760,16282501120,724336640,4.3,14270300160,1082572800,1410662400,81641472,2069479424
2026-06-23T18:27:53.928430,17006837760,16285761536,721076224,4.2,14273560576,1082572800,1410662400,81641472,2069577728
2026-06-23T18:27:54.928814,17006837760,16290430976,716406784,4.2,14278230016,1082572800,1410662400,81641472,2069577728
2026-06-23T18:27:55.929160,17006837760,16292528128,714309632,4.2,14280327168,1082572800,1410662400,81657856,2069577728
2026-06-23T18:27:56.929519,17006837760,16293691392,713146368,4.2,14281490432,1082621952,1410662400,81657856,2069577728
2026-06-23T18:27:57.929974,17006837760,16295559168,711278592,4.2,14283358208,1082621952,1410662400,81657856,2069577728
2026-06-23T18:27:58.930303,17006837760,16295919616,710918144,4.2,14283718656,1082621952,1410662400,81657856,2069577728
2026-06-23T18:27:59.930648,17006837760,16298737664,708100096,4.2,14286536704,1082621952,1410662400,81657856,2069676032
2026-06-23T18:28:00.930913,17006837760,16299474944,707362816,4.2,14287273984,1082621952,1410662400,81690624,2069790720
2026-06-23T18:28:01.931197,17006837760,16298770432,708067328,4.2,14286569472,1082621952,1410662400,81690624,2069790720
2026-06-23T18:28:02.931492,17006837760,16299524096,707313664,4.2,14287257600,1082687488,1410727936,81707008,2069889024
2026-06-23T18:28:03.931810,17006837760,16300687360,706150400,4.2,14288420864,1082687488,1410727936,81707008,2069889024
2026-06-23T18:28:04.932176,17006837760,16302751744,704086016,4.1,14290485248,1082687488,1410727936,81707008,2069889024
2026-06-23T18:28:05.932574,17006837760,16302555136,704282624,4.1,14290288640,1082687488,1410727936,81723392,2069987328
2026-06-23T18:28:06.932916,17006837760,16302505984,704331776,4.1,14290239488,1082687488,1410727936,81723392,2070085632
2026-06-23T18:28:07.933534,17006837760,16302653440,704184320,4.1,14290272256,1082785792,1410842624,81723392,2070183936
2026-06-23T18:28:08.937152,17006837760,16303783936,703053824,4.1,14291402752,1082785792,1410842624,81723392,2070282240
2026-06-23T18:28:09.937485,17006837760,16305635328,701202432,4.1,14292828160,1082867712,1411268608,81723392,2070380544
2026-06-23T18:28:10.937747,17006837760,16305979392,700858368,4.1,14293172224,1082867712,1411268608,81756160,2070495232
2026-06-23T18:28:11.938042,17006837760,16305995776,700841984,4.1,14293188608,1082867712,1411268608,81756160,2070495232
2026-06-23T18:28:12.938404,17006837760,16307617792,699219968,4.1,14294794240,1082949632,1411284992,81756160,2070495232
2026-06-23T18:28:13.938759,17006837760,16307339264,699498496,4.1,14294515712,1082949632,1411284992,81756160,2070495232
2026-06-23T18:28:14.939118,17006837760,16304128000,702709760,4.1,14291075072,1083228160,1411514368,81756160,2070593536
2026-06-23T18:28:15.939399,17006837760,16304996352,701841408,4.1,14291943424,1083228160,1411514368,81772544,2070593536
2026-06-23T18:28:16.939685,17006837760,16305487872,701349888,4.1,14292434944,1083228160,1411514368,81772544,2070593536
2026-06-23T18:28:17.939963,17006837760,16306438144,700399616,4.1,14293385216,1083228160,1411514368,81772544,2070593536
2026-06-23T18:28:18.940242,17006837760,16305438720,701399040,4.1,14292385792,1083228160,1411514368,81772544,2070593536
2026-06-23T18:28:19.940610,17006837760,16305537024,701300736,4.1,14292484096,1083228160,1411514368,81772544,2070708224
2026-06-23T18:28:20.940980,17006837760,16304783360,702054400,4.1,14291730432,1083228160,1411514368,81788928,2070708224
2026-06-23T18:28:21.941300,17006837760,16304046080,702791680,4.1,14290993152,1083228160,1411514368,81788928,2070708224
2026-06-23T18:28:22.941603,17006837760,16303063040,703774720,4.1,14290010112,1083228160,1411514368,81788928,2070806528
2026-06-23T18:28:23.941907,17006837760,16303996928,702840832,4.1,14290665472,1083523072,1411792896,81788928,2070806528
2026-06-23T18:28:24.942202,17006837760,16304652288,702185472,4.1,14291320832,1083523072,1411792896,81788928,2070806528
2026-06-23T18:28:25.942506,17006837760,16305078272,701759488,4.1,14291746816,1083523072,1411792896,81805312,2070806528
2026-06-23T18:28:26.942857,17006837760,16305700864,701136896,4.1,14292369408,1083523072,1411792896,81805312,2070904832
2026-06-23T18:28:27.943509,17006837760,16305307648,701530112,4.1,14291976192,1083523072,1411792896,81805312,2070904832
2026-06-23T18:28:28.943824,17006837760,16303341568,703496192,4.1,14290010112,1083523072,1411792896,81805312,2070921216
2026-06-23T18:28:29.944138,17006837760,16304832512,702005248,4.1,14291484672,1083523072,1411792896,81805312,2070937600
2026-06-23T18:28:30.944437,17006837760,16306290688,700547072,4.1,14292942848,1083523072,1411792896,81821696,2070937600
2026-06-23T18:28:31.944729,17006837760,16307224576,699613184,4.1,14293876736,1083523072,1411792896,81821696,2071166976
2026-06-23T18:28:32.945345,17006837760,16306470912,700366848,4.1,14292795392,1083703296,1412120576,81821696,2071281664
2026-06-23T18:28:33.946550,17006837760,16304979968,701857792,4.1,14291304448,1083703296,1412120576,81821696,2071396352
2026-06-23T18:28:34.946889,17006837760,16305225728,701612032,4.1,14291550208,1083703296,1412120576,81821696,2071396352
2026-06-23T18:28:35.947226,17006837760,16306421760,700416000,4.1,14292746240,1083703296,1412120576,81838080,2071511040
2026-06-23T18:28:36.947579,17006837760,16305700864,701136896,4.1,14292025344,1083703296,1412120576,81838080,2071511040
2026-06-23T18:28:37.948199,17006837760,16302751744,704086016,4.1,14289076224,1083703296,1412120576,81838080,2071609344
2026-06-23T18:28:38.948731,17006837760,16300638208,706199552,4.2,14286962688,1083703296,1412120576,81838080,2071625728
2026-06-23T18:28:39.949527,17006837760,16299900928,706936832,4.2,14286225408,1083703296,1412120576,81838080,2071724032
2026-06-23T18:28:40.950286,17006837760,16301178880,705658880,4.1,14287486976,1083703296,1412120576,81854464,2071855104
2026-06-23T18:28:41.951246,17006837760,16302604288,704233472,4.1,14288551936,1083850752,1412481024,81854464,2071953408
2026-06-23T18:28:42.952061,17006837760,16301129728,705708032,4.1,14287077376,1083850752,1412481024,81854464,2072051712
2026-06-23T18:28:43.953943,17006837760,16301031424,705806336,4.2,14286979072,1083850752,1412481024,81854464,2072051712
2026-06-23T18:28:44.957672,17006837760,16302260224,704577536,4.1,14288207872,1083850752,1412481024,81854464,2072150016
2026-06-23T18:28:45.958234,17006837760,16303718400,703119360,4.1,14289666048,1083850752,1412481024,81854464,2072248320
2026-06-23T18:28:46.959045,17006837760,16306044928,700792832,4.1,14291992576,1083850752,1412481024,81854464,2072248320
2026-06-23T18:28:47.960204,17006837760,16304324608,702513152,4.1,14290272256,1083850752,1412481024,81854464,2072264704
2026-06-23T18:28:48.960562,17006837760,16304111616,702726144,4.1,14289780736,1084080128,1412759552,81854464,2072363008
2026-06-23T18:28:49.961030,17006837760,16303374336,703463424,4.1,14289043456,1084080128,1412759552,81854464,2072363008
2026-06-23T18:28:50.961429,17006837760,16305389568,701448192,4.1,14291058688,1084080128,1412759552,81854464,2072461312
2026-06-23T18:28:51.961782,17006837760,16305373184,701464576,4.1,14291042304,1084080128,1412759552,81870848,2072461312
2026-06-23T18:28:52.962129,17006837760,16305258496,701579264,4.1,14290927616,1084080128,1412759552,81870848,2072461312
2026-06-23T18:28:53.962391,17006837760,16306012160,700825600,4.1,14291501056,1084211200,1412939776,81870848,2072461312
2026-06-23T18:28:54.962672,17006837760,16303407104,703430656,4.1,14288896000,1084211200,1412939776,81870848,2072461312
2026-06-23T18:28:55.963082,17006837760,16305111040,701726720,4.1,14290599936,1084211200,1412939776,81870848,2072461312
2026-06-23T18:28:56.963587,17006837760,16304914432,701923328,4.1,14290403328,1084211200,1412939776,81903616,2072477696
2026-06-23T18:28:57.964000,17006837760,16305111040,701726720,4.1,14290223104,1084342272,1413316608,81903616,2072477696
2026-06-23T18:28:58.964351,17006837760,16304816128,702021632,4.1,14289682432,1084686336,1413562368,81903616,2072576000
2026-06-23T18:28:59.964714,17006837760,16303144960,703692800,4.1,14288011264,1084686336,1413562368,81903616,2072674304
2026-06-23T18:29:00.964986,17006837760,16303144960,703692800,4.1,14288011264,1084686336,1413562368,81903616,2072674304
2026-06-23T18:29:01.965277,17006837760,16300015616,706822144,4.2,14284881920,1084686336,1413562368,81920000,2072805376
2026-06-23T18:29:02.965618,17006837760,16290447360,716390400,4.2,14275313664,1084686336,1413562368,81920000,2073034752
2026-06-23T18:29:03.965980,17006837760,16291921920,714915840,4.2,14276771840,1084686336,1413562368,81920000,2073182208
2026-06-23T18:29:04.966354,17006837760,16292691968,714145792,4.2,14277541888,1084686336,1413562368,81920000,2073296896
2026-06-23T18:29:05.966684,17006837760,16295821312,711016448,4.2,14280261632,1084784640,1413971968,81920000,2073411584
2026-06-23T18:29:06.967011,17006837760,16295559168,711278592,4.2,14279999488,1084784640,1413971968,81920000,2073427968
2026-06-23T18:29:07.967333,17006837760,16294100992,712736768,4.2,14277853184,1085112320,1414660096,81920000,2073657344
2026-06-23T18:29:08.967647,17006837760,16295247872,711589888,4.2,14278983680,1085112320,1414660096,81920000,2073821184
2026-06-23T18:29:09.967995,17006837760,16296689664,710148096,4.2,14280425472,1085112320,1414660096,81920000,2073821184
2026-06-23T18:29:10.968377,17006837760,16299376640,707461120,4.2,14282899456,1085407232,1414873088,81920000,2073935872
2026-06-23T18:29:11.968776,17006837760,16300081152,706756608,4.2,14283603968,1085407232,1414873088,81936384,2073935872
2026-06-23T18:29:12.969048,17006837760,16300736512,706101248,4.2,14284259328,1085407232,1414873088,81936384,2073935872
2026-06-23T18:29:13.969317,17006837760,16302587904,704249856,4.1,14286110720,1085407232,1414873088,81936384,2073935872
2026-06-23T18:29:14.969607,17006837760,16295182336,711655424,4.2,14278492160,1085702144,1415086080,81936384,2073952256
2026-06-23T18:29:15.969904,17006837760,16293707776,713129984,4.2,14277017600,1085702144,1415086080,81936384,2074050560
2026-06-23T18:29:16.970242,17006837760,16294871040,711966720,4.2,14278164480,1085702144,1415086080,81952768,2074165248
2026-06-23T18:29:17.970607,17006837760,16296493056,710344704,4.2,14279786496,1085702144,1415086080,81952768,2074263552
2026-06-23T18:29:18.971000,17006837760,16295018496,711819264,4.2,14278311936,1085702144,1415086080,81952768,2074361856
2026-06-23T18:29:19.971378,17006837760,16294133760,712704000,4.2,14277427200,1085702144,1415086080,81952768,2074361856
2026-06-23T18:29:20.971659,17006837760,16295231488,711606272,4.2,14278524928,1085702144,1415086080,81952768,2074460160
2026-06-23T18:29:21.971951,17006837760,16296820736,710017024,4.2,14279737344,1085833216,1415462912,81969152,2074574848
2026-06-23T18:29:22.972238,17006837760,16299098112,707739648,4.2,14282014720,1085833216,1415462912,81969152,2074689536
2026-06-23T18:29:23.972556,17006837760,16298852352,707985408,4.2,14281768960,1085833216,1415462912,81969152,2074804224
2026-06-23T18:29:24.972941,17006837760,16301211648,705626112,4.1,14283620352,1086160896,1415970816,81969152,2074935296
2026-06-23T18:29:25.973276,17006837760,16301260800,705576960,4.1,14283669504,1086160896,1415970816,81969152,2074935296
2026-06-23T18:29:26.973594,17006837760,16299737088,707100672,4.2,14282145792,1086160896,1415970816,81985536,2075049984
2026-06-23T18:29:27.973894,17006837760,16301506560,705331200,4.1,14283603968,1086357504,1416282112,81985536,2075164672
2026-06-23T18:29:28.974174,17006837760,16299868160,706969600,4.2,14281965568,1086357504,1416282112,81985536,2075279360
2026-06-23T18:29:29.974475,17006837760,16300523520,706314240,4.2,14282620928,1086357504,1416282112,81985536,2075410432
2026-06-23T18:29:30.974775,17006837760,16300359680,706478080,4.2,14282457088,1086357504,1416282112,81985536,2075525120
2026-06-23T18:29:31.975095,17006837760,16295444480,711393280,4.2,14277541888,1086357504,1416282112,82001920,2075639808
2026-06-23T18:29:32.975407,17006837760,16294461440,712376320,4.2,14276558848,1086357504,1416282112,82001920,2075754496
2026-06-23T18:29:33.975701,17006837760,16294510592,712327168,4.2,14276198400,1086455808,1416691712,82001920,2075885568
2026-06-23T18:29:34.975998,17006837760,16295460864,711376896,4.2,14277148672,1086472192,1416691712,82001920,2075885568
2026-06-23T18:29:35.976265,17006837760,16296984576,709853184,4.2,14278672384,1086472192,1416691712,82001920,2075885568
2026-06-23T18:29:36.976560,17006837760,16297689088,709148672,4.2,14279376896,1086472192,1416691712,82018304,2075983872
2026-06-23T18:29:37.976885,17006837760,16299393024,707444736,4.2,14281080832,1086472192,1416691712,82018304,2075983872
2026-06-23T18:29:38.977232,17006837760,16299212800,707624960,4.2,14280900608,1086472192,1416691712,82018304,2075983872
2026-06-23T18:29:39.977588,17006837760,16301047808,705789952,4.2,14282735616,1086472192,1416691712,82018304,2075983872
2026-06-23T18:29:40.978277,17006837760,16302014464,704823296,4.1,14283341824,1086619648,1417052160,82018304,2075983872
2026-06-23T18:29:41.978643,17006837760,16302014464,704823296,4.1,14283341824,1086619648,1417052160,82034688,2075983872
2026-06-23T18:29:42.978924,17006837760,16294215680,712622080,4.2,14275543040,1086619648,1417052160,82034688,2076082176
2026-06-23T18:29:43.979200,17006837760,16293855232,712982528,4.2,14275182592,1086619648,1417052160,82034688,2076196864
2026-06-23T18:29:44.979467,17006837760,16296148992,710688768,4.2,14277066752,1086717952,1417461760,82034688,2076311552
2026-06-23T18:29:45.979729,17006837760,16297050112,709787648,4.2,14277967872,1086717952,1417461760,82034688,2076311552
2026-06-23T18:29:46.980052,17006837760,16296886272,709951488,4.2,14277804032,1086717952,1417461760,82034688,2076409856
2026-06-23T18:29:47.980485,17006837760,16298704896,708132864,4.2,14279622656,1086717952,1417461760,82034688,2076409856
2026-06-23T18:29:48.980848,17006837760,16298311680,708526080,4.2,14279229440,1086717952,1417461760,82034688,2076508160
2026-06-23T18:29:49.981210,17006837760,16300064768,706772992,4.2,14280982528,1086717952,1417461760,82034688,2076508160
2026-06-23T18:29:50.981518,17006837760,16301752320,705085440,4.1,14282670080,1086717952,1417461760,82034688,2076508160
2026-06-23T18:29:51.981799,17006837760,16301408256,705429504,4.1,14282326016,1086717952,1417461760,82034688,2076606464
2026-06-23T18:29:52.982082,17006837760,16294920192,711917568,4.2,14275461120,1086849024,1417838592,82051072,2076737536
2026-06-23T18:29:53.982369,17006837760,16295428096,711409664,4.2,14275969024,1086849024,1417838592,82051072,2076737536
2026-06-23T18:29:54.982651,17006837760,16294952960,711884800,4.2,14275493888,1086849024,1417838592,82051072,2076852224
2026-06-23T18:29:55.982982,17006837760,16294133760,712704000,4.2,14274494464,1086881792,1418018816,82051072,2076966912
2026-06-23T18:29:56.983411,17006837760,16295772160,711065600,4.2,14276132864,1086881792,1418018816,82051072,2076966912
2026-06-23T18:29:57.983732,17006837760,16295477248,711360512,4.2,14275837952,1086881792,1418018816,82067456,2076966912
2026-06-23T18:29:58.984051,17006837760,16294510592,712327168,4.2,14274625536,1087143936,1418264576,82067456,2077081600
2026-06-23T18:29:59.984345,17006837760,16296902656,709935104,4.2,14277017600,1087143936,1418264576,82067456,2077196288
2026-06-23T18:30:00.984673,17006837760,16296656896,710180864,4.2,14276771840,1087143936,1418264576,82067456,2077327360
2026-06-23T18:30:01.984995,17006837760,16300736512,706101248,4.2,14280589312,1087389696,1418526720,82067456,2077442048
2026-06-23T18:30:02.985373,17006837760,16300507136,706330624,4.2,14280359936,1087389696,1418526720,82083840,2077458432
2026-06-23T18:30:03.985781,17006837760,16299753472,707084288,4.2,14279606272,1087389696,1418526720,82083840,2077573120
2026-06-23T18:30:04.986166,17006837760,16300851200,705986560,4.2,14280704000,1087389696,1418526720,82083840,2077687808
2026-06-23T18:30:05.986538,17006837760,16300900352,705937408,4.2,14280392704,1087537152,1418887168,82083840,2077802496
2026-06-23T18:30:06.987993,17006837760,16300490752,706347008,4.2,14279983104,1087537152,1418887168,82083840,2077917184
2026-06-23T18:30:07.988464,17006837760,16299720704,707117056,4.2,14279213056,1087537152,1418887168,82100224,2078031872
2026-06-23T18:30:08.988955,17006837760,16300048384,706789376,4.2,14279540736,1087537152,1418887168,82100224,2078146560
2026-06-23T18:30:09.989251,17006837760,16298999808,707837952,4.2,14278492160,1087537152,1418887168,82100224,2078146560
2026-06-23T18:30:10.989537,17006837760,16299425792,707411968,4.2,14278754304,1087619072,1419051008,82100224,2078146560
2026-06-23T18:30:11.989877,17006837760,16301719552,705118208,4.1,14281048064,1087619072,1419051008,82100224,2078162944
2026-06-23T18:30:12.990309,17006837760,16301490176,705347584,4.1,14280818688,1087619072,1419051008,82100224,2078162944
2026-06-23T18:30:13.990920,17006837760,16302358528,704479232,4.1,14281293824,1087733760,1419444224,82100224,2078261248
2026-06-23T18:30:14.991563,17006837760,16302243840,704593920,4.1,14281179136,1087733760,1419444224,82100224,2078359552
2026-06-23T18:30:15.994409,17006837760,16300670976,706166784,4.2,14279606272,1087733760,1419444224,82100224,2078359552
2026-06-23T18:30:16.994693,17006837760,16300965888,705871872,4.2,14279901184,1087733760,1419444224,82100224,2078457856
2026-06-23T18:30:17.994978,17006837760,16301424640,705413120,4.1,14280359936,1087733760,1419444224,82116608,2078457856
2026-06-23T18:30:18.995349,17006837760,16300212224,706625536,4.2,14279147520,1087733760,1419444224,82116608,2078457856
2026-06-23T18:30:19.996153,17006837760,16300900352,705937408,4.2,14279835648,1087733760,1419444224,82116608,2078457856
2026-06-23T18:30:20.998647,17006837760,16298426368,708411392,4.2,14277361664,1087733760,1419444224,82116608,2078572544
2026-06-23T18:30:21.999262,17006837760,16294756352,712081408,4.2,14273691648,1087733760,1419444224,82116608,2078572544
2026-06-23T18:30:23.001110,17006837760,16295526400,711311360,4.2,14274461696,1087733760,1419444224,82132992,2078670848
2026-06-23T18:30:24.001517,17006837760,16297115648,709722112,4.2,14275477504,1088176128,1420017664,82132992,2078769152
2026-06-23T18:30:25.002344,17006837760,16293527552,713310208,4.2,14271889408,1088176128,1420017664,82132992,2078867456
2026-06-23T18:30:26.003103,17006837760,16293576704,713261056,4.2,14271938560,1088192512,1420017664,82132992,2078867456
2026-06-23T18:30:27.004282,17006837760,16294854656,711983104,4.2,14273216512,1088192512,1420017664,82132992,2078965760
2026-06-23T18:30:28.004747,17006837760,16296050688,710787072,4.2,14274412544,1088192512,1420017664,82149376,2078965760
2026-06-23T18:30:29.005110,17006837760,16292741120,714096640,4.2,14271102976,1088192512,1420017664,82149376,2078965760
2026-06-23T18:30:30.005558,17006837760,16293511168,713326592,4.2,14271873024,1088192512,1420017664,82149376,2078965760
2026-06-23T18:30:31.005911,17006837760,16293642240,713195520,4.2,14271987712,1088192512,1420017664,82149376,2079113216
2026-06-23T18:30:32.006243,17006837760,16294002688,712835072,4.2,14271938560,1088290816,1420427264,82149376,2079309824
2026-06-23T18:30:33.006535,17006837760,16294510592,712327168,4.2,14272446464,1088290816,1420427264,82165760,2079408128
2026-06-23T18:30:34.006809,17006837760,16295149568,711688192,4.2,14273069056,1088290816,1420427264,82165760,2079555584
2026-06-23T18:30:35.007082,17006837760,16293920768,712916992,4.2,14271840256,1088290816,1420427264,82165760,2079555584
2026-06-23T18:30:36.007353,17006837760,16294133760,712704000,4.2,14272053248,1088290816,1420427264,82165760,2079555584
2026-06-23T18:30:37.007646,17006837760,16296787968,710049792,4.2,14274707456,1088290816,1420427264,82165760,2079555584
2026-06-23T18:30:38.007943,17006837760,16298246144,708591616,4.2,14276165632,1088290816,1420427264,82165760,2079555584
2026-06-23T18:30:39.008233,17006837760,16296706048,710131712,4.2,14274625536,1088290816,1420427264,82182144,2079670272
2026-06-23T18:30:40.008516,17006837760,16299573248,707264512,4.2,14277492736,1088290816,1420427264,82182144,2079801344
2026-06-23T18:30:41.008778,17006837760,16300474368,706363392,4.2,14277984256,1088389120,1420836864,82182144,2079899648
2026-06-23T18:30:42.009111,17006837760,16300425216,706412544,4.2,14277935104,1088389120,1420836864,82182144,2079997952
2026-06-23T18:30:43.009459,17006837760,16300015616,706822144,4.2,14277525504,1088389120,1420836864,82182144,2079997952
2026-06-23T18:30:44.009780,17006837760,16299917312,706920448,4.2,14277099520,1088569344,1421164544,82198528,2080210944
2026-06-23T18:30:45.010093,17006837760,16298409984,708427776,4.2,14275592192,1088569344,1421164544,82198528,2080210944
2026-06-23T18:30:46.010448,17006837760,16300638208,706199552,4.2,14277820416,1088569344,1421164544,82198528,2080210944
2026-06-23T18:30:47.010797,17006837760,16298147840,708689920,4.2,14275051520,1088765952,1421443072,82198528,2080210944
2026-06-23T18:30:48.011097,17006837760,16297066496,709771264,4.2,14273970176,1088765952,1421443072,82198528,2080227328
2026-06-23T18:30:49.011394,17006837760,16298016768,708820992,4.2,14274920448,1088765952,1421443072,82198528,2080227328
2026-06-23T18:30:50.011697,17006837760,16298983424,707854336,4.2,14275887104,1088765952,1421443072,82198528,2080227328
2026-06-23T18:30:51.012001,17006837760,16295575552,711262208,4.2,14272479232,1088765952,1421443072,82198528,2080325632
2026-06-23T18:30:52.012305,17006837760,16293183488,713654272,4.2,14269775872,1088962560,1421754368,82198528,2080423936
2026-06-23T18:30:53.012591,17006837760,16294739968,712097792,4.2,14271332352,1088962560,1421754368,82198528,2080522240
2026-06-23T18:30:54.012869,17006837760,16293756928,713080832,4.2,14270349312,1088962560,1421754368,82214912,2080620544
2026-06-23T18:30:55.013225,17006837760,16296345600,710492160,4.2,14272937984,1088962560,1421754368,82214912,2080718848
2026-06-23T18:30:56.013552,17006837760,16296296448,710541312,4.2,14272888832,1088962560,1421754368,82214912,2080833536
2026-06-23T18:30:57.013827,17006837760,16297934848,708902912,4.2,14274330624,1089093632,1421950976,82214912,2080833536
2026-06-23T18:30:58.014118,17006837760,16297525248,709312512,4.2,14273921024,1089093632,1421950976,82214912,2080948224
2026-06-23T18:30:59.014447,17006837760,16297951232,708886528,4.2,14274347008,1089093632,1421950976,82231296,2080948224
2026-06-23T18:31:00.014805,17006837760,16298557440,708280320,4.2,14274953216,1089093632,1421950976,82231296,2080948224
2026-06-23T18:31:01.015087,17006837760,16296558592,710279168,4.2,14272954368,1089093632,1421950976,82231296,2081062912
2026-06-23T18:31:02.015365,17006837760,16297426944,709410816,4.2,14273445888,1089224704,1422327808,82231296,2081177600
2026-06-23T18:31:03.015640,17006837760,16294215680,712622080,4.2,14270234624,1089224704,1422327808,82231296,2081177600
2026-06-23T18:31:04.015903,17006837760,16293412864,713424896,4.2,14269431808,1089224704,1422327808,82231296,2081275904
2026-06-23T18:31:05.016204,17006837760,16292446208,714391552,4.2,14268465152,1089224704,1422327808,82231296,2081374208
2026-06-23T18:31:06.016578,17006837760,16292741120,714096640,4.2,14268760064,1089224704,1422327808,82231296,2081488896
2026-06-23T18:31:07.017106,17006837760,16292052992,714784768,4.2,14267793408,1089454080,1422606336,82231296,2081587200
2026-06-23T18:31:08.018277,17006837760,16291315712,715522048,4.2,14267056128,1089454080,1422606336,82231296,2081587200
2026-06-23T18:31:09.018826,17006837760,16291577856,715259904,4.2,14266925056,1089568768,1422999552,82247680,2081783808
2026-06-23T18:31:10.019158,17006837760,16292364288,714473472,4.2,14267482112,1089847296,1423228928,82247680,2081783808
2026-06-23T18:31:11.019482,17006837760,16293658624,713179136,4.2,14268776448,1089847296,1423228928,82247680,2081783808
2026-06-23T18:31:12.019840,17006837760,16295723008,711114752,4.2,14270840832,1089847296,1423228928,82247680,2081783808
2026-06-23T18:31:13.020219,17006837760,16294510592,712327168,4.2,14269628416,1089847296,1423228928,82247680,2081882112
2026-06-23T18:31:14.022267,17006837760,16292937728,713900032,4.2,14268055552,1089847296,1423228928,82264064,2081996800
2026-06-23T18:31:15.022855,17006837760,16292855808,713981952,4.2,14267973632,1089847296,1423228928,82264064,2082095104
2026-06-23T18:31:16.023463,17006837760,16292741120,714096640,4.2,14267858944,1089847296,1423228928,82264064,2082193408
2026-06-23T18:31:17.023789,17006837760,16291758080,715079680,4.2,14266875904,1089847296,1423228928,82264064,2082193408
2026-06-23T18:31:18.024064,17006837760,16294510592,712327168,4.2,14269628416,1089847296,1423228928,82264064,2082193408
2026-06-23T18:31:19.024431,17006837760,16295510016,711327744,4.2,14270365696,1090093056,1423491072,82280448,2082291712
2026-06-23T18:31:20.024896,17006837760,16297033728,709804032,4.2,14271496192,1090207744,1423884288,82280448,2082390016
2026-06-23T18:31:21.025248,17006837760,16297328640,709509120,4.2,14271791104,1090207744,1423884288,82280448,2082488320
2026-06-23T18:31:22.025671,17006837760,16296099840,710737920,4.2,14270562304,1090207744,1423884288,82280448,2082701312
2026-06-23T18:31:23.026131,17006837760,16295378944,711458816,4.2,14269825024,1090256896,1423900672,82280448,2082701312
2026-06-23T18:31:24.026545,17006837760,16296067072,710770688,4.2,14270070784,1090322432,1424343040,82280448,2082799616
2026-06-23T18:31:25.026915,17006837760,16296656896,710180864,4.2,14270660608,1090322432,1424343040,82280448,2082799616
2026-06-23T18:31:26.027190,17006837760,16299442176,707395584,4.2,14273445888,1090322432,1424343040,82280448,2082799616
2026-06-23T18:31:27.027460,17006837760,16300490752,706347008,4.2,14274494464,1090322432,1424343040,82280448,2082799616
2026-06-23T18:31:28.027732,17006837760,16300900352,705937408,4.2,14274904064,1090371584,1424343040,82280448,2082799616
2026-06-23T18:31:29.028058,17006837760,16299671552,707166208,4.2,14273675264,1090371584,1424343040,82313216,2082897920
2026-06-23T18:31:30.028464,17006837760,16297836544,709001216,4.2,14271840256,1090371584,1424343040,82313216,2082897920
2026-06-23T18:31:31.028865,17006837760,16297279488,709558272,4.2,14271283200,1090371584,1424343040,82313216,2082897920
2026-06-23T18:31:32.029287,17006837760,16299343872,707493888,4.2,14273347584,1090371584,1424343040,82313216,2082914304
2026-06-23T18:31:33.029710,17006837760,16300130304,706707456,4.2,14273953792,1090453504,1424523264,82313216,2082914304
2026-06-23T18:31:34.030085,17006837760,16300130304,706707456,4.2,14273953792,1090453504,1424523264,82329600,2082914304
2026-06-23T18:31:35.030579,17006837760,16299081728,707756032,4.2,14272905216,1090453504,1424523264,82329600,2082914304
2026-06-23T18:31:36.030950,17006837760,16300277760,706560000,4.2,14274101248,1090453504,1424523264,82329600,2082914304
2026-06-23T18:31:37.031293,17006837760,16301457408,705380352,4.1,14275280896,1090453504,1424523264,82329600,2082914304
2026-06-23T18:31:38.031617,17006837760,16299999232,706838528,4.2,14273806336,1090469888,1424523264,82329600,2083061760
2026-06-23T18:31:39.032039,17006837760,16298295296,708542464,4.2,14272102400,1090469888,1424523264,82362368,2083160064
2026-06-23T18:31:40.032387,17006837760,16297213952,709623808,4.2,14271004672,1090469888,1424523264,82362368,2083274752
2026-06-23T18:31:41.032775,17006837760,16297934848,708902912,4.2,14271725568,1090469888,1424523264,82362368,2083274752
2026-06-23T18:31:42.034337,17006837760,16300097536,706740224,4.2,14273888256,1090469888,1424523264,82362368,2083291136
2026-06-23T18:31:43.034683,17006837760,16297902080,708935680,4.2,14271692800,1090502656,1424523264,82362368,2083291136
2026-06-23T18:31:44.035003,17006837760,16295886848,710950912,4.2,14269677568,1090502656,1424523264,82362368,2083291136
2026-06-23T18:31:45.035454,17006837760,16289447936,717389824,4.2,14263238656,1090502656,1424523264,82378752,2083487744
2026-06-23T18:31:46.035877,17006837760,16290119680,716718080,4.2,14263910400,1090502656,1424523264,82378752,2083586048
2026-06-23T18:31:47.036241,17006837760,16289415168,717422592,4.2,14262894592,1090699264,1424834560,82378752,2083586048
2026-06-23T18:31:48.036618,17006837760,16289644544,717193216,4.2,14262829056,1090912256,1425129472,82378752,2083684352
2026-06-23T18:31:49.036941,17006837760,16291168256,715669504,4.2,14264352768,1090928640,1425129472,82378752,2083684352
2026-06-23T18:31:50.037227,17006837760,16291921920,714915840,4.2,14265106432,1090928640,1425129472,82411520,2083700736
2026-06-23T18:31:51.037512,17006837760,16294428672,712409088,4.2,14267613184,1090928640,1425129472,82411520,2083700736
2026-06-23T18:31:52.037793,17006837760,16293527552,713310208,4.2,14266712064,1090928640,1425129472,82411520,2083799040
2026-06-23T18:31:53.038181,17006837760,16294576128,712261632,4.2,14267760640,1090928640,1425129472,82411520,2083897344
2026-06-23T18:31:54.038534,17006837760,16295313408,711524352,4.2,14268366848,1090977792,1425260544,82411520,2083995648
2026-06-23T18:31:55.038910,17006837760,16295837696,711000064,4.2,14268891136,1090977792,1425260544,82427904,2083995648
2026-06-23T18:31:56.040266,17006837760,16293609472,713228288,4.2,14266662912,1090977792,1425260544,82427904,2083995648
2026-06-23T18:31:57.040937,17006837760,16292118528,714719232,4.2,14265171968,1090977792,1425260544,82427904,2084093952
2026-06-23T18:31:58.041228,17006837760,16291135488,715702272,4.2,14263975936,1091272704,1425473536,82427904,2084192256
2026-06-23T18:31:59.041571,17006837760,16291053568,715784192,4.2,14263681024,1091354624,1425686528,82427904,2084192256
2026-06-23T18:32:00.041858,17006837760,16291037184,715800576,4.2,14263664640,1091354624,1425686528,82460672,2084323328
2026-06-23T18:32:01.042146,17006837760,16291282944,715554816,4.2,14263910400,1091354624,1425686528,82460672,2084323328
2026-06-23T18:32:02.042431,17006837760,16293576704,713261056,4.2,14266204160,1091354624,1425686528,82460672,2084323328
2026-06-23T18:32:03.042715,17006837760,16294264832,712572928,4.2,14266892288,1091354624,1425686528,82460672,2084323328
2026-06-23T18:32:04.043000,17006837760,16295460864,711376896,4.2,14267957248,1091387392,1425817600,82460672,2084323328
2026-06-23T18:32:05.043282,17006837760,16293986304,712851456,4.2,14266482688,1091387392,1425817600,82477056,2084421632
2026-06-23T18:32:06.043573,17006837760,16293969920,712867840,4.2,14266466304,1091387392,1425817600,82477056,2084421632
2026-06-23T18:32:07.043892,17006837760,16295378944,711458816,4.2,14267875328,1091387392,1425817600,82477056,2084519936
2026-06-23T18:32:08.044707,17006837760,16297033728,709804032,4.2,14269530112,1091387392,1425817600,82477056,2084519936
2026-06-23T18:32:09.045766,17006837760,16295477248,711360512,4.2,14267777024,1091452928,1426014208,82477056,2084634624
2026-06-23T18:32:10.047343,17006837760,16293511168,713326592,4.2,14265810944,1091452928,1426014208,82509824,2084634624
2026-06-23T18:32:11.048006,17006837760,16293462016,713375744,4.2,14265761792,1091452928,1426014208,82509824,2084749312
2026-06-23T18:32:12.048957,17006837760,16293412864,713424896,4.2,14265712640,1091452928,1426014208,82509824,2084864000
2026-06-23T18:32:13.050452,17006837760,16286957568,719880192,4.2,14259257344,1091452928,1426014208,82509824,2084962304
2026-06-23T18:32:14.051112,17006837760,16287629312,719208448,4.2,14259699712,1091551232,1426243584,82509824,2085060608
2026-06-23T18:32:15.052660,17006837760,16286679040,720158720,4.2,14258438144,1091747840,1426554880,82526208,2085158912
2026-06-23T18:32:16.053449,17006837760,16286171136,720666624,4.2,14257913856,1091747840,1426554880,82526208,2085208064
2026-06-23T18:32:17.053975,17006837760,16286695424,720142336,4.2,14258438144,1091747840,1426554880,82526208,2085421056
2026-06-23T18:32:18.054657,17006837760,16289054720,717783040,4.2,14260797440,1091747840,1426554880,82526208,2085437440
2026-06-23T18:32:19.054968,17006837760,16289300480,717537280,4.2,14260961280,1091764224,1426636800,82526208,2085437440
2026-06-23T18:32:20.055334,17006837760,16289726464,717111296,4.2,14261059584,1091960832,1426948096,82558976,2085584896
2026-06-23T18:32:21.055717,17006837760,16290021376,716816384,4.2,14261354496,1091960832,1426948096,82558976,2085699584
2026-06-23T18:32:22.056093,17006837760,16292577280,714260480,4.2,14263910400,1091960832,1426948096,82558976,2085814272
2026-06-23T18:32:23.056470,17006837760,16295804928,711032832,4.2,14266728448,1092059136,1427357696,82558976,2085928960
2026-06-23T18:32:24.056823,17006837760,16295542784,711294976,4.2,14266466304,1092059136,1427357696,82558976,2085928960
2026-06-23T18:32:25.057140,17006837760,16292249600,714588160,4.2,14263025664,1092108288,1427505152,82575360,2086043648
2026-06-23T18:32:26.057425,17006837760,16293871616,712966144,4.2,14264647680,1092108288,1427505152,82575360,2086043648
2026-06-23T18:32:27.057708,17006837760,16294117376,712720384,4.2,14264893440,1092108288,1427505152,82575360,2086060032
2026-06-23T18:32:28.058005,17006837760,16296378368,710459392,4.2,14267154432,1092108288,1427505152,82575360,2086060032
2026-06-23T18:32:29.058298,17006837760,16296820736,710017024,4.2,14267596800,1092108288,1427505152,82575360,2086060032
2026-06-23T18:32:30.058633,17006837760,16298819584,708018176,4.2,14269431808,1092222976,1427668992,82608128,2086060032
2026-06-23T18:32:31.058974,17006837760,16297836544,709001216,4.2,14268448768,1092222976,1427668992,82608128,2086158336
2026-06-23T18:32:32.059293,17006837760,16298164224,708673536,4.2,14268776448,1092222976,1427668992,82608128,2086256640
2026-06-23T18:32:33.059585,17006837760,16297721856,709115904,4.2,14268334080,1092222976,1427668992,82608128,2086354944
2026-06-23T18:32:34.059873,17006837760,16296263680,710574080,4.2,14266482688,1092337664,1428062208,82608128,2086453248
2026-06-23T18:32:35.060173,17006837760,16294510592,712327168,4.2,14264664064,1092354048,1428127744,82624512,2086551552
2026-06-23T18:32:36.060460,17006837760,16292544512,714293248,4.2,14262697984,1092354048,1428127744,82624512,2086666240
2026-06-23T18:32:37.060780,17006837760,16294625280,712212480,4.2,14264778752,1092354048,1428127744,82624512,2086764544
2026-06-23T18:32:38.061172,17006837760,16295788544,711049216,4.2,14265532416,1092452352,1428537344,82624512,2086862848
2026-06-23T18:32:39.061520,17006837760,16296263680,710574080,4.2,14266007552,1092452352,1428537344,82624512,2086862848
2026-06-23T18:32:40.061875,17006837760,16297623552,709214208,4.2,14267351040,1092452352,1428553728,82640896,2086862848
2026-06-23T18:32:41.062174,17006837760,16295657472,711180288,4.2,14265384960,1092452352,1428553728,82640896,2086961152
2026-06-23T18:32:42.062454,17006837760,16295477248,711360512,4.2,14265204736,1092452352,1428553728,82640896,2086961152
2026-06-23T18:32:43.062744,17006837760,16295313408,711524352,4.2,14265040896,1092452352,1428553728,82640896,2087075840
2026-06-23T18:32:44.063073,17006837760,16296034304,710803456,4.2,14265761792,1092452352,1428553728,82640896,2087075840
2026-06-23T18:32:45.063403,17006837760,16293036032,713801728,4.2,14262763520,1092452352,1428553728,82657280,2087092224
2026-06-23T18:32:46.063791,17006837760,16294658048,712179712,4.2,14264172544,1092583424,1428766720,82657280,2087108608
2026-06-23T18:32:47.064181,17006837760,16295428096,711409664,4.2,14264942592,1092583424,1428766720,82657280,2087108608
2026-06-23T18:32:48.064494,17006837760,16296984576,709853184,4.2,14266499072,1092583424,1428766720,82657280,2087108608
2026-06-23T18:32:49.064784,17006837760,16297082880,709754880,4.2,14266597376,1092583424,1428766720,82657280,2087108608
2026-06-23T18:32:50.065084,17006837760,16295165952,711671808,4.2,14264680448,1092583424,1428766720,82673664,2087108608
2026-06-23T18:32:51.065396,17006837760,16295444480,711393280,4.2,14264926208,1092648960,1428799488,82673664,2087108608
2026-06-23T18:32:52.065755,17006837760,16296902656,709935104,4.2,14266384384,1092648960,1428799488,82673664,2087206912
2026-06-23T18:32:53.066143,17006837760,16297132032,709705728,4.2,14266613760,1092648960,1428799488,82673664,2087206912
2026-06-23T18:32:54.066555,17006837760,16295706624,711131136,4.2,14265188352,1092648960,1428799488,82673664,2087305216
2026-06-23T18:32:55.066935,17006837760,16295297024,711540736,4.2,14264778752,1092648960,1428799488,82690048,2087419904
2026-06-23T18:32:56.067218,17006837760,16295903232,710934528,4.2,14265270272,1092698112,1428914176,82690048,2087518208
2026-06-23T18:32:57.067544,17006837760,16297050112,709787648,4.2,14266187776,1092976640,1429143552,82690048,2087518208
2026-06-23T18:32:58.067868,17006837760,16296558592,710279168,4.2,14265696256,1092976640,1429143552,82690048,2087616512
2026-06-23T18:32:59.068163,17006837760,16297000960,709836800,4.2,14266138624,1092976640,1429143552,82690048,2087714816
2026-06-23T18:33:00.068558,17006837760,16291069952,715767808,4.2,14259896320,1093189632,1429438464,82706432,2087845888
2026-06-23T18:33:01.068936,17006837760,16290463744,716374016,4.2,14259093504,1093255168,1429635072,82706432,2087944192
2026-06-23T18:33:02.069556,17006837760,16285696000,721141760,4.2,14254325760,1093255168,1429635072,82706432,2088042496
2026-06-23T18:33:03.070090,17006837760,16287907840,718929920,4.2,14256537600,1093255168,1429635072,82706432,2088140800
2026-06-23T18:33:04.070385,17006837760,16288940032,717897728,4.2,14257569792,1093255168,1429635072,82706432,2088157184
2026-06-23T18:33:05.070674,17006837760,16290250752,716587008,4.2,14258880512,1093255168,1429635072,82722816,2088255488
2026-06-23T18:33:06.071029,17006837760,16291741696,715096064,4.2,14260224000,1093287936,1429782528,82722816,2088255488
2026-06-23T18:33:07.071500,17006837760,16292790272,714047488,4.2,14261272576,1093287936,1429782528,82722816,2088255488
2026-06-23T18:33:08.071942,17006837760,16292790272,714047488,4.2,14261272576,1093287936,1429782528,82722816,2088255488
2026-06-23T18:33:09.072370,17006837760,16291807232,715030528,4.2,14260289536,1093287936,1429782528,82722816,2088255488
2026-06-23T18:33:10.072785,17006837760,16293183488,713654272,4.2,14261665792,1093287936,1429782528,82739200,2088255488
2026-06-23T18:33:11.073185,17006837760,16295116800,711720960,4.2,14263582720,1093287936,1429798912,82739200,2088353792
2026-06-23T18:33:12.073593,17006837760,16295215104,711622656,4.2,14263435264,1093550080,1430044672,82739200,2088452096
2026-06-23T18:33:13.073986,17006837760,16295116800,711720960,4.2,14263336960,1093550080,1430044672,82739200,2088566784
2026-06-23T18:33:14.074417,17006837760,16297197568,709640192,4.2,14265417728,1093550080,1430044672,82739200,2088566784
2026-06-23T18:33:15.074847,17006837760,16296722432,710115328,4.2,14264942592,1093550080,1430044672,82755584,2088566784
2026-06-23T18:33:16.075262,17006837760,16294215680,712622080,4.2,14262435840,1093550080,1430044672,82755584,2088566784
2026-06-23T18:33:17.075686,17006837760,16286220288,720617472,4.2,14254080000,1093730304,1430405120,82755584,2088665088
2026-06-23T18:33:18.076043,17006837760,16286367744,720470016,4.2,14254227456,1093730304,1430405120,82755584,2088763392
2026-06-23T18:33:19.076391,17006837760,16285155328,721682432,4.2,14253015040,1093730304,1430405120,82755584,2088861696
2026-06-23T18:33:20.076751,17006837760,16287891456,718946304,4.2,14255751168,1093730304,1430405120,82771968,2088960000
2026-06-23T18:33:21.077094,17006837760,16285401088,721436672,4.2,14253260800,1093730304,1430405120,82771968,2088960000
2026-06-23T18:33:22.077438,17006837760,16285302784,721534976,4.2,14253162496,1093763072,1430405120,82771968,2089074688
2026-06-23T18:33:23.077788,17006837760,16287121408,719716352,4.2,14254981120,1093763072,1430405120,82771968,2089172992
2026-06-23T18:33:24.078277,17006837760,16289087488,717750272,4.2,14256570368,1093894144,1430781952,82771968,2089189376
2026-06-23T18:33:25.078887,17006837760,16290054144,716783616,4.2,14257537024,1093894144,1430781952,82788352,2089271296
2026-06-23T18:33:26.079410,17006837760,16291102720,715735040,4.2,14258585600,1093894144,1430781952,82788352,2089287680
2026-06-23T18:33:27.081638,17006837760,16283942912,722894848,4.3,14251278336,1093976064,1430929408,82788352,2089385984
2026-06-23T18:33:28.081926,17006837760,16284483584,722354176,4.2,14251524096,1094189056,1431224320,82788352,2089484288
2026-06-23T18:33:29.082274,17006837760,16284860416,721977344,4.2,14251900928,1094189056,1431224320,82788352,2089484288
2026-06-23T18:33:30.082692,17006837760,16287367168,719470592,4.2,14254407680,1094189056,1431224320,82804736,2089582592
2026-06-23T18:33:31.083133,17006837760,16288186368,718651392,4.2,14255210496,1094189056,1431224320,82804736,2089828352
2026-06-23T18:33:32.085547,17006837760,16282828800,724008960,4.3,14249836544,1094189056,1431240704,82804736,2089926656
2026-06-23T18:33:33.085878,17006837760,16284139520,722698240,4.2,14250737664,1094287360,1431650304,82804736,2090024960
2026-06-23T18:33:34.086168,17006837760,16276226048,730611712,4.3,14242824192,1094287360,1431650304,82804736,2090123264
2026-06-23T18:33:35.086444,17006837760,16279011328,727826432,4.3,14245609472,1094287360,1431650304,82804736,2090123264
2026-06-23T18:33:36.086720,17006837760,16280633344,726204416,4.3,14247231488,1094287360,1431650304,82821120,2090123264
2026-06-23T18:33:37.087053,17006837760,16283467776,723369984,4.3,14249869312,1094385664,1431846912,82821120,2090123264
2026-06-23T18:33:38.087410,17006837760,16285614080,721223680,4.2,14251999232,1094385664,1431846912,82821120,2090254336
2026-06-23T18:33:39.087769,17006837760,16287186944,719650816,4.2,14253146112,1094467584,1432272896,82821120,2090369024
2026-06-23T18:33:40.088117,17006837760,16288350208,718487552,4.2,14254309376,1094467584,1432272896,82821120,2090369024
2026-06-23T18:33:41.088517,17006837760,16278372352,728465408,4.3,14244331520,1094467584,1432272896,82837504,2090385408
2026-06-23T18:33:42.088899,17006837760,16277946368,728891392,4.3,14243889152,1094516736,1432289280,82837504,2090500096
2026-06-23T18:33:43.089228,17006837760,16280944640,725893120,4.3,14246887424,1094516736,1432289280,82837504,2090500096
2026-06-23T18:33:44.089664,17006837760,16283353088,723484672,4.3,14249295872,1094516736,1432289280,82837504,2090614784
2026-06-23T18:33:45.089947,17006837760,16283369472,723468288,4.3,14249312256,1094516736,1432289280,82837504,2090729472
2026-06-23T18:33:46.090309,17006837760,16284123136,722714624,4.2,14250065920,1094516736,1432289280,82853888,2090729472
2026-06-23T18:33:47.090696,17006837760,16286842880,719994880,4.2,14252621824,1094598656,1432453120,82853888,2090729472
2026-06-23T18:33:48.091988,17006837760,16288628736,718209024,4.2,14254407680,1094598656,1432453120,82853888,2090729472
2026-06-23T18:33:49.092620,17006837760,16285417472,721420288,4.2,14251196416,1094598656,1432453120,82853888,2090844160
2026-06-23T18:33:50.094729,17006837760,16287465472,719372288,4.2,14253244416,1094598656,1432453120,82853888,2090860544
2026-06-23T18:33:51.095445,17006837760,16286679040,720158720,4.2,14252457984,1094598656,1432453120,82870272,2090860544
2026-06-23T18:33:52.096209,17006837760,16288071680,718766080,4.2,14253850624,1094598656,1432453120,82870272,2090860544
2026-06-23T18:33:53.097932,17006837760,16288874496,717963264,4.2,14254276608,1094762496,1432829952,82870272,2090975232
2026-06-23T18:33:54.098746,17006837760,16288677888,718159872,4.2,14254080000,1094762496,1432829952,82870272,2091089920
2026-06-23T18:33:55.100206,17006837760,16289529856,717307904,4.2,14254931968,1094762496,1432829952,82870272,2091204608
2026-06-23T18:33:56.102022,17006837760,16291364864,715472896,4.2,14256766976,1094762496,1432829952,82886656,2091204608
2026-06-23T18:33:57.102566,17006837760,16291561472,715276288,4.2,14256963584,1094762496,1432829952,82886656,2091237376
2026-06-23T18:33:58.102911,17006837760,16291479552,715358208,4.2,14256848896,1094860800,1432862720,82886656,2091335680
2026-06-23T18:33:59.103263,17006837760,16291512320,715325440,4.2,14256881664,1094860800,1432862720,82886656,2091466752
2026-06-23T18:34:00.103657,17006837760,16284221440,722616320,4.2,14249590784,1094860800,1432862720,82886656,2091581440
2026-06-23T18:34:01.104025,17006837760,16271032320,735805440,4.3,14236401664,1094860800,1432862720,82903040,2091712512
2026-06-23T18:34:02.104396,17006837760,16274898944,731938816,4.3,14240268288,1094860800,1432862720,82903040,2091712512
2026-06-23T18:34:03.104703,17006837760,16278126592,728711168,4.3,14243250176,1095024640,1433108480,82903040,2091712512
2026-06-23T18:34:04.104975,17006837760,16280256512,726581248,4.3,14245380096,1095024640,1433108480,82903040,2091712512
2026-06-23T18:34:05.105259,17006837760,16279273472,727564288,4.3,14244397056,1095024640,1433108480,82903040,2091712512
2026-06-23T18:34:06.105579,17006837760,16277897216,728940544,4.3,14243004416,1095024640,1433108480,82919424,2091827200
2026-06-23T18:34:07.105905,17006837760,16280354816,726482944,4.3,14245462016,1095024640,1433108480,82919424,2091925504
2026-06-23T18:34:08.106324,17006837760,16282091520,724746240,4.3,14246871040,1095073792,1433436160,82919424,2091925504
2026-06-23T18:34:09.106691,17006837760,16276783104,730054656,4.3,14241562624,1095073792,1433436160,82919424,2091941888
2026-06-23T18:34:10.107073,17006837760,16267329536,739508224,4.3,14232109056,1095073792,1433436160,82919424,2092040192
2026-06-23T18:34:11.107410,17006837760,16267296768,739540992,4.3,14231764992,1095270400,1433747456,82935808,2092138496
2026-06-23T18:34:12.107720,17006837760,16269492224,737345536,4.3,14233960448,1095270400,1433747456,82935808,2092138496
2026-06-23T18:34:13.108047,17006837760,16272900096,733937664,4.3,14237270016,1095319552,1433845760,82935808,2092138496
2026-06-23T18:34:14.108380,17006837760,16275275776,731561984,4.3,14239645696,1095319552,1433845760,82935808,2092236800
2026-06-23T18:34:15.108804,17006837760,16278011904,728825856,4.3,14242381824,1095319552,1433845760,82935808,2092236800
2026-06-23T18:34:16.109135,17006837760,16279404544,727433216,4.3,14243774464,1095319552,1433845760,82952192,2092236800
2026-06-23T18:34:17.109555,17006837760,16283336704,723501056,4.3,14247706624,1095319552,1433845760,82952192,2092335104
2026-06-23T18:34:18.110047,17006837760,16284172288,722665472,4.2,14248542208,1095319552,1433845760,82952192,2092449792
2026-06-23T18:34:19.110366,17006837760,16282746880,724090880,4.3,14246723584,1095450624,1434238976,82952192,2092548096
2026-06-23T18:34:20.110639,17006837760,16283713536,723124224,4.3,14247690240,1095450624,1434238976,82952192,2092793856
2026-06-23T18:34:21.110957,17006837760,16284254208,722583552,4.2,14248230912,1095450624,1434238976,82968576,2092908544
2026-06-23T18:34:22.111323,17006837760,16287186944,719650816,4.2,14250786816,1095581696,1434615808,82968576,2092908544
2026-06-23T18:34:23.111687,17006837760,16288235520,718602240,4.2,14251835392,1095581696,1434615808,82968576,2093023232
2026-06-23T18:34:24.112010,17006837760,16290267136,716570624,4.2,14253867008,1095581696,1434615808,82968576,2093252608
2026-06-23T18:34:25.112401,17006837760,16291823616,715014144,4.2,14255423488,1095581696,1434615808,82968576,2093252608
2026-06-23T18:34:26.112847,17006837760,16290201600,716636160,4.2,14253391872,1095680000,1435025408,82968576,2093367296
2026-06-23T18:34:27.113330,17006837760,16290070528,716767232,4.2,14253260800,1095680000,1435025408,82984960,2093481984
2026-06-23T18:34:28.113674,17006837760,16291086336,715751424,4.2,14254276608,1095680000,1435025408,82984960,2093498368
2026-06-23T18:34:29.114130,17006837760,16292200448,714637312,4.2,14255390720,1095680000,1435025408,82984960,2093727744
2026-06-23T18:34:30.114520,17006837760,16292626432,714211328,4.2,14255816704,1095680000,1435025408,82984960,2093727744
2026-06-23T18:34:31.114850,17006837760,16291741696,715096064,4.2,14254931968,1095680000,1435025408,82984960,2093842432
2026-06-23T18:34:32.115239,17006837760,16292003840,714833920,4.2,14254817280,1095811072,1435402240,83001344,2094071808
2026-06-23T18:34:33.115535,17006837760,16291430400,715407360,4.2,14254243840,1095811072,1435402240,83001344,2094186496
2026-06-23T18:34:34.115808,17006837760,16285237248,721600512,4.2,14247608320,1095876608,1435844608,83001344,2094301184
2026-06-23T18:34:35.116103,17006837760,16286089216,720748544,4.2,14248460288,1095876608,1435844608,83001344,2094399488
2026-06-23T18:34:36.116383,17006837760,16287399936,719437824,4.2,14249771008,1095876608,1435844608,83001344,2094399488
2026-06-23T18:34:37.116654,17006837760,16289005568,717832192,4.2,14250967040,1095974912,1436254208,83001344,2094497792
2026-06-23T18:34:38.116967,17006837760,16289234944,717602816,4.2,14251196416,1095974912,1436254208,83001344,2094514176
2026-06-23T18:34:39.117349,17006837760,16289431552,717406208,4.2,14251393024,1095974912,1436254208,83001344,2094612480
2026-06-23T18:34:40.117852,17006837760,16285712384,721125376,4.2,14247673856,1095974912,1436254208,83001344,2094710784
2026-06-23T18:34:41.118139,17006837760,16285941760,720896000,4.2,14247903232,1095974912,1436254208,83001344,2094809088
2026-06-23T18:34:42.118424,17006837760,16283975680,722862080,4.3,14245937152,1095974912,1436254208,83017728,2095005696
2026-06-23T18:34:43.118718,17006837760,16285843456,720994304,4.2,14247804928,1095974912,1436254208,83017728,2095005696
2026-06-23T18:34:44.119169,17006837760,16286089216,720748544,4.2,14248050688,1095974912,1436254208,83017728,2095104000
2026-06-23T18:34:45.119645,17006837760,16287678464,719159296,4.2,14249263104,1096105984,1436631040,83017728,2095202304
2026-06-23T18:34:46.119998,17006837760,16288186368,718651392,4.2,14249771008,1096105984,1436631040,83017728,2095202304
2026-06-23T18:34:47.120334,17006837760,16288727040,718110720,4.2,14250311680,1096105984,1436631040,83034112,2095218688
2026-06-23T18:34:48.120784,17006837760,16290086912,716750848,4.2,14251671552,1096105984,1436631040,83034112,2095218688
2026-06-23T18:34:49.121281,17006837760,16290840576,715997184,4.2,14251950080,1096351744,1437106176,83034112,2095218688
2026-06-23T18:34:50.121617,17006837760,16290594816,716242944,4.2,14251704320,1096351744,1437106176,83034112,2095415296
2026-06-23T18:34:51.121941,17006837760,16291250176,715587584,4.2,14252359680,1096351744,1437106176,83034112,2095415296
2026-06-23T18:34:52.122229,17006837760,16294002688,712835072,4.2,14255112192,1096351744,1437106176,83050496,2095415296
2026-06-23T18:34:53.122538,17006837760,16294477824,712359936,4.2,14255587328,1096351744,1437106176,83050496,2095415296
2026-06-23T18:34:54.122862,17006837760,16293773312,713064448,4.2,14254882816,1096351744,1437106176,83050496,2095513600
2026-06-23T18:34:55.123501,17006837760,16294559744,712278016,4.2,14255489024,1096433664,1437286400,83050496,2095611904
2026-06-23T18:34:56.124651,17006837760,16292282368,714555392,4.2,14252785664,1096531968,1437696000,83050496,2095759360
2026-06-23T18:34:57.124991,17006837760,16289824768,717012992,4.2,14250328064,1096531968,1437696000,83066880,2095759360
2026-06-23T18:34:58.125312,17006837760,16290316288,716521472,4.2,14250819584,1096531968,1437696000,83066880,2095759360
2026-06-23T18:34:59.125623,17006837760,16291938304,714899456,4.2,14252441600,1096531968,1437696000,83066880,2095857664
2026-06-23T18:35:00.125991,17006837760,16292577280,714260480,4.2,14253080576,1096531968,1437696000,83066880,2095857664
2026-06-23T18:35:01.126380,17006837760,16292331520,714506240,4.2,14252834816,1096531968,1437696000,83066880,2095857664
2026-06-23T18:35:02.126735,17006837760,16290381824,716455936,4.2,14250885120,1096531968,1437696000,83083264,2095955968
2026-06-23T18:35:03.127187,17006837760,16289136640,717701120,4.2,14249639936,1096531968,1437696000,83083264,2096054272
2026-06-23T18:35:04.127650,17006837760,16288153600,718684160,4.2,14248656896,1096531968,1437696000,83083264,2096054272
2026-06-23T18:35:05.128188,17006837760,16286334976,720502784,4.2,14246838272,1096531968,1437696000,83083264,2096070656
2026-06-23T18:35:06.129731,17006837760,16288153600,718684160,4.2,14248656896,1096531968,1437696000,83083264,2096168960
2026-06-23T18:35:07.130074,17006837760,16288972800,717864960,4.2,14249164800,1096728576,1438007296,83099648,2096267264
2026-06-23T18:35:08.130395,17006837760,16288350208,718487552,4.2,14248542208,1096728576,1438007296,83099648,2096365568
2026-06-23T18:35:09.130726,17006837760,16288006144,718831616,4.2,14247804928,1096843264,1438400512,83099648,2096480256
2026-06-23T18:35:10.131088,17006837760,16287694848,719142912,4.2,14247477248,1096843264,1438400512,83099648,2096594944
2026-06-23T18:35:11.131493,17006837760,16288432128,718405632,4.2,14248214528,1096843264,1438400512,83099648,2096594944
2026-06-23T18:35:12.131849,17006837760,16285925376,720912384,4.2,14245707776,1096843264,1438400512,83099648,2096709632
2026-06-23T18:35:13.132304,17006837760,16278945792,727891968,4.3,14238728192,1096843264,1438400512,83099648,2096709632
2026-06-23T18:35:14.134363,17006837760,16279240704,727597056,4.3,14239023104,1096843264,1438400512,83099648,2096726016
2026-06-23T18:35:15.134977,17006837760,16274653184,732184576,4.3,14234435584,1096843264,1438400512,83099648,2096922624
2026-06-23T18:35:16.135823,17006837760,16274948096,731889664,4.3,14234730496,1096843264,1438400512,83099648,2097020928
2026-06-23T18:35:17.136167,17006837760,16274604032,732233728,4.3,14234386432,1096843264,1438400512,83116032,2097020928
2026-06-23T18:35:18.136575,17006837760,16277553152,729284608,4.3,14237335552,1096843264,1438400512,83116032,2097020928
2026-06-23T18:35:19.137013,17006837760,16277848064,728989696,4.3,14237630464,1096843264,1438400512,83116032,2097217536
2026-06-23T18:35:20.137485,17006837760,16281010176,725827584,4.3,14240350208,1097269248,1438842880,83116032,2097315840
2026-06-23T18:35:21.137837,17006837760,16278290432,728547328,4.3,14237614080,1097269248,1438842880,83116032,2097446912
2026-06-23T18:35:22.138359,17006837760,16278880256,727957504,4.3,14237925376,1097498624,1439121408,83116032,2097643520
2026-06-23T18:35:23.140397,17006837760,16280846336,725991424,4.3,14239891456,1097498624,1439121408,83148800,2097758208
2026-06-23T18:35:24.141129,17006837760,16281747456,725090304,4.3,14240792576,1097498624,1439121408,83148800,2097758208
2026-06-23T18:35:25.141451,17006837760,16284319744,722518016,4.2,14243364864,1097498624,1439121408,83148800,2097758208
2026-06-23T18:35:26.141789,17006837760,16285679616,721158144,4.2,14244724736,1097498624,1439121408,83148800,2097758208
2026-06-23T18:35:27.144294,17006837760,16286171136,720666624,4.2,14245216256,1097498624,1439121408,83148800,2097758208
2026-06-23T18:35:28.146552,17006837760,16285859840,720977920,4.2,14244593664,1097711616,1439416320,83165184,2097774592
2026-06-23T18:35:29.146867,17006837760,16285286400,721551360,4.2,14244020224,1097711616,1439416320,83165184,2097774592
2026-06-23T18:35:30.147198,17006837760,16285007872,721829888,4.2,14243741696,1097711616,1439416320,83165184,2097872896
2026-06-23T18:35:31.147600,17006837760,16286711808,720125952,4.2,14245445632,1097711616,1439416320,83165184,2097987584
2026-06-23T18:35:32.148826,17006837760,16287072256,719765504,4.2,14245806080,1097711616,1439416320,83165184,2098020352
2026-06-23T18:35:33.150721,17006837760,16288497664,718340096,4.2,14247231488,1097711616,1439416320,83165184,2098085888
2026-06-23T18:35:34.151864,17006837760,16289415168,717422592,4.2,14248148992,1097711616,1439416320,83165184,2098184192
2026-06-23T18:35:35.152802,17006837760,16288432128,718405632,4.2,14247165952,1097711616,1439416320,83165184,2098282496
2026-06-23T18:35:36.153399,17006837760,16289284096,717553664,4.2,14248017920,1097711616,1439416320,83165184,2098282496
2026-06-23T18:35:37.154556,17006837760,16290988032,715849728,4.2,14249721856,1097711616,1439416320,83165184,2098282496
2026-06-23T18:35:38.157255,17006837760,16288251904,718585856,4.2,14246608896,1097842688,1439793152,83181568,2098282496
2026-06-23T18:35:39.159836,17006837760,16285417472,721420288,4.2,14243446784,1098022912,1440120832,83181568,2098380800
2026-06-23T18:35:40.160676,17006837760,16285990912,720846848,4.2,14244020224,1098022912,1440120832,83181568,2098413568
2026-06-23T18:35:41.161225,17006837760,16283222016,723615744,4.3,14241251328,1098022912,1440120832,83181568,2098511872
2026-06-23T18:35:42.162130,17006837760,16285466624,721371136,4.2,14243495936,1098022912,1440120832,83181568,2098511872
2026-06-23T18:35:43.162603,17006837760,16285941760,720896000,4.2,14243971072,1098022912,1440120832,83197952,2098626560
2026-06-23T18:35:44.162965,17006837760,16280092672,726745088,4.3,14238121984,1098022912,1440120832,83197952,2098626560
2026-06-23T18:35:45.163315,17006837760,16279076864,727760896,4.3,14237106176,1098022912,1440120832,83197952,2098724864
2026-06-23T18:35:46.163599,17006837760,16279584768,727252992,4.3,14237614080,1098022912,1440120832,83197952,2098823168
2026-06-23T18:35:47.163871,17006837760,16282058752,724779008,4.3,14240088064,1098022912,1440120832,83197952,2098937856
2026-06-23T18:35:48.164183,17006837760,16283631616,723206144,4.3,14241333248,1098203136,1440448512,83214336,2098937856
2026-06-23T18:35:49.164513,17006837760,16283631616,723206144,4.3,14241333248,1098203136,1440448512,83214336,2098937856
2026-06-23T18:35:50.164875,17006837760,16283533312,723304448,4.3,14240907264,1098383360,1440776192,83214336,2099036160
2026-06-23T18:35:51.165317,17006837760,16285073408,721764352,4.2,14242365440,1098383360,1440858112,83214336,2099150848
2026-06-23T18:35:52.165739,17006837760,16285073408,721764352,4.2,14242365440,1098383360,1440858112,83214336,2099150848
2026-06-23T18:35:53.166032,17006837760,16285417472,721420288,4.2,14242709504,1098383360,1440858112,83230720,2099150848
2026-06-23T18:35:54.166320,17006837760,16286728192,720109568,4.2,14243643392,1098514432,1441234944,83230720,2099347456
2026-06-23T18:35:55.166643,17006837760,16287776768,719060992,4.2,14244691968,1098514432,1441234944,83230720,2099445760
2026-06-23T18:35:56.166938,17006837760,16288448512,718389248,4.2,14245363712,1098514432,1441234944,83230720,2099445760
2026-06-23T18:35:57.167258,17006837760,16289398784,717438976,4.2,14246313984,1098514432,1441234944,83230720,2099544064
2026-06-23T18:35:58.167615,17006837760,16284729344,722108416,4.2,14241644544,1098514432,1441234944,83247104,2099642368
2026-06-23T18:35:59.167948,17006837760,16282173440,724664320,4.3,14239088640,1098514432,1441234944,83247104,2099740672
2026-06-23T18:36:00.168295,17006837760,16281272320,725565440,4.3,14238187520,1098514432,1441234944,83247104,2099773440
2026-06-23T18:36:01.168794,17006837760,16282304512,724533248,4.3,14239219712,1098514432,1441234944,83247104,2099773440
2026-06-23T18:36:02.170370,17006837760,16284844032,721993728,4.2,14241759232,1098514432,1441234944,83247104,2099871744
2026-06-23T18:36:03.170664,17006837760,16278159360,728678400,4.3,14235058176,1098514432,1441234944,83263488,2099888128
2026-06-23T18:36:04.171058,17006837760,16273457152,733380608,4.3,14230355968,1098514432,1441234944,83263488,2099986432
2026-06-23T18:36:05.171414,17006837760,16274800640,732037120,4.3,14231699456,1098514432,1441234944,83263488,2099986432
2026-06-23T18:36:06.171871,17006837760,16274784256,732053504,4.3,14231388160,1098694656,1441529856,83263488,2099986432
2026-06-23T18:36:07.172375,17006837760,16276422656,730415104,4.3,14232666112,1098842112,1441890304,83263488,2100002816
2026-06-23T18:36:08.172663,17006837760,16277831680,729006080,4.3,14234075136,1098842112,1441890304,83263488,2100002816
2026-06-23T18:36:09.173025,17006837760,16280322048,726515712,4.3,14236565504,1098842112,1441890304,83263488,2100101120
2026-06-23T18:36:10.173379,17006837760,16281059328,725778432,4.3,14237302784,1098842112,1441890304,83263488,2100215808
2026-06-23T18:36:11.173743,17006837760,16282664960,724172800,4.3,14238908416,1098842112,1441890304,83263488,2100215808
2026-06-23T18:36:12.174211,17006837760,16283746304,723091456,4.3,14239989760,1098842112,1441890304,83263488,2100215808
2026-06-23T18:36:13.174579,17006837760,16271327232,735510528,4.3,14227570688,1098842112,1441890304,83279872,2100314112
2026-06-23T18:36:14.174962,17006837760,16272785408,734052352,4.3,14229028864,1098842112,1441890304,83279872,2100314112
2026-06-23T18:36:15.175295,17006837760,16274636800,732200960,4.3,14230880256,1098842112,1441890304,83279872,2100330496
2026-06-23T18:36:16.175625,17006837760,16277798912,729038848,4.3,14234042368,1098842112,1441890304,83279872,2100330496
2026-06-23T18:36:17.175974,17006837760,16278978560,727859200,4.3,14235222016,1098842112,1441890304,83279872,2100330496
2026-06-23T18:36:18.176315,17006837760,16280256512,726581248,4.3,14236499968,1098842112,1441890304,83279872,2100428800
2026-06-23T18:36:19.176647,17006837760,16281468928,725368832,4.3,14237712384,1098842112,1441890304,83296256,2100527104
2026-06-23T18:36:20.176986,17006837760,16281370624,725467136,4.3,14237417472,1099169792,1442070528,83296256,2100658176
2026-06-23T18:36:21.177342,17006837760,16280846336,725991424,4.3,14236581888,1099366400,1442381824,83296256,2100756480
2026-06-23T18:36:22.177684,17006837760,16280616960,726220800,4.3,14236270592,1099382784,1442463744,83296256,2100854784
2026-06-23T18:36:23.178087,17006837760,16280272896,726564864,4.3,14235615232,1099579392,1442775040,83296256,2101051392
2026-06-23T18:36:24.178427,17006837760,16282468352,724369408,4.3,14237810688,1099579392,1442775040,83312640,2101149696
2026-06-23T18:36:25.178733,17006837760,16283680768,723156992,4.3,14239023104,1099579392,1442775040,83312640,2101166080
2026-06-23T18:36:26.179035,17006837760,16282304512,724533248,4.3,14237646848,1099579392,1442775040,83312640,2101166080
2026-06-23T18:36:27.179370,17006837760,16253353984,753483776,4.4,14208696320,1099579392,1442775040,83312640,2101166080
2026-06-23T18:36:28.179663,17006837760,16255320064,751517696,4.4,14210662400,1099579392,1442775040,83312640,2101166080
2026-06-23T18:36:29.179952,17006837760,16260169728,746668032,4.4,14215512064,1099579392,1442775040,83329024,2101166080
2026-06-23T18:36:30.180341,17006837760,16262873088,743964672,4.4,14218215424,1099579392,1442775040,83329024,2101166080
2026-06-23T18:36:31.180671,17006837760,16266002432,740835328,4.4,14221344768,1099579392,1442775040,83329024,2101264384
2026-06-23T18:36:32.180962,17006837760,16270508032,736329728,4.3,14225850368,1099579392,1442775040,83329024,2101264384
2026-06-23T18:36:33.181266,17006837760,16273686528,733151232,4.3,14229028864,1099579392,1442775040,83329024,2101362688
2026-06-23T18:36:34.181554,17006837760,16272343040,734494720,4.3,14227685376,1099579392,1442775040,83345408,2101477376
2026-06-23T18:36:35.181931,17006837760,16274440192,732397568,4.3,14229766144,1099579392,1442775040,83345408,2101608448
2026-06-23T18:36:36.183021,17006837760,16277766144,729071616,4.3,14232682496,1099677696,1443184640,83345408,2101706752
2026-06-23T18:36:37.183327,17006837760,16277127168,729710592,4.3,14232043520,1099677696,1443184640,83345408,2101706752
2026-06-23T18:36:38.183623,17006837760,16278061056,728776704,4.3,14232977408,1099677696,1443184640,83345408,2101706752
2026-06-23T18:36:39.183915,17006837760,16280846336,725991424,4.3,14235762688,1099677696,1443184640,83361792,2101854208
2026-06-23T18:36:40.184216,17006837760,16281796608,725041152,4.3,14236418048,1099890688,1443479552,83361792,2101854208
2026-06-23T18:36:41.184599,17006837760,16282484736,724353024,4.3,14237106176,1099890688,1443479552,83361792,2101854208
2026-06-23T18:36:42.185093,17006837760,16284614656,722223104,4.2,14239039488,1099988992,1443676160,83361792,2101854208
2026-06-23T18:36:43.185747,17006837760,16285761536,721076224,4.2,14240186368,1099988992,1443676160,83361792,2101870592
2026-06-23T18:36:44.186071,17006837760,16283959296,722878464,4.3,14238367744,1099988992,1443676160,83361792,2101886976
2026-06-23T18:36:45.186416,17006837760,16284139520,722698240,4.2,14238547968,1099988992,1443676160,83361792,2101886976
2026-06-23T18:36:46.186750,17006837760,16286351360,720486400,4.2,14240759808,1099988992,1443676160,83361792,2101985280
2026-06-23T18:36:47.187081,17006837760,16287907840,718929920,4.2,14242316288,1099988992,1443676160,83361792,2101985280
2026-06-23T18:36:48.187453,17006837760,16287809536,719028224,4.2,14242217984,1099988992,1443676160,83361792,2101985280
2026-06-23T18:36:49.187746,17006837760,16287137792,719699968,4.2,14241546240,1099988992,1443676160,83378176,2101985280
2026-06-23T18:36:50.188052,17006837760,16287842304,718995456,4.2,14241972224,1100218368,1443954688,83378176,2102083584
2026-06-23T18:36:51.188390,17006837760,16287088640,719749120,4.2,14241218560,1100218368,1443954688,83378176,2102329344
2026-06-23T18:36:52.188716,17006837760,16288792576,718045184,4.2,14242906112,1100251136,1443971072,83378176,2102329344
2026-06-23T18:36:53.188991,17006837760,16288432128,718405632,4.2,14242545664,1100251136,1443971072,83378176,2102345728
2026-06-23T18:36:54.189331,17006837760,16288923648,717914112,4.2,14243037184,1100251136,1443971072,83394560,2102345728
2026-06-23T18:36:55.189917,17006837760,16288989184,717848576,4.2,14243102720,1100251136,1443971072,83394560,2102345728
2026-06-23T18:36:56.190667,17006837760,16288333824,718503936,4.2,14242447360,1100251136,1443971072,83394560,2102345728
2026-06-23T18:36:57.190985,17006837760,16286089216,720748544,4.2,14240202752,1100251136,1443971072,83394560,2102345728
2026-06-23T18:36:58.191307,17006837760,16287989760,718848000,4.2,14242103296,1100251136,1443971072,83394560,2102345728
2026-06-23T18:36:59.191640,17006837760,16283402240,723435520,4.3,14237171712,1100414976,1444315136,83394560,2102460416
2026-06-23T18:37:00.191970,17006837760,16283877376,722960384,4.3,14237646848,1100414976,1444315136,83394560,2102558720
2026-06-23T18:37:01.192314,17006837760,16282697728,724140032,4.3,14236467200,1100414976,1444315136,83394560,2102657024
2026-06-23T18:37:02.192702,17006837760,16283451392,723386368,4.3,14237220864,1100414976,1444315136,83394560,2102673408
2026-06-23T18:37:03.193095,17006837760,16282271744,724566016,4.3,14236041216,1100414976,1444315136,83394560,2102673408
2026-06-23T18:37:04.193470,17006837760,16283271168,723566592,4.3,14237040640,1100414976,1444315136,83410944,2102673408
2026-06-23T18:37:05.193776,17006837760,16283516928,723320832,4.3,14237286400,1100414976,1444315136,83410944,2102771712
2026-06-23T18:37:06.194045,17006837760,16284762112,722075648,4.2,14238531584,1100414976,1444315136,83410944,2102771712
2026-06-23T18:37:07.194332,17006837760,16288022528,718815232,4.2,14241792000,1100414976,1444315136,83410944,2102771712
2026-06-23T18:37:08.194611,17006837760,16288464896,718372864,4.2,14242234368,1100414976,1444315136,83410944,2102771712
2026-06-23T18:37:09.195099,17006837760,16288366592,718471168,4.2,14242136064,1100414976,1444315136,83427328,2102771712
2026-06-23T18:37:10.195694,17006837760,16288464896,718372864,4.2,14241906688,1100595200,1444642816,83427328,2102771712
2026-06-23T18:37:11.195976,17006837760,16289955840,716881920,4.2,14243397632,1100595200,1444642816,83427328,2102788096
2026-06-23T18:37:12.196248,17006837760,16289169408,717668352,4.2,14242611200,1100595200,1444642816,83427328,2102788096
2026-06-23T18:37:13.196535,17006837760,16287694848,719142912,4.2,14241136640,1100595200,1444642816,83427328,2102886400
2026-06-23T18:37:14.196846,17006837760,16285515776,721321984,4.2,14238957568,1100595200,1444642816,83427328,2102886400
2026-06-23T18:37:15.197248,17006837760,16284663808,722173952,4.2,14238105600,1100595200,1444642816,83443712,2102886400
2026-06-23T18:37:16.197686,17006837760,16274849792,731987968,4.3,14228291584,1100595200,1444642816,83443712,2102886400
2026-06-23T18:37:17.198151,17006837760,16276684800,730152960,4.3,14230126592,1100595200,1444642816,83443712,2102886400
2026-06-23T18:37:18.199230,17006837760,16277848064,728989696,4.3,14231224320,1100693504,1444708352,83443712,2102886400
2026-06-23T18:37:19.200178,17006837760,16269574144,737263616,4.3,14222770176,1101021184,1444888576,83443712,2102984704
2026-06-23T18:37:20.200726,17006837760,16269950976,736886784,4.3,14223147008,1101021184,1444888576,83443712,2103001088
2026-06-23T18:37:21.201762,17006837760,16274505728,732332032,4.3,14227701760,1101021184,1444888576,83443712,2103099392
2026-06-23T18:37:22.202703,17006837760,16274063360,732774400,4.3,14226964480,1101234176,1445183488,83443712,2103197696
2026-06-23T18:37:23.203393,17006837760,16272048128,734789632,4.3,14224850944,1101250560,1445281792,83443712,2103296000
2026-06-23T18:37:24.203670,17006837760,16273211392,733626368,4.3,14226014208,1101250560,1445281792,83443712,2103328768
2026-06-23T18:37:25.204140,17006837760,16275111936,731725824,4.3,14227914752,1101250560,1445281792,83476480,2103394304
2026-06-23T18:37:26.204518,17006837760,16277995520,728842240,4.3,14230798336,1101250560,1445281792,83476480,2103492608
2026-06-23T18:37:27.204803,17006837760,16276389888,730447872,4.3,14229192704,1101250560,1445281792,83476480,2103590912
2026-06-23T18:37:28.205107,17006837760,16277340160,729497600,4.3,14230142976,1101250560,1445281792,83476480,2103705600
2026-06-23T18:37:29.205393,17006837760,16280829952,726007808,4.3,14233632768,1101250560,1445281792,83476480,2103705600
2026-06-23T18:37:30.205671,17006837760,16281747456,725090304,4.3,14234107904,1101316096,1445724160,83492864,2103803904
2026-06-23T18:37:31.205971,17006837760,16283320320,723517440,4.3,14235680768,1101316096,1445724160,83492864,2103902208
2026-06-23T18:37:32.206341,17006837760,16283779072,723058688,4.3,14236139520,1101316096,1445724160,83492864,2104000512
2026-06-23T18:37:33.206670,17006837760,16283172864,723664896,4.3,14235533312,1101316096,1445724160,83492864,2104000512
2026-06-23T18:37:34.206982,17006837760,16283009024,723828736,4.3,14235369472,1101316096,1445724160,83492864,2104098816
2026-06-23T18:37:35.207317,17006837760,16283484160,723353600,4.3,14235844608,1101316096,1445724160,83492864,2104098816
2026-06-23T18:37:36.207643,17006837760,16286367744,720470016,4.2,14238711808,1101316096,1445724160,83492864,2104328192
2026-06-23T18:37:37.207938,17006837760,16287252480,719585280,4.2,14239596544,1101316096,1445724160,83492864,2104328192
2026-06-23T18:37:38.208321,17006837760,16288808960,718028800,4.2,14240792576,1101463552,1446084608,83492864,2104328192
2026-06-23T18:37:39.208693,17006837760,16289890304,716947456,4.2,14241873920,1101463552,1446084608,83492864,2104328192
2026-06-23T18:37:40.208985,17006837760,16288907264,717930496,4.2,14240890880,1101463552,1446084608,83509248,2104524800
2026-06-23T18:37:41.209291,17006837760,16288825344,718012416,4.2,14240808960,1101463552,1446084608,83509248,2104623104
2026-06-23T18:37:42.209575,17006837760,16289382400,717455360,4.2,14241366016,1101463552,1446084608,83509248,2104623104
2026-06-23T18:37:43.209861,17006837760,16288890880,717946880,4.2,14240874496,1101463552,1446084608,83509248,2104623104
2026-06-23T18:37:44.210111,17006837760,16288350208,718487552,4.2,14240333824,1101463552,1446084608,83509248,2104721408
2026-06-23T18:37:45.210385,17006837760,16284188672,722649088,4.2,14236172288,1101463552,1446084608,83525632,2104836096
2026-06-23T18:37:46.210685,17006837760,16282353664,724484096,4.3,14234337280,1101463552,1446084608,83525632,2104950784
2026-06-23T18:37:47.210976,17006837760,16283779072,723058688,4.3,14235762688,1101463552,1446084608,83525632,2104950784
2026-06-23T18:37:48.211283,17006837760,16283828224,723009536,4.3,14235811840,1101463552,1446084608,83525632,2105049088
2026-06-23T18:37:49.211597,17006837760,16283238400,723599360,4.3,14234828800,1101578240,1446477824,83525632,2105049088
2026-06-23T18:37:50.211907,17006837760,16280436736,726401024,4.3,14231633920,1101692928,1446871040,83542016,2105049088
2026-06-23T18:37:51.212137,17006837760,16278421504,728416256,4.3,14229618688,1101692928,1446871040,83542016,2105049088
2026-06-23T18:37:52.212367,17006837760,16279404544,727433216,4.3,14230601728,1101692928,1446871040,83542016,2105049088
2026-06-23T18:37:53.212587,17006837760,16282124288,724713472,4.3,14233321472,1101692928,1446871040,83542016,2105147392
2026-06-23T18:37:54.212815,17006837760,16283516928,723320832,4.3,14234402816,1101922304,1447182336,83542016,2105262080
2026-06-23T18:37:55.213078,17006837760,16283795456,723042304,4.3,14234681344,1101922304,1447182336,83558400,2105360384
2026-06-23T18:37:56.213349,17006837760,16284614656,722223104,4.2,14235484160,1101922304,1447182336,83558400,2105589760
2026-06-23T18:37:57.213630,17006837760,16284368896,722468864,4.2,14235238400,1101922304,1447182336,83558400,2105589760
2026-06-23T18:37:58.213906,17006837760,16283189248,723648512,4.3,14233681920,1102053376,1447559168,83558400,2105704448
2026-06-23T18:37:59.214182,17006837760,16281321472,725516288,4.3,14231404544,1102151680,1447968768,83558400,2105819136
2026-06-23T18:38:00.214474,17006837760,16272588800,734248960,4.3,14222671872,1102151680,1447968768,83574784,2106048512
2026-06-23T18:38:01.214852,17006837760,16273391616,733446144,4.3,14223474688,1102151680,1447968768,83574784,2106048512
2026-06-23T18:38:02.215148,17006837760,16275308544,731529216,4.3,14225391616,1102151680,1447968768,83574784,2106048512
2026-06-23T18:38:03.215386,17006837760,16278831104,728006656,4.3,14228914176,1102151680,1447968768,83574784,2106163200
2026-06-23T18:38:04.215665,17006837760,16277716992,729120768,4.3,14227800064,1102151680,1447968768,83574784,2106294272
2026-06-23T18:38:05.215895,17006837760,16278519808,728317952,4.3,14228602880,1102151680,1447968768,83591168,2106408960
2026-06-23T18:38:06.216126,17006837760,16279207936,727629824,4.3,14229291008,1102151680,1447968768,83591168,2106408960
2026-06-23T18:38:07.216354,17006837760,16278208512,728629248,4.3,14228291584,1102151680,1447968768,83591168,2106507264
2026-06-23T18:38:08.216732,17006837760,16280240128,726597632,4.3,14230323200,1102151680,1447968768,83591168,2106507264
2026-06-23T18:38:09.217696,17006837760,16278306816,728530944,4.3,14228062208,1102331904,1448296448,83591168,2106605568
2026-06-23T18:38:10.218778,17006837760,16270426112,736411648,4.3,14220181504,1102331904,1448296448,83591168,2106605568
2026-06-23T18:38:11.219039,17006837760,16273719296,733118464,4.3,14223474688,1102331904,1448296448,83591168,2106703872
2026-06-23T18:38:12.219281,17006837760,16275980288,730857472,4.3,14225719296,1102331904,1448296448,83591168,2106736640
2026-06-23T18:38:13.219590,17006837760,16276717568,730120192,4.3,14226456576,1102331904,1448296448,83591168,2106867712
2026-06-23T18:38:14.219920,17006837760,16277618688,729219072,4.3,14227030016,1102512128,1448624128,83591168,2106998784
2026-06-23T18:38:15.220245,17006837760,16275259392,731578368,4.3,14224670720,1102512128,1448624128,83591168,2107113472
2026-06-23T18:38:16.220592,17006837760,16275996672,730841088,4.3,14225408000,1102512128,1448624128,83607552,2107228160
2026-06-23T18:38:17.220957,17006837760,16277798912,729038848,4.3,14226833408,1102643200,1449000960,83607552,2107342848
2026-06-23T18:38:18.221280,17006837760,16277520384,729317376,4.3,14226554880,1102643200,1449000960,83607552,2107457536
2026-06-23T18:38:19.221632,17006837760,16277340160,729497600,4.3,14226374656,1102643200,1449000960,83607552,2107457536
2026-06-23T18:38:20.222496,17006837760,16278093824,728743936,4.3,14226751488,1102790656,1449361408,83607552,2107588608
2026-06-23T18:38:21.223311,17006837760,16279060480,727777280,4.3,14227718144,1102790656,1449361408,83623936,2107703296
2026-06-23T18:38:22.223600,17006837760,16280338432,726499328,4.3,14228996096,1102790656,1449361408,83623936,2107834368
2026-06-23T18:38:23.223881,17006837760,16281190400,725647360,4.3,14229848064,1102790656,1449361408,83623936,2107834368
2026-06-23T18:38:24.224120,17006837760,16282091520,724746240,4.3,14230650880,1102872576,1449459712,83623936,2107834368
2026-06-23T18:38:25.224434,17006837760,16282976256,723861504,4.3,14231535616,1102872576,1449459712,83623936,2107834368
2026-06-23T18:38:26.224848,17006837760,16285073408,721764352,4.2,14233632768,1102872576,1449459712,83640320,2107834368
2026-06-23T18:38:27.225339,17006837760,16284106752,722731008,4.2,14232666112,1102872576,1449459712,83640320,2107834368
2026-06-23T18:38:28.225573,17006837760,16280977408,725860352,4.3,14229536768,1102872576,1449459712,83640320,2107834368
2026-06-23T18:38:29.225857,17006837760,16282648576,724189184,4.3,14231207936,1102872576,1449459712,83640320,2107834368
2026-06-23T18:38:30.226138,17006837760,16283287552,723550208,4.3,14231830528,1102872576,1449476096,83640320,2107932672
2026-06-23T18:38:31.226449,17006837760,16281468928,725368832,4.3,14229716992,1103085568,1449771008,83656704,2107949056
2026-06-23T18:38:32.226800,17006837760,16281567232,725270528,4.3,14229815296,1103085568,1449771008,83656704,2108145664
2026-06-23T18:38:33.227167,17006837760,16279912448,726925312,4.3,14228160512,1103085568,1449771008,83656704,2108243968
2026-06-23T18:38:34.227545,17006837760,16280403968,726433792,4.3,14228652032,1103085568,1449771008,83656704,2108243968
2026-06-23T18:38:35.227939,17006837760,16279764992,727072768,4.3,14228013056,1103085568,1449771008,83656704,2108243968
2026-06-23T18:38:36.228325,17006837760,16281403392,725434368,4.3,14229651456,1103085568,1449771008,83673088,2108243968
2026-06-23T18:38:37.228766,17006837760,16280797184,726040576,4.3,14229045248,1103085568,1449771008,83673088,2108243968
2026-06-23T18:38:38.229226,17006837760,16280125440,726712320,4.3,14227668992,1103396864,1450475520,83673088,2108440576
2026-06-23T18:38:39.229586,17006837760,16280387584,726450176,4.3,14227931136,1103396864,1450475520,83673088,2108538880
2026-06-23T18:38:40.234308,17006837760,16284286976,722550784,4.2,14231830528,1103396864,1450475520,83673088,2108555264
2026-06-23T18:38:41.234864,17006837760,16284270592,722567168,4.2,14231814144,1103396864,1450475520,83689472,2108555264
2026-06-23T18:38:42.238331,17006837760,16282746880,724090880,4.3,14230290432,1103396864,1450475520,83689472,2108555264
2026-06-23T18:38:43.238635,17006837760,16283811840,723025920,4.3,14231355392,1103396864,1450475520,83689472,2108555264
2026-06-23T18:38:44.238973,17006837760,16285794304,721043456,4.2,14233337856,1103396864,1450475520,83689472,2108555264
2026-06-23T18:38:45.239341,17006837760,16282353664,724484096,4.3,14229897216,1103396864,1450475520,83689472,2108555264
2026-06-23T18:38:46.239720,17006837760,16282615808,724221952,4.3,14230159360,1103396864,1450475520,83705856,2108653568
2026-06-23T18:38:47.240153,17006837760,16285990912,720846848,4.2,14233534464,1103396864,1450475520,83705856,2108751872
2026-06-23T18:38:48.240812,17006837760,16285188096,721649664,4.2,14232731648,1103396864,1450475520,83705856,2108751872
2026-06-23T18:38:49.241504,17006837760,16283566080,723271680,4.3,14231109632,1103396864,1450475520,83705856,2108866560
2026-06-23T18:38:50.242679,17006837760,16283860992,722976768,4.3,14231191552,1103691776,1450688512,83705856,2108964864
2026-06-23T18:38:51.243245,17006837760,16285073408,721764352,4.2,14232403968,1103691776,1450688512,83705856,2108964864
2026-06-23T18:38:52.243534,17006837760,16286924800,719912960,4.2,14234255360,1103691776,1450688512,83705856,2108964864
2026-06-23T18:38:53.243931,17006837760,16287809536,719028224,4.2,14235140096,1103691776,1450688512,83705856,2108964864
2026-06-23T18:38:54.244353,17006837760,16285597696,721240064,4.2,14232928256,1103691776,1450688512,83705856,2109063168
2026-06-23T18:38:55.244710,17006837760,16285696000,721141760,4.2,14232715264,1103888384,1450983424,83705856,2109194240
2026-06-23T18:38:56.245025,17006837760,16286384128,720453632,4.2,14233403392,1103888384,1450983424,83738624,2109194240
2026-06-23T18:38:57.245358,17006837760,16285908992,720928768,4.2,14232928256,1103888384,1450983424,83738624,2109308928
2026-06-23T18:38:58.245690,17006837760,16286318592,720519168,4.2,14233337856,1103888384,1450983424,83738624,2109407232
2026-06-23T18:38:59.245963,17006837760,16286318592,720519168,4.2,14233337856,1103888384,1450983424,83738624,2109407232
2026-06-23T18:39:00.246731,17006837760,16288792576,718045184,4.2,14235811840,1103888384,1450983424,83738624,2109407232
2026-06-23T18:39:01.247737,17006837760,16284614656,722223104,4.2,14231633920,1103888384,1450983424,83755008,2109407232
2026-06-23T18:39:02.248252,17006837760,16284336128,722501632,4.2,14231355392,1103888384,1450983424,83755008,2109407232
2026-06-23T18:39:03.249423,17006837760,16282845184,723992576,4.3,14229602304,1104134144,1451245568,83755008,2109505536
2026-06-23T18:39:04.253268,17006837760,16279797760,727040000,4.3,14226554880,1104134144,1451245568,83755008,2109603840
2026-06-23T18:39:05.254137,17006837760,16280043520,726794240,4.3,14226554880,1104265216,1451491328,83755008,2109620224
2026-06-23T18:39:06.254726,17006837760,16283123712,723714048,4.3,14229635072,1104265216,1451491328,83755008,2109620224
2026-06-23T18:39:07.255461,17006837760,16284123136,722714624,4.2,14230634496,1104265216,1451491328,83755008,2109620224
2026-06-23T18:39:08.256616,17006837760,16281665536,725172224,4.3,14228176896,1104265216,1451491328,83755008,2109620224
2026-06-23T18:39:09.257083,17006837760,16277258240,729579520,4.3,14223523840,1104527360,1451737088,83755008,2109718528
2026-06-23T18:39:10.260485,17006837760,16277225472,729612288,4.3,14223491072,1104527360,1451737088,83755008,2109816832
2026-06-23T18:39:11.262117,17006837760,16277241856,729595904,4.3,14223507456,1104527360,1451737088,83771392,2109800448
2026-06-23T18:39:12.264943,17006837760,16273408000,733429760,4.3,14219558912,1104920576,1451851776,83771392,2109931520
2026-06-23T18:39:13.266489,17006837760,16272687104,734150656,4.3,14218838016,1104920576,1451851776,83771392,2109931520
2026-06-23T18:39:14.270759,17006837760,16273244160,733593600,4.3,14219395072,1104920576,1451851776,83771392,2109931520
2026-06-23T18:39:15.271709,17006837760,16275537920,731299840,4.3,14221688832,1104920576,1451851776,83771392,2109931520
2026-06-23T18:39:16.272921,17006837760,16279552000,727285760,4.3,14225391616,1105117184,1452163072,83771392,2109931520
2026-06-23T18:39:17.275256,17006837760,16274620416,732217344,4.3,14220460032,1105117184,1452163072,83787776,2110029824
2026-06-23T18:39:18.275987,17006837760,16272588800,734248960,4.3,14218428416,1105117184,1452163072,83787776,2110242816
2026-06-23T18:39:19.276612,17006837760,16274505728,732332032,4.3,14219952128,1105231872,1452556288,83787776,2110341120
2026-06-23T18:39:20.277481,17006837760,16277110784,729726976,4.3,14222557184,1105231872,1452556288,83787776,2110455808
2026-06-23T18:39:21.278359,17006837760,16276733952,730103808,4.3,14222180352,1105231872,1452556288,83787776,2110554112
2026-06-23T18:39:22.278846,17006837760,16276537344,730300416,4.3,14221983744,1105231872,1452556288,83804160,2110652416
2026-06-23T18:39:23.279152,17006837760,16278028288,728809472,4.3,14223474688,1105231872,1452556288,83804160,2110652416
2026-06-23T18:39:24.279433,17006837760,16280125440,726712320,4.3,14225571840,1105231872,1452556288,83804160,2110750720
2026-06-23T18:39:25.279854,17006837760,16279093248,727744512,4.3,14224211968,1105412096,1452883968,83804160,2110849024
2026-06-23T18:39:26.280212,17006837760,16270213120,736624640,4.3,14215118848,1105592320,1453096960,83804160,2110947328
2026-06-23T18:39:27.280549,17006837760,16269197312,737640448,4.3,14214103040,1105592320,1453096960,83820544,2110947328
2026-06-23T18:39:28.280925,17006837760,16270442496,736395264,4.3,14214987776,1105756160,1453441024,83820544,2111111168
2026-06-23T18:39:29.281336,17006837760,16272408576,734429184,4.3,14216953856,1105756160,1453441024,83820544,2111225856
2026-06-23T18:39:30.281721,17006837760,16275259392,731578368,4.3,14219804672,1105756160,1453441024,83820544,2111225856
2026-06-23T18:39:31.282208,17006837760,16277520384,729317376,4.3,14222065664,1105756160,1453441024,83820544,2111225856
2026-06-23T18:39:32.282611,17006837760,16276406272,730431488,4.3,14220951552,1105756160,1453441024,83836928,2111225856
2026-06-23T18:39:33.283006,17006837760,16276471808,730365952,4.3,14221017088,1105756160,1453441024,83836928,2111225856
2026-06-23T18:39:34.283308,17006837760,16276520960,730316800,4.3,14221066240,1105756160,1453441024,83836928,2111340544
2026-06-23T18:39:35.283597,17006837760,16274767872,732069888,4.3,14219313152,1105756160,1453441024,83836928,2111455232
2026-06-23T18:39:36.283874,17006837760,16275619840,731217920,4.3,14220165120,1105756160,1453441024,83836928,2111569920
2026-06-23T18:39:37.284178,17006837760,16276914176,729923584,4.3,14221459456,1105756160,1453441024,83853312,2111586304
2026-06-23T18:39:38.284467,17006837760,16281960448,724877312,4.3,14226505728,1105756160,1453441024,83853312,2111684608
2026-06-23T18:39:39.284812,17006837760,16280535040,726302720,4.3,14224719872,1105920000,1453785088,83853312,2111815680
2026-06-23T18:39:40.285228,17006837760,16279945216,726892544,4.3,14224130048,1105920000,1453785088,83853312,2111815680
2026-06-23T18:39:41.285592,17006837760,16280207360,726630400,4.3,14224375808,1106051072,1453801472,83853312,2111815680
2026-06-23T18:39:42.285872,17006837760,16281567232,725270528,4.3,14225735680,1106051072,1453801472,83853312,2111815680
2026-06-23T18:39:43.286246,17006837760,16280141824,726695936,4.3,14224310272,1106051072,1453801472,83853312,2111815680
2026-06-23T18:39:44.286609,17006837760,16280207360,726630400,4.3,14224375808,1106051072,1453801472,83853312,2112012288
2026-06-23T18:39:45.287016,17006837760,16280780800,726056960,4.3,14224949248,1106051072,1453801472,83853312,2112110592
2026-06-23T18:39:46.287348,17006837760,16281649152,725188608,4.3,14225817600,1106051072,1453801472,83853312,2112126976
2026-06-23T18:39:47.287638,17006837760,16281255936,725581824,4.3,14225424384,1106051072,1453801472,83869696,2112126976
2026-06-23T18:39:48.288004,17006837760,16279764992,727072768,4.3,14223654912,1106280448,1454080000,83869696,2112225280
2026-06-23T18:39:49.288291,17006837760,16278290432,728547328,4.3,14222180352,1106280448,1454080000,83869696,2112225280
2026-06-23T18:39:50.288652,17006837760,16278241280,728596480,4.3,14222131200,1106280448,1454080000,83869696,2112225280
2026-06-23T18:39:51.289055,17006837760,16277012480,729825280,4.3,14220902400,1106280448,1454080000,83869696,2112225280
2026-06-23T18:39:52.289360,17006837760,16274685952,732151808,4.3,14218182656,1106395136,1454473216,83886080,2112323584
2026-06-23T18:39:53.289661,17006837760,16272556032,734281728,4.3,14216052736,1106395136,1454473216,83886080,2112438272
2026-06-23T18:39:54.289943,17006837760,16273293312,733544448,4.3,14216790016,1106395136,1454473216,83886080,2112634880
2026-06-23T18:39:55.292143,17006837760,16276078592,730759168,4.3,14219575296,1106395136,1454473216,83886080,2112733184
2026-06-23T18:39:56.292494,17006837760,16274800640,732037120,4.3,14218182656,1106493440,1454587904,83886080,2112831488
2026-06-23T18:39:57.292756,17006837760,16275881984,730955776,4.3,14219264000,1106493440,1454587904,83902464,2112929792
2026-06-23T18:39:58.293038,17006837760,16276553728,730284032,4.3,14219935744,1106493440,1454587904,83902464,2112929792
2026-06-23T18:39:59.293328,17006837760,16277241856,729595904,4.3,14220197888,1106575360,1455013888,83902464,2113126400
2026-06-23T18:40:00.293679,17006837760,16275111936,731725824,4.3,14217740288,1106755584,1455341568,83902464,2113224704
2026-06-23T18:40:01.294138,17006837760,16274866176,731971584,4.3,14217494528,1106755584,1455341568,83902464,2113323008
2026-06-23T18:40:02.294513,17006837760,16275996672,730841088,4.3,14218313728,1106952192,1455652864,83918848,2113454080
2026-06-23T18:40:03.294852,17006837760,16278454272,728383488,4.3,14220771328,1106952192,1455652864,83918848,2113552384
2026-06-23T18:40:04.295155,17006837760,16278454272,728383488,4.3,14220771328,1106952192,1455652864,83918848,2113667072
2026-06-23T18:40:05.295457,17006837760,16280354816,726482944,4.3,14222262272,1107050496,1456062464,83918848,2113896448
2026-06-23T18:40:06.295909,17006837760,16282812416,724025344,4.3,14224719872,1107050496,1456062464,83918848,2114011136
2026-06-23T18:40:07.296245,17006837760,16283058176,723779584,4.3,14224965632,1107050496,1456062464,83935232,2114240512
2026-06-23T18:40:08.296733,17006837760,16283582464,723255296,4.3,14225489920,1107050496,1456062464,83935232,2114240512
2026-06-23T18:40:09.297155,17006837760,16285122560,721715200,4.2,14227030016,1107050496,1456062464,83935232,2114240512
2026-06-23T18:40:10.297477,17006837760,16282091520,724746240,4.3,14223556608,1107116032,1456504832,83935232,2114355200
2026-06-23T18:40:11.297831,17006837760,16282304512,724533248,4.3,14223769600,1107116032,1456504832,83935232,2114486272
2026-06-23T18:40:12.298120,17006837760,16281157632,725680128,4.3,14222622720,1107116032,1456504832,83951616,2114617344
2026-06-23T18:40:13.298400,17006837760,16278470656,728367104,4.3,14219935744,1107116032,1456504832,83951616,2114732032
2026-06-23T18:40:14.298682,17006837760,16278601728,728236032,4.3,14219689984,1107247104,1456881664,83951616,2114846720
2026-06-23T18:40:15.299092,17006837760,16279633920,727203840,4.3,14220722176,1107247104,1456881664,83951616,2114961408
2026-06-23T18:40:16.299551,17006837760,16278487040,728350720,4.3,14219575296,1107247104,1456881664,83951616,2115190784
2026-06-23T18:40:17.300011,17006837760,16278110208,728727552,4.3,14219083776,1107345408,1456996352,83951616,2115190784
2026-06-23T18:40:18.300400,17006837760,16278863872,727973888,4.3,14219837440,1107345408,1456996352,83951616,2115305472
2026-06-23T18:40:19.300796,17006837760,16280190976,726646784,4.3,14221164544,1107345408,1456996352,83951616,2115420160
2026-06-23T18:40:20.301143,17006837760,16278224896,728612864,4.3,14219198464,1107345408,1456996352,83951616,2115420160
2026-06-23T18:40:21.301528,17006837760,16277176320,729661440,4.3,14217691136,1107394560,1457455104,83951616,2115551232
2026-06-23T18:40:22.301890,17006837760,16275259392,731578368,4.3,14215774208,1107394560,1457455104,83968000,2115665920
2026-06-23T18:40:23.302210,17006837760,16273915904,732921856,4.3,14214430720,1107394560,1457455104,83968000,2115780608
2026-06-23T18:40:24.306296,17006837760,16274440192,732397568,4.3,14214512640,1107460096,1457897472,83968000,2115895296
2026-06-23T18:40:25.306675,17006837760,16274685952,732151808,4.3,14214397952,1107607552,1458257920,83968000,2116009984
2026-06-23T18:40:26.306961,17006837760,16272146432,734691328,4.3,14211858432,1107607552,1458257920,83968000,2116124672
2026-06-23T18:40:27.307254,17006837760,16274423808,732413952,4.3,14214103040,1107689472,1458290688,83984384,2116124672
2026-06-23T18:40:28.307529,17006837760,16273653760,733184000,4.3,14213332992,1107689472,1458290688,83984384,2116124672
2026-06-23T18:40:29.307828,17006837760,16274227200,732610560,4.3,14213906432,1107689472,1458290688,83984384,2116239360
2026-06-23T18:40:30.308721,17006837760,16271212544,735625216,4.3,14210891776,1107689472,1458290688,83984384,2116255744
2026-06-23T18:40:31.309173,17006837760,16271933440,734904320,4.3,14211612672,1107689472,1458290688,83984384,2116370432
2026-06-23T18:40:32.309500,17006837760,16274571264,732266496,4.3,14213873664,1107820544,1458667520,84000768,2116485120
2026-06-23T18:40:33.309779,17006837760,16271310848,735526912,4.3,14210613248,1107820544,1458667520,84000768,2116599808
2026-06-23T18:40:34.310064,17006837760,16266428416,740409344,4.4,14205730816,1107820544,1458667520,84000768,2116714496
2026-06-23T18:40:35.310404,17006837760,16265412608,741425152,4.4,14204715008,1107820544,1458667520,84000768,2116845568
2026-06-23T18:40:36.310783,17006837760,16267608064,739229696,4.3,14206500864,1107918848,1459077120,84000768,2116960256
2026-06-23T18:40:37.311217,17006837760,16267984896,738852864,4.3,14206877696,1107918848,1459077120,84017152,2117074944
2026-06-23T18:40:38.311610,17006837760,16270409728,736428032,4.3,14209302528,1107918848,1459077120,84017152,2117189632
2026-06-23T18:40:39.311899,17006837760,16271540224,735297536,4.3,14210433024,1107918848,1459077120,84017152,2117206016
2026-06-23T18:40:40.312182,17006837760,16270245888,736591872,4.3,14209138688,1107918848,1459077120,84017152,2117320704
2026-06-23T18:40:41.312470,17006837760,16262955008,743882752,4.4,14201847808,1107918848,1459077120,84017152,2117435392
2026-06-23T18:40:42.312774,17006837760,16265052160,741785600,4.4,14203944960,1107918848,1459077120,84033536,2117550080
2026-06-23T18:40:43.313097,17006837760,16264642560,742195200,4.4,14203535360,1107918848,1459077120,84033536,2117550080
2026-06-23T18:40:44.313557,17006837760,16267083776,739753984,4.3,14205976576,1107918848,1459077120,84033536,2117664768
2026-06-23T18:40:45.313973,17006837760,16269885440,736952320,4.3,14208778240,1107918848,1459077120,84033536,2117664768
2026-06-23T18:40:46.314259,17006837760,16271409152,735428608,4.3,14210301952,1107918848,1459077120,84033536,2117779456
2026-06-23T18:40:47.314517,17006837760,16272556032,734281728,4.3,14211088384,1108066304,1459437568,84049920,2117894144
2026-06-23T18:40:48.314807,17006837760,16274325504,732512256,4.3,14212857856,1108066304,1459437568,84049920,2117894144
2026-06-23T18:40:49.315163,17006837760,16274669568,732168192,4.3,14212759552,1108131840,1459879936,84049920,2118025216
2026-06-23T18:40:50.315601,17006837760,16274800640,732037120,4.3,14212890624,1108131840,1459879936,84049920,2118025216
2026-06-23T18:40:51.316239,17006837760,16275914752,730923008,4.3,14213627904,1108262912,1460256768,84049920,2118139904
2026-06-23T18:40:52.318327,17006837760,16275423232,731414528,4.3,14213136384,1108262912,1460256768,84049920,2118254592
2026-06-23T18:40:53.319175,17006837760,16276488192,730349568,4.3,14214119424,1108262912,1460338688,84049920,2118369280
2026-06-23T18:40:54.320410,17006837760,16275210240,731627520,4.3,14212841472,1108262912,1460338688,84049920,2118369280
2026-06-23T18:40:55.322531,17006837760,16277848064,728989696,4.3,14215479296,1108262912,1460338688,84049920,2118369280
2026-06-23T18:40:56.324501,17006837760,16278863872,727973888,4.3,14216495104,1108262912,1460338688,84049920,2118369280
2026-06-23T18:40:57.325165,17006837760,16278945792,727891968,4.3,14216577024,1108262912,1460338688,84066304,2118483968
2026-06-23T18:40:58.326316,17006837760,16278798336,728039424,4.3,14216036352,1108393984,1460731904,84066304,2118500352
2026-06-23T18:40:59.326926,17006837760,16278192128,728645632,4.3,14215053312,1108525056,1461108736,84066304,2118615040
2026-06-23T18:41:00.327375,17006837760,16279273472,727564288,4.3,14216134656,1108525056,1461108736,84066304,2118615040
2026-06-23T18:41:01.328541,17006837760,16277028864,729808896,4.3,14213890048,1108525056,1461108736,84066304,2118615040
2026-06-23T18:41:02.329264,17006837760,16276373504,730464256,4.3,14213234688,1108525056,1461108736,84082688,2118615040
2026-06-23T18:41:03.329551,17006837760,16277127168,729710592,4.3,14213988352,1108525056,1461108736,84082688,2118615040
2026-06-23T18:41:04.329829,17006837760,16277716992,729120768,4.3,14214578176,1108525056,1461108736,84082688,2118615040
2026-06-23T18:41:05.330471,17006837760,16278372352,728465408,4.3,14215233536,1108525056,1461108736,84082688,2118615040
2026-06-23T18:41:06.330818,17006837760,16278650880,728186880,4.3,14215495680,1108525056,1461108736,84082688,2118762496
2026-06-23T18:41:07.331157,17006837760,16276307968,730529792,4.3,14213152768,1108525056,1461108736,84082688,2118860800
2026-06-23T18:41:08.331454,17006837760,16277798912,729038848,4.3,14214332416,1108721664,1461420032,84082688,2118959104
2026-06-23T18:41:09.331754,17006837760,16276307968,730529792,4.3,14212841472,1108721664,1461420032,84082688,2119057408
2026-06-23T18:41:10.332046,17006837760,16276750336,730087424,4.3,14213283840,1108721664,1461420032,84082688,2119057408
2026-06-23T18:41:11.332331,17006837760,16276979712,729858048,4.3,14213513216,1108721664,1461420032,84082688,2119057408
2026-06-23T18:41:12.332664,17006837760,16272523264,734314496,4.3,14208843776,1109016576,1461633024,84099072,2119172096
2026-06-23T18:41:13.333019,17006837760,16272523264,734314496,4.3,14208843776,1109016576,1461633024,84099072,2119286784
2026-06-23T18:41:14.333334,17006837760,16273686528,733151232,4.3,14210007040,1109016576,1461633024,84099072,2119286784
2026-06-23T18:41:15.333697,17006837760,16268034048,738803712,4.3,14204354560,1109016576,1461633024,84099072,2119417856
2026-06-23T18:41:16.333987,17006837760,16266903552,739934208,4.4,14203224064,1109016576,1461633024,84099072,2119647232
2026-06-23T18:41:17.334290,17006837760,16268967936,737869824,4.3,14205288448,1109016576,1461633024,84115456,2119647232
2026-06-23T18:41:18.334570,17006837760,16269754368,737083392,4.3,14206074880,1109016576,1461633024,84115456,2119647232
2026-06-23T18:41:19.334869,17006837760,16271458304,735379456,4.3,14207500288,1109245952,1461911552,84115456,2119647232
2026-06-23T18:41:20.335175,17006837760,16272031744,734806016,4.3,14208073728,1109245952,1461911552,84115456,2119761920
2026-06-23T18:41:21.335503,17006837760,16273506304,733331456,4.3,14209548288,1109245952,1461911552,84115456,2119761920
2026-06-23T18:41:22.335878,17006837760,16274112512,732725248,4.3,14210154496,1109245952,1461911552,84131840,2119761920
2026-06-23T18:41:23.336175,17006837760,16273391616,733446144,4.3,14209433600,1109245952,1461911552,84131840,2119761920
2026-06-23T18:41:24.336437,17006837760,16274931712,731906048,4.3,14210973696,1109245952,1461911552,84131840,2119892992
2026-06-23T18:41:25.336735,17006837760,16277159936,729677824,4.3,14213201920,1109245952,1461911552,84131840,2119892992
2026-06-23T18:41:26.337025,17006837760,16276914176,729923584,4.3,14212956160,1109245952,1461911552,84131840,2119892992
2026-06-23T18:41:27.337316,17006837760,16276520960,730316800,4.3,14212562944,1109245952,1461911552,84148224,2119892992
2026-06-23T18:41:28.337658,17006837760,16275652608,731185152,4.3,14211694592,1109245952,1461911552,84148224,2119892992
2026-06-23T18:41:29.338116,17006837760,16276602880,730234880,4.3,14212382720,1109458944,1462173696,84148224,2119892992
2026-06-23T18:41:30.338554,17006837760,16276963328,729874432,4.3,14212743168,1109458944,1462173696,84148224,2119892992
2026-06-23T18:41:31.338885,17006837760,16277127168,729710592,4.3,14212644864,1109704704,1462435840,84148224,2120007680
2026-06-23T18:41:32.339304,17006837760,16276078592,730759168,4.3,14211596288,1109704704,1462435840,84164608,2120122368
2026-06-23T18:41:33.339684,17006837760,16270671872,736165888,4.3,14206189568,1109704704,1462435840,84164608,2120237056
2026-06-23T18:41:34.339956,17006837760,16270966784,735870976,4.3,14206451712,1109819392,1462468608,84164608,2120368128
2026-06-23T18:41:35.340249,17006837760,16270966784,735870976,4.3,14206451712,1109819392,1462468608,84164608,2120368128
2026-06-23T18:41:36.340525,17006837760,16273080320,733757440,4.3,14208548864,1109819392,1462468608,84164608,2120515584
2026-06-23T18:41:37.340803,17006837760,16272490496,734347264,4.3,14207959040,1109819392,1462468608,84180992,2120515584
2026-06-23T18:41:38.341112,17006837760,16271572992,735264768,4.3,14206681088,1109966848,1462829056,84180992,2120515584
2026-06-23T18:41:39.341441,17006837760,16271360000,735477760,4.3,14206468096,1109966848,1462829056,84180992,2120744960
2026-06-23T18:41:40.341791,17006837760,16272211968,734625792,4.3,14207320064,1109966848,1462829056,84180992,2120744960
2026-06-23T18:41:41.342150,17006837760,16273063936,733773824,4.3,14208172032,1109966848,1462829056,84180992,2120744960
2026-06-23T18:41:42.342512,17006837760,16276226048,730611712,4.3,14211088384,1110228992,1463074816,84180992,2120744960
2026-06-23T18:41:43.342877,17006837760,16271523840,735313920,4.3,14206386176,1110228992,1463074816,84180992,2120990720
2026-06-23T18:41:44.343319,17006837760,16270737408,736100352,4.3,14205599744,1110228992,1463074816,84180992,2120990720
2026-06-23T18:41:45.343660,17006837760,16269377536,737460224,4.3,14204223488,1110228992,1463074816,84180992,2121154560
2026-06-23T18:41:46.343946,17006837760,16270737408,736100352,4.3,14205583360,1110228992,1463074816,84180992,2121154560
2026-06-23T18:41:47.344233,17006837760,16266887168,739950592,4.4,14201716736,1110228992,1463074816,84197376,2121170944
2026-06-23T18:41:48.344524,17006837760,16267575296,739262464,4.3,14202077184,1110409216,1463402496,84197376,2121285632
2026-06-23T18:41:49.344818,17006837760,16269279232,737558528,4.3,14203781120,1110409216,1463402496,84197376,2121400320
2026-06-23T18:41:50.345089,17006837760,16269885440,736952320,4.3,14204387328,1110409216,1463402496,84197376,2121400320
2026-06-23T18:41:51.345366,17006837760,16270000128,736837632,4.3,14204092416,1110507520,1463812096,84197376,2121515008
2026-06-23T18:41:52.345639,17006837760,16270311424,736526336,4.3,14204403712,1110507520,1463812096,84213760,2121646080
2026-06-23T18:41:53.346015,17006837760,16270671872,736165888,4.3,14204764160,1110507520,1463812096,84213760,2121777152
2026-06-23T18:41:54.346387,17006837760,16271474688,735363072,4.3,14205566976,1110507520,1463812096,84213760,2121777152
2026-06-23T18:41:55.346732,17006837760,16273833984,733003776,4.3,14207909888,1110507520,1463812096,84213760,2121908224
2026-06-23T18:41:56.347096,17006837760,16274800640,732037120,4.3,14208876544,1110507520,1463812096,84213760,2121908224
2026-06-23T18:41:57.347534,17006837760,16274407424,732430336,4.3,14208483328,1110507520,1463812096,84230144,2121908224
2026-06-23T18:41:58.347994,17006837760,16276324352,730513408,4.3,14210400256,1110507520,1463812096,84230144,2121908224
2026-06-23T18:41:59.350080,17006837760,16277585920,729251840,4.3,14211661824,1110507520,1463812096,84230144,2121908224
2026-06-23T18:42:00.350426,17006837760,16275030016,731807744,4.3,14209105920,1110507520,1463812096,84230144,2122022912
2026-06-23T18:42:01.350800,17006837760,16275914752,730923008,4.3,14209630208,1110654976,1464172544,84230144,2122153984
2026-06-23T18:42:02.351097,17006837760,16275832832,731004928,4.3,14209548288,1110654976,1464172544,84230144,2122399744
2026-06-23T18:42:03.351553,17006837760,16275128320,731709440,4.3,14208843776,1110654976,1464172544,84230144,2122514432
2026-06-23T18:42:04.351942,17006837760,16275537920,731299840,4.3,14208466944,1110884352,1464958976,84230144,2122743808
2026-06-23T18:42:05.352321,17006837760,16275537920,731299840,4.3,14208466944,1110884352,1464958976,84230144,2122858496
2026-06-23T18:42:06.352760,17006837760,16276586496,730251264,4.3,14209515520,1110884352,1464958976,84230144,2122973184
2026-06-23T18:42:07.353152,17006837760,16277012480,729825280,4.3,14209564672,1111031808,1465319424,84262912,2123120640
2026-06-23T18:42:08.353483,17006837760,16277651456,729186304,4.3,14210203648,1111031808,1465319424,84262912,2123120640
2026-06-23T18:42:09.353773,17006837760,16277995520,728842240,4.3,14210547712,1111031808,1465319424,84262912,2123120640
2026-06-23T18:42:10.354072,17006837760,16269639680,737198080,4.3,14202191872,1111031808,1465319424,84262912,2123251712
2026-06-23T18:42:11.354362,17006837760,16268591104,738246656,4.3,14200750080,1111146496,1465712640,84262912,2123382784
2026-06-23T18:42:12.354697,17006837760,16269639680,737198080,4.3,14201798656,1111146496,1465712640,84279296,2123497472
2026-06-23T18:42:13.355046,17006837760,16270540800,736296960,4.3,14202699776,1111146496,1465712640,84279296,2123612160
2026-06-23T18:42:14.355400,17006837760,16272605184,734232576,4.3,14204403712,1111293952,1466073088,84279296,2123726848
2026-06-23T18:42:15.355745,17006837760,16270540800,736296960,4.3,14202339328,1111293952,1466073088,84279296,2123726848
2026-06-23T18:42:16.356113,17006837760,16272326656,734511104,4.3,14204125184,1111293952,1466073088,84279296,2123841536
2026-06-23T18:42:17.356486,17006837760,16272539648,734298112,4.3,14204338176,1111293952,1466073088,84279296,2123956224
2026-06-23T18:42:18.356845,17006837760,16271556608,735281152,4.3,14203355136,1111293952,1466073088,84279296,2124054528
2026-06-23T18:42:19.357234,17006837760,16270622720,736215040,4.3,14202028032,1111408640,1466466304,84279296,2124169216
2026-06-23T18:42:20.357704,17006837760,16272211968,734625792,4.3,14203617280,1111408640,1466466304,84279296,2124169216
2026-06-23T18:42:21.358167,17006837760,16272703488,734134272,4.3,14204108800,1111408640,1466466304,84279296,2124185600
2026-06-23T18:42:22.358506,17006837760,16268034048,738803712,4.3,14199439360,1111408640,1466466304,84295680,2124185600
2026-06-23T18:42:23.359279,17006837760,16269918208,736919552,4.3,14201323520,1111408640,1466466304,84295680,2124185600
2026-06-23T18:42:24.359683,17006837760,16272687104,734150656,4.3,14204092416,1111408640,1466466304,84295680,2124185600
2026-06-23T18:42:25.362356,17006837760,16272654336,734183424,4.3,14204059648,1111408640,1466466304,84295680,2124300288
2026-06-23T18:42:26.362624,17006837760,16274243584,732594176,4.3,14205648896,1111408640,1466466304,84295680,2124414976
2026-06-23T18:42:27.362911,17006837760,16274489344,732348416,4.3,14205894656,1111408640,1466466304,84312064,2124529664
2026-06-23T18:42:28.363205,17006837760,16275062784,731774976,4.3,14206091264,1111539712,1466843136,84312064,2124660736
2026-06-23T18:42:29.363535,17006837760,16272015360,734822400,4.3,14203043840,1111539712,1466843136,84312064,2124890112
2026-06-23T18:42:30.363853,17006837760,16267411456,739426304,4.3,14198439936,1111539712,1466843136,84312064,2125037568
2026-06-23T18:42:31.364153,17006837760,16267296768,739540992,4.3,14197964800,1111687168,1467203584,84312064,2125152256
2026-06-23T18:42:32.364457,17006837760,16270409728,736428032,4.3,14201077760,1111687168,1467203584,84328448,2125152256
2026-06-23T18:42:33.364736,17006837760,16271081472,735756288,4.3,14201749504,1111687168,1467203584,84328448,2125283328
2026-06-23T18:42:34.365038,17006837760,16269344768,737492992,4.3,14199554048,1111736320,1467662336,84328448,2125398016
2026-06-23T18:42:35.365820,17006837760,16269737984,737099776,4.3,14199783424,1111769088,1467826176,84328448,2125398016
2026-06-23T18:42:36.368021,17006837760,16270622720,736215040,4.3,14200668160,1111769088,1467826176,84328448,2125398016
2026-06-23T18:42:37.368494,17006837760,16270229504,736608256,4.3,14199898112,1111900160,1468203008,84344832,2125512704
2026-06-23T18:42:38.369168,17006837760,16269983744,736854016,4.3,14199652352,1111900160,1468203008,84344832,2125512704
2026-06-23T18:42:39.370543,17006837760,16270229504,736608256,4.3,14199898112,1111900160,1468203008,84344832,2125512704
2026-06-23T18:42:40.371216,17006837760,16270589952,736247808,4.3,14200225792,1111916544,1468235776,84344832,2125529088
2026-06-23T18:42:41.372847,17006837760,16269754368,737083392,4.3,14199390208,1111916544,1468235776,84344832,2125529088
2026-06-23T18:42:42.373575,17006837760,16271736832,735100928,4.3,14201372672,1111916544,1468235776,84344832,2125529088
2026-06-23T18:42:43.374752,17006837760,16274178048,732659712,4.3,14203813888,1111916544,1468235776,84361216,2125660160
2026-06-23T18:42:44.379568,17006837760,16274161664,732676096,4.3,14203797504,1111916544,1468235776,84361216,2125660160
2026-06-23T18:42:45.382468,17006837760,16272867328,733970432,4.3,14202503168,1111916544,1468235776,84361216,2125774848
2026-06-23T18:42:46.384824,17006837760,16274620416,732217344,4.3,14204256256,1111916544,1468235776,84361216,2125774848
2026-06-23T18:42:47.385385,17006837760,16274784256,732053504,4.3,14204420096,1111916544,1468235776,84361216,2125774848
2026-06-23T18:42:48.389838,17006837760,16274554880,732282880,4.3,14204190720,1111916544,1468235776,84377600,2125889536
2026-06-23T18:42:49.391224,17006837760,16275947520,730890240,4.3,14205583360,1111916544,1468235776,84377600,2125905920
2026-06-23T18:42:50.392568,17006837760,16273162240,733675520,4.3,14202798080,1111916544,1468235776,84377600,2125905920
2026-06-23T18:42:51.393023,17006837760,16273571840,733265920,4.3,14203207680,1111916544,1468235776,84377600,2125905920
2026-06-23T18:42:52.393271,17006837760,16275357696,731480064,4.3,14204993536,1111916544,1468235776,84377600,2125905920
2026-06-23T18:42:53.393581,17006837760,16276078592,730759168,4.3,14205714432,1111916544,1468235776,84377600,2125905920
2026-06-23T18:42:54.393912,17006837760,16274817024,732020736,4.3,14204305408,1112276992,1468383232,84377600,2125905920
2026-06-23T18:42:55.394250,17006837760,16276602880,730234880,4.3,14206091264,1112276992,1468383232,84377600,2125905920
2026-06-23T18:42:56.394552,17006837760,16276865024,729972736,4.3,14206353408,1112276992,1468383232,84377600,2125905920
2026-06-23T18:42:57.394936,17006837760,16274882560,731955200,4.3,14204370944,1112276992,1468383232,84377600,2126118912
2026-06-23T18:42:58.395284,17006837760,16275030016,731807744,4.3,14204518400,1112276992,1468383232,84393984,2126118912
2026-06-23T18:42:59.395639,17006837760,16273637376,733200384,4.3,14202798080,1112457216,1468710912,84393984,2126217216
2026-06-23T18:43:00.395957,17006837760,16267755520,739082240,4.3,14196916224,1112457216,1468710912,84393984,2126217216
2026-06-23T18:43:01.396311,17006837760,16269230080,737607680,4.3,14198390784,1112457216,1468710912,84393984,2126217216
2026-06-23T18:43:02.396623,17006837760,16269312000,737525760,4.3,14198472704,1112457216,1468710912,84393984,2126348288
2026-06-23T18:43:03.396927,17006837760,16269099008,737738752,4.3,14198259712,1112457216,1468710912,84410368,2126462976
2026-06-23T18:43:04.397266,17006837760,16269279232,737558528,4.3,14198439936,1112457216,1468710912,84410368,2126462976
2026-06-23T18:43:05.397694,17006837760,16270426112,736411648,4.3,14199586816,1112457216,1468710912,84410368,2126577664
2026-06-23T18:43:06.398102,17006837760,16271081472,735756288,4.3,14199996416,1112506368,1468956672,84410368,2126692352
2026-06-23T18:43:07.398587,17006837760,16270671872,736165888,4.3,14199209984,1112653824,1469317120,84410368,2126839808
2026-06-23T18:43:08.398902,17006837760,16272932864,733904896,4.3,14201470976,1112653824,1469317120,84426752,2126954496
2026-06-23T18:43:09.399209,17006837760,16273817600,733020160,4.3,14202355712,1112653824,1469317120,84426752,2127085568
2026-06-23T18:43:10.399574,17006837760,16272965632,733872128,4.3,14201143296,1112801280,1469677568,84426752,2127200256
2026-06-23T18:43:11.399968,17006837760,16274391040,732446720,4.3,14202568704,1112801280,1469677568,84426752,2127200256
2026-06-23T18:43:12.400408,17006837760,16273915904,732921856,4.3,14202093568,1112801280,1469677568,84426752,2127314944
2026-06-23T18:43:13.400884,17006837760,16271376384,735461376,4.3,14199554048,1112801280,1469677568,84443136,2127429632
2026-06-23T18:43:14.401179,17006837760,16270278656,736559104,4.3,14198456320,1112801280,1469677568,84443136,2127544320
2026-06-23T18:43:15.401486,17006837760,16268476416,738361344,4.3,14196654080,1112801280,1469677568,84443136,2127544320
2026-06-23T18:43:16.401787,17006837760,16269180928,737656832,4.3,14196932608,1112883200,1470103552,84443136,2127806464
2026-06-23T18:43:17.402099,17006837760,16271392768,735444992,4.3,14199144448,1112883200,1470103552,84443136,2127921152
2026-06-23T18:43:18.402404,17006837760,16273178624,733659136,4.3,14200930304,1112883200,1470103552,84459520,2127921152
2026-06-23T18:43:19.402767,17006837760,16269983744,736854016,4.3,14197735424,1112883200,1470103552,84459520,2128035840
2026-06-23T18:43:20.403162,17006837760,16266215424,740622336,4.4,14193967104,1112883200,1470103552,84459520,2128150528
2026-06-23T18:43:21.403531,17006837760,16266903552,739934208,4.4,14194655232,1112883200,1470103552,84459520,2128150528
2026-06-23T18:43:22.404034,17006837760,16266838016,739999744,4.4,14194589696,1112883200,1470103552,84459520,2128150528
2026-06-23T18:43:23.404471,17006837760,16268214272,738623488,4.3,14195654656,1113079808,1470414848,84475904,2128265216
2026-06-23T18:43:24.404745,17006837760,16269459456,737378304,4.3,14196899840,1113079808,1470414848,84475904,2128379904
2026-06-23T18:43:25.405026,17006837760,16270426112,736411648,4.3,14197866496,1113079808,1470414848,84475904,2128396288
2026-06-23T18:43:26.405372,17006837760,16269410304,737427456,4.3,14196850688,1113079808,1470414848,84475904,2128510976
2026-06-23T18:43:27.405801,17006837760,16268673024,738164736,4.3,14196113408,1113079808,1470414848,84475904,2128625664
2026-06-23T18:43:28.406166,17006837760,16271212544,735625216,4.3,14198652928,1113079808,1470414848,84475904,2128625664
2026-06-23T18:43:29.406461,17006837760,16273309696,733528064,4.3,14200438784,1113276416,1470726144,84475904,2128740352
2026-06-23T18:43:30.406740,17006837760,16273178624,733659136,4.3,14200307712,1113276416,1470726144,84475904,2128855040
2026-06-23T18:43:31.407004,17006837760,16276160512,730677248,4.3,14202601472,1113505792,1471414272,84475904,2128855040
2026-06-23T18:43:32.407283,17006837760,16275898368,730939392,4.3,14202339328,1113505792,1471414272,84475904,2128986112
2026-06-23T18:43:33.407569,17006837760,16275898368,730939392,4.3,14202339328,1113505792,1471414272,84492288,2128986112
2026-06-23T18:43:34.407885,17006837760,16276537344,730300416,4.3,14202978304,1113505792,1471414272,84492288,2128986112
2026-06-23T18:43:35.408253,17006837760,16276783104,730054656,4.3,14203224064,1113505792,1471414272,84492288,2129002496
2026-06-23T18:43:36.408614,17006837760,16278274048,728563712,4.3,14204715008,1113505792,1471414272,84492288,2129002496
2026-06-23T18:43:37.409047,17006837760,16276242432,730595328,4.3,14202667008,1113522176,1471430656,84492288,2129117184
2026-06-23T18:43:38.409474,17006837760,16275390464,731447296,4.3,14201815040,1113522176,1471430656,84525056,2129117184
2026-06-23T18:43:39.409826,17006837760,16278896640,727941120,4.3,14205321216,1113522176,1471430656,84525056,2129117184
2026-06-23T18:43:40.410188,17006837760,16278962176,727875584,4.3,14205386752,1113522176,1471430656,84525056,2129117184
2026-06-23T18:43:41.410525,17006837760,16277798912,729038848,4.3,14203912192,1113718784,1471741952,84525056,2129231872
2026-06-23T18:43:42.411170,17006837760,16277192704,729645056,4.3,14203305984,1113718784,1471741952,84525056,2129346560
2026-06-23T18:43:43.411680,17006837760,16274079744,732758016,4.3,14200193024,1113718784,1471741952,84541440,2129575936
2026-06-23T18:43:44.412007,17006837760,16270999552,735838208,4.3,14196752384,1113866240,1472102400,84541440,2129592320
2026-06-23T18:43:45.412382,17006837760,16272834560,734003200,4.3,14198587392,1113866240,1472102400,84541440,2129592320
2026-06-23T18:43:46.412722,17006837760,16275865600,730972160,4.3,14201618432,1113866240,1472102400,84541440,2129592320
2026-06-23T18:43:47.413082,17006837760,16272850944,733986816,4.3,14198177792,1113948160,1472528384,84541440,2129821696
2026-06-23T18:43:48.413386,17006837760,16271179776,735657984,4.3,14196506624,1113948160,1472528384,84541440,2129821696
2026-06-23T18:43:49.413719,17006837760,16272654336,734183424,4.3,14197981184,1113948160,1472528384,84541440,2130051072
2026-06-23T18:43:50.414067,17006837760,16275570688,731267072,4.3,14200897536,1113948160,1472528384,84541440,2130051072
2026-06-23T18:43:51.414411,17006837760,16274096128,732741632,4.3,14199422976,1113948160,1472528384,84541440,2130182144
2026-06-23T18:43:52.414741,17006837760,16274210816,732626944,4.3,14199111680,1114030080,1472954368,84541440,2130296832
2026-06-23T18:43:53.415072,17006837760,16273113088,733724672,4.3,14198013952,1114030080,1472954368,84557824,2130411520
2026-06-23T18:43:54.415515,17006837760,16269049856,737787904,4.3,14193950720,1114030080,1472954368,84557824,2130542592
2026-06-23T18:43:55.415889,17006837760,16259809280,747028480,4.4,14184710144,1114030080,1472954368,84557824,2130657280
2026-06-23T18:43:56.416255,17006837760,16256090112,750747648,4.4,14180990976,1114030080,1472954368,84557824,2130771968
2026-06-23T18:43:57.416619,17006837760,16256876544,749961216,4.4,14181777408,1114030080,1472954368,84557824,2130886656
2026-06-23T18:43:58.416953,17006837760,16260268032,746569728,4.4,14185168896,1114030080,1472954368,84574208,2131001344
2026-06-23T18:43:59.417311,17006837760,16259776512,747061248,4.4,14184677376,1114030080,1472954368,84574208,2131116032
2026-06-23T18:44:00.417812,17006837760,16261070848,745766912,4.4,14185971712,1114030080,1472954368,84574208,2131230720
2026-06-23T18:44:01.418265,17006837760,16264249344,742588416,4.4,14188789760,1114177536,1473314816,84574208,2131345408
2026-06-23T18:44:02.418557,17006837760,16265510912,741326848,4.4,14190034944,1114177536,1473314816,84574208,2131509248
2026-06-23T18:44:03.418917,17006837760,16266100736,740737024,4.4,14190624768,1114177536,1473314816,84590592,2131623936
2026-06-23T18:44:04.419279,17006837760,16268705792,738131968,4.3,14192885760,1114341376,1473658880,84590592,2131755008
2026-06-23T18:44:05.419571,17006837760,16268902400,737935360,4.3,14193082368,1114341376,1473658880,84590592,2131869696
2026-06-23T18:44:06.419925,17006837760,16269230080,737607680,4.3,14193016832,1114472448,1474035712,84590592,2132017152
2026-06-23T18:44:07.420261,17006837760,16266952704,739885056,4.4,14190313472,1114570752,1474461696,84590592,2132131840
2026-06-23T18:44:08.420575,17006837760,16268050432,738787328,4.3,14191411200,1114570752,1474461696,84606976,2132246528
2026-06-23T18:44:09.420877,17006837760,16268296192,738541568,4.3,14191656960,1114570752,1474461696,84606976,2132361216
2026-06-23T18:44:10.421166,17006837760,16269754368,737083392,4.3,14193115136,1114570752,1474461696,84606976,2132361216
2026-06-23T18:44:11.421455,17006837760,16270950400,735887360,4.3,14194311168,1114570752,1474461696,84606976,2132361216
2026-06-23T18:44:12.421744,17006837760,16272670720,734167040,4.3,14195556352,1114603520,1474936832,84606976,2132459520
2026-06-23T18:44:13.422082,17006837760,16272900096,733937664,4.3,14195785728,1114603520,1474936832,84623360,2132590592
2026-06-23T18:44:14.422427,17006837760,16268312576,738525184,4.3,14191198208,1114603520,1474936832,84623360,2132836352
2026-06-23T18:44:15.422771,17006837760,16269475840,737361920,4.3,14192361472,1114603520,1474936832,84623360,2132836352
2026-06-23T18:44:16.423127,17006837760,16268165120,738672640,4.3,14191050752,1114603520,1474936832,84623360,2132836352
2026-06-23T18:44:17.423498,17006837760,16270082048,736755712,4.3,14192525312,1114669056,1475379200,84623360,2132951040
2026-06-23T18:44:18.429719,17006837760,16271015936,735821824,4.3,14193459200,1114669056,1475379200,84639744,2132951040
2026-06-23T18:44:19.431053,17006837760,16268673024,738164736,4.3,14191116288,1114669056,1475379200,84639744,2132951040
2026-06-23T18:44:20.431317,17006837760,16269131776,737705984,4.3,14191575040,1114669056,1475379200,84639744,2132951040
2026-06-23T18:44:21.431635,17006837760,16266084352,740753408,4.4,14188527616,1114669056,1475379200,84639744,2133049344
2026-06-23T18:44:22.431917,17006837760,16265625600,741212160,4.4,14188052480,1114669056,1475379200,84639744,2133180416
2026-06-23T18:44:23.432195,17006837760,16265904128,740933632,4.4,14188331008,1114669056,1475379200,84639744,2133278720
2026-06-23T18:44:24.432622,17006837760,16267640832,739196928,4.3,14189608960,1114718208,1475837952,84639744,2133377024
2026-06-23T18:44:25.433255,17006837760,16260939776,745897984,4.4,14182907904,1114718208,1475837952,84639744,2133475328
2026-06-23T18:44:26.434226,17006837760,16262037504,744800256,4.4,14183661568,1114882048,1476182016,84639744,2133573632
2026-06-23T18:44:27.434859,17006837760,16264970240,741867520,4.4,14186594304,1114882048,1476182016,84639744,2133704704
2026-06-23T18:44:28.435379,17006837760,16266936320,739901440,4.4,14188560384,1114882048,1476182016,84656128,2133704704
2026-06-23T18:44:29.437174,17006837760,16267624448,739213312,4.3,14189248512,1114882048,1476182016,84656128,2133819392
2026-06-23T18:44:30.437590,17006837760,16269524992,737312768,4.3,14191149056,1114882048,1476182016,84656128,2133819392
2026-06-23T18:44:31.438829,17006837760,16269475840,737361920,4.3,14191099904,1114882048,1476182016,84656128,2133835776
2026-06-23T18:44:32.440213,17006837760,16256188416,750649344,4.4,14177812480,1114882048,1476182016,84656128,2133835776
2026-06-23T18:44:33.442972,17006837760,16256057344,750780416,4.4,14177681408,1114882048,1476182016,84672512,2133835776
2026-06-23T18:44:34.445418,17006837760,16255549440,751288320,4.4,14177173504,1114882048,1476182016,84672512,2133950464
2026-06-23T18:44:35.449561,17006837760,16257892352,748945408,4.4,14179516416,1114882048,1476182016,84672512,2133950464
2026-06-23T18:44:36.451171,17006837760,16261300224,745537536,4.4,14182924288,1114882048,1476182016,84672512,2133950464
2026-06-23T18:44:37.452603,17006837760,16261742592,745095168,4.4,14183366656,1114882048,1476182016,84672512,2133950464
2026-06-23T18:44:38.455924,17006837760,16261922816,744914944,4.4,14183104512,1115078656,1476624384,84688896,2134196224
2026-06-23T18:44:39.459294,17006837760,16264134656,742703104,4.4,14185316352,1115078656,1476624384,84688896,2134196224
2026-06-23T18:44:40.462804,17006837760,16265068544,741769216,4.4,14185906176,1115242496,1476968448,84688896,2134327296
2026-06-23T18:44:41.465293,17006837760,16265527296,741310464,4.4,14186364928,1115242496,1476968448,84688896,2134458368
2026-06-23T18:44:42.468708,17006837760,16267657216,739180544,4.3,14188494848,1115242496,1476968448,84688896,2134458368
2026-06-23T18:44:43.470930,17006837760,16265674752,741163008,4.4,14186512384,1115242496,1476968448,84705280,2134458368
2026-06-23T18:44:44.473886,17006837760,16266313728,740524032,4.4,14187151360,1115242496,1476968448,84705280,2134556672
2026-06-23T18:44:45.477030,17006837760,16265560064,741277696,4.4,14186381312,1115242496,1476968448,84705280,2134671360
2026-06-23T18:44:46.477777,17006837760,16266625024,740212736,4.4,14187446272,1115242496,1476968448,84705280,2134671360
2026-06-23T18:44:47.478154,17006837760,16267591680,739246080,4.3,14188412928,1115242496,1476968448,84705280,2134671360
2026-06-23T18:44:48.478458,17006837760,16265232384,741605376,4.4,14186053632,1115242496,1476968448,84721664,2134671360
2026-06-23T18:44:49.478702,17006837760,16266674176,740163584,4.4,14187495424,1115242496,1476968448,84721664,2134671360
2026-06-23T18:44:50.479002,17006837760,16267870208,738967552,4.3,14188412928,1115471872,1477246976,84721664,2134818816
2026-06-23T18:44:51.479316,17006837760,16268296192,738541568,4.3,14188838912,1115471872,1477246976,84721664,2134818816
2026-06-23T18:44:52.479620,17006837760,16270688256,736149504,4.3,14191230976,1115471872,1477246976,84721664,2134818816
2026-06-23T18:44:53.479908,17006837760,16272244736,734593024,4.3,14192787456,1115471872,1477246976,84738048,2134818816
2026-06-23T18:44:54.480189,17006837760,16272015360,734822400,4.3,14192558080,1115471872,1477246976,84738048,2134933504
2026-06-23T18:44:55.480495,17006837760,16273801216,733036544,4.3,14193967104,1115602944,1477623808,84738048,2135064576
2026-06-23T18:44:56.480805,17006837760,16274079744,732758016,4.3,14194245632,1115602944,1477623808,84738048,2135293952
2026-06-23T18:44:57.481211,17006837760,16274325504,732512256,4.3,14194278400,1115897856,1477836800,84738048,2135293952
2026-06-23T18:44:58.481603,17006837760,16267411456,739426304,4.3,14187364352,1115897856,1477836800,84738048,2135408640
2026-06-23T18:44:59.481943,17006837760,16268361728,738476032,4.3,14187855872,1115947008,1478295552,84738048,2135539712
2026-06-23T18:45:00.482253,17006837760,16269590528,737247232,4.3,14189084672,1115947008,1478295552,84738048,2135539712
2026-06-23T18:45:01.482542,17006837760,16272080896,734756864,4.3,14191575040,1115947008,1478295552,84738048,2135539712
2026-06-23T18:45:02.482844,17006837760,16271785984,735051776,4.3,14191280128,1115947008,1478295552,84738048,2135539712
2026-06-23T18:45:03.483146,17006837760,16274456576,732381184,4.3,14193950720,1115947008,1478295552,84754432,2135539712
2026-06-23T18:45:04.483472,17006837760,16273539072,733298688,4.3,14193033216,1115947008,1478295552,84754432,2135769088
2026-06-23T18:45:05.483850,17006837760,16274456576,732381184,4.3,14193950720,1115947008,1478295552,84754432,2135769088
2026-06-23T18:45:06.484242,17006837760,16277815296,729022464,4.3,14197309440,1115947008,1478295552,84754432,2135769088
2026-06-23T18:45:07.485023,17006837760,16275275776,731561984,4.3,14194769920,1115947008,1478295552,84754432,2135883776
2026-06-23T18:45:08.485316,17006837760,16272982016,733855744,4.3,14192476160,1115947008,1478295552,84770816,2135883776
2026-06-23T18:45:09.485622,17006837760,16273670144,733167616,4.3,14193033216,1116094464,1478426624,84770816,2136031232
2026-06-23T18:45:10.485894,17006837760,16274161664,732676096,4.3,14193524736,1116094464,1478426624,84770816,2136031232
2026-06-23T18:45:11.490273,17006837760,16270819328,736018432,4.3,14190182400,1116094464,1478426624,84770816,2136047616
2026-06-23T18:45:12.490622,17006837760,16269082624,737755136,4.3,14188445696,1116094464,1478426624,84770816,2136162304
2026-06-23T18:45:13.490905,17006837760,16268345344,738492416,4.3,14187708416,1116094464,1478426624,84787200,2136162304
2026-06-23T18:45:14.491178,17006837760,16268345344,738492416,4.3,14187708416,1116094464,1478426624,84787200,2136162304
2026-06-23T18:45:15.491456,17006837760,16267771904,739065856,4.3,14187134976,1116094464,1478426624,84787200,2136260608
2026-06-23T18:45:16.491742,17006837760,16269869056,736968704,4.3,14189232128,1116094464,1478426624,84787200,2136260608
2026-06-23T18:45:17.492067,17006837760,16271900672,734937088,4.3,14191263744,1116094464,1478426624,84787200,2136260608
2026-06-23T18:45:18.492415,17006837760,16270409728,736428032,4.3,14189772800,1116094464,1478426624,84803584,2136276992
2026-06-23T18:45:19.492762,17006837760,16270704640,736133120,4.3,14189756416,1116291072,1478737920,84803584,2136375296
2026-06-23T18:45:20.493136,17006837760,16271835136,735002624,4.3,14190886912,1116291072,1478737920,84803584,2136375296
2026-06-23T18:45:21.493667,17006837760,16271589376,735248384,4.3,14190641152,1116291072,1478737920,84803584,2136375296
2026-06-23T18:45:22.494192,17006837760,16272703488,734134272,4.3,14191755264,1116291072,1478737920,84803584,2136375296
2026-06-23T18:45:23.494488,17006837760,16272850944,733986816,4.3,14191902720,1116291072,1478737920,84819968,2136375296
2026-06-23T18:45:24.494769,17006837760,16273096704,733741056,4.3,14192148480,1116291072,1478737920,84819968,2136473600
2026-06-23T18:45:25.495059,17006837760,16274276352,732561408,4.3,14193328128,1116291072,1478737920,84819968,2136473600
2026-06-23T18:45:26.495408,17006837760,16271523840,735313920,4.3,14190575616,1116291072,1478737920,84819968,2136473600
2026-06-23T18:45:27.495813,17006837760,16269557760,737280000,4.3,14188609536,1116291072,1478737920,84819968,2136489984
2026-06-23T18:45:28.496259,17006837760,16265986048,740851712,4.4,14184742912,1116504064,1479032832,84836352,2136588288
2026-06-23T18:45:29.496893,17006837760,16266772480,740065280,4.4,14185529344,1116504064,1479032832,84836352,2136588288
2026-06-23T18:45:30.497355,17006837760,16267509760,739328000,4.3,14186266624,1116504064,1479032832,84836352,2136588288
2026-06-23T18:45:31.497665,17006837760,16269770752,737067008,4.3,14188527616,1116504064,1479032832,84836352,2136588288
2026-06-23T18:45:32.497949,17006837760,16268640256,738197504,4.3,14187397120,1116504064,1479032832,84836352,2136686592
2026-06-23T18:45:33.498255,17006837760,16267182080,739655680,4.3,14185611264,1116684288,1479360512,84836352,2136883200
2026-06-23T18:45:34.498577,17006837760,16266985472,739852288,4.4,14185086976,1116864512,1479688192,84836352,2136981504
2026-06-23T18:45:35.498916,17006837760,16267722752,739115008,4.3,14185824256,1116864512,1479688192,84836352,2136981504
2026-06-23T18:45:36.499272,17006837760,16268984320,737853440,4.3,14187085824,1116864512,1479688192,84836352,2136997888
2026-06-23T18:45:37.499704,17006837760,16270065664,736772096,4.3,14188167168,1116864512,1479688192,84836352,2137096192
2026-06-23T18:45:38.500090,17006837760,16266149888,740687872,4.4,14184251392,1116864512,1479688192,84852736,2137096192
2026-06-23T18:45:39.500554,17006837760,16266870784,739966976,4.4,14184972288,1116864512,1479688192,84852736,2137292800
2026-06-23T18:45:40.500888,17006837760,16268165120,738672640,4.3,14185955328,1116930048,1479999488,84852736,2137292800
2026-06-23T18:45:41.501176,17006837760,16268886016,737951744,4.3,14186676224,1116930048,1479999488,84852736,2137292800
2026-06-23T18:45:42.501458,17006837760,16270622720,736215040,4.3,14188412928,1116930048,1479999488,84852736,2137391104
2026-06-23T18:45:43.501742,17006837760,16268574720,738263040,4.3,14186151936,1117224960,1480212480,84869120,2137489408
2026-06-23T18:45:44.502088,17006837760,16268328960,738508800,4.3,14185906176,1117224960,1480212480,84869120,2137587712
2026-06-23T18:45:45.502540,17006837760,16266985472,739852288,4.4,14184448000,1117372416,1480310784,84869120,2137735168
2026-06-23T18:45:46.502912,17006837760,16267296768,739540992,4.3,14184759296,1117372416,1480310784,84869120,2137833472
2026-06-23T18:45:47.503278,17006837760,16269213696,737624064,4.3,14186676224,1117372416,1480310784,84869120,2137931776
2026-06-23T18:45:48.503632,17006837760,16268115968,738721792,4.3,14185578496,1117372416,1480310784,84869120,2138030080
2026-06-23T18:45:49.504005,17006837760,16266854400,739983360,4.4,14184316928,1117372416,1480310784,84869120,2138226688
2026-06-23T18:45:50.504344,17006837760,16266149888,740687872,4.4,14183612416,1117372416,1480310784,84869120,2138324992
2026-06-23T18:45:51.504688,17006837760,16268050432,738787328,4.3,14185512960,1117372416,1480310784,84869120,2138423296
2026-06-23T18:45:52.505040,17006837760,16268115968,738721792,4.3,14185578496,1117372416,1480310784,84869120,2138521600
2026-06-23T18:45:53.505393,17006837760,16267771904,739065856,4.3,14185234432,1117372416,1480310784,84885504,2138521600
2026-06-23T18:45:54.505796,17006837760,16266739712,740098048,4.4,14183825408,1117503488,1480687616,84885504,2138521600
2026-06-23T18:45:55.506200,17006837760,16266428416,740409344,4.4,14183104512,1117601792,1481097216,84885504,2138636288
2026-06-23T18:45:56.506523,17006837760,16264642560,742195200,4.4,14180892672,1117683712,1481523200,84885504,2138832896
2026-06-23T18:45:57.506779,17006837760,16264544256,742293504,4.4,14180794368,1117683712,1481523200,84885504,2138931200
2026-06-23T18:45:58.507067,17006837760,16260841472,745996288,4.4,14176632832,1117765632,1481949184,84901888,2139078656
2026-06-23T18:45:59.507363,17006837760,16261808128,745029632,4.4,14177599488,1117765632,1481949184,84901888,2139078656
2026-06-23T18:46:00.507653,17006837760,16263233536,743604224,4.4,14179024896,1117765632,1481949184,84901888,2139176960
2026-06-23T18:46:01.507991,17006837760,16262676480,744161280,4.4,14178467840,1117765632,1481949184,84901888,2139389952
2026-06-23T18:46:02.508291,17006837760,16258514944,748322816,4.4,14174306304,1117765632,1481949184,84901888,2139389952
2026-06-23T18:46:03.508556,17006837760,16261578752,745259008,4.4,14177370112,1117765632,1481949184,84918272,2139389952
2026-06-23T18:46:04.508815,17006837760,16261169152,745668608,4.4,14176944128,1117765632,1481949184,84918272,2139521024
2026-06-23T18:46:05.509100,17006837760,16257417216,749420544,4.4,14173192192,1117765632,1481949184,84918272,2139635712
2026-06-23T18:46:06.509378,17006837760,16259760128,747077632,4.4,14175535104,1117765632,1481949184,84918272,2139635712
2026-06-23T18:46:07.509715,17006837760,16260743168,746094592,4.4,14176075776,1117831168,1482391552,84918272,2139734016
2026-06-23T18:46:08.510399,17006837760,16261070848,745766912,4.4,14176403456,1117831168,1482391552,84918272,2139734016
2026-06-23T18:46:09.511592,17006837760,16262266880,744570880,4.4,14177599488,1117831168,1482391552,84918272,2139832320
2026-06-23T18:46:10.512022,17006837760,16263741440,743096320,4.4,14179041280,1117863936,1482424320,84918272,2139930624
2026-06-23T18:46:11.512381,17006837760,16263692288,743145472,4.4,14178992128,1117863936,1482424320,84918272,2139930624
2026-06-23T18:46:12.512621,17006837760,16264577024,742260736,4.4,14179876864,1117863936,1482424320,84918272,2139930624
2026-06-23T18:46:13.512941,17006837760,16265117696,741720064,4.4,14180417536,1117863936,1482424320,84934656,2140028928
2026-06-23T18:46:14.514331,17006837760,16264921088,741916672,4.4,14179893248,1118044160,1482752000,84951040,2140143616
2026-06-23T18:46:15.514916,17006837760,16264085504,742752256,4.4,14179057664,1118044160,1482752000,84951040,2140143616
2026-06-23T18:46:16.515866,17006837760,16265887744,740950016,4.4,14180859904,1118044160,1482752000,84951040,2140241920
2026-06-23T18:46:17.516748,17006837760,16264724480,742113280,4.4,14179696640,1118044160,1482752000,84951040,2140340224
2026-06-23T18:46:18.517129,17006837760,16259940352,746897408,4.4,14174912512,1118044160,1482752000,84951040,2140372992
2026-06-23T18:46:19.517493,17006837760,16258351104,748486656,4.4,14173306880,1118044160,1482752000,84967424,2140487680
2026-06-23T18:46:20.517864,17006837760,16260055040,746782720,4.4,14175010816,1118044160,1482752000,84967424,2140585984
2026-06-23T18:46:21.518425,17006837760,16261136384,745701376,4.4,14175780864,1118191616,1483063296,84967424,2140651520
2026-06-23T18:46:22.518972,17006837760,16259645440,747192320,4.4,14173913088,1118322688,1483440128,84967424,2140749824
2026-06-23T18:46:23.519335,17006837760,16262709248,744128512,4.4,14176976896,1118322688,1483440128,84967424,2140946432
2026-06-23T18:46:24.519627,17006837760,16263938048,742899712,4.4,14178205696,1118322688,1483440128,84967424,2140962816
2026-06-23T18:46:25.519920,17006837760,16264839168,741998592,4.4,14179106816,1118322688,1483440128,84967424,2141061120
2026-06-23T18:46:26.520202,17006837760,16264609792,742227968,4.4,14178877440,1118322688,1483440128,84967424,2141257728
2026-06-23T18:46:27.520544,17006837760,16265674752,741163008,4.4,14179549184,1118437376,1483833344,84967424,2141257728
2026-06-23T18:46:28.520938,17006837760,16266330112,740507648,4.4,14180204544,1118437376,1483833344,84967424,2141356032
2026-06-23T18:46:29.521331,17006837760,16268214272,738623488,4.3,14181679104,1118535680,1484242944,84983808,2141454336
2026-06-23T18:46:30.521697,17006837760,16264265728,742572032,4.4,14177730560,1118535680,1484242944,84983808,2141552640
2026-06-23T18:46:31.522096,17006837760,16265396224,741441536,4.4,14178861056,1118535680,1484242944,84983808,2141650944
2026-06-23T18:46:32.522497,17006837760,16266788864,740048896,4.4,14180253696,1118535680,1484242944,84983808,2141749248
2026-06-23T18:46:33.522853,17006837760,16267313152,739524608,4.3,14180761600,1118535680,1484242944,84983808,2141913088
2026-06-23T18:46:34.523119,17006837760,16264527872,742309888,4.4,14177566720,1118633984,1484652544,85000192,2142011392
2026-06-23T18:46:35.523437,17006837760,16265134080,741703680,4.4,14178172928,1118633984,1484652544,85000192,2142142464
2026-06-23T18:46:36.523733,17006837760,16268230656,738607104,4.3,14181269504,1118633984,1484652544,85000192,2142257152
2026-06-23T18:46:37.524028,17006837760,16265625600,741212160,4.4,14178205696,1118699520,1485094912,85000192,2142502912
2026-06-23T18:46:38.524391,17006837760,16263856128,742981632,4.4,14176436224,1118699520,1485094912,85000192,2142617600
2026-06-23T18:46:39.524942,17006837760,16264790016,742047744,4.4,14177370112,1118699520,1485094912,85016576,2142732288
2026-06-23T18:46:40.526302,17006837760,16265035776,741801984,4.4,14177615872,1118699520,1485094912,85016576,2142732288
2026-06-23T18:46:41.526606,17006837760,16265674752,741163008,4.4,14177845248,1118814208,1485504512,85016576,2142863360
2026-06-23T18:46:42.526909,17006837760,16267116544,739721216,4.3,14179287040,1118814208,1485504512,85016576,2143010816
2026-06-23T18:46:43.527193,17006837760,16268345344,738492416,4.3,14180515840,1118814208,1485504512,85016576,2143010816
2026-06-23T18:46:44.527511,17006837760,16264134656,742703104,4.4,14176305152,1118814208,1485504512,85032960,2143125504
2026-06-23T18:46:45.527898,17006837760,16265281536,741556224,4.4,14177452032,1118814208,1485504512,85032960,2143240192
2026-06-23T18:46:46.528225,17006837760,16267804672,739033088,4.3,14179975168,1118814208,1485504512,85032960,2143354880
2026-06-23T18:46:47.528520,17006837760,16268460032,738377728,4.3,14180220928,1118912512,1485914112,85032960,2143354880
2026-06-23T18:46:48.528804,17006837760,16266330112,740507648,4.4,14178091008,1118912512,1485914112,85032960,2143485952
2026-06-23T18:46:49.529101,17006837760,16268115968,738721792,4.3,14179876864,1118912512,1485914112,85049344,2143600640
2026-06-23T18:46:50.529453,17006837760,16267460608,739377152,4.3,14179221504,1118912512,1485914112,85049344,2143715328
2026-06-23T18:46:51.529960,17006837760,16267214848,739622912,4.3,14178975744,1118912512,1485914112,85049344,2143830016
2026-06-23T18:46:52.530299,17006837760,16269066240,737771520,4.3,14180433920,1119027200,1486307328,85049344,2144075776
2026-06-23T18:46:53.530573,17006837760,16269803520,737034240,4.3,14181171200,1119027200,1486307328,85049344,2144075776
2026-06-23T18:46:54.530906,17006837760,16271523840,735313920,4.3,14182891520,1119027200,1486307328,85065728,2144075776
2026-06-23T18:46:55.531279,17006837760,16271376384,735461376,4.3,14182744064,1119027200,1486307328,85065728,2144190464
2026-06-23T18:46:56.531605,17006837760,16271015936,735821824,4.3,14182367232,1119076352,1486307328,85065728,2144321536
2026-06-23T18:46:57.531910,17006837760,16270147584,736690176,4.3,14181138432,1119223808,1486667776,85065728,2144321536
2026-06-23T18:46:58.532208,17006837760,16265953280,740884480,4.4,14176944128,1119223808,1486667776,85065728,2144436224
2026-06-23T18:46:59.532505,17006837760,16259973120,746864640,4.4,14170963968,1119223808,1486667776,85065728,2144436224
2026-06-23T18:47:00.532815,17006837760,16260120576,746717184,4.4,14170750976,1119371264,1487028224,85065728,2144534528
2026-06-23T18:47:01.533100,17006837760,16262299648,744538112,4.4,14172930048,1119371264,1487028224,85065728,2144649216
2026-06-23T18:47:02.533434,17006837760,16262840320,743997440,4.4,14173470720,1119371264,1487028224,85065728,2144649216
2026-06-23T18:47:03.533789,17006837760,16264282112,742555648,4.4,14174912512,1119371264,1487028224,85065728,2144649216
2026-06-23T18:47:04.534391,17006837760,16266018816,740818944,4.4,14176649216,1119371264,1487028224,85065728,2144649216
2026-06-23T18:47:05.534871,17006837760,16267640832,739196928,4.3,14177976320,1119584256,1487323136,85082112,2144747520
2026-06-23T18:47:06.535159,17006837760,16265101312,741736448,4.4,14175436800,1119584256,1487323136,85082112,2144845824
2026-06-23T18:47:07.535452,17006837760,16264724480,742113280,4.4,14175059968,1119584256,1487323136,85082112,2144845824
2026-06-23T18:47:08.535787,17006837760,16265543680,741294080,4.4,14175485952,1119698944,1487716352,85082112,2144845824
2026-06-23T18:47:09.536115,17006837760,16267345920,739491840,4.3,14177288192,1119698944,1487716352,85082112,2144944128
2026-06-23T18:47:10.536421,17006837760,16268771328,738066432,4.3,14178713600,1119698944,1487716352,85098496,2144960512
2026-06-23T18:47:11.536723,17006837760,16267821056,739016704,4.3,14177763328,1119698944,1487716352,85098496,2145058816
2026-06-23T18:47:12.537007,17006837760,16268328960,738508800,4.3,14178156544,1120010240,1487831040,85098496,2145157120
2026-06-23T18:47:13.537293,17006837760,16267804672,739033088,4.3,14177632256,1120010240,1487831040,85098496,2145288192
2026-06-23T18:47:14.537572,17006837760,16267935744,738902016,4.3,14177763328,1120010240,1487831040,85098496,2145288192
2026-06-23T18:47:15.537903,17006837760,16268181504,738656256,4.3,14178009088,1120010240,1487831040,85114880,2145288192
2026-06-23T18:47:16.538286,17006837760,16269230080,737607680,4.3,14179057664,1120010240,1487831040,85114880,2145288192
2026-06-23T18:47:17.538666,17006837760,16267837440,739000320,4.3,14177665024,1120010240,1487831040,85114880,2145402880
2026-06-23T18:47:18.539044,17006837760,16268525568,738312192,4.3,14178353152,1120010240,1487831040,85114880,2145402880
2026-06-23T18:47:19.539394,17006837760,16268263424,738574336,4.3,14178091008,1120010240,1487831040,85114880,2145517568
2026-06-23T18:47:20.539683,17006837760,16268607488,738230272,4.3,14178435072,1120010240,1487831040,85131264,2145533952
2026-06-23T18:47:21.539948,17006837760,16269164544,737673216,4.3,14178992128,1120010240,1487831040,85131264,2145550336
2026-06-23T18:47:22.540241,17006837760,16268034048,738803712,4.3,14177861632,1120010240,1487831040,85131264,2145665024
2026-06-23T18:47:23.540536,17006837760,16262414336,744423424,4.4,14172241920,1120010240,1487831040,85131264,2145779712
2026-06-23T18:47:24.540841,17006837760,16264151040,742686720,4.4,14173978624,1120010240,1487831040,85131264,2145894400
2026-06-23T18:47:25.541202,17006837760,16266493952,740343808,4.4,14176321536,1120010240,1487831040,85147648,2146009088
2026-06-23T18:47:26.541571,17006837760,16262971392,743866368,4.4,14172798976,1120010240,1487831040,85147648,2146123776
2026-06-23T18:47:27.541932,17006837760,16261742592,745095168,4.4,14171570176,1120010240,1487831040,85147648,2146123776
2026-06-23T18:47:28.542286,17006837760,16264790016,742047744,4.4,14174617600,1120010240,1487831040,85147648,2146123776
2026-06-23T18:47:29.542624,17006837760,16264970240,741867520,4.4,14174797824,1120010240,1487831040,85147648,2146238464
2026-06-23T18:47:30.543302,17006837760,16259547136,747290624,4.4,14168948736,1120092160,1488257024,85164032,2146369536
2026-06-23T18:47:31.543947,17006837760,16255713280,751124480,4.4,14164705280,1120206848,1488650240,85164032,2146516992
2026-06-23T18:47:32.544245,17006837760,16254140416,752697344,4.4,14162739200,1120239616,1489043456,85164032,2146516992
2026-06-23T18:47:33.544541,17006837760,16256745472,750092288,4.4,14165344256,1120239616,1489043456,85164032,2146516992
2026-06-23T18:47:34.544846,17006837760,16255451136,751386624,4.4,14164049920,1120239616,1489043456,85164032,2146516992
2026-06-23T18:47:35.545213,17006837760,16257105920,749731840,4.4,14165704704,1120239616,1489043456,85164032,2146631680
2026-06-23T18:47:36.545630,17006837760,16259432448,747405312,4.4,14168031232,1120239616,1489043456,85164032,2146631680
2026-06-23T18:47:37.546003,17006837760,16260972544,745865216,4.4,14169161728,1120337920,1489453056,85164032,2146746368
2026-06-23T18:47:38.546396,17006837760,16261808128,745029632,4.4,14169997312,1120337920,1489453056,85164032,2146861056
2026-06-23T18:47:39.546876,17006837760,16263495680,743342080,4.4,14171684864,1120337920,1489453056,85164032,2146877440
2026-06-23T18:47:40.547136,17006837760,16262971392,743866368,4.4,14171160576,1120337920,1489453056,85180416,2146992128
2026-06-23T18:47:41.547421,17006837760,16264282112,742555648,4.4,14171996160,1120387072,1489911808,85180416,2147270656
2026-06-23T18:47:42.547691,17006837760,16265314304,741523456,4.4,14172995584,1120403456,1489944576,85180416,2147270656
2026-06-23T18:47:43.548020,17006837760,16265756672,741081088,4.4,14173437952,1120403456,1489944576,85180416,2147270656
2026-06-23T18:47:44.548319,17006837760,16266264576,740573184,4.4,14173945856,1120403456,1489944576,85180416,2147270656
2026-06-23T18:47:45.548594,17006837760,16267984896,738852864,4.3,14175666176,1120403456,1489944576,85196800,2147385344
2026-06-23T18:47:46.548883,17006837760,16267149312,739688448,4.3,14174830592,1120403456,1489944576,85196800,2147631104
2026-06-23T18:47:47.549177,17006837760,16267509760,739328000,4.3,14175191040,1120403456,1489944576,85196800,2147631104
2026-06-23T18:47:48.549508,17006837760,16269443072,737394688,4.3,14176747520,1120534528,1490321408,85196800,2147647488
2026-06-23T18:47:49.549835,17006837760,16270606336,736231424,4.3,14177910784,1120534528,1490321408,85196800,2147647488
2026-06-23T18:47:50.550138,17006837760,16267214848,739622912,4.3,14174519296,1120534528,1490321408,85196800,2147762176
2026-06-23T18:47:51.550418,17006837760,16267575296,739262464,4.3,14174879744,1120534528,1490321408,85196800,2147876864
2026-06-23T18:47:52.550783,17006837760,16268214272,738623488,4.3,14175125504,1120649216,1490714624,85196800,2148122624
2026-06-23T18:47:53.551291,17006837760,16267624448,739213312,4.3,14174535680,1120649216,1490714624,85196800,2148237312
2026-06-23T18:47:54.552443,17006837760,16268705792,738131968,4.3,14175174656,1120714752,1491156992,85196800,2148466688
2026-06-23T18:47:55.552903,17006837760,16270114816,736722944,4.3,14176583680,1120714752,1491156992,85213184,2148581376
2026-06-23T18:47:56.553773,17006837760,16267902976,738934784,4.3,14174355456,1120714752,1491156992,85213184,2148728832
2026-06-23T18:47:57.555396,17006837760,16265527296,741310464,4.4,14171979776,1120714752,1491156992,85213184,2148843520
2026-06-23T18:47:58.556194,17006837760,16263806976,743030784,4.4,14169800704,1120763904,1491615744,85213184,2149089280
2026-06-23T18:47:59.556751,17006837760,16263806976,743030784,4.4,14169800704,1120763904,1491615744,85213184,2149089280
2026-06-23T18:48:00.559730,17006837760,16265166848,741670912,4.4,14171160576,1120763904,1491615744,85229568,2149072896
2026-06-23T18:48:01.561373,17006837760,16263184384,743653376,4.4,14169178112,1120763904,1491615744,85229568,2149335040
2026-06-23T18:48:02.563309,17006837760,16263888896,742948864,4.4,14169882624,1120763904,1491615744,85229568,2149335040
2026-06-23T18:48:03.564157,17006837760,16266526720,740311040,4.4,14172520448,1120763904,1491615744,85229568,2149335040
2026-06-23T18:48:04.565898,17006837760,16265789440,741048320,4.4,14171783168,1120763904,1491615744,85229568,2149449728
2026-06-23T18:48:05.566879,17006837760,16264314880,742522880,4.4,14170308608,1120763904,1491615744,85229568,2149449728
2026-06-23T18:48:06.571554,17006837760,16266985472,739852288,4.4,14172635136,1120927744,1491959808,85245952,2149466112
2026-06-23T18:48:07.572555,17006837760,16266248192,740589568,4.4,14171897856,1120927744,1491959808,85245952,2149498880
2026-06-23T18:48:08.572915,17006837760,16262889472,743948288,4.4,14168014848,1121107968,1492467712,85245952,2149629952
2026-06-23T18:48:09.573353,17006837760,16262070272,744767488,4.4,14167195648,1121107968,1492467712,85245952,2149711872
2026-06-23T18:48:10.573746,17006837760,16260595712,746242048,4.4,14165721088,1121107968,1492467712,85245952,2149711872
2026-06-23T18:48:11.574605,17006837760,16254976000,751861760,4.4,14160101376,1121107968,1492467712,85245952,2149711872
2026-06-23T18:48:12.574976,17006837760,16254484480,752353280,4.4,14159609856,1121107968,1492467712,85245952,2149711872
2026-06-23T18:48:13.575338,17006837760,16253452288,753385472,4.4,14158462976,1121157120,1492582400,85245952,2149842944
2026-06-23T18:48:14.575731,17006837760,16255533056,751304704,4.4,14160543744,1121157120,1492582400,85245952,2149957632
2026-06-23T18:48:15.576116,17006837760,16258662400,748175360,4.4,14163673088,1121157120,1492582400,85245952,2150072320
2026-06-23T18:48:16.576493,17006837760,16258924544,747913216,4.4,14163935232,1121157120,1492582400,85278720,2150088704
2026-06-23T18:48:17.576858,17006837760,16258646016,748191744,4.4,14163656704,1121157120,1492582400,85278720,2150203392
2026-06-23T18:48:18.577220,17006837760,16261054464,745783296,4.4,14166065152,1121157120,1492582400,85278720,2150203392
2026-06-23T18:48:19.577573,17006837760,16261955584,744882176,4.4,14166605824,1121304576,1492942848,85278720,2150318080
2026-06-23T18:48:20.577933,17006837760,16261840896,744996864,4.4,14166491136,1121304576,1492942848,85278720,2150318080
2026-06-23T18:48:21.578304,17006837760,16262774784,744062976,4.4,14167425024,1121304576,1492942848,85295104,2150432768
2026-06-23T18:48:22.578664,17006837760,16264691712,742146048,4.4,14169341952,1121304576,1492942848,85295104,2150432768
2026-06-23T18:48:23.579091,17006837760,16261545984,745291776,4.4,14165770240,1121386496,1493368832,85295104,2150563840
2026-06-23T18:48:24.579513,17006837760,16261660672,745177088,4.4,14165884928,1121386496,1493368832,85295104,2150678528
2026-06-23T18:48:25.580088,17006837760,16261906432,744931328,4.4,14166130688,1121386496,1493368832,85295104,2150793216
2026-06-23T18:48:26.580693,17006837760,16263577600,743260160,4.4,14167408640,1121501184,1493762048,85295104,2150924288
2026-06-23T18:48:27.581050,17006837760,16264298496,742539264,4.4,14168129536,1121501184,1493762048,85295104,2150924288
2026-06-23T18:48:28.581413,17006837760,16264839168,741998592,4.4,14168670208,1121501184,1493762048,85295104,2150924288
2026-06-23T18:48:29.581704,17006837760,16266166272,740671488,4.4,14169997312,1121501184,1493762048,85295104,2151153664
2026-06-23T18:48:30.582271,17006837760,16265789440,741048320,4.4,14169620480,1121501184,1493762048,85295104,2151153664
2026-06-23T18:48:31.582701,17006837760,16267001856,739835904,4.4,14170832896,1121501184,1493762048,85311488,2151268352
2026-06-23T18:48:32.583048,17006837760,16267526144,739311616,4.3,14171357184,1121501184,1493762048,85311488,2151268352
2026-06-23T18:48:33.583335,17006837760,16265592832,741244928,4.4,14169423872,1121501184,1493762048,85311488,2151399424
2026-06-23T18:48:34.583619,17006837760,16265871360,740966400,4.4,14169374720,1121697792,1494073344,85311488,2151530496
2026-06-23T18:48:35.583956,17006837760,16267509760,739328000,4.3,14171013120,1121697792,1494073344,85311488,2151546880
2026-06-23T18:48:36.584405,17006837760,16268394496,738443264,4.3,14171897856,1121697792,1494073344,85327872,2151661568
2026-06-23T18:48:37.584861,17006837760,16259743744,747094016,4.4,14163247104,1121697792,1494073344,85327872,2151792640
2026-06-23T18:48:38.585288,17006837760,16257449984,749387776,4.4,14160953344,1121697792,1494073344,85327872,2151792640
2026-06-23T18:48:39.585680,17006837760,16256991232,749846528,4.4,14160084992,1121796096,1494482944,85327872,2152022016
2026-06-23T18:48:40.586002,17006837760,16258580480,748257280,4.4,14161674240,1121796096,1494482944,85327872,2152022016
2026-06-23T18:48:41.586276,17006837760,16258891776,747945984,4.4,14161985536,1121796096,1494482944,85344256,2152022016
2026-06-23T18:48:42.586589,17006837760,16253648896,753188864,4.4,14156742656,1121796096,1494482944,85344256,2152153088
2026-06-23T18:48:43.586928,17006837760,16255467520,751370240,4.4,14158561280,1121796096,1494482944,85344256,2152153088
2026-06-23T18:48:44.587278,17006837760,16254304256,752533504,4.4,14157103104,1121878016,1494777856,85344256,2152284160
2026-06-23T18:48:45.587814,17006837760,16252649472,754188288,4.4,14155448320,1121878016,1494777856,85344256,2152398848
2026-06-23T18:48:46.588179,17006837760,16253583360,753254400,4.4,14156005376,1122009088,1495154688,85360640,2152628224
2026-06-23T18:48:47.588452,17006837760,16254566400,752271360,4.4,14156988416,1122009088,1495154688,85360640,2152742912
2026-06-23T18:48:48.588733,17006837760,16256958464,749879296,4.4,14159380480,1122009088,1495154688,85360640,2152742912
2026-06-23T18:48:49.589019,17006837760,16261005312,745832448,4.4,14163427328,1122009088,1495154688,85360640,2152742912
2026-06-23T18:48:50.589360,17006837760,16261021696,745816064,4.4,14163443712,1122009088,1495154688,85360640,2152742912
2026-06-23T18:48:51.589706,17006837760,16262250496,744587264,4.4,14164672512,1122009088,1495154688,85377024,2152972288
2026-06-23T18:48:52.590049,17006837760,16261513216,745324544,4.4,14163935232,1122009088,1495154688,85377024,2152972288
2026-06-23T18:48:53.593015,17006837760,16258236416,748601344,4.4,14160281600,1122140160,1495531520,85377024,2153103360
2026-06-23T18:48:54.593387,17006837760,16245014528,761823232,4.5,14147059712,1122140160,1495531520,85377024,2153103360
2026-06-23T18:48:55.593687,17006837760,16247406592,759431168,4.5,14149451776,1122140160,1495531520,85377024,2153103360
2026-06-23T18:48:56.593970,17006837760,16249126912,757710848,4.5,14150877184,1122353152,1495826432,85393408,2153234432
2026-06-23T18:48:57.594273,17006837760,16251109376,755728384,4.4,14152548352,1122549760,1496137728,85393408,2153349120
2026-06-23T18:48:58.594610,17006837760,16254320640,752517120,4.4,14155759616,1122549760,1496137728,85393408,2153349120
2026-06-23T18:48:59.595012,17006837760,16258039808,748797952,4.4,14159478784,1122549760,1496137728,85393408,2153349120
2026-06-23T18:49:00.595452,17006837760,16261120000,745717760,4.4,14162558976,1122549760,1496137728,85393408,2153349120
2026-06-23T18:49:01.595815,17006837760,16256516096,750321664,4.4,14157955072,1122549760,1496137728,85409792,2153480192
2026-06-23T18:49:02.596195,17006837760,16256532480,750305280,4.4,14157971456,1122549760,1496137728,85409792,2153627648
2026-06-23T18:49:03.596659,17006837760,16257286144,749551616,4.4,14158725120,1122549760,1496137728,85409792,2153742336
2026-06-23T18:49:04.597122,17006837760,16258777088,748060672,4.4,14160216064,1122549760,1496137728,85409792,2153857024
2026-06-23T18:49:05.597405,17006837760,16260136960,746700800,4.4,14161575936,1122549760,1496137728,85409792,2153857024
2026-06-23T18:49:06.597690,17006837760,16261054464,745783296,4.4,14162067456,1122631680,1496563712,85409792,2153988096
2026-06-23T18:49:07.598038,17006837760,16261808128,745029632,4.4,14162821120,1122631680,1496563712,85409792,2154102784
2026-06-23T18:49:08.598367,17006837760,16261775360,745062400,4.4,14162788352,1122631680,1496563712,85409792,2154102784
2026-06-23T18:49:09.598726,17006837760,16261545984,745291776,4.4,14162558976,1122631680,1496563712,85409792,2154102784
2026-06-23T18:49:10.599069,17006837760,16259825664,747012096,4.4,14160838656,1122631680,1496563712,85409792,2154233856
2026-06-23T18:49:11.599412,17006837760,16257581056,749256704,4.4,14158151680,1122697216,1497006080,85426176,2154250240
2026-06-23T18:49:12.599769,17006837760,16258793472,748044288,4.4,14159364096,1122697216,1497006080,85426176,2154250240
2026-06-23T18:49:13.600181,17006837760,16260759552,746078208,4.4,14161330176,1122697216,1497006080,85426176,2154250240
2026-06-23T18:49:14.600566,17006837760,16262889472,743948288,4.4,14163460096,1122697216,1497006080,85426176,2154250240
2026-06-23T18:49:15.600990,17006837760,16263462912,743374848,4.4,14163804160,1122779136,1497235456,85426176,2154250240
2026-06-23T18:49:16.601463,17006837760,16264724480,742113280,4.4,14165065728,1122779136,1497235456,85442560,2154479616
2026-06-23T18:49:17.601912,17006837760,16265428992,741408768,4.4,14165770240,1122779136,1497235456,85442560,2154479616
2026-06-23T18:49:18.606252,17006837760,16263938048,742899712,4.4,14164279296,1122779136,1497235456,85442560,2154479616
2026-06-23T18:49:19.606680,17006837760,16261480448,745357312,4.4,14161821696,1122779136,1497235456,85442560,2154594304
2026-06-23T18:49:20.606963,17006837760,16261742592,745095168,4.4,14161854464,1122877440,1497464832,85442560,2154594304
2026-06-23T18:49:21.607263,17006837760,16261742592,745095168,4.4,14161854464,1122877440,1497464832,85442560,2154856448
2026-06-23T18:49:22.607557,17006837760,16263217152,743620608,4.4,14163329024,1122877440,1497464832,85442560,2154971136
2026-06-23T18:49:23.607888,17006837760,16263954432,742883328,4.4,14164066304,1122877440,1497464832,85442560,2154971136
2026-06-23T18:49:24.608240,17006837760,16264871936,741965824,4.4,14164721664,1123123200,1497726976,85442560,2155085824
2026-06-23T18:49:25.608610,17006837760,16266412032,740425728,4.4,14166261760,1123123200,1497726976,85442560,2155085824
2026-06-23T18:49:26.608988,17006837760,16266395648,740442112,4.4,14165835776,1123221504,1498136576,85458944,2155200512
2026-06-23T18:49:27.609401,17006837760,16266395648,740442112,4.4,14165835776,1123221504,1498136576,85458944,2155200512
2026-06-23T18:49:28.609695,17006837760,16264790016,742047744,4.4,14164230144,1123221504,1498136576,85458944,2155200512
2026-06-23T18:49:29.610001,17006837760,16263708672,743129088,4.4,14163148800,1123221504,1498136576,85458944,2155315200
2026-06-23T18:49:30.610294,17006837760,16264511488,742326272,4.4,14163951616,1123221504,1498136576,85458944,2155429888
2026-06-23T18:49:31.610620,17006837760,16264347648,742490112,4.4,14163378176,1123319808,1498546176,85475328,2155560960
2026-06-23T18:49:32.610982,17006837760,16259252224,747585536,4.4,14158282752,1123319808,1498546176,85475328,2155675648
2026-06-23T18:49:33.611405,17006837760,16258613248,748224512,4.4,14157643776,1123319808,1498546176,85475328,2155790336
2026-06-23T18:49:34.611741,17006837760,16253583360,753254400,4.4,14152613888,1123319808,1498546176,85475328,2155905024
2026-06-23T18:49:35.612016,17006837760,16254238720,752599040,4.4,14153269248,1123319808,1498546176,85475328,2156036096
2026-06-23T18:49:36.612319,17006837760,16255631360,751206400,4.4,14154661888,1123319808,1498546176,85491712,2156150784
2026-06-23T18:49:37.612601,17006837760,16256925696,749912064,4.4,14155563008,1123434496,1498939392,85491712,2156150784
2026-06-23T18:49:38.612954,17006837760,16255172608,751665152,4.4,14153809920,1123434496,1498939392,85491712,2156150784
2026-06-23T18:49:39.613273,17006837760,16257269760,749568000,4.4,14155907072,1123434496,1498939392,85491712,2156150784
2026-06-23T18:49:40.613536,17006837760,16256434176,750403584,4.4,14155071488,1123434496,1498939392,85491712,2156167168
2026-06-23T18:49:41.613824,17006837760,16257040384,749797376,4.4,14155677696,1123434496,1498939392,85491712,2156167168
2026-06-23T18:49:42.614231,17006837760,16258023424,748814336,4.4,14156660736,1123434496,1498939392,85491712,2156199936
2026-06-23T18:49:43.614615,17006837760,16258727936,748109824,4.4,14157119488,1123696640,1499185152,85491712,2156314624
2026-06-23T18:49:44.615294,17006837760,16259645440,747192320,4.4,14158036992,1123696640,1499185152,85491712,2156511232
2026-06-23T18:49:45.618545,17006837760,16260382720,746455040,4.4,14158135296,1123909632,1499824128,85491712,2156740608
2026-06-23T18:49:46.619046,17006837760,16260022272,746815488,4.4,14157774848,1123909632,1499824128,85524480,2156855296
2026-06-23T18:49:47.620820,17006837760,16259104768,747732992,4.4,14156857344,1123909632,1499824128,85524480,2156986368
2026-06-23T18:49:48.621451,17006837760,16262594560,744243200,4.4,14160347136,1123909632,1499824128,85524480,2157101056
2026-06-23T18:49:49.621893,17006837760,16263626752,743211008,4.4,14160986112,1124024320,1500217344,85524480,2157232128
2026-06-23T18:49:50.622383,17006837760,16262889472,743948288,4.4,14160248832,1124024320,1500217344,85524480,2157346816
2026-06-23T18:49:51.628316,17006837760,16264970240,741867520,4.4,14162313216,1124024320,1500217344,85540864,2157494272
2026-06-23T18:49:52.628771,17006837760,16265019392,741818368,4.4,14162362368,1124024320,1500217344,85540864,2157494272
2026-06-23T18:49:53.630648,17006837760,16262201344,744636416,4.4,14159167488,1124155392,1500594176,85540864,2157608960
2026-06-23T18:49:54.633228,17006837760,16257040384,749797376,4.4,14154006528,1124155392,1500594176,85540864,2157723648
2026-06-23T18:49:55.634117,17006837760,16259366912,747470848,4.4,14156218368,1124171776,1500708864,85540864,2157723648
2026-06-23T18:49:56.635087,17006837760,16259727360,747110400,4.4,14156578816,1124171776,1500708864,85540864,2157838336
2026-06-23T18:49:57.636229,17006837760,16259317760,747520000,4.4,14156169216,1124171776,1500708864,85540864,2157953024
2026-06-23T18:49:58.639595,17006837760,16261611520,745226240,4.4,14158462976,1124171776,1500708864,85540864,2157953024
2026-06-23T18:49:59.643687,17006837760,16263135232,743702528,4.4,14159986688,1124171776,1500708864,85540864,2157969408
2026-06-23T18:50:00.645890,17006837760,16264052736,742785024,4.4,14160904192,1124171776,1500708864,85540864,2157969408
2026-06-23T18:50:01.646482,17006837760,16263987200,742850560,4.4,14160838656,1124171776,1500708864,85557248,2157969408
2026-06-23T18:50:02.653455,17006837760,16262201344,744636416,4.4,14159052800,1124171776,1500708864,85557248,2158084096
2026-06-23T18:50:03.655657,17006837760,16261840896,744996864,4.4,14158315520,1124302848,1501085696,85557248,2158198784
2026-06-23T18:50:04.658576,17006837760,16258056192,748781568,4.4,14154530816,1124302848,1501085696,85557248,2158198784
2026-06-23T18:50:05.661243,17006837760,16253075456,753762304,4.4,14149550080,1124302848,1501085696,85557248,2158297088
2026-06-23T18:50:06.661620,17006837760,16252698624,754139136,4.4,14149173248,1124302848,1501085696,85573632,2158329856
2026-06-23T18:50:07.661950,17006837760,16251502592,755335168,4.4,14147977216,1124302848,1501085696,85573632,2158493696
2026-06-23T18:50:08.663847,17006837760,16249225216,757612544,4.5,14145306624,1124433920,1501462528,85573632,2158641152
2026-06-23T18:50:09.664432,17006837760,16249651200,757186560,4.5,14145732608,1124433920,1501462528,85573632,2158739456
2026-06-23T18:50:10.664937,17006837760,16252665856,754171904,4.4,14148370432,1124581376,1501822976,85573632,2158870528
2026-06-23T18:50:11.665224,17006837760,16252190720,754647040,4.4,14147895296,1124581376,1501822976,85590016,2158985216
2026-06-23T18:50:12.665581,17006837760,16254976000,751861760,4.4,14150680576,1124581376,1501822976,85590016,2158985216
2026-06-23T18:50:13.665886,17006837760,16257777664,749060096,4.4,14153482240,1124581376,1501822976,85590016,2158985216
2026-06-23T18:50:14.666147,17006837760,16257204224,749633536,4.4,14152908800,1124581376,1501822976,85590016,2159099904
2026-06-23T18:50:15.666448,17006837760,16258170880,748666880,4.4,14153875456,1124581376,1501822976,85590016,2159230976
2026-06-23T18:50:16.666747,17006837760,16260284416,746553344,4.4,14155874304,1124597760,1501937664,85606400,2159230976
2026-06-23T18:50:17.667051,17006837760,16261218304,745619456,4.4,14156808192,1124597760,1501937664,85606400,2159362048
2026-06-23T18:50:18.667415,17006837760,16261595136,745242624,4.4,14157185024,1124597760,1501937664,85606400,2159476736
2026-06-23T18:50:19.667787,17006837760,16262840320,743997440,4.4,14158430208,1124597760,1501937664,85606400,2159476736
2026-06-23T18:50:20.668185,17006837760,16261365760,745472000,4.4,14156955648,1124597760,1501937664,85606400,2159476736
2026-06-23T18:50:21.668511,17006837760,16256614400,750223360,4.4,14151548928,1124958208,1502593024,85622784,2159706112
2026-06-23T18:50:22.668813,17006837760,16255926272,750911488,4.4,14150860800,1124958208,1502593024,85622784,2159706112
2026-06-23T18:50:23.669214,17006837760,16251863040,754974720,4.4,14146797568,1124958208,1502593024,85622784,2159820800
2026-06-23T18:50:24.669579,17006837760,16251863040,754974720,4.4,14146797568,1124958208,1502593024,85622784,2159935488
2026-06-23T18:50:25.669872,17006837760,16254877696,751960064,4.4,14149812224,1124958208,1502593024,85622784,2160082944
2026-06-23T18:50:26.670208,17006837760,16254582784,752254976,4.4,14149124096,1125072896,1502986240,85639168,2160197632
2026-06-23T18:50:27.670565,17006837760,16254615552,752222208,4.4,14149156864,1125072896,1502986240,85639168,2160197632
2026-06-23T18:50:28.670895,17006837760,16254238720,752599040,4.4,14148780032,1125072896,1502986240,85639168,2160312320
2026-06-23T18:50:29.671307,17006837760,16255680512,751157248,4.4,14149877760,1125236736,1503330304,85639168,2160541696
2026-06-23T18:50:30.671599,17006837760,16254795776,752041984,4.4,14148993024,1125236736,1503330304,85639168,2160656384
2026-06-23T18:50:31.671880,17006837760,16255746048,751091712,4.4,14149943296,1125236736,1503330304,85639168,2160771072
2026-06-23T18:50:32.672164,17006837760,16250912768,755924992,4.4,14145110016,1125236736,1503330304,85639168,2160885760
2026-06-23T18:50:33.672447,17006837760,16249618432,757219328,4.5,14143815680,1125236736,1503330304,85639168,2161131520
2026-06-23T18:50:34.672858,17006837760,16252043264,754794496,4.4,14146240512,1125236736,1503330304,85639168,2161131520
2026-06-23T18:50:35.673445,17006837760,16255074304,751763456,4.4,14149271552,1125236736,1503330304,85639168,2161147904
2026-06-23T18:50:36.673983,17006837760,16256565248,750272512,4.4,14150434816,1125416960,1503657984,85655552,2161377280
2026-06-23T18:50:37.674280,17006837760,16258088960,748748800,4.4,14151958528,1125416960,1503657984,85655552,2161377280
2026-06-23T18:50:38.674642,17006837760,16259170304,747667456,4.4,14153039872,1125416960,1503657984,85655552,2161377280
2026-06-23T18:50:39.674925,17006837760,16259186688,747651072,4.4,14153039872,1125416960,1503657984,85655552,2161508352
2026-06-23T18:50:40.675311,17006837760,16257941504,748896256,4.4,14151794688,1125416960,1503657984,85655552,2161508352
2026-06-23T18:50:41.675658,17006837760,16255205376,751632384,4.4,14148632576,1125498880,1504083968,85671936,2161606656
2026-06-23T18:50:42.676034,17006837760,16249552896,757284864,4.5,14142980096,1125498880,1504083968,85671936,2161606656
2026-06-23T18:50:43.677530,17006837760,16250224640,756613120,4.4,14142963712,1125826560,1504772096,85671936,2161606656
2026-06-23T18:50:44.677918,17006837760,16251535360,755302400,4.4,14144274432,1125826560,1504772096,85671936,2161721344
2026-06-23T18:50:45.678237,17006837760,16253550592,753287168,4.4,14146289664,1125826560,1504772096,85671936,2161721344
2026-06-23T18:50:46.678530,17006837760,16250650624,756187136,4.4,14143389696,1125826560,1504772096,85688320,2161819648
2026-06-23T18:50:47.678819,17006837760,16251109376,755728384,4.4,14143569920,1125957632,1505034240,85688320,2161934336
2026-06-23T18:50:48.679169,17006837760,16253485056,753352704,4.4,14145945600,1125957632,1505034240,85688320,2161934336
2026-06-23T18:50:49.679560,17006837760,16254779392,752058368,4.4,14147239936,1125957632,1505034240,85688320,2161934336
2026-06-23T18:50:50.679881,17006837760,16253386752,753451008,4.4,14145847296,1125957632,1505034240,85688320,2162032640
2026-06-23T18:50:51.680290,17006837760,16253337600,753500160,4.4,14145798144,1125957632,1505034240,85688320,2162032640
2026-06-23T18:50:52.689936,17006837760,16251748352,755089408,4.4,14144208896,1125957632,1505034240,85704704,2162032640
2026-06-23T18:50:53.690245,17006837760,16251895808,754941952,4.4,14144356352,1125957632,1505034240,85704704,2162147328
2026-06-23T18:50:54.690534,17006837760,16254255104,752582656,4.4,14146715648,1125957632,1505034240,85704704,2162147328
2026-06-23T18:50:55.690837,17006837760,16256139264,750698496,4.4,14148599808,1125957632,1505034240,85704704,2162245632
2026-06-23T18:50:56.691182,17006837760,16254926848,751910912,4.4,14147387392,1125957632,1505034240,85704704,2162343936
2026-06-23T18:50:57.691549,17006837760,16255074304,751763456,4.4,14147223552,1126154240,1505345536,85721088,2162442240
2026-06-23T18:50:58.691926,17006837760,16248455168,758382592,4.5,14140604416,1126154240,1505345536,85721088,2162540544
2026-06-23T18:50:59.692316,17006837760,16247209984,759627776,4.5,14139359232,1126154240,1505345536,85721088,2162638848
2026-06-23T18:51:00.692802,17006837760,16248438784,758398976,4.5,14140588032,1126154240,1505345536,85721088,2162835456
2026-06-23T18:51:01.693083,17006837760,16251273216,755564544,4.4,14143045632,1126285312,1505722368,85721088,2162933760
2026-06-23T18:51:02.693354,17006837760,16252682240,754155520,4.4,14144012288,1126367232,1506148352,85737472,2163179520
2026-06-23T18:51:03.693619,17006837760,16255123456,751714304,4.4,14146453504,1126367232,1506148352,85737472,2163392512
2026-06-23T18:51:04.693913,17006837760,16256303104,750534656,4.4,14147633152,1126367232,1506148352,85737472,2163490816
2026-06-23T18:51:05.694269,17006837760,16258121728,748716032,4.4,14149451776,1126367232,1506148352,85737472,2163605504
2026-06-23T18:51:06.694613,17006837760,16258678784,748158976,4.4,14150008832,1126367232,1506148352,85737472,2163605504
2026-06-23T18:51:07.695088,17006837760,16258727936,748109824,4.4,14150057984,1126367232,1506148352,85737472,2163605504
2026-06-23T18:51:08.695407,17006837760,16257990656,748847104,4.4,14149320704,1126367232,1506148352,85737472,2163605504
2026-06-23T18:51:09.695699,17006837760,16258301952,748535808,4.4,14149304320,1126547456,1506476032,85737472,2163703808
2026-06-23T18:51:10.695972,17006837760,16259284992,747552768,4.4,14150287360,1126547456,1506476032,85737472,2163720192
2026-06-23T18:51:11.696282,17006837760,16260071424,746766336,4.4,14151073792,1126547456,1506476032,85737472,2163720192
2026-06-23T18:51:12.696646,17006837760,16259072000,747765760,4.4,14150074368,1126547456,1506476032,85753856,2163720192
2026-06-23T18:51:13.697049,17006837760,16259973120,746864640,4.4,14150975488,1126547456,1506476032,85753856,2163720192
2026-06-23T18:51:14.697583,17006837760,16259514368,747323392,4.4,14150221824,1126760448,1506770944,85753856,2163720192
2026-06-23T18:51:15.699623,17006837760,16258596864,748240896,4.4,14149304320,1126760448,1506770944,85753856,2163720192
2026-06-23T18:51:16.700032,17006837760,16256860160,749977600,4.4,14147567616,1126760448,1506770944,85753856,2163818496
2026-06-23T18:51:17.700478,17006837760,16256647168,750190592,4.4,14147043328,1126957056,1507082240,85770240,2163916800
2026-06-23T18:51:18.700813,17006837760,16258039808,748797952,4.4,14148354048,1126989824,1507164160,85770240,2164031488
2026-06-23T18:51:19.701174,17006837760,16257744896,749092864,4.4,14148059136,1126989824,1507164160,85770240,2164146176
2026-06-23T18:51:20.701532,17006837760,16258973696,747864064,4.4,14149287936,1126989824,1507164160,85770240,2164244480
2026-06-23T18:51:21.701970,17006837760,16261365760,745472000,4.4,14151680000,1126989824,1507164160,85770240,2164244480
2026-06-23T18:51:22.702371,17006837760,16261791744,745046016,4.4,14152105984,1126989824,1507164160,85786624,2164342784
2026-06-23T18:51:23.702698,17006837760,16263544832,743292928,4.4,14153728000,1127137280,1507295232,85786624,2164342784
2026-06-23T18:51:24.703016,17006837760,16261136384,745701376,4.4,14150959104,1127284736,1507655680,85786624,2164539392
2026-06-23T18:51:25.703376,17006837760,16258908160,747929600,4.4,14148730880,1127284736,1507655680,85786624,2164539392
2026-06-23T18:51:26.703744,17006837760,16257630208,749207552,4.4,14147452928,1127284736,1507655680,85786624,2164637696
2026-06-23T18:51:27.704170,17006837760,16259088384,747749376,4.4,14148911104,1127284736,1507655680,85803008,2164654080
2026-06-23T18:51:28.704654,17006837760,16259727360,747110400,4.4,14149550080,1127284736,1507655680,85803008,2164654080
2026-06-23T18:51:29.705011,17006837760,16258514944,748322816,4.4,14148337664,1127284736,1507655680,85803008,2164654080
2026-06-23T18:51:30.705307,17006837760,16257925120,748912640,4.4,14147747840,1127284736,1507655680,85803008,2164654080
2026-06-23T18:51:31.705610,17006837760,16256958464,749879296,4.4,14146764800,1127284736,1507655680,85803008,2164768768
2026-06-23T18:51:32.705990,17006837760,16258465792,748371968,4.4,14148272128,1127284736,1507655680,85819392,2164768768
2026-06-23T18:51:33.710259,17006837760,16258711552,748126208,4.4,14148517888,1127284736,1507655680,85819392,2164867072
2026-06-23T18:51:34.710601,17006837760,16260251648,746586112,4.4,14150057984,1127284736,1507655680,85819392,2164867072
2026-06-23T18:51:35.710893,17006837760,16261611520,745226240,4.4,14151417856,1127284736,1507655680,85819392,2164981760
2026-06-23T18:51:36.711185,17006837760,16261431296,745406464,4.4,14151237632,1127284736,1507655680,85819392,2165080064
2026-06-23T18:51:37.711510,17006837760,16255451136,751386624,4.4,14145257472,1127284736,1507655680,85835776,2165178368
2026-06-23T18:51:38.711902,17006837760,16256565248,750272512,4.4,14146371584,1127284736,1507655680,85835776,2165178368
2026-06-23T18:51:39.712368,17006837760,16257302528,749535232,4.4,14147108864,1127284736,1507655680,85835776,2165178368
2026-06-23T18:51:40.712772,17006837760,16258973696,747864064,4.4,14148780032,1127284736,1507655680,85835776,2165178368
2026-06-23T18:51:41.713059,17006837760,16257433600,749404160,4.4,14147239936,1127284736,1507655680,85835776,2165178368
2026-06-23T18:51:42.713354,17006837760,16257826816,749010944,4.4,14147321856,1127481344,1507966976,85835776,2165276672
2026-06-23T18:51:43.713628,17006837760,16258613248,748224512,4.4,14147813376,1127694336,1508261888,85835776,2165374976
2026-06-23T18:51:44.713903,17006837760,16259334144,747503616,4.4,14148534272,1127694336,1508261888,85835776,2165374976
2026-06-23T18:51:45.714157,17006837760,16261038080,745799680,4.4,14149894144,1128366080,1508605952,85835776,2165964800
