iteration,image_id,animal_id,prediction,total_stage_ns,total_stage_ms,tflite_total_ns,tflite_total_ms,invoke_ns,invoke_ms,input_shape,input_dtype,output_shape,output_dtype,timestamp_monotonic_ns,timestamp_utc
1,img_99a28fe9,0065vd,31.75726318359375,137118229,137.118229,136738745,136.738745,136476448,136.476448,"(1, 300, 300, 3)",<class 'numpy.float32'>,"(1, 1)",<class 'numpy.float32'>,373841388940,2026-07-13T21:05:21Z
2,img_d9a1b9b9,0504,14.83911418914795,136243930,136.24393,135958224,135.958224,135698056,135.698056,"(1, 300, 300, 3)",<class 'numpy.float32'>,"(1, 1)",<class 'numpy.float32'>,373978576540,2026-07-13T21:05:21Z
3,img_dcc9e581,0131az,18.104541778564453,136479059,136.479059,136238984,136.238984,135981723,135.981723,"(1, 300, 300, 3)",<class 'numpy.float32'>,"(1, 1)",<class 'numpy.float32'>,374114898988,2026-07-13T21:05:22Z
4,img_3a964be8,0985,19.87146759033203,136238780,136.23878,135948483,135.948483,135691166,135.691166,"(1, 300, 300, 3)",<class 'numpy.float32'>,"(1, 1)",<class 'numpy.float32'>,374251456048,2026-07-13T21:05:22Z
5,img_8b08b8dc,0063vd,45.38927459716797,136556578,136.556578,136227947,136.227947,135969242,135.969242,"(1, 300, 300, 3)",<class 'numpy.float32'>,"(1, 1)",<class 'numpy.float32'>,374387769513,2026-07-13T21:05:22Z
6,img_e689bda8,0606az,46.06519317626953,136661875,136.661875,136417115,136.417115,136160354,136.160354,"(1, 300, 300, 3)",<class 'numpy.float32'>,"(1, 1)",<class 'numpy.float32'>,374524401480,2026-07-13T21:05:22Z
7,img_cc202632,0971,50.65618133544922,136475874,136.475874,136228317,136.228317,135968353,135.968353,"(1, 300, 300, 3)",<class 'numpy.float32'>,"(1, 1)",<class 'numpy.float32'>,374661136670,2026-07-13T21:05:22Z
8,img_643abdce,1001,5.774954319000244,136817932,136.817932,136574615,136.574615,136317670,136.31767,"(1, 300, 300, 3)",<class 'numpy.float32'>,"(1, 1)",<class 'numpy.float32'>,374797685137,2026-07-13T21:05:22Z
9,img_b1bf465f,014bmf,16.605369567871094,136508845,136.508845,136266214,136.266214,136010527,136.010527,"(1, 300, 300, 3)",<class 'numpy.float32'>,"(1, 1)",<class 'numpy.float32'>,374934577587,2026-07-13T21:05:22Z
10,img_a1afdb54,0994,16.413928985595703,136558153,136.558153,136274374,136.274374,136015613,136.015613,"(1, 300, 300, 3)",<class 'numpy.float32'>,"(1, 1)",<class 'numpy.float32'>,375071160340,2026-07-13T21:05:23Z
11,img_398d143b,0067vd,30.73881721496582,136525708,136.525708,136230262,136.230262,135972112,135.972112,"(1, 300, 300, 3)",<class 'numpy.float32'>,"(1, 1)",<class 'numpy.float32'>,375207791530,2026-07-13T21:05:23Z
12,img_c401f39b,0134az,13.98538589477539,136427170,136.42717,136182465,136.182465,135925391,135.925391,"(1, 300, 300, 3)",<class 'numpy.float32'>,"(1, 1)",<class 'numpy.float32'>,375344389608,2026-07-13T21:05:23Z
13,img_4a74451e,0059az,36.75420379638672,136331244,136.331244,136094577,136.094577,135838945,135.838945,"(1, 300, 300, 3)",<class 'numpy.float32'>,"(1, 1)",<class 'numpy.float32'>,375480891224,2026-07-13T21:05:23Z
14,img_d89d0ee4,0995,14.249486923217773,136442856,136.442856,136199817,136.199817,135939483,135.939483,"(1, 300, 300, 3)",<class 'numpy.float32'>,"(1, 1)",<class 'numpy.float32'>,375617297172,2026-07-13T21:05:23Z
15,img_0045b226,0041vds2,35.91507339477539,136843691,136.843691,136596634,136.596634,136335522,136.335522,"(1, 300, 300, 3)",<class 'numpy.float32'>,"(1, 1)",<class 'numpy.float32'>,375753817102,2026-07-13T21:05:23Z
16,img_90f5887c,0990,20.165569305419922,136407480,136.40748,136170868,136.170868,135914440,135.91444,"(1, 300, 300, 3)",<class 'numpy.float32'>,"(1, 1)",<class 'numpy.float32'>,375890735793,2026-07-13T21:05:23Z
17,img_9331484a,02mf,14.012933731079102,136372597,136.372597,136070892,136.070892,135812002,135.812002,"(1, 300, 300, 3)",<class 'numpy.float32'>,"(1, 1)",<class 'numpy.float32'>,376027216070,2026-07-13T21:05:24Z
18,img_a17a6d6e,0170,31.08458137512207,136258689,136.258689,136010707,136.010707,135728964,135.728964,"(1, 300, 300, 3)",<class 'numpy.float32'>,"(1, 1)",<class 'numpy.float32'>,376163662204,2026-07-13T21:05:24Z
19,img_37d64800,1001,5.558783531188965,136520005,136.520005,136275578,136.275578,136019392,136.019392,"(1, 300, 300, 3)",<class 'numpy.float32'>,"(1, 1)",<class 'numpy.float32'>,376299993338,2026-07-13T21:05:24Z
20,img_b2d6c225,0608az,44.692359924316406,136362337,136.362337,136049576,136.049576,135790483,135.790483,"(1, 300, 300, 3)",<class 'numpy.float32'>,"(1, 1)",<class 'numpy.float32'>,376436612548,2026-07-13T21:05:24Z
21,img_2b90cad0,0197,38.93775177001953,136274819,136.274819,136035965,136.035965,135779927,135.779927,"(1, 300, 300, 3)",<class 'numpy.float32'>,"(1, 1)",<class 'numpy.float32'>,376573049608,2026-07-13T21:05:24Z
22,img_336e3801,0978,19.838199615478516,136744599,136.744599,136502597,136.502597,136246004,136.246004,"(1, 300, 300, 3)",<class 'numpy.float32'>,"(1, 1)",<class 'numpy.float32'>,376709395779,2026-07-13T21:05:24Z
23,img_f846a55d,01mf,15.768843650817871,136639913,136.639913,136308374,136.308374,136052374,136.052374,"(1, 300, 300, 3)",<class 'numpy.float32'>,"(1, 1)",<class 'numpy.float32'>,376846213415,2026-07-13T21:05:24Z
24,img_50dd8c8e,0138azs2,13.977744102478027,136162524,136.162524,135922670,135.92267,135666207,135.666207,"(1, 300, 300, 3)",<class 'numpy.float32'>,"(1, 1)",<class 'numpy.float32'>,376982926606,2026-07-13T21:05:24Z
25,img_411e66a4,0986,17.217761993408203,136373727,136.373727,136130911,136.130911,135871948,135.871948,"(1, 300, 300, 3)",<class 'numpy.float32'>,"(1, 1)",<class 'numpy.float32'>,377119162445,2026-07-13T21:05:25Z
26,img_1b165427,0799,58.26462173461914,136315394,136.315394,136071504,136.071504,135788503,135.788503,"(1, 300, 300, 3)",<class 'numpy.float32'>,"(1, 1)",<class 'numpy.float32'>,377255609339,2026-07-13T21:05:25Z
27,img_1c0a3b96,0027vm,19.78860855102539,136573896,136.573896,136330746,136.330746,136068578,136.068578,"(1, 300, 300, 3)",<class 'numpy.float32'>,"(1, 1)",<class 'numpy.float32'>,377391999641,2026-07-13T21:05:25Z
28,img_2a7029ba,0047,43.39717483520508,136538284,136.538284,136297542,136.297542,136042208,136.042208,"(1, 300, 300, 3)",<class 'numpy.float32'>,"(1, 1)",<class 'numpy.float32'>,377528675741,2026-07-13T21:05:25Z
29,img_bb9885a1,0253,49.61219024658203,136373191,136.373191,136135727,136.135727,135878003,135.878003,"(1, 300, 300, 3)",<class 'numpy.float32'>,"(1, 1)",<class 'numpy.float32'>,377665286840,2026-07-13T21:05:25Z
30,img_02da6c8b,0510,10.24378490447998,137160213,137.160213,136922267,136.922267,136664655,136.664655,"(1, 300, 300, 3)",<class 'numpy.float32'>,"(1, 1)",<class 'numpy.float32'>,377801731272,2026-07-13T21:05:25Z
31,img_52ae2e50,0014vm,44.42068099975586,136479995,136.479995,136243476,136.243476,135986937,135.986937,"(1, 300, 300, 3)",<class 'numpy.float32'>,"(1, 1)",<class 'numpy.float32'>,377938965485,2026-07-13T21:05:25Z
32,img_58e70f75,0998,12.698692321777344,136313766,136.313766,136066228,136.066228,135782985,135.782985,"(1, 300, 300, 3)",<class 'numpy.float32'>,"(1, 1)",<class 'numpy.float32'>,378075523110,2026-07-13T21:05:26Z
33,img_5aa4c124,0056,44.004154205322266,136125005,136.125005,135859819,135.859819,135599355,135.599355,"(1, 300, 300, 3)",<class 'numpy.float32'>,"(1, 1)",<class 'numpy.float32'>,378211918858,2026-07-13T21:05:26Z
34,img_81508342,0978,19.852344512939453,136318895,136.318895,136052116,136.052116,135796449,135.796449,"(1, 300, 300, 3)",<class 'numpy.float32'>,"(1, 1)",<class 'numpy.float32'>,378348119141,2026-07-13T21:05:26Z
35,img_26f635ad,0126,39.09333038330078,136619157,136.619157,136375340,136.37534,136116524,136.116524,"(1, 300, 300, 3)",<class 'numpy.float32'>,"(1, 1)",<class 'numpy.float32'>,378484512167,2026-07-13T21:05:26Z
36,img_af8f989e,0127vd,14.6907377243042,136153543,136.153543,135916282,135.916282,135659337,135.659337,"(1, 300, 300, 3)",<class 'numpy.float32'>,"(1, 1)",<class 'numpy.float32'>,378621217879,2026-07-13T21:05:26Z
37,img_f9a047a6,0126,40.37044143676758,136837157,136.837157,136589860,136.58986,136330877,136.330877,"(1, 300, 300, 3)",<class 'numpy.float32'>,"(1, 1)",<class 'numpy.float32'>,378757449404,2026-07-13T21:05:26Z
38,img_597bb1fa,0030am,21.383066177368164,136348298,136.348298,136101945,136.101945,135843536,135.843536,"(1, 300, 300, 3)",<class 'numpy.float32'>,"(1, 1)",<class 'numpy.float32'>,378894358431,2026-07-13T21:05:26Z
39,img_6622faaa,0131az,15.62411880493164,136433360,136.43336,136187470,136.18747,135930302,135.930302,"(1, 300, 300, 3)",<class 'numpy.float32'>,"(1, 1)",<class 'numpy.float32'>,379030778526,2026-07-13T21:05:27Z
40,img_7c9b654e,0015,36.73228454589844,136634140,136.63414,136395212,136.395212,136135711,136.135711,"(1, 300, 300, 3)",<class 'numpy.float32'>,"(1, 1)",<class 'numpy.float32'>,379167283961,2026-07-13T21:05:27Z
41,img_5c35dbae,0030am,13.927492141723633,136181174,136.181174,135937729,135.937729,135679172,135.679172,"(1, 300, 300, 3)",<class 'numpy.float32'>,"(1, 1)",<class 'numpy.float32'>,379303992767,2026-07-13T21:05:27Z
42,img_71ff25d1,66vdf,11.051061630249023,136628250,136.62825,136379897,136.379897,136120340,136.12034,"(1, 300, 300, 3)",<class 'numpy.float32'>,"(1, 1)",<class 'numpy.float32'>,379440272479,2026-07-13T21:05:27Z
43,img_72b41389,0034az,32.65892028808594,136224711,136.224711,135980822,135.980822,135724488,135.724488,"(1, 300, 300, 3)",<class 'numpy.float32'>,"(1, 1)",<class 'numpy.float32'>,379576973063,2026-07-13T21:05:27Z
44,img_7cea1db1,0116vd,20.822561264038086,136608991,136.608991,136365453,136.365453,136105285,136.105285,"(1, 300, 300, 3)",<class 'numpy.float32'>,"(1, 1)",<class 'numpy.float32'>,379713283016,2026-07-13T21:05:27Z
45,img_efff8004,0068vds2,41.581390380859375,136467491,136.467491,136219193,136.219193,135960303,135.960303,"(1, 300, 300, 3)",<class 'numpy.float32'>,"(1, 1)",<class 'numpy.float32'>,379849963562,2026-07-13T21:05:27Z
46,img_ec239f24,0009vd,38.699806213378906,136621808,136.621808,136349473,136.349473,136088917,136.088917,"(1, 300, 300, 3)",<class 'numpy.float32'>,"(1, 1)",<class 'numpy.float32'>,379986504498,2026-07-13T21:05:27Z
47,img_7094ee98,0005az,43.96757888793945,136332232,136.332232,136082083,136.082083,135824119,135.824119,"(1, 300, 300, 3)",<class 'numpy.float32'>,"(1, 1)",<class 'numpy.float32'>,380123199935,2026-07-13T21:05:28Z
48,img_4b073578,0138,45.671539306640625,136745883,136.745883,136500918,136.500918,136219028,136.219028,"(1, 300, 300, 3)",<class 'numpy.float32'>,"(1, 1)",<class 'numpy.float32'>,380259605020,2026-07-13T21:05:28Z
49,img_39e4c2e4,0217,45.14812088012695,136669197,136.669197,136340492,136.340492,136081695,136.081695,"(1, 300, 300, 3)",<class 'numpy.float32'>,"(1, 1)",<class 'numpy.float32'>,380396424181,2026-07-13T21:05:28Z
50,img_24f0bb69,0184,32.75190353393555,136462399,136.462399,136139269,136.139269,135880841,135.880841,"(1, 300, 300, 3)",<class 'numpy.float32'>,"(1, 1)",<class 'numpy.float32'>,380533165507,2026-07-13T21:05:28Z
51,img_3bdf4a7e,0974,15.77151870727539,136269528,136.269528,136026509,136.026509,135767563,135.767563,"(1, 300, 300, 3)",<class 'numpy.float32'>,"(1, 1)",<class 'numpy.float32'>,380669700259,2026-07-13T21:05:28Z
52,img_3bbca2aa,0428,39.5522575378418,137121754,137.121754,136798642,136.798642,136540752,136.540752,"(1, 300, 300, 3)",<class 'numpy.float32'>,"(1, 1)",<class 'numpy.float32'>,380806041529,2026-07-13T21:05:28Z
53,img_88d337fa,0125vd,14.409381866455078,136585667,136.585667,136343185,136.343185,136086442,136.086442,"(1, 300, 300, 3)",<class 'numpy.float32'>,"(1, 1)",<class 'numpy.float32'>,380943236820,2026-07-13T21:05:28Z
54,img_e49dd65f,0014s2,34.79153823852539,136576254,136.576254,136307883,136.307883,136050493,136.050493,"(1, 300, 300, 3)",<class 'numpy.float32'>,"(1, 1)",<class 'numpy.float32'>,381079894784,2026-07-13T21:05:29Z
55,img_d85fb6da,0071vd,40.35026168823242,136435476,136.435476,136187679,136.187679,135926641,135.926641,"(1, 300, 300, 3)",<class 'numpy.float32'>,"(1, 1)",<class 'numpy.float32'>,381216540835,2026-07-13T21:05:29Z
56,img_482567cf,0903,33.052696228027344,136472180,136.47218,136232030,136.23203,135974214,135.974214,"(1, 300, 300, 3)",<class 'numpy.float32'>,"(1, 1)",<class 'numpy.float32'>,381353047552,2026-07-13T21:05:29Z
57,img_ea41cbda,0035,32.510013580322266,136235253,136.235253,135994123,135.994123,135733566,135.733566,"(1, 300, 300, 3)",<class 'numpy.float32'>,"(1, 1)",<class 'numpy.float32'>,381489593287,2026-07-13T21:05:29Z
58,img_53c77f45,0135az,13.213532447814941,136503772,136.503772,136266383,136.266383,136011289,136.011289,"(1, 300, 300, 3)",<class 'numpy.float32'>,"(1, 1)",<class 'numpy.float32'>,381625903910,2026-07-13T21:05:29Z
59,img_a636f334,608azf,16.816085815429688,136998293,136.998293,136761570,136.76157,136505254,136.505254,"(1, 300, 300, 3)",<class 'numpy.float32'>,"(1, 1)",<class 'numpy.float32'>,381762477924,2026-07-13T21:05:29Z
60,img_958e1786,1003,7.859373569488525,136559952,136.559952,136300543,136.300543,136012987,136.012987,"(1, 300, 300, 3)",<class 'numpy.float32'>,"(1, 1)",<class 'numpy.float32'>,381899547365,2026-07-13T21:05:29Z
61,img_c1763a32,0055,44.618019104003906,136403700,136.4037,136153403,136.153403,135890883,135.890883,"(1, 300, 300, 3)",<class 'numpy.float32'>,"(1, 1)",<class 'numpy.float32'>,382036178077,2026-07-13T21:05:30Z
62,img_18723ff2,0006,64.96923828125,136383627,136.383627,136145699,136.145699,135891532,135.891532,"(1, 300, 300, 3)",<class 'numpy.float32'>,"(1, 1)",<class 'numpy.float32'>,382172652407,2026-07-13T21:05:30Z
63,img_8eb7daf0,1000,13.263221740722656,136337237,136.337237,136090717,136.090717,135830847,135.830847,"(1, 300, 300, 3)",<class 'numpy.float32'>,"(1, 1)",<class 'numpy.float32'>,382309107052,2026-07-13T21:05:30Z
64,img_1892d8f6,0048az,41.392356872558594,136516367,136.516367,136277163,136.277163,136021235,136.021235,"(1, 300, 300, 3)",<class 'numpy.float32'>,"(1, 1)",<class 'numpy.float32'>,382445515771,2026-07-13T21:05:30Z
65,img_0acf6cf7,0041vd,40.847618103027344,136275830,136.27583,135984847,135.984847,135726198,135.726198,"(1, 300, 300, 3)",<class 'numpy.float32'>,"(1, 1)",<class 'numpy.float32'>,382582102861,2026-07-13T21:05:30Z
66,img_d979a018,0050,32.99309539794922,136234348,136.234348,136000754,136.000754,135743883,135.743883,"(1, 300, 300, 3)",<class 'numpy.float32'>,"(1, 1)",<class 'numpy.float32'>,382718449950,2026-07-13T21:05:30Z
67,img_84e0fc6b,0278,39.92445373535156,137145536,137.145536,136899480,136.89948,136640849,136.640849,"(1, 300, 300, 3)",<class 'numpy.float32'>,"(1, 1)",<class 'numpy.float32'>,382854751539,2026-07-13T21:05:30Z
68,img_86fa20cb,0792,24.272533416748047,136387388,136.387388,136118535,136.118535,135857794,135.857794,"(1, 300, 300, 3)",<class 'numpy.float32'>,"(1, 1)",<class 'numpy.float32'>,382991966353,2026-07-13T21:05:31Z
69,img_c3953343,0992,15.770536422729492,136466055,136.466055,136221905,136.221905,135961590,135.96159,"(1, 300, 300, 3)",<class 'numpy.float32'>,"(1, 1)",<class 'numpy.float32'>,383128425575,2026-07-13T21:05:31Z
70,img_a082efe5,0055,43.835079193115234,136477481,136.477481,136237091,136.237091,135977072,135.977072,"(1, 300, 300, 3)",<class 'numpy.float32'>,"(1, 1)",<class 'numpy.float32'>,383264963945,2026-07-13T21:05:31Z
71,img_1982da4d,0028vm,15.444564819335938,136347721,136.347721,136100999,136.100999,135842645,135.842645,"(1, 300, 300, 3)",<class 'numpy.float32'>,"(1, 1)",<class 'numpy.float32'>,383401513519,2026-07-13T21:05:31Z
72,img_abe074ff,0502vd,42.01985168457031,136482000,136.482,136241165,136.241165,135983775,135.983775,"(1, 300, 300, 3)",<class 'numpy.float32'>,"(1, 1)",<class 'numpy.float32'>,383537934740,2026-07-13T21:05:31Z
73,img_1533d5d4,0605az,40.82625961303711,136170628,136.170628,135932609,135.932609,135673755,135.673755,"(1, 300, 300, 3)",<class 'numpy.float32'>,"(1, 1)",<class 'numpy.float32'>,383674491870,2026-07-13T21:05:31Z
74,img_0d36d704,0472,39.592796325683594,137019946,137.019946,136776241,136.776241,136520296,136.520296,"(1, 300, 300, 3)",<class 'numpy.float32'>,"(1, 1)",<class 'numpy.float32'>,383810731072,2026-07-13T21:05:31Z
75,img_7e51cbbd,0120vd,11.846049308776855,136202266,136.202266,135936542,135.936542,135653782,135.653782,"(1, 300, 300, 3)",<class 'numpy.float32'>,"(1, 1)",<class 'numpy.float32'>,383947821500,2026-07-13T21:05:31Z
76,img_aa9dadd6,0047,42.81288528442383,136540299,136.540299,136287261,136.287261,136030112,136.030112,"(1, 300, 300, 3)",<class 'numpy.float32'>,"(1, 1)",<class 'numpy.float32'>,384084093043,2026-07-13T21:05:32Z
77,img_267d47a1,0032az,43.04212188720703,136458613,136.458613,136212965,136.212965,135957612,135.957612,"(1, 300, 300, 3)",<class 'numpy.float32'>,"(1, 1)",<class 'numpy.float32'>,384220703065,2026-07-13T21:05:32Z
78,img_31b65537,0015,35.60765075683594,136408446,136.408446,136166482,136.166482,135907130,135.90713,"(1, 300, 300, 3)",<class 'numpy.float32'>,"(1, 1)",<class 'numpy.float32'>,384357233419,2026-07-13T21:05:32Z
79,img_b3b15f95,0192,53.14537811279297,136297927,136.297927,136051556,136.051556,135797166,135.797166,"(1, 300, 300, 3)",<class 'numpy.float32'>,"(1, 1)",<class 'numpy.float32'>,384493726033,2026-07-13T21:05:32Z
80,img_480d0d20,0607az,42.89715576171875,136157835,136.157835,135908056,135.908056,135649888,135.649888,"(1, 300, 300, 3)",<class 'numpy.float32'>,"(1, 1)",<class 'numpy.float32'>,384630093516,2026-07-13T21:05:32Z
81,img_902f7e7b,05mf,16.165729522705078,136485262,136.485262,136196482,136.196482,135940501,135.940501,"(1, 300, 300, 3)",<class 'numpy.float32'>,"(1, 1)",<class 'numpy.float32'>,384766320259,2026-07-13T21:05:32Z
82,img_00a705ec,0468,38.494720458984375,136677535,136.677535,136369830,136.36983,136108717,136.108717,"(1, 300, 300, 3)",<class 'numpy.float32'>,"(1, 1)",<class 'numpy.float32'>,384902874299,2026-07-13T21:05:32Z
83,img_3a2bb64a,0009ro,39.02220153808594,136594710,136.59471,136294431,136.294431,136012744,136.012744,"(1, 300, 300, 3)",<class 'numpy.float32'>,"(1, 1)",<class 'numpy.float32'>,385039621574,2026-07-13T21:05:33Z
84,img_d8ab6fe6,0605az,43.06576156616211,136678432,136.678432,136439450,136.43945,136180523,136.180523,"(1, 300, 300, 3)",<class 'numpy.float32'>,"(1, 1)",<class 'numpy.float32'>,385176286265,2026-07-13T21:05:33Z
85,img_08086259,0988,16.979520797729492,136686895,136.686895,136376616,136.376616,136121227,136.121227,"(1, 300, 300, 3)",<class 'numpy.float32'>,"(1, 1)",<class 'numpy.float32'>,385313036680,2026-07-13T21:05:33Z
86,img_be8d08bd,0984,15.023943901062012,136363653,136.363653,136121301,136.121301,135863596,135.863596,"(1, 300, 300, 3)",<class 'numpy.float32'>,"(1, 1)",<class 'numpy.float32'>,385449794557,2026-07-13T21:05:33Z
87,img_7be44f7c,0506vd,45.69586181640625,135752892,135.752892,135508724,135.508724,135255520,135.25552,"(1, 300, 300, 3)",<class 'numpy.float32'>,"(1, 1)",<class 'numpy.float32'>,385586228432,2026-07-13T21:05:33Z
88,img_c7e39bf5,0473,37.783447265625,136440450,136.44045,136190116,136.190116,135930078,135.930078,"(1, 300, 300, 3)",<class 'numpy.float32'>,"(1, 1)",<class 'numpy.float32'>,385722050639,2026-07-13T21:05:33Z
89,img_b7002087,0515vd,43.869285583496094,137342619,137.342619,137093285,137.093285,136835618,136.835618,"(1, 300, 300, 3)",<class 'numpy.float32'>,"(1, 1)",<class 'numpy.float32'>,385858561478,2026-07-13T21:05:33Z
90,img_0cff535c,0963,31.82773208618164,136075119,136.075119,135810729,135.810729,135549802,135.549802,"(1, 300, 300, 3)",<class 'numpy.float32'>,"(1, 1)",<class 'numpy.float32'>,385995976394,2026-07-13T21:05:34Z
91,img_c91f16ae,0130az,17.793270111083984,136642343,136.642343,136337305,136.337305,136079526,136.079526,"(1, 300, 300, 3)",<class 'numpy.float32'>,"(1, 1)",<class 'numpy.float32'>,386132122828,2026-07-13T21:05:34Z
92,img_0cdcf3db,0140qz,11.967992782592773,136602417,136.602417,136364842,136.364842,136108507,136.108507,"(1, 300, 300, 3)",<class 'numpy.float32'>,"(1, 1)",<class 'numpy.float32'>,386268838504,2026-07-13T21:05:34Z
93,img_c7fa9075,0506vd,39.00745391845703,136272731,136.272731,136025970,136.02597,135769099,135.769099,"(1, 300, 300, 3)",<class 'numpy.float32'>,"(1, 1)",<class 'numpy.float32'>,386405512347,2026-07-13T21:05:34Z
94,img_17a5754d,0607az,46.43629455566406,136598787,136.598787,136292546,136.292546,136033322,136.033322,"(1, 300, 300, 3)",<class 'numpy.float32'>,"(1, 1)",<class 'numpy.float32'>,386541856208,2026-07-13T21:05:34Z
95,img_5e714b9d,0050vd,38.67601013183594,136366823,136.366823,136117360,136.11736,135861414,135.861414,"(1, 300, 300, 3)",<class 'numpy.float32'>,"(1, 1)",<class 'numpy.float32'>,386678523606,2026-07-13T21:05:34Z
96,img_16461d77,0014vm,42.922645568847656,136991456,136.991456,136701566,136.701566,136446472,136.446472,"(1, 300, 300, 3)",<class 'numpy.float32'>,"(1, 1)",<class 'numpy.float32'>,386814960152,2026-07-13T21:05:34Z
97,img_71b1b87d,0002,45.830108642578125,136006960,136.00696,135764551,135.764551,135510198,135.510198,"(1, 300, 300, 3)",<class 'numpy.float32'>,"(1, 1)",<class 'numpy.float32'>,386952040923,2026-07-13T21:05:34Z
98,img_cd7ae6cc,0101,44.151546478271484,136239456,136.239456,135998011,135.998011,135739214,135.739214,"(1, 300, 300, 3)",<class 'numpy.float32'>,"(1, 1)",<class 'numpy.float32'>,387088117512,2026-07-13T21:05:35Z
99,img_a7aa2d34,0138,47.632530212402344,136251863,136.251863,136015326,136.015326,135758343,135.758343,"(1, 300, 300, 3)",<class 'numpy.float32'>,"(1, 1)",<class 'numpy.float32'>,387224424450,2026-07-13T21:05:35Z
100,img_36e0c481,0020,34.388938903808594,136232160,136.23216,135985326,135.985326,135723602,135.723602,"(1, 300, 300, 3)",<class 'numpy.float32'>,"(1, 1)",<class 'numpy.float32'>,387360747388,2026-07-13T21:05:35Z
101,img_c10b7f02,0047az,40.77737808227539,136132400,136.1324,135894326,135.894326,135637213,135.637213,"(1, 300, 300, 3)",<class 'numpy.float32'>,"(1, 1)",<class 'numpy.float32'>,387497050919,2026-07-13T21:05:35Z
102,img_4753a460,0029am,11.535605430603027,136558994,136.558994,136313919,136.313919,136055400,136.0554,"(1, 300, 300, 3)",<class 'numpy.float32'>,"(1, 1)",<class 'numpy.float32'>,387633252930,2026-07-13T21:05:35Z
103,img_698972f2,0054az,42.76775360107422,136362716,136.362716,136105030,136.10503,135844177,135.844177,"(1, 300, 300, 3)",<class 'numpy.float32'>,"(1, 1)",<class 'numpy.float32'>,387769883555,2026-07-13T21:05:35Z
104,img_d1574a7b,0057,41.99812316894531,136216284,136.216284,135969024,135.969024,135707208,135.707208,"(1, 300, 300, 3)",<class 'numpy.float32'>,"(1, 1)",<class 'numpy.float32'>,387906316308,2026-07-13T21:05:35Z
105,img_b01bd4ee,0123vd,14.73155403137207,136242627,136.242627,135966015,135.966015,135708977,135.708977,"(1, 300, 300, 3)",<class 'numpy.float32'>,"(1, 1)",<class 'numpy.float32'>,388042606962,2026-07-13T21:05:36Z
106,img_0c29c109,03mf,13.209789276123047,136426498,136.426498,136182016,136.182016,135921366,135.921366,"(1, 300, 300, 3)",<class 'numpy.float32'>,"(1, 1)",<class 'numpy.float32'>,388178923867,2026-07-13T21:05:36Z
107,img_f6a24046,0118vd,22.73309326171875,136022089,136.022089,135782737,135.782737,135525495,135.525495,"(1, 300, 300, 3)",<class 'numpy.float32'>,"(1, 1)",<class 'numpy.float32'>,388315420995,2026-07-13T21:05:36Z
108,img_b464c9bb,0138azs2,16.141447067260742,136508220,136.50822,136212812,136.212812,135909793,135.909793,"(1, 300, 300, 3)",<class 'numpy.float32'>,"(1, 1)",<class 'numpy.float32'>,388451513843,2026-07-13T21:05:36Z
109,img_6abcd27a,1003,6.322659492492676,136654999,136.654999,136405312,136.405312,136148682,136.148682,"(1, 300, 300, 3)",<class 'numpy.float32'>,"(1, 1)",<class 'numpy.float32'>,388588092230,2026-07-13T21:05:36Z
110,img_66022258,0741,34.141517639160156,136260312,136.260312,136017107,136.017107,135758459,135.758459,"(1, 300, 300, 3)",<class 'numpy.float32'>,"(1, 1)",<class 'numpy.float32'>,388724819600,2026-07-13T21:05:36Z
111,img_c3fe8b28,0010,40.07143783569336,136822572,136.822572,136584831,136.584831,136324329,136.324329,"(1, 300, 300, 3)",<class 'numpy.float32'>,"(1, 1)",<class 'numpy.float32'>,388861149875,2026-07-13T21:05:36Z
112,img_152871fb,0998,13.413041114807129,136525021,136.525021,136284687,136.284687,136024093,136.024093,"(1, 300, 300, 3)",<class 'numpy.float32'>,"(1, 1)",<class 'numpy.float32'>,388998042225,2026-07-13T21:05:37Z
113,img_66073c07,0029am,10.881945610046387,136188927,136.188927,135953204,135.953204,135695796,135.695796,"(1, 300, 300, 3)",<class 'numpy.float32'>,"(1, 1)",<class 'numpy.float32'>,389134639209,2026-07-13T21:05:37Z
114,img_ade529db,902brf,15.038928031921387,136027223,136.027223,135704129,135.704129,135445351,135.445351,"(1, 300, 300, 3)",<class 'numpy.float32'>,"(1, 1)",<class 'numpy.float32'>,389270915692,2026-07-13T21:05:37Z
115,img_92b531e2,802rof,17.92634391784668,136730058,136.730058,136486447,136.486447,136228556,136.228556,"(1, 300, 300, 3)",<class 'numpy.float32'>,"(1, 1)",<class 'numpy.float32'>,389407012248,2026-07-13T21:05:37Z
116,img_8c46ef50,0275,63.51951599121094,136142779,136.142779,135871834,135.871834,135615629,135.615629,"(1, 300, 300, 3)",<class 'numpy.float32'>,"(1, 1)",<class 'numpy.float32'>,389543813437,2026-07-13T21:05:37Z
117,img_626d0a45,0041vd,39.286338806152344,136588428,136.588428,136332853,136.332853,136075205,136.075205,"(1, 300, 300, 3)",<class 'numpy.float32'>,"(1, 1)",<class 'numpy.float32'>,389680053086,2026-07-13T21:05:37Z
118,img_54a4bd62,0502,15.106350898742676,136986449,136.986449,136741966,136.741966,136484354,136.484354,"(1, 300, 300, 3)",<class 'numpy.float32'>,"(1, 1)",<class 'numpy.float32'>,389816711515,2026-07-13T21:05:37Z
119,img_21b62be1,0029,35.915794372558594,136426880,136.42688,136187694,136.187694,135930101,135.930101,"(1, 300, 300, 3)",<class 'numpy.float32'>,"(1, 1)",<class 'numpy.float32'>,389953768222,2026-07-13T21:05:37Z
120,img_defb782b,02mf,14.892553329467773,136122042,136.122042,135881912,135.881912,135623022,135.623022,"(1, 300, 300, 3)",<class 'numpy.float32'>,"(1, 1)",<class 'numpy.float32'>,390090267047,2026-07-13T21:05:38Z
121,img_a3542534,0186,34.54502868652344,136423543,136.423543,136175450,136.17545,135919541,135.919541,"(1, 300, 300, 3)",<class 'numpy.float32'>,"(1, 1)",<class 'numpy.float32'>,390226461627,2026-07-13T21:05:38Z
122,img_b7f71da9,0210,41.001121520996094,136422747,136.422747,136175117,136.175117,135917097,135.917097,"(1, 300, 300, 3)",<class 'numpy.float32'>,"(1, 1)",<class 'numpy.float32'>,390362958819,2026-07-13T21:05:38Z
123,img_57f83d30,04mf,11.648083686828613,136351913,136.351913,136105339,136.105339,135847041,135.847041,"(1, 300, 300, 3)",<class 'numpy.float32'>,"(1, 1)",<class 'numpy.float32'>,390499453640,2026-07-13T21:05:38Z
124,img_a665b219,806rof,18.971851348876953,136596210,136.59621,136318636,136.318636,136063542,136.063542,"(1, 300, 300, 3)",<class 'numpy.float32'>,"(1, 1)",<class 'numpy.float32'>,390635876091,2026-07-13T21:05:38Z
125,img_b3d99f96,0987,16.77386474609375,136172543,136.172543,135925264,135.925264,135663967,135.663967,"(1, 300, 300, 3)",<class 'numpy.float32'>,"(1, 1)",<class 'numpy.float32'>,390772542338,2026-07-13T21:05:38Z
126,img_b2ace298,0121vd,9.426494598388672,136600464,136.600464,136362241,136.362241,136107555,136.107555,"(1, 300, 300, 3)",<class 'numpy.float32'>,"(1, 1)",<class 'numpy.float32'>,390908784529,2026-07-13T21:05:38Z
127,img_263e6eca,0052az,45.88323974609375,136292918,136.292918,136043658,136.043658,135786157,135.786157,"(1, 300, 300, 3)",<class 'numpy.float32'>,"(1, 1)",<class 'numpy.float32'>,391045455086,2026-07-13T21:05:39Z
128,img_583896e7,0456,42.0555534362793,136545197,136.545197,136255307,136.255307,135997343,135.997343,"(1, 300, 300, 3)",<class 'numpy.float32'>,"(1, 1)",<class 'numpy.float32'>,391181817115,2026-07-13T21:05:39Z
129,img_45a7e870,0128vd,5.657727241516113,136182510,136.18251,135936250,135.93625,135674249,135.674249,"(1, 300, 300, 3)",<class 'numpy.float32'>,"(1, 1)",<class 'numpy.float32'>,391318432626,2026-07-13T21:05:39Z
130,img_9baf9efc,0183,48.82943344116211,136378900,136.3789,136138714,136.138714,135880121,135.880121,"(1, 300, 300, 3)",<class 'numpy.float32'>,"(1, 1)",<class 'numpy.float32'>,391454685674,2026-07-13T21:05:39Z
131,img_51fd6754,0066az,43.958621978759766,136373048,136.373048,136064546,136.064546,135808287,135.808287,"(1, 300, 300, 3)",<class 'numpy.float32'>,"(1, 1)",<class 'numpy.float32'>,391591134666,2026-07-13T21:05:39Z
132,img_fef8d71a,0983,13.828012466430664,136438733,136.438733,136197769,136.197769,135895194,135.895194,"(1, 300, 300, 3)",<class 'numpy.float32'>,"(1, 1)",<class 'numpy.float32'>,391727576788,2026-07-13T21:05:39Z
133,img_5655ff6e,0937,28.842456817626953,137097641,137.097641,136855085,136.855085,136597306,136.597306,"(1, 300, 300, 3)",<class 'numpy.float32'>,"(1, 1)",<class 'numpy.float32'>,391864087688,2026-07-13T21:05:39Z
134,img_406f3c47,0026,38.373443603515625,136537609,136.537609,136278478,136.278478,135974236,135.974236,"(1, 300, 300, 3)",<class 'numpy.float32'>,"(1, 1)",<class 'numpy.float32'>,392001256200,2026-07-13T21:05:40Z
135,img_5a32a536,0170,29.242904663085938,136044978,136.044978,135753847,135.753847,135496050,135.49605,"(1, 300, 300, 3)",<class 'numpy.float32'>,"(1, 1)",<class 'numpy.float32'>,392137862808,2026-07-13T21:05:40Z
136,img_3891132e,0972,15.281335830688477,136250164,136.250164,136005347,136.005347,135749161,135.749161,"(1, 300, 300, 3)",<class 'numpy.float32'>,"(1, 1)",<class 'numpy.float32'>,392273977452,2026-07-13T21:05:40Z
137,img_d8c15c7a,0013ro,41.023834228515625,136483682,136.483682,136240460,136.24046,135984829,135.984829,"(1, 300, 300, 3)",<class 'numpy.float32'>,"(1, 1)",<class 'numpy.float32'>,392410297838,2026-07-13T21:05:40Z
138,img_be57e663,0024br,16.963939666748047,136516719,136.516719,136188607,136.188607,135932217,135.932217,"(1, 300, 300, 3)",<class 'numpy.float32'>,"(1, 1)",<class 'numpy.float32'>,392546851669,2026-07-13T21:05:40Z
139,img_c6eea236,0982,20.853904724121094,136297960,136.29796,136062792,136.062792,135803810,135.80381,"(1, 300, 300, 3)",<class 'numpy.float32'>,"(1, 1)",<class 'numpy.float32'>,392683439018,2026-07-13T21:05:40Z
140,img_c43bedbb,0188,32.23059844970703,136518850,136.51885,136233738,136.233738,135975459,135.975459,"(1, 300, 300, 3)",<class 'numpy.float32'>,"(1, 1)",<class 'numpy.float32'>,392819808645,2026-07-13T21:05:40Z
141,img_5200c255,0184,32.1163444519043,136915673,136.915673,136446765,136.446765,136181875,136.181875,"(1, 300, 300, 3)",<class 'numpy.float32'>,"(1, 1)",<class 'numpy.float32'>,392956401939,2026-07-13T21:05:40Z
142,img_e52fcbdd,0120vd,12.016135215759277,136523261,136.523261,136283076,136.283076,136021575,136.021575,"(1, 300, 300, 3)",<class 'numpy.float32'>,"(1, 1)",<class 'numpy.float32'>,393093388482,2026-07-13T21:05:41Z
143,img_f20b6315,04mf,10.751736640930176,136445113,136.445113,136210372,136.210372,135950297,135.950297,"(1, 300, 300, 3)",<class 'numpy.float32'>,"(1, 1)",<class 'numpy.float32'>,393229981966,2026-07-13T21:05:41Z
144,img_fb77fb38,0130az,17.750213623046875,136196575,136.196575,135947890,135.94789,135691481,135.691481,"(1, 300, 300, 3)",<class 'numpy.float32'>,"(1, 1)",<class 'numpy.float32'>,393366502357,2026-07-13T21:05:41Z
145,img_f7963b0d,0972,18.776168823242188,136161538,136.161538,135916260,135.91626,135658481,135.658481,"(1, 300, 300, 3)",<class 'numpy.float32'>,"(1, 1)",<class 'numpy.float32'>,393502771785,2026-07-13T21:05:41Z
146,img_c61f1e04,0995,27.516983032226562,136490205,136.490205,136257317,136.257317,135999575,135.999575,"(1, 300, 300, 3)",<class 'numpy.float32'>,"(1, 1)",<class 'numpy.float32'>,393639003564,2026-07-13T21:05:41Z
147,img_4b762679,0508,12.993169784545898,136390539,136.390539,136141131,136.141131,135856074,135.856074,"(1, 300, 300, 3)",<class 'numpy.float32'>,"(1, 1)",<class 'numpy.float32'>,393775563048,2026-07-13T21:05:41Z
148,img_e8355567,0129az,23.46388816833496,136963554,136.963554,136717942,136.717942,136458496,136.458496,"(1, 300, 300, 3)",<class 'numpy.float32'>,"(1, 1)",<class 'numpy.float32'>,393912044476,2026-07-13T21:05:41Z
149,img_ba33f620,0963,31.031217575073242,136513934,136.513934,136223192,136.223192,135963765,135.963765,"(1, 300, 300, 3)",<class 'numpy.float32'>,"(1, 1)",<class 'numpy.float32'>,394049093215,2026-07-13T21:05:42Z
150,img_3c2eee6f,0129az,20.324604034423828,136404600,136.4046,136144562,136.144562,135886395,135.886395,"(1, 300, 300, 3)",<class 'numpy.float32'>,"(1, 1)",<class 'numpy.float32'>,394185679296,2026-07-13T21:05:42Z
151,img_cc0c61fa,0053az,42.201663970947266,136340970,136.34097,136011339,136.011339,135754987,135.754987,"(1, 300, 300, 3)",<class 'numpy.float32'>,"(1, 1)",<class 'numpy.float32'>,394322156341,2026-07-13T21:05:42Z
152,img_02774d0d,0069az,36.927223205566406,136268358,136.268358,136017469,136.017469,135759302,135.759302,"(1, 300, 300, 3)",<class 'numpy.float32'>,"(1, 1)",<class 'numpy.float32'>,394458568755,2026-07-13T21:05:42Z
153,img_3d58c739,0993,12.850653648376465,136461193,136.461193,136227044,136.227044,135971376,135.971376,"(1, 300, 300, 3)",<class 'numpy.float32'>,"(1, 1)",<class 'numpy.float32'>,394594910670,2026-07-13T21:05:42Z
154,img_9c344008,0918,33.157432556152344,136409210,136.40921,136167766,136.167766,135913154,135.913154,"(1, 300, 300, 3)",<class 'numpy.float32'>,"(1, 1)",<class 'numpy.float32'>,394731442344,2026-07-13T21:05:42Z
155,img_04ca4546,11mf,10.9168701171875,136890322,136.890322,136628061,136.628061,136368747,136.368747,"(1, 300, 300, 3)",<class 'numpy.float32'>,"(1, 1)",<class 'numpy.float32'>,394867921166,2026-07-13T21:05:42Z
156,img_65fa1f0a,0084az,42.29832077026367,136262735,136.262735,136014641,136.014641,135754881,135.754881,"(1, 300, 300, 3)",<class 'numpy.float32'>,"(1, 1)",<class 'numpy.float32'>,395004883007,2026-07-13T21:05:43Z
157,img_90dad877,0117vd,21.418521881103516,136633902,136.633902,136306494,136.306494,136049771,136.049771,"(1, 300, 300, 3)",<class 'numpy.float32'>,"(1, 1)",<class 'numpy.float32'>,395141216593,2026-07-13T21:05:43Z
158,img_f5a2afbe,66vdf,12.613216400146484,136235938,136.235938,135991493,135.991493,135737177,135.737177,"(1, 300, 300, 3)",<class 'numpy.float32'>,"(1, 1)",<class 'numpy.float32'>,395277920514,2026-07-13T21:05:43Z
159,img_6b594f13,0024vd,36.136688232421875,136587717,136.587717,136350309,136.350309,136091271,136.091271,"(1, 300, 300, 3)",<class 'numpy.float32'>,"(1, 1)",<class 'numpy.float32'>,395414227248,2026-07-13T21:05:43Z
160,img_6f93fdf1,0024,40.93789291381836,136249123,136.249123,136003715,136.003715,135743585,135.743585,"(1, 300, 300, 3)",<class 'numpy.float32'>,"(1, 1)",<class 'numpy.float32'>,395550884669,2026-07-13T21:05:43Z
161,img_eda3dd2f,0463,44.36212158203125,136325642,136.325642,136016196,136.016196,135757696,135.757696,"(1, 300, 300, 3)",<class 'numpy.float32'>,"(1, 1)",<class 'numpy.float32'>,395687205218,2026-07-13T21:05:43Z
162,img_4101da6d,0511,11.159414291381836,136330790,136.33079,136083641,136.083641,135804085,135.804085,"(1, 300, 300, 3)",<class 'numpy.float32'>,"(1, 1)",<class 'numpy.float32'>,395823600620,2026-07-13T21:05:43Z
163,img_3e7fd7d6,0796,36.902915954589844,136858040,136.85804,136618984,136.618984,136360557,136.360557,"(1, 300, 300, 3)",<class 'numpy.float32'>,"(1, 1)",<class 'numpy.float32'>,395960026799,2026-07-13T21:05:43Z
164,img_b1475966,0133az,19.58222007751465,136575797,136.575797,136326240,136.32624,136067999,136.067999,"(1, 300, 300, 3)",<class 'numpy.float32'>,"(1, 1)",<class 'numpy.float32'>,396096957265,2026-07-13T21:05:44Z
165,img_e155f99b,0128,35.692298889160156,136445444,136.445444,136151518,136.151518,135893202,135.893202,"(1, 300, 300, 3)",<class 'numpy.float32'>,"(1, 1)",<class 'numpy.float32'>,396233603303,2026-07-13T21:05:44Z
166,img_2a7b2e19,0214,59.0761604309082,136716353,136.716353,136478777,136.478777,136223481,136.223481,"(1, 300, 300, 3)",<class 'numpy.float32'>,"(1, 1)",<class 'numpy.float32'>,396370118525,2026-07-13T21:05:44Z
167,img_d69d5796,0263,42.055877685546875,136298018,136.298018,136064850,136.06485,135809794,135.809794,"(1, 300, 300, 3)",<class 'numpy.float32'>,"(1, 1)",<class 'numpy.float32'>,396506904211,2026-07-13T21:05:44Z
168,img_9d749bad,0119vd,18.890274047851562,136422314,136.422314,136164610,136.16461,135908609,135.908609,"(1, 300, 300, 3)",<class 'numpy.float32'>,"(1, 1)",<class 'numpy.float32'>,396643272155,2026-07-13T21:05:44Z
169,img_54cf8960,0458,45.08048629760742,136378999,136.378999,136107443,136.107443,135849850,135.84985,"(1, 300, 300, 3)",<class 'numpy.float32'>,"(1, 1)",<class 'numpy.float32'>,396779765469,2026-07-13T21:05:44Z
170,img_481e7769,0200,37.78234100341797,137369385,137.369385,137108811,137.108811,136850883,136.850883,"(1, 300, 300, 3)",<class 'numpy.float32'>,"(1, 1)",<class 'numpy.float32'>,396916213969,2026-07-13T21:05:44Z
171,img_e48b6ab3,0473,37.0084228515625,136338560,136.33856,136090060,136.09006,135833541,135.833541,"(1, 300, 300, 3)",<class 'numpy.float32'>,"(1, 1)",<class 'numpy.float32'>,397053653317,2026-07-13T21:05:45Z
172,img_067fd1d3,0438,36.25115966796875,136779136,136.779136,136531376,136.531376,136275023,136.275023,"(1, 300, 300, 3)",<class 'numpy.float32'>,"(1, 1)",<class 'numpy.float32'>,397190061286,2026-07-13T21:05:45Z
173,img_8c4a4900,0043az,28.00483512878418,136090023,136.090023,135839096,135.839096,135580744,135.580744,"(1, 300, 300, 3)",<class 'numpy.float32'>,"(1, 1)",<class 'numpy.float32'>,397326910477,2026-07-13T21:05:45Z
174,img_a2ed1545,0124vd,13.710417747497559,136485913,136.485913,136170227,136.170227,135913875,135.913875,"(1, 300, 300, 3)",<class 'numpy.float32'>,"(1, 1)",<class 'numpy.float32'>,397463071927,2026-07-13T21:05:45Z
175,img_834c3c55,09mf,8.09843635559082,136183486,136.183486,135935393,135.935393,135656855,135.656855,"(1, 300, 300, 3)",<class 'numpy.float32'>,"(1, 1)",<class 'numpy.float32'>,397599628655,2026-07-13T21:05:45Z
176,img_8ac22cc6,0068vd,39.00261688232422,136227801,136.227801,135959337,135.959337,135698967,135.698967,"(1, 300, 300, 3)",<class 'numpy.float32'>,"(1, 1)",<class 'numpy.float32'>,397735882493,2026-07-13T21:05:45Z
177,img_90f2fa8c,67vdf,5.893862724304199,137367691,137.367691,137128746,137.128746,136872079,136.872079,"(1, 300, 300, 3)",<class 'numpy.float32'>,"(1, 1)",<class 'numpy.float32'>,397872178535,2026-07-13T21:05:45Z
178,img_ddc1ec9c,0020vd,38.921783447265625,136365455,136.365455,136124456,136.124456,135866677,135.866677,"(1, 300, 300, 3)",<class 'numpy.float32'>,"(1, 1)",<class 'numpy.float32'>,398009617412,2026-07-13T21:05:46Z
179,img_18783af6,0993,14.686859130859375,136346604,136.346604,136104659,136.104659,135849177,135.849177,"(1, 300, 300, 3)",<class 'numpy.float32'>,"(1, 1)",<class 'numpy.float32'>,398146053923,2026-07-13T21:05:46Z
180,img_4d6afedc,0024br,15.374067306518555,136541974,136.541974,136288975,136.288975,136028270,136.02827,"(1, 300, 300, 3)",<class 'numpy.float32'>,"(1, 1)",<class 'numpy.float32'>,398282469898,2026-07-13T21:05:46Z
181,img_c08c15d6,0937,27.304065704345703,136516642,136.516642,136265826,136.265826,136009140,136.00914,"(1, 300, 300, 3)",<class 'numpy.float32'>,"(1, 1)",<class 'numpy.float32'>,398419080595,2026-07-13T21:05:46Z
182,img_13863c25,0044,28.564022064208984,136354196,136.354196,136119400,136.1194,135812010,135.81201,"(1, 300, 300, 3)",<class 'numpy.float32'>,"(1, 1)",<class 'numpy.float32'>,398555669570,2026-07-13T21:05:46Z
183,img_d8bacc0b,0456,46.49066162109375,136858253,136.858253,136589068,136.589068,136328271,136.328271,"(1, 300, 300, 3)",<class 'numpy.float32'>,"(1, 1)",<class 'numpy.float32'>,398692094637,2026-07-13T21:05:46Z
184,img_0bf4988f,71azf,26.819623947143555,136475345,136.475345,136237270,136.23727,135979789,135.979789,"(1, 300, 300, 3)",<class 'numpy.float32'>,"(1, 1)",<class 'numpy.float32'>,398829022853,2026-07-13T21:05:46Z
185,img_96e5fa04,0068vd,39.11907196044922,136789095,136.789095,136536631,136.536631,136279445,136.279445,"(1, 300, 300, 3)",<class 'numpy.float32'>,"(1, 1)",<class 'numpy.float32'>,398965583235,2026-07-13T21:05:46Z
186,img_25d5977e,0219,52.1381950378418,136119072,136.119072,135879424,135.879424,135623183,135.623183,"(1, 300, 300, 3)",<class 'numpy.float32'>,"(1, 1)",<class 'numpy.float32'>,399102442571,2026-07-13T21:05:47Z
187,img_619e4166,0065az,39.449440002441406,136395814,136.395814,136157443,136.157443,135901701,135.901701,"(1, 300, 300, 3)",<class 'numpy.float32'>,"(1, 1)",<class 'numpy.float32'>,399238630143,2026-07-13T21:05:47Z
188,img_836c2089,0007vm,43.547306060791016,136237462,136.237462,135984998,135.984998,135729016,135.729016,"(1, 300, 300, 3)",<class 'numpy.float32'>,"(1, 1)",<class 'numpy.float32'>,399375095995,2026-07-13T21:05:47Z
189,img_d1c28f86,0059,97.08393859863281,136149073,136.149073,135861887,135.861887,135604905,135.604905,"(1, 300, 300, 3)",<class 'numpy.float32'>,"(1, 1)",<class 'numpy.float32'>,399511404938,2026-07-13T21:05:47Z
190,img_5035adb1,0020az,42.59600067138672,136473092,136.473092,136228072,136.228072,135950553,135.950553,"(1, 300, 300, 3)",<class 'numpy.float32'>,"(1, 1)",<class 'numpy.float32'>,399647625640,2026-07-13T21:05:47Z
191,img_68d01918,0031az,39.417659759521484,136339776,136.339776,136074814,136.074814,135815609,135.815609,"(1, 300, 300, 3)",<class 'numpy.float32'>,"(1, 1)",<class 'numpy.float32'>,399784169862,2026-07-13T21:05:47Z
192,img_6fa34074,0062,41.16815185546875,137229755,137.229755,136993624,136.993624,136739772,136.739772,"(1, 300, 300, 3)",<class 'numpy.float32'>,"(1, 1)",<class 'numpy.float32'>,399920579528,2026-07-13T21:05:47Z
193,img_b3011203,0982,16.135162353515625,136532117,136.532117,136267006,136.267006,136010653,136.010653,"(1, 300, 300, 3)",<class 'numpy.float32'>,"(1, 1)",<class 'numpy.float32'>,400057879171,2026-07-13T21:05:48Z
194,img_2045532e,0021,61.37633514404297,136416154,136.416154,136125894,136.125894,135867412,135.867412,"(1, 300, 300, 3)",<class 'numpy.float32'>,"(1, 1)",<class 'numpy.float32'>,400194481307,2026-07-13T21:05:48Z
195,img_1de68bdb,1005,56.228973388671875,136447709,136.447709,136203802,136.203802,135948597,135.948597,"(1, 300, 300, 3)",<class 'numpy.float32'>,"(1, 1)",<class 'numpy.float32'>,400330971331,2026-07-13T21:05:48Z
196,img_d313f582,0188,27.20968246459961,136105746,136.105746,135867967,135.867967,135612949,135.612949,"(1, 300, 300, 3)",<class 'numpy.float32'>,"(1, 1)",<class 'numpy.float32'>,400467488985,2026-07-13T21:05:48Z
197,img_56ffae43,0071az,46.5162467956543,136249024,136.249024,136003431,136.003431,135724597,135.724597,"(1, 300, 300, 3)",<class 'numpy.float32'>,"(1, 1)",<class 'numpy.float32'>,400603664564,2026-07-13T21:05:48Z
198,img_045204f0,0057,44.203147888183594,136572451,136.572451,136319746,136.319746,136058634,136.058634,"(1, 300, 300, 3)",<class 'numpy.float32'>,"(1, 1)",<class 'numpy.float32'>,400739984069,2026-07-13T21:05:48Z
199,img_49c4d6a0,0262,49.852935791015625,137034450,137.03445,136798133,136.798133,136543929,136.543929,"(1, 300, 300, 3)",<class 'numpy.float32'>,"(1, 1)",<class 'numpy.float32'>,400876648871,2026-07-13T21:05:48Z
200,img_2442bfc6,0984,15.735031127929688,136217104,136.217104,135964474,135.964474,135706177,135.706177,"(1, 300, 300, 3)",<class 'numpy.float32'>,"(1, 1)",<class 'numpy.float32'>,401013752858,2026-07-13T21:05:49Z
201,img_4fe35006,0999,14.984811782836914,136232197,136.232197,135993771,135.993771,135734677,135.734677,"(1, 300, 300, 3)",<class 'numpy.float32'>,"(1, 1)",<class 'numpy.float32'>,401150042092,2026-07-13T21:05:49Z
202,img_22a70e3c,0006,42.27538299560547,136457660,136.45766,136183789,136.183789,135921918,135.921918,"(1, 300, 300, 3)",<class 'numpy.float32'>,"(1, 1)",<class 'numpy.float32'>,401286349752,2026-07-13T21:05:49Z
203,img_db793e79,0610az,41.19572448730469,136200771,136.200771,135966622,135.966622,135708770,135.70877,"(1, 300, 300, 3)",<class 'numpy.float32'>,"(1, 1)",<class 'numpy.float32'>,401422878672,2026-07-13T21:05:49Z
204,img_65e66414,000742,41.947471618652344,136360827,136.360827,136117067,136.117067,135863400,135.8634,"(1, 300, 300, 3)",<class 'numpy.float32'>,"(1, 1)",<class 'numpy.float32'>,401559151554,2026-07-13T21:05:49Z
205,img_52812e41,0059az,36.42546081542969,136492808,136.492808,136226845,136.226845,135945881,135.945881,"(1, 300, 300, 3)",<class 'numpy.float32'>,"(1, 1)",<class 'numpy.float32'>,401695583529,2026-07-13T21:05:49Z
206,img_d6357430,09mf,9.454190254211426,135972270,135.97227,135727695,135.727695,135469732,135.469732,"(1, 300, 300, 3)",<class 'numpy.float32'>,"(1, 1)",<class 'numpy.float32'>,401832146745,2026-07-13T21:05:49Z
207,img_4c86e343,0128vd,5.516940116882324,136851485,136.851485,136603503,136.603503,136346021,136.346021,"(1, 300, 300, 3)",<class 'numpy.float32'>,"(1, 1)",<class 'numpy.float32'>,401968188071,2026-07-13T21:05:49Z
208,img_5fee5485,03mf,14.283479690551758,136473241,136.473241,136177166,136.177166,135915500,135.9155,"(1, 300, 300, 3)",<class 'numpy.float32'>,"(1, 1)",<class 'numpy.float32'>,402105112352,2026-07-13T21:05:50Z
209,img_66188ff3,0011br,37.89479064941406,136315537,136.315537,136010741,136.010741,135752387,135.752387,"(1, 300, 300, 3)",<class 'numpy.float32'>,"(1, 1)",<class 'numpy.float32'>,402241660297,2026-07-13T21:05:50Z
210,img_328f491c,0137az,12.46200180053711,136268408,136.268408,135984388,135.984388,135727555,135.727555,"(1, 300, 300, 3)",<class 'numpy.float32'>,"(1, 1)",<class 'numpy.float32'>,402378049816,2026-07-13T21:05:50Z
211,img_ec031396,0009vd,38.13186264038086,136335519,136.335519,136082834,136.082834,135820480,135.82048,"(1, 300, 300, 3)",<class 'numpy.float32'>,"(1, 1)",<class 'numpy.float32'>,402514391761,2026-07-13T21:05:50Z
212,img_7fbda4e0,0060az,35.08769989013672,136288481,136.288481,135978518,135.978518,135721295,135.721295,"(1, 300, 300, 3)",<class 'numpy.float32'>,"(1, 1)",<class 'numpy.float32'>,402650801743,2026-07-13T21:05:50Z
213,img_32e336d7,0977,20.01544189453125,136847372,136.847372,136582075,136.582075,136322019,136.322019,"(1, 300, 300, 3)",<class 'numpy.float32'>,"(1, 1)",<class 'numpy.float32'>,402787160761,2026-07-13T21:05:50Z
214,img_915543b3,0021,28.38381576538086,136852865,136.852865,136609439,136.609439,136351124,136.351124,"(1, 300, 300, 3)",<class 'numpy.float32'>,"(1, 1)",<class 'numpy.float32'>,402924079115,2026-07-13T21:05:50Z
215,img_700f8727,0986,16.051359176635742,136546748,136.546748,136295803,136.295803,136037506,136.037506,"(1, 300, 300, 3)",<class 'numpy.float32'>,"(1, 1)",<class 'numpy.float32'>,403061000240,2026-07-13T21:05:51Z
216,img_207b7947,0428,41.82135009765625,136459156,136.459156,136222507,136.222507,135966784,135.966784,"(1, 300, 300, 3)",<class 'numpy.float32'>,"(1, 1)",<class 'numpy.float32'>,403197616192,2026-07-13T21:05:51Z
217,img_74435edd,0141az,9.71391487121582,136472878,136.472878,136161896,136.161896,135905654,135.905654,"(1, 300, 300, 3)",<class 'numpy.float32'>,"(1, 1)",<class 'numpy.float32'>,403334144681,2026-07-13T21:05:51Z
218,img_fd73b93d,0612az,43.11301040649414,136644952,136.644952,136352285,136.352285,136091692,136.091692,"(1, 300, 300, 3)",<class 'numpy.float32'>,"(1, 1)",<class 'numpy.float32'>,403470688336,2026-07-13T21:05:51Z
219,img_691b324d,0035,32.932254791259766,136120581,136.120581,135880673,135.880673,135623191,135.623191,"(1, 300, 300, 3)",<class 'numpy.float32'>,"(1, 1)",<class 'numpy.float32'>,403607404567,2026-07-13T21:05:51Z
220,img_c02cbf24,0902br,44.686363220214844,136555471,136.555471,136311248,136.311248,136031100,136.0311,"(1, 300, 300, 3)",<class 'numpy.float32'>,"(1, 1)",<class 'numpy.float32'>,403743611222,2026-07-13T21:05:51Z
221,img_7dd3a1ca,0217,45.66867446899414,136613875,136.613875,136371227,136.371227,136114615,136.114615,"(1, 300, 300, 3)",<class 'numpy.float32'>,"(1, 1)",<class 'numpy.float32'>,403880240433,2026-07-13T21:05:51Z
222,img_59d26332,0020vd,39.70502471923828,136742608,136.742608,136493959,136.493959,136234218,136.234218,"(1, 300, 300, 3)",<class 'numpy.float32'>,"(1, 1)",<class 'numpy.float32'>,404016924846,2026-07-13T21:05:52Z
223,img_0088aae4,0014,38.463356018066406,136106310,136.10631,135837846,135.837846,135579884,135.579884,"(1, 300, 300, 3)",<class 'numpy.float32'>,"(1, 1)",<class 'numpy.float32'>,404153740972,2026-07-13T21:05:52Z
224,img_68540bdb,0909,25.498056411743164,136582940,136.58294,136336792,136.336792,136082458,136.082458,"(1, 300, 300, 3)",<class 'numpy.float32'>,"(1, 1)",<class 'numpy.float32'>,404289917783,2026-07-13T21:05:52Z
225,img_a6999158,0247,44.27063751220703,136547218,136.547218,136233310,136.23331,135974181,135.974181,"(1, 300, 300, 3)",<class 'numpy.float32'>,"(1, 1)",<class 'numpy.float32'>,404426570983,2026-07-13T21:05:52Z
226,img_0a8c5905,0505,11.65190315246582,136420162,136.420162,136182903,136.182903,135925736,135.925736,"(1, 300, 300, 3)",<class 'numpy.float32'>,"(1, 1)",<class 'numpy.float32'>,404563188905,2026-07-13T21:05:52Z
227,img_f162316d,0458,44.74613952636719,136396551,136.396551,136159959,136.159959,135883606,135.883606,"(1, 300, 300, 3)",<class 'numpy.float32'>,"(1, 1)",<class 'numpy.float32'>,404699680271,2026-07-13T21:05:52Z
228,img_57741786,0247,43.02719497680664,136492626,136.492626,136157903,136.157903,135898106,135.898106,"(1, 300, 300, 3)",<class 'numpy.float32'>,"(1, 1)",<class 'numpy.float32'>,404836146601,2026-07-13T21:05:52Z
229,img_e5b36d7d,0063vd,45.77045440673828,137350321,137.350321,137111228,137.111228,136853617,136.853617,"(1, 300, 300, 3)",<class 'numpy.float32'>,"(1, 1)",<class 'numpy.float32'>,404972708430,2026-07-13T21:05:52Z
230,img_78cbe27d,0024vd,33.342308044433594,136676911,136.676911,136430725,136.430725,136174651,136.174651,"(1, 300, 300, 3)",<class 'numpy.float32'>,"(1, 1)",<class 'numpy.float32'>,405110129918,2026-07-13T21:05:53Z
231,img_0f8829d8,0122vd,15.711359024047852,136528448,136.528448,136226169,136.226169,135969891,135.969891,"(1, 300, 300, 3)",<class 'numpy.float32'>,"(1, 1)",<class 'numpy.float32'>,405246877626,2026-07-13T21:05:53Z
232,img_bc02c873,0137az,10.96391487121582,136277318,136.277318,136029021,136.029021,135771780,135.77178,"(1, 300, 300, 3)",<class 'numpy.float32'>,"(1, 1)",<class 'numpy.float32'>,405383475740,2026-07-13T21:05:53Z
233,img_d7714853,0010az,39.026092529296875,136452707,136.452707,136141392,136.141392,135884114,135.884114,"(1, 300, 300, 3)",<class 'numpy.float32'>,"(1, 1)",<class 'numpy.float32'>,405519823058,2026-07-13T21:05:53Z
234,img_54a2083d,11mf,11.833179473876953,136466151,136.466151,136219189,136.219189,135963817,135.963817,"(1, 300, 300, 3)",<class 'numpy.float32'>,"(1, 1)",<class 'numpy.float32'>,405656346617,2026-07-13T21:05:53Z
235,img_2de6b07f,0074,43.42338180541992,136055392,136.055392,135813984,135.813984,135559242,135.559242,"(1, 300, 300, 3)",<class 'numpy.float32'>,"(1, 1)",<class 'numpy.float32'>,405792883250,2026-07-13T21:05:53Z
236,img_bb3dd81f,0955,34.74637985229492,136959387,136.959387,136721460,136.72146,136463923,136.463923,"(1, 300, 300, 3)",<class 'numpy.float32'>,"(1, 1)",<class 'numpy.float32'>,405929008716,2026-07-13T21:05:53Z
237,img_f656dbc9,0005az,44.99998474121094,136111047,136.111047,135872417,135.872417,135613380,135.61338,"(1, 300, 300, 3)",<class 'numpy.float32'>,"(1, 1)",<class 'numpy.float32'>,406066038270,2026-07-13T21:05:54Z
238,img_f321f037,0101,45.59233856201172,135969029,135.969029,135725232,135.725232,135468343,135.468343,"(1, 300, 300, 3)",<class 'numpy.float32'>,"(1, 1)",<class 'numpy.float32'>,406202222576,2026-07-13T21:05:54Z
239,img_f013e697,608azf,16.643749237060547,136231473,136.231473,135988028,135.988028,135731250,135.73125,"(1, 300, 300, 3)",<class 'numpy.float32'>,"(1, 1)",<class 'numpy.float32'>,406338263253,2026-07-13T21:05:54Z
240,img_1270c363,0741,34.52978515625,136229159,136.229159,135985621,135.985621,135727565,135.727565,"(1, 300, 300, 3)",<class 'numpy.float32'>,"(1, 1)",<class 'numpy.float32'>,406474564023,2026-07-13T21:05:54Z
241,img_ce8c0589,0008vm,38.13360595703125,136167214,136.167214,135920158,135.920158,135662695,135.662695,"(1, 300, 300, 3)",<class 'numpy.float32'>,"(1, 1)",<class 'numpy.float32'>,406610864830,2026-07-13T21:05:54Z
242,img_8471c82d,0918,35.50029754638672,136034899,136.034899,135793991,135.793991,135540120,135.54012,"(1, 300, 300, 3)",<class 'numpy.float32'>,"(1, 1)",<class 'numpy.float32'>,406747103062,2026-07-13T21:05:54Z
243,img_66fa183f,0008vd,47.449127197265625,136140137,136.140137,135886026,135.886026,135631544,135.631544,"(1, 300, 300, 3)",<class 'numpy.float32'>,"(1, 1)",<class 'numpy.float32'>,406883206758,2026-07-13T21:05:54Z
244,img_e4056729,0806ro,40.613494873046875,136387704,136.387704,136139110,136.13911,135883777,135.883777,"(1, 300, 300, 3)",<class 'numpy.float32'>,"(1, 1)",<class 'numpy.float32'>,407019416655,2026-07-13T21:05:55Z
245,img_f669bd52,0507,12.653099060058594,136178796,136.178796,135913833,135.913833,135604258,135.604258,"(1, 300, 300, 3)",<class 'numpy.float32'>,"(1, 1)",<class 'numpy.float32'>,407155874099,2026-07-13T21:05:55Z
246,img_4720e3f9,0275,58.08795928955078,136082481,136.082481,135835185,135.835185,135576128,135.576128,"(1, 300, 300, 3)",<class 'numpy.float32'>,"(1, 1)",<class 'numpy.float32'>,407292124265,2026-07-13T21:05:55Z
247,img_4b117eec,0059,101.52500915527344,136309296,136.309296,136072536,136.072536,135815388,135.815388,"(1, 300, 300, 3)",<class 'numpy.float32'>,"(1, 1)",<class 'numpy.float32'>,407428276728,2026-07-13T21:05:55Z
248,img_34fc282e,10mf,12.141157150268555,136054351,136.054351,135811054,135.811054,135556795,135.556795,"(1, 300, 300, 3)",<class 'numpy.float32'>,"(1, 1)",<class 'numpy.float32'>,407564658394,2026-07-13T21:05:55Z
249,img_ff4a87ce,0955,49.50210189819336,136153036,136.153036,135915092,135.915092,135657980,135.65798,"(1, 300, 300, 3)",<class 'numpy.float32'>,"(1, 1)",<class 'numpy.float32'>,407700783745,2026-07-13T21:05:55Z
250,img_5d40026e,0985,19.805763244628906,136085555,136.085555,135835036,135.835036,135571443,135.571443,"(1, 300, 300, 3)",<class 'numpy.float32'>,"(1, 1)",<class 'numpy.float32'>,407837006375,2026-07-13T21:05:55Z
251,img_04ca4546,11mf,10.9168701171875,137326085,137.326085,137089473,137.089473,136831380,136.83138,"(1, 300, 300, 3)",<class 'numpy.float32'>,"(1, 1)",<class 'numpy.float32'>,407973161800,2026-07-13T21:05:55Z
252,img_398d143b,0067vd,30.73881721496582,135997396,135.997396,135725840,135.72584,135470469,135.470469,"(1, 300, 300, 3)",<class 'numpy.float32'>,"(1, 1)",<class 'numpy.float32'>,408110558125,2026-07-13T21:05:56Z
253,img_0c29c109,03mf,13.209789276123047,136068767,136.068767,135826118,135.826118,135566229,135.566229,"(1, 300, 300, 3)",<class 'numpy.float32'>,"(1, 1)",<class 'numpy.float32'>,408246625132,2026-07-13T21:05:56Z
254,img_f846a55d,01mf,15.768843650817871,136428027,136.428027,136093063,136.093063,135832377,135.832377,"(1, 300, 300, 3)",<class 'numpy.float32'>,"(1, 1)",<class 'numpy.float32'>,408382765288,2026-07-13T21:05:56Z
255,img_86fa20cb,0792,24.272533416748047,136059026,136.059026,135820210,135.82021,135563896,135.563896,"(1, 300, 300, 3)",<class 'numpy.float32'>,"(1, 1)",<class 'numpy.float32'>,408519280240,2026-07-13T21:05:56Z
256,img_b3d99f96,0987,16.77386474609375,135975711,135.975711,135733006,135.733006,135475377,135.475377,"(1, 300, 300, 3)",<class 'numpy.float32'>,"(1, 1)",<class 'numpy.float32'>,408655408470,2026-07-13T21:05:56Z
257,img_4a74451e,0059az,36.75420379638672,136294896,136.294896,136058748,136.058748,135800414,135.800414,"(1, 300, 300, 3)",<class 'numpy.float32'>,"(1, 1)",<class 'numpy.float32'>,408791454199,2026-07-13T21:05:56Z
258,img_0a8c5905,0505,11.65190315246582,136918928,136.918928,136653336,136.653336,136397946,136.397946,"(1, 300, 300, 3)",<class 'numpy.float32'>,"(1, 1)",<class 'numpy.float32'>,408927821429,2026-07-13T21:05:56Z
259,img_9c344008,0918,33.157432556152344,136280793,136.280793,136032423,136.032423,135773329,135.773329,"(1, 300, 300, 3)",<class 'numpy.float32'>,"(1, 1)",<class 'numpy.float32'>,409064807376,2026-07-13T21:05:57Z
260,img_6abcd27a,1003,6.322659492492676,136403738,136.403738,136154923,136.154923,135897071,135.897071,"(1, 300, 300, 3)",<class 'numpy.float32'>,"(1, 1)",<class 'numpy.float32'>,409201156095,2026-07-13T21:05:57Z
261,img_9331484a,02mf,14.012933731079102,136716961,136.716961,136415367,136.415367,136156386,136.156386,"(1, 300, 300, 3)",<class 'numpy.float32'>,"(1, 1)",<class 'numpy.float32'>,409337630611,2026-07-13T21:05:57Z
262,img_bc02c873,0137az,10.96391487121582,136315738,136.315738,136069534,136.069534,135811607,135.811607,"(1, 300, 300, 3)",<class 'numpy.float32'>,"(1, 1)",<class 'numpy.float32'>,409474418350,2026-07-13T21:05:57Z
263,img_d1574a7b,0057,41.99812316894531,135994163,135.994163,135744478,135.744478,135488403,135.488403,"(1, 300, 300, 3)",<class 'numpy.float32'>,"(1, 1)",<class 'numpy.float32'>,409610804180,2026-07-13T21:05:57Z
264,img_481e7769,0200,37.78234100341797,136181145,136.181145,135920830,135.92083,135665700,135.6657,"(1, 300, 300, 3)",<class 'numpy.float32'>,"(1, 1)",<class 'numpy.float32'>,409746868177,2026-07-13T21:05:57Z
265,img_39e4c2e4,0217,45.14812088012695,136462199,136.462199,136135717,136.135717,135877938,135.877938,"(1, 300, 300, 3)",<class 'numpy.float32'>,"(1, 1)",<class 'numpy.float32'>,409883120044,2026-07-13T21:05:57Z
266,img_58e70f75,0998,12.698692321777344,136606284,136.606284,136358913,136.358913,136069986,136.069986,"(1, 300, 300, 3)",<class 'numpy.float32'>,"(1, 1)",<class 'numpy.float32'>,410019652372,2026-07-13T21:05:58Z
267,img_37d64800,1001,5.558783531188965,136131042,136.131042,135886394,135.886394,135630189,135.630189,"(1, 300, 300, 3)",<class 'numpy.float32'>,"(1, 1)",<class 'numpy.float32'>,410156330526,2026-07-13T21:05:58Z
268,img_067fd1d3,0438,36.25115966796875,136032486,136.032486,135783449,135.783449,135522967,135.522967,"(1, 300, 300, 3)",<class 'numpy.float32'>,"(1, 1)",<class 'numpy.float32'>,410292537513,2026-07-13T21:05:58Z
269,img_71ff25d1,66vdf,11.051061630249023,136249561,136.249561,136001320,136.00132,135742819,135.742819,"(1, 300, 300, 3)",<class 'numpy.float32'>,"(1, 1)",<class 'numpy.float32'>,410428644740,2026-07-13T21:05:58Z
270,img_efff8004,0068vds2,41.581390380859375,135955449,135.955449,135707523,135.707523,135450912,135.450912,"(1, 300, 300, 3)",<class 'numpy.float32'>,"(1, 1)",<class 'numpy.float32'>,410564967467,2026-07-13T21:05:58Z
271,img_db793e79,0610az,41.19572448730469,136198487,136.198487,135961245,135.961245,135700245,135.700245,"(1, 300, 300, 3)",<class 'numpy.float32'>,"(1, 1)",<class 'numpy.float32'>,410700994454,2026-07-13T21:05:58Z
272,img_fef8d71a,0983,13.828012466430664,136034967,136.034967,135796338,135.796338,135538689,135.538689,"(1, 300, 300, 3)",<class 'numpy.float32'>,"(1, 1)",<class 'numpy.float32'>,410837263607,2026-07-13T21:05:58Z
273,img_bb9885a1,0253,49.61219024658203,137001571,137.001571,136765090,136.76509,136507218,136.507218,"(1, 300, 300, 3)",<class 'numpy.float32'>,"(1, 1)",<class 'numpy.float32'>,410973369445,2026-07-13T21:05:58Z
274,img_66073c07,0029am,10.881945610046387,135892754,135.892754,135657327,135.657327,135400234,135.400234,"(1, 300, 300, 3)",<class 'numpy.float32'>,"(1, 1)",<class 'numpy.float32'>,411110441387,2026-07-13T21:05:59Z
275,img_b2ace298,0121vd,9.426494598388672,136169255,136.169255,135930642,135.930642,135671975,135.671975,"(1, 300, 300, 3)",<class 'numpy.float32'>,"(1, 1)",<class 'numpy.float32'>,411246404363,2026-07-13T21:05:59Z
276,img_a636f334,608azf,16.816085815429688,136143884,136.143884,135908865,135.908865,135652494,135.652494,"(1, 300, 300, 3)",<class 'numpy.float32'>,"(1, 1)",<class 'numpy.float32'>,411382644191,2026-07-13T21:05:59Z
277,img_045204f0,0057,44.203147888183594,136109125,136.109125,135859846,135.859846,135603068,135.603068,"(1, 300, 300, 3)",<class 'numpy.float32'>,"(1, 1)",<class 'numpy.float32'>,411518856575,2026-07-13T21:05:59Z
278,img_e155f99b,0128,35.692298889160156,136563143,136.563143,136270014,136.270014,136015328,136.015328,"(1, 300, 300, 3)",<class 'numpy.float32'>,"(1, 1)",<class 'numpy.float32'>,411655035199,2026-07-13T21:05:59Z
279,img_f20b6315,04mf,10.751736640930176,136228903,136.228903,135996106,135.996106,135723235,135.723235,"(1, 300, 300, 3)",<class 'numpy.float32'>,"(1, 1)",<class 'numpy.float32'>,411791667954,2026-07-13T21:05:59Z
280,img_b7002087,0515vd,43.869285583496094,136004471,136.004471,135726544,135.726544,135466155,135.466155,"(1, 300, 300, 3)",<class 'numpy.float32'>,"(1, 1)",<class 'numpy.float32'>,411927967949,2026-07-13T21:05:59Z
281,img_f321f037,0101,45.59233856201172,136880375,136.880375,136637911,136.637911,136379596,136.379596,"(1, 300, 300, 3)",<class 'numpy.float32'>,"(1, 1)",<class 'numpy.float32'>,412064066679,2026-07-13T21:06:00Z
282,img_d8c15c7a,0013ro,41.023834228515625,136186281,136.186281,135941799,135.941799,135685725,135.685725,"(1, 300, 300, 3)",<class 'numpy.float32'>,"(1, 1)",<class 'numpy.float32'>,412201019164,2026-07-13T21:06:00Z
283,img_ce8c0589,0008vm,38.13360595703125,136111781,136.111781,135865762,135.865762,135610577,135.610577,"(1, 300, 300, 3)",<class 'numpy.float32'>,"(1, 1)",<class 'numpy.float32'>,412337276372,2026-07-13T21:06:00Z
284,img_59d26332,0020vd,39.70502471923828,136197318,136.197318,135950688,135.950688,135695558,135.695558,"(1, 300, 300, 3)",<class 'numpy.float32'>,"(1, 1)",<class 'numpy.float32'>,412473458301,2026-07-13T21:06:00Z
285,img_700f8727,0986,16.051359176635742,136108578,136.108578,135856152,135.856152,135596428,135.596428,"(1, 300, 300, 3)",<class 'numpy.float32'>,"(1, 1)",<class 'numpy.float32'>,412609725638,2026-07-13T21:06:00Z
286,img_626d0a45,0041vd,39.286338806152344,135980503,135.980503,135722985,135.722985,135463891,135.463891,"(1, 300, 300, 3)",<class 'numpy.float32'>,"(1, 1)",<class 'numpy.float32'>,412745905160,2026-07-13T21:06:00Z
287,img_66022258,0741,34.141517639160156,136243409,136.243409,136000019,136.000019,135744686,135.744686,"(1, 300, 300, 3)",<class 'numpy.float32'>,"(1, 1)",<class 'numpy.float32'>,412881955922,2026-07-13T21:06:00Z
288,img_52812e41,0059az,36.42546081542969,137059050,137.05905,136792642,136.792642,136533105,136.533105,"(1, 300, 300, 3)",<class 'numpy.float32'>,"(1, 1)",<class 'numpy.float32'>,413018269645,2026-07-13T21:06:01Z
289,img_74435edd,0141az,9.71391487121582,136192272,136.192272,135880789,135.880789,135621456,135.621456,"(1, 300, 300, 3)",<class 'numpy.float32'>,"(1, 1)",<class 'numpy.float32'>,413155402862,2026-07-13T21:06:01Z
290,img_1892d8f6,0048az,41.392356872558594,135830678,135.830678,135590438,135.590438,135309733,135.309733,"(1, 300, 300, 3)",<class 'numpy.float32'>,"(1, 1)",<class 'numpy.float32'>,413291681263,2026-07-13T21:06:01Z
291,img_68540bdb,0909,25.498056411743164,136567901,136.567901,136323049,136.323049,136041030,136.04103,"(1, 300, 300, 3)",<class 'numpy.float32'>,"(1, 1)",<class 'numpy.float32'>,413427583812,2026-07-13T21:06:01Z
292,img_f9a047a6,0126,40.37044143676758,135748845,135.748845,135496567,135.496567,135239789,135.239789,"(1, 300, 300, 3)",<class 'numpy.float32'>,"(1, 1)",<class 'numpy.float32'>,413564223713,2026-07-13T21:06:01Z
293,img_b3011203,0982,16.135162353515625,136439142,136.439142,136176604,136.176604,135917530,135.91753,"(1, 300, 300, 3)",<class 'numpy.float32'>,"(1, 1)",<class 'numpy.float32'>,413700064095,2026-07-13T21:06:01Z
294,img_71b1b87d,0002,45.830108642578125,136145086,136.145086,135904382,135.904382,135646104,135.646104,"(1, 300, 300, 3)",<class 'numpy.float32'>,"(1, 1)",<class 'numpy.float32'>,413836574552,2026-07-13T21:06:01Z
295,img_fb77fb38,0130az,17.750213623046875,137040282,137.040282,136791411,136.791411,136533633,136.533633,"(1, 300, 300, 3)",<class 'numpy.float32'>,"(1, 1)",<class 'numpy.float32'>,413972790694,2026-07-13T21:06:01Z
296,img_c91f16ae,0130az,17.793270111083984,136440650,136.44065,136132169,136.132169,135876484,135.876484,"(1, 300, 300, 3)",<class 'numpy.float32'>,"(1, 1)",<class 'numpy.float32'>,414109903013,2026-07-13T21:06:02Z
297,img_c02cbf24,0902br,44.686363220214844,136308947,136.308947,136061947,136.061947,135804817,135.804817,"(1, 300, 300, 3)",<class 'numpy.float32'>,"(1, 1)",<class 'numpy.float32'>,414246415905,2026-07-13T21:06:02Z
298,img_54cf8960,0458,45.08048629760742,136314299,136.314299,136069335,136.069335,135814131,135.814131,"(1, 300, 300, 3)",<class 'numpy.float32'>,"(1, 1)",<class 'numpy.float32'>,414382795777,2026-07-13T21:06:02Z
299,img_406f3c47,0026,38.373443603515625,136178465,136.178465,135935280,135.93528,135682724,135.682724,"(1, 300, 300, 3)",<class 'numpy.float32'>,"(1, 1)",<class 'numpy.float32'>,414519179799,2026-07-13T21:06:02Z
300,img_68d01918,0031az,39.417659759521484,136268910,136.26891,136004724,136.004724,135747576,135.747576,"(1, 300, 300, 3)",<class 'numpy.float32'>,"(1, 1)",<class 'numpy.float32'>,414655428523,2026-07-13T21:06:02Z
301,img_1533d5d4,0605az,40.82625961303711,136285299,136.285299,136022965,136.022965,135762798,135.762798,"(1, 300, 300, 3)",<class 'numpy.float32'>,"(1, 1)",<class 'numpy.float32'>,414791770192,2026-07-13T21:06:02Z
302,img_2a7029ba,0047,43.39717483520508,136349849,136.349849,136108923,136.108923,135850682,135.850682,"(1, 300, 300, 3)",<class 'numpy.float32'>,"(1, 1)",<class 'numpy.float32'>,414928130787,2026-07-13T21:06:02Z
303,img_88d337fa,0125vd,14.409381866455078,136698660,136.69866,136455345,136.455345,136197955,136.197955,"(1, 300, 300, 3)",<class 'numpy.float32'>,"(1, 1)",<class 'numpy.float32'>,415064554784,2026-07-13T21:06:03Z
304,img_4720e3f9,0275,58.08795928955078,136475105,136.475105,136230900,136.2309,135970770,135.97077,"(1, 300, 300, 3)",<class 'numpy.float32'>,"(1, 1)",<class 'numpy.float32'>,415201326648,2026-07-13T21:06:03Z
305,img_d6357430,09mf,9.454190254211426,136355771,136.355771,136112288,136.112288,135854011,135.854011,"(1, 300, 300, 3)",<class 'numpy.float32'>,"(1, 1)",<class 'numpy.float32'>,415337872734,2026-07-13T21:06:03Z
306,img_3891132e,0972,15.281335830688477,136329400,136.3294,136084900,136.0849,135827048,135.827048,"(1, 300, 300, 3)",<class 'numpy.float32'>,"(1, 1)",<class 'numpy.float32'>,415474302764,2026-07-13T21:06:03Z
307,img_b1475966,0133az,19.58222007751465,136289085,136.289085,136039641,136.039641,135781456,135.781456,"(1, 300, 300, 3)",<class 'numpy.float32'>,"(1, 1)",<class 'numpy.float32'>,415610701812,2026-07-13T21:06:03Z
308,img_81508342,0978,19.852344512939453,136732772,136.732772,136463030,136.46303,136204604,136.204604,"(1, 300, 300, 3)",<class 'numpy.float32'>,"(1, 1)",<class 'numpy.float32'>,415747064694,2026-07-13T21:06:03Z
309,img_65fa1f0a,0084az,42.29832077026367,136249694,136.249694,135978602,135.978602,135723360,135.72336,"(1, 300, 300, 3)",<class 'numpy.float32'>,"(1, 1)",<class 'numpy.float32'>,415883867539,2026-07-13T21:06:03Z
310,img_d69d5796,0263,42.055877685546875,137054151,137.054151,136817632,136.817632,136560983,136.560983,"(1, 300, 300, 3)",<class 'numpy.float32'>,"(1, 1)",<class 'numpy.float32'>,416020187197,2026-07-13T21:06:04Z
311,img_7094ee98,0005az,43.96757888793945,136249095,136.249095,136001150,136.00115,135744057,135.744057,"(1, 300, 300, 3)",<class 'numpy.float32'>,"(1, 1)",<class 'numpy.float32'>,416157310848,2026-07-13T21:06:04Z
312,img_267d47a1,0032az,43.04212188720703,136330131,136.330131,136082595,136.082595,135827001,135.827001,"(1, 300, 300, 3)",<class 'numpy.float32'>,"(1, 1)",<class 'numpy.float32'>,416293629516,2026-07-13T21:06:04Z
313,img_c10b7f02,0047az,40.77737808227539,136324742,136.324742,136087668,136.087668,135828557,135.828557,"(1, 300, 300, 3)",<class 'numpy.float32'>,"(1, 1)",<class 'numpy.float32'>,416430033481,2026-07-13T21:06:04Z
314,img_3c2eee6f,0129az,20.324604034423828,136058650,136.05865,135804964,135.804964,135547668,135.547668,"(1, 300, 300, 3)",<class 'numpy.float32'>,"(1, 1)",<class 'numpy.float32'>,416566429594,2026-07-13T21:06:04Z
315,img_1982da4d,0028vm,15.444564819335938,136490206,136.490206,136243150,136.24315,135984502,135.984502,"(1, 300, 300, 3)",<class 'numpy.float32'>,"(1, 1)",<class 'numpy.float32'>,416702558207,2026-07-13T21:06:04Z
316,img_8eb7daf0,1000,13.263221740722656,136097428,136.097428,135853224,135.853224,135596946,135.596946,"(1, 300, 300, 3)",<class 'numpy.float32'>,"(1, 1)",<class 'numpy.float32'>,416839117691,2026-07-13T21:06:04Z
317,img_fd73b93d,0612az,43.11301040649414,136139142,136.139142,135847215,135.847215,135589382,135.589382,"(1, 300, 300, 3)",<class 'numpy.float32'>,"(1, 1)",<class 'numpy.float32'>,416975284156,2026-07-13T21:06:04Z
318,img_ea41cbda,0035,32.510013580322266,136326771,136.326771,136084807,136.084807,135825066,135.825066,"(1, 300, 300, 3)",<class 'numpy.float32'>,"(1, 1)",<class 'numpy.float32'>,417111496816,2026-07-13T21:06:05Z
319,img_e49dd65f,0014s2,34.79153823852539,135976048,135.976048,135708159,135.708159,135450232,135.450232,"(1, 300, 300, 3)",<class 'numpy.float32'>,"(1, 1)",<class 'numpy.float32'>,417247896420,2026-07-13T21:06:05Z
320,img_e5b36d7d,0063vd,45.77045440673828,136131974,136.131974,135865937,135.865937,135607029,135.607029,"(1, 300, 300, 3)",<class 'numpy.float32'>,"(1, 1)",<class 'numpy.float32'>,417383947579,2026-07-13T21:06:05Z
321,img_5c35dbae,0030am,13.927492141723633,136010585,136.010585,135767844,135.767844,135507455,135.507455,"(1, 300, 300, 3)",<class 'numpy.float32'>,"(1, 1)",<class 'numpy.float32'>,417520151238,2026-07-13T21:06:05Z
322,img_0f8829d8,0122vd,15.711359024047852,136345215,136.345215,136046308,136.046308,135789678,135.789678,"(1, 300, 300, 3)",<class 'numpy.float32'>,"(1, 1)",<class 'numpy.float32'>,417656233471,2026-07-13T21:06:05Z
323,img_78cbe27d,0024vd,33.342308044433594,136223752,136.223752,135974345,135.974345,135715419,135.715419,"(1, 300, 300, 3)",<class 'numpy.float32'>,"(1, 1)",<class 'numpy.float32'>,417792653297,2026-07-13T21:06:05Z
324,img_6b594f13,0024vd,36.136688232421875,136373172,136.373172,136136098,136.136098,135874395,135.874395,"(1, 300, 300, 3)",<class 'numpy.float32'>,"(1, 1)",<class 'numpy.float32'>,417928951086,2026-07-13T21:06:05Z
325,img_9baf9efc,0183,48.82943344116211,136969521,136.969521,136731206,136.731206,136473613,136.473613,"(1, 300, 300, 3)",<class 'numpy.float32'>,"(1, 1)",<class 'numpy.float32'>,418065396722,2026-07-13T21:06:06Z
326,img_be8d08bd,0984,15.023943901062012,136035058,136.035058,135792705,135.792705,135535335,135.535335,"(1, 300, 300, 3)",<class 'numpy.float32'>,"(1, 1)",<class 'numpy.float32'>,418202437595,2026-07-13T21:06:06Z
327,img_be57e663,0024br,16.963939666748047,136207743,136.207743,135878595,135.878595,135622761,135.622761,"(1, 300, 300, 3)",<class 'numpy.float32'>,"(1, 1)",<class 'numpy.float32'>,418338542301,2026-07-13T21:06:06Z
328,img_0bf4988f,71azf,26.819623947143555,136034354,136.034354,135793039,135.793039,135536705,135.536705,"(1, 300, 300, 3)",<class 'numpy.float32'>,"(1, 1)",<class 'numpy.float32'>,418474822266,2026-07-13T21:06:06Z
329,img_f162316d,0458,44.74613952636719,136161335,136.161335,135927150,135.92715,135671372,135.671372,"(1, 300, 300, 3)",<class 'numpy.float32'>,"(1, 1)",<class 'numpy.float32'>,418610926675,2026-07-13T21:06:06Z
330,img_2442bfc6,0984,15.735031127929688,136103131,136.103131,135854705,135.854705,135597446,135.597446,"(1, 300, 300, 3)",<class 'numpy.float32'>,"(1, 1)",<class 'numpy.float32'>,418747158492,2026-07-13T21:06:06Z
331,img_defb782b,02mf,14.892553329467773,136041222,136.041222,135803259,135.803259,135545055,135.545055,"(1, 300, 300, 3)",<class 'numpy.float32'>,"(1, 1)",<class 'numpy.float32'>,418883331957,2026-07-13T21:06:06Z
332,img_4b762679,0508,12.993169784545898,136640382,136.640382,136394475,136.394475,136139271,136.139271,"(1, 300, 300, 3)",<class 'numpy.float32'>,"(1, 1)",<class 'numpy.float32'>,419019444272,2026-07-13T21:06:07Z
333,img_3d58c739,0993,12.850653648376465,136174770,136.17477,135936567,135.936567,135676214,135.676214,"(1, 300, 300, 3)",<class 'numpy.float32'>,"(1, 1)",<class 'numpy.float32'>,419156153487,2026-07-13T21:06:07Z
334,img_2a7b2e19,0214,59.0761604309082,136406086,136.406086,136165567,136.165567,135908215,135.908215,"(1, 300, 300, 3)",<class 'numpy.float32'>,"(1, 1)",<class 'numpy.float32'>,419292395832,2026-07-13T21:06:07Z
335,img_1b165427,0799,58.26462173461914,135936437,135.936437,135693233,135.693233,135435788,135.435788,"(1, 300, 300, 3)",<class 'numpy.float32'>,"(1, 1)",<class 'numpy.float32'>,419428874862,2026-07-13T21:06:07Z
336,img_a6999158,0247,44.27063751220703,136111160,136.11116,135800530,135.80053,135544307,135.544307,"(1, 300, 300, 3)",<class 'numpy.float32'>,"(1, 1)",<class 'numpy.float32'>,419564881207,2026-07-13T21:06:07Z
337,img_e8355567,0129az,23.46388816833496,136246438,136.246438,136003178,136.003178,135748326,135.748326,"(1, 300, 300, 3)",<class 'numpy.float32'>,"(1, 1)",<class 'numpy.float32'>,419701063126,2026-07-13T21:06:07Z
338,img_9d749bad,0119vd,18.890274047851562,136331493,136.331493,136077160,136.07716,135820752,135.820752,"(1, 300, 300, 3)",<class 'numpy.float32'>,"(1, 1)",<class 'numpy.float32'>,419837379619,2026-07-13T21:06:07Z
339,img_d8bacc0b,0456,46.49066162109375,136047448,136.047448,135781577,135.781577,135528318,135.528318,"(1, 300, 300, 3)",<class 'numpy.float32'>,"(1, 1)",<class 'numpy.float32'>,419973780353,2026-07-13T21:06:07Z
340,img_99a28fe9,0065vd,31.75726318359375,136422707,136.422707,136166725,136.166725,135910984,135.910984,"(1, 300, 300, 3)",<class 'numpy.float32'>,"(1, 1)",<class 'numpy.float32'>,420109898246,2026-07-13T21:06:08Z
341,img_d1c28f86,0059,97.08393859863281,136145595,136.145595,135860021,135.860021,135601650,135.60165,"(1, 300, 300, 3)",<class 'numpy.float32'>,"(1, 1)",<class 'numpy.float32'>,420246391915,2026-07-13T21:06:08Z
342,img_643abdce,1001,5.774954319000244,136402725,136.402725,136159095,136.159095,135902614,135.902614,"(1, 300, 300, 3)",<class 'numpy.float32'>,"(1, 1)",<class 'numpy.float32'>,420382607621,2026-07-13T21:06:08Z
343,img_ade529db,902brf,15.038928031921387,136053817,136.053817,135732503,135.732503,135477039,135.477039,"(1, 300, 300, 3)",<class 'numpy.float32'>,"(1, 1)",<class 'numpy.float32'>,420519080050,2026-07-13T21:06:08Z
344,img_90f2fa8c,67vdf,5.893862724304199,136152355,136.152355,135915835,135.915835,135659761,135.659761,"(1, 300, 300, 3)",<class 'numpy.float32'>,"(1, 1)",<class 'numpy.float32'>,420655202923,2026-07-13T21:06:08Z
345,img_0088aae4,0014,38.463356018066406,136353854,136.353854,136086725,136.086725,135829965,135.829965,"(1, 300, 300, 3)",<class 'numpy.float32'>,"(1, 1)",<class 'numpy.float32'>,420791425037,2026-07-13T21:06:08Z
346,img_0d36d704,0472,39.592796325683594,136384146,136.384146,136115257,136.115257,135861127,135.861127,"(1, 300, 300, 3)",<class 'numpy.float32'>,"(1, 1)",<class 'numpy.float32'>,420927849392,2026-07-13T21:06:08Z
347,img_6fa34074,0062,41.16815185546875,136590402,136.590402,136356309,136.356309,136095790,136.09579,"(1, 300, 300, 3)",<class 'numpy.float32'>,"(1, 1)",<class 'numpy.float32'>,421064306316,2026-07-13T21:06:09Z
348,img_66188ff3,0011br,37.89479064941406,136333475,136.333475,136029623,136.029623,135769605,135.769605,"(1, 300, 300, 3)",<class 'numpy.float32'>,"(1, 1)",<class 'numpy.float32'>,421200968236,2026-07-13T21:06:09Z
349,img_32e336d7,0977,20.01544189453125,136302216,136.302216,136061290,136.06129,135801216,135.801216,"(1, 300, 300, 3)",<class 'numpy.float32'>,"(1, 1)",<class 'numpy.float32'>,421337371360,2026-07-13T21:06:09Z
350,img_84e0fc6b,0278,39.92445373535156,136136383,136.136383,135893308,135.893308,135633975,135.633975,"(1, 300, 300, 3)",<class 'numpy.float32'>,"(1, 1)",<class 'numpy.float32'>,421473744317,2026-07-13T21:06:09Z
351,img_e689bda8,0606az,46.06519317626953,135998605,135.998605,135754308,135.754308,135497605,135.497605,"(1, 300, 300, 3)",<class 'numpy.float32'>,"(1, 1)",<class 'numpy.float32'>,421609953515,2026-07-13T21:06:09Z
352,img_ddc1ec9c,0020vd,38.921783447265625,135891957,135.891957,135653068,135.653068,135395920,135.39592,"(1, 300, 300, 3)",<class 'numpy.float32'>,"(1, 1)",<class 'numpy.float32'>,421746036583,2026-07-13T21:06:09Z
353,img_54a2083d,11mf,11.833179473876953,136295085,136.295085,136046492,136.046492,135786955,135.786955,"(1, 300, 300, 3)",<class 'numpy.float32'>,"(1, 1)",<class 'numpy.float32'>,421881999132,2026-07-13T21:06:09Z
354,img_22a70e3c,0006,42.27538299560547,136447504,136.447504,136167300,136.1673,135911671,135.911671,"(1, 300, 300, 3)",<class 'numpy.float32'>,"(1, 1)",<class 'numpy.float32'>,422018368291,2026-07-13T21:06:10Z
355,img_ec239f24,0009vd,38.699806213378906,136726727,136.726727,136454634,136.454634,136197189,136.197189,"(1, 300, 300, 3)",<class 'numpy.float32'>,"(1, 1)",<class 'numpy.float32'>,422154886813,2026-07-13T21:06:10Z
356,img_8c46ef50,0275,63.51951599121094,136055374,136.055374,135809523,135.809523,135524874,135.524874,"(1, 300, 300, 3)",<class 'numpy.float32'>,"(1, 1)",<class 'numpy.float32'>,422291684966,2026-07-13T21:06:10Z
357,img_65e66414,000742,41.947471618652344,136364560,136.36456,136098541,136.098541,135839429,135.839429,"(1, 300, 300, 3)",<class 'numpy.float32'>,"(1, 1)",<class 'numpy.float32'>,422427811007,2026-07-13T21:06:10Z
358,img_af8f989e,0127vd,14.6907377243042,136638838,136.638838,136398708,136.398708,136138874,136.138874,"(1, 300, 300, 3)",<class 'numpy.float32'>,"(1, 1)",<class 'numpy.float32'>,422564247400,2026-07-13T21:06:10Z
359,img_21b62be1,0029,35.915794372558594,136685449,136.685449,136444726,136.444726,136186559,136.186559,"(1, 300, 300, 3)",<class 'numpy.float32'>,"(1, 1)",<class 'numpy.float32'>,422700960589,2026-07-13T21:06:10Z
360,img_1c0a3b96,0027vm,19.78860855102539,136625856,136.625856,136384337,136.384337,136126374,136.126374,"(1, 300, 300, 3)",<class 'numpy.float32'>,"(1, 1)",<class 'numpy.float32'>,422837720723,2026-07-13T21:06:10Z
361,img_53c77f45,0135az,13.213532447814941,136356329,136.356329,136117218,136.117218,135856811,135.856811,"(1, 300, 300, 3)",<class 'numpy.float32'>,"(1, 1)",<class 'numpy.float32'>,422974435283,2026-07-13T21:06:10Z
362,img_eda3dd2f,0463,44.36212158203125,137356126,137.356126,137050940,137.05094,136793551,136.793551,"(1, 300, 300, 3)",<class 'numpy.float32'>,"(1, 1)",<class 'numpy.float32'>,423110861224,2026-07-13T21:06:11Z
363,img_02da6c8b,0510,10.24378490447998,136597681,136.597681,136359829,136.359829,136104884,136.104884,"(1, 300, 300, 3)",<class 'numpy.float32'>,"(1, 1)",<class 'numpy.float32'>,423248287276,2026-07-13T21:06:11Z
364,img_ec031396,0009vd,38.13186264038086,136420014,136.420014,136164310,136.16431,135905940,135.90594,"(1, 300, 300, 3)",<class 'numpy.float32'>,"(1, 1)",<class 'numpy.float32'>,423384955734,2026-07-13T21:06:11Z
365,img_cd7ae6cc,0101,44.151546478271484,136535106,136.535106,136289292,136.289292,136031237,136.031237,"(1, 300, 300, 3)",<class 'numpy.float32'>,"(1, 1)",<class 'numpy.float32'>,423521444582,2026-07-13T21:06:11Z
366,img_5fee5485,03mf,14.283479690551758,136481533,136.481533,136186292,136.186292,135929958,135.929958,"(1, 300, 300, 3)",<class 'numpy.float32'>,"(1, 1)",<class 'numpy.float32'>,423658050059,2026-07-13T21:06:11Z
367,img_c3953343,0992,15.770536422729492,136360718,136.360718,136124032,136.124032,135867477,135.867477,"(1, 300, 300, 3)",<class 'numpy.float32'>,"(1, 1)",<class 'numpy.float32'>,423794601370,2026-07-13T21:06:11Z
368,img_92b531e2,802rof,17.92634391784668,136094806,136.094806,135854268,135.854268,135596046,135.596046,"(1, 300, 300, 3)",<class 'numpy.float32'>,"(1, 1)",<class 'numpy.float32'>,423931034199,2026-07-13T21:06:11Z
369,img_902f7e7b,05mf,16.165729522705078,136737358,136.737358,136446821,136.446821,136189450,136.18945,"(1, 300, 300, 3)",<class 'numpy.float32'>,"(1, 1)",<class 'numpy.float32'>,424067198337,2026-07-13T21:06:12Z
370,img_8ac22cc6,0068vd,39.00261688232422,136262358,136.262358,136014820,136.01482,135755061,135.755061,"(1, 300, 300, 3)",<class 'numpy.float32'>,"(1, 1)",<class 'numpy.float32'>,424204029399,2026-07-13T21:06:12Z
371,img_08086259,0988,16.979520797729492,136188783,136.188783,135872228,135.872228,135614432,135.614432,"(1, 300, 300, 3)",<class 'numpy.float32'>,"(1, 1)",<class 'numpy.float32'>,424340363238,2026-07-13T21:06:12Z
372,img_18723ff2,0006,64.96923828125,136409506,136.409506,136173747,136.173747,135917487,135.917487,"(1, 300, 300, 3)",<class 'numpy.float32'>,"(1, 1)",<class 'numpy.float32'>,424476623096,2026-07-13T21:06:12Z
373,img_bb3dd81f,0955,34.74637985229492,136476358,136.476358,136235635,136.235635,135978654,135.978654,"(1, 300, 300, 3)",<class 'numpy.float32'>,"(1, 1)",<class 'numpy.float32'>,424613103935,2026-07-13T21:06:12Z
374,img_c7e39bf5,0473,37.783447265625,136523728,136.523728,136275876,136.275876,136022135,136.022135,"(1, 300, 300, 3)",<class 'numpy.float32'>,"(1, 1)",<class 'numpy.float32'>,424749649793,2026-07-13T21:06:12Z
375,img_583896e7,0456,42.0555534362793,136435541,136.435541,136142948,136.142948,135883411,135.883411,"(1, 300, 300, 3)",<class 'numpy.float32'>,"(1, 1)",<class 'numpy.float32'>,424886244280,2026-07-13T21:06:12Z
376,img_e4056729,0806ro,40.613494873046875,136389645,136.389645,136143645,136.143645,135886572,135.886572,"(1, 300, 300, 3)",<class 'numpy.float32'>,"(1, 1)",<class 'numpy.float32'>,425022753988,2026-07-13T21:06:13Z
377,img_7dd3a1ca,0217,45.66867446899414,136539387,136.539387,136300182,136.300182,136043775,136.043775,"(1, 300, 300, 3)",<class 'numpy.float32'>,"(1, 1)",<class 'numpy.float32'>,425159214856,2026-07-13T21:06:13Z
378,img_a17a6d6e,0170,31.08458137512207,136425942,136.425942,136153720,136.15372,135898201,135.898201,"(1, 300, 300, 3)",<class 'numpy.float32'>,"(1, 1)",<class 'numpy.float32'>,425295824316,2026-07-13T21:06:13Z
379,img_b7f71da9,0210,41.001121520996094,136438553,136.438553,136191831,136.191831,135933109,135.933109,"(1, 300, 300, 3)",<class 'numpy.float32'>,"(1, 1)",<class 'numpy.float32'>,425432319851,2026-07-13T21:06:13Z
380,img_c401f39b,0134az,13.98538589477539,136369923,136.369923,136126497,136.126497,135866349,135.866349,"(1, 300, 300, 3)",<class 'numpy.float32'>,"(1, 1)",<class 'numpy.float32'>,425568830590,2026-07-13T21:06:13Z
381,img_d85fb6da,0071vd,40.35026168823242,136521479,136.521479,136273905,136.273905,136015590,136.01559,"(1, 300, 300, 3)",<class 'numpy.float32'>,"(1, 1)",<class 'numpy.float32'>,425705270828,2026-07-13T21:06:13Z
382,img_57f83d30,04mf,11.648083686828613,136532590,136.53259,136288072,136.288072,136032423,136.032423,"(1, 300, 300, 3)",<class 'numpy.float32'>,"(1, 1)",<class 'numpy.float32'>,425841865529,2026-07-13T21:06:13Z
383,img_a2ed1545,0124vd,13.710417747497559,136307453,136.307453,135995156,135.995156,135737027,135.737027,"(1, 300, 300, 3)",<class 'numpy.float32'>,"(1, 1)",<class 'numpy.float32'>,425978469435,2026-07-13T21:06:13Z
384,img_abe074ff,0502vd,42.01985168457031,137191750,137.19175,136948934,136.948934,136692712,136.692712,"(1, 300, 300, 3)",<class 'numpy.float32'>,"(1, 1)",<class 'numpy.float32'>,426114848480,2026-07-13T21:06:14Z
385,img_2de6b07f,0074,43.42338180541992,136416119,136.416119,136172583,136.172583,135915545,135.915545,"(1, 300, 300, 3)",<class 'numpy.float32'>,"(1, 1)",<class 'numpy.float32'>,426252114118,2026-07-13T21:06:14Z
386,img_02774d0d,0069az,36.927223205566406,136619415,136.619415,136370490,136.37049,136114508,136.114508,"(1, 300, 300, 3)",<class 'numpy.float32'>,"(1, 1)",<class 'numpy.float32'>,426388602849,2026-07-13T21:06:14Z
387,img_6622faaa,0131az,15.62411880493164,136272823,136.272823,136027249,136.027249,135768545,135.768545,"(1, 300, 300, 3)",<class 'numpy.float32'>,"(1, 1)",<class 'numpy.float32'>,426525293116,2026-07-13T21:06:14Z
388,img_25d5977e,0219,52.1381950378418,136514360,136.51436,136273583,136.273583,136017582,136.017582,"(1, 300, 300, 3)",<class 'numpy.float32'>,"(1, 1)",<class 'numpy.float32'>,426661636402,2026-07-13T21:06:14Z
389,img_c43bedbb,0188,32.23059844970703,136152341,136.152341,135890527,135.890527,135632860,135.63286,"(1, 300, 300, 3)",<class 'numpy.float32'>,"(1, 1)",<class 'numpy.float32'>,426798220892,2026-07-13T21:06:14Z
390,img_a665b219,806rof,18.971851348876953,136388151,136.388151,136140744,136.140744,135885614,135.885614,"(1, 300, 300, 3)",<class 'numpy.float32'>,"(1, 1)",<class 'numpy.float32'>,426934444289,2026-07-13T21:06:14Z
391,img_57741786,0247,43.02719497680664,136574408,136.574408,136243037,136.243037,135986630,135.98663,"(1, 300, 300, 3)",<class 'numpy.float32'>,"(1, 1)",<class 'numpy.float32'>,427070906181,2026-07-13T21:06:15Z
392,img_8b08b8dc,0063vd,45.38927459716797,136470000,136.47,136157259,136.157259,135845389,135.845389,"(1, 300, 300, 3)",<class 'numpy.float32'>,"(1, 1)",<class 'numpy.float32'>,427207551570,2026-07-13T21:06:15Z
393,img_45a7e870,0128vd,5.657727241516113,136280852,136.280852,136035278,136.035278,135774685,135.774685,"(1, 300, 300, 3)",<class 'numpy.float32'>,"(1, 1)",<class 'numpy.float32'>,427344093107,2026-07-13T21:06:15Z
394,img_0cff535c,0963,31.82773208618164,136303519,136.303519,136065407,136.065407,135807241,135.807241,"(1, 300, 300, 3)",<class 'numpy.float32'>,"(1, 1)",<class 'numpy.float32'>,427480445645,2026-07-13T21:06:15Z
395,img_480d0d20,0607az,42.89715576171875,136144908,136.144908,135894796,135.894796,135639463,135.639463,"(1, 300, 300, 3)",<class 'numpy.float32'>,"(1, 1)",<class 'numpy.float32'>,427616821515,2026-07-13T21:06:15Z
396,img_dcc9e581,0131az,18.104541778564453,136216833,136.216833,135977185,135.977185,135718945,135.718945,"(1, 300, 300, 3)",<class 'numpy.float32'>,"(1, 1)",<class 'numpy.float32'>,427753054275,2026-07-13T21:06:15Z
397,img_c08c15d6,0937,27.304065704345703,136173905,136.173905,135923794,135.923794,135667128,135.667128,"(1, 300, 300, 3)",<class 'numpy.float32'>,"(1, 1)",<class 'numpy.float32'>,427889342627,2026-07-13T21:06:15Z
398,img_8471c82d,0918,35.50029754638672,136366178,136.366178,136126029,136.126029,135867048,135.867048,"(1, 300, 300, 3)",<class 'numpy.float32'>,"(1, 1)",<class 'numpy.float32'>,428025590069,2026-07-13T21:06:16Z
399,img_3bdf4a7e,0974,15.77151870727539,137288289,137.288289,137041325,137.041325,136782215,136.782215,"(1, 300, 300, 3)",<class 'numpy.float32'>,"(1, 1)",<class 'numpy.float32'>,428162027543,2026-07-13T21:06:16Z
400,img_7cea1db1,0116vd,20.822561264038086,135948289,135.948289,135708270,135.70827,135450233,135.450233,"(1, 300, 300, 3)",<class 'numpy.float32'>,"(1, 1)",<class 'numpy.float32'>,428299385665,2026-07-13T21:06:16Z
401,img_d8ab6fe6,0605az,43.06576156616211,136406640,136.40664,136174696,136.174696,135918196,135.918196,"(1, 300, 300, 3)",<class 'numpy.float32'>,"(1, 1)",<class 'numpy.float32'>,428435404528,2026-07-13T21:06:16Z
402,img_cc0c61fa,0053az,42.201663970947266,136384048,136.384048,136029492,136.029492,135772085,135.772085,"(1, 300, 300, 3)",<class 'numpy.float32'>,"(1, 1)",<class 'numpy.float32'>,428571883631,2026-07-13T21:06:16Z
403,img_b1bf465f,014bmf,16.605369567871094,136432381,136.432381,136189493,136.189493,135928992,135.928992,"(1, 300, 300, 3)",<class 'numpy.float32'>,"(1, 1)",<class 'numpy.float32'>,428708339087,2026-07-13T21:06:16Z
404,img_d89d0ee4,0995,14.249486923217773,136212067,136.212067,135971437,135.971437,135715603,135.715603,"(1, 300, 300, 3)",<class 'numpy.float32'>,"(1, 1)",<class 'numpy.float32'>,428844841005,2026-07-13T21:06:16Z
405,img_207b7947,0428,41.82135009765625,136246744,136.246744,136008856,136.008856,135750448,135.750448,"(1, 300, 300, 3)",<class 'numpy.float32'>,"(1, 1)",<class 'numpy.float32'>,428981122386,2026-07-13T21:06:16Z
406,img_4753a460,0029am,11.535605430603027,137001484,137.001484,136757726,136.757726,136502244,136.502244,"(1, 300, 300, 3)",<class 'numpy.float32'>,"(1, 1)",<class 'numpy.float32'>,429117439242,2026-07-13T21:06:17Z
407,img_f656dbc9,0005az,44.99998474121094,136355744,136.355744,136116059,136.116059,135857744,135.857744,"(1, 300, 300, 3)",<class 'numpy.float32'>,"(1, 1)",<class 'numpy.float32'>,429254509986,2026-07-13T21:06:17Z
408,img_e48b6ab3,0473,37.0084228515625,136166355,136.166355,135921540,135.92154,135666004,135.666004,"(1, 300, 300, 3)",<class 'numpy.float32'>,"(1, 1)",<class 'numpy.float32'>,429390936230,2026-07-13T21:06:17Z
409,img_a082efe5,0055,43.835079193115234,136408836,136.408836,136169503,136.169503,135910447,135.910447,"(1, 300, 300, 3)",<class 'numpy.float32'>,"(1, 1)",<class 'numpy.float32'>,429527174270,2026-07-13T21:06:17Z
410,img_836c2089,0007vm,43.547306060791016,136280244,136.280244,136031263,136.031263,135754170,135.75417,"(1, 300, 300, 3)",<class 'numpy.float32'>,"(1, 1)",<class 'numpy.float32'>,429663654051,2026-07-13T21:06:17Z
411,img_d7714853,0010az,39.026092529296875,136064429,136.064429,135774151,135.774151,135515521,135.515521,"(1, 300, 300, 3)",<class 'numpy.float32'>,"(1, 1)",<class 'numpy.float32'>,429800025499,2026-07-13T21:06:17Z
412,img_4101da6d,0511,11.159414291381836,136475110,136.47511,136227851,136.227851,135967906,135.967906,"(1, 300, 300, 3)",<class 'numpy.float32'>,"(1, 1)",<class 'numpy.float32'>,429936161687,2026-07-13T21:06:17Z
413,img_7c9b654e,0015,36.73228454589844,136240477,136.240477,135998236,135.998236,135738829,135.738829,"(1, 300, 300, 3)",<class 'numpy.float32'>,"(1, 1)",<class 'numpy.float32'>,430072707519,2026-07-13T21:06:18Z
414,img_1de68bdb,1005,56.228973388671875,136724792,136.724792,136478810,136.47881,136224218,136.224218,"(1, 300, 300, 3)",<class 'numpy.float32'>,"(1, 1)",<class 'numpy.float32'>,430209022385,2026-07-13T21:06:18Z
415,img_b2d6c225,0608az,44.692359924316406,135919051,135.919051,135603180,135.60318,135347995,135.347995,"(1, 300, 300, 3)",<class 'numpy.float32'>,"(1, 1)",<class 'numpy.float32'>,430345819548,2026-07-13T21:06:18Z
416,img_13863c25,0044,28.564022064208984,136453662,136.453662,136216736,136.216736,135961885,135.961885,"(1, 300, 300, 3)",<class 'numpy.float32'>,"(1, 1)",<class 'numpy.float32'>,430481811543,2026-07-13T21:06:18Z
417,img_915543b3,0021,28.38381576538086,136188458,136.188458,135945607,135.945607,135690792,135.690792,"(1, 300, 300, 3)",<class 'numpy.float32'>,"(1, 1)",<class 'numpy.float32'>,430618335650,2026-07-13T21:06:18Z
418,img_f013e697,608azf,16.643749237060547,136271329,136.271329,136028663,136.028663,135772458,135.772458,"(1, 300, 300, 3)",<class 'numpy.float32'>,"(1, 1)",<class 'numpy.float32'>,430754595442,2026-07-13T21:06:18Z
419,img_f669bd52,0507,12.653099060058594,136389957,136.389957,136151679,136.151679,135892845,135.892845,"(1, 300, 300, 3)",<class 'numpy.float32'>,"(1, 1)",<class 'numpy.float32'>,430890935919,2026-07-13T21:06:18Z
420,img_6f93fdf1,0024,40.93789291381836,136036007,136.036007,135788673,135.788673,135531488,135.531488,"(1, 300, 300, 3)",<class 'numpy.float32'>,"(1, 1)",<class 'numpy.float32'>,431027397320,2026-07-13T21:06:19Z
421,img_597bb1fa,0030am,21.383066177368164,136540377,136.540377,136296358,136.296358,136036636,136.036636,"(1, 300, 300, 3)",<class 'numpy.float32'>,"(1, 1)",<class 'numpy.float32'>,431163503364,2026-07-13T21:06:19Z
422,img_8c4a4900,0043az,28.00483512878418,136419026,136.419026,136167359,136.167359,135909655,135.909655,"(1, 300, 300, 3)",<class 'numpy.float32'>,"(1, 1)",<class 'numpy.float32'>,431300114056,2026-07-13T21:06:19Z
423,img_26f635ad,0126,39.09333038330078,136260544,136.260544,136015544,136.015544,135761747,135.761747,"(1, 300, 300, 3)",<class 'numpy.float32'>,"(1, 1)",<class 'numpy.float32'>,431436602989,2026-07-13T21:06:19Z
424,img_691b324d,0035,32.932254791259766,136427433,136.427433,136191748,136.191748,135932600,135.9326,"(1, 300, 300, 3)",<class 'numpy.float32'>,"(1, 1)",<class 'numpy.float32'>,431572935421,2026-07-13T21:06:19Z
425,img_4b073578,0138,45.671539306640625,136292062,136.292062,136046081,136.046081,135788099,135.788099,"(1, 300, 300, 3)",<class 'numpy.float32'>,"(1, 1)",<class 'numpy.float32'>,431709434021,2026-07-13T21:06:19Z
426,img_5aa4c124,0056,44.004154205322266,136429007,136.429007,136188970,136.18897,135931636,135.931636,"(1, 300, 300, 3)",<class 'numpy.float32'>,"(1, 1)",<class 'numpy.float32'>,431845799342,2026-07-13T21:06:19Z
427,img_482567cf,0903,33.052696228027344,136296110,136.29611,136057574,136.057574,135801611,135.801611,"(1, 300, 300, 3)",<class 'numpy.float32'>,"(1, 1)",<class 'numpy.float32'>,431982300756,2026-07-13T21:06:19Z
428,img_34fc282e,10mf,12.141157150268555,136601759,136.601759,136354981,136.354981,136093555,136.093555,"(1, 300, 300, 3)",<class 'numpy.float32'>,"(1, 1)",<class 'numpy.float32'>,432118667960,2026-07-13T21:06:20Z
429,img_17a5754d,0607az,46.43629455566406,136665685,136.665685,136217574,136.217574,135906221,135.906221,"(1, 300, 300, 3)",<class 'numpy.float32'>,"(1, 1)",<class 'numpy.float32'>,432255345793,2026-07-13T21:06:20Z
430,img_1270c363,0741,34.52978515625,135857481,135.857481,135617610,135.61761,135361518,135.361518,"(1, 300, 300, 3)",<class 'numpy.float32'>,"(1, 1)",<class 'numpy.float32'>,432392085662,2026-07-13T21:06:20Z
431,img_0acf6cf7,0041vd,40.847618103027344,136001555,136.001555,135708851,135.708851,135450833,135.450833,"(1, 300, 300, 3)",<class 'numpy.float32'>,"(1, 1)",<class 'numpy.float32'>,432528050606,2026-07-13T21:06:20Z
432,img_ba33f620,0963,31.031217575073242,136244592,136.244592,135955203,135.955203,135698296,135.698296,"(1, 300, 300, 3)",<class 'numpy.float32'>,"(1, 1)",<class 'numpy.float32'>,432664122809,2026-07-13T21:06:20Z
433,img_56ffae43,0071az,46.5162467956543,136328055,136.328055,136081055,136.081055,135818962,135.818962,"(1, 300, 300, 3)",<class 'numpy.float32'>,"(1, 1)",<class 'numpy.float32'>,432800439457,2026-07-13T21:06:20Z
434,img_5d40026e,0985,19.805763244628906,136352329,136.352329,136116198,136.116198,135858366,135.858366,"(1, 300, 300, 3)",<class 'numpy.float32'>,"(1, 1)",<class 'numpy.float32'>,432936838530,2026-07-13T21:06:20Z
435,img_2b90cad0,0197,38.93775177001953,136280011,136.280011,136040345,136.040345,135784344,135.784344,"(1, 300, 300, 3)",<class 'numpy.float32'>,"(1, 1)",<class 'numpy.float32'>,433073261433,2026-07-13T21:06:21Z
436,img_411e66a4,0986,17.217761993408203,136674622,136.674622,136433659,136.433659,136175048,136.175048,"(1, 300, 300, 3)",<class 'numpy.float32'>,"(1, 1)",<class 'numpy.float32'>,433209610740,2026-07-13T21:06:21Z
437,img_00a705ec,0468,38.494720458984375,136436937,136.436937,136126492,136.126492,135870122,135.870122,"(1, 300, 300, 3)",<class 'numpy.float32'>,"(1, 1)",<class 'numpy.float32'>,433346359621,2026-07-13T21:06:21Z
438,img_c3fe8b28,0010,40.07143783569336,136343159,136.343159,136103159,136.103159,135845751,135.845751,"(1, 300, 300, 3)",<class 'numpy.float32'>,"(1, 1)",<class 'numpy.float32'>,433482870428,2026-07-13T21:06:21Z
439,img_328f491c,0137az,12.46200180053711,136278251,136.278251,135998084,135.998084,135740307,135.740307,"(1, 300, 300, 3)",<class 'numpy.float32'>,"(1, 1)",<class 'numpy.float32'>,433619288476,2026-07-13T21:06:21Z
440,img_f5a2afbe,66vdf,12.613216400146484,136385677,136.385677,136137437,136.137437,135831159,135.831159,"(1, 300, 300, 3)",<class 'numpy.float32'>,"(1, 1)",<class 'numpy.float32'>,433755638098,2026-07-13T21:06:21Z
441,img_b3b15f95,0192,53.14537811279297,136344675,136.344675,136099064,136.099064,135837971,135.837971,"(1, 300, 300, 3)",<class 'numpy.float32'>,"(1, 1)",<class 'numpy.float32'>,433892095034,2026-07-13T21:06:21Z
442,img_5a32a536,0170,29.242904663085938,136512466,136.512466,136221856,136.221856,135966540,135.96654,"(1, 300, 300, 3)",<class 'numpy.float32'>,"(1, 1)",<class 'numpy.float32'>,434028510821,2026-07-13T21:06:22Z
443,img_0cdcf3db,0140qz,11.967992782592773,136804337,136.804337,136566004,136.566004,136307133,136.307133,"(1, 300, 300, 3)",<class 'numpy.float32'>,"(1, 1)",<class 'numpy.float32'>,434165093047,2026-07-13T21:06:22Z
444,img_336e3801,0978,19.838199615478516,136360930,136.36093,136113818,136.113818,135857078,135.857078,"(1, 300, 300, 3)",<class 'numpy.float32'>,"(1, 1)",<class 'numpy.float32'>,434301983532,2026-07-13T21:06:22Z
445,img_24f0bb69,0184,32.75190353393555,136133634,136.133634,135815708,135.815708,135560689,135.560689,"(1, 300, 300, 3)",<class 'numpy.float32'>,"(1, 1)",<class 'numpy.float32'>,434438416517,2026-07-13T21:06:22Z
446,img_d979a018,0050,32.99309539794922,136460059,136.460059,136224671,136.224671,135967597,135.967597,"(1, 300, 300, 3)",<class 'numpy.float32'>,"(1, 1)",<class 'numpy.float32'>,434574620076,2026-07-13T21:06:22Z
447,img_698972f2,0054az,42.76775360107422,136595708,136.595708,136336467,136.336467,136076392,136.076392,"(1, 300, 300, 3)",<class 'numpy.float32'>,"(1, 1)",<class 'numpy.float32'>,434711150209,2026-07-13T21:06:22Z
448,img_51fd6754,0066az,43.958621978759766,136635003,136.635003,136308133,136.308133,136047985,136.047985,"(1, 300, 300, 3)",<class 'numpy.float32'>,"(1, 1)",<class 'numpy.float32'>,434847816268,2026-07-13T21:06:22Z
449,img_4d6afedc,0024br,15.374067306518555,136364738,136.364738,136108645,136.108645,135850071,135.850071,"(1, 300, 300, 3)",<class 'numpy.float32'>,"(1, 1)",<class 'numpy.float32'>,434984522994,2026-07-13T21:06:22Z
450,img_e52fcbdd,0120vd,12.016135215759277,136468663,136.468663,136230997,136.230997,135974200,135.9742,"(1, 300, 300, 3)",<class 'numpy.float32'>,"(1, 1)",<class 'numpy.float32'>,435120958936,2026-07-13T21:06:23Z
451,img_aa9dadd6,0047,42.81288528442383,136953959,136.953959,136700793,136.700793,136443015,136.443015,"(1, 300, 300, 3)",<class 'numpy.float32'>,"(1, 1)",<class 'numpy.float32'>,435257497691,2026-07-13T21:06:23Z
452,img_0045b226,0041vds2,35.91507339477539,136206627,136.206627,135959590,135.95959,135701312,135.701312,"(1, 300, 300, 3)",<class 'numpy.float32'>,"(1, 1)",<class 'numpy.float32'>,435394525058,2026-07-13T21:06:23Z
453,img_18783af6,0993,14.686859130859375,136351497,136.351497,136111015,136.111015,135853367,135.853367,"(1, 300, 300, 3)",<class 'numpy.float32'>,"(1, 1)",<class 'numpy.float32'>,435530807277,2026-07-13T21:06:23Z
454,img_7e51cbbd,0120vd,11.846049308776855,136441775,136.441775,136204571,136.204571,135945923,135.945923,"(1, 300, 300, 3)",<class 'numpy.float32'>,"(1, 1)",<class 'numpy.float32'>,435667232866,2026-07-13T21:06:23Z
455,img_5035adb1,0020az,42.59600067138672,136409293,136.409293,136106478,136.106478,135844905,135.844905,"(1, 300, 300, 3)",<class 'numpy.float32'>,"(1, 1)",<class 'numpy.float32'>,435803744234,2026-07-13T21:06:23Z
456,img_263e6eca,0052az,45.88323974609375,136297382,136.297382,136048289,136.048289,135791196,135.791196,"(1, 300, 300, 3)",<class 'numpy.float32'>,"(1, 1)",<class 'numpy.float32'>,435940224156,2026-07-13T21:06:23Z
457,img_f6a24046,0118vd,22.73309326171875,136443083,136.443083,136202675,136.202675,135945508,135.945508,"(1, 300, 300, 3)",<class 'numpy.float32'>,"(1, 1)",<class 'numpy.float32'>,436076592408,2026-07-13T21:06:24Z
458,img_7be44f7c,0506vd,45.69586181640625,137168211,137.168211,136921212,136.921212,136664119,136.664119,"(1, 300, 300, 3)",<class 'numpy.float32'>,"(1, 1)",<class 'numpy.float32'>,436213110268,2026-07-13T21:06:24Z
459,img_72b41389,0034az,32.65892028808594,136296101,136.296101,136049453,136.049453,135790731,135.790731,"(1, 300, 300, 3)",<class 'numpy.float32'>,"(1, 1)",<class 'numpy.float32'>,436350349979,2026-07-13T21:06:24Z
460,img_3a964be8,0985,19.87146759033203,136460064,136.460064,136169712,136.169712,135911804,135.911804,"(1, 300, 300, 3)",<class 'numpy.float32'>,"(1, 1)",<class 'numpy.float32'>,436486716432,2026-07-13T21:06:24Z
461,img_90f5887c,0990,20.165569305419922,136258601,136.258601,136021194,136.021194,135761749,135.761749,"(1, 300, 300, 3)",<class 'numpy.float32'>,"(1, 1)",<class 'numpy.float32'>,436623250070,2026-07-13T21:06:24Z
462,img_b464c9bb,0138azs2,16.141447067260742,136511453,136.511453,136215675,136.215675,135935823,135.935823,"(1, 300, 300, 3)",<class 'numpy.float32'>,"(1, 1)",<class 'numpy.float32'>,436759578430,2026-07-13T21:06:24Z
463,img_96e5fa04,0068vd,39.11907196044922,136290802,136.290802,136038784,136.038784,135779358,135.779358,"(1, 300, 300, 3)",<class 'numpy.float32'>,"(1, 1)",<class 'numpy.float32'>,436896162679,2026-07-13T21:06:24Z
464,img_3bbca2aa,0428,39.5522575378418,136368965,136.368965,136043706,136.043706,135784761,135.784761,"(1, 300, 300, 3)",<class 'numpy.float32'>,"(1, 1)",<class 'numpy.float32'>,437032527759,2026-07-13T21:06:25Z
465,img_49c4d6a0,0262,49.852935791015625,137076557,137.076557,136838779,136.838779,136583816,136.583816,"(1, 300, 300, 3)",<class 'numpy.float32'>,"(1, 1)",<class 'numpy.float32'>,437168971187,2026-07-13T21:06:25Z
466,img_c61f1e04,0995,27.516983032226562,136368094,136.368094,136132354,136.132354,135875150,135.87515,"(1, 300, 300, 3)",<class 'numpy.float32'>,"(1, 1)",<class 'numpy.float32'>,437306134855,2026-07-13T21:06:25Z
467,img_834c3c55,09mf,8.09843635559082,136111316,136.111316,135864297,135.864297,135608261,135.608261,"(1, 300, 300, 3)",<class 'numpy.float32'>,"(1, 1)",<class 'numpy.float32'>,437442573356,2026-07-13T21:06:25Z
468,img_3e7fd7d6,0796,36.902915954589844,136523835,136.523835,136284723,136.284723,136022872,136.022872,"(1, 300, 300, 3)",<class 'numpy.float32'>,"(1, 1)",<class 'numpy.float32'>,437578754580,2026-07-13T21:06:25Z
469,img_a3542534,0186,34.54502868652344,136133483,136.133483,135889520,135.88952,135632039,135.632039,"(1, 300, 300, 3)",<class 'numpy.float32'>,"(1, 1)",<class 'numpy.float32'>,437715349526,2026-07-13T21:06:25Z
470,img_619e4166,0065az,39.449440002441406,136350816,136.350816,136111631,136.111631,135829298,135.829298,"(1, 300, 300, 3)",<class 'numpy.float32'>,"(1, 1)",<class 'numpy.float32'>,437851554046,2026-07-13T21:06:25Z
471,img_a1afdb54,0994,16.413928985595703,136272625,136.272625,135968013,135.968013,135708569,135.708569,"(1, 300, 300, 3)",<class 'numpy.float32'>,"(1, 1)",<class 'numpy.float32'>,437987975696,2026-07-13T21:06:25Z
472,img_c1763a32,0055,44.618019104003906,136454902,136.454902,136204273,136.204273,135948106,135.948106,"(1, 300, 300, 3)",<class 'numpy.float32'>,"(1, 1)",<class 'numpy.float32'>,438124319283,2026-07-13T21:06:26Z
473,img_52ae2e50,0014vm,44.42068099975586,136448291,136.448291,136212273,136.212273,135953439,135.953439,"(1, 300, 300, 3)",<class 'numpy.float32'>,"(1, 1)",<class 'numpy.float32'>,438260844482,2026-07-13T21:06:26Z
474,img_31b65537,0015,35.60765075683594,136267958,136.267958,136023773,136.023773,135766532,135.766532,"(1, 300, 300, 3)",<class 'numpy.float32'>,"(1, 1)",<class 'numpy.float32'>,438397364569,2026-07-13T21:06:26Z
475,img_c6eea236,0982,20.853904724121094,136398495,136.398495,136160791,136.160791,135901809,135.901809,"(1, 300, 300, 3)",<class 'numpy.float32'>,"(1, 1)",<class 'numpy.float32'>,438533703731,2026-07-13T21:06:26Z
476,img_d313f582,0188,27.20968246459961,136335032,136.335032,136098310,136.09831,135838366,135.838366,"(1, 300, 300, 3)",<class 'numpy.float32'>,"(1, 1)",<class 'numpy.float32'>,438670174170,2026-07-13T21:06:26Z
477,img_2045532e,0021,61.37633514404297,136395254,136.395254,136106366,136.106366,135849846,135.849846,"(1, 300, 300, 3)",<class 'numpy.float32'>,"(1, 1)",<class 'numpy.float32'>,438806578758,2026-07-13T21:06:26Z
478,img_54a4bd62,0502,15.106350898742676,136142287,136.142287,135899269,135.899269,135642657,135.642657,"(1, 300, 300, 3)",<class 'numpy.float32'>,"(1, 1)",<class 'numpy.float32'>,438943043919,2026-07-13T21:06:26Z
479,img_d9a1b9b9,0504,14.83911418914795,136409729,136.409729,136122507,136.122507,135864303,135.864303,"(1, 300, 300, 3)",<class 'numpy.float32'>,"(1, 1)",<class 'numpy.float32'>,439079255595,2026-07-13T21:06:27Z
480,img_16461d77,0014vm,42.922645568847656,137406303,137.406303,137088840,137.08884,136830321,136.830321,"(1, 300, 300, 3)",<class 'numpy.float32'>,"(1, 1)",<class 'numpy.float32'>,439215738694,2026-07-13T21:06:27Z
481,img_ff4a87ce,0955,49.50210189819336,136148118,136.148118,135905896,135.905896,135647414,135.647414,"(1, 300, 300, 3)",<class 'numpy.float32'>,"(1, 1)",<class 'numpy.float32'>,439353216219,2026-07-13T21:06:27Z
482,img_4fe35006,0999,14.984811782836914,136405192,136.405192,136166248,136.166248,135908229,135.908229,"(1, 300, 300, 3)",<class 'numpy.float32'>,"(1, 1)",<class 'numpy.float32'>,439489435467,2026-07-13T21:06:27Z
483,img_958e1786,1003,7.859373569488525,136301618,136.301618,136042563,136.042563,135784841,135.784841,"(1, 300, 300, 3)",<class 'numpy.float32'>,"(1, 1)",<class 'numpy.float32'>,439625913659,2026-07-13T21:06:27Z
484,img_a7aa2d34,0138,47.632530212402344,136479081,136.479081,136240989,136.240989,135986211,135.986211,"(1, 300, 300, 3)",<class 'numpy.float32'>,"(1, 1)",<class 'numpy.float32'>,439762285055,2026-07-13T21:06:27Z
485,img_cc202632,0971,50.65618133544922,136487709,136.487709,136238690,136.23869,135978227,135.978227,"(1, 300, 300, 3)",<class 'numpy.float32'>,"(1, 1)",<class 'numpy.float32'>,439898834302,2026-07-13T21:06:27Z
486,img_5655ff6e,0937,28.842456817626953,136043001,136.043001,135802000,135.802,135542797,135.542797,"(1, 300, 300, 3)",<class 'numpy.float32'>,"(1, 1)",<class 'numpy.float32'>,440035394714,2026-07-13T21:06:28Z
487,img_50dd8c8e,0138azs2,13.977744102478027,136612630,136.61263,136367093,136.367093,136110149,136.110149,"(1, 300, 300, 3)",<class 'numpy.float32'>,"(1, 1)",<class 'numpy.float32'>,440171507159,2026-07-13T21:06:28Z
488,img_152871fb,0998,13.413041114807129,136461407,136.461407,136120686,136.120686,135858501,135.858501,"(1, 300, 300, 3)",<class 'numpy.float32'>,"(1, 1)",<class 'numpy.float32'>,440308193567,2026-07-13T21:06:28Z
489,img_66fa183f,0008vd,47.449127197265625,136394556,136.394556,136141538,136.141538,135886463,135.886463,"(1, 300, 300, 3)",<class 'numpy.float32'>,"(1, 1)",<class 'numpy.float32'>,440444725530,2026-07-13T21:06:28Z
490,img_36e0c481,0020,34.388938903808594,136360648,136.360648,136114852,136.114852,135858223,135.858223,"(1, 300, 300, 3)",<class 'numpy.float32'>,"(1, 1)",<class 'numpy.float32'>,440581191049,2026-07-13T21:06:28Z
491,img_c7fa9075,0506vd,39.00745391845703,136102722,136.102722,135853853,135.853853,135593612,135.593612,"(1, 300, 300, 3)",<class 'numpy.float32'>,"(1, 1)",<class 'numpy.float32'>,440717623864,2026-07-13T21:06:28Z
492,img_b01bd4ee,0123vd,14.73155403137207,136259649,136.259649,135981278,135.981278,135723852,135.723852,"(1, 300, 300, 3)",<class 'numpy.float32'>,"(1, 1)",<class 'numpy.float32'>,440853796624,2026-07-13T21:06:28Z
493,img_5200c255,0184,32.1163444519043,136400476,136.400476,136071883,136.071883,135815328,135.815328,"(1, 300, 300, 3)",<class 'numpy.float32'>,"(1, 1)",<class 'numpy.float32'>,440990142068,2026-07-13T21:06:29Z
494,img_5e714b9d,0050vd,38.67601013183594,136421198,136.421198,136170790,136.17079,135913568,135.913568,"(1, 300, 300, 3)",<class 'numpy.float32'>,"(1, 1)",<class 'numpy.float32'>,441126611784,2026-07-13T21:06:29Z
495,img_4c86e343,0128vd,5.516940116882324,136630512,136.630512,136383624,136.383624,136124309,136.124309,"(1, 300, 300, 3)",<class 'numpy.float32'>,"(1, 1)",<class 'numpy.float32'>,441263103353,2026-07-13T21:06:29Z
496,img_4b117eec,0059,101.52500915527344,136595716,136.595716,136329957,136.329957,136071828,136.071828,"(1, 300, 300, 3)",<class 'numpy.float32'>,"(1, 1)",<class 'numpy.float32'>,441399807717,2026-07-13T21:06:29Z
497,img_90dad877,0117vd,21.418521881103516,136478346,136.478346,136148272,136.148272,135888531,135.888531,"(1, 300, 300, 3)",<class 'numpy.float32'>,"(1, 1)",<class 'numpy.float32'>,441536476618,2026-07-13T21:06:29Z
498,img_f7963b0d,0972,18.776168823242188,136261457,136.261457,136016105,136.016105,135761587,135.761587,"(1, 300, 300, 3)",<class 'numpy.float32'>,"(1, 1)",<class 'numpy.float32'>,441673029705,2026-07-13T21:06:29Z
499,img_7fbda4e0,0060az,35.08769989013672,136317994,136.317994,136010531,136.010531,135753161,135.753161,"(1, 300, 300, 3)",<class 'numpy.float32'>,"(1, 1)",<class 'numpy.float32'>,441809362717,2026-07-13T21:06:29Z
500,img_3a2bb64a,0009ro,39.02220153808594,136194157,136.194157,135890842,135.890842,135631656,135.631656,"(1, 300, 300, 3)",<class 'numpy.float32'>,"(1, 1)",<class 'numpy.float32'>,441945751600,2026-07-13T21:06:29Z
501,img_4101da6d,0511,11.159414291381836,136238858,136.238858,135989433,135.989433,135734896,135.734896,"(1, 300, 300, 3)",<class 'numpy.float32'>,"(1, 1)",<class 'numpy.float32'>,442082016923,2026-07-13T21:06:30Z
502,img_22a70e3c,0006,42.27538299560547,137311765,137.311765,137036932,137.036932,136775728,136.775728,"(1, 300, 300, 3)",<class 'numpy.float32'>,"(1, 1)",<class 'numpy.float32'>,442218344689,2026-07-13T21:06:30Z
503,img_d7714853,0010az,39.026092529296875,136093451,136.093451,135776488,135.776488,135516433,135.516433,"(1, 300, 300, 3)",<class 'numpy.float32'>,"(1, 1)",<class 'numpy.float32'>,442355728843,2026-07-13T21:06:30Z
504,img_13863c25,0044,28.564022064208984,136183006,136.183006,135891691,135.891691,135635859,135.635859,"(1, 300, 300, 3)",<class 'numpy.float32'>,"(1, 1)",<class 'numpy.float32'>,442491898590,2026-07-13T21:06:30Z
505,img_b1bf465f,014bmf,16.605369567871094,136419228,136.419228,136176210,136.17621,135919155,135.919155,"(1, 300, 300, 3)",<class 'numpy.float32'>,"(1, 1)",<class 'numpy.float32'>,442628154003,2026-07-13T21:06:30Z
506,img_e52fcbdd,0120vd,12.016135215759277,136455062,136.455062,136217599,136.217599,135955617,135.955617,"(1, 300, 300, 3)",<class 'numpy.float32'>,"(1, 1)",<class 'numpy.float32'>,442764643084,2026-07-13T21:06:30Z
507,img_96e5fa04,0068vd,39.11907196044922,136358115,136.358115,136105097,136.105097,135846763,135.846763,"(1, 300, 300, 3)",<class 'numpy.float32'>,"(1, 1)",<class 'numpy.float32'>,442901168960,2026-07-13T21:06:30Z
508,img_66073c07,0029am,10.881945610046387,135960130,135.96013,135723853,135.723853,135467797,135.467797,"(1, 300, 300, 3)",<class 'numpy.float32'>,"(1, 1)",<class 'numpy.float32'>,443037600779,2026-07-13T21:06:31Z
509,img_72b41389,0034az,32.65892028808594,136337278,136.337278,136093037,136.093037,135836741,135.836741,"(1, 300, 300, 3)",<class 'numpy.float32'>,"(1, 1)",<class 'numpy.float32'>,443173630668,2026-07-13T21:06:31Z
510,img_d85fb6da,0071vd,40.35026168823242,136816389,136.816389,136567000,136.567,136307926,136.307926,"(1, 300, 300, 3)",<class 'numpy.float32'>,"(1, 1)",<class 'numpy.float32'>,443310037094,2026-07-13T21:06:31Z
511,img_ade529db,902brf,15.038928031921387,136196167,136.196167,135877353,135.877353,135619371,135.619371,"(1, 300, 300, 3)",<class 'numpy.float32'>,"(1, 1)",<class 'numpy.float32'>,443446927854,2026-07-13T21:06:31Z
512,img_4a74451e,0059az,36.75420379638672,136349389,136.349389,136114019,136.114019,135856149,135.856149,"(1, 300, 300, 3)",<class 'numpy.float32'>,"(1, 1)",<class 'numpy.float32'>,443583194965,2026-07-13T21:06:31Z
513,img_c3fe8b28,0010,40.07143783569336,136178889,136.178889,135940704,135.940704,135660408,135.660408,"(1, 300, 300, 3)",<class 'numpy.float32'>,"(1, 1)",<class 'numpy.float32'>,443719614483,2026-07-13T21:06:31Z
514,img_8eb7daf0,1000,13.263221740722656,136357760,136.35776,136092204,136.092204,135833537,135.833537,"(1, 300, 300, 3)",<class 'numpy.float32'>,"(1, 1)",<class 'numpy.float32'>,443855864613,2026-07-13T21:06:31Z
515,img_2de6b07f,0074,43.42338180541992,136521401,136.521401,136276902,136.276902,136017198,136.017198,"(1, 300, 300, 3)",<class 'numpy.float32'>,"(1, 1)",<class 'numpy.float32'>,443992292724,2026-07-13T21:06:32Z
516,img_e4056729,0806ro,40.613494873046875,136287068,136.287068,136042439,136.042439,135785680,135.78568,"(1, 300, 300, 3)",<class 'numpy.float32'>,"(1, 1)",<class 'numpy.float32'>,444128885089,2026-07-13T21:06:32Z
517,img_eda3dd2f,0463,44.36212158203125,136979957,136.979957,136674031,136.674031,136415031,136.415031,"(1, 300, 300, 3)",<class 'numpy.float32'>,"(1, 1)",<class 'numpy.float32'>,444265243231,2026-07-13T21:06:32Z
518,img_0c29c109,03mf,13.209789276123047,136264735,136.264735,136023124,136.023124,135764568,135.764568,"(1, 300, 300, 3)",<class 'numpy.float32'>,"(1, 1)",<class 'numpy.float32'>,444402294558,2026-07-13T21:06:32Z
519,img_6b594f13,0024vd,36.136688232421875,136223976,136.223976,135988050,135.98805,135731457,135.731457,"(1, 300, 300, 3)",<class 'numpy.float32'>,"(1, 1)",<class 'numpy.float32'>,444538630052,2026-07-13T21:06:32Z
520,img_3d58c739,0993,12.850653648376465,136055642,136.055642,135821642,135.821642,135561680,135.56168,"(1, 300, 300, 3)",<class 'numpy.float32'>,"(1, 1)",<class 'numpy.float32'>,444674923898,2026-07-13T21:06:32Z
521,img_643abdce,1001,5.774954319000244,136274939,136.274939,136032013,136.032013,135775179,135.775179,"(1, 300, 300, 3)",<class 'numpy.float32'>,"(1, 1)",<class 'numpy.float32'>,444811051929,2026-07-13T21:06:32Z
522,img_3bbca2aa,0428,39.5522575378418,136699564,136.699564,136370175,136.370175,136112805,136.112805,"(1, 300, 300, 3)",<class 'numpy.float32'>,"(1, 1)",<class 'numpy.float32'>,444947398738,2026-07-13T21:06:32Z
523,img_abe074ff,0502vd,42.01985168457031,136091803,136.091803,135848359,135.848359,135589599,135.589599,"(1, 300, 300, 3)",<class 'numpy.float32'>,"(1, 1)",<class 'numpy.float32'>,445084171876,2026-07-13T21:06:33Z
524,img_34fc282e,10mf,12.141157150268555,136690580,136.69058,136446340,136.44634,136189358,136.189358,"(1, 300, 300, 3)",<class 'numpy.float32'>,"(1, 1)",<class 'numpy.float32'>,445220333734,2026-07-13T21:06:33Z
525,img_54a4bd62,0502,15.106350898742676,136508451,136.508451,136262729,136.262729,136005210,136.00521,"(1, 300, 300, 3)",<class 'numpy.float32'>,"(1, 1)",<class 'numpy.float32'>,445357093963,2026-07-13T21:06:33Z
526,img_aa9dadd6,0047,42.81288528442383,136375025,136.375025,136123285,136.123285,135862952,135.862952,"(1, 300, 300, 3)",<class 'numpy.float32'>,"(1, 1)",<class 'numpy.float32'>,445493674358,2026-07-13T21:06:33Z
527,img_4753a460,0029am,11.535605430603027,136354581,136.354581,136110099,136.110099,135854007,135.854007,"(1, 300, 300, 3)",<class 'numpy.float32'>,"(1, 1)",<class 'numpy.float32'>,445630121439,2026-07-13T21:06:33Z
528,img_17a5754d,0607az,46.43629455566406,136228655,136.228655,135920896,135.920896,135661433,135.661433,"(1, 300, 300, 3)",<class 'numpy.float32'>,"(1, 1)",<class 'numpy.float32'>,445766545538,2026-07-13T21:06:33Z
529,img_958e1786,1003,7.859373569488525,136398134,136.398134,136138875,136.138875,135878782,135.878782,"(1, 300, 300, 3)",<class 'numpy.float32'>,"(1, 1)",<class 'numpy.float32'>,445902845211,2026-07-13T21:06:33Z
530,img_04ca4546,11mf,10.9168701171875,136332668,136.332668,136094964,136.094964,135839798,135.839798,"(1, 300, 300, 3)",<class 'numpy.float32'>,"(1, 1)",<class 'numpy.float32'>,446039313716,2026-07-13T21:06:34Z
531,img_4b073578,0138,45.671539306640625,136139594,136.139594,135889631,135.889631,135601705,135.601705,"(1, 300, 300, 3)",<class 'numpy.float32'>,"(1, 1)",<class 'numpy.float32'>,446175719605,2026-07-13T21:06:34Z
532,img_263e6eca,0052az,45.88323974609375,136133242,136.133242,135857705,135.857705,135596908,135.596908,"(1, 300, 300, 3)",<class 'numpy.float32'>,"(1, 1)",<class 'numpy.float32'>,446311932069,2026-07-13T21:06:34Z
533,img_49c4d6a0,0262,49.852935791015625,136368927,136.368927,136129760,136.12976,135870613,135.870613,"(1, 300, 300, 3)",<class 'numpy.float32'>,"(1, 1)",<class 'numpy.float32'>,446448136033,2026-07-13T21:06:34Z
534,img_b464c9bb,0138azs2,16.141447067260742,136164946,136.164946,135867557,135.867557,135614928,135.614928,"(1, 300, 300, 3)",<class 'numpy.float32'>,"(1, 1)",<class 'numpy.float32'>,446584579274,2026-07-13T21:06:34Z
535,img_836c2089,0007vm,43.547306060791016,136236056,136.236056,135989168,135.989168,135730613,135.730613,"(1, 300, 300, 3)",<class 'numpy.float32'>,"(1, 1)",<class 'numpy.float32'>,446720816053,2026-07-13T21:06:34Z
536,img_d6357430,09mf,9.454190254211426,136357279,136.357279,136113797,136.113797,135858630,135.85863,"(1, 300, 300, 3)",<class 'numpy.float32'>,"(1, 1)",<class 'numpy.float32'>,446857121758,2026-07-13T21:06:34Z
537,img_00a705ec,0468,38.494720458984375,136565254,136.565254,136255662,136.255662,135998477,135.998477,"(1, 300, 300, 3)",<class 'numpy.float32'>,"(1, 1)",<class 'numpy.float32'>,446993562851,2026-07-13T21:06:35Z
538,img_f321f037,0101,45.59233856201172,135954625,135.954625,135716070,135.71607,135459847,135.459847,"(1, 300, 300, 3)",<class 'numpy.float32'>,"(1, 1)",<class 'numpy.float32'>,447130198345,2026-07-13T21:06:35Z
539,img_ea41cbda,0035,32.510013580322266,137015939,137.015939,136771272,136.771272,136514272,136.514272,"(1, 300, 300, 3)",<class 'numpy.float32'>,"(1, 1)",<class 'numpy.float32'>,447266222359,2026-07-13T21:06:35Z
540,img_f846a55d,01mf,15.768843650817871,136339439,136.339439,136009940,136.00994,135753736,135.753736,"(1, 300, 300, 3)",<class 'numpy.float32'>,"(1, 1)",<class 'numpy.float32'>,447403308779,2026-07-13T21:06:35Z
541,img_c08c15d6,0937,27.304065704345703,136291718,136.291718,136023588,136.023588,135745885,135.745885,"(1, 300, 300, 3)",<class 'numpy.float32'>,"(1, 1)",<class 'numpy.float32'>,447539717163,2026-07-13T21:06:35Z
542,img_336e3801,0978,19.838199615478516,136128884,136.128884,135887903,135.887903,135630940,135.63094,"(1, 300, 300, 3)",<class 'numpy.float32'>,"(1, 1)",<class 'numpy.float32'>,447676080251,2026-07-13T21:06:35Z
543,img_0a8c5905,0505,11.65190315246582,136517365,136.517365,136280883,136.280883,136024606,136.024606,"(1, 300, 300, 3)",<class 'numpy.float32'>,"(1, 1)",<class 'numpy.float32'>,447812278024,2026-07-13T21:06:35Z
544,img_0045b226,0041vds2,35.91507339477539,136327232,136.327232,136080750,136.08075,135823936,135.823936,"(1, 300, 300, 3)",<class 'numpy.float32'>,"(1, 1)",<class 'numpy.float32'>,447948864407,2026-07-13T21:06:35Z
545,img_c43bedbb,0188,32.23059844970703,136078916,136.078916,135815916,135.815916,135557824,135.557824,"(1, 300, 300, 3)",<class 'numpy.float32'>,"(1, 1)",<class 'numpy.float32'>,448085262843,2026-07-13T21:06:36Z
546,img_9d749bad,0119vd,18.890274047851562,136813841,136.813841,136556786,136.556786,136296434,136.296434,"(1, 300, 300, 3)",<class 'numpy.float32'>,"(1, 1)",<class 'numpy.float32'>,448221414239,2026-07-13T21:06:36Z
547,img_66022258,0741,34.141517639160156,136800748,136.800748,136555952,136.555952,136297730,136.29773,"(1, 300, 300, 3)",<class 'numpy.float32'>,"(1, 1)",<class 'numpy.float32'>,448358298877,2026-07-13T21:06:36Z
548,img_36e0c481,0020,34.388938903808594,136125415,136.125415,135876120,135.87612,135619286,135.619286,"(1, 300, 300, 3)",<class 'numpy.float32'>,"(1, 1)",<class 'numpy.float32'>,448495170680,2026-07-13T21:06:36Z
549,img_152871fb,0998,13.413041114807129,136507230,136.50723,136266378,136.266378,136010211,136.010211,"(1, 300, 300, 3)",<class 'numpy.float32'>,"(1, 1)",<class 'numpy.float32'>,448631364410,2026-07-13T21:06:36Z
550,img_3a964be8,0985,19.87146759033203,136132489,136.132489,135820730,135.82073,135561008,135.561008,"(1, 300, 300, 3)",<class 'numpy.float32'>,"(1, 1)",<class 'numpy.float32'>,448767941011,2026-07-13T21:06:36Z
551,img_b3d99f96,0987,16.77386474609375,135819043,135.819043,135575062,135.575062,135316285,135.316285,"(1, 300, 300, 3)",<class 'numpy.float32'>,"(1, 1)",<class 'numpy.float32'>,448904142481,2026-07-13T21:06:36Z
552,img_411e66a4,0986,17.217761993408203,135911262,135.911262,135665725,135.665725,135405558,135.405558,"(1, 300, 300, 3)",<class 'numpy.float32'>,"(1, 1)",<class 'numpy.float32'>,449040053173,2026-07-13T21:06:37Z
553,img_a1afdb54,0994,16.413928985595703,135943317,135.943317,135639836,135.639836,135380966,135.380966,"(1, 300, 300, 3)",<class 'numpy.float32'>,"(1, 1)",<class 'numpy.float32'>,449176061434,2026-07-13T21:06:37Z
554,img_f9a047a6,0126,40.37044143676758,136024725,136.024725,135772669,135.772669,135514744,135.514744,"(1, 300, 300, 3)",<class 'numpy.float32'>,"(1, 1)",<class 'numpy.float32'>,449312078363,2026-07-13T21:06:37Z
555,img_f656dbc9,0005az,44.99998474121094,136724836,136.724836,136487465,136.487465,136227502,136.227502,"(1, 300, 300, 3)",<class 'numpy.float32'>,"(1, 1)",<class 'numpy.float32'>,449448174791,2026-07-13T21:06:37Z
556,img_02da6c8b,0510,10.24378490447998,136129706,136.129706,135890151,135.890151,135637762,135.637762,"(1, 300, 300, 3)",<class 'numpy.float32'>,"(1, 1)",<class 'numpy.float32'>,449584972571,2026-07-13T21:06:37Z
557,img_c61f1e04,0995,27.516983032226562,136153336,136.153336,135916114,135.916114,135655632,135.655632,"(1, 300, 300, 3)",<class 'numpy.float32'>,"(1, 1)",<class 'numpy.float32'>,449721172536,2026-07-13T21:06:37Z
558,img_8471c82d,0918,35.50029754638672,136316336,136.316336,136079891,136.079891,135821595,135.821595,"(1, 300, 300, 3)",<class 'numpy.float32'>,"(1, 1)",<class 'numpy.float32'>,449857396798,2026-07-13T21:06:37Z
559,img_bc02c873,0137az,10.96391487121582,136343923,136.343923,136097497,136.097497,135843293,135.843293,"(1, 300, 300, 3)",<class 'numpy.float32'>,"(1, 1)",<class 'numpy.float32'>,449993784985,2026-07-13T21:06:38Z
560,img_d8c15c7a,0013ro,41.023834228515625,136233534,136.233534,135991367,135.991367,135731720,135.73172,"(1, 300, 300, 3)",<class 'numpy.float32'>,"(1, 1)",<class 'numpy.float32'>,450130201629,2026-07-13T21:06:38Z
561,img_a7aa2d34,0138,47.632530212402344,136281626,136.281626,136047182,136.047182,135789627,135.789627,"(1, 300, 300, 3)",<class 'numpy.float32'>,"(1, 1)",<class 'numpy.float32'>,450266509182,2026-07-13T21:06:38Z
562,img_a636f334,608azf,16.816085815429688,136983496,136.983496,136743941,136.743941,136487460,136.48746,"(1, 300, 300, 3)",<class 'numpy.float32'>,"(1, 1)",<class 'numpy.float32'>,450402862197,2026-07-13T21:06:38Z
563,img_81508342,0978,19.852344512939453,135900294,135.900294,135606627,135.606627,135350053,135.350053,"(1, 300, 300, 3)",<class 'numpy.float32'>,"(1, 1)",<class 'numpy.float32'>,450539920471,2026-07-13T21:06:38Z
564,img_51fd6754,0066az,43.958621978759766,136182182,136.182182,135850163,135.850163,135594201,135.594201,"(1, 300, 300, 3)",<class 'numpy.float32'>,"(1, 1)",<class 'numpy.float32'>,450675894246,2026-07-13T21:06:38Z
565,img_90f5887c,0990,20.165569305419922,136133793,136.133793,135895756,135.895756,135637072,135.637072,"(1, 300, 300, 3)",<class 'numpy.float32'>,"(1, 1)",<class 'numpy.float32'>,450812147650,2026-07-13T21:06:38Z
566,img_be57e663,0024br,16.963939666748047,136440511,136.440511,136111141,136.111141,135852253,135.852253,"(1, 300, 300, 3)",<class 'numpy.float32'>,"(1, 1)",<class 'numpy.float32'>,450948352035,2026-07-13T21:06:38Z
567,img_6fa34074,0062,41.16815185546875,136215010,136.21501,135979436,135.979436,135722363,135.722363,"(1, 300, 300, 3)",<class 'numpy.float32'>,"(1, 1)",<class 'numpy.float32'>,451084862824,2026-07-13T21:06:39Z
568,img_ec031396,0009vd,38.13186264038086,136163510,136.16351,135909918,135.909918,135653437,135.653437,"(1, 300, 300, 3)",<class 'numpy.float32'>,"(1, 1)",<class 'numpy.float32'>,451221148223,2026-07-13T21:06:39Z
569,img_583896e7,0456,42.0555534362793,136912472,136.912472,136619899,136.619899,136365806,136.365806,"(1, 300, 300, 3)",<class 'numpy.float32'>,"(1, 1)",<class 'numpy.float32'>,451357380585,2026-07-13T21:06:39Z
570,img_45a7e870,0128vd,5.657727241516113,136271899,136.271899,136026492,136.026492,135767640,135.76764,"(1, 300, 300, 3)",<class 'numpy.float32'>,"(1, 1)",<class 'numpy.float32'>,451494362076,2026-07-13T21:06:39Z
571,img_efff8004,0068vds2,41.581390380859375,136016084,136.016084,135771511,135.771511,135513288,135.513288,"(1, 300, 300, 3)",<class 'numpy.float32'>,"(1, 1)",<class 'numpy.float32'>,451630703437,2026-07-13T21:06:39Z
572,img_b3b15f95,0192,53.14537811279297,136206621,136.206621,135960547,135.960547,135703473,135.703473,"(1, 300, 300, 3)",<class 'numpy.float32'>,"(1, 1)",<class 'numpy.float32'>,451766812058,2026-07-13T21:06:39Z
573,img_1982da4d,0028vm,15.444564819335938,136752693,136.752693,136507137,136.507137,136251137,136.251137,"(1, 300, 300, 3)",<class 'numpy.float32'>,"(1, 1)",<class 'numpy.float32'>,451903089309,2026-07-13T21:06:39Z
574,img_0acf6cf7,0041vd,40.847618103027344,136131468,136.131468,135816857,135.816857,135561283,135.561283,"(1, 300, 300, 3)",<class 'numpy.float32'>,"(1, 1)",<class 'numpy.float32'>,452039912131,2026-07-13T21:06:40Z
575,img_99a28fe9,0065vd,31.75726318359375,136336023,136.336023,136081449,136.081449,135820505,135.820505,"(1, 300, 300, 3)",<class 'numpy.float32'>,"(1, 1)",<class 'numpy.float32'>,452176115784,2026-07-13T21:06:40Z
576,img_57f83d30,04mf,11.648083686828613,136107690,136.10769,135864986,135.864986,135608005,135.608005,"(1, 300, 300, 3)",<class 'numpy.float32'>,"(1, 1)",<class 'numpy.float32'>,452312522455,2026-07-13T21:06:40Z
577,img_90dad877,0117vd,21.418521881103516,136542596,136.542596,136217764,136.217764,135959783,135.959783,"(1, 300, 300, 3)",<class 'numpy.float32'>,"(1, 1)",<class 'numpy.float32'>,452448698385,2026-07-13T21:06:40Z
578,img_a17a6d6e,0170,31.08458137512207,136113208,136.113208,135864561,135.864561,135605968,135.605968,"(1, 300, 300, 3)",<class 'numpy.float32'>,"(1, 1)",<class 'numpy.float32'>,452585312575,2026-07-13T21:06:40Z
579,img_cc202632,0971,50.65618133544922,136439560,136.43956,136194523,136.194523,135939782,135.939782,"(1, 300, 300, 3)",<class 'numpy.float32'>,"(1, 1)",<class 'numpy.float32'>,452721497450,2026-07-13T21:06:40Z
580,img_626d0a45,0041vd,39.286338806152344,136194652,136.194652,135940301,135.940301,135683338,135.683338,"(1, 300, 300, 3)",<class 'numpy.float32'>,"(1, 1)",<class 'numpy.float32'>,452858008250,2026-07-13T21:06:40Z
581,img_53c77f45,0135az,13.213532447814941,136328518,136.328518,136092000,136.092,135833667,135.833667,"(1, 300, 300, 3)",<class 'numpy.float32'>,"(1, 1)",<class 'numpy.float32'>,452994273662,2026-07-13T21:06:41Z
582,img_66fa183f,0008vd,47.449127197265625,136102907,136.102907,135848018,135.848018,135593203,135.593203,"(1, 300, 300, 3)",<class 'numpy.float32'>,"(1, 1)",<class 'numpy.float32'>,453130674420,2026-07-13T21:06:41Z
583,img_26f635ad,0126,39.09333038330078,136421147,136.421147,136177666,136.177666,135921499,135.921499,"(1, 300, 300, 3)",<class 'numpy.float32'>,"(1, 1)",<class 'numpy.float32'>,453266848216,2026-07-13T21:06:41Z
584,img_e5b36d7d,0063vd,45.77045440673828,137130499,137.130499,136893702,136.893702,136640055,136.640055,"(1, 300, 300, 3)",<class 'numpy.float32'>,"(1, 1)",<class 'numpy.float32'>,453403338344,2026-07-13T21:06:41Z
585,img_0bf4988f,71azf,26.819623947143555,136317629,136.317629,136077240,136.07724,135820352,135.820352,"(1, 300, 300, 3)",<class 'numpy.float32'>,"(1, 1)",<class 'numpy.float32'>,453540539139,2026-07-13T21:06:41Z
586,img_65e66414,000742,41.947471618652344,136449554,136.449554,136208536,136.208536,135950982,135.950982,"(1, 300, 300, 3)",<class 'numpy.float32'>,"(1, 1)",<class 'numpy.float32'>,453676926342,2026-07-13T21:06:41Z
587,img_e49dd65f,0014s2,34.79153823852539,136486907,136.486907,136239703,136.239703,135980055,135.980055,"(1, 300, 300, 3)",<class 'numpy.float32'>,"(1, 1)",<class 'numpy.float32'>,453813445619,2026-07-13T21:06:41Z
588,img_b3011203,0982,16.135162353515625,136515329,136.515329,136251218,136.251218,135995237,135.995237,"(1, 300, 300, 3)",<class 'numpy.float32'>,"(1, 1)",<class 'numpy.float32'>,453950004432,2026-07-13T21:06:41Z
589,img_2045532e,0021,61.37633514404297,136269846,136.269846,135981975,135.981975,135725791,135.725791,"(1, 300, 300, 3)",<class 'numpy.float32'>,"(1, 1)",<class 'numpy.float32'>,454086591224,2026-07-13T21:06:42Z
590,img_b2ace298,0121vd,9.426494598388672,136249827,136.249827,136014013,136.014013,135758087,135.758087,"(1, 300, 300, 3)",<class 'numpy.float32'>,"(1, 1)",<class 'numpy.float32'>,454222931570,2026-07-13T21:06:42Z
591,img_7dd3a1ca,0217,45.66867446899414,136505512,136.505512,136264290,136.26429,136009254,136.009254,"(1, 300, 300, 3)",<class 'numpy.float32'>,"(1, 1)",<class 'numpy.float32'>,454359252805,2026-07-13T21:06:42Z
592,img_f013e697,608azf,16.643749237060547,136709068,136.709068,136421808,136.421808,136129068,136.129068,"(1, 300, 300, 3)",<class 'numpy.float32'>,"(1, 1)",<class 'numpy.float32'>,454495826687,2026-07-13T21:06:42Z
593,img_ce8c0589,0008vm,38.13360595703125,136083513,136.083513,135835865,135.835865,135578735,135.578735,"(1, 300, 300, 3)",<class 'numpy.float32'>,"(1, 1)",<class 'numpy.float32'>,454632603477,2026-07-13T21:06:42Z
594,img_84e0fc6b,0278,39.92445373535156,136282161,136.282161,136038439,136.038439,135780606,135.780606,"(1, 300, 300, 3)",<class 'numpy.float32'>,"(1, 1)",<class 'numpy.float32'>,454768759231,2026-07-13T21:06:42Z
595,img_4b117eec,0059,101.52500915527344,136357807,136.357807,136118677,136.118677,135863011,135.863011,"(1, 300, 300, 3)",<class 'numpy.float32'>,"(1, 1)",<class 'numpy.float32'>,454905112132,2026-07-13T21:06:42Z
596,img_b1475966,0133az,19.58222007751465,136315304,136.315304,136066767,136.066767,135810564,135.810564,"(1, 300, 300, 3)",<class 'numpy.float32'>,"(1, 1)",<class 'numpy.float32'>,455041541531,2026-07-13T21:06:43Z
597,img_3bdf4a7e,0974,15.77151870727539,136536618,136.536618,136292378,136.292378,136034990,136.03499,"(1, 300, 300, 3)",<class 'numpy.float32'>,"(1, 1)",<class 'numpy.float32'>,455177927594,2026-07-13T21:06:43Z
598,img_ddc1ec9c,0020vd,38.921783447265625,136453748,136.453748,136218859,136.218859,135962712,135.962712,"(1, 300, 300, 3)",<class 'numpy.float32'>,"(1, 1)",<class 'numpy.float32'>,455314535175,2026-07-13T21:06:43Z
599,img_5d40026e,0985,19.805763244628906,136787822,136.787822,136550785,136.550785,136286822,136.286822,"(1, 300, 300, 3)",<class 'numpy.float32'>,"(1, 1)",<class 'numpy.float32'>,455451059146,2026-07-13T21:06:43Z
600,img_dcc9e581,0131az,18.104541778564453,136184692,136.184692,135918359,135.918359,135658878,135.658878,"(1, 300, 300, 3)",<class 'numpy.float32'>,"(1, 1)",<class 'numpy.float32'>,455587921467,2026-07-13T21:06:43Z
601,img_d8bacc0b,0456,46.49066162109375,136311582,136.311582,136044285,136.044285,135788730,135.78873,"(1, 300, 300, 3)",<class 'numpy.float32'>,"(1, 1)",<class 'numpy.float32'>,455724176012,2026-07-13T21:06:43Z
602,img_c3953343,0992,15.770536422729492,136305451,136.305451,136067526,136.067526,135810323,135.810323,"(1, 300, 300, 3)",<class 'numpy.float32'>,"(1, 1)",<class 'numpy.float32'>,455860556538,2026-07-13T21:06:43Z
603,img_0cdcf3db,0140qz,11.967992782592773,136495613,136.495613,136259669,136.259669,136002707,136.002707,"(1, 300, 300, 3)",<class 'numpy.float32'>,"(1, 1)",<class 'numpy.float32'>,455996930971,2026-07-13T21:06:44Z
604,img_406f3c47,0026,38.373443603515625,136445058,136.445058,136201910,136.20191,135945244,135.945244,"(1, 300, 300, 3)",<class 'numpy.float32'>,"(1, 1)",<class 'numpy.float32'>,456133496343,2026-07-13T21:06:44Z
605,img_3a2bb64a,0009ro,39.02220153808594,136350114,136.350114,136048503,136.048503,135792447,135.792447,"(1, 300, 300, 3)",<class 'numpy.float32'>,"(1, 1)",<class 'numpy.float32'>,456270012142,2026-07-13T21:06:44Z
606,img_3891132e,0972,15.281335830688477,136970372,136.970372,136726465,136.726465,136472447,136.472447,"(1, 300, 300, 3)",<class 'numpy.float32'>,"(1, 1)",<class 'numpy.float32'>,456406431681,2026-07-13T21:06:44Z
607,img_be8d08bd,0984,15.023943901062012,136553446,136.553446,136310947,136.310947,136055113,136.055113,"(1, 300, 300, 3)",<class 'numpy.float32'>,"(1, 1)",<class 'numpy.float32'>,456543500553,2026-07-13T21:06:44Z
608,img_4b762679,0508,12.993169784545898,136402095,136.402095,136156558,136.156558,135901188,135.901188,"(1, 300, 300, 3)",<class 'numpy.float32'>,"(1, 1)",<class 'numpy.float32'>,456680122352,2026-07-13T21:06:44Z
609,img_6f93fdf1,0024,40.93789291381836,136461687,136.461687,136216318,136.216318,135962892,135.962892,"(1, 300, 300, 3)",<class 'numpy.float32'>,"(1, 1)",<class 'numpy.float32'>,456816593872,2026-07-13T21:06:44Z
610,img_d89d0ee4,0995,14.249486923217773,136101314,136.101314,135859389,135.859389,135603795,135.603795,"(1, 300, 300, 3)",<class 'numpy.float32'>,"(1, 1)",<class 'numpy.float32'>,456953126023,2026-07-13T21:06:44Z
611,img_bb3dd81f,0955,34.74637985229492,136291071,136.291071,136052258,136.052258,135795980,135.79598,"(1, 300, 300, 3)",<class 'numpy.float32'>,"(1, 1)",<class 'numpy.float32'>,457089298151,2026-07-13T21:06:45Z
612,img_691b324d,0035,32.932254791259766,136173257,136.173257,135934924,135.934924,135676850,135.67685,"(1, 300, 300, 3)",<class 'numpy.float32'>,"(1, 1)",<class 'numpy.float32'>,457225662704,2026-07-13T21:06:45Z
613,img_c1763a32,0055,44.618019104003906,135989609,135.989609,135742461,135.742461,135484628,135.484628,"(1, 300, 300, 3)",<class 'numpy.float32'>,"(1, 1)",<class 'numpy.float32'>,457361907276,2026-07-13T21:06:45Z
614,img_fef8d71a,0983,13.828012466430664,136644849,136.644849,136403831,136.403831,136147627,136.147627,"(1, 300, 300, 3)",<class 'numpy.float32'>,"(1, 1)",<class 'numpy.float32'>,457497967607,2026-07-13T21:06:45Z
615,img_e689bda8,0606az,46.06519317626953,136631830,136.63183,136387887,136.387887,136132590,136.13259,"(1, 300, 300, 3)",<class 'numpy.float32'>,"(1, 1)",<class 'numpy.float32'>,457634683289,2026-07-13T21:06:45Z
616,img_5e714b9d,0050vd,38.67601013183594,136471497,136.471497,136219887,136.219887,135961905,135.961905,"(1, 300, 300, 3)",<class 'numpy.float32'>,"(1, 1)",<class 'numpy.float32'>,457771386953,2026-07-13T21:06:45Z
617,img_7094ee98,0005az,43.96757888793945,136554718,136.554718,136279569,136.279569,136020366,136.020366,"(1, 300, 300, 3)",<class 'numpy.float32'>,"(1, 1)",<class 'numpy.float32'>,457907931450,2026-07-13T21:06:45Z
618,img_18723ff2,0006,64.96923828125,136501900,136.5019,136262956,136.262956,136006622,136.006622,"(1, 300, 300, 3)",<class 'numpy.float32'>,"(1, 1)",<class 'numpy.float32'>,458044561390,2026-07-13T21:06:46Z
619,img_54cf8960,0458,45.08048629760742,136407455,136.407455,136160123,136.160123,135904975,135.904975,"(1, 300, 300, 3)",<class 'numpy.float32'>,"(1, 1)",<class 'numpy.float32'>,458181138012,2026-07-13T21:06:46Z
620,img_2a7b2e19,0214,59.0761604309082,136444289,136.444289,136202475,136.202475,135946215,135.946215,"(1, 300, 300, 3)",<class 'numpy.float32'>,"(1, 1)",<class 'numpy.float32'>,458317617615,2026-07-13T21:06:46Z
621,img_619e4166,0065az,39.449440002441406,137308399,137.308399,137066622,137.066622,136808659,136.808659,"(1, 300, 300, 3)",<class 'numpy.float32'>,"(1, 1)",<class 'numpy.float32'>,458454133737,2026-07-13T21:06:46Z
622,img_52ae2e50,0014vm,44.42068099975586,136013030,136.01303,135775048,135.775048,135518123,135.518123,"(1, 300, 300, 3)",<class 'numpy.float32'>,"(1, 1)",<class 'numpy.float32'>,458591514692,2026-07-13T21:06:46Z
623,img_0088aae4,0014,38.463356018066406,136359122,136.359122,136091400,136.0914,135810993,135.810993,"(1, 300, 300, 3)",<class 'numpy.float32'>,"(1, 1)",<class 'numpy.float32'>,458727598592,2026-07-13T21:06:46Z
624,img_c401f39b,0134az,13.98538589477539,136259956,136.259956,136016529,136.016529,135757215,135.757215,"(1, 300, 300, 3)",<class 'numpy.float32'>,"(1, 1)",<class 'numpy.float32'>,458864051770,2026-07-13T21:06:46Z
625,img_6abcd27a,1003,6.322659492492676,136266340,136.26634,136018692,136.018692,135758896,135.758896,"(1, 300, 300, 3)",<class 'numpy.float32'>,"(1, 1)",<class 'numpy.float32'>,459000382206,2026-07-13T21:06:47Z
626,img_fd73b93d,0612az,43.11301040649414,136272248,136.272248,135981136,135.981136,135724896,135.724896,"(1, 300, 300, 3)",<class 'numpy.float32'>,"(1, 1)",<class 'numpy.float32'>,459136718287,2026-07-13T21:06:47Z
627,img_a2ed1545,0124vd,13.710417747497559,136143988,136.143988,135828840,135.82884,135569822,135.569822,"(1, 300, 300, 3)",<class 'numpy.float32'>,"(1, 1)",<class 'numpy.float32'>,459273060071,2026-07-13T21:06:47Z
628,img_597bb1fa,0030am,21.383066177368164,137134635,137.134635,136887913,136.887913,136634746,136.634746,"(1, 300, 300, 3)",<class 'numpy.float32'>,"(1, 1)",<class 'numpy.float32'>,459409277522,2026-07-13T21:06:47Z
629,img_328f491c,0137az,12.46200180053711,136223673,136.223673,135941803,135.941803,135683248,135.683248,"(1, 300, 300, 3)",<class 'numpy.float32'>,"(1, 1)",<class 'numpy.float32'>,459546481953,2026-07-13T21:06:47Z
630,img_915543b3,0021,28.38381576538086,136358339,136.358339,136113951,136.113951,135855210,135.85521,"(1, 300, 300, 3)",<class 'numpy.float32'>,"(1, 1)",<class 'numpy.float32'>,459682776830,2026-07-13T21:06:47Z
631,img_4720e3f9,0275,58.08795928955078,136059340,136.05934,135815840,135.81584,135557377,135.557377,"(1, 300, 300, 3)",<class 'numpy.float32'>,"(1, 1)",<class 'numpy.float32'>,459819206947,2026-07-13T21:06:47Z
632,img_4c86e343,0128vd,5.516940116882324,136318873,136.318873,136070299,136.070299,135813929,135.813929,"(1, 300, 300, 3)",<class 'numpy.float32'>,"(1, 1)",<class 'numpy.float32'>,459955338009,2026-07-13T21:06:47Z
633,img_ec239f24,0009vd,38.699806213378906,136199909,136.199909,135908835,135.908835,135648929,135.648929,"(1, 300, 300, 3)",<class 'numpy.float32'>,"(1, 1)",<class 'numpy.float32'>,460091744660,2026-07-13T21:06:48Z
634,img_c6eea236,0982,20.853904724121094,136296428,136.296428,136054780,136.05478,135798132,135.798132,"(1, 300, 300, 3)",<class 'numpy.float32'>,"(1, 1)",<class 'numpy.float32'>,460228037069,2026-07-13T21:06:48Z
635,img_5fee5485,03mf,14.283479690551758,136470168,136.470168,136175835,136.175835,135919446,135.919446,"(1, 300, 300, 3)",<class 'numpy.float32'>,"(1, 1)",<class 'numpy.float32'>,460364402811,2026-07-13T21:06:48Z
636,img_700f8727,0986,16.051359176635742,136984316,136.984316,136729834,136.729834,136473075,136.473075,"(1, 300, 300, 3)",<class 'numpy.float32'>,"(1, 1)",<class 'numpy.float32'>,460500942831,2026-07-13T21:06:48Z
637,img_0cff535c,0963,31.82773208618164,136531187,136.531187,136292002,136.292002,136034576,136.034576,"(1, 300, 300, 3)",<class 'numpy.float32'>,"(1, 1)",<class 'numpy.float32'>,460637997906,2026-07-13T21:06:48Z
638,img_8c4a4900,0043az,28.00483512878418,136354983,136.354983,136103928,136.103928,135848502,135.848502,"(1, 300, 300, 3)",<class 'numpy.float32'>,"(1, 1)",<class 'numpy.float32'>,460774601907,2026-07-13T21:06:48Z
639,img_8c46ef50,0275,63.51951599121094,136506888,136.506888,136263037,136.263037,136006408,136.006408,"(1, 300, 300, 3)",<class 'numpy.float32'>,"(1, 1)",<class 'numpy.float32'>,460911026705,2026-07-13T21:06:48Z
640,img_50dd8c8e,0138azs2,13.977744102478027,136131645,136.131645,135893331,135.893331,135612424,135.612424,"(1, 300, 300, 3)",<class 'numpy.float32'>,"(1, 1)",<class 'numpy.float32'>,461047602853,2026-07-13T21:06:49Z
641,img_74435edd,0141az,9.71391487121582,136474701,136.474701,136136256,136.136256,135879646,135.879646,"(1, 300, 300, 3)",<class 'numpy.float32'>,"(1, 1)",<class 'numpy.float32'>,461183806498,2026-07-13T21:06:49Z
642,img_2a7029ba,0047,43.39717483520508,136321219,136.321219,136080664,136.080664,135825812,135.825812,"(1, 300, 300, 3)",<class 'numpy.float32'>,"(1, 1)",<class 'numpy.float32'>,461320352847,2026-07-13T21:06:49Z
643,img_defb782b,02mf,14.892553329467773,136934385,136.934385,136692848,136.692848,136436108,136.436108,"(1, 300, 300, 3)",<class 'numpy.float32'>,"(1, 1)",<class 'numpy.float32'>,461456762973,2026-07-13T21:06:49Z
644,img_b7f71da9,0210,41.001121520996094,136435738,136.435738,136184257,136.184257,135927665,135.927665,"(1, 300, 300, 3)",<class 'numpy.float32'>,"(1, 1)",<class 'numpy.float32'>,461593766636,2026-07-13T21:06:49Z
645,img_207b7947,0428,41.82135009765625,136384330,136.38433,136143719,136.143719,135885739,135.885739,"(1, 300, 300, 3)",<class 'numpy.float32'>,"(1, 1)",<class 'numpy.float32'>,461730273244,2026-07-13T21:06:49Z
646,img_0d36d704,0472,39.592796325683594,136632422,136.632422,136388663,136.388663,136131978,136.131978,"(1, 300, 300, 3)",<class 'numpy.float32'>,"(1, 1)",<class 'numpy.float32'>,461866727963,2026-07-13T21:06:49Z
647,img_1892d8f6,0048az,41.392356872558594,136092104,136.092104,135853048,135.853048,135592937,135.592937,"(1, 300, 300, 3)",<class 'numpy.float32'>,"(1, 1)",<class 'numpy.float32'>,462003430200,2026-07-13T21:06:50Z
648,img_0f8829d8,0122vd,15.711359024047852,136616177,136.616177,136313751,136.313751,136034771,136.034771,"(1, 300, 300, 3)",<class 'numpy.float32'>,"(1, 1)",<class 'numpy.float32'>,462139611563,2026-07-13T21:06:50Z
649,img_7e51cbbd,0120vd,11.846049308776855,136364566,136.364566,136127623,136.127623,135870271,135.870271,"(1, 300, 300, 3)",<class 'numpy.float32'>,"(1, 1)",<class 'numpy.float32'>,462276299943,2026-07-13T21:06:50Z
650,img_481e7769,0200,37.78234100341797,136405919,136.405919,136146140,136.14614,135890363,135.890363,"(1, 300, 300, 3)",<class 'numpy.float32'>,"(1, 1)",<class 'numpy.float32'>,462412740825,2026-07-13T21:06:50Z
651,img_698972f2,0054az,42.76775360107422,137261250,137.26125,137003103,137.003103,136744974,136.744974,"(1, 300, 300, 3)",<class 'numpy.float32'>,"(1, 1)",<class 'numpy.float32'>,462549219484,2026-07-13T21:06:50Z
652,img_c7fa9075,0506vd,39.00745391845703,136510733,136.510733,136262677,136.262677,136006919,136.006919,"(1, 300, 300, 3)",<class 'numpy.float32'>,"(1, 1)",<class 'numpy.float32'>,462686552456,2026-07-13T21:06:50Z
653,img_7cea1db1,0116vd,20.822561264038086,136528696,136.528696,136285178,136.285178,136030604,136.030604,"(1, 300, 300, 3)",<class 'numpy.float32'>,"(1, 1)",<class 'numpy.float32'>,462823134041,2026-07-13T21:06:50Z
654,img_54a2083d,11mf,11.833179473876953,136226693,136.226693,135977952,135.977952,135700786,135.700786,"(1, 300, 300, 3)",<class 'numpy.float32'>,"(1, 1)",<class 'numpy.float32'>,462959735922,2026-07-13T21:06:50Z
655,img_398d143b,0067vd,30.73881721496582,136419525,136.419525,136148025,136.148025,135893137,135.893137,"(1, 300, 300, 3)",<class 'numpy.float32'>,"(1, 1)",<class 'numpy.float32'>,463096055577,2026-07-13T21:06:51Z
656,img_8ac22cc6,0068vd,39.00261688232422,136498228,136.498228,136254155,136.254155,135996452,135.996452,"(1, 300, 300, 3)",<class 'numpy.float32'>,"(1, 1)",<class 'numpy.float32'>,463232544139,2026-07-13T21:06:51Z
657,img_71ff25d1,66vdf,11.051061630249023,136325173,136.325173,136078432,136.078432,135819507,135.819507,"(1, 300, 300, 3)",<class 'numpy.float32'>,"(1, 1)",<class 'numpy.float32'>,463369112997,2026-07-13T21:06:51Z
658,img_482567cf,0903,33.052696228027344,137374524,137.374524,137135098,137.135098,136874525,136.874525,"(1, 300, 300, 3)",<class 'numpy.float32'>,"(1, 1)",<class 'numpy.float32'>,463505511281,2026-07-13T21:06:51Z
659,img_d8ab6fe6,0605az,43.06576156616211,136462877,136.462877,136219785,136.219785,135961395,135.961395,"(1, 300, 300, 3)",<class 'numpy.float32'>,"(1, 1)",<class 'numpy.float32'>,463642956601,2026-07-13T21:06:51Z
660,img_86fa20cb,0792,24.272533416748047,136225007,136.225007,135985711,135.985711,135729859,135.729859,"(1, 300, 300, 3)",<class 'numpy.float32'>,"(1, 1)",<class 'numpy.float32'>,463779490496,2026-07-13T21:06:51Z
661,img_92b531e2,802rof,17.92634391784668,136782911,136.782911,136515782,136.515782,136257690,136.25769,"(1, 300, 300, 3)",<class 'numpy.float32'>,"(1, 1)",<class 'numpy.float32'>,463915786336,2026-07-13T21:06:51Z
662,img_7fbda4e0,0060az,35.08769989013672,136508057,136.508057,136200631,136.200631,135942188,135.942188,"(1, 300, 300, 3)",<class 'numpy.float32'>,"(1, 1)",<class 'numpy.float32'>,464052639969,2026-07-13T21:06:52Z
663,img_a3542534,0186,34.54502868652344,136479799,136.479799,136233835,136.233835,135977280,135.97728,"(1, 300, 300, 3)",<class 'numpy.float32'>,"(1, 1)",<class 'numpy.float32'>,464189220990,2026-07-13T21:06:52Z
664,img_71b1b87d,0002,45.830108642578125,136572113,136.572113,136334594,136.334594,136077150,136.07715,"(1, 300, 300, 3)",<class 'numpy.float32'>,"(1, 1)",<class 'numpy.float32'>,464325773491,2026-07-13T21:06:52Z
665,img_25d5977e,0219,52.1381950378418,137141316,137.141316,136901612,136.901612,136645427,136.645427,"(1, 300, 300, 3)",<class 'numpy.float32'>,"(1, 1)",<class 'numpy.float32'>,464462418067,2026-07-13T21:06:52Z
666,img_16461d77,0014vm,42.922645568847656,136703353,136.703353,136413409,136.413409,136130150,136.13015,"(1, 300, 300, 3)",<class 'numpy.float32'>,"(1, 1)",<class 'numpy.float32'>,464599629679,2026-07-13T21:06:52Z
667,img_68d01918,0031az,39.417659759521484,136356891,136.356891,136090614,136.090614,135833225,135.833225,"(1, 300, 300, 3)",<class 'numpy.float32'>,"(1, 1)",<class 'numpy.float32'>,464736404366,2026-07-13T21:06:52Z
668,img_7be44f7c,0506vd,45.69586181640625,136141946,136.141946,135898965,135.898965,135638558,135.638558,"(1, 300, 300, 3)",<class 'numpy.float32'>,"(1, 1)",<class 'numpy.float32'>,464872834905,2026-07-13T21:06:52Z
669,img_31b65537,0015,35.60765075683594,136150387,136.150387,135906887,135.906887,135652091,135.652091,"(1, 300, 300, 3)",<class 'numpy.float32'>,"(1, 1)",<class 'numpy.float32'>,465009046814,2026-07-13T21:06:53Z
670,img_18783af6,0993,14.686859130859375,136195961,136.195961,135956128,135.956128,135700220,135.70022,"(1, 300, 300, 3)",<class 'numpy.float32'>,"(1, 1)",<class 'numpy.float32'>,465145267034,2026-07-13T21:06:53Z
671,img_d979a018,0050,32.99309539794922,136282201,136.282201,136047868,136.047868,135792054,135.792054,"(1, 300, 300, 3)",<class 'numpy.float32'>,"(1, 1)",<class 'numpy.float32'>,465281534383,2026-07-13T21:06:53Z
672,img_a665b219,806rof,18.971851348876953,136495090,136.49509,136249813,136.249813,135992999,135.992999,"(1, 300, 300, 3)",<class 'numpy.float32'>,"(1, 1)",<class 'numpy.float32'>,465417886696,2026-07-13T21:06:53Z
673,img_21b62be1,0029,35.915794372558594,136210238,136.210238,135973109,135.973109,135717536,135.717536,"(1, 300, 300, 3)",<class 'numpy.float32'>,"(1, 1)",<class 'numpy.float32'>,465554452526,2026-07-13T21:06:53Z
674,img_b01bd4ee,0123vd,14.73155403137207,136410238,136.410238,136134332,136.134332,135875147,135.875147,"(1, 300, 300, 3)",<class 'numpy.float32'>,"(1, 1)",<class 'numpy.float32'>,465690733895,2026-07-13T21:06:53Z
675,img_c10b7f02,0047az,40.77737808227539,136125979,136.125979,135887573,135.887573,135628554,135.628554,"(1, 300, 300, 3)",<class 'numpy.float32'>,"(1, 1)",<class 'numpy.float32'>,465827213836,2026-07-13T21:06:53Z
676,img_f5a2afbe,66vdf,12.613216400146484,136343179,136.343179,136098346,136.098346,135839717,135.839717,"(1, 300, 300, 3)",<class 'numpy.float32'>,"(1, 1)",<class 'numpy.float32'>,465963409131,2026-07-13T21:06:53Z
677,img_834c3c55,09mf,8.09843635559082,136177179,136.177179,135883735,135.883735,135625754,135.625754,"(1, 300, 300, 3)",<class 'numpy.float32'>,"(1, 1)",<class 'numpy.float32'>,466099823347,2026-07-13T21:06:54Z
678,img_58e70f75,0998,12.698692321777344,136556623,136.556623,136309123,136.309123,136048679,136.048679,"(1, 300, 300, 3)",<class 'numpy.float32'>,"(1, 1)",<class 'numpy.float32'>,466236084359,2026-07-13T21:06:54Z
679,img_ba33f620,0963,31.031217575073242,136371289,136.371289,136077957,136.077957,135817809,135.817809,"(1, 300, 300, 3)",<class 'numpy.float32'>,"(1, 1)",<class 'numpy.float32'>,466372711630,2026-07-13T21:06:54Z
680,img_f20b6315,04mf,10.751736640930176,137268862,137.268862,137033992,137.033992,136776549,136.776549,"(1, 300, 300, 3)",<class 'numpy.float32'>,"(1, 1)",<class 'numpy.float32'>,466509154882,2026-07-13T21:06:54Z
681,img_65fa1f0a,0084az,42.29832077026367,136302438,136.302438,136056513,136.056513,135798309,135.798309,"(1, 300, 300, 3)",<class 'numpy.float32'>,"(1, 1)",<class 'numpy.float32'>,466646495356,2026-07-13T21:06:54Z
682,img_5c35dbae,0030am,13.927492141723633,136322586,136.322586,136083234,136.083234,135824697,135.824697,"(1, 300, 300, 3)",<class 'numpy.float32'>,"(1, 1)",<class 'numpy.float32'>,466782868479,2026-07-13T21:06:54Z
683,img_cc0c61fa,0053az,42.201663970947266,136376714,136.376714,136045899,136.045899,135789881,135.789881,"(1, 300, 300, 3)",<class 'numpy.float32'>,"(1, 1)",<class 'numpy.float32'>,466919260787,2026-07-13T21:06:54Z
684,img_5aa4c124,0056,44.004154205322266,136336915,136.336915,136098138,136.098138,135815972,135.815972,"(1, 300, 300, 3)",<class 'numpy.float32'>,"(1, 1)",<class 'numpy.float32'>,467055708074,2026-07-13T21:06:55Z
685,img_24f0bb69,0184,32.75190353393555,136454859,136.454859,136132471,136.132471,135878879,135.878879,"(1, 300, 300, 3)",<class 'numpy.float32'>,"(1, 1)",<class 'numpy.float32'>,467192115859,2026-07-13T21:06:55Z
686,img_37d64800,1001,5.558783531188965,136312749,136.312749,136069527,136.069527,135810249,135.810249,"(1, 300, 300, 3)",<class 'numpy.float32'>,"(1, 1)",<class 'numpy.float32'>,467328640385,2026-07-13T21:06:55Z
687,img_90f2fa8c,67vdf,5.893862724304199,136732322,136.732322,136493748,136.493748,136239934,136.239934,"(1, 300, 300, 3)",<class 'numpy.float32'>,"(1, 1)",<class 'numpy.float32'>,467465022912,2026-07-13T21:06:55Z
688,img_a082efe5,0055,43.835079193115234,136611193,136.611193,136353304,136.353304,136096360,136.09636,"(1, 300, 300, 3)",<class 'numpy.float32'>,"(1, 1)",<class 'numpy.float32'>,467601825770,2026-07-13T21:06:55Z
689,img_f7963b0d,0972,18.776168823242188,136300285,136.300285,136055897,136.055897,135799582,135.799582,"(1, 300, 300, 3)",<class 'numpy.float32'>,"(1, 1)",<class 'numpy.float32'>,467738506407,2026-07-13T21:06:55Z
690,img_cd7ae6cc,0101,44.151546478271484,136289841,136.289841,136048840,136.04884,135793249,135.793249,"(1, 300, 300, 3)",<class 'numpy.float32'>,"(1, 1)",<class 'numpy.float32'>,467874875915,2026-07-13T21:06:55Z
691,img_af8f989e,0127vd,14.6907377243042,136195448,136.195448,135956967,135.956967,135699819,135.699819,"(1, 300, 300, 3)",<class 'numpy.float32'>,"(1, 1)",<class 'numpy.float32'>,468011237533,2026-07-13T21:06:56Z
692,img_3e7fd7d6,0796,36.902915954589844,136552743,136.552743,136316059,136.316059,136058448,136.058448,"(1, 300, 300, 3)",<class 'numpy.float32'>,"(1, 1)",<class 'numpy.float32'>,468147504555,2026-07-13T21:06:56Z
693,img_08086259,0988,16.979520797729492,136810614,136.810614,136495911,136.495911,136239189,136.239189,"(1, 300, 300, 3)",<class 'numpy.float32'>,"(1, 1)",<class 'numpy.float32'>,468284128595,2026-07-13T21:06:56Z
694,img_db793e79,0610az,41.19572448730469,136358818,136.358818,136124782,136.124782,135868338,135.868338,"(1, 300, 300, 3)",<class 'numpy.float32'>,"(1, 1)",<class 'numpy.float32'>,468421009394,2026-07-13T21:06:56Z
695,img_6622faaa,0131az,15.62411880493164,136682410,136.68241,136436596,136.436596,136180244,136.180244,"(1, 300, 300, 3)",<class 'numpy.float32'>,"(1, 1)",<class 'numpy.float32'>,468557440120,2026-07-13T21:06:56Z
696,img_067fd1d3,0438,36.25115966796875,136306022,136.306022,136062319,136.062319,135807634,135.807634,"(1, 300, 300, 3)",<class 'numpy.float32'>,"(1, 1)",<class 'numpy.float32'>,468694193901,2026-07-13T21:06:56Z
697,img_1270c363,0741,34.52978515625,136345356,136.345356,136106430,136.10643,135850004,135.850004,"(1, 300, 300, 3)",<class 'numpy.float32'>,"(1, 1)",<class 'numpy.float32'>,468830570089,2026-07-13T21:06:56Z
698,img_fb77fb38,0130az,17.750213623046875,136733833,136.733833,136488425,136.488425,136230092,136.230092,"(1, 300, 300, 3)",<class 'numpy.float32'>,"(1, 1)",<class 'numpy.float32'>,468966988833,2026-07-13T21:06:56Z
699,img_f6a24046,0118vd,22.73309326171875,136434518,136.434518,136168426,136.168426,135910296,135.910296,"(1, 300, 300, 3)",<class 'numpy.float32'>,"(1, 1)",<class 'numpy.float32'>,469103796296,2026-07-13T21:06:57Z
700,img_56ffae43,0071az,46.5162467956543,136268721,136.268721,136025797,136.025797,135768704,135.768704,"(1, 300, 300, 3)",<class 'numpy.float32'>,"(1, 1)",<class 'numpy.float32'>,469240301980,2026-07-13T21:06:57Z
701,img_4d6afedc,0024br,15.374067306518555,136389369,136.389369,136136407,136.136407,135877240,135.87724,"(1, 300, 300, 3)",<class 'numpy.float32'>,"(1, 1)",<class 'numpy.float32'>,469376642480,2026-07-13T21:06:57Z
702,img_9baf9efc,0183,48.82943344116211,136968110,136.96811,136729555,136.729555,136472869,136.472869,"(1, 300, 300, 3)",<class 'numpy.float32'>,"(1, 1)",<class 'numpy.float32'>,469513099997,2026-07-13T21:06:57Z
703,img_2b90cad0,0197,38.93775177001953,136233370,136.23337,135992333,135.992333,135731908,135.731908,"(1, 300, 300, 3)",<class 'numpy.float32'>,"(1, 1)",<class 'numpy.float32'>,469650142181,2026-07-13T21:06:57Z
704,img_5a32a536,0170,29.242904663085938,136485407,136.485407,136197055,136.197055,135936611,135.936611,"(1, 300, 300, 3)",<class 'numpy.float32'>,"(1, 1)",<class 'numpy.float32'>,469786446051,2026-07-13T21:06:57Z
705,img_1b165427,0799,58.26462173461914,136613015,136.613015,136368794,136.368794,136114628,136.114628,"(1, 300, 300, 3)",<class 'numpy.float32'>,"(1, 1)",<class 'numpy.float32'>,469923002402,2026-07-13T21:06:57Z
706,img_e48b6ab3,0473,37.0084228515625,136159737,136.159737,135911255,135.911255,135626811,135.626811,"(1, 300, 300, 3)",<class 'numpy.float32'>,"(1, 1)",<class 'numpy.float32'>,470059686065,2026-07-13T21:06:58Z
707,img_f669bd52,0507,12.653099060058594,136001514,136.001514,135732422,135.732422,135476885,135.476885,"(1, 300, 300, 3)",<class 'numpy.float32'>,"(1, 1)",<class 'numpy.float32'>,470195924061,2026-07-13T21:06:58Z
708,img_d1c28f86,0059,97.08393859863281,136203070,136.20307,135913367,135.913367,135655848,135.655848,"(1, 300, 300, 3)",<class 'numpy.float32'>,"(1, 1)",<class 'numpy.float32'>,470331998538,2026-07-13T21:06:58Z
709,img_3c2eee6f,0129az,20.324604034423828,136041477,136.041477,135780922,135.780922,135527293,135.527293,"(1, 300, 300, 3)",<class 'numpy.float32'>,"(1, 1)",<class 'numpy.float32'>,470468295885,2026-07-13T21:06:58Z
710,img_57741786,0247,43.02719497680664,136477476,136.477476,136144699,136.144699,135886459,135.886459,"(1, 300, 300, 3)",<class 'numpy.float32'>,"(1, 1)",<class 'numpy.float32'>,470604408548,2026-07-13T21:06:58Z
711,img_a6999158,0247,44.27063751220703,136322829,136.322829,136010125,136.010125,135752014,135.752014,"(1, 300, 300, 3)",<class 'numpy.float32'>,"(1, 1)",<class 'numpy.float32'>,470740960691,2026-07-13T21:06:58Z
712,img_c7e39bf5,0473,37.783447265625,136569661,136.569661,136318902,136.318902,136059144,136.059144,"(1, 300, 300, 3)",<class 'numpy.float32'>,"(1, 1)",<class 'numpy.float32'>,470877355149,2026-07-13T21:06:58Z
713,img_2442bfc6,0984,15.735031127929688,136372695,136.372695,136124306,136.124306,135865770,135.86577,"(1, 300, 300, 3)",<class 'numpy.float32'>,"(1, 1)",<class 'numpy.float32'>,471013996181,2026-07-13T21:06:59Z
714,img_1de68bdb,1005,56.228973388671875,136661121,136.661121,136416344,136.416344,136158103,136.158103,"(1, 300, 300, 3)",<class 'numpy.float32'>,"(1, 1)",<class 'numpy.float32'>,471150438802,2026-07-13T21:06:59Z
715,img_66188ff3,0011br,37.89479064941406,136409066,136.409066,136102955,136.102955,135847178,135.847178,"(1, 300, 300, 3)",<class 'numpy.float32'>,"(1, 1)",<class 'numpy.float32'>,471287170052,2026-07-13T21:06:59Z
716,img_5200c255,0184,32.1163444519043,136640195,136.640195,136313287,136.313287,136016918,136.016918,"(1, 300, 300, 3)",<class 'numpy.float32'>,"(1, 1)",<class 'numpy.float32'>,471423648006,2026-07-13T21:06:59Z
717,img_5035adb1,0020az,42.59600067138672,137385064,137.385064,137141694,137.141694,136885324,136.885324,"(1, 300, 300, 3)",<class 'numpy.float32'>,"(1, 1)",<class 'numpy.float32'>,471560358460,2026-07-13T21:06:59Z
718,img_9331484a,02mf,14.012933731079102,136322844,136.322844,136018140,136.01814,135759178,135.759178,"(1, 300, 300, 3)",<class 'numpy.float32'>,"(1, 1)",<class 'numpy.float32'>,471697814412,2026-07-13T21:06:59Z
719,img_7c9b654e,0015,36.73228454589844,136342899,136.342899,136101899,136.101899,135845103,135.845103,"(1, 300, 300, 3)",<class 'numpy.float32'>,"(1, 1)",<class 'numpy.float32'>,471834207737,2026-07-13T21:06:59Z
720,img_d313f582,0188,27.20968246459961,136443914,136.443914,136208932,136.208932,135952952,135.952952,"(1, 300, 300, 3)",<class 'numpy.float32'>,"(1, 1)",<class 'numpy.float32'>,471970620062,2026-07-13T21:06:59Z
721,img_f162316d,0458,44.74613952636719,136226784,136.226784,135993136,135.993136,135737081,135.737081,"(1, 300, 300, 3)",<class 'numpy.float32'>,"(1, 1)",<class 'numpy.float32'>,472107134309,2026-07-13T21:07:00Z
722,img_c02cbf24,0902br,44.686363220214844,136452450,136.45245,136208062,136.208062,135949506,135.949506,"(1, 300, 300, 3)",<class 'numpy.float32'>,"(1, 1)",<class 'numpy.float32'>,472243431074,2026-07-13T21:07:00Z
723,img_d69d5796,0263,42.055877685546875,136087655,136.087655,135826915,135.826915,135566915,135.566915,"(1, 300, 300, 3)",<class 'numpy.float32'>,"(1, 1)",<class 'numpy.float32'>,472379956080,2026-07-13T21:07:00Z
724,img_480d0d20,0607az,42.89715576171875,137168764,137.168764,136921116,136.921116,136666413,136.666413,"(1, 300, 300, 3)",<class 'numpy.float32'>,"(1, 1)",<class 'numpy.float32'>,472516115957,2026-07-13T21:07:00Z
725,img_d9a1b9b9,0504,14.83911418914795,136388821,136.388821,136099932,136.099932,135842970,135.84297,"(1, 300, 300, 3)",<class 'numpy.float32'>,"(1, 1)",<class 'numpy.float32'>,472653354406,2026-07-13T21:07:00Z
726,img_1c0a3b96,0027vm,19.78860855102539,136129025,136.129025,135888710,135.88871,135631637,135.631637,"(1, 300, 300, 3)",<class 'numpy.float32'>,"(1, 1)",<class 'numpy.float32'>,472789816412,2026-07-13T21:07:00Z
727,img_68540bdb,0909,25.498056411743164,136699836,136.699836,136454504,136.454504,136199634,136.199634,"(1, 300, 300, 3)",<class 'numpy.float32'>,"(1, 1)",<class 'numpy.float32'>,472926016122,2026-07-13T21:07:00Z
728,img_ff4a87ce,0955,49.50210189819336,136307781,136.307781,136070003,136.070003,135813763,135.813763,"(1, 300, 300, 3)",<class 'numpy.float32'>,"(1, 1)",<class 'numpy.float32'>,473062787569,2026-07-13T21:07:01Z
729,img_88d337fa,0125vd,14.409381866455078,136704391,136.704391,136460095,136.460095,136203540,136.20354,"(1, 300, 300, 3)",<class 'numpy.float32'>,"(1, 1)",<class 'numpy.float32'>,473199164368,2026-07-13T21:07:01Z
730,img_5655ff6e,0937,28.842456817626953,136349539,136.349539,136083243,136.083243,135825670,135.82567,"(1, 300, 300, 3)",<class 'numpy.float32'>,"(1, 1)",<class 'numpy.float32'>,473335940925,2026-07-13T21:07:01Z
731,img_045204f0,0057,44.203147888183594,136535391,136.535391,136284891,136.284891,136028874,136.028874,"(1, 300, 300, 3)",<class 'numpy.float32'>,"(1, 1)",<class 'numpy.float32'>,473472360631,2026-07-13T21:07:01Z
732,img_78cbe27d,0024vd,33.342308044433594,136930298,136.930298,136683002,136.683002,136430743,136.430743,"(1, 300, 300, 3)",<class 'numpy.float32'>,"(1, 1)",<class 'numpy.float32'>,473608966596,2026-07-13T21:07:01Z
733,img_02774d0d,0069az,36.927223205566406,136179762,136.179762,135928929,135.928929,135668984,135.668984,"(1, 300, 300, 3)",<class 'numpy.float32'>,"(1, 1)",<class 'numpy.float32'>,473745968152,2026-07-13T21:07:01Z
734,img_32e336d7,0977,20.01544189453125,136235946,136.235946,135994631,135.994631,135738335,135.738335,"(1, 300, 300, 3)",<class 'numpy.float32'>,"(1, 1)",<class 'numpy.float32'>,473882218988,2026-07-13T21:07:01Z
735,img_c91f16ae,0130az,17.793270111083984,136568369,136.568369,136260295,136.260295,136002406,136.002406,"(1, 300, 300, 3)",<class 'numpy.float32'>,"(1, 1)",<class 'numpy.float32'>,474018527249,2026-07-13T21:07:02Z
736,img_9c344008,0918,33.157432556152344,136444313,136.444313,136199721,136.199721,135940314,135.940314,"(1, 300, 300, 3)",<class 'numpy.float32'>,"(1, 1)",<class 'numpy.float32'>,474155168673,2026-07-13T21:07:02Z
737,img_b2d6c225,0608az,44.692359924316406,136468684,136.468684,136131795,136.131795,135872055,135.872055,"(1, 300, 300, 3)",<class 'numpy.float32'>,"(1, 1)",<class 'numpy.float32'>,474291684874,2026-07-13T21:07:02Z
738,img_e155f99b,0128,35.692298889160156,136241498,136.241498,135947037,135.947037,135689592,135.689592,"(1, 300, 300, 3)",<class 'numpy.float32'>,"(1, 1)",<class 'numpy.float32'>,474428225095,2026-07-13T21:07:02Z
739,img_59d26332,0020vd,39.70502471923828,136970756,136.970756,136725980,136.72598,136469572,136.469572,"(1, 300, 300, 3)",<class 'numpy.float32'>,"(1, 1)",<class 'numpy.float32'>,474564537278,2026-07-13T21:07:02Z
740,img_b7002087,0515vd,43.869285583496094,136157017,136.157017,135907610,135.90761,135652129,135.652129,"(1, 300, 300, 3)",<class 'numpy.float32'>,"(1, 1)",<class 'numpy.float32'>,474701577979,2026-07-13T21:07:02Z
741,img_902f7e7b,05mf,16.165729522705078,136153702,136.153702,135864148,135.864148,135606425,135.606425,"(1, 300, 300, 3)",<class 'numpy.float32'>,"(1, 1)",<class 'numpy.float32'>,474837805534,2026-07-13T21:07:02Z
742,img_bb9885a1,0253,49.61219024658203,136004329,136.004329,135766144,135.766144,135512144,135.512144,"(1, 300, 300, 3)",<class 'numpy.float32'>,"(1, 1)",<class 'numpy.float32'>,474974029643,2026-07-13T21:07:02Z
743,img_267d47a1,0032az,43.04212188720703,136014144,136.014144,135770533,135.770533,135513829,135.513829,"(1, 300, 300, 3)",<class 'numpy.float32'>,"(1, 1)",<class 'numpy.float32'>,475110103658,2026-07-13T21:07:03Z
744,img_4fe35006,0999,14.984811782836914,136033976,136.033976,135793811,135.793811,135535033,135.535033,"(1, 300, 300, 3)",<class 'numpy.float32'>,"(1, 1)",<class 'numpy.float32'>,475246186968,2026-07-13T21:07:03Z
745,img_52812e41,0059az,36.42546081542969,136084681,136.084681,135820033,135.820033,135565385,135.565385,"(1, 300, 300, 3)",<class 'numpy.float32'>,"(1, 1)",<class 'numpy.float32'>,475382294759,2026-07-13T21:07:03Z
746,img_e8355567,0129az,23.46388816833496,136277532,136.277532,136034550,136.03455,135778847,135.778847,"(1, 300, 300, 3)",<class 'numpy.float32'>,"(1, 1)",<class 'numpy.float32'>,475518448735,2026-07-13T21:07:03Z
747,img_d1574a7b,0057,41.99812316894531,136407643,136.407643,136158717,136.158717,135900922,135.900922,"(1, 300, 300, 3)",<class 'numpy.float32'>,"(1, 1)",<class 'numpy.float32'>,475654796489,2026-07-13T21:07:03Z
748,img_1533d5d4,0605az,40.82625961303711,136166717,136.166717,135924644,135.924644,135665810,135.66581,"(1, 300, 300, 3)",<class 'numpy.float32'>,"(1, 1)",<class 'numpy.float32'>,475791297762,2026-07-13T21:07:03Z
749,img_39e4c2e4,0217,45.14812088012695,136533733,136.533733,136209308,136.209308,135928512,135.928512,"(1, 300, 300, 3)",<class 'numpy.float32'>,"(1, 1)",<class 'numpy.float32'>,475927533701,2026-07-13T21:07:03Z
750,img_8b08b8dc,0063vd,45.38927459716797,136284898,136.284898,135975418,135.975418,135718918,135.718918,"(1, 300, 300, 3)",<class 'numpy.float32'>,"(1, 1)",<class 'numpy.float32'>,476064137878,2026-07-13T21:07:04Z
751,img_f6a24046,0118vd,22.73309326171875,136373306,136.373306,136131065,136.131065,135872510,135.87251,"(1, 300, 300, 3)",<class 'numpy.float32'>,"(1, 1)",<class 'numpy.float32'>,476200492332,2026-07-13T21:07:04Z
752,img_72b41389,0034az,32.65892028808594,136233195,136.233195,135986177,135.986177,135726973,135.726973,"(1, 300, 300, 3)",<class 'numpy.float32'>,"(1, 1)",<class 'numpy.float32'>,476336936842,2026-07-13T21:07:04Z
753,img_626d0a45,0041vd,39.286338806152344,136309991,136.309991,136052473,136.052473,135794621,135.794621,"(1, 300, 300, 3)",<class 'numpy.float32'>,"(1, 1)",<class 'numpy.float32'>,476473243111,2026-07-13T21:07:04Z
754,img_2a7029ba,0047,43.39717483520508,137177453,137.177453,136936360,136.93636,136681065,136.681065,"(1, 300, 300, 3)",<class 'numpy.float32'>,"(1, 1)",<class 'numpy.float32'>,476609625509,2026-07-13T21:07:04Z
755,img_b7002087,0515vd,43.869285583496094,136556009,136.556009,136307306,136.307306,136053344,136.053344,"(1, 300, 300, 3)",<class 'numpy.float32'>,"(1, 1)",<class 'numpy.float32'>,476746873999,2026-07-13T21:07:04Z
756,img_643abdce,1001,5.774954319000244,136243731,136.243731,136000658,136.000658,135742436,135.742436,"(1, 300, 300, 3)",<class 'numpy.float32'>,"(1, 1)",<class 'numpy.float32'>,476883501452,2026-07-13T21:07:04Z
757,img_18723ff2,0006,64.96923828125,136153691,136.153691,135895359,135.895359,135638340,135.63834,"(1, 300, 300, 3)",<class 'numpy.float32'>,"(1, 1)",<class 'numpy.float32'>,477019814776,2026-07-13T21:07:05Z
758,img_a082efe5,0055,43.835079193115234,136004840,136.00484,135765266,135.765266,135508119,135.508119,"(1, 300, 300, 3)",<class 'numpy.float32'>,"(1, 1)",<class 'numpy.float32'>,477156062819,2026-07-13T21:07:05Z
759,img_ce8c0589,0008vm,38.13360595703125,136674858,136.674858,136429839,136.429839,136172895,136.172895,"(1, 300, 300, 3)",<class 'numpy.float32'>,"(1, 1)",<class 'numpy.float32'>,477292137233,2026-07-13T21:07:05Z
760,img_d313f582,0188,27.20968246459961,136373302,136.373302,136137488,136.137488,135879711,135.879711,"(1, 300, 300, 3)",<class 'numpy.float32'>,"(1, 1)",<class 'numpy.float32'>,477428881831,2026-07-13T21:07:05Z
761,img_8b08b8dc,0063vd,45.38927459716797,137108727,137.108727,136802579,136.802579,136544728,136.544728,"(1, 300, 300, 3)",<class 'numpy.float32'>,"(1, 1)",<class 'numpy.float32'>,477565324855,2026-07-13T21:07:05Z
762,img_71b1b87d,0002,45.830108642578125,136153821,136.153821,135915618,135.915618,135657248,135.657248,"(1, 300, 300, 3)",<class 'numpy.float32'>,"(1, 1)",<class 'numpy.float32'>,477702505563,2026-07-13T21:07:05Z
763,img_4d6afedc,0024br,15.374067306518555,136473395,136.473395,136221117,136.221117,135963303,135.963303,"(1, 300, 300, 3)",<class 'numpy.float32'>,"(1, 1)",<class 'numpy.float32'>,477838730477,2026-07-13T21:07:05Z
764,img_6622faaa,0131az,15.62411880493164,136363428,136.363428,136119911,136.119911,135863633,135.863633,"(1, 300, 300, 3)",<class 'numpy.float32'>,"(1, 1)",<class 'numpy.float32'>,477975275409,2026-07-13T21:07:05Z
765,img_90dad877,0117vd,21.418521881103516,136577817,136.577817,136224947,136.224947,135967725,135.967725,"(1, 300, 300, 3)",<class 'numpy.float32'>,"(1, 1)",<class 'numpy.float32'>,478111711522,2026-07-13T21:07:06Z
766,img_f669bd52,0507,12.653099060058594,136760428,136.760428,136522762,136.522762,136266817,136.266817,"(1, 300, 300, 3)",<class 'numpy.float32'>,"(1, 1)",<class 'numpy.float32'>,478248362950,2026-07-13T21:07:06Z
767,img_2a7b2e19,0214,59.0761604309082,136193188,136.193188,135950873,135.950873,135692615,135.692615,"(1, 300, 300, 3)",<class 'numpy.float32'>,"(1, 1)",<class 'numpy.float32'>,478385195581,2026-07-13T21:07:06Z
768,img_c10b7f02,0047az,40.77737808227539,136441817,136.441817,136204818,136.204818,135946040,135.94604,"(1, 300, 300, 3)",<class 'numpy.float32'>,"(1, 1)",<class 'numpy.float32'>,478521464325,2026-07-13T21:07:06Z
769,img_f7963b0d,0972,18.776168823242188,136733427,136.733427,136486261,136.486261,136228373,136.228373,"(1, 300, 300, 3)",<class 'numpy.float32'>,"(1, 1)",<class 'numpy.float32'>,478657977049,2026-07-13T21:07:06Z
770,img_49c4d6a0,0262,49.852935791015625,136358409,136.358409,136121855,136.121855,135860874,135.860874,"(1, 300, 300, 3)",<class 'numpy.float32'>,"(1, 1)",<class 'numpy.float32'>,478794783014,2026-07-13T21:07:06Z
771,img_482567cf,0903,33.052696228027344,136266611,136.266611,136027519,136.027519,135770242,135.770242,"(1, 300, 300, 3)",<class 'numpy.float32'>,"(1, 1)",<class 'numpy.float32'>,478931215127,2026-07-13T21:07:06Z
772,img_4b073578,0138,45.671539306640625,136201036,136.201036,135954463,135.954463,135671500,135.6715,"(1, 300, 300, 3)",<class 'numpy.float32'>,"(1, 1)",<class 'numpy.float32'>,479067554127,2026-07-13T21:07:07Z
773,img_86fa20cb,0792,24.272533416748047,136691295,136.691295,136430239,136.430239,136173480,136.17348,"(1, 300, 300, 3)",<class 'numpy.float32'>,"(1, 1)",<class 'numpy.float32'>,479203826997,2026-07-13T21:07:07Z
774,img_ba33f620,0963,31.031217575073242,136449572,136.449572,136159389,136.159389,135903056,135.903056,"(1, 300, 300, 3)",<class 'numpy.float32'>,"(1, 1)",<class 'numpy.float32'>,479340588643,2026-07-13T21:07:07Z
775,img_f20b6315,04mf,10.751736640930176,136201888,136.201888,135968777,135.968777,135710944,135.710944,"(1, 300, 300, 3)",<class 'numpy.float32'>,"(1, 1)",<class 'numpy.float32'>,479477108920,2026-07-13T21:07:07Z
776,img_698972f2,0054az,42.76775360107422,136980257,136.980257,136718035,136.718035,136465536,136.465536,"(1, 300, 300, 3)",<class 'numpy.float32'>,"(1, 1)",<class 'numpy.float32'>,479613381678,2026-07-13T21:07:07Z
777,img_3bdf4a7e,0974,15.77151870727539,136351480,136.35148,136102740,136.10274,135845592,135.845592,"(1, 300, 300, 3)",<class 'numpy.float32'>,"(1, 1)",<class 'numpy.float32'>,479750433324,2026-07-13T21:07:07Z
778,img_583896e7,0456,42.0555534362793,136543627,136.543627,136252832,136.252832,135995721,135.995721,"(1, 300, 300, 3)",<class 'numpy.float32'>,"(1, 1)",<class 'numpy.float32'>,479886856248,2026-07-13T21:07:07Z
779,img_fd73b93d,0612az,43.11301040649414,136428569,136.428569,136134292,136.134292,135856367,135.856367,"(1, 300, 300, 3)",<class 'numpy.float32'>,"(1, 1)",<class 'numpy.float32'>,480023470246,2026-07-13T21:07:08Z
780,img_00a705ec,0468,38.494720458984375,136416403,136.416403,136078755,136.078755,135822404,135.822404,"(1, 300, 300, 3)",<class 'numpy.float32'>,"(1, 1)",<class 'numpy.float32'>,480159967612,2026-07-13T21:07:08Z
781,img_ec239f24,0009vd,38.699806213378906,136392811,136.392811,136119052,136.119052,135858126,135.858126,"(1, 300, 300, 3)",<class 'numpy.float32'>,"(1, 1)",<class 'numpy.float32'>,480296457088,2026-07-13T21:07:08Z
782,img_c43bedbb,0188,32.23059844970703,136370995,136.370995,136107477,136.107477,135850033,135.850033,"(1, 300, 300, 3)",<class 'numpy.float32'>,"(1, 1)",<class 'numpy.float32'>,480432925769,2026-07-13T21:07:08Z
783,img_1de68bdb,1005,56.228973388671875,136723328,136.723328,136478366,136.478366,136220422,136.220422,"(1, 300, 300, 3)",<class 'numpy.float32'>,"(1, 1)",<class 'numpy.float32'>,480569371672,2026-07-13T21:07:08Z
784,img_cc202632,0971,50.65618133544922,136797365,136.797365,136544939,136.544939,136287014,136.287014,"(1, 300, 300, 3)",<class 'numpy.float32'>,"(1, 1)",<class 'numpy.float32'>,480706163629,2026-07-13T21:07:08Z
785,img_53c77f45,0135az,13.213532447814941,136449848,136.449848,136214125,136.214125,135954515,135.954515,"(1, 300, 300, 3)",<class 'numpy.float32'>,"(1, 1)",<class 'numpy.float32'>,480843032309,2026-07-13T21:07:08Z
786,img_d85fb6da,0071vd,40.35026168823242,136076844,136.076844,135829012,135.829012,135556235,135.556235,"(1, 300, 300, 3)",<class 'numpy.float32'>,"(1, 1)",<class 'numpy.float32'>,480979553156,2026-07-13T21:07:08Z
787,img_b01bd4ee,0123vd,14.73155403137207,136436844,136.436844,136160733,136.160733,135883770,135.88377,"(1, 300, 300, 3)",<class 'numpy.float32'>,"(1, 1)",<class 'numpy.float32'>,481115701778,2026-07-13T21:07:09Z
788,img_65e66414,000742,41.947471618652344,136378233,136.378233,136134400,136.1344,135876919,135.876919,"(1, 300, 300, 3)",<class 'numpy.float32'>,"(1, 1)",<class 'numpy.float32'>,481252209622,2026-07-13T21:07:09Z
789,img_d1c28f86,0059,97.08393859863281,136346585,136.346585,136056770,136.05677,135797437,135.797437,"(1, 300, 300, 3)",<class 'numpy.float32'>,"(1, 1)",<class 'numpy.float32'>,481388658892,2026-07-13T21:07:09Z
790,img_57f83d30,04mf,11.648083686828613,136143196,136.143196,135898196,135.898196,135640772,135.640772,"(1, 300, 300, 3)",<class 'numpy.float32'>,"(1, 1)",<class 'numpy.float32'>,481525078717,2026-07-13T21:07:09Z
791,img_54a4bd62,0502,15.106350898742676,136564769,136.564769,136317326,136.317326,136056956,136.056956,"(1, 300, 300, 3)",<class 'numpy.float32'>,"(1, 1)",<class 'numpy.float32'>,481661295913,2026-07-13T21:07:09Z
792,img_0cff535c,0963,31.82773208618164,136125252,136.125252,135887641,135.887641,135631382,135.631382,"(1, 300, 300, 3)",<class 'numpy.float32'>,"(1, 1)",<class 'numpy.float32'>,481797933127,2026-07-13T21:07:09Z
793,img_d9a1b9b9,0504,14.83911418914795,136242990,136.24299,135958454,135.958454,135701102,135.701102,"(1, 300, 300, 3)",<class 'numpy.float32'>,"(1, 1)",<class 'numpy.float32'>,481934129323,2026-07-13T21:07:09Z
794,img_ddc1ec9c,0020vd,38.921783447265625,136064934,136.064934,135829638,135.829638,135572786,135.572786,"(1, 300, 300, 3)",<class 'numpy.float32'>,"(1, 1)",<class 'numpy.float32'>,482070445517,2026-07-13T21:07:10Z
795,img_45a7e870,0128vd,5.657727241516113,136142415,136.142415,135894490,135.89449,135635342,135.635342,"(1, 300, 300, 3)",<class 'numpy.float32'>,"(1, 1)",<class 'numpy.float32'>,482206584247,2026-07-13T21:07:10Z
796,img_36e0c481,0020,34.388938903808594,136191601,136.191601,135946619,135.946619,135687323,135.687323,"(1, 300, 300, 3)",<class 'numpy.float32'>,"(1, 1)",<class 'numpy.float32'>,482342798588,2026-07-13T21:07:10Z
797,img_db793e79,0610az,41.19572448730469,136296193,136.296193,136062211,136.062211,135808805,135.808805,"(1, 300, 300, 3)",<class 'numpy.float32'>,"(1, 1)",<class 'numpy.float32'>,482479061021,2026-07-13T21:07:10Z
798,img_5aa4c124,0056,44.004154205322266,136895507,136.895507,136654599,136.654599,136398377,136.398377,"(1, 300, 300, 3)",<class 'numpy.float32'>,"(1, 1)",<class 'numpy.float32'>,482615427121,2026-07-13T21:07:10Z
799,img_defb782b,02mf,14.892553329467773,136117045,136.117045,135875453,135.875453,135616564,135.616564,"(1, 300, 300, 3)",<class 'numpy.float32'>,"(1, 1)",<class 'numpy.float32'>,482752392182,2026-07-13T21:07:10Z
800,img_54cf8960,0458,45.08048629760742,136284062,136.284062,136040230,136.04023,135784267,135.784267,"(1, 300, 300, 3)",<class 'numpy.float32'>,"(1, 1)",<class 'numpy.float32'>,482888581172,2026-07-13T21:07:10Z
801,img_3a964be8,0985,19.87146759033203,136468467,136.468467,136175264,136.175264,135918246,135.918246,"(1, 300, 300, 3)",<class 'numpy.float32'>,"(1, 1)",<class 'numpy.float32'>,483024934974,2026-07-13T21:07:11Z
802,img_c7fa9075,0506vd,39.00745391845703,136398152,136.398152,136148653,136.148653,135889672,135.889672,"(1, 300, 300, 3)",<class 'numpy.float32'>,"(1, 1)",<class 'numpy.float32'>,483161473126,2026-07-13T21:07:11Z
803,img_2442bfc6,0984,15.735031127929688,136705855,136.705855,136458856,136.458856,136201153,136.201153,"(1, 300, 300, 3)",<class 'numpy.float32'>,"(1, 1)",<class 'numpy.float32'>,483297943537,2026-07-13T21:07:11Z
804,img_e5b36d7d,0063vd,45.77045440673828,136374764,136.374764,136136949,136.136949,135881098,135.881098,"(1, 300, 300, 3)",<class 'numpy.float32'>,"(1, 1)",<class 'numpy.float32'>,483434722411,2026-07-13T21:07:11Z
805,img_66fa183f,0008vd,47.449127197265625,136284745,136.284745,136029653,136.029653,135774579,135.774579,"(1, 300, 300, 3)",<class 'numpy.float32'>,"(1, 1)",<class 'numpy.float32'>,483571167896,2026-07-13T21:07:11Z
806,img_263e6eca,0052az,45.88323974609375,136664226,136.664226,136415874,136.415874,136103690,136.10369,"(1, 300, 300, 3)",<class 'numpy.float32'>,"(1, 1)",<class 'numpy.float32'>,483707524363,2026-07-13T21:07:11Z
807,img_4b117eec,0059,101.52500915527344,136647467,136.647467,136409707,136.409707,136152263,136.152263,"(1, 300, 300, 3)",<class 'numpy.float32'>,"(1, 1)",<class 'numpy.float32'>,483844259700,2026-07-13T21:07:11Z
808,img_18783af6,0993,14.686859130859375,136112872,136.112872,135872595,135.872595,135619077,135.619077,"(1, 300, 300, 3)",<class 'numpy.float32'>,"(1, 1)",<class 'numpy.float32'>,483980977555,2026-07-13T21:07:11Z
809,img_915543b3,0021,28.38381576538086,136336649,136.336649,136093909,136.093909,135834150,135.83415,"(1, 300, 300, 3)",<class 'numpy.float32'>,"(1, 1)",<class 'numpy.float32'>,484117158890,2026-07-13T21:07:12Z
810,img_66188ff3,0011br,37.89479064941406,136352853,136.352853,136047501,136.047501,135792335,135.792335,"(1, 300, 300, 3)",<class 'numpy.float32'>,"(1, 1)",<class 'numpy.float32'>,484253565094,2026-07-13T21:07:12Z
811,img_b1475966,0133az,19.58222007751465,136416834,136.416834,136171650,136.17165,135913576,135.913576,"(1, 300, 300, 3)",<class 'numpy.float32'>,"(1, 1)",<class 'numpy.float32'>,484389988706,2026-07-13T21:07:12Z
812,img_3e7fd7d6,0796,36.902915954589844,136543778,136.543778,136303982,136.303982,136045353,136.045353,"(1, 300, 300, 3)",<class 'numpy.float32'>,"(1, 1)",<class 'numpy.float32'>,484526477484,2026-07-13T21:07:12Z
813,img_8c4a4900,0043az,28.00483512878418,137190425,137.190425,136937667,136.937667,136680592,136.680592,"(1, 300, 300, 3)",<class 'numpy.float32'>,"(1, 1)",<class 'numpy.float32'>,484663095318,2026-07-13T21:07:12Z
814,img_13863c25,0044,28.564022064208984,136463945,136.463945,136222001,136.222001,135967742,135.967742,"(1, 300, 300, 3)",<class 'numpy.float32'>,"(1, 1)",<class 'numpy.float32'>,484800357687,2026-07-13T21:07:12Z
815,img_c91f16ae,0130az,17.793270111083984,136506887,136.506887,136200185,136.200185,135942518,135.942518,"(1, 300, 300, 3)",<class 'numpy.float32'>,"(1, 1)",<class 'numpy.float32'>,484936892724,2026-07-13T21:07:12Z
816,img_4fe35006,0999,14.984811782836914,136448682,136.448682,136209165,136.209165,135952814,135.952814,"(1, 300, 300, 3)",<class 'numpy.float32'>,"(1, 1)",<class 'numpy.float32'>,485073470760,2026-07-13T21:07:13Z
817,img_52812e41,0059az,36.42546081542969,136457941,136.457941,136194461,136.194461,135936628,135.936628,"(1, 300, 300, 3)",<class 'numpy.float32'>,"(1, 1)",<class 'numpy.float32'>,485209991368,2026-07-13T21:07:13Z
818,img_597bb1fa,0030am,21.383066177368164,136428886,136.428886,136181016,136.181016,135921480,135.92148,"(1, 300, 300, 3)",<class 'numpy.float32'>,"(1, 1)",<class 'numpy.float32'>,485346520514,2026-07-13T21:07:13Z
819,img_1270c363,0741,34.52978515625,136278202,136.278202,136039258,136.039258,135782332,135.782332,"(1, 300, 300, 3)",<class 'numpy.float32'>,"(1, 1)",<class 'numpy.float32'>,485483034974,2026-07-13T21:07:13Z
820,img_fb77fb38,0130az,17.750213623046875,137012608,137.012608,136765516,136.765516,136509664,136.509664,"(1, 300, 300, 3)",<class 'numpy.float32'>,"(1, 1)",<class 'numpy.float32'>,485619383120,2026-07-13T21:07:13Z
821,img_a17a6d6e,0170,31.08458137512207,136501368,136.501368,136228905,136.228905,135968535,135.968535,"(1, 300, 300, 3)",<class 'numpy.float32'>,"(1, 1)",<class 'numpy.float32'>,485756464264,2026-07-13T21:07:13Z
822,img_57741786,0247,43.02719497680664,136270608,136.270608,135937127,135.937127,135679739,135.679739,"(1, 300, 300, 3)",<class 'numpy.float32'>,"(1, 1)",<class 'numpy.float32'>,485893055243,2026-07-13T21:07:13Z
823,img_834c3c55,09mf,8.09843635559082,136426087,136.426087,136179068,136.179068,135921514,135.921514,"(1, 300, 300, 3)",<class 'numpy.float32'>,"(1, 1)",<class 'numpy.float32'>,486029400665,2026-07-13T21:07:14Z
824,img_b3011203,0982,16.135162353515625,136250347,136.250347,135985143,135.985143,135726626,135.726626,"(1, 300, 300, 3)",<class 'numpy.float32'>,"(1, 1)",<class 'numpy.float32'>,486165900604,2026-07-13T21:07:14Z
825,img_1b165427,0799,58.26462173461914,136165050,136.16505,135920236,135.920236,135662255,135.662255,"(1, 300, 300, 3)",<class 'numpy.float32'>,"(1, 1)",<class 'numpy.float32'>,486302225376,2026-07-13T21:07:14Z
826,img_f5a2afbe,66vdf,12.613216400146484,136263735,136.263735,136017865,136.017865,135759088,135.759088,"(1, 300, 300, 3)",<class 'numpy.float32'>,"(1, 1)",<class 'numpy.float32'>,486438461556,2026-07-13T21:07:14Z
827,img_0f8829d8,0122vd,15.711359024047852,136467809,136.467809,136168013,136.168013,135912551,135.912551,"(1, 300, 300, 3)",<class 'numpy.float32'>,"(1, 1)",<class 'numpy.float32'>,486574796995,2026-07-13T21:07:14Z
828,img_b7f71da9,0210,41.001121520996094,136783939,136.783939,136532679,136.532679,136275698,136.275698,"(1, 300, 300, 3)",<class 'numpy.float32'>,"(1, 1)",<class 'numpy.float32'>,486711335637,2026-07-13T21:07:14Z
829,img_6fa34074,0062,41.16815185546875,136473179,136.473179,136235828,136.235828,135979125,135.979125,"(1, 300, 300, 3)",<class 'numpy.float32'>,"(1, 1)",<class 'numpy.float32'>,486848192816,2026-07-13T21:07:14Z
830,img_836c2089,0007vm,43.547306060791016,136492640,136.49264,136243640,136.24364,135987196,135.987196,"(1, 300, 300, 3)",<class 'numpy.float32'>,"(1, 1)",<class 'numpy.float32'>,486984738292,2026-07-13T21:07:14Z
831,img_8ac22cc6,0068vd,39.00261688232422,136379473,136.379473,136134733,136.134733,135875011,135.875011,"(1, 300, 300, 3)",<class 'numpy.float32'>,"(1, 1)",<class 'numpy.float32'>,487121303097,2026-07-13T21:07:15Z
832,img_68d01918,0031az,39.417659759521484,136707546,136.707546,136443269,136.443269,136187973,136.187973,"(1, 300, 300, 3)",<class 'numpy.float32'>,"(1, 1)",<class 'numpy.float32'>,487257753940,2026-07-13T21:07:15Z
833,img_4101da6d,0511,11.159414291381836,136266306,136.266306,136018547,136.018547,135762549,135.762549,"(1, 300, 300, 3)",<class 'numpy.float32'>,"(1, 1)",<class 'numpy.float32'>,487394534375,2026-07-13T21:07:15Z
834,img_619e4166,0065az,39.449440002441406,136408509,136.408509,136167011,136.167011,135906918,135.906918,"(1, 300, 300, 3)",<class 'numpy.float32'>,"(1, 1)",<class 'numpy.float32'>,487530875071,2026-07-13T21:07:15Z
835,img_f846a55d,01mf,15.768843650817871,137448212,137.448212,137117916,137.117916,136860768,136.860768,"(1, 300, 300, 3)",<class 'numpy.float32'>,"(1, 1)",<class 'numpy.float32'>,487667355802,2026-07-13T21:07:15Z
836,img_ade529db,902brf,15.038928031921387,136588806,136.588806,136264473,136.264473,136003566,136.003566,"(1, 300, 300, 3)",<class 'numpy.float32'>,"(1, 1)",<class 'numpy.float32'>,487804873551,2026-07-13T21:07:15Z
837,img_51fd6754,0066az,43.958621978759766,136540378,136.540378,136231601,136.231601,135976120,135.97612,"(1, 300, 300, 3)",<class 'numpy.float32'>,"(1, 1)",<class 'numpy.float32'>,487941535931,2026-07-13T21:07:15Z
838,img_d7714853,0010az,39.026092529296875,136271303,136.271303,135980989,135.980989,135724693,135.724693,"(1, 300, 300, 3)",<class 'numpy.float32'>,"(1, 1)",<class 'numpy.float32'>,488078149234,2026-07-13T21:07:16Z
839,img_6f93fdf1,0024,40.93789291381836,136309415,136.309415,136063952,136.063952,135802656,135.802656,"(1, 300, 300, 3)",<class 'numpy.float32'>,"(1, 1)",<class 'numpy.float32'>,488214492723,2026-07-13T21:07:16Z
840,img_a7aa2d34,0138,47.632530212402344,136361933,136.361933,136125119,136.125119,135869322,135.869322,"(1, 300, 300, 3)",<class 'numpy.float32'>,"(1, 1)",<class 'numpy.float32'>,488350874692,2026-07-13T21:07:16Z
841,img_5200c255,0184,32.1163444519043,136224618,136.224618,135899193,135.899193,135643267,135.643267,"(1, 300, 300, 3)",<class 'numpy.float32'>,"(1, 1)",<class 'numpy.float32'>,488487307440,2026-07-13T21:07:16Z
842,img_9331484a,02mf,14.012933731079102,136524951,136.524951,136224915,136.224915,135948100,135.9481,"(1, 300, 300, 3)",<class 'numpy.float32'>,"(1, 1)",<class 'numpy.float32'>,488623602669,2026-07-13T21:07:16Z
843,img_2de6b07f,0074,43.42338180541992,137270487,137.270487,137027098,137.027098,136769339,136.769339,"(1, 300, 300, 3)",<class 'numpy.float32'>,"(1, 1)",<class 'numpy.float32'>,488760197083,2026-07-13T21:07:16Z
844,img_f656dbc9,0005az,44.99998474121094,136388099,136.388099,136149228,136.149228,135890581,135.890581,"(1, 300, 300, 3)",<class 'numpy.float32'>,"(1, 1)",<class 'numpy.float32'>,488897538088,2026-07-13T21:07:16Z
845,img_a3542534,0186,34.54502868652344,136334022,136.334022,136087467,136.087467,135828431,135.828431,"(1, 300, 300, 3)",<class 'numpy.float32'>,"(1, 1)",<class 'numpy.float32'>,489033999297,2026-07-13T21:07:17Z
846,img_02774d0d,0069az,36.927223205566406,136433319,136.433319,136183856,136.183856,135927320,135.92732,"(1, 300, 300, 3)",<class 'numpy.float32'>,"(1, 1)",<class 'numpy.float32'>,489170402986,2026-07-13T21:07:17Z
847,img_067fd1d3,0438,36.25115966796875,136370263,136.370263,136124245,136.124245,135866931,135.866931,"(1, 300, 300, 3)",<class 'numpy.float32'>,"(1, 1)",<class 'numpy.float32'>,489306906453,2026-07-13T21:07:17Z
848,img_7094ee98,0005az,43.96757888793945,136343578,136.343578,136095356,136.095356,135834487,135.834487,"(1, 300, 300, 3)",<class 'numpy.float32'>,"(1, 1)",<class 'numpy.float32'>,489443346753,2026-07-13T21:07:17Z
849,img_152871fb,0998,13.413041114807129,136444726,136.444726,136178911,136.178911,135919782,135.919782,"(1, 300, 300, 3)",<class 'numpy.float32'>,"(1, 1)",<class 'numpy.float32'>,489579760553,2026-07-13T21:07:17Z
850,img_b2ace298,0121vd,9.426494598388672,137565854,137.565854,137323317,137.323317,137067207,137.067207,"(1, 300, 300, 3)",<class 'numpy.float32'>,"(1, 1)",<class 'numpy.float32'>,489716278408,2026-07-13T21:07:17Z
851,img_3891132e,0972,15.281335830688477,136433726,136.433726,136187578,136.187578,135931745,135.931745,"(1, 300, 300, 3)",<class 'numpy.float32'>,"(1, 1)",<class 'numpy.float32'>,489853917391,2026-07-13T21:07:17Z
852,img_0c29c109,03mf,13.209789276123047,136453519,136.453519,136213372,136.213372,135957187,135.957187,"(1, 300, 300, 3)",<class 'numpy.float32'>,"(1, 1)",<class 'numpy.float32'>,489990421358,2026-07-13T21:07:18Z
853,img_b3b15f95,0192,53.14537811279297,136401593,136.401593,136153279,136.153279,135895409,135.895409,"(1, 300, 300, 3)",<class 'numpy.float32'>,"(1, 1)",<class 'numpy.float32'>,490126947654,2026-07-13T21:07:18Z
854,img_e8355567,0129az,23.46388816833496,136233260,136.23326,135987705,135.987705,135731909,135.731909,"(1, 300, 300, 3)",<class 'numpy.float32'>,"(1, 1)",<class 'numpy.float32'>,490263438192,2026-07-13T21:07:18Z
855,img_d89d0ee4,0995,14.249486923217773,136037298,136.037298,135796835,135.796835,135519040,135.51904,"(1, 300, 300, 3)",<class 'numpy.float32'>,"(1, 1)",<class 'numpy.float32'>,490399742267,2026-07-13T21:07:18Z
856,img_0045b226,0041vds2,35.91507339477539,136394408,136.394408,136116686,136.116686,135857058,135.857058,"(1, 300, 300, 3)",<class 'numpy.float32'>,"(1, 1)",<class 'numpy.float32'>,490535851695,2026-07-13T21:07:18Z
857,img_99a28fe9,0065vd,31.75726318359375,136945555,136.945555,136684815,136.684815,136431316,136.431316,"(1, 300, 300, 3)",<class 'numpy.float32'>,"(1, 1)",<class 'numpy.float32'>,490672318121,2026-07-13T21:07:18Z
858,img_c08c15d6,0937,27.304065704345703,136522222,136.522222,136271927,136.271927,136018335,136.018335,"(1, 300, 300, 3)",<class 'numpy.float32'>,"(1, 1)",<class 'numpy.float32'>,490809335491,2026-07-13T21:07:18Z
859,img_0a8c5905,0505,11.65190315246582,135910055,135.910055,135673278,135.673278,135415334,135.415334,"(1, 300, 300, 3)",<class 'numpy.float32'>,"(1, 1)",<class 'numpy.float32'>,490945928770,2026-07-13T21:07:18Z
860,img_39e4c2e4,0217,45.14812088012695,135966443,135.966443,135642610,135.64261,135384945,135.384945,"(1, 300, 300, 3)",<class 'numpy.float32'>,"(1, 1)",<class 'numpy.float32'>,491081911769,2026-07-13T21:07:19Z
861,img_dcc9e581,0131az,18.104541778564453,136199813,136.199813,135960092,135.960092,135703406,135.703406,"(1, 300, 300, 3)",<class 'numpy.float32'>,"(1, 1)",<class 'numpy.float32'>,491217948712,2026-07-13T21:07:19Z
862,img_4a74451e,0059az,36.75420379638672,136476628,136.476628,136240165,136.240165,135985536,135.985536,"(1, 300, 300, 3)",<class 'numpy.float32'>,"(1, 1)",<class 'numpy.float32'>,491354220822,2026-07-13T21:07:19Z
863,img_a6999158,0247,44.27063751220703,136040591,136.040591,135726888,135.726888,135470482,135.470482,"(1, 300, 300, 3)",<class 'numpy.float32'>,"(1, 1)",<class 'numpy.float32'>,491490768338,2026-07-13T21:07:19Z
864,img_26f635ad,0126,39.09333038330078,136245739,136.245739,136005313,136.005313,135748369,135.748369,"(1, 300, 300, 3)",<class 'numpy.float32'>,"(1, 1)",<class 'numpy.float32'>,491626879133,2026-07-13T21:07:19Z
865,img_37d64800,1001,5.558783531188965,137109664,137.109664,136862627,136.862627,136605183,136.605183,"(1, 300, 300, 3)",<class 'numpy.float32'>,"(1, 1)",<class 'numpy.float32'>,491763194594,2026-07-13T21:07:19Z
866,img_3c2eee6f,0129az,20.324604034423828,136577737,136.577737,136289478,136.289478,136018869,136.018869,"(1, 300, 300, 3)",<class 'numpy.float32'>,"(1, 1)",<class 'numpy.float32'>,491900399183,2026-07-13T21:07:19Z
867,img_d8ab6fe6,0605az,43.06576156616211,136331402,136.331402,136094255,136.094255,135837700,135.8377,"(1, 300, 300, 3)",<class 'numpy.float32'>,"(1, 1)",<class 'numpy.float32'>,492037051920,2026-07-13T21:07:20Z
868,img_207b7947,0428,41.82135009765625,136305995,136.305995,136067366,136.067366,135810626,135.810626,"(1, 300, 300, 3)",<class 'numpy.float32'>,"(1, 1)",<class 'numpy.float32'>,492173455211,2026-07-13T21:07:20Z
869,img_0088aae4,0014,38.463356018066406,136253403,136.253403,135987070,135.98707,135730885,135.730885,"(1, 300, 300, 3)",<class 'numpy.float32'>,"(1, 1)",<class 'numpy.float32'>,492309830855,2026-07-13T21:07:20Z
870,img_d1574a7b,0057,41.99812316894531,136269569,136.269569,136022218,136.022218,135763256,135.763256,"(1, 300, 300, 3)",<class 'numpy.float32'>,"(1, 1)",<class 'numpy.float32'>,492446156869,2026-07-13T21:07:20Z
871,img_88d337fa,0125vd,14.409381866455078,136111236,136.111236,135868311,135.868311,135611182,135.611182,"(1, 300, 300, 3)",<class 'numpy.float32'>,"(1, 1)",<class 'numpy.float32'>,492582496271,2026-07-13T21:07:20Z
872,img_66073c07,0029am,10.881945610046387,137071087,137.071087,136835309,136.835309,136578958,136.578958,"(1, 300, 300, 3)",<class 'numpy.float32'>,"(1, 1)",<class 'numpy.float32'>,492718678267,2026-07-13T21:07:20Z
873,img_34fc282e,10mf,12.141157150268555,136425236,136.425236,136153088,136.153088,135893256,135.893256,"(1, 300, 300, 3)",<class 'numpy.float32'>,"(1, 1)",<class 'numpy.float32'>,492855820408,2026-07-13T21:07:20Z
874,img_66022258,0741,34.141517639160156,136127827,136.127827,135881660,135.88166,135624142,135.624142,"(1, 300, 300, 3)",<class 'numpy.float32'>,"(1, 1)",<class 'numpy.float32'>,492992317477,2026-07-13T21:07:21Z
875,img_efff8004,0068vds2,41.581390380859375,136304863,136.304863,136056215,136.056215,135797956,135.797956,"(1, 300, 300, 3)",<class 'numpy.float32'>,"(1, 1)",<class 'numpy.float32'>,493128516489,2026-07-13T21:07:21Z
876,img_267d47a1,0032az,43.04212188720703,136006548,136.006548,135761827,135.761827,135504253,135.504253,"(1, 300, 300, 3)",<class 'numpy.float32'>,"(1, 1)",<class 'numpy.float32'>,493264893407,2026-07-13T21:07:21Z
877,img_50dd8c8e,0138azs2,13.977744102478027,136607437,136.607437,136366215,136.366215,136109271,136.109271,"(1, 300, 300, 3)",<class 'numpy.float32'>,"(1, 1)",<class 'numpy.float32'>,493400970344,2026-07-13T21:07:21Z
878,img_1533d5d4,0605az,40.82625961303711,136267474,136.267474,136028475,136.028475,135769142,135.769142,"(1, 300, 300, 3)",<class 'numpy.float32'>,"(1, 1)",<class 'numpy.float32'>,493537648466,2026-07-13T21:07:21Z
879,img_22a70e3c,0006,42.27538299560547,136445937,136.445937,136173178,136.173178,135919123,135.919123,"(1, 300, 300, 3)",<class 'numpy.float32'>,"(1, 1)",<class 'numpy.float32'>,493673985755,2026-07-13T21:07:21Z
880,img_eda3dd2f,0463,44.36212158203125,136585214,136.585214,136279066,136.279066,136020511,136.020511,"(1, 300, 300, 3)",<class 'numpy.float32'>,"(1, 1)",<class 'numpy.float32'>,493810500598,2026-07-13T21:07:21Z
881,img_ec031396,0009vd,38.13186264038086,136438176,136.438176,136185916,136.185916,135931880,135.93188,"(1, 300, 300, 3)",<class 'numpy.float32'>,"(1, 1)",<class 'numpy.float32'>,493947154942,2026-07-13T21:07:21Z
882,img_f9a047a6,0126,40.37044143676758,136590415,136.590415,136338564,136.338564,136050842,136.050842,"(1, 300, 300, 3)",<class 'numpy.float32'>,"(1, 1)",<class 'numpy.float32'>,494083664784,2026-07-13T21:07:22Z
883,img_b2d6c225,0608az,44.692359924316406,136450397,136.450397,136136842,136.136842,135878620,135.87862,"(1, 300, 300, 3)",<class 'numpy.float32'>,"(1, 1)",<class 'numpy.float32'>,494220328736,2026-07-13T21:07:22Z
884,img_9c344008,0918,33.157432556152344,136143861,136.143861,135903935,135.903935,135649065,135.649065,"(1, 300, 300, 3)",<class 'numpy.float32'>,"(1, 1)",<class 'numpy.float32'>,494356850207,2026-07-13T21:07:22Z
885,img_4c86e343,0128vd,5.516940116882324,136028212,136.028212,135781102,135.781102,135521251,135.521251,"(1, 300, 300, 3)",<class 'numpy.float32'>,"(1, 1)",<class 'numpy.float32'>,494493062808,2026-07-13T21:07:22Z
886,img_65fa1f0a,0084az,42.29832077026367,136461008,136.461008,136216008,136.216008,135960880,135.96088,"(1, 300, 300, 3)",<class 'numpy.float32'>,"(1, 1)",<class 'numpy.float32'>,494629163057,2026-07-13T21:07:22Z
887,img_c61f1e04,0995,27.516983032226562,137372654,137.372654,137138266,137.138266,136880304,136.880304,"(1, 300, 300, 3)",<class 'numpy.float32'>,"(1, 1)",<class 'numpy.float32'>,494765695010,2026-07-13T21:07:22Z
888,img_bb3dd81f,0955,34.74637985229492,136343748,136.343748,136104174,136.104174,135845712,135.845712,"(1, 300, 300, 3)",<class 'numpy.float32'>,"(1, 1)",<class 'numpy.float32'>,494903140071,2026-07-13T21:07:22Z
889,img_3bbca2aa,0428,39.5522575378418,136198006,136.198006,135871118,135.871118,135589229,135.589229,"(1, 300, 300, 3)",<class 'numpy.float32'>,"(1, 1)",<class 'numpy.float32'>,495039566560,2026-07-13T21:07:23Z
890,img_af8f989e,0127vd,14.6907377243042,136131061,136.131061,135871858,135.871858,135614489,135.614489,"(1, 300, 300, 3)",<class 'numpy.float32'>,"(1, 1)",<class 'numpy.float32'>,495175834695,2026-07-13T21:07:23Z
891,img_7e51cbbd,0120vd,11.846049308776855,136298617,136.298617,136059821,136.059821,135801988,135.801988,"(1, 300, 300, 3)",<class 'numpy.float32'>,"(1, 1)",<class 'numpy.float32'>,495312059367,2026-07-13T21:07:23Z
892,img_be8d08bd,0984,15.023943901062012,136457949,136.457949,136216506,136.216506,135957451,135.957451,"(1, 300, 300, 3)",<class 'numpy.float32'>,"(1, 1)",<class 'numpy.float32'>,495448428595,2026-07-13T21:07:23Z
893,img_c6eea236,0982,20.853904724121094,136222154,136.222154,135984987,135.984987,135726526,135.726526,"(1, 300, 300, 3)",<class 'numpy.float32'>,"(1, 1)",<class 'numpy.float32'>,495584958767,2026-07-13T21:07:23Z
894,img_f321f037,0101,45.59233856201172,136855745,136.855745,136612542,136.612542,136356506,136.356506,"(1, 300, 300, 3)",<class 'numpy.float32'>,"(1, 1)",<class 'numpy.float32'>,495721251772,2026-07-13T21:07:23Z
895,img_f013e697,608azf,16.643749237060547,136441820,136.44182,136196580,136.19658,135937265,135.937265,"(1, 300, 300, 3)",<class 'numpy.float32'>,"(1, 1)",<class 'numpy.float32'>,495858177517,2026-07-13T21:07:23Z
896,img_74435edd,0141az,9.71391487121582,136421595,136.421595,136109503,136.109503,135850708,135.850708,"(1, 300, 300, 3)",<class 'numpy.float32'>,"(1, 1)",<class 'numpy.float32'>,495994689152,2026-07-13T21:07:24Z
897,img_0bf4988f,71azf,26.819623947143555,136371781,136.371781,136131947,136.131947,135875560,135.87556,"(1, 300, 300, 3)",<class 'numpy.float32'>,"(1, 1)",<class 'numpy.float32'>,496131182377,2026-07-13T21:07:24Z
898,img_328f491c,0137az,12.46200180053711,136244818,136.244818,135962948,135.962948,135685301,135.685301,"(1, 300, 300, 3)",<class 'numpy.float32'>,"(1, 1)",<class 'numpy.float32'>,496267625583,2026-07-13T21:07:24Z
899,img_7fbda4e0,0060az,35.08769989013672,136288373,136.288373,135956651,135.956651,135697060,135.69706,"(1, 300, 300, 3)",<class 'numpy.float32'>,"(1, 1)",<class 'numpy.float32'>,496403939734,2026-07-13T21:07:24Z
900,img_d8c15c7a,0013ro,41.023834228515625,136130781,136.130781,135887448,135.887448,135629134,135.629134,"(1, 300, 300, 3)",<class 'numpy.float32'>,"(1, 1)",<class 'numpy.float32'>,496540298644,2026-07-13T21:07:24Z
901,img_d69d5796,0263,42.055877685546875,136382558,136.382558,136147948,136.147948,135889708,135.889708,"(1, 300, 300, 3)",<class 'numpy.float32'>,"(1, 1)",<class 'numpy.float32'>,496676499666,2026-07-13T21:07:24Z
902,img_16461d77,0014vm,42.922645568847656,136393133,136.393133,136102540,136.10254,135844800,135.8448,"(1, 300, 300, 3)",<class 'numpy.float32'>,"(1, 1)",<class 'numpy.float32'>,496812952298,2026-07-13T21:07:24Z
903,img_17a5754d,0607az,46.43629455566406,136470426,136.470426,136163668,136.163668,135905169,135.905169,"(1, 300, 300, 3)",<class 'numpy.float32'>,"(1, 1)",<class 'numpy.float32'>,496949419967,2026-07-13T21:07:24Z
904,img_b464c9bb,0138azs2,16.141447067260742,136402093,136.402093,136108000,136.108,135849539,135.849539,"(1, 300, 300, 3)",<class 'numpy.float32'>,"(1, 1)",<class 'numpy.float32'>,497085962412,2026-07-13T21:07:25Z
905,img_481e7769,0200,37.78234100341797,136393926,136.393926,136132871,136.132871,135878094,135.878094,"(1, 300, 300, 3)",<class 'numpy.float32'>,"(1, 1)",<class 'numpy.float32'>,497222434912,2026-07-13T21:07:25Z
906,img_5a32a536,0170,29.242904663085938,136423630,136.42363,136134037,136.134037,135878075,135.878075,"(1, 300, 300, 3)",<class 'numpy.float32'>,"(1, 1)",<class 'numpy.float32'>,497358899467,2026-07-13T21:07:25Z
907,img_0cdcf3db,0140qz,11.967992782592773,136189870,136.18987,135957057,135.957057,135699724,135.699724,"(1, 300, 300, 3)",<class 'numpy.float32'>,"(1, 1)",<class 'numpy.float32'>,497495391134,2026-07-13T21:07:25Z
908,img_3a2bb64a,0009ro,39.02220153808594,136895221,136.895221,136590555,136.590555,136311037,136.311037,"(1, 300, 300, 3)",<class 'numpy.float32'>,"(1, 1)",<class 'numpy.float32'>,497631650542,2026-07-13T21:07:25Z
909,img_7cea1db1,0116vd,20.822561264038086,137117832,137.117832,136882018,136.882018,136619981,136.619981,"(1, 300, 300, 3)",<class 'numpy.float32'>,"(1, 1)",<class 'numpy.float32'>,497768615744,2026-07-13T21:07:25Z
910,img_8eb7daf0,1000,13.263221740722656,136268814,136.268814,136020704,136.020704,135763482,135.763482,"(1, 300, 300, 3)",<class 'numpy.float32'>,"(1, 1)",<class 'numpy.float32'>,497905806798,2026-07-13T21:07:25Z
911,img_32e336d7,0977,20.01544189453125,136549979,136.549979,136309164,136.309164,136048147,136.048147,"(1, 300, 300, 3)",<class 'numpy.float32'>,"(1, 1)",<class 'numpy.float32'>,498042147705,2026-07-13T21:07:26Z
912,img_ff4a87ce,0955,49.50210189819336,136369349,136.369349,136130257,136.130257,135872146,135.872146,"(1, 300, 300, 3)",<class 'numpy.float32'>,"(1, 1)",<class 'numpy.float32'>,498178768979,2026-07-13T21:07:26Z
913,img_691b324d,0035,32.932254791259766,136177998,136.177998,135941684,135.941684,135686017,135.686017,"(1, 300, 300, 3)",<class 'numpy.float32'>,"(1, 1)",<class 'numpy.float32'>,498315208681,2026-07-13T21:07:26Z
914,img_24f0bb69,0184,32.75190353393555,136192165,136.192165,135872536,135.872536,135595222,135.595222,"(1, 300, 300, 3)",<class 'numpy.float32'>,"(1, 1)",<class 'numpy.float32'>,498451456752,2026-07-13T21:07:26Z
915,img_96e5fa04,0068vd,39.11907196044922,136419034,136.419034,136166424,136.166424,135884184,135.884184,"(1, 300, 300, 3)",<class 'numpy.float32'>,"(1, 1)",<class 'numpy.float32'>,498587718843,2026-07-13T21:07:26Z
916,img_c3953343,0992,15.770536422729492,137065810,137.06581,136825812,136.825812,136568997,136.568997,"(1, 300, 300, 3)",<class 'numpy.float32'>,"(1, 1)",<class 'numpy.float32'>,498724209933,2026-07-13T21:07:26Z
917,img_b1bf465f,014bmf,16.605369567871094,136567090,136.56709,136319719,136.319719,136060313,136.060313,"(1, 300, 300, 3)",<class 'numpy.float32'>,"(1, 1)",<class 'numpy.float32'>,498861346317,2026-07-13T21:07:26Z
918,img_5e714b9d,0050vd,38.67601013183594,136376606,136.376606,136126162,136.126162,135868829,135.868829,"(1, 300, 300, 3)",<class 'numpy.float32'>,"(1, 1)",<class 'numpy.float32'>,498997983648,2026-07-13T21:07:27Z
919,img_be57e663,0024br,16.963939666748047,136358699,136.358699,136031885,136.031885,135772996,135.772996,"(1, 300, 300, 3)",<class 'numpy.float32'>,"(1, 1)",<class 'numpy.float32'>,499134429828,2026-07-13T21:07:27Z
920,img_08086259,0988,16.979520797729492,136302088,136.302088,135986403,135.986403,135727663,135.727663,"(1, 300, 300, 3)",<class 'numpy.float32'>,"(1, 1)",<class 'numpy.float32'>,499270861415,2026-07-13T21:07:27Z
921,img_84e0fc6b,0278,39.92445373535156,136491291,136.491291,136247477,136.247477,135989422,135.989422,"(1, 300, 300, 3)",<class 'numpy.float32'>,"(1, 1)",<class 'numpy.float32'>,499407237040,2026-07-13T21:07:27Z
922,img_c1763a32,0055,44.618019104003906,136442477,136.442477,136170569,136.170569,135913811,135.913811,"(1, 300, 300, 3)",<class 'numpy.float32'>,"(1, 1)",<class 'numpy.float32'>,499543798460,2026-07-13T21:07:27Z
923,img_78cbe27d,0024vd,33.342308044433594,136178607,136.178607,135931236,135.931236,135673848,135.673848,"(1, 300, 300, 3)",<class 'numpy.float32'>,"(1, 1)",<class 'numpy.float32'>,499680311714,2026-07-13T21:07:27Z
924,img_bc02c873,0137az,10.96391487121582,136303329,136.303329,136056663,136.056663,135797700,135.7977,"(1, 300, 300, 3)",<class 'numpy.float32'>,"(1, 1)",<class 'numpy.float32'>,499816561191,2026-07-13T21:07:27Z
925,img_90f2fa8c,67vdf,5.893862724304199,136822715,136.822715,136580308,136.580308,136322678,136.322678,"(1, 300, 300, 3)",<class 'numpy.float32'>,"(1, 1)",<class 'numpy.float32'>,499952956167,2026-07-13T21:07:27Z
926,img_9baf9efc,0183,48.82943344116211,136048160,136.04816,135808568,135.808568,135554512,135.554512,"(1, 300, 300, 3)",<class 'numpy.float32'>,"(1, 1)",<class 'numpy.float32'>,500089849141,2026-07-13T21:07:28Z
927,img_5c35dbae,0030am,13.927492141723633,136274048,136.274048,136033733,136.033733,135776105,135.776105,"(1, 300, 300, 3)",<class 'numpy.float32'>,"(1, 1)",<class 'numpy.float32'>,500225966597,2026-07-13T21:07:28Z
928,img_411e66a4,0986,17.217761993408203,136183290,136.18329,135941697,135.941697,135683939,135.683939,"(1, 300, 300, 3)",<class 'numpy.float32'>,"(1, 1)",<class 'numpy.float32'>,500362314885,2026-07-13T21:07:28Z
929,img_2b90cad0,0197,38.93775177001953,136291363,136.291363,136054364,136.054364,135797382,135.797382,"(1, 300, 300, 3)",<class 'numpy.float32'>,"(1, 1)",<class 'numpy.float32'>,500498567360,2026-07-13T21:07:28Z
930,img_e48b6ab3,0473,37.0084228515625,136222011,136.222011,135975197,135.975197,135719735,135.719735,"(1, 300, 300, 3)",<class 'numpy.float32'>,"(1, 1)",<class 'numpy.float32'>,500634931926,2026-07-13T21:07:28Z
931,img_c401f39b,0134az,13.98538589477539,136085123,136.085123,135841790,135.84179,135585994,135.585994,"(1, 300, 300, 3)",<class 'numpy.float32'>,"(1, 1)",<class 'numpy.float32'>,500771224345,2026-07-13T21:07:28Z
932,img_1982da4d,0028vm,15.444564819335938,137253564,137.253564,137005860,137.00586,136750195,136.750195,"(1, 300, 300, 3)",<class 'numpy.float32'>,"(1, 1)",<class 'numpy.float32'>,500907378041,2026-07-13T21:07:28Z
933,img_d8bacc0b,0456,46.49066162109375,136227713,136.227713,135959047,135.959047,135699584,135.699584,"(1, 300, 300, 3)",<class 'numpy.float32'>,"(1, 1)",<class 'numpy.float32'>,501044704420,2026-07-13T21:07:29Z
934,img_a665b219,806rof,18.971851348876953,136811230,136.81123,136563137,136.563137,136306324,136.306324,"(1, 300, 300, 3)",<class 'numpy.float32'>,"(1, 1)",<class 'numpy.float32'>,501181003502,2026-07-13T21:07:29Z
935,img_8c46ef50,0275,63.51951599121094,136468712,136.468712,136223287,136.223287,135964917,135.964917,"(1, 300, 300, 3)",<class 'numpy.float32'>,"(1, 1)",<class 'numpy.float32'>,501317885676,2026-07-13T21:07:29Z
936,img_e4056729,0806ro,40.613494873046875,136387935,136.387935,136142139,136.142139,135886343,135.886343,"(1, 300, 300, 3)",<class 'numpy.float32'>,"(1, 1)",<class 'numpy.float32'>,501454426092,2026-07-13T21:07:29Z
937,img_5d40026e,0985,19.805763244628906,136127250,136.12725,135888325,135.888325,135634455,135.634455,"(1, 300, 300, 3)",<class 'numpy.float32'>,"(1, 1)",<class 'numpy.float32'>,501590886045,2026-07-13T21:07:29Z
938,img_54a2083d,11mf,11.833179473876953,136554675,136.554675,136306231,136.306231,136047861,136.047861,"(1, 300, 300, 3)",<class 'numpy.float32'>,"(1, 1)",<class 'numpy.float32'>,501727084072,2026-07-13T21:07:29Z
939,img_7c9b654e,0015,36.73228454589844,136900378,136.900378,136661007,136.661007,136379657,136.379657,"(1, 300, 300, 3)",<class 'numpy.float32'>,"(1, 1)",<class 'numpy.float32'>,501863708210,2026-07-13T21:07:29Z
940,img_92b531e2,802rof,17.92634391784668,136226507,136.226507,135979432,135.979432,135720007,135.720007,"(1, 300, 300, 3)",<class 'numpy.float32'>,"(1, 1)",<class 'numpy.float32'>,502000680513,2026-07-13T21:07:30Z
941,img_1c0a3b96,0027vm,19.78860855102539,136035525,136.035525,135791211,135.791211,135532008,135.532008,"(1, 300, 300, 3)",<class 'numpy.float32'>,"(1, 1)",<class 'numpy.float32'>,502136980853,2026-07-13T21:07:30Z
942,img_406f3c47,0026,38.373443603515625,136487432,136.487432,136246636,136.246636,135991100,135.9911,"(1, 300, 300, 3)",<class 'numpy.float32'>,"(1, 1)",<class 'numpy.float32'>,502273089952,2026-07-13T21:07:30Z
943,img_5035adb1,0020az,42.59600067138672,136403655,136.403655,136160710,136.16071,135904285,135.904285,"(1, 300, 300, 3)",<class 'numpy.float32'>,"(1, 1)",<class 'numpy.float32'>,502409650235,2026-07-13T21:07:30Z
944,img_5655ff6e,0937,28.842456817626953,136173136,136.173136,135930248,135.930248,135671341,135.671341,"(1, 300, 300, 3)",<class 'numpy.float32'>,"(1, 1)",<class 'numpy.float32'>,502546124537,2026-07-13T21:07:30Z
945,img_aa9dadd6,0047,42.81288528442383,136228840,136.22884,135977859,135.977859,135718470,135.71847,"(1, 300, 300, 3)",<class 'numpy.float32'>,"(1, 1)",<class 'numpy.float32'>,502682372062,2026-07-13T21:07:30Z
946,img_7be44f7c,0506vd,45.69586181640625,136344432,136.344432,136100989,136.100989,135841730,135.84173,"(1, 300, 300, 3)",<class 'numpy.float32'>,"(1, 1)",<class 'numpy.float32'>,502818671531,2026-07-13T21:07:30Z
947,img_2045532e,0021,61.37633514404297,136325060,136.32506,136031876,136.031876,135776653,135.776653,"(1, 300, 300, 3)",<class 'numpy.float32'>,"(1, 1)",<class 'numpy.float32'>,502955086371,2026-07-13T21:07:30Z
948,img_a1afdb54,0994,16.413928985595703,136656799,136.656799,136375319,136.375319,136092931,136.092931,"(1, 300, 300, 3)",<class 'numpy.float32'>,"(1, 1)",<class 'numpy.float32'>,503091480986,2026-07-13T21:07:31Z
949,img_90f5887c,0990,20.165569305419922,135976597,135.976597,135737542,135.737542,135480061,135.480061,"(1, 300, 300, 3)",<class 'numpy.float32'>,"(1, 1)",<class 'numpy.float32'>,503228209304,2026-07-13T21:07:31Z
950,img_1892d8f6,0048az,41.392356872558594,136236449,136.236449,135995745,135.995745,135737042,135.737042,"(1, 300, 300, 3)",<class 'numpy.float32'>,"(1, 1)",<class 'numpy.float32'>,503364259049,2026-07-13T21:07:31Z
951,img_8471c82d,0918,35.50029754638672,136374541,136.374541,136138152,136.138152,135881134,135.881134,"(1, 300, 300, 3)",<class 'numpy.float32'>,"(1, 1)",<class 'numpy.float32'>,503500567034,2026-07-13T21:07:31Z
952,img_480d0d20,0607az,42.89715576171875,136446374,136.446374,136198226,136.198226,135942838,135.942838,"(1, 300, 300, 3)",<class 'numpy.float32'>,"(1, 1)",<class 'numpy.float32'>,503637012056,2026-07-13T21:07:31Z
953,img_e689bda8,0606az,46.06519317626953,136292300,136.2923,136048948,136.048948,135789209,135.789209,"(1, 300, 300, 3)",<class 'numpy.float32'>,"(1, 1)",<class 'numpy.float32'>,503773528708,2026-07-13T21:07:31Z
954,img_e155f99b,0128,35.692298889160156,137040260,137.04026,136746890,136.74689,136490947,136.490947,"(1, 300, 300, 3)",<class 'numpy.float32'>,"(1, 1)",<class 'numpy.float32'>,503909890341,2026-07-13T21:07:31Z
955,img_bb9885a1,0253,49.61219024658203,136425335,136.425335,136189668,136.189668,135930577,135.930577,"(1, 300, 300, 3)",<class 'numpy.float32'>,"(1, 1)",<class 'numpy.float32'>,504047000601,2026-07-13T21:07:32Z
956,img_a2ed1545,0124vd,13.710417747497559,136673741,136.673741,136357909,136.357909,136077280,136.07728,"(1, 300, 300, 3)",<class 'numpy.float32'>,"(1, 1)",<class 'numpy.float32'>,504183496047,2026-07-13T21:07:32Z
957,img_cd7ae6cc,0101,44.151546478271484,136171206,136.171206,135930540,135.93054,135675095,135.675095,"(1, 300, 300, 3)",<class 'numpy.float32'>,"(1, 1)",<class 'numpy.float32'>,504320239344,2026-07-13T21:07:32Z
958,img_e49dd65f,0014s2,34.79153823852539,136171390,136.17139,135927058,135.927058,135666503,135.666503,"(1, 300, 300, 3)",<class 'numpy.float32'>,"(1, 1)",<class 'numpy.float32'>,504456480549,2026-07-13T21:07:32Z
959,img_7dd3a1ca,0217,45.66867446899414,136473501,136.473501,136231650,136.23165,135975150,135.97515,"(1, 300, 300, 3)",<class 'numpy.float32'>,"(1, 1)",<class 'numpy.float32'>,504592721329,2026-07-13T21:07:32Z
960,img_81508342,0978,19.852344512939453,136209465,136.209465,135943928,135.943928,135686022,135.686022,"(1, 300, 300, 3)",<class 'numpy.float32'>,"(1, 1)",<class 'numpy.float32'>,504729280681,2026-07-13T21:07:32Z
961,img_398d143b,0067vd,30.73881721496582,136917555,136.917555,136649482,136.649482,136392686,136.392686,"(1, 300, 300, 3)",<class 'numpy.float32'>,"(1, 1)",<class 'numpy.float32'>,504865559683,2026-07-13T21:07:32Z
962,img_59d26332,0020vd,39.70502471923828,136336203,136.336203,136086685,136.086685,135829001,135.829001,"(1, 300, 300, 3)",<class 'numpy.float32'>,"(1, 1)",<class 'numpy.float32'>,505002543794,2026-07-13T21:07:33Z
963,img_a636f334,608azf,16.816085815429688,136208018,136.208018,135970871,135.970871,135712871,135.712871,"(1, 300, 300, 3)",<class 'numpy.float32'>,"(1, 1)",<class 'numpy.float32'>,505138948552,2026-07-13T21:07:33Z
964,img_b3d99f96,0987,16.77386474609375,136375962,136.375962,136131148,136.131148,135875222,135.875222,"(1, 300, 300, 3)",<class 'numpy.float32'>,"(1, 1)",<class 'numpy.float32'>,505275229607,2026-07-13T21:07:33Z
965,img_21b62be1,0029,35.915794372558594,136213796,136.213796,135976351,135.976351,135695537,135.695537,"(1, 300, 300, 3)",<class 'numpy.float32'>,"(1, 1)",<class 'numpy.float32'>,505411679439,2026-07-13T21:07:33Z
966,img_c7e39bf5,0473,37.783447265625,136546610,136.54661,136274777,136.274777,136017537,136.017537,"(1, 300, 300, 3)",<class 'numpy.float32'>,"(1, 1)",<class 'numpy.float32'>,505547965253,2026-07-13T21:07:33Z
967,img_c02cbf24,0902br,44.686363220214844,136323980,136.32398,136078814,136.078814,135820241,135.820241,"(1, 300, 300, 3)",<class 'numpy.float32'>,"(1, 1)",<class 'numpy.float32'>,505684583585,2026-07-13T21:07:33Z
968,img_e52fcbdd,0120vd,12.016135215759277,136443221,136.443221,136206240,136.20624,135950481,135.950481,"(1, 300, 300, 3)",<class 'numpy.float32'>,"(1, 1)",<class 'numpy.float32'>,505820981195,2026-07-13T21:07:33Z
969,img_3d58c739,0993,12.850653648376465,137032514,137.032514,136797348,136.797348,136539812,136.539812,"(1, 300, 300, 3)",<class 'numpy.float32'>,"(1, 1)",<class 'numpy.float32'>,505957495064,2026-07-13T21:07:33Z
970,img_9d749bad,0119vd,18.890274047851562,136157738,136.157738,135901461,135.901461,135643332,135.643332,"(1, 300, 300, 3)",<class 'numpy.float32'>,"(1, 1)",<class 'numpy.float32'>,506094597800,2026-07-13T21:07:34Z
971,img_902f7e7b,05mf,16.165729522705078,136317182,136.317182,136025868,136.025868,135769257,135.769257,"(1, 300, 300, 3)",<class 'numpy.float32'>,"(1, 1)",<class 'numpy.float32'>,506230825279,2026-07-13T21:07:34Z
972,img_f162316d,0458,44.74613952636719,136262719,136.262719,136028572,136.028572,135774109,135.774109,"(1, 300, 300, 3)",<class 'numpy.float32'>,"(1, 1)",<class 'numpy.float32'>,506367213627,2026-07-13T21:07:34Z
973,img_6b594f13,0024vd,36.136688232421875,136237312,136.237312,135999627,135.999627,135721943,135.721943,"(1, 300, 300, 3)",<class 'numpy.float32'>,"(1, 1)",<class 'numpy.float32'>,506503546087,2026-07-13T21:07:34Z
974,img_0acf6cf7,0041vd,40.847618103027344,136348090,136.34809,136038349,136.038349,135780127,135.780127,"(1, 300, 300, 3)",<class 'numpy.float32'>,"(1, 1)",<class 'numpy.float32'>,506639856658,2026-07-13T21:07:34Z
975,img_6abcd27a,1003,6.322659492492676,136489608,136.489608,136239442,136.239442,135981498,135.981498,"(1, 300, 300, 3)",<class 'numpy.float32'>,"(1, 1)",<class 'numpy.float32'>,506776276210,2026-07-13T21:07:34Z
976,img_958e1786,1003,7.859373569488525,137196660,137.19666,136936272,136.936272,136676310,136.67631,"(1, 300, 300, 3)",<class 'numpy.float32'>,"(1, 1)",<class 'numpy.float32'>,506912837651,2026-07-13T21:07:34Z
977,img_ea41cbda,0035,32.510013580322266,136285790,136.28579,136039310,136.03931,135781200,135.7812,"(1, 300, 300, 3)",<class 'numpy.float32'>,"(1, 1)",<class 'numpy.float32'>,507050106441,2026-07-13T21:07:35Z
978,img_336e3801,0978,19.838199615478516,136878382,136.878382,136636642,136.636642,136378291,136.378291,"(1, 300, 300, 3)",<class 'numpy.float32'>,"(1, 1)",<class 'numpy.float32'>,507186465731,2026-07-13T21:07:35Z
979,img_52ae2e50,0014vm,44.42068099975586,136393624,136.393624,136157013,136.157013,135897014,135.897014,"(1, 300, 300, 3)",<class 'numpy.float32'>,"(1, 1)",<class 'numpy.float32'>,507323416076,2026-07-13T21:07:35Z
980,img_02da6c8b,0510,10.24378490447998,136187662,136.187662,135928329,135.928329,135669700,135.6697,"(1, 300, 300, 3)",<class 'numpy.float32'>,"(1, 1)",<class 'numpy.float32'>,507459880256,2026-07-13T21:07:35Z
981,img_04ca4546,11mf,10.9168701171875,136156403,136.156403,135918180,135.91818,135661089,135.661089,"(1, 300, 300, 3)",<class 'numpy.float32'>,"(1, 1)",<class 'numpy.float32'>,507596139603,2026-07-13T21:07:35Z
982,img_c3fe8b28,0010,40.07143783569336,136390421,136.390421,136148717,136.148717,135893033,135.893033,"(1, 300, 300, 3)",<class 'numpy.float32'>,"(1, 1)",<class 'numpy.float32'>,507732366245,2026-07-13T21:07:35Z
983,img_4720e3f9,0275,58.08795928955078,136425716,136.425716,136180106,136.180106,135924421,135.924421,"(1, 300, 300, 3)",<class 'numpy.float32'>,"(1, 1)",<class 'numpy.float32'>,507868827684,2026-07-13T21:07:35Z
984,img_abe074ff,0502vd,42.01985168457031,137071547,137.071547,136830492,136.830492,136575122,136.575122,"(1, 300, 300, 3)",<class 'numpy.float32'>,"(1, 1)",<class 'numpy.float32'>,508005323104,2026-07-13T21:07:36Z
985,img_68540bdb,0909,25.498056411743164,136350529,136.350529,136105808,136.105808,135850660,135.85066,"(1, 300, 300, 3)",<class 'numpy.float32'>,"(1, 1)",<class 'numpy.float32'>,508142465780,2026-07-13T21:07:36Z
986,img_71ff25d1,66vdf,11.051061630249023,136421270,136.42127,136130308,136.130308,135864197,135.864197,"(1, 300, 300, 3)",<class 'numpy.float32'>,"(1, 1)",<class 'numpy.float32'>,508278886105,2026-07-13T21:07:36Z
987,img_700f8727,0986,16.051359176635742,136205400,136.2054,135953696,135.953696,135692530,135.69253,"(1, 300, 300, 3)",<class 'numpy.float32'>,"(1, 1)",<class 'numpy.float32'>,508415377893,2026-07-13T21:07:36Z
988,img_4753a460,0029am,11.535605430603027,136525362,136.525362,136282419,136.282419,136003382,136.003382,"(1, 300, 300, 3)",<class 'numpy.float32'>,"(1, 1)",<class 'numpy.float32'>,508551657738,2026-07-13T21:07:36Z
989,img_0d36d704,0472,39.592796325683594,136510214,136.510214,136265122,136.265122,136007012,136.007012,"(1, 300, 300, 3)",<class 'numpy.float32'>,"(1, 1)",<class 'numpy.float32'>,508688254063,2026-07-13T21:07:36Z
990,img_56ffae43,0071az,46.5162467956543,136188678,136.188678,135943475,135.943475,135685143,135.685143,"(1, 300, 300, 3)",<class 'numpy.float32'>,"(1, 1)",<class 'numpy.float32'>,508824835499,2026-07-13T21:07:36Z
991,img_045204f0,0057,44.203147888183594,137291137,137.291137,137040267,137.040267,136783305,136.783305,"(1, 300, 300, 3)",<class 'numpy.float32'>,"(1, 1)",<class 'numpy.float32'>,508961096140,2026-07-13T21:07:36Z
992,img_cc0c61fa,0053az,42.201663970947266,136232342,136.232342,135899843,135.899843,135642955,135.642955,"(1, 300, 300, 3)",<class 'numpy.float32'>,"(1, 1)",<class 'numpy.float32'>,509098458869,2026-07-13T21:07:37Z
993,img_d6357430,09mf,9.454190254211426,136625823,136.625823,136383398,136.383398,136126787,136.126787,"(1, 300, 300, 3)",<class 'numpy.float32'>,"(1, 1)",<class 'numpy.float32'>,509234761600,2026-07-13T21:07:37Z
994,img_5fee5485,03mf,14.283479690551758,136207194,136.207194,135912250,135.91225,135654269,135.654269,"(1, 300, 300, 3)",<class 'numpy.float32'>,"(1, 1)",<class 'numpy.float32'>,509371460589,2026-07-13T21:07:37Z
995,img_31b65537,0015,35.60765075683594,136091713,136.091713,135826324,135.826324,135569789,135.569789,"(1, 300, 300, 3)",<class 'numpy.float32'>,"(1, 1)",<class 'numpy.float32'>,509507760468,2026-07-13T21:07:37Z
996,img_fef8d71a,0983,13.828012466430664,136214176,136.214176,135947676,135.947676,135692047,135.692047,"(1, 300, 300, 3)",<class 'numpy.float32'>,"(1, 1)",<class 'numpy.float32'>,509643922662,2026-07-13T21:07:37Z
997,img_d979a018,0050,32.99309539794922,135963491,135.963491,135725047,135.725047,135467566,135.467566,"(1, 300, 300, 3)",<class 'numpy.float32'>,"(1, 1)",<class 'numpy.float32'>,509780209023,2026-07-13T21:07:37Z
998,img_4b762679,0508,12.993169784545898,137552616,137.552616,137303431,137.303431,137046043,137.046043,"(1, 300, 300, 3)",<class 'numpy.float32'>,"(1, 1)",<class 'numpy.float32'>,509916245995,2026-07-13T21:07:37Z
999,img_58e70f75,0998,12.698692321777344,136644265,136.644265,136396284,136.396284,136139766,136.139766,"(1, 300, 300, 3)",<class 'numpy.float32'>,"(1, 1)",<class 'numpy.float32'>,510053868204,2026-07-13T21:07:38Z
1000,img_25d5977e,0219,52.1381950378418,136472229,136.472229,136234099,136.234099,135978619,135.978619,"(1, 300, 300, 3)",<class 'numpy.float32'>,"(1, 1)",<class 'numpy.float32'>,510190586672,2026-07-13T21:07:38Z
