Datetime,Time[S],Volt[V],Current[A],Power[W]
2026-05-27T10:14:01.756320,  0.0,05.1094,0.64110,03.2696
2026-05-27T10:14:02.773484,  1.0,05.1096,0.73383,03.7425
2026-05-27T10:14:03.747567,  2.0,05.1100,0.83808,04.2825
2026-05-27T10:14:04.767679,  3.0,05.1094,0.80616,04.1114
2026-05-27T10:14:05.742848,  4.0,05.1066,0.83271,04.2468
2026-05-27T10:14:06.760496,  5.0,05.1086,0.82038,04.1839
2026-05-27T10:14:07.736719,  6.0,05.1059,0.88046,04.4903
2026-05-27T10:14:08.758703,  7.0,05.1076,0.90652,04.6232
2026-05-27T10:14:09.779598,  8.0,05.1072,0.90330,04.6068
2026-05-27T10:14:10.756814,  9.0,05.1098,0.91679,04.6756
2026-05-27T10:14:11.778333, 10.0,05.1075,0.84420,04.3054
2026-05-27T10:14:12.751968, 11.0,05.1075,0.95386,04.8646
2026-05-27T10:14:13.769673, 12.0,05.1056,0.89048,04.5414
2026-05-27T10:14:14.745220, 13.0,05.1026,1.00921,05.1469
2026-05-27T10:14:15.765017, 14.0,05.1072,1.00108,05.1055
2026-05-27T10:14:16.737480, 15.0,05.1031,1.09872,05.6034
2026-05-27T10:14:17.758884, 16.0,05.1073,0.95761,04.8838
2026-05-27T10:14:18.777972, 17.0,05.1073,0.95271,04.8588
2026-05-27T10:14:19.754384, 18.0,05.1098,1.02237,05.2140
2026-05-27T10:14:20.774562, 19.0,05.1070,0.84154,04.2918
2026-05-27T10:14:21.747210, 20.0,05.1047,1.00429,05.1218
2026-05-27T10:14:22.764169, 21.0,05.1076,0.98018,04.9989
2026-05-27T10:14:23.781599, 22.0,05.1089,0.94287,04.8086
2026-05-27T10:14:24.756478, 23.0,05.1091,1.00509,05.1259
2026-05-27T10:14:25.775669, 24.0,05.1117,0.74960,03.8304
2026-05-27T10:14:26.747317, 25.0,05.1001,1.38257,07.0511
2026-05-27T10:14:27.766575, 26.0,05.0983,1.35736,06.9089
2026-05-27T10:14:28.739573, 27.0,05.1064,1.19247,06.0815
2026-05-27T10:14:29.759683, 28.0,05.1075,1.33670,06.8171
2026-05-27T10:14:30.780061, 29.0,05.1081,1.26701,06.4617
2026-05-27T10:14:31.755699, 30.0,05.1125,1.26795,06.4792
2026-05-27T10:14:32.777929, 31.0,05.1075,1.08661,05.5417
2026-05-27T10:14:33.756711, 32.0,05.1098,1.06904,05.4521
2026-05-27T10:14:34.779101, 33.0,05.1042,1.12918,05.7588
2026-05-27T10:14:35.755608, 34.0,05.1120,1.03742,05.3012
2026-05-27T10:14:36.776375, 35.0,05.1145,1.16904,05.9737
2026-05-27T10:14:37.752779, 36.0,05.1056,1.15835,05.9075
2026-05-27T10:14:38.775238, 37.0,05.1087,0.77613,03.9582
2026-05-27T10:14:39.747882, 38.0,05.0966,1.19235,06.0690
2026-05-27T10:14:40.769392, 39.0,05.1103,1.19566,06.1098
2026-05-27T10:14:41.745202, 40.0,05.1022,1.23123,06.2792
2026-05-27T10:14:42.765546, 41.0,05.1034,1.34182,06.8432
2026-05-27T10:14:43.786975, 42.0,05.1047,1.33420,06.8044
2026-05-27T10:14:44.762938, 43.0,05.1048,1.36977,06.9858
2026-05-27T10:14:45.785905, 44.0,05.1048,1.20796,06.1605
2026-05-27T10:14:46.760567, 45.0,05.1056,1.10662,05.6437
2026-05-27T10:14:47.780174, 46.0,05.1103,1.28178,06.5498
2026-05-27T10:14:48.755196, 47.0,05.1097,1.14367,05.8327
2026-05-27T10:14:49.778432, 48.0,05.1130,1.07829,05.5100
2026-05-27T10:14:50.754259, 49.0,05.1061,1.15131,05.8716
2026-05-27T10:14:51.776000, 50.0,05.1076,0.78331,03.9948
2026-05-27T10:14:52.748368, 51.0,05.1036,1.17794,06.0074
2026-05-27T10:14:53.773222, 52.0,05.1181,1.16190,05.9373
2026-05-27T10:14:54.747930, 53.0,05.1172,1.04233,05.3263
2026-05-27T10:14:55.766764, 54.0,05.1137,1.38088,07.0562
2026-05-27T10:14:56.785230, 55.0,05.0983,1.18962,06.0551
2026-05-27T10:14:57.758257, 56.0,05.1068,1.17943,06.0150
2026-05-27T10:14:58.778647, 57.0,05.1074,1.28767,06.5671
2026-05-27T10:14:59.752914, 58.0,05.1098,1.10122,05.6162
2026-05-27T10:15:00.771162, 59.0,05.1133,1.09376,05.5891
2026-05-27T10:15:01.745086, 60.0,05.1070,1.10055,05.6128
2026-05-27T10:15:02.765466, 61.0,05.1101,1.17265,05.9922
2026-05-27T10:15:03.784058, 62.0,05.1091,1.10855,05.6536
2026-05-27T10:15:04.760460, 63.0,05.1075,0.78149,03.9855
2026-05-27T10:15:05.781166, 64.0,05.1033,1.28376,06.5471
2026-05-27T10:15:06.754260, 65.0,05.1095,1.21875,06.2156
2026-05-27T10:15:07.777021, 66.0,05.1022,1.14697,05.8495
2026-05-27T10:15:08.754062, 67.0,05.1086,1.10644,05.6428
2026-05-27T10:15:09.775188, 68.0,05.1066,1.16924,05.9631
2026-05-27T10:15:10.751452, 69.0,05.0980,1.22523,06.2364
2026-05-27T10:15:11.774491, 70.0,05.1073,1.19163,06.0773
2026-05-27T10:15:12.750569, 71.0,05.1050,1.15490,05.8899
2026-05-27T10:15:13.770403, 72.0,05.1020,1.09076,05.5628
2026-05-27T10:15:14.790099, 73.0,05.1076,1.13934,05.8106
2026-05-27T10:15:15.765302, 74.0,05.1048,1.12825,05.7540
2026-05-27T10:15:16.784620, 75.0,05.1116,1.27820,06.5316
2026-05-27T10:15:17.757440, 76.0,05.1095,0.78320,03.9943
2026-05-27T10:15:18.774806, 77.0,05.1048,1.11797,05.7016
2026-05-27T10:15:19.750316, 78.0,05.0842,1.38298,07.0255
2026-05-27T10:15:20.769945, 79.0,05.1086,1.14579,05.8435
2026-05-27T10:15:21.790115, 80.0,05.1131,1.07391,05.4876
2026-05-27T10:15:22.766261, 81.0,05.1122,1.18188,06.0394
2026-05-27T10:15:23.786661, 82.0,05.1062,1.20379,06.1393
2026-05-27T10:15:24.760783, 83.0,05.1070,1.04396,05.3241
2026-05-27T10:15:25.783016, 84.0,05.1072,1.14745,05.8519
2026-05-27T10:15:26.756130, 85.0,05.1017,0.98810,05.0393
2026-05-27T10:15:27.773634, 86.0,05.1097,1.09766,05.5980
2026-05-27T10:15:28.794708, 87.0,05.1042,1.14407,05.8347
2026-05-27T10:15:29.769304, 88.0,05.1056,1.17465,05.9907
2026-05-27T10:15:30.788902, 89.0,05.1097,0.78438,04.0003
2026-05-27T10:15:31.762132, 90.0,05.1112,1.04550,05.3425
2026-05-27T10:15:32.784462, 91.0,05.1100,1.28687,06.5759
2026-05-27T10:15:33.759177, 92.0,05.1006,1.04693,05.3393
2026-05-27T10:15:34.781741, 93.0,05.1062,1.12019,05.7129
2026-05-27T10:15:35.758507, 94.0,05.1053,1.06579,05.4355
2026-05-27T10:15:36.782314, 95.0,05.0983,1.06376,05.4145
2026-05-27T10:15:37.758304, 96.0,05.1125,1.09841,05.6128
2026-05-27T10:15:38.783317, 97.0,05.1044,1.14351,05.8319
2026-05-27T10:15:39.764666, 98.0,05.1094,1.04964,05.3531
2026-05-27T10:15:40.788779, 99.0,05.1055,1.09977,05.6088
2026-05-27T10:15:41.764201,100.0,05.1000,1.15425,05.8866
2026-05-27T10:15:42.786543,101.0,05.1159,1.11714,05.7085
2026-05-27T10:15:43.761636,102.0,05.1094,0.78094,03.9827
2026-05-27T10:15:44.782297,103.0,05.1139,1.26339,06.4559
2026-05-27T10:15:45.759089,104.0,05.1053,1.25800,06.4158
2026-05-27T10:15:46.783873,105.0,05.1047,1.07120,05.4631
2026-05-27T10:15:47.761146,106.0,05.1101,1.10934,05.6687
2026-05-27T10:15:48.780152,107.0,05.1086,1.03252,05.2658
2026-05-27T10:15:49.755588,108.0,05.1081,1.06253,05.4189
2026-05-27T10:15:50.779609,109.0,05.1084,1.07168,05.4655
2026-05-27T10:15:51.758001,110.0,05.1069,1.22731,06.2592
2026-05-27T10:15:52.779209,111.0,05.1095,1.14407,05.8347
2026-05-27T10:15:53.755643,112.0,05.1042,1.06809,05.4472
2026-05-27T10:15:54.776608,113.0,05.1095,1.21180,06.1801
2026-05-27T10:15:55.797705,114.0,05.1026,1.10790,05.6502
2026-05-27T10:15:56.769932,115.0,05.1099,0.78205,03.9884
2026-05-27T10:15:57.786574,116.0,05.1075,1.11063,05.6642
2026-05-27T10:15:58.761196,117.0,05.1076,1.63788,08.3531
2026-05-27T10:15:59.780010,118.0,05.1101,1.13967,05.8237
2026-05-27T10:16:00.797801,119.0,05.1092,1.03086,05.2573
2026-05-27T10:16:01.773978,120.0,05.1094,1.11380,05.6803
2026-05-27T10:16:02.793688,121.0,05.1147,1.32060,06.7482
2026-05-27T10:16:03.765448,122.0,05.1076,1.11701,05.6967
2026-05-27T10:16:04.784611,123.0,05.1062,1.24877,06.3687
2026-05-27T10:16:05.758653,124.0,05.1041,1.07310,05.4728
2026-05-27T10:16:06.780398,125.0,05.1137,1.12328,05.7399
2026-05-27T10:16:07.801600,126.0,05.1139,1.23942,06.3334
2026-05-27T10:16:08.775507,127.0,05.1097,1.45170,07.4036
2026-05-27T10:16:09.792547,128.0,05.1075,0.77978,03.9768
2026-05-27T10:16:10.765824,129.0,05.0933,1.57696,08.0267
2026-05-27T10:16:11.788157,130.0,05.1053,1.19848,06.1122
2026-05-27T10:16:12.763431,131.0,05.1117,1.05336,05.3826
2026-05-27T10:16:13.786605,132.0,05.1141,1.19046,06.0832
2026-05-27T10:16:14.761763,133.0,05.1062,1.17475,05.9912
2026-05-27T10:16:15.782239,134.0,05.1090,1.14032,05.8156
2026-05-27T10:16:16.802214,135.0,05.1126,1.06853,05.4601
2026-05-27T10:16:17.778395,136.0,05.1070,1.14159,05.8221
2026-05-27T10:16:18.800182,137.0,05.1091,1.03504,05.2787
2026-05-27T10:16:19.775656,138.0,05.1122,1.07014,05.4684
2026-05-27T10:16:20.793549,139.0,05.1026,1.23562,06.3016
2026-05-27T10:16:21.766508,140.0,05.1080,1.20806,06.1611
2026-05-27T10:16:22.784197,141.0,05.1087,0.77993,03.9776
2026-05-27T10:16:23.800236,142.0,05.1088,0.91015,04.6417
2026-05-27T10:16:24.775856,143.0,05.1106,1.14176,05.8343
2026-05-27T10:16:25.796907,144.0,05.1086,1.15044,05.8672
2026-05-27T10:16:26.771501,145.0,05.1128,1.11468,05.6960
2026-05-27T10:16:27.790068,146.0,05.1108,1.14966,05.8747
2026-05-27T10:16:28.762989,147.0,05.1069,1.05989,05.4054
2026-05-27T10:16:29.782431,148.0,05.1066,1.15746,05.9030
2026-05-27T10:16:30.803993,149.0,05.1151,1.24263,06.3498
2026-05-27T10:16:31.779672,150.0,05.1080,1.02696,05.2374
2026-05-27T10:16:32.800443,151.0,05.1236,1.07944,05.5267
2026-05-27T10:16:33.777410,152.0,05.1144,1.01768,05.2003
2026-05-27T10:16:34.798508,153.0,05.1086,1.16596,05.9463
2026-05-27T10:16:35.772107,154.0,05.1092,0.78202,03.9883
2026-05-27T10:16:36.789323,155.0,05.0926,0.96178,04.8954
2026-05-27T10:16:37.764225,156.0,05.1142,1.10014,05.6217
2026-05-27T10:16:38.784264,157.0,05.1059,1.04746,05.3420
2026-05-27T10:16:39.804362,158.0,05.1103,1.04434,05.3365
2026-05-27T10:16:40.780200,159.0,05.1084,1.11977,05.7108
2026-05-27T10:16:41.804059,160.0,05.1041,1.15746,05.9030
2026-05-27T10:16:42.779233,161.0,05.1047,1.12734,05.7494
2026-05-27T10:16:43.800839,162.0,05.1161,1.08858,05.5626
2026-05-27T10:16:44.776334,163.0,05.1164,1.08157,05.5268
2026-05-27T10:16:45.796540,164.0,05.1131,1.02054,05.2149
2026-05-27T10:16:46.769265,165.0,05.1008,1.28448,06.5508
2026-05-27T10:16:47.788988,166.0,05.1045,1.17162,05.9752
2026-05-27T10:16:48.807936,167.0,05.1092,0.78146,03.9854
2026-05-27T10:16:49.781338,168.0,05.1092,0.84019,04.2849
2026-05-27T10:16:50.801715,169.0,05.1075,1.06321,05.4223
2026-05-27T10:16:51.775122,170.0,05.1076,1.02786,05.2420
2026-05-27T10:16:52.797999,171.0,05.1072,1.07050,05.4595
2026-05-27T10:16:53.773687,172.0,05.1106,1.01405,05.1817
2026-05-27T10:16:54.797697,173.0,05.1109,0.95288,04.8692
2026-05-27T10:16:55.772191,174.0,05.1117,1.14705,05.8614
2026-05-27T10:16:56.795525,175.0,05.1164,1.07708,05.5038
2026-05-27T10:16:57.769726,176.0,05.1030,1.04747,05.3420
2026-05-27T10:16:58.791747,177.0,05.1073,1.05074,05.3587
2026-05-27T10:16:59.812987,178.0,05.1126,1.31097,06.6990
2026-05-27T10:17:00.785682,179.0,05.1075,1.10001,05.6100
2026-05-27T10:17:01.804596,180.0,05.1071,0.77844,03.9700
2026-05-27T10:17:02.776421,181.0,05.1098,0.85159,04.3431
2026-05-27T10:17:03.796900,182.0,05.1073,1.00313,05.1159
2026-05-27T10:17:04.773339,183.0,05.1081,1.06317,05.4221
2026-05-27T10:17:05.792552,184.0,05.1101,0.99131,05.0655
2026-05-27T10:17:06.811208,185.0,05.1111,1.06128,05.4231
2026-05-27T10:17:07.784821,186.0,05.1008,1.10185,05.6194
2026-05-27T10:17:08.804279,187.0,05.1106,1.08248,05.5314
2026-05-27T10:17:09.779299,188.0,05.1169,1.14867,05.8697
2026-05-27T10:17:10.800212,189.0,05.1008,1.07410,05.4779
2026-05-27T10:17:11.774086,190.0,05.1097,1.10138,05.6170
2026-05-27T10:17:12.794050,191.0,05.1051,1.24258,06.3371
2026-05-27T10:17:13.813099,192.0,05.1086,1.12597,05.7424
2026-05-27T10:17:14.783883,193.0,05.1083,0.77962,03.9760
2026-05-27T10:17:15.799729,194.0,05.1084,1.06726,05.4430
2026-05-27T10:17:16.773691,195.0,05.1114,1.08715,05.5553
2026-05-27T10:17:17.795888,196.0,05.1045,1.10481,05.6345
2026-05-27T10:17:18.812574,197.0,05.1037,1.08993,05.5586
2026-05-27T10:17:19.785165,198.0,05.1037,1.06680,05.4406
2026-05-27T10:17:20.802022,199.0,05.1081,1.13346,05.7806
2026-05-27T10:17:21.774675,200.0,05.1203,1.05413,05.3971
2026-05-27T10:17:22.793201,201.0,05.1114,1.07645,05.5006
2026-05-27T10:17:23.813924,202.0,05.1114,1.11792,05.7125
2026-05-27T10:17:24.790127,203.0,05.1087,1.13692,05.7982
2026-05-27T10:17:25.809605,204.0,05.1092,1.27242,06.4893
2026-05-27T10:17:26.782438,205.0,05.1066,1.14978,05.8638
2026-05-27T10:17:27.803601,206.0,05.1093,0.77782,03.9668
2026-05-27T10:17:28.775619,207.0,05.1090,1.01904,05.1971
2026-05-27T10:17:29.800029,208.0,05.1137,1.28819,06.5826
2026-05-27T10:17:30.820704,209.0,05.1067,1.11634,05.6933
2026-05-27T10:17:31.794203,210.0,05.1051,0.97069,04.9505
2026-05-27T10:17:32.812196,211.0,05.1055,1.11851,05.7044
2026-05-27T10:17:33.786287,212.0,05.1067,1.16870,05.9603
2026-05-27T10:17:34.804787,213.0,05.1059,1.15563,05.8937
2026-05-27T10:17:35.779133,214.0,05.1014,1.13052,05.7656
2026-05-27T10:17:36.799548,215.0,05.1075,0.98356,05.0161
2026-05-27T10:17:37.822069,216.0,05.1006,1.04547,05.3318
2026-05-27T10:17:38.797899,217.0,05.1072,1.23395,06.2931
2026-05-27T10:17:39.820962,218.0,05.1050,1.25865,06.4191
2026-05-27T10:17:40.794200,219.0,05.1084,0.78209,03.9886
2026-05-27T10:17:41.814726,220.0,05.1084,0.90749,04.6281
2026-05-27T10:17:42.790757,221.0,05.1050,1.09578,05.5884
2026-05-27T10:17:43.810955,222.0,05.1123,1.02350,05.2300
2026-05-27T10:17:44.785765,223.0,05.1070,1.19908,06.1153
2026-05-27T10:17:45.806154,224.0,05.1126,1.12023,05.7243
2026-05-27T10:17:46.779876,225.0,05.1119,1.22267,06.2478
2026-05-27T10:17:47.799002,226.0,05.1128,1.18594,06.0601
2026-05-27T10:17:48.818832,227.0,05.1112,1.17873,06.0233
2026-05-27T10:17:49.792672,228.0,05.1172,1.12878,05.7680
2026-05-27T10:17:50.810842,229.0,05.1123,1.13015,05.7750
2026-05-27T10:17:51.782700,230.0,05.1139,1.24017,06.3372
2026-05-27T10:17:52.803221,231.0,05.1064,1.22618,06.2535
2026-05-27T10:17:53.823962,232.0,05.1092,0.78088,03.9824
2026-05-27T10:17:54.798854,233.0,05.1091,0.87853,04.4805
2026-05-27T10:17:55.822240,234.0,05.1131,1.00933,05.1576
2026-05-27T10:17:56.796390,235.0,05.1058,1.01653,05.1843
2026-05-27T10:17:57.815787,236.0,05.1075,1.07979,05.5069
2026-05-27T10:17:58.789961,237.0,05.1142,1.19376,06.1001
2026-05-27T10:17:59.813812,238.0,05.1009,1.15114,05.8708
2026-05-27T10:18:00.786514,239.0,05.1148,1.11286,05.6867
2026-05-27T10:18:01.808407,240.0,05.1042,1.13041,05.7650
2026-05-27T10:18:02.783411,241.0,05.1028,1.08327,05.5246
2026-05-27T10:18:03.804575,242.0,05.0980,1.25168,06.3710
2026-05-27T10:18:04.824288,243.0,05.1076,1.10349,05.6277
2026-05-27T10:18:05.799736,244.1,05.1028,1.20848,06.1632
2026-05-27T10:18:06.817118,245.1,05.1078,0.77781,03.9668
2026-05-27T10:18:07.784676,246.1,05.1078,0.82755,04.2205
2026-05-27T10:18:08.805206,247.1,05.1060,1.06578,05.4354
2026-05-27T10:18:09.825462,248.1,05.1064,1.10484,05.6346
2026-05-27T10:18:10.799443,249.1,05.1123,1.03580,05.2929
2026-05-27T10:18:11.819884,250.1,05.1123,1.05928,05.4129
2026-05-27T10:18:12.795617,251.1,05.1019,1.14424,05.8356
2026-05-27T10:18:13.814030,252.1,05.1075,1.33269,06.7967
2026-05-27T10:18:14.785165,253.1,05.1053,1.14538,05.8414
2026-05-27T10:18:15.803416,254.1,05.1098,1.10602,05.6407
2026-05-27T10:18:16.821044,255.1,05.0973,1.13152,05.7594
2026-05-27T10:18:17.793990,256.1,05.0976,1.20121,06.1141
2026-05-27T10:18:18.813708,257.1,05.1014,1.24235,06.3359
2026-05-27T10:18:19.787283,258.1,05.1108,0.77882,03.9797
2026-05-27T10:18:20.801430,259.1,05.1102,0.77649,03.9678
2026-05-27T10:18:21.819592,260.1,05.1066,1.01802,05.1919
2026-05-27T10:18:22.791200,261.1,05.1045,1.23811,06.3143
2026-05-27T10:18:23.812860,262.1,05.1014,1.16552,05.9441
2026-05-27T10:18:24.831287,263.1,05.1125,1.21261,06.1964
2026-05-27T10:18:25.801442,264.1,05.1139,1.19125,06.0872
2026-05-27T10:18:26.822099,265.1,05.1064,1.13606,05.7939
2026-05-27T10:18:27.798824,266.1,05.0964,1.28533,06.5423
2026-05-27T10:18:28.817121,267.1,05.1069,1.11984,05.7111
2026-05-27T10:18:29.790985,268.1,05.0986,1.28342,06.5326
2026-05-27T10:18:30.813577,269.1,05.1086,1.15279,05.8792
2026-05-27T10:18:31.834297,270.1,05.1123,1.17154,05.9865
2026-05-27T10:18:32.806963,271.1,05.1086,0.77461,03.9505
2026-05-27T10:18:33.825012,272.1,05.1072,0.78565,04.0068
2026-05-27T10:18:34.799382,273.1,05.1042,1.03289,05.2677
2026-05-27T10:18:35.818225,274.1,05.1089,1.24601,06.3546
2026-05-27T10:18:36.792145,275.1,05.1073,1.22283,06.2364
2026-05-27T10:18:37.813295,276.1,05.1130,1.17550,06.0068
2026-05-27T10:18:38.834636,277.1,05.1183,1.18548,06.0578
2026-05-27T10:18:39.809725,278.1,05.1019,1.22646,06.2549
2026-05-27T10:18:40.831955,279.1,05.1144,1.16738,05.9653
2026-05-27T10:18:41.807143,280.1,05.1014,1.09335,05.5760
2026-05-27T10:18:42.826447,281.1,05.1072,1.17055,05.9698
2026-05-27T10:18:43.801535,282.1,05.1019,1.10394,05.6300
2026-05-27T10:18:44.823880,283.1,05.1003,1.26627,06.4579
2026-05-27T10:18:45.800802,284.1,05.1076,0.77956,03.9757
2026-05-27T10:18:46.819953,285.1,05.1083,0.87454,04.4601
2026-05-27T10:18:47.795766,286.1,05.1028,1.00624,05.1318
2026-05-27T10:18:48.820916,287.1,05.1006,1.25423,06.3965
2026-05-27T10:18:49.796111,288.1,05.1130,1.19757,06.1195
2026-05-27T10:18:50.817962,289.1,05.0962,1.22591,06.2398
2026-05-27T10:18:51.794562,290.1,05.1059,1.12701,05.7477
2026-05-27T10:18:52.815776,291.1,05.1059,1.17414,05.9881
2026-05-27T10:18:53.838546,292.1,05.1133,1.07153,05.4755
2026-05-27T10:18:54.812795,293.1,05.0978,1.10677,05.6334
2026-05-27T10:18:55.836832,294.1,05.1081,1.13620,05.7946
2026-05-27T10:18:56.813540,295.1,05.1095,1.36785,06.9760
2026-05-27T10:18:57.834585,296.1,05.1095,1.20447,06.1427
2026-05-27T10:18:58.810031,297.1,05.1101,0.77766,03.9738
2026-05-27T10:18:59.827809,298.1,05.1081,0.64808,03.3052
2026-05-27T10:19:00.800638,299.1,05.1047,1.10725,05.6469
2026-05-27T10:19:01.820145,300.1,05.1114,1.13132,05.7810
2026-05-27T10:19:02.795259,301.1,05.1005,1.27620,06.5086
2026-05-27T10:19:03.812959,302.1,05.1078,1.32517,06.7583
2026-05-27T10:19:04.833112,303.1,05.1080,1.15967,05.9143
2026-05-27T10:19:05.808681,304.1,05.1061,1.22432,06.2440
2026-05-27T10:19:06.830658,305.1,05.1083,1.12770,05.7512
2026-05-27T10:19:07.804455,306.1,05.1197,1.39699,07.1386
2026-05-27T10:19:08.823982,307.1,05.1128,1.22638,06.2668
2026-05-27T10:19:09.797251,308.1,05.1156,1.18169,06.0384
2026-05-27T10:19:10.815542,309.1,05.1128,1.05116,05.3714
2026-05-27T10:19:11.834847,310.1,05.1122,0.77725,03.9717
2026-05-27T10:19:12.806154,311.1,05.1090,0.77586,03.9568
2026-05-27T10:19:13.825514,312.1,05.1075,1.14783,05.8539
2026-05-27T10:19:14.798334,313.1,05.1036,1.23143,06.2802
2026-05-27T10:19:15.817317,314.1,05.1151,1.13378,05.7936
2026-05-27T10:19:16.838472,315.1,05.1117,1.35112,06.9042
2026-05-27T10:19:17.812751,316.1,05.0959,1.15001,05.8535
2026-05-27T10:19:18.833546,317.1,05.1078,1.23710,06.3092
2026-05-27T10:19:19.809120,318.1,05.1209,1.13001,05.7856
2026-05-27T10:19:20.828830,319.1,05.1087,1.30290,06.6447
2026-05-27T10:19:21.802876,320.1,05.1096,1.18389,06.0378
2026-05-27T10:19:22.822323,321.1,05.1048,1.20973,06.1696
2026-05-27T10:19:23.841412,322.1,05.1087,1.18519,06.0444
2026-05-27T10:19:24.814618,323.1,05.1083,0.77860,03.9708
2026-05-27T10:19:25.831293,324.1,05.1086,0.77629,03.9590
2026-05-27T10:19:26.804501,325.1,05.1086,1.00963,05.1491
2026-05-27T10:19:27.824312,326.1,05.1092,1.14693,05.8493
2026-05-27T10:19:28.800165,327.1,05.1041,1.15560,05.8935
2026-05-27T10:19:29.820127,328.1,05.1064,1.24867,06.3682
2026-05-27T10:19:30.840316,329.1,05.1026,1.27593,06.5072
2026-05-27T10:19:31.814659,330.1,05.0981,1.28267,06.5287
2026-05-27T10:19:32.836488,331.1,05.1153,1.31833,06.7366
2026-05-27T10:19:33.811089,332.1,05.0951,1.18382,06.0256
2026-05-27T10:19:34.830845,333.1,05.1031,1.20480,06.1444
2026-05-27T10:19:35.804382,334.1,05.0995,1.18689,06.0412
2026-05-27T10:19:36.821516,335.1,05.1039,0.97423,04.9685
2026-05-27T10:19:37.840785,336.1,05.1105,0.79294,04.0519
2026-05-27T10:19:38.809547,337.1,05.1084,0.77451,03.9500
2026-05-27T10:19:39.828177,338.1,05.1063,1.03782,05.2928
2026-05-27T10:19:40.846713,339.1,05.1100,1.26275,06.4526
2026-05-27T10:19:41.818072,340.1,05.1100,1.15581,05.9061
2026-05-27T10:19:42.835998,341.1,05.1144,1.19048,06.0833
2026-05-27T10:19:43.810729,342.1,05.1144,1.17914,06.0254
2026-05-27T10:19:44.829116,343.1,05.1104,1.41430,07.2270
2026-05-27T10:19:45.847194,344.1,05.0911,1.51824,07.7278
2026-05-27T10:19:46.820102,345.1,05.1153,1.29439,06.6143
2026-05-27T10:19:47.840020,346.1,05.1158,1.24049,06.3389
2026-05-27T10:19:48.812923,347.1,05.0997,1.14567,05.8314
2026-05-27T10:19:49.832686,348.1,05.1089,1.22270,06.2357
2026-05-27T10:19:50.804079,349.1,05.1025,0.89826,04.5811
2026-05-27T10:19:51.819674,350.1,05.1087,0.81449,04.1538
2026-05-27T10:19:52.838265,351.1,05.1087,1.21249,06.1836
2026-05-27T10:19:53.810082,352.1,05.1009,1.22787,06.2621
2026-05-27T10:19:54.829077,353.1,05.1051,1.09761,05.5978
2026-05-27T10:19:55.845038,354.1,05.1045,1.10456,05.6332
2026-05-27T10:19:56.819255,355.1,05.1006,1.17641,05.9996
2026-05-27T10:19:57.838490,356.1,05.0978,1.11687,05.6848
2026-05-27T10:19:58.812189,357.1,05.1058,1.38976,07.0877
2026-05-27T10:19:59.830852,358.1,05.1078,1.25656,06.4084
2026-05-27T10:20:00.848375,359.1,05.1020,1.21354,06.1890
2026-05-27T10:20:01.823693,360.1,05.1009,1.30230,06.6417
2026-05-27T10:20:02.843257,361.1,05.0976,1.20629,06.1400
2026-05-27T10:20:03.814821,362.1,05.1090,0.77982,03.9770
2026-05-27T10:20:04.829714,363.1,05.1087,0.77712,03.9633
2026-05-27T10:20:05.847832,364.1,05.1089,1.08948,05.5563
2026-05-27T10:20:06.818437,365.1,05.1117,1.21723,06.2200
2026-05-27T10:20:07.836404,366.1,05.0905,1.05078,05.3484
2026-05-27T10:20:08.809706,367.1,05.0981,1.47302,07.4976
2026-05-27T10:20:09.828275,368.1,05.1008,1.20144,06.1273
2026-05-27T10:20:10.846341,369.1,05.0976,1.15270,05.8672
2026-05-27T10:20:11.820342,370.1,05.1111,1.33423,06.8179
2026-05-27T10:20:12.838420,371.1,05.1137,1.20138,06.1390
2026-05-27T10:20:13.811696,372.1,05.1125,1.49403,07.6344
2026-05-27T10:20:14.828824,373.1,05.1107,1.42820,07.2981
2026-05-27T10:20:15.847498,374.1,05.1150,1.13877,05.8191
2026-05-27T10:20:16.821743,375.1,05.1026,0.77287,03.9416
2026-05-27T10:20:17.837485,376.1,05.1084,0.77132,03.9337
2026-05-27T10:20:18.811377,377.1,05.1097,1.10087,05.6144
2026-05-27T10:20:19.832451,378.1,05.1092,1.14497,05.8393
2026-05-27T10:20:20.851166,379.1,05.1069,1.22109,06.2275
2026-05-27T10:20:21.824609,380.1,05.0922,1.22335,06.2268
2026-05-27T10:20:22.844914,381.1,05.1000,1.26099,06.4310
2026-05-27T10:20:23.819828,382.1,05.1041,1.60770,08.1992
2026-05-27T10:20:24.839836,383.1,05.1103,1.19961,06.1300
2026-05-27T10:20:25.816257,384.1,05.1033,1.24575,06.3533
2026-05-27T10:20:26.835391,385.1,05.1006,1.34339,06.8512
2026-05-27T10:20:27.853985,386.1,05.1078,1.25979,06.4249
2026-05-27T10:20:28.827799,387.1,05.1101,1.13352,05.7922
2026-05-27T10:20:29.848421,388.1,05.1091,0.79338,04.0462
2026-05-27T10:20:30.822137,389.1,05.1089,0.77254,03.9399
2026-05-27T10:20:31.841118,390.1,05.1091,1.18002,06.0181
2026-05-27T10:20:32.818225,391.1,05.1066,1.11624,05.6928
2026-05-27T10:20:33.835204,392.1,05.1012,1.26648,06.4590
2026-05-27T10:20:34.851459,393.1,05.1037,1.38124,07.0443
2026-05-27T10:20:35.824484,394.1,05.1089,1.14021,05.8150
2026-05-27T10:20:36.841541,395.1,05.0951,1.30497,06.6422
2026-05-27T10:20:37.813328,396.1,05.1031,1.13823,05.8049
2026-05-27T10:20:38.833488,397.1,05.1050,1.27742,06.5148
2026-05-27T10:20:39.851278,398.1,05.1098,1.11976,05.7107
2026-05-27T10:20:40.825537,399.1,05.1083,1.15187,05.8745
2026-05-27T10:20:41.843419,400.1,05.1075,1.15126,05.8714
2026-05-27T10:20:42.813387,401.1,05.1109,0.98596,05.0382
2026-05-27T10:20:43.827842,402.1,05.1076,0.77625,03.9588
2026-05-27T10:20:44.846471,403.1,05.1072,1.07736,05.4945
2026-05-27T10:20:45.819210,404.1,05.0892,1.24028,06.3006
2026-05-27T10:20:46.839442,405.1,05.1161,1.07997,05.5186
2026-05-27T10:20:47.811953,406.1,05.0906,1.48697,07.5686
2026-05-27T10:20:48.832168,407.1,05.1098,1.49515,07.6252
2026-05-27T10:20:49.849234,408.1,05.1053,1.51510,07.7270
2026-05-27T10:20:50.822049,409.1,05.1071,1.20619,06.1515
2026-05-27T10:20:51.841259,410.1,05.1036,1.26850,06.4693
2026-05-27T10:20:52.813767,411.1,05.1103,1.35272,06.9123
2026-05-27T10:20:53.834299,412.1,05.1231,1.08791,05.5700
2026-05-27T10:20:54.853017,413.1,05.1100,1.02360,05.2305
2026-05-27T10:20:55.826543,414.1,05.1126,1.25330,06.4043
2026-05-27T10:20:56.843312,415.1,05.1085,0.77009,03.9274
2026-05-27T10:20:57.818701,416.1,05.1066,1.16035,05.9177
2026-05-27T10:20:58.840611,417.1,05.1075,1.20851,06.1634
2026-05-27T10:20:59.815468,418.1,05.1248,1.20712,06.1804
2026-05-27T10:21:00.834182,419.1,05.1125,1.23199,06.2954
2026-05-27T10:21:01.854320,420.1,05.1141,1.22826,06.2764
2026-05-27T10:21:02.828036,421.1,05.1094,1.29824,06.6210
2026-05-27T10:21:03.846545,422.1,05.1066,1.29359,06.5973
2026-05-27T10:21:04.817434,423.1,05.1134,1.17272,05.9925
2026-05-27T10:21:05.837849,424.1,05.1076,1.16249,05.9286
2026-05-27T10:21:06.855681,425.1,05.1092,1.24073,06.3277
2026-05-27T10:21:07.829503,426.1,05.1014,1.16066,05.9193
2026-05-27T10:21:08.848910,427.1,05.1109,0.77813,03.9762
2026-05-27T10:21:09.817164,428.1,05.1084,0.77620,03.9586
2026-05-27T10:21:10.834584,429.1,05.1128,1.01728,05.1983
2026-05-27T10:21:11.853002,430.1,05.1084,1.10887,05.6552
2026-05-27T10:21:12.824376,431.1,05.1075,1.23691,06.3082
2026-05-27T10:21:13.842500,432.1,05.1137,1.63097,08.3342
2026-05-27T10:21:14.860516,433.1,05.1059,1.20073,06.1237
2026-05-27T10:21:15.832487,434.1,05.1001,1.17452,05.9900
2026-05-27T10:21:16.852402,435.1,05.1064,1.33240,06.7952
2026-05-27T10:21:17.826478,436.1,05.1042,1.14698,05.8495
2026-05-27T10:21:18.844095,437.1,05.1173,1.19445,06.1036
2026-05-27T10:21:19.819460,438.1,05.1085,1.12266,05.7255
2026-05-27T10:21:20.839856,439.1,05.1056,1.14856,05.8576
2026-05-27T10:21:21.858377,440.1,05.1128,0.81947,04.1874
2026-05-27T10:21:22.829434,441.1,05.1088,0.76953,03.9246
2026-05-27T10:21:23.847607,442.1,05.1101,1.18705,06.0658
2026-05-27T10:21:24.820763,443.1,05.1153,1.25789,06.4278
2026-05-27T10:21:25.842660,444.1,05.1100,1.15942,05.9246
2026-05-27T10:21:26.863383,445.1,05.1095,1.47426,07.5187
2026-05-27T10:21:27.838256,446.1,05.1092,1.18088,06.0224
2026-05-27T10:21:28.858294,447.1,05.1066,1.27592,06.5071
2026-05-27T10:21:29.830277,448.1,05.1067,1.43284,07.3074
2026-05-27T10:21:30.847681,449.1,05.1041,1.26985,06.4762
2026-05-27T10:21:31.823171,450.1,05.1091,1.20823,06.1619
2026-05-27T10:21:32.842544,451.1,05.1151,1.22592,06.2644
2026-05-27T10:21:33.860419,452.1,05.1091,1.27542,06.5046
2026-05-27T10:21:34.833322,453.1,05.1092,1.01192,05.1607
2026-05-27T10:21:35.849820,454.1,05.1078,0.77353,03.9450
2026-05-27T10:21:36.821335,455.1,05.1167,1.05939,05.4134
2026-05-27T10:21:37.838794,456.1,05.1053,1.21759,06.2097
2026-05-27T10:21:38.856464,457.1,05.1156,1.14982,05.8755
2026-05-27T10:21:39.826689,458.1,05.1128,1.24572,06.3656
2026-05-27T10:21:40.845590,459.1,05.1051,1.32474,06.7561
2026-05-27T10:21:41.866091,460.1,05.1145,1.20802,06.1729
2026-05-27T10:21:42.838396,461.1,05.1169,1.20127,06.1384
2026-05-27T10:21:43.857006,462.1,05.1086,1.25949,06.4233
2026-05-27T10:21:44.827755,463.1,05.1077,1.34953,06.8826
2026-05-27T10:21:45.845826,464.1,05.1001,1.46473,07.4701
2026-05-27T10:21:46.864574,465.1,05.1141,0.95550,04.8826
2026-05-27T10:21:47.836647,466.1,05.1088,1.16216,05.9270
2026-05-27T10:21:48.850744,467.1,05.1087,0.77475,03.9512
2026-05-27T10:21:49.867865,468.1,05.1100,1.10677,05.6555
2026-05-27T10:21:50.839138,469.1,05.0894,1.11744,05.6765
2026-05-27T10:21:51.854813,470.1,05.1050,1.27422,06.4985
2026-05-27T10:21:52.829480,471.1,05.1019,1.44421,07.3654
2026-05-27T10:21:53.845854,472.1,05.1126,1.20129,06.1385
2026-05-27T10:21:54.860685,473.1,05.1079,1.33176,06.7919
2026-05-27T10:21:55.832490,474.1,05.1119,1.28618,06.5723
2026-05-27T10:21:56.849047,475.1,05.1026,1.29640,06.6116
2026-05-27T10:21:57.865191,476.1,05.1216,1.37750,07.0528
2026-05-27T10:21:58.837051,477.1,05.1164,1.45616,07.4409
2026-05-27T10:21:59.854412,478.1,05.1025,1.21962,06.2200
2026-05-27T10:22:00.869110,479.1,05.1075,0.97040,04.9490
2026-05-27T10:22:01.839539,480.1,05.1089,0.77481,03.9515
2026-05-27T10:22:02.857215,481.1,05.1026,1.12487,05.7368
2026-05-27T10:22:03.832444,482.1,05.1020,1.14325,05.8305
2026-05-27T10:22:04.850868,483.1,05.1055,1.26184,06.4353
2026-05-27T10:22:05.868839,484.1,05.1022,1.23341,06.2903
2026-05-27T10:22:06.843340,485.1,05.0898,1.26131,06.4074
2026-05-27T10:22:07.862501,486.1,05.1051,1.30905,06.6761
2026-05-27T10:22:08.837989,487.1,05.1131,1.10721,05.6578
2026-05-27T10:22:09.857466,488.1,05.1080,1.30384,06.6495
2026-05-27T10:22:10.831063,489.1,05.1116,1.23217,06.2963
2026-05-27T10:22:11.847867,490.1,05.1034,1.30209,06.6406
2026-05-27T10:22:12.867157,491.1,05.1087,1.04507,05.3298
2026-05-27T10:22:13.843263,492.1,05.1106,1.16889,05.9730
2026-05-27T10:22:14.859064,493.1,05.1106,0.77469,03.9586
2026-05-27T10:22:15.830292,494.1,05.1148,1.15555,05.9048
2026-05-27T10:22:16.852610,495.1,05.1094,1.44354,07.3620
2026-05-27T10:22:17.871291,496.1,05.1020,1.44271,07.3578
2026-05-27T10:22:18.843583,497.1,05.1139,1.34838,06.8902
2026-05-27T10:22:19.862925,498.1,05.1034,1.16197,05.9260
2026-05-27T10:22:20.836423,499.1,05.1051,1.29202,06.5893
2026-05-27T10:22:21.854185,500.1,05.1089,1.29801,06.6198
2026-05-27T10:22:22.870916,501.1,05.1114,1.15130,05.8831
2026-05-27T10:22:23.843200,502.1,05.1122,1.09694,05.6053
2026-05-27T10:22:24.860162,503.1,05.1108,1.17532,06.0058
2026-05-27T10:22:25.876080,504.1,05.1030,1.13691,05.7982
2026-05-27T10:22:26.849012,505.1,05.1084,1.05769,05.3942
2026-05-27T10:22:27.863034,506.1,05.1083,0.76775,03.9155
2026-05-27T10:22:28.833046,507.1,05.1103,1.06701,05.4524
2026-05-27T10:22:29.849238,508.1,05.1059,1.18021,06.0190
2026-05-27T10:22:30.866283,509.1,05.1075,1.16141,05.9231
2026-05-27T10:22:31.836606,510.1,05.1087,1.41598,07.2214
2026-05-27T10:22:32.855023,511.1,05.1141,1.43380,07.3267
2026-05-27T10:22:33.873181,512.1,05.1084,1.09993,05.6096
2026-05-27T10:22:34.847542,513.1,05.1045,1.21971,06.2205
2026-05-27T10:22:35.866508,514.1,05.1064,1.15619,05.8965
2026-05-27T10:22:36.839024,515.1,05.1141,1.26263,06.4520
2026-05-27T10:22:37.859868,516.1,05.1169,1.25450,06.4104
2026-05-27T10:22:38.878160,517.1,05.1128,1.06821,05.4585
2026-05-27T10:22:39.852292,518.1,05.1112,1.07793,05.5082
2026-05-27T10:22:40.870824,519.1,05.1094,0.77212,03.9378
2026-05-27T10:22:41.844501,520.1,05.1153,1.06649,05.4497
2026-05-27T10:22:42.865215,521.1,05.1091,1.11934,05.7086
2026-05-27T10:22:43.838608,522.1,05.1045,1.25583,06.4047
2026-05-27T10:22:44.856890,523.1,05.1086,1.24190,06.3336
2026-05-27T10:22:45.874046,524.1,05.1011,1.21845,06.2140
2026-05-27T10:22:46.846147,525.1,05.1111,1.18707,06.0659
2026-05-27T10:22:47.863437,526.1,05.1120,1.28429,06.5627
2026-05-27T10:22:48.837828,527.1,05.0994,1.16596,05.9347
2026-05-27T10:22:49.858018,528.1,05.1123,1.10231,05.6328
2026-05-27T10:22:50.876090,529.1,05.1117,1.22354,06.2522
2026-05-27T10:22:51.849426,530.1,05.1068,1.13392,05.7829
2026-05-27T10:22:52.867280,531.1,05.1091,1.33779,06.8227
2026-05-27T10:22:53.840289,532.1,05.1083,0.77721,03.9637
2026-05-27T10:22:54.856613,533.1,05.1091,1.05020,05.3560
2026-05-27T10:22:55.874102,534.1,05.0995,1.45130,07.3871
2026-05-27T10:22:56.844533,535.1,05.1122,1.31304,06.7096
2026-05-27T10:22:57.861239,536.1,05.1139,1.23062,06.2884
2026-05-27T10:22:58.878797,537.1,05.1023,1.49229,07.6106
2026-05-27T10:22:59.851797,538.1,05.1072,1.14021,05.8150
2026-05-27T10:23:00.868117,539.1,05.1105,1.13385,05.7939
2026-05-27T10:23:01.840720,540.1,05.1083,1.14516,05.8403
2026-05-27T10:23:02.860679,541.1,05.1117,1.22136,06.2411
2026-05-27T10:23:03.876292,542.1,05.1139,1.13971,05.8239
2026-05-27T10:23:04.850252,543.1,05.1064,1.13165,05.7714
2026-05-27T10:23:05.868334,544.1,05.1090,1.11256,05.6740
2026-05-27T10:23:06.884804,545.1,05.1090,0.77747,03.9650
2026-05-27T10:23:07.856731,546.1,05.1105,1.30485,06.6677
2026-05-27T10:23:08.877765,547.1,05.0981,1.31818,06.7095
2026-05-27T10:23:09.853690,548.1,05.1048,1.11239,05.6731
2026-05-27T10:23:10.872965,549.1,05.0944,1.44432,07.3515
2026-05-27T10:23:11.848549,550.1,05.1076,1.22677,06.2565
2026-05-27T10:23:12.867338,551.1,05.0898,1.52963,07.7705
2026-05-27T10:23:13.886663,552.1,05.1078,1.15132,05.8717
2026-05-27T10:23:14.861952,553.1,05.1134,1.05734,05.4030
2026-05-27T10:23:15.880032,554.1,05.1109,1.18744,06.0678
2026-05-27T10:23:16.851603,555.1,05.1109,1.15182,05.8858
2026-05-27T10:23:17.871536,556.1,05.1117,1.29163,06.6002
2026-05-27T10:23:18.844469,557.1,05.1103,1.21923,06.2302
2026-05-27T10:23:19.862501,558.1,05.1091,0.76992,03.9265
2026-05-27T10:23:20.881733,559.1,05.1134,1.23271,06.2991
2026-05-27T10:23:21.853142,560.1,05.1093,1.35933,06.9325
2026-05-27T10:23:22.872660,561.1,05.1053,1.14494,05.8391
2026-05-27T10:23:23.889036,562.1,05.1137,1.37361,07.0191
2026-05-27T10:23:24.863192,563.1,05.1195,1.17236,05.9907
2026-05-27T10:23:25.880175,564.1,05.0955,1.39439,07.0974
2026-05-27T10:23:26.853078,565.1,05.1012,1.30496,06.6552
2026-05-27T10:23:27.870223,566.1,05.1095,1.23739,06.3106
2026-05-27T10:23:28.887012,567.1,05.1109,1.08512,05.5449
2026-05-27T10:23:29.857254,568.1,05.1058,1.10332,05.6269
2026-05-27T10:23:30.873885,569.1,05.1064,1.21671,06.2052
2026-05-27T10:23:31.846746,570.1,05.1030,1.22747,06.2600
2026-05-27T10:23:32.864692,571.1,05.1064,0.77279,03.9412
2026-05-27T10:23:33.884083,572.1,05.0970,1.12657,05.7342
2026-05-27T10:23:34.855139,573.1,05.1151,1.21592,06.2133
2026-05-27T10:23:35.874324,574.1,05.1073,1.24426,06.3457
2026-05-27T10:23:36.892080,575.1,05.0995,1.72810,08.7960
2026-05-27T10:23:37.864904,576.1,05.1051,1.19055,06.0718
2026-05-27T10:23:38.885156,577.1,05.1056,1.12227,05.7235
2026-05-27T10:23:39.861186,578.1,05.1036,1.10500,05.6355
2026-05-27T10:23:40.882935,579.1,05.1111,1.13727,05.8114
2026-05-27T10:23:41.856340,580.1,05.0986,1.29796,06.6066
2026-05-27T10:23:42.875861,581.1,05.1070,1.30042,06.6321
2026-05-27T10:23:43.850585,582.1,05.1060,1.18776,06.0575
2026-05-27T10:23:44.869660,583.1,05.1092,1.12222,05.7233
2026-05-27T10:23:45.889088,584.1,05.1092,0.77587,03.9569
2026-05-27T10:23:46.860215,585.1,05.0997,1.13614,05.7829
2026-05-27T10:23:47.881689,586.1,05.1016,1.48567,07.5769
2026-05-27T10:23:48.857436,587.1,05.1111,1.54153,07.8772
2026-05-27T10:23:49.878435,588.1,05.1025,1.29954,06.6276
2026-05-27T10:23:50.854515,589.1,05.1080,1.06049,05.4084
2026-05-27T10:23:51.875233,590.1,05.1037,1.06742,05.4438
2026-05-27T10:23:52.895811,591.1,05.1059,1.09620,05.5906
2026-05-27T10:23:53.871261,592.1,05.1076,1.14454,05.8371
2026-05-27T10:23:54.892011,593.1,05.1000,1.29559,06.6075
2026-05-27T10:23:55.869693,594.1,05.1083,1.26761,06.4648
2026-05-27T10:23:56.892826,595.1,05.1019,1.00857,05.1437
2026-05-27T10:23:57.867207,596.1,05.1148,1.15041,05.8785
2026-05-27T10:23:58.884026,597.1,05.1066,0.76858,03.9197
2026-05-27T10:23:59.857411,598.1,05.1092,1.21511,06.1970
2026-05-27T10:24:00.880295,599.1,05.1092,1.32955,06.7807
2026-05-27T10:24:01.855894,600.1,05.1112,1.32630,06.7773
2026-05-27T10:24:02.873367,601.1,05.1112,1.27951,06.5382
2026-05-27T10:24:03.894154,602.1,05.1058,1.35419,06.9063
2026-05-27T10:24:04.871084,603.1,05.1091,1.14819,05.8557
2026-05-27T10:24:05.888792,604.1,05.1037,1.08656,05.5414
2026-05-27T10:24:06.861093,605.1,05.1009,1.17503,05.9926
2026-05-27T10:24:07.879974,606.1,05.1125,1.05365,05.3841
2026-05-27T10:24:08.898961,607.1,05.1064,1.31854,06.7245
2026-05-27T10:24:09.870911,608.1,05.1023,1.12338,05.7292
2026-05-27T10:24:10.889674,609.1,05.1098,1.05996,05.4057
2026-05-27T10:24:11.860574,610.1,05.1087,0.77827,03.9691
2026-05-27T10:24:12.877596,611.1,05.1030,1.04266,05.3175
2026-05-27T10:24:13.896587,612.1,05.1106,1.32814,06.7867
2026-05-27T10:24:14.868719,613.1,05.1139,1.11862,05.7161
2026-05-27T10:24:15.889248,614.1,05.1005,1.16660,05.9496
2026-05-27T10:24:16.864612,615.1,05.1033,1.33649,06.8160
2026-05-27T10:24:17.883318,616.1,05.1117,1.37922,07.0478
2026-05-27T10:24:18.901604,617.1,05.1101,1.11775,05.7117
2026-05-27T10:24:19.874133,618.1,05.1058,1.03500,05.2785
2026-05-27T10:24:20.892497,619.1,05.1045,1.10078,05.6139
2026-05-27T10:24:21.864703,620.1,05.1041,1.08779,05.5477
2026-05-27T10:24:22.883181,621.1,05.1126,1.07257,05.4808
2026-05-27T10:24:23.856930,622.1,05.1094,1.11025,05.6622
2026-05-27T10:24:24.874058,623.1,05.1094,0.77464,03.9506
2026-05-27T10:24:25.893447,624.1,05.1134,1.06674,05.4510
2026-05-27T10:24:26.867104,625.1,05.1056,1.20145,06.1273
2026-05-27T10:24:27.888918,626.1,05.1022,1.24154,06.3318
2026-05-27T10:24:28.863182,627.1,05.1076,1.04582,05.3336
2026-05-27T10:24:29.883229,628.1,05.1053,1.33371,06.8019
2026-05-27T10:24:30.901830,629.1,05.1058,1.32136,06.7389
2026-05-27T10:24:31.874184,630.1,05.1058,1.17910,06.0134
2026-05-27T10:24:32.892844,631.1,05.1061,1.18504,06.0437
2026-05-27T10:24:33.869123,632.1,05.1095,1.03378,05.2722
2026-05-27T10:24:34.889096,633.1,05.1023,1.01892,05.1964
2026-05-27T10:24:35.862511,634.1,05.1100,1.09917,05.6167
2026-05-27T10:24:36.881002,635.1,05.1078,1.17413,05.9880
2026-05-27T10:24:37.898529,636.1,05.1091,0.77208,03.9376
2026-05-27T10:24:38.869900,637.1,05.1045,1.17281,05.9813
2026-05-27T10:24:39.892763,638.1,05.0933,1.40290,07.1407
2026-05-27T10:24:40.866423,639.1,05.1039,1.20908,06.1663
2026-05-27T10:24:41.887659,640.1,05.1076,1.06627,05.4379
2026-05-27T10:24:42.862524,641.1,05.1094,1.14169,05.8226
2026-05-27T10:24:43.884031,642.1,05.1106,1.07953,05.5163
2026-05-27T10:24:44.903916,643.1,05.1012,1.18682,06.0527
2026-05-27T10:24:45.877383,644.1,05.1153,1.30604,06.6738
2026-05-27T10:24:46.900285,645.1,05.1123,1.39033,07.1045
2026-05-27T10:24:47.875889,646.1,05.1036,1.08342,05.5254
2026-05-27T10:24:48.896805,647.1,05.1037,0.99717,05.0855
2026-05-27T10:24:49.869235,648.1,05.1067,1.10657,05.6435
2026-05-27T10:24:50.889295,649.1,05.1093,0.77438,03.9493
2026-05-27T10:24:51.865275,650.1,05.1069,1.29439,06.6013
2026-05-27T10:24:52.884273,651.1,05.1031,1.54168,07.8625
2026-05-27T10:24:53.902755,652.1,05.1136,1.26453,06.4617
2026-05-27T10:24:54.876452,653.1,05.1036,1.01198,05.1610
2026-05-27T10:24:55.895320,654.1,05.1096,1.10497,05.6353
2026-05-27T10:24:56.871440,655.1,05.1094,1.14392,05.8339
2026-05-27T10:24:57.894108,656.1,05.1098,1.19509,06.0949
2026-05-27T10:24:58.867952,657.1,05.1159,1.04658,05.3480
2026-05-27T10:24:59.889094,658.1,05.1142,1.17285,05.9932
2026-05-27T10:25:00.865451,659.1,05.1028,1.02554,05.2302
2026-05-27T10:25:01.889640,660.1,05.1092,1.14546,05.8418
2026-05-27T10:25:02.911508,661.1,05.0984,1.14778,05.8422
2026-05-27T10:25:03.887031,662.1,05.1092,0.77439,03.9493
2026-05-27T10:25:04.907263,663.1,05.1110,1.08389,05.5386
2026-05-27T10:25:05.881748,664.1,05.1045,1.21681,06.2057
2026-05-27T10:25:06.901840,665.1,05.1012,1.23097,06.2779
2026-05-27T10:25:07.876806,666.1,05.1108,1.16434,05.9497
2026-05-27T10:25:08.898464,667.1,05.1106,1.10172,05.6297
2026-05-27T10:25:09.871544,668.1,05.1230,1.05786,05.4162
2026-05-27T10:25:10.891251,669.1,05.1042,1.05515,05.3812
2026-05-27T10:25:11.909963,670.1,05.1126,1.18124,06.0361
2026-05-27T10:25:12.885702,671.1,05.1050,1.17186,05.9764
2026-05-27T10:25:13.905920,672.1,05.1116,1.11205,05.6825
2026-05-27T10:25:14.879035,673.1,05.1142,1.16601,05.9583
2026-05-27T10:25:15.899061,674.1,05.1095,1.50438,07.6723
2026-05-27T10:25:16.869418,675.1,05.1098,0.77252,03.9398
2026-05-27T10:25:17.887083,676.1,05.1034,1.42804,07.2830
2026-05-27T10:25:18.906702,677.1,05.0976,1.45468,07.4043
2026-05-27T10:25:19.879510,678.1,05.1028,1.26562,06.4546
2026-05-27T10:25:20.896767,679.1,05.1075,1.33042,06.7851
2026-05-27T10:25:21.915685,680.1,05.1053,1.33500,06.8085
2026-05-27T10:25:22.886943,681.1,05.1105,1.00478,05.1344
2026-05-27T10:25:23.906047,682.1,05.1114,1.08764,05.5578
2026-05-27T10:25:24.880926,683.1,05.1091,1.14031,05.8155
2026-05-27T10:25:25.900113,684.1,05.1080,1.00922,05.1470
2026-05-27T10:25:26.873079,685.1,05.1072,1.07071,05.4606
2026-05-27T10:25:27.892732,686.1,05.1059,1.13592,05.7931
2026-05-27T10:25:28.914087,687.1,05.1068,1.18381,06.0374
2026-05-27T10:25:29.886949,688.1,05.1066,0.77436,03.9492
2026-05-27T10:25:30.906967,689.1,05.1011,1.27802,06.5179
2026-05-27T10:25:31.882549,690.1,05.1048,1.14533,05.8411
2026-05-27T10:25:32.901810,691.1,05.1094,1.08936,05.5557
2026-05-27T10:25:33.877577,692.1,05.1075,1.04076,05.3078
2026-05-27T10:25:34.897431,693.1,05.1081,1.20993,06.1706
2026-05-27T10:25:35.916651,694.1,05.1051,1.17918,06.0138
2026-05-27T10:25:36.890647,695.1,05.1078,1.11683,05.6958
2026-05-27T10:25:37.911043,696.1,05.1048,1.09853,05.6025
2026-05-27T10:25:38.886058,697.1,05.1048,1.05456,05.3782
2026-05-27T10:25:39.905240,698.1,05.1116,1.14961,05.8745
2026-05-27T10:25:40.879855,699.1,05.0961,1.22633,06.2420
2026-05-27T10:25:41.898631,700.1,05.1106,1.37047,07.0031
2026-05-27T10:25:42.914103,701.1,05.1090,0.77519,03.9534
2026-05-27T10:25:43.887188,702.1,05.1048,0.99351,05.0669
2026-05-27T10:25:44.908307,703.1,05.0953,1.12429,05.7226
2026-05-27T10:25:45.883036,704.1,05.1094,1.12846,05.7551
2026-05-27T10:25:46.904524,705.1,05.1167,1.11057,05.6750
2026-05-27T10:25:47.877583,706.1,05.1126,1.10011,05.6215
2026-05-27T10:25:48.898099,707.1,05.1088,1.12918,05.7588
2026-05-27T10:25:49.917566,708.1,05.1116,1.11775,05.7117
2026-05-27T10:25:50.892430,709.1,05.1028,1.10621,05.6416
2026-05-27T10:25:51.914290,710.1,05.1095,1.08317,05.5241
2026-05-27T10:25:52.888820,711.1,05.1082,1.17126,05.9734
2026-05-27T10:25:53.909949,712.1,05.1022,1.20673,06.1543
2026-05-27T10:25:54.882095,713.1,05.0978,1.21737,06.1964
2026-05-27T10:25:55.901731,714.1,05.1092,0.82499,04.2074
2026-05-27T10:25:56.922128,715.1,05.1047,1.20395,06.1401
2026-05-27T10:25:57.896002,716.1,05.1081,1.02040,05.2040
2026-05-27T10:25:58.920078,717.1,05.1091,1.06018,05.4069
2026-05-27T10:25:59.895488,718.1,05.1078,1.13216,05.7740
2026-05-27T10:26:00.915785,719.1,05.1067,1.04678,05.3385
2026-05-27T10:26:01.888133,720.1,05.1083,1.01775,05.1905
2026-05-27T10:26:02.907785,721.1,05.1047,1.05245,05.3674
2026-05-27T10:26:03.883237,722.1,05.1111,1.18335,06.0469
2026-05-27T10:26:04.905542,723.1,05.1131,1.02607,05.2432
2026-05-27T10:26:05.879601,724.1,05.1106,1.13239,05.7865
2026-05-27T10:26:06.899922,725.1,05.1117,1.11998,05.7230
2026-05-27T10:26:07.920717,726.1,05.1055,1.11775,05.7005
2026-05-27T10:26:08.890717,727.1,05.1087,0.77694,03.9623
2026-05-27T10:26:09.907732,728.1,05.1047,1.08521,05.5345
2026-05-27T10:26:10.882684,729.1,05.1092,1.03489,05.2779
2026-05-27T10:26:11.901886,730.1,05.1112,1.18674,06.0642
2026-05-27T10:26:12.922882,731.1,05.1116,1.14378,05.8447
2026-05-27T10:26:13.895928,732.1,05.1090,1.03076,05.2568
2026-05-27T10:26:14.916817,733.1,05.1116,1.04411,05.3354
2026-05-27T10:26:15.890881,734.1,05.1073,1.16719,05.9526
2026-05-27T10:26:16.910147,735.1,05.1131,1.07526,05.4945
2026-05-27T10:26:17.882815,736.1,05.1069,1.10459,05.6334
2026-05-27T10:26:18.902399,737.1,05.1080,1.07002,05.4571
2026-05-27T10:26:19.922056,738.1,05.1089,1.13313,05.7789
2026-05-27T10:26:20.894083,739.1,05.1123,1.19481,06.1054
2026-05-27T10:26:21.915112,740.1,05.1105,0.76848,03.9269
2026-05-27T10:26:22.884497,741.2,05.1076,1.09869,05.6033
2026-05-27T10:26:23.901878,742.2,05.1089,1.09766,05.5980
2026-05-27T10:26:24.921459,743.2,05.1126,1.07929,05.5151
2026-05-27T10:26:25.894972,744.2,05.1064,1.09599,05.5895
2026-05-27T10:26:26.913389,745.2,05.1112,1.13337,05.7915
2026-05-27T10:26:27.888193,746.2,05.1058,1.09261,05.5723
2026-05-27T10:26:28.909206,747.2,05.1072,1.02804,05.2430
2026-05-27T10:26:29.929623,748.2,05.1041,1.20574,06.1492
2026-05-27T10:26:30.901783,749.2,05.1181,1.02500,05.2377
2026-05-27T10:26:31.920331,750.2,05.1087,1.08426,05.5297
2026-05-27T10:26:32.896556,751.2,05.1042,1.27666,06.5109
2026-05-27T10:26:33.918572,752.2,05.1078,1.17317,05.9831
2026-05-27T10:26:34.890823,753.2,05.1080,0.77172,03.9357
2026-05-27T10:26:35.907453,754.2,05.1109,1.07220,05.4789
2026-05-27T10:26:36.928263,755.2,05.1073,1.23675,06.3074
2026-05-27T10:26:37.901996,756.2,05.1058,1.16150,05.9236
2026-05-27T10:26:38.923699,757.2,05.1081,1.15745,05.9029
2026-05-27T10:26:39.898991,758.2,05.1095,1.11707,05.6970
2026-05-27T10:26:40.919815,759.2,05.1084,1.12640,05.7446
2026-05-27T10:26:41.895755,760.2,05.1084,1.14700,05.8497
2026-05-27T10:26:42.915091,761.2,05.1133,1.08546,05.5467
2026-05-27T10:26:43.933600,762.2,05.1137,1.09809,05.6112
2026-05-27T10:26:44.908740,763.2,05.1142,1.07092,05.4724
2026-05-27T10:26:45.931836,764.2,05.1014,1.19137,06.0759
2026-05-27T10:26:46.905049,765.2,05.1012,1.21548,06.1989
2026-05-27T10:26:47.924600,766.2,05.1089,0.77265,03.9405
2026-05-27T10:26:48.897616,767.2,05.1089,0.90767,04.6291
2026-05-27T10:26:49.918502,768.2,05.1108,1.05552,05.3937
2026-05-27T10:26:50.890397,769.2,05.1100,1.11107,05.6775
2026-05-27T10:26:51.908614,770.2,05.1059,1.07329,05.4737
2026-05-27T10:26:52.928322,771.2,05.1080,1.08520,05.5345
2026-05-27T10:26:53.903460,772.2,05.1122,1.10965,05.6703
2026-05-27T10:26:54.922691,773.2,05.1148,1.13830,05.8167
2026-05-27T10:26:55.897763,774.2,05.1096,1.16822,05.9579
2026-05-27T10:26:56.919162,775.2,05.1090,1.09900,05.6049
2026-05-27T10:26:57.895931,776.2,05.1064,1.07278,05.4711
2026-05-27T10:26:58.915247,777.2,05.1137,1.16939,05.9755
2026-05-27T10:26:59.936600,778.2,05.1108,1.10493,05.6461
2026-05-27T10:27:00.911677,779.2,05.1097,0.77748,03.9651
2026-05-27T10:27:01.927507,780.2,05.1100,0.86060,04.3976
2026-05-27T10:27:02.901098,781.2,05.1037,0.98754,05.0364
2026-05-27T10:27:03.919527,782.2,05.1081,1.23613,06.3042
2026-05-27T10:27:04.893920,783.2,05.1100,1.02542,05.2398
2026-05-27T10:27:05.912650,784.2,05.1086,1.03050,05.2555
2026-05-27T10:27:06.930855,785.2,05.1105,1.10577,05.6504
2026-05-27T10:27:07.905021,786.2,05.1051,1.31816,06.7226
2026-05-27T10:27:08.922669,787.2,05.1107,1.22576,06.2636
2026-05-27T10:27:09.894317,788.2,05.1180,1.21682,06.2179
2026-05-27T10:27:10.911548,789.2,05.1011,1.18895,06.0636
2026-05-27T10:27:11.927611,790.2,05.1123,1.20565,06.1608
2026-05-27T10:27:12.899845,791.2,05.1094,1.16412,05.9370
2026-05-27T10:27:13.918395,792.2,05.1111,0.77289,03.9494
2026-05-27T10:27:14.929849,793.2,05.1106,0.62020,03.1692
2026-05-27T10:27:15.904036,794.2,05.1070,1.02113,05.2077
2026-05-27T10:27:16.921772,795.2,05.1073,1.32178,06.7410
2026-05-27T10:27:17.896857,796.2,05.1044,1.13597,05.7934
2026-05-27T10:27:18.914881,797.2,05.0986,1.11508,05.6757
2026-05-27T10:27:19.933410,798.2,05.1034,1.02724,05.2389
2026-05-27T10:27:20.906803,799.2,05.1061,1.04613,05.3352
2026-05-27T10:27:21.927462,800.2,05.1084,1.24082,06.3281
2026-05-27T10:27:22.901308,801.2,05.1062,1.15955,05.9137
2026-05-27T10:27:23.920124,802.2,05.1047,1.20304,06.1355
2026-05-27T10:27:24.938924,803.2,05.1012,1.24878,06.3687
2026-05-27T10:27:25.910215,804.2,05.1028,1.02153,05.2098
2026-05-27T10:27:26.926240,805.2,05.1101,0.77250,03.9474
2026-05-27T10:27:27.898241,806.2,05.1081,0.94856,04.8376
2026-05-27T10:27:28.919912,807.2,05.1084,1.03043,05.2551
2026-05-27T10:27:29.939451,808.2,05.1109,1.28020,06.5418
2026-05-27T10:27:30.914248,809.2,05.1112,1.21792,06.2235
2026-05-27T10:27:31.935115,810.2,05.1079,1.08342,05.5254
2026-05-27T10:27:32.909296,811.2,05.1079,1.16409,05.9368
2026-05-27T10:27:33.924956,812.2,05.1017,1.10488,05.6348
2026-05-27T10:27:34.900082,813.2,05.1145,1.10941,05.6690
2026-05-27T10:27:35.924336,814.2,05.0897,1.46443,07.4393
2026-05-27T10:27:36.942087,815.2,05.1103,1.11056,05.6749
2026-05-27T10:27:37.913130,816.2,05.1126,1.15202,05.8868
2026-05-27T10:27:38.930834,817.2,05.1062,1.15325,05.8815
2026-05-27T10:27:39.900557,818.2,05.1096,0.77446,03.9497
2026-05-27T10:27:40.915584,819.2,05.1099,0.87459,04.4604
2026-05-27T10:27:41.932705,820.2,05.1137,1.12923,05.7703
2026-05-27T10:27:42.905840,821.2,05.1150,1.13802,05.8152
2026-05-27T10:27:43.925031,822.2,05.1089,1.23141,06.2801
2026-05-27T10:27:44.943970,823.2,05.1062,1.19448,06.0918
2026-05-27T10:27:45.915467,824.2,05.1169,1.14711,05.8617
2026-05-27T10:27:46.934340,825.2,05.1101,1.10437,05.6433
2026-05-27T10:27:47.907223,826.2,05.1126,1.28357,06.5590
2026-05-27T10:27:48.924822,827.2,05.1061,1.07562,05.4856
2026-05-27T10:27:49.945123,828.2,05.1131,1.18952,06.0784
2026-05-27T10:27:50.917991,829.2,05.1103,1.12889,05.7686
2026-05-27T10:27:51.940265,830.2,05.1137,1.02306,05.2278
2026-05-27T10:27:52.914088,831.2,05.1086,0.77132,03.9337
2026-05-27T10:27:53.931875,832.2,05.1084,0.78206,03.9885
2026-05-27T10:27:54.905491,833.2,05.1083,1.03863,05.2970
2026-05-27T10:27:55.926619,834.2,05.1042,1.17432,05.9890
2026-05-27T10:27:56.949309,835.2,05.0986,1.13843,05.7946
2026-05-27T10:27:57.924088,836.2,05.1097,1.21218,06.1821
2026-05-27T10:27:58.942534,837.2,05.1003,1.10957,05.6588
2026-05-27T10:27:59.916966,838.2,05.0951,1.16199,05.9145
2026-05-27T10:28:00.937431,839.2,05.1033,1.11105,05.6663
2026-05-27T10:28:01.909763,840.2,05.1139,1.18009,06.0302
2026-05-27T10:28:02.932641,841.2,05.1084,1.15070,05.8685
2026-05-27T10:28:03.909415,842.2,05.1081,1.11714,05.6974
2026-05-27T10:28:04.930105,843.2,05.1069,1.20693,06.1553
2026-05-27T10:28:05.905278,844.2,05.1106,0.78833,04.0283
2026-05-27T10:28:06.923463,845.2,05.1082,0.76902,03.9220
2026-05-27T10:28:07.943104,846.2,05.1101,1.12042,05.7253
2026-05-27T10:28:08.918622,847.2,05.1164,1.33734,06.8338
2026-05-27T10:28:09.938898,848.2,05.1079,1.16446,05.9387
2026-05-27T10:28:10.912950,849.2,05.1073,1.09783,05.5989
2026-05-27T10:28:11.932463,850.2,05.1139,1.25643,06.4203
2026-05-27T10:28:12.952213,851.2,05.0973,1.14718,05.8391
2026-05-27T10:28:13.925845,852.2,05.0969,1.21424,06.1804
2026-05-27T10:28:14.942471,853.2,05.1011,1.26566,06.4548
2026-05-27T10:28:15.911971,854.2,05.0798,1.33668,06.7769
2026-05-27T10:28:16.929085,855.2,05.1136,1.18620,06.0614
2026-05-27T10:28:17.946623,856.2,05.1136,1.17257,05.9918
2026-05-27T10:28:18.918887,857.2,05.1085,0.77652,03.9602
2026-05-27T10:28:19.932709,858.2,05.1090,0.77505,03.9527
2026-05-27T10:28:20.949443,859.2,05.1128,1.06662,05.4504
2026-05-27T10:28:21.920625,860.2,05.1116,1.19821,06.1228
2026-05-27T10:28:22.937723,861.2,05.1184,1.03826,05.3055
2026-05-27T10:28:23.910268,862.2,05.1048,1.21787,06.2111
2026-05-27T10:28:24.927622,863.2,05.1034,1.03841,05.2958
2026-05-27T10:28:25.949041,864.2,05.0812,1.18958,06.0430
2026-05-27T10:28:26.921614,865.2,05.1225,1.21570,06.2243
2026-05-27T10:28:27.939702,866.2,05.1150,1.32357,06.7634
2026-05-27T10:28:28.911565,867.2,05.1037,1.37580,07.0165
2026-05-27T10:28:29.929261,868.2,05.1148,1.22879,06.2791
2026-05-27T10:28:30.947570,869.2,05.1009,1.32370,06.7508
2026-05-27T10:28:31.920278,870.2,05.1081,0.77057,03.9299
2026-05-27T10:28:32.939206,871.2,05.1080,0.82971,04.2315
2026-05-27T10:28:33.911701,872.2,05.1078,1.20918,06.1668
2026-05-27T10:28:34.929452,873.2,05.1081,1.17624,05.9988
2026-05-27T10:28:35.948781,874.2,05.1028,1.11482,05.6855
2026-05-27T10:28:36.920973,875.2,05.1125,1.34115,06.8532
2026-05-27T10:28:37.940596,876.2,05.1086,1.15332,05.8819
2026-05-27T10:28:38.912695,877.2,05.1086,1.18673,06.0523
2026-05-27T10:28:39.930302,878.2,05.1151,1.20808,06.1732
2026-05-27T10:28:40.948449,879.2,05.1103,1.18180,06.0389
2026-05-27T10:28:41.921561,880.2,05.1206,1.16644,05.9721
2026-05-27T10:28:42.940573,881.2,05.1128,1.20805,06.1731
2026-05-27T10:28:43.913849,882.2,05.1069,1.05532,05.3821
2026-05-27T10:28:44.932093,883.2,05.1091,0.77309,03.9427
2026-05-27T10:28:45.947776,884.2,05.1090,0.77256,03.9400
2026-05-27T10:28:46.918729,885.2,05.1069,1.06503,05.4316
2026-05-27T10:28:47.937078,886.2,05.1076,1.06642,05.4387
2026-05-27T10:28:48.955776,887.2,05.1122,1.16819,05.9694
2026-05-27T10:28:49.927816,888.2,05.1145,1.21617,06.2146
2026-05-27T10:28:50.946595,889.2,05.1059,1.21550,06.1990
2026-05-27T10:28:51.920133,890.2,05.1166,1.12694,05.7586
2026-05-27T10:28:52.939760,891.2,05.1155,1.12052,05.7258
2026-05-27T10:28:53.959394,892.2,05.1045,1.11532,05.6881
2026-05-27T10:28:54.933673,893.2,05.1094,1.32168,06.7405
2026-05-27T10:28:55.953834,894.2,05.1031,1.47787,07.5371
2026-05-27T10:28:56.929162,895.2,05.1105,1.29403,06.6124
2026-05-27T10:28:57.949216,896.2,05.1086,0.77659,03.9606
2026-05-27T10:28:58.921071,897.2,05.1083,0.77410,03.9479
2026-05-27T10:28:59.941227,898.2,05.1131,1.19945,06.1291
2026-05-27T10:29:00.962655,899.2,05.1128,1.17718,06.0153
2026-05-27T10:29:01.935834,900.2,05.1064,1.22798,06.2626
2026-05-27T10:29:02.955655,901.2,05.1048,1.25341,06.3923
2026-05-27T10:29:03.931301,902.2,05.1112,1.16344,05.9451
2026-05-27T10:29:04.949796,903.2,05.1197,1.23080,06.2893
2026-05-27T10:29:05.926578,904.2,05.1041,1.25452,06.3980
2026-05-27T10:29:06.946843,905.2,05.1125,1.10703,05.6569
2026-05-27T10:29:07.920039,906.2,05.1098,1.21192,06.1807
2026-05-27T10:29:08.939250,907.2,05.1101,1.23171,06.2940
2026-05-27T10:29:09.958770,908.2,05.1085,1.09359,05.5773
2026-05-27T10:29:10.937684,909.2,05.1089,0.81833,04.1734
2026-05-27T10:29:11.956653,910.2,05.1089,0.76955,03.9247
2026-05-27T10:29:12.933871,911.2,05.1123,1.04960,05.3634
2026-05-27T10:29:13.954541,912.2,05.1064,1.17805,06.0080
2026-05-27T10:29:14.928555,913.2,05.1069,0.99852,05.0924
2026-05-27T10:29:15.948432,914.2,05.1069,1.08778,05.5476
2026-05-27T10:29:16.966578,915.2,05.1212,1.17436,06.0127
2026-05-27T10:29:17.939134,916.2,05.0839,1.25378,06.3692
2026-05-27T10:29:18.958838,917.2,05.1205,1.13304,05.8011
2026-05-27T10:29:19.935995,918.2,05.0944,1.28333,06.5321
2026-05-27T10:29:20.959451,919.2,05.1134,1.22002,06.2343
2026-05-27T10:29:21.934517,920.2,05.1211,1.14517,05.8632
2026-05-27T10:29:22.953229,921.2,05.1111,1.04937,05.3622
2026-05-27T10:29:23.925493,922.2,05.1112,0.84390,04.3123
2026-05-27T10:29:24.939622,923.2,05.1108,0.76778,03.9233
2026-05-27T10:29:25.959387,924.2,05.1151,1.08363,05.5373
2026-05-27T10:29:26.933307,925.2,05.1106,1.19518,06.1073
2026-05-27T10:29:27.954790,926.2,05.1236,1.07714,05.5149
2026-05-27T10:29:28.928085,927.2,05.1162,1.22441,06.2567
2026-05-27T10:29:29.950242,928.2,05.1081,1.22057,06.2249
2026-05-27T10:29:30.968709,929.2,05.1078,1.34093,06.8387
2026-05-27T10:29:31.940559,930.2,05.1023,1.26266,06.4395
2026-05-27T10:29:32.962008,931.2,05.1072,1.29497,06.6043
2026-05-27T10:29:33.935209,932.2,05.1081,1.26058,06.4289
2026-05-27T10:29:34.953775,933.2,05.1084,1.52281,07.7663
2026-05-27T10:29:35.926681,934.2,05.1061,1.14072,05.8176
2026-05-27T10:29:36.947111,935.2,05.1072,0.77101,03.9321
2026-05-27T10:29:37.962462,936.2,05.1075,0.77031,03.9285
2026-05-27T10:29:38.936454,937.2,05.1051,1.08148,05.5155
2026-05-27T10:29:39.955546,938.2,05.1095,1.24008,06.3244
2026-05-27T10:29:40.929040,939.2,05.1071,1.10319,05.6262
2026-05-27T10:29:41.947205,940.2,05.1100,1.20175,06.1409
2026-05-27T10:29:42.965577,941.2,05.1056,1.17299,05.9822
2026-05-27T10:29:43.939859,942.2,05.1134,1.13680,05.8090
2026-05-27T10:29:44.959536,943.2,05.1003,1.20807,06.1611
2026-05-27T10:29:45.934456,944.2,05.1151,1.23837,06.3280
2026-05-27T10:29:46.953970,945.2,05.0931,1.39555,07.1033
2026-05-27T10:29:47.927435,946.2,05.1087,1.09042,05.5611
2026-05-27T10:29:48.949516,947.2,05.1094,1.14226,05.8255
2026-05-27T10:29:49.969161,948.2,05.1053,0.77391,03.9469
2026-05-27T10:29:50.940451,949.2,05.1075,0.70702,03.6058
2026-05-27T10:29:51.957670,950.2,05.1109,1.15236,05.8885
2026-05-27T10:29:52.973046,951.2,05.1091,1.20336,06.1371
2026-05-27T10:29:53.947877,952.2,05.1092,1.08679,05.5426
2026-05-27T10:29:54.964716,953.2,05.1030,1.39801,07.1298
2026-05-27T10:29:55.935888,954.2,05.1020,1.19205,06.0794
2026-05-27T10:29:56.954018,955.2,05.1112,1.22528,06.2611
2026-05-27T10:29:57.970852,956.2,05.1062,1.29314,06.5950
2026-05-27T10:29:58.942404,957.2,05.1087,1.15852,05.9084
2026-05-27T10:29:59.960698,958.2,05.1119,1.40250,07.1667
2026-05-27T10:30:00.934878,959.2,05.1064,1.23261,06.2863
2026-05-27T10:30:01.951951,960.2,05.1081,0.95283,04.8594
2026-05-27T10:30:02.966317,961.2,05.1075,0.87136,04.4439
2026-05-27T10:30:03.936519,962.2,05.1090,0.77173,03.9358
2026-05-27T10:30:04.956895,963.2,05.1083,1.08608,05.5390
2026-05-27T10:30:05.974575,964.2,05.1042,1.17779,06.0067
2026-05-27T10:30:06.949911,965.2,05.1045,1.07442,05.4795
2026-05-27T10:30:07.969209,966.2,05.1161,1.41334,07.2221
2026-05-27T10:30:08.941516,967.2,05.1125,1.18650,06.0630
2026-05-27T10:30:09.958253,968.2,05.0992,1.38172,07.0329
2026-05-27T10:30:10.977607,969.2,05.1061,1.25681,06.4097
2026-05-27T10:30:11.951046,970.2,05.1103,1.22108,06.2397
2026-05-27T10:30:12.966220,971.2,05.1028,1.20727,06.1570
2026-05-27T10:30:13.938701,972.2,05.1026,1.33165,06.7914
2026-05-27T10:30:14.957974,973.2,05.1131,1.24629,06.3685
2026-05-27T10:30:15.976291,974.2,05.1083,0.91063,04.6442
2026-05-27T10:30:16.950126,975.2,05.1080,0.77323,03.9434
2026-05-27T10:30:17.970185,976.2,05.1047,1.07762,05.4958
2026-05-27T10:30:18.944342,977.2,05.1101,1.14759,05.8641
2026-05-27T10:30:19.962770,978.2,05.1098,1.21103,06.1762
2026-05-27T10:30:20.936584,979.2,05.1234,1.14098,05.8418
2026-05-27T10:30:21.956784,980.2,05.0892,1.23996,06.2989
2026-05-27T10:30:22.977223,981.2,05.1062,1.35675,06.9194
2026-05-27T10:30:23.952320,982.2,05.1239,1.26635,06.4837
2026-05-27T10:30:24.971718,983.2,05.0906,1.37601,07.0038
2026-05-27T10:30:25.944711,984.2,05.1092,1.18466,06.0417
2026-05-27T10:30:26.965593,985.2,05.1072,1.27592,06.5071
2026-05-27T10:30:27.937703,986.2,05.1125,1.11295,05.6871
2026-05-27T10:30:28.957601,987.2,05.1079,1.04126,05.3104
2026-05-27T10:30:29.973958,988.2,05.1083,0.77319,03.9432
2026-05-27T10:30:30.944752,989.2,05.1037,1.11144,05.6683
2026-05-27T10:30:31.962605,990.2,05.1037,1.14739,05.8516
2026-05-27T10:30:32.982471,991.2,05.0923,1.14807,05.8436
2026-05-27T10:30:33.954868,992.2,05.1155,1.09328,05.5866
2026-05-27T10:30:34.975750,993.2,05.1248,1.17251,06.0032
2026-05-27T10:30:35.950158,994.2,05.1025,1.18213,06.0288
2026-05-27T10:30:36.967857,995.2,05.1131,1.25385,06.4071
2026-05-27T10:30:37.940992,996.2,05.0951,1.45771,07.4197
2026-05-27T10:30:38.960012,997.2,05.0936,1.37249,06.9859
2026-05-27T10:30:39.980026,998.2,05.1048,1.31720,06.7177
2026-05-27T10:30:40.954584,999.2,05.1006,1.31927,06.7282
2026-05-27T10:30:41.971327,1000.2,05.1067,0.85228,04.3466
2026-05-27T10:30:42.943272,1001.2,05.1094,0.77316,03.9431
2026-05-27T10:30:43.964945,1002.2,05.0956,1.05439,05.3668
2026-05-27T10:30:44.982890,1003.2,05.0976,1.21669,06.1929
2026-05-27T10:30:45.953889,1004.2,05.1095,1.22706,06.2580
2026-05-27T10:30:46.973837,1005.2,05.1198,1.33040,06.7983
2026-05-27T10:30:47.948551,1006.2,05.0847,1.18107,05.9998
2026-05-27T10:30:48.969421,1007.2,05.0933,1.31212,06.6786
2026-05-27T10:30:49.943031,1008.2,05.0953,1.15850,05.8967
2026-05-27T10:30:50.961921,1009.2,05.0972,1.33177,06.7787
2026-05-27T10:30:51.982921,1010.2,05.1148,1.14880,05.8703
2026-05-27T10:30:52.956479,1011.2,05.1097,1.14184,05.8233
2026-05-27T10:30:53.977926,1012.2,05.1055,1.14171,05.8227
2026-05-27T10:30:54.951649,1013.2,05.1036,0.88797,04.5286
2026-05-27T10:30:55.968559,1014.2,05.1105,0.77297,03.9498
2026-05-27T10:30:56.988127,1015.2,05.1075,1.03828,05.2952
2026-05-27T10:30:57.960695,1016.2,05.1075,1.13108,05.7685
2026-05-27T10:30:58.978279,1017.2,05.1078,1.15696,05.9004
2026-05-27T10:30:59.948799,1018.2,05.1228,1.39343,07.1343
2026-05-27T10:31:00.968734,1019.2,05.1009,1.24243,06.3363
2026-05-27T10:31:01.988506,1020.2,05.0901,1.40328,07.1426
2026-05-27T10:31:02.961777,1021.2,05.1112,1.16455,05.9508
2026-05-27T10:31:03.981470,1022.2,05.1051,1.19166,06.0774
2026-05-27T10:31:04.951495,1023.2,05.1008,1.30655,06.6634
2026-05-27T10:31:05.967470,1024.2,05.1150,1.19052,06.0835
2026-05-27T10:31:06.986453,1025.2,05.1081,1.15170,05.8736
2026-05-27T10:31:07.962319,1026.2,05.1114,0.92909,04.7476
2026-05-27T10:31:08.979577,1027.2,05.1083,0.77145,03.9343
2026-05-27T10:31:09.951121,1028.2,05.1048,1.10072,05.6136
2026-05-27T10:31:10.971149,1029.2,05.1086,1.14060,05.8170
2026-05-27T10:31:11.990571,1030.2,05.1050,1.13506,05.7888
2026-05-27T10:31:12.964580,1031.2,05.0995,1.44784,07.3695
2026-05-27T10:31:13.985481,1032.2,05.1145,1.27515,06.5160
2026-05-27T10:31:14.958066,1033.2,05.0984,1.55459,07.9128
2026-05-27T10:31:15.976492,1034.2,05.0945,1.19893,06.1025
2026-05-27T10:31:16.949528,1035.2,05.1016,1.20144,06.1273
2026-05-27T10:31:17.968922,1036.2,05.1037,1.32973,06.7816
2026-05-27T10:31:18.986870,1037.2,05.1037,1.13412,05.7840
2026-05-27T10:31:19.961081,1038.2,05.1120,1.06210,05.4273
2026-05-27T10:31:20.979155,1039.2,05.1022,1.21352,06.1889
2026-05-27T10:31:21.950095,1040.2,05.1057,0.77525,03.9537
2026-05-27T10:31:22.970588,1041.2,05.1136,1.02932,05.2598
2026-05-27T10:31:23.989237,1042.2,05.1289,1.04832,05.3673
2026-05-27T10:31:24.960491,1043.2,05.1109,1.20813,06.1735
2026-05-27T10:31:25.979137,1044.2,05.1112,1.32634,06.7775
2026-05-27T10:31:26.956302,1045.2,05.1023,1.52254,07.7649
2026-05-27T10:31:27.973087,1046.2,05.1109,1.54698,07.9050
2026-05-27T10:31:28.994726,1047.2,05.1063,1.25433,06.3970
2026-05-27T10:31:29.968221,1048.2,05.1025,1.19607,06.0999
2026-05-27T10:31:30.990154,1049.2,05.1144,1.34994,06.8981
2026-05-27T10:31:31.963179,1050.2,05.1120,1.10101,05.6261
2026-05-27T10:31:32.981012,1051.2,05.1030,1.14551,05.8421
2026-05-27T10:31:33.953189,1052.2,05.1056,1.21219,06.1821
2026-05-27T10:31:34.969695,1053.2,05.1088,0.77259,03.9402
2026-05-27T10:31:35.987856,1054.2,05.1130,1.07162,05.4759
2026-05-27T10:31:36.961579,1055.2,05.0880,1.08262,05.4997
2026-05-27T10:31:37.978843,1056.2,05.0816,1.14108,05.7966
2026-05-27T10:31:38.952120,1057.2,05.1026,1.47155,07.5049
2026-05-27T10:31:39.972761,1058.2,05.0970,1.16140,05.9115
2026-05-27T10:31:40.991021,1059.2,05.1072,1.06399,05.4263
2026-05-27T10:31:41.966824,1060.2,05.1092,1.19060,06.0720
2026-05-27T10:31:42.985153,1061.2,05.0922,1.39509,07.1010
2026-05-27T10:31:43.958387,1062.2,05.1066,1.22851,06.2654
2026-05-27T10:31:44.975530,1063.2,05.1125,1.14845,05.8685
2026-05-27T10:31:45.994222,1064.2,05.1114,1.18818,06.0715
2026-05-27T10:31:46.966324,1065.2,05.1059,1.08767,05.5471
2026-05-27T10:31:47.982158,1066.2,05.1085,0.77554,03.9552
2026-05-27T10:31:48.956264,1067.2,05.1093,1.12296,05.7270
2026-05-27T10:31:49.975120,1068.2,05.1069,1.32783,06.7719
2026-05-27T10:31:50.993757,1069.2,05.1103,1.21530,06.2101
2026-05-27T10:31:51.966857,1070.2,05.1061,1.37465,07.0107
2026-05-27T10:31:52.985965,1071.2,05.1072,1.12776,05.7515
2026-05-27T10:31:53.957769,1072.2,05.1028,1.38993,07.0886
2026-05-27T10:31:54.976210,1073.2,05.1006,1.27862,06.5209
2026-05-27T10:31:55.994027,1074.2,05.1086,1.19319,06.0852
2026-05-27T10:31:56.971029,1075.2,05.1063,1.08224,05.5194
2026-05-27T10:31:57.992813,1076.2,05.0928,1.42653,07.2610
2026-05-27T10:31:58.966440,1077.2,05.1103,1.17839,06.0215
2026-05-27T10:31:59.983077,1078.2,05.1126,0.94798,04.8441
2026-05-27T10:32:00.999211,1079.2,05.1089,0.77294,03.9419
2026-05-27T10:32:01.970886,1080.2,05.1022,1.18215,06.0289
2026-05-27T10:32:02.987237,1081.2,05.1202,1.32228,06.7700
2026-05-27T10:32:03.959413,1082.2,05.1101,1.32851,06.7886
2026-05-27T10:32:04.978286,1083.2,05.1061,1.58281,08.0723
2026-05-27T10:32:05.997799,1084.2,05.1077,1.36189,06.9456
2026-05-27T10:32:06.971180,1085.2,05.1112,1.25312,06.4034
2026-05-27T10:32:07.990382,1086.2,05.1094,1.50489,07.6749
2026-05-27T10:32:08.960738,1087.2,05.1100,1.17867,06.0230
2026-05-27T10:32:09.976880,1088.2,05.1086,1.10461,05.6335
2026-05-27T10:32:10.995436,1089.2,05.1091,1.18355,06.0361
2026-05-27T10:32:11.968100,1090.2,05.1098,1.04761,05.3428
2026-05-27T10:32:12.985447,1091.2,05.1050,1.09774,05.5984
2026-05-27T10:32:14.002521,1092.2,05.1091,0.77502,03.9526
2026-05-27T10:32:14.973290,1093.2,05.1070,1.10673,05.6443
2026-05-27T10:32:15.991374,1094.2,05.1161,1.10957,05.6699
2026-05-27T10:32:16.964103,1095.2,05.1053,1.23577,06.3024
2026-05-27T10:32:17.983249,1096.2,05.1123,1.35191,06.9082
2026-05-27T10:32:19.001466,1097.2,05.1096,1.53555,07.8313
2026-05-27T10:32:19.976059,1098.2,05.1003,1.39123,07.0952
2026-05-27T10:32:20.997046,1099.2,05.1036,1.15372,05.8839
2026-05-27T10:32:21.971874,1100.2,05.1088,1.31984,06.7311
2026-05-27T10:32:22.990333,1101.2,05.1128,1.27338,06.5069
2026-05-27T10:32:23.963626,1102.2,05.1130,1.13037,05.7761
2026-05-27T10:32:24.983160,1103.2,05.1025,1.05716,05.3915
2026-05-27T10:32:26.004319,1104.2,05.1022,1.21303,06.1864
2026-05-27T10:32:26.975868,1105.2,05.1087,0.77194,03.9368
2026-05-27T10:32:27.994610,1106.2,05.1025,1.02632,05.2342
2026-05-27T10:32:28.968483,1107.2,05.0984,1.16056,05.9072
2026-05-27T10:32:29.988091,1108.2,05.1122,1.18151,06.0375
2026-05-27T10:32:30.962116,1109.2,05.1062,1.25766,06.4140
2026-05-27T10:32:31.983024,1110.2,05.1092,1.27626,06.5089
2026-05-27T10:32:33.001856,1111.2,05.1133,1.36959,06.9986
2026-05-27T10:32:33.974813,1112.2,05.1031,1.21309,06.1867
2026-05-27T10:32:34.994861,1113.2,05.1031,1.37170,06.9956
2026-05-27T10:32:35.967143,1114.2,05.1008,1.19946,06.1172
2026-05-27T10:32:36.989236,1115.2,05.1128,1.26627,06.4706
2026-05-27T10:32:38.009939,1116.2,05.1153,1.07263,05.4811
2026-05-27T10:32:38.985562,1117.2,05.1061,1.10767,05.6491
2026-05-27T10:32:40.007061,1118.2,05.1087,0.77431,03.9489
2026-05-27T10:32:40.980185,1119.2,05.1175,1.08993,05.5695
2026-05-27T10:32:42.002617,1120.2,05.1280,1.33267,06.8232
2026-05-27T10:32:42.979305,1121.2,05.1114,1.38083,07.0560
2026-05-27T10:32:43.999774,1122.2,05.1086,1.28550,06.5560
2026-05-27T10:32:44.972548,1123.2,05.1133,1.06559,05.4451
2026-05-27T10:32:45.991897,1124.2,05.1098,1.15855,05.9086
2026-05-27T10:32:46.966660,1125.2,05.1126,1.14635,05.8578
2026-05-27T10:32:47.987871,1126.2,05.1080,1.24518,06.3504
2026-05-27T10:32:49.008878,1127.2,05.1106,1.06035,05.4183
2026-05-27T10:32:49.986889,1128.2,05.1110,1.14621,05.8571
2026-05-27T10:32:51.007176,1129.2,05.1069,1.12914,05.7586
2026-05-27T10:32:51.979619,1130.2,05.1069,1.22646,06.2549
2026-05-27T10:32:52.997682,1131.2,05.1098,0.77350,03.9448
2026-05-27T10:32:53.970054,1132.2,05.1000,1.11802,05.7019
2026-05-27T10:32:54.988429,1133.2,05.1133,1.41576,07.2345
2026-05-27T10:32:56.007842,1134.2,05.0945,1.36984,06.9724
2026-05-27T10:32:56.981088,1135.2,05.1081,1.21983,06.2211
2026-05-27T10:32:57.999180,1136.2,05.1081,1.30272,06.6438
2026-05-27T10:32:58.973118,1137.2,05.1067,1.19263,06.0824
2026-05-27T10:32:59.994748,1138.2,05.1078,1.10082,05.6141
2026-05-27T10:33:00.969342,1139.2,05.1001,1.04163,05.3123
2026-05-27T10:33:01.988971,1140.2,05.1151,1.07647,05.5007
2026-05-27T10:33:03.009583,1141.2,05.1087,1.18189,06.0276
2026-05-27T10:33:03.982903,1142.2,05.1076,1.06500,05.4315
2026-05-27T10:33:05.006631,1143.2,05.1041,1.13410,05.7839
2026-05-27T10:33:05.982707,1144.2,05.1091,0.77171,03.9357
2026-05-27T10:33:07.004231,1145.2,05.1162,1.14586,05.8553
2026-05-27T10:33:07.980521,1146.2,05.1105,1.39303,07.1183
2026-05-27T10:33:08.999895,1147.2,05.1048,1.26287,06.4406
2026-05-27T10:33:09.973165,1148.2,05.1076,1.35416,06.9062
2026-05-27T10:33:10.993790,1149.2,05.1080,1.28578,06.5574
2026-05-27T10:33:12.015635,1150.2,05.1119,1.33925,06.8435
2026-05-27T10:33:12.988752,1151.2,05.1076,1.21940,06.2189
2026-05-27T10:33:14.010853,1152.2,05.1061,1.05515,05.3812
2026-05-27T10:33:14.984961,1153.2,05.1042,1.02252,05.2148
2026-05-27T10:33:16.003694,1154.2,05.1087,1.12295,05.7270
2026-05-27T10:33:16.979248,1155.2,05.1080,1.20991,06.1705
2026-05-27T10:33:17.998940,1156.2,05.1105,1.09653,05.6032
2026-05-27T10:33:19.015409,1157.2,05.1105,0.77576,03.9641
2026-05-27T10:33:19.987006,1158.2,05.1148,1.05737,05.4031
2026-05-27T10:33:21.011108,1159.2,05.1216,1.14015,05.8375
2026-05-27T10:33:21.986671,1160.2,05.1172,1.19298,06.0961
2026-05-27T10:33:23.008667,1161.2,05.1080,1.35431,06.9069
2026-05-27T10:33:23.984031,1162.2,05.1119,1.19706,06.1169
2026-05-27T10:33:25.003014,1163.2,05.1085,1.16706,05.9520
2026-05-27T10:33:25.976690,1164.2,05.1101,1.03802,05.3042
2026-05-27T10:33:26.997777,1165.2,05.1012,1.08642,05.5407
2026-05-27T10:33:28.019648,1166.2,05.1097,1.17072,05.9706
2026-05-27T10:33:28.993154,1167.2,05.1009,1.09071,05.5626
2026-05-27T10:33:30.012385,1168.2,05.1098,1.12388,05.7317
2026-05-27T10:33:30.987386,1169.2,05.1126,1.04767,05.3535
2026-05-27T10:33:32.006073,1170.2,05.1094,0.77042,03.9291
2026-05-27T10:33:32.980035,1171.2,05.1150,1.12867,05.7675
2026-05-27T10:33:34.001440,1172.2,05.1083,1.32899,06.7778
2026-05-27T10:33:34.976303,1173.2,05.1090,1.09845,05.6020
2026-05-27T10:33:35.997147,1174.2,05.0969,1.30711,06.6531
2026-05-27T10:33:37.017423,1175.2,05.0998,1.11568,05.6788
2026-05-27T10:33:37.990748,1176.2,05.0884,1.28398,06.5226
2026-05-27T10:33:39.011004,1177.2,05.1056,1.17046,05.9693
2026-05-27T10:33:39.986816,1178.2,05.1073,1.03648,05.2860
2026-05-27T10:33:41.007543,1179.2,05.1125,1.05370,05.3844
2026-05-27T10:33:41.984505,1180.2,05.1107,1.05829,05.4078
2026-05-27T10:33:43.007270,1181.2,05.1044,1.08513,05.5341
2026-05-27T10:33:43.983451,1182.2,05.1076,1.20028,06.1214
2026-05-27T10:33:45.000676,1183.2,05.1076,0.76981,03.9260
2026-05-27T10:33:46.020677,1184.2,05.0886,1.10686,05.6228
2026-05-27T10:33:46.996921,1185.2,05.1008,1.17937,06.0147
2026-05-27T10:33:48.017285,1186.2,05.1098,1.08122,05.5142
2026-05-27T10:33:48.992912,1187.2,05.1092,1.13018,05.7639
2026-05-27T10:33:50.011845,1188.2,05.1136,1.24691,06.3717
2026-05-27T10:33:50.986537,1189.2,05.1047,1.12439,05.7343
2026-05-27T10:33:52.010734,1190.2,05.1084,1.10535,05.6372
2026-05-27T10:33:52.986259,1191.2,05.1089,1.07576,05.4863
2026-05-27T10:33:54.008021,1192.2,05.1078,1.03144,05.2603
2026-05-27T10:33:54.982304,1193.2,05.1081,1.14030,05.8155
2026-05-27T10:33:56.001874,1194.2,05.1095,1.23828,06.3152
2026-05-27T10:33:57.022342,1195.2,05.1106,1.18959,06.0788
2026-05-27T10:33:57.995772,1196.2,05.1098,0.77446,03.9497
2026-05-27T10:33:59.013722,1197.2,05.1119,1.10563,05.6497
2026-05-27T10:33:59.988744,1198.2,05.0998,1.16073,05.9081
2026-05-27T10:34:01.012021,1199.2,05.1012,1.15685,05.8999
2026-05-27T10:34:01.987006,1200.2,05.1081,1.01423,05.1725
2026-05-27T10:34:03.009194,1201.2,05.1123,1.15889,05.9219
2026-05-27T10:34:03.981376,1202.2,05.1105,1.22183,06.2435
2026-05-27T10:34:05.002849,1203.2,05.1137,1.06386,05.4363
2026-05-27T10:34:06.023184,1204.2,05.1070,1.25185,06.3844
2026-05-27T10:34:06.997634,1205.2,05.1120,1.01901,05.2071
2026-05-27T10:34:08.020327,1206.2,05.1108,1.00883,05.1551
2026-05-27T10:34:08.994494,1207.3,05.1116,1.21833,06.2256
2026-05-27T10:34:10.017214,1208.3,05.1130,1.22822,06.2762
2026-05-27T10:34:10.989472,1209.3,05.1089,0.77080,03.9310
2026-05-27T10:34:12.011403,1210.3,05.1089,1.10584,05.6397
2026-05-27T10:34:12.989168,1211.3,05.1056,1.45960,07.4439
2026-05-27T10:34:14.011921,1212.3,05.1033,1.01525,05.1777
2026-05-27T10:34:14.988454,1213.3,05.1094,1.09162,05.5672
2026-05-27T10:34:16.012982,1214.3,05.1042,1.07821,05.4988
2026-05-27T10:34:16.989698,1215.3,05.1109,1.08015,05.5195
2026-05-27T10:34:18.010568,1216.3,05.1003,1.13438,05.7853
2026-05-27T10:34:18.988412,1217.3,05.1080,1.18088,06.0224
2026-05-27T10:34:20.012953,1218.3,05.0992,1.11500,05.6753
2026-05-27T10:34:20.991857,1219.3,05.1098,1.16394,05.9360
2026-05-27T10:34:22.015890,1220.3,05.1009,1.12271,05.7258
2026-05-27T10:34:22.992789,1221.3,05.1041,1.05818,05.3967
2026-05-27T10:34:24.012443,1222.3,05.1088,0.77576,03.9563
2026-05-27T10:34:24.986603,1223.3,05.1084,1.23296,06.2880
2026-05-27T10:34:26.006970,1224.3,05.1106,1.49216,07.6249
2026-05-27T10:34:27.029780,1225.3,05.1053,1.19163,06.0773
2026-05-27T10:34:28.004260,1226.3,05.1076,1.03877,05.2977
2026-05-27T10:34:29.021938,1227.3,05.1112,1.13358,05.7925
2026-05-27T10:34:29.995257,1228.3,05.1120,1.01017,05.1619
2026-05-27T10:34:31.015539,1229.3,05.1083,1.04694,05.3393
2026-05-27T10:34:31.992030,1230.3,05.1033,1.13394,05.7830
2026-05-27T10:34:33.012093,1231.3,05.1090,1.03321,05.2693
2026-05-27T10:34:34.033301,1232.3,05.1014,1.20105,06.1253
2026-05-27T10:34:35.005218,1233.3,05.1080,1.27398,06.4972
2026-05-27T10:34:36.027577,1234.3,05.1112,1.38864,07.0959
2026-05-27T10:34:37.000610,1235.3,05.1091,0.77540,03.9545
2026-05-27T10:34:38.021609,1236.3,05.1093,1.21972,06.2205
2026-05-27T10:34:38.995455,1237.3,05.1061,1.15370,05.8838
2026-05-27T10:34:40.015978,1238.3,05.1103,1.30189,06.6526
2026-05-27T10:34:40.990285,1239.3,05.1084,1.02975,05.2517
2026-05-27T10:34:42.009617,1240.3,05.1141,1.02779,05.2520
2026-05-27T10:34:43.029093,1241.3,05.1122,1.08578,05.5483
2026-05-27T10:34:44.000420,1242.3,05.1056,1.13376,05.7821
2026-05-27T10:34:45.018152,1243.3,05.1069,1.15212,05.8758
2026-05-27T10:34:46.035556,1244.3,05.1069,1.01421,05.1724
2026-05-27T10:34:47.010589,1245.3,05.1083,1.17174,05.9758
2026-05-27T10:34:48.033046,1246.3,05.1100,1.10574,05.6503
2026-05-27T10:34:49.008206,1247.3,05.1070,1.07980,05.5069
2026-05-27T10:34:50.024456,1248.3,05.1112,0.77142,03.9419
2026-05-27T10:34:50.994791,1249.3,05.1081,1.14289,05.8287
2026-05-27T10:34:52.014500,1250.3,05.1137,1.31061,06.6972
2026-05-27T10:34:53.033657,1251.3,05.1080,1.10469,05.6339
2026-05-27T10:34:54.005811,1252.3,05.1078,1.03074,05.2567
2026-05-27T10:34:55.027822,1253.3,05.1083,1.06267,05.4196
2026-05-27T10:34:56.002216,1254.3,05.1080,1.11707,05.6970
2026-05-27T10:34:57.021384,1255.3,05.1100,1.04503,05.3401
2026-05-27T10:34:58.038283,1256.3,05.1025,1.08991,05.5585
2026-05-27T10:34:59.010551,1257.3,05.1111,1.01115,05.1669
2026-05-27T10:35:00.028861,1258.3,05.0969,1.06689,05.4304
2026-05-27T10:35:01.001026,1259.3,05.1061,1.22969,06.2714
2026-05-27T10:35:02.022584,1260.3,05.1078,1.29154,06.5868
2026-05-27T10:35:02.996006,1261.3,05.1092,0.77379,03.9463
2026-05-27T10:35:04.014942,1262.3,05.1072,0.93220,04.7542
2026-05-27T10:35:05.036492,1263.3,05.1067,1.11585,05.6908
2026-05-27T10:35:06.012048,1264.3,05.1042,1.11470,05.6849
2026-05-27T10:35:07.032706,1265.3,05.1056,1.15728,05.9021
2026-05-27T10:35:08.006658,1266.3,05.1108,1.10810,05.6623
2026-05-27T10:35:09.030843,1267.3,05.0884,1.06661,05.4183
2026-05-27T10:35:10.007534,1268.3,05.1050,1.06760,05.4447
2026-05-27T10:35:11.028021,1269.3,05.1051,1.06148,05.4135
2026-05-27T10:35:12.000922,1270.3,05.1072,1.06702,05.4418
2026-05-27T10:35:13.022758,1271.3,05.0901,1.13965,05.8008
2026-05-27T10:35:13.997856,1272.3,05.1148,1.13898,05.8201
2026-05-27T10:35:15.019582,1273.3,05.1050,1.16918,05.9628
2026-05-27T10:35:16.039337,1274.3,05.1074,0.76843,03.9189
2026-05-27T10:35:17.013574,1275.3,05.1085,0.88373,04.5070
2026-05-27T10:35:18.033768,1276.3,05.1094,1.05545,05.3827
2026-05-27T10:35:19.009183,1277.3,05.1047,1.01120,05.1571
2026-05-27T10:35:20.029555,1278.3,05.1058,0.91778,04.6806
2026-05-27T10:35:21.004683,1279.3,05.1067,1.04671,05.3382
2026-05-27T10:35:22.024796,1280.3,05.1123,1.16023,05.9287
2026-05-27T10:35:23.045092,1281.3,05.1084,0.99383,05.0685
2026-05-27T10:35:24.020508,1282.3,05.1153,1.16947,05.9759
2026-05-27T10:35:25.040747,1283.3,05.1070,1.12252,05.7248
2026-05-27T10:35:26.015812,1284.3,05.1062,1.06632,05.4382
2026-05-27T10:35:27.035418,1285.3,05.1123,1.16206,05.9381
2026-05-27T10:35:28.008300,1286.3,05.1089,1.21852,06.2144
2026-05-27T10:35:29.027071,1287.3,05.1089,0.77104,03.9323
2026-05-27T10:35:30.045082,1288.3,05.1131,1.08388,05.5386
2026-05-27T10:35:31.020084,1289.3,05.1083,1.05476,05.3792
2026-05-27T10:35:32.043157,1290.3,05.1072,1.16244,05.9284
2026-05-27T10:35:33.016893,1291.3,05.1095,1.05936,05.4027
2026-05-27T10:35:34.036792,1292.3,05.1112,1.16697,05.9632
2026-05-27T10:35:35.011712,1293.3,05.1100,1.09474,05.5941
2026-05-27T10:35:36.033040,1294.3,05.1120,1.12220,05.7344
2026-05-27T10:35:37.007892,1295.3,05.1169,1.17246,05.9912
2026-05-27T10:35:38.027450,1296.3,05.1076,1.13245,05.7754
2026-05-27T10:35:39.047590,1297.3,05.1034,1.09415,05.5801
2026-05-27T10:35:40.021178,1298.3,05.1091,1.07139,05.4640
2026-05-27T10:35:41.041156,1299.3,05.1072,1.35074,06.8887
2026-05-27T10:35:42.013400,1300.3,05.1108,0.76999,03.9346
2026-05-27T10:35:43.030564,1301.3,05.1081,1.30947,06.6782
2026-05-27T10:35:44.050227,1302.3,05.1020,1.20830,06.1623
2026-05-27T10:35:45.022341,1303.3,05.1100,1.22945,06.2824
2026-05-27T10:35:46.039861,1304.3,05.1069,1.00806,05.1411
2026-05-27T10:35:47.012465,1305.3,05.1016,1.04729,05.3411
2026-05-27T10:35:48.032709,1306.3,05.1050,1.06226,05.4175
2026-05-27T10:35:49.004891,1307.3,05.1023,1.01900,05.1969
2026-05-27T10:35:50.024664,1308.3,05.1111,1.05581,05.3951
2026-05-27T10:35:51.042882,1309.3,05.1058,0.99011,05.0495
2026-05-27T10:35:52.012967,1310.3,05.0884,1.19830,06.0873
2026-05-27T10:35:53.031167,1311.3,05.1153,1.25635,06.4199
2026-05-27T10:35:54.050936,1312.3,05.1087,1.24478,06.3483
2026-05-27T10:35:55.024541,1313.3,05.1122,0.77363,03.9532
2026-05-27T10:35:56.040770,1314.3,05.1087,0.97542,04.9746
2026-05-27T10:35:57.016396,1315.3,05.1112,1.06317,05.4327
2026-05-27T10:35:58.035002,1316.3,05.1017,1.08519,05.5344
2026-05-27T10:35:59.051831,1317.3,05.1059,1.20552,06.1481
2026-05-27T10:36:00.022674,1318.3,05.1091,1.19656,06.1024
2026-05-27T10:36:01.042961,1319.3,05.1073,1.21989,06.2214
2026-05-27T10:36:02.016551,1320.3,05.1019,1.15944,05.9131
2026-05-27T10:36:03.040710,1321.3,05.0945,1.26228,06.4250
2026-05-27T10:36:04.018966,1322.3,05.1044,1.11348,05.6787
2026-05-27T10:36:05.040050,1323.3,05.1147,1.03732,05.3007
2026-05-27T10:36:06.015960,1324.3,05.0987,1.19964,06.1061
2026-05-27T10:36:07.035588,1325.3,05.1069,1.09938,05.6068
2026-05-27T10:36:08.054159,1326.3,05.1076,0.77732,03.9643
2026-05-27T10:36:09.028775,1327.3,05.1080,0.88225,04.4994
2026-05-27T10:36:10.051881,1328.3,05.1042,1.07734,05.4944
2026-05-27T10:36:11.027251,1329.3,05.1053,0.99587,05.0789
2026-05-27T10:36:12.049199,1330.3,05.1045,1.26731,06.4632
2026-05-27T10:36:13.025699,1331.3,05.1055,1.20794,06.1604
2026-05-27T10:36:14.045514,1332.3,05.1081,1.06735,05.4434
2026-05-27T10:36:15.020664,1333.3,05.1159,1.09049,05.5724
2026-05-27T10:36:16.040517,1334.3,05.1056,1.02225,05.2134
2026-05-27T10:36:17.014494,1335.3,05.1177,0.98539,05.0353
2026-05-27T10:36:18.036320,1336.3,05.1095,1.12251,05.7248
2026-05-27T10:36:19.011316,1337.3,05.1072,1.30953,06.6786
2026-05-27T10:36:20.032531,1338.3,05.1062,1.10323,05.6264
2026-05-27T10:36:21.054931,1339.3,05.1092,0.76716,03.9125
2026-05-27T10:36:22.027444,1340.3,05.1089,0.86849,04.4292
2026-05-27T10:36:23.047483,1341.3,05.1094,1.03468,05.2768
2026-05-27T10:36:24.022124,1342.3,05.1095,1.25280,06.3892
2026-05-27T10:36:25.040975,1343.3,05.1092,1.08612,05.5392
2026-05-27T10:36:26.014155,1344.3,05.1017,1.12326,05.7286
2026-05-27T10:36:27.034386,1345.3,05.1103,1.10671,05.6552
2026-05-27T10:36:28.054051,1346.3,05.1047,1.14880,05.8588
2026-05-27T10:36:29.026248,1347.3,05.0919,1.15677,05.8879
2026-05-27T10:36:30.046011,1348.3,05.1048,1.09314,05.5750
2026-05-27T10:36:31.020060,1349.3,05.1020,1.06940,05.4539
2026-05-27T10:36:32.039263,1350.3,05.1053,1.19041,06.0710
2026-05-27T10:36:33.014706,1351.3,05.1098,1.02992,05.2525
2026-05-27T10:36:34.035895,1352.3,05.1092,0.77056,03.9298
2026-05-27T10:36:35.054869,1353.3,05.1072,0.81836,04.1736
2026-05-27T10:36:36.030086,1354.3,05.1101,1.15399,05.8968
2026-05-27T10:36:37.049807,1355.3,05.1117,1.10211,05.6317
2026-05-27T10:36:38.022800,1356.3,05.1037,1.01865,05.1951
2026-05-27T10:36:39.042372,1357.3,05.1109,1.01240,05.1733
2026-05-27T10:36:40.060710,1358.3,05.1091,1.04699,05.3396
2026-05-27T10:36:41.034085,1359.3,05.1041,1.24275,06.3380
2026-05-27T10:36:42.054944,1360.3,05.1164,1.24823,06.3784
2026-05-27T10:36:43.030306,1361.3,05.1039,1.04685,05.3389
2026-05-27T10:36:44.051757,1362.3,05.1181,1.18966,06.0791
2026-05-27T10:36:45.027205,1363.3,05.1041,1.17382,05.9864
2026-05-27T10:36:46.045466,1364.3,05.1108,1.16814,05.9691
2026-05-27T10:36:47.062115,1365.3,05.1112,0.77191,03.9444
2026-05-27T10:36:48.032419,1366.3,05.1093,0.77040,03.9290
2026-05-27T10:36:49.051262,1367.3,05.1096,1.03022,05.2541
2026-05-27T10:36:50.023816,1368.3,05.1100,1.10534,05.6482
2026-05-27T10:36:51.042689,1369.3,05.1100,1.30126,06.6494
2026-05-27T10:36:52.059379,1370.3,05.1128,1.17106,05.9841
2026-05-27T10:36:53.032752,1371.3,05.1067,1.10162,05.6182
2026-05-27T10:36:54.050380,1372.3,05.1070,1.03170,05.2616
2026-05-27T10:36:55.023041,1373.3,05.1067,1.22025,06.2232
2026-05-27T10:36:56.042077,1374.3,05.1130,1.07371,05.4866
2026-05-27T10:36:57.061226,1375.3,05.1056,1.07241,05.4692
2026-05-27T10:36:58.036149,1376.3,05.1069,1.08491,05.5330
2026-05-27T10:36:59.054457,1377.3,05.1131,1.09569,05.5989
2026-05-27T10:37:00.027541,1378.3,05.1085,0.77217,03.9380
2026-05-27T10:37:01.045382,1379.3,05.1082,0.88791,04.5283
2026-05-27T10:37:02.063184,1380.3,05.1139,1.07164,05.4760
2026-05-27T10:37:03.039664,1381.3,05.1130,1.27544,06.5174
2026-05-27T10:37:04.060464,1382.3,05.1089,1.01182,05.1602
2026-05-27T10:37:05.035512,1383.3,05.1059,1.14516,05.8403
2026-05-27T10:37:06.055995,1384.3,05.0958,1.22299,06.2250
2026-05-27T10:37:07.031854,1385.3,05.1055,1.23280,06.2872
2026-05-27T10:37:08.053421,1386.3,05.1137,1.20607,06.1630
2026-05-27T10:37:09.028410,1387.3,05.1125,1.33064,06.7995
2026-05-27T10:37:10.048108,1388.3,05.1103,1.25569,06.4165
2026-05-27T10:37:11.023624,1389.3,05.1006,1.13937,05.8107
2026-05-27T10:37:12.044586,1390.3,05.1042,1.08750,05.5462
2026-05-27T10:37:13.022717,1391.3,05.1042,0.82901,04.2279
2026-05-27T10:37:14.042077,1392.3,05.1103,0.86765,04.4336
2026-05-27T10:37:15.062638,1393.3,05.1069,1.03710,05.2892
2026-05-27T10:37:16.038183,1394.3,05.1055,1.10425,05.6316
2026-05-27T10:37:17.058699,1395.3,05.1014,1.06118,05.4120
2026-05-27T10:37:18.033432,1396.3,05.1050,1.18321,06.0343
2026-05-27T10:37:19.054779,1397.3,05.1089,1.19673,06.1033
2026-05-27T10:37:20.026510,1398.3,05.1137,1.23560,06.3139
2026-05-27T10:37:21.045551,1399.3,05.1101,1.22078,06.2381
2026-05-27T10:37:22.064009,1400.3,05.1058,1.14336,05.8311
2026-05-27T10:37:23.035514,1401.3,05.1000,1.18101,06.0231
2026-05-27T10:37:24.055212,1402.3,05.1044,1.10980,05.6599
2026-05-27T10:37:25.031119,1403.3,05.1122,1.16358,05.9458
2026-05-27T10:37:26.051849,1404.3,05.1086,0.77100,03.9321
2026-05-27T10:37:27.025925,1405.3,05.1074,0.82865,04.2261
2026-05-27T10:37:28.048096,1406.3,05.1094,1.05972,05.4045
2026-05-27T10:37:29.068917,1407.3,05.1097,1.08075,05.5118
2026-05-27T10:37:30.042539,1408.3,05.1056,0.94527,04.8208
2026-05-27T10:37:31.060388,1409.3,05.1020,1.22778,06.2616
2026-05-27T10:37:32.034891,1410.3,05.1200,1.08994,05.5804
2026-05-27T10:37:33.054875,1411.3,05.1159,1.35326,06.9151
2026-05-27T10:37:34.030099,1412.3,05.1072,1.14334,05.8310
2026-05-27T10:37:35.050481,1413.3,05.1147,1.18605,06.0607
2026-05-27T10:37:36.070484,1414.3,05.1048,1.13932,05.8105
2026-05-27T10:37:37.045237,1415.3,05.1034,1.10606,05.6409
2026-05-27T10:37:38.064970,1416.3,05.1081,1.14649,05.8470
2026-05-27T10:37:39.039295,1417.3,05.1103,0.77397,03.9549
2026-05-27T10:37:40.056188,1418.3,05.1083,0.77198,03.9370
2026-05-27T10:37:41.031794,1419.3,05.1136,1.11673,05.7064
2026-05-27T10:37:42.050893,1420.3,05.1087,1.17914,06.0136
2026-05-27T10:37:43.069153,1421.3,05.1142,1.03924,05.3105
2026-05-27T10:37:44.042588,1422.3,05.1097,1.29200,06.5892
2026-05-27T10:37:45.060742,1423.3,05.1094,1.19037,06.0708
2026-05-27T10:37:46.036497,1424.3,05.1070,1.20878,06.1647
2026-05-27T10:37:47.059522,1425.3,05.1083,1.23067,06.2764
2026-05-27T10:37:48.032555,1426.3,05.1075,1.21872,06.2154
2026-05-27T10:37:49.052216,1427.3,05.1175,1.08782,05.5587
2026-05-27T10:37:50.074123,1428.3,05.0894,1.10653,05.6211
2026-05-27T10:37:51.048934,1429.3,05.1033,1.19634,06.1013
2026-05-27T10:37:52.068410,1430.3,05.1096,0.77630,03.9591
2026-05-27T10:37:53.040734,1431.3,05.1099,0.76629,03.9080
2026-05-27T10:37:54.062561,1432.3,05.1130,1.10312,05.6369
2026-05-27T10:37:55.038145,1433.3,05.1101,1.15778,05.9162
2026-05-27T10:37:56.057339,1434.3,05.1058,1.15589,05.8950
2026-05-27T10:37:57.032712,1435.3,05.1092,1.42325,07.2585
2026-05-27T10:37:58.055195,1436.3,05.1108,1.20626,06.1639
2026-05-27T10:37:59.076701,1437.3,05.1097,1.13339,05.7802
2026-05-27T10:38:00.050131,1438.3,05.1026,1.24502,06.3496
2026-05-27T10:38:01.070973,1439.3,05.1081,1.31974,06.7306
2026-05-27T10:38:02.044507,1440.3,05.1000,1.31677,06.7155
2026-05-27T10:38:03.066148,1441.3,05.1161,1.22693,06.2696
2026-05-27T10:38:04.041696,1442.3,05.1126,1.26780,06.4784
2026-05-27T10:38:05.066085,1443.3,05.1089,0.77177,03.9360
2026-05-27T10:38:06.039615,1444.3,05.1083,0.77091,03.9316
2026-05-27T10:38:07.060518,1445.3,05.1030,1.02061,05.2051
2026-05-27T10:38:08.034986,1446.3,05.1100,1.10938,05.6689
2026-05-27T10:38:09.054910,1447.3,05.1117,1.20182,06.1413
2026-05-27T10:38:10.076025,1448.3,05.1051,1.20844,06.1630
2026-05-27T10:38:11.051584,1449.3,05.1039,1.24487,06.3488
2026-05-27T10:38:12.075593,1450.3,05.1016,1.25841,06.4178
2026-05-27T10:38:13.052133,1451.3,05.0991,1.21588,06.1888
2026-05-27T10:38:14.074444,1452.3,05.1194,1.08094,05.5236
2026-05-27T10:38:15.051542,1453.3,05.1223,1.10381,05.6515
2026-05-27T10:38:16.072513,1454.3,05.1050,1.38697,07.0735
2026-05-27T10:38:17.046609,1455.3,05.1087,1.14947,05.8622
2026-05-27T10:38:18.069783,1456.3,05.1145,0.84045,04.2946
2026-05-27T10:38:19.046517,1457.3,05.1094,0.77334,03.9440
2026-05-27T10:38:20.069298,1458.3,05.1105,1.12912,05.7698
2026-05-27T10:38:21.045599,1459.3,05.1219,1.09658,05.6144
2026-05-27T10:38:22.066582,1460.3,05.1089,1.04265,05.3175
2026-05-27T10:38:23.043138,1461.3,05.1169,1.23140,06.2924
2026-05-27T10:38:24.066438,1462.3,05.1037,1.27562,06.5056
2026-05-27T10:38:25.042509,1463.3,05.1220,1.21087,06.1996
2026-05-27T10:38:26.064396,1464.3,05.1001,1.30548,06.6579
2026-05-27T10:38:27.042099,1465.3,05.1095,1.17418,05.9883
2026-05-27T10:38:28.065479,1466.3,05.1216,1.15478,05.9124
2026-05-27T10:38:29.042592,1467.3,05.1101,1.15911,05.9230
2026-05-27T10:38:30.065893,1468.3,05.1064,1.22103,06.2272
2026-05-27T10:38:31.042408,1469.3,05.1130,0.94482,04.8280
2026-05-27T10:38:32.063907,1470.3,05.1084,0.77484,03.9516
2026-05-27T10:38:33.085340,1471.3,05.1026,1.07157,05.4650
2026-05-27T10:38:34.060951,1472.3,05.1200,1.22382,06.2659
2026-05-27T10:38:35.083011,1473.3,05.1133,1.22740,06.2720
2026-05-27T10:38:36.061957,1474.3,05.1076,1.18703,06.0538
2026-05-27T10:38:37.082714,1475.3,05.1228,1.29532,06.6320
2026-05-27T10:38:38.055686,1476.3,05.1058,1.44556,07.3723
2026-05-27T10:38:39.075693,1477.3,05.0845,1.34928,06.8543
2026-05-27T10:38:40.049209,1478.3,05.1139,1.12281,05.7375
2026-05-27T10:38:41.071789,1479.3,05.0903,1.16726,05.9413
2026-05-27T10:38:42.048697,1480.3,05.1044,1.15754,05.9034
2026-05-27T10:38:43.071605,1481.3,05.1073,1.17701,06.0027
2026-05-27T10:38:44.043805,1482.3,05.1078,0.83652,04.2662
2026-05-27T10:38:45.062918,1483.3,05.1081,0.76980,03.9259
2026-05-27T10:38:46.082970,1484.3,05.1050,1.20023,06.1211
2026-05-27T10:38:47.057440,1485.3,05.1076,1.19571,06.0981
2026-05-27T10:38:48.076758,1486.3,05.1034,1.18619,06.0495
2026-05-27T10:38:49.052267,1487.3,05.1156,1.13832,05.8168
2026-05-27T10:38:50.071893,1488.3,05.0976,1.13827,05.7937
2026-05-27T10:38:51.045307,1489.3,05.1076,1.21180,06.1801
2026-05-27T10:38:52.065046,1490.3,05.0995,1.40877,07.1706
2026-05-27T10:38:53.086433,1491.3,05.1037,1.11237,05.6730
2026-05-27T10:38:54.063457,1492.3,05.1141,1.25825,06.4296
2026-05-27T10:38:55.085880,1493.3,05.1075,1.36348,06.9537
2026-05-27T10:38:56.064599,1494.3,05.1071,1.17976,06.0167
2026-05-27T10:38:57.086484,1495.3,05.1120,0.77484,03.9594
2026-05-27T10:38:58.059961,1496.3,05.1077,0.76467,03.8998
2026-05-27T10:38:59.080027,1497.3,05.1103,1.00350,05.1278
2026-05-27T10:39:00.055501,1498.3,05.1108,1.18176,06.0387
2026-05-27T10:39:01.077826,1499.3,05.1080,1.22406,06.2427
2026-05-27T10:39:02.054303,1500.3,05.0923,1.21147,06.1663
2026-05-27T10:39:03.074169,1501.3,05.1166,1.11278,05.6863
2026-05-27T10:39:04.049988,1502.3,05.0905,1.24438,06.3338
2026-05-27T10:39:05.070605,1503.3,05.1095,1.28583,06.5577
2026-05-27T10:39:06.046998,1504.3,05.1187,1.21522,06.2097
2026-05-27T10:39:07.070625,1505.3,05.0964,1.27320,06.4805
2026-05-27T10:39:08.048049,1506.3,05.1095,1.53633,07.8352
2026-05-27T10:39:09.069861,1507.3,05.1158,1.09155,05.5778
2026-05-27T10:39:10.047917,1508.3,05.1078,1.06101,05.4111
2026-05-27T10:39:11.066880,1509.3,05.1095,0.77163,03.9353
2026-05-27T10:39:12.089049,1510.3,05.1100,1.11833,05.7146
2026-05-27T10:39:13.064268,1511.3,05.1060,1.20367,06.1387
2026-05-27T10:39:14.085077,1512.3,05.1091,1.10254,05.6229
2026-05-27T10:39:15.061885,1513.3,05.1161,1.17452,06.0017
2026-05-27T10:39:16.085424,1514.3,05.0973,1.11117,05.6558
2026-05-27T10:39:17.062809,1515.3,05.1094,1.43718,07.3296
2026-05-27T10:39:18.084291,1516.3,05.1125,1.16700,05.9633
2026-05-27T10:39:19.061831,1517.3,05.1166,1.34072,06.8510
2026-05-27T10:39:20.084606,1518.3,05.1100,1.37149,07.0083
2026-05-27T10:39:21.061324,1519.3,05.1126,1.17580,06.0083
2026-05-27T10:39:22.082936,1520.3,05.1082,1.25873,06.4195
2026-05-27T10:39:23.059882,1521.3,05.1148,1.02106,05.2176
2026-05-27T10:39:24.078547,1522.3,05.1091,0.77414,03.9481
2026-05-27T10:39:25.056293,1523.3,05.1094,1.04868,05.3482
2026-05-27T10:39:26.079992,1524.3,05.0959,1.17065,05.9586
2026-05-27T10:39:27.056703,1525.3,05.1191,1.14405,05.8460
2026-05-27T10:39:28.083550,1526.3,05.0841,1.35009,06.8584
2026-05-27T10:39:29.062980,1527.3,05.1169,1.25512,06.4136
2026-05-27T10:39:30.084010,1528.3,05.1162,1.25922,06.4346
2026-05-27T10:39:31.058779,1529.3,05.1116,1.18662,06.0636
2026-05-27T10:39:32.082832,1530.3,05.1020,1.27441,06.4994
2026-05-27T10:39:33.056613,1531.3,05.1128,1.25135,06.3943
2026-05-27T10:39:34.076709,1532.3,05.1116,1.16907,05.9739
2026-05-27T10:39:35.098309,1533.3,05.1050,1.06605,05.4368
2026-05-27T10:39:36.074106,1534.3,05.1091,0.77540,03.9545
2026-05-27T10:39:37.094858,1535.3,05.1091,0.77442,03.9495
2026-05-27T10:39:38.068518,1536.3,05.1114,1.10231,05.6328
2026-05-27T10:39:39.089574,1537.3,05.0984,1.09208,05.5586
2026-05-27T10:39:40.063136,1538.3,05.1139,1.20762,06.1709
2026-05-27T10:39:41.082016,1539.3,05.1089,1.37930,07.0344
2026-05-27T10:39:42.056575,1540.3,05.1167,1.23015,06.2860
2026-05-27T10:39:43.076075,1541.3,05.1008,1.30428,06.6518
2026-05-27T10:39:44.096684,1542.3,05.1081,1.25497,06.4003
2026-05-27T10:39:45.071105,1543.3,05.1133,1.45780,07.4493
2026-05-27T10:39:46.092626,1544.3,05.0991,1.27250,06.4770
2026-05-27T10:39:47.066824,1545.3,05.1155,1.38970,07.1013
2026-05-27T10:39:48.086486,1546.3,05.1055,1.16105,05.9213
2026-05-27T10:39:49.063734,1547.3,05.1112,0.80284,04.1025
2026-05-27T10:39:50.082854,1548.3,05.1081,0.76662,03.9097
2026-05-27T10:39:51.101614,1549.3,05.1130,1.16216,05.9386
2026-05-27T10:39:52.075100,1550.3,05.1078,1.14651,05.8472
2026-05-27T10:39:53.092109,1551.3,05.1222,1.20489,06.1690
2026-05-27T10:39:54.068762,1552.3,05.0884,1.17078,05.9475
2026-05-27T10:39:55.089677,1553.3,05.1142,1.20731,06.1693
2026-05-27T10:39:56.061706,1554.3,05.1023,1.16096,05.9208
2026-05-27T10:39:57.081098,1555.3,05.0894,1.41019,07.1637
2026-05-27T10:39:58.100017,1556.3,05.1133,1.35688,06.9336
2026-05-27T10:39:59.073997,1557.3,05.1067,1.29502,06.6046
2026-05-27T10:40:00.094740,1558.3,05.1033,1.26741,06.4637
2026-05-27T10:40:01.068865,1559.3,05.1077,1.23928,06.3203
2026-05-27T10:40:02.086054,1560.3,05.1119,0.99839,05.1017
2026-05-27T10:40:03.102637,1561.3,05.1079,0.82073,04.1857
2026-05-27T10:40:04.074571,1562.3,05.1126,1.18552,06.0580
2026-05-27T10:40:05.094479,1563.3,05.0961,1.17413,05.9763
2026-05-27T10:40:06.067821,1564.3,05.1081,1.24178,06.3330
2026-05-27T10:40:07.086316,1565.3,05.1055,1.17633,05.9992
2026-05-27T10:40:08.103885,1566.3,05.1089,1.21707,06.2070
2026-05-27T10:40:09.074228,1567.3,05.1053,1.59618,08.1405
2026-05-27T10:40:10.094002,1568.3,05.1011,1.30270,06.6437
2026-05-27T10:40:11.066700,1569.3,05.1020,1.16113,05.9217
2026-05-27T10:40:12.083655,1570.3,05.1112,1.17972,06.0283
2026-05-27T10:40:13.102193,1571.3,05.1136,1.24873,06.3810
2026-05-27T10:40:14.074766,1572.3,05.1033,1.18662,06.0517
2026-05-27T10:40:15.095624,1573.3,05.1139,0.90947,04.6473
2026-05-27T10:40:16.065926,1574.3,05.1110,0.77251,03.9475
2026-05-27T10:40:17.084765,1575.3,05.1148,1.08119,05.5248
2026-05-27T10:40:18.104189,1576.3,05.1175,1.06082,05.4207
2026-05-27T10:40:19.077768,1577.3,05.1211,1.14472,05.8609
2026-05-27T10:40:20.096578,1578.3,05.1000,1.56519,07.9824
2026-05-27T10:40:21.072203,1579.3,05.1017,1.29416,06.6002
2026-05-27T10:40:22.090740,1580.3,05.0961,1.59689,08.1281
2026-05-27T10:40:23.107561,1581.3,05.1114,1.33981,06.8464
2026-05-27T10:40:24.079245,1582.3,05.1159,1.13628,05.8063
2026-05-27T10:40:25.097112,1583.3,05.1159,1.35434,06.9206
2026-05-27T10:40:26.070021,1584.3,05.1104,1.12484,05.7479
2026-05-27T10:40:27.090340,1585.3,05.1106,0.99462,05.0825
2026-05-27T10:40:28.108323,1586.3,05.1100,1.11132,05.6788
2026-05-27T10:40:29.082046,1587.3,05.1097,0.78432,04.0000
2026-05-27T10:40:30.098760,1588.3,05.1108,1.24751,06.3747
2026-05-27T10:40:31.071297,1589.3,05.0919,1.15155,05.8613
2026-05-27T10:40:32.089548,1590.3,05.1126,1.21219,06.1942
2026-05-27T10:40:33.106815,1591.3,05.0951,1.37091,06.9779
2026-05-27T10:40:34.077896,1592.3,05.1055,1.32233,06.7438
2026-05-27T10:40:35.098413,1593.3,05.1086,1.26682,06.4607
2026-05-27T10:40:36.072510,1594.3,05.1059,1.11088,05.6654
2026-05-27T10:40:37.091622,1595.3,05.1117,1.32387,06.7649
2026-05-27T10:40:38.109130,1596.3,05.1051,1.28653,06.5613
2026-05-27T10:40:39.082530,1597.3,05.0951,1.34507,06.8464
2026-05-27T10:40:40.100987,1598.3,05.1026,1.21651,06.2042
2026-05-27T10:40:41.076833,1599.3,05.1131,1.14761,05.8642
2026-05-27T10:40:42.095026,1600.3,05.1096,0.77459,03.9504
2026-05-27T10:40:43.113029,1601.3,05.1145,1.16719,05.9643
2026-05-27T10:40:44.086696,1602.3,05.1070,1.21076,06.1748
2026-05-27T10:40:45.105706,1603.3,05.0858,1.29637,06.5855
2026-05-27T10:40:46.080589,1604.3,05.1059,1.24479,06.3484
2026-05-27T10:40:47.102978,1605.3,05.0972,1.12283,05.7152
2026-05-27T10:40:48.078760,1606.3,05.0925,1.68520,08.5776
2026-05-27T10:40:49.097307,1607.3,05.1082,1.33001,06.7830
2026-05-27T10:40:50.069174,1608.3,05.1033,1.28730,06.5652
2026-05-27T10:40:51.087796,1609.3,05.1071,1.12628,05.7440
2026-05-27T10:40:52.106996,1610.3,05.1116,1.16825,05.9697
2026-05-27T10:40:53.081590,1611.3,05.1106,1.04857,05.3581
2026-05-27T10:40:54.099702,1612.3,05.1101,0.89780,04.5877
2026-05-27T10:40:55.115747,1613.3,05.1048,0.76882,03.9209
2026-05-27T10:40:56.088489,1614.3,05.1119,1.07391,05.4876
2026-05-27T10:40:57.109162,1615.3,05.1051,1.31709,06.7171
2026-05-27T10:40:58.083278,1616.3,05.0969,1.36302,06.9377
2026-05-27T10:40:59.100650,1617.3,05.1065,1.22296,06.2370
2026-05-27T10:41:00.074284,1618.3,05.1045,1.29816,06.6206
2026-05-27T10:41:01.091836,1619.3,05.1095,1.50658,07.6835
2026-05-27T10:41:02.109093,1620.3,05.1039,1.23346,06.2906
2026-05-27T10:41:03.081191,1621.3,05.1083,1.10661,05.6437
2026-05-27T10:41:04.098942,1622.3,05.1089,1.17785,06.0070
2026-05-27T10:41:05.072963,1623.3,05.1189,1.05551,05.3936
2026-05-27T10:41:06.088294,1624.3,05.1020,1.11159,05.6691
2026-05-27T10:41:07.104497,1625.3,05.1122,0.97960,05.0057
2026-05-27T10:41:08.074823,1626.3,05.1092,0.77034,03.9287
2026-05-27T10:41:09.093379,1627.3,05.1131,1.22325,06.2508
2026-05-27T10:41:10.111796,1628.3,05.1166,1.06122,05.4228
2026-05-27T10:41:11.082956,1629.3,05.1039,1.15275,05.8790
2026-05-27T10:41:12.099504,1630.3,05.0937,1.65029,08.3999
2026-05-27T10:41:13.117230,1631.3,05.1189,1.30149,06.6506
2026-05-27T10:41:14.092415,1632.3,05.1073,1.25104,06.3803
2026-05-27T10:41:15.112496,1633.3,05.1037,1.19139,06.0760
2026-05-27T10:41:16.085771,1634.3,05.1119,1.25872,06.4320
2026-05-27T10:41:17.107705,1635.3,05.1092,1.13210,05.7737
2026-05-27T10:41:18.079103,1636.3,05.1025,1.19685,06.1039
2026-05-27T10:41:19.099006,1637.3,05.1061,1.19858,06.1127
2026-05-27T10:41:20.119075,1638.3,05.1108,1.06928,05.4640
2026-05-27T10:41:21.089486,1639.3,05.1108,0.76752,03.9220
2026-05-27T10:41:22.106032,1640.3,05.1079,1.08654,05.5413
2026-05-27T10:41:23.079089,1641.3,05.1112,1.08940,05.5668
2026-05-27T10:41:24.098707,1642.3,05.1148,1.16261,05.9409
2026-05-27T10:41:25.116108,1643.3,05.0989,1.34522,06.8471
2026-05-27T10:41:26.086427,1644.3,05.1123,1.45538,07.4369
2026-05-27T10:41:27.103706,1645.3,05.1058,1.30561,06.6586
2026-05-27T10:41:28.122856,1646.3,05.1031,1.16562,05.9446
2026-05-27T10:41:29.095840,1647.3,05.1000,1.38738,07.0756
2026-05-27T10:41:30.114716,1648.3,05.0991,1.10191,05.6087
2026-05-27T10:41:31.089912,1649.3,05.1177,1.31424,06.7157
2026-05-27T10:41:32.110421,1650.3,05.1134,1.12771,05.7625
2026-05-27T10:41:33.083589,1651.3,05.1084,1.20877,06.1647
2026-05-27T10:41:34.101261,1652.3,05.1089,0.77174,03.9358
2026-05-27T10:41:35.118443,1653.3,05.1041,1.06961,05.4550
2026-05-27T10:41:36.090136,1654.3,05.1059,1.31560,06.7095
2026-05-27T10:41:37.112867,1655.3,05.1147,1.16461,05.9511
2026-05-27T10:41:38.087478,1656.3,05.1100,1.43196,07.3173
2026-05-27T10:41:39.106682,1657.3,05.1006,1.24780,06.3637
2026-05-27T10:41:40.080076,1658.3,05.1070,1.22850,06.2653
2026-05-27T10:41:41.098801,1659.3,05.1131,1.15813,05.9180
2026-05-27T10:41:42.119558,1660.3,05.1084,1.23864,06.3170
2026-05-27T10:41:43.095335,1661.3,05.1044,1.10761,05.6488
2026-05-27T10:41:44.117818,1662.3,05.1061,1.11976,05.7107
2026-05-27T10:41:45.090599,1663.3,05.0995,0.98329,05.0049
2026-05-27T10:41:46.109934,1664.3,05.1183,1.09623,05.6017
2026-05-27T10:41:47.081374,1665.3,05.1103,0.77479,03.9591
2026-05-27T10:41:48.101594,1666.3,05.1170,1.05746,05.4036
2026-05-27T10:41:49.123511,1667.3,05.0997,1.35901,06.9173
2026-05-27T10:41:50.100149,1668.3,05.1150,1.12195,05.7331
2026-05-27T10:41:51.119330,1669.3,05.1139,1.40000,07.1540
2026-05-27T10:41:52.094905,1670.3,05.1084,1.29311,06.5948
2026-05-27T10:41:53.116515,1671.3,05.1111,1.20451,06.1550
2026-05-27T10:41:54.091398,1672.3,05.1058,1.20813,06.1614
2026-05-27T10:41:55.112799,1673.4,05.1084,1.22757,06.2606
2026-05-27T10:41:56.086093,1674.4,05.1033,1.16167,05.9245
2026-05-27T10:41:57.104695,1675.4,05.1070,1.22605,06.2528
2026-05-27T10:41:58.124646,1676.4,05.1039,1.07390,05.4768
2026-05-27T10:41:59.095636,1677.4,05.1058,1.07796,05.4975
2026-05-27T10:42:00.111937,1678.4,05.1075,0.77464,03.9506
2026-05-27T10:42:01.086513,1679.4,05.1101,1.24757,06.3750
2026-05-27T10:42:02.105511,1680.4,05.0861,1.58777,08.0658
2026-05-27T10:42:03.122246,1681.4,05.0842,1.33176,06.7653
2026-05-27T10:42:04.096440,1682.4,05.1078,1.39140,07.0961
2026-05-27T10:42:05.115672,1683.4,05.1073,1.25806,06.4161
2026-05-27T10:42:06.087854,1684.4,05.0870,1.52969,07.7708
2026-05-27T10:42:07.104798,1685.4,05.1131,1.13839,05.8171
2026-05-27T10:42:08.124702,1686.4,05.1061,1.27683,06.5118
2026-05-27T10:42:09.096767,1687.4,05.1097,1.23758,06.3116
2026-05-27T10:42:10.114651,1688.4,05.1133,1.20063,06.1352
2026-05-27T10:42:11.131793,1689.4,05.1085,1.07882,05.5019
2026-05-27T10:42:12.104312,1690.4,05.1045,1.13805,05.8040
2026-05-27T10:42:13.119022,1691.4,05.1112,0.77273,03.9486
2026-05-27T10:42:14.089405,1692.4,05.1026,1.16347,05.9336
2026-05-27T10:42:15.108694,1693.4,05.0984,1.50765,07.6739
2026-05-27T10:42:16.129386,1694.4,05.1091,1.28268,06.5416
2026-05-27T10:42:17.101128,1695.4,05.1128,1.34198,06.8575
2026-05-27T10:42:18.118289,1696.4,05.1017,1.17840,06.0098
2026-05-27T10:42:19.089013,1697.4,05.1097,1.50471,07.6740
2026-05-27T10:42:20.109144,1698.4,05.1086,1.22071,06.2256
2026-05-27T10:42:21.128882,1699.4,05.1041,1.13863,05.8070
2026-05-27T10:42:22.103557,1700.4,05.1145,0.97492,04.9818
2026-05-27T10:42:23.122837,1701.4,05.1109,1.13658,05.8079
2026-05-27T10:42:24.095276,1702.4,05.1098,1.21105,06.1763
2026-05-27T10:42:25.112146,1703.4,05.1064,1.17725,06.0039
2026-05-27T10:42:26.129267,1704.4,05.1102,0.77156,03.9426
2026-05-27T10:42:27.100725,1705.4,05.1094,1.09690,05.5941
2026-05-27T10:42:28.121870,1706.4,05.1061,1.15678,05.8995
2026-05-27T10:42:29.097964,1707.4,05.1080,1.05418,05.3763
2026-05-27T10:42:30.117043,1708.4,05.1116,1.25157,06.3955
2026-05-27T10:42:31.136092,1709.4,05.1078,1.20455,06.1432
2026-05-27T10:42:32.109543,1710.4,05.1258,1.03264,05.2871
2026-05-27T10:42:33.128749,1711.4,05.1042,1.24150,06.3316
2026-05-27T10:42:34.100748,1712.4,05.1087,1.23983,06.3231
2026-05-27T10:42:35.116414,1713.4,05.1131,0.95893,04.9001
2026-05-27T10:42:36.136172,1714.4,05.1056,1.24382,06.3434
2026-05-27T10:42:37.110703,1715.4,05.0970,1.24413,06.3326
2026-05-27T10:42:38.128452,1716.4,05.1122,1.23675,06.3197
2026-05-27T10:42:39.100664,1717.4,05.1087,0.77246,03.9395
2026-05-27T10:42:40.117944,1718.4,05.1122,1.08917,05.5656
2026-05-27T10:42:41.137279,1719.4,05.1197,1.29006,06.5922
2026-05-27T10:42:42.111029,1720.4,05.1082,1.26373,06.4450
2026-05-27T10:42:43.129612,1721.4,05.1070,1.42653,07.2753
2026-05-27T10:42:44.107042,1722.4,05.1034,1.23842,06.3159
2026-05-27T10:42:45.126275,1723.4,05.1003,1.21063,06.1742
2026-05-27T10:42:46.100242,1724.4,05.0998,1.19308,06.0727
2026-05-27T10:42:47.119472,1725.4,05.1108,1.17840,06.0216
2026-05-27T10:42:48.094835,1726.4,05.1005,1.11616,05.6924
2026-05-27T10:42:49.116247,1727.4,05.1134,1.16613,05.9589
2026-05-27T10:42:50.136317,1728.4,05.1117,1.11480,05.6966
2026-05-27T10:42:51.110717,1729.4,05.1045,1.24606,06.3549
2026-05-27T10:42:52.129796,1730.4,05.1097,0.77204,03.9374
2026-05-27T10:42:53.101968,1731.4,05.1071,1.11209,05.6716
2026-05-27T10:42:54.120979,1732.4,05.1033,1.61837,08.2536
2026-05-27T10:42:55.141687,1733.4,05.1051,1.23698,06.3085
2026-05-27T10:42:56.117509,1734.4,05.1072,1.25331,06.3918
2026-05-27T10:42:57.138778,1735.4,05.1084,1.28252,06.5408
2026-05-27T10:42:58.115226,1736.4,05.1041,1.06672,05.4402
2026-05-27T10:42:59.136105,1737.4,05.0978,1.17117,05.9612
2026-05-27T10:43:00.110533,1738.4,05.1034,1.07268,05.4706
2026-05-27T10:43:01.132631,1739.4,05.1069,1.18045,06.0202
2026-05-27T10:43:02.108644,1740.4,05.1069,1.11284,05.6754
2026-05-27T10:43:03.129403,1741.4,05.1158,1.05640,05.3982
2026-05-27T10:43:04.105079,1742.4,05.1078,1.25429,06.3968
2026-05-27T10:43:05.121240,1743.4,05.1109,0.77170,03.9433
2026-05-27T10:43:06.140165,1744.4,05.1109,1.15852,05.9200
2026-05-27T10:43:07.111604,1745.4,05.1101,1.26318,06.4548
2026-05-27T10:43:08.131818,1746.4,05.1000,1.15532,05.8921
2026-05-27T10:43:09.105151,1747.4,05.1086,1.10441,05.6324
2026-05-27T10:43:10.126812,1748.4,05.1111,1.15733,05.9139
2026-05-27T10:43:11.103577,1749.4,05.1059,1.05925,05.4021
2026-05-27T10:43:12.125083,1750.4,05.1116,1.03815,05.3049
2026-05-27T10:43:13.144909,1751.4,05.1075,1.11095,05.6658
2026-05-27T10:43:14.118863,1752.4,05.1087,1.07231,05.4687
2026-05-27T10:43:15.138617,1753.4,05.1125,1.17768,06.0179
2026-05-27T10:43:16.112383,1754.4,05.1098,1.13908,05.8093
2026-05-27T10:43:17.132715,1755.4,05.1066,1.07593,05.4872
2026-05-27T10:43:18.103952,1756.4,05.1092,0.77755,03.9655
2026-05-27T10:43:19.122060,1757.4,05.1092,1.03294,05.2679
2026-05-27T10:43:20.145273,1758.4,05.1081,1.23694,06.3083
2026-05-27T10:43:21.120824,1759.4,05.1051,1.18205,06.0284
2026-05-27T10:43:22.140298,1760.4,05.1047,1.17333,05.9839
2026-05-27T10:43:23.114694,1761.4,05.1022,1.41937,07.2387
2026-05-27T10:43:24.133614,1762.4,05.1130,1.32737,06.7828
2026-05-27T10:43:25.108681,1763.4,05.1136,1.05492,05.3906
2026-05-27T10:43:26.127585,1764.4,05.1062,1.03343,05.2704
2026-05-27T10:43:27.145589,1765.4,05.1012,1.06336,05.4231
2026-05-27T10:43:28.120316,1766.4,05.1094,1.11795,05.7015
2026-05-27T10:43:29.139731,1767.4,05.1008,1.26323,06.4424
2026-05-27T10:43:30.114495,1768.4,05.1075,1.10427,05.6317
2026-05-27T10:43:31.135274,1769.4,05.1100,0.77377,03.9539
2026-05-27T10:43:32.108668,1770.4,05.1020,1.06690,05.4411
2026-05-27T10:43:33.132755,1771.4,05.1095,1.08162,05.5162
2026-05-27T10:43:34.107847,1772.4,05.1106,1.20792,06.1724
2026-05-27T10:43:35.128105,1773.4,05.1109,1.20175,06.1409
2026-05-27T10:43:36.148684,1774.4,05.1098,1.13044,05.7652
2026-05-27T10:43:37.125157,1775.4,05.1130,1.10826,05.6632
2026-05-27T10:43:38.147995,1776.4,05.1131,1.08168,05.5273
2026-05-27T10:43:39.124607,1777.4,05.1055,1.03654,05.2863
2026-05-27T10:43:40.144876,1778.4,05.1103,0.98507,05.0337
2026-05-27T10:43:41.118812,1779.4,05.1075,1.02529,05.2289
2026-05-27T10:43:42.140336,1780.4,05.1022,1.24329,06.3407
2026-05-27T10:43:43.116604,1781.4,05.1084,1.09875,05.6036
2026-05-27T10:43:44.139076,1782.4,05.1093,0.77364,03.9455
2026-05-27T10:43:45.113765,1783.4,05.1091,1.07921,05.5039
2026-05-27T10:43:46.136472,1784.4,05.1005,1.07366,05.4756
2026-05-27T10:43:47.111860,1785.4,05.1089,1.10273,05.6239
2026-05-27T10:43:48.133443,1786.4,05.1114,1.05223,05.3768
2026-05-27T10:43:49.108810,1787.4,05.1134,1.14261,05.8387
2026-05-27T10:43:50.130232,1788.4,05.1069,1.15931,05.9124
2026-05-27T10:43:51.150511,1789.4,05.1047,1.08357,05.5262
2026-05-27T10:43:52.125339,1790.4,05.1139,1.08576,05.5482
2026-05-27T10:43:53.143819,1791.4,05.1133,1.03881,05.3083
2026-05-27T10:43:54.116835,1792.4,05.1094,1.07808,05.4982
2026-05-27T10:43:55.136626,1793.4,05.1105,1.24104,06.3417
2026-05-27T10:43:56.111432,1794.4,05.1062,1.17362,05.9854
2026-05-27T10:43:57.129694,1795.4,05.1096,0.77301,03.9423
2026-05-27T10:43:58.149623,1796.4,05.1101,1.16346,05.9452
2026-05-27T10:43:59.125608,1797.4,05.1073,1.27838,06.5197
2026-05-27T10:44:00.145081,1798.4,05.1142,1.07560,05.4963
2026-05-27T10:44:01.119843,1799.4,05.1108,0.95763,04.8934
2026-05-27T10:44:02.139715,1800.4,05.1083,1.09201,05.5692
2026-05-27T10:44:03.115387,1801.4,05.1156,1.01968,05.2105
2026-05-27T10:44:04.134685,1802.4,05.1133,1.23698,06.3209
2026-05-27T10:44:05.155998,1803.4,05.1036,1.08279,05.5222
2026-05-27T10:44:06.129411,1804.4,05.1008,1.10772,05.6493
2026-05-27T10:44:07.150510,1805.4,05.1128,1.14679,05.8600
2026-05-27T10:44:08.124635,1806.4,05.1087,1.22544,06.2497
2026-05-27T10:44:09.145582,1807.4,05.1141,1.28896,06.5865
2026-05-27T10:44:10.119025,1808.4,05.1128,0.77761,03.9735
2026-05-27T10:44:11.139253,1809.4,05.1105,1.00745,05.1480
2026-05-27T10:44:12.116037,1810.4,05.1131,1.24258,06.3495
2026-05-27T10:44:13.137983,1811.4,05.1098,1.04787,05.3441
2026-05-27T10:44:14.114682,1812.4,05.1115,1.04905,05.3606
2026-05-27T10:44:15.136671,1813.4,05.1086,1.05950,05.4034
2026-05-27T10:44:16.159018,1814.4,05.1080,1.05192,05.3647
2026-05-27T10:44:17.133973,1815.4,05.1103,1.05526,05.3923
2026-05-27T10:44:18.157462,1816.4,05.1186,1.05939,05.4134
2026-05-27T10:44:19.132901,1817.4,05.1078,1.06405,05.4266
2026-05-27T10:44:20.154128,1818.4,05.1031,1.11721,05.6977
2026-05-27T10:44:21.128563,1819.4,05.1148,1.19821,06.1228
2026-05-27T10:44:22.150826,1820.4,05.1091,1.18347,06.0356
2026-05-27T10:44:23.125495,1821.4,05.1100,0.77364,03.9533
2026-05-27T10:44:24.144391,1822.4,05.1117,1.13936,05.8221
2026-05-27T10:44:25.119315,1823.4,05.1091,1.31737,06.7185
2026-05-27T10:44:26.140907,1824.4,05.0983,1.21793,06.1992
2026-05-27T10:44:27.118384,1825.4,05.1084,1.06456,05.4292
2026-05-27T10:44:28.142204,1826.4,05.1042,1.10138,05.6170
2026-05-27T10:44:29.120139,1827.4,05.1094,1.06615,05.4373
2026-05-27T10:44:30.144909,1828.4,05.1120,1.04809,05.3557
2026-05-27T10:44:31.121150,1829.4,05.1098,1.02689,05.2371
2026-05-27T10:44:32.141571,1830.4,05.1137,0.98720,05.0445
2026-05-27T10:44:33.163202,1831.4,05.0995,1.11133,05.6566
2026-05-27T10:44:34.137505,1832.4,05.1006,1.20878,06.1647
2026-05-27T10:44:35.158094,1833.4,05.1150,1.13273,05.7882
2026-05-27T10:44:36.132309,1834.4,05.1098,0.77253,03.9399
2026-05-27T10:44:37.152091,1835.4,05.1110,1.27876,06.5344
2026-05-27T10:44:38.128504,1836.4,05.1112,1.41754,07.2436
2026-05-27T10:44:39.152203,1837.4,05.1111,1.02082,05.2163
2026-05-27T10:44:40.129734,1838.4,05.1105,1.04488,05.3393
2026-05-27T10:44:41.152396,1839.4,05.1106,1.07561,05.4963
2026-05-27T10:44:42.127584,1840.4,05.1100,1.09041,05.5719
2026-05-27T10:44:43.147039,1841.4,05.1019,1.17774,06.0064
2026-05-27T10:44:44.123698,1842.4,05.1070,1.04494,05.3291
2026-05-27T10:44:45.145492,1843.4,05.1128,1.04571,05.3435
2026-05-27T10:44:46.122864,1844.4,05.1142,1.07520,05.4942
2026-05-27T10:44:47.144059,1845.4,05.1117,1.16028,05.9290
2026-05-27T10:44:48.164855,1846.4,05.1094,1.25108,06.3805
2026-05-27T10:44:49.138728,1847.4,05.1106,0.77411,03.9557
2026-05-27T10:44:50.155579,1848.4,05.1067,1.03125,05.2593
2026-05-27T10:44:51.131285,1849.4,05.1069,1.10876,05.6546
2026-05-27T10:44:52.150076,1850.4,05.1069,1.11858,05.7047
2026-05-27T10:44:53.124094,1851.4,05.1120,1.00461,05.1335
2026-05-27T10:44:54.145584,1852.4,05.1081,1.13054,05.7657
2026-05-27T10:44:55.166338,1853.4,05.1050,1.08325,05.5245
2026-05-27T10:44:56.139671,1854.4,05.1151,1.03658,05.2969
2026-05-27T10:44:57.160320,1855.4,05.1119,1.02669,05.2463
2026-05-27T10:44:58.133272,1856.4,05.1105,1.01595,05.1915
2026-05-27T10:44:59.153205,1857.4,05.1053,1.07436,05.4792
2026-05-27T10:45:00.126527,1858.4,05.1034,1.22680,06.2566
2026-05-27T10:45:01.146885,1859.4,05.1050,1.25843,06.4179
2026-05-27T10:45:02.164533,1860.4,05.1082,0.77681,03.9617
2026-05-27T10:45:03.136120,1861.4,05.1053,0.94257,04.8071
2026-05-27T10:45:04.157206,1862.4,05.1073,1.07860,05.5008
2026-05-27T10:45:05.132706,1863.4,05.1081,1.04547,05.3318
2026-05-27T10:45:06.153303,1864.4,05.1073,1.04861,05.3479
2026-05-27T10:45:07.171520,1865.4,05.1086,1.03970,05.3024
2026-05-27T10:45:08.143686,1866.4,05.1031,1.14002,05.8141
2026-05-27T10:45:09.163182,1867.4,05.1092,1.17945,06.0151
2026-05-27T10:45:10.137551,1868.4,05.1100,1.14953,05.8740
2026-05-27T10:45:11.158457,1869.4,05.1034,1.04193,05.3138
2026-05-27T10:45:12.130861,1870.4,05.1164,1.10890,05.6664
2026-05-27T10:45:13.151695,1871.4,05.0981,1.16446,05.9271
2026-05-27T10:45:14.171677,1872.4,05.1023,1.21271,06.1848
2026-05-27T10:45:15.144490,1873.4,05.1106,0.77249,03.9474
2026-05-27T10:45:16.163642,1874.4,05.1069,0.87861,04.4809
2026-05-27T10:45:17.136726,1875.4,05.1016,1.03228,05.2646
2026-05-27T10:45:18.154171,1876.4,05.1095,1.25021,06.3760
2026-05-27T10:45:19.128318,1877.4,05.1120,1.02665,05.2461
2026-05-27T10:45:20.146178,1878.4,05.1039,1.12191,05.7217
2026-05-27T10:45:21.165926,1879.4,05.1083,1.04674,05.3383
2026-05-27T10:45:22.142032,1880.4,05.1147,1.05097,05.3704
2026-05-27T10:45:23.162462,1881.4,05.1123,1.15782,05.9164
2026-05-27T10:45:24.138896,1882.4,05.1055,1.05741,05.3927
2026-05-27T10:45:25.159591,1883.4,05.1012,1.11079,05.6650
2026-05-27T10:45:26.134477,1884.4,05.1068,1.08739,05.5456
2026-05-27T10:45:27.153894,1885.4,05.1087,1.14112,05.8197
2026-05-27T10:45:28.175063,1886.4,05.1077,0.77471,03.9510
2026-05-27T10:45:29.147934,1887.4,05.1076,0.82857,04.2257
2026-05-27T10:45:30.170436,1888.4,05.1051,1.05750,05.3932
2026-05-27T10:45:31.145987,1889.4,05.1101,1.13294,05.7893
2026-05-27T10:45:32.168947,1890.4,05.0962,1.10691,05.6341
2026-05-27T10:45:33.145021,1891.4,05.1064,1.08893,05.5535
2026-05-27T10:45:34.167036,1892.4,05.1020,1.15291,05.8798
2026-05-27T10:45:35.143177,1893.4,05.1114,1.10358,05.6392
2026-05-27T10:45:36.163011,1894.4,05.0986,1.19086,06.0614
2026-05-27T10:45:37.135904,1895.4,05.1161,1.08599,05.5494
2026-05-27T10:45:38.154730,1896.4,05.1089,1.14529,05.8409
2026-05-27T10:45:39.172251,1897.4,05.1070,1.17528,05.9939
2026-05-27T10:45:40.145885,1898.4,05.1100,1.32150,06.7528
2026-05-27T10:45:41.162635,1899.4,05.1100,0.77137,03.9417
2026-05-27T10:45:42.134784,1900.4,05.1080,0.77132,03.9337
2026-05-27T10:45:43.155661,1901.4,05.1103,1.08807,05.5600
2026-05-27T10:45:44.176815,1902.4,05.1066,1.15384,05.8845
2026-05-27T10:45:45.147719,1903.4,05.0986,1.08161,05.5053
2026-05-27T10:45:46.169751,1904.4,05.1081,1.12490,05.7369
2026-05-27T10:45:47.144788,1905.4,05.1075,1.11916,05.7077
2026-05-27T10:45:48.163558,1906.4,05.1098,1.11550,05.6890
2026-05-27T10:45:49.137261,1907.4,05.1083,1.27484,06.5016
2026-05-27T10:45:50.154688,1908.4,05.1156,1.09500,05.5954
2026-05-27T10:45:51.172517,1909.4,05.0970,1.21103,06.1641
2026-05-27T10:45:52.144082,1910.4,05.1092,1.15583,05.8947
2026-05-27T10:45:53.165293,1911.4,05.0948,1.12361,05.7191
2026-05-27T10:45:54.141182,1912.4,05.1080,0.77203,03.9373
2026-05-27T10:45:55.161204,1913.4,05.1080,1.00081,05.1041
2026-05-27T10:45:56.179847,1914.4,05.1056,1.02938,05.2498
2026-05-27T10:45:57.153504,1915.4,05.1051,1.17361,05.9854
2026-05-27T10:45:58.176504,1916.4,05.1081,1.16217,05.9270
2026-05-27T10:45:59.152600,1917.4,05.1028,1.09944,05.6071
2026-05-27T10:46:00.172803,1918.4,05.1072,1.16302,05.9314
2026-05-27T10:46:01.149454,1919.4,05.1105,1.03743,05.3012
2026-05-27T10:46:02.168422,1920.4,05.0905,1.08181,05.5064
2026-05-27T10:46:03.142427,1921.4,05.1112,1.10928,05.6684
2026-05-27T10:46:04.160759,1922.4,05.1228,1.15920,05.9351
2026-05-27T10:46:05.179766,1923.4,05.1114,1.38478,07.0762
2026-05-27T10:46:06.154585,1924.4,05.1026,1.20115,06.1258
2026-05-27T10:46:07.175071,1925.4,05.1094,0.81436,04.1532
2026-05-27T10:46:08.147401,1926.4,05.1084,0.88282,04.5023
2026-05-27T10:46:09.166964,1927.4,05.1062,1.03092,05.2576
2026-05-27T10:46:10.141654,1928.4,05.1133,1.12280,05.7375
2026-05-27T10:46:11.160394,1929.4,05.1047,1.08278,05.5221
2026-05-27T10:46:12.182088,1930.4,05.0987,1.11601,05.6804
2026-05-27T10:46:13.154863,1931.4,05.1167,1.21547,06.2110
2026-05-27T10:46:14.174531,1932.4,05.1103,1.16914,05.9743
2026-05-27T10:46:15.152876,1933.4,05.1100,1.17354,05.9967
2026-05-27T10:46:16.172524,1934.4,05.0987,1.07265,05.4597
2026-05-27T10:46:17.147195,1935.4,05.1081,1.26514,06.4522
2026-05-27T10:46:18.165682,1936.4,05.1072,1.34988,06.8843
2026-05-27T10:46:19.186503,1937.4,05.1070,1.14257,05.8271
2026-05-27T10:46:20.159835,1938.4,05.1075,0.76865,03.9201
2026-05-27T10:46:21.176729,1939.4,05.1075,0.83476,04.2572
2026-05-27T10:46:22.151682,1940.4,05.1092,1.06625,05.4378
2026-05-27T10:46:23.172136,1941.4,05.1089,1.15574,05.8942
2026-05-27T10:46:24.148133,1942.4,05.1108,1.26284,06.4531
2026-05-27T10:46:25.169921,1943.4,05.1042,1.28827,06.5701
2026-05-27T10:46:26.146969,1944.4,05.0998,1.11758,05.6884
2026-05-27T10:46:27.167977,1945.4,05.1106,1.15992,05.9271
2026-05-27T10:46:28.143884,1946.4,05.1126,1.12294,05.7382
2026-05-27T10:46:29.165307,1947.4,05.1056,1.09357,05.5772
2026-05-27T10:46:30.184608,1948.4,05.1056,1.14202,05.8243
2026-05-27T10:46:31.158401,1949.4,05.1008,1.33311,06.7988
2026-05-27T10:46:32.182120,1950.4,05.1044,1.06953,05.4546
2026-05-27T10:46:33.158725,1951.4,05.1084,0.77274,03.9409
2026-05-27T10:46:34.178735,1952.4,05.1089,0.81635,04.1633
2026-05-27T10:46:35.153883,1953.4,05.1098,1.04333,05.3209
2026-05-27T10:46:36.177059,1954.4,05.1045,1.07349,05.4747
2026-05-27T10:46:37.152478,1955.4,05.1073,1.04151,05.3117
2026-05-27T10:46:38.171550,1956.4,05.1092,1.17155,05.9749
2026-05-27T10:46:39.189211,1957.4,05.1116,1.41702,07.2409
2026-05-27T10:46:40.163205,1958.4,05.1150,1.08181,05.5280
2026-05-27T10:46:41.182247,1959.4,05.1116,1.17053,05.9814
2026-05-27T10:46:42.153632,1960.4,05.1023,1.22168,06.2305
2026-05-27T10:46:43.172143,1961.4,05.1101,1.20349,06.1498
2026-05-27T10:46:44.190751,1962.4,05.1101,1.25405,06.4081
2026-05-27T10:46:45.166568,1963.4,05.1142,1.20940,06.1800
2026-05-27T10:46:46.185963,1964.4,05.1084,0.77735,03.9644
2026-05-27T10:46:47.155911,1965.4,05.1083,0.77401,03.9474
2026-05-27T10:46:48.175971,1966.4,05.1084,1.00468,05.1238
2026-05-27T10:46:49.150098,1967.4,05.1056,1.26430,06.4479
2026-05-27T10:46:50.169559,1968.4,05.1041,1.21608,06.2020
2026-05-27T10:46:51.188573,1969.4,05.1137,1.06412,05.4376
2026-05-27T10:46:52.162681,1970.4,05.1112,1.17698,06.0143
2026-05-27T10:46:53.181421,1971.4,05.1148,1.13490,05.7993
2026-05-27T10:46:54.153479,1972.4,05.1066,1.16875,05.9606
2026-05-27T10:46:55.171046,1973.4,05.1142,1.27704,06.5256
2026-05-27T10:46:56.190617,1974.4,05.1092,1.25879,06.4198
2026-05-27T10:46:57.166165,1975.4,05.1051,1.19418,06.0903
2026-05-27T10:46:58.186705,1976.4,05.1130,1.08045,05.5210
2026-05-27T10:46:59.161578,1977.4,05.1100,0.77441,03.9572
2026-05-27T10:47:00.178693,1978.4,05.1102,0.77193,03.9445
2026-05-27T10:47:01.151333,1979.4,05.1034,1.00238,05.1121
2026-05-27T10:47:02.171781,1980.4,05.1104,1.25226,06.3990
2026-05-27T10:47:03.191706,1981.4,05.1047,1.14269,05.8277
2026-05-27T10:47:04.167488,1982.4,05.1053,1.13734,05.8004
2026-05-27T10:47:05.188019,1983.4,05.1059,1.13549,05.7909
2026-05-27T10:47:06.161360,1984.4,05.1173,1.37473,07.0248
2026-05-27T10:47:07.182705,1985.4,05.1072,1.24934,06.3716
2026-05-27T10:47:08.156733,1986.4,05.1159,1.12249,05.7359
2026-05-27T10:47:09.177292,1987.4,05.1023,1.08383,05.5275
2026-05-27T10:47:10.195745,1988.4,05.1147,1.40027,07.1553
2026-05-27T10:47:11.170046,1989.4,05.1073,1.28397,06.5482
2026-05-27T10:47:12.188604,1990.4,05.1095,0.77336,03.9441
2026-05-27T10:47:13.160919,1991.4,05.1081,0.77154,03.9348
2026-05-27T10:47:14.182709,1992.4,05.1081,1.07264,05.4704
2026-05-27T10:47:15.156574,1993.4,05.1162,1.10939,05.6689
2026-05-27T10:47:16.176929,1994.4,05.1094,1.32323,06.7484
2026-05-27T10:47:17.197115,1995.4,05.1092,1.16759,05.9547
2026-05-27T10:47:18.171711,1996.4,05.1111,1.28664,06.5747
2026-05-27T10:47:19.193160,1997.4,05.1061,1.12391,05.7319
2026-05-27T10:47:20.169933,1998.4,05.1162,1.14474,05.8496
2026-05-27T10:47:21.190060,1999.4,05.1130,1.20009,06.1324
2026-05-27T10:47:22.163782,2000.4,05.1048,1.12188,05.7215
2026-05-27T10:47:23.185534,2001.4,05.1101,1.16446,05.9503
2026-05-27T10:47:24.160820,2002.4,05.1056,1.26586,06.4558
2026-05-27T10:47:25.179937,2003.4,05.1087,0.77521,03.9535
2026-05-27T10:47:26.197472,2004.4,05.1076,0.82379,04.2013
2026-05-27T10:47:27.169435,2005.4,05.1045,0.99717,05.0855
2026-05-27T10:47:28.189880,2006.4,05.1056,1.24396,06.3441
2026-05-27T10:47:29.165990,2007.4,05.1039,1.00530,05.1270
2026-05-27T10:47:30.187512,2008.4,05.1080,1.17649,06.0000
2026-05-27T10:47:31.162619,2009.4,05.1030,1.21927,06.2182
2026-05-27T10:47:32.182875,2010.4,05.1114,1.09146,05.5773
2026-05-27T10:47:33.158610,2011.4,05.1148,1.14487,05.8502
2026-05-27T10:47:34.179536,2012.4,05.1103,1.18942,06.0779
2026-05-27T10:47:35.199337,2013.4,05.1028,1.26965,06.4752
2026-05-27T10:47:36.178480,2014.4,05.1126,1.14515,05.8517
2026-05-27T10:47:37.200127,2015.4,05.1092,1.17914,06.0136
2026-05-27T10:47:38.175645,2016.4,05.1100,0.77373,03.9537
2026-05-27T10:47:39.193010,2017.4,05.1101,0.74488,03.8063
2026-05-27T10:47:40.167272,2018.4,05.1101,1.06759,05.4553
2026-05-27T10:47:41.186633,2019.4,05.1042,1.17758,06.0056
2026-05-27T10:47:42.160331,2020.4,05.1042,1.24930,06.3714
2026-05-27T10:47:43.180068,2021.4,05.1156,1.24014,06.3371
2026-05-27T10:47:44.198926,2022.4,05.1023,1.17462,05.9905
2026-05-27T10:47:45.172990,2023.4,05.1092,1.21488,06.1958
2026-05-27T10:47:46.192864,2024.4,05.1070,1.19728,06.1061
2026-05-27T10:47:47.164718,2025.4,05.1122,1.21685,06.2181
2026-05-27T10:47:48.187421,2026.4,05.0987,1.43853,07.3221
2026-05-27T10:47:49.203817,2027.4,05.1097,1.07856,05.5006
2026-05-27T10:47:50.177620,2028.4,05.1080,1.20197,06.1300
2026-05-27T10:47:51.197253,2029.4,05.1133,1.19224,06.0923
2026-05-27T10:47:52.165672,2030.4,05.1073,0.77622,03.9587
2026-05-27T10:47:53.184014,2031.4,05.1087,1.11683,05.6958
2026-05-27T10:47:54.203511,2032.4,05.1084,1.17553,05.9952
2026-05-27T10:47:55.176637,2033.4,05.1123,1.12177,05.7322
2026-05-27T10:47:56.195488,2034.4,05.1047,1.30741,06.6677
2026-05-27T10:47:57.169172,2035.4,05.1078,1.30761,06.6688
2026-05-27T10:47:58.188899,2036.4,05.1026,1.38252,07.0508
2026-05-27T10:47:59.164457,2037.4,05.1019,1.28520,06.5545
2026-05-27T10:48:00.182565,2038.4,05.1101,1.55554,07.9488
2026-05-27T10:48:01.202430,2039.4,05.1122,1.24231,06.3482
2026-05-27T10:48:02.180956,2040.4,05.1167,1.33220,06.8075
2026-05-27T10:48:03.202691,2041.4,05.1075,1.26632,06.4582
2026-05-27T10:48:04.176314,2042.4,05.1082,0.79137,04.0359
2026-05-27T10:48:05.194444,2043.4,05.1079,0.65630,03.3471
2026-05-27T10:48:06.168138,2044.4,05.1056,1.09361,05.5774
2026-05-27T10:48:07.191651,2045.4,05.1051,1.16192,05.9257
2026-05-27T10:48:08.166209,2046.4,05.1089,1.23201,06.2832
2026-05-27T10:48:09.186437,2047.4,05.1155,1.19581,06.1105
2026-05-27T10:48:10.207527,2048.4,05.1112,1.16288,05.9423
2026-05-27T10:48:11.181638,2049.4,05.0717,1.49919,07.6008
2026-05-27T10:48:12.204147,2050.4,05.1125,1.29139,06.5990
2026-05-27T10:48:13.177880,2051.4,05.1030,1.30420,06.6514
2026-05-27T10:48:14.198631,2052.4,05.1123,1.26392,06.4586
2026-05-27T10:48:15.173880,2053.4,05.1005,1.33623,06.8147
2026-05-27T10:48:16.197844,2054.4,05.1095,1.22472,06.2460
2026-05-27T10:48:17.174113,2055.4,05.1123,0.88565,04.5256
2026-05-27T10:48:18.196203,2056.4,05.1088,0.77224,03.9384
2026-05-27T10:48:19.170269,2057.4,05.1086,1.13036,05.7648
2026-05-27T10:48:20.194270,2058.4,05.1008,1.30128,06.6365
2026-05-27T10:48:21.171949,2059.4,05.1087,1.14880,05.8588
2026-05-27T10:48:22.195151,2060.4,05.1083,1.27468,06.5008
2026-05-27T10:48:23.174385,2061.4,05.1091,1.27350,06.4948
2026-05-27T10:48:24.197824,2062.4,05.1130,1.30701,06.6788
2026-05-27T10:48:25.175629,2063.4,05.1059,1.08312,05.5239
2026-05-27T10:48:26.198575,2064.4,05.1134,1.24083,06.3406
2026-05-27T10:48:27.175332,2065.4,05.1120,1.34025,06.8486
2026-05-27T10:48:28.198099,2066.4,05.1033,1.11995,05.7117
2026-05-27T10:48:29.173169,2067.4,05.1055,1.25229,06.3866
2026-05-27T10:48:30.194846,2068.4,05.1086,0.90283,04.6044
2026-05-27T10:48:31.170083,2069.4,05.1090,0.65290,03.3297
2026-05-27T10:48:32.192623,2070.4,05.1056,1.12527,05.7388
2026-05-27T10:48:33.212521,2071.4,05.1105,1.26784,06.4786
2026-05-27T10:48:34.186912,2072.4,05.1016,1.21002,06.1711
2026-05-27T10:48:35.207985,2073.4,05.1172,1.19886,06.1261
2026-05-27T10:48:36.184188,2074.4,05.1026,1.21074,06.1747
2026-05-27T10:48:37.204542,2075.4,05.1125,1.34760,06.8862
2026-05-27T10:48:38.181174,2076.4,05.0994,1.36185,06.9318
2026-05-27T10:48:39.200592,2077.4,05.0984,1.17387,05.9749
2026-05-27T10:48:40.176020,2078.4,05.0987,1.17021,05.9563
2026-05-27T10:48:41.196255,2079.4,05.1142,1.17473,06.0028
2026-05-27T10:48:42.217719,2080.4,05.1111,0.95573,04.8837
2026-05-27T10:48:43.191888,2081.4,05.1009,1.14727,05.8510
2026-05-27T10:48:44.212314,2082.4,05.1095,0.77343,03.9444
2026-05-27T10:48:45.185651,2083.4,05.1078,1.23139,06.2800
2026-05-27T10:48:46.209188,2084.4,05.1055,1.03791,05.2933
2026-05-27T10:48:47.184247,2085.4,05.1169,1.07916,05.5145
2026-05-27T10:48:48.205030,2086.4,05.1089,1.18319,06.0342
2026-05-27T10:48:49.178589,2087.4,05.1114,1.33969,06.8458
2026-05-27T10:48:50.197513,2088.4,05.1076,1.59033,08.1106
2026-05-27T10:48:51.219790,2089.4,05.1212,1.36950,07.0118
2026-05-27T10:48:52.195442,2090.4,05.0894,1.55405,07.8945
2026-05-27T10:48:53.216237,2091.4,05.1136,1.15365,05.8951
2026-05-27T10:48:54.191595,2092.4,05.0997,1.22634,06.2420
2026-05-27T10:48:55.214322,2093.4,05.1028,1.28959,06.5769
2026-05-27T10:48:56.186908,2094.4,05.1142,1.07530,05.4947
2026-05-27T10:48:57.205319,2095.4,05.1086,0.77397,03.9472
2026-05-27T10:48:58.180602,2096.4,05.1078,1.08871,05.5524
2026-05-27T10:48:59.203250,2097.4,05.1083,1.12124,05.7183
2026-05-27T10:49:00.178483,2098.4,05.1072,1.12927,05.7592
2026-05-27T10:49:01.196943,2099.4,05.1089,1.21421,06.1924
2026-05-27T10:49:02.214735,2100.4,05.1169,1.24990,06.3869
2026-05-27T10:49:03.192218,2101.4,05.0964,1.25043,06.3646
2026-05-27T10:49:04.213165,2102.4,05.1080,1.16139,05.9230
2026-05-27T10:49:05.187899,2103.4,05.1016,1.34676,06.8684
2026-05-27T10:49:06.207227,2104.4,05.1066,1.07381,05.4764
2026-05-27T10:49:07.182831,2105.4,05.1123,1.13929,05.8217
2026-05-27T10:49:08.202847,2106.4,05.1062,1.11193,05.6708
2026-05-27T10:49:09.178568,2107.4,05.0995,1.07561,05.4748
2026-05-27T10:49:10.198100,2108.4,05.1064,0.77338,03.9442
2026-05-27T10:49:11.217805,2109.4,05.1100,1.08352,05.5367
2026-05-27T10:49:12.193622,2110.4,05.0992,1.11950,05.6982
2026-05-27T10:49:13.215107,2111.4,05.1001,1.14074,05.8177
2026-05-27T10:49:14.191280,2112.4,05.1114,1.22171,06.2429
2026-05-27T10:49:15.211208,2113.4,05.1068,1.34650,06.8671
2026-05-27T10:49:16.186011,2114.4,05.0986,1.23448,06.2835
2026-05-27T10:49:17.207591,2115.4,05.1086,1.22420,06.2434
2026-05-27T10:49:18.182869,2116.4,05.1045,1.38147,07.0454
2026-05-27T10:49:19.206037,2117.4,05.0951,1.39160,07.0832
2026-05-27T10:49:20.184605,2118.4,05.1098,1.12350,05.7298
2026-05-27T10:49:21.208339,2119.4,05.1022,1.14951,05.8625
2026-05-27T10:49:22.185734,2120.4,05.0994,1.08778,05.5368
2026-05-27T10:49:23.204558,2121.4,05.1079,0.77312,03.9429
2026-05-27T10:49:24.181448,2122.4,05.1161,1.17042,05.9808
2026-05-27T10:49:25.203689,2123.4,05.1130,1.15215,05.8874
2026-05-27T10:49:26.227507,2124.4,05.1058,1.19594,06.0992
2026-05-27T10:49:27.204080,2125.4,05.1005,1.35640,06.9176
2026-05-27T10:49:28.227491,2126.4,05.1011,1.11131,05.6676
2026-05-27T10:49:29.202686,2127.4,05.0986,1.35418,06.8927
2026-05-27T10:49:30.224759,2128.4,05.0994,1.22863,06.2537
2026-05-27T10:49:31.202446,2129.5,05.1081,1.33325,06.7995
2026-05-27T10:49:32.225264,2130.5,05.1117,1.12530,05.7502
2026-05-27T10:49:33.201186,2131.5,05.1052,1.24633,06.3562
2026-05-27T10:49:34.220731,2132.5,05.1134,1.09554,05.5982
2026-05-27T10:49:35.197010,2133.5,05.1091,0.92713,04.7283
2026-05-27T10:49:36.217311,2134.5,05.1076,0.76608,03.9070
2026-05-27T10:49:37.193284,2135.5,05.1076,1.08365,05.5266
2026-05-27T10:49:38.214651,2136.5,05.1064,1.07479,05.4814
2026-05-27T10:49:39.190423,2137.5,05.1142,1.12950,05.7717
2026-05-27T10:49:40.211960,2138.5,05.1101,1.22411,06.2552
2026-05-27T10:49:41.186027,2139.5,05.1055,1.37559,07.0155
2026-05-27T10:49:42.205674,2140.5,05.1041,1.19200,06.0792
2026-05-27T10:49:43.224407,2141.5,05.0997,1.29386,06.5857
2026-05-27T10:49:44.196541,2142.5,05.1181,1.27347,06.5074
2026-05-27T10:49:45.216254,2143.5,05.1066,1.35069,06.8885
2026-05-27T10:49:46.193902,2144.5,05.1061,1.22114,06.2278
2026-05-27T10:49:47.213869,2145.5,05.1045,1.23654,06.3063
2026-05-27T10:49:48.189267,2146.5,05.1087,0.85678,04.3695
2026-05-27T10:49:49.207823,2147.5,05.1069,0.77165,03.9354
2026-05-27T10:49:50.227222,2148.5,05.1097,1.05752,05.3933
2026-05-27T10:49:51.201324,2149.5,05.1065,1.17854,06.0105
2026-05-27T10:49:52.222408,2150.5,05.1202,1.26453,06.4743
2026-05-27T10:49:53.197881,2151.5,05.1126,1.29085,06.5962
2026-05-27T10:49:54.223187,2152.5,05.0984,1.22694,06.2451
2026-05-27T10:49:55.196614,2153.5,05.1045,1.38687,07.0730
2026-05-27T10:49:56.218434,2154.5,05.1112,1.22904,06.2803
2026-05-27T10:49:57.194237,2155.5,05.1006,1.12342,05.7294
2026-05-27T10:49:58.212421,2156.5,05.1023,1.15060,05.8680
2026-05-27T10:49:59.235023,2157.5,05.1066,1.20615,06.1513
2026-05-27T10:50:00.208907,2158.5,05.1006,1.22402,06.2425
2026-05-27T10:50:01.230215,2159.5,05.1068,0.97957,04.9958
2026-05-27T10:50:02.203310,2160.5,05.1068,0.79212,04.0398
2026-05-27T10:50:03.223782,2161.5,05.1078,1.07297,05.4721
2026-05-27T10:50:04.197102,2162.5,05.1101,1.38661,07.0855
2026-05-27T10:50:05.216683,2163.5,05.1073,1.23101,06.2781
2026-05-27T10:50:06.192969,2164.5,05.1041,1.34908,06.8803
2026-05-27T10:50:07.212747,2165.5,05.1131,1.28761,06.5796
2026-05-27T10:50:08.233274,2166.5,05.1074,1.45903,07.4410
2026-05-27T10:50:09.207412,2167.5,05.1051,1.25555,06.4033
2026-05-27T10:50:10.229141,2168.5,05.1050,1.31618,06.7125
2026-05-27T10:50:11.206610,2169.5,05.0994,1.19086,06.0614
2026-05-27T10:50:12.227274,2170.5,05.1169,1.22707,06.2703
2026-05-27T10:50:13.200600,2171.5,05.1155,1.20845,06.1751
2026-05-27T10:50:14.221624,2172.5,05.1062,0.93591,04.7731
2026-05-27T10:50:15.193246,2173.5,05.1064,0.76497,03.9013
2026-05-27T10:50:16.212036,2174.5,05.1123,1.08903,05.5649
2026-05-27T10:50:17.230807,2175.5,05.1028,1.02964,05.2511
2026-05-27T10:50:18.204907,2176.5,05.1034,1.42080,07.2460
2026-05-27T10:50:19.225990,2177.5,05.1175,1.36269,06.9633
2026-05-27T10:50:20.201829,2178.5,05.1119,1.40454,07.1771
2026-05-27T10:50:21.225135,2179.5,05.1211,1.18090,06.0462
2026-05-27T10:50:22.201212,2180.5,05.1064,1.23425,06.2946
2026-05-27T10:50:23.220377,2181.5,05.1205,1.31213,06.7181
2026-05-27T10:50:24.239967,2182.5,05.1120,1.14615,05.8568
2026-05-27T10:50:25.211892,2183.5,05.1055,1.17762,06.0058
2026-05-27T10:50:26.234342,2184.5,05.1114,0.94181,04.8126
2026-05-27T10:50:27.208431,2185.5,05.1008,1.11013,05.6616
2026-05-27T10:50:28.226330,2186.5,05.1078,0.77121,03.9331
2026-05-27T10:50:29.197572,2187.5,05.1086,1.14600,05.8446
2026-05-27T10:50:30.218634,2188.5,05.1070,1.17682,06.0017
2026-05-27T10:50:31.238232,2189.5,05.1209,1.22349,06.2642
2026-05-27T10:50:32.209697,2190.5,05.1056,1.19679,06.1036
2026-05-27T10:50:33.233072,2191.5,05.1183,1.28459,06.5642
2026-05-27T10:50:34.209022,2192.5,05.1053,1.21623,06.2027
2026-05-27T10:50:35.230134,2193.5,05.1062,1.29702,06.6148
2026-05-27T10:50:36.205432,2194.5,05.1070,1.29268,06.5926
2026-05-27T10:50:37.227152,2195.5,05.1088,1.15436,05.8872
2026-05-27T10:50:38.201995,2196.5,05.1020,1.10395,05.6301
2026-05-27T10:50:39.225626,2197.5,05.1050,1.08359,05.5263
2026-05-27T10:50:40.202110,2198.5,05.1063,1.06967,05.4553
2026-05-27T10:50:41.224105,2199.5,05.1089,0.77272,03.9408
2026-05-27T10:50:42.199547,2200.5,05.1131,1.13133,05.7810
2026-05-27T10:50:43.220795,2201.5,05.1236,1.11253,05.6961
2026-05-27T10:50:44.241951,2202.5,05.1166,1.24011,06.3369
2026-05-27T10:50:45.216936,2203.5,05.1133,1.23577,06.3147
2026-05-27T10:50:46.237959,2204.5,05.1114,1.41504,07.2308
2026-05-27T10:50:47.213745,2205.5,05.0901,1.38557,07.0525
2026-05-27T10:50:48.233616,2206.5,05.0997,1.32987,06.7690
2026-05-27T10:50:49.210990,2207.5,05.0997,1.35206,06.8819
2026-05-27T10:50:50.233621,2208.5,05.1048,1.20889,06.1653
2026-05-27T10:50:51.207900,2209.5,05.1123,1.19648,06.1140
2026-05-27T10:50:52.229283,2210.5,05.0989,1.13172,05.7604
2026-05-27T10:50:53.204742,2211.5,05.1020,1.16064,05.9192
2026-05-27T10:50:54.221844,2212.5,05.1084,0.77558,03.9554
2026-05-27T10:50:55.242577,2213.5,05.1119,1.21806,06.2242
2026-05-27T10:50:56.218415,2214.5,05.1197,1.24547,06.3643
2026-05-27T10:50:57.240434,2215.5,05.1095,1.10489,05.6349
2026-05-27T10:50:58.215593,2216.5,05.1066,1.14990,05.8644
2026-05-27T10:50:59.236388,2217.5,05.1037,1.21127,06.1774
2026-05-27T10:51:00.212729,2218.5,05.0992,1.30596,06.6473
2026-05-27T10:51:01.234595,2219.5,05.1111,1.22676,06.2687
2026-05-27T10:51:02.209790,2220.5,05.1123,1.33328,06.8130
2026-05-27T10:51:03.229144,2221.5,05.1131,1.17731,06.0160
2026-05-27T10:51:04.203040,2222.5,05.1084,1.13501,05.7885
2026-05-27T10:51:05.222692,2223.5,05.1092,1.31507,06.7068
2026-05-27T10:51:06.243666,2224.5,05.1109,1.16862,05.9716
2026-05-27T10:51:07.217565,2225.5,05.1088,0.77546,03.9548
2026-05-27T10:51:08.240005,2226.5,05.1091,1.06155,05.4139
2026-05-27T10:51:09.219970,2227.5,05.1161,1.28318,06.5570
2026-05-27T10:51:10.243279,2228.5,05.1116,1.17946,06.0270
2026-05-27T10:51:11.219538,2229.5,05.1053,1.40924,07.1871
2026-05-27T10:51:12.240820,2230.5,05.1083,1.23417,06.2942
2026-05-27T10:51:13.219312,2231.5,05.1045,1.41435,07.2131
2026-05-27T10:51:14.241080,2232.5,05.1072,1.15620,05.8966
2026-05-27T10:51:15.216587,2233.5,05.1014,1.24995,06.3747
2026-05-27T10:51:16.238675,2234.5,05.1125,1.30184,06.6524
2026-05-27T10:51:17.213695,2235.5,05.1087,1.27229,06.4886
2026-05-27T10:51:18.235836,2236.5,05.1100,1.06252,05.4294
2026-05-27T10:51:19.209824,2237.5,05.1061,1.15525,05.8917
2026-05-27T10:51:20.228057,2238.5,05.1089,0.77333,03.9439
2026-05-27T10:51:21.246831,2239.5,05.1130,1.24991,06.3870
2026-05-27T10:51:22.221950,2240.5,05.1091,1.31175,06.6899
2026-05-27T10:51:23.242471,2241.5,05.1078,1.21642,06.2037
2026-05-27T10:51:24.216858,2242.5,05.1017,1.47482,07.5215
2026-05-27T10:51:25.235877,2243.5,05.1056,1.21219,06.1821
2026-05-27T10:51:26.211396,2244.5,05.0981,1.22471,06.2337
2026-05-27T10:51:27.231186,2245.5,05.1042,1.25553,06.4032
2026-05-27T10:51:28.254610,2246.5,05.1090,1.10622,05.6417
2026-05-27T10:51:29.228155,2247.5,05.1109,1.17728,06.0159
2026-05-27T10:51:30.249873,2248.5,05.1028,1.12510,05.7380
2026-05-27T10:51:31.221985,2249.5,05.1108,1.18766,06.0689
2026-05-27T10:51:32.241460,2250.5,05.1092,1.11563,05.6897
2026-05-27T10:51:33.213458,2251.5,05.1092,0.76997,03.9268
2026-05-27T10:51:34.234784,2252.5,05.0948,1.33051,06.7722
2026-05-27T10:51:35.210145,2253.5,05.0861,1.55696,07.9093
2026-05-27T10:51:36.230814,2254.5,05.1125,1.21887,06.2284
2026-05-27T10:51:37.251747,2255.5,05.1137,1.20303,06.1474
2026-05-27T10:51:38.226325,2256.5,05.0973,1.10907,05.6451
2026-05-27T10:51:39.249783,2257.5,05.1125,1.15253,05.8894
2026-05-27T10:51:40.227326,2258.5,05.1053,1.14854,05.8575
2026-05-27T10:51:41.250025,2259.5,05.1097,1.39144,07.0963
2026-05-27T10:51:42.227408,2260.5,05.1056,1.25232,06.3868
2026-05-27T10:51:43.249598,2261.5,05.1137,1.16488,05.9525
2026-05-27T10:51:44.226457,2262.5,05.1069,1.14010,05.8145
2026-05-27T10:51:45.251414,2263.5,05.1089,1.06323,05.4224
2026-05-27T10:51:46.224637,2264.5,05.1091,0.77502,03.9526
2026-05-27T10:51:47.247527,2265.5,05.1106,1.36416,06.9708
2026-05-27T10:51:48.222170,2266.5,05.1008,1.18308,06.0337
2026-05-27T10:51:49.247380,2267.5,05.0850,1.31152,06.6625
2026-05-27T10:51:50.224427,2268.5,05.1095,1.24162,06.3322
2026-05-27T10:51:51.247288,2269.5,05.1016,1.36299,06.9512
2026-05-27T10:51:52.221515,2270.5,05.1056,1.06203,05.4163
2026-05-27T10:51:53.246607,2271.5,05.1041,1.13850,05.8063
2026-05-27T10:51:54.222899,2272.5,05.1120,1.24742,06.3743
2026-05-27T10:51:55.244541,2273.5,05.1039,1.24374,06.3430
2026-05-27T10:51:56.222340,2274.5,05.1048,1.31649,06.7140
2026-05-27T10:51:57.245866,2275.5,05.1051,1.21599,06.2015
2026-05-27T10:51:58.221003,2276.5,05.1091,1.13255,05.7760
2026-05-27T10:51:59.239176,2277.5,05.1099,0.77331,03.9438
2026-05-27T10:52:00.257285,2278.5,05.1097,1.24103,06.3292
2026-05-27T10:52:01.231784,2279.5,05.1128,1.33666,06.8303
2026-05-27T10:52:02.252468,2280.5,05.1059,1.31543,06.7086
2026-05-27T10:52:03.231531,2281.5,05.0995,1.23762,06.2994
2026-05-27T10:52:04.251919,2282.5,05.1059,1.59034,08.1107
2026-05-27T10:52:05.225810,2283.5,05.1058,1.02445,05.2246
2026-05-27T10:52:06.249311,2284.5,05.1126,1.06379,05.4359
2026-05-27T10:52:07.226246,2285.5,05.1139,1.07708,05.5038
2026-05-27T10:52:08.251608,2286.5,05.1072,1.27598,06.5074
2026-05-27T10:52:09.229280,2287.5,05.1095,1.17530,05.9940
2026-05-27T10:52:10.251133,2288.5,05.1008,1.08710,05.5442
2026-05-27T10:52:11.227842,2289.5,05.1091,1.18223,06.0293
2026-05-27T10:52:12.247828,2290.5,05.1095,0.77467,03.9508
2026-05-27T10:52:13.222280,2291.5,05.1077,1.41101,07.1961
2026-05-27T10:52:14.243708,2292.5,05.1123,1.35596,06.9289
2026-05-27T10:52:15.221575,2293.5,05.1083,1.05529,05.3819
2026-05-27T10:52:16.245275,2294.5,05.1126,1.25609,06.4186
2026-05-27T10:52:17.222639,2295.5,05.0995,1.28831,06.5574
2026-05-27T10:52:18.246081,2296.5,05.1075,1.24562,06.3526
2026-05-27T10:52:19.220892,2297.5,05.1101,1.05647,05.3985
2026-05-27T10:52:20.242053,2298.5,05.1089,1.11432,05.6830
2026-05-27T10:52:21.262798,2299.5,05.1092,1.05669,05.3891
2026-05-27T10:52:22.237697,2300.5,05.1105,1.26628,06.4706
2026-05-27T10:52:23.256981,2301.5,05.1126,1.05833,05.4080
2026-05-27T10:52:24.230718,2302.5,05.1037,1.11704,05.6969
2026-05-27T10:52:25.248271,2303.5,05.1076,0.77580,03.9565
2026-05-27T10:52:26.222469,2304.5,05.1101,1.19696,06.1164
2026-05-27T10:52:27.241131,2305.5,05.1016,1.20686,06.1549
2026-05-27T10:52:28.259698,2306.5,05.1105,1.20398,06.1523
2026-05-27T10:52:29.234589,2307.5,05.1080,1.40225,07.1514
2026-05-27T10:52:30.256186,2308.5,05.0984,1.25040,06.3645
2026-05-27T10:52:31.231559,2309.5,05.1090,1.15591,05.8951
2026-05-27T10:52:32.252669,2310.5,05.1047,1.00989,05.1504
2026-05-27T10:52:33.226397,2311.5,05.1083,1.05762,05.3938
2026-05-27T10:52:34.247519,2312.5,05.1114,1.15257,05.8896
2026-05-27T10:52:35.224158,2313.5,05.1061,1.17793,06.0074
2026-05-27T10:52:36.245920,2314.5,05.1047,1.08034,05.5097
2026-05-27T10:52:37.266842,2315.5,05.1080,1.10027,05.6113
2026-05-27T10:52:38.240906,2316.5,05.1089,0.77080,03.9310
2026-05-27T10:52:39.257630,2317.5,05.0969,1.33475,06.7938
2026-05-27T10:52:40.234331,2318.5,05.1087,1.32934,06.7796
2026-05-27T10:52:41.256534,2319.5,05.1087,1.10995,05.6607
2026-05-27T10:52:42.232619,2320.5,05.0970,1.21807,06.1999
2026-05-27T10:52:43.255649,2321.5,05.1061,1.16799,05.9567
2026-05-27T10:52:44.230646,2322.5,05.1101,1.13009,05.7747
2026-05-27T10:52:45.252683,2323.5,05.1086,1.15453,05.8881
2026-05-27T10:52:46.231602,2324.5,05.1086,1.09413,05.5800
2026-05-27T10:52:47.252532,2325.5,05.1086,1.02388,05.2217
2026-05-27T10:52:48.230313,2326.5,05.1095,1.08508,05.5339
2026-05-27T10:52:49.251285,2327.5,05.1069,1.29579,06.6085
2026-05-27T10:52:50.225982,2328.5,05.1136,1.26837,06.4813
2026-05-27T10:52:51.247922,2329.5,05.1080,0.77585,03.9568
2026-05-27T10:52:52.269970,2330.5,05.1208,1.14443,05.8594
2026-05-27T10:52:53.248596,2331.5,05.1050,0.99445,05.0716
2026-05-27T10:52:54.271401,2332.5,05.1068,1.19020,06.0700
2026-05-27T10:52:55.247849,2333.5,05.1137,1.05243,05.3779
2026-05-27T10:52:56.269429,2334.5,05.1063,1.09186,05.5684
2026-05-27T10:52:57.243974,2335.5,05.1089,0.97927,04.9942
2026-05-27T10:52:58.263153,2336.5,05.1023,1.13907,05.8092
2026-05-27T10:52:59.238029,2337.5,05.1023,1.21934,06.2186
2026-05-27T10:53:00.265110,2338.5,05.1144,1.07847,05.5109
2026-05-27T10:53:01.239309,2339.5,05.1106,1.01018,05.1620
2026-05-27T10:53:02.259287,2340.5,05.1114,1.12037,05.7250
2026-05-27T10:53:03.232699,2341.5,05.1117,1.02274,05.2262
2026-05-27T10:53:04.254165,2342.5,05.1081,0.76988,03.9263
2026-05-27T10:53:05.273556,2343.5,05.1091,1.09214,05.5699
2026-05-27T10:53:06.249820,2344.5,05.1092,1.02668,05.2360
2026-05-27T10:53:07.269673,2345.5,05.1072,1.11704,05.6969
2026-05-27T10:53:08.245655,2346.5,05.1080,1.05670,05.3891
2026-05-27T10:53:09.268578,2347.5,05.1083,1.13602,05.7937
2026-05-27T10:53:10.244136,2348.5,05.1034,1.05253,05.3679
2026-05-27T10:53:11.265548,2349.5,05.0976,1.03003,05.2428
2026-05-27T10:53:12.242151,2350.5,05.1105,1.27456,06.5130
2026-05-27T10:53:13.264873,2351.5,05.1192,1.09667,05.6039
2026-05-27T10:53:14.243183,2352.5,05.1014,1.15898,05.9107
2026-05-27T10:53:15.264967,2353.5,05.1050,1.16176,05.9249
2026-05-27T10:53:16.239806,2354.5,05.1075,1.17016,05.9678
2026-05-27T10:53:17.264985,2355.5,05.1089,0.77705,03.9629
2026-05-27T10:53:18.238763,2356.5,05.1087,0.85147,04.3424
2026-05-27T10:53:19.260960,2357.5,05.1028,1.00773,05.1394
2026-05-27T10:53:20.237531,2358.5,05.1051,1.05719,05.3916
2026-05-27T10:53:21.261595,2359.5,05.1084,1.03535,05.2802
2026-05-27T10:53:22.240020,2360.5,05.0922,1.01188,05.1504
2026-05-27T10:53:23.261564,2361.5,05.1014,1.08634,05.5403
2026-05-27T10:53:24.238456,2362.5,05.1078,1.15973,05.9146
2026-05-27T10:53:25.259774,2363.5,05.1106,1.14665,05.8593
2026-05-27T10:53:26.236556,2364.5,05.1072,1.21985,06.2212
2026-05-27T10:53:27.262332,2365.5,05.1150,1.18650,06.0630
2026-05-27T10:53:28.239461,2366.5,05.1081,1.18557,06.0464
2026-05-27T10:53:29.262798,2367.5,05.1181,0.94909,04.8498
2026-05-27T10:53:30.238550,2368.5,05.1086,0.77357,03.9452
2026-05-27T10:53:31.257923,2369.5,05.1086,1.13631,05.7951
2026-05-27T10:53:32.279936,2370.5,05.1119,1.16763,05.9665
2026-05-27T10:53:33.255580,2371.5,05.1017,1.21855,06.2146
2026-05-27T10:53:34.276147,2372.5,05.1103,1.04761,05.3532
2026-05-27T10:53:35.253202,2373.5,05.0983,1.03998,05.2934
2026-05-27T10:53:36.273881,2374.5,05.1105,1.06896,05.4623
2026-05-27T10:53:37.249156,2375.5,05.1053,1.04057,05.3069
2026-05-27T10:53:38.273865,2376.5,05.1023,1.10855,05.6536
2026-05-27T10:53:39.250152,2377.5,05.1069,1.22049,06.2244
2026-05-27T10:53:40.277096,2378.5,05.1073,1.13561,05.7916
2026-05-27T10:53:41.253961,2379.5,05.1072,1.21478,06.1953
2026-05-27T10:53:42.277953,2380.5,05.1094,1.18482,06.0425
2026-05-27T10:53:43.256781,2381.5,05.1082,0.77707,03.9630
2026-05-27T10:53:44.276927,2382.5,05.1083,1.08457,05.5313
2026-05-27T10:53:45.254908,2383.5,05.1053,1.02004,05.2022
2026-05-27T10:53:46.275818,2384.5,05.1080,1.13487,05.7878
2026-05-27T10:53:47.254522,2385.5,05.1070,1.10347,05.6276
2026-05-27T10:53:48.278029,2386.5,05.1075,1.03511,05.2790
2026-05-27T10:53:49.255398,2387.5,05.1079,1.12558,05.7404
2026-05-27T10:53:50.278611,2388.5,05.1161,1.02254,05.2251
2026-05-27T10:53:51.253525,2389.5,05.1120,1.22602,06.2649
2026-05-27T10:53:52.276289,2390.5,05.1084,1.26042,06.4281
2026-05-27T10:53:53.251969,2391.5,05.1062,1.22278,06.2361
2026-05-27T10:53:54.276432,2392.5,05.0931,1.26430,06.4352
2026-05-27T10:53:55.253804,2393.5,05.1092,0.95955,04.8937
2026-05-27T10:53:56.275239,2394.5,05.1089,0.77352,03.9449
2026-05-27T10:53:57.250917,2395.5,05.1093,0.77253,03.9399
2026-05-27T10:53:58.271974,2396.5,05.1101,1.10115,05.6268
2026-05-27T10:53:59.249751,2397.5,05.1047,1.16919,05.9628
2026-05-27T10:54:00.274300,2398.5,05.1126,1.17248,05.9913
2026-05-27T10:54:01.252290,2399.5,05.0909,1.09668,05.5821
2026-05-27T10:54:02.277037,2400.5,05.1058,1.13735,05.8004
2026-05-27T10:54:03.252548,2401.5,05.1034,1.06620,05.4376
2026-05-27T10:54:04.277530,2402.5,05.1055,1.27118,06.4830
2026-05-27T10:54:05.254638,2403.5,05.1085,1.07792,05.4973
2026-05-27T10:54:06.277956,2404.5,05.0962,1.17904,06.0013
2026-05-27T10:54:07.256473,2405.5,05.1128,1.24874,06.3810
2026-05-27T10:54:08.279872,2406.5,05.1084,1.18598,06.0484
2026-05-27T10:54:09.258070,2407.5,05.1053,0.81938,04.1788
2026-05-27T10:54:10.280623,2408.5,05.1085,1.14430,05.8359
2026-05-27T10:54:11.258882,2409.5,05.1076,1.09947,05.6072
2026-05-27T10:54:12.281537,2410.5,05.1045,1.17910,06.0134
2026-05-27T10:54:13.259589,2411.5,05.1103,1.10831,05.6634
2026-05-27T10:54:14.282480,2412.5,05.1055,1.14508,05.8399
2026-05-27T10:54:15.258444,2413.5,05.1062,1.15917,05.9117
2026-05-27T10:54:16.280855,2414.5,05.1073,1.04277,05.3181
2026-05-27T10:54:17.258124,2415.5,05.0991,1.25531,06.3895
2026-05-27T10:54:18.279928,2416.5,05.1097,1.24593,06.3542
2026-05-27T10:54:19.256197,2417.5,05.1122,1.26084,06.4428
2026-05-27T10:54:20.277697,2418.5,05.1161,1.14332,05.8423
2026-05-27T10:54:21.252742,2419.5,05.0998,1.25004,06.3627
2026-05-27T10:54:22.274040,2420.5,05.1109,0.76903,03.9297
2026-05-27T10:54:23.291624,2421.5,05.1081,1.03955,05.3017
2026-05-27T10:54:24.266193,2422.5,05.1131,1.07937,05.5155
2026-05-27T10:54:25.286009,2423.5,05.1019,1.30512,06.6561
2026-05-27T10:54:26.261576,2424.5,05.1109,0.98132,05.0145
2026-05-27T10:54:27.283322,2425.5,05.1133,1.04701,05.3502
2026-05-27T10:54:28.259591,2426.5,05.1097,1.20150,06.1276
2026-05-27T10:54:29.281668,2427.5,05.1083,1.07413,05.4780
2026-05-27T10:54:30.259127,2428.5,05.1025,1.31453,06.7041
2026-05-27T10:54:31.284446,2429.5,05.0948,1.23040,06.2627
2026-05-27T10:54:32.261469,2430.5,05.1095,1.24115,06.3298
2026-05-27T10:54:33.286000,2431.5,05.1147,1.17572,06.0079
2026-05-27T10:54:34.264066,2432.5,05.1073,1.17423,05.9885
2026-05-27T10:54:35.287514,2433.5,05.1091,0.77216,03.9380
2026-05-27T10:54:36.263316,2434.5,05.1082,0.77213,03.9378
2026-05-27T10:54:37.286566,2435.5,05.1059,1.02411,05.2229
2026-05-27T10:54:38.263108,2436.5,05.1033,1.19059,06.0720
2026-05-27T10:54:39.288600,2437.5,05.1036,1.24663,06.3578
2026-05-27T10:54:40.262881,2438.5,05.1120,1.10872,05.6655
2026-05-27T10:54:41.287400,2439.5,05.1086,1.18214,06.0289
2026-05-27T10:54:42.262707,2440.5,05.1119,1.07444,05.4903
2026-05-27T10:54:43.287607,2441.5,05.1031,1.12794,05.7524
2026-05-27T10:54:44.263913,2442.5,05.1000,1.25376,06.3941
2026-05-27T10:54:45.284555,2443.5,05.1119,1.21748,06.2213
2026-05-27T10:54:46.261558,2444.5,05.1098,1.43938,07.3408
2026-05-27T10:54:47.281584,2445.5,05.1158,0.96892,04.9511
2026-05-27T10:54:48.257076,2446.5,05.1117,0.77682,03.9695
2026-05-27T10:54:49.276031,2447.5,05.1104,0.93403,04.7728
2026-05-27T10:54:50.252342,2448.5,05.1086,1.04960,05.3529
2026-05-27T10:54:51.273975,2449.5,05.1103,1.19885,06.1261
2026-05-27T10:54:52.293233,2450.5,05.1106,1.19905,06.1271
2026-05-27T10:54:53.266720,2451.5,05.1055,1.14611,05.8451
2026-05-27T10:54:54.285446,2452.5,05.1102,1.13171,05.7830
2026-05-27T10:54:55.260990,2453.5,05.0928,1.14345,05.8201
2026-05-27T10:54:56.282933,2454.5,05.1075,1.10444,05.6326
2026-05-27T10:54:57.258733,2455.5,05.1017,1.18626,06.0499
2026-05-27T10:54:58.279241,2456.5,05.1120,1.09755,05.6084
2026-05-27T10:54:59.253882,2457.5,05.0948,1.12669,05.7348
2026-05-27T10:55:00.276055,2458.5,05.1023,1.11432,05.6830
2026-05-27T10:55:01.298001,2459.5,05.1091,0.77174,03.9358
2026-05-27T10:55:02.273786,2460.5,05.1082,0.87024,04.4382
2026-05-27T10:55:03.299219,2461.5,05.1005,1.05066,05.3583
2026-05-27T10:55:04.274949,2462.5,05.1059,1.23749,06.3111
2026-05-27T10:55:05.295144,2463.5,05.1051,1.23908,06.3193
2026-05-27T10:55:06.269570,2464.5,05.1087,1.18969,06.0674
2026-05-27T10:55:07.290486,2465.5,05.1072,1.14920,05.8609
2026-05-27T10:55:08.266981,2466.5,05.0984,1.12021,05.7018
2026-05-27T10:55:09.288908,2467.5,05.0983,1.04573,05.3227
2026-05-27T10:55:10.262680,2468.5,05.0906,1.31056,06.6707
2026-05-27T10:55:11.284207,2469.5,05.1033,1.22751,06.2603
2026-05-27T10:55:12.258722,2470.5,05.1128,1.40968,07.2034
2026-05-27T10:55:13.278496,2471.5,05.1033,1.17433,05.9890
2026-05-27T10:55:14.298771,2472.5,05.1105,0.77288,03.9494
2026-05-27T10:55:15.271784,2473.5,05.1083,0.81871,04.1754
2026-05-27T10:55:16.294856,2474.5,05.1100,1.03369,05.2821
2026-05-27T10:55:17.266778,2475.5,05.1067,1.17899,06.0128
2026-05-27T10:55:18.286618,2476.5,05.1086,1.16832,05.9584
2026-05-27T10:55:19.260172,2477.5,05.1156,1.14378,05.8447
2026-05-27T10:55:20.279008,2478.5,05.1119,1.11886,05.7173
2026-05-27T10:55:21.299894,2479.5,05.1044,1.19775,06.1085
2026-05-27T10:55:22.276528,2480.5,05.1155,1.15936,05.9243
2026-05-27T10:55:23.294510,2481.5,05.1198,1.25422,06.4090
2026-05-27T10:55:24.269269,2482.5,05.1070,1.14783,05.8539
2026-05-27T10:55:25.290509,2483.5,05.1076,1.28009,06.5284
2026-05-27T10:55:26.264833,2484.5,05.0991,1.20837,06.1506
2026-05-27T10:55:27.285021,2485.5,05.1068,0.77298,03.9421
2026-05-27T10:55:28.306255,2486.5,05.1071,0.80477,04.1043
2026-05-27T10:55:29.282164,2487.5,05.1030,1.01105,05.1563
2026-05-27T10:55:30.303937,2488.5,05.1066,1.22639,06.2545
2026-05-27T10:55:31.275799,2489.5,05.1116,1.12813,05.7647
2026-05-27T10:55:32.298163,2490.5,05.1159,1.15931,05.9240
2026-05-27T10:55:33.272072,2491.5,05.1131,1.15110,05.8821
2026-05-27T10:55:34.294478,2492.5,05.1026,1.14246,05.8265
2026-05-27T10:55:35.269800,2493.5,05.1111,1.12269,05.7369
2026-05-27T10:55:36.290390,2494.5,05.1153,1.17864,06.0228
2026-05-27T10:55:37.264021,2495.5,05.1101,1.17354,05.9967
2026-05-27T10:55:38.285761,2496.5,05.1116,1.14979,05.8754
2026-05-27T10:55:39.304470,2497.5,05.1031,1.19939,06.1168
2026-05-27T10:55:40.277767,2498.5,05.1065,0.78652,04.0112
2026-05-27T10:55:41.294601,2499.5,05.1068,0.76925,03.9231
2026-05-27T10:55:42.269037,2500.5,05.1116,1.10477,05.6453
2026-05-27T10:55:43.290534,2501.5,05.1033,1.15318,05.8812
2026-05-27T10:55:44.264030,2502.5,05.1112,1.04515,05.3407
2026-05-27T10:55:45.284710,2503.5,05.1017,1.15276,05.8790
2026-05-27T10:55:46.303834,2504.5,05.1069,1.20493,06.1451
2026-05-27T10:55:47.279093,2505.5,05.1091,1.24640,06.3566
2026-05-27T10:55:48.298976,2506.5,05.1158,1.10195,05.6309
2026-05-27T10:55:49.275861,2507.5,05.0973,1.31272,06.6817
2026-05-27T10:55:50.296309,2508.5,05.1120,1.21721,06.2199
2026-05-27T10:55:51.271100,2509.5,05.0878,1.36140,06.9159
2026-05-27T10:55:52.291560,2510.5,05.1079,1.16809,05.9572
2026-05-27T10:55:53.267677,2511.5,05.1094,0.78950,04.0264
2026-05-27T10:55:54.286494,2512.5,05.1081,0.77207,03.9375
2026-05-27T10:55:55.306037,2513.5,05.1073,1.13604,05.7938
2026-05-27T10:55:56.280309,2514.5,05.1091,1.28861,06.5719
2026-05-27T10:55:57.302152,2515.5,05.1001,1.14054,05.8167
2026-05-27T10:55:58.278705,2516.5,05.1159,1.18000,06.0298
2026-05-27T10:55:59.298303,2517.5,05.0939,1.12704,05.7366
2026-05-27T10:56:00.271919,2518.5,05.1119,1.23478,06.3097
2026-05-27T10:56:01.291650,2519.5,05.1020,1.40418,07.1613
2026-05-27T10:56:02.309566,2520.5,05.1108,1.16684,05.9625
2026-05-27T10:56:03.285603,2521.5,05.1080,1.13619,05.7945
2026-05-27T10:56:04.305139,2522.5,05.1001,1.27929,06.5243
2026-05-27T10:56:05.277404,2523.5,05.0984,1.01214,05.1517
2026-05-27T10:56:06.294438,2524.5,05.1111,0.95930,04.9020
2026-05-27T10:56:07.309273,2525.5,05.1086,0.77058,03.9299
2026-05-27T10:56:08.279541,2526.5,05.1073,1.02292,05.2168
2026-05-27T10:56:09.299123,2527.5,05.1011,1.14198,05.8240
2026-05-27T10:56:10.273088,2528.5,05.1076,1.12490,05.7369
2026-05-27T10:56:11.293739,2529.5,05.0956,1.21685,06.1937
2026-05-27T10:56:12.312459,2530.5,05.1062,1.17850,06.0103
2026-05-27T10:56:13.284595,2531.5,05.1076,1.28663,06.5618
2026-05-27T10:56:14.302009,2532.5,05.1123,1.19033,06.0825
2026-05-27T10:56:15.275731,2533.5,05.1153,1.37899,07.0466
2026-05-27T10:56:16.296047,2534.5,05.0875,1.47684,07.5023
2026-05-27T10:56:17.317173,2535.5,05.0983,1.09894,05.5936
2026-05-27T10:56:18.289643,2536.5,05.1062,1.15687,05.9000
2026-05-27T10:56:19.308028,2537.5,05.1081,0.79480,04.0534
2026-05-27T10:56:20.282016,2538.5,05.1082,0.77247,03.9395
2026-05-27T10:56:21.303792,2539.5,05.1058,1.04819,05.3457
2026-05-27T10:56:22.276040,2540.5,05.1058,1.30621,06.6616
2026-05-27T10:56:23.297439,2541.5,05.1058,1.21078,06.1749
2026-05-27T10:56:24.317620,2542.5,05.1023,1.10437,05.6322
2026-05-27T10:56:25.291736,2543.5,05.1014,1.15099,05.8700
2026-05-27T10:56:26.311892,2544.5,05.1064,1.08895,05.5536
2026-05-27T10:56:27.286614,2545.5,05.1158,1.19607,06.1119
2026-05-27T10:56:28.308473,2546.5,05.1131,1.24961,06.3855
2026-05-27T10:56:29.282594,2547.5,05.1173,1.21133,06.1898
2026-05-27T10:56:30.303764,2548.5,05.1036,1.25268,06.3886
2026-05-27T10:56:31.279859,2549.5,05.1074,1.05906,05.4012
2026-05-27T10:56:32.301686,2550.5,05.1134,0.77428,03.9565
2026-05-27T10:56:33.274897,2551.5,05.1076,0.77209,03.9376
2026-05-27T10:56:34.292591,2552.5,05.1111,1.18866,06.0740
2026-05-27T10:56:35.311795,2553.5,05.1083,1.22855,06.2656
2026-05-27T10:56:36.287006,2554.5,05.1037,1.16751,05.9543
2026-05-27T10:56:37.307190,2555.5,05.1033,1.11286,05.6755
2026-05-27T10:56:38.280749,2556.5,05.1009,1.24186,06.3334
2026-05-27T10:56:39.299382,2557.5,05.0919,1.15329,05.8702
2026-05-27T10:56:40.318928,2558.5,05.1072,1.23947,06.3212
2026-05-27T10:56:41.294183,2559.5,05.1076,1.16047,05.9183
2026-05-27T10:56:42.313746,2560.5,05.1147,1.37549,07.0287
2026-05-27T10:56:43.291861,2561.5,05.1014,1.29073,06.5827
2026-05-27T10:56:44.310713,2562.5,05.1037,1.21395,06.1911
2026-05-27T10:56:45.286415,2563.5,05.1084,0.79100,04.0341
2026-05-27T10:56:46.306428,2564.5,05.1084,0.76957,03.9248
2026-05-27T10:56:47.280533,2565.5,05.1030,1.07134,05.4638
2026-05-27T10:56:48.301360,2566.5,05.1061,1.10203,05.6203
2026-05-27T10:56:49.323393,2567.5,05.1067,1.25397,06.3952
2026-05-27T10:56:50.299062,2568.5,05.1108,1.07711,05.5040
2026-05-27T10:56:51.319494,2569.5,05.1072,1.12168,05.7205
2026-05-27T10:56:52.293819,2570.5,05.0989,1.24075,06.3154
2026-05-27T10:56:53.312878,2571.5,05.1036,1.37354,07.0050
2026-05-27T10:56:54.286927,2572.5,05.0923,1.15314,05.8694
2026-05-27T10:56:55.306674,2573.5,05.1025,1.15404,05.8856
2026-05-27T10:56:56.280502,2574.5,05.1051,1.22702,06.2578
2026-05-27T10:56:57.302871,2575.5,05.1026,1.04441,05.3264
2026-05-27T10:56:58.322380,2576.5,05.1070,0.87197,04.4470
2026-05-27T10:56:59.294536,2577.5,05.1055,0.77383,03.9465
2026-05-27T10:57:00.313108,2578.5,05.1092,1.05177,05.3640
2026-05-27T10:57:01.288319,2579.5,05.1126,1.07471,05.4917
2026-05-27T10:57:02.305792,2580.5,05.1133,1.37613,07.0320
2026-05-27T10:57:03.324978,2581.5,05.0987,1.36003,06.9225
2026-05-27T10:57:04.298960,2582.5,05.1109,1.23448,06.3081
2026-05-27T10:57:05.317871,2583.5,05.1051,1.44837,07.3866
2026-05-27T10:57:06.291481,2584.5,05.1060,1.22802,06.2629
2026-05-27T10:57:07.311804,2585.5,05.1151,1.35514,06.9247
2026-05-27T10:57:08.285504,2586.5,05.1081,1.33436,06.8052
2026-05-27T10:57:09.303505,2587.6,05.0995,1.28868,06.5593
2026-05-27T10:57:10.323061,2588.6,05.1069,1.16978,05.9658
2026-05-27T10:57:11.295997,2589.6,05.1112,1.00192,05.1198
2026-05-27T10:57:12.312289,2590.6,05.1071,0.77446,03.9497
2026-05-27T10:57:13.287743,2591.6,05.1042,1.14120,05.8201
2026-05-27T10:57:14.306683,2592.6,05.1105,1.11214,05.6830
2026-05-27T10:57:15.323725,2593.6,05.1116,1.17704,06.0146
2026-05-27T10:57:16.294425,2594.6,05.0998,1.30578,06.6464
2026-05-27T10:57:17.312961,2595.6,05.1062,1.30534,06.6572
2026-05-27T10:57:18.289006,2596.6,05.1180,1.13592,05.8045
2026-05-27T10:57:19.306489,2597.6,05.0916,1.18240,06.0184
2026-05-27T10:57:20.326447,2598.6,05.0825,1.25917,06.3965
2026-05-27T10:57:21.298846,2599.6,05.0989,1.21017,06.1597
2026-05-27T10:57:22.317313,2600.6,05.1094,1.10976,05.6597
2026-05-27T10:57:23.289473,2601.6,05.1076,1.00685,05.1349
2026-05-27T10:57:24.311248,2602.6,05.1080,1.10883,05.6550
2026-05-27T10:57:25.330229,2603.6,05.1067,0.77205,03.9374
2026-05-27T10:57:26.301741,2604.6,05.1120,1.05705,05.4015
2026-05-27T10:57:27.323596,2605.6,05.1109,1.23643,06.3181
2026-05-27T10:57:28.296625,2606.6,05.1192,1.03801,05.3042
2026-05-27T10:57:29.317438,2607.6,05.0825,1.28304,06.5178
2026-05-27T10:57:30.292601,2608.6,05.1117,1.13831,05.8167
2026-05-27T10:57:31.313735,2609.6,05.1137,1.13437,05.7966
2026-05-27T10:57:32.288917,2610.6,05.0891,1.49452,07.5921
2026-05-27T10:57:33.310247,2611.6,05.0991,1.35527,06.8983
2026-05-27T10:57:34.332029,2612.6,05.0987,1.24663,06.3453
2026-05-27T10:57:35.305326,2613.6,05.1026,1.33087,06.7874
2026-05-27T10:57:36.325380,2614.6,05.1067,1.22314,06.2380
2026-05-27T10:57:37.297698,2615.6,05.1095,1.12066,05.7153
2026-05-27T10:57:38.316154,2616.6,05.1088,0.77261,03.9403
2026-05-27T10:57:39.290717,2617.6,05.1089,1.22057,06.2249
2026-05-27T10:57:40.312496,2618.6,05.0942,1.10542,05.6265
2026-05-27T10:57:41.333664,2619.6,05.1036,1.11783,05.7009
2026-05-27T10:57:42.306567,2620.6,05.1089,1.15647,05.8979
2026-05-27T10:57:43.326865,2621.6,05.1073,1.18321,06.0343
2026-05-27T10:57:44.302754,2622.6,05.1022,1.10443,05.6325
2026-05-27T10:57:45.324810,2623.6,05.0986,1.27728,06.5013
2026-05-27T10:57:46.296255,2624.6,05.1080,1.18126,06.0244
2026-05-27T10:57:47.316498,2625.6,05.1105,1.39779,07.1427
2026-05-27T10:57:48.336231,2626.6,05.1039,1.23447,06.2957
2026-05-27T10:57:49.309826,2627.6,05.1067,1.13423,05.7845
2026-05-27T10:57:50.329637,2628.6,05.1056,0.92951,04.7405
2026-05-27T10:57:51.303895,2629.6,05.1070,0.77136,03.9339
2026-05-27T10:57:52.325451,2630.6,05.1136,1.15736,05.9141
2026-05-27T10:57:53.301195,2631.6,05.1128,1.23041,06.2873
2026-05-27T10:57:54.321070,2632.6,05.0955,1.14300,05.8178
2026-05-27T10:57:55.296733,2633.6,05.1116,1.14229,05.8371
2026-05-27T10:57:56.315335,2634.6,05.1003,1.27543,06.5046
2026-05-27T10:57:57.334331,2635.6,05.1134,1.14149,05.8330
2026-05-27T10:57:58.307892,2636.6,05.1088,1.20676,06.1544
2026-05-27T10:57:59.330954,2637.6,05.1048,1.21356,06.1891
2026-05-27T10:58:00.304817,2638.6,05.0937,1.44102,07.3347
2026-05-27T10:58:01.327173,2639.6,05.1108,1.15574,05.9058
2026-05-27T10:58:02.303016,2640.6,05.1079,1.13582,05.7926
2026-05-27T10:58:03.320523,2641.6,05.1112,0.85073,04.3472
2026-05-27T10:58:04.337533,2642.6,05.1087,0.77163,03.9353
2026-05-27T10:58:05.312953,2643.6,05.1076,1.12027,05.7133
2026-05-27T10:58:06.334112,2644.6,05.1075,1.31101,06.6861
2026-05-27T10:58:07.307178,2645.6,05.1014,1.25703,06.4108
2026-05-27T10:58:08.323730,2646.6,05.1120,1.24989,06.3869
2026-05-27T10:58:09.341602,2647.6,05.1061,1.23485,06.2977
2026-05-27T10:58:10.311872,2648.6,05.1059,1.48825,07.5900
2026-05-27T10:58:11.331563,2649.6,05.1084,1.32906,06.7782
2026-05-27T10:58:12.303592,2650.6,05.0986,1.24549,06.3395
2026-05-27T10:58:13.322752,2651.6,05.1147,1.32641,06.7779
2026-05-27T10:58:14.342144,2652.6,05.1062,1.33753,06.8214
2026-05-27T10:58:15.314983,2653.6,05.1139,1.17637,06.0112
2026-05-27T10:58:16.333200,2654.6,05.1082,1.10727,05.6470
2026-05-27T10:58:17.304619,2655.6,05.1105,0.77024,03.9359
2026-05-27T10:58:18.321965,2656.6,05.1139,1.14567,05.8543
2026-05-27T10:58:19.342512,2657.6,05.1017,1.31027,06.6823
2026-05-27T10:58:20.313033,2658.6,05.1120,1.46591,07.4908
2026-05-27T10:58:21.332137,2659.6,05.1155,1.35658,06.9321
2026-05-27T10:58:22.304749,2660.6,05.1106,1.38764,07.0908
2026-05-27T10:58:23.325502,2661.6,05.1126,1.45500,07.4350
2026-05-27T10:58:24.342329,2662.6,05.1126,1.30539,06.6705
2026-05-27T10:58:25.313864,2663.6,05.1045,1.26894,06.4715
2026-05-27T10:58:26.334500,2664.6,05.1128,1.03350,05.2811
2026-05-27T10:58:27.308916,2665.6,05.1092,1.11940,05.7089
2026-05-27T10:58:28.329915,2666.6,05.1039,1.11840,05.7038
2026-05-27T10:58:29.303749,2667.6,05.1070,1.08990,05.5584
2026-05-27T10:58:30.324421,2668.6,05.1090,0.77338,03.9442
2026-05-27T10:58:31.344547,2669.6,05.1112,1.12069,05.7267
2026-05-27T10:58:32.321643,2670.6,05.0942,1.17459,05.9786
2026-05-27T10:58:33.344198,2671.6,05.1006,1.21786,06.2110
2026-05-27T10:58:34.318714,2672.6,05.1071,1.31729,06.7181
2026-05-27T10:58:35.342605,2673.6,05.1020,1.33724,06.8199
2026-05-27T10:58:36.318119,2674.6,05.1073,1.25095,06.3798
2026-05-27T10:58:37.340737,2675.6,05.1134,1.15095,05.8813
2026-05-27T10:58:38.317202,2676.6,05.1047,1.30688,06.6650
2026-05-27T10:58:39.340527,2677.6,05.1058,1.17640,05.9996
2026-05-27T10:58:40.318564,2678.6,05.1055,1.10638,05.6425
2026-05-27T10:58:41.342397,2679.6,05.1075,1.14372,05.8329
2026-05-27T10:58:42.318148,2680.6,05.1042,1.27378,06.4962
2026-05-27T10:58:43.339231,2681.6,05.1095,0.77243,03.9393
2026-05-27T10:58:44.315627,2682.6,05.1011,1.04546,05.3318
2026-05-27T10:58:45.337385,2683.6,05.0956,1.22852,06.2531
2026-05-27T10:58:46.315004,2684.6,05.1009,1.46654,07.4793
2026-05-27T10:58:47.338208,2685.6,05.1056,1.17642,05.9997
2026-05-27T10:58:48.313899,2686.6,05.0997,1.26748,06.4514
2026-05-27T10:58:49.338159,2687.6,05.1162,1.28638,06.5734
2026-05-27T10:58:50.314561,2688.6,05.1051,1.10350,05.6278
2026-05-27T10:58:51.337682,2689.6,05.1020,1.28688,06.5630
2026-05-27T10:58:52.311500,2690.6,05.1112,0.96200,04.9158
2026-05-27T10:58:53.332881,2691.6,05.1091,1.08892,05.5534
2026-05-27T10:58:54.308658,2692.6,05.1017,1.18582,06.0476
2026-05-27T10:58:55.329600,2693.6,05.1051,1.26366,06.4446
2026-05-27T10:58:56.347339,2694.6,05.1089,0.77265,03.9405
2026-05-27T10:58:57.319603,2695.6,05.1137,1.04383,05.3339
2026-05-27T10:58:58.337714,2696.6,05.1175,1.39635,07.1353
2026-05-27T10:58:59.308929,2697.6,05.1067,1.18666,06.0519
2026-05-27T10:59:00.329702,2698.6,05.1130,1.20803,06.1730
2026-05-27T10:59:01.349512,2699.6,05.1080,1.08650,05.5411
2026-05-27T10:59:02.322175,2700.6,05.1031,1.28653,06.5613
2026-05-27T10:59:03.340111,2701.6,05.1012,1.12494,05.7371
2026-05-27T10:59:04.310776,2702.6,05.1086,1.18106,06.0234
2026-05-27T10:59:05.334225,2703.6,05.1047,1.19944,06.1171
2026-05-27T10:59:06.354455,2704.6,05.1069,1.15963,05.9141
2026-05-27T10:59:07.325322,2705.6,05.1097,1.23122,06.2792
2026-05-27T10:59:08.345469,2706.6,05.1064,0.94987,04.8443
2026-05-27T10:59:09.320908,2707.6,05.1076,0.77244,03.9394
2026-05-27T10:59:10.341295,2708.6,05.1137,1.14370,05.8443
2026-05-27T10:59:11.316202,2709.6,05.0980,1.53346,07.8053
2026-05-27T10:59:12.338754,2710.6,05.1220,1.23529,06.3246
2026-05-27T10:59:13.311953,2711.6,05.1033,1.22963,06.2711
2026-05-27T10:59:14.333791,2712.6,05.1109,1.19003,06.0810
2026-05-27T10:59:15.354083,2713.6,05.1101,1.21530,06.2101
2026-05-27T10:59:16.327709,2714.6,05.1128,1.01582,05.1908
2026-05-27T10:59:17.351300,2715.6,05.1083,1.15824,05.9070
2026-05-27T10:59:18.326966,2716.6,05.1086,1.22077,06.2259
2026-05-27T10:59:19.353242,2717.6,05.1042,1.10826,05.6521
2026-05-27T10:59:20.330082,2718.6,05.1145,1.15112,05.8822
2026-05-27T10:59:21.352688,2719.6,05.1095,1.14040,05.8160
2026-05-27T10:59:22.326259,2720.6,05.1090,0.77321,03.9433
2026-05-27T10:59:23.346531,2721.6,05.1183,1.21116,06.1890
2026-05-27T10:59:24.323411,2722.6,05.1073,1.08727,05.5450
2026-05-27T10:59:25.343811,2723.6,05.1083,1.24395,06.3441
2026-05-27T10:59:26.321185,2724.6,05.1101,1.26720,06.4753
2026-05-27T10:59:27.340961,2725.6,05.1083,1.12030,05.7135
2026-05-27T10:59:28.314976,2726.6,05.1045,1.11700,05.6967
2026-05-27T10:59:29.334115,2727.6,05.1106,1.09179,05.5790
2026-05-27T10:59:30.354458,2728.6,05.1108,1.13163,05.7826
2026-05-27T10:59:31.329454,2729.6,05.1055,1.16454,05.9391
2026-05-27T10:59:32.354140,2730.6,05.1082,1.24252,06.3368
2026-05-27T10:59:33.330305,2731.6,05.1025,1.23585,06.3028
2026-05-27T10:59:34.350428,2732.6,05.1081,1.15212,05.8758
2026-05-27T10:59:35.324922,2733.6,05.1072,0.77413,03.9480
2026-05-27T10:59:36.345749,2734.6,05.1030,1.03095,05.2578
2026-05-27T10:59:37.320672,2735.6,05.1081,1.29180,06.5881
2026-05-27T10:59:38.340994,2736.6,05.1114,1.38398,07.0721
2026-05-27T10:59:39.317675,2737.6,05.1091,1.23497,06.2983
2026-05-27T10:59:40.340386,2738.6,05.0845,1.39443,07.0837
2026-05-27T10:59:41.318929,2739.6,05.1026,1.03537,05.2803
2026-05-27T10:59:42.344799,2740.6,05.1103,1.08185,05.5282
2026-05-27T10:59:43.319963,2741.6,05.1028,1.08952,05.5565
2026-05-27T10:59:44.343702,2742.6,05.1101,1.08991,05.5694
2026-05-27T10:59:45.320752,2743.6,05.1082,1.16163,05.9243
2026-05-27T10:59:46.344544,2744.6,05.1066,1.20789,06.1602
2026-05-27T10:59:47.320061,2745.6,05.1028,1.22983,06.2721
2026-05-27T10:59:48.343251,2746.6,05.1106,0.77475,03.9589
2026-05-27T10:59:49.362879,2747.6,05.1087,1.17411,05.9879
2026-05-27T10:59:50.339401,2748.6,05.1084,1.58714,08.0944
2026-05-27T10:59:51.362971,2749.6,05.1042,1.31175,06.6899
2026-05-27T10:59:52.341463,2750.6,05.1105,1.23635,06.3177
2026-05-27T10:59:53.361747,2751.6,05.1078,1.20341,06.1373
2026-05-27T10:59:54.337453,2752.6,05.1036,1.10080,05.6140
2026-05-27T10:59:55.358546,2753.6,05.1047,1.12665,05.7459
2026-05-27T10:59:56.334181,2754.6,05.1126,1.09810,05.6112
2026-05-27T10:59:57.353710,2755.6,05.1072,1.11465,05.6847
2026-05-27T10:59:58.328967,2756.6,05.1050,1.28398,06.5482
2026-05-27T10:59:59.351194,2757.6,05.1117,1.08634,05.5511
2026-05-27T11:00:00.327838,2758.6,05.1050,1.13891,05.8084
2026-05-27T11:00:01.343935,2759.6,05.1087,0.77726,03.9640
2026-05-27T11:00:02.363585,2760.6,05.0948,1.06911,05.4417
2026-05-27T11:00:03.340386,2761.6,05.1053,1.25143,06.3822
2026-05-27T11:00:04.362060,2762.6,05.1014,1.20845,06.1630
2026-05-27T11:00:05.332949,2763.6,05.1012,1.38469,07.0619
2026-05-27T11:00:06.351776,2764.6,05.1133,1.17764,06.0177
2026-05-27T11:00:07.327410,2765.6,05.1134,1.07482,05.4923
2026-05-27T11:00:08.347482,2766.6,05.1136,1.02203,05.2225
2026-05-27T11:00:09.322972,2767.6,05.1151,1.06036,05.4184
2026-05-27T11:00:10.342885,2768.6,05.1122,1.04593,05.3447
2026-05-27T11:00:11.361496,2769.6,05.1101,1.14775,05.8650
2026-05-27T11:00:12.334637,2770.6,05.1042,1.21388,06.1907
2026-05-27T11:00:13.356600,2771.6,05.1053,1.21398,06.1912
2026-05-27T11:00:14.331842,2772.6,05.1086,0.80124,04.0863
2026-05-27T11:00:15.351938,2773.6,05.1095,1.04490,05.3289
2026-05-27T11:00:16.328192,2774.6,05.1161,1.14020,05.8264
2026-05-27T11:00:17.350807,2775.6,05.1141,1.16021,05.9286
2026-05-27T11:00:18.325029,2776.6,05.1048,1.09123,05.5652
2026-05-27T11:00:19.345581,2777.6,05.1117,1.08310,05.5346
2026-05-27T11:00:20.366270,2778.6,05.1117,1.09646,05.6029
2026-05-27T11:00:21.341477,2779.6,05.1117,1.11966,05.7214
2026-05-27T11:00:22.360398,2780.6,05.1117,1.06325,05.4332
2026-05-27T11:00:23.335466,2781.6,05.1050,1.03616,05.2844
2026-05-27T11:00:24.357138,2782.6,05.1073,1.19037,06.0708
2026-05-27T11:00:25.332252,2783.6,05.1134,1.12208,05.7338
2026-05-27T11:00:26.355453,2784.6,05.1122,1.18054,06.0325
2026-05-27T11:00:27.327225,2785.6,05.1076,0.77134,03.9338
2026-05-27T11:00:28.344126,2786.6,05.1000,0.96833,04.9384
2026-05-27T11:00:29.365416,2787.6,05.1072,1.07503,05.4826
2026-05-27T11:00:30.338304,2788.6,05.1090,1.08288,05.5226
2026-05-27T11:00:31.359700,2789.6,05.1122,1.04691,05.3497
2026-05-27T11:00:32.335220,2790.6,05.1062,1.09405,05.5796
2026-05-27T11:00:33.358125,2791.6,05.1037,1.18186,06.0274
2026-05-27T11:00:34.332630,2792.6,05.1076,1.07058,05.4599
2026-05-27T11:00:35.353729,2793.6,05.1097,1.08728,05.5451
2026-05-27T11:00:36.328584,2794.6,05.1009,1.07003,05.4571
2026-05-27T11:00:37.351546,2795.6,05.1081,1.09776,05.5985
2026-05-27T11:00:38.372561,2796.6,05.1072,1.13173,05.7718
2026-05-27T11:00:39.347165,2797.6,05.1034,1.09918,05.6058
2026-05-27T11:00:40.367529,2798.6,05.1100,0.77925,03.9819
2026-05-27T11:00:41.338872,2799.6,05.1100,0.76557,03.9120
2026-05-27T11:00:42.358508,2800.6,05.1070,1.13313,05.7789
2026-05-27T11:00:43.330098,2801.6,05.1117,1.08435,05.5410
2026-05-27T11:00:44.350928,2802.6,05.1072,1.02584,05.2317
2026-05-27T11:00:45.371657,2803.6,05.1026,1.07955,05.5057
2026-05-27T11:00:46.345693,2804.6,05.1122,0.95345,04.8721
2026-05-27T11:00:47.367746,2805.6,05.1081,1.24615,06.3553
2026-05-27T11:00:48.342768,2806.6,05.1114,1.32181,06.7544
2026-05-27T11:00:49.359819,2807.6,05.1087,1.03279,05.2672
2026-05-27T11:00:50.334115,2808.6,05.1008,1.06552,05.4341
2026-05-27T11:00:51.352910,2809.6,05.1112,1.02605,05.2431
2026-05-27T11:00:52.375333,2810.6,05.1070,1.18749,06.0561
2026-05-27T11:00:53.347081,2811.6,05.1089,0.77337,03.9441
2026-05-27T11:00:54.367908,2812.6,05.1072,1.18562,06.0466
2026-05-27T11:00:55.343093,2813.6,05.0995,1.26009,06.4138
2026-05-27T11:00:56.361834,2814.6,05.1081,1.02426,05.2237
2026-05-27T11:00:57.337636,2815.6,05.1033,1.13809,05.8042
2026-05-27T11:00:58.361289,2816.6,05.1098,1.07413,05.4780
2026-05-27T11:00:59.335852,2817.6,05.1009,1.03215,05.2639
2026-05-27T11:01:00.358501,2818.6,05.1067,1.06748,05.4441
2026-05-27T11:01:01.333630,2819.6,05.1108,1.06969,05.4661
2026-05-27T11:01:02.355552,2820.6,05.1150,1.09815,05.6115
2026-05-27T11:01:03.379690,2821.6,05.1109,1.05044,05.3677
2026-05-27T11:01:04.354869,2822.6,05.1126,1.12322,05.7396
2026-05-27T11:01:05.376708,2823.6,05.1076,1.14805,05.8550
2026-05-27T11:01:06.351145,2824.6,05.1100,0.77442,03.9572
2026-05-27T11:01:07.371321,2825.6,05.1056,1.13730,05.8002
2026-05-27T11:01:08.348600,2826.6,05.1041,1.20926,06.1672
2026-05-27T11:01:09.371854,2827.6,05.1081,1.22954,06.2706
2026-05-27T11:01:10.348582,2828.6,05.1085,1.04129,05.3105
2026-05-27T11:01:11.369374,2829.6,05.1070,1.04836,05.3466
2026-05-27T11:01:12.347841,2830.6,05.1120,1.03069,05.2668
2026-05-27T11:01:13.367570,2831.6,05.1177,1.03981,05.3134
2026-05-27T11:01:14.341763,2832.6,05.1106,1.13309,05.7900
2026-05-27T11:01:15.366083,2833.6,05.1066,1.06432,05.4280
2026-05-27T11:01:16.341157,2834.6,05.1172,1.19417,06.1022
2026-05-27T11:01:17.364239,2835.6,05.1062,1.04647,05.3369
2026-05-27T11:01:18.337933,2836.6,05.1050,1.30745,06.6679
2026-05-27T11:01:19.355971,2837.6,05.1087,0.77622,03.9587
2026-05-27T11:01:20.374574,2838.6,05.1064,1.02559,05.2305
2026-05-27T11:01:21.350339,2839.6,05.1081,1.31298,06.6961
2026-05-27T11:01:22.373672,2840.6,05.1033,1.08671,05.5422
2026-05-27T11:01:23.347142,2841.6,05.1100,0.93321,04.7687
2026-05-27T11:01:24.368339,2842.6,05.1062,1.03417,05.2742
2026-05-27T11:01:25.343301,2843.6,05.1098,1.04876,05.3486
2026-05-27T11:01:26.364138,2844.6,05.1119,1.03441,05.2858
2026-05-27T11:01:27.340330,2845.6,05.1151,1.14268,05.8390
2026-05-27T11:01:28.363463,2846.6,05.1133,1.04224,05.3258
2026-05-27T11:01:29.339049,2847.6,05.1170,1.13208,05.7849
2026-05-27T11:01:30.361073,2848.6,05.0973,1.28929,06.5624
2026-05-27T11:01:31.381204,2849.6,05.1042,1.19179,06.0781
2026-05-27T11:01:32.353830,2850.6,05.1103,0.77228,03.9463
2026-05-27T11:01:33.372432,2851.6,05.1082,0.96341,04.9133
2026-05-27T11:01:34.348544,2852.6,05.1053,1.02777,05.2416
2026-05-27T11:01:35.368601,2853.6,05.1109,1.16101,05.9327
2026-05-27T11:01:36.343920,2854.6,05.1000,1.15302,05.8804
2026-05-27T11:01:37.364467,2855.6,05.1087,1.17814,06.0085
2026-05-27T11:01:38.386475,2856.6,05.1086,1.13778,05.8026
2026-05-27T11:01:39.360509,2857.6,05.1019,1.06373,05.4250
2026-05-27T11:01:40.382532,2858.6,05.1003,1.13652,05.7962
2026-05-27T11:01:41.358520,2859.6,05.1081,1.02654,05.2353
2026-05-27T11:01:42.382089,2860.6,05.1003,1.08566,05.5368
2026-05-27T11:01:43.356061,2861.6,05.1177,1.13238,05.7864
2026-05-27T11:01:44.379538,2862.6,05.0992,1.09830,05.5903
2026-05-27T11:01:45.350842,2863.6,05.1072,0.77640,03.9596
2026-05-27T11:01:46.369803,2864.6,05.1072,0.96572,04.9251
2026-05-27T11:01:47.345481,2865.6,05.1009,1.07960,05.5059
2026-05-27T11:01:48.363946,2866.6,05.1059,1.07104,05.4623
2026-05-27T11:01:49.382938,2867.6,05.1108,1.06189,05.4262
2026-05-27T11:01:50.357718,2868.6,05.1045,1.16151,05.9237
2026-05-27T11:01:51.379974,2869.6,05.1070,1.12269,05.7257
2026-05-27T11:01:52.353257,2870.6,05.1056,1.16720,05.9527
2026-05-27T11:01:53.373561,2871.6,05.1080,1.19184,06.0783
2026-05-27T11:01:54.349465,2872.6,05.1101,1.02741,05.2500
2026-05-27T11:01:55.372163,2873.6,05.1173,1.06164,05.4249
2026-05-27T11:01:56.348432,2874.6,05.0997,1.26736,06.4508
2026-05-27T11:01:57.371385,2875.6,05.1028,1.08818,05.5497
2026-05-27T11:01:58.346435,2876.6,05.1081,0.77282,03.9413
2026-05-27T11:01:59.366798,2877.6,05.1042,0.86187,04.3955
2026-05-27T11:02:00.390099,2878.6,05.1089,1.00091,05.1046
2026-05-27T11:02:01.365505,2879.6,05.1069,1.10480,05.6344
2026-05-27T11:02:02.386410,2880.6,05.1094,1.06113,05.4117
2026-05-27T11:02:03.359587,2881.6,05.1112,1.10989,05.6715
2026-05-27T11:02:04.382287,2882.6,05.1148,1.16620,05.9592
2026-05-27T11:02:05.359164,2883.6,05.1059,1.16173,05.9248
2026-05-27T11:02:06.380245,2884.6,05.1112,1.11724,05.7090
2026-05-27T11:02:07.357132,2885.6,05.1039,1.23644,06.3058
2026-05-27T11:02:08.379307,2886.6,05.1062,1.05834,05.3975
2026-05-27T11:02:09.356390,2887.6,05.1122,1.26446,06.4613
2026-05-27T11:02:10.381570,2888.6,05.1108,1.13628,05.8063
2026-05-27T11:02:11.356533,2889.6,05.1137,0.77273,03.9486
2026-05-27T11:02:12.377330,2890.6,05.1090,0.85494,04.3601
2026-05-27T11:02:13.354706,2891.6,05.1098,1.09727,05.5960
2026-05-27T11:02:14.376922,2892.6,05.1091,1.19649,06.1020
2026-05-27T11:02:15.354063,2893.6,05.1087,0.94586,04.8238
2026-05-27T11:02:16.375938,2894.6,05.1020,1.24365,06.3426
2026-05-27T11:02:17.350569,2895.6,05.1109,1.10773,05.6605
2026-05-27T11:02:18.370986,2896.6,05.1156,1.10776,05.6606
2026-05-27T11:02:19.391416,2897.6,05.1097,1.21925,06.2181
2026-05-27T11:02:20.367642,2898.6,05.1076,1.14248,05.8266
2026-05-27T11:02:21.389466,2899.6,05.1014,1.21940,06.2189
2026-05-27T11:02:22.364428,2900.6,05.1117,1.07210,05.4784
2026-05-27T11:02:23.385791,2901.6,05.1033,1.28157,06.5360
2026-05-27T11:02:24.358449,2902.6,05.1092,0.77450,03.9499
2026-05-27T11:02:25.378414,2903.6,05.1073,0.83488,04.2578
2026-05-27T11:02:26.352654,2904.6,05.1062,1.03152,05.2607
2026-05-27T11:02:27.373562,2905.6,05.1095,1.10696,05.6454
2026-05-27T11:02:28.393856,2906.6,05.1070,1.05105,05.3603
2026-05-27T11:02:29.369334,2907.6,05.1126,1.05072,05.3691
2026-05-27T11:02:30.388886,2908.6,05.1058,1.23588,06.3029
2026-05-27T11:02:31.363917,2909.6,05.1116,1.25848,06.4308
2026-05-27T11:02:32.387079,2910.6,05.1061,1.26542,06.4536
2026-05-27T11:02:33.361436,2911.6,05.1133,1.10909,05.6674
2026-05-27T11:02:34.380958,2912.6,05.1137,1.22148,06.2417
2026-05-27T11:02:35.354498,2913.6,05.1092,1.24808,06.3652
2026-05-27T11:02:36.375972,2914.6,05.1062,1.18780,06.0577
2026-05-27T11:02:37.396706,2915.6,05.1112,0.77968,03.9841
2026-05-27T11:02:38.370481,2916.6,05.1091,0.77681,03.9617
2026-05-27T11:02:39.392510,2917.6,05.1086,1.09401,05.5794
2026-05-27T11:02:40.372437,2918.6,05.1084,1.15172,05.8737
2026-05-27T11:02:41.396441,2919.6,05.1120,0.99222,05.0702
2026-05-27T11:02:42.370635,2920.6,05.1108,1.09730,05.6072
2026-05-27T11:02:43.391990,2921.6,05.1142,1.11091,05.6767
2026-05-27T11:02:44.367195,2922.6,05.1087,1.29343,06.5964
2026-05-27T11:02:45.387495,2923.6,05.0980,1.31716,06.7043
2026-05-27T11:02:46.364636,2924.6,05.1148,1.11153,05.6799
2026-05-27T11:02:47.386813,2925.6,05.1101,1.12088,05.7276
2026-05-27T11:02:48.362773,2926.6,05.1023,1.25470,06.3989
2026-05-27T11:02:49.383704,2927.6,05.1120,1.17497,06.0040
2026-05-27T11:02:50.357512,2928.6,05.1122,0.77440,03.9571
2026-05-27T11:02:51.376535,2929.6,05.1090,0.77317,03.9431
2026-05-27T11:02:52.396883,2930.6,05.1111,1.12824,05.7653
2026-05-27T11:02:53.371298,2931.6,05.1128,1.11164,05.6804
2026-05-27T11:02:54.392329,2932.6,05.1148,1.06924,05.4638
2026-05-27T11:02:55.369329,2933.6,05.0942,1.14790,05.8428
2026-05-27T11:02:56.388464,2934.6,05.1017,1.17801,06.0078
2026-05-27T11:02:57.362300,2935.6,05.1173,1.26710,06.4748
2026-05-27T11:02:58.382666,2936.6,05.0975,1.27446,06.4870
2026-05-27T11:02:59.403907,2937.6,05.1023,1.40939,07.1878
2026-05-27T11:03:00.378847,2938.6,05.0983,1.14101,05.8077
2026-05-27T11:03:01.400843,2939.6,05.1059,1.16449,05.9388
2026-05-27T11:03:02.375737,2940.6,05.1047,1.31121,06.6871
2026-05-27T11:03:03.394015,2941.6,05.1106,0.77724,03.9716
2026-05-27T11:03:04.365264,2942.6,05.1106,0.77435,03.9569
2026-05-27T11:03:05.386735,2943.6,05.1101,1.14828,05.8677
2026-05-27T11:03:06.364615,2944.6,05.1069,1.13530,05.7900
2026-05-27T11:03:07.386508,2945.6,05.1105,1.05400,05.3859
2026-05-27T11:03:08.362636,2946.6,05.1130,1.06579,05.4461
2026-05-27T11:03:09.384261,2947.6,05.1150,1.15398,05.8968
2026-05-27T11:03:10.363249,2948.6,05.1030,1.47935,07.5446
2026-05-27T11:03:11.385406,2949.6,05.1122,1.25077,06.3914
2026-05-27T11:03:12.361144,2950.6,05.1170,1.34813,06.8889
2026-05-27T11:03:13.383259,2951.6,05.1069,1.18369,06.0368
2026-05-27T11:03:14.404977,2952.6,05.1120,1.15545,05.9043
2026-05-27T11:03:15.381262,2953.6,05.1055,1.21852,06.2144
2026-05-27T11:03:16.403070,2954.6,05.1106,0.77617,03.9662
2026-05-27T11:03:17.376981,2955.6,05.1059,0.77468,03.9508
2026-05-27T11:03:18.399645,2956.6,05.1086,1.03940,05.3009
2026-05-27T11:03:19.374957,2957.6,05.1111,1.13485,05.7990
2026-05-27T11:03:20.397791,2958.6,05.1083,1.20443,06.1425
2026-05-27T11:03:21.375401,2959.6,05.1106,1.20526,06.1588
2026-05-27T11:03:22.396240,2960.6,05.1083,1.28414,06.5491
2026-05-27T11:03:23.372232,2961.6,05.1095,1.15386,05.8846
2026-05-27T11:03:24.395790,2962.6,05.0926,1.30684,06.6518
2026-05-27T11:03:25.373333,2963.6,05.0926,1.14908,05.8488
2026-05-27T11:03:26.394267,2964.6,05.1055,1.24325,06.3405
2026-05-27T11:03:27.367596,2965.6,05.1111,1.25474,06.4117
2026-05-27T11:03:28.389526,2966.6,05.1080,1.18739,06.0556
2026-05-27T11:03:29.365699,2967.6,05.1101,0.77271,03.9485
2026-05-27T11:03:30.384691,2968.6,05.1084,0.77206,03.9375
2026-05-27T11:03:31.406301,2969.6,05.1069,1.04170,05.3126
2026-05-27T11:03:32.377753,2970.6,05.1012,1.24249,06.3366
2026-05-27T11:03:33.400538,2971.6,05.1066,1.03138,05.2600
2026-05-27T11:03:34.373295,2972.6,05.1222,1.19020,06.0938
2026-05-27T11:03:35.395629,2973.6,05.1064,1.28505,06.5537
2026-05-27T11:03:36.370971,2974.6,05.1164,1.12682,05.7580
2026-05-27T11:03:37.391274,2975.6,05.1130,1.28240,06.5530
2026-05-27T11:03:38.410574,2976.6,05.1137,1.20970,06.1815
2026-05-27T11:03:39.383161,2977.6,05.1087,1.11503,05.6866
2026-05-27T11:03:40.402471,2978.6,05.0986,1.14930,05.8499
2026-05-27T11:03:41.377601,2979.6,05.1090,1.24847,06.3671
2026-05-27T11:03:42.397119,2980.6,05.1089,0.77234,03.9389
2026-05-27T11:03:43.369648,2981.6,05.1092,0.80748,04.1181
2026-05-27T11:03:44.387713,2982.6,05.1111,1.11493,05.6972
2026-05-27T11:03:45.405690,2983.6,05.1047,1.27294,06.4919
2026-05-27T11:03:46.378505,2984.6,05.1166,1.10370,05.6399
2026-05-27T11:03:47.400586,2985.6,05.0972,1.27444,06.4868
2026-05-27T11:03:48.374253,2986.6,05.1009,1.21959,06.2199
2026-05-27T11:03:49.392828,2987.6,05.1141,1.25973,06.4372
2026-05-27T11:03:50.411696,2988.6,05.1030,1.32443,06.7545
2026-05-27T11:03:51.385434,2989.6,05.1076,1.16824,05.9580
2026-05-27T11:03:52.405305,2990.6,05.1087,1.34737,06.8715
2026-05-27T11:03:53.379511,2991.6,05.1156,1.12049,05.7257
2026-05-27T11:03:54.399452,2992.6,05.1092,1.03947,05.3012
2026-05-27T11:03:55.374108,2993.6,05.1059,0.82249,04.1946
2026-05-27T11:03:56.389649,2994.6,05.1100,0.76553,03.9118
2026-05-27T11:03:57.410330,2995.6,05.1105,1.11874,05.7167
2026-05-27T11:03:58.384466,2996.6,05.1098,1.17592,05.9971
2026-05-27T11:03:59.407649,2997.6,05.1064,1.14552,05.8421
2026-05-27T11:04:00.381882,2998.6,05.1030,1.35777,06.9246
2026-05-27T11:04:01.404478,2999.6,05.1044,1.23622,06.3047
2026-05-27T11:04:02.380755,3000.6,05.1212,1.26366,06.4699
2026-05-27T11:04:03.401592,3001.6,05.0991,1.32078,06.7227
2026-05-27T11:04:04.375181,3002.6,05.1097,1.19948,06.1173
2026-05-27T11:04:05.396071,3003.6,05.1082,1.23336,06.2901
2026-05-27T11:04:06.415700,3004.6,05.1134,1.22256,06.2472
2026-05-27T11:04:07.390923,3005.6,05.1108,1.24033,06.3380
2026-05-27T11:04:08.413680,3006.6,05.1117,0.80058,04.0909
2026-05-27T11:04:09.387203,3007.6,05.1078,0.77392,03.9469
2026-05-27T11:04:10.407682,3008.6,05.1037,1.05129,05.3615
2026-05-27T11:04:11.379741,3009.6,05.1094,1.19847,06.1121
2026-05-27T11:04:12.400917,3010.6,05.1114,1.17904,06.0248
2026-05-27T11:04:13.376163,3011.6,05.1066,1.35594,06.9152
2026-05-27T11:04:14.396389,3012.6,05.1105,1.06294,05.4316
2026-05-27T11:04:15.417494,3013.6,05.1044,1.34217,06.8450
2026-05-27T11:04:16.390467,3014.6,05.1017,1.32857,06.7757
2026-05-27T11:04:17.412732,3015.6,05.1072,1.46605,07.4768
2026-05-27T11:04:18.386426,3016.6,05.1195,1.16716,05.9641
2026-05-27T11:04:19.405301,3017.6,05.1120,1.17703,06.0146
2026-05-27T11:04:20.380679,3018.6,05.1075,1.03847,05.2961
2026-05-27T11:04:21.401102,3019.6,05.1045,1.19004,06.0692
2026-05-27T11:04:22.419960,3020.6,05.1077,0.77133,03.9337
2026-05-27T11:04:23.393291,3021.6,05.1112,1.02809,05.2535
2026-05-27T11:04:24.415709,3022.6,05.1053,1.18452,06.0410
2026-05-27T11:04:25.393737,3023.6,05.1086,1.23116,06.2789
2026-05-27T11:04:26.414334,3024.6,05.1095,1.27155,06.4849
2026-05-27T11:04:27.390247,3025.6,05.1080,1.27750,06.5152
2026-05-27T11:04:28.409556,3026.6,05.0998,1.51809,07.7270
2026-05-27T11:04:29.386056,3027.6,05.1086,1.45346,07.4126
2026-05-27T11:04:30.408460,3028.6,05.0989,1.24393,06.3316
2026-05-27T11:04:31.383542,3029.6,05.1103,1.11500,05.6976
2026-05-27T11:04:32.405855,3030.6,05.1192,1.13349,05.7921
2026-05-27T11:04:33.381186,3031.6,05.1055,1.11039,05.6629
2026-05-27T11:04:34.403269,3032.6,05.1108,0.90494,04.6242
2026-05-27T11:04:35.422955,3033.6,05.1093,0.77343,03.9444
2026-05-27T11:04:36.398113,3034.6,05.1055,1.00803,05.1409
2026-05-27T11:04:37.416443,3035.6,05.1119,1.14488,05.8503
2026-05-27T11:04:38.390459,3036.6,05.1045,1.11046,05.6633
2026-05-27T11:04:39.411512,3037.6,05.1108,1.22122,06.2404
2026-05-27T11:04:40.385227,3038.6,05.1175,1.18591,06.0600
2026-05-27T11:04:41.405313,3039.6,05.1094,1.13983,05.8131
2026-05-27T11:04:42.424720,3040.6,05.1119,1.08655,05.5522
2026-05-27T11:04:43.397160,3041.6,05.1097,1.24492,06.3490
2026-05-27T11:04:44.417210,3042.6,05.1084,1.30382,06.6494
2026-05-27T11:04:45.391430,3043.6,05.1008,1.30465,06.6537
2026-05-27T11:04:46.410721,3044.6,05.1092,1.14155,05.8219
2026-05-27T11:04:47.385448,3045.6,05.1075,1.09755,05.5975
2026-05-27T11:04:48.404609,3046.6,05.1083,0.77174,03.9358
2026-05-27T11:04:49.424545,3047.6,05.1178,1.18496,06.0551
2026-05-27T11:04:50.396582,3048.6,05.0976,1.14177,05.8116
2026-05-27T11:04:51.416486,3049.6,05.1178,1.15473,05.9006
2026-05-27T11:04:52.391967,3050.7,05.1144,1.10813,05.6625
2026-05-27T11:04:53.414543,3051.7,05.1111,1.11950,05.7206
2026-05-27T11:04:54.391953,3052.7,05.1150,1.14463,05.8490
2026-05-27T11:04:55.413887,3053.7,05.1073,1.34946,06.8822
2026-05-27T11:04:56.387827,3054.7,05.1028,1.42609,07.2730
2026-05-27T11:04:57.408178,3055.7,05.1153,1.21266,06.1966
2026-05-27T11:04:58.428800,3056.7,05.1078,1.30131,06.6366
2026-05-27T11:04:59.402221,3057.7,05.1141,1.28338,06.5580
2026-05-27T11:05:00.421079,3058.7,05.1109,0.77752,03.9731
2026-05-27T11:05:01.390711,3059.7,05.1109,0.77571,03.9638
2026-05-27T11:05:02.409734,3060.7,05.1061,1.06997,05.4568
2026-05-27T11:05:03.429879,3061.7,05.1030,1.17579,05.9965
2026-05-27T11:05:04.404022,3062.7,05.1134,1.18169,06.0384
2026-05-27T11:05:05.420723,3063.7,05.1108,1.35604,06.9293
2026-05-27T11:05:06.391497,3064.7,05.1001,1.34988,06.8843
2026-05-27T11:05:07.409579,3065.7,05.1008,1.36790,06.9762
2026-05-27T11:05:08.429683,3066.7,05.0994,1.31976,06.7175
2026-05-27T11:05:09.404738,3067.7,05.0906,1.18586,06.0360
2026-05-27T11:05:10.422693,3068.7,05.1139,1.09084,05.5741
2026-05-27T11:05:11.396014,3069.7,05.0983,1.15263,05.8668
2026-05-27T11:05:12.412423,3070.7,05.1106,1.03995,05.3141
2026-05-27T11:05:13.430396,3071.7,05.1083,0.91310,04.6568
2026-05-27T11:05:14.401939,3072.7,05.1098,0.77242,03.9393
2026-05-27T11:05:15.420502,3073.7,05.1130,1.19341,06.0983
2026-05-27T11:05:16.393989,3074.7,05.1048,1.15206,05.8755
2026-05-27T11:05:17.410933,3075.7,05.1177,1.16584,05.9574
2026-05-27T11:05:18.429794,3076.7,05.0895,1.29758,06.5917
2026-05-27T11:05:19.400916,3077.7,05.1106,1.27984,06.5399
2026-05-27T11:05:20.419013,3078.7,05.0984,1.48792,07.5735
2026-05-27T11:05:21.394193,3079.7,05.1148,1.26330,06.4554
2026-05-27T11:05:22.414610,3080.7,05.0942,1.44521,07.3561
2026-05-27T11:05:23.432380,3081.7,05.1166,1.33895,06.8420
2026-05-27T11:05:24.403231,3082.7,05.1078,1.28341,06.5453
2026-05-27T11:05:25.423628,3083.7,05.1081,1.31008,06.6814
2026-05-27T11:05:26.397538,3084.7,05.1098,0.99062,05.0521
2026-05-27T11:05:27.413395,3085.7,05.1085,0.77235,03.9389
2026-05-27T11:05:28.432762,3086.7,05.1069,1.12381,05.7314
2026-05-27T11:05:29.405339,3087.7,05.0939,1.32014,06.7195
2026-05-27T11:05:30.425214,3088.7,05.1212,1.09433,05.6029
2026-05-27T11:05:31.399470,3089.7,05.1078,1.29868,06.6232
2026-05-27T11:05:32.419727,3090.7,05.1119,1.19921,06.1279
2026-05-27T11:05:33.438635,3091.7,05.1206,1.16278,05.9534
2026-05-27T11:05:34.411607,3092.7,05.1083,1.34341,06.8513
2026-05-27T11:05:35.431338,3093.7,05.1072,1.25758,06.4136
2026-05-27T11:05:36.404286,3094.7,05.1073,1.18636,06.0504
2026-05-27T11:05:37.425729,3095.7,05.0947,1.47350,07.5001
2026-05-27T11:05:38.398797,3096.7,05.1136,1.11273,05.6860
2026-05-27T11:05:39.420137,3097.7,05.1092,1.15309,05.8807
2026-05-27T11:05:40.438048,3098.7,05.1079,0.77029,03.9284
2026-05-27T11:05:41.410809,3099.7,05.1119,1.11607,05.7031
2026-05-27T11:05:42.434332,3100.7,05.1097,1.12906,05.7582
2026-05-27T11:05:43.408816,3101.7,05.1026,1.48435,07.5701
2026-05-27T11:05:44.431625,3102.7,05.1003,1.44600,07.3746
2026-05-27T11:05:45.407200,3103.7,05.1131,1.21612,06.2143
2026-05-27T11:05:46.428621,3104.7,05.1070,1.34885,06.8791
2026-05-27T11:05:47.403227,3105.7,05.1130,1.21879,06.2280
2026-05-27T11:05:48.422838,3106.7,05.0978,1.48975,07.5828
2026-05-27T11:05:49.399551,3107.7,05.0978,1.49421,07.6055
2026-05-27T11:05:50.422600,3108.7,05.1072,1.18336,06.0351
2026-05-27T11:05:51.440126,3109.7,05.1100,1.17535,06.0060
2026-05-27T11:05:52.413944,3110.7,05.1087,1.21048,06.1734
2026-05-27T11:05:53.432183,3111.7,05.1082,0.77618,03.9585
2026-05-27T11:05:54.404832,3112.7,05.1086,1.03972,05.3025
2026-05-27T11:05:55.423896,3113.7,05.1073,1.22258,06.2351
2026-05-27T11:05:56.398283,3114.7,05.0950,1.15778,05.8931
2026-05-27T11:05:57.417413,3115.7,05.1130,1.22595,06.2646
2026-05-27T11:05:58.438662,3116.7,05.1091,1.36869,06.9803
2026-05-27T11:05:59.416518,3117.7,05.1059,1.14355,05.8321
2026-05-27T11:06:00.436300,3118.7,05.0955,1.28175,06.5241
2026-05-27T11:06:01.413552,3119.7,05.1084,1.44674,07.3783
2026-05-27T11:06:02.433090,3120.7,05.1036,1.21537,06.1983
2026-05-27T11:06:03.405899,3121.7,05.1139,1.17910,06.0252
2026-05-27T11:06:04.426286,3122.7,05.1142,1.13714,05.8107
2026-05-27T11:06:05.441975,3123.7,05.1139,1.23655,06.3187
2026-05-27T11:06:06.411963,3124.7,05.1108,0.77311,03.9505
2026-05-27T11:06:07.430421,3125.7,05.1076,1.12526,05.7388
2026-05-27T11:06:08.405061,3126.7,05.0989,1.19101,06.0622
2026-05-27T11:06:09.426720,3127.7,05.0884,1.23648,06.2813
2026-05-27T11:06:10.400384,3128.7,05.1148,1.16975,05.9774
2026-05-27T11:06:11.418736,3129.7,05.0995,1.35547,06.8993
2026-05-27T11:06:12.437418,3130.7,05.1200,1.07611,05.5096
2026-05-27T11:06:13.410913,3131.7,05.1147,1.17436,06.0009
2026-05-27T11:06:14.432179,3132.7,05.1074,1.14746,05.8520
2026-05-27T11:06:15.408496,3133.7,05.1047,1.15163,05.8733
2026-05-27T11:06:16.429917,3134.7,05.1016,1.22614,06.2533
2026-05-27T11:06:17.403548,3135.7,05.1073,1.28116,06.5339
2026-05-27T11:06:18.423655,3136.7,05.1036,1.12068,05.7154
2026-05-27T11:06:19.438868,3137.7,05.1083,0.77559,03.9555
2026-05-27T11:06:20.415486,3138.7,05.1167,1.06681,05.4513
2026-05-27T11:06:21.435417,3139.7,05.1180,1.21525,06.2099
2026-05-27T11:06:22.411124,3140.7,05.0980,1.19833,06.0994
2026-05-27T11:06:23.429011,3141.7,05.0967,1.21321,06.1752
2026-05-27T11:06:24.447991,3142.7,05.1195,1.32082,06.7493
2026-05-27T11:06:25.419505,3143.7,05.1197,1.11130,05.6787
2026-05-27T11:06:26.438153,3144.7,05.1114,1.18683,06.0647
2026-05-27T11:06:27.409911,3145.7,05.1067,1.19749,06.1071
2026-05-27T11:06:28.429003,3146.7,05.1086,1.20819,06.1617
2026-05-27T11:06:29.447304,3147.7,05.1172,1.32976,06.7950
2026-05-27T11:06:30.420581,3148.7,05.1126,0.96711,04.9419
2026-05-27T11:06:31.441155,3149.7,05.1126,1.06426,05.4383
2026-05-27T11:06:32.412767,3150.7,05.1097,0.77015,03.9277
2026-05-27T11:06:33.431862,3151.7,05.1094,1.08878,05.5527
2026-05-27T11:06:34.405469,3152.7,05.1042,1.63476,08.3372
2026-05-27T11:06:35.425586,3153.7,05.1062,1.37520,07.0135
2026-05-27T11:06:36.443518,3154.7,05.0998,1.44215,07.3405
2026-05-27T11:06:37.418016,3155.7,05.1064,1.30310,06.6458
2026-05-27T11:06:38.437773,3156.7,05.1180,1.40393,07.1740
2026-05-27T11:06:39.412729,3157.7,05.1071,1.18957,06.0668
2026-05-27T11:06:40.434180,3158.7,05.0944,1.35556,06.8998
2026-05-27T11:06:41.408861,3159.7,05.1042,1.11624,05.6928
2026-05-27T11:06:42.430731,3160.7,05.1078,1.22499,06.2474
2026-05-27T11:06:43.451568,3161.7,05.1105,1.09531,05.5970
2026-05-27T11:06:44.426560,3162.7,05.1164,1.11307,05.6877
2026-05-27T11:06:45.445946,3163.7,05.1086,0.76947,03.9242
2026-05-27T11:06:46.417970,3164.7,05.1041,1.20265,06.1335
2026-05-27T11:06:47.442269,3165.7,05.1041,1.47133,07.5037
2026-05-27T11:06:48.419395,3166.7,05.1041,1.22466,06.2457
2026-05-27T11:06:49.441469,3167.7,05.1019,1.28855,06.5716
2026-05-27T11:06:50.419288,3168.7,05.1092,1.14417,05.8352
2026-05-27T11:06:51.440977,3169.7,05.1051,1.17717,06.0035
2026-05-27T11:06:52.415980,3170.7,05.0917,1.39046,07.0774
2026-05-27T11:06:53.438630,3171.7,05.1130,1.10178,05.6300
2026-05-27T11:06:54.414310,3172.7,05.1034,1.18586,06.0478
2026-05-27T11:06:55.435083,3173.7,05.1101,1.14339,05.8427
2026-05-27T11:06:56.455195,3174.7,05.0998,1.11786,05.6899
2026-05-27T11:06:57.427877,3175.7,05.1103,1.10518,05.6474
2026-05-27T11:06:58.443217,3176.7,05.1103,0.77265,03.9482
2026-05-27T11:06:59.416971,3177.7,05.0966,1.21307,06.1745
2026-05-27T11:07:00.434597,3178.7,05.1158,1.29871,06.6364
2026-05-27T11:07:01.456289,3179.7,05.0969,1.44561,07.3581
2026-05-27T11:07:02.429603,3180.7,05.1061,1.23681,06.3077
2026-05-27T11:07:03.447726,3181.7,05.1180,1.22507,06.2601
2026-05-27T11:07:04.420863,3182.7,05.1078,1.22719,06.2586
2026-05-27T11:07:05.438040,3183.7,05.1075,1.23932,06.3205
2026-05-27T11:07:06.458069,3184.7,05.1048,1.11757,05.6996
2026-05-27T11:07:07.429645,3185.7,05.1086,1.10298,05.6251
2026-05-27T11:07:08.453115,3186.7,05.1044,1.28390,06.5478
2026-05-27T11:07:09.427589,3187.7,05.1037,1.11599,05.6915
2026-05-27T11:07:10.445504,3188.7,05.1091,1.10309,05.6257
2026-05-27T11:07:11.418481,3189.7,05.1079,0.77187,03.9365
2026-05-27T11:07:12.435042,3190.7,05.0889,1.18711,06.0305
2026-05-27T11:07:13.455761,3191.7,05.1144,1.37570,07.0298
2026-05-27T11:07:14.430712,3192.7,05.1036,1.21504,06.1967
2026-05-27T11:07:15.451742,3193.7,05.1026,1.39711,07.1252
2026-05-27T11:07:16.425563,3194.7,05.1011,1.35096,06.8898
2026-05-27T11:07:17.445119,3195.7,05.1101,1.22522,06.2608
2026-05-27T11:07:18.420112,3196.7,05.1114,1.18635,06.0622
2026-05-27T11:07:19.438438,3197.7,05.1125,1.18128,06.0363
2026-05-27T11:07:20.460479,3198.7,05.1087,1.13059,05.7660
2026-05-27T11:07:21.434403,3199.7,05.1033,1.17188,05.9765
2026-05-27T11:07:22.454743,3200.7,05.1075,1.18663,06.0518
2026-05-27T11:07:23.427987,3201.7,05.1097,1.09226,05.5705
2026-05-27T11:07:24.445039,3202.7,05.1088,0.77287,03.9416
2026-05-27T11:07:25.418324,3203.7,05.1111,1.26133,06.4453
2026-05-27T11:07:26.439454,3204.7,05.1134,1.36245,06.9621
2026-05-27T11:07:27.459012,3205.7,05.1056,1.28093,06.5327
2026-05-27T11:07:28.431710,3206.7,05.1047,1.19634,06.1013
2026-05-27T11:07:29.451223,3207.7,05.1061,1.29839,06.6217
2026-05-27T11:07:30.425420,3208.7,05.1087,1.09997,05.6098
2026-05-27T11:07:31.443901,3209.7,05.1130,1.31424,06.7157
2026-05-27T11:07:32.461482,3210.7,05.1093,1.22300,06.2373
2026-05-27T11:07:33.437402,3211.7,05.1064,1.12353,05.7300
2026-05-27T11:07:34.458589,3212.7,05.1042,1.21519,06.1974
2026-05-27T11:07:35.432602,3213.7,05.1136,1.25054,06.3902
2026-05-27T11:07:36.451018,3214.7,05.1017,1.18272,06.0318
2026-05-27T11:07:37.419977,3215.7,05.1097,0.77648,03.9600
2026-05-27T11:07:38.437107,3216.7,05.1061,1.07374,05.4760
2026-05-27T11:07:39.456745,3217.7,05.1133,1.30365,06.6616
2026-05-27T11:07:40.430332,3218.7,05.1094,1.10368,05.6287
2026-05-27T11:07:41.451128,3219.7,05.1117,1.31037,06.6959
2026-05-27T11:07:42.425909,3220.7,05.0955,1.27122,06.4705
2026-05-27T11:07:43.449455,3221.7,05.1106,1.08027,05.5201
2026-05-27T11:07:44.424871,3222.7,05.1087,1.13413,05.7840
2026-05-27T11:07:45.446892,3223.7,05.1078,1.29521,06.6055
2026-05-27T11:07:46.466136,3224.7,05.0955,1.09869,05.5923
2026-05-27T11:07:47.441178,3225.7,05.1126,1.12780,05.7630
2026-05-27T11:07:48.464834,3226.7,05.1050,1.00372,05.1189
2026-05-27T11:07:49.444436,3227.7,05.1106,1.07441,05.4902
2026-05-27T11:07:50.463246,3228.7,05.1099,0.77393,03.9470
2026-05-27T11:07:51.436527,3229.7,05.1120,1.30745,06.6810
2026-05-27T11:07:52.459207,3230.7,05.1166,1.40250,07.1667
2026-05-27T11:07:53.432482,3231.7,05.1134,1.35121,06.9046
2026-05-27T11:07:54.454074,3232.7,05.0992,1.35922,06.9184
2026-05-27T11:07:55.433588,3233.7,05.1012,1.44691,07.3792
2026-05-27T11:07:56.454202,3234.7,05.1119,1.07006,05.4680
2026-05-27T11:07:57.429469,3235.7,05.1120,1.05305,05.3810
2026-05-27T11:07:58.449712,3236.7,05.1116,1.12923,05.7703
2026-05-27T11:07:59.470288,3237.7,05.1092,1.05884,05.4000
2026-05-27T11:08:00.443077,3238.7,05.1131,1.20267,06.1456
2026-05-27T11:08:01.465504,3239.7,05.1093,1.29380,06.5983
2026-05-27T11:08:02.441919,3240.7,05.1170,1.11464,05.6958
2026-05-27T11:08:03.462039,3241.7,05.1091,0.77488,03.9518
2026-05-27T11:08:04.435747,3242.7,05.1153,1.02604,05.2430
2026-05-27T11:08:05.454493,3243.7,05.1048,1.38803,07.0789
2026-05-27T11:08:06.427957,3244.7,05.1094,1.22805,06.2630
2026-05-27T11:08:07.448010,3245.7,05.1058,1.22037,06.2238
2026-05-27T11:08:08.466394,3246.7,05.1059,1.27246,06.4895
2026-05-27T11:08:09.438458,3247.7,05.0916,1.44221,07.3408
2026-05-27T11:08:10.460817,3248.7,05.1088,1.09042,05.5611
2026-05-27T11:08:11.435126,3249.7,05.1003,1.08356,05.5261
2026-05-27T11:08:12.452235,3250.7,05.1009,1.17665,06.0009
2026-05-27T11:08:13.470552,3251.7,05.1098,1.05444,05.3776
2026-05-27T11:08:14.443160,3252.7,05.1126,1.12187,05.7327
2026-05-27T11:08:15.462149,3253.7,05.1051,1.20878,06.1647
2026-05-27T11:08:16.438313,3254.7,05.1086,0.81799,04.1717
2026-05-27T11:08:17.455604,3255.7,05.1087,1.23752,06.3113
2026-05-27T11:08:18.429314,3256.7,05.1180,1.24076,06.3402
2026-05-27T11:08:19.450996,3257.7,05.1086,1.15705,05.9009
2026-05-27T11:08:20.473481,3258.7,05.1097,1.21112,06.1767
2026-05-27T11:08:21.446773,3259.7,05.1119,1.29723,06.6288
2026-05-27T11:08:22.468791,3260.7,05.1044,1.18126,06.0244
2026-05-27T11:08:23.445534,3261.7,05.1128,1.17065,05.9820
2026-05-27T11:08:24.466085,3262.7,05.1130,1.00651,05.1432
2026-05-27T11:08:25.437538,3263.7,05.1089,0.99997,05.0998
2026-05-27T11:08:26.458248,3264.7,05.1134,1.07513,05.4939
2026-05-27T11:08:27.431638,3265.7,05.1058,1.18183,06.0273
2026-05-27T11:08:28.450477,3266.7,05.1088,1.22487,06.2468
2026-05-27T11:08:29.468470,3267.7,05.1092,0.77325,03.9435
2026-05-27T11:08:30.437159,3268.7,05.1122,1.08460,05.5423
2026-05-27T11:08:31.457419,3269.7,05.1081,1.14743,05.8518
2026-05-27T11:08:32.432622,3270.7,05.1000,1.09269,05.5727
2026-05-27T11:08:33.450850,3271.7,05.1076,1.34839,06.8767
2026-05-27T11:08:34.471473,3272.7,05.1064,1.09137,05.5659
2026-05-27T11:08:35.444212,3273.7,05.1078,1.18896,06.0636
2026-05-27T11:08:36.460760,3274.7,05.1130,1.19476,06.1052
2026-05-27T11:08:37.433687,3275.7,05.1009,1.42126,07.2484
2026-05-27T11:08:38.450762,3276.7,05.1119,1.04080,05.3184
2026-05-27T11:08:39.469894,3277.7,05.1080,1.24500,06.3495
2026-05-27T11:08:40.444812,3278.7,05.1089,1.25929,06.4223
2026-05-27T11:08:41.467861,3279.7,05.1051,1.06410,05.4269
2026-05-27T11:08:42.442277,3280.7,05.1084,0.77473,03.9511
2026-05-27T11:08:43.462989,3281.7,05.1078,1.16529,05.9429
2026-05-27T11:08:44.437027,3282.7,05.1123,1.21940,06.2311
2026-05-27T11:08:45.458505,3283.7,05.1108,1.22220,06.2454
2026-05-27T11:08:46.478572,3284.7,05.1087,1.03180,05.2621
2026-05-27T11:08:47.450444,3285.7,05.1011,1.09405,05.5796
2026-05-27T11:08:48.469152,3286.7,05.1075,1.14887,05.8592
2026-05-27T11:08:49.441148,3287.7,05.1084,1.22166,06.2304
2026-05-27T11:08:50.460588,3288.7,05.1151,1.07613,05.4990
2026-05-27T11:08:51.480880,3289.7,05.1047,1.08610,05.5391
2026-05-27T11:08:52.452393,3290.7,05.1011,1.01119,05.1570
2026-05-27T11:08:53.467972,3291.7,05.1087,1.18393,06.0380
2026-05-27T11:08:54.441790,3292.7,05.1041,1.18101,06.0231
2026-05-27T11:08:55.460536,3293.7,05.1079,0.77526,03.9538
2026-05-27T11:08:56.478725,3294.7,05.1048,1.24729,06.3611
2026-05-27T11:08:57.450667,3295.7,05.1098,1.15515,05.8912
2026-05-27T11:08:58.468817,3296.7,05.1128,1.10366,05.6397
2026-05-27T11:08:59.442538,3297.7,05.1069,1.07185,05.4664
2026-05-27T11:09:00.461610,3298.7,05.1117,1.10990,05.6715
2026-05-27T11:09:01.480904,3299.7,05.1100,1.03141,05.2705
2026-05-27T11:09:02.455353,3300.7,05.1101,1.07455,05.4909
2026-05-27T11:09:03.474669,3301.7,05.1103,1.16111,05.9332
2026-05-27T11:09:04.449047,3302.7,05.1078,1.09421,05.5804
2026-05-27T11:09:05.470340,3303.7,05.1092,1.08826,05.5501
2026-05-27T11:09:06.443317,3304.7,05.1048,1.11759,05.6997
2026-05-27T11:09:07.462923,3305.7,05.1108,1.20578,06.1615
2026-05-27T11:09:08.479251,3306.7,05.1089,0.77384,03.9465
2026-05-27T11:09:09.451137,3307.7,05.1075,1.12383,05.7315
2026-05-27T11:09:10.469416,3308.7,05.1205,1.11093,05.6879
2026-05-27T11:09:11.441922,3309.7,05.1112,1.19747,06.1190
2026-05-27T11:09:12.461754,3310.7,05.1022,1.28912,06.5745
2026-05-27T11:09:13.481777,3311.7,05.1083,1.22762,06.2608
2026-05-27T11:09:14.455889,3312.7,05.1133,1.04544,05.3421
2026-05-27T11:09:15.474288,3313.7,05.1089,1.09904,05.6051
2026-05-27T11:09:16.446914,3314.7,05.1133,1.11048,05.6745
2026-05-27T11:09:17.465571,3315.7,05.1126,1.03117,05.2692
2026-05-27T11:09:18.484227,3316.7,05.1105,1.05312,05.3814
2026-05-27T11:09:19.456716,3317.7,05.1048,1.17847,06.0101
2026-05-27T11:09:20.474523,3318.7,05.1014,1.12695,05.7474
2026-05-27T11:09:21.443312,3319.7,05.1089,0.77130,03.9336
2026-05-27T11:09:22.459612,3320.7,05.1089,1.12350,05.7298
2026-05-27T11:09:23.478274,3321.7,05.1087,1.17105,05.9723
2026-05-27T11:09:24.450324,3322.7,05.1030,1.15350,05.8828
2026-05-27T11:09:25.468850,3323.7,05.1074,1.01880,05.1958
2026-05-27T11:09:26.485765,3324.7,05.1059,1.17554,05.9952
2026-05-27T11:09:27.455740,3325.7,05.1105,1.17888,06.0240
2026-05-27T11:09:28.473394,3326.7,05.1045,1.08691,05.5432
2026-05-27T11:09:29.445150,3327.7,05.1056,1.13002,05.7631
2026-05-27T11:09:30.466290,3328.7,05.1020,1.08272,05.5218
2026-05-27T11:09:31.483243,3329.7,05.1122,1.11928,05.7195
2026-05-27T11:09:32.456457,3330.7,05.1055,1.11997,05.7118
2026-05-27T11:09:33.475059,3331.7,05.1123,1.22014,06.2349
2026-05-27T11:09:34.447111,3332.7,05.1076,0.77425,03.9486
2026-05-27T11:09:35.463698,3333.7,05.0955,1.27383,06.4837
2026-05-27T11:09:36.484019,3334.7,05.0895,1.68481,08.5588
2026-05-27T11:09:37.457308,3335.7,05.1084,0.99647,05.0819
2026-05-27T11:09:38.478218,3336.7,05.1023,0.96762,04.9348
2026-05-27T11:09:39.451412,3337.7,05.1072,1.02804,05.2430
2026-05-27T11:09:40.471329,3338.7,05.1084,1.09393,05.5790
2026-05-27T11:09:41.490813,3339.7,05.1066,1.16568,05.9449
2026-05-27T11:09:42.463282,3340.7,05.0995,1.09697,05.5835
2026-05-27T11:09:43.484590,3341.7,05.1092,1.03802,05.2939
2026-05-27T11:09:44.459893,3342.7,05.1098,1.07487,05.4818
2026-05-27T11:09:45.480783,3343.7,05.1108,1.19027,06.0822
2026-05-27T11:09:46.453496,3344.7,05.1108,1.14558,05.8539
2026-05-27T11:09:47.474905,3345.7,05.1087,0.77490,03.9519
2026-05-27T11:09:48.448899,3346.7,05.1070,1.05561,05.3836
2026-05-27T11:09:49.470064,3347.7,05.1073,1.15721,05.9017
2026-05-27T11:09:50.490640,3348.7,05.0986,1.35979,06.9213
2026-05-27T11:09:51.462723,3349.7,05.1177,1.09472,05.5940
2026-05-27T11:09:52.482019,3350.7,05.1011,1.04051,05.3066
2026-05-27T11:09:53.452970,3351.7,05.1076,1.07588,05.4869
2026-05-27T11:09:54.472193,3352.7,05.1095,1.06835,05.4485
2026-05-27T11:09:55.489574,3353.7,05.1087,1.02955,05.2507
2026-05-27T11:09:56.462173,3354.7,05.1103,1.03906,05.3095
2026-05-27T11:09:57.481626,3355.7,05.1139,1.09375,05.5890
2026-05-27T11:09:58.455499,3356.7,05.1087,1.17180,05.9761
2026-05-27T11:09:59.475218,3357.7,05.1083,1.17745,06.0049
2026-05-27T11:10:00.493978,3358.7,05.1086,0.77345,03.9445
2026-05-27T11:10:01.466190,3359.7,05.0964,1.29547,06.5939
2026-05-27T11:10:02.486911,3360.7,05.1092,1.17061,05.9701
2026-05-27T11:10:03.459480,3361.7,05.1126,1.02601,05.2429
2026-05-27T11:10:04.478568,3362.7,05.1020,1.11887,05.7062
2026-05-27T11:10:05.453776,3363.7,05.1048,1.08121,05.5141
2026-05-27T11:10:06.476139,3364.7,05.1100,1.10619,05.6526
2026-05-27T11:10:07.496413,3365.7,05.1103,1.06371,05.4355
2026-05-27T11:10:08.470449,3366.7,05.1094,1.12381,05.7314
2026-05-27T11:10:09.490814,3367.7,05.1055,1.11122,05.6672
2026-05-27T11:10:10.461083,3368.7,05.1145,1.05052,05.3681
2026-05-27T11:10:11.480859,3369.7,05.1092,1.16648,05.9490
2026-05-27T11:10:12.453218,3370.7,05.1083,1.18660,06.0516
2026-05-27T11:10:13.471012,3371.7,05.1088,0.78244,03.9904
2026-05-27T11:10:14.490933,3372.7,05.1088,0.88843,04.5309
2026-05-27T11:10:15.465761,3373.7,05.1026,1.03089,05.2575
2026-05-27T11:10:16.486415,3374.7,05.1036,1.11344,05.6785
2026-05-27T11:10:17.458590,3375.7,05.1103,1.09247,05.5825
2026-05-27T11:10:18.478508,3376.7,05.1075,1.15901,05.9109
2026-05-27T11:10:19.498778,3377.7,05.1044,1.10051,05.6126
2026-05-27T11:10:20.471392,3378.7,05.1061,1.12322,05.7284
2026-05-27T11:10:21.490116,3379.7,05.1070,1.22989,06.2724
2026-05-27T11:10:22.463714,3380.7,05.1089,1.08011,05.5085
2026-05-27T11:10:23.483652,3381.7,05.1050,1.08851,05.5514
2026-05-27T11:10:24.458453,3382.7,05.1122,1.13855,05.8179
2026-05-27T11:10:25.476503,3383.7,05.1056,1.10652,05.6432
2026-05-27T11:10:26.494126,3384.7,05.1066,0.77255,03.9400
2026-05-27T11:10:27.465851,3385.7,05.1014,0.86063,04.3892
2026-05-27T11:10:28.484968,3386.7,05.1073,1.07895,05.5026
2026-05-27T11:10:29.457791,3387.7,05.1085,0.96455,04.9192
2026-05-27T11:10:30.474322,3388.7,05.1108,0.98479,05.0322
2026-05-27T11:10:31.490259,3389.7,05.1039,1.09601,05.5896
2026-05-27T11:10:32.460938,3390.7,05.1109,1.02375,05.2313
2026-05-27T11:10:33.480487,3391.7,05.1084,1.20733,06.1573
2026-05-27T11:10:34.498703,3392.7,05.1051,1.16687,05.9510
2026-05-27T11:10:35.471722,3393.7,05.1103,1.09402,05.5904
2026-05-27T11:10:36.488150,3394.7,05.1059,1.35933,06.9325
2026-05-27T11:10:37.459633,3395.7,05.0945,1.36382,06.9418
2026-05-27T11:10:38.481162,3396.7,05.1081,1.31539,06.7084
2026-05-27T11:10:39.503035,3397.7,05.1059,0.88843,04.5309
2026-05-27T11:10:40.476502,3398.7,05.1056,0.77424,03.9486
2026-05-27T11:10:41.495973,3399.7,05.1048,1.07798,05.4976
2026-05-27T11:10:42.472041,3400.7,05.1034,1.07150,05.4646
2026-05-27T11:10:43.493463,3401.7,05.1081,1.07164,05.4653
2026-05-27T11:10:44.466111,3402.7,05.0931,1.07168,05.4548
2026-05-27T11:10:45.486203,3403.7,05.1019,1.23210,06.2837
2026-05-27T11:10:46.505520,3404.7,05.1055,1.04955,05.3527
2026-05-27T11:10:47.477963,3405.7,05.0986,1.31384,06.6874
2026-05-27T11:10:48.497594,3406.7,05.1155,1.17081,05.9828
2026-05-27T11:10:49.472614,3407.7,05.1095,1.13972,05.8125
2026-05-27T11:10:50.494863,3408.7,05.1042,1.21033,06.1726
2026-05-27T11:10:51.468042,3409.7,05.1112,1.14676,05.8599
2026-05-27T11:10:52.486695,3410.7,05.1092,0.77584,03.9567
2026-05-27T11:10:53.505262,3411.7,05.1048,0.95689,04.8801
2026-05-27T11:10:54.479148,3412.7,05.1095,1.08638,05.5405
2026-05-27T11:10:55.499592,3413.7,05.1031,1.15583,05.8947
2026-05-27T11:10:56.475037,3414.7,05.1092,1.17405,05.9876
2026-05-27T11:10:57.495475,3415.7,05.1164,1.06666,05.4506
2026-05-27T11:10:58.470542,3416.7,05.1156,1.08103,05.5240
2026-05-27T11:10:59.491678,3417.7,05.1069,1.13703,05.7988
2026-05-27T11:11:00.467732,3418.7,05.1081,1.09602,05.5897
2026-05-27T11:11:01.488895,3419.7,05.1112,1.18475,06.0540
2026-05-27T11:11:02.463874,3420.7,05.1081,1.21888,06.2162
2026-05-27T11:11:03.484970,3421.7,05.1047,1.32454,06.7551
2026-05-27T11:11:04.505264,3422.7,05.1012,1.19248,06.0816
2026-05-27T11:11:05.480793,3423.7,05.1092,0.77259,03.9402
2026-05-27T11:11:06.501766,3424.7,05.1074,0.72761,03.7108
2026-05-27T11:11:07.479001,3425.7,05.1068,1.05628,05.3870
2026-05-27T11:11:08.499707,3426.7,05.1097,1.19221,06.0802
2026-05-27T11:11:09.476127,3427.7,05.1062,1.15907,05.9112
2026-05-27T11:11:10.498411,3428.7,05.1100,1.10917,05.6678
2026-05-27T11:11:11.475015,3429.7,05.1091,1.15776,05.9045
2026-05-27T11:11:12.493334,3430.7,05.1087,1.19907,06.1152
2026-05-27T11:11:13.468282,3431.7,05.1094,1.06300,05.4213
2026-05-27T11:11:14.492590,3432.7,05.1134,1.18321,06.0462
2026-05-27T11:11:15.467988,3433.7,05.1114,1.12407,05.7439
2026-05-27T11:11:16.490076,3434.7,05.1151,1.16494,05.9528
2026-05-27T11:11:17.510149,3435.7,05.1076,1.10215,05.6209
2026-05-27T11:11:18.486195,3436.7,05.1075,0.78751,04.0163
2026-05-27T11:11:19.502958,3437.7,05.1076,0.85702,04.3708
2026-05-27T11:11:20.479510,3438.7,05.1083,1.06192,05.4157
2026-05-27T11:11:21.501783,3439.7,05.1014,1.06095,05.4108
2026-05-27T11:11:22.478780,3440.7,05.1055,1.09480,05.5834
2026-05-27T11:11:23.500923,3441.7,05.1116,1.14280,05.8397
2026-05-27T11:11:24.477257,3442.7,05.0980,1.18834,06.0486
2026-05-27T11:11:25.500131,3443.7,05.1095,1.23599,06.3035
2026-05-27T11:11:26.476505,3444.7,05.1181,1.22682,06.2690
2026-05-27T11:11:27.500158,3445.7,05.0948,1.00699,05.1255
2026-05-27T11:11:28.476066,3446.7,05.1023,1.28817,06.5696
2026-05-27T11:11:29.497270,3447.7,05.1059,1.19915,06.1156
2026-05-27T11:11:30.474213,3448.7,05.1036,1.24118,06.3300
2026-05-27T11:11:31.495374,3449.7,05.1106,0.77432,03.9567
2026-05-27T11:11:32.472216,3450.7,05.1059,0.84398,04.3042
2026-05-27T11:11:33.496431,3451.7,05.1012,1.00680,05.1346
2026-05-27T11:11:34.472041,3452.7,05.1034,1.19088,06.0734
2026-05-27T11:11:35.494714,3453.7,05.1100,1.22782,06.2741
2026-05-27T11:11:36.516167,3454.7,05.1035,1.18714,06.0544
2026-05-27T11:11:37.495238,3455.7,05.1037,1.33741,06.8207
2026-05-27T11:11:38.471706,3456.7,05.1062,1.11900,05.7069
2026-05-27T11:11:39.498218,3457.7,05.1112,1.18208,06.0404
2026-05-27T11:11:40.474378,3458.7,05.1094,1.28894,06.5735
2026-05-27T11:11:41.496792,3459.7,05.1097,1.16113,05.9217
2026-05-27T11:11:42.475434,3460.7,05.1150,1.14238,05.8375
2026-05-27T11:11:43.496411,3461.7,05.1081,1.01024,05.1522
2026-05-27T11:11:44.518578,3462.7,05.1063,0.77335,03.9440
2026-05-27T11:11:45.491071,3463.7,05.1077,0.83226,04.2445
2026-05-27T11:11:46.513213,3464.7,05.1042,1.01758,05.1896
2026-05-27T11:11:47.489786,3465.7,05.1078,1.25803,06.4159
2026-05-27T11:11:48.512439,3466.7,05.1148,1.09074,05.5736
2026-05-27T11:11:49.490685,3467.7,05.1044,1.15690,05.9001
2026-05-27T11:11:50.513533,3468.7,05.1017,1.34655,06.8674
2026-05-27T11:11:51.488579,3469.7,05.1200,1.17950,06.0390
2026-05-27T11:11:52.508339,3470.7,05.1222,1.09485,05.6056
2026-05-27T11:11:53.483385,3471.7,05.1092,1.24865,06.3681
2026-05-27T11:11:54.502952,3472.7,05.0947,1.19869,06.1013
2026-05-27T11:11:55.480278,3473.7,05.1011,1.28151,06.5357
2026-05-27T11:11:56.503770,3474.7,05.1011,1.06860,05.4498
2026-05-27T11:11:57.481559,3475.7,05.1075,0.84748,04.3221
2026-05-27T11:11:58.501334,3476.7,05.1079,0.78561,04.0066
2026-05-27T11:11:59.477539,3477.7,05.1123,1.06925,05.4638
2026-05-27T11:12:00.497595,3478.7,05.1077,1.07524,05.4837
2026-05-27T11:12:01.521570,3479.7,05.1094,1.16063,05.9192
2026-05-27T11:12:02.499521,3480.7,05.1070,1.05965,05.4042
2026-05-27T11:12:03.523032,3481.7,05.1091,1.25925,06.4221
2026-05-27T11:12:04.498692,3482.7,05.1178,1.13903,05.8204
2026-05-27T11:12:05.520964,3483.7,05.1105,1.22991,06.2848
2026-05-27T11:12:06.496993,3484.7,05.1039,1.23798,06.3136
2026-05-27T11:12:07.519126,3485.7,05.1062,1.11754,05.6994
2026-05-27T11:12:08.495794,3486.7,05.1017,1.36575,06.9653
2026-05-27T11:12:09.518340,3487.7,05.1062,1.13060,05.7660
2026-05-27T11:12:10.496666,3488.7,05.1044,0.77593,03.9572
2026-05-27T11:12:11.515569,3489.7,05.1087,0.77441,03.9494
2026-05-27T11:12:12.492137,3490.7,05.1087,1.13633,05.7952
2026-05-27T11:12:13.516433,3491.7,05.1056,1.29586,06.6088
2026-05-27T11:12:14.489920,3492.7,05.1019,1.11315,05.6770
2026-05-27T11:12:15.511030,3493.7,05.1028,1.15612,05.8962
2026-05-27T11:12:16.489071,3494.7,05.1086,1.29246,06.5915
2026-05-27T11:12:17.510869,3495.7,05.1028,1.18006,06.0183
2026-05-27T11:12:18.487380,3496.7,05.1053,1.27382,06.4964
2026-05-27T11:12:19.511981,3497.7,05.1084,1.21061,06.1741
2026-05-27T11:12:20.490439,3498.7,05.1031,1.16749,05.9541
2026-05-27T11:12:21.511637,3499.7,05.1059,1.13415,05.7841
2026-05-27T11:12:22.489909,3500.7,05.0992,1.17406,05.9759
2026-05-27T11:12:23.511497,3501.7,05.1103,0.77599,03.9653
2026-05-27T11:12:24.483745,3502.7,05.1103,0.77447,03.9575
2026-05-27T11:12:25.504337,3503.7,05.1134,1.31789,06.7344
2026-05-27T11:12:26.524816,3504.7,05.1022,1.23481,06.2975
2026-05-27T11:12:27.500581,3505.7,05.1122,1.18387,06.0495
2026-05-27T11:12:28.523219,3506.7,05.1033,1.41557,07.2194
2026-05-27T11:12:29.500842,3507.7,05.1164,1.27394,06.5098
2026-05-27T11:12:30.525916,3508.8,05.1116,1.24447,06.3592
2026-05-27T11:12:31.503806,3509.8,05.1108,1.16279,05.9418
2026-05-27T11:12:32.527118,3510.8,05.1058,1.29408,06.5998
2026-05-27T11:12:33.501262,3511.8,05.0956,1.57676,08.0257
2026-05-27T11:12:34.525316,3512.8,05.0880,1.40425,07.1335
2026-05-27T11:12:35.501408,3513.8,05.1037,1.13375,05.7821
2026-05-27T11:12:36.525467,3514.8,05.1028,1.07926,05.5042
2026-05-27T11:12:37.499404,3515.8,05.1080,0.77449,03.9498
2026-05-27T11:12:38.524519,3516.8,05.1082,1.14147,05.8214
2026-05-27T11:12:39.502796,3517.8,05.1122,1.21120,06.1892
2026-05-27T11:12:40.526560,3518.8,05.1058,1.10333,05.6269
2026-05-27T11:12:41.501843,3519.8,05.1119,1.23778,06.3250
2026-05-27T11:12:42.525574,3520.8,05.1103,1.14909,05.8718
2026-05-27T11:12:43.504823,3521.8,05.1144,1.33180,06.8054
2026-05-27T11:12:44.526322,3522.8,05.1020,1.21675,06.2054
2026-05-27T11:12:45.499731,3523.8,05.0994,1.17012,05.9559
2026-05-27T11:12:46.523693,3524.8,05.0941,1.23494,06.2858
2026-05-27T11:12:47.499941,3525.8,05.1089,1.25268,06.3886
2026-05-27T11:12:48.519559,3526.8,05.1106,1.19809,06.1222
2026-05-27T11:12:49.497809,3527.8,05.1094,0.80211,04.0907
2026-05-27T11:12:50.517850,3528.8,05.1080,0.77085,03.9313
2026-05-27T11:12:51.492655,3529.8,05.1112,0.99040,05.0609
2026-05-27T11:12:52.515670,3530.8,05.1042,1.22437,06.2442
2026-05-27T11:12:53.489820,3531.8,05.1053,1.22271,06.2358
2026-05-27T11:12:54.509867,3532.8,05.1031,1.16370,05.9348
2026-05-27T11:12:55.533149,3533.8,05.1022,1.22508,06.2479
2026-05-27T11:12:56.508032,3534.8,05.1177,1.25627,06.4195
2026-05-27T11:12:57.529304,3535.8,05.1112,1.21533,06.2103
2026-05-27T11:12:58.504492,3536.8,05.1112,1.36317,06.9657
2026-05-27T11:12:59.524812,3537.8,05.1175,1.21548,06.2111
2026-05-27T11:13:00.498680,3538.8,05.1030,1.17004,05.9672
2026-05-27T11:13:01.523547,3539.8,05.1045,1.13535,05.7902
2026-05-27T11:13:02.501283,3540.8,05.1108,0.94643,04.8362
2026-05-27T11:13:03.521503,3541.8,05.1071,0.77633,03.9592
2026-05-27T11:13:04.499605,3542.8,05.1073,1.08212,05.5188
2026-05-27T11:13:05.523087,3543.8,05.1133,1.21218,06.1942
2026-05-27T11:13:06.498004,3544.8,05.1089,1.16306,05.9316
2026-05-27T11:13:07.519717,3545.8,05.1039,1.30774,06.6694
2026-05-27T11:13:08.500795,3546.8,05.1087,1.12441,05.7344
2026-05-27T11:13:09.523470,3547.8,05.1094,1.42715,07.2784
2026-05-27T11:13:10.502304,3548.8,05.1125,1.25823,06.4295
2026-05-27T11:13:11.524709,3549.8,05.1116,1.19699,06.1166
2026-05-27T11:13:12.499597,3550.8,05.0970,1.16113,05.9101
2026-05-27T11:13:13.519796,3551.8,05.1022,1.39898,07.1347
2026-05-27T11:13:14.496588,3552.8,05.1017,1.20319,06.1362
2026-05-27T11:13:15.517080,3553.8,05.1120,0.88857,04.5405
2026-05-27T11:13:16.534596,3554.8,05.1061,0.77107,03.9324
2026-05-27T11:13:17.511655,3555.8,05.1117,1.07413,05.4888
2026-05-27T11:13:18.534439,3556.8,05.1059,1.25923,06.4220
2026-05-27T11:13:19.511026,3557.8,05.1137,1.12826,05.7654
2026-05-27T11:13:20.532111,3558.8,05.1119,1.27905,06.5359
2026-05-27T11:13:21.508203,3559.8,05.1089,1.27080,06.4810
2026-05-27T11:13:22.529171,3560.8,05.0962,1.27704,06.5001
2026-05-27T11:13:23.505106,3561.8,05.1161,1.18091,06.0344
2026-05-27T11:13:24.529625,3562.8,05.1139,1.16067,05.9310
2026-05-27T11:13:25.507498,3563.8,05.1000,1.36741,06.9737
2026-05-27T11:13:26.529114,3564.8,05.0997,1.32017,06.7196
2026-05-27T11:13:27.505933,3565.8,05.1092,1.15815,05.9065
2026-05-27T11:13:28.527588,3566.8,05.1081,0.94679,04.8286
2026-05-27T11:13:29.503159,3567.8,05.1071,0.77440,03.9494
2026-05-27T11:13:30.526860,3568.8,05.1116,1.02478,05.2366
2026-05-27T11:13:31.505439,3569.8,05.1100,1.22206,06.2447
2026-05-27T11:13:32.527230,3570.8,05.1073,1.23465,06.2967
2026-05-27T11:13:33.503922,3571.8,05.1039,1.13832,05.8054
2026-05-27T11:13:34.525607,3572.8,05.1030,1.21258,06.1841
2026-05-27T11:13:35.500053,3573.8,05.1106,1.24759,06.3751
2026-05-27T11:13:36.523172,3574.8,05.1014,1.32235,06.7439
2026-05-27T11:13:37.499059,3575.8,05.1009,1.25157,06.3830
2026-05-27T11:13:38.520891,3576.8,05.1031,1.25210,06.3857
2026-05-27T11:13:39.498435,3577.8,05.1086,1.16151,05.9237
2026-05-27T11:13:40.521857,3578.8,05.1105,1.16003,05.9277
2026-05-27T11:13:41.543890,3579.8,05.1069,1.03191,05.2627
2026-05-27T11:13:42.518443,3580.8,05.1064,0.77559,03.9555
2026-05-27T11:13:43.543035,3581.8,05.1112,1.15780,05.9163
2026-05-27T11:13:44.518590,3582.8,05.0995,1.28368,06.5339
2026-05-27T11:13:45.539895,3583.8,05.1089,1.17230,05.9787
2026-05-27T11:13:46.514881,3584.8,05.1053,1.46721,07.4827
2026-05-27T11:13:47.536053,3585.8,05.1034,1.33677,06.8175
2026-05-27T11:13:48.513258,3586.8,05.1131,1.27354,06.5077
2026-05-27T11:13:49.534166,3587.8,05.0969,1.26632,06.4455
2026-05-27T11:13:50.512648,3588.8,05.1142,1.25834,06.4301
2026-05-27T11:13:51.535725,3589.8,05.1070,1.23384,06.2925
2026-05-27T11:13:52.514426,3590.8,05.1075,1.13732,05.8003
2026-05-27T11:13:53.534983,3591.8,05.1080,0.98917,05.0447
2026-05-27T11:13:54.513867,3592.8,05.0970,1.06587,05.4252
2026-05-27T11:13:55.532622,3593.8,05.1086,0.77312,03.9429
2026-05-27T11:13:56.507716,3594.8,05.1069,1.05829,05.3972
2026-05-27T11:13:57.529957,3595.8,05.1026,1.38554,07.0662
2026-05-27T11:13:58.504733,3596.8,05.1072,1.23865,06.3171
2026-05-27T11:13:59.525221,3597.8,05.1234,1.37962,07.0636
2026-05-27T11:14:00.501922,3598.8,05.1051,1.28102,06.5332
2026-05-27T11:14:01.523326,3599.8,05.0901,1.60656,08.1773
2026-05-27T11:14:02.544875,3600.8,05.1078,1.23503,06.2986
2026-05-27T11:14:03.519143,3601.8,05.1075,1.39009,07.0894
2026-05-27T11:14:04.538114,3602.8,05.1070,1.39337,07.1061
2026-05-27T11:14:05.513317,3603.8,05.1081,1.34881,06.8789
2026-05-27T11:14:06.534267,3604.8,05.0997,1.15171,05.8622
2026-05-27T11:14:07.507822,3605.8,05.1072,1.12397,05.7322
2026-05-27T11:14:08.526097,3606.8,05.1079,0.77208,03.9376
2026-05-27T11:14:09.547013,3607.8,05.1008,1.06621,05.4376
2026-05-27T11:14:10.520731,3608.8,05.1116,1.25786,06.4276
2026-05-27T11:14:11.541417,3609.8,05.1045,1.14481,05.8385
2026-05-27T11:14:12.518680,3610.8,05.1081,1.44769,07.3832
2026-05-27T11:14:13.539690,3611.8,05.1137,1.30267,06.6566
2026-05-27T11:14:14.514547,3612.8,05.1085,1.22493,06.2471
2026-05-27T11:14:15.536483,3613.8,05.1020,1.17302,05.9824
2026-05-27T11:14:16.511273,3614.8,05.1066,1.46287,07.4606
2026-05-27T11:14:17.532979,3615.8,05.1055,1.14623,05.8457
2026-05-27T11:14:18.509221,3616.8,05.1062,1.21435,06.1931
2026-05-27T11:14:19.533851,3617.8,05.1133,1.09991,05.6205
2026-05-27T11:14:20.507292,3618.8,05.1087,1.22556,06.2503
2026-05-27T11:14:21.526709,3619.8,05.1085,0.77276,03.9410
2026-05-27T11:14:22.549853,3620.8,05.1069,1.04970,05.3534
2026-05-27T11:14:23.524924,3621.8,05.1037,1.06286,05.4205
2026-05-27T11:14:24.548137,3622.8,05.1191,1.15101,05.8816
2026-05-27T11:14:25.526511,3623.8,05.1100,1.14452,05.8484
2026-05-27T11:14:26.549806,3624.8,05.1016,1.27613,06.5082
2026-05-27T11:14:27.526815,3625.8,05.1142,1.24601,06.3671
2026-05-27T11:14:28.550439,3626.8,05.1103,1.27180,06.4988
2026-05-27T11:14:29.526331,3627.8,05.1122,1.21160,06.1912
2026-05-27T11:14:30.548605,3628.8,05.1008,1.09196,05.5689
2026-05-27T11:14:31.525332,3629.8,05.1085,1.21009,06.1714
2026-05-27T11:14:32.546595,3630.8,05.1058,1.10711,05.6462
2026-05-27T11:14:33.523131,3631.8,05.1042,1.16240,05.9282
2026-05-27T11:14:34.541416,3632.8,05.1080,0.77609,03.9580
2026-05-27T11:14:35.516266,3633.8,05.0984,1.20482,06.1325
2026-05-27T11:14:36.536414,3634.8,05.1123,1.18080,06.0338
2026-05-27T11:14:37.512518,3635.8,05.0995,1.14617,05.8340
2026-05-27T11:14:38.535230,3636.8,05.1001,1.62220,08.2732
2026-05-27T11:14:39.554266,3637.8,05.1053,1.20508,06.1459
2026-05-27T11:14:40.527575,3638.8,05.1070,1.30095,06.6348
2026-05-27T11:14:41.547955,3639.8,05.0934,1.40089,07.1305
2026-05-27T11:14:42.523632,3640.8,05.1000,1.32734,06.7694
2026-05-27T11:14:43.545329,3641.8,05.1093,1.18330,06.0348
2026-05-27T11:14:44.520776,3642.8,05.1088,1.19396,06.0891
2026-05-27T11:14:45.540034,3643.8,05.1067,1.04735,05.3414
2026-05-27T11:14:46.516039,3644.8,05.1092,1.23236,06.2850
2026-05-27T11:14:47.535020,3645.8,05.1090,0.77256,03.9400
2026-05-27T11:14:48.558166,3646.8,05.1017,1.20880,06.1648
2026-05-27T11:14:49.531637,3647.8,05.1106,1.23997,06.3362
2026-05-27T11:14:50.551070,3648.8,05.1147,1.23567,06.3142
2026-05-27T11:14:51.524128,3649.8,05.1075,1.26581,06.4556
2026-05-27T11:14:52.547453,3650.8,05.0944,1.38073,07.0279
2026-05-27T11:14:53.523942,3651.8,05.1105,1.28326,06.5574
2026-05-27T11:14:54.549223,3652.8,05.1081,1.23142,06.2802
2026-05-27T11:14:55.526143,3653.8,05.1025,1.27426,06.4987
2026-05-27T11:14:56.549039,3654.8,05.1006,1.27668,06.5110
2026-05-27T11:14:57.522572,3655.8,05.1167,1.10658,05.6546
2026-05-27T11:14:58.544529,3656.8,05.1103,1.23788,06.3255
2026-05-27T11:14:59.519708,3657.8,05.1130,1.10921,05.6680
2026-05-27T11:15:00.539541,3658.8,05.1073,0.80414,04.1011
2026-05-27T11:15:01.560801,3659.8,05.1014,1.11978,05.7108
2026-05-27T11:15:02.535604,3660.8,05.1064,1.28347,06.5456
2026-05-27T11:15:03.556309,3661.8,05.1108,1.27687,06.5248
2026-05-27T11:15:04.532066,3662.8,05.0983,1.49046,07.5864
2026-05-27T11:15:05.551873,3663.8,05.0951,1.09284,05.5625
2026-05-27T11:15:06.528986,3664.8,05.1172,1.27405,06.5103
2026-05-27T11:15:07.550794,3665.8,05.1039,1.18483,06.0426
2026-05-27T11:15:08.526489,3666.8,05.1101,1.10466,05.6448
2026-05-27T11:15:09.548095,3667.8,05.1156,1.24975,06.3862
2026-05-27T11:15:10.523131,3668.8,05.1144,1.29723,06.6288
2026-05-27T11:15:11.544605,3669.8,05.1067,1.09840,05.6018
2026-05-27T11:15:12.519569,3670.8,05.0987,1.20251,06.1207
2026-05-27T11:15:13.534124,3671.8,05.1087,0.77561,03.9556
2026-05-27T11:15:14.551341,3672.8,05.1059,1.08651,05.5412
2026-05-27T11:15:15.523602,3673.8,05.1148,1.17185,05.9881
2026-05-27T11:15:16.543102,3674.8,05.0994,1.24777,06.3511
2026-05-27T11:15:17.563636,3675.8,05.1072,1.38258,07.0511
2026-05-27T11:15:18.537988,3676.8,05.0994,1.15440,05.8758
2026-05-27T11:15:19.561705,3677.8,05.1092,1.22280,06.2362
2026-05-27T11:15:20.535470,3678.8,05.0992,1.10726,05.6359
2026-05-27T11:15:21.557062,3679.8,05.1094,1.18910,06.0644
2026-05-27T11:15:22.531909,3680.8,05.1091,1.35075,06.8888
2026-05-27T11:15:23.554415,3681.8,05.1155,1.15761,05.9153
2026-05-27T11:15:24.529148,3682.8,05.1056,1.13018,05.7639
2026-05-27T11:15:25.550542,3683.8,05.1142,1.09597,05.6004
2026-05-27T11:15:26.524553,3684.8,05.1092,0.77211,03.9377
2026-05-27T11:15:27.541136,3685.8,05.1109,1.16533,05.9548
2026-05-27T11:15:28.561031,3686.8,05.1044,1.42858,07.2857
2026-05-27T11:15:29.537004,3687.8,05.1180,1.24485,06.3611
2026-05-27T11:15:30.557297,3688.8,05.1006,1.61940,08.2589
2026-05-27T11:15:31.533286,3689.8,05.1064,1.25561,06.4036
2026-05-27T11:15:32.554884,3690.8,05.1055,1.41259,07.2042
2026-05-27T11:15:33.530982,3691.8,05.1041,1.09233,05.5708
2026-05-27T11:15:34.552803,3692.8,05.1102,1.19512,06.1070
2026-05-27T11:15:35.527037,3693.8,05.0984,1.47312,07.4981
2026-05-27T11:15:36.545945,3694.8,05.1126,1.17920,06.0257
2026-05-27T11:15:37.562736,3695.8,05.1055,1.09971,05.6085
2026-05-27T11:15:38.536779,3696.8,05.0972,1.11666,05.6837
2026-05-27T11:15:39.556416,3697.8,05.1101,0.77350,03.9525
2026-05-27T11:15:40.528164,3698.8,05.0991,1.28004,06.5154
2026-05-27T11:15:41.545844,3699.8,05.1106,1.43935,07.3550
2026-05-27T11:15:42.562325,3700.8,05.1078,1.32017,06.7328
2026-05-27T11:15:43.534723,3701.8,05.0972,1.24295,06.3266
2026-05-27T11:15:44.555236,3702.8,05.1089,1.25822,06.4169
2026-05-27T11:15:45.528473,3703.8,05.1096,1.19632,06.1012
2026-05-27T11:15:46.547603,3704.8,05.0991,1.15881,05.8983
2026-05-27T11:15:47.568724,3705.8,05.1075,1.08469,05.5319
2026-05-27T11:15:48.544956,3706.8,05.1008,1.17213,05.9778
2026-05-27T11:15:49.564388,3707.8,05.1011,1.10788,05.6501
2026-05-27T11:15:50.541764,3708.8,05.1064,1.08583,05.5377
2026-05-27T11:15:51.562835,3709.8,05.1125,1.11816,05.7137
2026-05-27T11:15:52.535846,3710.8,05.1089,0.77409,03.9478
2026-05-27T11:15:53.556739,3711.8,05.1047,1.11985,05.7112
2026-05-27T11:15:54.535568,3712.8,05.0939,1.49460,07.6075
2026-05-27T11:15:55.556067,3713.8,05.1039,1.31431,06.7029
2026-05-27T11:15:56.530582,3714.8,05.1111,1.13297,05.7894
2026-05-27T11:15:57.553784,3715.8,05.1077,1.24273,06.3379
2026-05-27T11:15:58.531604,3716.8,05.1084,1.09782,05.5988
2026-05-27T11:15:59.553760,3717.8,05.1148,1.15412,05.8975
2026-05-27T11:16:00.531412,3718.8,05.0947,1.27953,06.5128
2026-05-27T11:16:01.553779,3719.8,05.0984,1.11688,05.6849
2026-05-27T11:16:02.573464,3720.8,05.1023,1.30591,06.6601
2026-05-27T11:16:03.547318,3721.8,05.1012,1.17751,06.0053
2026-05-27T11:16:04.569611,3722.8,05.1056,1.15085,05.8693
2026-05-27T11:16:05.544191,3723.8,05.1092,0.77442,03.9495
2026-05-27T11:16:06.565217,3724.8,05.0920,1.07027,05.4476
2026-05-27T11:16:07.542874,3725.8,05.1006,1.22020,06.2230
2026-05-27T11:16:08.562622,3726.8,05.1064,1.19538,06.0964
2026-05-27T11:16:09.539705,3727.8,05.1056,1.41447,07.2137
2026-05-27T11:16:10.562088,3728.8,05.1084,1.24731,06.3612
2026-05-27T11:16:11.540634,3729.8,05.1041,1.54387,07.8737
2026-05-27T11:16:12.563582,3730.8,05.1133,1.22299,06.2494
2026-05-27T11:16:13.541248,3731.8,05.0984,1.24942,06.3595
2026-05-27T11:16:14.564977,3732.8,05.1159,1.09997,05.6208
2026-05-27T11:16:15.541222,3733.8,05.1047,1.12919,05.7588
2026-05-27T11:16:16.559952,3734.8,05.0978,1.16786,05.9444
2026-05-27T11:16:17.534643,3735.8,05.1106,1.23656,06.3188
2026-05-27T11:16:18.554827,3736.8,05.1092,0.77606,03.9579
2026-05-27T11:16:19.574902,3737.8,05.0964,1.01458,05.1642
2026-05-27T11:16:20.549485,3738.8,05.0972,1.19203,06.0674
2026-05-27T11:16:21.570703,3739.8,05.1103,1.25784,06.4275
2026-05-27T11:16:22.545570,3740.8,05.1091,1.20604,06.1508
2026-05-27T11:16:23.566723,3741.8,05.0895,1.18913,06.0407
2026-05-27T11:16:24.541552,3742.8,05.1084,1.10401,05.6304
2026-05-27T11:16:25.560594,3743.8,05.1139,1.09302,05.5853
2026-05-27T11:16:26.535143,3744.8,05.1087,1.12240,05.7242
2026-05-27T11:16:27.559340,3745.8,05.1083,1.16412,05.9370
2026-05-27T11:16:28.533726,3746.8,05.0903,1.14218,05.8136
2026-05-27T11:16:29.555012,3747.8,05.1012,1.01673,05.1853
2026-05-27T11:16:30.574048,3748.8,05.1050,1.18220,06.0292
2026-05-27T11:16:31.548543,3749.8,05.1081,0.77951,03.9755
2026-05-27T11:16:32.568666,3750.8,05.1008,1.05331,05.3718
2026-05-27T11:16:33.543069,3751.8,05.1120,1.22337,06.2514
2026-05-27T11:16:34.563852,3752.8,05.1173,1.18154,06.0376
2026-05-27T11:16:35.538281,3753.8,05.1089,1.23074,06.2767
2026-05-27T11:16:36.557183,3754.8,05.1091,1.11032,05.6626
2026-05-27T11:16:37.576763,3755.8,05.1012,1.19200,06.0792
2026-05-27T11:16:38.550795,3756.8,05.1066,1.12575,05.7413
2026-05-27T11:16:39.575056,3757.8,05.1008,1.14859,05.8578
2026-05-27T11:16:40.550223,3758.8,05.1076,1.20548,06.1479
2026-05-27T11:16:41.571858,3759.8,05.0981,1.30138,06.6240
2026-05-27T11:16:42.544813,3760.8,05.1058,1.23165,06.2814
2026-05-27T11:16:43.568886,3761.8,05.1026,1.06562,05.4346
2026-05-27T11:16:44.542944,3762.8,05.1068,0.77580,03.9565
2026-05-27T11:16:45.562568,3763.8,05.1106,1.17424,06.0003
2026-05-27T11:16:46.539754,3764.8,05.1012,1.23740,06.3107
2026-05-27T11:16:47.561920,3765.8,05.1036,1.16588,05.9459
2026-05-27T11:16:48.582581,3766.8,05.1080,1.31926,06.7282
2026-05-27T11:16:49.559014,3767.8,05.1050,1.07238,05.4691
2026-05-27T11:16:50.578316,3768.8,05.1091,1.13574,05.7922
2026-05-27T11:16:51.556282,3769.8,05.1139,1.27300,06.5050
2026-05-27T11:16:52.577755,3770.8,05.1108,1.36402,06.9701
2026-05-27T11:16:53.557396,3771.8,05.1061,1.25409,06.3958
2026-05-27T11:16:54.579032,3772.8,05.1056,1.22272,06.2358
2026-05-27T11:16:55.553285,3773.8,05.1097,1.16223,05.9273
2026-05-27T11:16:56.574986,3774.8,05.1098,1.15905,05.9111
2026-05-27T11:16:57.552587,3775.8,05.1090,0.77255,03.9400
2026-05-27T11:16:58.573108,3776.8,05.1145,1.16331,05.9445
2026-05-27T11:16:59.548837,3777.8,05.0970,1.51255,07.6988
2026-05-27T11:17:00.569614,3778.8,05.1076,1.31159,06.6891
2026-05-27T11:17:01.544126,3779.8,05.1166,1.00404,05.1306
2026-05-27T11:17:02.566901,3780.8,05.1126,1.15699,05.9122
2026-05-27T11:17:03.542545,3781.8,05.1103,1.08141,05.5260
2026-05-27T11:17:04.565116,3782.8,05.1069,1.09249,05.5716
2026-05-27T11:17:05.587645,3783.8,05.1119,1.14538,05.8528
2026-05-27T11:17:06.562081,3784.8,05.1116,1.33122,06.8025
2026-05-27T11:17:07.583124,3785.8,05.0934,1.31048,06.6703
2026-05-27T11:17:08.558918,3786.8,05.1103,1.11788,05.7123
2026-05-27T11:17:09.581165,3787.8,05.1134,1.29269,06.6056
2026-05-27T11:17:10.556587,3788.8,05.1098,0.77391,03.9469
2026-05-27T11:17:11.576691,3789.8,05.1031,1.26574,06.4552
2026-05-27T11:17:12.552853,3790.8,05.1086,1.54209,07.8646
2026-05-27T11:17:13.576373,3791.8,05.1059,1.25763,06.4139
2026-05-27T11:17:14.554143,3792.8,05.1049,1.14410,05.8349
2026-05-27T11:17:15.581020,3793.8,05.1106,1.14728,05.8626
2026-05-27T11:17:16.556961,3794.8,05.1076,1.09714,05.5954
2026-05-27T11:17:17.580263,3795.8,05.1106,1.13439,05.7967
2026-05-27T11:17:18.557022,3796.8,05.1048,1.03831,05.2953
2026-05-27T11:17:19.579129,3797.8,05.1080,1.23129,06.2795
2026-05-27T11:17:20.553669,3798.8,05.1076,1.19479,06.0934
2026-05-27T11:17:21.574659,3799.8,05.1116,1.24067,06.3398
2026-05-27T11:17:22.550138,3800.8,05.1088,1.18090,06.0225
2026-05-27T11:17:23.569694,3801.8,05.1093,0.77407,03.9477
2026-05-27T11:17:24.589525,3802.8,05.1133,1.15870,05.9209
2026-05-27T11:17:25.562960,3803.8,05.1066,1.50232,07.6618
2026-05-27T11:17:26.583464,3804.8,05.1098,1.32377,06.7512
2026-05-27T11:17:27.556903,3805.8,05.0905,1.40626,07.1578
2026-05-27T11:17:28.576192,3806.8,05.1026,1.24959,06.3729
2026-05-27T11:17:29.550415,3807.8,05.1039,1.06482,05.4305
2026-05-27T11:17:30.570403,3808.8,05.1105,1.05446,05.3882
2026-05-27T11:17:31.590121,3809.8,05.1105,1.09373,05.5889
2026-05-27T11:17:32.562933,3810.8,05.1116,1.22476,06.2585
2026-05-27T11:17:33.582586,3811.8,05.1061,1.04820,05.3458
2026-05-27T11:17:34.556897,3812.8,05.1130,1.19949,06.1293
2026-05-27T11:17:35.575692,3813.8,05.1098,1.27106,06.4824
2026-05-27T11:17:36.550582,3814.8,05.1092,0.77409,03.9478
2026-05-27T11:17:37.567027,3815.8,05.1123,1.05002,05.3656
2026-05-27T11:17:38.585703,3816.8,05.1123,1.28308,06.5565
2026-05-27T11:17:39.561900,3817.8,05.0950,1.27644,06.4970
2026-05-27T11:17:40.584455,3818.8,05.1103,1.25351,06.4054
2026-05-27T11:17:41.561894,3819.8,05.1101,1.31691,06.7294
2026-05-27T11:17:42.581734,3820.8,05.1186,1.11965,05.7214
2026-05-27T11:17:43.556399,3821.8,05.1100,1.03349,05.2811
2026-05-27T11:17:44.577254,3822.8,05.1164,1.03071,05.2669
2026-05-27T11:17:45.552605,3823.8,05.1030,1.18152,06.0257
2026-05-27T11:17:46.574430,3824.8,05.1019,1.02982,05.2520
2026-05-27T11:17:47.594844,3825.8,05.1119,1.05663,05.3993
2026-05-27T11:17:48.573741,3826.8,05.1120,1.23074,06.2890
2026-05-27T11:17:49.592780,3827.8,05.1110,0.77596,03.9651
2026-05-27T11:17:50.565822,3828.8,05.1116,1.13274,05.7883
2026-05-27T11:17:51.586793,3829.8,05.0987,1.15076,05.8573
2026-05-27T11:17:52.559906,3830.8,05.1107,1.11925,05.7193
2026-05-27T11:17:53.579154,3831.8,05.1026,1.22880,06.2668
2026-05-27T11:17:54.555117,3832.8,05.0981,1.07455,05.4694
2026-05-27T11:17:55.577797,3833.8,05.1070,1.22947,06.2702
2026-05-27T11:17:56.554119,3834.8,05.1075,1.04256,05.3170
2026-05-27T11:17:57.577593,3835.8,05.1056,1.11940,05.7089
2026-05-27T11:17:58.555451,3836.8,05.1075,1.07928,05.5043
2026-05-27T11:17:59.575075,3837.8,05.1125,1.04647,05.3474
2026-05-27T11:18:00.594858,3838.8,05.1031,1.23466,06.2967
2026-05-27T11:18:01.568411,3839.8,05.1078,1.22617,06.2534
2026-05-27T11:18:02.588278,3840.8,05.1070,0.77283,03.9414
2026-05-27T11:18:03.562386,3841.8,05.1105,1.00824,05.1521
2026-05-27T11:18:04.585676,3842.8,05.1075,1.23234,06.2849
2026-05-27T11:18:05.559070,3843.8,05.0989,1.23424,06.2822
2026-05-27T11:18:06.583857,3844.8,05.1088,1.09454,05.5821
2026-05-27T11:18:07.560532,3845.8,05.1091,1.07684,05.4918
2026-05-27T11:18:08.583786,3846.8,05.1006,0.99669,05.0831
2026-05-27T11:18:09.558083,3847.8,05.1133,1.15131,05.8831
2026-05-27T11:18:10.580767,3848.8,05.1094,1.17333,05.9839
2026-05-27T11:18:11.601717,3849.8,05.1097,1.07938,05.5048
2026-05-27T11:18:12.575394,3850.8,05.1048,1.07888,05.5022
2026-05-27T11:18:13.598106,3851.8,05.1197,1.19541,06.1085
2026-05-27T11:18:14.574515,3852.8,05.1097,1.14535,05.8412
2026-05-27T11:18:15.599276,3853.8,05.1084,0.77306,03.9426
2026-05-27T11:18:16.574996,3854.8,05.1156,1.01952,05.2097
2026-05-27T11:18:17.596112,3855.8,05.1058,1.10239,05.6221
2026-05-27T11:18:18.571139,3856.8,05.1062,1.11626,05.6929
2026-05-27T11:18:19.591324,3857.8,05.1167,1.02290,05.2270
2026-05-27T11:18:20.565255,3858.8,05.1045,1.12116,05.7179
2026-05-27T11:18:21.584597,3859.8,05.1066,1.16656,05.9494
2026-05-27T11:18:22.601813,3860.8,05.1137,1.27729,06.5269
2026-05-27T11:18:23.577627,3861.8,05.1080,1.11138,05.6680
2026-05-27T11:18:24.597462,3862.8,05.1079,1.02355,05.2201
2026-05-27T11:18:25.572608,3863.8,05.1044,1.13384,05.7825
2026-05-27T11:18:26.594035,3864.8,05.1097,1.36094,06.9407
2026-05-27T11:18:27.564524,3865.8,05.1028,1.21115,06.1768
2026-05-27T11:18:28.583401,3866.8,05.1083,0.77742,03.9648
2026-05-27T11:18:29.601226,3867.8,05.1071,1.22992,06.2725
2026-05-27T11:18:30.573786,3868.8,05.1058,1.06356,05.4241
2026-05-27T11:18:31.592137,3869.8,05.1087,1.07327,05.4736
2026-05-27T11:18:32.564406,3870.8,05.1117,1.11004,05.6723
2026-05-27T11:18:33.582432,3871.8,05.1069,1.00911,05.1464
2026-05-27T11:18:34.600479,3872.8,05.1145,1.04016,05.3152
2026-05-27T11:18:35.575012,3873.8,05.1034,1.00988,05.1503
2026-05-27T11:18:36.591703,3874.8,05.1022,1.09103,05.5642
2026-05-27T11:18:37.567003,3875.8,05.1103,1.28315,06.5568
2026-05-27T11:18:38.586969,3876.8,05.1089,1.04688,05.3390
2026-05-27T11:18:39.604509,3877.8,05.1086,1.00032,05.1016
2026-05-27T11:18:40.576427,3878.8,05.1081,1.29136,06.5859
2026-05-27T11:18:41.593739,3879.8,05.1089,0.77675,03.9614
2026-05-27T11:18:42.564880,3880.8,05.1070,1.25899,06.4208
2026-05-27T11:18:43.585047,3881.8,05.1097,1.18060,06.0210
2026-05-27T11:18:44.605050,3882.8,05.1036,1.03069,05.2565
2026-05-27T11:18:45.578787,3883.8,05.1114,1.17527,06.0056
2026-05-27T11:18:46.599049,3884.8,05.1044,1.02745,05.2399
2026-05-27T11:18:47.574465,3885.8,05.1117,1.04591,05.3446
2026-05-27T11:18:48.593223,3886.8,05.1100,1.02628,05.2442
2026-05-27T11:18:49.571251,3887.8,05.1059,1.02482,05.2265
2026-05-27T11:18:50.588933,3888.8,05.1106,1.08485,05.5435
2026-05-27T11:18:51.606690,3889.8,05.1087,1.06054,05.4087
2026-05-27T11:18:52.582670,3890.8,05.0978,1.06354,05.4134
2026-05-27T11:18:53.602948,3891.8,05.1048,1.11907,05.7072
2026-05-27T11:18:54.575028,3892.8,05.1083,0.77579,03.9565
2026-05-27T11:18:55.594404,3893.8,05.1083,0.88845,04.5310
2026-05-27T11:18:56.569476,3894.8,05.1050,1.18263,06.0314
2026-05-27T11:18:57.589738,3895.8,05.1050,1.20418,06.1413
2026-05-27T11:18:58.611112,3896.8,05.1070,1.08484,05.5326
2026-05-27T11:18:59.588220,3897.8,05.1130,1.08413,05.5399
2026-05-27T11:19:00.606717,3898.8,05.1120,1.09989,05.6204
2026-05-27T11:19:01.579791,3899.8,05.1067,1.09496,05.5842
2026-05-27T11:19:02.599295,3900.8,05.1136,1.04821,05.3563
2026-05-27T11:19:03.574005,3901.8,05.1147,1.05899,05.4114
2026-05-27T11:19:04.595569,3902.8,05.1053,1.04530,05.3310
2026-05-27T11:19:05.569244,3903.8,05.1159,1.20785,06.1721
2026-05-27T11:19:06.586973,3904.8,05.1117,0.98690,05.0430
2026-05-27T11:19:07.605609,3905.8,05.1089,0.77593,03.9572
2026-05-27T11:19:08.574815,3906.8,05.1086,0.93021,04.7440
2026-05-27T11:19:09.594419,3907.8,05.1097,1.08579,05.5375
2026-05-27T11:19:10.614282,3908.8,05.1025,1.11601,05.6916
2026-05-27T11:19:11.587715,3909.8,05.1097,0.97338,04.9642
2026-05-27T11:19:12.608059,3910.8,05.1097,1.02392,05.2219
2026-05-27T11:19:13.582890,3911.8,05.0991,1.09498,05.5734
2026-05-27T11:19:14.604571,3912.8,05.1101,1.12414,05.7443
2026-05-27T11:19:15.576856,3913.8,05.1039,1.10714,05.6464
2026-05-27T11:19:16.596200,3914.8,05.1094,1.04586,05.3338
2026-05-27T11:19:17.614619,3915.8,05.1070,1.10768,05.6491
2026-05-27T11:19:18.587332,3916.8,05.1156,1.12455,05.7464
2026-05-27T11:19:19.605948,3917.8,05.1036,1.25747,06.4130
2026-05-27T11:19:20.577212,3918.8,05.1100,0.77455,03.9579
2026-05-27T11:19:21.595250,3919.8,05.1061,0.88660,04.5216
2026-05-27T11:19:22.612274,3920.8,05.1042,1.01988,05.2013
2026-05-27T11:19:23.585047,3921.8,05.1081,1.08784,05.5479
2026-05-27T11:19:24.602692,3922.8,05.1042,1.02105,05.2073
2026-05-27T11:19:25.573937,3923.8,05.1080,1.03547,05.2808
2026-05-27T11:19:26.593275,3924.8,05.1056,1.07142,05.4642
2026-05-27T11:19:27.611786,3925.8,05.1128,1.03945,05.3115
2026-05-27T11:19:28.583739,3926.8,05.1095,1.14279,05.8282
2026-05-27T11:19:29.603911,3927.8,05.1079,1.12771,05.7513
2026-05-27T11:19:30.576208,3928.8,05.1109,1.19321,06.0973
2026-05-27T11:19:31.598685,3929.8,05.1164,1.13618,05.8058
2026-05-27T11:19:32.574832,3930.8,05.1098,1.14764,05.8529
2026-05-27T11:19:33.592707,3931.8,05.1094,0.77597,03.9574
2026-05-27T11:19:34.609765,3932.8,05.1085,1.01472,05.1750
2026-05-27T11:19:35.582031,3933.8,05.1088,1.08523,05.5346
2026-05-27T11:19:36.599670,3934.8,05.1087,1.23237,06.2850
2026-05-27T11:19:37.619149,3935.8,05.1003,0.96504,04.9217
2026-05-27T11:19:38.591750,3936.8,05.1126,1.12509,05.7492
2026-05-27T11:19:39.609166,3937.8,05.1089,1.04647,05.3369
2026-05-27T11:19:40.582422,3938.8,05.1103,1.05002,05.3656
2026-05-27T11:19:41.600722,3939.8,05.1108,1.08802,05.5597
2026-05-27T11:19:42.619582,3940.8,05.0964,1.22668,06.2438
2026-05-27T11:19:43.592085,3941.8,05.1151,1.12217,05.7342
2026-05-27T11:19:44.609669,3942.8,05.1123,1.14669,05.8595
2026-05-27T11:19:45.583277,3943.8,05.1131,1.11865,05.7163
2026-05-27T11:19:46.602121,3944.8,05.1091,0.77362,03.9454
2026-05-27T11:19:47.617785,3945.8,05.1095,0.96528,04.9229
2026-05-27T11:19:48.590866,3946.8,05.1064,1.17108,05.9725
2026-05-27T11:19:49.607895,3947.8,05.1070,1.20622,06.1517
2026-05-27T11:19:50.580013,3948.8,05.1016,1.09393,05.5790
2026-05-27T11:19:51.599953,3949.8,05.1170,1.13918,05.8212
2026-05-27T11:19:52.619423,3950.8,05.1142,1.10209,05.6316
2026-05-27T11:19:53.592070,3951.8,05.0930,1.11523,05.6765
2026-05-27T11:19:54.613052,3952.8,05.1074,1.05754,05.3934
2026-05-27T11:19:55.584647,3953.8,05.1103,1.04984,05.3646
2026-05-27T11:19:56.602367,3954.8,05.1103,1.21649,06.2162
2026-05-27T11:19:57.623588,3955.8,05.1041,1.15368,05.8837
2026-05-27T11:19:58.596561,3956.8,05.1061,1.17999,06.0179
2026-05-27T11:19:59.614836,3957.8,05.1091,0.77292,03.9418
2026-05-27T11:20:00.588109,3958.8,05.1082,0.92539,04.7194
2026-05-27T11:20:01.610250,3959.8,05.1120,1.05142,05.3727
2026-05-27T11:20:02.586811,3960.8,05.1097,1.08616,05.5394
2026-05-27T11:20:03.605276,3961.8,05.1108,0.98802,05.0487
2026-05-27T11:20:04.624948,3962.8,05.1106,1.16865,05.9718
2026-05-27T11:20:05.599178,3963.8,05.1039,1.09751,05.5973
2026-05-27T11:20:06.619815,3964.8,05.1091,1.26347,06.4436
2026-05-27T11:20:07.593932,3965.8,05.1128,1.21028,06.1845
2026-05-27T11:20:08.614186,3966.8,05.1012,0.99960,05.0979
2026-05-27T11:20:09.589591,3967.8,05.1056,1.10163,05.6183
2026-05-27T11:20:10.609010,3968.8,05.0966,1.41393,07.1969
2026-05-27T11:20:11.582591,3969.8,05.1069,1.15500,05.8905
2026-05-27T11:20:12.600134,3970.8,05.1069,0.77219,03.9381
2026-05-27T11:20:13.618761,3971.9,05.1069,0.84489,04.3089
2026-05-27T11:20:14.593578,3972.9,05.1019,1.01855,05.1946
2026-05-27T11:20:15.610949,3973.9,05.1066,1.08098,05.5129
2026-05-27T11:20:16.587187,3974.9,05.1073,1.05216,05.3660
2026-05-27T11:20:17.607576,3975.9,05.0989,1.28475,06.5393
2026-05-27T11:20:18.626733,3976.9,05.1133,1.14881,05.8704
2026-05-27T11:20:19.601229,3977.9,05.1067,1.25594,06.4052
2026-05-27T11:20:20.623973,3978.9,05.1064,1.15362,05.8834
2026-05-27T11:20:21.597005,3979.9,05.1147,1.31941,06.7421
2026-05-27T11:20:22.614794,3980.9,05.1089,1.20690,06.1551
2026-05-27T11:20:23.589960,3981.9,05.1112,1.36864,06.9937
2026-05-27T11:20:24.608585,3982.9,05.1073,1.19091,06.0736
2026-05-27T11:20:25.623806,3983.9,05.1098,0.77559,03.9555
2026-05-27T11:20:26.591759,3984.9,05.1081,0.79798,04.0696
2026-05-27T11:20:27.611505,3985.9,05.1109,1.02433,05.2343
2026-05-27T11:20:28.632020,3986.9,05.1105,1.06254,05.4295
2026-05-27T11:20:29.601911,3987.9,05.1087,0.93430,04.7649
2026-05-27T11:20:30.618186,3988.9,05.1000,1.05789,05.3952
2026-05-27T11:20:31.590681,3989.9,05.1092,1.13911,05.8094
2026-05-27T11:20:32.609705,3990.9,05.1186,1.27022,06.4908
2026-05-27T11:20:33.628778,3991.9,05.1089,1.27049,06.4794
2026-05-27T11:20:34.603047,3992.9,05.1101,1.26323,06.4551
2026-05-27T11:20:35.621662,3993.9,05.1081,1.19211,06.0797
2026-05-27T11:20:36.594742,3994.9,05.0947,1.16287,05.9190
2026-05-27T11:20:37.612024,3995.9,05.1081,1.17124,05.9733
2026-05-27T11:20:38.632586,3996.9,05.1087,0.77430,03.9489
2026-05-27T11:20:39.602593,3997.9,05.1085,0.76673,03.9103
2026-05-27T11:20:40.620515,3998.9,05.1055,1.19988,06.1193
2026-05-27T11:20:41.594749,3999.9,05.1039,1.14808,05.8552
2026-05-27T11:20:42.615192,4000.9,05.1164,1.12582,05.7529
2026-05-27T11:20:43.633962,4001.9,05.1069,1.20027,06.1213
2026-05-27T11:20:44.604904,4002.9,05.1078,1.15378,05.8842
2026-05-27T11:20:45.622865,4003.9,05.1123,1.10406,05.6417
2026-05-27T11:20:46.599021,4004.9,05.0970,1.21000,06.1589
2026-05-27T11:20:47.617704,4005.9,05.1173,1.17017,05.9795
2026-05-27T11:20:48.635211,4006.9,05.1120,1.31880,06.7390
2026-05-27T11:20:49.607213,4007.9,05.1080,1.18186,06.0274
2026-05-27T11:20:50.623996,4008.9,05.1105,1.06929,05.4640
2026-05-27T11:20:51.595187,4009.9,05.1087,0.77505,03.9527
2026-05-27T11:20:52.611499,4010.9,05.1080,0.85649,04.3680
2026-05-27T11:20:53.627540,4011.9,05.1123,1.02645,05.2451
2026-05-27T11:20:54.600190,4012.9,05.1080,1.23691,06.3082
2026-05-27T11:20:55.616461,4013.9,05.1086,1.32242,06.7443
2026-05-27T11:20:56.632139,4014.9,05.1086,1.14115,05.8198
2026-05-27T11:20:57.601731,4015.9,05.1114,1.31922,06.7412
2026-05-27T11:20:58.618647,4016.9,05.1101,1.29722,06.6287
2026-05-27T11:20:59.637456,4017.9,05.0919,1.14696,05.8380
2026-05-27T11:21:00.609914,4018.9,05.1001,1.16728,05.9531
2026-05-27T11:21:01.630447,4019.9,05.1136,1.08514,05.5450
2026-05-27T11:21:02.603924,4020.9,05.1136,1.26881,06.4836
2026-05-27T11:21:03.625340,4021.9,05.1014,1.22508,06.2479
2026-05-27T11:21:04.599594,4022.9,05.1086,0.77408,03.9478
2026-05-27T11:21:05.616727,4023.9,05.1081,0.77023,03.9281
2026-05-27T11:21:06.636188,4024.9,05.1030,1.05042,05.3571
2026-05-27T11:21:07.612710,4025.9,05.1089,1.21624,06.2028
2026-05-27T11:21:08.633549,4026.9,05.1054,1.07491,05.4820
2026-05-27T11:21:09.610621,4027.9,05.0894,1.31459,06.6781
2026-05-27T11:21:10.632524,4028.9,05.1109,1.23333,06.3023
2026-05-27T11:21:11.603835,4029.9,05.1211,1.35721,06.9489
2026-05-27T11:21:12.626742,4030.9,05.1062,1.26277,06.4401
2026-05-27T11:21:13.599815,4031.9,05.1039,1.10736,05.6475
2026-05-27T11:21:14.619817,4032.9,05.1051,1.15519,05.8914
2026-05-27T11:21:15.642631,4033.9,05.1105,1.08140,05.5259
2026-05-27T11:21:16.617814,4034.9,05.1139,1.02852,05.2557
2026-05-27T11:21:17.637231,4035.9,05.1078,0.92887,04.7372
2026-05-27T11:21:18.609120,4036.9,05.1082,0.80077,04.0839
2026-05-27T11:21:19.628009,4037.9,05.1055,1.03658,05.2865
2026-05-27T11:21:20.601962,4038.9,05.1009,1.06050,05.4085
2026-05-27T11:21:21.622285,4039.9,05.1045,1.16360,05.9343
2026-05-27T11:21:22.599632,4040.9,05.1080,1.19950,06.1174
2026-05-27T11:21:23.626864,4041.9,05.1070,1.14563,05.8427
2026-05-27T11:21:24.605757,4042.9,05.1084,1.24549,06.3519
2026-05-27T11:21:25.630566,4043.9,05.1156,1.11693,05.7075
2026-05-27T11:21:26.607561,4044.9,05.1034,1.21917,06.2177
2026-05-27T11:21:27.628705,4045.9,05.1062,1.05398,05.3752
2026-05-27T11:21:28.605005,4046.9,05.1050,1.26075,06.4298
2026-05-27T11:21:29.629129,4047.9,05.1087,1.33711,06.8192
2026-05-27T11:21:30.606050,4048.9,05.1123,0.83678,04.2759
2026-05-27T11:21:31.627556,4049.9,05.1085,0.77279,03.9412
2026-05-27T11:21:32.600556,4050.9,05.1075,1.17796,06.0075
2026-05-27T11:21:33.620763,4051.9,05.1022,1.14527,05.8408
2026-05-27T11:21:34.641123,4052.9,05.0983,1.17243,05.9676
2026-05-27T11:21:35.616316,4053.9,05.1173,1.21024,06.1843
2026-05-27T11:21:36.639642,4054.9,05.1217,1.18443,06.0642
2026-05-27T11:21:37.613887,4055.9,05.0953,1.38678,07.0587
2026-05-27T11:21:38.634748,4056.9,05.1037,1.14964,05.8631
2026-05-27T11:21:39.611153,4057.9,05.1130,1.24505,06.3622
2026-05-27T11:21:40.633114,4058.9,05.1128,1.30449,06.6659
2026-05-27T11:21:41.609511,4059.9,05.0942,1.19967,06.1063
2026-05-27T11:21:42.631045,4060.9,05.1119,0.95057,04.8574
2026-05-27T11:21:43.604610,4061.9,05.1017,1.01526,05.1778
2026-05-27T11:21:44.622708,4062.9,05.1071,0.78775,04.0175
2026-05-27T11:21:45.643115,4063.9,05.1114,1.17297,05.9938
2026-05-27T11:21:46.619461,4064.9,05.1094,1.19918,06.1158
2026-05-27T11:21:47.642630,4065.9,05.1064,1.13777,05.8026
2026-05-27T11:21:48.617696,4066.9,05.1017,1.22721,06.2587
2026-05-27T11:21:49.636925,4067.9,05.0998,1.21218,06.1699
2026-05-27T11:21:50.611659,4068.9,05.1119,1.41509,07.2311
2026-05-27T11:21:51.633020,4069.9,05.1114,1.16058,05.9305
2026-05-27T11:21:52.610044,4070.9,05.1011,1.18467,06.0418
2026-05-27T11:21:53.636526,4071.9,05.1153,1.22546,06.2621
2026-05-27T11:21:54.613951,4072.9,05.1094,1.42665,07.2759
2026-05-27T11:21:55.637294,4073.9,05.1112,1.12102,05.7284
2026-05-27T11:21:56.614554,4074.9,05.1095,0.95440,04.8674
2026-05-27T11:21:57.635157,4075.9,05.1082,0.77514,03.9532
2026-05-27T11:21:58.610620,4076.9,05.1128,1.21146,06.1905
2026-05-27T11:21:59.629989,4077.9,05.1067,1.13829,05.8052
2026-05-27T11:22:00.651531,4078.9,05.1011,1.15077,05.8689
2026-05-27T11:22:01.627295,4079.9,05.1023,1.16420,05.9374
2026-05-27T11:22:02.647740,4080.9,05.1126,1.21930,06.2306
2026-05-27T11:22:03.623463,4081.9,05.1164,1.18926,06.0771
2026-05-27T11:22:04.645554,4082.9,05.0895,1.26758,06.4393
2026-05-27T11:22:05.622283,4083.9,05.1125,1.36118,06.9556
2026-05-27T11:22:06.641546,4084.9,05.1197,1.16229,05.9393
2026-05-27T11:22:07.616037,4085.9,05.1151,1.23301,06.3006
2026-05-27T11:22:08.636012,4086.9,05.0967,1.10466,05.6227
2026-05-27T11:22:09.609157,4087.9,05.1089,0.91189,04.6506
2026-05-27T11:22:10.625978,4088.9,05.1090,0.77591,03.9571
2026-05-27T11:22:11.646162,4089.9,05.1103,1.05528,05.3924
2026-05-27T11:22:12.618915,4090.9,05.1117,1.10032,05.6226
2026-05-27T11:22:13.636956,4091.9,05.1072,1.16028,05.9174
2026-05-27T11:22:14.611127,4092.9,05.1028,1.34515,06.8602
2026-05-27T11:22:15.631806,4093.9,05.1064,1.13839,05.8057
2026-05-27T11:22:16.653267,4094.9,05.1142,1.31144,06.7014
2026-05-27T11:22:17.628266,4095.9,05.1028,1.42500,07.2675
2026-05-27T11:22:18.648503,4096.9,05.1137,1.15609,05.9076
2026-05-27T11:22:19.621432,4097.9,05.1181,1.19892,06.1264
2026-05-27T11:22:20.639921,4098.9,05.1131,1.21249,06.1958
2026-05-27T11:22:21.614722,4099.9,05.0987,1.19689,06.0921
2026-05-27T11:22:22.635051,4100.9,05.1098,0.81854,04.1745
2026-05-27T11:22:23.655728,4101.9,05.1098,0.81841,04.1738
2026-05-27T11:22:24.633799,4102.9,05.1056,1.15228,05.8766
2026-05-27T11:22:25.655191,4103.9,05.1033,1.11028,05.6624
2026-05-27T11:22:26.630375,4104.9,05.1133,1.22817,06.2759
2026-05-27T11:22:27.652299,4105.9,05.1074,1.30061,06.6331
2026-05-27T11:22:28.627399,4106.9,05.1036,1.15010,05.8655
2026-05-27T11:22:29.649635,4107.9,05.1012,1.43709,07.3291
2026-05-27T11:22:30.628124,4108.9,05.1082,0.93043,04.7451
2026-05-27T11:22:31.649140,4109.9,05.1078,1.20555,06.1483
2026-05-27T11:22:32.624947,4110.9,05.1045,1.29339,06.5962
2026-05-27T11:22:33.645064,4111.9,05.0978,1.37266,06.9868
2026-05-27T11:22:34.619960,4112.9,05.1123,1.02014,05.2129
2026-05-27T11:22:35.641969,4113.9,05.1069,1.31447,06.7037
2026-05-27T11:22:36.616998,4114.9,05.1057,0.76803,03.9169
2026-05-27T11:22:37.640169,4115.9,05.1064,1.14674,05.8483
2026-05-27T11:22:38.615853,4116.9,05.1101,1.09316,05.5860
2026-05-27T11:22:39.635950,4117.9,05.1148,1.13277,05.7884
2026-05-27T11:22:40.657812,4118.9,05.0969,1.30414,06.6380
2026-05-27T11:22:41.633181,4119.9,05.0962,1.32447,06.7415
2026-05-27T11:22:42.659975,4120.9,05.0795,1.09230,05.5379
2026-05-27T11:22:43.636607,4121.9,05.1094,1.17069,05.9705
2026-05-27T11:22:44.657719,4122.9,05.1150,1.19978,06.1308
2026-05-27T11:22:45.633805,4123.9,05.0981,1.59650,08.1261
2026-05-27T11:22:46.655027,4124.9,05.1036,1.07658,05.4905
2026-05-27T11:22:47.630850,4125.9,05.1030,1.36282,06.9503
2026-05-27T11:22:48.653112,4126.9,05.1084,0.89744,04.5769
2026-05-27T11:22:49.631412,4127.9,05.1084,0.77444,03.9496
2026-05-27T11:22:50.651881,4128.9,05.1105,1.14907,05.8717
2026-05-27T11:22:51.630175,4129.9,05.1123,1.24440,06.3588
2026-05-27T11:22:52.651737,4130.9,05.1034,1.17528,05.9939
2026-05-27T11:22:53.627862,4131.9,05.1195,1.35108,06.9040
2026-05-27T11:22:54.651596,4132.9,05.1158,1.34099,06.8524
2026-05-27T11:22:55.627695,4133.9,05.0928,1.26173,06.4222
2026-05-27T11:22:56.649943,4134.9,05.1108,1.38017,07.0526
2026-05-27T11:22:57.626069,4135.9,05.1108,1.43550,07.3354
2026-05-27T11:22:58.649233,4136.9,05.0992,1.13506,05.7774
2026-05-27T11:22:59.625010,4137.9,05.1033,1.26142,06.4332
2026-05-27T11:23:00.647032,4138.9,05.1047,0.97449,04.9698
2026-05-27T11:23:01.625485,4139.9,05.1126,0.91458,04.6735
2026-05-27T11:23:02.644528,4140.9,05.1069,0.77298,03.9421
2026-05-27T11:23:03.664873,4141.9,05.1044,1.01535,05.1782
2026-05-27T11:23:04.640903,4142.9,05.1030,1.25761,06.4138
2026-05-27T11:23:05.659467,4143.9,05.1016,1.09036,05.5608
2026-05-27T11:23:06.633606,4144.9,05.1072,1.36132,06.9427
2026-05-27T11:23:07.655234,4145.9,05.1145,1.16916,05.9744
2026-05-27T11:23:08.630608,4146.9,05.1056,1.40491,07.1650
2026-05-27T11:23:09.651553,4147.9,05.1089,1.26550,06.4540
2026-05-27T11:23:10.625071,4148.9,05.1187,1.20577,06.1614
2026-05-27T11:23:11.644003,4149.9,05.1022,1.42545,07.2697
2026-05-27T11:23:12.662834,4150.9,05.0956,1.32631,06.7509
2026-05-27T11:23:13.637632,4151.9,05.1136,1.18426,06.0515
2026-05-27T11:23:14.658304,4152.9,05.1034,0.96759,04.9347
2026-05-27T11:23:15.628944,4153.9,05.1072,0.76477,03.9003
2026-05-27T11:23:16.649729,4154.9,05.1069,1.09040,05.5610
2026-05-27T11:23:17.623073,4155.9,05.1151,1.16278,05.9418
2026-05-27T11:23:18.643700,4156.9,05.1145,1.22530,06.2612
2026-05-27T11:23:19.662698,4157.9,05.1136,1.19255,06.0939
2026-05-27T11:23:20.635823,4158.9,05.1086,1.28284,06.5424
2026-05-27T11:23:21.657828,4159.9,05.1094,1.42498,07.2673
2026-05-27T11:23:22.632882,4160.9,05.1181,1.21214,06.1940
2026-05-27T11:23:23.653467,4161.9,05.0797,1.32517,06.7186
2026-05-27T11:23:24.630836,4162.9,05.1073,1.25761,06.4138
2026-05-27T11:23:25.654309,4163.9,05.1084,1.14635,05.8463
2026-05-27T11:23:26.632024,4164.9,05.1070,1.10087,05.6144
2026-05-27T11:23:27.654164,4165.9,05.1030,1.03239,05.2651
2026-05-27T11:23:28.628128,4166.9,05.1079,0.77268,03.9406
2026-05-27T11:23:29.651474,4167.9,05.1037,1.07539,05.4844
2026-05-27T11:23:30.626609,4168.9,05.1011,1.47894,07.5425
2026-05-27T11:23:31.648550,4169.9,05.1070,1.23217,06.2840
2026-05-27T11:23:32.626277,4170.9,05.1070,1.22375,06.2411
2026-05-27T11:23:33.647439,4171.9,05.1066,1.25266,06.3885
2026-05-27T11:23:34.669753,4172.9,05.0992,1.36610,06.9534
2026-05-27T11:23:35.645739,4173.9,05.1026,1.29162,06.5872
2026-05-27T11:23:36.669334,4174.9,05.1084,1.20814,06.1615
2026-05-27T11:23:37.647951,4175.9,05.1051,1.17781,06.0068
2026-05-27T11:23:38.669382,4176.9,05.1141,1.21468,06.2070
2026-05-27T11:23:39.647263,4177.9,05.1119,1.24213,06.3472
2026-05-27T11:23:40.668211,4178.9,05.1095,1.10108,05.6155
2026-05-27T11:23:41.640981,4179.9,05.1087,0.77222,03.9383
2026-05-27T11:23:42.661049,4180.9,05.1093,1.00548,05.1279
2026-05-27T11:23:43.637090,4181.9,05.1097,1.21921,06.2179
2026-05-27T11:23:44.660237,4182.9,05.1083,1.10551,05.6381
2026-05-27T11:23:45.635118,4183.9,05.1169,1.40772,07.1934
2026-05-27T11:23:46.655101,4184.9,05.1022,1.25590,06.4050
2026-05-27T11:23:47.630174,4185.9,05.1175,1.42124,07.2625
2026-05-27T11:23:48.651538,4186.9,05.1041,1.22228,06.2336
2026-05-27T11:23:49.673491,4187.9,05.1086,1.24676,06.3584
2026-05-27T11:23:50.648823,4188.9,05.1055,1.22743,06.2598
2026-05-27T11:23:51.669590,4189.9,05.1101,1.11596,05.7025
2026-05-27T11:23:52.642840,4190.9,05.1089,1.05379,05.3743
2026-05-27T11:23:53.661480,4191.9,05.1078,1.08483,05.5326
2026-05-27T11:23:54.633652,4192.9,05.1080,0.77289,03.9417
2026-05-27T11:23:55.654502,4193.9,05.1128,1.14099,05.8304
2026-05-27T11:23:56.676036,4194.9,05.1230,1.05396,05.3962
2026-05-27T11:23:57.649970,4195.9,05.1086,1.23876,06.3176
2026-05-27T11:23:58.672096,4196.9,05.1120,1.12050,05.7257
2026-05-27T11:23:59.647124,4197.9,05.1089,1.26687,06.4610
2026-05-27T11:24:00.671487,4198.9,05.0937,1.42779,07.2674
2026-05-27T11:24:01.646725,4199.9,05.1000,1.20762,06.1588
2026-05-27T11:24:02.668399,4200.9,05.1061,1.22811,06.2633
2026-05-27T11:24:03.643784,4201.9,05.1120,1.25333,06.4045
2026-05-27T11:24:04.664435,4202.9,05.1059,1.17024,05.9682
2026-05-27T11:24:05.640329,4203.9,05.1056,1.15995,05.9157
2026-05-27T11:24:06.662308,4204.9,05.1131,1.17455,06.0019
2026-05-27T11:24:07.637126,4205.9,05.1080,0.77399,03.9473
2026-05-27T11:24:08.656186,4206.9,05.1062,1.24112,06.3297
2026-05-27T11:24:09.676154,4207.9,05.0994,1.33402,06.7901
2026-05-27T11:24:10.650575,4208.9,05.0866,1.50809,07.6610
2026-05-27T11:24:11.670841,4209.9,05.1103,1.36374,06.9687
2026-05-27T11:24:12.642976,4210.9,05.1078,1.26997,06.4768
2026-05-27T11:24:13.662379,4211.9,05.1037,1.41079,07.1950
2026-05-27T11:24:14.680751,4212.9,05.1078,1.21290,06.1857
2026-05-27T11:24:15.655913,4213.9,05.1059,1.25074,06.3787
2026-05-27T11:24:16.679284,4214.9,05.1123,1.39441,07.1254
2026-05-27T11:24:17.654073,4215.9,05.1071,1.25316,06.3911
2026-05-27T11:24:18.676479,4216.9,05.1106,1.05743,05.4034
2026-05-27T11:24:19.650132,4217.9,05.1071,0.97450,04.9699
2026-05-27T11:24:20.671016,4218.9,05.1074,0.77337,03.9441
2026-05-27T11:24:21.649187,4219.9,05.1103,1.08366,05.5375
2026-05-27T11:24:22.670461,4220.9,05.0951,1.15542,05.8810
2026-05-27T11:24:23.648706,4221.9,05.1031,1.41566,07.2198
2026-05-27T11:24:24.669889,4222.9,05.1131,1.19543,06.1086
2026-05-27T11:24:25.646323,4223.9,05.1106,1.35327,06.9152
2026-05-27T11:24:26.669171,4224.9,05.1081,1.27621,06.5086
2026-05-27T11:24:27.646302,4225.9,05.1094,1.24381,06.3434
2026-05-27T11:24:28.670262,4226.9,05.1086,1.18185,06.0274
2026-05-27T11:24:29.647183,4227.9,05.1086,1.20159,06.1281
2026-05-27T11:24:30.668609,4228.9,05.1087,1.13970,05.8124
2026-05-27T11:24:31.644817,4229.9,05.1103,1.20206,06.1425
2026-05-27T11:24:32.668416,4230.9,05.1087,1.08457,05.5313
2026-05-27T11:24:33.646650,4231.9,05.1083,0.77426,03.9487
2026-05-27T11:24:34.671596,4232.9,05.0984,1.09051,05.5506
2026-05-27T11:24:35.647921,4233.9,05.1081,1.27501,06.5025
2026-05-27T11:24:36.671748,4234.9,05.0942,1.29545,06.5938
2026-05-27T11:24:37.652860,4235.9,05.1094,1.27210,06.4877
2026-05-27T11:24:38.678840,4236.9,05.1044,1.27677,06.5115
2026-05-27T11:24:39.658232,4237.9,05.1044,1.35485,06.9097
2026-05-27T11:24:40.683510,4238.9,05.1106,1.27697,06.5253
2026-05-27T11:24:41.660629,4239.9,05.1092,1.23988,06.3233
2026-05-27T11:24:42.681730,4240.9,05.1069,1.25337,06.3921
2026-05-27T11:24:43.659113,4241.9,05.1055,1.15745,05.9029
2026-05-27T11:24:44.683144,4242.9,05.1075,1.05503,05.3806
2026-05-27T11:24:45.658302,4243.9,05.1120,1.01405,05.1817
2026-05-27T11:24:46.679939,4244.9,05.1092,0.77224,03.9384
2026-05-27T11:24:47.655206,4245.9,05.1151,1.05790,05.4058
2026-05-27T11:24:48.677071,4246.9,05.1066,1.11880,05.7058
2026-05-27T11:24:49.656212,4247.9,05.1159,1.25132,06.3942
2026-05-27T11:24:50.679615,4248.9,05.1077,1.20912,06.1665
2026-05-27T11:24:51.658645,4249.9,05.1081,1.33400,06.8034
2026-05-27T11:24:52.682760,4250.9,05.0984,1.14474,05.8267
2026-05-27T11:24:53.663106,4251.9,05.1047,1.19162,06.0772
2026-05-27T11:24:54.687764,4252.9,05.1026,1.38248,07.0506
2026-05-27T11:24:55.663942,4253.9,05.1119,1.02977,05.2621
2026-05-27T11:24:56.688767,4254.9,05.0987,1.10057,05.6019
2026-05-27T11:24:57.667657,4255.9,05.1051,1.12330,05.7288
2026-05-27T11:24:58.648810,4256.9,05.1064,1.23447,06.2957
2026-05-27T11:24:59.672561,4257.9,05.1092,0.77382,03.9464
2026-05-27T11:25:00.649622,4258.9,05.1064,1.03729,05.2901
2026-05-27T11:25:01.672994,4259.9,05.1009,1.12698,05.7475
2026-05-27T11:25:02.647071,4260.9,05.1125,1.16785,05.9677
2026-05-27T11:25:03.668844,4261.9,05.1033,1.21248,06.1836
2026-05-27T11:25:04.691119,4262.9,05.1001,1.13041,05.7650
2026-05-27T11:25:05.667124,4263.9,05.1048,1.27247,06.4895
2026-05-27T11:25:06.688639,4264.9,05.1069,1.17044,05.9692
2026-05-27T11:25:07.665543,4265.9,05.1051,1.14651,05.8472
2026-05-27T11:25:08.688734,4266.9,05.1131,1.04787,05.3546
2026-05-27T11:25:09.663145,4267.9,05.1072,1.16887,05.9612
2026-05-27T11:25:10.684753,4268.9,05.1073,1.14522,05.8406
2026-05-27T11:25:11.660753,4269.9,05.1072,0.96449,04.9188
2026-05-27T11:25:12.681623,4270.9,05.1094,0.77237,03.9390
2026-05-27T11:25:13.657636,4271.9,05.0895,1.10528,05.6148
2026-05-27T11:25:14.682873,4272.9,05.1009,1.35627,06.9169
2026-05-27T11:25:15.661310,4273.9,05.1014,1.35409,06.9058
2026-05-27T11:25:16.685881,4274.9,05.1136,1.14320,05.8417
2026-05-27T11:25:17.661242,4275.9,05.1056,1.19097,06.0739
2026-05-27T11:25:18.684607,4276.9,05.1088,1.24074,06.3277
2026-05-27T11:25:19.664658,4277.9,05.1094,1.27649,06.5100
2026-05-27T11:25:20.690907,4278.9,05.1053,1.08253,05.5209
2026-05-27T11:25:21.666895,4279.9,05.1092,1.07295,05.4720
2026-05-27T11:25:22.689496,4280.9,05.1139,1.04701,05.3502
2026-05-27T11:25:23.666602,4281.9,05.1083,1.35723,06.9218
2026-05-27T11:25:24.689936,4282.9,05.0969,1.08110,05.5027
2026-05-27T11:25:25.662701,4283.9,05.1105,0.77556,03.9631
2026-05-27T11:25:26.682509,4284.9,05.1016,1.14572,05.8431
2026-05-27T11:25:27.658440,4285.9,05.1095,1.30921,06.6769
2026-05-27T11:25:28.682217,4286.9,05.0914,1.26734,06.4507
2026-05-27T11:25:29.658663,4287.9,05.1111,1.21934,06.2308
2026-05-27T11:25:30.680039,4288.9,05.1067,1.19802,06.1099
2026-05-27T11:25:31.655038,4289.9,05.1134,1.29118,06.5979
2026-05-27T11:25:32.674387,4290.9,05.1011,1.35298,06.9001
2026-05-27T11:25:33.696940,4291.9,05.1062,1.31166,06.6894
2026-05-27T11:25:34.672039,4292.9,05.1076,1.12394,05.7320
2026-05-27T11:25:35.691709,4293.9,05.1055,1.10319,05.6262
2026-05-27T11:25:36.665188,4294.9,05.1056,1.16625,05.9478
2026-05-27T11:25:37.685887,4295.9,05.1073,1.09597,05.5894
2026-05-27T11:25:38.659180,4296.9,05.1080,0.77586,03.9568
2026-05-27T11:25:39.678213,4297.9,05.1111,1.03376,05.2825
2026-05-27T11:25:40.699568,4298.9,05.1314,1.16909,05.9974
2026-05-27T11:25:41.673761,4299.9,05.1058,1.20893,06.1655
2026-05-27T11:25:42.692302,4300.9,05.1051,0.97582,04.9766
2026-05-27T11:25:43.667483,4301.9,05.1051,1.07907,05.5032
2026-05-27T11:25:44.687067,4302.9,05.1123,1.29709,06.6281
2026-05-27T11:25:45.662108,4303.9,05.1075,1.10876,05.6546
2026-05-27T11:25:46.686891,4304.9,05.1042,1.09110,05.5646
2026-05-27T11:25:47.664897,4305.9,05.1153,1.11128,05.6786
2026-05-27T11:25:48.686478,4306.9,05.1100,1.05469,05.3894
2026-05-27T11:25:49.662769,4307.9,05.1047,1.11926,05.7082
2026-05-27T11:25:50.685265,4308.9,05.1034,1.12081,05.7161
2026-05-27T11:25:51.660933,4309.9,05.1083,0.77450,03.9499
2026-05-27T11:25:52.683888,4310.9,05.1047,1.26543,06.4536
2026-05-27T11:25:53.663169,4311.9,05.0898,1.61070,08.1823
2026-05-27T11:25:54.684746,4312.9,05.1080,1.12139,05.7190
2026-05-27T11:25:55.663450,4313.9,05.1051,1.14104,05.8193
2026-05-27T11:25:56.685865,4314.9,05.1066,1.09626,05.5909
2026-05-27T11:25:57.661295,4315.9,05.1092,1.11790,05.7012
2026-05-27T11:25:58.682992,4316.9,05.1108,1.06914,05.4633
2026-05-27T11:25:59.659878,4317.9,05.1178,1.20979,06.1820
2026-05-27T11:26:00.681831,4318.9,05.1111,1.09899,05.6158
2026-05-27T11:26:01.702855,4319.9,05.1070,1.19908,06.1153
2026-05-27T11:26:02.678438,4320.9,05.1106,1.22947,06.2825
2026-05-27T11:26:03.699570,4321.9,05.1142,1.15826,05.9187
2026-05-27T11:26:04.675084,4322.9,05.1074,0.77470,03.9509
2026-05-27T11:26:05.696575,4323.9,05.1014,1.26894,06.4715
2026-05-27T11:26:06.672126,4324.9,05.1116,1.38802,07.0927
2026-05-27T11:26:07.693466,4325.9,05.1033,1.30634,06.6623
2026-05-27T11:26:08.669915,4326.9,05.1131,0.94163,04.8117
2026-05-27T11:26:09.692073,4327.9,05.1130,1.04454,05.3375
2026-05-27T11:26:10.668088,4328.9,05.1070,1.10966,05.6592
2026-05-27T11:26:11.691742,4329.9,05.1053,1.08085,05.5123
2026-05-27T11:26:12.668382,4330.9,05.1070,1.07260,05.4702
2026-05-27T11:26:13.690252,4331.9,05.1192,1.09831,05.6123
2026-05-27T11:26:14.665710,4332.9,05.1145,1.12006,05.7235
2026-05-27T11:26:15.689763,4333.9,05.1092,1.14837,05.8566
2026-05-27T11:26:16.665471,4334.9,05.1095,1.18023,06.0191
2026-05-27T11:26:17.686379,4335.9,05.1087,0.77497,03.9523
2026-05-27T11:26:18.707004,4336.9,05.1089,1.29923,06.6260
2026-05-27T11:26:19.683799,4337.9,05.0853,1.62507,08.2553
2026-05-27T11:26:20.704786,4338.9,05.1067,1.24895,06.3696
2026-05-27T11:26:21.679315,4339.9,05.1083,1.21074,06.1747
2026-05-27T11:26:22.701027,4340.9,05.1037,1.08849,05.5512
2026-05-27T11:26:23.677591,4341.9,05.1028,1.09766,05.5980
2026-05-27T11:26:24.700813,4342.9,05.1044,1.12654,05.7453
2026-05-27T11:26:25.678436,4343.9,05.1119,1.15900,05.9224
2026-05-27T11:26:26.702291,4344.9,05.1084,1.23087,06.2774
2026-05-27T11:26:27.678192,4345.9,05.1178,1.03317,05.2794
2026-05-27T11:26:28.702611,4346.9,05.1039,1.10548,05.6379
2026-05-27T11:26:29.678529,4347.9,05.1079,1.20635,06.1523
2026-05-27T11:26:30.700842,4348.9,05.1077,0.77112,03.9327
2026-05-27T11:26:31.677808,4349.9,05.1081,1.18011,06.0185
2026-05-27T11:26:32.700032,4350.9,05.1031,1.58106,08.0634
2026-05-27T11:26:33.674983,4351.9,05.1045,1.25844,06.4180
2026-05-27T11:26:34.697311,4352.9,05.1067,0.99485,05.0737
2026-05-27T11:26:35.675127,4353.9,05.1006,1.09634,05.5913
2026-05-27T11:26:36.697822,4354.9,05.1084,1.15449,05.8878
2026-05-27T11:26:37.674102,4355.9,05.1136,1.03624,05.2951
2026-05-27T11:26:38.694700,4356.9,05.1072,1.12037,05.7138
2026-05-27T11:26:39.669125,4357.9,05.1055,1.03518,05.2794
2026-05-27T11:26:40.693472,4358.9,05.1041,1.20365,06.1386
2026-05-27T11:26:41.671958,4359.9,05.1086,1.09054,05.5617
2026-05-27T11:26:42.693542,4360.9,05.1046,1.19697,06.1045
2026-05-27T11:26:43.669454,4361.9,05.1083,0.77223,03.9383
2026-05-27T11:26:44.690726,4362.9,05.1011,1.15623,05.8967
2026-05-27T11:26:45.712691,4363.9,05.1053,1.29834,06.6215
2026-05-27T11:26:46.687903,4364.9,05.1061,1.24258,06.3371
2026-05-27T11:26:47.708137,4365.9,05.1109,1.18893,06.0754
2026-05-27T11:26:48.680959,4366.9,05.1078,1.11583,05.6907
2026-05-27T11:26:49.702592,4367.9,05.1003,1.10497,05.6353
2026-05-27T11:26:50.677303,4368.9,05.1120,1.04238,05.3265
2026-05-27T11:26:51.696195,4369.9,05.1047,1.05630,05.3871
2026-05-27T11:26:52.670289,4370.9,05.1122,1.08349,05.5366
2026-05-27T11:26:53.689843,4371.9,05.1086,1.20559,06.1485
2026-05-27T11:26:54.711442,4372.9,05.1094,1.06854,05.4495
2026-05-27T11:26:55.687442,4373.9,05.1112,1.14481,05.8499
2026-05-27T11:26:56.704315,4374.9,05.1084,0.77617,03.9584
2026-05-27T11:26:57.676612,4375.9,05.1091,1.25631,06.4071
2026-05-27T11:26:58.696730,4376.9,05.1122,1.15236,05.8885
2026-05-27T11:26:59.715417,4377.9,05.1066,1.10916,05.6567
2026-05-27T11:27:00.690730,4378.9,05.1111,1.10703,05.6569
2026-05-27T11:27:01.710888,4379.9,05.1080,1.15707,05.9010
2026-05-27T11:27:02.686711,4380.9,05.1097,1.03742,05.2908
2026-05-27T11:27:03.703604,4381.9,05.1083,1.04160,05.3121
2026-05-27T11:27:04.676657,4382.9,05.1020,1.15367,05.8837
2026-05-27T11:27:05.697644,4383.9,05.1044,1.09711,05.5952
2026-05-27T11:27:06.675014,4384.9,05.1100,1.03948,05.3117
2026-05-27T11:27:07.695184,4385.9,05.1095,1.16215,05.9269
2026-05-27T11:27:08.717325,4386.9,05.1105,1.16651,05.9608
2026-05-27T11:27:09.691127,4387.9,05.1080,0.77656,03.9604
2026-05-27T11:27:10.709296,4388.9,05.1047,0.90047,04.5923
2026-05-27T11:27:11.685868,4389.9,05.1047,1.07528,05.4839
2026-05-27T11:27:12.708097,4390.9,05.1039,1.11255,05.6740
2026-05-27T11:27:13.682773,4391.9,05.1058,1.13425,05.7846
2026-05-27T11:27:14.704804,4392.9,05.1039,1.19774,06.1084
2026-05-27T11:27:15.678835,4393.9,05.1067,1.17032,05.9686
2026-05-27T11:27:16.700707,4394.9,05.1070,1.10191,05.6197
2026-05-27T11:27:17.720562,4395.9,05.1050,1.02223,05.2133
2026-05-27T11:27:18.695992,4396.9,05.1019,1.04062,05.3071
2026-05-27T11:27:19.717956,4397.9,05.1039,1.07208,05.4676
2026-05-27T11:27:20.693165,4398.9,05.0981,1.04154,05.3014
2026-05-27T11:27:21.714731,4399.9,05.1053,1.18448,06.0408
2026-05-27T11:27:22.689911,4400.9,05.1106,0.77609,03.9658
2026-05-27T11:27:23.709974,4401.9,05.1068,0.94108,04.7995
2026-05-27T11:27:24.684603,4402.9,05.1172,1.22865,06.2784
2026-05-27T11:27:25.704113,4403.9,05.1111,1.03551,05.2914
2026-05-27T11:27:26.678583,4404.9,05.1105,0.97382,04.9762
2026-05-27T11:27:27.698322,4405.9,05.0998,1.07124,05.4526
2026-05-27T11:27:28.718804,4406.9,05.1014,1.18634,06.0503
2026-05-27T11:27:29.693722,4407.9,05.1186,1.11176,05.6810
2026-05-27T11:27:30.716988,4408.9,05.1092,1.18372,06.0369
2026-05-27T11:27:31.689836,4409.9,05.1089,1.03031,05.2545
2026-05-27T11:27:32.711207,4410.9,05.1081,1.03342,05.2704
2026-05-27T11:27:33.685700,4411.9,05.0973,1.22949,06.2581
2026-05-27T11:27:34.705862,4412.9,05.1128,1.14510,05.8514
2026-05-27T11:27:35.681734,4413.9,05.1081,0.77438,03.9493
2026-05-27T11:27:36.699077,4414.9,05.1086,0.87366,04.4556
2026-05-27T11:27:37.717965,4415.9,05.1086,0.99812,05.0904
2026-05-27T11:27:38.695195,4416.9,05.1041,1.02800,05.2428
2026-05-27T11:27:39.717801,4417.9,05.1083,1.09089,05.5635
2026-05-27T11:27:40.692773,4418.9,05.1050,1.11210,05.6717
2026-05-27T11:27:41.713160,4419.9,05.1036,1.06208,05.4166
2026-05-27T11:27:42.685974,4420.9,05.1131,1.18199,06.0399
2026-05-27T11:27:43.705892,4421.9,05.1082,1.26669,06.4601
2026-05-27T11:27:44.724778,4422.9,05.1045,1.22363,06.2405
2026-05-27T11:27:45.700342,4423.9,05.1008,1.05230,05.3667
2026-05-27T11:27:46.722145,4424.9,05.0966,1.23273,06.2745
2026-05-27T11:27:47.695701,4425.9,05.1122,0.93591,04.7825
2026-05-27T11:27:48.716342,4426.9,05.1081,0.76730,03.9132
2026-05-27T11:27:49.690711,4427.9,05.0980,0.87144,04.4356
2026-05-27T11:27:50.712941,4428.9,05.1087,1.05063,05.3582
2026-05-27T11:27:51.687684,4429.9,05.1039,1.09388,05.5787
2026-05-27T11:27:52.706745,4430.9,05.0989,1.03691,05.2778
2026-05-27T11:27:53.725136,4431.9,05.1008,1.01979,05.2009
2026-05-27T11:27:54.700770,4432.9,05.1069,1.09541,05.5865
2026-05-27T11:27:55.722324,4433.9,05.1064,1.07441,05.4794
2026-05-27T11:27:56.697086,4434.9,05.0936,1.12957,05.7495
2026-05-27T11:27:57.718838,4436.0,05.1159,1.25912,06.4341
2026-05-27T11:27:58.693088,4437.0,05.1058,1.09772,05.5983
2026-05-27T11:27:59.712215,4438.0,05.1059,1.23248,06.2856
2026-05-27T11:28:00.685538,4439.0,05.1098,1.19730,06.1062
2026-05-27T11:28:01.702720,4440.0,05.1080,0.77393,03.9470
2026-05-27T11:28:02.719777,4441.0,05.1078,1.08625,05.5398
2026-05-27T11:28:03.693734,4442.0,05.1062,1.04105,05.3093
2026-05-27T11:28:04.713398,4443.0,05.1045,1.21108,06.1765
2026-05-27T11:28:05.687631,4444.0,05.1109,1.18979,06.0798
2026-05-27T11:28:06.705724,4445.0,05.1117,1.19103,06.0861
2026-05-27T11:28:07.725337,4446.0,05.1055,1.10043,05.6121
2026-05-27T11:28:08.699205,4447.0,05.1097,1.09889,05.6043
2026-05-27T11:28:09.721311,4448.0,05.1077,1.06860,05.4498
2026-05-27T11:28:10.698573,4449.0,05.1061,1.14124,05.8203
2026-05-27T11:28:11.724527,4450.0,05.0942,1.28174,06.5240
2026-05-27T11:28:12.701616,4451.0,05.1159,1.03486,05.2881
2026-05-27T11:28:13.725009,4452.0,05.1085,1.07073,05.4607
2026-05-27T11:28:14.701183,4453.0,05.1095,0.77156,03.9349
2026-05-27T11:28:15.723586,4454.0,05.1087,1.11084,05.6652
2026-05-27T11:28:16.701540,4455.0,05.1083,1.15784,05.9049
2026-05-27T11:28:17.721593,4456.0,05.1128,1.31137,06.7011
2026-05-27T11:28:18.697937,4457.0,05.1076,1.21530,06.1980
2026-05-27T11:28:19.721941,4458.0,05.1116,1.10306,05.6366
2026-05-27T11:28:20.697871,4459.0,05.1141,1.06753,05.4550
2026-05-27T11:28:21.719522,4460.0,05.1088,1.09269,05.5727
2026-05-27T11:28:22.695533,4461.0,05.1045,1.11308,05.6767
2026-05-27T11:28:23.716510,4462.0,05.1189,1.10180,05.6301
2026-05-27T11:28:24.692803,4463.0,05.1086,1.23278,06.2871
2026-05-27T11:28:25.714569,4464.0,05.1131,1.28030,06.5423
2026-05-27T11:28:26.691016,4465.0,05.1084,1.20691,06.1552
2026-05-27T11:28:27.709620,4466.0,05.1126,0.82132,04.1969
2026-05-27T11:28:28.727889,4467.0,05.1077,1.03807,05.2941
2026-05-27T11:28:29.705223,4468.0,05.1070,1.11571,05.6901
2026-05-27T11:28:30.726625,4469.0,05.1076,1.22233,06.2338
2026-05-27T11:28:31.701911,4470.0,05.1077,1.11506,05.6868
2026-05-27T11:28:32.724501,4471.0,05.1194,1.15814,05.9180
2026-05-27T11:28:33.701214,4472.0,05.1122,1.12425,05.7449
2026-05-27T11:28:34.722645,4473.0,05.1142,1.11409,05.6929
2026-05-27T11:28:35.698248,4474.0,05.1025,1.13267,05.7766
2026-05-27T11:28:36.716330,4475.0,05.1081,1.10780,05.6497
2026-05-27T11:28:37.737026,4476.0,05.1117,1.26248,06.4512
2026-05-27T11:28:38.711131,4477.0,05.1078,1.26738,06.4636
2026-05-27T11:28:39.731770,4478.0,05.1053,1.00085,05.1043
2026-05-27T11:28:40.707246,4479.0,05.1094,0.77497,03.9523
2026-05-27T11:28:41.728158,4480.0,05.1093,0.89857,04.5827
2026-05-27T11:28:42.704907,4481.0,05.1061,1.00403,05.1205
2026-05-27T11:28:43.725315,4482.0,05.1061,1.09901,05.6049
2026-05-27T11:28:44.701387,4483.0,05.1112,1.21534,06.2103
2026-05-27T11:28:45.721729,4484.0,05.1067,1.08746,05.5460
2026-05-27T11:28:46.694048,4485.0,05.1148,1.16736,05.9652
2026-05-27T11:28:47.716525,4486.0,05.1059,1.21856,06.2146
2026-05-27T11:28:48.734871,4487.0,05.1214,1.22195,06.2563
2026-05-27T11:28:49.710724,4488.0,05.1166,1.13248,05.7869
2026-05-27T11:28:50.730624,4489.0,05.1093,1.02726,05.2390
2026-05-27T11:28:51.704574,4490.0,05.1136,1.01824,05.2032
2026-05-27T11:28:52.726470,4491.0,05.1051,1.10588,05.6399
2026-05-27T11:28:53.702307,4492.0,05.1108,1.29498,06.6173
2026-05-27T11:28:54.720897,4493.0,05.1088,0.77933,03.9745
2026-05-27T11:28:55.739168,4494.0,05.1114,1.16951,05.9761
2026-05-27T11:28:56.714029,4495.0,05.1173,1.13659,05.8079
2026-05-27T11:28:57.735840,4496.0,05.1034,1.10497,05.6353
2026-05-27T11:28:58.707937,4497.0,05.0976,1.39605,07.1058
2026-05-27T11:28:59.729460,4498.0,05.1128,1.32199,06.7553
2026-05-27T11:29:00.703213,4499.0,05.0947,1.31279,06.6821
2026-05-27T11:29:01.722804,4500.0,05.1133,1.15671,05.9107
2026-05-27T11:29:02.742607,4501.0,05.1104,1.26172,06.4473
2026-05-27T11:29:03.716740,4502.0,05.0936,1.26061,06.4165
2026-05-27T11:29:04.741673,4503.0,05.1136,1.14445,05.8481
2026-05-27T11:29:05.715591,4504.0,05.1022,1.07592,05.4871
2026-05-27T11:29:06.734499,4505.0,05.1089,1.15558,05.8934
2026-05-27T11:29:07.704690,4506.0,05.1078,0.77234,03.9389
2026-05-27T11:29:08.724061,4507.0,05.1062,1.05938,05.4028
2026-05-27T11:29:09.699080,4508.0,05.1062,1.28915,06.5746
2026-05-27T11:29:10.720939,4509.0,05.1150,1.20392,06.1520
2026-05-27T11:29:11.742926,4510.0,05.1000,1.21770,06.2102
2026-05-27T11:29:12.719678,4511.0,05.1094,1.29944,06.6271
2026-05-27T11:29:13.742609,4512.0,05.0991,1.57717,08.0277
2026-05-27T11:29:14.719022,4513.0,05.1020,1.12338,05.7292
2026-05-27T11:29:15.743203,4514.0,05.1109,1.14749,05.8636
2026-05-27T11:29:16.720917,4515.0,05.1047,1.45380,07.4143
2026-05-27T11:29:17.699492,4516.0,05.1030,1.24541,06.3515
2026-05-27T11:29:18.721530,4517.0,05.1075,1.15041,05.8670
2026-05-27T11:29:19.744592,4518.0,05.1159,0.95250,04.8672
2026-05-27T11:29:20.720278,4519.0,05.1084,0.73359,03.7413
2026-05-27T11:29:21.742069,4520.0,05.1131,1.15258,05.8896
2026-05-27T11:29:22.720204,4521.0,05.1087,1.06293,05.4209
2026-05-27T11:29:23.743780,4522.0,05.1080,1.17965,06.0162
2026-05-27T11:29:24.719651,4523.0,05.1105,1.25184,06.3969
2026-05-27T11:29:25.739328,4524.0,05.1183,1.28897,06.5866
2026-05-27T11:29:26.715870,4525.0,05.1230,1.13749,05.8239
2026-05-27T11:29:27.736722,4526.0,05.1173,1.16032,05.9292
2026-05-27T11:29:28.713715,4527.0,05.1063,1.36094,06.9407
2026-05-27T11:29:29.735267,4528.0,05.1181,1.31312,06.7100
2026-05-27T11:29:30.710632,4529.0,05.1028,1.24433,06.3460
2026-05-27T11:29:31.731801,4530.0,05.1028,1.11515,05.6872
2026-05-27T11:29:32.705366,4531.0,05.1125,1.08668,05.5529
2026-05-27T11:29:33.725811,4532.0,05.1067,0.77293,03.9419
2026-05-27T11:29:34.702581,4533.0,05.0964,1.15201,05.8637
2026-05-27T11:29:35.722623,4534.0,05.1228,1.15588,05.9181
2026-05-27T11:29:36.741429,4535.0,05.1116,0.99765,05.0979
2026-05-27T11:29:37.713210,4536.0,05.1126,1.31312,06.7100
2026-05-27T11:29:38.731871,4537.0,05.0959,1.17121,05.9614
2026-05-27T11:29:39.709400,4538.0,05.1173,1.16331,05.9445
2026-05-27T11:29:40.732075,4539.0,05.1114,1.43207,07.3178
2026-05-27T11:29:41.707168,4540.0,05.1086,1.30478,06.6543
2026-05-27T11:29:42.725112,4541.0,05.0987,1.17651,05.9884
2026-05-27T11:29:43.745761,4542.0,05.1150,1.26208,06.4492
2026-05-27T11:29:44.720340,4543.0,05.1095,1.17185,05.9764
2026-05-27T11:29:45.740025,4544.0,05.1112,1.15823,05.9185
2026-05-27T11:29:46.714982,4545.0,05.1051,0.78318,03.9942
2026-05-27T11:29:47.739826,4546.0,05.1023,1.06423,05.4275
2026-05-27T11:29:48.716775,4547.0,05.1191,1.10144,05.6283
2026-05-27T11:29:49.738427,4548.0,05.1070,1.17350,05.9848
2026-05-27T11:29:50.714226,4549.0,05.0956,1.39185,07.0845
2026-05-27T11:29:51.735470,4550.0,05.1020,1.40762,07.1788
2026-05-27T11:29:52.710128,4551.0,05.0973,1.50468,07.6588
2026-05-27T11:29:53.732598,4552.0,05.1076,1.37342,07.0044
2026-05-27T11:29:54.709724,4553.0,05.1036,1.22509,06.2479
2026-05-27T11:29:55.730301,4554.0,05.1109,1.19073,06.0846
2026-05-27T11:29:56.706211,4555.0,05.1074,1.32114,06.7378
2026-05-27T11:29:57.727973,4556.0,05.1020,1.00551,05.1281
2026-05-27T11:29:58.749711,4557.0,05.1020,1.19611,06.1001
2026-05-27T11:29:59.724264,4558.0,05.1054,0.77119,03.9330
2026-05-27T11:30:00.747929,4559.0,05.1108,1.07792,05.5081
2026-05-27T11:30:01.724765,4560.0,05.1092,1.21844,06.2140
2026-05-27T11:30:02.749019,4561.0,05.1068,1.14034,05.8157
2026-05-27T11:30:03.726194,4562.0,05.0873,1.25537,06.3772
2026-05-27T11:30:04.747621,4563.0,05.1131,1.17307,05.9943
2026-05-27T11:30:05.724964,4564.0,05.1059,1.44826,07.3861
2026-05-27T11:30:06.747611,4565.0,05.1114,1.19251,06.0937
2026-05-27T11:30:07.726942,4566.0,05.1064,1.25433,06.3970
2026-05-27T11:30:08.707258,4567.0,05.0901,1.32948,06.7670
2026-05-27T11:30:09.729735,4568.0,05.1003,1.38126,07.0444
2026-05-27T11:30:10.707852,4569.0,05.1026,1.19052,06.0716
2026-05-27T11:30:11.731192,4570.0,05.1051,1.39806,07.1301
2026-05-27T11:30:12.751846,4571.0,05.1078,0.77626,03.9589
2026-05-27T11:30:13.726569,4572.0,05.1041,1.17772,06.0063
2026-05-27T11:30:14.750038,4573.0,05.1216,1.10505,05.6578
2026-05-27T11:30:15.729996,4574.0,05.1097,1.17644,05.9998
2026-05-27T11:30:16.751560,4575.0,05.1120,1.52916,07.8140
2026-05-27T11:30:17.726806,4576.0,05.1025,1.32873,06.7765
2026-05-27T11:30:18.746520,4577.0,05.1056,1.22067,06.2254
2026-05-27T11:30:19.723175,4578.0,05.1025,1.23898,06.3187
2026-05-27T11:30:20.744737,4579.0,05.0947,1.36464,06.9460
2026-05-27T11:30:21.721813,4580.0,05.1022,1.24494,06.3491
2026-05-27T11:30:22.745973,4581.0,05.1098,1.39144,07.0963
2026-05-27T11:30:23.720727,4582.0,05.1076,1.03889,05.2983
2026-05-27T11:30:24.745524,4583.0,05.0980,1.08493,05.5222
2026-05-27T11:30:25.718646,4584.0,05.1097,0.77278,03.9411
2026-05-27T11:30:26.741166,4585.0,05.1091,1.21782,06.2108
2026-05-27T11:30:27.719845,4586.0,05.0944,1.38104,07.0294
2026-05-27T11:30:28.742567,4587.0,05.1098,1.03323,05.2694
2026-05-27T11:30:29.719973,4588.0,05.1134,1.25969,06.4370
2026-05-27T11:30:30.744010,4589.0,05.1170,1.13280,05.7886
2026-05-27T11:30:31.719455,4590.0,05.1217,1.10758,05.6708
2026-05-27T11:30:32.743692,4591.0,05.1108,1.10751,05.6593
2026-05-27T11:30:33.721409,4592.0,05.1126,1.24535,06.3637
2026-05-27T11:30:34.745165,4593.0,05.1067,1.18974,06.0676
2026-05-27T11:30:35.725295,4594.0,05.1037,1.16140,05.9231
2026-05-27T11:30:36.748714,4595.0,05.1091,1.17484,05.9916
2026-05-27T11:30:37.728666,4596.0,05.1041,1.20490,06.1449
2026-05-27T11:30:38.750120,4597.0,05.1073,0.77619,03.9585
2026-05-27T11:30:39.726776,4598.0,05.0903,1.07643,05.4790
2026-05-27T11:30:40.750386,4599.0,05.1147,1.12227,05.7347
2026-05-27T11:30:41.726874,4600.0,05.0941,1.19254,06.0700
2026-05-27T11:30:42.750107,4601.0,05.0997,1.28002,06.5153
2026-05-27T11:30:43.729080,4602.0,05.1044,1.08909,05.5543
2026-05-27T11:30:44.751066,4603.0,05.1047,1.30168,06.6385
2026-05-27T11:30:45.728118,4604.0,05.1008,1.21450,06.1939
2026-05-27T11:30:46.750177,4605.0,05.1094,1.24231,06.3357
2026-05-27T11:30:47.727855,4606.0,05.0955,1.49284,07.5985
2026-05-27T11:30:48.751602,4607.0,05.0961,1.19741,06.0948
2026-05-27T11:30:49.726544,4608.0,05.1137,1.11032,05.6737
2026-05-27T11:30:50.750023,4609.0,05.1105,1.04447,05.3372
2026-05-27T11:30:51.722784,4610.0,05.1087,0.77322,03.9434
2026-05-27T11:30:52.741676,4611.0,05.1093,1.11413,05.6820
2026-05-27T11:30:53.718835,4612.0,05.0984,1.18271,06.0199
2026-05-27T11:30:54.739418,4613.0,05.1080,1.16377,05.9352
2026-05-27T11:30:55.760911,4614.0,05.1026,1.57929,08.0543
2026-05-27T11:30:56.733455,4615.0,05.1036,1.14245,05.8264
2026-05-27T11:30:57.753463,4616.0,05.1100,1.17392,05.9987
2026-05-27T11:30:58.730259,4617.0,05.1051,1.23006,06.2733
2026-05-27T11:30:59.751450,4618.0,05.0905,1.23827,06.3027
2026-05-27T11:31:00.727731,4619.0,05.1005,1.09178,05.5680
2026-05-27T11:31:01.750947,4620.0,05.1050,1.28389,06.5478
2026-05-27T11:31:02.726953,4621.0,05.0978,1.21120,06.1650
2026-05-27T11:31:03.747592,4622.0,05.1117,1.17758,06.0174
2026-05-27T11:31:04.721216,4623.0,05.1074,0.77820,03.9688
2026-05-27T11:31:05.743435,4624.0,05.1125,1.07818,05.5094
2026-05-27T11:31:06.720836,4625.0,05.0994,1.26075,06.4172
2026-05-27T11:31:07.745801,4626.0,05.0842,1.35271,06.8717
2026-05-27T11:31:08.722355,4627.0,05.1095,1.49000,07.5990
2026-05-27T11:31:09.743115,4628.0,05.1080,1.23884,06.3180
2026-05-27T11:31:10.763566,4629.0,05.0889,1.27352,06.4694
2026-05-27T11:31:11.738018,4630.0,05.1109,1.10778,05.6607
2026-05-27T11:31:12.759242,4631.0,05.1092,1.32911,06.7784
2026-05-27T11:31:13.736154,4632.0,05.1108,1.44352,07.3763
2026-05-27T11:31:14.761292,4633.0,05.1050,1.27232,06.4888
2026-05-27T11:31:15.739657,4634.0,05.1111,1.10032,05.6226
2026-05-27T11:31:16.763533,4635.0,05.1080,1.14787,05.8541
2026-05-27T11:31:17.738758,4636.0,05.1075,0.77356,03.9451
2026-05-27T11:31:18.758488,4637.0,05.1019,1.10133,05.6167
2026-05-27T11:31:19.734090,4638.0,05.1028,1.24586,06.3538
2026-05-27T11:31:20.755405,4639.0,05.0947,1.28088,06.5196
2026-05-27T11:31:21.730044,4640.0,05.1017,1.15915,05.9116
2026-05-27T11:31:22.754048,4641.0,05.0991,1.09094,05.5528
2026-05-27T11:31:23.733462,4642.0,05.1017,1.15626,05.8969
2026-05-27T11:31:24.757262,4643.0,05.0922,1.26658,06.4468
2026-05-27T11:31:25.733190,4644.0,05.1056,1.11169,05.6696
2026-05-27T11:31:26.755435,4645.0,05.1089,1.14269,05.8277
2026-05-27T11:31:27.734609,4646.0,05.1047,1.24520,06.3505
2026-05-27T11:31:28.759187,4647.0,05.1148,1.24653,06.3697
2026-05-27T11:31:29.736704,4648.0,05.1060,1.21024,06.1722
2026-05-27T11:31:30.759333,4649.0,05.1075,0.77645,03.9598
2026-05-27T11:31:31.734701,4650.0,05.1066,1.13284,05.7774
2026-05-27T11:31:32.757569,4651.0,05.1117,1.27752,06.5281
2026-05-27T11:31:33.733205,4652.0,05.1148,1.10320,05.6373
2026-05-27T11:31:34.754848,4653.0,05.1022,1.42600,07.2726
2026-05-27T11:31:35.732675,4654.0,05.1016,1.23884,06.3180
2026-05-27T11:31:36.755322,4655.0,05.1108,1.13725,05.8113
2026-05-27T11:31:37.735882,4656.0,05.1017,1.19753,06.1074
2026-05-27T11:31:38.759862,4657.0,05.1022,1.14703,05.8498
2026-05-27T11:31:39.737967,4658.0,05.1076,1.24605,06.3548
2026-05-27T11:31:40.764064,4659.0,05.1145,1.22306,06.2498
2026-05-27T11:31:41.743079,4660.0,05.1123,1.14342,05.8428
2026-05-27T11:31:42.765688,4661.0,05.0955,1.19583,06.0867
2026-05-27T11:31:43.743916,4662.0,05.1074,0.77221,03.9382
2026-05-27T11:31:44.769534,4663.0,05.1151,1.09965,05.6192
2026-05-27T11:31:45.749040,4664.0,05.1031,1.31606,06.7119
2026-05-27T11:31:46.726556,4665.0,05.1131,1.16171,05.9363
2026-05-27T11:31:47.752276,4666.0,05.0869,1.33547,06.7841
2026-05-27T11:31:48.728292,4667.0,05.1076,1.19707,06.1050
2026-05-27T11:31:49.752477,4668.0,05.1087,1.12441,05.7344
2026-05-27T11:31:50.729990,4669.0,05.1097,1.12330,05.7288
2026-05-27T11:31:51.754169,4670.0,05.0984,1.30111,06.6226
2026-05-27T11:31:52.729026,4671.0,05.0958,1.20878,06.1526
2026-05-27T11:31:53.750648,4672.0,05.1130,1.06113,05.4223
2026-05-27T11:31:54.728298,4673.0,05.0901,1.26690,06.4485
2026-05-27T11:31:55.755030,4674.0,05.1086,1.17302,05.9824
2026-05-27T11:31:56.731457,4675.0,05.1074,0.79605,04.0598
2026-05-27T11:31:57.753943,4676.0,05.1101,1.06788,05.4568
2026-05-27T11:31:58.729504,4677.0,05.1237,1.20079,06.1480
2026-05-27T11:31:59.751105,4678.0,05.1014,1.27902,06.5230
2026-05-27T11:32:00.774545,4679.0,05.0983,1.26424,06.4349
2026-05-27T11:32:01.750243,4680.0,05.1050,1.19595,06.0993
2026-05-27T11:32:02.731673,4681.0,05.1051,1.11184,05.6703
2026-05-27T11:32:03.754728,4682.0,05.1062,1.10637,05.6424
2026-05-27T11:32:04.731321,4683.0,05.1059,1.16990,05.9664
2026-05-27T11:32:05.754139,4684.0,05.1042,1.10244,05.6224
2026-05-27T11:32:06.731220,4685.0,05.1005,1.08913,05.5545
2026-05-27T11:32:07.754131,4686.0,05.1076,1.09871,05.6034
2026-05-27T11:32:08.776643,4687.0,05.1084,1.23680,06.3076
2026-05-27T11:32:09.752807,4688.0,05.1085,0.77377,03.9462
2026-05-27T11:32:10.771835,4689.0,05.0892,1.20919,06.1426
2026-05-27T11:32:11.750337,4690.0,05.1073,1.29270,06.5927
2026-05-27T11:32:12.773143,4691.0,05.1080,1.22971,06.2715
2026-05-27T11:32:13.749191,4692.0,05.1064,1.02546,05.2298
2026-05-27T11:32:14.770700,4693.0,05.1100,1.09303,05.5853
2026-05-27T11:32:15.746540,4694.0,05.1033,1.12344,05.7295
2026-05-27T11:32:16.768728,4695.0,05.1065,1.14632,05.8462
2026-05-27T11:32:17.744281,4696.0,05.1130,1.32875,06.7899
2026-05-27T11:32:18.763192,4697.0,05.1076,1.10657,05.6435
2026-05-27T11:32:19.740624,4698.0,05.1112,1.15885,05.9217
2026-05-27T11:32:20.762208,4699.0,05.1117,1.10034,05.6227
2026-05-27T11:32:21.739194,4700.0,05.1087,1.24549,06.3519
2026-05-27T11:32:22.759450,4701.0,05.1081,0.77643,03.9597
2026-05-27T11:32:23.736108,4702.0,05.1061,1.10751,05.6483
2026-05-27T11:32:24.759704,4703.0,05.1000,1.52494,07.7771
2026-05-27T11:32:25.737638,4704.0,05.1119,1.15817,05.9182
2026-05-27T11:32:26.760413,4705.0,05.1019,1.17639,05.9995
2026-05-27T11:32:27.735638,4706.0,05.1081,1.12796,05.7525
2026-05-27T11:32:28.757338,4707.0,05.1064,1.09576,05.5883
2026-05-27T11:32:29.781316,4708.0,05.1056,1.20419,06.1413
2026-05-27T11:32:30.759257,4709.0,05.1112,1.20135,06.1388
2026-05-27T11:32:31.781143,4710.0,05.1086,1.30710,06.6662
2026-05-27T11:32:32.756938,4711.0,05.1134,1.15217,05.8875
2026-05-27T11:32:33.779773,4712.0,05.1098,1.03704,05.2889
2026-05-27T11:32:34.754798,4713.0,05.1000,1.24296,06.3390
2026-05-27T11:32:35.776380,4714.0,05.1084,0.77446,03.9497
2026-05-27T11:32:36.751394,4715.0,05.1109,1.22326,06.2508
2026-05-27T11:32:37.774300,4716.0,05.0970,1.51575,07.7151
2026-05-27T11:32:38.751239,4717.0,05.1023,1.51811,07.7423
2026-05-27T11:32:39.772010,4718.0,05.1114,1.29690,06.6271
2026-05-27T11:32:40.748915,4719.0,05.1042,1.12747,05.7500
2026-05-27T11:32:41.773124,4720.0,05.1081,1.06995,05.4567
2026-05-27T11:32:42.748306,4721.0,05.1066,1.12911,05.7584
2026-05-27T11:32:43.769383,4722.0,05.1120,1.17123,05.9849
2026-05-27T11:32:44.745179,4723.0,05.1087,1.11473,05.6851
2026-05-27T11:32:45.767599,4724.0,05.1059,1.15368,05.8837
2026-05-27T11:32:46.745733,4725.0,05.1097,1.11462,05.6845
2026-05-27T11:32:47.768821,4726.0,05.1042,1.28206,06.5385
2026-05-27T11:32:48.743546,4727.0,05.1064,0.77353,03.9450
2026-05-27T11:32:49.764995,4728.0,05.0947,1.45056,07.3833
2026-05-27T11:32:50.743701,4729.0,05.1128,1.18854,06.0734
2026-05-27T11:32:51.767534,4730.0,05.1134,1.25818,06.4292
2026-05-27T11:32:52.744326,4731.0,05.1142,1.02164,05.2205
2026-05-27T11:32:53.768400,4732.0,05.1001,1.02068,05.2054
2026-05-27T11:32:54.745892,4733.0,05.1066,1.06709,05.4421
2026-05-27T11:32:55.770012,4734.0,05.1071,1.04191,05.3137
2026-05-27T11:32:56.749416,4735.0,05.1062,1.04993,05.3546
2026-05-27T11:32:57.774169,4736.0,05.1012,1.15988,05.9153
2026-05-27T11:32:58.753027,4737.0,05.1062,1.13384,05.7825
2026-05-27T11:32:59.777905,4738.0,05.1055,1.17718,06.0036
2026-05-27T11:33:00.754141,4739.0,05.1016,1.30691,06.6652
2026-05-27T11:33:01.775202,4740.0,05.1080,0.77548,03.9549
2026-05-27T11:33:02.749735,4741.0,05.0976,1.05068,05.3479
2026-05-27T11:33:03.772794,4742.0,05.1034,1.28098,06.5329
2026-05-27T11:33:04.750319,4743.0,05.1066,1.13209,05.7736
2026-05-27T11:33:05.774889,4744.0,05.1095,1.25525,06.4017
2026-05-27T11:33:06.750843,4745.0,05.1105,1.13348,05.7920
2026-05-27T11:33:07.772102,4746.0,05.1023,1.09180,05.5681
2026-05-27T11:33:08.746534,4747.0,05.1019,1.08022,05.5091
2026-05-27T11:33:09.767885,4748.0,05.1092,1.11921,05.7079
2026-05-27T11:33:10.744730,4749.0,05.1131,1.03608,05.2943
2026-05-27T11:33:11.768746,4750.0,05.1051,1.09740,05.5967
2026-05-27T11:33:12.747292,4751.0,05.1106,1.08124,05.5251
2026-05-27T11:33:13.769839,4752.0,05.1097,1.20564,06.1487
2026-05-27T11:33:14.745257,4753.0,05.1084,0.77400,03.9474
2026-05-27T11:33:15.766729,4754.0,05.1062,0.98733,05.0353
2026-05-27T11:33:16.787781,4755.0,05.0953,1.39612,07.1062
2026-05-27T11:33:17.763175,4756.0,05.1014,1.35976,06.9347
2026-05-27T11:33:18.785303,4757.0,05.1059,1.30081,06.6341
2026-05-27T11:33:19.760050,4758.0,05.0998,1.03395,05.2628
2026-05-27T11:33:20.781499,4759.0,05.1034,1.01887,05.1962
2026-05-27T11:33:21.755127,4760.0,05.1084,1.06857,05.4497
2026-05-27T11:33:22.776437,4761.0,05.1067,1.00450,05.1229
2026-05-27T11:33:23.750551,4762.0,05.1036,1.04367,05.3227
2026-05-27T11:33:24.774632,4763.0,05.0948,1.19747,06.0951
2026-05-27T11:33:25.751960,4764.0,05.1060,1.09508,05.5849
2026-05-27T11:33:26.774893,4765.0,05.1076,1.11936,05.7087
2026-05-27T11:33:27.750633,4766.0,05.1080,0.77387,03.9467
2026-05-27T11:33:28.771138,4767.0,05.1080,1.22112,06.2277
2026-05-27T11:33:29.791617,4768.0,05.1028,1.15901,05.9109
2026-05-27T11:33:30.769700,4769.0,05.0922,1.37667,07.0072
2026-05-27T11:33:31.792798,4770.0,05.1047,1.06847,05.4491
2026-05-27T11:33:32.769683,4771.0,05.1076,1.07428,05.4788
2026-05-27T11:33:33.793695,4772.0,05.1022,1.06003,05.4061
2026-05-27T11:33:34.767854,4773.0,05.1037,1.05517,05.3813
2026-05-27T11:33:35.789554,4774.0,05.1064,1.25130,06.3816
2026-05-27T11:33:36.763612,4775.0,05.1070,1.00322,05.1164
2026-05-27T11:33:37.789062,4776.0,05.1091,1.03043,05.2551
2026-05-27T11:33:38.765618,4777.0,05.1069,1.32102,06.7372
2026-05-27T11:33:39.790630,4778.0,05.1106,1.17194,05.9886
2026-05-27T11:33:40.768415,4779.0,05.1086,0.77270,03.9407
2026-05-27T11:33:41.790554,4780.0,05.1031,1.05300,05.3703
2026-05-27T11:33:42.769220,4781.0,05.1075,1.11894,05.7065
2026-05-27T11:33:43.789191,4782.0,05.1076,1.29380,06.5983
2026-05-27T11:33:44.765834,4783.0,05.1130,1.11288,05.6868
2026-05-27T11:33:45.787589,4784.0,05.1050,1.06019,05.4069
2026-05-27T11:33:46.760376,4785.0,05.1106,1.05787,05.4057
2026-05-27T11:33:47.781152,4786.0,05.1105,1.02226,05.2237
2026-05-27T11:33:48.759336,4787.0,05.1048,1.10807,05.6511
2026-05-27T11:33:49.780375,4788.0,05.1059,1.00237,05.1120
2026-05-27T11:33:50.755298,4789.0,05.1098,1.04463,05.3276
2026-05-27T11:33:51.777168,4790.0,05.1039,1.10585,05.6398
2026-05-27T11:33:52.754072,4791.0,05.1078,1.14642,05.8467
2026-05-27T11:33:53.776532,4792.0,05.1082,0.77401,03.9474
2026-05-27T11:33:54.797585,4793.0,05.1086,1.04530,05.3310
2026-05-27T11:33:55.774698,4794.0,05.0931,1.23955,06.3093
2026-05-27T11:33:56.796648,4795.0,05.1112,1.13548,05.8023
2026-05-27T11:33:57.775605,4796.0,05.1055,1.11820,05.7028
2026-05-27T11:33:58.798877,4797.0,05.1098,1.24694,06.3593
2026-05-27T11:33:59.774298,4798.0,05.1061,1.02588,05.2319
2026-05-27T11:34:00.799679,4799.0,05.1116,1.05281,05.3798
2026-05-27T11:34:01.776154,4800.0,05.1131,1.17784,06.0187
2026-05-27T11:34:02.754875,4801.0,05.1076,0.96754,04.9344
2026-05-27T11:34:03.777562,4802.0,05.1076,1.03444,05.2756
2026-05-27T11:34:04.800755,4803.0,05.1111,1.31094,06.6989
2026-05-27T11:34:05.777907,4804.0,05.1042,1.15819,05.9067
2026-05-27T11:34:06.756008,4805.0,05.1095,0.77588,03.9569
2026-05-27T11:34:07.776189,4806.0,05.1122,1.07777,05.5074
2026-05-27T11:34:08.798883,4807.0,05.1059,1.04364,05.3225
2026-05-27T11:34:09.776749,4808.0,05.1061,1.05134,05.3618
2026-05-27T11:34:10.796760,4809.0,05.1101,1.06356,05.4347
2026-05-27T11:34:11.775139,4810.0,05.1020,1.09418,05.5803
2026-05-27T11:34:12.796900,4811.0,05.1131,1.10814,05.6625
2026-05-27T11:34:13.776836,4812.0,05.1050,1.08677,05.5425
2026-05-27T11:34:14.801571,4813.0,05.0986,1.08283,05.5116
2026-05-27T11:34:15.774785,4814.0,05.1003,1.03613,05.2842
2026-05-27T11:34:16.796115,4815.0,05.1061,1.06755,05.4445
2026-05-27T11:34:17.771322,4816.0,05.1187,1.11725,05.7091
2026-05-27T11:34:18.792382,4817.0,05.1094,1.21346,06.1886
2026-05-27T11:34:19.767747,4818.0,05.1105,0.77600,03.9653
2026-05-27T11:34:20.785411,4819.0,05.1053,0.99411,05.0699
2026-05-27T11:34:21.760555,4820.0,05.1049,1.18156,06.0259
2026-05-27T11:34:22.782039,4821.0,05.1080,1.08740,05.5457
2026-05-27T11:34:23.759503,4822.0,05.1051,0.95353,04.8630
2026-05-27T11:34:24.781084,4823.0,05.1087,1.02093,05.2067
2026-05-27T11:34:25.800846,4824.0,05.1050,1.09353,05.5770
2026-05-27T11:34:26.778146,4825.0,05.1050,1.13444,05.7856
2026-05-27T11:34:27.801612,4826.0,05.1108,1.07695,05.5032
2026-05-27T11:34:28.780669,4827.0,05.0991,1.16269,05.9180
2026-05-27T11:34:29.804745,4828.0,05.1103,1.10444,05.6436
2026-05-27T11:34:30.783983,4829.0,05.0947,1.13505,05.7774
2026-05-27T11:34:31.806108,4830.0,05.1036,1.19224,06.0804
2026-05-27T11:34:32.780953,4831.0,05.1064,0.77632,03.9592
2026-05-27T11:34:33.801769,4832.0,05.1074,0.91496,04.6662
2026-05-27T11:34:34.780317,4833.0,05.1080,1.06150,05.4136
2026-05-27T11:34:35.803857,4834.0,05.1084,1.05938,05.4028
2026-05-27T11:34:36.779622,4835.0,05.1070,1.10718,05.6466
2026-05-27T11:34:37.801182,4836.0,05.1047,1.09515,05.5852
2026-05-27T11:34:38.777089,4837.0,05.1078,1.21670,06.2051
2026-05-27T11:34:39.796712,4838.0,05.1062,1.10960,05.6589
2026-05-27T11:34:40.771976,4839.0,05.1116,1.10428,05.6428
2026-05-27T11:34:41.794606,4840.0,05.1070,1.16264,05.9294
2026-05-27T11:34:42.770297,4841.0,05.1034,1.07319,05.4732
2026-05-27T11:34:43.793690,4842.0,05.1044,1.23494,06.2981
2026-05-27T11:34:44.768325,4843.0,05.1111,1.11785,05.7122
2026-05-27T11:34:45.790476,4844.0,05.1092,0.77547,03.9548
2026-05-27T11:34:46.763405,4845.0,05.1109,0.89891,04.5934
2026-05-27T11:34:47.784767,4846.0,05.1077,1.02131,05.2086
2026-05-27T11:34:48.805842,4847.0,05.1062,1.03714,05.2894
2026-05-27T11:34:49.784425,4848.0,05.1073,1.06400,05.4264
2026-05-27T11:34:50.808895,4849.0,05.1077,1.08928,05.5553
2026-05-27T11:34:51.784781,4850.0,05.0959,1.14919,05.8493
2026-05-27T11:34:52.806892,4851.0,05.0970,1.07750,05.4844
2026-05-27T11:34:53.785044,4852.0,05.1083,1.17455,05.9902
2026-05-27T11:34:54.765186,4853.0,05.1037,1.14526,05.8408
2026-05-27T11:34:55.788680,4854.0,05.0995,1.03993,05.2932
2026-05-27T11:34:56.809694,4855.0,05.1089,1.16125,05.9223
2026-05-27T11:34:57.786297,4856.0,05.1076,1.22575,06.2513
2026-05-27T11:34:58.808508,4857.0,05.1075,0.78138,03.9850
2026-05-27T11:34:59.783266,4858.0,05.1066,0.88791,04.5283
2026-05-27T11:35:00.807928,4859.0,05.1016,1.05002,05.3551
2026-05-27T11:35:01.785040,4860.0,05.1053,1.07603,05.4877
2026-05-27T11:35:02.810330,4861.0,05.1012,1.14373,05.8330
2026-05-27T11:35:03.789340,4862.0,05.1045,1.08255,05.5210
2026-05-27T11:35:04.811839,4863.0,05.1076,1.18220,06.0292
2026-05-27T11:35:05.788754,4864.0,05.1183,1.13960,05.8233
2026-05-27T11:35:06.809910,4865.0,05.1030,1.12303,05.7274
2026-05-27T11:35:07.788827,4866.0,05.1151,1.15213,05.8873
2026-05-27T11:35:08.813495,4867.0,05.1112,1.03125,05.2696
2026-05-27T11:35:09.789180,4868.0,05.1128,1.28791,06.5812
2026-05-27T11:35:10.814831,4869.0,05.1050,1.10024,05.6112
2026-05-27T11:35:11.792160,4870.0,05.1092,0.77953,03.9756
2026-05-27T11:35:12.813735,4871.0,05.1092,0.87651,04.4702
2026-05-27T11:35:13.793842,4872.0,05.1080,1.01005,05.1512
2026-05-27T11:35:14.771057,4873.0,05.1108,1.11909,05.7185
2026-05-27T11:35:15.796450,4874.0,05.1131,1.04976,05.3642
2026-05-27T11:35:16.775168,4875.0,05.1062,1.40282,07.1543
2026-05-27T11:35:17.799474,4876.0,05.0989,1.23569,06.2896
2026-05-27T11:35:18.777322,4877.0,05.1120,1.13578,05.8038
2026-05-27T11:35:19.801622,4878.0,05.1083,1.13682,05.7977
2026-05-27T11:35:20.778505,4879.0,05.1080,1.05771,05.3943
2026-05-27T11:35:21.800235,4880.0,05.1227,1.08642,05.5624
2026-05-27T11:35:22.778519,4881.0,05.1044,1.34823,06.8759
2026-05-27T11:35:23.802957,4882.0,05.1041,1.18330,06.0348
2026-05-27T11:35:24.780403,4883.0,05.1098,0.77738,03.9646
2026-05-27T11:35:25.800891,4884.0,05.1069,0.85913,04.3815
2026-05-27T11:35:26.778371,4885.0,05.1078,1.07856,05.5006
2026-05-27T11:35:27.800816,4886.0,05.1105,0.99911,05.1054
2026-05-27T11:35:28.775224,4887.0,05.1033,1.13999,05.8139
2026-05-27T11:35:29.796930,4888.0,05.1116,1.12455,05.7464
2026-05-27T11:35:30.771841,4889.0,05.1036,1.21604,06.2018
2026-05-27T11:35:31.794746,4890.0,05.1089,1.20006,06.1203
2026-05-27T11:35:32.817502,4891.0,05.1117,1.20211,06.1427
2026-05-27T11:35:33.790949,4892.0,05.1023,1.24391,06.3439
2026-05-27T11:35:34.814641,4893.0,05.1034,1.12522,05.7386
2026-05-27T11:35:35.790440,4894.0,05.1005,1.32062,06.7351
2026-05-27T11:35:36.814104,4895.0,05.1061,0.93569,04.7720
2026-05-27T11:35:37.787852,4896.0,05.1126,0.77530,03.9617
2026-05-27T11:35:38.808679,4897.0,05.1050,0.84400,04.3044
2026-05-27T11:35:39.784542,4898.0,05.1025,0.98263,05.0114
2026-05-27T11:35:40.806385,4899.0,05.1031,1.08913,05.5545
2026-05-27T11:35:41.783277,4900.0,05.1094,1.01674,05.1853
2026-05-27T11:35:42.806625,4901.0,05.1075,1.12267,05.7256
2026-05-27T11:35:43.784514,4902.0,05.1120,1.11980,05.7221
2026-05-27T11:35:44.806947,4903.0,05.1120,1.18738,06.0675
2026-05-27T11:35:45.785896,4904.0,05.0922,1.38360,07.0425
2026-05-27T11:35:46.808421,4905.0,05.1066,1.04964,05.3531
2026-05-27T11:35:47.783421,4906.0,05.1108,1.11486,05.6969
2026-05-27T11:35:48.804573,4907.0,05.1086,1.10923,05.6570
2026-05-27T11:35:49.781995,4908.0,05.1088,1.16692,05.9512
2026-05-27T11:35:50.806457,4909.0,05.1090,0.77400,03.9474
2026-05-27T11:35:51.781265,4910.0,05.1084,0.79486,04.0537
2026-05-27T11:35:52.806714,4911.0,05.1081,1.02348,05.2197
2026-05-27T11:35:53.784322,4912.0,05.1055,1.08543,05.5356
2026-05-27T11:35:54.807505,4913.0,05.1139,1.07472,05.4918
2026-05-27T11:35:55.783750,4914.0,05.1219,1.11871,05.7277
2026-05-27T11:35:56.807939,4915.0,05.1081,1.29930,06.6264
2026-05-27T11:35:57.784755,4916.0,05.1136,1.20878,06.1768
2026-05-27T11:35:58.806795,4917.0,05.1066,1.15881,05.9099
2026-05-27T11:35:59.782673,4918.0,05.1130,1.07816,05.5093
2026-05-27T11:36:00.804937,4919.0,05.0966,0.96059,04.8894
2026-05-27T11:36:01.778804,4920.0,05.1102,1.26067,06.4420
2026-05-27T11:36:02.800698,4921.0,05.1028,1.20358,06.1382
2026-05-27T11:36:03.776858,4922.0,05.1081,1.19015,06.0697
2026-05-27T11:36:04.796112,4923.0,05.1097,0.77340,03.9443
2026-05-27T11:36:05.817460,4924.0,05.1095,1.06121,05.4121
2026-05-27T11:36:06.794933,4925.0,05.1045,1.21368,06.1897
2026-05-27T11:36:07.816449,4926.0,05.1145,1.12940,05.7712
2026-05-27T11:36:08.792204,4927.0,05.0955,1.29958,06.6148
2026-05-27T11:36:09.812628,4928.0,05.1159,1.23947,06.3336
2026-05-27T11:36:10.787202,4929.0,05.1039,1.40368,07.1587
2026-05-27T11:36:11.806041,4930.0,05.1162,1.18059,06.0328
2026-05-27T11:36:12.782045,4931.0,05.1091,1.23174,06.2818
2026-05-27T11:36:13.803243,4932.0,05.1039,1.28704,06.5639
2026-05-27T11:36:14.780256,4933.0,05.1039,1.24827,06.3661
2026-05-27T11:36:15.803894,4934.0,05.1074,1.10062,05.6131
2026-05-27T11:36:16.824244,4935.0,05.1023,1.05000,05.3550
2026-05-27T11:36:17.797559,4936.0,05.1069,0.62539,03.1894
2026-05-27T11:36:18.818885,4937.0,05.1086,1.06231,05.4177
2026-05-27T11:36:19.795215,4938.0,05.1183,1.10698,05.6566
2026-05-27T11:36:20.816768,4939.0,05.1041,1.16774,05.9554
2026-05-27T11:36:21.792173,4940.0,05.0966,1.41925,07.2239
2026-05-27T11:36:22.815220,4941.0,05.1036,1.22616,06.2534
2026-05-27T11:36:23.791224,4942.0,05.1000,1.33029,06.7844
2026-05-27T11:36:24.815880,4943.0,05.1073,1.07512,05.4831
2026-05-27T11:36:25.793891,4944.0,05.1028,1.31784,06.7209
2026-05-27T11:36:26.818708,4945.0,05.1153,1.28432,06.5628
2026-05-27T11:36:27.796054,4946.0,05.1178,1.39409,07.1237
2026-05-27T11:36:28.818732,4947.0,05.1081,1.00613,05.1312
2026-05-27T11:36:29.796575,4948.0,05.1090,1.19977,06.1188
2026-05-27T11:36:30.822438,4949.0,05.1091,0.81743,04.1688
2026-05-27T11:36:31.799033,4950.0,05.1080,1.21514,06.1972
2026-05-27T11:36:32.821188,4951.0,05.0928,1.09885,05.5931
2026-05-27T11:36:33.797140,4952.0,05.1126,1.20478,06.1564
2026-05-27T11:36:34.818575,4953.0,05.1130,1.27110,06.4953
2026-05-27T11:36:35.793404,4954.0,05.1037,1.33052,06.7856
2026-05-27T11:36:36.817461,4955.1,05.1186,1.25261,06.4008
2026-05-27T11:36:37.791189,4956.1,05.1030,1.19789,06.1092
2026-05-27T11:36:38.814300,4957.1,05.0861,1.39162,07.0694
2026-05-27T11:36:39.789856,4958.1,05.1011,1.22445,06.2446
2026-05-27T11:36:40.811641,4959.1,05.0976,1.12204,05.7111
2026-05-27T11:36:41.788666,4960.1,05.1116,1.23943,06.3334
2026-05-27T11:36:42.810136,4961.1,05.1075,1.05442,05.3775
2026-05-27T11:36:43.784748,4962.1,05.1081,0.77520,03.9535
2026-05-27T11:36:44.808786,4963.1,05.1108,1.25579,06.4170
2026-05-27T11:36:45.785550,4964.1,05.1064,1.24817,06.3656
2026-05-27T11:36:46.811115,4965.1,05.1080,1.08812,05.5494
2026-05-27T11:36:47.788863,4966.1,05.1151,1.35624,06.9303
2026-05-27T11:36:48.810615,4967.1,05.1180,1.27470,06.5137
2026-05-27T11:36:49.786583,4968.1,05.1009,1.30564,06.6587
2026-05-27T11:36:50.808260,4969.1,05.0905,1.52710,07.7729
2026-05-27T11:36:51.830934,4970.1,05.1116,1.14298,05.8406
2026-05-27T11:36:52.809787,4971.1,05.0959,1.34558,06.8490
2026-05-27T11:36:53.831300,4972.1,05.0973,1.19886,06.1021
2026-05-27T11:36:54.805420,4973.1,05.1119,1.10075,05.6248
2026-05-27T11:36:55.826265,4974.1,05.1019,1.18121,06.0241
2026-05-27T11:36:56.798948,4975.1,05.1087,0.77801,03.9678
2026-05-27T11:36:57.820109,4976.1,05.1087,1.34018,06.8349
2026-05-27T11:36:58.795089,4977.1,05.1108,1.09175,05.5788
2026-05-27T11:36:59.816858,4978.1,05.0986,1.11948,05.6981
2026-05-27T11:37:00.791258,4979.1,05.1022,1.38834,07.0805
2026-05-27T11:37:01.811589,4980.1,05.1047,1.33370,06.8018
2026-05-27T11:37:02.833515,4981.1,05.1055,1.18356,06.0361
2026-05-27T11:37:03.807837,4982.1,05.0920,1.40031,07.1275
2026-05-27T11:37:04.830159,4983.1,05.0961,1.14628,05.8345
2026-05-27T11:37:05.804188,4984.1,05.1042,1.29088,06.5834
2026-05-27T11:37:06.829387,4985.1,05.1212,1.14292,05.8517
2026-05-27T11:37:07.802932,4986.1,05.1031,1.23079,06.2770
2026-05-27T11:37:08.824240,4987.1,05.1086,1.20449,06.1428
2026-05-27T11:37:09.796017,4988.1,05.1086,0.77325,03.9435
2026-05-27T11:37:10.815799,4989.1,05.1053,1.16594,05.9462
2026-05-27T11:37:11.834739,4990.1,05.1114,1.08755,05.5573
2026-05-27T11:37:12.810219,4991.1,05.0864,1.16175,05.9016
2026-05-27T11:37:13.830900,4992.1,05.1197,1.25988,06.4379
2026-05-27T11:37:14.807679,4993.1,05.0936,1.26129,06.4199
2026-05-27T11:37:15.830333,4994.1,05.1053,1.18384,06.0375
2026-05-27T11:37:16.804892,4995.1,05.1078,1.26436,06.4482
2026-05-27T11:37:17.825770,4996.1,05.0969,1.19872,06.1014
2026-05-27T11:37:18.799312,4997.1,05.1061,1.16526,05.9428
2026-05-27T11:37:19.819537,4998.1,05.1020,1.35781,06.9248
2026-05-27T11:37:20.837489,4999.1,05.1062,0.99588,05.0789
2026-05-27T11:37:21.812302,5000.1,05.0984,1.20654,06.1412
2026-05-27T11:37:22.833257,5001.1,05.1058,0.77432,03.9490
2026-05-27T11:37:23.806424,5002.1,05.1137,1.10661,05.6547
2026-05-27T11:37:24.827612,5003.1,05.1123,1.18176,06.0387
2026-05-27T11:37:25.802048,5004.1,05.1076,1.25670,06.4091
2026-05-27T11:37:26.821734,5005.1,05.1095,1.19672,06.1032
2026-05-27T11:37:27.798669,5006.1,05.1084,1.29542,06.6066
2026-05-27T11:37:28.822458,5007.1,05.1141,1.12562,05.7519
2026-05-27T11:37:29.796966,5008.1,05.1086,1.12633,05.7442
2026-05-27T11:37:30.818538,5009.1,05.1041,1.35962,06.9340
2026-05-27T11:37:31.796943,5010.1,05.1017,1.23693,06.3083
2026-05-27T11:37:32.819472,5011.1,05.1047,1.17391,05.9869
2026-05-27T11:37:33.839488,5012.1,05.1067,1.26549,06.4539
2026-05-27T11:37:34.814712,5013.1,05.1116,1.29872,06.6364
2026-05-27T11:37:35.836325,5014.1,05.1079,0.77453,03.9501
2026-05-27T11:37:36.813604,5015.1,05.1014,1.07586,05.4868
2026-05-27T11:37:37.836893,5016.1,05.0961,1.22372,06.2287
2026-05-27T11:37:38.814231,5017.1,05.1139,1.12522,05.7498
2026-05-27T11:37:39.836159,5018.1,05.1000,1.12550,05.7400
2026-05-27T11:37:40.812686,5019.1,05.1130,1.21306,06.1987
2026-05-27T11:37:41.833389,5020.1,05.0787,1.61386,08.1822
2026-05-27T11:37:42.806925,5021.1,05.1051,1.06955,05.4547
2026-05-27T11:37:43.830723,5022.1,05.1100,1.31484,06.7188
2026-05-27T11:37:44.809463,5023.1,05.0978,1.29490,06.5910
2026-05-27T11:37:45.832131,5024.1,05.1008,1.45324,07.4115
2026-05-27T11:37:46.806811,5025.1,05.1059,0.93259,04.7562
2026-05-27T11:37:47.827312,5026.1,05.1072,1.07720,05.4937
2026-05-27T11:37:48.798514,5027.1,05.1069,0.77612,03.9582
2026-05-27T11:37:49.817537,5028.1,05.1153,1.07316,05.4838
2026-05-27T11:37:50.837139,5029.1,05.1147,1.22419,06.2556
2026-05-27T11:37:51.808100,5030.1,05.1120,1.19894,06.1265
2026-05-27T11:37:52.828171,5031.1,05.0997,1.14876,05.8471
2026-05-27T11:37:53.801431,5032.1,05.1012,1.25407,06.3957
2026-05-27T11:37:54.821194,5033.1,05.1119,1.25556,06.4159
2026-05-27T11:37:55.842778,5034.1,05.1145,1.34659,06.8810
2026-05-27T11:37:56.815823,5035.1,05.1111,1.25701,06.4233
2026-05-27T11:37:57.834262,5036.1,05.0914,1.20287,06.1226
2026-05-27T11:37:58.808665,5037.1,05.1103,1.28037,06.5426
2026-05-27T11:37:59.830163,5038.1,05.1072,1.17721,06.0037
2026-05-27T11:38:00.802263,5039.1,05.1000,1.15013,05.8656
2026-05-27T11:38:01.820117,5040.1,05.1070,0.76989,03.9264
2026-05-27T11:38:02.839946,5041.1,05.1080,1.10935,05.6576
2026-05-27T11:38:03.814183,5042.1,05.1085,1.23928,06.3203
2026-05-27T11:38:04.838702,5043.1,05.1050,1.14931,05.8614
2026-05-27T11:38:05.815113,5044.1,05.1050,1.27747,06.5150
2026-05-27T11:38:06.836166,5045.1,05.0978,1.31123,06.6741
2026-05-27T11:38:07.813126,5046.1,05.1041,1.41320,07.2073
2026-05-27T11:38:08.831567,5047.1,05.1112,1.54151,07.8771
2026-05-27T11:38:09.805446,5048.1,05.1067,1.13315,05.7790
2026-05-27T11:38:10.826437,5049.1,05.1047,1.17628,05.9990
2026-05-27T11:38:11.802385,5050.1,05.1137,1.23954,06.3340
2026-05-27T11:38:12.822748,5051.1,05.1058,1.06834,05.4485
2026-05-27T11:38:13.843061,5052.1,05.1059,1.08828,05.5502
2026-05-27T11:38:14.815592,5053.1,05.1080,0.77669,03.9611
2026-05-27T11:38:15.834251,5054.1,05.1153,1.04455,05.3376
2026-05-27T11:38:16.807569,5055.1,05.1017,1.62350,08.2798
2026-05-27T11:38:17.827175,5056.1,05.1106,1.30280,06.6573
2026-05-27T11:38:18.844245,5057.1,05.0976,1.33255,06.7826
2026-05-27T11:38:19.814772,5058.1,05.1020,1.20331,06.1368
2026-05-27T11:38:20.833868,5059.1,05.1109,1.22702,06.2700
2026-05-27T11:38:21.810223,5060.1,05.1142,1.31982,06.7442
2026-05-27T11:38:22.831154,5061.1,05.1016,1.33209,06.7936
2026-05-27T11:38:23.807601,5062.1,05.1070,1.30483,06.6546
2026-05-27T11:38:24.829273,5063.1,05.0947,1.21492,06.1839
2026-05-27T11:38:25.804274,5064.1,05.1144,1.12764,05.7622
2026-05-27T11:38:26.827853,5065.1,05.1025,1.24831,06.3663
2026-05-27T11:38:27.846074,5066.1,05.1081,0.77613,03.9582
2026-05-27T11:38:28.819905,5067.1,05.1153,1.17262,05.9920
2026-05-27T11:38:29.840526,5068.1,05.1087,1.30720,06.6667
2026-05-27T11:38:30.813838,5069.1,05.1167,1.31361,06.7125
2026-05-27T11:38:31.836600,5070.1,05.1131,1.17172,05.9874
2026-05-27T11:38:32.811931,5071.1,05.1142,1.29011,06.5924
2026-05-27T11:38:33.831559,5072.1,05.1158,1.25986,06.4378
2026-05-27T11:38:34.808114,5073.1,05.1037,1.19634,06.1013
2026-05-27T11:38:35.832174,5074.1,05.1050,1.07703,05.4928
2026-05-27T11:38:36.810673,5075.1,05.1083,1.06185,05.4154
2026-05-27T11:38:37.834756,5076.1,05.1133,1.15990,05.9270
2026-05-27T11:38:38.812843,5077.1,05.1075,1.10499,05.6354
2026-05-27T11:38:39.833165,5078.1,05.1136,1.17952,06.0273
2026-05-27T11:38:40.807794,5079.1,05.1086,0.77348,03.9447
2026-05-27T11:38:41.829506,5080.1,05.1158,1.04323,05.3309
2026-05-27T11:38:42.849936,5081.1,05.0908,1.15203,05.8638
2026-05-27T11:38:43.828598,5082.1,05.0941,1.26776,06.4528
2026-05-27T11:38:44.851382,5083.1,05.1090,1.24121,06.3301
2026-05-27T11:38:45.827001,5084.1,05.1025,1.29784,06.6189
2026-05-27T11:38:46.846385,5085.1,05.0986,1.23114,06.2665
2026-05-27T11:38:47.821311,5086.1,05.1083,1.13844,05.8060
2026-05-27T11:38:48.842412,5087.1,05.1017,1.23807,06.3141
2026-05-27T11:38:49.814920,5088.1,05.1078,1.00729,05.1371
2026-05-27T11:38:50.836139,5089.1,05.1050,1.03437,05.2752
2026-05-27T11:38:51.812777,5090.1,05.1097,1.19040,06.0710
2026-05-27T11:38:52.834264,5091.1,05.1117,1.17116,05.9846
2026-05-27T11:38:53.852529,5092.1,05.1087,0.77734,03.9644
2026-05-27T11:38:54.822962,5093.1,05.1045,1.03644,05.2858
2026-05-27T11:38:55.843634,5094.1,05.1026,1.18153,06.0258
2026-05-27T11:38:56.819170,5095.1,05.1142,1.10723,05.6579
2026-05-27T11:38:57.840754,5096.1,05.1081,1.07928,05.5043
2026-05-27T11:38:58.816539,5097.1,05.1073,1.19013,06.0696
2026-05-27T11:38:59.836394,5098.1,05.1019,1.10998,05.6608
2026-05-27T11:39:00.810468,5099.1,05.1053,1.17739,06.0046
2026-05-27T11:39:01.830291,5100.1,05.1109,1.25868,06.4318
2026-05-27T11:39:02.851019,5101.1,05.0942,1.14364,05.8211
2026-05-27T11:39:03.829601,5102.1,05.1092,1.05061,05.3581
2026-05-27T11:39:04.849732,5103.1,05.1095,1.13341,05.7803
2026-05-27T11:39:05.826673,5104.1,05.1089,1.11428,05.6828
2026-05-27T11:39:06.848257,5105.1,05.1098,0.79386,04.0486
2026-05-27T11:39:07.820309,5106.1,05.1011,1.15346,05.8826
2026-05-27T11:39:08.841111,5107.1,05.0995,1.37141,06.9804
2026-05-27T11:39:09.819205,5108.1,05.1141,1.31138,06.7011
2026-05-27T11:39:10.840406,5109.1,05.1058,1.26139,06.4330
2026-05-27T11:39:11.814795,5110.1,05.1072,1.23695,06.3084
2026-05-27T11:39:12.839687,5111.1,05.1094,1.20647,06.1529
2026-05-27T11:39:13.815916,5112.1,05.1016,1.14344,05.8315
2026-05-27T11:39:14.836775,5113.1,05.1006,1.50554,07.6782
2026-05-27T11:39:15.854466,5114.1,05.1095,1.24212,06.3348
2026-05-27T11:39:16.829056,5115.1,05.1020,1.13749,05.8011
2026-05-27T11:39:17.851521,5116.1,05.1198,1.13545,05.8021
2026-05-27T11:39:18.827882,5117.1,05.0967,1.29297,06.5812
2026-05-27T11:39:19.845415,5118.1,05.1086,0.77641,03.9596
2026-05-27T11:39:20.818290,5119.1,05.0914,1.19114,06.0629
2026-05-27T11:39:21.840698,5120.1,05.1048,1.46298,07.4611
2026-05-27T11:39:22.813950,5121.1,05.1069,1.21228,06.1826
2026-05-27T11:39:23.834990,5122.1,05.1025,1.37311,07.0028
2026-05-27T11:39:24.854263,5123.1,05.1025,1.05005,05.3552
2026-05-27T11:39:25.829422,5124.1,05.1026,1.11650,05.6941
2026-05-27T11:39:26.852526,5125.1,05.1094,1.08006,05.5083
2026-05-27T11:39:27.830724,5126.1,05.1086,1.13253,05.7759
2026-05-27T11:39:28.851302,5127.1,05.1106,1.15992,05.9271
2026-05-27T11:39:29.826696,5128.1,05.1087,1.14853,05.8575
2026-05-27T11:39:30.846859,5129.1,05.1080,1.10063,05.6132
2026-05-27T11:39:31.822141,5130.1,05.1040,1.20008,06.1204
2026-05-27T11:39:32.841929,5131.1,05.1081,0.77238,03.9391
2026-05-27T11:39:33.817141,5132.1,05.1026,1.07542,05.4846
2026-05-27T11:39:34.840529,5133.1,05.0941,1.41701,07.2125
2026-05-27T11:39:35.815086,5134.1,05.1035,1.48082,07.5521
2026-05-27T11:39:36.835284,5135.1,05.1034,1.15292,05.8798
2026-05-27T11:39:37.859927,5136.1,05.0916,1.47447,07.5050
2026-05-27T11:39:38.839929,5137.1,05.1083,1.06146,05.4134
2026-05-27T11:39:39.817081,5138.1,05.0976,1.05621,05.3761
2026-05-27T11:39:40.841120,5139.1,05.1042,1.04936,05.3517
2026-05-27T11:39:41.819428,5140.1,05.1041,0.95653,04.8783
2026-05-27T11:39:42.841166,5141.1,05.1098,1.10659,05.6436
2026-05-27T11:39:43.817788,5142.1,05.1020,1.24683,06.3588
2026-05-27T11:39:44.837482,5143.1,05.0987,1.22013,06.2104
2026-05-27T11:39:45.859242,5144.1,05.1087,0.77844,03.9700
2026-05-27T11:39:46.832600,5145.1,05.1026,1.53335,07.8200
2026-05-27T11:39:47.851798,5146.1,05.1073,1.12185,05.7214
2026-05-27T11:39:48.827213,5147.1,05.1051,1.17817,06.0086
2026-05-27T11:39:49.847883,5148.1,05.1033,1.32973,06.7816
2026-05-27T11:39:50.821640,5149.1,05.1087,1.03718,05.2896
2026-05-27T11:39:51.841327,5150.1,05.1089,1.16881,05.9609
2026-05-27T11:39:52.862878,5151.1,05.1084,1.05668,05.3890
2026-05-27T11:39:53.839425,5152.1,05.1094,1.13981,05.8130
2026-05-27T11:39:54.861799,5153.1,05.1145,1.08775,05.5584
2026-05-27T11:39:55.839635,5154.1,05.1117,1.06343,05.4341
2026-05-27T11:39:56.860697,5155.1,05.1109,1.11930,05.7196
2026-05-27T11:39:57.835986,5156.1,05.1044,1.12936,05.7597
2026-05-27T11:39:58.853881,5157.1,05.1076,0.77668,03.9610
2026-05-27T11:39:59.828847,5158.1,05.0955,1.38534,07.0513
2026-05-27T11:40:00.848529,5159.1,05.1194,1.16278,05.9418
2026-05-27T11:40:01.823337,5160.1,05.1078,1.28531,06.5550
2026-05-27T11:40:02.842410,5161.1,05.1087,1.09057,05.5619
2026-05-27T11:40:03.862705,5162.1,05.1097,1.19193,06.0788
2026-05-27T11:40:04.834443,5163.1,05.1153,1.05521,05.3921
2026-05-27T11:40:05.857980,5164.1,05.1184,1.07083,05.4719
2026-05-27T11:40:06.833544,5165.1,05.1020,1.01184,05.1603
2026-05-27T11:40:07.854924,5166.1,05.1136,1.04620,05.3460
2026-05-27T11:40:08.827832,5167.1,05.1026,1.06275,05.4200
2026-05-27T11:40:09.847836,5168.1,05.1095,1.10664,05.6438
2026-05-27T11:40:10.822134,5169.1,05.1019,1.12632,05.7442
2026-05-27T11:40:11.842390,5170.1,05.1080,0.77332,03.9439
2026-05-27T11:40:12.864110,5171.1,05.1058,1.09084,05.5632
2026-05-27T11:40:13.841049,5172.1,05.1088,1.17576,05.9963
2026-05-27T11:40:14.862871,5173.1,05.0881,1.30134,06.6108
2026-05-27T11:40:15.837023,5174.1,05.1067,1.18484,06.0426
2026-05-27T11:40:16.858960,5175.1,05.1036,1.31235,06.6929
2026-05-27T11:40:17.832945,5176.1,05.1025,1.12152,05.7197
2026-05-27T11:40:18.854875,5177.1,05.0991,1.04994,05.3441
2026-05-27T11:40:19.830811,5178.1,05.1112,1.03811,05.3047
2026-05-27T11:40:20.853934,5179.1,05.1083,1.01860,05.1948
2026-05-27T11:40:21.827254,5180.1,05.1014,1.10948,05.6583
2026-05-27T11:40:22.850292,5181.1,05.1019,1.09644,05.5918
2026-05-27T11:40:23.827774,5182.1,05.1092,1.14110,05.8196
2026-05-27T11:40:24.850259,5183.1,05.1080,0.77610,03.9581
2026-05-27T11:40:25.825706,5184.1,05.1119,1.00614,05.1413
2026-05-27T11:40:26.847941,5185.1,05.1094,1.05356,05.3731
2026-05-27T11:40:27.827313,5186.1,05.1047,1.14287,05.8286
2026-05-27T11:40:28.850732,5187.1,05.1166,1.00627,05.1420
2026-05-27T11:40:29.829540,5188.1,05.1023,1.05536,05.3823
2026-05-27T11:40:30.854065,5189.1,05.1042,1.24072,06.3276
2026-05-27T11:40:31.832373,5190.1,05.1080,1.09297,05.5741
2026-05-27T11:40:32.853407,5191.1,05.1078,1.09689,05.5941
2026-05-27T11:40:33.829575,5192.1,05.1209,1.11949,05.7317
2026-05-27T11:40:34.855552,5193.1,05.1094,1.15645,05.8978
2026-05-27T11:40:35.833168,5194.1,05.1155,1.11922,05.7192
2026-05-27T11:40:36.858149,5195.1,05.1026,1.17075,05.9708
2026-05-27T11:40:37.834940,5196.1,05.1108,0.77260,03.9479
2026-05-27T11:40:38.857481,5197.1,05.0961,1.03667,05.2766
2026-05-27T11:40:39.832558,5198.1,05.0950,1.00781,05.1297
2026-05-27T11:40:40.857289,5199.1,05.1117,1.09983,05.6201
2026-05-27T11:40:41.836037,5200.1,05.1131,1.06453,05.4397
2026-05-27T11:40:42.859729,5201.1,05.1076,1.23871,06.3174
2026-05-27T11:40:43.836151,5202.1,05.1092,1.08454,05.5311
2026-05-27T11:40:44.860099,5203.1,05.1151,1.06411,05.4376
2026-05-27T11:40:45.834888,5204.1,05.1045,1.16028,05.9174
2026-05-27T11:40:46.858736,5205.1,05.1094,1.02351,05.2199
2026-05-27T11:40:47.834873,5206.1,05.1028,1.01320,05.1673
2026-05-27T11:40:48.856559,5207.1,05.1076,1.26928,06.4733
2026-05-27T11:40:49.830315,5208.1,05.1070,0.96125,04.9023
2026-05-27T11:40:50.851720,5209.1,05.1100,0.77711,03.9710
2026-05-27T11:40:51.867889,5210.1,05.1100,0.96605,04.9365
2026-05-27T11:40:52.844794,5211.1,05.1092,1.04054,05.3067
2026-05-27T11:40:53.868941,5212.1,05.1200,1.21869,06.2396
2026-05-27T11:40:54.843730,5213.1,05.1148,0.96415,04.9268
2026-05-27T11:40:55.865022,5214.1,05.1037,1.00881,05.1449
2026-05-27T11:40:56.840412,5215.1,05.1025,1.16125,05.9223
2026-05-27T11:40:57.863858,5216.1,05.1086,1.24298,06.3391
2026-05-27T11:40:58.838260,5217.1,05.1119,1.03357,05.2815
2026-05-27T11:40:59.861431,5218.1,05.1087,1.12024,05.7132
2026-05-27T11:41:00.836896,5219.1,05.1101,1.05939,05.4134
2026-05-27T11:41:01.858122,5220.1,05.1069,1.29128,06.5855
2026-05-27T11:41:02.833747,5221.1,05.1069,1.29348,06.5967
2026-05-27T11:41:03.853702,5222.1,05.1094,0.77677,03.9615
2026-05-27T11:41:04.873493,5223.1,05.0994,0.90091,04.5856
2026-05-27T11:41:05.847763,5224.1,05.1087,1.13179,05.7721
2026-05-27T11:41:06.872288,5225.1,05.1020,1.08226,05.5195
2026-05-27T11:41:07.849313,5226.1,05.1003,1.00826,05.1421
2026-05-27T11:41:08.871184,5227.1,05.1139,1.09457,05.5932
2026-05-27T11:41:09.848829,5228.1,05.1011,1.19711,06.1052
2026-05-27T11:41:10.871063,5229.1,05.1151,1.16329,05.9444
2026-05-27T11:41:11.845693,5230.1,05.1145,1.32851,06.7886
2026-05-27T11:41:12.865845,5231.1,05.1056,1.09516,05.5853
2026-05-27T11:41:13.841630,5232.1,05.0969,1.08042,05.4993
2026-05-27T11:41:14.862549,5233.1,05.1067,1.13618,05.7945
2026-05-27T11:41:15.839467,5234.1,05.1031,1.12813,05.7534
2026-05-27T11:41:16.861830,5235.1,05.1080,0.77856,03.9706
2026-05-27T11:41:17.877174,5236.1,05.1059,0.89339,04.5562
2026-05-27T11:41:18.852821,5237.1,05.1056,1.06246,05.4185
2026-05-27T11:41:19.872259,5238.1,05.1075,1.03689,05.2881
2026-05-27T11:41:20.848126,5239.1,05.1123,0.97520,04.9832
2026-05-27T11:41:21.867404,5240.1,05.1022,1.08794,05.5484
2026-05-27T11:41:22.842726,5241.1,05.1105,1.04471,05.3384
2026-05-27T11:41:23.864814,5242.1,05.1100,1.02806,05.2533
2026-05-27T11:41:24.838959,5243.1,05.1131,1.15753,05.9149
2026-05-27T11:41:25.862333,5244.1,05.0955,1.23389,06.2805
2026-05-27T11:41:26.837898,5245.1,05.1070,1.17042,05.9691
2026-05-27T11:41:27.863946,5246.1,05.1051,1.18537,06.0453
2026-05-27T11:41:28.841031,5247.1,05.1150,1.16690,05.9628
2026-05-27T11:41:29.864454,5248.1,05.1103,0.77306,03.9503
2026-05-27T11:41:30.840403,5249.1,05.1083,0.81434,04.1531
2026-05-27T11:41:31.865337,5250.1,05.1090,1.03951,05.3015
2026-05-27T11:41:32.843887,5251.1,05.1075,1.12545,05.7397
2026-05-27T11:41:33.869461,5252.1,05.1078,1.14052,05.8166
2026-05-27T11:41:34.848341,5253.1,05.1026,1.13334,05.7800
2026-05-27T11:41:35.870046,5254.1,05.1141,1.03926,05.3106
2026-05-27T11:41:36.847584,5255.1,05.1034,1.08526,05.5348
2026-05-27T11:41:37.870933,5256.1,05.1217,1.07216,05.4894
2026-05-27T11:41:38.850720,5257.1,05.1097,1.17439,05.9893
2026-05-27T11:41:39.874745,5258.1,05.1089,1.05952,05.4035
2026-05-27T11:41:40.850535,5259.1,05.1034,1.26496,06.4512
2026-05-27T11:41:41.873406,5260.1,05.1125,1.13163,05.7826
2026-05-27T11:41:42.849826,5261.1,05.1125,0.77926,03.9820
2026-05-27T11:41:43.868168,5262.1,05.1055,0.82039,04.1839
2026-05-27T11:41:44.846902,5263.1,05.1056,1.02749,05.2401
2026-05-27T11:41:45.871608,5264.1,05.1044,1.04986,05.3542
2026-05-27T11:41:46.848020,5265.1,05.1100,1.08632,05.5510
2026-05-27T11:41:47.869859,5266.1,05.1147,1.10960,05.6700
2026-05-27T11:41:48.848727,5267.1,05.1012,1.09589,05.5890
2026-05-27T11:41:49.870503,5268.1,05.1097,1.26111,06.4316
2026-05-27T11:41:50.846950,5269.1,05.1012,1.24724,06.3609
2026-05-27T11:41:51.869405,5270.1,05.1086,1.12168,05.7205
2026-05-27T11:41:52.849814,5271.1,05.1170,1.12487,05.7480
2026-05-27T11:41:53.873888,5272.1,05.1061,1.27465,06.5007
2026-05-27T11:41:54.852157,5273.1,05.1026,1.21328,06.1877
2026-05-27T11:41:55.874742,5274.1,05.1087,0.77463,03.9506
2026-05-27T11:41:56.849497,5275.1,05.1092,0.69449,03.5418
2026-05-27T11:41:57.874550,5276.1,05.1098,1.06183,05.4153
2026-05-27T11:41:58.852051,5277.1,05.1097,1.24405,06.3446
2026-05-27T11:41:59.880011,5278.1,05.1031,1.06319,05.4222
2026-05-27T11:42:00.858950,5279.1,05.1191,1.11618,05.7036
2026-05-27T11:42:01.885072,5280.1,05.1044,0.97157,04.9550
2026-05-27T11:42:02.863214,5281.1,05.1044,1.39558,07.1174
2026-05-27T11:42:03.888160,5282.1,05.1136,1.17923,06.0258
2026-05-27T11:42:04.866708,5283.1,05.1023,1.19422,06.0905
2026-05-27T11:42:05.844867,5284.1,05.1042,1.09053,05.5617
2026-05-27T11:42:06.872432,5285.1,05.1103,1.09260,05.5831
2026-05-27T11:42:07.851590,5286.1,05.1094,1.14299,05.8292
2026-05-27T11:42:08.876681,5287.1,05.1134,0.89584,04.5777
2026-05-27T11:42:09.852040,5288.1,05.1077,0.83485,04.2577
2026-05-27T11:42:10.876206,5289.1,05.1086,1.15553,05.8932
2026-05-27T11:42:11.855180,5290.1,05.1059,1.17001,05.9670
2026-05-27T11:42:12.879330,5291.1,05.1098,0.93024,04.7442
2026-05-27T11:42:13.857287,5292.1,05.1080,1.06412,05.4270
2026-05-27T11:42:14.881670,5293.1,05.1131,1.22616,06.2656
2026-05-27T11:42:15.859470,5294.1,05.1101,1.24845,06.3795
2026-05-27T11:42:16.884131,5295.1,05.1042,1.18567,06.0469
2026-05-27T11:42:17.863250,5296.1,05.1100,1.04738,05.3521
2026-05-27T11:42:18.885530,5297.1,05.1198,1.13247,05.7869
2026-05-27T11:42:19.861596,5298.1,05.1012,1.17214,05.9779
2026-05-27T11:42:20.884708,5299.1,05.1073,1.20107,06.1254
2026-05-27T11:42:21.861160,5300.1,05.1075,0.77425,03.9486
2026-05-27T11:42:22.882979,5301.1,05.1083,0.81894,04.1765
2026-05-27T11:42:23.861196,5302.1,05.1055,1.00386,05.1196
2026-05-27T11:42:24.884648,5303.1,05.1081,1.19130,06.0756
2026-05-27T11:42:25.861030,5304.1,05.1070,1.08938,05.5558
2026-05-27T11:42:26.883254,5305.1,05.1134,1.03330,05.2801
2026-05-27T11:42:27.860143,5306.1,05.1069,1.12417,05.7332
2026-05-27T11:42:28.882702,5307.1,05.1217,1.18481,06.0662
2026-05-27T11:42:29.857094,5308.1,05.1087,1.38036,07.0398
2026-05-27T11:42:30.878112,5309.1,05.1005,1.17045,05.9692
2026-05-27T11:42:31.855876,5310.1,05.0972,1.15107,05.8589
2026-05-27T11:42:32.878290,5311.1,05.1034,1.20990,06.1704
2026-05-27T11:42:33.854610,5312.1,05.1119,1.02525,05.2390
2026-05-27T11:42:34.874818,5313.1,05.1156,0.85132,04.3502
2026-05-27T11:42:35.894834,5314.1,05.1084,0.82232,04.1938
2026-05-27T11:42:36.869082,5315.1,05.1058,1.02048,05.2044
2026-05-27T11:42:37.891751,5316.1,05.1153,1.17246,05.9912
2026-05-27T11:42:38.869630,5317.1,05.1098,0.98444,05.0206
2026-05-27T11:42:39.891198,5318.1,05.1022,1.04713,05.3403
2026-05-27T11:42:40.867087,5319.1,05.1170,1.22115,06.2400
2026-05-27T11:42:41.887223,5320.1,05.1095,1.17473,05.9911
2026-05-27T11:42:42.861261,5321.1,05.1116,1.09390,05.5898
2026-05-27T11:42:43.881316,5322.1,05.1098,1.22412,06.2430
2026-05-27T11:42:44.854809,5323.1,05.1189,1.31146,06.7015
2026-05-27T11:42:45.876977,5324.1,05.1019,1.37646,07.0199
2026-05-27T11:42:46.897683,5325.1,05.1053,1.07652,05.4902
2026-05-27T11:42:47.875419,5326.1,05.1112,0.88384,04.5164
2026-05-27T11:42:48.894313,5327.1,05.1089,0.77344,03.9445
2026-05-27T11:42:49.870415,5328.1,05.1097,1.14330,05.8308
2026-05-27T11:42:50.893637,5329.1,05.1081,1.22331,06.2388
2026-05-27T11:42:51.868925,5330.1,05.1108,1.21943,06.2312
2026-05-27T11:42:52.890432,5331.1,05.1130,1.05961,05.4146
2026-05-27T11:42:53.867691,5332.1,05.1045,0.95485,04.8697
2026-05-27T11:42:54.890156,5333.1,05.1014,1.37969,07.0364
2026-05-27T11:42:55.866710,5334.1,05.1205,1.12098,05.7394
2026-05-27T11:42:56.888643,5335.1,05.1086,1.31955,06.7297
2026-05-27T11:42:57.866784,5336.1,05.1009,1.13035,05.7647
2026-05-27T11:42:58.888692,5337.1,05.0876,1.19254,06.0581
2026-05-27T11:42:59.867848,5338.1,05.1034,1.36641,06.9686
2026-05-27T11:43:00.889567,5339.1,05.1078,1.19633,06.1012
2026-05-27T11:43:01.864831,5340.1,05.1095,0.77436,03.9492
2026-05-27T11:43:02.887529,5341.1,05.1081,1.02944,05.2501
2026-05-27T11:43:03.865142,5342.1,05.1059,1.16527,05.9428
2026-05-27T11:43:04.885156,5343.1,05.1064,0.96296,04.9110
2026-05-27T11:43:05.859047,5344.1,05.1123,1.09132,05.5766
2026-05-27T11:43:06.882722,5345.1,05.1000,1.16115,05.9218
2026-05-27T11:43:07.859888,5346.1,05.1047,1.35321,06.9013
2026-05-27T11:43:08.882257,5347.1,05.1092,1.16891,05.9614
2026-05-27T11:43:09.858311,5348.1,05.0989,1.18689,06.0412
2026-05-27T11:43:10.879225,5349.1,05.1042,1.20413,06.1410
2026-05-27T11:43:11.857069,5350.1,05.1087,1.34350,06.8518
2026-05-27T11:43:12.880963,5351.1,05.1041,1.35717,06.9215
2026-05-27T11:43:13.857262,5352.1,05.0959,0.94602,04.8152
2026-05-27T11:43:14.877613,5353.1,05.1087,0.77410,03.9479
2026-05-27T11:43:15.898257,5354.1,05.1136,1.19833,06.1234
2026-05-27T11:43:16.872760,5355.1,05.1017,1.15483,05.8896
2026-05-27T11:43:17.895689,5356.1,05.1091,1.07841,05.4998
2026-05-27T11:43:18.874293,5357.1,05.1103,1.14942,05.8735
2026-05-27T11:43:19.900278,5358.1,05.1078,1.17076,05.9708
2026-05-27T11:43:20.877809,5359.1,05.1081,1.37662,07.0207
2026-05-27T11:43:21.900641,5360.1,05.1033,1.12775,05.7515
2026-05-27T11:43:22.878689,5361.1,05.1098,1.12276,05.7260
2026-05-27T11:43:23.901542,5362.1,05.1197,1.26702,06.4744
2026-05-27T11:43:24.878888,5363.1,05.1151,1.15770,05.9158
2026-05-27T11:43:25.904115,5364.1,05.1019,1.29943,06.6270
2026-05-27T11:43:26.881881,5365.1,05.1098,1.22487,06.2468
2026-05-27T11:43:27.902012,5366.1,05.1078,0.77353,03.9450
2026-05-27T11:43:28.881850,5367.1,05.1066,1.03940,05.3009
2026-05-27T11:43:29.861300,5368.1,05.1053,1.27449,06.4998
2026-05-27T11:43:30.883538,5369.1,05.1119,1.08210,05.5295
2026-05-27T11:43:31.903835,5370.1,05.1128,1.22519,06.2607
2026-05-27T11:43:32.879062,5371.1,05.1055,1.18708,06.0541
2026-05-27T11:43:33.900596,5372.1,05.0801,1.50844,07.6628
2026-05-27T11:43:34.876298,5373.1,05.0950,1.23453,06.2837
2026-05-27T11:43:35.897697,5374.1,05.1091,1.18909,06.0643
2026-05-27T11:43:36.872691,5375.1,05.1095,1.17236,05.9790
2026-05-27T11:43:37.892580,5376.1,05.1014,1.25206,06.3855
2026-05-27T11:43:38.869648,5377.1,05.1059,1.20535,06.1472
2026-05-27T11:43:39.890431,5378.1,05.1137,1.12386,05.7429
2026-05-27T11:43:40.863884,5379.1,05.1097,0.77408,03.9478
2026-05-27T11:43:41.885300,5380.1,05.1037,1.04204,05.3144
2026-05-27T11:43:42.905966,5381.1,05.1008,1.08183,05.5173
2026-05-27T11:43:43.880070,5382.1,05.1131,1.21197,06.1931
2026-05-27T11:43:44.902148,5383.1,05.0997,1.20181,06.1172
2026-05-27T11:43:45.877600,5384.1,05.1044,1.09533,05.5861
2026-05-27T11:43:46.902380,5385.1,05.0997,1.26281,06.4277
2026-05-27T11:43:47.877954,5386.1,05.1001,1.35535,06.9122
2026-05-27T11:43:48.901065,5387.1,05.1050,1.40172,07.1487
2026-05-27T11:43:49.876852,5388.1,05.1072,1.13635,05.7953
2026-05-27T11:43:50.900273,5389.1,05.1147,1.14262,05.8387
2026-05-27T11:43:51.878166,5390.1,05.1066,1.01600,05.1816
2026-05-27T11:43:52.899977,5391.1,05.1037,0.83795,04.2735
2026-05-27T11:43:53.877432,5392.1,05.1094,0.77446,03.9497
2026-05-27T11:43:54.901858,5393.1,05.1095,1.07168,05.4655
2026-05-27T11:43:55.877840,5394.1,05.1066,1.19004,06.0692
2026-05-27T11:43:56.902299,5395.1,05.1147,1.17002,05.9788
2026-05-27T11:43:57.877842,5396.1,05.1061,1.15500,05.8905
2026-05-27T11:43:58.900862,5397.1,05.1009,1.22172,06.2307
2026-05-27T11:43:59.878293,5398.1,05.1097,1.31704,06.7169
2026-05-27T11:44:00.904287,5399.1,05.1062,1.17639,05.9995
2026-05-27T11:44:01.880269,5400.1,05.1145,1.23501,06.3109
2026-05-27T11:44:02.901795,5401.1,05.1123,1.12058,05.7261
2026-05-27T11:44:03.878391,5402.1,05.0939,1.27984,06.5143
2026-05-27T11:44:04.899955,5403.1,05.1079,1.21813,06.2124
2026-05-27T11:44:05.875841,5404.1,05.1067,1.11773,05.7004
2026-05-27T11:44:06.896779,5405.1,05.1078,0.77390,03.9468
2026-05-27T11:44:07.874682,5406.1,05.1142,1.07473,05.4918
2026-05-27T11:44:08.896188,5407.1,05.1064,1.18866,06.0621
2026-05-27T11:44:09.872036,5408.1,05.1061,1.09269,05.5727
2026-05-27T11:44:10.893009,5409.1,05.1139,1.23263,06.2987
2026-05-27T11:44:11.911902,5410.1,05.1067,1.23898,06.3187
2026-05-27T11:44:12.890165,5411.1,05.1042,1.46117,07.4519
2026-05-27T11:44:13.914506,5412.1,05.1145,1.20156,06.1399
2026-05-27T11:44:14.892408,5413.1,05.0969,1.26786,06.4534
2026-05-27T11:44:15.869819,5414.1,05.1144,1.29453,06.6150
2026-05-27T11:44:16.892079,5415.1,05.1133,1.18274,06.0438
2026-05-27T11:44:17.913634,5416.1,05.1105,0.97994,05.0074
2026-05-27T11:44:18.892003,5417.1,05.1005,1.15144,05.8723
2026-05-27T11:44:19.911886,5418.1,05.1087,0.77660,03.9606
2026-05-27T11:44:20.886121,5419.1,05.1105,1.10771,05.6603
2026-05-27T11:44:21.910677,5420.1,05.1042,1.14159,05.8221
2026-05-27T11:44:22.888496,5421.1,05.1145,1.14119,05.8314
2026-05-27T11:44:23.912723,5422.1,05.1187,1.21591,06.2133
2026-05-27T11:44:24.889935,5423.1,05.1067,1.23033,06.2746
2026-05-27T11:44:25.914392,5424.1,05.1111,1.42420,07.2776
2026-05-27T11:44:26.892755,5425.1,05.1159,1.44783,07.3984
2026-05-27T11:44:27.914320,5426.1,05.1189,1.21353,06.2011
2026-05-27T11:44:28.891958,5427.1,05.1078,1.20941,06.1679
2026-05-27T11:44:29.916740,5428.1,05.1094,1.23440,06.2954
2026-05-27T11:44:30.889793,5429.1,05.1133,1.22909,06.2806
2026-05-27T11:44:31.912249,5430.1,05.1114,0.79116,04.0428
2026-05-27T11:44:32.886133,5431.1,05.1088,0.77683,03.9618
2026-05-27T11:44:33.906138,5432.1,05.1125,1.10977,05.6709
2026-05-27T11:44:34.880621,5433.1,05.1044,1.23919,06.3198
2026-05-27T11:44:35.902124,5434.1,05.1112,1.12101,05.7283
2026-05-27T11:44:36.878102,5435.1,05.1008,1.26086,06.4303
2026-05-27T11:44:37.896911,5436.1,05.1178,1.33951,06.8448
2026-05-27T11:44:38.917401,5437.1,05.1041,1.16997,05.9668
2026-05-27T11:44:39.893619,5438.1,05.0980,1.33560,06.7982
2026-05-27T11:44:40.914025,5439.1,05.1092,1.21915,06.2176
2026-05-27T11:44:41.892671,5440.1,05.1194,1.15744,05.9145
2026-05-27T11:44:42.919182,5441.1,05.1164,1.14162,05.8336
2026-05-27T11:44:43.895900,5442.1,05.1105,1.01738,05.1988
2026-05-27T11:44:44.917142,5443.1,05.1126,0.96355,04.9237
2026-05-27T11:44:45.888480,5444.1,05.1078,0.77584,03.9567
2026-05-27T11:44:46.912100,5445.1,05.1088,1.09051,05.5616
2026-05-27T11:44:47.886704,5446.1,05.1017,1.13538,05.7904
2026-05-27T11:44:48.908464,5447.1,05.1202,1.18308,06.0573
2026-05-27T11:44:49.883582,5448.1,05.1123,1.31414,06.7152
2026-05-27T11:44:50.903331,5449.1,05.1078,1.26680,06.4606
2026-05-27T11:44:51.879235,5450.1,05.1083,1.23301,06.2883
2026-05-27T11:44:52.901077,5451.1,05.1037,1.17234,05.9789
2026-05-27T11:44:53.880528,5452.1,05.1155,1.14208,05.8360
2026-05-27T11:44:54.902891,5453.1,05.1180,1.24021,06.3374
2026-05-27T11:44:55.882880,5454.1,05.1105,1.23524,06.3120
2026-05-27T11:44:56.906597,5455.1,05.1116,1.20571,06.1611
2026-05-27T11:44:57.882311,5456.1,05.1076,1.12153,05.7198
2026-05-27T11:44:58.899706,5457.1,05.1083,0.77796,03.9675
2026-05-27T11:44:59.922081,5458.1,05.1119,0.96585,04.9354
2026-05-27T11:45:00.900329,5459.1,05.1091,1.16024,05.9172
2026-05-27T11:45:01.880409,5460.1,05.0911,1.15635,05.8858
2026-05-27T11:45:02.905699,5461.1,05.1150,1.19366,06.0996
2026-05-27T11:45:03.881590,5462.1,05.0998,1.19766,06.0960
2026-05-27T11:45:04.903076,5463.1,05.0926,1.47153,07.4900
2026-05-27T11:45:05.925927,5464.1,05.1092,1.17651,06.0002
2026-05-27T11:45:06.901904,5465.1,05.1087,1.22902,06.2680
2026-05-27T11:45:07.881323,5466.1,05.1144,1.35321,06.9149
2026-05-27T11:45:08.902529,5467.1,05.1076,1.24828,06.3662
2026-05-27T11:45:09.925930,5468.1,05.1041,1.10143,05.6172
2026-05-27T11:45:10.903649,5469.1,05.1094,0.89640,04.5716
2026-05-27T11:45:11.924436,5470.1,05.1108,0.77103,03.9399
2026-05-27T11:45:12.899245,5471.1,05.1033,1.06325,05.4225
2026-05-27T11:45:13.920901,5472.1,05.1259,1.19364,06.1114
2026-05-27T11:45:14.896993,5473.1,05.1162,1.17409,05.9995
2026-05-27T11:45:15.920194,5474.1,05.1178,1.27241,06.5020
2026-05-27T11:45:16.895295,5475.1,05.1075,1.20707,06.1560
2026-05-27T11:45:17.916898,5476.1,05.0980,1.23052,06.2633
2026-05-27T11:45:18.891863,5477.1,05.1069,1.28999,06.5789
2026-05-27T11:45:19.913953,5478.1,05.1072,1.31894,06.7265
2026-05-27T11:45:20.891602,5479.1,05.1064,1.14603,05.8447
2026-05-27T11:45:21.918500,5480.2,05.1187,1.19480,06.1054
2026-05-27T11:45:22.896904,5481.2,05.1055,1.21336,06.1881
2026-05-27T11:45:23.920576,5482.2,05.1078,0.96685,04.9309
2026-05-27T11:45:24.891422,5483.2,05.1086,0.77628,03.9590
2026-05-27T11:45:25.913569,5484.2,05.1101,1.10109,05.6265
2026-05-27T11:45:26.890929,5485.2,05.1031,1.16103,05.9212
2026-05-27T11:45:27.913097,5486.2,05.1126,1.19594,06.1112
2026-05-27T11:45:28.889773,5487.2,05.1023,1.18379,06.0373
2026-05-27T11:45:29.912583,5488.2,05.0959,1.24890,06.3569
2026-05-27T11:45:30.891686,5489.2,05.1041,1.24903,06.3700
2026-05-27T11:45:31.913941,5490.2,05.1025,1.22005,06.2222
2026-05-27T11:45:32.891780,5491.2,05.0939,1.38343,07.0416
2026-05-27T11:45:33.915450,5492.2,05.1086,1.20260,06.1332
2026-05-27T11:45:34.892431,5493.2,05.1133,1.35735,06.9360
2026-05-27T11:45:35.916815,5494.2,05.1072,0.96814,04.9375
2026-05-27T11:45:36.893925,5495.2,05.1130,1.07358,05.4859
2026-05-27T11:45:37.913202,5496.2,05.1073,0.77607,03.9579
2026-05-27T11:45:38.892138,5497.2,05.1090,1.02430,05.2239
2026-05-27T11:45:39.916333,5498.2,05.0978,1.07416,05.4674
2026-05-27T11:45:40.893816,5499.2,05.1181,1.25046,06.3898
2026-05-27T11:45:41.920234,5500.2,05.1084,1.20633,06.1522
2026-05-27T11:45:42.897892,5501.2,05.1011,1.15803,05.9059
2026-05-27T11:45:43.921551,5502.2,05.1158,1.30654,06.6764
2026-05-27T11:45:44.899418,5503.2,05.1084,1.23123,06.2792
2026-05-27T11:45:45.923767,5504.2,05.0991,1.26353,06.4313
2026-05-27T11:45:46.899798,5505.2,05.1125,1.05259,05.3787
2026-05-27T11:45:47.922881,5506.2,05.1089,1.14807,05.8551
2026-05-27T11:45:48.900930,5507.2,05.1036,1.19121,06.0751
2026-05-27T11:45:49.923738,5508.2,05.1133,0.89038,04.5498
2026-05-27T11:45:50.899955,5509.2,05.1075,0.77467,03.9508
2026-05-27T11:45:51.920904,5510.2,05.1079,1.10211,05.6207
2026-05-27T11:45:52.895512,5511.2,05.1117,1.24246,06.3489
2026-05-27T11:45:53.919580,5512.2,05.1092,1.19070,06.0725
2026-05-27T11:45:54.898572,5513.2,05.1076,1.24937,06.3717
2026-05-27T11:45:55.920689,5514.2,05.1009,1.32780,06.7717
2026-05-27T11:45:56.898804,5515.2,05.0995,1.19090,06.0616
2026-05-27T11:45:57.921518,5516.2,05.0969,1.32372,06.7377
2026-05-27T11:45:58.897749,5517.2,05.1200,1.13847,05.8289
2026-05-27T11:45:59.917588,5518.2,05.1028,1.40727,07.1770
2026-05-27T11:46:00.891810,5519.2,05.1050,1.27867,06.5212
2026-05-27T11:46:01.913145,5520.2,05.1011,1.13841,05.8058
2026-05-27T11:46:02.934631,5521.2,05.1081,1.05120,05.3611
2026-05-27T11:46:03.906717,5522.2,05.1103,0.77748,03.9729
2026-05-27T11:46:04.928032,5523.2,05.1098,1.07813,05.4984
2026-05-27T11:46:05.904273,5524.2,05.0961,1.24490,06.3365
2026-05-27T11:46:06.926707,5525.2,05.1144,1.21047,06.1855
2026-05-27T11:46:07.902312,5526.2,05.1017,1.50805,07.6910
2026-05-27T11:46:08.925598,5527.2,05.0991,1.19148,06.0646
2026-05-27T11:46:09.902594,5528.2,05.0966,1.13832,05.7940
2026-05-27T11:46:10.924430,5529.2,05.1098,1.13161,05.7712
2026-05-27T11:46:11.902841,5530.2,05.0926,1.32538,06.7461
2026-05-27T11:46:12.924763,5531.2,05.0891,1.33424,06.7779
2026-05-27T11:46:13.901231,5532.2,05.1001,1.10488,05.6348
2026-05-27T11:46:14.926157,5533.2,05.1122,1.38802,07.0927
2026-05-27T11:46:15.902334,5534.2,05.1087,1.11223,05.6723
2026-05-27T11:46:16.922650,5535.2,05.1084,0.77656,03.9604
2026-05-27T11:46:17.897049,5536.2,05.1089,1.21114,06.1768
2026-05-27T11:46:18.919120,5537.2,05.0983,1.38633,07.0564
2026-05-27T11:46:19.895496,5538.2,05.1136,1.39994,07.1536
2026-05-27T11:46:20.921062,5539.2,05.0920,1.40487,07.1507
2026-05-27T11:46:21.898925,5540.2,05.1084,1.21743,06.2088
2026-05-27T11:46:22.923243,5541.2,05.1111,1.41819,07.2469
2026-05-27T11:46:23.898572,5542.2,05.0980,1.23110,06.2662
2026-05-27T11:46:24.919903,5543.2,05.1085,1.13951,05.8115
2026-05-27T11:46:25.941686,5544.2,05.1177,1.14753,05.8638
2026-05-27T11:46:26.916010,5545.2,05.1148,1.21409,06.2039
2026-05-27T11:46:27.939176,5546.2,05.1030,1.00907,05.1462
2026-05-27T11:46:28.915585,5547.2,05.1091,1.18903,06.0640
2026-05-27T11:46:29.935206,5548.2,05.1084,0.77689,03.9621
2026-05-27T11:46:30.908059,5549.2,05.1108,1.04760,05.3532
2026-05-27T11:46:31.927663,5550.2,05.0998,1.30066,06.6203
2026-05-27T11:46:32.906672,5551.2,05.1191,1.17945,06.0269
2026-05-27T11:46:33.929862,5552.2,05.1083,1.15749,05.9031
2026-05-27T11:46:34.905383,5553.2,05.1055,1.34271,06.8478
2026-05-27T11:46:35.929721,5554.2,05.1131,1.32449,06.7681
2026-05-27T11:46:36.904592,5555.2,05.1034,1.32305,06.7475
2026-05-27T11:46:37.929280,5556.2,05.1070,1.23333,06.2899
2026-05-27T11:46:38.909390,5557.2,05.1131,1.16024,05.9288
2026-05-27T11:46:39.935725,5558.2,05.1117,1.22324,06.2507
2026-05-27T11:46:40.912434,5559.2,05.1081,1.10285,05.6245
2026-05-27T11:46:41.934427,5560.2,05.1098,1.08385,05.5276
2026-05-27T11:46:42.909385,5561.2,05.1079,0.77548,03.9549
2026-05-27T11:46:43.931997,5562.2,05.1028,1.17681,06.0017
2026-05-27T11:46:44.910509,5563.2,05.1109,1.50195,07.6749
2026-05-27T11:46:45.935283,5564.2,05.0900,1.42642,07.2604
2026-05-27T11:46:46.914188,5565.2,05.1042,1.43329,07.3097
2026-05-27T11:46:47.940908,5566.2,05.1091,1.15566,05.8938
2026-05-27T11:46:48.920251,5567.2,05.1087,1.10191,05.6197
2026-05-27T11:46:49.944383,5568.2,05.1125,1.24280,06.3507
2026-05-27T11:46:50.921982,5569.2,05.1072,1.18385,06.0376
2026-05-27T11:46:51.942397,5570.2,05.1200,1.17876,06.0352
2026-05-27T11:46:52.919829,5571.2,05.1131,1.21294,06.1981
2026-05-27T11:46:53.941983,5572.2,05.1087,1.25731,06.4122
2026-05-27T11:46:54.920944,5573.2,05.1030,1.12421,05.7334
2026-05-27T11:46:55.944382,5574.2,05.1109,0.77451,03.9577
2026-05-27T11:46:56.920721,5575.2,05.1101,1.14596,05.8558
2026-05-27T11:46:57.941112,5576.2,05.1112,1.40018,07.1549
2026-05-27T11:46:58.916060,5577.2,05.1042,1.11385,05.6806
2026-05-27T11:46:59.937706,5578.2,05.1134,1.25120,06.3936
2026-05-27T11:47:00.913868,5579.2,05.1205,1.27664,06.5363
2026-05-27T11:47:01.934111,5580.2,05.1062,1.16989,05.9664
2026-05-27T11:47:02.911450,5581.2,05.1045,1.29660,06.6126
2026-05-27T11:47:03.930941,5582.2,05.1045,1.16658,05.9495
2026-05-27T11:47:04.904803,5583.2,05.1141,1.05202,05.3758
2026-05-27T11:47:05.925684,5584.2,05.1017,1.10977,05.6598
2026-05-27T11:47:06.944393,5585.2,05.1155,1.17211,05.9894
2026-05-27T11:47:07.917413,5586.2,05.1076,1.19704,06.1049
2026-05-27T11:47:08.935564,5587.2,05.1098,0.77329,03.9437
2026-05-27T11:47:09.908782,5588.2,05.1189,1.27252,06.5025
2026-05-27T11:47:10.931252,5589.2,05.1216,1.25006,06.4003
2026-05-27T11:47:11.907748,5590.2,05.1091,1.29030,06.5805
2026-05-27T11:47:12.931875,5591.2,05.1091,1.25312,06.3909
2026-05-27T11:47:13.908102,5592.2,05.1093,1.34900,06.8799
2026-05-27T11:47:14.932249,5593.2,05.1094,1.30534,06.6572
2026-05-27T11:47:15.911083,5594.2,05.1067,1.01716,05.1875
2026-05-27T11:47:16.937324,5595.2,05.1101,1.34801,06.8883
2026-05-27T11:47:17.915394,5596.2,05.1094,1.06646,05.4389
2026-05-27T11:47:18.938603,5597.2,05.1034,1.13549,05.7909
2026-05-27T11:47:19.914399,5598.2,05.1034,1.19483,06.0936
2026-05-27T11:47:20.934556,5599.2,05.1095,1.17213,05.9778
2026-05-27T11:47:21.908482,5600.2,05.1100,0.77394,03.9548
2026-05-27T11:47:22.929608,5601.2,05.1109,1.06138,05.4236
2026-05-27T11:47:23.953046,5602.2,05.1017,1.51250,07.7137
2026-05-27T11:47:24.928684,5603.2,05.1047,1.25237,06.3870
2026-05-27T11:47:25.952990,5604.2,05.0983,1.47659,07.5158
2026-05-27T11:47:26.928125,5605.2,05.1055,1.22986,06.2722
2026-05-27T11:47:27.950508,5606.2,05.0976,1.36335,06.9394
2026-05-27T11:47:28.927831,5607.2,05.1089,1.07322,05.4734
2026-05-27T11:47:29.951724,5608.2,05.1086,1.09884,05.6040
2026-05-27T11:47:30.928195,5609.2,05.1001,1.12486,05.7367
2026-05-27T11:47:31.949846,5610.2,05.1153,1.21431,06.2051
2026-05-27T11:47:32.924944,5611.2,05.1061,1.21621,06.2026
2026-05-27T11:47:33.945570,5612.2,05.1012,1.17517,05.9933
2026-05-27T11:47:34.918648,5613.2,05.1105,0.78198,03.9959
2026-05-27T11:47:35.938710,5614.2,05.1105,1.05441,05.3880
2026-05-27T11:47:36.916116,5615.2,05.1091,1.28183,06.5373
2026-05-27T11:47:37.938836,5616.2,05.1089,1.20780,06.1597
2026-05-27T11:47:38.913907,5617.2,05.1034,1.22267,06.2356
2026-05-27T11:47:39.935756,5618.2,05.1082,1.11282,05.6753
2026-05-27T11:47:40.912324,5619.2,05.1053,1.03441,05.2754
2026-05-27T11:47:41.932935,5620.2,05.1094,1.02121,05.2081
2026-05-27T11:47:42.957499,5621.2,05.1075,1.21475,06.1952
2026-05-27T11:47:43.932034,5622.2,05.1142,1.20934,06.1797
2026-05-27T11:47:44.953944,5623.2,05.1141,1.11439,05.6945
2026-05-27T11:47:45.930952,5624.2,05.1106,1.26094,06.4434
2026-05-27T11:47:46.951376,5625.2,05.1071,1.16023,05.9171
2026-05-27T11:47:47.926038,5626.2,05.1103,0.77036,03.9365
2026-05-27T11:47:48.946981,5627.2,05.0983,1.27305,06.4798
2026-05-27T11:47:49.923196,5628.2,05.1041,1.52739,07.7896
2026-05-27T11:47:50.943733,5629.2,05.1122,1.27398,06.5100
2026-05-27T11:47:51.921956,5630.2,05.1098,1.24582,06.3536
2026-05-27T11:47:52.944744,5631.2,05.1073,1.33013,06.7836
2026-05-27T11:47:53.920544,5632.2,05.1101,1.13286,05.7889
2026-05-27T11:47:54.942465,5633.2,05.1076,1.11126,05.6674
2026-05-27T11:47:55.916525,5634.2,05.1020,1.03040,05.2550
2026-05-27T11:47:56.937759,5635.2,05.1095,1.04518,05.3304
2026-05-27T11:47:57.959666,5636.2,05.1112,1.11875,05.7168
2026-05-27T11:47:58.934529,5637.2,05.1133,1.26606,06.4695
2026-05-27T11:47:59.958713,5638.2,05.1142,1.13887,05.8196
2026-05-27T11:48:00.934121,5639.2,05.1095,0.77575,03.9563
2026-05-27T11:48:01.952820,5640.2,05.0992,1.25553,06.3906
2026-05-27T11:48:02.927260,5641.2,05.1026,1.31498,06.7063
2026-05-27T11:48:03.947273,5642.2,05.1017,1.18103,06.0232
2026-05-27T11:48:04.924059,5643.2,05.1028,1.27427,06.4987
2026-05-27T11:48:05.944589,5644.2,05.1100,1.20666,06.1660
2026-05-27T11:48:06.920621,5645.2,05.1123,1.08526,05.5456
2026-05-27T11:48:07.941407,5646.2,05.1142,1.17226,05.9902
2026-05-27T11:48:08.962265,5647.2,05.1092,1.08913,05.5545
2026-05-27T11:48:09.935423,5648.2,05.1112,1.14870,05.8698
2026-05-27T11:48:10.954555,5649.2,05.1017,1.10065,05.6133
2026-05-27T11:48:11.929418,5650.2,05.1103,1.06505,05.4424
2026-05-27T11:48:12.948985,5651.2,05.1097,1.11740,05.6987
2026-05-27T11:48:13.922708,5652.2,05.1083,0.76991,03.9265
2026-05-27T11:48:14.944224,5653.2,05.0964,1.24223,06.3229
2026-05-27T11:48:15.961916,5654.2,05.0986,1.33215,06.7806
2026-05-27T11:48:16.937767,5655.2,05.1166,1.13113,05.7800
2026-05-27T11:48:17.959459,5656.2,05.1025,1.27610,06.5081
2026-05-27T11:48:18.935171,5657.2,05.0909,1.21256,06.1719
2026-05-27T11:48:19.956011,5658.2,05.1084,1.30632,06.6622
2026-05-27T11:48:20.930040,5659.2,05.1009,1.15394,05.8850
2026-05-27T11:48:21.951509,5660.2,05.1083,1.21886,06.2161
2026-05-27T11:48:22.923325,5661.2,05.1062,1.01654,05.1843
2026-05-27T11:48:23.944023,5662.2,05.1001,1.12159,05.7201
2026-05-27T11:48:24.965068,5663.2,05.1125,1.25850,06.4309
2026-05-27T11:48:25.941421,5664.2,05.1098,1.14111,05.8196
2026-05-27T11:48:26.960269,5665.2,05.1076,0.79358,04.0472
2026-05-27T11:48:27.933031,5666.2,05.1095,1.27103,06.4822
2026-05-27T11:48:28.952275,5667.2,05.0986,1.17618,05.9867
2026-05-27T11:48:29.927219,5668.2,05.1112,1.01599,05.1917
2026-05-27T11:48:30.949482,5669.2,05.1170,1.08646,05.5518
2026-05-27T11:48:31.924774,5670.2,05.1080,1.22491,06.2470
2026-05-27T11:48:32.947251,5671.2,05.1061,1.17618,05.9985
2026-05-27T11:48:33.967502,5672.2,05.0997,1.16998,05.9551
2026-05-27T11:48:34.940455,5673.2,05.1091,1.07002,05.4571
2026-05-27T11:48:35.962607,5674.2,05.1053,1.20822,06.1619
2026-05-27T11:48:36.939334,5675.2,05.1078,1.08284,05.5224
2026-05-27T11:48:37.961433,5676.2,05.1139,1.06512,05.4427
2026-05-27T11:48:38.936883,5677.2,05.1117,1.12651,05.7564
2026-05-27T11:48:39.961028,5678.2,05.1091,0.77667,03.9610
2026-05-27T11:48:40.934838,5679.2,05.1066,1.18624,06.0498
2026-05-27T11:48:41.957209,5680.2,05.0986,1.47330,07.4990
2026-05-27T11:48:42.932389,5681.2,05.1083,1.17805,06.0080
2026-05-27T11:48:43.956474,5682.2,05.1084,0.96247,04.9085
2026-05-27T11:48:44.931287,5683.2,05.1106,1.19602,06.1116
2026-05-27T11:48:45.953231,5684.2,05.1087,1.08934,05.5556
2026-05-27T11:48:46.931101,5685.2,05.1017,1.12431,05.7339
2026-05-27T11:48:47.953256,5686.2,05.1034,1.06335,05.4230
2026-05-27T11:48:48.928858,5687.2,05.1048,1.04671,05.3382
2026-05-27T11:48:49.948002,5688.2,05.1111,1.01871,05.2056
2026-05-27T11:48:50.969318,5689.2,05.1089,1.18025,06.0192
2026-05-27T11:48:51.948962,5690.2,05.1095,1.11131,05.6676
2026-05-27T11:48:52.968680,5691.2,05.1101,0.77485,03.9594
2026-05-27T11:48:53.942537,5692.2,05.0959,1.09007,05.5484
2026-05-27T11:48:54.962911,5693.2,05.1086,1.32768,06.7711
2026-05-27T11:48:55.935884,5694.2,05.1089,1.15163,05.8733
2026-05-27T11:48:56.956521,5695.2,05.1117,1.13955,05.8231
2026-05-27T11:48:57.932340,5696.2,05.1136,1.03253,05.2762
2026-05-27T11:48:58.954253,5697.2,05.1125,1.09744,05.6079
2026-05-27T11:48:59.930553,5698.2,05.1128,1.15709,05.9127
2026-05-27T11:49:00.952097,5699.2,05.1067,1.04057,05.3069
2026-05-27T11:49:01.974262,5700.2,05.1048,1.21913,06.2175
2026-05-27T11:49:02.948085,5701.2,05.1020,1.09048,05.5614
2026-05-27T11:49:03.970614,5702.2,05.1073,1.22840,06.2648
2026-05-27T11:49:04.946672,5703.2,05.1120,1.14925,05.8726
2026-05-27T11:49:05.965096,5704.2,05.1089,0.77555,03.9553
2026-05-27T11:49:06.939959,5705.2,05.1048,1.13803,05.8039
2026-05-27T11:49:07.962442,5706.2,05.1098,1.34055,06.8368
2026-05-27T11:49:08.936684,5707.2,05.1058,1.04538,05.3314
2026-05-27T11:49:09.959442,5708.2,05.1044,0.96762,04.9348
2026-05-27T11:49:10.935522,5709.2,05.0880,1.03702,05.2680
2026-05-27T11:49:11.958243,5710.2,05.1109,1.09054,05.5726
2026-05-27T11:49:12.934598,5711.2,05.1087,1.03977,05.3028
2026-05-27T11:49:13.955579,5712.2,05.1147,1.15668,05.9106
2026-05-27T11:49:14.975916,5713.2,05.1097,1.17997,06.0178
2026-05-27T11:49:15.949635,5714.2,05.1017,1.05118,05.3610
2026-05-27T11:49:16.969402,5715.2,05.1148,1.09413,05.5910
2026-05-27T11:49:17.943873,5716.2,05.1023,1.07393,05.4770
2026-05-27T11:49:18.962165,5717.2,05.1088,0.77885,03.9721
2026-05-27T11:49:19.935734,5718.2,05.1084,1.20948,06.1683
2026-05-27T11:49:20.955447,5719.2,05.1086,1.51337,07.7181
2026-05-27T11:49:21.975582,5720.2,05.1050,1.22502,06.2476
2026-05-27T11:49:22.947800,5721.2,05.1075,1.01085,05.1553
2026-05-27T11:49:23.968341,5722.2,05.1028,1.07144,05.4643
2026-05-27T11:49:24.941641,5723.2,05.1114,1.01946,05.2094
2026-05-27T11:49:25.963836,5724.2,05.1108,1.08014,05.5195
2026-05-27T11:49:26.940518,5725.2,05.1142,1.04405,05.3350
2026-05-27T11:49:27.962051,5726.2,05.0987,1.10174,05.6078
2026-05-27T11:49:28.936632,5727.2,05.1128,1.02092,05.2169
2026-05-27T11:49:29.955549,5728.2,05.1062,1.08873,05.5525
2026-05-27T11:49:30.978415,5729.2,05.1072,1.15444,05.8876
2026-05-27T11:49:31.952006,5730.2,05.1098,0.77225,03.9384
2026-05-27T11:49:32.969945,5731.2,05.1062,1.05655,05.3884
2026-05-27T11:49:33.946277,5732.2,05.1095,1.24817,06.3656
2026-05-27T11:49:34.968602,5733.2,05.1031,1.12094,05.7167
2026-05-27T11:49:35.941866,5734.2,05.1122,1.18326,06.0464
2026-05-27T11:49:36.961709,5735.2,05.1034,1.07976,05.5067
2026-05-27T11:49:37.980640,5736.2,05.1139,1.06598,05.4471
2026-05-27T11:49:38.956167,5737.2,05.1100,1.19426,06.1026
2026-05-27T11:49:39.977426,5738.2,05.1166,1.04939,05.3623
2026-05-27T11:49:40.953954,5739.2,05.1183,0.99043,05.0610
2026-05-27T11:49:41.978560,5740.2,05.1144,1.07768,05.5069
2026-05-27T11:49:42.956777,5741.2,05.1069,1.10039,05.6119
2026-05-27T11:49:43.979861,5742.2,05.1144,1.19176,06.0898
2026-05-27T11:49:44.957057,5743.2,05.1091,0.77530,03.9540
2026-05-27T11:49:45.976664,5744.2,05.1097,0.96135,04.9028
2026-05-27T11:49:46.956202,5745.2,05.1092,1.12513,05.7381
2026-05-27T11:49:47.977081,5746.2,05.1001,1.16650,05.9491
2026-05-27T11:49:48.955053,5747.2,05.1083,1.01921,05.1979
2026-05-27T11:49:49.975570,5748.2,05.1102,1.23987,06.3357
2026-05-27T11:49:50.949124,5749.2,05.1108,1.11587,05.7020
2026-05-27T11:49:51.967928,5750.2,05.1036,1.12801,05.7528
2026-05-27T11:49:52.941553,5751.2,05.1150,1.14393,05.8454
2026-05-27T11:49:53.964224,5752.2,05.1084,1.02672,05.2362
2026-05-27T11:49:54.986557,5753.2,05.1058,1.09434,05.5811
2026-05-27T11:49:55.961479,5754.2,05.1089,1.17442,05.9895
2026-05-27T11:49:56.981233,5755.2,05.1045,1.15002,05.8651
2026-05-27T11:49:57.953141,5756.2,05.1092,0.77798,03.9676
2026-05-27T11:49:58.970588,5757.2,05.1053,0.97078,04.9509
2026-05-27T11:49:59.945939,5758.2,05.1080,1.01941,05.1989
2026-05-27T11:50:00.969126,5759.2,05.1047,1.10265,05.6235
2026-05-27T11:50:01.944688,5760.2,05.1086,1.00797,05.1406
2026-05-27T11:50:02.966215,5761.2,05.1136,1.14643,05.8582
2026-05-27T11:50:03.986725,5762.2,05.1139,1.09848,05.6132
2026-05-27T11:50:04.960490,5763.2,05.1101,1.20866,06.1762
2026-05-27T11:50:05.980225,5764.2,05.1123,1.14225,05.8368
2026-05-27T11:50:06.954833,5765.2,05.1084,1.05132,05.3617
2026-05-27T11:50:07.977279,5766.2,05.1092,1.08055,05.5108
2026-05-27T11:50:08.954471,5767.2,05.1055,1.09594,05.5892
2026-05-27T11:50:09.975482,5768.2,05.1108,1.34550,06.8755
2026-05-27T11:50:10.949108,5769.2,05.1100,0.77411,03.9557
2026-05-27T11:50:11.971190,5770.2,05.1084,0.88641,04.5206
2026-05-27T11:50:12.948717,5771.2,05.1039,1.00415,05.1211
2026-05-27T11:50:13.967837,5772.2,05.1094,1.08679,05.5426
2026-05-27T11:50:14.990141,5773.2,05.1091,1.10992,05.6605
2026-05-27T11:50:15.967030,5774.2,05.1088,1.07209,05.4676
2026-05-27T11:50:16.989428,5775.2,05.1082,1.07940,05.5049
2026-05-27T11:50:17.966289,5776.2,05.1142,1.14181,05.8346
2026-05-27T11:50:18.985498,5777.2,05.1084,1.13226,05.7745
2026-05-27T11:50:19.958699,5778.2,05.1047,1.11916,05.7077
2026-05-27T11:50:20.980177,5779.2,05.0998,1.05263,05.3578
2026-05-27T11:50:21.956757,5780.2,05.1119,1.25546,06.4154
2026-05-27T11:50:22.974404,5781.2,05.1019,1.11512,05.6871
2026-05-27T11:50:23.947577,5782.2,05.1089,0.77823,03.9689
2026-05-27T11:50:24.961748,5783.2,05.1077,0.83376,04.2521
2026-05-27T11:50:25.983315,5784.2,05.1119,1.17030,05.9802
2026-05-27T11:50:26.958953,5785.2,05.1071,1.08265,05.5215
2026-05-27T11:50:27.980905,5786.2,05.1086,1.09930,05.6064
2026-05-27T11:50:28.957260,5787.2,05.1034,1.04302,05.3194
2026-05-27T11:50:29.977318,5788.2,05.1166,1.10358,05.6392
2026-05-27T11:50:30.950493,5789.2,05.1119,1.14614,05.8567
2026-05-27T11:50:31.970457,5790.2,05.1070,1.11037,05.6628
2026-05-27T11:50:32.991135,5791.2,05.1145,1.12025,05.7244
2026-05-27T11:50:33.965420,5792.2,05.1048,1.16493,05.9411
2026-05-27T11:50:34.984920,5793.2,05.1119,1.13116,05.7802
2026-05-27T11:50:35.959030,5794.2,05.1094,1.14930,05.8614
2026-05-27T11:50:36.980557,5795.2,05.1055,0.84070,04.2875
2026-05-27T11:50:37.955093,5796.2,05.1042,0.86468,04.4098
2026-05-27T11:50:38.975269,5797.2,05.1087,1.13711,05.7992
2026-05-27T11:50:39.952677,5798.2,05.1105,1.10412,05.6420
2026-05-27T11:50:40.974901,5799.2,05.1112,1.08249,05.5315
2026-05-27T11:50:41.996996,5800.2,05.1048,1.06357,05.4242
2026-05-27T11:50:42.975322,5801.2,05.1048,1.07504,05.4827
2026-05-27T11:50:43.996927,5802.2,05.1117,1.03140,05.2704
2026-05-27T11:50:44.974380,5803.2,05.1134,1.22525,06.2610
2026-05-27T11:50:45.953259,5804.2,05.1051,1.07948,05.5053
2026-05-27T11:50:46.976260,5805.2,05.1056,1.20487,06.1448
2026-05-27T11:50:47.953077,5806.2,05.1189,1.09890,05.6153
2026-05-27T11:50:48.977483,5807.2,05.1111,1.18304,06.0453
2026-05-27T11:50:49.954772,5808.2,05.1084,0.77688,03.9620
2026-05-27T11:50:50.978688,5809.2,05.1064,0.77252,03.9398
2026-05-27T11:50:51.955099,5810.2,05.1056,1.19576,06.0983
2026-05-27T11:50:52.978331,5811.2,05.0973,1.12375,05.7198
2026-05-27T11:50:53.955680,5812.2,05.1158,1.02014,05.2129
2026-05-27T11:50:54.977846,5813.2,05.1134,1.04006,05.3147
2026-05-27T11:50:55.953993,5814.2,05.1062,1.08435,05.5301
2026-05-27T11:50:56.978554,5815.2,05.1094,1.03752,05.2913
2026-05-27T11:50:57.958553,5816.2,05.1051,1.26270,06.4397
2026-05-27T11:50:58.982412,5817.2,05.1069,1.15014,05.8657
2026-05-27T11:50:59.956877,5818.2,05.1076,1.25119,06.3810
2026-05-27T11:51:00.980900,5819.2,05.0987,1.17929,06.0025
2026-05-27T11:51:01.956240,5820.2,05.1159,1.20788,06.1722
2026-05-27T11:51:02.979737,5821.2,05.1098,1.30462,06.6535
2026-05-27T11:51:04.001251,5822.2,05.1042,0.99356,05.0671
2026-05-27T11:51:04.982020,5823.2,05.1042,1.09449,05.5818
2026-05-27T11:51:05.958516,5824.2,05.1159,1.26321,06.4550
2026-05-27T11:51:06.981052,5825.2,05.1062,1.21192,06.1807
2026-05-27T11:51:08.002030,5826.2,05.1137,1.10646,05.6540
2026-05-27T11:51:08.978017,5827.2,05.0969,1.06151,05.4030
2026-05-27T11:51:09.998595,5828.2,05.0987,1.04370,05.3124
2026-05-27T11:51:10.973803,5829.2,05.0969,1.25042,06.3646
2026-05-27T11:51:11.995174,5830.2,05.1069,1.18233,06.0298
2026-05-27T11:51:12.968772,5831.2,05.1020,1.27569,06.5060
2026-05-27T11:51:13.988131,5832.2,05.1169,1.12132,05.7299
2026-05-27T11:51:14.962568,5833.2,05.1103,1.29048,06.5943
2026-05-27T11:51:15.982763,5834.2,05.1125,0.77740,03.9725
2026-05-27T11:51:17.000188,5835.2,05.1088,1.06378,05.4252
2026-05-27T11:51:17.975570,5836.2,05.1120,1.09865,05.6141
2026-05-27T11:51:18.996977,5837.2,05.0989,1.10608,05.6299
2026-05-27T11:51:19.974419,5838.2,05.1041,1.12383,05.7315
2026-05-27T11:51:20.998780,5839.2,05.1133,1.14053,05.8281
2026-05-27T11:51:21.975388,5840.2,05.1083,1.12643,05.7447
2026-05-27T11:51:22.997673,5841.2,05.1134,1.04184,05.3238
2026-05-27T11:51:23.974137,5842.2,05.1167,1.42695,07.2917
2026-05-27T11:51:24.993922,5843.2,05.1028,1.39112,07.0947
2026-05-27T11:51:25.972979,5844.2,05.0998,1.16362,05.9228
2026-05-27T11:51:26.992399,5845.2,05.1037,1.17576,05.9963
2026-05-27T11:51:27.967178,5846.2,05.1080,1.13867,05.8072
2026-05-27T11:51:28.990456,5847.2,05.1109,0.77328,03.9514
2026-05-27T11:51:29.965572,5848.2,05.1071,0.73572,03.7521
2026-05-27T11:51:30.988311,5849.2,05.1092,1.20406,06.1407
2026-05-27T11:51:31.964008,5850.2,05.1025,1.26073,06.4297
2026-05-27T11:51:32.985950,5851.2,05.1042,1.20309,06.1357
2026-05-27T11:51:34.008317,5852.2,05.1068,1.20817,06.1616
2026-05-27T11:51:34.983558,5853.2,05.0911,1.11130,05.6565
2026-05-27T11:51:36.005723,5854.2,05.1103,1.28627,06.5728
2026-05-27T11:51:36.979057,5855.2,05.1083,1.15487,05.8898
2026-05-27T11:51:38.000311,5856.2,05.1025,1.28554,06.5562
2026-05-27T11:51:38.975690,5857.2,05.1155,1.13745,05.8123
2026-05-27T11:51:39.996788,5858.2,05.1144,1.07606,05.4986
2026-05-27T11:51:40.969583,5859.2,05.1003,1.26353,06.4440
2026-05-27T11:51:41.989234,5860.2,05.1078,0.80338,04.0972
2026-05-27T11:51:43.006598,5861.2,05.1053,0.89015,04.5397
2026-05-27T11:51:43.981827,5862.2,05.1095,1.14780,05.8537
2026-05-27T11:51:45.000871,5863.2,05.1147,1.31154,06.7019
2026-05-27T11:51:45.972666,5864.2,05.1111,1.18508,06.0557
2026-05-27T11:51:46.992583,5865.2,05.1059,1.14700,05.8497
2026-05-27T11:51:47.969710,5866.2,05.0970,1.14141,05.8097
2026-05-27T11:51:48.991617,5867.2,05.1203,1.26903,06.4974
2026-05-27T11:51:49.968153,5868.2,05.0951,1.23548,06.2885
2026-05-27T11:51:50.990914,5869.2,05.1114,1.34071,06.8510
2026-05-27T11:51:51.967691,5870.2,05.1020,1.25469,06.3989
2026-05-27T11:51:52.986553,5871.2,05.1031,1.08240,05.5202
2026-05-27T11:51:54.009533,5872.2,05.1026,1.11652,05.6942
2026-05-27T11:51:54.984732,5873.2,05.1123,0.77408,03.9555
2026-05-27T11:51:56.004723,5874.2,05.1084,0.66866,03.4101
2026-05-27T11:51:56.980450,5875.2,05.1098,1.08606,05.5389
2026-05-27T11:51:58.003480,5876.2,05.1216,1.07590,05.5086
2026-05-27T11:51:58.978309,5877.2,05.1073,1.21642,06.2037
2026-05-27T11:51:59.996864,5878.2,05.1158,1.18988,06.0802
2026-05-27T11:52:00.971202,5879.2,05.1042,1.15061,05.8681
2026-05-27T11:52:01.993711,5880.2,05.1130,1.18841,06.0727
2026-05-27T11:52:02.970725,5881.2,05.1191,1.12803,05.7642
2026-05-27T11:52:03.993303,5882.2,05.1112,1.20705,06.1680
2026-05-27T11:52:04.973075,5883.2,05.1150,1.25437,06.4098
2026-05-27T11:52:05.994420,5884.2,05.1162,1.32514,06.7714
2026-05-27T11:52:07.014037,5885.2,05.1030,1.28897,06.5737
2026-05-27T11:52:07.990571,5886.2,05.1108,0.88893,04.5424
2026-05-27T11:52:09.007907,5887.2,05.1096,0.80592,04.1101
2026-05-27T11:52:09.981475,5888.2,05.1041,1.07520,05.4835
2026-05-27T11:52:11.005809,5889.2,05.1041,1.04289,05.3187
2026-05-27T11:52:11.981787,5890.2,05.1078,1.28690,06.5631
2026-05-27T11:52:13.003309,5891.2,05.1162,1.16455,05.9508
2026-05-27T11:52:13.978663,5892.2,05.1062,1.14962,05.8630
2026-05-27T11:52:14.998828,5893.2,05.1103,1.22535,06.2615
2026-05-27T11:52:15.973339,5894.2,05.1011,1.23234,06.2849
2026-05-27T11:52:16.993398,5895.2,05.1222,1.15910,05.9345
2026-05-27T11:52:18.016589,5896.2,05.1036,1.22062,06.2251
2026-05-27T11:52:18.993199,5897.2,05.1054,1.26309,06.4417
2026-05-27T11:52:20.016955,5898.2,05.1097,1.36420,06.9574
2026-05-27T11:52:20.990451,5899.2,05.1097,0.94866,04.8381
2026-05-27T11:52:22.006879,5900.2,05.1079,0.66608,03.3970
2026-05-27T11:52:22.979582,5901.2,05.1076,1.13084,05.7672
2026-05-27T11:52:24.000735,5902.2,05.1067,1.20477,06.1443
2026-05-27T11:52:24.974204,5903.2,05.1098,1.19698,06.1045
2026-05-27T11:52:25.994562,5904.2,05.1217,1.32536,06.7858
2026-05-27T11:52:27.017306,5905.2,05.1126,1.14407,05.8461
2026-05-27T11:52:27.992842,5906.2,05.1097,1.25496,06.4002
2026-05-27T11:52:29.013470,5907.2,05.1180,1.31400,06.7145
2026-05-27T11:52:29.990611,5908.2,05.1084,1.28512,06.5541
2026-05-27T11:52:31.011707,5909.2,05.1175,1.10899,05.6669
2026-05-27T11:52:31.984235,5910.2,05.1181,1.16335,05.9447
2026-05-27T11:52:33.004727,5911.2,05.1064,1.13363,05.7815
2026-05-27T11:52:33.982258,5912.2,05.1100,1.02604,05.2430
2026-05-27T11:52:35.000964,5913.2,05.1093,0.77548,03.9549
2026-05-27T11:52:35.978765,5914.2,05.1098,1.11177,05.6700
2026-05-27T11:52:37.000019,5915.2,05.1037,1.21829,06.2132
2026-05-27T11:52:38.021075,5916.2,05.1047,1.14276,05.8280
2026-05-27T11:52:38.996298,5917.2,05.1093,1.21851,06.2144
2026-05-27T11:52:40.017871,5918.2,05.0934,1.39552,07.1031
2026-05-27T11:52:40.991806,5919.2,05.1095,1.25712,06.4113
2026-05-27T11:52:42.011541,5920.2,05.1133,1.13267,05.7879
2026-05-27T11:52:42.985624,5921.2,05.1045,1.27238,06.4891
2026-05-27T11:52:44.005116,5922.2,05.1153,1.24645,06.3693
2026-05-27T11:52:44.981125,5923.2,05.1028,1.27796,06.5175
2026-05-27T11:52:45.999636,5924.2,05.1084,1.21078,06.1749
2026-05-27T11:52:47.020025,5925.2,05.1144,1.06316,05.4327
2026-05-27T11:52:47.991086,5926.2,05.1085,0.72107,03.6774
2026-05-27T11:52:49.010857,5927.2,05.1106,1.07955,05.5165
2026-05-27T11:52:49.985941,5928.2,05.1069,1.09765,05.5980
2026-05-27T11:52:51.005995,5929.2,05.1061,1.15114,05.8708
2026-05-27T11:52:52.025142,5930.2,05.1134,1.12227,05.7347
2026-05-27T11:52:52.997043,5931.2,05.0964,1.20225,06.1194
2026-05-27T11:52:54.015297,5932.2,05.1034,1.23136,06.2799
2026-05-27T11:52:54.988437,5933.2,05.1033,1.21620,06.2026
2026-05-27T11:52:56.006322,5934.2,05.1079,1.28342,06.5454
2026-05-27T11:52:56.983224,5935.2,05.1209,1.11027,05.6845
2026-05-27T11:52:58.000681,5936.2,05.1153,1.14595,05.8558
2026-05-27T11:52:59.018739,5937.2,05.1080,1.16705,05.9519
2026-05-27T11:52:59.991246,5938.2,05.1034,1.05797,05.3956
2026-05-27T11:53:01.010161,5939.2,05.1091,0.77398,03.9472
2026-05-27T11:53:01.981410,5940.2,05.1030,1.05518,05.3814
2026-05-27T11:53:02.999580,5941.2,05.1069,1.12664,05.7458
2026-05-27T11:53:04.020664,5942.2,05.1055,1.20068,06.1234
2026-05-27T11:53:04.993561,5943.2,05.1051,1.17069,05.9705
2026-05-27T11:53:06.014171,5944.2,05.1076,1.15422,05.8865
2026-05-27T11:53:06.989719,5945.2,05.1044,1.24758,06.3626
2026-05-27T11:53:08.010181,5946.2,05.1011,1.51410,07.7219
2026-05-27T11:53:09.027028,5947.2,05.1128,1.22647,06.2672
2026-05-27T11:53:09.999476,5948.2,05.1031,1.20126,06.1264
2026-05-27T11:53:11.019913,5949.3,05.1051,1.21074,06.1747
2026-05-27T11:53:11.995030,5950.3,05.1091,1.34418,06.8553
2026-05-27T11:53:13.016125,5951.3,05.1109,0.92126,04.7076
2026-05-27T11:53:13.990316,5952.3,05.1085,0.75261,03.8383
2026-05-27T11:53:15.009419,5953.3,05.1072,1.04969,05.3534
2026-05-27T11:53:16.028567,5954.3,05.1094,1.11874,05.7055
2026-05-27T11:53:17.004297,5955.3,05.1077,1.13654,05.7963
2026-05-27T11:53:18.026050,5956.3,05.1085,1.20233,06.1318
2026-05-27T11:53:19.000855,5957.3,05.1016,1.24637,06.3564
2026-05-27T11:53:20.020991,5958.3,05.0939,1.33643,06.8024
2026-05-27T11:53:20.998001,5959.3,05.0997,1.49437,07.6063
2026-05-27T11:53:22.021261,5960.3,05.1094,1.20036,06.1218
2026-05-27T11:53:22.997680,5961.3,05.1080,1.14173,05.8228
2026-05-27T11:53:24.020077,5962.3,05.1005,1.18812,06.0594
2026-05-27T11:53:24.995049,5963.3,05.1003,1.20929,06.1673
2026-05-27T11:53:26.013235,5964.3,05.1080,0.91082,04.6451
2026-05-27T11:53:27.032134,5965.3,05.1083,0.77444,03.9496
2026-05-27T11:53:28.008021,5966.3,05.1147,1.06392,05.4366
2026-05-27T11:53:29.027980,5967.3,05.1083,1.13003,05.7631
2026-05-27T11:53:30.003869,5968.3,05.1120,1.31660,06.7278
2026-05-27T11:53:31.025026,5969.3,05.1025,1.35180,06.8941
2026-05-27T11:53:31.998963,5970.3,05.0897,1.27761,06.4902
2026-05-27T11:53:33.016970,5971.3,05.0995,1.35586,06.9013
2026-05-27T11:53:33.990773,5972.3,05.0958,1.50635,07.6673
2026-05-27T11:53:35.010007,5973.3,05.1001,1.15784,05.9049
2026-05-27T11:53:36.032222,5974.3,05.1084,1.41855,07.2346
2026-05-27T11:53:37.005711,5975.3,05.1074,1.25206,06.3855
2026-05-27T11:53:38.026380,5976.3,05.1123,1.29688,06.6270
2026-05-27T11:53:39.001604,5977.3,05.1068,0.91379,04.6603
2026-05-27T11:53:40.016026,5978.3,05.1068,0.72153,03.6798
2026-05-27T11:53:40.990004,5979.3,05.1041,1.18542,06.0456
2026-05-27T11:53:42.011790,5980.3,05.0948,1.16548,05.9322
2026-05-27T11:53:43.029581,5981.3,05.1064,1.22599,06.2525
2026-05-27T11:53:44.002490,5982.3,05.1012,1.28110,06.5336
2026-05-27T11:53:45.024509,5983.3,05.1173,1.10203,05.6313
2026-05-27T11:53:45.999084,5984.3,05.1261,1.14662,05.8706
2026-05-27T11:53:47.020013,5985.3,05.1137,1.27269,06.5034
2026-05-27T11:53:47.995144,5986.3,05.1109,1.36375,06.9687
2026-05-27T11:53:49.014769,5987.3,05.0909,1.26121,06.4195
2026-05-27T11:53:50.033558,5988.3,05.1098,1.23647,06.3059
2026-05-27T11:53:51.006515,5989.3,05.1077,1.19213,06.0798
2026-05-27T11:53:52.026487,5990.3,05.1084,1.06730,05.4432
2026-05-27T11:53:52.998389,5991.3,05.1083,0.77498,03.9523
2026-05-27T11:53:54.019969,5992.3,05.0953,1.03016,05.2435
2026-05-27T11:53:54.994177,5993.3,05.1108,1.30119,06.6490
2026-05-27T11:53:56.015554,5994.3,05.1091,1.08945,05.5561
2026-05-27T11:53:57.034549,5995.3,05.1167,1.34590,06.8775
2026-05-27T11:53:58.006837,5996.3,05.1028,1.58609,08.0890
2026-05-27T11:53:59.025215,5997.3,05.1131,1.28892,06.5863
2026-05-27T11:53:59.996309,5998.3,05.0986,1.24110,06.3171
2026-05-27T11:54:01.014684,5999.3,05.0859,1.21497,06.1720
2026-05-27T11:54:02.032873,6000.3,05.1001,1.28850,06.5713
2026-05-27T11:54:03.004775,6001.3,05.1026,1.29209,06.5896
2026-05-27T11:54:04.023863,6002.3,05.1106,1.18338,06.0470
2026-05-27T11:54:04.998143,6003.3,05.1114,1.07343,05.4852
2026-05-27T11:54:06.015278,6004.3,05.1068,0.73349,03.7407
2026-05-27T11:54:07.036287,6005.3,05.1094,1.03079,05.2570
2026-05-27T11:54:08.011094,6006.3,05.1042,1.20873,06.1645
2026-05-27T11:54:09.030184,6007.3,05.1173,1.28160,06.5489
2026-05-27T11:54:10.005520,6008.3,05.1183,1.32260,06.7584
2026-05-27T11:54:11.024130,6009.3,05.1056,1.34598,06.8644
2026-05-27T11:54:11.996676,6010.3,05.1153,1.53631,07.8505
2026-05-27T11:54:13.020307,6011.3,05.1153,1.14984,05.8756
2026-05-27T11:54:13.996532,6012.3,05.1045,1.28293,06.5429
2026-05-27T11:54:15.018144,6013.3,05.1080,1.40771,07.1793
2026-05-27T11:54:16.039998,6014.3,05.0942,1.12570,05.7298
2026-05-27T11:54:17.015754,6015.3,05.1128,1.02802,05.2531
2026-05-27T11:54:18.036418,6016.3,05.1066,1.30874,06.6745
2026-05-27T11:54:19.009839,6017.3,05.1093,0.77625,03.9588
2026-05-27T11:54:20.031954,6018.3,05.1094,1.26646,06.4589
2026-05-27T11:54:21.007450,6019.3,05.1028,1.13320,05.7793
2026-05-27T11:54:22.027247,6020.3,05.1148,1.02711,05.2485
2026-05-27T11:54:23.001050,6021.3,05.1009,1.30472,06.6540
2026-05-27T11:54:24.023178,6022.3,05.1042,1.22909,06.2683
2026-05-27T11:54:24.999686,6023.3,05.1012,1.27589,06.5070
2026-05-27T11:54:26.019101,6024.3,05.1114,1.20551,06.1601
2026-05-27T11:54:27.037962,6025.3,05.1117,1.21587,06.2130
2026-05-27T11:54:28.009647,6026.3,05.0997,1.22160,06.2179
2026-05-27T11:54:29.026561,6027.3,05.1012,1.18324,06.0345
2026-05-27T11:54:30.044465,6028.3,05.1134,1.21199,06.1932
2026-05-27T11:54:31.019473,6029.3,05.1050,1.15595,05.8953
2026-05-27T11:54:32.038293,6030.3,05.1089,0.77951,03.9755
2026-05-27T11:54:33.010765,6031.3,05.1053,1.03554,05.2812
2026-05-27T11:54:34.027749,6032.3,05.1137,1.12060,05.7262
2026-05-27T11:54:35.002983,6033.3,05.1111,1.17545,06.0065
2026-05-27T11:54:36.020224,6034.3,05.1111,1.56178,07.9806
2026-05-27T11:54:37.039190,6035.3,05.1048,1.31312,06.6969
2026-05-27T11:54:38.011722,6036.3,05.0995,1.34893,06.8660
2026-05-27T11:54:39.032378,6037.3,05.0987,1.35073,06.8752
2026-05-27T11:54:40.004579,6038.3,05.1089,1.24878,06.3687
2026-05-27T11:54:41.024763,6039.3,05.1064,1.39112,07.0947
2026-05-27T11:54:42.043174,6040.3,05.1039,1.27639,06.5095
2026-05-27T11:54:43.014625,6041.3,05.1137,1.15305,05.8920
2026-05-27T11:54:44.033643,6042.3,05.1053,1.05091,05.3596
2026-05-27T11:54:45.004831,6043.3,05.1094,0.77608,03.9580
2026-05-27T11:54:46.024631,6044.3,05.1085,1.08647,05.5409
2026-05-27T11:54:47.043385,6045.3,05.1134,1.13206,05.7848
2026-05-27T11:54:48.017858,6046.3,05.0962,1.16605,05.9351
2026-05-27T11:54:49.037867,6047.3,05.1028,1.26197,06.4360
2026-05-27T11:54:50.010337,6048.3,05.0953,1.21095,06.1637
2026-05-27T11:54:51.030528,6049.3,05.1036,1.22451,06.2450
2026-05-27T11:54:52.004898,6050.3,05.1066,1.17273,05.9809
2026-05-27T11:54:53.026233,6051.3,05.1005,1.13156,05.7709
2026-05-27T11:54:54.045752,6052.3,05.1091,1.16636,05.9484
2026-05-27T11:54:55.021505,6053.3,05.0961,1.17624,05.9870
2026-05-27T11:54:56.041191,6054.3,05.1097,1.15096,05.8698
2026-05-27T11:54:57.013626,6055.3,05.1014,1.09096,05.5638
2026-05-27T11:54:58.029753,6056.3,05.1069,0.75477,03.8493
2026-05-27T11:54:59.047926,6057.3,05.1059,1.03828,05.2952
2026-05-27T11:55:00.021716,6058.3,05.0941,1.51641,07.7185
2026-05-27T11:55:01.041116,6059.3,05.0983,1.44965,07.3787
2026-05-27T11:55:02.014781,6060.3,05.1092,1.29340,06.5963
2026-05-27T11:55:03.033467,6061.3,05.1098,1.22009,06.2224
2026-05-27T11:55:04.049624,6062.3,05.1116,1.42002,07.2563
2026-05-27T11:55:05.024893,6063.3,05.1042,1.35042,06.8871
2026-05-27T11:55:06.044659,6064.3,05.1159,1.29887,06.6372
2026-05-27T11:55:07.016383,6065.3,05.1166,1.17692,06.0140
2026-05-27T11:55:08.035574,6066.3,05.0875,1.32573,06.7347
2026-05-27T11:55:09.010261,6067.3,05.1136,0.94388,04.8232
2026-05-27T11:55:10.028743,6068.3,05.1097,1.16655,05.9494
2026-05-27T11:55:11.047580,6069.3,05.1089,0.77437,03.9492
2026-05-27T11:55:12.023114,6070.3,05.1103,1.18444,06.0524
2026-05-27T11:55:13.046785,6071.3,05.1050,1.15470,05.8889
2026-05-27T11:55:14.024121,6072.3,05.1119,1.19470,06.1049
2026-05-27T11:55:15.046114,6073.3,05.1000,1.42663,07.2758
2026-05-27T11:55:16.020385,6074.3,05.1014,1.37925,07.0341
2026-05-27T11:55:17.040180,6075.3,05.1095,1.24707,06.3600
2026-05-27T11:55:18.017176,6076.3,05.0976,1.18297,06.0213
2026-05-27T11:55:19.035705,6077.3,05.1112,1.13664,05.8082
2026-05-27T11:55:20.013085,6078.3,05.1072,1.11276,05.6750
2026-05-27T11:55:21.037587,6079.3,05.1066,1.18588,06.0479
2026-05-27T11:55:22.011575,6080.3,05.1016,1.08223,05.5193
2026-05-27T11:55:23.030761,6081.3,05.1095,1.23220,06.2842
2026-05-27T11:55:24.050518,6082.3,05.1090,0.77014,03.9277
2026-05-27T11:55:25.022093,6083.3,05.1089,1.23123,06.2792
2026-05-27T11:55:26.044142,6084.3,05.1177,1.16122,05.9338
2026-05-27T11:55:27.021725,6085.3,05.1109,1.19250,06.0936
2026-05-27T11:55:28.043106,6086.3,05.1085,1.28492,06.5530
2026-05-27T11:55:29.015937,6087.3,05.1030,1.16647,05.9489
2026-05-27T11:55:30.033190,6088.3,05.1105,1.37490,07.0257
2026-05-27T11:55:31.053334,6089.3,05.1076,1.16930,05.9634
2026-05-27T11:55:32.029122,6090.3,05.1042,1.30359,06.6483
2026-05-27T11:55:33.049032,6091.3,05.1048,1.10908,05.6563
2026-05-27T11:55:34.021592,6092.3,05.1080,1.20578,06.1494
2026-05-27T11:55:35.040193,6093.3,05.1080,1.13230,05.7747
2026-05-27T11:55:36.059165,6094.3,05.1030,1.04716,05.3405
2026-05-27T11:55:37.031386,6095.3,05.1115,0.76998,03.9345
2026-05-27T11:55:38.050055,6096.3,05.1131,1.07682,05.5025
2026-05-27T11:55:39.025596,6097.3,05.1141,1.17864,06.0228
2026-05-27T11:55:40.047525,6098.3,05.1197,1.20409,06.1528
2026-05-27T11:55:41.020173,6099.3,05.1056,1.31376,06.7001
2026-05-27T11:55:42.040866,6100.3,05.1061,1.45069,07.3985
2026-05-27T11:55:43.017208,6101.3,05.0944,1.24740,06.3492
2026-05-27T11:55:44.039478,6102.3,05.1097,1.23142,06.2802
2026-05-27T11:55:45.061299,6103.3,05.1125,1.28292,06.5557
2026-05-27T11:55:46.037918,6104.3,05.1091,1.06335,05.4230
2026-05-27T11:55:47.016863,6105.3,05.1156,1.11062,05.6752
2026-05-27T11:55:48.039036,6106.3,05.1030,1.16477,05.9403
2026-05-27T11:55:49.062669,6107.3,05.0991,1.06272,05.4092
2026-05-27T11:55:50.040328,6108.3,05.1087,0.77418,03.9483
2026-05-27T11:55:51.060051,6109.3,05.1128,1.07879,05.5126
2026-05-27T11:55:52.034891,6110.3,05.1241,1.12716,05.7710
2026-05-27T11:55:53.057713,6111.3,05.1042,1.18693,06.0533
2026-05-27T11:55:54.035034,6112.3,05.1131,1.15205,05.8869
2026-05-27T11:55:55.057757,6113.3,05.1081,1.25725,06.4119
2026-05-27T11:55:56.033251,6114.3,05.1101,1.20904,06.1781
2026-05-27T11:55:57.054241,6115.3,05.1051,1.20449,06.1428
2026-05-27T11:55:58.031566,6116.3,05.1120,1.26799,06.4794
2026-05-27T11:55:59.052861,6117.3,05.1020,1.32066,06.7353
2026-05-27T11:56:00.030660,6118.3,05.1155,1.07654,05.5011
2026-05-27T11:56:01.054754,6119.3,05.1078,1.06567,05.4349
2026-05-27T11:56:02.031565,6120.3,05.1114,1.14011,05.8259
2026-05-27T11:56:03.052164,6121.3,05.1088,0.77572,03.9561
2026-05-27T11:56:04.027091,6122.3,05.0955,1.09779,05.5877
2026-05-27T11:56:05.049613,6123.3,05.1130,1.35067,06.9019
2026-05-27T11:56:06.026253,6124.3,05.1048,1.25613,06.4062
2026-05-27T11:56:07.051679,6125.3,05.1241,0.99934,05.1166
2026-05-27T11:56:08.027808,6126.3,05.1053,1.23325,06.2895
2026-05-27T11:56:09.052134,6127.3,05.1139,1.14264,05.8388
2026-05-27T11:56:10.029274,6128.3,05.1103,1.27978,06.5396
2026-05-27T11:56:11.051589,6129.3,05.1056,1.16744,05.9539
2026-05-27T11:56:12.028716,6130.3,05.1008,1.35204,06.8954
2026-05-27T11:56:13.048816,6131.3,05.1106,1.11740,05.7099
2026-05-27T11:56:14.023816,6132.3,05.1111,1.17697,06.0143
2026-05-27T11:56:15.046572,6133.3,05.1001,1.31948,06.7293
2026-05-27T11:56:16.067874,6134.3,05.1086,0.77452,03.9500
2026-05-27T11:56:17.045853,6135.3,05.1150,1.15419,05.8979
2026-05-27T11:56:18.066856,6136.3,05.1055,1.46055,07.4488
2026-05-27T11:56:19.043994,6137.3,05.1103,1.27679,06.5243
2026-05-27T11:56:20.065038,6138.3,05.0905,1.30046,06.6193
2026-05-27T11:56:21.040386,6139.3,05.1080,1.20600,06.1506
2026-05-27T11:56:22.063980,6140.3,05.1114,1.15408,05.8973
2026-05-27T11:56:23.039837,6141.3,05.1100,1.22330,06.2510
2026-05-27T11:56:24.060132,6142.3,05.1097,1.31066,06.6843
2026-05-27T11:56:25.033147,6143.3,05.1070,1.36863,06.9800
2026-05-27T11:56:26.052889,6144.3,05.1081,1.09592,05.5891
2026-05-27T11:56:27.026466,6145.3,05.1105,1.08898,05.5646
2026-05-27T11:56:28.048650,6146.3,05.1089,1.07126,05.4634
2026-05-27T11:56:29.068244,6147.3,05.1067,0.77232,03.9388
2026-05-27T11:56:30.042751,6148.3,05.1067,1.15267,05.8786
2026-05-27T11:56:31.063705,6149.3,05.1058,1.37019,06.9879
2026-05-27T11:56:32.038599,6150.3,05.1142,1.30107,06.6484
2026-05-27T11:56:33.059585,6151.3,05.1034,1.55805,07.9460
2026-05-27T11:56:34.033627,6152.3,05.1045,1.20209,06.1306
2026-05-27T11:56:35.058089,6153.3,05.0994,1.15559,05.8819
2026-05-27T11:56:36.033553,6154.3,05.1086,1.21225,06.1824
2026-05-27T11:56:37.054965,6155.3,05.1114,1.06988,05.4670
2026-05-27T11:56:38.028795,6156.3,05.0987,1.29585,06.5958
2026-05-27T11:56:39.049485,6157.3,05.1116,1.15222,05.8878
2026-05-27T11:56:40.070787,6158.3,05.1105,1.25860,06.4314
2026-05-27T11:56:41.046311,6159.3,05.1101,1.22967,06.2836
2026-05-27T11:56:42.065931,6160.3,05.1076,0.82287,04.1966
2026-05-27T11:56:43.040381,6161.3,05.0912,1.20337,06.1251
2026-05-27T11:56:44.061893,6162.3,05.1147,1.34971,06.8970
2026-05-27T11:56:45.038015,6163.3,05.1122,1.33727,06.8334
2026-05-27T11:56:46.060906,6164.3,05.1064,1.34715,06.8704
2026-05-27T11:56:47.038980,6165.3,05.1106,1.06056,05.4194
2026-05-27T11:56:48.062885,6166.3,05.1086,1.15122,05.8712
2026-05-27T11:56:49.042480,6167.3,05.1145,1.07219,05.4788
2026-05-27T11:56:50.065305,6168.3,05.1109,1.28541,06.5684
2026-05-27T11:56:51.042490,6169.3,05.1080,1.20782,06.1598
2026-05-27T11:56:52.063636,6170.3,05.1047,1.16840,05.9588
2026-05-27T11:56:53.037545,6171.3,05.1089,1.21928,06.2183
2026-05-27T11:56:54.061141,6172.3,05.1123,1.17082,05.9828
2026-05-27T11:56:55.034760,6173.3,05.1067,0.77556,03.9553
2026-05-27T11:56:56.057309,6174.3,05.1033,1.29012,06.5796
2026-05-27T11:56:57.033423,6175.3,05.1050,1.45350,07.4128
2026-05-27T11:56:58.058575,6176.3,05.1033,1.28441,06.5504
2026-05-27T11:56:59.036265,6177.3,05.1137,1.49899,07.6598
2026-05-27T11:57:00.060415,6178.3,05.1100,1.08173,05.5276
2026-05-27T11:57:01.037901,6179.3,05.1082,1.07406,05.4777
2026-05-27T11:57:02.062514,6180.3,05.1108,1.04354,05.3324
2026-05-27T11:57:03.039761,6181.3,05.1058,1.06599,05.4365
2026-05-27T11:57:04.060009,6182.3,05.1078,1.12893,05.7575
2026-05-27T11:57:05.034808,6183.3,05.1114,1.15170,05.8851
2026-05-27T11:57:06.061317,6184.3,05.1092,1.12736,05.7495
2026-05-27T11:57:07.041971,6185.3,05.1050,1.17091,05.9716
2026-05-27T11:57:08.065136,6186.3,05.1095,0.78005,03.9782
2026-05-27T11:57:09.040052,6187.3,05.1116,1.12787,05.7634
2026-05-27T11:57:10.061342,6188.3,05.1098,1.53878,07.8477
2026-05-27T11:57:11.039512,6189.3,05.1080,1.26440,06.4484
2026-05-27T11:57:12.062701,6190.3,05.1082,1.34951,06.8825
2026-05-27T11:57:13.038974,6191.3,05.1067,1.04241,05.3162
2026-05-27T11:57:14.059815,6192.3,05.1081,1.19689,06.1041
2026-05-27T11:57:15.081272,6193.3,05.1086,1.09179,05.5681
2026-05-27T11:57:16.057219,6194.3,05.1070,1.17365,05.9856
2026-05-27T11:57:17.078853,6195.3,05.1026,1.12786,05.7520
2026-05-27T11:57:18.054536,6196.3,05.1094,1.03247,05.2655
2026-05-27T11:57:19.074925,6197.3,05.1095,1.09012,05.5596
2026-05-27T11:57:20.049764,6198.3,05.1097,1.17613,05.9982
2026-05-27T11:57:21.070534,6199.3,05.1097,0.77591,03.9571
2026-05-27T11:57:22.041620,6200.3,05.0964,1.24835,06.3541
2026-05-27T11:57:23.061842,6201.3,05.1096,1.22801,06.2628
2026-05-27T11:57:24.084063,6202.3,05.1167,1.11847,05.7153
2026-05-27T11:57:25.059823,6203.3,05.1066,1.21106,06.1764
2026-05-27T11:57:26.079495,6204.3,05.1125,1.11974,05.7218
2026-05-27T11:57:27.053901,6205.3,05.1087,1.03683,05.2878
2026-05-27T11:57:28.075540,6206.3,05.1083,1.08904,05.5541
2026-05-27T11:57:29.052553,6207.3,05.1100,1.11148,05.6796
2026-05-27T11:57:30.076606,6208.3,05.1064,1.06274,05.4199
2026-05-27T11:57:31.052194,6209.3,05.1123,1.10794,05.6615
2026-05-27T11:57:32.072501,6210.3,05.1093,1.15111,05.8706
2026-05-27T11:57:33.046814,6211.3,05.1116,1.40748,07.1922
2026-05-27T11:57:34.066504,6212.3,05.1092,0.77639,03.9595
2026-05-27T11:57:35.085590,6213.3,05.1050,1.18157,06.0260
2026-05-27T11:57:36.063299,6214.3,05.1159,1.41186,07.2146
2026-05-27T11:57:37.085618,6215.3,05.1142,1.11135,05.6789
2026-05-27T11:57:38.060701,6216.3,05.0987,1.25703,06.3982
2026-05-27T11:57:39.081406,6217.3,05.1111,1.27356,06.5078
2026-05-27T11:57:40.057226,6218.3,05.1095,1.07424,05.4786
2026-05-27T11:57:41.080490,6219.3,05.0986,1.07064,05.4495
2026-05-27T11:57:42.056325,6220.3,05.1059,1.16701,05.9517
2026-05-27T11:57:43.079120,6221.3,05.1079,1.14611,05.8451
2026-05-27T11:57:44.055114,6222.3,05.1009,1.05505,05.3807
2026-05-27T11:57:45.076803,6223.3,05.1120,1.19648,06.1140
2026-05-27T11:57:46.052913,6224.3,05.1041,1.19518,06.0954
2026-05-27T11:57:47.076411,6225.3,05.1120,0.77570,03.9638
2026-05-27T11:57:48.050653,6226.3,05.1091,1.06460,05.4294
2026-05-27T11:57:49.074010,6227.3,05.1105,1.21026,06.1844
2026-05-27T11:57:50.052309,6228.3,05.1114,1.34910,06.8939
2026-05-27T11:57:51.073418,6229.3,05.1108,1.00370,05.1289
2026-05-27T11:57:52.051986,6230.3,05.1028,1.14509,05.8399
2026-05-27T11:57:53.077078,6231.3,05.1034,1.15245,05.8774
2026-05-27T11:57:54.054990,6232.3,05.1145,1.05894,05.4111
2026-05-27T11:57:55.082703,6233.3,05.1144,1.03219,05.2744
2026-05-27T11:57:56.065808,6234.3,05.1072,1.05538,05.3824
2026-05-27T11:57:57.091767,6235.3,05.1155,1.05018,05.3664
2026-05-27T11:57:58.070797,6236.3,05.1080,1.26755,06.4645
2026-05-27T11:57:59.046470,6237.3,05.1136,1.26157,06.4466
2026-05-27T11:58:00.066845,6238.3,05.1119,0.77679,03.9693
2026-05-27T11:58:01.088902,6239.3,05.0964,1.02369,05.2105
2026-05-27T11:58:02.069109,6240.3,05.1109,1.02680,05.2469
2026-05-27T11:58:03.049921,6241.3,05.1056,1.16574,05.9452
2026-05-27T11:58:04.073684,6242.3,05.1114,1.27311,06.5055
2026-05-27T11:58:05.048971,6243.3,05.1117,1.11968,05.7215
2026-05-27T11:58:06.070828,6244.3,05.1087,1.16541,05.9435
2026-05-27T11:58:07.093335,6245.3,05.1037,1.05721,05.3917
2026-05-27T11:58:08.069871,6246.3,05.1087,1.02347,05.2196
2026-05-27T11:58:09.094499,6247.3,05.1048,1.15282,05.8793
2026-05-27T11:58:10.073225,6248.3,05.1067,1.17034,05.9687
2026-05-27T11:58:11.049149,6249.3,05.1020,1.15751,05.9033
2026-05-27T11:58:12.072728,6250.3,05.1086,1.17714,06.0034
2026-05-27T11:58:13.090548,6251.3,05.1116,0.77348,03.9524
2026-05-27T11:58:14.065696,6252.3,05.1070,1.06632,05.4382
2026-05-27T11:58:15.088612,6253.3,05.1122,1.01038,05.1630
2026-05-27T11:58:16.062920,6254.3,05.1159,1.08630,05.5509
2026-05-27T11:58:17.086829,6255.3,05.1084,1.08431,05.5299
2026-05-27T11:58:18.065136,6256.3,05.1047,1.09550,05.5870
2026-05-27T11:58:19.087430,6257.3,05.1047,1.03696,05.2884
2026-05-27T11:58:20.063747,6258.3,05.1076,1.25105,06.3803
2026-05-27T11:58:21.085589,6259.3,05.1086,1.24022,06.3251
2026-05-27T11:58:22.061439,6260.3,05.1022,1.09894,05.6045
2026-05-27T11:58:23.088409,6261.3,05.1180,1.08413,05.5399
2026-05-27T11:58:24.068995,6262.3,05.1066,1.15107,05.8704
2026-05-27T11:58:25.092523,6263.3,05.1105,1.29050,06.5944
2026-05-27T11:58:26.068282,6264.3,05.1106,0.77856,03.9784
2026-05-27T11:58:27.087692,6265.3,05.1092,0.84046,04.2863
2026-05-27T11:58:28.065169,6266.3,05.1085,1.08626,05.5399
2026-05-27T11:58:29.086826,6267.3,05.1098,1.00525,05.1267
2026-05-27T11:58:30.063202,6268.3,05.1044,1.07996,05.5077
2026-05-27T11:58:31.088690,6269.3,05.1092,1.08555,05.5363
2026-05-27T11:58:32.066257,6270.3,05.1039,1.07046,05.4593
2026-05-27T11:58:33.086908,6271.3,05.1078,1.11145,05.6683
2026-05-27T11:58:34.061913,6272.3,05.1098,1.11267,05.6746
2026-05-27T11:58:35.083969,6273.3,05.1094,1.03245,05.2654
2026-05-27T11:58:36.061261,6274.3,05.0892,1.05077,05.3379
2026-05-27T11:58:37.085647,6275.3,05.1072,1.02007,05.2023
2026-05-27T11:58:38.060422,6276.3,05.1064,0.98979,05.0479
2026-05-27T11:58:39.081052,6277.3,05.1098,0.86379,04.4053
2026-05-27T11:58:40.054070,6278.3,05.1075,1.02423,05.2235
2026-05-27T11:58:41.075776,6279.3,05.1130,1.22578,06.2637
2026-05-27T11:58:42.098542,6280.3,05.1100,1.10964,05.6702
2026-05-27T11:58:43.074060,6281.3,05.1059,1.03510,05.2790
2026-05-27T11:58:44.096916,6282.3,05.1105,1.12674,05.7576
2026-05-27T11:58:45.075272,6283.3,05.1050,1.10561,05.6386
2026-05-27T11:58:46.097572,6284.3,05.1037,1.18650,06.0511
2026-05-27T11:58:47.073723,6285.3,05.1075,1.21040,06.1730
2026-05-27T11:58:48.097849,6286.3,05.1151,1.04413,05.3355
2026-05-27T11:58:49.074058,6287.3,05.1109,1.08359,05.5371
2026-05-27T11:58:50.097387,6288.3,05.1126,1.08573,05.5480
2026-05-27T11:58:51.073791,6289.3,05.1114,1.26856,06.4823
2026-05-27T11:58:52.098455,6290.3,05.1114,1.09747,05.6080
2026-05-27T11:58:53.074865,6291.3,05.1094,0.89081,04.5431
2026-05-27T11:58:54.098589,6292.3,05.1045,1.07594,05.4872
2026-05-27T11:58:55.075358,6293.3,05.1119,1.01120,05.1672
2026-05-27T11:58:56.098436,6294.3,05.1114,1.12737,05.7608
2026-05-27T11:58:57.077517,6295.3,05.1094,1.16377,05.9352
2026-05-27T11:58:58.059707,6296.3,05.1019,1.20683,06.1548
2026-05-27T11:58:59.085224,6297.3,05.1222,1.15246,05.9005
2026-05-27T11:59:00.066522,6298.3,05.1183,1.11011,05.6726
2026-05-27T11:59:01.090054,6299.3,05.1147,1.07954,05.5164
2026-05-27T11:59:02.068030,6300.3,05.0984,1.07165,05.4546
2026-05-27T11:59:03.094249,6301.3,05.1050,1.17251,05.9798
2026-05-27T11:59:04.072691,6302.3,05.1058,1.17489,05.9919
2026-05-27T11:59:05.096443,6303.3,05.1092,0.77468,03.9508
2026-05-27T11:59:06.075145,6304.3,05.1092,0.87585,04.4668
2026-05-27T11:59:07.101208,6305.3,05.1051,1.00523,05.1266
2026-05-27T11:59:08.077793,6306.3,05.1076,1.00791,05.1403
2026-05-27T11:59:09.101756,6307.3,05.1045,1.10147,05.6174
2026-05-27T11:59:10.079227,6308.3,05.1098,1.08886,05.5531
2026-05-27T11:59:11.058878,6309.3,05.1094,1.16030,05.9175
2026-05-27T11:59:12.083682,6310.3,05.1103,1.22743,06.2721
2026-05-27T11:59:13.060703,6311.3,05.1126,1.20355,06.1501
2026-05-27T11:59:14.082312,6312.3,05.1105,1.10257,05.6341
2026-05-27T11:59:15.057073,6313.3,05.1119,1.34231,06.8592
2026-05-27T11:59:16.079850,6314.3,05.1101,1.15808,05.9177
2026-05-27T11:59:17.102557,6315.3,05.1106,1.14093,05.8301
2026-05-27T11:59:18.079560,6316.3,05.1059,0.81338,04.1482
2026-05-27T11:59:19.097740,6317.3,05.1051,0.68287,03.4826
2026-05-27T11:59:20.073170,6318.3,05.1055,1.06025,05.4072
2026-05-27T11:59:21.095031,6319.3,05.1125,1.09654,05.6033
2026-05-27T11:59:22.071725,6320.3,05.1077,1.13928,05.8103
2026-05-27T11:59:23.096040,6321.3,05.1083,1.24236,06.3360
2026-05-27T11:59:24.070745,6322.3,05.1022,1.20264,06.1334
2026-05-27T11:59:25.092507,6323.3,05.0944,1.30311,06.6328
2026-05-27T11:59:26.069652,6324.3,05.1008,1.38797,07.0786
2026-05-27T11:59:27.094052,6325.3,05.1126,1.15511,05.9026
2026-05-27T11:59:28.070291,6326.3,05.1059,1.12124,05.7183
2026-05-27T11:59:29.092118,6327.3,05.1166,1.23453,06.3084
2026-05-27T11:59:30.070893,6328.3,05.1145,1.07831,05.5101
2026-05-27T11:59:31.094130,6329.3,05.1106,0.87112,04.4514
2026-05-27T11:59:32.069161,6330.3,05.1078,0.84926,04.3312
2026-05-27T11:59:33.093593,6331.3,05.1091,1.01048,05.1534
2026-05-27T11:59:34.069101,6332.3,05.1089,1.12748,05.7501
2026-05-27T11:59:35.092593,6333.3,05.1105,1.02355,05.2303
2026-05-27T11:59:36.067085,6334.3,05.1031,1.28749,06.5661
2026-05-27T11:59:37.089980,6335.3,05.1105,1.11187,05.6816
2026-05-27T11:59:38.066976,6336.3,05.1105,1.29293,06.6068
2026-05-27T11:59:39.091969,6337.3,05.1117,1.25434,06.4096
2026-05-27T11:59:40.067971,6338.3,05.1186,1.16810,05.9689
2026-05-27T11:59:41.088701,6339.3,05.1037,1.10458,05.6333
2026-05-27T11:59:42.063241,6340.3,05.0976,1.10766,05.6379
2026-05-27T11:59:43.087857,6341.3,05.1062,1.20157,06.1280
2026-05-27T11:59:44.064721,6342.3,05.1094,0.77820,03.9688
2026-05-27T11:59:45.084744,6343.3,05.1087,0.69112,03.5247
2026-05-27T11:59:46.060189,6344.3,05.1106,1.06755,05.4551
2026-05-27T11:59:47.082242,6345.3,05.1084,1.06478,05.4303
2026-05-27T11:59:48.105446,6346.3,05.1053,1.08767,05.5471
2026-05-27T11:59:49.078962,6347.3,05.1095,1.21833,06.2134
2026-05-27T11:59:50.102287,6348.3,05.1156,1.17926,06.0260
2026-05-27T11:59:51.080942,6349.3,05.1017,1.32947,06.7802
2026-05-27T11:59:52.103865,6350.3,05.1009,1.14200,05.8242
2026-05-27T11:59:53.084683,6351.3,05.1128,1.23974,06.3350
2026-05-27T11:59:54.061718,6352.3,05.1111,1.29676,06.6264
2026-05-27T11:59:55.086704,6353.3,05.1061,1.32983,06.7821
2026-05-27T11:59:56.063765,6354.3,05.1064,1.22273,06.2359
2026-05-27T11:59:57.086468,6355.3,05.1083,0.93553,04.7712
2026-05-27T11:59:58.063937,6356.3,05.1059,0.82434,04.2041
2026-05-27T11:59:59.089512,6357.3,05.1058,1.06449,05.4288
2026-05-27T12:00:00.072286,6358.3,05.1078,1.08329,05.5247
2026-05-27T12:00:01.097342,6359.3,05.1061,1.06659,05.4396
2026-05-27T12:00:02.076585,6360.3,05.1097,1.29814,06.6205
2026-05-27T12:00:03.099621,6361.3,05.1112,1.40165,07.1624
2026-05-27T12:00:04.078536,6362.3,05.1076,1.17576,05.9963
2026-05-27T12:00:05.105136,6363.3,05.1136,1.18294,06.0448
2026-05-27T12:00:06.085445,6364.3,05.0991,1.17536,05.9825
2026-05-27T12:00:07.064077,6365.3,05.1037,1.14989,05.8644
2026-05-27T12:00:08.086963,6366.3,05.1068,1.41027,07.1923
2026-05-27T12:00:09.063766,6367.3,05.1083,1.14635,05.8463
2026-05-27T12:00:10.089546,6368.3,05.1083,0.88191,04.4977
2026-05-27T12:00:11.064998,6369.3,05.1070,0.81545,04.1587
2026-05-27T12:00:12.088522,6370.3,05.1011,1.03772,05.2923
2026-05-27T12:00:13.065285,6371.3,05.1072,1.26522,06.4526
2026-05-27T12:00:14.088999,6372.3,05.1081,1.17679,06.0016
2026-05-27T12:00:15.067088,6373.3,05.1103,1.19263,06.0943
2026-05-27T12:00:16.087863,6374.3,05.1075,1.12402,05.7325
2026-05-27T12:00:17.063782,6375.3,05.1133,1.22911,06.2807
2026-05-27T12:00:18.086656,6376.3,05.1095,1.17732,06.0043
2026-05-27T12:00:19.065074,6377.3,05.1092,1.14442,05.8365
2026-05-27T12:00:20.086057,6378.3,05.1126,1.41308,07.2208
2026-05-27T12:00:21.109032,6379.3,05.1050,1.21490,06.1959
2026-05-27T12:00:22.084393,6380.3,05.1097,1.06472,05.4300
2026-05-27T12:00:23.104306,6381.3,05.1106,0.96326,04.9222
2026-05-27T12:00:24.076263,6382.3,05.1106,0.79509,04.0629
2026-05-27T12:00:25.099328,6383.3,05.1097,0.99021,05.0500
2026-05-27T12:00:26.073905,6384.3,05.1058,1.16107,05.9214
2026-05-27T12:00:27.094809,6385.3,05.1094,1.07224,05.4684
2026-05-27T12:00:28.072870,6386.3,05.1125,1.13872,05.8188
2026-05-27T12:00:29.096307,6387.3,05.1003,1.17329,05.9837
2026-05-27T12:00:30.072728,6388.3,05.1003,1.27257,06.4901
2026-05-27T12:00:31.094987,6389.3,05.1108,1.20339,06.1493
2026-05-27T12:00:32.070839,6390.3,05.1141,1.22539,06.2617
2026-05-27T12:00:33.095286,6391.3,05.1059,1.25123,06.3812
2026-05-27T12:00:34.072008,6392.3,05.1084,1.28183,06.5373
2026-05-27T12:00:35.094917,6393.3,05.1123,1.28395,06.5609
2026-05-27T12:00:36.072502,6394.3,05.1075,0.78715,04.0144
2026-05-27T12:00:37.094971,6395.3,05.1075,0.78574,04.0072
2026-05-27T12:00:38.073269,6396.3,05.1136,1.19822,06.1229
2026-05-27T12:00:39.098924,6397.3,05.1073,1.30873,06.6745
2026-05-27T12:00:40.074476,6398.3,05.1080,1.09515,05.5852
2026-05-27T12:00:41.096408,6399.3,05.1144,1.27510,06.5157
2026-05-27T12:00:42.073613,6400.3,05.1144,1.19627,06.1129
2026-05-27T12:00:43.095408,6401.3,05.0919,1.33437,06.7919
2026-05-27T12:00:44.073453,6402.3,05.1092,1.25714,06.4114
2026-05-27T12:00:45.097236,6403.3,05.1117,1.16263,05.9410
2026-05-27T12:00:46.075762,6404.3,05.1094,1.18375,06.0371
2026-05-27T12:00:47.099541,6405.3,05.0847,1.37298,06.9747
2026-05-27T12:00:48.074629,6406.3,05.1058,1.06927,05.4532
2026-05-27T12:00:49.096248,6407.3,05.1086,1.01379,05.1703
2026-05-27T12:00:50.072530,6408.3,05.1063,0.77227,03.9385
2026-05-27T12:00:51.096513,6409.3,05.1081,1.04359,05.3223
2026-05-27T12:00:52.074290,6410.3,05.1045,1.14519,05.8404
2026-05-27T12:00:53.096643,6411.3,05.1039,1.17230,05.9787
2026-05-27T12:00:54.075227,6412.3,05.0989,1.20312,06.1238
2026-05-27T12:00:55.097463,6413.3,05.1055,1.20228,06.1316
2026-05-27T12:00:56.072563,6414.3,05.1081,1.25496,06.4002
2026-05-27T12:00:57.095395,6415.3,05.1075,1.12088,05.7164
2026-05-27T12:00:58.071792,6416.3,05.1131,1.13219,05.7854
2026-05-27T12:00:59.095324,6417.3,05.1062,1.43764,07.3319
2026-05-27T12:01:00.074313,6418.3,05.1184,1.36049,06.9521
2026-05-27T12:01:01.096954,6419.3,05.1047,1.08888,05.5532
2026-05-27T12:01:02.072521,6420.3,05.1087,0.87851,04.4804
2026-05-27T12:01:03.089861,6421.3,05.1077,0.77803,03.9679
2026-05-27T12:01:04.111233,6422.3,05.1075,1.17606,05.9979
2026-05-27T12:01:05.086806,6423.3,05.1036,1.08954,05.5566
2026-05-27T12:01:06.109914,6424.3,05.1125,1.14104,05.8307
2026-05-27T12:01:07.086837,6425.3,05.0919,1.45968,07.4297
2026-05-27T12:01:08.110103,6426.3,05.0939,1.17287,05.9699
2026-05-27T12:01:09.085472,6427.3,05.1016,1.16998,05.9668
2026-05-27T12:01:10.106564,6428.3,05.1106,1.32868,06.7895
2026-05-27T12:01:11.081938,6429.3,05.1012,1.30096,06.6348
2026-05-27T12:01:12.104108,6430.3,05.0976,1.29723,06.6029
2026-05-27T12:01:13.079804,6431.3,05.0914,1.32663,06.7525
2026-05-27T12:01:14.105491,6432.3,05.1069,1.14162,05.8222
2026-05-27T12:01:15.083493,6433.3,05.1056,1.05320,05.3713
2026-05-27T12:01:16.101165,6434.3,05.1071,0.77600,03.9576
2026-05-27T12:01:17.077962,6435.3,05.1066,1.03099,05.2580
2026-05-27T12:01:18.100113,6436.3,05.1077,1.27378,06.4962
2026-05-27T12:01:19.076533,6437.3,05.1161,1.11493,05.6972
2026-05-27T12:01:20.098297,6438.3,05.1100,1.20600,06.1626
2026-05-27T12:01:21.075133,6439.3,05.1116,1.17337,05.9959
2026-05-27T12:01:22.096675,6440.3,05.1009,1.39001,07.0890
2026-05-27T12:01:23.072514,6441.3,05.1080,1.15592,05.8951
2026-05-27T12:01:24.092922,6442.3,05.1134,1.11742,05.7100
2026-05-27T12:01:25.114812,6443.3,05.0951,1.18885,06.0512
2026-05-27T12:01:26.090226,6444.3,05.1147,1.24959,06.3854
2026-05-27T12:01:27.112470,6445.3,05.1061,1.15049,05.8674
2026-05-27T12:01:28.089914,6446.3,05.1058,1.13876,05.8076
2026-05-27T12:01:29.111576,6447.3,05.1080,0.74299,03.7892
2026-05-27T12:01:30.087183,6448.3,05.1064,1.11935,05.7086
2026-05-27T12:01:31.111340,6449.3,05.1051,1.22235,06.2339
2026-05-27T12:01:32.085285,6450.3,05.1147,1.08921,05.5658
2026-05-27T12:01:33.106215,6451.3,05.1008,1.34262,06.8473
2026-05-27T12:01:34.083684,6452.3,05.1074,1.23318,06.2892
2026-05-27T12:01:35.106005,6453.3,05.1067,1.28942,06.5760
2026-05-27T12:01:36.080056,6454.3,05.1067,1.16233,05.9278
2026-05-27T12:01:37.100044,6455.3,05.1039,1.17588,05.9969
2026-05-27T12:01:38.119741,6456.3,05.1137,1.24955,06.3852
2026-05-27T12:01:39.095066,6457.3,05.1076,1.29791,06.6193
2026-05-27T12:01:40.119237,6458.3,05.1014,1.24098,06.3289
2026-05-27T12:01:41.093786,6459.3,05.1064,1.05958,05.4038
2026-05-27T12:01:42.112082,6460.3,05.1081,0.77523,03.9536
2026-05-27T12:01:43.087438,6461.3,05.1084,1.07241,05.4692
2026-05-27T12:01:44.109975,6462.3,05.1202,1.12585,05.7643
2026-05-27T12:01:45.083667,6463.3,05.1155,0.97710,04.9929
2026-05-27T12:01:46.102529,6464.3,05.1123,1.30021,06.6440
2026-05-27T12:01:47.079324,6465.3,05.1112,1.23138,06.2923
2026-05-27T12:01:48.100014,6466.3,05.1208,1.21834,06.2379
2026-05-27T12:01:49.076614,6467.3,05.0911,1.26839,06.4561
2026-05-27T12:01:50.099815,6468.3,05.1055,1.29448,06.6018
2026-05-27T12:01:51.075584,6469.3,05.0991,1.49595,07.6143
2026-05-27T12:01:52.098676,6470.3,05.1025,1.36474,06.9601
2026-05-27T12:01:53.120911,6471.3,05.1053,1.14269,05.8277
2026-05-27T12:01:54.098489,6472.3,05.1053,1.07968,05.5063
2026-05-27T12:01:55.116540,6473.3,05.1078,0.77719,03.9636
2026-05-27T12:01:56.089859,6474.3,05.1055,1.04828,05.3462
2026-05-27T12:01:57.111218,6475.3,05.1133,1.22913,06.2808
2026-05-27T12:01:58.086074,6476.3,05.1158,1.09982,05.6200
2026-05-27T12:01:59.106309,6477.3,05.1069,1.30397,06.6502
2026-05-27T12:02:00.081566,6478.3,05.1136,1.17868,06.0230
2026-05-27T12:02:01.106410,6479.3,05.1192,1.27473,06.5138
2026-05-27T12:02:02.081548,6480.3,05.1128,1.20619,06.1636
2026-05-27T12:02:03.102538,6481.3,05.1128,1.35385,06.9181
2026-05-27T12:02:04.121055,6482.3,05.1153,1.18347,06.0475
2026-05-27T12:02:05.096718,6483.3,05.1161,1.07928,05.5151
2026-05-27T12:02:06.117579,6484.3,05.1047,1.15969,05.9144
2026-05-27T12:02:07.091552,6485.3,05.1033,1.12905,05.7581
2026-05-27T12:02:08.110921,6486.3,05.1067,0.77376,03.9461
2026-05-27T12:02:09.084063,6487.3,05.1030,1.10418,05.6313
2026-05-27T12:02:10.105156,6488.3,05.1069,1.22808,06.2632
2026-05-27T12:02:11.079966,6489.3,05.1037,1.09963,05.6081
2026-05-27T12:02:12.102765,6490.3,05.0961,1.46992,07.4818
2026-05-27T12:02:13.122236,6491.3,05.1122,1.20556,06.1604
2026-05-27T12:02:14.094601,6492.3,05.0875,1.58909,08.0725
2026-05-27T12:02:15.116010,6493.3,05.1039,1.21177,06.1800
2026-05-27T12:02:16.093313,6494.3,05.1117,1.33619,06.8279
2026-05-27T12:02:17.116433,6495.3,05.1098,1.24751,06.3623
2026-05-27T12:02:18.092977,6496.3,05.1108,1.15821,05.9184
2026-05-27T12:02:19.116426,6497.3,05.1092,1.12416,05.7332
2026-05-27T12:02:20.090732,6498.3,05.1005,1.11599,05.6915
2026-05-27T12:02:21.110906,6499.3,05.1094,0.79726,04.0660
2026-05-27T12:02:22.085174,6500.3,05.1139,1.11865,05.7163
2026-05-27T12:02:23.108405,6501.3,05.0951,1.24583,06.3412
2026-05-27T12:02:24.085595,6502.3,05.1155,1.14840,05.8683
2026-05-27T12:02:25.109375,6503.3,05.1071,1.40987,07.1903
2026-05-27T12:02:26.087374,6504.3,05.1047,1.31543,06.7086
2026-05-27T12:02:27.109381,6505.3,05.0981,1.26208,06.4239
2026-05-27T12:02:28.088399,6506.3,05.0984,1.29211,06.5768
2026-05-27T12:02:29.112863,6507.3,05.1079,1.15230,05.8767
2026-05-27T12:02:30.088880,6508.3,05.1116,1.31305,06.7096
2026-05-27T12:02:31.111141,6509.4,05.1162,1.34694,06.8828
2026-05-27T12:02:32.089174,6510.4,05.1042,1.00346,05.1176
2026-05-27T12:02:33.111158,6511.4,05.1080,1.11269,05.6747
2026-05-27T12:02:34.128110,6512.4,05.1073,0.76886,03.9211
2026-05-27T12:02:35.102700,6513.4,05.1145,1.25321,06.4039
2026-05-27T12:02:36.126654,6514.4,05.1081,1.24802,06.3649
2026-05-27T12:02:37.104833,6515.4,05.1194,0.94368,04.8222
2026-05-27T12:02:38.125078,6516.4,05.1062,1.21800,06.2118
2026-05-27T12:02:39.099685,6517.4,05.1026,1.20647,06.1529
2026-05-27T12:02:40.120924,6518.4,05.1155,1.23447,06.3081
2026-05-27T12:02:41.095872,6519.4,05.0869,1.35100,06.8630
2026-05-27T12:02:42.117497,6520.4,05.1095,1.17564,05.9957
2026-05-27T12:02:43.093280,6521.4,05.1026,1.41388,07.2107
2026-05-27T12:02:44.114214,6522.4,05.1114,1.55278,07.9347
2026-05-27T12:02:45.089630,6523.4,05.1103,1.20541,06.1596
2026-05-27T12:02:46.110308,6524.4,05.1074,1.20857,06.1637
2026-05-27T12:02:47.086402,6525.4,05.1074,0.79638,04.0615
2026-05-27T12:02:48.108410,6526.4,05.0983,1.08534,05.5243
2026-05-27T12:02:49.087244,6527.4,05.1181,1.09974,05.6196
2026-05-27T12:02:50.110403,6528.4,05.1105,1.10891,05.6665
2026-05-27T12:02:51.131817,6529.4,05.1133,1.52903,07.8133
2026-05-27T12:02:52.108202,6530.4,05.1050,1.26804,06.4670
2026-05-27T12:02:53.130180,6531.4,05.1137,1.19668,06.1150
2026-05-27T12:02:54.105722,6532.4,05.1073,1.14556,05.8423
2026-05-27T12:02:55.128468,6533.4,05.1091,1.16756,05.9545
2026-05-27T12:02:56.104853,6534.4,05.1092,1.29699,06.6146
2026-05-27T12:02:57.129604,6535.4,05.1085,1.28204,06.5384
2026-05-27T12:02:58.103728,6536.4,05.1112,1.05469,05.3894
2026-05-27T12:02:59.124288,6537.4,05.1078,1.12526,05.7388
2026-05-27T12:03:00.095880,6538.4,05.1081,0.77553,03.9552
2026-05-27T12:03:01.115825,6539.4,05.1076,0.77013,03.9276
2026-05-27T12:03:02.090844,6540.4,05.1075,0.95292,04.8598
2026-05-27T12:03:03.108823,6541.4,05.1075,0.88220,04.4992
2026-05-27T12:03:04.133437,6542.4,05.1101,0.87301,04.4610
2026-05-27T12:03:05.107912,6543.4,05.1074,0.76582,03.9056
