timestamp,total,available,used,percent,free,active,inactive,buffers,cached
2026-07-09T05:54:10.626005,17006837760,16334143488,672694272,4.0,13828161536,971866112,1931640832,119046144,2527805440
2026-07-09T05:54:11.626338,17006837760,16323084288,683753472,4.0,13817102336,986791936,1931640832,119046144,2527838208
2026-07-09T05:54:12.626626,17006837760,16323084288,683753472,4.0,13817102336,986791936,1931640832,119046144,2527838208
2026-07-09T05:54:13.626905,17006837760,16324067328,682770432,4.0,13818085376,986791936,1931640832,119046144,2527838208
2026-07-09T05:54:14.627174,17006837760,16329228288,677609472,4.0,13823246336,986791936,1931640832,119046144,2527838208
2026-07-09T05:54:15.627991,17006837760,16315957248,690880512,4.1,13809975296,998342656,1931640832,119046144,2527838208
2026-07-09T05:54:16.628524,17006837760,16306618368,700219392,4.1,13800636416,1000374272,1931640832,119046144,2527838208
2026-07-09T05:54:17.628865,17006837760,16306618368,700219392,4.1,13800636416,1000374272,1931640832,119046144,2527838208
2026-07-09T05:54:18.629571,17006837760,16310861824,695975936,4.1,13804879872,1000374272,1931640832,119046144,2527838208
2026-07-09T05:54:19.630055,17006837760,16311107584,695730176,4.1,13805125632,1000374272,1931640832,119046144,2527838208
2026-07-09T05:54:20.630389,17006837760,16303243264,703594496,4.1,13797261312,1000374272,1931640832,119046144,2527838208
2026-07-09T05:54:21.630841,17006837760,16305618944,701218816,4.1,13799636992,1000374272,1931640832,119046144,2527838208
2026-07-09T05:54:22.631223,17006837760,16298000384,708837376,4.2,13792018432,1000374272,1931640832,119046144,2527838208
2026-07-09T05:54:23.631744,17006837760,16289185792,717651968,4.2,13783203840,1002405888,1931640832,119046144,2527838208
2026-07-09T05:54:24.632078,17006837760,16291119104,715718656,4.2,13785137152,1002405888,1931640832,119046144,2527838208
2026-07-09T05:54:25.632720,17006837760,16297656320,709181440,4.2,13791674368,1002405888,1931640832,119046144,2527838208
2026-07-09T05:54:26.633127,17006837760,16301555712,705282048,4.1,13795557376,1002897408,1931657216,119046144,2527854592
2026-07-09T05:54:27.634189,17006837760,16306110464,700727296,4.1,13800112128,1002897408,1931657216,119046144,2527854592
2026-07-09T05:54:28.634882,17006837760,16299180032,707657728,4.2,13793181696,1002897408,1931657216,119046144,2527854592
2026-07-09T05:54:29.635430,17006837760,16304799744,702038016,4.1,13798801408,1002897408,1931657216,119046144,2527854592
2026-07-09T05:54:30.636015,17006837760,16310730752,696107008,4.1,13804732416,1002897408,1931657216,119046144,2527854592
2026-07-09T05:54:31.637979,17006837760,16316973056,689864704,4.1,13810974720,1002897408,1931657216,119046144,2527854592
2026-07-09T05:54:32.638800,17006837760,16321855488,684982272,4.0,13815857152,1002897408,1931657216,119046144,2527854592
2026-07-09T05:54:33.641558,17006837760,16325951488,680886272,4.0,13819953152,1002897408,1931657216,119046144,2527854592
2026-07-09T05:54:34.642009,17006837760,16323133440,683704320,4.0,13817135104,1002897408,1931657216,119046144,2527854592
2026-07-09T05:54:35.642453,17006837760,16326049792,680787968,4.0,13820051456,1002897408,1931657216,119046144,2527854592
2026-07-09T05:54:36.642947,17006837760,16326361088,680476672,4.0,13820362752,1002897408,1931657216,119046144,2527854592
2026-07-09T05:54:37.643404,17006837760,16330473472,676364288,4.0,13824475136,1002897408,1931657216,119046144,2527854592
2026-07-09T05:54:38.643853,17006837760,16326918144,679919616,4.0,13820919808,1002897408,1931657216,119046144,2527854592
2026-07-09T05:54:39.644546,17006837760,16330489856,676347904,4.0,13824491520,1003044864,1931657216,119046144,2527854592
2026-07-09T05:54:40.645020,17006837760,16333848576,672989184,4.0,13827850240,1003044864,1931657216,119046144,2527854592
2026-07-09T05:54:41.645491,17006837760,16334815232,672022528,4.0,13828816896,1003044864,1931657216,119046144,2527854592
2026-07-09T05:54:42.646940,17006837760,16337813504,669024256,3.9,13831815168,1003044864,1931657216,119046144,2527854592
2026-07-09T05:54:43.647268,17006837760,16339976192,666861568,3.9,13833977856,1003044864,1931657216,119046144,2527854592
2026-07-09T05:54:44.647534,17006837760,16341188608,665649152,3.9,13835190272,1003225088,1931657216,119046144,2527870976
2026-07-09T05:54:45.647803,17006837760,16342695936,664141824,3.9,13836697600,1003225088,1931657216,119046144,2527870976
2026-07-09T05:54:46.648069,17006837760,16341598208,665239552,3.9,13835599872,1003225088,1931657216,119046144,2527870976
2026-07-09T05:54:47.648333,17006837760,16342876160,663961600,3.9,13836877824,1003225088,1931657216,119046144,2527870976
2026-07-09T05:54:48.648858,17006837760,16342302720,664535040,3.9,13836304384,1003225088,1931657216,119046144,2527870976
2026-07-09T05:54:49.649330,17006837760,16344006656,662831104,3.9,13838008320,1003225088,1931657216,119046144,2527870976
2026-07-09T05:54:50.649773,17006837760,16345350144,661487616,3.9,13839351808,1003225088,1931657216,119046144,2527870976
2026-07-09T05:54:51.650354,17006837760,16346710016,660127744,3.9,13840711680,1003225088,1931657216,119046144,2527870976
2026-07-09T05:54:52.650840,17006837760,16340746240,666091520,3.9,13834747904,1003225088,1931657216,119046144,2527870976
2026-07-09T05:54:53.651265,17006837760,16342302720,664535040,3.9,13836304384,1003225088,1931657216,119046144,2527870976
2026-07-09T05:54:54.651545,17006837760,16346087424,660750336,3.9,13840089088,1003225088,1931657216,119046144,2527870976
2026-07-09T05:54:55.651823,17006837760,16348413952,658423808,3.9,13842415616,1003225088,1931657216,119046144,2527870976
2026-07-09T05:54:56.652102,17006837760,16349118464,657719296,3.9,13843120128,1003225088,1931657216,119046144,2527870976
2026-07-09T05:54:57.653051,17006837760,16350052352,656785408,3.9,13844054016,1003225088,1931657216,119046144,2527870976
2026-07-09T05:54:58.653419,17006837760,16349331456,657506304,3.9,13843333120,1003225088,1931657216,119046144,2527870976
2026-07-09T05:54:59.653898,17006837760,16344825856,662011904,3.9,13838827520,1003225088,1931657216,119046144,2527870976
2026-07-09T05:55:00.655311,17006837760,16345759744,661078016,3.9,13839761408,1003225088,1931657216,119046144,2527870976
2026-07-09T05:55:01.656539,17006837760,16346890240,659947520,3.9,13840891904,1003225088,1931657216,119046144,2527870976
2026-07-09T05:55:02.657454,17006837760,16345661440,661176320,3.9,13839663104,1003225088,1931657216,119046144,2527887360
2026-07-09T05:55:03.657731,17006837760,16344694784,662142976,3.9,13838696448,1003225088,1931657216,119046144,2527887360
2026-07-09T05:55:04.658011,17006837760,16345923584,660914176,3.9,13839925248,1003225088,1931657216,119046144,2527887360
2026-07-09T05:55:05.658290,17006837760,16346988544,659849216,3.9,13840990208,1003225088,1931657216,119046144,2527887360
2026-07-09T05:55:06.658569,17006837760,16341450752,665387008,3.9,13835452416,1003225088,1931657216,119046144,2527887360
2026-07-09T05:55:07.658906,17006837760,16342679552,664158208,3.9,13836681216,1003225088,1931657216,119046144,2527887360
2026-07-09T05:55:08.659267,17006837760,16343547904,663289856,3.9,13837549568,1003225088,1931657216,119046144,2527887360
2026-07-09T05:55:09.659628,17006837760,16344645632,662192128,3.9,13838647296,1003405312,1931657216,119046144,2527887360
2026-07-09T05:55:10.660023,17006837760,16344940544,661897216,3.9,13838942208,1003405312,1931657216,119046144,2527887360
2026-07-09T05:55:11.660326,17006837760,16345858048,660979712,3.9,13839859712,1003405312,1931657216,119046144,2527887360
2026-07-09T05:55:12.660601,17006837760,16348577792,658259968,3.9,13842579456,1003405312,1931657216,119046144,2527887360
2026-07-09T05:55:13.660879,17006837760,16349184000,657653760,3.9,13843185664,1003405312,1931657216,119046144,2527887360
2026-07-09T05:55:14.661160,17006837760,16350281728,656556032,3.9,13844283392,1003405312,1931657216,119046144,2527887360
2026-07-09T05:55:15.661451,17006837760,16352346112,654491648,3.8,13846347776,1003405312,1931657216,119046144,2527887360
2026-07-09T05:55:16.661790,17006837760,16351576064,655261696,3.9,13845577728,1003405312,1931657216,119046144,2527887360
2026-07-09T05:55:17.662131,17006837760,16352083968,654753792,3.8,13846085632,1003405312,1931657216,119046144,2527887360
2026-07-09T05:55:18.662485,17006837760,16354000896,652836864,3.8,13848002560,1003405312,1931657216,119046144,2527887360
2026-07-09T05:55:19.662845,17006837760,16352968704,653869056,3.8,13846970368,1003405312,1931657216,119046144,2527903744
2026-07-09T05:55:20.665075,17006837760,16353411072,653426688,3.8,13847363584,1003454464,1931706368,119046144,2527903744
2026-07-09T05:55:21.665417,17006837760,16354754560,652083200,3.8,13848707072,1003454464,1931706368,119046144,2527903744
2026-07-09T05:55:22.665764,17006837760,16355262464,651575296,3.8,13849214976,1003454464,1931706368,119046144,2527903744
2026-07-09T05:55:23.666210,17006837760,16355311616,651526144,3.8,13849264128,1003454464,1931706368,119046144,2527903744
2026-07-09T05:55:24.666600,17006837760,16355540992,651296768,3.8,13849493504,1003454464,1931706368,119046144,2527903744
2026-07-09T05:55:25.666982,17006837760,16355459072,651378688,3.8,13849411584,1003454464,1931706368,119046144,2527903744
2026-07-09T05:55:26.667267,17006837760,16355459072,651378688,3.8,13849411584,1003454464,1931706368,119046144,2527903744
2026-07-09T05:55:27.667617,17006837760,16355213312,651624448,3.8,13849165824,1003454464,1931706368,119046144,2527903744
2026-07-09T05:55:28.667965,17006837760,16354967552,651870208,3.8,13848920064,1003454464,1931706368,119046144,2527903744
2026-07-09T05:55:29.668373,17006837760,16355491840,651345920,3.8,13849444352,1003454464,1931706368,119046144,2527903744
2026-07-09T05:55:30.669599,17006837760,16355983360,650854400,3.8,13849935872,1003454464,1931706368,119046144,2527903744
2026-07-09T05:55:31.669937,17006837760,16356212736,650625024,3.8,13850165248,1003454464,1931706368,119046144,2527903744
2026-07-09T05:55:32.670211,17006837760,16356458496,650379264,3.8,13850411008,1003454464,1931706368,119046144,2527903744
2026-07-09T05:55:33.670494,17006837760,16356704256,650133504,3.8,13850656768,1003454464,1931706368,119046144,2527903744
2026-07-09T05:55:34.670776,17006837760,16356704256,650133504,3.8,13850656768,1003454464,1931706368,119046144,2527903744
2026-07-09T05:55:35.671057,17006837760,16356212736,650625024,3.8,13850165248,1003454464,1931706368,119046144,2527903744
2026-07-09T05:55:36.671385,17006837760,16356458496,650379264,3.8,13850411008,1003454464,1931706368,119046144,2527920128
2026-07-09T05:55:37.671740,17006837760,16356950016,649887744,3.8,13850902528,1003454464,1931706368,119046144,2527920128
2026-07-09T05:55:38.672085,17006837760,16356950016,649887744,3.8,13850902528,1003454464,1931706368,119046144,2527920128
2026-07-09T05:55:39.672463,17006837760,16356769792,650067968,3.8,13850722304,1003454464,1931706368,119046144,2527920128
2026-07-09T05:55:40.672832,17006837760,16356278272,650559488,3.8,13850230784,1003503616,1931706368,119046144,2527920128
2026-07-09T05:55:41.673186,17006837760,16356573184,650264576,3.8,13850525696,1003503616,1931706368,119046144,2527920128
2026-07-09T05:55:42.673558,17006837760,16357048320,649789440,3.8,13851000832,1003503616,1931706368,119046144,2527920128
2026-07-09T05:55:43.673923,17006837760,16356573184,650264576,3.8,13850525696,1003503616,1931706368,119046144,2527920128
2026-07-09T05:55:44.674292,17006837760,16356081664,650756096,3.8,13850034176,1003503616,1931706368,119046144,2527920128
2026-07-09T05:55:45.677502,17006837760,16356065280,650772480,3.8,13850017792,1003503616,1931706368,119046144,2527920128
2026-07-09T05:55:46.677823,17006837760,16357031936,649805824,3.8,13850984448,1003503616,1931706368,119046144,2527920128
2026-07-09T05:55:47.678099,17006837760,16356540416,650297344,3.8,13850492928,1003503616,1931706368,119046144,2527920128
2026-07-09T05:55:48.678376,17006837760,16356540416,650297344,3.8,13850492928,1003503616,1931706368,119046144,2527920128
2026-07-09T05:55:49.678653,17006837760,16357326848,649510912,3.8,13851279360,1003503616,1931706368,119046144,2527920128
2026-07-09T05:55:50.678983,17006837760,16357326848,649510912,3.8,13851279360,1003503616,1931706368,119046144,2527920128
2026-07-09T05:55:51.679326,17006837760,16357326848,649510912,3.8,13851279360,1003503616,1931706368,119046144,2527920128
2026-07-09T05:55:52.679704,17006837760,16356491264,650346496,3.8,13850443776,1003503616,1931706368,119046144,2527936512
2026-07-09T05:55:53.680017,17006837760,16356261888,650575872,3.8,13850214400,1003503616,1931706368,119046144,2527936512
2026-07-09T05:55:54.680368,17006837760,16356261888,650575872,3.8,13850214400,1003503616,1931706368,119046144,2527936512
2026-07-09T05:55:55.680648,17006837760,16356114432,650723328,3.8,13850050560,1003520000,1931722752,119046144,2527936512
2026-07-09T05:55:56.680922,17006837760,16356278272,650559488,3.8,13850214400,1003520000,1931722752,119046144,2527936512
2026-07-09T05:55:57.681268,17006837760,16356278272,650559488,3.8,13850214400,1003520000,1931722752,119046144,2527936512
2026-07-09T05:55:58.685582,17006837760,16354328576,652509184,3.8,13848264704,1003520000,1931722752,119046144,2527936512
2026-07-09T05:55:59.685926,17006837760,16353329152,653508608,3.8,13847265280,1003520000,1931722752,119046144,2527936512
2026-07-09T05:56:00.686204,17006837760,16352395264,654442496,3.8,13846331392,1003520000,1931722752,119046144,2527936512
2026-07-09T05:56:01.686560,17006837760,16351690752,655147008,3.9,13845626880,1003520000,1931722752,119046144,2527936512
2026-07-09T05:56:02.686904,17006837760,16352428032,654409728,3.8,13846364160,1003520000,1931722752,119046144,2527936512
2026-07-09T05:56:03.687181,17006837760,16352886784,653950976,3.8,13846822912,1003520000,1931722752,119046144,2527936512
2026-07-09T05:56:04.687517,17006837760,16354148352,652689408,3.8,13848084480,1003520000,1931722752,119046144,2527936512
2026-07-09T05:56:05.687875,17006837760,16354312192,652525568,3.8,13848248320,1003520000,1931722752,119046144,2527936512
2026-07-09T05:56:06.688180,17006837760,16350216192,656621568,3.9,13844152320,1003520000,1931722752,119046144,2527936512
2026-07-09T05:56:07.688933,17006837760,16347840512,658997248,3.9,13841776640,1003520000,1931722752,119046144,2527936512
2026-07-09T05:56:08.693485,17006837760,16347840512,658997248,3.9,13841776640,1003520000,1931722752,119046144,2527936512
2026-07-09T05:56:09.693804,17006837760,16350199808,656637952,3.9,13844135936,1003520000,1931722752,119046144,2527952896
2026-07-09T05:56:10.694082,17006837760,16350085120,656752640,3.9,13844021248,1003520000,1931722752,119046144,2527952896
2026-07-09T05:56:11.694418,17006837760,16350756864,656080896,3.9,13844676608,1003716608,1931739136,119062528,2527952896
2026-07-09T05:56:12.697492,17006837760,16351903744,654934016,3.9,13845823488,1003716608,1931739136,119062528,2527952896
2026-07-09T05:56:13.697816,17006837760,16351526912,655310848,3.9,13845446656,1003716608,1931739136,119062528,2527952896
2026-07-09T05:56:14.698093,17006837760,16351789056,655048704,3.9,13845708800,1003716608,1931739136,119062528,2527952896
2026-07-09T05:56:15.698370,17006837760,16353230848,653606912,3.8,13847150592,1003716608,1931739136,119062528,2527952896
2026-07-09T05:56:16.698645,17006837760,16354230272,652607488,3.8,13848150016,1003716608,1931739136,119062528,2527952896
2026-07-09T05:56:17.698964,17006837760,16354213888,652623872,3.8,13848133632,1003716608,1931739136,119062528,2527952896
2026-07-09T05:56:18.699293,17006837760,16354803712,652034048,3.8,13848723456,1003716608,1931739136,119062528,2527952896
2026-07-09T05:56:19.699654,17006837760,16354852864,651984896,3.8,13848772608,1003716608,1931739136,119062528,2527952896
2026-07-09T05:56:20.699968,17006837760,16355328000,651509760,3.8,13849247744,1003716608,1931739136,119062528,2527952896
2026-07-09T05:56:21.700245,17006837760,16355639296,651198464,3.8,13849559040,1003716608,1931739136,119062528,2527952896
2026-07-09T05:56:22.700523,17006837760,16355393536,651444224,3.8,13849313280,1003716608,1931739136,119062528,2527952896
2026-07-09T05:56:23.700798,17006837760,16354902016,651935744,3.8,13848821760,1003716608,1931739136,119062528,2527952896
2026-07-09T05:56:24.701129,17006837760,16354902016,651935744,3.8,13848821760,1003716608,1931739136,119062528,2527952896
2026-07-09T05:56:25.701484,17006837760,16354754560,652083200,3.8,13848674304,1003716608,1931739136,119062528,2527969280
2026-07-09T05:56:26.701823,17006837760,16354787328,652050432,3.8,13848674304,1003782144,1931771904,119062528,2527969280
2026-07-09T05:56:27.702115,17006837760,16354787328,652050432,3.8,13848674304,1003782144,1931771904,119062528,2527969280
2026-07-09T05:56:28.702389,17006837760,16354934784,651902976,3.8,13848821760,1003782144,1931771904,119062528,2527969280
2026-07-09T05:56:29.702666,17006837760,16355229696,651608064,3.8,13849116672,1003782144,1931771904,119062528,2527969280
2026-07-09T05:56:30.702944,17006837760,16355459072,651378688,3.8,13849346048,1003782144,1931771904,119062528,2527969280
2026-07-09T05:56:31.703222,17006837760,16355868672,650969088,3.8,13849755648,1003782144,1931771904,119062528,2527969280
2026-07-09T05:56:32.703501,17006837760,16356442112,650395648,3.8,13850329088,1003782144,1931771904,119062528,2527969280
2026-07-09T05:56:33.703777,17006837760,16356442112,650395648,3.8,13850329088,1003782144,1931771904,119062528,2527969280
2026-07-09T05:56:34.704050,17006837760,16355475456,651362304,3.8,13849362432,1003782144,1931771904,119062528,2527969280
2026-07-09T05:56:35.704323,17006837760,16355704832,651132928,3.8,13849591808,1003782144,1931771904,119062528,2527969280
2026-07-09T05:56:36.704596,17006837760,16355704832,651132928,3.8,13849591808,1003782144,1931771904,119062528,2527969280
2026-07-09T05:56:37.704924,17006837760,16356425728,650412032,3.8,13850312704,1003782144,1931771904,119062528,2527969280
2026-07-09T05:56:38.705297,17006837760,16355442688,651395072,3.8,13849329664,1003782144,1931771904,119062528,2527969280
2026-07-09T05:56:39.705648,17006837760,16354951168,651886592,3.8,13848838144,1003782144,1931771904,119062528,2527969280
2026-07-09T05:56:40.706000,17006837760,16355934208,650903552,3.8,13849821184,1003782144,1931771904,119062528,2527969280
2026-07-09T05:56:41.706297,17006837760,16356179968,650657792,3.8,13850066944,1003978752,1931771904,119062528,2527969280
2026-07-09T05:56:42.706572,17006837760,16355688448,651149312,3.8,13849575424,1003978752,1931771904,119062528,2527969280
2026-07-09T05:56:43.706842,17006837760,16355442688,651395072,3.8,13849329664,1003978752,1931771904,119062528,2527985664
2026-07-09T05:56:44.707116,17006837760,16351985664,654852096,3.9,13845872640,1003978752,1931771904,119062528,2527985664
2026-07-09T05:56:45.707388,17006837760,16352067584,654770176,3.9,13845954560,1003978752,1931771904,119062528,2527985664
2026-07-09T05:56:46.707720,17006837760,16351559680,655278080,3.9,13845446656,1003978752,1931771904,119062528,2527985664
2026-07-09T05:56:47.708076,17006837760,16351477760,655360000,3.9,13845364736,1003978752,1931771904,119062528,2527985664
2026-07-09T05:56:48.708407,17006837760,16352083968,654753792,3.8,13845970944,1003978752,1931771904,119062528,2527985664
2026-07-09T05:56:49.708787,17006837760,16353607680,653230080,3.8,13847494656,1003978752,1931771904,119062528,2527985664
2026-07-09T05:56:50.709222,17006837760,16346808320,660029440,3.9,13840695296,1003978752,1931771904,119062528,2527985664
2026-07-09T05:56:51.709566,17006837760,16344039424,662798336,3.9,13837926400,1004994560,1931771904,119062528,2527985664
2026-07-09T05:56:52.709843,17006837760,16344989696,661848064,3.9,13838876672,1004994560,1931771904,119062528,2527985664
2026-07-09T05:56:53.710127,17006837760,16345432064,661405696,3.9,13839319040,1004994560,1931771904,119062528,2527985664
2026-07-09T05:56:54.710401,17006837760,16345366528,661471232,3.9,13839253504,1004994560,1931771904,119062528,2527985664
2026-07-09T05:56:55.710671,17006837760,16346939392,659898368,3.9,13840826368,1004994560,1931771904,119062528,2527985664
2026-07-09T05:56:56.710976,17006837760,16347168768,659668992,3.9,13841055744,1004994560,1931771904,119062528,2527985664
2026-07-09T05:56:57.711264,17006837760,16346349568,660488192,3.9,13840236544,1004994560,1931771904,119062528,2527985664
2026-07-09T05:56:58.711539,17006837760,16347725824,659111936,3.9,13841612800,1004994560,1931771904,119062528,2527985664
2026-07-09T05:56:59.711866,17006837760,16347807744,659030016,3.9,13841694720,1004994560,1931771904,119062528,2528002048
2026-07-09T05:57:00.712140,17006837760,16348250112,658587648,3.9,13842137088,1004994560,1931771904,119062528,2528002048
2026-07-09T05:57:01.712414,17006837760,16348872704,657965056,3.9,13842759680,1004994560,1931771904,119062528,2528002048
2026-07-09T05:57:02.712751,17006837760,16350085120,656752640,3.9,13843972096,1005043712,1931771904,119062528,2528002048
2026-07-09T05:57:03.713098,17006837760,16350265344,656572416,3.9,13844152320,1005043712,1931771904,119062528,2528002048
2026-07-09T05:57:04.713552,17006837760,16351395840,655441920,3.9,13845282816,1005043712,1931771904,119062528,2528002048
2026-07-09T05:57:05.714057,17006837760,16352231424,654606336,3.8,13846118400,1005043712,1931771904,119062528,2528002048
2026-07-09T05:57:06.714614,17006837760,16352509952,654327808,3.8,13846396928,1005043712,1931771904,119062528,2528002048
2026-07-09T05:57:07.714954,17006837760,16352772096,654065664,3.8,13846659072,1005043712,1931771904,119062528,2528002048
2026-07-09T05:57:08.715254,17006837760,16353263616,653574144,3.8,13847150592,1005043712,1931771904,119062528,2528002048
2026-07-09T05:57:09.715529,17006837760,16352755712,654082048,3.8,13846642688,1005043712,1931771904,119062528,2528002048
2026-07-09T05:57:10.715798,17006837760,16353263616,653574144,3.8,13847150592,1005043712,1931771904,119062528,2528002048
2026-07-09T05:57:11.716193,17006837760,16353738752,653099008,3.8,13847625728,1005043712,1931771904,119062528,2528002048
2026-07-09T05:57:12.716544,17006837760,16353984512,652853248,3.8,13847871488,1005043712,1931771904,119062528,2528002048
2026-07-09T05:57:13.717026,17006837760,16353984512,652853248,3.8,13847871488,1005043712,1931771904,119062528,2528002048
2026-07-09T05:57:14.717567,17006837760,16354476032,652361728,3.8,13848363008,1005043712,1931771904,119062528,2528002048
2026-07-09T05:57:15.717847,17006837760,16355196928,651640832,3.8,13849083904,1005043712,1931771904,119062528,2528002048
2026-07-09T05:57:16.718129,17006837760,16352985088,653852672,3.8,13846872064,1005043712,1931771904,119062528,2528018432
2026-07-09T05:57:17.718473,17006837760,16353001472,653836288,3.8,13846888448,1005043712,1931771904,119062528,2528018432
2026-07-09T05:57:18.718816,17006837760,16353001472,653836288,3.8,13846888448,1005043712,1931771904,119062528,2528018432
2026-07-09T05:57:19.719230,17006837760,16352985088,653852672,3.8,13846872064,1005043712,1931771904,119062528,2528018432
2026-07-09T05:57:20.719581,17006837760,16353722368,653115392,3.8,13847609344,1005043712,1931771904,119062528,2528018432
2026-07-09T05:57:21.719934,17006837760,16351510528,655327232,3.9,13845397504,1005043712,1931771904,119062528,2528018432
2026-07-09T05:57:22.720282,17006837760,16351887360,654950400,3.9,13845774336,1005043712,1931771904,119062528,2528018432
2026-07-09T05:57:23.720638,17006837760,16351952896,654884864,3.9,13845839872,1005043712,1931771904,119062528,2528018432
2026-07-09T05:57:24.720992,17006837760,16350429184,656408576,3.9,13844316160,1005043712,1931771904,119062528,2528018432
2026-07-09T05:57:25.721366,17006837760,16350740480,656097280,3.9,13844627456,1005043712,1931771904,119062528,2528018432
2026-07-09T05:57:26.721720,17006837760,16342974464,663863296,3.9,13836861440,1005043712,1931771904,119062528,2528018432
2026-07-09T05:57:27.722078,17006837760,16343023616,663814144,3.9,13836910592,1005043712,1931771904,119062528,2528018432
2026-07-09T05:57:28.722424,17006837760,16343203840,663633920,3.9,13837090816,1005043712,1931771904,119062528,2528018432
2026-07-09T05:57:29.722777,17006837760,16344285184,662552576,3.9,13838172160,1005043712,1931771904,119062528,2528018432
2026-07-09T05:57:30.723086,17006837760,16345432064,661405696,3.9,13839319040,1005043712,1931771904,119062528,2528018432
2026-07-09T05:57:31.723369,17006837760,16346726400,660111360,3.9,13840613376,1005043712,1931771904,119062528,2528018432
2026-07-09T05:57:32.723645,17006837760,16346824704,660013056,3.9,13840711680,1005043712,1931771904,119062528,2528018432
2026-07-09T05:57:33.723992,17006837760,16347316224,659521536,3.9,13841203200,1005043712,1931771904,119062528,2528018432
2026-07-09T05:57:34.724359,17006837760,16346759168,660078592,3.9,13840646144,1005043712,1931771904,119062528,2528034816
2026-07-09T05:57:35.724763,17006837760,16347873280,658964480,3.9,13841760256,1005043712,1931771904,119062528,2528034816
2026-07-09T05:57:36.725100,17006837760,16347463680,659374080,3.9,13841350656,1005043712,1931771904,119062528,2528034816
2026-07-09T05:57:37.725379,17006837760,16348741632,658096128,3.9,13842628608,1005043712,1931771904,119062528,2528034816
2026-07-09T05:57:38.725655,17006837760,16349282304,657555456,3.9,13843136512,1005158400,1931804672,119062528,2528034816
2026-07-09T05:57:39.725931,17006837760,16349757440,657080320,3.9,13843611648,1005158400,1931804672,119062528,2528034816
2026-07-09T05:57:40.726208,17006837760,16351428608,655409152,3.9,13845282816,1005158400,1931804672,119062528,2528034816
2026-07-09T05:57:41.726606,17006837760,16352067584,654770176,3.9,13845921792,1005158400,1931804672,119062528,2528034816
2026-07-09T05:57:42.727135,17006837760,16349265920,657571840,3.9,13843120128,1005158400,1931804672,119062528,2528034816
2026-07-09T05:57:43.727677,17006837760,16350527488,656310272,3.9,13844381696,1005158400,1931804672,119062528,2528034816
2026-07-09T05:57:44.728268,17006837760,16351281152,655556608,3.9,13845135360,1005158400,1931804672,119062528,2528034816
2026-07-09T05:57:45.728686,17006837760,16348004352,658833408,3.9,13841858560,1005158400,1931804672,119062528,2528034816
2026-07-09T05:57:46.729311,17006837760,16346660864,660176896,3.9,13840515072,1005158400,1931804672,119062528,2528034816
2026-07-09T05:57:47.729869,17006837760,16348266496,658571264,3.9,13842120704,1005158400,1931804672,119062528,2528034816
2026-07-09T05:57:48.730143,17006837760,16348856320,657981440,3.9,13842710528,1005158400,1931804672,119062528,2528051200
2026-07-09T05:57:49.730497,17006837760,16348594176,658243584,3.9,13842448384,1005158400,1931804672,119062528,2528051200
2026-07-09T05:57:50.730849,17006837760,16349593600,657244160,3.9,13843447808,1005158400,1931804672,119062528,2528051200
2026-07-09T05:57:51.731279,17006837760,16349822976,657014784,3.9,13843677184,1005158400,1931804672,119062528,2528051200
2026-07-09T05:57:52.731598,17006837760,16350855168,655982592,3.9,13844709376,1005158400,1931804672,119062528,2528051200
2026-07-09T05:57:53.731871,17006837760,16351068160,655769600,3.9,13844922368,1005158400,1931804672,119062528,2528051200
2026-07-09T05:57:54.732146,17006837760,16351526912,655310848,3.9,13845381120,1005158400,1931804672,119062528,2528051200
2026-07-09T05:57:55.732418,17006837760,16352264192,654573568,3.8,13846118400,1005158400,1931804672,119062528,2528051200
2026-07-09T05:57:56.732695,17006837760,16344399872,662437888,3.9,13838254080,1005158400,1931804672,119062528,2528051200
2026-07-09T05:57:57.733026,17006837760,16344612864,662224896,3.9,13838467072,1005158400,1931804672,119062528,2528051200
2026-07-09T05:57:58.733329,17006837760,16345153536,661684224,3.9,13839007744,1005158400,1931804672,119062528,2528051200
2026-07-09T05:57:59.733602,17006837760,16344432640,662405120,3.9,13838286848,1005158400,1931804672,119062528,2528051200
2026-07-09T05:58:00.733886,17006837760,16345481216,661356544,3.9,13839335424,1005158400,1931804672,119062528,2528051200
2026-07-09T05:58:01.734164,17006837760,16346857472,659980288,3.9,13840711680,1005158400,1931804672,119062528,2528051200
2026-07-09T05:58:02.734437,17006837760,16347922432,658915328,3.9,13841776640,1005158400,1931804672,119062528,2528051200
2026-07-09T05:58:03.737536,17006837760,16348332032,658505728,3.9,13842186240,1005158400,1931804672,119062528,2528051200
2026-07-09T05:58:04.737922,17006837760,16348577792,658259968,3.9,13842432000,1005158400,1931804672,119062528,2528051200
2026-07-09T05:58:05.738315,17006837760,16349003776,657833984,3.9,13842857984,1005158400,1931804672,119062528,2528067584
2026-07-09T05:58:06.738627,17006837760,16350117888,656719872,3.9,13843972096,1005158400,1931804672,119062528,2528067584
2026-07-09T05:58:07.738901,17006837760,16350101504,656736256,3.9,13843955712,1005158400,1931804672,119062528,2528067584
2026-07-09T05:58:08.739170,17006837760,16350658560,656179200,3.9,13844512768,1005158400,1931804672,119062528,2528067584
2026-07-09T05:58:09.739490,17006837760,16351428608,655409152,3.9,13845282816,1005158400,1931804672,119062528,2528067584
2026-07-09T05:58:10.740168,17006837760,16351936512,654901248,3.9,13845790720,1005158400,1931804672,119062528,2528067584
2026-07-09T05:58:11.741480,17006837760,16351936512,654901248,3.9,13845790720,1005158400,1931804672,119062528,2528067584
2026-07-09T05:58:12.741792,17006837760,16353067008,653770752,3.8,13846921216,1005158400,1931804672,119062528,2528067584
2026-07-09T05:58:13.742066,17006837760,16353722368,653115392,3.8,13847576576,1005158400,1931804672,119062528,2528067584
2026-07-09T05:58:14.742341,17006837760,16353918976,652918784,3.8,13847724032,1005256704,1931853824,119062528,2528067584
2026-07-09T05:58:15.742657,17006837760,16353558528,653279232,3.8,13847363584,1005256704,1931853824,119062528,2528067584
2026-07-09T05:58:16.743006,17006837760,16344449024,662388736,3.9,13838254080,1005256704,1931853824,119062528,2528067584
2026-07-09T05:58:17.743341,17006837760,16345006080,661831680,3.9,13838811136,1005256704,1931853824,119062528,2528067584
2026-07-09T05:58:18.743691,17006837760,16345726976,661110784,3.9,13839532032,1005256704,1931853824,119062528,2528067584
2026-07-09T05:58:19.744029,17006837760,16346857472,659980288,3.9,13840662528,1005256704,1931853824,119062528,2528067584
2026-07-09T05:58:20.744357,17006837760,16347398144,659439616,3.9,13841203200,1005256704,1931853824,119062528,2528083968
2026-07-09T05:58:21.744649,17006837760,16343859200,662978560,3.9,13837664256,1005256704,1931853824,119062528,2528083968
2026-07-09T05:58:22.744924,17006837760,16344956928,661880832,3.9,13838761984,1005256704,1931853824,119062528,2528083968
2026-07-09T05:58:23.745200,17006837760,16344924160,661913600,3.9,13838729216,1005256704,1931853824,119062528,2528083968
2026-07-09T05:58:24.745486,17006837760,16345956352,660881408,3.9,13839761408,1005256704,1931853824,119062528,2528083968
2026-07-09T05:58:25.745756,17006837760,16345972736,660865024,3.9,13839777792,1005256704,1931853824,119062528,2528083968
2026-07-09T05:58:26.746071,17006837760,16346218496,660619264,3.9,13840023552,1005256704,1931853824,119062528,2528083968
2026-07-09T05:58:27.746399,17006837760,16347119616,659718144,3.9,13840924672,1005256704,1931853824,119062528,2528083968
2026-07-09T05:58:28.746747,17006837760,16347086848,659750912,3.9,13840891904,1005256704,1931853824,119062528,2528083968
2026-07-09T05:58:29.747098,17006837760,16348119040,658718720,3.9,13841924096,1005256704,1931853824,119062528,2528083968
2026-07-09T05:58:30.747442,17006837760,16349298688,657539072,3.9,13843103744,1005256704,1931853824,119062528,2528083968
2026-07-09T05:58:31.747774,17006837760,16348200960,658636800,3.9,13842006016,1005256704,1931853824,119062528,2528083968
2026-07-09T05:58:32.748121,17006837760,16348971008,657866752,3.9,13842776064,1005256704,1931853824,119062528,2528083968
2026-07-09T05:58:33.748476,17006837760,16349446144,657391616,3.9,13843251200,1005256704,1931853824,119062528,2528083968
2026-07-09T05:58:34.748838,17006837760,16349118464,657719296,3.9,13842923520,1005256704,1931853824,119062528,2528083968
2026-07-09T05:58:35.749193,17006837760,16350085120,656752640,3.9,13843890176,1005256704,1931853824,119062528,2528083968
2026-07-09T05:58:36.749607,17006837760,16351199232,655638528,3.9,13845004288,1005256704,1931853824,119062528,2528083968
2026-07-09T05:58:37.752443,17006837760,16351854592,654983168,3.9,13845659648,1005256704,1931853824,119062528,2528083968
2026-07-09T05:58:38.752752,17006837760,16351117312,655720448,3.9,13844922368,1005256704,1931853824,119062528,2528100352
2026-07-09T05:58:39.753031,17006837760,16351117312,655720448,3.9,13844922368,1005256704,1931853824,119062528,2528100352
2026-07-09T05:58:40.753320,17006837760,16351821824,655015936,3.9,13845626880,1005256704,1931853824,119062528,2528100352
2026-07-09T05:58:41.753647,17006837760,16352067584,654770176,3.9,13845872640,1005256704,1931853824,119062528,2528100352
2026-07-09T05:58:42.754005,17006837760,16352559104,654278656,3.8,13846364160,1005256704,1931853824,119062528,2528100352
2026-07-09T05:58:43.754362,17006837760,16332374016,674463744,4.0,13826179072,1005256704,1931853824,119062528,2528100352
2026-07-09T05:58:44.754767,17006837760,16330227712,676610048,4.0,13824032768,1005256704,1931853824,119062528,2528100352
2026-07-09T05:58:45.755112,17006837760,16331505664,675332096,4.0,13825294336,1005289472,1931870208,119062528,2528100352
2026-07-09T05:58:46.755454,17006837760,16333946880,672890880,4.0,13827735552,1005289472,1931870208,119062528,2528100352
2026-07-09T05:58:47.755795,17006837760,16336158720,670679040,3.9,13829947392,1005289472,1931870208,119062528,2528100352
2026-07-09T05:58:48.756072,17006837760,16337698816,669138944,3.9,13831487488,1005289472,1931870208,119062528,2528100352
2026-07-09T05:58:49.756384,17006837760,16340484096,666353664,3.9,13834272768,1005289472,1931870208,119062528,2528100352
2026-07-09T05:58:50.756717,17006837760,16343302144,663535616,3.9,13837074432,1005731840,1931886592,119062528,2528100352
2026-07-09T05:58:51.757065,17006837760,16345415680,661422080,3.9,13839187968,1005731840,1931886592,119062528,2528100352
2026-07-09T05:58:52.757498,17006837760,16346333184,660504576,3.9,13840105472,1005731840,1931886592,119062528,2528100352
2026-07-09T05:58:53.757840,17006837760,16339779584,667058176,3.9,13833551872,1005731840,1931886592,119062528,2528100352
2026-07-09T05:58:54.758186,17006837760,16341958656,664879104,3.9,13835730944,1005731840,1931886592,119062528,2528100352
2026-07-09T05:58:55.758507,17006837760,16343154688,663683072,3.9,13836926976,1005731840,1931886592,119062528,2528116736
2026-07-09T05:58:56.758840,17006837760,16344940544,661897216,3.9,13838712832,1005731840,1931886592,119062528,2528116736
2026-07-09T05:58:57.759235,17006837760,16345186304,661651456,3.9,13838958592,1005731840,1931886592,119062528,2528116736
2026-07-09T05:58:58.759563,17006837760,16339025920,667811840,3.9,13832798208,1005731840,1931886592,119062528,2528116736
2026-07-09T05:58:59.759845,17006837760,16334389248,672448512,4.0,13828161536,1005731840,1931886592,119062528,2528116736
2026-07-09T05:59:00.760125,17006837760,16334635008,672202752,4.0,13828407296,1005731840,1931886592,119062528,2528116736
2026-07-09T05:59:01.760409,17006837760,16335798272,671039488,3.9,13829570560,1005731840,1931886592,119062528,2528116736
2026-07-09T05:59:02.760691,17006837760,16335601664,671236096,3.9,13829373952,1005731840,1931886592,119062528,2528116736
2026-07-09T05:59:03.761065,17006837760,16337944576,668893184,3.9,13831716864,1005731840,1931886592,119062528,2528116736
2026-07-09T05:59:04.761417,17006837760,16338354176,668483584,3.9,13832126464,1005731840,1931886592,119062528,2528116736
2026-07-09T05:59:05.761712,17006837760,16340844544,665993216,3.9,13834616832,1005731840,1931886592,119062528,2528116736
2026-07-09T05:59:06.761995,17006837760,16341794816,665042944,3.9,13835567104,1005731840,1931886592,119062528,2528116736
2026-07-09T05:59:07.762281,17006837760,16343941120,662896640,3.9,13837713408,1005731840,1931886592,119062528,2528116736
2026-07-09T05:59:08.762563,17006837760,16341106688,665731072,3.9,13834878976,1005731840,1931886592,119062528,2528116736
2026-07-09T05:59:09.762842,17006837760,16341598208,665239552,3.9,13835370496,1005731840,1931886592,119062528,2528116736
2026-07-09T05:59:10.763224,17006837760,16336863232,669974528,3.9,13830635520,1005731840,1931886592,119062528,2528116736
2026-07-09T05:59:11.763553,17006837760,16337895424,668942336,3.9,13831667712,1005731840,1931886592,119062528,2528133120
2026-07-09T05:59:12.763969,17006837760,16339845120,666992640,3.9,13833617408,1005731840,1931886592,119062528,2528133120
2026-07-09T05:59:13.764484,17006837760,16341745664,665092096,3.9,13835517952,1005731840,1931886592,119062528,2528133120
2026-07-09T05:59:14.764783,17006837760,16338075648,668762112,3.9,13831847936,1005731840,1931886592,119062528,2528133120
2026-07-09T05:59:15.765115,17006837760,16339943424,666894336,3.9,13833699328,1005748224,1931902976,119062528,2528133120
2026-07-09T05:59:16.765475,17006837760,16336486400,670351360,3.9,13830242304,1005748224,1931902976,119062528,2528133120
2026-07-09T05:59:17.765757,17006837760,16338010112,668827648,3.9,13831766016,1005748224,1931902976,119062528,2528133120
2026-07-09T05:59:18.766039,17006837760,16337731584,669106176,3.9,13831487488,1005748224,1931902976,119062528,2528133120
2026-07-09T05:59:19.766380,17006837760,16339828736,667009024,3.9,13833584640,1005748224,1931902976,119062528,2528133120
2026-07-09T05:59:20.766771,17006837760,16341401600,665436160,3.9,13835157504,1005748224,1931902976,119062528,2528133120
2026-07-09T05:59:21.767292,17006837760,16342466560,664371200,3.9,13836222464,1005748224,1931902976,119062528,2528133120
2026-07-09T05:59:22.767571,17006837760,16343384064,663453696,3.9,13837139968,1005748224,1931902976,119062528,2528133120
2026-07-09T05:59:23.767850,17006837760,16344399872,662437888,3.9,13838155776,1005748224,1931902976,119062528,2528133120
2026-07-09T05:59:24.768125,17006837760,16345546752,661291008,3.9,13839302656,1005748224,1931902976,119062528,2528133120
2026-07-09T05:59:25.768401,17006837760,16346710016,660127744,3.9,13840465920,1005748224,1931902976,119062528,2528133120
2026-07-09T05:59:26.768777,17006837760,16345890816,660946944,3.9,13839646720,1005748224,1931902976,119062528,2528133120
2026-07-09T05:59:27.769074,17006837760,16346480640,660357120,3.9,13840236544,1005748224,1931902976,119062528,2528133120
2026-07-09T05:59:28.769421,17006837760,16339877888,666959872,3.9,13833633792,1005748224,1931902976,119062528,2528149504
2026-07-09T05:59:29.769779,17006837760,16340795392,666042368,3.9,13834551296,1005748224,1931902976,119062528,2528149504
2026-07-09T05:59:30.770129,17006837760,16341041152,665796608,3.9,13834797056,1005748224,1931902976,119062528,2528149504
2026-07-09T05:59:31.770473,17006837760,16343154688,663683072,3.9,13836910592,1005748224,1931902976,119062528,2528149504
2026-07-09T05:59:32.770786,17006837760,16344498176,662339584,3.9,13838254080,1005748224,1931902976,119062528,2528149504
2026-07-09T05:59:33.771117,17006837760,16345726976,661110784,3.9,13839482880,1005748224,1931902976,119062528,2528149504
2026-07-09T05:59:34.771490,17006837760,16347709440,659128320,3.9,13841465344,1005748224,1931902976,119062528,2528149504
2026-07-09T05:59:35.771908,17006837760,16348692480,658145280,3.9,13842448384,1005748224,1931902976,119062528,2528149504
2026-07-09T05:59:36.772684,17006837760,16349167616,657670144,3.9,13842923520,1005748224,1931902976,119062528,2528149504
2026-07-09T05:59:37.773010,17006837760,16349167616,657670144,3.9,13842923520,1005748224,1931902976,119062528,2528149504
2026-07-09T05:59:38.773300,17006837760,16349790208,657047552,3.9,13843546112,1005748224,1931902976,119062528,2528149504
2026-07-09T05:59:39.773642,17006837760,16351248384,655589376,3.9,13845004288,1005748224,1931902976,119062528,2528149504
2026-07-09T05:59:40.773992,17006837760,16351756288,655081472,3.9,13845512192,1005748224,1931902976,119062528,2528149504
2026-07-09T05:59:41.774393,17006837760,16351756288,655081472,3.9,13845512192,1005748224,1931902976,119062528,2528149504
2026-07-09T05:59:42.774779,17006837760,16352133120,654704640,3.8,13845889024,1005748224,1931902976,119062528,2528149504
2026-07-09T05:59:43.775059,17006837760,16351903744,654934016,3.9,13845659648,1005748224,1931902976,119062528,2528149504
2026-07-09T05:59:44.775402,17006837760,16351395840,655441920,3.9,13845151744,1005748224,1931902976,119062528,2528149504
2026-07-09T05:59:45.775675,17006837760,16351051776,655785984,3.9,13844807680,1005748224,1931902976,119062528,2528165888
2026-07-09T05:59:46.775951,17006837760,16351379456,655458304,3.9,13845102592,1006010368,1931935744,119062528,2528165888
2026-07-09T05:59:47.776314,17006837760,16351379456,655458304,3.9,13845102592,1006010368,1931935744,119062528,2528165888
2026-07-09T05:59:48.776650,17006837760,16352116736,654721024,3.8,13845839872,1006010368,1931935744,119062528,2528165888
2026-07-09T05:59:49.776942,17006837760,16353312768,653524992,3.8,13847035904,1006010368,1931935744,119062528,2528165888
2026-07-09T05:59:50.777212,17006837760,16353067008,653770752,3.8,13846790144,1006010368,1931935744,119062528,2528165888
2026-07-09T05:59:51.777494,17006837760,16353034240,653803520,3.8,13846757376,1006010368,1931935744,119062528,2528165888
2026-07-09T05:59:52.777764,17006837760,16353067008,653770752,3.8,13846790144,1006010368,1931935744,119062528,2528165888
2026-07-09T05:59:53.778038,17006837760,16352821248,654016512,3.8,13846544384,1006010368,1931935744,119062528,2528165888
2026-07-09T05:59:54.778351,17006837760,16352821248,654016512,3.8,13846544384,1006010368,1931935744,119062528,2528165888
2026-07-09T05:59:55.778719,17006837760,16353705984,653131776,3.8,13847429120,1006010368,1931935744,119062528,2528165888
2026-07-09T05:59:56.779841,17006837760,16354426880,652410880,3.8,13848150016,1006010368,1931935744,119062528,2528165888
2026-07-09T05:59:57.780746,17006837760,16354426880,652410880,3.8,13848150016,1006010368,1931935744,119062528,2528165888
2026-07-09T05:59:58.781077,17006837760,16352952320,653885440,3.8,13846675456,1006010368,1931935744,119062528,2528165888
2026-07-09T05:59:59.781362,17006837760,16352952320,653885440,3.8,13846675456,1006010368,1931935744,119062528,2528165888
2026-07-09T06:00:00.781680,17006837760,16353705984,653131776,3.8,13847429120,1006010368,1931935744,119062528,2528165888
2026-07-09T06:00:01.782011,17006837760,16352952320,653885440,3.8,13846675456,1006026752,1931935744,119062528,2528182272
2026-07-09T06:00:02.782423,17006837760,16352460800,654376960,3.8,13846183936,1006026752,1931935744,119062528,2528182272
2026-07-09T06:00:03.782833,17006837760,16351444992,655392768,3.9,13845168128,1006026752,1931935744,119062528,2528182272
2026-07-09T06:00:04.783173,17006837760,16350756864,656080896,3.9,13844480000,1006026752,1931935744,119062528,2528182272
2026-07-09T06:00:05.783505,17006837760,16351559680,655278080,3.9,13845282816,1006026752,1931935744,119062528,2528182272
2026-07-09T06:00:06.783843,17006837760,16351821824,655015936,3.9,13845544960,1006026752,1931935744,119062528,2528182272
2026-07-09T06:00:07.784178,17006837760,16352591872,654245888,3.8,13846315008,1006026752,1931935744,119062528,2528182272
2026-07-09T06:00:08.784523,17006837760,16352706560,654131200,3.8,13846429696,1006026752,1931935744,119062528,2528182272
2026-07-09T06:00:09.784910,17006837760,16352706560,654131200,3.8,13846429696,1006026752,1931935744,119062528,2528182272
2026-07-09T06:00:10.785262,17006837760,16353001472,653836288,3.8,13846724608,1006026752,1931935744,119062528,2528182272
2026-07-09T06:00:11.785596,17006837760,16353034240,653803520,3.8,13846757376,1006026752,1931935744,119062528,2528182272
2026-07-09T06:00:12.785928,17006837760,16353263616,653574144,3.8,13846986752,1006026752,1931935744,119062528,2528182272
2026-07-09T06:00:13.786315,17006837760,16354000896,652836864,3.8,13847724032,1006026752,1931935744,119062528,2528182272
2026-07-09T06:00:14.786653,17006837760,16353755136,653082624,3.8,13847478272,1006026752,1931935744,119062528,2528182272
2026-07-09T06:00:15.786992,17006837760,16353263616,653574144,3.8,13846986752,1006026752,1931935744,119062528,2528182272
2026-07-09T06:00:16.787323,17006837760,16352903168,653934592,3.8,13846626304,1006026752,1931935744,119062528,2528182272
2026-07-09T06:00:17.787931,17006837760,16353329152,653508608,3.8,13846986752,1006092288,1932001280,119062528,2528182272
2026-07-09T06:00:18.788710,17006837760,16353574912,653262848,3.8,13847232512,1006092288,1932001280,119062528,2528182272
2026-07-09T06:00:19.789330,17006837760,16352296960,654540800,3.8,13845954560,1006092288,1932001280,119062528,2528198656
2026-07-09T06:00:20.789702,17006837760,16344498176,662339584,3.9,13838155776,1006092288,1932001280,119062528,2528198656
2026-07-09T06:00:21.790015,17006837760,16345710592,661127168,3.9,13839368192,1006092288,1932001280,119062528,2528198656
2026-07-09T06:00:22.790294,17006837760,16345890816,660946944,3.9,13839548416,1006092288,1932001280,119062528,2528198656
2026-07-09T06:00:23.790621,17006837760,16346988544,659849216,3.9,13840646144,1006092288,1932001280,119062528,2528198656
2026-07-09T06:00:24.790953,17006837760,16347840512,658997248,3.9,13841498112,1006092288,1932001280,119062528,2528198656
2026-07-09T06:00:25.791282,17006837760,16349167616,657670144,3.9,13842825216,1006092288,1932001280,119062528,2528198656
2026-07-09T06:00:26.791571,17006837760,16349806592,657031168,3.9,13843464192,1006092288,1932001280,119062528,2528198656
2026-07-09T06:00:27.791844,17006837760,16350248960,656588800,3.9,13843906560,1006092288,1932001280,119062528,2528198656
2026-07-09T06:00:28.792116,17006837760,16346857472,659980288,3.9,13840515072,1006092288,1932001280,119062528,2528198656
2026-07-09T06:00:29.792461,17006837760,16347414528,659423232,3.9,13841072128,1006092288,1932001280,119062528,2528198656
2026-07-09T06:00:30.792805,17006837760,16345186304,661651456,3.9,13838843904,1006092288,1932001280,119062528,2528198656
2026-07-09T06:00:31.793196,17006837760,16345776128,661061632,3.9,13839433728,1006092288,1932001280,119062528,2528198656
2026-07-09T06:00:32.793549,17006837760,16347693056,659144704,3.9,13841350656,1006092288,1932001280,119062528,2528198656
2026-07-09T06:00:33.793922,17006837760,16348299264,658538496,3.9,13841956864,1006092288,1932001280,119062528,2528198656
2026-07-09T06:00:34.794279,17006837760,16347103232,659734528,3.9,13840760832,1006092288,1932001280,119062528,2528198656
2026-07-09T06:00:35.794618,17006837760,16346841088,659996672,3.9,13840498688,1006092288,1932001280,119062528,2528215040
2026-07-09T06:00:36.794911,17006837760,16347906048,658931712,3.9,13841563648,1006092288,1932001280,119062528,2528215040
2026-07-09T06:00:37.795187,17006837760,16349691904,657145856,3.9,13843333120,1006092288,1932017664,119062528,2528215040
2026-07-09T06:00:38.795465,17006837760,16328310784,678526976,4.0,13821952000,1006092288,1932017664,119062528,2528215040
2026-07-09T06:00:39.795746,17006837760,16330752000,676085760,4.0,13824393216,1006092288,1932017664,119062528,2528215040
2026-07-09T06:00:40.796025,17006837760,16332455936,674381824,4.0,13826097152,1006092288,1932017664,119062528,2528215040
2026-07-09T06:00:41.796341,17006837760,16337190912,669646848,3.9,13830832128,1006092288,1932017664,119062528,2528215040
2026-07-09T06:00:42.796682,17006837760,16339025920,667811840,3.9,13832667136,1006092288,1932017664,119062528,2528215040
2026-07-09T06:00:43.797061,17006837760,16341434368,665403392,3.9,13835075584,1006092288,1932017664,119062528,2528215040
2026-07-09T06:00:44.797454,17006837760,16343678976,663158784,3.9,13837320192,1006092288,1932017664,119062528,2528215040
2026-07-09T06:00:45.797835,17006837760,16344743936,662093824,3.9,13838385152,1006092288,1932017664,119062528,2528215040
2026-07-09T06:00:46.798232,17006837760,16345219072,661618688,3.9,13838860288,1006092288,1932017664,119062528,2528215040
2026-07-09T06:00:47.798553,17006837760,16346464256,660373504,3.9,13840105472,1006125056,1932017664,119062528,2528215040
2026-07-09T06:00:48.798830,17006837760,16347185152,659652608,3.9,13840826368,1006125056,1932017664,119062528,2528215040
2026-07-09T06:00:49.799105,17006837760,16348741632,658096128,3.9,13842382848,1006125056,1932017664,119062528,2528215040
2026-07-09T06:00:50.799383,17006837760,16348889088,657948672,3.9,13842530304,1006125056,1932017664,119062528,2528215040
2026-07-09T06:00:51.799698,17006837760,16348741632,658096128,3.9,13842382848,1006125056,1932017664,119062528,2528231424
2026-07-09T06:00:52.800080,17006837760,16349462528,657375232,3.9,13843103744,1006125056,1932017664,119062528,2528231424
2026-07-09T06:00:53.800419,17006837760,16349888512,656949248,3.9,13843529728,1006125056,1932017664,119062528,2528231424
2026-07-09T06:00:54.800748,17006837760,16349741056,657096704,3.9,13843382272,1006125056,1932017664,119062528,2528231424
2026-07-09T06:00:55.801119,17006837760,16351444992,655392768,3.9,13845086208,1006125056,1932017664,119062528,2528231424
2026-07-09T06:00:56.801696,17006837760,16351920128,654917632,3.9,13845561344,1006125056,1932017664,119062528,2528231424
2026-07-09T06:00:57.801971,17006837760,16352165888,654671872,3.8,13845807104,1006125056,1932017664,119062528,2528231424
2026-07-09T06:00:58.802246,17006837760,16351182848,655654912,3.9,13844824064,1006125056,1932017664,119062528,2528231424
2026-07-09T06:00:59.802527,17006837760,16350445568,656392192,3.9,13844086784,1006125056,1932017664,119062528,2528231424
2026-07-09T06:01:00.802853,17006837760,16350937088,655900672,3.9,13844578304,1006125056,1932017664,119062528,2528231424
2026-07-09T06:01:01.803186,17006837760,16351330304,655507456,3.9,13844971520,1006125056,1932017664,119062528,2528231424
2026-07-09T06:01:02.803480,17006837760,16352559104,654278656,3.8,13846200320,1006125056,1932017664,119062528,2528231424
2026-07-09T06:01:03.803758,17006837760,16352264192,654573568,3.8,13845905408,1006125056,1932017664,119062528,2528231424
2026-07-09T06:01:04.804035,17006837760,16352264192,654573568,3.8,13845905408,1006125056,1932017664,119062528,2528231424
2026-07-09T06:01:05.804310,17006837760,16351772672,655065088,3.9,13845413888,1006125056,1932017664,119062528,2528231424
2026-07-09T06:01:06.804589,17006837760,16353198080,653639680,3.8,13846839296,1006125056,1932017664,119062528,2528231424
2026-07-09T06:01:07.804916,17006837760,16353443840,653393920,3.8,13847085056,1006125056,1932017664,119062528,2528231424
2026-07-09T06:01:08.805329,17006837760,16353984512,652853248,3.8,13847625728,1006125056,1932017664,119062528,2528231424
2026-07-09T06:01:09.805629,17006837760,16353771520,653066240,3.8,13847412736,1006125056,1932017664,119062528,2528247808
2026-07-09T06:01:10.805902,17006837760,16353525760,653312000,3.8,13847166976,1006125056,1932017664,119062528,2528247808
2026-07-09T06:01:11.806176,17006837760,16354246656,652591104,3.8,13847887872,1006125056,1932017664,119062528,2528247808
2026-07-09T06:01:12.806517,17006837760,16353820672,653017088,3.8,13847461888,1006125056,1932017664,119062528,2528247808
2026-07-09T06:01:13.806860,17006837760,16354066432,652771328,3.8,13847707648,1006125056,1932017664,119062528,2528247808
2026-07-09T06:01:14.807225,17006837760,16354541568,652296192,3.8,13848182784,1006125056,1932017664,119062528,2528247808
2026-07-09T06:01:15.807602,17006837760,16354590720,652247040,3.8,13848231936,1006125056,1932017664,119062528,2528247808
2026-07-09T06:01:16.807937,17006837760,16354590720,652247040,3.8,13848231936,1006125056,1932017664,119062528,2528247808
2026-07-09T06:01:17.808268,17006837760,16354082816,652754944,3.8,13847724032,1006125056,1932017664,119062528,2528247808
2026-07-09T06:01:18.808601,17006837760,16354082816,652754944,3.8,13847724032,1006125056,1932017664,119062528,2528247808
2026-07-09T06:01:19.808938,17006837760,16354082816,652754944,3.8,13847724032,1006125056,1932017664,119062528,2528247808
2026-07-09T06:01:20.809292,17006837760,16354328576,652509184,3.8,13847969792,1006125056,1932017664,119062528,2528247808
2026-07-09T06:01:21.809679,17006837760,16354803712,652034048,3.8,13848444928,1006125056,1932017664,119062528,2528247808
2026-07-09T06:01:22.810077,17006837760,16354803712,652034048,3.8,13848444928,1006125056,1932017664,119062528,2528247808
2026-07-09T06:01:23.810417,17006837760,16354557952,652279808,3.8,13848199168,1006125056,1932017664,119062528,2528247808
2026-07-09T06:01:24.810798,17006837760,16354557952,652279808,3.8,13848199168,1006125056,1932017664,119062528,2528247808
2026-07-09T06:01:25.811096,17006837760,16354230272,652607488,3.8,13847871488,1006125056,1932017664,119062528,2528247808
2026-07-09T06:01:26.811376,17006837760,16354230272,652607488,3.8,13847871488,1006125056,1932017664,119062528,2528247808
2026-07-09T06:01:27.811651,17006837760,16353492992,653344768,3.8,13847134208,1006125056,1932017664,119062528,2528264192
2026-07-09T06:01:28.811924,17006837760,16353509376,653328384,3.8,13847150592,1006125056,1932017664,119062528,2528264192
2026-07-09T06:01:29.812199,17006837760,16353755136,653082624,3.8,13847396352,1006125056,1932017664,119062528,2528264192
2026-07-09T06:01:30.812520,17006837760,16353984512,652853248,3.8,13847625728,1006125056,1932017664,119062528,2528264192
2026-07-09T06:01:31.812815,17006837760,16354476032,652361728,3.8,13848117248,1006125056,1932017664,119062528,2528264192
2026-07-09T06:01:32.813092,17006837760,16354705408,652132352,3.8,13848346624,1006125056,1932017664,119062528,2528264192
2026-07-09T06:01:33.813387,17006837760,16354705408,652132352,3.8,13848346624,1006125056,1932017664,119062528,2528264192
2026-07-09T06:01:34.813662,17006837760,16354213888,652623872,3.8,13847855104,1006125056,1932017664,119062528,2528264192
2026-07-09T06:01:35.813942,17006837760,16354213888,652623872,3.8,13847855104,1006125056,1932017664,119062528,2528264192
2026-07-09T06:01:36.814252,17006837760,16354476032,652361728,3.8,13848117248,1006125056,1932017664,119062528,2528264192
2026-07-09T06:01:37.814582,17006837760,16354721792,652115968,3.8,13848363008,1006125056,1932017664,119062528,2528264192
2026-07-09T06:01:38.814962,17006837760,16354476032,652361728,3.8,13848117248,1006125056,1932017664,119062528,2528264192
2026-07-09T06:01:39.815332,17006837760,16354476032,652361728,3.8,13848117248,1006125056,1932017664,119062528,2528264192
2026-07-09T06:01:40.815740,17006837760,16354476032,652361728,3.8,13848117248,1006125056,1932017664,119062528,2528264192
2026-07-09T06:01:41.816067,17006837760,16354476032,652361728,3.8,13848117248,1006125056,1932017664,119062528,2528264192
2026-07-09T06:01:42.816418,17006837760,16354492416,652345344,3.8,13848133632,1006125056,1932017664,119062528,2528264192
2026-07-09T06:01:43.816764,17006837760,16353263616,653574144,3.8,13846904832,1006125056,1932017664,119062528,2528280576
2026-07-09T06:01:44.817093,17006837760,16353263616,653574144,3.8,13846904832,1006125056,1932017664,119062528,2528280576
2026-07-09T06:01:45.817450,17006837760,16353722368,653115392,3.8,13847363584,1006125056,1932017664,119062528,2528280576
2026-07-09T06:01:46.817791,17006837760,16353951744,652886016,3.8,13847592960,1006125056,1932017664,119062528,2528280576
2026-07-09T06:01:47.818239,17006837760,16353460224,653377536,3.8,13847101440,1006125056,1932017664,119062528,2528280576
2026-07-09T06:01:48.818560,17006837760,16353460224,653377536,3.8,13847101440,1006125056,1932017664,119062528,2528280576
2026-07-09T06:01:49.818839,17006837760,16353476608,653361152,3.8,13847101440,1006206976,1932034048,119062528,2528280576
2026-07-09T06:01:50.819120,17006837760,16353722368,653115392,3.8,13847347200,1006206976,1932034048,119062528,2528280576
2026-07-09T06:01:51.819398,17006837760,16354295808,652541952,3.8,13847920640,1006206976,1932034048,119062528,2528280576
2026-07-09T06:01:52.819738,17006837760,16353804288,653033472,3.8,13847429120,1006206976,1932034048,119062528,2528280576
2026-07-09T06:01:53.820075,17006837760,16353558528,653279232,3.8,13847183360,1006206976,1932034048,119062528,2528280576
2026-07-09T06:01:54.820408,17006837760,16353820672,653017088,3.8,13847445504,1006206976,1932034048,119062528,2528280576
2026-07-09T06:01:55.820742,17006837760,16354295808,652541952,3.8,13847920640,1006206976,1932034048,119062528,2528280576
2026-07-09T06:01:56.821112,17006837760,16354508800,652328960,3.8,13848133632,1006206976,1932034048,119062528,2528280576
2026-07-09T06:01:57.821580,17006837760,16354508800,652328960,3.8,13848133632,1006206976,1932034048,119062528,2528280576
2026-07-09T06:01:58.821861,17006837760,16354738176,652099584,3.8,13848363008,1006206976,1932034048,119062528,2528280576
2026-07-09T06:01:59.822144,17006837760,16353755136,653082624,3.8,13847379968,1006206976,1932034048,119062528,2528280576
2026-07-09T06:02:00.822427,17006837760,16353509376,653328384,3.8,13847134208,1006206976,1932034048,119062528,2528296960
2026-07-09T06:02:01.822747,17006837760,16351772672,655065088,3.9,13845397504,1006206976,1932034048,119062528,2528296960
2026-07-09T06:02:02.823083,17006837760,16350560256,656277504,3.9,13844185088,1006206976,1932034048,119062528,2528296960
2026-07-09T06:02:03.823419,17006837760,16350068736,656769024,3.9,13843693568,1006206976,1932034048,119062528,2528296960
2026-07-09T06:02:04.825511,17006837760,16350806016,656031744,3.9,13844430848,1006206976,1932034048,119062528,2528296960
2026-07-09T06:02:05.826001,17006837760,16351068160,655769600,3.9,13844692992,1006206976,1932034048,119062528,2528296960
2026-07-09T06:02:06.826330,17006837760,16351477760,655360000,3.9,13845102592,1006206976,1932034048,119062528,2528296960
2026-07-09T06:02:07.826610,17006837760,16352608256,654229504,3.8,13846233088,1006206976,1932034048,119062528,2528296960
2026-07-09T06:02:08.826890,17006837760,16353050624,653787136,3.8,13846675456,1006206976,1932034048,119062528,2528296960
2026-07-09T06:02:09.827219,17006837760,16349364224,657473536,3.9,13842989056,1006206976,1932034048,119062528,2528296960
2026-07-09T06:02:10.827556,17006837760,16349052928,657784832,3.9,13842677760,1006206976,1932034048,119062528,2528296960
2026-07-09T06:02:11.827891,17006837760,16350232576,656605184,3.9,13843857408,1006206976,1932034048,119062528,2528296960
2026-07-09T06:02:12.828274,17006837760,16351379456,655458304,3.9,13845004288,1006206976,1932034048,119062528,2528296960
2026-07-09T06:02:13.828653,17006837760,16351805440,655032320,3.9,13845430272,1006206976,1932034048,119062528,2528296960
2026-07-09T06:02:14.829066,17006837760,16352624640,654213120,3.8,13846249472,1006206976,1932034048,119062528,2528296960
2026-07-09T06:02:15.829429,17006837760,16351150080,655687680,3.9,13844774912,1006206976,1932034048,119062528,2528313344
2026-07-09T06:02:16.829705,17006837760,16351150080,655687680,3.9,13844774912,1006206976,1932034048,119062528,2528313344
2026-07-09T06:02:17.829983,17006837760,16352378880,654458880,3.8,13846003712,1006206976,1932034048,119062528,2528313344
2026-07-09T06:02:18.830466,17006837760,16352133120,654704640,3.8,13845757952,1006206976,1932034048,119062528,2528313344
2026-07-09T06:02:19.830949,17006837760,16352362496,654475264,3.8,13845987328,1006206976,1932034048,119062528,2528313344
2026-07-09T06:02:20.831298,17006837760,16352591872,654245888,3.8,13846216704,1006206976,1932034048,119062528,2528313344
2026-07-09T06:02:21.831574,17006837760,16353329152,653508608,3.8,13846953984,1006206976,1932034048,119062528,2528313344
2026-07-09T06:02:22.831848,17006837760,16352329728,654508032,3.8,13845954560,1006206976,1932034048,119062528,2528313344
2026-07-09T06:02:23.832131,17006837760,16351346688,655491072,3.9,13844971520,1006206976,1932034048,119062528,2528313344
2026-07-09T06:02:24.832452,17006837760,16351838208,654999552,3.9,13845463040,1006206976,1932034048,119062528,2528313344
2026-07-09T06:02:25.832792,17006837760,16352706560,654131200,3.8,13846298624,1006370816,1932066816,119062528,2528313344
2026-07-09T06:02:26.833130,17006837760,16351232000,655605760,3.9,13844824064,1006370816,1932066816,119062528,2528313344
2026-07-09T06:02:27.833462,17006837760,16351477760,655360000,3.9,13845069824,1006370816,1932066816,119062528,2528313344
2026-07-09T06:02:28.833801,17006837760,16352215040,654622720,3.8,13845807104,1006370816,1932066816,119062528,2528313344
2026-07-09T06:02:29.834140,17006837760,16352444416,654393344,3.8,13846036480,1006370816,1932066816,119062528,2528313344
2026-07-09T06:02:30.834472,17006837760,16352673792,654163968,3.8,13846265856,1006370816,1932066816,119062528,2528313344
2026-07-09T06:02:31.834807,17006837760,16353656832,653180928,3.8,13847248896,1006370816,1932066816,119062528,2528313344
2026-07-09T06:02:32.835157,17006837760,16351690752,655147008,3.9,13845282816,1006370816,1932066816,119062528,2528329728
2026-07-09T06:02:33.835487,17006837760,16351199232,655638528,3.9,13844791296,1006370816,1932066816,119062528,2528329728
2026-07-09T06:02:34.835869,17006837760,16351772672,655065088,3.9,13845364736,1006370816,1932066816,119062528,2528329728
2026-07-09T06:02:35.836200,17006837760,16351035392,655802368,3.9,13844627456,1006370816,1932066816,119062528,2528329728
2026-07-09T06:02:36.836585,17006837760,16351494144,655343616,3.9,13845086208,1006370816,1932066816,119062528,2528329728
2026-07-09T06:02:37.836882,17006837760,16352444416,654393344,3.8,13846036480,1006370816,1932066816,119062528,2528329728
2026-07-09T06:02:38.837159,17006837760,16352362496,654475264,3.8,13845954560,1006370816,1932066816,119062528,2528329728
2026-07-09T06:02:39.837433,17006837760,16350035968,656801792,3.9,13843628032,1006370816,1932066816,119062528,2528329728
2026-07-09T06:02:40.837788,17006837760,16350052352,656785408,3.9,13843644416,1006370816,1932066816,119062528,2528329728
2026-07-09T06:02:41.838066,17006837760,16351461376,655376384,3.9,13845053440,1006370816,1932066816,119062528,2528329728
2026-07-09T06:02:42.838656,17006837760,16351723520,655114240,3.9,13845315584,1006370816,1932066816,119062528,2528329728
2026-07-09T06:02:43.839538,17006837760,16352215040,654622720,3.8,13845807104,1006370816,1932066816,119062528,2528329728
2026-07-09T06:02:44.839891,17006837760,16352706560,654131200,3.8,13846298624,1006370816,1932066816,119062528,2528329728
2026-07-09T06:02:45.840173,17006837760,16352706560,654131200,3.8,13846298624,1006370816,1932066816,119062528,2528329728
2026-07-09T06:02:46.840457,17006837760,16350740480,656097280,3.9,13844332544,1006370816,1932066816,119062528,2528329728
2026-07-09T06:02:47.840756,17006837760,16350494720,656343040,3.9,13844086784,1006370816,1932066816,119062528,2528329728
2026-07-09T06:02:48.841061,17006837760,16351068160,655769600,3.9,13844660224,1006370816,1932066816,119062528,2528329728
2026-07-09T06:02:49.841474,17006837760,16350904320,655933440,3.9,13844496384,1006370816,1932066816,119062528,2528346112
2026-07-09T06:02:50.841827,17006837760,16349888512,656949248,3.9,13843480576,1006469120,1932066816,119062528,2528346112
2026-07-09T06:02:51.842164,17006837760,16350822400,656015360,3.9,13844414464,1006469120,1932066816,119062528,2528346112
2026-07-09T06:02:52.842466,17006837760,16351477760,655360000,3.9,13845069824,1006469120,1932066816,119062528,2528346112
2026-07-09T06:02:53.842820,17006837760,16351641600,655196160,3.9,13845233664,1006469120,1932066816,119062528,2528346112
2026-07-09T06:02:54.843104,17006837760,16352362496,654475264,3.8,13845954560,1006469120,1932066816,119062528,2528346112
2026-07-09T06:02:55.843383,17006837760,16352837632,654000128,3.8,13846429696,1006469120,1932066816,119062528,2528346112
2026-07-09T06:02:56.843663,17006837760,16352837632,654000128,3.8,13846429696,1006469120,1932066816,119062528,2528346112
2026-07-09T06:02:57.843941,17006837760,16353148928,653688832,3.8,13846740992,1006469120,1932066816,119062528,2528346112
2026-07-09T06:02:58.844221,17006837760,16346005504,660832256,3.9,13839597568,1006469120,1932066816,119062528,2528346112
2026-07-09T06:02:59.844495,17006837760,16341352448,665485312,3.9,13834944512,1006469120,1932066816,119062528,2528346112
2026-07-09T06:03:00.844772,17006837760,16340680704,666157056,3.9,13834272768,1006485504,1932066816,119062528,2528346112
2026-07-09T06:03:01.845048,17006837760,16341499904,665337856,3.9,13835091968,1006485504,1932066816,119062528,2528346112
2026-07-09T06:03:02.845393,17006837760,16343138304,663699456,3.9,13836730368,1006485504,1932066816,119062528,2528346112
2026-07-09T06:03:03.845734,17006837760,16344498176,662339584,3.9,13838090240,1006485504,1932066816,119062528,2528362496
2026-07-09T06:03:04.846117,17006837760,16346103808,660733952,3.9,13839695872,1006485504,1932066816,119062528,2528362496
2026-07-09T06:03:05.846545,17006837760,16347054080,659783680,3.9,13840646144,1006485504,1932066816,119062528,2528362496
2026-07-09T06:03:06.846981,17006837760,16348200960,658636800,3.9,13841793024,1006485504,1932066816,119062528,2528362496
2026-07-09T06:03:07.847420,17006837760,16349282304,657555456,3.9,13842874368,1006485504,1932066816,119062528,2528362496
2026-07-09T06:03:08.847807,17006837760,16349462528,657375232,3.9,13843054592,1006485504,1932066816,119062528,2528362496
2026-07-09T06:03:09.848178,17006837760,16349691904,657145856,3.9,13843283968,1006485504,1932066816,119062528,2528362496
2026-07-09T06:03:10.848506,17006837760,16350789632,656048128,3.9,13844381696,1006485504,1932066816,119062528,2528362496
2026-07-09T06:03:11.848844,17006837760,16351690752,655147008,3.9,13845282816,1006485504,1932066816,119062528,2528362496
2026-07-09T06:03:12.849222,17006837760,16351690752,655147008,3.9,13845282816,1006485504,1932066816,119062528,2528362496
2026-07-09T06:03:13.849581,17006837760,16352509952,654327808,3.8,13846102016,1006485504,1932066816,119062528,2528362496
2026-07-09T06:03:14.849910,17006837760,16352755712,654082048,3.8,13846347776,1006485504,1932066816,119062528,2528362496
2026-07-09T06:03:15.850205,17006837760,16352755712,654082048,3.8,13846347776,1006485504,1932066816,119062528,2528362496
2026-07-09T06:03:16.850484,17006837760,16352264192,654573568,3.8,13845856256,1006485504,1932066816,119062528,2528362496
2026-07-09T06:03:17.850765,17006837760,16352264192,654573568,3.8,13845856256,1006485504,1932066816,119062528,2528362496
2026-07-09T06:03:18.851041,17006837760,16352018432,654819328,3.9,13845610496,1006485504,1932066816,119062528,2528362496
2026-07-09T06:03:19.851316,17006837760,16353132544,653705216,3.8,13846724608,1006485504,1932066816,119062528,2528362496
2026-07-09T06:03:20.851653,17006837760,16352886784,653950976,3.8,13846478848,1006485504,1932066816,119062528,2528378880
2026-07-09T06:03:21.852030,17006837760,16352903168,653934592,3.8,13846495232,1006501888,1932066816,119062528,2528378880
2026-07-09T06:03:22.852371,17006837760,16353542144,653295616,3.8,13847134208,1006501888,1932066816,119062528,2528378880
2026-07-09T06:03:23.852765,17006837760,16350887936,655949824,3.9,13844480000,1006501888,1932066816,119062528,2528378880
2026-07-09T06:03:24.853095,17006837760,16350887936,655949824,3.9,13844480000,1006501888,1932066816,119062528,2528378880
2026-07-09T06:03:25.853506,17006837760,16351444992,655392768,3.9,13845037056,1006501888,1932066816,119062528,2528378880
2026-07-09T06:03:26.853825,17006837760,16351707136,655130624,3.9,13845299200,1006501888,1932066816,119062528,2528378880
2026-07-09T06:03:27.854168,17006837760,16351707136,655130624,3.9,13845299200,1006501888,1932066816,119062528,2528378880
2026-07-09T06:03:28.854514,17006837760,16351870976,654966784,3.9,13845463040,1006501888,1932066816,119062528,2528378880
2026-07-09T06:03:29.854789,17006837760,16352034816,654802944,3.9,13845626880,1006501888,1932066816,119062528,2528378880
2026-07-09T06:03:30.855095,17006837760,16352444416,654393344,3.8,13846036480,1006501888,1932066816,119062528,2528378880
2026-07-09T06:03:31.855436,17006837760,16352854016,653983744,3.8,13846446080,1006501888,1932066816,119062528,2528378880
2026-07-09T06:03:32.855728,17006837760,16352411648,654426112,3.8,13846003712,1006501888,1932066816,119062528,2528378880
2026-07-09T06:03:33.855999,17006837760,16352657408,654180352,3.8,13846249472,1006501888,1932066816,119062528,2528378880
2026-07-09T06:03:34.856282,17006837760,16352395264,654442496,3.8,13845987328,1006501888,1932066816,119062528,2528378880
2026-07-09T06:03:35.856558,17006837760,16352886784,653950976,3.8,13846478848,1006501888,1932066816,119062528,2528378880
2026-07-09T06:03:36.856835,17006837760,16352395264,654442496,3.8,13845987328,1006501888,1932066816,119062528,2528378880
2026-07-09T06:03:37.857170,17006837760,16352657408,654180352,3.8,13846249472,1006501888,1932066816,119062528,2528395264
2026-07-09T06:03:38.857521,17006837760,16352886784,653950976,3.8,13846478848,1006501888,1932066816,119062528,2528395264
2026-07-09T06:03:39.857975,17006837760,16353132544,653705216,3.8,13846724608,1006501888,1932066816,119062528,2528395264
2026-07-09T06:03:40.858251,17006837760,16353132544,653705216,3.8,13846724608,1006501888,1932066816,119062528,2528395264
2026-07-09T06:03:41.858529,17006837760,16353361920,653475840,3.8,13846953984,1006501888,1932066816,119062528,2528395264
2026-07-09T06:03:42.858806,17006837760,16353591296,653246464,3.8,13847183360,1006501888,1932066816,119062528,2528395264
2026-07-09T06:03:43.859150,17006837760,16354082816,652754944,3.8,13847674880,1006501888,1932066816,119062528,2528395264
2026-07-09T06:03:44.859488,17006837760,16354328576,652509184,3.8,13847920640,1006501888,1932066816,119062528,2528395264
2026-07-09T06:03:45.859787,17006837760,16353591296,653246464,3.8,13847183360,1006501888,1932066816,119062528,2528395264
2026-07-09T06:03:46.860068,17006837760,16353591296,653246464,3.8,13847183360,1006501888,1932066816,119062528,2528395264
2026-07-09T06:03:47.860341,17006837760,16352411648,654426112,3.8,13846003712,1006501888,1932066816,119062528,2528395264
2026-07-09T06:03:48.860617,17006837760,16352411648,654426112,3.8,13846003712,1006501888,1932066816,119062528,2528395264
2026-07-09T06:03:49.860903,17006837760,16352493568,654344192,3.8,13846085632,1006501888,1932066816,119062528,2528395264
2026-07-09T06:03:50.861235,17006837760,16352493568,654344192,3.8,13846085632,1006501888,1932066816,119062528,2528395264
2026-07-09T06:03:51.861627,17006837760,16353443840,653393920,3.8,13847035904,1006501888,1932066816,119062528,2528395264
2026-07-09T06:03:52.861988,17006837760,16353525760,653312000,3.8,13847035904,1006764032,1932148736,119062528,2528395264
2026-07-09T06:03:53.862325,17006837760,16352788480,654049280,3.8,13846298624,1006764032,1932148736,119062528,2528411648
2026-07-09T06:03:54.862621,17006837760,16352870400,653967360,3.8,13846380544,1006764032,1932148736,119062528,2528411648
2026-07-09T06:03:55.862897,17006837760,16353214464,653623296,3.8,13846724608,1006764032,1932148736,119062528,2528411648
2026-07-09T06:03:56.863172,17006837760,16353460224,653377536,3.8,13846970368,1006764032,1932148736,119062528,2528411648
2026-07-09T06:03:57.863452,17006837760,16353443840,653393920,3.8,13846953984,1006764032,1932148736,119062528,2528411648
2026-07-09T06:03:58.863732,17006837760,16352444416,654393344,3.8,13845954560,1006764032,1932148736,119062528,2528411648
2026-07-09T06:03:59.864081,17006837760,16341401600,665436160,3.9,13834911744,1006764032,1932148736,119062528,2528411648
2026-07-09T06:04:00.864367,17006837760,16341221376,665616384,3.9,13834731520,1006764032,1932148736,119062528,2528411648
2026-07-09T06:04:01.864652,17006837760,16342433792,664403968,3.9,13835943936,1006764032,1932148736,119062528,2528411648
2026-07-09T06:04:02.864934,17006837760,16345006080,661831680,3.9,13838516224,1006764032,1932148736,119062528,2528411648
2026-07-09T06:04:03.865220,17006837760,16345743360,661094400,3.9,13839253504,1006764032,1932148736,119062528,2528411648
2026-07-09T06:04:04.865509,17006837760,16346464256,660373504,3.9,13839974400,1006764032,1932148736,119062528,2528411648
2026-07-09T06:04:05.865783,17006837760,16347774976,659062784,3.9,13841285120,1006764032,1932148736,119062528,2528411648
2026-07-09T06:04:06.866055,17006837760,16348741632,658096128,3.9,13842251776,1006764032,1932148736,119062528,2528411648
2026-07-09T06:04:07.866329,17006837760,16349184000,657653760,3.9,13842694144,1006764032,1932148736,119062528,2528411648
2026-07-09T06:04:08.866603,17006837760,16350298112,656539648,3.9,13843808256,1006764032,1932148736,119062528,2528411648
2026-07-09T06:04:09.866961,17006837760,16350625792,656211968,3.9,13844135936,1006764032,1932148736,119062528,2528428032
2026-07-09T06:04:10.867259,17006837760,16350265344,656572416,3.9,13843775488,1006764032,1932148736,119062528,2528428032
2026-07-09T06:04:11.867534,17006837760,16351019008,655818752,3.9,13844529152,1006764032,1932148736,119062528,2528428032
2026-07-09T06:04:12.867804,17006837760,16351805440,655032320,3.9,13845315584,1006764032,1932148736,119062528,2528428032
2026-07-09T06:04:13.868086,17006837760,16352493568,654344192,3.8,13846003712,1006764032,1932148736,119062528,2528428032
2026-07-09T06:04:14.868359,17006837760,16352886784,653950976,3.8,13846396928,1006764032,1932148736,119062528,2528428032
2026-07-09T06:04:15.868675,17006837760,16352788480,654049280,3.8,13846298624,1006764032,1932148736,119062528,2528428032
2026-07-09T06:04:16.869002,17006837760,16353067008,653770752,3.8,13846577152,1006764032,1932148736,119062528,2528428032
2026-07-09T06:04:17.869345,17006837760,16353050624,653787136,3.8,13846560768,1006764032,1932148736,119062528,2528428032
2026-07-09T06:04:18.869674,17006837760,16351821824,655015936,3.9,13845331968,1006764032,1932148736,119062528,2528428032
2026-07-09T06:04:19.869986,17006837760,16350347264,656490496,3.9,13843857408,1006764032,1932148736,119062528,2528428032
2026-07-09T06:04:20.870267,17006837760,16347168768,659668992,3.9,13840678912,1006764032,1932148736,119062528,2528428032
2026-07-09T06:04:21.870540,17006837760,16347922432,658915328,3.9,13841432576,1006764032,1932148736,119062528,2528428032
2026-07-09T06:04:22.870826,17006837760,16347430912,659406848,3.9,13840941056,1006829568,1932148736,119062528,2528428032
2026-07-09T06:04:23.871107,17006837760,16348905472,657932288,3.9,13842415616,1006829568,1932148736,119062528,2528428032
2026-07-09T06:04:24.871469,17006837760,16348659712,658178048,3.9,13842169856,1006829568,1932148736,119062528,2528444416
2026-07-09T06:04:25.871829,17006837760,16350232576,656605184,3.9,13843742720,1006829568,1932148736,119062528,2528444416
2026-07-09T06:04:26.872193,17006837760,16349478912,657358848,3.9,13842989056,1006829568,1932148736,119062528,2528444416
2026-07-09T06:04:27.872536,17006837760,16349364224,657473536,3.9,13842874368,1006829568,1932148736,119062528,2528444416
2026-07-09T06:04:28.872917,17006837760,16350511104,656326656,3.9,13844021248,1006829568,1932148736,119062528,2528444416
2026-07-09T06:04:29.873281,17006837760,16350773248,656064512,3.9,13844283392,1006829568,1932148736,119062528,2528444416
2026-07-09T06:04:30.873630,17006837760,16351002624,655835136,3.9,13844512768,1006829568,1932148736,119062528,2528444416
2026-07-09T06:04:31.873909,17006837760,16351821824,655015936,3.9,13845331968,1006829568,1932148736,119062528,2528444416
2026-07-09T06:04:32.874190,17006837760,16352542720,654295040,3.8,13846052864,1006829568,1932148736,119062528,2528444416
2026-07-09T06:04:33.874520,17006837760,16352051200,654786560,3.9,13845561344,1006829568,1932148736,119062528,2528444416
2026-07-09T06:04:34.874879,17006837760,16351805440,655032320,3.9,13845315584,1006829568,1932148736,119062528,2528444416
2026-07-09T06:04:35.875238,17006837760,16352772096,654065664,3.8,13846282240,1006829568,1932148736,119062528,2528444416
2026-07-09T06:04:36.875610,17006837760,16352772096,654065664,3.8,13846282240,1006829568,1932148736,119062528,2528444416
2026-07-09T06:04:37.875999,17006837760,16353492992,653344768,3.8,13847003136,1006829568,1932148736,119062528,2528444416
2026-07-09T06:04:38.876535,17006837760,16353738752,653099008,3.8,13847248896,1006829568,1932148736,119062528,2528444416
2026-07-09T06:04:39.876814,17006837760,16353001472,653836288,3.8,13846511616,1006829568,1932148736,119062528,2528444416
2026-07-09T06:04:40.877100,17006837760,16352739328,654098432,3.8,13846249472,1006829568,1932148736,119062528,2528444416
2026-07-09T06:04:41.877389,17006837760,16352051200,654786560,3.9,13845561344,1006829568,1932148736,119062528,2528460800
2026-07-09T06:04:42.877716,17006837760,16351821824,655015936,3.9,13845331968,1006829568,1932148736,119062528,2528460800
2026-07-09T06:04:43.878056,17006837760,16351789056,655048704,3.9,13845299200,1006829568,1932148736,119062528,2528460800
2026-07-09T06:04:44.878445,17006837760,16352067584,654770176,3.9,13845577728,1006829568,1932148736,119062528,2528460800
2026-07-09T06:04:45.878851,17006837760,16352067584,654770176,3.9,13845577728,1006829568,1932148736,119062528,2528460800
2026-07-09T06:04:46.879191,17006837760,16352804864,654032896,3.8,13846315008,1006829568,1932148736,119062528,2528460800
2026-07-09T06:04:47.879550,17006837760,16351576064,655261696,3.9,13845086208,1006829568,1932148736,119062528,2528460800
2026-07-09T06:04:48.879942,17006837760,16351068160,655769600,3.9,13844578304,1006845952,1932148736,119062528,2528460800
2026-07-09T06:04:49.880376,17006837760,16351805440,655032320,3.9,13845315584,1006845952,1932148736,119062528,2528460800
2026-07-09T06:04:50.880873,17006837760,16353263616,653574144,3.8,13846773760,1006845952,1932148736,119062528,2528460800
2026-07-09T06:04:51.881154,17006837760,16353492992,653344768,3.8,13847003136,1006845952,1932148736,119062528,2528460800
2026-07-09T06:04:52.881433,17006837760,16353509376,653328384,3.8,13847019520,1006845952,1932148736,119062528,2528460800
2026-07-09T06:04:53.881776,17006837760,16353263616,653574144,3.8,13846773760,1006862336,1932148736,119062528,2528460800
2026-07-09T06:04:54.882170,17006837760,16352772096,654065664,3.8,13846282240,1006862336,1932148736,119062528,2528460800
2026-07-09T06:04:55.882650,17006837760,16353001472,653836288,3.8,13846511616,1006862336,1932148736,119062528,2528460800
2026-07-09T06:04:56.883107,17006837760,16353001472,653836288,3.8,13846511616,1006862336,1932148736,119062528,2528460800
2026-07-09T06:04:57.883383,17006837760,16353034240,653803520,3.8,13846544384,1006862336,1932148736,119062528,2528477184
2026-07-09T06:04:58.883662,17006837760,16353034240,653803520,3.8,13846544384,1006862336,1932148736,119062528,2528477184
2026-07-09T06:04:59.883943,17006837760,16351805440,655032320,3.9,13845315584,1006862336,1932148736,119062528,2528477184
2026-07-09T06:05:00.884246,17006837760,16352296960,654540800,3.8,13845807104,1006862336,1932148736,119062528,2528477184
2026-07-09T06:05:01.884571,17006837760,16352034816,654802944,3.9,13845544960,1006862336,1932148736,119062528,2528477184
2026-07-09T06:05:02.884910,17006837760,16352739328,654098432,3.8,13846249472,1006862336,1932148736,119062528,2528477184
2026-07-09T06:05:03.885250,17006837760,16352739328,654098432,3.8,13846249472,1006862336,1932148736,119062528,2528477184
2026-07-09T06:05:04.885593,17006837760,16352493568,654344192,3.8,13846003712,1006862336,1932148736,119062528,2528477184
2026-07-09T06:05:05.885976,17006837760,16352002048,654835712,3.9,13845512192,1006862336,1932148736,119062528,2528477184
2026-07-09T06:05:06.886285,17006837760,16351985664,654852096,3.9,13845495808,1006862336,1932148736,119062528,2528477184
2026-07-09T06:05:07.886564,17006837760,16352231424,654606336,3.8,13845741568,1006862336,1932148736,119062528,2528477184
2026-07-09T06:05:08.886850,17006837760,16352231424,654606336,3.8,13845741568,1006862336,1932148736,119062528,2528477184
2026-07-09T06:05:09.887130,17006837760,16352460800,654376960,3.8,13845970944,1006862336,1932148736,119062528,2528477184
2026-07-09T06:05:10.887415,17006837760,16352935936,653901824,3.8,13846446080,1006862336,1932148736,119062528,2528477184
2026-07-09T06:05:11.887752,17006837760,16353640448,653197312,3.8,13847150592,1006862336,1932148736,119062528,2528477184
2026-07-09T06:05:12.888099,17006837760,16354148352,652689408,3.8,13847658496,1006862336,1932148736,119062528,2528477184
2026-07-09T06:05:13.888400,17006837760,16354164736,652673024,3.8,13847674880,1006862336,1932148736,119062528,2528477184
2026-07-09T06:05:14.888673,17006837760,16354181120,652656640,3.8,13847691264,1006862336,1932148736,119062528,2528493568
2026-07-09T06:05:15.889007,17006837760,16354197504,652640256,3.8,13847707648,1006862336,1932148736,119062528,2528493568
2026-07-09T06:05:16.889296,17006837760,16354197504,652640256,3.8,13847707648,1006862336,1932148736,119062528,2528493568
2026-07-09T06:05:17.889578,17006837760,16353460224,653377536,3.8,13846970368,1006862336,1932148736,119062528,2528493568
2026-07-09T06:05:18.889933,17006837760,16352722944,654114816,3.8,13846233088,1006862336,1932148736,119062528,2528493568
2026-07-09T06:05:19.890263,17006837760,16353443840,653393920,3.8,13846953984,1006862336,1932148736,119062528,2528493568
2026-07-09T06:05:20.890615,17006837760,16353918976,652918784,3.8,13847429120,1006862336,1932148736,119062528,2528493568
2026-07-09T06:05:21.890948,17006837760,16354148352,652689408,3.8,13847658496,1006862336,1932148736,119062528,2528493568
2026-07-09T06:05:22.891279,17006837760,16354148352,652689408,3.8,13847658496,1006862336,1932148736,119062528,2528493568
2026-07-09T06:05:23.891628,17006837760,16353902592,652935168,3.8,13847412736,1006862336,1932148736,119062528,2528493568
2026-07-09T06:05:24.891973,17006837760,16352739328,654098432,3.8,13846183936,1006944256,1932214272,119062528,2528493568
2026-07-09T06:05:25.892275,17006837760,16352493568,654344192,3.8,13845938176,1006944256,1932214272,119062528,2528493568
2026-07-09T06:05:26.892571,17006837760,16352509952,654327808,3.8,13845954560,1006944256,1932214272,119062528,2528493568
2026-07-09T06:05:27.892845,17006837760,16351510528,655327232,3.9,13844955136,1006944256,1932214272,119062528,2528493568
2026-07-09T06:05:28.893120,17006837760,16351510528,655327232,3.9,13844955136,1006944256,1932214272,119062528,2528493568
2026-07-09T06:05:29.893406,17006837760,16352460800,654376960,3.8,13845905408,1006944256,1932214272,119062528,2528493568
2026-07-09T06:05:30.893727,17006837760,16351739904,655097856,3.9,13845184512,1006944256,1932214272,119062528,2528509952
2026-07-09T06:05:31.894082,17006837760,16351019008,655818752,3.9,13844463616,1006944256,1932214272,119062528,2528509952
2026-07-09T06:05:32.894434,17006837760,16351756288,655081472,3.9,13845200896,1006944256,1932214272,119062528,2528509952
2026-07-09T06:05:33.894729,17006837760,16352722944,654114816,3.8,13846167552,1006944256,1932214272,119062528,2528509952
2026-07-09T06:05:34.895004,17006837760,16352493568,654344192,3.8,13845938176,1006944256,1932214272,119062528,2528509952
2026-07-09T06:05:35.895285,17006837760,16352493568,654344192,3.8,13845938176,1006944256,1932214272,119062528,2528509952
2026-07-09T06:05:36.895559,17006837760,16352985088,653852672,3.8,13846429696,1006944256,1932214272,119062528,2528509952
2026-07-09T06:05:37.895836,17006837760,16353476608,653361152,3.8,13846921216,1006944256,1932214272,119062528,2528509952
2026-07-09T06:05:38.896170,17006837760,16353476608,653361152,3.8,13846921216,1006944256,1932214272,119062528,2528509952
2026-07-09T06:05:39.896525,17006837760,16353230848,653606912,3.8,13846675456,1006944256,1932214272,119062528,2528509952
2026-07-09T06:05:40.896832,17006837760,16352722944,654114816,3.8,13846167552,1006944256,1932214272,119062528,2528509952
2026-07-09T06:05:41.897124,17006837760,16352968704,653869056,3.8,13846413312,1006944256,1932214272,119062528,2528509952
2026-07-09T06:05:42.897400,17006837760,16353230848,653606912,3.8,13846675456,1006944256,1932214272,119062528,2528509952
2026-07-09T06:05:43.897675,17006837760,16353460224,653377536,3.8,13846904832,1006944256,1932214272,119062528,2528509952
2026-07-09T06:05:44.897952,17006837760,16352968704,653869056,3.8,13846413312,1006944256,1932214272,119062528,2528509952
2026-07-09T06:05:45.898276,17006837760,16353656832,653180928,3.8,13847101440,1006944256,1932214272,119062528,2528509952
2026-07-09T06:05:46.898588,17006837760,16353165312,653672448,3.8,13846609920,1006944256,1932214272,119062528,2528526336
2026-07-09T06:05:47.898861,17006837760,16352919552,653918208,3.8,13846364160,1006944256,1932214272,119062528,2528526336
2026-07-09T06:05:48.899145,17006837760,16349970432,656867328,3.9,13843415040,1006944256,1932214272,119062528,2528526336
2026-07-09T06:05:49.899430,17006837760,16350199808,656637952,3.9,13843644416,1006944256,1932214272,119062528,2528526336
2026-07-09T06:05:50.899712,17006837760,16349724672,657113088,3.9,13843169280,1006944256,1932214272,119062528,2528526336
2026-07-09T06:05:51.899997,17006837760,16351412224,655425536,3.9,13844856832,1006944256,1932214272,119062528,2528526336
2026-07-09T06:05:52.900286,17006837760,16351395840,655441920,3.9,13844840448,1006944256,1932214272,119062528,2528526336
2026-07-09T06:05:53.900570,17006837760,16351051776,655785984,3.9,13844496384,1006944256,1932214272,119062528,2528526336
2026-07-09T06:05:54.900857,17006837760,16351264768,655572992,3.9,13844709376,1006944256,1932214272,119062528,2528526336
2026-07-09T06:05:55.901137,17006837760,16352198656,654639104,3.8,13845610496,1006960640,1932247040,119062528,2528526336
2026-07-09T06:05:56.901460,17006837760,16352346112,654491648,3.8,13845757952,1006960640,1932247040,119062528,2528526336
2026-07-09T06:05:57.901789,17006837760,16348413952,658423808,3.9,13841825792,1006960640,1932247040,119062528,2528526336
2026-07-09T06:05:58.902114,17006837760,16347922432,658915328,3.9,13841334272,1006960640,1932247040,119062528,2528526336
2026-07-09T06:05:59.902421,17006837760,16349151232,657686528,3.9,13842563072,1006960640,1932247040,119062528,2528542720
2026-07-09T06:06:00.902703,17006837760,16349396992,657440768,3.9,13842808832,1007009792,1932247040,119062528,2528542720
2026-07-09T06:06:01.902981,17006837760,16350822400,656015360,3.9,13844234240,1007009792,1932247040,119062528,2528542720
2026-07-09T06:06:02.903256,17006837760,16351756288,655081472,3.9,13845168128,1007009792,1932247040,119062528,2528542720
2026-07-09T06:06:03.903529,17006837760,16351019008,655818752,3.9,13844430848,1007009792,1932247040,119062528,2528542720
2026-07-09T06:06:04.903862,17006837760,16349790208,657047552,3.9,13843202048,1007009792,1932247040,119062528,2528542720
2026-07-09T06:06:05.904172,17006837760,16350527488,656310272,3.9,13843939328,1007009792,1932247040,119062528,2528542720
2026-07-09T06:06:06.904456,17006837760,16350560256,656277504,3.9,13843972096,1007009792,1932247040,119062528,2528542720
2026-07-09T06:06:07.904744,17006837760,16351133696,655704064,3.9,13844545536,1007009792,1932247040,119062528,2528542720
2026-07-09T06:06:08.905023,17006837760,16350478336,656359424,3.9,13843890176,1007009792,1932247040,119062528,2528542720
2026-07-09T06:06:09.905330,17006837760,16350199808,656637952,3.9,13843611648,1007009792,1932247040,119062528,2528542720
2026-07-09T06:06:10.905653,17006837760,16348921856,657915904,3.9,13842333696,1007009792,1932247040,119062528,2528542720
2026-07-09T06:06:11.905999,17006837760,16350085120,656752640,3.9,13843496960,1007009792,1932247040,119062528,2528542720
2026-07-09T06:06:12.906386,17006837760,16350707712,656130048,3.9,13844119552,1007009792,1932247040,119062528,2528542720
2026-07-09T06:06:13.906777,17006837760,16350953472,655884288,3.9,13844365312,1007009792,1932247040,119062528,2528542720
2026-07-09T06:06:14.907147,17006837760,16350052352,656785408,3.9,13843447808,1007009792,1932247040,119062528,2528575488
2026-07-09T06:06:15.907525,17006837760,16350052352,656785408,3.9,13843447808,1007009792,1932247040,119062528,2528575488
2026-07-09T06:06:16.907868,17006837760,16347758592,659079168,3.9,13841154048,1007009792,1932247040,119062528,2528575488
2026-07-09T06:06:17.908223,17006837760,16347512832,659324928,3.9,13840908288,1007009792,1932247040,119062528,2528575488
2026-07-09T06:06:18.908535,17006837760,16347987968,658849792,3.9,13841383424,1007009792,1932247040,119062528,2528575488
2026-07-09T06:06:19.908813,17006837760,16348954624,657883136,3.9,13842350080,1007009792,1932247040,119062528,2528575488
2026-07-09T06:06:20.909091,17006837760,16348938240,657899520,3.9,13842333696,1007009792,1932247040,119062528,2528575488
2026-07-09T06:06:21.909381,17006837760,16349937664,656900096,3.9,13843333120,1007009792,1932247040,119062528,2528575488
2026-07-09T06:06:22.909656,17006837760,16349937664,656900096,3.9,13843333120,1007009792,1932247040,119062528,2528575488
2026-07-09T06:06:23.910012,17006837760,16350445568,656392192,3.9,13843841024,1007009792,1932247040,119062528,2528575488
2026-07-09T06:06:24.910312,17006837760,16350969856,655867904,3.9,13844365312,1007009792,1932247040,119062528,2528575488
2026-07-09T06:06:25.910588,17006837760,16351576064,655261696,3.9,13844905984,1007271936,1932312576,119062528,2528575488
2026-07-09T06:06:26.910867,17006837760,16351576064,655261696,3.9,13844905984,1007271936,1932312576,119062528,2528575488
2026-07-09T06:06:27.911141,17006837760,16350593024,656244736,3.9,13843922944,1007271936,1932312576,119062528,2528575488
2026-07-09T06:06:28.911416,17006837760,16350478336,656359424,3.9,13843808256,1007271936,1932312576,119062528,2528575488
2026-07-09T06:06:29.911699,17006837760,16350724096,656113664,3.9,13844054016,1007271936,1932312576,119062528,2528575488
2026-07-09T06:06:30.911993,17006837760,16350232576,656605184,3.9,13843562496,1007271936,1932312576,119062528,2528591872
2026-07-09T06:06:31.912281,17006837760,16350986240,655851520,3.9,13844316160,1007271936,1932312576,119062528,2528591872
2026-07-09T06:06:32.912567,17006837760,16351215616,655622144,3.9,13844545536,1007271936,1932312576,119062528,2528591872
2026-07-09T06:06:33.912848,17006837760,16351969280,654868480,3.9,13845299200,1007271936,1932312576,119062528,2528591872
2026-07-09T06:06:34.913129,17006837760,16350494720,656343040,3.9,13843824640,1007271936,1932312576,119062528,2528591872
2026-07-09T06:06:35.913402,17006837760,16350543872,656293888,3.9,13843873792,1007271936,1932312576,119062528,2528591872
2026-07-09T06:06:36.913678,17006837760,16351035392,655802368,3.9,13844365312,1007321088,1932312576,119062528,2528591872
2026-07-09T06:06:37.913958,17006837760,16351330304,655507456,3.9,13844660224,1007321088,1932312576,119062528,2528591872
2026-07-09T06:06:38.914242,17006837760,16351739904,655097856,3.9,13845069824,1007321088,1932312576,119062528,2528591872
2026-07-09T06:06:39.914567,17006837760,16351969280,654868480,3.9,13845299200,1007321088,1932312576,119062528,2528591872
2026-07-09T06:06:40.914922,17006837760,16351723520,655114240,3.9,13845053440,1007321088,1932312576,119062528,2528591872
2026-07-09T06:06:41.915258,17006837760,16351444992,655392768,3.9,13844774912,1007321088,1932312576,119062528,2528591872
2026-07-09T06:06:42.915597,17006837760,16351428608,655409152,3.9,13844758528,1007321088,1932312576,119062528,2528591872
2026-07-09T06:06:43.915936,17006837760,16351657984,655179776,3.9,13844987904,1007321088,1932312576,119062528,2528591872
2026-07-09T06:06:44.916274,17006837760,16352133120,654704640,3.8,13845463040,1007321088,1932312576,119062528,2528591872
2026-07-09T06:06:45.916577,17006837760,16352149504,654688256,3.8,13845479424,1007321088,1932312576,119062528,2528608256
2026-07-09T06:06:46.916855,17006837760,16351150080,655687680,3.9,13844480000,1007321088,1932312576,119062528,2528608256
2026-07-09T06:06:47.917132,17006837760,16351150080,655687680,3.9,13844480000,1007321088,1932312576,119062528,2528608256
2026-07-09T06:06:48.917409,17006837760,16351625216,655212544,3.9,13844955136,1007321088,1932312576,119062528,2528608256
2026-07-09T06:06:49.917690,17006837760,16352133120,654704640,3.8,13845463040,1007321088,1932312576,119062528,2528608256
2026-07-09T06:06:50.918015,17006837760,16352608256,654229504,3.8,13845938176,1007321088,1932312576,119062528,2528608256
2026-07-09T06:06:51.918349,17006837760,16353116160,653721600,3.8,13846446080,1007321088,1932312576,119062528,2528608256
2026-07-09T06:06:52.918709,17006837760,16352690176,654147584,3.8,13846020096,1007321088,1932312576,119062528,2528608256
2026-07-09T06:06:53.919019,17006837760,16352460800,654376960,3.8,13845790720,1007321088,1932312576,119062528,2528608256
2026-07-09T06:06:54.919301,17006837760,16352444416,654393344,3.8,13845774336,1007321088,1932312576,119062528,2528608256
2026-07-09T06:06:55.919580,17006837760,16353181696,653656064,3.8,13846511616,1007321088,1932312576,119062528,2528608256
2026-07-09T06:06:56.919862,17006837760,16353427456,653410304,3.8,13846757376,1007353856,1932312576,119062528,2528608256
2026-07-09T06:06:57.920147,17006837760,16353427456,653410304,3.8,13846757376,1007353856,1932312576,119062528,2528608256
2026-07-09T06:06:58.920521,17006837760,16348774400,658063360,3.9,13842104320,1007353856,1932312576,119062528,2528608256
2026-07-09T06:06:59.920863,17006837760,16341630976,665206784,3.9,13834960896,1007353856,1932312576,119062528,2528608256
2026-07-09T06:07:00.921211,17006837760,16342384640,664453120,3.9,13835714560,1007353856,1932312576,119062528,2528608256
2026-07-09T06:07:01.921587,17006837760,16344711168,662126592,3.9,13838041088,1007353856,1932312576,119062528,2528608256
2026-07-09T06:07:02.921944,17006837760,16345579520,661258240,3.9,13838909440,1007353856,1932312576,119062528,2528624640
2026-07-09T06:07:03.922300,17006837760,16346480640,660357120,3.9,13839810560,1007353856,1932312576,119062528,2528624640
2026-07-09T06:07:04.922650,17006837760,16346726400,660111360,3.9,13840056320,1007353856,1932312576,119062528,2528624640
2026-07-09T06:07:05.922997,17006837760,16347332608,659505152,3.9,13840662528,1007353856,1932312576,119062528,2528624640
2026-07-09T06:07:06.923338,17006837760,16348528640,658309120,3.9,13841858560,1007353856,1932312576,119062528,2528624640
2026-07-09T06:07:07.923697,17006837760,16349413376,657424384,3.9,13842743296,1007353856,1932312576,119062528,2528624640
2026-07-09T06:07:08.924054,17006837760,16349872128,656965632,3.9,13843202048,1007353856,1932312576,119062528,2528624640
2026-07-09T06:07:09.924404,17006837760,16349888512,656949248,3.9,13843218432,1007353856,1932312576,119062528,2528624640
2026-07-09T06:07:10.924757,17006837760,16349642752,657195008,3.9,13842972672,1007353856,1932312576,119062528,2528624640
2026-07-09T06:07:11.925121,17006837760,16346693632,660144128,3.9,13840023552,1007403008,1932312576,119062528,2528624640
2026-07-09T06:07:12.925518,17006837760,16347201536,659636224,3.9,13840531456,1007403008,1932312576,119062528,2528624640
2026-07-09T06:07:13.925829,17006837760,16348676096,658161664,3.9,13842006016,1007403008,1932312576,119062528,2528624640
2026-07-09T06:07:14.926110,17006837760,16348676096,658161664,3.9,13842006016,1007403008,1932312576,119062528,2528624640
2026-07-09T06:07:15.926389,17006837760,16349544448,657293312,3.9,13842874368,1007403008,1932312576,119062528,2528624640
2026-07-09T06:07:16.926679,17006837760,16349970432,656867328,3.9,13843300352,1007403008,1932312576,119062528,2528624640
2026-07-09T06:07:17.926962,17006837760,16350887936,655949824,3.9,13844217856,1007403008,1932312576,119062528,2528624640
2026-07-09T06:07:18.927335,17006837760,16351100928,655736832,3.9,13844430848,1007403008,1932312576,119062528,2528624640
2026-07-09T06:07:19.927679,17006837760,16348266496,658571264,3.9,13841596416,1007403008,1932312576,119062528,2528641024
2026-07-09T06:07:20.927982,17006837760,16348561408,658276352,3.9,13841891328,1007403008,1932312576,119062528,2528641024
2026-07-09T06:07:21.928261,17006837760,16349282304,657555456,3.9,13842612224,1007403008,1932312576,119062528,2528641024
2026-07-09T06:07:22.928543,17006837760,16350167040,656670720,3.9,13843496960,1007403008,1932312576,119062528,2528641024
2026-07-09T06:07:23.928825,17006837760,16350527488,656310272,3.9,13843857408,1007403008,1932312576,119062528,2528641024
2026-07-09T06:07:24.929106,17006837760,16350101504,656736256,3.9,13843431424,1007403008,1932312576,119062528,2528641024
2026-07-09T06:07:25.929443,17006837760,16350642176,656195584,3.9,13843972096,1007403008,1932312576,119062528,2528641024
2026-07-09T06:07:26.929790,17006837760,16351117312,655720448,3.9,13844447232,1007403008,1932312576,119062528,2528641024
2026-07-09T06:07:27.930087,17006837760,16351330304,655507456,3.9,13844660224,1007419392,1932312576,119062528,2528641024
2026-07-09T06:07:28.930369,17006837760,16351248384,655589376,3.9,13844578304,1007419392,1932312576,119062528,2528641024
2026-07-09T06:07:29.930648,17006837760,16351657984,655179776,3.9,13844987904,1007419392,1932312576,119062528,2528641024
2026-07-09T06:07:30.930927,17006837760,16351805440,655032320,3.9,13845135360,1007419392,1932312576,119062528,2528641024
2026-07-09T06:07:31.931214,17006837760,16351821824,655015936,3.9,13845151744,1007419392,1932312576,119062528,2528641024
2026-07-09T06:07:32.931550,17006837760,16349102080,657735680,3.9,13842432000,1007419392,1932312576,119062528,2528641024
2026-07-09T06:07:33.931921,17006837760,16347381760,659456000,3.9,13840711680,1007419392,1932312576,119062528,2528641024
2026-07-09T06:07:34.932283,17006837760,16348119040,658718720,3.9,13841448960,1007419392,1932312576,119062528,2528641024
2026-07-09T06:07:35.932630,17006837760,16348381184,658456576,3.9,13841711104,1007419392,1932312576,119062528,2528657408
2026-07-09T06:07:36.933017,17006837760,16346906624,659931136,3.9,13840236544,1007419392,1932312576,119062528,2528657408
2026-07-09T06:07:37.933375,17006837760,16347676672,659161088,3.9,13841006592,1007419392,1932312576,119062528,2528657408
2026-07-09T06:07:38.933718,17006837760,16347938816,658898944,3.9,13841268736,1007419392,1932312576,119062528,2528657408
2026-07-09T06:07:39.934096,17006837760,16348905472,657932288,3.9,13842235392,1007419392,1932312576,119062528,2528657408
2026-07-09T06:07:40.934393,17006837760,16349560832,657276928,3.9,13842890752,1007419392,1932312576,119062528,2528657408
2026-07-09T06:07:41.934669,17006837760,16350969856,655867904,3.9,13844299776,1007419392,1932312576,119062528,2528657408
2026-07-09T06:07:42.934943,17006837760,16351133696,655704064,3.9,13844463616,1007419392,1932312576,119062528,2528657408
2026-07-09T06:07:43.935217,17006837760,16351494144,655343616,3.9,13844824064,1007419392,1932312576,119062528,2528657408
2026-07-09T06:07:44.935500,17006837760,16351985664,654852096,3.9,13845315584,1007419392,1932312576,119062528,2528657408
2026-07-09T06:07:45.935787,17006837760,16351772672,655065088,3.9,13845102592,1007419392,1932312576,119062528,2528657408
2026-07-09T06:07:46.936069,17006837760,16351035392,655802368,3.9,13844365312,1007419392,1932312576,119062528,2528657408
2026-07-09T06:07:47.936355,17006837760,16351297536,655540224,3.9,13844611072,1007468544,1932328960,119062528,2528657408
2026-07-09T06:07:48.936640,17006837760,16351068160,655769600,3.9,13844381696,1007468544,1932328960,119062528,2528657408
2026-07-09T06:07:49.936927,17006837760,16351068160,655769600,3.9,13844381696,1007468544,1932328960,119062528,2528657408
2026-07-09T06:07:50.937281,17006837760,16351313920,655523840,3.9,13844627456,1007468544,1932328960,119062528,2528673792
2026-07-09T06:07:51.937668,17006837760,16351576064,655261696,3.9,13844889600,1007468544,1932328960,119062528,2528673792
2026-07-09T06:07:52.938021,17006837760,16351576064,655261696,3.9,13844889600,1007468544,1932328960,119062528,2528673792
2026-07-09T06:07:53.938406,17006837760,16352067584,654770176,3.9,13845381120,1007468544,1932328960,119062528,2528673792
2026-07-09T06:07:54.938779,17006837760,16352067584,654770176,3.9,13845381120,1007468544,1932328960,119062528,2528673792
2026-07-09T06:07:55.939135,17006837760,16352706560,654131200,3.8,13846020096,1007468544,1932328960,119062528,2528673792
2026-07-09T06:07:56.939432,17006837760,16349773824,657063936,3.9,13843087360,1007468544,1932328960,119062528,2528673792
2026-07-09T06:07:57.939708,17006837760,16342892544,663945216,3.9,13836206080,1007468544,1932328960,119062528,2528673792
2026-07-09T06:07:58.939988,17006837760,16342646784,664190976,3.9,13835960320,1007468544,1932328960,119062528,2528673792
2026-07-09T06:07:59.940264,17006837760,16341843968,664993792,3.9,13835157504,1007468544,1932328960,119062528,2528673792
2026-07-09T06:08:00.940540,17006837760,16343810048,663027712,3.9,13837123584,1007468544,1932328960,119062528,2528673792
2026-07-09T06:08:01.940876,17006837760,16344219648,662618112,3.9,13837533184,1007468544,1932328960,119062528,2528673792
2026-07-09T06:08:02.941229,17006837760,16344481792,662355968,3.9,13837795328,1007468544,1932328960,119062528,2528673792
2026-07-09T06:08:03.941583,17006837760,16342532096,664305664,3.9,13835845632,1007468544,1932328960,119062528,2528673792
2026-07-09T06:08:04.941884,17006837760,16343269376,663568384,3.9,13836582912,1007468544,1932328960,119062528,2528673792
2026-07-09T06:08:05.942165,17006837760,16344170496,662667264,3.9,13837484032,1007468544,1932328960,119062528,2528673792
2026-07-09T06:08:06.942441,17006837760,16345923584,660914176,3.9,13839237120,1007468544,1932328960,119062528,2528673792
2026-07-09T06:08:07.942722,17006837760,16345251840,661585920,3.9,13838565376,1007468544,1932328960,119062528,2528690176
2026-07-09T06:08:08.943000,17006837760,16345235456,661602304,3.9,13838548992,1007468544,1932328960,119062528,2528690176
2026-07-09T06:08:09.943327,17006837760,16345481216,661356544,3.9,13838794752,1007468544,1932328960,119062528,2528690176
2026-07-09T06:08:10.943669,17006837760,16347103232,659734528,3.9,13840416768,1007468544,1932328960,119062528,2528690176
2026-07-09T06:08:11.944022,17006837760,16348119040,658718720,3.9,13841432576,1007468544,1932328960,119062528,2528690176
2026-07-09T06:08:12.944391,17006837760,16348839936,657997824,3.9,13842153472,1007468544,1932328960,119062528,2528690176
2026-07-09T06:08:13.944741,17006837760,16349741056,657096704,3.9,13843054592,1007468544,1932328960,119062528,2528690176
2026-07-09T06:08:14.945040,17006837760,16350101504,656736256,3.9,13843415040,1007468544,1932328960,119062528,2528690176
2026-07-09T06:08:15.945329,17006837760,16349839360,656998400,3.9,13843152896,1007468544,1932328960,119062528,2528690176
2026-07-09T06:08:16.945611,17006837760,16349986816,656850944,3.9,13843300352,1007468544,1932328960,119062528,2528690176
2026-07-09T06:08:17.945893,17006837760,16349888512,656949248,3.9,13843202048,1007468544,1932328960,119062528,2528690176
2026-07-09T06:08:18.946175,17006837760,16349904896,656932864,3.9,13843218432,1007468544,1932328960,119062528,2528690176
2026-07-09T06:08:19.946514,17006837760,16350412800,656424960,3.9,13843726336,1007468544,1932328960,119062528,2528690176
2026-07-09T06:08:20.946860,17006837760,16351117312,655720448,3.9,13844430848,1007468544,1932328960,119062528,2528690176
2026-07-09T06:08:21.947205,17006837760,16351608832,655228928,3.9,13844922368,1007468544,1932328960,119062528,2528690176
2026-07-09T06:08:22.947550,17006837760,16350134272,656703488,3.9,13843447808,1007468544,1932328960,119062528,2528690176
2026-07-09T06:08:23.947857,17006837760,16348413952,658423808,3.9,13841727488,1007468544,1932328960,119062528,2528690176
2026-07-09T06:08:24.948133,17006837760,16348938240,657899520,3.9,13842251776,1007468544,1932328960,119062528,2528690176
2026-07-09T06:08:25.948408,17006837760,16349413376,657424384,3.9,13842726912,1007468544,1932328960,119062528,2528706560
2026-07-09T06:08:26.948682,17006837760,16349577216,657260544,3.9,13842890752,1007468544,1932328960,119062528,2528706560
2026-07-09T06:08:27.948959,17006837760,16350609408,656228352,3.9,13843922944,1007468544,1932328960,119062528,2528706560
2026-07-09T06:08:28.949309,17006837760,16349626368,657211392,3.9,13842939904,1007501312,1932328960,119062528,2528706560
2026-07-09T06:08:29.949664,17006837760,16349446144,657391616,3.9,13842759680,1007501312,1932328960,119062528,2528706560
2026-07-09T06:08:30.950008,17006837760,16350445568,656392192,3.9,13843759104,1007501312,1932328960,119062528,2528706560
2026-07-09T06:08:31.950444,17006837760,16351657984,655179776,3.9,13844971520,1007501312,1932328960,119062528,2528706560
2026-07-09T06:08:32.950795,17006837760,16351887360,654950400,3.9,13845200896,1007501312,1932328960,119062528,2528706560
2026-07-09T06:08:33.951145,17006837760,16352100352,654737408,3.8,13845413888,1007501312,1932328960,119062528,2528706560
2026-07-09T06:08:34.951497,17006837760,16351838208,654999552,3.9,13845151744,1007501312,1932328960,119062528,2528706560
2026-07-09T06:08:35.951867,17006837760,16351838208,654999552,3.9,13845151744,1007501312,1932328960,119062528,2528706560
2026-07-09T06:08:36.952209,17006837760,16352329728,654508032,3.8,13845643264,1007501312,1932328960,119062528,2528706560
2026-07-09T06:08:37.952510,17006837760,16353050624,653787136,3.8,13846364160,1007501312,1932328960,119062528,2528706560
2026-07-09T06:08:38.952798,17006837760,16351084544,655753216,3.9,13844398080,1007501312,1932328960,119062528,2528706560
2026-07-09T06:08:39.953073,17006837760,16350593024,656244736,3.9,13843906560,1007501312,1932328960,119062528,2528706560
2026-07-09T06:08:40.953358,17006837760,16350445568,656392192,3.9,13843759104,1007501312,1932328960,119062528,2528706560
2026-07-09T06:08:41.953632,17006837760,16349954048,656883712,3.9,13843267584,1007501312,1932328960,119062528,2528722944
2026-07-09T06:08:42.953969,17006837760,16349954048,656883712,3.9,13843267584,1007501312,1932328960,119062528,2528722944
2026-07-09T06:08:43.954334,17006837760,16350822400,656015360,3.9,13844135936,1007501312,1932328960,119062528,2528722944
2026-07-09T06:08:44.954693,17006837760,16351264768,655572992,3.9,13844578304,1007501312,1932328960,119062528,2528722944
2026-07-09T06:08:45.955051,17006837760,16351920128,654917632,3.9,13845233664,1007501312,1932328960,119062528,2528722944
2026-07-09T06:08:46.955349,17006837760,16351068160,655769600,3.9,13844381696,1007501312,1932328960,119062528,2528722944
2026-07-09T06:08:47.955627,17006837760,16350593024,656244736,3.9,13843906560,1007501312,1932328960,119062528,2528722944
2026-07-09T06:08:48.955903,17006837760,16350838784,655998976,3.9,13844152320,1007501312,1932328960,119062528,2528722944
2026-07-09T06:08:49.956178,17006837760,16349855744,656982016,3.9,13843169280,1007501312,1932328960,119062528,2528722944
2026-07-09T06:08:50.956459,17006837760,16349609984,657227776,3.9,13842923520,1007501312,1932328960,119062528,2528722944
2026-07-09T06:08:51.956792,17006837760,16350330880,656506880,3.9,13843644416,1007501312,1932328960,119062528,2528722944
2026-07-09T06:08:52.957172,17006837760,16351281152,655556608,3.9,13844594688,1007501312,1932328960,119062528,2528722944
2026-07-09T06:08:53.957542,17006837760,16349069312,657768448,3.9,13842382848,1007501312,1932328960,119062528,2528722944
2026-07-09T06:08:54.957900,17006837760,16349315072,657522688,3.9,13842628608,1007501312,1932328960,119062528,2528722944
2026-07-09T06:08:55.958258,17006837760,16351182848,655654912,3.9,13844496384,1007501312,1932328960,119062528,2528722944
2026-07-09T06:08:56.958612,17006837760,16351248384,655589376,3.9,13844561920,1007501312,1932328960,119062528,2528722944
2026-07-09T06:08:57.958981,17006837760,16350756864,656080896,3.9,13844070400,1007501312,1932328960,119062528,2528722944
2026-07-09T06:08:58.959318,17006837760,16351232000,655605760,3.9,13844545536,1007501312,1932328960,119062528,2528722944
2026-07-09T06:08:59.959673,17006837760,16346890240,659947520,3.9,13840203776,1007501312,1932328960,119062528,2528739328
2026-07-09T06:09:00.960044,17006837760,16347152384,659685376,3.9,13840465920,1007501312,1932328960,119062528,2528739328
2026-07-09T06:09:01.960396,17006837760,16348463104,658374656,3.9,13841776640,1007501312,1932328960,119062528,2528739328
2026-07-09T06:09:02.960707,17006837760,16349200384,657637376,3.9,13842513920,1007501312,1932328960,119062528,2528739328
2026-07-09T06:09:03.960997,17006837760,16347725824,659111936,3.9,13841039360,1007501312,1932328960,119062528,2528739328
2026-07-09T06:09:04.961299,17006837760,16346726400,660111360,3.9,13840039936,1007501312,1932328960,119062528,2528739328
2026-07-09T06:09:05.961585,17006837760,16347676672,659161088,3.9,13840990208,1007501312,1932328960,119062528,2528739328
2026-07-09T06:09:06.961868,17006837760,16348413952,658423808,3.9,13841727488,1007501312,1932328960,119062528,2528739328
2026-07-09T06:09:07.962200,17006837760,16349921280,656916480,3.9,13843234816,1007501312,1932328960,119062528,2528739328
2026-07-09T06:09:08.962552,17006837760,16350871552,655966208,3.9,13844185088,1007501312,1932328960,119062528,2528739328
2026-07-09T06:09:09.962905,17006837760,16350887936,655949824,3.9,13844201472,1007501312,1932328960,119062528,2528739328
2026-07-09T06:09:10.963256,17006837760,16351641600,655196160,3.9,13844955136,1007501312,1932328960,119062528,2528739328
2026-07-09T06:09:11.963612,17006837760,16352149504,654688256,3.8,13845463040,1007501312,1932328960,119062528,2528739328
2026-07-09T06:09:12.964080,17006837760,16350920704,655917056,3.9,13844234240,1007501312,1932328960,119062528,2528739328
2026-07-09T06:09:13.964539,17006837760,16351379456,655458304,3.9,13844692992,1007501312,1932328960,119062528,2528739328
2026-07-09T06:09:14.964897,17006837760,16352198656,654639104,3.8,13845512192,1007501312,1932328960,119062528,2528739328
2026-07-09T06:09:15.965297,17006837760,16352673792,654163968,3.8,13845987328,1007501312,1932328960,119062528,2528739328
2026-07-09T06:09:16.965621,17006837760,16350887936,655949824,3.9,13844201472,1007501312,1932328960,119062528,2528755712
2026-07-09T06:09:17.965985,17006837760,16350298112,656539648,3.9,13843611648,1007501312,1932328960,119062528,2528755712
2026-07-09T06:09:18.966296,17006837760,16349331456,657506304,3.9,13842644992,1007501312,1932328960,119062528,2528755712
2026-07-09T06:09:19.966574,17006837760,16349937664,656900096,3.9,13843251200,1007501312,1932328960,119062528,2528755712
2026-07-09T06:09:20.966849,17006837760,16349708288,657129472,3.9,13843021824,1007501312,1932328960,119062528,2528755712
2026-07-09T06:09:21.967129,17006837760,16350691328,656146432,3.9,13844004864,1007501312,1932328960,119062528,2528755712
2026-07-09T06:09:22.967408,17006837760,16350691328,656146432,3.9,13844004864,1007501312,1932328960,119062528,2528755712
2026-07-09T06:09:23.967764,17006837760,16351592448,655245312,3.9,13844905984,1007501312,1932328960,119062528,2528755712
2026-07-09T06:09:24.968097,17006837760,16352067584,654770176,3.9,13845381120,1007501312,1932328960,119062528,2528755712
2026-07-09T06:09:25.968400,17006837760,16352624640,654213120,3.8,13845938176,1007501312,1932328960,119062528,2528755712
2026-07-09T06:09:26.968683,17006837760,16352378880,654458880,3.8,13845692416,1007501312,1932328960,119062528,2528755712
2026-07-09T06:09:27.968964,17006837760,16352378880,654458880,3.8,13845692416,1007501312,1932328960,119062528,2528755712
2026-07-09T06:09:28.969317,17006837760,16352231424,654606336,3.8,13845544960,1007501312,1932328960,119062528,2528755712
2026-07-09T06:09:29.969648,17006837760,16352231424,654606336,3.8,13845544960,1007501312,1932328960,119062528,2528755712
2026-07-09T06:09:30.969993,17006837760,16352231424,654606336,3.8,13845544960,1007501312,1932328960,119062528,2528755712
2026-07-09T06:09:31.970285,17006837760,16352509952,654327808,3.8,13845823488,1007501312,1932328960,119062528,2528755712
2026-07-09T06:09:32.970562,17006837760,16352264192,654573568,3.8,13845577728,1007501312,1932328960,119062528,2528772096
2026-07-09T06:09:33.970865,17006837760,16352739328,654098432,3.8,13846052864,1007501312,1932328960,119062528,2528772096
2026-07-09T06:09:34.971160,17006837760,16352231424,654606336,3.8,13845544960,1007501312,1932328960,119062528,2528772096
2026-07-09T06:09:35.971460,17006837760,16352231424,654606336,3.8,13845544960,1007501312,1932328960,119062528,2528772096
2026-07-09T06:09:36.971792,17006837760,16352952320,653885440,3.8,13846265856,1007501312,1932328960,119062528,2528772096
2026-07-09T06:09:37.972196,17006837760,16352460800,654376960,3.8,13845774336,1007501312,1932328960,119062528,2528772096
2026-07-09T06:09:38.972481,17006837760,16352460800,654376960,3.8,13845774336,1007501312,1932328960,119062528,2528772096
2026-07-09T06:09:39.972767,17006837760,16352215040,654622720,3.8,13845528576,1007501312,1932328960,119062528,2528772096
2026-07-09T06:09:40.972990,17006837760,16351477760,655360000,3.9,13844791296,1007501312,1932328960,119062528,2528772096
2026-07-09T06:09:41.973219,17006837760,16350494720,656343040,3.9,13843808256,1007501312,1932328960,119062528,2528772096
2026-07-09T06:09:42.973505,17006837760,16350003200,656834560,3.9,13843316736,1007501312,1932328960,119062528,2528772096
2026-07-09T06:09:43.973814,17006837760,16350724096,656113664,3.9,13844037632,1007501312,1932328960,119062528,2528772096
2026-07-09T06:09:44.974104,17006837760,16350953472,655884288,3.9,13844267008,1007501312,1932328960,119062528,2528772096
2026-07-09T06:09:45.974337,17006837760,16351215616,655622144,3.9,13844529152,1007501312,1932328960,119062528,2528772096
2026-07-09T06:09:46.974614,17006837760,16350969856,655867904,3.9,13844283392,1007501312,1932328960,119062528,2528772096
2026-07-09T06:09:47.974890,17006837760,16351608832,655228928,3.9,13844922368,1007501312,1932328960,119062528,2528772096
2026-07-09T06:09:48.975168,17006837760,16351592448,655245312,3.9,13844905984,1007501312,1932328960,119062528,2528788480
2026-07-09T06:09:49.975499,17006837760,16352870400,653967360,3.8,13846183936,1007501312,1932328960,119062528,2528788480
2026-07-09T06:09:50.975888,17006837760,16352870400,653967360,3.8,13846183936,1007501312,1932328960,119062528,2528788480
2026-07-09T06:09:51.976172,17006837760,16353116160,653721600,3.8,13846429696,1007501312,1932328960,119062528,2528788480
2026-07-09T06:09:52.976407,17006837760,16352149504,654688256,3.8,13845463040,1007501312,1932328960,119062528,2528788480
2026-07-09T06:09:53.976638,17006837760,16352149504,654688256,3.8,13845463040,1007501312,1932328960,119062528,2528788480
2026-07-09T06:09:54.976858,17006837760,16352673792,654163968,3.8,13845987328,1007501312,1932328960,119062528,2528788480
2026-07-09T06:09:55.977138,17006837760,16353067008,653770752,3.8,13846380544,1007501312,1932328960,119062528,2528788480
2026-07-09T06:09:56.977490,17006837760,16353067008,653770752,3.8,13846380544,1007501312,1932328960,119062528,2528788480
2026-07-09T06:09:57.977776,17006837760,16353132544,653705216,3.8,13846446080,1007501312,1932328960,119062528,2528788480
2026-07-09T06:09:58.978070,17006837760,16353132544,653705216,3.8,13846446080,1007501312,1932328960,119062528,2528788480
2026-07-09T06:09:59.978377,17006837760,16351412224,655425536,3.9,13844725760,1007501312,1932328960,119062528,2528788480
2026-07-09T06:10:00.978618,17006837760,16349937664,656900096,3.9,13843251200,1007501312,1932328960,119062528,2528788480
2026-07-09T06:10:01.978897,17006837760,16350085120,656752640,3.9,13843251200,1007632384,1932476416,119062528,2528788480
2026-07-09T06:10:02.979120,17006837760,16350806016,656031744,3.9,13843972096,1007632384,1932476416,119062528,2528788480
2026-07-09T06:10:03.979344,17006837760,16351379456,655458304,3.9,13844545536,1007632384,1932476416,119062528,2528788480
2026-07-09T06:10:04.979561,17006837760,16350887936,655949824,3.9,13844054016,1007632384,1932476416,119062528,2528788480
2026-07-09T06:10:05.979897,17006837760,16351805440,655032320,3.9,13844971520,1007632384,1932476416,119062528,2528788480
2026-07-09T06:10:06.980209,17006837760,16351559680,655278080,3.9,13844725760,1007632384,1932476416,119062528,2528804864
2026-07-09T06:10:07.980442,17006837760,16351789056,655048704,3.9,13844955136,1007632384,1932476416,119062528,2528804864
2026-07-09T06:10:08.980671,17006837760,16351772672,655065088,3.9,13844938752,1007632384,1932476416,119062528,2528804864
2026-07-09T06:10:09.980897,17006837760,16350543872,656293888,3.9,13843709952,1007632384,1932476416,119062528,2528804864
2026-07-09T06:10:10.981121,17006837760,16351019008,655818752,3.9,13844185088,1007632384,1932476416,119062528,2528804864
2026-07-09T06:10:11.981414,17006837760,16351248384,655589376,3.9,13844414464,1007714304,1932476416,119062528,2528804864
2026-07-09T06:10:12.981699,17006837760,16352231424,654606336,3.8,13845397504,1007714304,1932476416,119062528,2528804864
2026-07-09T06:10:13.981990,17006837760,16351526912,655310848,3.9,13844692992,1007714304,1932476416,119062528,2528804864
2026-07-09T06:10:14.982340,17006837760,16351756288,655081472,3.9,13844922368,1007714304,1932476416,119062528,2528804864
2026-07-09T06:10:15.982730,17006837760,16352706560,654131200,3.8,13845872640,1007714304,1932476416,119062528,2528804864
2026-07-09T06:10:16.983141,17006837760,16352460800,654376960,3.8,13845626880,1007714304,1932476416,119062528,2528804864
2026-07-09T06:10:17.983522,17006837760,16351952896,654884864,3.9,13845118976,1007714304,1932476416,119062528,2528804864
2026-07-09T06:10:18.983904,17006837760,16351969280,654868480,3.9,13845135360,1007714304,1932476416,119062528,2528804864
2026-07-09T06:10:19.984198,17006837760,16352296960,654540800,3.8,13845463040,1007714304,1932476416,119062528,2528804864
2026-07-09T06:10:20.984445,17006837760,16352460800,654376960,3.8,13845626880,1007714304,1932476416,119062528,2528804864
2026-07-09T06:10:21.984667,17006837760,16352477184,654360576,3.8,13845643264,1007714304,1932476416,119062528,2528804864
2026-07-09T06:10:22.984878,17006837760,16352919552,653918208,3.8,13846085632,1007714304,1932476416,119062528,2528804864
2026-07-09T06:10:23.985097,17006837760,16352673792,654163968,3.8,13845839872,1007714304,1932476416,119062528,2528804864
2026-07-09T06:10:24.985324,17006837760,16351690752,655147008,3.9,13844856832,1007714304,1932476416,119062528,2528821248
2026-07-09T06:10:25.985598,17006837760,16352198656,654639104,3.8,13845364736,1007714304,1932476416,119062528,2528821248
2026-07-09T06:10:26.985829,17006837760,16352903168,653934592,3.8,13846069248,1007714304,1932476416,119062528,2528821248
2026-07-09T06:10:27.986046,17006837760,16352903168,653934592,3.8,13846069248,1007714304,1932476416,119062528,2528821248
2026-07-09T06:10:28.986272,17006837760,16352903168,653934592,3.8,13846069248,1007714304,1932476416,119062528,2528821248
2026-07-09T06:10:29.986492,17006837760,16352165888,654671872,3.8,13845331968,1007714304,1932476416,119062528,2528821248
2026-07-09T06:10:30.986764,17006837760,16351428608,655409152,3.9,13844594688,1007714304,1932476416,119062528,2528821248
2026-07-09T06:10:31.987063,17006837760,16352018432,654819328,3.9,13845086208,1007747072,1932574720,119062528,2528821248
2026-07-09T06:10:32.987353,17006837760,16352346112,654491648,3.8,13845413888,1007747072,1932574720,119062528,2528821248
2026-07-09T06:10:33.987638,17006837760,16351838208,654999552,3.9,13844905984,1007747072,1932574720,119062528,2528821248
2026-07-09T06:10:34.987922,17006837760,16347840512,658997248,3.9,13840908288,1007747072,1932574720,119062528,2528821248
2026-07-09T06:10:35.988220,17006837760,16347840512,658997248,3.9,13840908288,1007747072,1932574720,119062528,2528821248
2026-07-09T06:10:36.988520,17006837760,16349298688,657539072,3.9,13842366464,1007747072,1932574720,119062528,2528821248
2026-07-09T06:10:37.988823,17006837760,16350281728,656556032,3.9,13843349504,1007747072,1932574720,119062528,2528821248
2026-07-09T06:10:38.989113,17006837760,16350281728,656556032,3.9,13843349504,1007747072,1932574720,119062528,2528821248
2026-07-09T06:10:39.989409,17006837760,16350298112,656539648,3.9,13843365888,1007747072,1932574720,119062528,2528821248
2026-07-09T06:10:40.989695,17006837760,16350543872,656293888,3.9,13843611648,1007747072,1932574720,119062528,2528837632
2026-07-09T06:10:41.989987,17006837760,16351035392,655802368,3.9,13844103168,1007747072,1932574720,119062528,2528837632
2026-07-09T06:10:42.990279,17006837760,16352493568,654344192,3.8,13845561344,1007747072,1932574720,119062528,2528837632
2026-07-09T06:10:43.990573,17006837760,16352739328,654098432,3.8,13845807104,1007747072,1932574720,119062528,2528837632
2026-07-09T06:10:44.990858,17006837760,16352968704,653869056,3.8,13846036480,1007747072,1932574720,119062528,2528837632
2026-07-09T06:10:45.991156,17006837760,16352968704,653869056,3.8,13846036480,1007747072,1932574720,119062528,2528837632
2026-07-09T06:10:46.991470,17006837760,16352231424,654606336,3.8,13845299200,1007747072,1932574720,119062528,2528837632
2026-07-09T06:10:47.991761,17006837760,16352018432,654819328,3.9,13845069824,1007812608,1932591104,119062528,2528837632
2026-07-09T06:10:48.992053,17006837760,16351035392,655802368,3.9,13844086784,1007812608,1932591104,119062528,2528837632
2026-07-09T06:10:49.992293,17006837760,16351592448,655245312,3.9,13844643840,1007812608,1932591104,119062528,2528837632
2026-07-09T06:10:50.992517,17006837760,16351346688,655491072,3.9,13844398080,1007812608,1932591104,119062528,2528837632
2026-07-09T06:10:51.992745,17006837760,16351346688,655491072,3.9,13844398080,1007812608,1932591104,119062528,2528837632
2026-07-09T06:10:52.992968,17006837760,16351330304,655507456,3.9,13844381696,1007812608,1932591104,119062528,2528837632
2026-07-09T06:10:53.993211,17006837760,16351084544,655753216,3.9,13844135936,1007812608,1932591104,119062528,2528837632
2026-07-09T06:10:54.993504,17006837760,16351084544,655753216,3.9,13844135936,1007812608,1932591104,119062528,2528837632
2026-07-09T06:10:55.993789,17006837760,16351330304,655507456,3.9,13844381696,1007812608,1932591104,119062528,2528837632
2026-07-09T06:10:56.994024,17006837760,16351330304,655507456,3.9,13844381696,1007812608,1932591104,119062528,2528837632
2026-07-09T06:10:57.994246,17006837760,16352083968,654753792,3.8,13845135360,1007812608,1932591104,119062528,2528837632
2026-07-09T06:10:58.994473,17006837760,16350855168,655982592,3.9,13843906560,1007812608,1932591104,119062528,2528854016
2026-07-09T06:10:59.994698,17006837760,16349626368,657211392,3.9,13842677760,1007812608,1932591104,119062528,2528854016
2026-07-09T06:11:00.994978,17006837760,16350363648,656474112,3.9,13843415040,1007812608,1932591104,119062528,2528854016
2026-07-09T06:11:01.995273,17006837760,16347627520,659210240,3.9,13840678912,1007812608,1932591104,119062528,2528854016
2026-07-09T06:11:02.995512,17006837760,16347545600,659292160,3.9,13840580608,1007992832,1932607488,119062528,2528854016
2026-07-09T06:11:03.995742,17006837760,16347545600,659292160,3.9,13840580608,1007992832,1932607488,119062528,2528854016
2026-07-09T06:11:04.995970,17006837760,16348774400,658063360,3.9,13841809408,1007992832,1932607488,119062528,2528854016
2026-07-09T06:11:05.996194,17006837760,16349986816,656850944,3.9,13843021824,1007992832,1932607488,119062528,2528854016
2026-07-09T06:11:06.996475,17006837760,16349741056,657096704,3.9,13842776064,1007992832,1932607488,119062528,2528854016
2026-07-09T06:11:07.996776,17006837760,16348741632,658096128,3.9,13841776640,1007992832,1932607488,119062528,2528854016
2026-07-09T06:11:08.997086,17006837760,16350199808,656637952,3.9,13843234816,1007992832,1932607488,119062528,2528854016
2026-07-09T06:11:09.997401,17006837760,16351428608,655409152,3.9,13844463616,1007992832,1932607488,119062528,2528854016
2026-07-09T06:11:10.997698,17006837760,16351936512,654901248,3.9,13844971520,1007992832,1932607488,119062528,2528854016
2026-07-09T06:11:11.997993,17006837760,16351952896,654884864,3.9,13844987904,1007992832,1932607488,119062528,2528854016
2026-07-09T06:11:12.998233,17006837760,16351707136,655130624,3.9,13844742144,1007992832,1932607488,119062528,2528854016
2026-07-09T06:11:13.998460,17006837760,16351969280,654868480,3.9,13845004288,1007992832,1932607488,119062528,2528854016
2026-07-09T06:11:14.998682,17006837760,16351723520,655114240,3.9,13844758528,1007992832,1932607488,119062528,2528870400
2026-07-09T06:11:15.998901,17006837760,16351952896,654884864,3.9,13844987904,1007992832,1932607488,119062528,2528870400
2026-07-09T06:11:16.999188,17006837760,16352428032,654409728,3.8,13845463040,1007992832,1932607488,119062528,2528870400
2026-07-09T06:11:17.999423,17006837760,16352182272,654655488,3.8,13845217280,1007992832,1932607488,119062528,2528870400
2026-07-09T06:11:18.999644,17006837760,16352165888,654671872,3.8,13845200896,1007992832,1932607488,119062528,2528870400
2026-07-09T06:11:19.999864,17006837760,16352804864,654032896,3.8,13845839872,1007992832,1932607488,119062528,2528870400
2026-07-09T06:11:21.000085,17006837760,16352804864,654032896,3.8,13845839872,1007992832,1932607488,119062528,2528870400
2026-07-09T06:11:22.000306,17006837760,16353050624,653787136,3.8,13846085632,1007992832,1932607488,119062528,2528870400
2026-07-09T06:11:23.000575,17006837760,16351887360,654950400,3.9,13844922368,1007992832,1932607488,119062528,2528870400
2026-07-09T06:11:24.000811,17006837760,16351903744,654934016,3.9,13844922368,1008025600,1932623872,119062528,2528870400
2026-07-09T06:11:25.001031,17006837760,16350920704,655917056,3.9,13843939328,1008025600,1932623872,119062528,2528870400
2026-07-09T06:11:26.001262,17006837760,16350576640,656261120,3.9,13843595264,1008025600,1932623872,119062528,2528870400
2026-07-09T06:11:27.001489,17006837760,16348856320,657981440,3.9,13841874944,1008025600,1932623872,119062528,2528870400
2026-07-09T06:11:28.001825,17006837760,16349593600,657244160,3.9,13842612224,1008025600,1932623872,119062528,2528870400
2026-07-09T06:11:29.002130,17006837760,16350855168,655982592,3.9,13843873792,1008025600,1932623872,119062528,2528870400
2026-07-09T06:11:30.002431,17006837760,16350855168,655982592,3.9,13843873792,1008025600,1932623872,119062528,2528870400
2026-07-09T06:11:31.002732,17006837760,16351494144,655343616,3.9,13844512768,1008025600,1932623872,119062528,2528870400
2026-07-09T06:11:32.003028,17006837760,16352395264,654442496,3.8,13845413888,1008025600,1932623872,119062528,2528886784
2026-07-09T06:11:33.003328,17006837760,16352886784,653950976,3.8,13845905408,1008025600,1932623872,119062528,2528886784
2026-07-09T06:11:34.003641,17006837760,16353116160,653721600,3.8,13846134784,1008025600,1932623872,119062528,2528886784
2026-07-09T06:11:35.003935,17006837760,16352624640,654213120,3.8,13845643264,1008074752,1932623872,119062528,2528886784
2026-07-09T06:11:36.004171,17006837760,16352624640,654213120,3.8,13845643264,1008074752,1932623872,119062528,2528886784
2026-07-09T06:11:37.004397,17006837760,16352624640,654213120,3.8,13845643264,1008074752,1932623872,119062528,2528886784
2026-07-09T06:11:38.004622,17006837760,16353132544,653705216,3.8,13846151168,1008074752,1932623872,119062528,2528886784
2026-07-09T06:11:39.004851,17006837760,16353132544,653705216,3.8,13846151168,1008074752,1932623872,119062528,2528886784
2026-07-09T06:11:40.005139,17006837760,16352886784,653950976,3.8,13845905408,1008074752,1932623872,119062528,2528886784
2026-07-09T06:11:41.005451,17006837760,16352886784,653950976,3.8,13845905408,1008074752,1932623872,119062528,2528886784
2026-07-09T06:11:42.005748,17006837760,16352378880,654458880,3.8,13845397504,1008074752,1932623872,119062528,2528886784
2026-07-09T06:11:43.005984,17006837760,16352378880,654458880,3.8,13845397504,1008074752,1932623872,119062528,2528886784
2026-07-09T06:11:44.006212,17006837760,16353083392,653754368,3.8,13846102016,1008074752,1932623872,119062528,2528886784
2026-07-09T06:11:45.006440,17006837760,16352100352,654737408,3.8,13845118976,1008074752,1932623872,119062528,2528886784
2026-07-09T06:11:46.006667,17006837760,16352100352,654737408,3.8,13845118976,1008074752,1932623872,119062528,2528886784
2026-07-09T06:11:47.006931,17006837760,16352624640,654213120,3.8,13845643264,1008074752,1932623872,119062528,2528886784
2026-07-09T06:11:48.007165,17006837760,16352133120,654704640,3.8,13845151744,1008074752,1932623872,119062528,2528886784
2026-07-09T06:11:49.007410,17006837760,16351150080,655687680,3.9,13844168704,1008074752,1932623872,119062528,2528903168
2026-07-09T06:11:50.007638,17006837760,16350085120,656752640,3.9,13843103744,1008074752,1932623872,119062528,2528903168
2026-07-09T06:11:51.007864,17006837760,16350330880,656506880,3.9,13843349504,1008074752,1932623872,119062528,2528903168
2026-07-09T06:11:52.008136,17006837760,16349102080,657735680,3.9,13842120704,1008074752,1932623872,119062528,2528903168
2026-07-09T06:11:53.008436,17006837760,16348594176,658243584,3.9,13841612800,1008074752,1932623872,119062528,2528903168
2026-07-09T06:11:54.008734,17006837760,16348839936,657997824,3.9,13841858560,1008074752,1932623872,119062528,2528903168
2026-07-09T06:11:55.009015,17006837760,16350396416,656441344,3.9,13843415040,1008074752,1932623872,119062528,2528903168
2026-07-09T06:11:56.009326,17006837760,16350904320,655933440,3.9,13843922944,1008074752,1932623872,119062528,2528903168
2026-07-09T06:11:57.009573,17006837760,16349659136,657178624,3.9,13842677760,1008074752,1932623872,119062528,2528903168
2026-07-09T06:11:58.009800,17006837760,16349380608,657457152,3.9,13842399232,1008074752,1932623872,119062528,2528903168
2026-07-09T06:11:59.010087,17006837760,16350330880,656506880,3.9,13843349504,1008123904,1932623872,119062528,2528903168
2026-07-09T06:12:00.010368,17006837760,16349102080,657735680,3.9,13842120704,1008123904,1932623872,119062528,2528903168
2026-07-09T06:12:01.010591,17006837760,16349822976,657014784,3.9,13842841600,1008123904,1932623872,119062528,2528903168
2026-07-09T06:12:02.010874,17006837760,16350822400,656015360,3.9,13843841024,1008123904,1932623872,119062528,2528903168
2026-07-09T06:12:03.011180,17006837760,16351281152,655556608,3.9,13844299776,1008123904,1932623872,119062528,2528903168
2026-07-09T06:12:04.011476,17006837760,16351035392,655802368,3.9,13844054016,1008123904,1932623872,119062528,2528903168
2026-07-09T06:12:05.011721,17006837760,16351576064,655261696,3.9,13844529152,1008140288,1932689408,119062528,2528903168
2026-07-09T06:12:06.011947,17006837760,16351576064,655261696,3.9,13844529152,1008140288,1932689408,119062528,2528919552
2026-07-09T06:12:07.012189,17006837760,16351576064,655261696,3.9,13844529152,1008140288,1932689408,119062528,2528919552
2026-07-09T06:12:08.012424,17006837760,16351494144,655343616,3.9,13844447232,1008140288,1932689408,119062528,2528919552
2026-07-09T06:12:09.012692,17006837760,16351019008,655818752,3.9,13843972096,1008140288,1932689408,119062528,2528919552
2026-07-09T06:12:10.012985,17006837760,16351117312,655720448,3.9,13844070400,1008140288,1932689408,119062528,2528919552
2026-07-09T06:12:11.013281,17006837760,16351854592,654983168,3.9,13844807680,1008140288,1932689408,119062528,2528919552
2026-07-09T06:12:12.013569,17006837760,16351854592,654983168,3.9,13844807680,1008140288,1932689408,119062528,2528919552
2026-07-09T06:12:13.013865,17006837760,16352690176,654147584,3.8,13845643264,1008140288,1932689408,119062528,2528919552
2026-07-09T06:12:14.014111,17006837760,16353017856,653819904,3.8,13845970944,1008140288,1932689408,119062528,2528919552
2026-07-09T06:12:15.014334,17006837760,16350806016,656031744,3.9,13843759104,1008140288,1932689408,119062528,2528919552
2026-07-09T06:12:16.014558,17006837760,16349331456,657506304,3.9,13842284544,1008140288,1932689408,119062528,2528919552
2026-07-09T06:12:17.014847,17006837760,16347381760,659456000,3.9,13840334848,1008140288,1932689408,119062528,2528919552
2026-07-09T06:12:18.015078,17006837760,16347136000,659701760,3.9,13840089088,1008140288,1932689408,119062528,2528919552
2026-07-09T06:12:19.015359,17006837760,16348856320,657981440,3.9,13841809408,1008140288,1932689408,119062528,2528919552
2026-07-09T06:12:20.015665,17006837760,16349118464,657719296,3.9,13842071552,1008140288,1932689408,119062528,2528919552
2026-07-09T06:12:21.015972,17006837760,16348889088,657948672,3.9,13841842176,1008140288,1932689408,119062528,2528919552
2026-07-09T06:12:22.016267,17006837760,16349609984,657227776,3.9,13842563072,1008140288,1932689408,119062528,2528935936
2026-07-09T06:12:23.016587,17006837760,16349102080,657735680,3.9,13842055168,1008140288,1932689408,119062528,2528935936
2026-07-09T06:12:24.016903,17006837760,16349593600,657244160,3.9,13842546688,1008140288,1932689408,119062528,2528935936
2026-07-09T06:12:25.017206,17006837760,16350347264,656490496,3.9,13843300352,1008140288,1932689408,119062528,2528935936
2026-07-09T06:12:26.017519,17006837760,16351346688,655491072,3.9,13844299776,1008140288,1932689408,119062528,2528935936
2026-07-09T06:12:27.017822,17006837760,16351576064,655261696,3.9,13844529152,1008140288,1932689408,119062528,2528935936
2026-07-09T06:12:28.018127,17006837760,16352460800,654376960,3.8,13845413888,1008140288,1932689408,119062528,2528935936
2026-07-09T06:12:29.018431,17006837760,16351969280,654868480,3.9,13844922368,1008140288,1932689408,119062528,2528935936
2026-07-09T06:12:30.018720,17006837760,16351494144,655343616,3.9,13844447232,1008140288,1932689408,119062528,2528935936
2026-07-09T06:12:31.018964,17006837760,16351494144,655343616,3.9,13844447232,1008140288,1932689408,119062528,2528935936
2026-07-09T06:12:32.019213,17006837760,16352526336,654311424,3.8,13845479424,1008140288,1932689408,119062528,2528935936
2026-07-09T06:12:33.019522,17006837760,16352280576,654557184,3.8,13845233664,1008140288,1932689408,119062528,2528935936
2026-07-09T06:12:34.019817,17006837760,16352280576,654557184,3.8,13845233664,1008140288,1932689408,119062528,2528935936
2026-07-09T06:12:35.020108,17006837760,16352411648,654426112,3.8,13845364736,1008140288,1932689408,119062528,2528935936
2026-07-09T06:12:36.020446,17006837760,16351936512,654901248,3.9,13844889600,1008140288,1932689408,119062528,2528935936
2026-07-09T06:12:37.020691,17006837760,16351690752,655147008,3.9,13844643840,1008140288,1932689408,119062528,2528935936
2026-07-09T06:12:38.020920,17006837760,16350543872,656293888,3.9,13843496960,1008140288,1932689408,119062528,2528935936
2026-07-09T06:12:39.021214,17006837760,16349822976,657014784,3.9,13842776064,1008140288,1932689408,119062528,2528935936
2026-07-09T06:12:40.021536,17006837760,16349609984,657227776,3.9,13842530304,1008320512,1932722176,119062528,2528952320
2026-07-09T06:12:41.021767,17006837760,16349855744,656982016,3.9,13842776064,1008320512,1932722176,119062528,2528952320
2026-07-09T06:12:42.022055,17006837760,16350265344,656572416,3.9,13843185664,1008320512,1932722176,119062528,2528952320
2026-07-09T06:12:43.022371,17006837760,16350003200,656834560,3.9,13842923520,1008320512,1932722176,119062528,2528952320
2026-07-09T06:12:44.022679,17006837760,16350822400,656015360,3.9,13843742720,1008320512,1932722176,119062528,2528952320
2026-07-09T06:12:45.022932,17006837760,16351543296,655294464,3.9,13844463616,1008320512,1932722176,119062528,2528952320
2026-07-09T06:12:46.023161,17006837760,16352034816,654802944,3.9,13844955136,1008320512,1932722176,119062528,2528952320
2026-07-09T06:12:47.023388,17006837760,16349560832,657276928,3.9,13842481152,1008320512,1932722176,119062528,2528952320
2026-07-09T06:12:48.023615,17006837760,16349364224,657473536,3.9,13842284544,1008320512,1932722176,119062528,2528952320
2026-07-09T06:12:49.023839,17006837760,16349757440,657080320,3.9,13842677760,1008320512,1932722176,119062528,2528952320
2026-07-09T06:12:50.024114,17006837760,16350330880,656506880,3.9,13843251200,1008320512,1932722176,119062528,2528952320
2026-07-09T06:12:51.024412,17006837760,16350330880,656506880,3.9,13843251200,1008320512,1932722176,119062528,2528952320
2026-07-09T06:12:52.024714,17006837760,16350330880,656506880,3.9,13843251200,1008320512,1932722176,119062528,2528952320
2026-07-09T06:12:53.025029,17006837760,16350068736,656769024,3.9,13842989056,1008320512,1932722176,119062528,2528952320
2026-07-09T06:12:54.025346,17006837760,16349331456,657506304,3.9,13842251776,1008320512,1932722176,119062528,2528952320
2026-07-09T06:12:55.025603,17006837760,16349085696,657752064,3.9,13842006016,1008320512,1932722176,119062528,2528952320
2026-07-09T06:12:56.025833,17006837760,16349446144,657391616,3.9,13842350080,1008369664,1932738560,119062528,2528952320
2026-07-09T06:12:57.026057,17006837760,16349609984,657227776,3.9,13842513920,1008369664,1932738560,119062528,2528968704
2026-07-09T06:12:58.026294,17006837760,16349609984,657227776,3.9,13842513920,1008369664,1932738560,119062528,2528968704
2026-07-09T06:12:59.026524,17006837760,16348807168,658030592,3.9,13841711104,1008369664,1932738560,119062528,2528968704
2026-07-09T06:13:00.026784,17006837760,16346152960,660684800,3.9,13839056896,1008369664,1932738560,119062528,2528968704
2026-07-09T06:13:01.027067,17006837760,16343744512,663093248,3.9,13836648448,1008369664,1932738560,119062528,2528968704
2026-07-09T06:13:02.027370,17006837760,16344072192,662765568,3.9,13836959744,1008369664,1932754944,119062528,2528968704
2026-07-09T06:13:03.027681,17006837760,16344334336,662503424,3.9,13837221888,1008369664,1932754944,119062528,2528968704
2026-07-09T06:13:04.027990,17006837760,16345399296,661438464,3.9,13838286848,1008369664,1932754944,119062528,2528968704
2026-07-09T06:13:05.028315,17006837760,16346824704,660013056,3.9,13839712256,1008369664,1932754944,119062528,2528968704
2026-07-09T06:13:06.028605,17006837760,16346857472,659980288,3.9,13839745024,1008369664,1932754944,119062528,2528968704
2026-07-09T06:13:07.028849,17006837760,16347627520,659210240,3.9,13840498688,1008402432,1932771328,119062528,2528968704
2026-07-09T06:13:08.029073,17006837760,16348364800,658472960,3.9,13841235968,1008402432,1932771328,119062528,2528968704
2026-07-09T06:13:09.029312,17006837760,16348741632,658096128,3.9,13841612800,1008402432,1932771328,119062528,2528968704
2026-07-09T06:13:10.029613,17006837760,16348758016,658079744,3.9,13841629184,1008402432,1932771328,119062528,2528968704
2026-07-09T06:13:11.029908,17006837760,16348839936,657997824,3.9,13841711104,1008402432,1932771328,119062528,2528968704
2026-07-09T06:13:12.030184,17006837760,16349593600,657244160,3.9,13842464768,1008402432,1932771328,119062528,2528968704
2026-07-09T06:13:13.030443,17006837760,16349741056,657096704,3.9,13842612224,1008402432,1932771328,119062528,2528985088
2026-07-09T06:13:14.030673,17006837760,16350330880,656506880,3.9,13843202048,1008402432,1932771328,119062528,2528985088
2026-07-09T06:13:15.030899,17006837760,16350806016,656031744,3.9,13843677184,1008402432,1932771328,119062528,2528985088
2026-07-09T06:13:16.031127,17006837760,16350806016,656031744,3.9,13843677184,1008402432,1932771328,119062528,2528985088
2026-07-09T06:13:17.031355,17006837760,16350560256,656277504,3.9,13843431424,1008402432,1932771328,119062528,2528985088
2026-07-09T06:13:18.031695,17006837760,16351297536,655540224,3.9,13844168704,1008402432,1932771328,119062528,2528985088
2026-07-09T06:13:19.032039,17006837760,16351297536,655540224,3.9,13844168704,1008402432,1932771328,119062528,2528985088
2026-07-09T06:13:20.032266,17006837760,16351690752,655147008,3.9,13844561920,1008402432,1932771328,119062528,2528985088
2026-07-09T06:13:21.032564,17006837760,16351936512,654901248,3.9,13844807680,1008402432,1932771328,119062528,2528985088
2026-07-09T06:13:22.032793,17006837760,16350953472,655884288,3.9,13843824640,1008402432,1932771328,119062528,2528985088
2026-07-09T06:13:23.033019,17006837760,16350953472,655884288,3.9,13843824640,1008402432,1932771328,119062528,2528985088
2026-07-09T06:13:24.033317,17006837760,16351707136,655130624,3.9,13844578304,1008402432,1932771328,119062528,2528985088
2026-07-09T06:13:25.033620,17006837760,16350478336,656359424,3.9,13843349504,1008402432,1932771328,119062528,2528985088
2026-07-09T06:13:26.033915,17006837760,16350461952,656375808,3.9,13843333120,1008402432,1932771328,119062528,2528985088
2026-07-09T06:13:27.034197,17006837760,16351592448,655245312,3.9,13844463616,1008402432,1932771328,119062528,2528985088
2026-07-09T06:13:28.034497,17006837760,16351838208,654999552,3.9,13844709376,1008402432,1932771328,119062528,2528985088
2026-07-09T06:13:29.034810,17006837760,16349626368,657211392,3.9,13842497536,1008402432,1932771328,119062528,2528985088
2026-07-09T06:13:30.035064,17006837760,16348119040,658718720,3.9,13840990208,1008402432,1932771328,119062528,2529001472
2026-07-09T06:13:31.035294,17006837760,16348119040,658718720,3.9,13840990208,1008402432,1932771328,119062528,2529001472
2026-07-09T06:13:32.035524,17006837760,16349364224,657473536,3.9,13842235392,1008402432,1932771328,119062528,2529001472
2026-07-09T06:13:33.035755,17006837760,16348217344,658620416,3.9,13841088512,1008402432,1932771328,119062528,2529001472
2026-07-09T06:13:34.035987,17006837760,16348446720,658391040,3.9,13841317888,1008402432,1932771328,119062528,2529001472
2026-07-09T06:13:35.036276,17006837760,16349446144,657391616,3.9,13842317312,1008402432,1932771328,119062528,2529001472
2026-07-09T06:13:36.036580,17006837760,16349200384,657637376,3.9,13842071552,1008402432,1932771328,119062528,2529001472
2026-07-09T06:13:37.036830,17006837760,16348725248,658112512,3.9,13841596416,1008402432,1932771328,119062528,2529001472
2026-07-09T06:13:38.037056,17006837760,16348413952,658423808,3.9,13841285120,1008402432,1932771328,119062528,2529001472
2026-07-09T06:13:39.037261,17006837760,16348413952,658423808,3.9,13841285120,1008402432,1932771328,119062528,2529001472
2026-07-09T06:13:40.037553,17006837760,16348938240,657899520,3.9,13841809408,1008402432,1932771328,119062528,2529001472
2026-07-09T06:13:41.037939,17006837760,16349511680,657326080,3.9,13842382848,1008402432,1932771328,119062528,2529001472
2026-07-09T06:13:42.038280,17006837760,16350986240,655851520,3.9,13843857408,1008402432,1932771328,119062528,2529001472
2026-07-09T06:13:43.038587,17006837760,16351444992,655392768,3.9,13844316160,1008402432,1932771328,119062528,2529001472
2026-07-09T06:13:44.038864,17006837760,16351969280,654868480,3.9,13844840448,1008402432,1932771328,119062528,2529001472
2026-07-09T06:13:45.039143,17006837760,16351477760,655360000,3.9,13844348928,1008402432,1932771328,119062528,2529001472
2026-07-09T06:13:46.039427,17006837760,16351477760,655360000,3.9,13844348928,1008402432,1932771328,119062528,2529001472
2026-07-09T06:13:47.039711,17006837760,16350265344,656572416,3.9,13843136512,1008402432,1932771328,119062528,2529017856
2026-07-09T06:13:48.040059,17006837760,16350543872,656293888,3.9,13843398656,1008402432,1932787712,119062528,2529017856
2026-07-09T06:13:49.040425,17006837760,16350789632,656048128,3.9,13843644416,1008402432,1932787712,119062528,2529017856
2026-07-09T06:13:50.040797,17006837760,16350281728,656556032,3.9,13843136512,1008402432,1932787712,119062528,2529017856
2026-07-09T06:13:51.041182,17006837760,16350838784,655998976,3.9,13843693568,1008402432,1932787712,119062528,2529017856
2026-07-09T06:13:52.041512,17006837760,16351674368,655163392,3.9,13844529152,1008402432,1932787712,119062528,2529017856
2026-07-09T06:13:53.041798,17006837760,16351444992,655392768,3.9,13844299776,1008418816,1932787712,119062528,2529017856
2026-07-09T06:13:54.042081,17006837760,16350937088,655900672,3.9,13843791872,1008418816,1932787712,119062528,2529017856
2026-07-09T06:13:55.042364,17006837760,16348479488,658358272,3.9,13841334272,1008418816,1932787712,119062528,2529017856
2026-07-09T06:13:56.042648,17006837760,16348971008,657866752,3.9,13841825792,1008418816,1932787712,119062528,2529017856
2026-07-09T06:13:57.042990,17006837760,16347234304,659603456,3.9,13840089088,1008418816,1932787712,119062528,2529017856
2026-07-09T06:13:58.043357,17006837760,16343302144,663535616,3.9,13836156928,1008418816,1932787712,119062528,2529017856
2026-07-09T06:13:59.043731,17006837760,16344203264,662634496,3.9,13837058048,1008418816,1932787712,119062528,2529017856
2026-07-09T06:14:00.044102,17006837760,16344711168,662126592,3.9,13837565952,1008418816,1932787712,119062528,2529017856
2026-07-09T06:14:01.044474,17006837760,16344956928,661880832,3.9,13837811712,1008418816,1932787712,119062528,2529017856
2026-07-09T06:14:02.044828,17006837760,16346660864,660176896,3.9,13839515648,1008418816,1932787712,119062528,2529017856
2026-07-09T06:14:03.045137,17006837760,16347807744,659030016,3.9,13840662528,1008418816,1932787712,119062528,2529017856
2026-07-09T06:14:04.045416,17006837760,16347496448,659341312,3.9,13840351232,1008418816,1932787712,119062528,2529034240
2026-07-09T06:14:05.045697,17006837760,16346923008,659914752,3.9,13839777792,1008418816,1932787712,119062528,2529034240
2026-07-09T06:14:06.045978,17006837760,16347545600,659292160,3.9,13840400384,1008418816,1932787712,119062528,2529034240
2026-07-09T06:14:07.046260,17006837760,16349020160,657817600,3.9,13841874944,1008418816,1932787712,119062528,2529034240
2026-07-09T06:14:08.046610,17006837760,16349282304,657555456,3.9,13842137088,1008418816,1932787712,119062528,2529034240
2026-07-09T06:14:09.046982,17006837760,16349364224,657473536,3.9,13842219008,1008418816,1932787712,119062528,2529034240
2026-07-09T06:14:10.047349,17006837760,16349036544,657801216,3.9,13841891328,1008418816,1932787712,119062528,2529034240
2026-07-09T06:14:11.047656,17006837760,16348790784,658046976,3.9,13841645568,1008418816,1932787712,119062528,2529034240
2026-07-09T06:14:12.047938,17006837760,16349773824,657063936,3.9,13842628608,1008418816,1932787712,119062528,2529034240
2026-07-09T06:14:13.048219,17006837760,16350527488,656310272,3.9,13843382272,1008418816,1932787712,119062528,2529034240
2026-07-09T06:14:14.048502,17006837760,16350445568,656392192,3.9,13843300352,1008418816,1932787712,119062528,2529034240
2026-07-09T06:14:15.048787,17006837760,16351019008,655818752,3.9,13843873792,1008418816,1932787712,119062528,2529034240
2026-07-09T06:14:16.049072,17006837760,16351756288,655081472,3.9,13844611072,1008418816,1932787712,119062528,2529034240
2026-07-09T06:14:17.049356,17006837760,16351264768,655572992,3.9,13844119552,1008418816,1932787712,119062528,2529034240
2026-07-09T06:14:18.049703,17006837760,16351264768,655572992,3.9,13844119552,1008418816,1932787712,119062528,2529034240
2026-07-09T06:14:19.050047,17006837760,16351264768,655572992,3.9,13844119552,1008418816,1932787712,119062528,2529034240
2026-07-09T06:14:20.050398,17006837760,16351444992,655392768,3.9,13844283392,1008435200,1932804096,119062528,2529034240
2026-07-09T06:14:21.050751,17006837760,16351739904,655097856,3.9,13844578304,1008435200,1932804096,119062528,2529050624
2026-07-09T06:14:22.051058,17006837760,16349020160,657817600,3.9,13841858560,1008435200,1932804096,119062528,2529050624
2026-07-09T06:14:23.051338,17006837760,16348528640,658309120,3.9,13841367040,1008435200,1932804096,119062528,2529050624
2026-07-09T06:14:24.051683,17006837760,16348545024,658292736,3.9,13841383424,1008435200,1932804096,119062528,2529050624
2026-07-09T06:14:25.051969,17006837760,16348938240,657899520,3.9,13841776640,1008435200,1932804096,119062528,2529050624
2026-07-09T06:14:26.052254,17006837760,16349184000,657653760,3.9,13842022400,1008435200,1932804096,119062528,2529050624
2026-07-09T06:14:27.052602,17006837760,16349708288,657129472,3.9,13842546688,1008435200,1932804096,119062528,2529050624
2026-07-09T06:14:28.052946,17006837760,16349954048,656883712,3.9,13842792448,1008435200,1932804096,119062528,2529050624
2026-07-09T06:14:29.053316,17006837760,16349691904,657145856,3.9,13842530304,1008435200,1932804096,119062528,2529050624
2026-07-09T06:14:30.053626,17006837760,16350167040,656670720,3.9,13842989056,1008517120,1932820480,119062528,2529050624
2026-07-09T06:14:31.053908,17006837760,16350412800,656424960,3.9,13843234816,1008517120,1932820480,119062528,2529050624
2026-07-09T06:14:32.054190,17006837760,16350986240,655851520,3.9,13843808256,1008517120,1932820480,119062528,2529050624
2026-07-09T06:14:33.054541,17006837760,16350494720,656343040,3.9,13843316736,1008517120,1932820480,119062528,2529050624
2026-07-09T06:14:34.054819,17006837760,16350969856,655867904,3.9,13843791872,1008517120,1932820480,119062528,2529050624
2026-07-09T06:14:35.055154,17006837760,16351674368,655163392,3.9,13844496384,1008517120,1932820480,119062528,2529050624
2026-07-09T06:14:36.055451,17006837760,16351674368,655163392,3.9,13844496384,1008517120,1932820480,119062528,2529050624
2026-07-09T06:14:37.055741,17006837760,16351920128,654917632,3.9,13844742144,1008517120,1932820480,119062528,2529050624
2026-07-09T06:14:38.056019,17006837760,16351674368,655163392,3.9,13844496384,1008517120,1932820480,119062528,2529067008
2026-07-09T06:14:39.056287,17006837760,16350937088,655900672,3.9,13843759104,1008517120,1932820480,119062528,2529067008
2026-07-09T06:14:40.056565,17006837760,16350691328,656146432,3.9,13843513344,1008517120,1932820480,119062528,2529067008
2026-07-09T06:14:41.056905,17006837760,16350445568,656392192,3.9,13843267584,1008517120,1932820480,119062528,2529067008
2026-07-09T06:14:42.057264,17006837760,16350986240,655851520,3.9,13843808256,1008517120,1932820480,119062528,2529067008
2026-07-09T06:14:43.057626,17006837760,16351215616,655622144,3.9,13844037632,1008517120,1932820480,119062528,2529067008
2026-07-09T06:14:44.057983,17006837760,16351674368,655163392,3.9,13844496384,1008517120,1932820480,119062528,2529067008
2026-07-09T06:14:45.058351,17006837760,16352133120,654704640,3.8,13844955136,1008517120,1932820480,119062528,2529067008
2026-07-09T06:14:46.058713,17006837760,16350658560,656179200,3.9,13843480576,1008517120,1932820480,119062528,2529067008
2026-07-09T06:14:47.059075,17006837760,16347955200,658882560,3.9,13840777216,1008517120,1932820480,119062528,2529067008
2026-07-09T06:14:48.059443,17006837760,16348233728,658604032,3.9,13841055744,1008517120,1932820480,119062528,2529067008
2026-07-09T06:14:49.059797,17006837760,16349708288,657129472,3.9,13842530304,1008517120,1932820480,119062528,2529067008
2026-07-09T06:14:50.060158,17006837760,16350101504,656736256,3.9,13842923520,1008599040,1932820480,119062528,2529067008
2026-07-09T06:14:51.060519,17006837760,16349609984,657227776,3.9,13842432000,1008599040,1932820480,119062528,2529067008
2026-07-09T06:14:52.060864,17006837760,16349921280,656916480,3.9,13842743296,1008599040,1932820480,119062528,2529067008
2026-07-09T06:14:53.061215,17006837760,16350150656,656687104,3.9,13842972672,1008599040,1932820480,119062528,2529067008
2026-07-09T06:14:54.061603,17006837760,16350380032,656457728,3.9,13843202048,1008599040,1932820480,119062528,2529067008
2026-07-09T06:14:55.061968,17006837760,16350724096,656113664,3.9,13843546112,1008599040,1932820480,119062528,2529083392
2026-07-09T06:14:56.062332,17006837760,16351395840,655441920,3.9,13844217856,1008599040,1932820480,119062528,2529083392
2026-07-09T06:14:57.062687,17006837760,16351887360,654950400,3.9,13844692992,1008599040,1932820480,119062528,2529099776
2026-07-09T06:14:58.063037,17006837760,16352116736,654721024,3.8,13844922368,1008599040,1932820480,119062528,2529099776
2026-07-09T06:14:59.063401,17006837760,16351625216,655212544,3.9,13844430848,1008599040,1932820480,119062528,2529099776
2026-07-09T06:15:00.063762,17006837760,16350691328,656146432,3.9,13843496960,1008599040,1932820480,119062528,2529099776
2026-07-09T06:15:01.064069,17006837760,16350691328,656146432,3.9,13843496960,1008599040,1932820480,119062528,2529099776
2026-07-09T06:15:02.064357,17006837760,16351412224,655425536,3.9,13844217856,1008599040,1932820480,119062528,2529099776
2026-07-09T06:15:03.064634,17006837760,16350707712,656130048,3.9,13843513344,1008599040,1932820480,119062528,2529099776
2026-07-09T06:15:04.064913,17006837760,16348954624,657883136,3.9,13841760256,1008599040,1932820480,119062528,2529099776
2026-07-09T06:15:05.065192,17006837760,16349233152,657604608,3.9,13842006016,1008648192,1932853248,119062528,2529099776
2026-07-09T06:15:06.065534,17006837760,16349724672,657113088,3.9,13842497536,1008648192,1932853248,119062528,2529099776
2026-07-09T06:15:07.065891,17006837760,16348495872,658341888,3.9,13841268736,1008648192,1932853248,119062528,2529099776
2026-07-09T06:15:08.066253,17006837760,16348577792,658259968,3.9,13841350656,1008648192,1932853248,119062528,2529099776
2026-07-09T06:15:09.066605,17006837760,16349315072,657522688,3.9,13842087936,1008648192,1932853248,119062528,2529099776
2026-07-09T06:15:10.066904,17006837760,16348315648,658522112,3.9,13841088512,1008648192,1932853248,119062528,2529099776
2026-07-09T06:15:11.067174,17006837760,16348561408,658276352,3.9,13841334272,1008648192,1932853248,119062528,2529099776
2026-07-09T06:15:12.067468,17006837760,16348495872,658341888,3.9,13841268736,1008648192,1932853248,119062528,2529116160
2026-07-09T06:15:13.067819,17006837760,16347987968,658849792,3.9,13840760832,1008648192,1932853248,119062528,2529116160
2026-07-09T06:15:14.068099,17006837760,16347742208,659095552,3.9,13840515072,1008648192,1932853248,119062528,2529116160
2026-07-09T06:15:15.068424,17006837760,16348479488,658358272,3.9,13841252352,1008648192,1932853248,119062528,2529116160
2026-07-09T06:15:16.068717,17006837760,16350199808,656637952,3.9,13842972672,1008648192,1932853248,119062528,2529116160
2026-07-09T06:15:17.069055,17006837760,16350674944,656162816,3.9,13843447808,1008648192,1932853248,119062528,2529116160
2026-07-09T06:15:18.069346,17006837760,16350773248,656064512,3.9,13843546112,1008648192,1932853248,119062528,2529116160
2026-07-09T06:15:19.069622,17006837760,16350855168,655982592,3.9,13843628032,1008648192,1932853248,119062528,2529116160
2026-07-09T06:15:20.069900,17006837760,16351117312,655720448,3.9,13843873792,1008648192,1932869632,119062528,2529116160
2026-07-09T06:15:21.070239,17006837760,16351133696,655704064,3.9,13843890176,1008648192,1932869632,119062528,2529116160
2026-07-09T06:15:22.070581,17006837760,16351133696,655704064,3.9,13843890176,1008648192,1932869632,119062528,2529116160
2026-07-09T06:15:23.070937,17006837760,16351150080,655687680,3.9,13843906560,1008648192,1932869632,119062528,2529116160
2026-07-09T06:15:24.071237,17006837760,16351150080,655687680,3.9,13843906560,1008648192,1932869632,119062528,2529116160
2026-07-09T06:15:25.071514,17006837760,16351150080,655687680,3.9,13843906560,1008648192,1932869632,119062528,2529116160
2026-07-09T06:15:26.071789,17006837760,16351395840,655441920,3.9,13844152320,1008648192,1932869632,119062528,2529116160
2026-07-09T06:15:27.072061,17006837760,16351395840,655441920,3.9,13844152320,1008648192,1932869632,119062528,2529116160
2026-07-09T06:15:28.072344,17006837760,16351395840,655441920,3.9,13844152320,1008648192,1932869632,119062528,2529132544
2026-07-09T06:15:29.072681,17006837760,16351641600,655196160,3.9,13844398080,1008648192,1932869632,119062528,2529132544
2026-07-09T06:15:30.073025,17006837760,16351150080,655687680,3.9,13843906560,1008648192,1932869632,119062528,2529132544
2026-07-09T06:15:31.073374,17006837760,16351379456,655458304,3.9,13844135936,1008648192,1932869632,119062528,2529132544
2026-07-09T06:15:32.073711,17006837760,16352346112,654491648,3.8,13845102592,1008648192,1932869632,119062528,2529132544
2026-07-09T06:15:33.074066,17006837760,16351330304,655507456,3.9,13844086784,1008648192,1932869632,119062528,2529132544
2026-07-09T06:15:34.074365,17006837760,16350838784,655998976,3.9,13843595264,1008648192,1932869632,119062528,2529132544
2026-07-09T06:15:35.074708,17006837760,16348692480,658145280,3.9,13841448960,1008648192,1932869632,119062528,2529132544
2026-07-09T06:15:36.074989,17006837760,16349462528,657375232,3.9,13842219008,1008648192,1932869632,119062528,2529132544
2026-07-09T06:15:37.075267,17006837760,16350855168,655982592,3.9,13843611648,1008648192,1932869632,119062528,2529132544
2026-07-09T06:15:38.075555,17006837760,16350691328,656146432,3.9,13843447808,1008648192,1932869632,119062528,2529132544
2026-07-09T06:15:39.075893,17006837760,16348725248,658112512,3.9,13841481728,1008648192,1932869632,119062528,2529132544
2026-07-09T06:15:40.076355,17006837760,16348725248,658112512,3.9,13841481728,1008648192,1932869632,119062528,2529132544
2026-07-09T06:15:41.076714,17006837760,16349216768,657620992,3.9,13841973248,1008648192,1932869632,119062528,2529132544
2026-07-09T06:15:42.077064,17006837760,16350429184,656408576,3.9,13843185664,1008648192,1932869632,119062528,2529132544
2026-07-09T06:15:43.077424,17006837760,16350429184,656408576,3.9,13843185664,1008648192,1932869632,119062528,2529132544
2026-07-09T06:15:44.077773,17006837760,16351379456,655458304,3.9,13844135936,1008648192,1932869632,119062528,2529132544
2026-07-09T06:15:45.078116,17006837760,16352116736,654721024,3.8,13844873216,1008648192,1932869632,119062528,2529132544
2026-07-09T06:15:46.078472,17006837760,16351133696,655704064,3.9,13843890176,1008648192,1932869632,119062528,2529148928
2026-07-09T06:15:47.078810,17006837760,16350887936,655949824,3.9,13843644416,1008648192,1932869632,119062528,2529148928
2026-07-09T06:15:48.079113,17006837760,16350855168,655982592,3.9,13843611648,1008648192,1932869632,119062528,2529148928
2026-07-09T06:15:49.079394,17006837760,16350347264,656490496,3.9,13843103744,1008648192,1932869632,119062528,2529148928
2026-07-09T06:15:50.079678,17006837760,16349609984,657227776,3.9,13842366464,1008648192,1932869632,119062528,2529148928
2026-07-09T06:15:51.079960,17006837760,16349855744,656982016,3.9,13842612224,1008648192,1932869632,119062528,2529148928
2026-07-09T06:15:52.080242,17006837760,16349855744,656982016,3.9,13842612224,1008648192,1932869632,119062528,2529148928
2026-07-09T06:15:53.080583,17006837760,16350363648,656474112,3.9,13843120128,1008648192,1932869632,119062528,2529148928
2026-07-09T06:15:54.080950,17006837760,16350117888,656719872,3.9,13842874368,1008648192,1932869632,119062528,2529148928
2026-07-09T06:15:55.081414,17006837760,16350117888,656719872,3.9,13842874368,1008648192,1932869632,119062528,2529148928
2026-07-09T06:15:56.081867,17006837760,16350855168,655982592,3.9,13843611648,1008648192,1932869632,119062528,2529148928
2026-07-09T06:15:57.082260,17006837760,16351084544,655753216,3.9,13843841024,1008648192,1932869632,119062528,2529148928
2026-07-09T06:15:58.082614,17006837760,16347398144,659439616,3.9,13840154624,1008648192,1932869632,119062528,2529148928
2026-07-09T06:15:59.082896,17006837760,16346660864,660176896,3.9,13839417344,1008648192,1932869632,119062528,2529148928
2026-07-09T06:16:00.083245,17006837760,16347201536,659636224,3.9,13839958016,1008648192,1932869632,119062528,2529148928
2026-07-09T06:16:01.083588,17006837760,16348692480,658145280,3.9,13841448960,1008648192,1932869632,119062528,2529148928
2026-07-09T06:16:02.083927,17006837760,16349167616,657670144,3.9,13841924096,1008648192,1932869632,119062528,2529148928
2026-07-09T06:16:03.084262,17006837760,16341778432,665059328,3.9,13834534912,1008648192,1932869632,119062528,2529165312
2026-07-09T06:16:04.084545,17006837760,16341385216,665452544,3.9,13834141696,1008648192,1932869632,119062528,2529165312
2026-07-09T06:16:05.084823,17006837760,16342319104,664518656,3.9,13835075584,1008648192,1932869632,119062528,2529165312
2026-07-09T06:16:06.085102,17006837760,16344104960,662732800,3.9,13836861440,1008648192,1932869632,119062528,2529165312
2026-07-09T06:16:07.085385,17006837760,16344530944,662306816,3.9,13837287424,1008648192,1932869632,119062528,2529165312
2026-07-09T06:16:08.085669,17006837760,16345448448,661389312,3.9,13838204928,1008648192,1932869632,119062528,2529165312
2026-07-09T06:16:09.085947,17006837760,16346857472,659980288,3.9,13839613952,1008648192,1932869632,119062528,2529165312
2026-07-09T06:16:10.086223,17006837760,16346382336,660455424,3.9,13839138816,1008648192,1932869632,119062528,2529165312
2026-07-09T06:16:11.086500,17006837760,16346234880,660602880,3.9,13838991360,1008648192,1932869632,119062528,2529165312
2026-07-09T06:16:12.086776,17006837760,16347021312,659816448,3.9,13839777792,1008648192,1932869632,119062528,2529165312
2026-07-09T06:16:13.087099,17006837760,16347922432,658915328,3.9,13840678912,1008648192,1932869632,119062528,2529165312
2026-07-09T06:16:14.087450,17006837760,16349167616,657670144,3.9,13841924096,1008648192,1932869632,119062528,2529165312
2026-07-09T06:16:15.087753,17006837760,16349577216,657260544,3.9,13842333696,1008648192,1932869632,119062528,2529165312
2026-07-09T06:16:16.088033,17006837760,16349249536,657588224,3.9,13842006016,1008648192,1932869632,119062528,2529165312
2026-07-09T06:16:17.088306,17006837760,16349396992,657440768,3.9,13842153472,1008680960,1932869632,119062528,2529165312
2026-07-09T06:16:18.088582,17006837760,16348921856,657915904,3.9,13841678336,1008680960,1932869632,119062528,2529165312
2026-07-09T06:16:19.088861,17006837760,16348839936,657997824,3.9,13841596416,1008680960,1932869632,119062528,2529181696
2026-07-09T06:16:20.089195,17006837760,16349675520,657162240,3.9,13842432000,1008680960,1932869632,119062528,2529181696
2026-07-09T06:16:21.089564,17006837760,16350150656,656687104,3.9,13842907136,1008680960,1932869632,119062528,2529181696
2026-07-09T06:16:22.089926,17006837760,16350871552,655966208,3.9,13843628032,1008680960,1932869632,119062528,2529181696
2026-07-09T06:16:23.090286,17006837760,16350855168,655982592,3.9,13843611648,1008680960,1932869632,119062528,2529181696
2026-07-09T06:16:24.090647,17006837760,16350101504,656736256,3.9,13842857984,1008680960,1932869632,119062528,2529181696
2026-07-09T06:16:25.090957,17006837760,16348446720,658391040,3.9,13841203200,1008680960,1932869632,119062528,2529181696
2026-07-09T06:16:26.091240,17006837760,16347791360,659046400,3.9,13840547840,1008680960,1932869632,119062528,2529181696
2026-07-09T06:16:27.091517,17006837760,16348037120,658800640,3.9,13840793600,1008680960,1932869632,119062528,2529181696
2026-07-09T06:16:28.091789,17006837760,16348954624,657883136,3.9,13841711104,1008680960,1932869632,119062528,2529181696
2026-07-09T06:16:29.092064,17006837760,16348971008,657866752,3.9,13841727488,1008680960,1932869632,119062528,2529181696
2026-07-09T06:16:30.092392,17006837760,16348790784,658046976,3.9,13841547264,1008680960,1932869632,119062528,2529181696
2026-07-09T06:16:31.092683,17006837760,16349282304,657555456,3.9,13842038784,1008680960,1932869632,119062528,2529181696
2026-07-09T06:16:32.092962,17006837760,16350674944,656162816,3.9,13843431424,1008680960,1932869632,119062528,2529181696
2026-07-09T06:16:33.093231,17006837760,16350429184,656408576,3.9,13843185664,1008680960,1932869632,119062528,2529181696
2026-07-09T06:16:34.093588,17006837760,16350429184,656408576,3.9,13843185664,1008680960,1932869632,119062528,2529181696
2026-07-09T06:16:35.093861,17006837760,16350134272,656703488,3.9,13842890752,1008680960,1932869632,119062528,2529181696
2026-07-09T06:16:36.094142,17006837760,16350035968,656801792,3.9,13842792448,1008680960,1932869632,119062528,2529198080
2026-07-09T06:16:37.094415,17006837760,16350380032,656457728,3.9,13843136512,1008680960,1932869632,119062528,2529198080
2026-07-09T06:16:38.094691,17006837760,16350855168,655982592,3.9,13843611648,1008680960,1932869632,119062528,2529198080
2026-07-09T06:16:39.094966,17006837760,16350429184,656408576,3.9,13843185664,1008680960,1932869632,119062528,2529198080
2026-07-09T06:16:40.095244,17006837760,16350429184,656408576,3.9,13843185664,1008680960,1932869632,119062528,2529198080
2026-07-09T06:16:41.095604,17006837760,16350183424,656654336,3.9,13842939904,1008680960,1932869632,119062528,2529198080
2026-07-09T06:16:42.095898,17006837760,16350691328,656146432,3.9,13843447808,1008680960,1932869632,119062528,2529198080
2026-07-09T06:16:43.096179,17006837760,16350937088,655900672,3.9,13843693568,1008680960,1932869632,119062528,2529198080
2026-07-09T06:16:44.096457,17006837760,16351182848,655654912,3.9,13843939328,1008680960,1932869632,119062528,2529198080
2026-07-09T06:16:45.096735,17006837760,16351150080,655687680,3.9,13843906560,1008680960,1932869632,119062528,2529198080
2026-07-09T06:16:46.097013,17006837760,16351461376,655376384,3.9,13844217856,1008680960,1932869632,119062528,2529198080
2026-07-09T06:16:47.097357,17006837760,16351379456,655458304,3.9,13844135936,1008680960,1932869632,119062528,2529198080
2026-07-09T06:16:48.097661,17006837760,16351133696,655704064,3.9,13843890176,1008680960,1932869632,119062528,2529198080
2026-07-09T06:16:49.097946,17006837760,16348446720,658391040,3.9,13841203200,1008680960,1932869632,119062528,2529198080
2026-07-09T06:16:50.098230,17006837760,16346726400,660111360,3.9,13839482880,1008680960,1932869632,119062528,2529198080
2026-07-09T06:16:51.098504,17006837760,16346988544,659849216,3.9,13839745024,1008680960,1932869632,119062528,2529198080
2026-07-09T06:16:52.098799,17006837760,16347742208,659095552,3.9,13840482304,1008697344,1932886016,119062528,2529214464
2026-07-09T06:16:53.099146,17006837760,16347971584,658866176,3.9,13840711680,1008697344,1932886016,119062528,2529214464
2026-07-09T06:16:54.099499,17006837760,16347971584,658866176,3.9,13840711680,1008697344,1932886016,119062528,2529214464
2026-07-09T06:16:55.099853,17006837760,16349691904,657145856,3.9,13842432000,1008697344,1932886016,119062528,2529214464
2026-07-09T06:16:56.100159,17006837760,16349954048,656883712,3.9,13842694144,1008697344,1932886016,119062528,2529214464
2026-07-09T06:16:57.100435,17006837760,16348217344,658620416,3.9,13840957440,1008697344,1932886016,119062528,2529214464
2026-07-09T06:16:58.100707,17006837760,16348315648,658522112,3.9,13841055744,1008697344,1932886016,119062528,2529214464
2026-07-09T06:16:59.100975,17006837760,16348626944,658210816,3.9,13841367040,1008697344,1932886016,119062528,2529214464
2026-07-09T06:17:00.101331,17006837760,16348364800,658472960,3.9,13841104896,1008697344,1932886016,119062528,2529214464
2026-07-09T06:17:01.101652,17006837760,16348381184,658456576,3.9,13841121280,1008697344,1932886016,119062528,2529214464
2026-07-09T06:17:02.101951,17006837760,16328441856,678395904,4.0,13821149184,1008795648,1932918784,119062528,2529214464
2026-07-09T06:17:03.102213,17006837760,16323215360,683622400,4.0,13815840768,1008992256,1933000704,119062528,2529214464
2026-07-09T06:17:04.102486,17006837760,16324165632,682672128,4.0,13816791040,1008992256,1933000704,119062528,2529214464
2026-07-09T06:17:05.102821,17006837760,16330932224,675905536,4.0,13823557632,1008992256,1933000704,119062528,2529214464
2026-07-09T06:17:06.103094,17006837760,16331505664,675332096,4.0,13824131072,1008992256,1933000704,119062528,2529214464
2026-07-09T06:17:07.103421,17006837760,16331276288,675561472,4.0,13823901696,1008992256,1933000704,119062528,2529214464
2026-07-09T06:17:08.103773,17006837760,16335159296,671678464,3.9,13827784704,1008992256,1933000704,119062528,2529214464
2026-07-09T06:17:09.104145,17006837760,16337420288,669417472,3.9,13830045696,1008992256,1933000704,119062528,2529230848
2026-07-09T06:17:10.104448,17006837760,16337813504,669024256,3.9,13830438912,1008992256,1933000704,119062528,2529230848
2026-07-09T06:17:11.104721,17006837760,16339107840,667729920,3.9,13831733248,1008992256,1933000704,119062528,2529230848
2026-07-09T06:17:12.104996,17006837760,16342302720,664535040,3.9,13834928128,1008992256,1933000704,119062528,2529230848
2026-07-09T06:17:13.105281,17006837760,16343269376,663568384,3.9,13835894784,1008992256,1933000704,119062528,2529230848
2026-07-09T06:17:14.105554,17006837760,16342990848,663846912,3.9,13835616256,1008992256,1933000704,119062528,2529230848
2026-07-09T06:17:15.105891,17006837760,16343744512,663093248,3.9,13836369920,1008992256,1933000704,119062528,2529230848
2026-07-09T06:17:16.106260,17006837760,16342974464,663863296,3.9,13835599872,1008992256,1933000704,119062528,2529230848
2026-07-09T06:17:17.106618,17006837760,16344629248,662208512,3.9,13837254656,1008992256,1933000704,119062528,2529230848
2026-07-09T06:17:18.106920,17006837760,16345890816,660946944,3.9,13838516224,1008992256,1933000704,119062528,2529230848
2026-07-09T06:17:19.107204,17006837760,16346021888,660815872,3.9,13838647296,1008992256,1933000704,119062528,2529230848
2026-07-09T06:17:20.107485,17006837760,16346071040,660766720,3.9,13838696448,1008992256,1933000704,119062528,2529230848
2026-07-09T06:17:21.107835,17006837760,16347512832,659324928,3.9,13840138240,1008992256,1933000704,119062528,2529230848
2026-07-09T06:17:22.108123,17006837760,16347267072,659570688,3.9,13839892480,1008992256,1933000704,119062528,2529230848
2026-07-09T06:17:23.108464,17006837760,16345481216,661356544,3.9,13838106624,1008992256,1933000704,119062528,2529230848
2026-07-09T06:17:24.108820,17006837760,16346202112,660635648,3.9,13838827520,1008992256,1933000704,119062528,2529230848
2026-07-09T06:17:25.109134,17006837760,16347693056,659144704,3.9,13840318464,1008992256,1933000704,119062528,2529247232
2026-07-09T06:17:26.109413,17006837760,16348692480,658145280,3.9,13841317888,1008992256,1933000704,119062528,2529247232
2026-07-09T06:17:27.109690,17006837760,16348479488,658358272,3.9,13841104896,1008992256,1933000704,119062528,2529247232
2026-07-09T06:17:28.109971,17006837760,16348954624,657883136,3.9,13841580032,1008992256,1933000704,119062528,2529247232
2026-07-09T06:17:29.110250,17006837760,16349724672,657113088,3.9,13842350080,1008992256,1933000704,119062528,2529247232
2026-07-09T06:17:30.110598,17006837760,16349462528,657375232,3.9,13842087936,1008992256,1933000704,119062528,2529247232
2026-07-09T06:17:31.110948,17006837760,16349970432,656867328,3.9,13842595840,1008992256,1933000704,119062528,2529247232
2026-07-09T06:17:32.111303,17006837760,16350674944,656162816,3.9,13843300352,1008992256,1933000704,119062528,2529247232
2026-07-09T06:17:33.111666,17006837760,16349724672,657113088,3.9,13842350080,1008992256,1933000704,119062528,2529247232
2026-07-09T06:17:34.111973,17006837760,16347512832,659324928,3.9,13840138240,1008992256,1933000704,119062528,2529247232
2026-07-09T06:17:35.112248,17006837760,16348053504,658784256,3.9,13840678912,1008992256,1933000704,119062528,2529247232
2026-07-09T06:17:36.112541,17006837760,16349495296,657342464,3.9,13842120704,1008992256,1933000704,119062528,2529247232
2026-07-09T06:17:37.112819,17006837760,16349495296,657342464,3.9,13842120704,1008992256,1933000704,119062528,2529247232
2026-07-09T06:17:38.113096,17006837760,16349741056,657096704,3.9,13842366464,1008992256,1933000704,119062528,2529247232
2026-07-09T06:17:39.113388,17006837760,16350494720,656343040,3.9,13843120128,1008992256,1933000704,119062528,2529247232
2026-07-09T06:17:40.113674,17006837760,16349528064,657309696,3.9,13842153472,1008992256,1933000704,119062528,2529247232
2026-07-09T06:17:41.113971,17006837760,16348823552,658014208,3.9,13841448960,1008992256,1933000704,119062528,2529263616
2026-07-09T06:17:42.114245,17006837760,16349298688,657539072,3.9,13841924096,1008992256,1933000704,119062528,2529263616
2026-07-09T06:17:43.114520,17006837760,16349790208,657047552,3.9,13842415616,1008992256,1933000704,119062528,2529263616
2026-07-09T06:17:44.114935,17006837760,16348545024,658292736,3.9,13841170432,1008992256,1933000704,119062528,2529263616
2026-07-09T06:17:45.115399,17006837760,16348299264,658538496,3.9,13840924672,1008992256,1933000704,119062528,2529263616
2026-07-09T06:17:46.115753,17006837760,16348528640,658309120,3.9,13841154048,1008992256,1933000704,119062528,2529263616
2026-07-09T06:17:47.116107,17006837760,16349757440,657080320,3.9,13842382848,1008992256,1933000704,119062528,2529263616
2026-07-09T06:17:48.116410,17006837760,16350281728,656556032,3.9,13842907136,1008992256,1933000704,119062528,2529263616
2026-07-09T06:17:49.116686,17006837760,16350281728,656556032,3.9,13842907136,1008992256,1933000704,119062528,2529263616
2026-07-09T06:17:50.116962,17006837760,16350756864,656080896,3.9,13843382272,1008992256,1933000704,119062528,2529263616
2026-07-09T06:17:51.117247,17006837760,16350511104,656326656,3.9,13843136512,1008992256,1933000704,119062528,2529263616
2026-07-09T06:17:52.117515,17006837760,16350265344,656572416,3.9,13842890752,1008992256,1933000704,119062528,2529263616
2026-07-09T06:17:53.117786,17006837760,16350265344,656572416,3.9,13842890752,1008992256,1933000704,119062528,2529263616
2026-07-09T06:17:54.118067,17006837760,16350773248,656064512,3.9,13843398656,1009041408,1933000704,119062528,2529263616
2026-07-09T06:17:55.118343,17006837760,16350773248,656064512,3.9,13843398656,1009041408,1933000704,119062528,2529263616
2026-07-09T06:17:56.118633,17006837760,16350281728,656556032,3.9,13842907136,1009041408,1933000704,119062528,2529280000
2026-07-09T06:17:57.118965,17006837760,16350511104,656326656,3.9,13843136512,1009041408,1933000704,119062528,2529280000
2026-07-09T06:17:58.119293,17006837760,16350740480,656097280,3.9,13843365888,1009041408,1933000704,119062528,2529280000
2026-07-09T06:17:59.119594,17006837760,16350232576,656605184,3.9,13842857984,1009041408,1933000704,119062528,2529280000
2026-07-09T06:18:00.119870,17006837760,16348758016,658079744,3.9,13841383424,1009041408,1933000704,119062528,2529280000
2026-07-09T06:18:01.120221,17006837760,16346546176,660291584,3.9,13839171584,1009041408,1933000704,119062528,2529280000
2026-07-09T06:18:02.120503,17006837760,16344809472,662028288,3.9,13837434880,1009041408,1933000704,119062528,2529280000
2026-07-09T06:18:03.120866,17006837760,16345874432,660963328,3.9,13838499840,1009041408,1933000704,119062528,2529280000
2026-07-09T06:18:04.121215,17006837760,16346677248,660160512,3.9,13839237120,1009074176,1933066240,119062528,2529280000
2026-07-09T06:18:05.121534,17006837760,16346529792,660307968,3.9,13839089664,1009074176,1933066240,119062528,2529280000
2026-07-09T06:18:06.121876,17006837760,16346529792,660307968,3.9,13839089664,1009074176,1933066240,119062528,2529280000
2026-07-09T06:18:07.122155,17006837760,16348250112,658587648,3.9,13840809984,1009074176,1933066240,119062528,2529280000
2026-07-09T06:18:08.122442,17006837760,16349233152,657604608,3.9,13841793024,1009074176,1933066240,119062528,2529280000
2026-07-09T06:18:09.122726,17006837760,16348020736,658817024,3.9,13840580608,1009074176,1933066240,119062528,2529280000
2026-07-09T06:18:10.123058,17006837760,16347529216,659308544,3.9,13840089088,1009123328,1933066240,119062528,2529525760
