[MASStrategy] 12/06/2026 20:19:22.023 --> Iniciando MAS Strategy para PID: mas-batch_2026-06-12T20:19:21.257307
[MASStrategy] 12/06/2026 20:19:22.024 --> Configuração: AMS=localhost:8000, BasePort=5010
[resource_manager_agent@localhost:5016] 12/06/2026 20:19:22.263 --> ResourceManagerAgent iniciado.
[resource_manager_agent@localhost:5016] 12/06/2026 20:19:22.264 --> Monitores iniciados — CPU e RAM a cada 1s (pid=mas-batch_2026-06-12T20:19:21.257307)
RAM: svmem(total=17002643456, available=16364961792, percent=3.8, used=637681664, free=15279816704, active=899710976, inactive=547635200, buffers=57688064, cached=1157234688, shared=14696448, slab=98304000)
[capture_agent@localhost:5010] 12/06/2026 20:19:22.265 --> CaptureAgent waiting for agents: {'predict_weight_agent@localhost:5013', 'frame_selection_agent@localhost:5012'}
[data_enhance_agent@localhost:5011] 12/06/2026 20:19:22.266 --> DataEnhanceAgent started.
[frame_selection_agent@localhost:5012] 12/06/2026 20:19:22.266 --> FrameSelectionAgent started. Loading selection model...
[predict_weight_agent@localhost:5013] 12/06/2026 20:19:22.266 --> PredictWeightAgent started. Loading AI model in background...
[MASStrategy] 12/06/2026 20:19:22.267 --> Todos os agentes iniciados. Reator Twisted rodando.
[ams@localhost:8000] 12/06/2026 20:19:22.312 --> Agent resource_manager_agent@localhost:5016 successfully identified.
[ams@localhost:8000] 12/06/2026 20:19:22.333 --> Agent capture_agent@localhost:5010 successfully identified.
[ams@localhost:8000] 12/06/2026 20:19:22.339 --> Agent frame_selection_agent@localhost:5012 successfully identified.
[ams@localhost:8000] 12/06/2026 20:19:22.341 --> Agent data_enhance_agent@localhost:5011 successfully identified.
[ams@localhost:8000] 12/06/2026 20:19:22.343 --> Agent predict_weight_agent@localhost:5013 successfully identified.
[frame_selection_agent@localhost:5012] 12/06/2026 20:19:22.348 --> Identification process done.
[resource_manager_agent@localhost:5016] 12/06/2026 20:19:22.349 --> Identification process done.
[data_enhance_agent@localhost:5011] 12/06/2026 20:19:22.350 --> Identification process done.
[capture_agent@localhost:5010] 12/06/2026 20:19:22.350 --> Identification process done.
[predict_weight_agent@localhost:5013] 12/06/2026 20:19:22.350 --> Identification process done.
RAM: svmem(total=17002643456, available=16341876736, percent=3.9, used=660766720, free=15256403968, active=933773312, inactive=547962880, buffers=57786368, cached=1157201920, shared=14696448, slab=98435072)
CPU: [18.3, 23.0, 52.0, 44.0]
RAM: svmem(total=17002643456, available=16306978816, percent=4.1, used=695664640, free=15221506048, active=983040000, inactive=547962880, buffers=57786368, cached=1157201920, shared=14696448, slab=98435072)
CPU: [30.0, 38.0, 29.3, 43.3]
RAM: svmem(total=17002643456, available=16214573056, percent=4.6, used=788070400, free=15129100288, active=1073889280, inactive=547962880, buffers=57786368, cached=1157201920, shared=14696448, slab=98435072)
CPU: [44.3, 33.0, 51.0, 32.6]
RAM: svmem(total=17002643456, available=16195895296, percent=4.7, used=806748160, free=15110422528, active=1074151424, inactive=547962880, buffers=57786368, cached=1157201920, shared=14696448, slab=98418688)
CPU: [60.0, 59.6, 2.0, 1.0]
RAM: svmem(total=17002643456, available=16082354176, percent=5.4, used=920289280, free=14996881408, active=1190969344, inactive=547962880, buffers=57786368, cached=1157201920, shared=14696448, slab=98418688)
CPU: [69.6, 72.7, 1.0, 2.0]
RAM: svmem(total=17002643456, available=15628681216, percent=8.1, used=1373962240, free=14543208448, active=1618624512, inactive=547962880, buffers=57786368, cached=1157201920, shared=14696448, slab=98418688)
CPU: [68.3, 71.4, 1.0, 0.0]
RAM: svmem(total=17002643456, available=15628697600, percent=8.1, used=1373945856, free=14543208448, active=1626734592, inactive=547979264, buffers=57802752, cached=1157201920, shared=14696448, slab=98418688)
CPU: [54.1, 55.7, 0.0, 0.0]
RAM: svmem(total=17002643456, available=15620603904, percent=8.1, used=1382039552, free=14535114752, active=1641463808, inactive=547979264, buffers=57802752, cached=1157201920, shared=14696448, slab=98418688)
CPU: [54.0, 55.1, 0.0, 0.0]
RAM: svmem(total=17002643456, available=15517630464, percent=8.7, used=1485012992, free=14432141312, active=1703886848, inactive=547979264, buffers=57802752, cached=1157201920, shared=14696448, slab=98418688)
CPU: [58.8, 57.3, 1.0, 0.0]
[frame_selection_agent@localhost:5012] 12/06/2026 20:19:31.455 --> Selection Model loaded successfully.
[predict_weight_agent@localhost:5013] 12/06/2026 20:19:31.456 --> AI Model loaded successfully.
[capture_agent@localhost:5010] 12/06/2026 20:19:31.457 --> Agent predict_weight_agent@localhost:5013 is READY.
[capture_agent@localhost:5010] 12/06/2026 20:19:31.458 --> Agent frame_selection_agent@localhost:5012 is READY.
[capture_agent@localhost:5010] 12/06/2026 20:19:31.458 --> All required agents are ready! Igniting simulation...
[capture_agent@localhost:5010] 12/06/2026 20:19:31.458 --> CaptureAgent IGNITED. Models loaded! Resuming capture.
[capture_agent@localhost:5010] 12/06/2026 20:19:31.786 --> Timeline started for Animal 1
[data_enhance_agent@localhost:5011] 12/06/2026 20:19:31.960 --> frame_id=723fd41f-7c1 enhanced and forwarded.
RAM: svmem(total=17002643456, available=15510716416, percent=8.8, used=1491927040, free=14425227264, active=1506328576, inactive=547979264, buffers=57802752, cached=1157201920, shared=14696448, slab=98418688)
CPU: [30.3, 19.2, 14.7, 28.7]
[data_enhance_agent@localhost:5011] 12/06/2026 20:19:32.461 --> frame_id=4ae6eb25-0d8 enhanced and forwarded.
[data_enhance_agent@localhost:5011] 12/06/2026 20:19:32.990 --> frame_id=f47d2fc7-a0a enhanced and forwarded.
RAM: svmem(total=17002643456, available=15395700736, percent=9.5, used=1606942720, free=14310211584, active=1778925568, inactive=547979264, buffers=57802752, cached=1157201920, shared=14696448, slab=98418688)
CPU: [52.0, 38.0, 41.6, 46.9]
[data_enhance_agent@localhost:5011] 12/06/2026 20:19:33.525 --> frame_id=c5f6b6de-2fc enhanced and forwarded.
[data_enhance_agent@localhost:5011] 12/06/2026 20:19:34.086 --> frame_id=67f409e0-b53 enhanced and forwarded.
RAM: svmem(total=17002643456, available=15267414016, percent=10.2, used=1735229440, free=14181924864, active=1986215936, inactive=547979264, buffers=57802752, cached=1157201920, shared=14696448, slab=98418688)
CPU: [35.4, 50.0, 35.7, 50.0]
[data_enhance_agent@localhost:5011] 12/06/2026 20:19:34.595 --> frame_id=80a34bb9-65e enhanced and forwarded.
[data_enhance_agent@localhost:5011] 12/06/2026 20:19:35.203 --> frame_id=560373f3-ff3 enhanced and forwarded.
RAM: svmem(total=17002643456, available=15035662336, percent=11.6, used=1966981120, free=13950173184, active=2222473216, inactive=547979264, buffers=57802752, cached=1157201920, shared=14696448, slab=98418688)
CPU: [39.4, 39.4, 37.2, 56.4]
[frame_selection_agent@localhost:5012] 12/06/2026 20:19:35.635 --> frame_id=723fd41f-7c1 SUITABLE. Discarded=0, Forwarded=1
[data_enhance_agent@localhost:5011] 12/06/2026 20:19:35.662 --> frame_id=4545a900-429 enhanced and forwarded.
[data_enhance_agent@localhost:5011] 12/06/2026 20:19:36.175 --> frame_id=c1edb593-22f enhanced and forwarded.
RAM: svmem(total=17002643456, available=14852571136, percent=12.6, used=2150072320, free=13767081984, active=2407170048, inactive=547979264, buffers=57802752, cached=1157201920, shared=14696448, slab=98418688)
CPU: [37.0, 55.4, 44.4, 40.0]
[data_enhance_agent@localhost:5011] 12/06/2026 20:19:36.770 --> frame_id=2bd1b90a-13a enhanced and forwarded.
[data_enhance_agent@localhost:5011] 12/06/2026 20:19:37.278 --> frame_id=a573b619-bea enhanced and forwarded.
RAM: svmem(total=17002643456, available=14626979840, percent=14.0, used=2375663616, free=13541474304, active=2635579392, inactive=547995648, buffers=57819136, cached=1157201920, shared=14696448, slab=98418688)
CPU: [38.0, 39.2, 48.0, 47.1]
[frame_selection_agent@localhost:5012] 12/06/2026 20:19:38.092 --> frame_id=4ae6eb25-0d8 SUITABLE. Discarded=0, Forwarded=2
RAM: svmem(total=17002643456, available=14390558720, percent=15.4, used=2612084736, free=13305053184, active=2891776000, inactive=547995648, buffers=57819136, cached=1157201920, shared=14696448, slab=98418688)
CPU: [45.5, 42.0, 42.9, 55.8]
[data_enhance_agent@localhost:5011] 12/06/2026 20:19:38.426 --> frame_id=fa5348b1-053 enhanced and forwarded.
[data_enhance_agent@localhost:5011] 12/06/2026 20:19:38.992 --> frame_id=44ed1da6-214 enhanced and forwarded.
[data_enhance_agent@localhost:5011] 12/06/2026 20:19:39.292 --> frame_id=60525efd-37f enhanced and forwarded.
RAM: svmem(total=17002643456, available=14272102400, percent=16.1, used=2730541056, free=13186596864, active=2926395392, inactive=547995648, buffers=57819136, cached=1157201920, shared=14696448, slab=98418688)
CPU: [38.0, 34.7, 35.0, 42.2]
RAM: svmem(total=17002643456, available=14118748160, percent=17.0, used=2883895296, free=13033242624, active=3111337984, inactive=547995648, buffers=57819136, cached=1157201920, shared=14696448, slab=98418688)
CPU: [44.4, 44.9, 45.4, 47.0]
[frame_selection_agent@localhost:5012] 12/06/2026 20:19:40.555 --> frame_id=f47d2fc7-a0a SUITABLE. Discarded=0, Forwarded=3
[data_enhance_agent@localhost:5011] 12/06/2026 20:19:41.118 --> frame_id=d3057887-6a5 enhanced and forwarded.
RAM: svmem(total=17002643456, available=14025113600, percent=17.5, used=2977529856, free=12939608064, active=3102687232, inactive=547995648, buffers=57819136, cached=1157201920, shared=14696448, slab=98418688)
CPU: [41.9, 47.0, 34.0, 42.4]
[frame_selection_agent@localhost:5012] 12/06/2026 20:19:41.835 --> frame_id=c5f6b6de-2fc SUITABLE. Discarded=0, Forwarded=4
RAM: svmem(total=17002643456, available=13971292160, percent=17.8, used=3031351296, free=12885786624, active=3244441600, inactive=547995648, buffers=57819136, cached=1157201920, shared=14696448, slab=98418688)
CPU: [47.5, 48.0, 48.0, 45.9]
[frame_selection_agent@localhost:5012] 12/06/2026 20:19:42.672 --> frame_id=67f409e0-b53 SUITABLE. Discarded=0, Forwarded=5
[data_enhance_agent@localhost:5011] 12/06/2026 20:19:42.982 --> frame_id=908ab56e-ccb enhanced and forwarded.
[data_enhance_agent@localhost:5011] 12/06/2026 20:19:43.337 --> frame_id=3d2b8959-e08 enhanced and forwarded.
RAM: svmem(total=17002643456, available=13955579904, percent=17.9, used=3047063552, free=12870057984, active=3313008640, inactive=548012032, buffers=57835520, cached=1157201920, shared=14696448, slab=98418688)
CPU: [29.1, 26.0, 59.4, 29.4]
[data_enhance_agent@localhost:5011] 12/06/2026 20:19:43.622 --> frame_id=28e1de9a-798 enhanced and forwarded.
[frame_selection_agent@localhost:5012] 12/06/2026 20:19:43.822 --> frame_id=80a34bb9-65e SUITABLE. Discarded=0, Forwarded=6
[frame_selection_agent@localhost:5012] 12/06/2026 20:19:44.100 --> [SYNC] Expected 20 frames for animal 1
[data_enhance_agent@localhost:5011] 12/06/2026 20:19:44.350 --> frame_id=a2034700-2a7 enhanced and forwarded.
RAM: svmem(total=17002643456, available=13908639744, percent=18.2, used=3094003712, free=12823117824, active=3374727168, inactive=548012032, buffers=57835520, cached=1157201920, shared=14696448, slab=98418688)
CPU: [49.5, 33.7, 38.4, 34.6]
[data_enhance_agent@localhost:5011] 12/06/2026 20:19:44.650 --> frame_id=64cf4a97-8ab enhanced and forwarded.
[frame_selection_agent@localhost:5012] 12/06/2026 20:19:44.777 --> frame_id=560373f3-ff3 DISCARDED (deleted from buffer). Discarded=1, Forwarded=6
[frame_selection_agent@localhost:5012] 12/06/2026 20:19:44.967 --> frame_id=4545a900-429 DISCARDED (deleted from buffer). Discarded=2, Forwarded=6
[capture_agent@localhost:5010] 12/06/2026 20:19:45.225 --> [RESTART] Animal 2/100 entering scale.
RAM: svmem(total=17002643456, available=13852606464, percent=18.5, used=3150036992, free=12767084544, active=3394682880, inactive=548012032, buffers=57835520, cached=1157201920, shared=14696448, slab=98418688)
CPU: [52.0, 54.8, 52.5, 51.5]
[frame_selection_agent@localhost:5012] 12/06/2026 20:19:45.602 --> frame_id=c1edb593-22f DISCARDED (deleted from buffer). Discarded=3, Forwarded=6
[frame_selection_agent@localhost:5012] 12/06/2026 20:19:46.134 --> frame_id=2bd1b90a-13a DISCARDED (deleted from buffer). Discarded=4, Forwarded=6
RAM: svmem(total=17002643456, available=13836877824, percent=18.6, used=3165765632, free=12751355904, active=3447554048, inactive=548012032, buffers=57835520, cached=1157201920, shared=14696448, slab=98418688)
CPU: [50.0, 50.0, 50.0, 46.9]
[frame_selection_agent@localhost:5012] 12/06/2026 20:19:46.905 --> frame_id=a573b619-bea DISCARDED (deleted from buffer). Discarded=5, Forwarded=6
[data_enhance_agent@localhost:5011] 12/06/2026 20:19:47.217 --> frame_id=effc0cc7-944 enhanced and forwarded.
RAM: svmem(total=17002643456, available=13832699904, percent=18.6, used=3169943552, free=12747177984, active=3469049856, inactive=548012032, buffers=57835520, cached=1157201920, shared=14696448, slab=98418688)
[data_enhance_agent@localhost:5011] 12/06/2026 20:19:47.525 --> frame_id=819f6068-c63 enhanced and forwarded.
CPU: [46.3, 38.5, 37.0, 37.8]
[data_enhance_agent@localhost:5011] 12/06/2026 20:19:47.987 --> frame_id=c64a0fe2-7b3 enhanced and forwarded.
RAM: svmem(total=17002643456, available=13827801088, percent=18.7, used=3174842368, free=12742262784, active=3480387584, inactive=548028416, buffers=57851904, cached=1157201920, shared=14696448, slab=98418688)
[data_enhance_agent@localhost:5011] 12/06/2026 20:19:48.548 --> frame_id=b65c5b8f-fbf enhanced and forwarded.
CPU: [48.0, 26.9, 25.7, 38.0]
[frame_selection_agent@localhost:5012] 12/06/2026 20:19:48.836 --> frame_id=fa5348b1-053 DISCARDED (deleted from buffer). Discarded=6, Forwarded=6
[data_enhance_agent@localhost:5011] 12/06/2026 20:19:49.192 --> frame_id=6a939427-055 enhanced and forwarded.
RAM: svmem(total=17002643456, available=13824180224, percent=18.7, used=3178463232, free=12738641920, active=3422879744, inactive=548028416, buffers=57851904, cached=1157201920, shared=14696448, slab=98418688)
CPU: [39.0, 44.3, 48.5, 50.5]
RAM: svmem(total=17002643456, available=13773144064, percent=19.0, used=3229499392, free=12687605760, active=3475963904, inactive=548028416, buffers=57851904, cached=1157201920, shared=14696448, slab=98418688)
CPU: [44.4, 46.5, 48.0, 46.0]
[frame_selection_agent@localhost:5012] 12/06/2026 20:19:50.675 --> frame_id=44ed1da6-214 DISCARDED (deleted from buffer). Discarded=7, Forwarded=6
[data_enhance_agent@localhost:5011] 12/06/2026 20:19:51.262 --> frame_id=ab8d4035-fa5 enhanced and forwarded.
RAM: svmem(total=17002643456, available=13884260352, percent=18.3, used=3118383104, free=12798722048, active=3297869824, inactive=548028416, buffers=57851904, cached=1157201920, shared=14696448, slab=98418688)
[frame_selection_agent@localhost:5012] 12/06/2026 20:19:51.599 --> frame_id=60525efd-37f DISCARDED (deleted from buffer). Discarded=8, Forwarded=6
CPU: [46.6, 40.6, 35.7, 37.4]
[data_enhance_agent@localhost:5011] 12/06/2026 20:19:51.962 --> frame_id=6d87a235-96d enhanced and forwarded.
RAM: svmem(total=17002643456, available=13859438592, percent=18.5, used=3143204864, free=12773900288, active=3365044224, inactive=548028416, buffers=57851904, cached=1157201920, shared=14696448, slab=98418688)
CPU: [45.0, 45.4, 43.1, 44.1]
[frame_selection_agent@localhost:5012] 12/06/2026 20:19:53.356 --> frame_id=d3057887-6a5 DISCARDED (deleted from buffer). Discarded=9, Forwarded=6
RAM: svmem(total=17002643456, available=13833404416, percent=18.6, used=3169239040, free=12747849728, active=3427745792, inactive=548044800, buffers=57868288, cached=1157201920, shared=14696448, slab=98418688)
[data_enhance_agent@localhost:5011] 12/06/2026 20:19:53.677 --> frame_id=bfbb2825-1e5 enhanced and forwarded.
CPU: [34.3, 45.1, 38.8, 35.6]
[frame_selection_agent@localhost:5012] 12/06/2026 20:19:53.907 --> frame_id=908ab56e-ccb DISCARDED (deleted from buffer). Discarded=10, Forwarded=6
[data_enhance_agent@localhost:5011] 12/06/2026 20:19:53.983 --> frame_id=5fac520f-b10 enhanced and forwarded.
[data_enhance_agent@localhost:5011] 12/06/2026 20:19:54.300 --> frame_id=77de5d90-2e8 enhanced and forwarded.
[frame_selection_agent@localhost:5012] 12/06/2026 20:19:54.317 --> frame_id=3d2b8959-e08 DISCARDED (deleted from buffer). Discarded=11, Forwarded=6
[frame_selection_agent@localhost:5012] 12/06/2026 20:19:54.578 --> frame_id=28e1de9a-798 DISCARDED (deleted from buffer). Discarded=12, Forwarded=6
RAM: svmem(total=17002643456, available=13832568832, percent=18.6, used=3170074624, free=12746997760, active=3408805888, inactive=548061184, buffers=57868288, cached=1157218304, shared=14696448, slab=98418688)
[data_enhance_agent@localhost:5011] 12/06/2026 20:19:54.675 --> frame_id=75da74ff-82a enhanced and forwarded.
CPU: [37.6, 38.2, 45.5, 36.0]
[data_enhance_agent@localhost:5011] 12/06/2026 20:19:55.368 --> frame_id=f4060527-bc9 enhanced and forwarded.
[data_enhance_agent@localhost:5011] 12/06/2026 20:19:55.454 --> frame_id=dd79badf-e1c enhanced and forwarded.
RAM: svmem(total=17002643456, available=13829373952, percent=18.7, used=3173269504, free=12743802880, active=3441983488, inactive=548061184, buffers=57868288, cached=1157218304, shared=14696448, slab=98418688)
[data_enhance_agent@localhost:5011] 12/06/2026 20:19:55.758 --> frame_id=c05a817e-941 enhanced and forwarded.
CPU: [23.7, 41.8, 36.0, 40.2]
[frame_selection_agent@localhost:5012] 12/06/2026 20:19:55.925 --> frame_id=a2034700-2a7 DISCARDED (deleted from buffer). Discarded=13, Forwarded=6
[data_enhance_agent@localhost:5011] 12/06/2026 20:19:56.232 --> frame_id=2188f41c-65a enhanced and forwarded.
[data_enhance_agent@localhost:5011] 12/06/2026 20:19:56.373 --> frame_id=82d740d2-091 enhanced and forwarded.
[data_enhance_agent@localhost:5011] 12/06/2026 20:19:56.575 --> frame_id=41a44e40-df6 enhanced and forwarded.
RAM: svmem(total=17002643456, available=13820051456, percent=18.7, used=3182592000, free=12734480384, active=3469885440, inactive=548061184, buffers=57868288, cached=1157218304, shared=14696448, slab=98418688)
[frame_selection_agent@localhost:5012] 12/06/2026 20:19:56.840 --> frame_id=64cf4a97-8ab DISCARDED (deleted from buffer). Discarded=14, Forwarded=6
[frame_selection_agent@localhost:5012] 12/06/2026 20:19:56.852 --> [BATCH READY] Sent animal_id=1 to Predict!
CPU: [38.4, 46.6, 37.9, 37.1][data_enhance_agent@localhost:5011] 12/06/2026 20:19:56.930 --> frame_id=3298d876-32b enhanced and forwarded.

RAM: svmem(total=17002643456, available=13804568576, percent=18.8, used=3198074880, free=12718997504, active=3503603712, inactive=548061184, buffers=57868288, cached=1157218304, shared=14696448, slab=98418688)
CPU: [50.0, 52.4, 51.0, 51.0]
[frame_selection_agent@localhost:5012] 12/06/2026 20:19:58.121 --> frame_id=effc0cc7-944 SUITABLE. Discarded=14, Forwarded=7
[frame_selection_agent@localhost:5012] 12/06/2026 20:19:58.289 --> [SYNC] Expected 19 frames for animal 2
[capture_agent@localhost:5010] 12/06/2026 20:19:58.333 --> [RESTART] Animal 3/100 entering scale.
[frame_selection_agent@localhost:5012] 12/06/2026 20:19:58.567 --> frame_id=819f6068-c63 SUITABLE. Discarded=14, Forwarded=8
RAM: svmem(total=17002643456, available=13798670336, percent=18.8, used=3203973120, free=12713099264, active=3516858368, inactive=548061184, buffers=57901056, cached=1157218304, shared=14696448, slab=98418688)
[data_enhance_agent@localhost:5011] 12/06/2026 20:19:58.930 --> frame_id=d333076d-ed9 enhanced and forwarded.
CPU: [41.8, 50.0, 38.8, 44.7]
[predict_weight_agent@localhost:5013] 12/06/2026 20:19:59.423 --> [BATCH INFERENCE] Running full network on 6 frames for animal 1
RAM: svmem(total=17002643456, available=13794525184, percent=18.9, used=3208118272, free=12708921344, active=3519496192, inactive=548093952, buffers=57901056, cached=1157218304, shared=14696448, slab=98418688)
CPU: [45.0, 43.7, 46.4, 47.5]
RAM: svmem(total=17002643456, available=13759381504, percent=19.1, used=3243261952, free=12673777664, active=3557867520, inactive=548093952, buffers=57901056, cached=1157218304, shared=14696448, slab=98418688)
CPU: [41.9, 43.4, 44.2, 44.4]
[frame_selection_agent@localhost:5012] 12/06/2026 20:20:01.152 --> frame_id=c64a0fe2-7b3 SUITABLE. Discarded=14, Forwarded=9
[frame_selection_agent@localhost:5012] 12/06/2026 20:20:01.613 --> frame_id=b65c5b8f-fbf SUITABLE. Discarded=14, Forwarded=10
RAM: svmem(total=17002643456, available=13838319616, percent=18.6, used=3164323840, free=12752715776, active=3451240448, inactive=548093952, buffers=57901056, cached=1157218304, shared=14696448, slab=98418688)
CPU: [45.7, 51.0, 45.9, 48.5]
RAM: svmem(total=17002643456, available=13824557056, percent=18.7, used=3178086400, free=12738953216, active=3470852096, inactive=548093952, buffers=57901056, cached=1157218304, shared=14696448, slab=98418688)
[frame_selection_agent@localhost:5012] 12/06/2026 20:20:03.010 --> frame_id=6a939427-055 SUITABLE. Discarded=14, Forwarded=11
CPU: [43.0, 41.4, 44.4, 44.7]
RAM: svmem(total=17002643456, available=13803683840, percent=18.8, used=3198959616, free=12718063616, active=3505537024, inactive=548110336, buffers=57917440, cached=1157218304, shared=14696448, slab=98418688)
CPU: [41.1, 48.0, 44.0, 43.9]
[frame_selection_agent@localhost:5012] 12/06/2026 20:20:04.178 --> frame_id=ab8d4035-fa5 SUITABLE. Discarded=14, Forwarded=12
[frame_selection_agent@localhost:5012] 12/06/2026 20:20:04.327 --> frame_id=6d87a235-96d DISCARDED (deleted from buffer). Discarded=15, Forwarded=12
[frame_selection_agent@localhost:5012] 12/06/2026 20:20:04.686 --> frame_id=bfbb2825-1e5 DISCARDED (deleted from buffer). Discarded=16, Forwarded=12
RAM: svmem(total=17002643456, available=13747716096, percent=19.1, used=3254927360, free=12662095872, active=3519594496, inactive=548110336, buffers=57917440, cached=1157218304, shared=14696448, slab=98418688)
[frame_selection_agent@localhost:5012] 12/06/2026 20:20:04.887 --> frame_id=5fac520f-b10 DISCARDED (deleted from buffer). Discarded=17, Forwarded=12
CPU: [55.7, 59.2, 56.6, 59.4]
[frame_selection_agent@localhost:5012] 12/06/2026 20:20:05.198 --> frame_id=77de5d90-2e8 DISCARDED (deleted from buffer). Discarded=18, Forwarded=12
[data_enhance_agent@localhost:5011] 12/06/2026 20:20:05.459 --> frame_id=4132d0d3-7f5 enhanced and forwarded.
RAM: svmem(total=17002643456, available=13616381952, percent=19.9, used=3386261504, free=12530761728, active=3660120064, inactive=548110336, buffers=57917440, cached=1157218304, shared=14696448, slab=98418688)
[data_enhance_agent@localhost:5011] 12/06/2026 20:20:06.013 --> frame_id=b650c4b5-f47 enhanced and forwarded.
CPU: [54.9, 47.9, 62.5, 50.5]
RAM: svmem(total=17002643456, available=13456982016, percent=20.9, used=3545661440, free=12371361792, active=3826843648, inactive=548110336, buffers=57917440, cached=1157218304, shared=14696448, slab=98418688)
[frame_selection_agent@localhost:5012] 12/06/2026 20:20:07.064 --> frame_id=75da74ff-82a DISCARDED (deleted from buffer). Discarded=19, Forwarded=12
CPU: [52.0, 52.0, 53.3, 51.4]
[data_enhance_agent@localhost:5011] 12/06/2026 20:20:07.674 --> frame_id=a343741f-dce enhanced and forwarded.
RAM: svmem(total=17002643456, available=13382025216, percent=21.3, used=3620618240, free=12296404992, active=3898540032, inactive=548110336, buffers=57917440, cached=1157218304, shared=14696448, slab=98418688)
[data_enhance_agent@localhost:5011] 12/06/2026 20:20:07.981 --> frame_id=ca6f9f80-fe2 enhanced and forwarded.
CPU: [35.0, 29.7, 47.1, 36.0]
[frame_selection_agent@localhost:5012] 12/06/2026 20:20:08.279 --> frame_id=f4060527-bc9 DISCARDED (deleted from buffer). Discarded=20, Forwarded=12
[data_enhance_agent@localhost:5011] 12/06/2026 20:20:08.283 --> frame_id=6791f360-520 enhanced and forwarded.
RAM: svmem(total=17002643456, available=13301923840, percent=21.8, used=3700719616, free=12216287232, active=3961405440, inactive=548126720, buffers=57933824, cached=1157218304, shared=14696448, slab=98418688)[data_enhance_agent@localhost:5011] 12/06/2026 20:20:08.904 --> frame_id=e284d96f-1a3 enhanced and forwarded.

[data_enhance_agent@localhost:5011] 12/06/2026 20:20:08.946 --> frame_id=d51e3365-edf enhanced and forwarded.
[data_enhance_agent@localhost:5011] 12/06/2026 20:20:09.259 --> frame_id=3b387a12-827 enhanced and forwarded.
CPU: [27.8, 32.7, 32.4, 44.7]
[data_enhance_agent@localhost:5011] 12/06/2026 20:20:09.415 --> frame_id=a6726fe7-b1a enhanced and forwarded.
[data_enhance_agent@localhost:5011] 12/06/2026 20:20:09.539 --> frame_id=87d4a9a1-ab0 enhanced and forwarded.
[data_enhance_agent@localhost:5011] 12/06/2026 20:20:09.839 --> frame_id=2d5f538e-ca8 enhanced and forwarded.
RAM: svmem(total=17002643456, available=13182746624, percent=22.5, used=3819896832, free=12097110016, active=4064673792, inactive=548126720, buffers=57933824, cached=1157218304, shared=14696448, slab=98418688)
[data_enhance_agent@localhost:5011] 12/06/2026 20:20:10.033 --> frame_id=ac876c33-c91 enhanced and forwarded.
[data_enhance_agent@localhost:5011] 12/06/2026 20:20:10.311 --> frame_id=f3ef3b74-a25 enhanced and forwarded.
CPU: [45.8, 34.3, 32.4, 34.7]
[data_enhance_agent@localhost:5011] 12/06/2026 20:20:10.470 --> frame_id=e439d2f2-fac enhanced and forwarded.
[data_enhance_agent@localhost:5011] 12/06/2026 20:20:10.816 --> frame_id=e66c3fe7-5b6 enhanced and forwarded.
RAM: svmem(total=17002643456, available=13008011264, percent=23.5, used=3994632192, free=11922374656, active=4225335296, inactive=548126720, buffers=57933824, cached=1157218304, shared=14696448, slab=98418688)
CPU: [50.5, 51.9, 49.0, 57.7]
[frame_selection_agent@localhost:5012] 12/06/2026 20:20:11.384 --> frame_id=dd79badf-e1c DISCARDED (deleted from buffer). Discarded=21, Forwarded=12
[capture_agent@localhost:5010] 12/06/2026 20:20:11.622 --> [RESTART] Animal 4/100 entering scale.
[frame_selection_agent@localhost:5012] 12/06/2026 20:20:11.895 --> [SYNC] Expected 19 frames for animal 3
[data_enhance_agent@localhost:5011] 12/06/2026 20:20:11.985 --> frame_id=cca91029-09c enhanced and forwarded.
RAM: svmem(total=17002643456, available=12896927744, percent=24.1, used=4105715712, free=11811291136, active=4273012736, inactive=548126720, buffers=57933824, cached=1157218304, shared=14696448, slab=98418688)
CPU: [39.0, 41.8, 47.2, 42.7]
[frame_selection_agent@localhost:5012] 12/06/2026 20:20:12.385 --> frame_id=c05a817e-941 DISCARDED (deleted from buffer). Discarded=22, Forwarded=12
[data_enhance_agent@localhost:5011] 12/06/2026 20:20:12.396 --> frame_id=9235b38a-935 enhanced and forwarded.
[data_enhance_agent@localhost:5011] 12/06/2026 20:20:12.505 --> frame_id=8dfdf639-88e enhanced and forwarded.
RAM: svmem(total=17002643456, available=12832047104, percent=24.5, used=4170596352, free=11746410496, active=4360454144, inactive=548126720, buffers=57933824, cached=1157218304, shared=14696448, slab=98418688)
CPU: [47.9, 52.5, 53.4, 52.0]
[frame_selection_agent@localhost:5012] 12/06/2026 20:20:13.872 --> frame_id=2188f41c-65a DISCARDED (deleted from buffer). Discarded=23, Forwarded=12
RAM: svmem(total=17002643456, available=12827885568, percent=24.6, used=4174757888, free=11742232576, active=4370235392, inactive=548143104, buffers=57950208, cached=1157218304, shared=14696448, slab=98418688)
[data_enhance_agent@localhost:5011] 12/06/2026 20:20:14.302 --> frame_id=42de82a7-a2f enhanced and forwarded.
CPU: [48.0, 45.1, 48.5, 37.5]
RAM: svmem(total=17002643456, available=12750716928, percent=25.0, used=4251926528, free=11665063936, active=4523278336, inactive=548143104, buffers=57950208, cached=1157218304, shared=14696448, slab=98418688)
CPU: [48.0, 47.4, 47.9, 50.0]
[frame_selection_agent@localhost:5012] 12/06/2026 20:20:15.827 --> frame_id=82d740d2-091 DISCARDED (deleted from buffer). Discarded=24, Forwarded=12
[frame_selection_agent@localhost:5012] 12/06/2026 20:20:15.922 --> frame_id=41a44e40-df6 DISCARDED (deleted from buffer). Discarded=25, Forwarded=12
RAM: svmem(total=17002643456, available=12603015168, percent=25.9, used=4399628288, free=11517362176, active=4672126976, inactive=548143104, buffers=57950208, cached=1157218304, shared=14696448, slab=98418688)
[frame_selection_agent@localhost:5012] 12/06/2026 20:20:16.155 --> frame_id=3298d876-32b DISCARDED (deleted from buffer). Discarded=26, Forwarded=12
CPU: [50.0, 53.9, 53.6, 50.0]
[predict_weight_agent@localhost:5013] 12/06/2026 20:20:16.662 --> [FINAL] Animal 1 completed. Mean weight: 16.0062 kg
[frame_selection_agent@localhost:5012] 12/06/2026 20:20:16.899 --> frame_id=d333076d-ed9 DISCARDED (deleted from buffer). Discarded=27, Forwarded=12
[frame_selection_agent@localhost:5012] 12/06/2026 20:20:16.905 --> [BATCH READY] Sent animal_id=2 to Predict!
RAM: svmem(total=17002643456, available=12767789056, percent=24.9, used=4234854400, free=11682136064, active=4382507008, inactive=548143104, buffers=57950208, cached=1157218304, shared=14696448, slab=98418688)
CPU: [48.0, 50.0, 51.5, 51.0]
RAM: svmem(total=17002643456, available=12770902016, percent=24.9, used=4231741440, free=11685249024, active=4386947072, inactive=548143104, buffers=57950208, cached=1157218304, shared=14696448, slab=98418688)
CPU: [44.1, 41.5, 40.4, 41.8]
RAM: svmem(total=17002643456, available=12781649920, percent=24.8, used=4220993536, free=11695980544, active=4406640640, inactive=548159488, buffers=57966592, cached=1157218304, shared=14696448, slab=98418688)
[frame_selection_agent@localhost:5012] 12/06/2026 20:20:19.522 --> frame_id=b650c4b5-f47 SUITABLE. Discarded=27, Forwarded=13
CPU: [44.1, 44.0, 43.4, 44.6]
[frame_selection_agent@localhost:5012] 12/06/2026 20:20:19.592 --> frame_id=4132d0d3-7f5 SUITABLE. Discarded=27, Forwarded=14
RAM: svmem(total=17002643456, available=12782256128, percent=24.8, used=4220387328, free=11696586752, active=4427890688, inactive=548159488, buffers=57966592, cached=1157218304, shared=14696448, slab=98418688)
CPU: [50.0, 52.1, 49.5, 47.4]
[frame_selection_agent@localhost:5012] 12/06/2026 20:20:20.858 --> frame_id=ca6f9f80-fe2 SUITABLE. Discarded=27, Forwarded=15
[frame_selection_agent@localhost:5012] 12/06/2026 20:20:20.917 --> frame_id=a343741f-dce SUITABLE. Discarded=27, Forwarded=16
RAM: svmem(total=17002643456, available=12852805632, percent=24.4, used=4149837824, free=11767136256, active=4284301312, inactive=548159488, buffers=57966592, cached=1157218304, shared=14696448, slab=98418688)
CPU: [48.5, 48.5, 49.5, 46.9]
RAM: svmem(total=17002643456, available=12857606144, percent=24.4, used=4145037312, free=11771936768, active=4323393536, inactive=548159488, buffers=57966592, cached=1157218304, shared=14696448, slab=98418688)
[frame_selection_agent@localhost:5012] 12/06/2026 20:20:22.592 --> frame_id=6791f360-520 SUITABLE. Discarded=27, Forwarded=17
CPU: [42.3, 43.3, 40.6, 44.0]
RAM: svmem(total=17002643456, available=12863733760, percent=24.3, used=4138909696, free=11778064384, active=4327260160, inactive=548159488, buffers=57966592, cached=1157218304, shared=14696448, slab=98418688)
[frame_selection_agent@localhost:5012] 12/06/2026 20:20:23.468 --> frame_id=d51e3365-edf DISCARDED (deleted from buffer). Discarded=28, Forwarded=17
CPU: [42.0, 47.5, 44.4, 42.6]
[data_enhance_agent@localhost:5011] 12/06/2026 20:20:23.764 --> frame_id=ba3f2048-d84 enhanced and forwarded.
RAM: svmem(total=17002643456, available=12841074688, percent=24.5, used=4161568768, free=11755405312, active=4377034752, inactive=548159488, buffers=57966592, cached=1157218304, shared=14696448, slab=98418688)
[frame_selection_agent@localhost:5012] 12/06/2026 20:20:24.344 --> frame_id=e284d96f-1a3 SUITABLE. Discarded=28, Forwarded=18
[predict_weight_agent@localhost:5013] 12/06/2026 20:20:24.583 --> [BATCH INFERENCE] Running full network on 6 frames for animal 2
[data_enhance_agent@localhost:5011] 12/06/2026 20:20:24.669 --> frame_id=f58d5881-e80 enhanced and forwarded.
CPU: [38.4, 44.1, 49.0, 41.6]
[frame_selection_agent@localhost:5012] 12/06/2026 20:20:24.758 --> frame_id=3b387a12-827 DISCARDED (deleted from buffer). Discarded=29, Forwarded=18
[capture_agent@localhost:5010] 12/06/2026 20:20:24.801 --> [RESTART] Animal 5/100 entering scale.
[frame_selection_agent@localhost:5012] 12/06/2026 20:20:25.021 --> frame_id=a6726fe7-b1a DISCARDED (deleted from buffer). Discarded=30, Forwarded=18
[frame_selection_agent@localhost:5012] 12/06/2026 20:20:25.116 --> frame_id=87d4a9a1-ab0 DISCARDED (deleted from buffer). Discarded=31, Forwarded=18
RAM: svmem(total=17002643456, available=12864274432, percent=24.3, used=4138369024, free=11778588672, active=4384374784, inactive=548175872, buffers=57982976, cached=1157218304, shared=14696448, slab=98418688)
[data_enhance_agent@localhost:5011] 12/06/2026 20:20:25.478 --> frame_id=6e8f0fe5-2c0 enhanced and forwarded.
[data_enhance_agent@localhost:5011] 12/06/2026 20:20:25.494 --> frame_id=8fc44821-a88 enhanced and forwarded.
CPU: [34.0, 47.6, 41.3, 34.3]
[data_enhance_agent@localhost:5011] 12/06/2026 20:20:25.934 --> frame_id=9ef4c9c6-549 enhanced and forwarded.
[data_enhance_agent@localhost:5011] 12/06/2026 20:20:25.972 --> frame_id=f10e9244-e93 enhanced and forwarded.
[data_enhance_agent@localhost:5011] 12/06/2026 20:20:26.298 --> frame_id=4d5aa699-d86 enhanced and forwarded.
RAM: svmem(total=17002643456, available=12855558144, percent=24.4, used=4147085312, free=11769856000, active=4402135040, inactive=548192256, buffers=57982976, cached=1157234688, shared=14696448, slab=98418688)
[data_enhance_agent@localhost:5011] 12/06/2026 20:20:26.625 --> frame_id=3fe31164-385 enhanced and forwarded.
CPU: [45.2, 38.5, 42.2, 35.2]
[data_enhance_agent@localhost:5011] 12/06/2026 20:20:26.988 --> frame_id=13f90e36-e43 enhanced and forwarded.
RAM: svmem(total=17002643456, available=12859949056, percent=24.4, used=4142694400, free=11774246912, active=4403167232, inactive=548192256, buffers=57982976, cached=1157234688, shared=14696448, slab=98418688)
[data_enhance_agent@localhost:5011] 12/06/2026 20:20:27.724 --> frame_id=31664638-9be enhanced and forwarded.
CPU: [41.7, 37.4, 38.2, 30.9]
[data_enhance_agent@localhost:5011] 12/06/2026 20:20:27.959 --> frame_id=01b33ec3-3a7 enhanced and forwarded.
RAM: svmem(total=17002643456, available=12864536576, percent=24.3, used=4138106880, free=11778834432, active=4403183616, inactive=548192256, buffers=57982976, cached=1157234688, shared=14696448, slab=98418688)
[frame_selection_agent@localhost:5012] 12/06/2026 20:20:28.469 --> [SYNC] Expected 20 frames for animal 4
[frame_selection_agent@localhost:5012] 12/06/2026 20:20:28.831 --> frame_id=ac876c33-c91 DISCARDED (deleted from buffer). Discarded=32, Forwarded=18
[frame_selection_agent@localhost:5012] 12/06/2026 20:20:28.859 --> frame_id=2d5f538e-ca8 DISCARDED (deleted from buffer). Discarded=33, Forwarded=18
CPU: [58.3, 60.6, 57.5, 60.4]
RAM: svmem(total=17002643456, available=12867633152, percent=24.3, used=4135010304, free=11781931008, active=4403707904, inactive=548192256, buffers=57982976, cached=1157234688, shared=14696448, slab=98418688)
[data_enhance_agent@localhost:5011] 12/06/2026 20:20:29.778 --> frame_id=1a629421-9b3 enhanced and forwarded.
[data_enhance_agent@localhost:5011] 12/06/2026 20:20:29.792 --> frame_id=da328d23-485 enhanced and forwarded.
CPU: [41.7, 43.1, 27.7, 39.0]
[data_enhance_agent@localhost:5011] 12/06/2026 20:20:30.321 --> frame_id=7bbd271e-b5a enhanced and forwarded.
[data_enhance_agent@localhost:5011] 12/06/2026 20:20:30.323 --> frame_id=db19e549-59c enhanced and forwarded.
RAM: svmem(total=17002643456, available=12864602112, percent=24.3, used=4138041344, free=11778883584, active=4413145088, inactive=548208640, buffers=57999360, cached=1157234688, shared=14696448, slab=98418688)
[data_enhance_agent@localhost:5011] 12/06/2026 20:20:30.746 --> frame_id=e05a2a79-eac enhanced and forwarded.
[data_enhance_agent@localhost:5011] 12/06/2026 20:20:30.749 --> frame_id=9f98fda7-41f enhanced and forwarded.
[data_enhance_agent@localhost:5011] 12/06/2026 20:20:31.034 --> frame_id=d6ca7638-957 enhanced and forwarded.
[data_enhance_agent@localhost:5011] 12/06/2026 20:20:31.050 --> frame_id=1b8c82f7-ee9 enhanced and forwarded.
CPU: [30.1, 41.7, 32.4, 40.2]
[data_enhance_agent@localhost:5011] 12/06/2026 20:20:31.337 --> frame_id=25a8234a-012 enhanced and forwarded.
RAM: svmem(total=17002643456, available=12853870592, percent=24.4, used=4148772864, free=11768152064, active=4429856768, inactive=548208640, buffers=57999360, cached=1157234688, shared=14696448, slab=98418688)
[frame_selection_agent@localhost:5012] 12/06/2026 20:20:31.887 --> frame_id=e439d2f2-fac DISCARDED (deleted from buffer). Discarded=34, Forwarded=18
CPU: [44.9, 45.6, 50.5, 42.9]
[frame_selection_agent@localhost:5012] 12/06/2026 20:20:32.259 --> frame_id=f3ef3b74-a25 DISCARDED (deleted from buffer). Discarded=35, Forwarded=18
[data_enhance_agent@localhost:5011] 12/06/2026 20:20:32.264 --> frame_id=8d04b252-5bf enhanced and forwarded.
RAM: svmem(total=17002643456, available=12993101824, percent=23.6, used=4009541632, free=11907383296, active=4289347584, inactive=548208640, buffers=57999360, cached=1157234688, shared=14696448, slab=98435072)
[data_enhance_agent@localhost:5011] 12/06/2026 20:20:32.427 --> frame_id=b4fa449d-d45 enhanced and forwarded.
CPU: [52.0, 55.8, 55.3, 53.0]
RAM: svmem(total=17002643456, available=12973441024, percent=23.7, used=4029202432, free=11887722496, active=4330471424, inactive=548208640, buffers=57999360, cached=1157234688, shared=14696448, slab=98435072)
[frame_selection_agent@localhost:5012] 12/06/2026 20:20:33.632 --> frame_id=e66c3fe7-5b6 DISCARDED (deleted from buffer). Discarded=36, Forwarded=18
[data_enhance_agent@localhost:5011] 12/06/2026 20:20:34.097 --> frame_id=d9d40a0c-330 enhanced and forwarded.
CPU: [42.7, 54.1, 46.5, 44.6]
RAM: svmem(total=17002643456, available=12956205056, percent=23.8, used=4046438400, free=11870486528, active=4337860608, inactive=548208640, buffers=57999360, cached=1157234688, shared=14696448, slab=98435072)
[frame_selection_agent@localhost:5012] 12/06/2026 20:20:35.178 --> frame_id=cca91029-09c DISCARDED (deleted from buffer). Discarded=37, Forwarded=18
CPU: [51.9, 50.0, 48.4, 50.5]
RAM: svmem(total=17002643456, available=12871925760, percent=24.3, used=4130717696, free=11786190848, active=4434935808, inactive=548225024, buffers=58015744, cached=1157234688, shared=14696448, slab=98435072)
CPU: [49.5, 52.5, 52.0, 48.0]
[frame_selection_agent@localhost:5012] 12/06/2026 20:20:36.364 --> frame_id=8dfdf639-88e DISCARDED (deleted from buffer). Discarded=38, Forwarded=18
RAM: svmem(total=17002643456, available=12826705920, percent=24.6, used=4175937536, free=11740971008, active=4488888320, inactive=548225024, buffers=58015744, cached=1157234688, shared=14696448, slab=98435072)
[frame_selection_agent@localhost:5012] 12/06/2026 20:20:36.581 --> frame_id=9235b38a-935 DISCARDED (deleted from buffer). Discarded=39, Forwarded=18
[data_enhance_agent@localhost:5011] 12/06/2026 20:20:36.918 --> frame_id=e35cf3f5-bc8 enhanced and forwarded.
[frame_selection_agent@localhost:5012] 12/06/2026 20:20:36.934 --> frame_id=42de82a7-a2f DISCARDED (deleted from buffer). Discarded=40, Forwarded=18
[frame_selection_agent@localhost:5012] 12/06/2026 20:20:36.967 --> [BATCH READY] Sent animal_id=3 to Predict!
CPU: [45.0, 37.1, 49.0, 48.6]
[data_enhance_agent@localhost:5011] 12/06/2026 20:20:37.328 --> frame_id=ed8700e5-422 enhanced and forwarded.
RAM: svmem(total=17002643456, available=12767723520, percent=24.9, used=4234919936, free=11681988608, active=4525228032, inactive=548225024, buffers=58015744, cached=1157234688, shared=14696448, slab=98435072)
[capture_agent@localhost:5010] 12/06/2026 20:20:38.032 --> [RESTART] Animal 6/100 entering scale.
CPU: [51.0, 51.5, 49.5, 51.6]
RAM: svmem(total=17002643456, available=12619530240, percent=25.8, used=4383113216, free=11533795328, active=4682842112, inactive=548225024, buffers=58015744, cached=1157234688, shared=14696448, slab=98435072)
[predict_weight_agent@localhost:5013] 12/06/2026 20:20:39.151 --> [FINAL] Animal 2 completed. Mean weight: 16.0062 kg
CPU: [50.5, 38.6, 38.0, 40.0]
[data_enhance_agent@localhost:5011] 12/06/2026 20:20:39.495 --> frame_id=7a02c1cb-673 enhanced and forwarded.
RAM: svmem(total=17002643456, available=12701630464, percent=25.3, used=4301012992, free=11615895552, active=4516282368, inactive=548225024, buffers=58015744, cached=1157234688, shared=14696448, slab=98435072)
CPU: [43.4, 49.0, 46.5, 48.6]
[frame_selection_agent@localhost:5012] 12/06/2026 20:20:40.422 --> frame_id=ba3f2048-d84 SUITABLE. Discarded=40, Forwarded=19
[frame_selection_agent@localhost:5012] 12/06/2026 20:20:40.461 --> frame_id=f58d5881-e80 SUITABLE. Discarded=40, Forwarded=20
RAM: svmem(total=17002643456, available=12699697152, percent=25.3, used=4302946304, free=11613945856, active=4525965312, inactive=548241408, buffers=58032128, cached=1157234688, shared=14696448, slab=98435072)
[data_enhance_agent@localhost:5011] 12/06/2026 20:20:40.950 --> frame_id=856c2ee0-93d enhanced and forwarded.
[frame_selection_agent@localhost:5012] 12/06/2026 20:20:41.363 --> frame_id=6e8f0fe5-2c0 SUITABLE. Discarded=40, Forwarded=21
[data_enhance_agent@localhost:5011] 12/06/2026 20:20:41.423 --> frame_id=306a3d2f-9ef enhanced and forwarded.
CPU: [41.8, 30.6, 31.3, 43.3]
[data_enhance_agent@localhost:5011] 12/06/2026 20:20:41.547 --> frame_id=74faca35-7c5 enhanced and forwarded.
RAM: svmem(total=17002643456, available=12822282240, percent=24.6, used=4180361216, free=11736530944, active=4376772608, inactive=548241408, buffers=58032128, cached=1157234688, shared=14696448, slab=98435072)
[frame_selection_agent@localhost:5012] 12/06/2026 20:20:41.735 --> frame_id=8fc44821-a88 SUITABLE. Discarded=40, Forwarded=22
[data_enhance_agent@localhost:5011] 12/06/2026 20:20:42.053 --> frame_id=112e1e92-c87 enhanced and forwarded.
CPU: [45.6, 45.5, 52.5, 49.0]
RAM: svmem(total=17002643456, available=12790333440, percent=24.8, used=4212310016, free=11704582144, active=4455956480, inactive=548241408, buffers=58032128, cached=1157234688, shared=14696448, slab=98451456)
[frame_selection_agent@localhost:5012] 12/06/2026 20:20:43.167 --> frame_id=9ef4c9c6-549 SUITABLE. Discarded=40, Forwarded=23
CPU: [44.1, 44.9, 47.1, 48.0]
RAM: svmem(total=17002643456, available=12852346880, percent=24.4, used=4150296576, free=11766595584, active=4364697600, inactive=548241408, buffers=58032128, cached=1157234688, shared=14696448, slab=98451456)
[frame_selection_agent@localhost:5012] 12/06/2026 20:20:43.925 --> frame_id=f10e9244-e93 SUITABLE. Discarded=40, Forwarded=24
[data_enhance_agent@localhost:5011] 12/06/2026 20:20:44.386 --> frame_id=e6f0f1eb-969 enhanced and forwarded.
CPU: [45.4, 39.6, 43.0, 44.3]
RAM: svmem(total=17002643456, available=12851183616, percent=24.4, used=4151459840, free=11765432320, active=4350787584, inactive=548241408, buffers=58032128, cached=1157234688, shared=14696448, slab=98451456)
CPU: [46.5, 43.2, 47.5, 48.0]
RAM: svmem(total=17002643456, available=12846514176, percent=24.4, used=4156129280, free=11760762880, active=4404871168, inactive=548241408, buffers=58032128, cached=1157234688, shared=14696448, slab=98451456)
[frame_selection_agent@localhost:5012] 12/06/2026 20:20:45.691 --> frame_id=4d5aa699-d86 DISCARDED (deleted from buffer). Discarded=41, Forwarded=24
[frame_selection_agent@localhost:5012] 12/06/2026 20:20:45.917 --> frame_id=3fe31164-385 DISCARDED (deleted from buffer). Discarded=42, Forwarded=24
[frame_selection_agent@localhost:5012] 12/06/2026 20:20:46.308 --> frame_id=13f90e36-e43 DISCARDED (deleted from buffer). Discarded=43, Forwarded=24
CPU: [51.4, 51.0, 47.4, 50.0]
RAM: svmem(total=17002643456, available=12852379648, percent=24.4, used=4150263808, free=11766611968, active=4418797568, inactive=548257792, buffers=58048512, cached=1157234688, shared=14696448, slab=98451456)
[frame_selection_agent@localhost:5012] 12/06/2026 20:20:46.744 --> [SYNC] Expected 18 frames for animal 5
[predict_weight_agent@localhost:5013] 12/06/2026 20:20:46.799 --> [BATCH INFERENCE] Running full network on 6 frames for animal 3
CPU: [44.6, 47.0, 44.3, 45.9]
RAM: svmem(total=17002643456, available=12827312128, percent=24.6, used=4175331328, free=11741544448, active=4467916800, inactive=548257792, buffers=58048512, cached=1157234688, shared=14696448, slab=98451456)
[frame_selection_agent@localhost:5012] 12/06/2026 20:20:48.307 --> frame_id=31664638-9be DISCARDED (deleted from buffer). Discarded=44, Forwarded=24
[data_enhance_agent@localhost:5011] 12/06/2026 20:20:48.594 --> frame_id=b4953e5b-160 enhanced and forwarded.
CPU: [44.4, 39.6, 41.3, 37.6]
RAM: svmem(total=17002643456, available=12822151168, percent=24.6, used=4180492288, free=11736383488, active=4477976576, inactive=548257792, buffers=58048512, cached=1157234688, shared=14696448, slab=98451456)
[frame_selection_agent@localhost:5012] 12/06/2026 20:20:49.507 --> frame_id=01b33ec3-3a7 DISCARDED (deleted from buffer). Discarded=45, Forwarded=24
[frame_selection_agent@localhost:5012] 12/06/2026 20:20:49.575 --> frame_id=1a629421-9b3 DISCARDED (deleted from buffer). Discarded=46, Forwarded=24
CPU: [41.7, 43.6, 42.0, 49.0]
RAM: svmem(total=17002643456, available=12801753088, percent=24.7, used=4200890368, free=11715985408, active=4504993792, inactive=548257792, buffers=58048512, cached=1157234688, shared=14696448, slab=98451456)
[data_enhance_agent@localhost:5011] 12/06/2026 20:20:49.818 --> frame_id=3f240c2d-8a2 enhanced and forwarded.
[frame_selection_agent@localhost:5012] 12/06/2026 20:20:50.452 --> frame_id=da328d23-485 DISCARDED (deleted from buffer). Discarded=47, Forwarded=24
[data_enhance_agent@localhost:5011] 12/06/2026 20:20:50.663 --> frame_id=57eded98-c06 enhanced and forwarded.
CPU: [41.7, 41.0, 48.0, 47.5]
RAM: svmem(total=17002643456, available=12918128640, percent=24.0, used=4084514816, free=11832360960, active=4375592960, inactive=548257792, buffers=58081280, cached=1157251072, shared=14696448, slab=98467840)
[frame_selection_agent@localhost:5012] 12/06/2026 20:20:50.810 --> frame_id=7bbd271e-b5a DISCARDED (deleted from buffer). Discarded=48, Forwarded=24
[data_enhance_agent@localhost:5011] 12/06/2026 20:20:51.315 --> frame_id=2cf7fc5d-044 enhanced and forwarded.
[data_enhance_agent@localhost:5011] 12/06/2026 20:20:51.451 --> frame_id=86ee4b72-74a enhanced and forwarded.
[capture_agent@localhost:5010] 12/06/2026 20:20:51.452 --> [RESTART] Animal 7/100 entering scale.
[data_enhance_agent@localhost:5011] 12/06/2026 20:20:51.625 --> frame_id=98b036bd-873 enhanced and forwarded.
CPU: [28.2, 43.1, 29.8, 38.2]
RAM: svmem(total=17002643456, available=12909068288, percent=24.1, used=4093575168, free=11823267840, active=4395876352, inactive=548290560, buffers=58081280, cached=1157251072, shared=14696448, slab=98467840)
[data_enhance_agent@localhost:5011] 12/06/2026 20:20:51.930 --> frame_id=83365aa1-974 enhanced and forwarded.
[frame_selection_agent@localhost:5012] 12/06/2026 20:20:52.371 --> frame_id=db19e549-59c DISCARDED (deleted from buffer). Discarded=49, Forwarded=24
CPU: [54.5, 57.1, 55.6, 56.0]
RAM: svmem(total=17002643456, available=12812730368, percent=24.6, used=4189913088, free=11726929920, active=4479434752, inactive=548290560, buffers=58081280, cached=1157251072, shared=14696448, slab=98467840)
[frame_selection_agent@localhost:5012] 12/06/2026 20:20:53.674 --> frame_id=e05a2a79-eac DISCARDED (deleted from buffer). Discarded=50, Forwarded=24
RAM: svmem(total=17002643456, available=12569673728, percent=26.1, used=4432969728, free=11483873280, active=4701454336, inactive=548290560, buffers=58081280, cached=1157251072, shared=14696448, slab=98467840)CPU: [60.0, 62.4, 61.0, 61.4]

RAM: svmem(total=17002643456, available=12458098688, percent=26.7, used=4544544768, free=11372298240, active=4836933632, inactive=548290560, buffers=58081280, cached=1157251072, shared=14696448, slab=98467840)
CPU: [52.9, 49.0, 47.4, 48.5]
[frame_selection_agent@localhost:5012] 12/06/2026 20:20:55.185 --> frame_id=9f98fda7-41f DISCARDED (deleted from buffer). Discarded=51, Forwarded=24
[frame_selection_agent@localhost:5012] 12/06/2026 20:20:55.443 --> frame_id=1b8c82f7-ee9 DISCARDED (deleted from buffer). Discarded=52, Forwarded=24
[data_enhance_agent@localhost:5011] 12/06/2026 20:20:55.712 --> frame_id=29241ea6-d83 enhanced and forwarded.
RAM: svmem(total=17002643456, available=12322439168, percent=27.5, used=4680204288, free=11236638720, active=4983668736, inactive=548290560, buffers=58081280, cached=1157251072, shared=14696448, slab=98467840)
CPU: [37.6, 30.3, 43.4, 44.0]
[data_enhance_agent@localhost:5011] 12/06/2026 20:20:55.956 --> frame_id=62bae355-417 enhanced and forwarded.
[frame_selection_agent@localhost:5012] 12/06/2026 20:20:55.990 --> frame_id=d6ca7638-957 DISCARDED (deleted from buffer). Discarded=53, Forwarded=24
[data_enhance_agent@localhost:5011] 12/06/2026 20:20:56.381 --> frame_id=84b6a5a9-524 enhanced and forwarded.
[data_enhance_agent@localhost:5011] 12/06/2026 20:20:56.515 --> frame_id=0ab404ba-81a enhanced and forwarded.
[data_enhance_agent@localhost:5011] 12/06/2026 20:20:56.718 --> frame_id=624798a2-1bc enhanced and forwarded.
[data_enhance_agent@localhost:5011] 12/06/2026 20:20:56.913 --> frame_id=85b9a0af-584 enhanced and forwarded.
RAM: svmem(total=17002643456, available=12145246208, percent=28.6, used=4857397248, free=11059429376, active=5122850816, inactive=548306944, buffers=58097664, cached=1157251072, shared=14696448, slab=98467840)
CPU: [38.8, 48.5, 41.2, 40.4]
[frame_selection_agent@localhost:5012] 12/06/2026 20:20:57.269 --> [SYNC] Expected 19 frames for animal 6
RAM: svmem(total=17002643456, available=11903696896, percent=30.0, used=5098946560, free=10817863680, active=5356945408, inactive=548323328, buffers=58097664, cached=1157267456, shared=14696448, slab=98467840)
CPU: [56.9, 55.9, 53.5, 60.0]
[frame_selection_agent@localhost:5012] 12/06/2026 20:20:58.743 --> frame_id=25a8234a-012 DISCARDED (deleted from buffer). Discarded=54, Forwarded=24
[frame_selection_agent@localhost:5012] 12/06/2026 20:20:58.751 --> [BATCH READY] Sent animal_id=4 to Predict!
RAM: svmem(total=17002643456, available=11701190656, percent=31.2, used=5301452800, free=10615357440, active=5552177152, inactive=548323328, buffers=58097664, cached=1157267456, shared=14696448, slab=98467840)
CPU: [44.7, 44.1, 53.9, 42.4]
[data_enhance_agent@localhost:5011] 12/06/2026 20:20:59.010 --> frame_id=650875fc-510 enhanced and forwarded.
RAM: svmem(total=17002643456, available=11683741696, percent=31.3, used=5318901760, free=10597908480, active=5571985408, inactive=548323328, buffers=58097664, cached=1157267456, shared=14696448, slab=98467840)
CPU: [50.0, 46.8, 50.0, 50.0]
[frame_selection_agent@localhost:5012] 12/06/2026 20:21:00.075 --> frame_id=b4fa449d-d45 SUITABLE. Discarded=54, Forwarded=25
[frame_selection_agent@localhost:5012] 12/06/2026 20:21:00.382 --> frame_id=8d04b252-5bf SUITABLE. Discarded=54, Forwarded=26
[data_enhance_agent@localhost:5011] 12/06/2026 20:21:00.436 --> frame_id=e1fdb3a6-9e2 enhanced and forwarded.
[data_enhance_agent@localhost:5011] 12/06/2026 20:21:00.785 --> frame_id=ab54ad21-643 enhanced and forwarded.
RAM: svmem(total=17002643456, available=11683004416, percent=31.3, used=5319639040, free=10597171200, active=5524013056, inactive=548323328, buffers=58097664, cached=1157267456, shared=14696448, slab=98467840)
CPU: [46.4, 36.5, 43.1, 32.0]
[data_enhance_agent@localhost:5011] 12/06/2026 20:21:01.320 --> frame_id=b6e86758-0be enhanced and forwarded.
[data_enhance_agent@localhost:5011] 12/06/2026 20:21:01.530 --> frame_id=d55dc584-776 enhanced and forwarded.
[frame_selection_agent@localhost:5012] 12/06/2026 20:21:01.801 --> frame_id=d9d40a0c-330 SUITABLE. Discarded=54, Forwarded=27
[data_enhance_agent@localhost:5011] 12/06/2026 20:21:01.853 --> frame_id=4ae96680-5be enhanced and forwarded.
RAM: svmem(total=17002643456, available=11673927680, percent=31.3, used=5328715776, free=10588078080, active=5555257344, inactive=548339712, buffers=58114048, cached=1157267456, shared=14696448, slab=98467840)
CPU: [34.0, 33.7, 43.1, 55.0]
[frame_selection_agent@localhost:5012] 12/06/2026 20:21:02.264 --> frame_id=e35cf3f5-bc8 SUITABLE. Discarded=54, Forwarded=28
[data_enhance_agent@localhost:5011] 12/06/2026 20:21:02.307 --> frame_id=f02ed1c8-384 enhanced and forwarded.
[data_enhance_agent@localhost:5011] 12/06/2026 20:21:02.720 --> frame_id=ac9f8b6d-d58 enhanced and forwarded.
[data_enhance_agent@localhost:5011] 12/06/2026 20:21:02.810 --> frame_id=c678e7d7-eec enhanced and forwarded.
RAM: svmem(total=17002643456, available=11747966976, percent=30.9, used=5254676480, free=10662117376, active=5477236736, inactive=548339712, buffers=58114048, cached=1157267456, shared=14696448, slab=98467840)
CPU: [43.3, 35.9, 32.7, 41.6]
[data_enhance_agent@localhost:5011] 12/06/2026 20:21:03.445 --> frame_id=1ddef105-d64 enhanced and forwarded.
[data_enhance_agent@localhost:5011] 12/06/2026 20:21:03.722 --> frame_id=ce879e61-57d enhanced and forwarded.
[data_enhance_agent@localhost:5011] 12/06/2026 20:21:03.737 --> frame_id=d8566877-5c9 enhanced and forwarded.
[data_enhance_agent@localhost:5011] 12/06/2026 20:21:04.048 --> frame_id=b53f6269-c53 enhanced and forwarded.
RAM: svmem(total=17002643456, available=11682398208, percent=31.3, used=5320245248, free=10596548608, active=5555257344, inactive=548339712, buffers=58114048, cached=1157267456, shared=14696448, slab=98533376)
CPU: [36.7, 35.4, 53.8, 37.4]
[predict_weight_agent@localhost:5013] 12/06/2026 20:21:04.439 --> [FINAL] Animal 3 completed. Mean weight: 16.0062 kg
[capture_agent@localhost:5010] 12/06/2026 20:21:04.663 --> [RESTART] Animal 8/100 entering scale.
[frame_selection_agent@localhost:5012] 12/06/2026 20:21:05.019 --> frame_id=ed8700e5-422 SUITABLE. Discarded=54, Forwarded=29
RAM: svmem(total=17002643456, available=11702796288, percent=31.2, used=5299847168, free=10616946688, active=5287641088, inactive=548339712, buffers=58114048, cached=1157267456, shared=14696448, slab=98533376)
CPU: [46.4, 51.0, 48.0, 49.0]
[predict_weight_agent@localhost:5013] 12/06/2026 20:21:05.352 --> [BATCH INFERENCE] Running full network on 6 frames for animal 4
[frame_selection_agent@localhost:5012] 12/06/2026 20:21:05.568 --> [SYNC] Expected 20 frames for animal 7
RAM: svmem(total=17002643456, available=11714805760, percent=31.1, used=5287837696, free=10628956160, active=5296275456, inactive=548339712, buffers=58114048, cached=1157267456, shared=14696448, slab=98549760)
CPU: [42.4, 45.6, 48.1, 46.5]
[frame_selection_agent@localhost:5012] 12/06/2026 20:21:06.551 --> frame_id=7a02c1cb-673 SUITABLE. Discarded=54, Forwarded=30
[frame_selection_agent@localhost:5012] 12/06/2026 20:21:07.018 --> frame_id=856c2ee0-93d DISCARDED (deleted from buffer). Discarded=55, Forwarded=30
RAM: svmem(total=17002643456, available=11722932224, percent=31.1, used=5279711232, free=10637049856, active=5356601344, inactive=548372480, buffers=58146816, cached=1157267456, shared=14696448, slab=98566144)
CPU: [40.2, 38.6, 38.6, 52.9]
[frame_selection_agent@localhost:5012] 12/06/2026 20:21:07.390 --> frame_id=306a3d2f-9ef DISCARDED (deleted from buffer). Discarded=56, Forwarded=30
[data_enhance_agent@localhost:5011] 12/06/2026 20:21:07.419 --> frame_id=c7360c91-617 enhanced and forwarded.
RAM: svmem(total=17002643456, available=11775246336, percent=30.7, used=5227397120, free=10689363968, active=5362188288, inactive=548372480, buffers=58146816, cached=1157267456, shared=14696448, slab=98566144)
CPU: [50.5, 49.0, 50.0, 50.5]
[frame_selection_agent@localhost:5012] 12/06/2026 20:21:09.078 --> frame_id=74faca35-7c5 DISCARDED (deleted from buffer). Discarded=57, Forwarded=30
RAM: svmem(total=17002643456, available=11774853120, percent=30.7, used=5227790336, free=10688970752, active=5371215872, inactive=548372480, buffers=58146816, cached=1157267456, shared=14696448, slab=98566144)
CPU: [39.2, 40.0, 44.9, 37.9]
[data_enhance_agent@localhost:5011] 12/06/2026 20:21:09.444 --> frame_id=5f89fdd6-823 enhanced and forwarded.
[data_enhance_agent@localhost:5011] 12/06/2026 20:21:09.791 --> frame_id=8c27b66e-90f enhanced and forwarded.
[data_enhance_agent@localhost:5011] 12/06/2026 20:21:10.073 --> frame_id=798687ba-b76 enhanced and forwarded.
RAM: svmem(total=17002643456, available=11775852544, percent=30.7, used=5226790912, free=10689970176, active=5381226496, inactive=548372480, buffers=58146816, cached=1157267456, shared=14696448, slab=98566144)
CPU: [51.5, 27.6, 31.4, 31.0]
[data_enhance_agent@localhost:5011] 12/06/2026 20:21:10.418 --> frame_id=cf16cb8e-98d enhanced and forwarded.
[frame_selection_agent@localhost:5012] 12/06/2026 20:21:10.716 --> frame_id=112e1e92-c87 DISCARDED (deleted from buffer). Discarded=58, Forwarded=30
[data_enhance_agent@localhost:5011] 12/06/2026 20:21:11.090 --> frame_id=2670c02b-7ba enhanced and forwarded.
[data_enhance_agent@localhost:5011] 12/06/2026 20:21:11.194 --> frame_id=a46fc49a-2f2 enhanced and forwarded.
RAM: svmem(total=17002643456, available=11778359296, percent=30.7, used=5224284160, free=10692476928, active=5381668864, inactive=548372480, buffers=58163200, cached=1157267456, shared=14696448, slab=98566144)
CPU: [31.4, 32.0, 44.7, 29.9]
[data_enhance_agent@localhost:5011] 12/06/2026 20:21:11.444 --> frame_id=ad1d874f-069 enhanced and forwarded.
[data_enhance_agent@localhost:5011] 12/06/2026 20:21:11.519 --> frame_id=7ef02a4b-c9f enhanced and forwarded.
[frame_selection_agent@localhost:5012] 12/06/2026 20:21:12.108 --> frame_id=e6f0f1eb-969 DISCARDED (deleted from buffer). Discarded=59, Forwarded=30
RAM: svmem(total=17002643456, available=11782914048, percent=30.7, used=5219729408, free=10697015296, active=5395087360, inactive=548388864, buffers=58163200, cached=1157267456, shared=14696448, slab=98566144)
CPU: [42.9, 53.0, 47.1, 47.1]
[data_enhance_agent@localhost:5011] 12/06/2026 20:21:12.428 --> frame_id=8693ee45-282 enhanced and forwarded.
[frame_selection_agent@localhost:5012] 12/06/2026 20:21:12.936 --> frame_id=3f240c2d-8a2 DISCARDED (deleted from buffer). Discarded=60, Forwarded=30
[frame_selection_agent@localhost:5012] 12/06/2026 20:21:13.069 --> frame_id=b4953e5b-160 DISCARDED (deleted from buffer). Discarded=61, Forwarded=30
RAM: svmem(total=17002643456, available=11880529920, percent=30.1, used=5122113536, free=10794631168, active=5336809472, inactive=548388864, buffers=58163200, cached=1157267456, shared=14696448, slab=98566144)
CPU: [39.6, 43.6, 43.3, 50.5]
[data_enhance_agent@localhost:5011] 12/06/2026 20:21:13.498 --> frame_id=ebce24c1-268 enhanced and forwarded.
[frame_selection_agent@localhost:5012] 12/06/2026 20:21:13.981 --> frame_id=57eded98-c06 DISCARDED (deleted from buffer). Discarded=62, Forwarded=30
RAM: svmem(total=17002643456, available=11880906752, percent=30.1, used=5121736704, free=10795008000, active=5350522880, inactive=548388864, buffers=58163200, cached=1157267456, shared=14696448, slab=98566144)
[frame_selection_agent@localhost:5012] 12/06/2026 20:21:14.303 --> frame_id=2cf7fc5d-044 DISCARDED (deleted from buffer). Discarded=63, Forwarded=30
CPU: [44.1, 45.5, 44.2, 55.2]
[data_enhance_agent@localhost:5011] 12/06/2026 20:21:14.642 --> frame_id=b6251597-276 enhanced and forwarded.
[data_enhance_agent@localhost:5011] 12/06/2026 20:21:15.088 --> frame_id=be9e977d-b41 enhanced and forwarded.
RAM: svmem(total=17002643456, available=11912527872, percent=29.9, used=5090115584, free=10826629120, active=5317623808, inactive=548388864, buffers=58163200, cached=1157267456, shared=14696448, slab=98566144)
[data_enhance_agent@localhost:5011] 12/06/2026 20:21:15.366 --> frame_id=c502eae8-bf1 enhanced and forwarded.
CPU: [37.3, 37.1, 30.8, 42.3]
[data_enhance_agent@localhost:5011] 12/06/2026 20:21:15.728 --> frame_id=cec35117-fe9 enhanced and forwarded.
RAM: svmem(total=17002643456, available=11897978880, percent=30.0, used=5104664576, free=10812080128, active=5404639232, inactive=548388864, buffers=58163200, cached=1157267456, shared=14696448, slab=98566144)
[frame_selection_agent@localhost:5012] 12/06/2026 20:21:16.525 --> frame_id=86ee4b72-74a DISCARDED (deleted from buffer). Discarded=64, Forwarded=30
CPU: [61.9, 64.6, 64.4, 62.4]
[frame_selection_agent@localhost:5012] 12/06/2026 20:21:17.285 --> frame_id=98b036bd-873 DISCARDED (deleted from buffer). Discarded=65, Forwarded=30
RAM: svmem(total=17002643456, available=11596251136, percent=31.8, used=5406392320, free=10510336000, active=5638438912, inactive=548405248, buffers=58179584, cached=1157267456, shared=14696448, slab=98566144)
[frame_selection_agent@localhost:5012] 12/06/2026 20:21:17.427 --> frame_id=83365aa1-974 DISCARDED (deleted from buffer). Discarded=66, Forwarded=30
[frame_selection_agent@localhost:5012] 12/06/2026 20:21:17.463 --> [BATCH READY] Sent animal_id=5 to Predict!
CPU: [45.5, 57.6, 49.5, 44.0]
[data_enhance_agent@localhost:5011] 12/06/2026 20:21:17.772 --> frame_id=09347bea-1a5 enhanced and forwarded.
[data_enhance_agent@localhost:5011] 12/06/2026 20:21:17.781 --> frame_id=81f957b8-49c enhanced and forwarded.
[capture_agent@localhost:5010] 12/06/2026 20:21:17.910 --> [RESTART] Animal 9/100 entering scale.
[data_enhance_agent@localhost:5011] 12/06/2026 20:21:18.149 --> frame_id=e5897008-b22 enhanced and forwarded.
RAM: svmem(total=17002643456, available=11544641536, percent=32.1, used=5458001920, free=10458726400, active=5688852480, inactive=548405248, buffers=58179584, cached=1157267456, shared=14696448, slab=98566144)
[data_enhance_agent@localhost:5011] 12/06/2026 20:21:18.535 --> frame_id=8329d2f1-383 enhanced and forwarded.
CPU: [47.1, 40.8, 43.0, 47.1]
RAM: svmem(total=17002643456, available=11410702336, percent=32.9, used=5591941120, free=10324787200, active=5863260160, inactive=548405248, buffers=58179584, cached=1157267456, shared=14696448, slab=98566144)
CPU: [51.5, 51.0, 50.0, 52.0]
RAM: svmem(total=17002643456, available=11157438464, percent=34.4, used=5845204992, free=10071523328, active=6116982784, inactive=548405248, buffers=58179584, cached=1157267456, shared=14696448, slab=98566144)
CPU: [38.8, 36.7, 59.7, 37.0]
RAM: svmem(total=17002643456, available=11015766016, percent=35.2, used=5986877440, free=9929850880, active=6269648896, inactive=548405248, buffers=58179584, cached=1157267456, shared=14696448, slab=98566144)
[frame_selection_agent@localhost:5012] 12/06/2026 20:21:21.387 --> frame_id=62bae355-417 SUITABLE. Discarded=66, Forwarded=31
[data_enhance_agent@localhost:5011] 12/06/2026 20:21:21.705 --> frame_id=57176f0f-6a9 enhanced and forwarded.
[frame_selection_agent@localhost:5012] 12/06/2026 20:21:21.838 --> frame_id=29241ea6-d83 SUITABLE. Discarded=66, Forwarded=32
CPU: [46.0, 56.0, 47.5, 46.1]
RAM: svmem(total=17002643456, available=10928046080, percent=35.7, used=6074597376, free=9842114560, active=6332203008, inactive=548421632, buffers=58195968, cached=1157267456, shared=14696448, slab=98566144)
[frame_selection_agent@localhost:5012] 12/06/2026 20:21:22.456 --> frame_id=84b6a5a9-524 SUITABLE. Discarded=66, Forwarded=33
CPU: [53.5, 51.6, 54.1, 52.5]
[frame_selection_agent@localhost:5012] 12/06/2026 20:21:23.273 --> frame_id=0ab404ba-81a SUITABLE. Discarded=66, Forwarded=34
RAM: svmem(total=17002643456, available=10919444480, percent=35.8, used=6083198976, free=9833512960, active=6357467136, inactive=548421632, buffers=58195968, cached=1157267456, shared=14696448, slab=98566144)
[frame_selection_agent@localhost:5012] 12/06/2026 20:21:23.716 --> frame_id=624798a2-1bc SUITABLE. Discarded=66, Forwarded=35
CPU: [47.9, 53.4, 50.5, 50.5]
[frame_selection_agent@localhost:5012] 12/06/2026 20:21:24.247 --> frame_id=85b9a0af-584 SUITABLE. Discarded=66, Forwarded=36
RAM: svmem(total=17002643456, available=10927751168, percent=35.7, used=6074892288, free=9841819648, active=6286884864, inactive=548421632, buffers=58195968, cached=1157267456, shared=14696448, slab=98566144)
CPU: [49.5, 51.0, 54.4, 48.9]
RAM: svmem(total=17002643456, available=10824531968, percent=36.3, used=6178111488, free=9738600448, active=6391021568, inactive=548421632, buffers=58195968, cached=1157267456, shared=14696448, slab=98566144)
CPU: [48.0, 50.5, 47.5, 47.6]
[predict_weight_agent@localhost:5013] 12/06/2026 20:21:26.113 --> [FINAL] Animal 4 completed. Mean weight: 16.0062 kg
[frame_selection_agent@localhost:5012] 12/06/2026 20:21:26.290 --> frame_id=650875fc-510 DISCARDED (deleted from buffer). Discarded=67, Forwarded=36
RAM: svmem(total=17002643456, available=10792091648, percent=36.5, used=6210551808, free=9706160128, active=6454525952, inactive=548421632, buffers=58195968, cached=1157267456, shared=14696448, slab=98566144)
CPU: [48.5, 51.0, 51.0, 48.5]
[frame_selection_agent@localhost:5012] 12/06/2026 20:21:27.114 --> frame_id=e1fdb3a6-9e2 DISCARDED (deleted from buffer). Discarded=68, Forwarded=36
RAM: svmem(total=17002643456, available=10756472832, percent=36.7, used=6246170624, free=9670524928, active=6504464384, inactive=548438016, buffers=58212352, cached=1157267456, shared=14696448, slab=98566144)
[frame_selection_agent@localhost:5012] 12/06/2026 20:21:27.795 --> frame_id=ab54ad21-643 DISCARDED (deleted from buffer). Discarded=69, Forwarded=36
CPU: [48.0, 45.4, 48.5, 45.9]
RAM: svmem(total=17002643456, available=10724524032, percent=36.9, used=6278119424, free=9638576128, active=6507675648, inactive=548438016, buffers=58212352, cached=1157267456, shared=14696448, slab=98631680)
CPU: [44.0, 45.6, 43.0, 45.0]
RAM: svmem(total=17002643456, available=10715922432, percent=37.0, used=6286721024, free=9629974528, active=6528253952, inactive=548438016, buffers=58212352, cached=1157267456, shared=14696448, slab=98631680)
[frame_selection_agent@localhost:5012] 12/06/2026 20:21:30.017 --> frame_id=b6e86758-0be DISCARDED (deleted from buffer). Discarded=70, Forwarded=36
CPU: [36.3, 40.6, 48.6, 41.7]
[frame_selection_agent@localhost:5012] 12/06/2026 20:21:30.258 --> frame_id=d55dc584-776 DISCARDED (deleted from buffer). Discarded=71, Forwarded=36
RAM: svmem(total=17002643456, available=10714710016, percent=37.0, used=6287933440, free=9628745728, active=6532595712, inactive=548454400, buffers=58212352, cached=1157283840, shared=14696448, slab=98631680)
[frame_selection_agent@localhost:5012] 12/06/2026 20:21:30.602 --> frame_id=4ae96680-5be DISCARDED (deleted from buffer). Discarded=72, Forwarded=36
[data_enhance_agent@localhost:5011] 12/06/2026 20:21:30.704 --> frame_id=37fa057f-ec4 enhanced and forwarded.
[data_enhance_agent@localhost:5011] 12/06/2026 20:21:30.943 --> frame_id=9bdca28b-4a6 enhanced and forwarded.
[capture_agent@localhost:5010] 12/06/2026 20:21:31.082 --> [RESTART] Animal 10/100 entering scale.
CPU: [39.8, 28.4, 30.6, 30.8]
RAM: svmem(total=17002643456, available=10716905472, percent=37.0, used=6285737984, free=9630924800, active=6532595712, inactive=548454400, buffers=58212352, cached=1157300224, shared=14696448, slab=98713600)
[data_enhance_agent@localhost:5011] 12/06/2026 20:21:32.084 --> frame_id=11099612-fa7 enhanced and forwarded.
[data_enhance_agent@localhost:5011] 12/06/2026 20:21:32.097 --> frame_id=478e1cd3-2ff enhanced and forwarded.
[data_enhance_agent@localhost:5011] 12/06/2026 20:21:32.102 --> frame_id=e4ce9728-bcf enhanced and forwarded.
[data_enhance_agent@localhost:5011] 12/06/2026 20:21:32.105 --> frame_id=9bc094e5-cc7 enhanced and forwarded.
[data_enhance_agent@localhost:5011] 12/06/2026 20:21:32.165 --> frame_id=67ce82e8-839 enhanced and forwarded.
RAM: svmem(total=17002643456, available=10715955200, percent=37.0, used=6286688256, free=9629974528, active=6543048704, inactive=548454400, buffers=58212352, cached=1157300224, shared=14696448, slab=98746368)
CPU: [51.9, 42.7, 33.0, 34.9]
[data_enhance_agent@localhost:5011] 12/06/2026 20:21:32.899 --> frame_id=cf918e2b-e8e enhanced and forwarded.
[data_enhance_agent@localhost:5011] 12/06/2026 20:21:32.902 --> frame_id=35501f5e-40c enhanced and forwarded.
[frame_selection_agent@localhost:5012] 12/06/2026 20:21:32.917 --> frame_id=f02ed1c8-384 DISCARDED (deleted from buffer). Discarded=73, Forwarded=36
[data_enhance_agent@localhost:5011] 12/06/2026 20:21:32.930 --> frame_id=dc4d45b3-1ca enhanced and forwarded.
[data_enhance_agent@localhost:5011] 12/06/2026 20:21:32.959 --> frame_id=572ce60d-604 enhanced and forwarded.
[frame_selection_agent@localhost:5012] 12/06/2026 20:21:33.191 --> [SYNC] Expected 20 frames for animal 8
[predict_weight_agent@localhost:5013] 12/06/2026 20:21:33.232 --> [BATCH INFERENCE] Running full network on 6 frames for animal 5
RAM: svmem(total=17002643456, available=10712301568, percent=37.0, used=6290341888, free=9626320896, active=6552829952, inactive=548454400, buffers=58212352, cached=1157300224, shared=14696448, slab=98746368)
CPU: [46.5, 49.0, 50.0, 41.9]
[frame_selection_agent@localhost:5012] 12/06/2026 20:21:33.836 --> [SYNC] Expected 20 frames for animal 9
[frame_selection_agent@localhost:5012] 12/06/2026 20:21:33.839 --> frame_id=ac9f8b6d-d58 DISCARDED (deleted from buffer). Discarded=74, Forwarded=36
[data_enhance_agent@localhost:5011] 12/06/2026 20:21:33.956 --> frame_id=543566b1-6c3 enhanced and forwarded.
[frame_selection_agent@localhost:5012] 12/06/2026 20:21:34.310 --> frame_id=c678e7d7-eec DISCARDED (deleted from buffer). Discarded=75, Forwarded=36
[data_enhance_agent@localhost:5011] 12/06/2026 20:21:34.425 --> frame_id=7ea7777e-1b4 enhanced and forwarded.
RAM: svmem(total=17002643456, available=10788192256, percent=36.5, used=6214451200, free=9702211584, active=6479560704, inactive=548454400, buffers=58212352, cached=1157300224, shared=14696448, slab=98746368)
CPU: [39.6, 43.3, 35.6, 42.6]
RAM: svmem(total=17002643456, available=11005476864, percent=35.3, used=5997166592, free=9919496192, active=6254297088, inactive=548454400, buffers=58212352, cached=1157300224, shared=14696448, slab=98746368)
CPU: [43.3, 48.5, 47.0, 45.4]
[frame_selection_agent@localhost:5012] 12/06/2026 20:21:35.651 --> frame_id=1ddef105-d64 DISCARDED (deleted from buffer). Discarded=76, Forwarded=36
[frame_selection_agent@localhost:5012] 12/06/2026 20:21:36.319 --> frame_id=ce879e61-57d DISCARDED (deleted from buffer). Discarded=77, Forwarded=36
[data_enhance_agent@localhost:5011] 12/06/2026 20:21:36.430 --> frame_id=570d986c-87a enhanced and forwarded.
RAM: svmem(total=17002643456, available=11006771200, percent=35.3, used=5995872256, free=9920790528, active=6254723072, inactive=548454400, buffers=58212352, cached=1157300224, shared=14696448, slab=98746368)
CPU: [42.0, 47.9, 42.7, 41.8]
[frame_selection_agent@localhost:5012] 12/06/2026 20:21:36.709 --> frame_id=d8566877-5c9 DISCARDED (deleted from buffer). Discarded=78, Forwarded=36
RAM: svmem(total=17002643456, available=10999349248, percent=35.3, used=6003294208, free=9913368576, active=6278463488, inactive=548454400, buffers=58212352, cached=1157300224, shared=14696448, slab=98746368)
CPU: [46.5, 49.5, 51.5, 49.0]
[frame_selection_agent@localhost:5012] 12/06/2026 20:21:38.153 --> frame_id=b53f6269-c53 DISCARDED (deleted from buffer). Discarded=79, Forwarded=36
[frame_selection_agent@localhost:5012] 12/06/2026 20:21:38.157 --> [BATCH READY] Sent animal_id=6 to Predict!
[data_enhance_agent@localhost:5011] 12/06/2026 20:21:38.576 --> frame_id=32f73833-77f enhanced and forwarded.
RAM: svmem(total=17002643456, available=10973724672, percent=35.5, used=6028918784, free=9887711232, active=6294716416, inactive=548487168, buffers=58245120, cached=1157300224, shared=14696448, slab=98746368)
CPU: [32.3, 33.0, 33.3, 52.0]
[data_enhance_agent@localhost:5011] 12/06/2026 20:21:38.943 --> frame_id=c1bfe767-42b enhanced and forwarded.
RAM: svmem(total=17002643456, available=10972741632, percent=35.5, used=6029901824, free=9886728192, active=6300631040, inactive=548487168, buffers=58245120, cached=1157300224, shared=14696448, slab=98746368)
CPU: [46.5, 44.1, 44.4, 47.5]
RAM: svmem(total=17002643456, available=10972250112, percent=35.5, used=6030393344, free=9886236672, active=6302187520, inactive=548487168, buffers=58245120, cached=1157300224, shared=14696448, slab=98746368)
CPU: [46.0, 40.8, 38.9, 40.0]
[frame_selection_agent@localhost:5012] 12/06/2026 20:21:40.840 --> frame_id=5f89fdd6-823 SUITABLE. Discarded=79, Forwarded=37
[frame_selection_agent@localhost:5012] 12/06/2026 20:21:41.184 --> frame_id=c7360c91-617 SUITABLE. Discarded=79, Forwarded=38
[data_enhance_agent@localhost:5011] 12/06/2026 20:21:41.340 --> frame_id=779b427d-978 enhanced and forwarded.
[data_enhance_agent@localhost:5011] 12/06/2026 20:21:41.561 --> frame_id=fe7f2d8b-005 enhanced and forwarded.
[data_enhance_agent@localhost:5011] 12/06/2026 20:21:41.605 --> frame_id=58849da7-24a enhanced and forwarded.
RAM: svmem(total=17002643456, available=10968137728, percent=35.5, used=6034505728, free=9882124288, active=6312427520, inactive=548487168, buffers=58245120, cached=1157300224, shared=14696448, slab=98746368)
CPU: [37.6, 47.1, 29.7, 26.8]
[frame_selection_agent@localhost:5012] 12/06/2026 20:21:41.827 --> frame_id=8c27b66e-90f SUITABLE. Discarded=79, Forwarded=39
[frame_selection_agent@localhost:5012] 12/06/2026 20:21:41.936 --> frame_id=798687ba-b76 SUITABLE. Discarded=79, Forwarded=40
[data_enhance_agent@localhost:5011] 12/06/2026 20:21:42.150 --> frame_id=075d499c-203 enhanced and forwarded.
RAM: svmem(total=17002643456, available=10954473472, percent=35.6, used=6048169984, free=9868460032, active=6331088896, inactive=548487168, buffers=58245120, cached=1157300224, shared=14696448, slab=98746368)
[frame_selection_agent@localhost:5012] 12/06/2026 20:21:42.810 --> frame_id=cf16cb8e-98d SUITABLE. Discarded=79, Forwarded=41
CPU: [55.4, 51.9, 48.0, 46.5]
[frame_selection_agent@localhost:5012] 12/06/2026 20:21:43.415 --> frame_id=2670c02b-7ba SUITABLE. Discarded=79, Forwarded=42
RAM: svmem(total=17002643456, available=11029921792, percent=35.1, used=5972721664, free=9943891968, active=6252052480, inactive=548503552, buffers=58261504, cached=1157300224, shared=14696448, slab=98811904)
CPU: [53.0, 54.5, 55.6, 50.5]
[capture_agent@localhost:5010] 12/06/2026 20:21:44.225 --> [RESTART] Animal 11/100 entering scale.
RAM: svmem(total=17002643456, available=11022057472, percent=35.2, used=5980585984, free=9936027648, active=6266601472, inactive=548503552, buffers=58261504, cached=1157300224, shared=14696448, slab=98811904)
[frame_selection_agent@localhost:5012] 12/06/2026 20:21:44.854 --> frame_id=a46fc49a-2f2 DISCARDED (deleted from buffer). Discarded=80, Forwarded=42
CPU: [62.0, 58.8, 60.8, 56.4]
[frame_selection_agent@localhost:5012] 12/06/2026 20:21:45.002 --> frame_id=ad1d874f-069 DISCARDED (deleted from buffer). Discarded=81, Forwarded=42
RAM: svmem(total=17002643456, available=11022221312, percent=35.2, used=5980422144, free=9936191488, active=6267355136, inactive=548503552, buffers=58261504, cached=1157300224, shared=14696448, slab=98811904)
[frame_selection_agent@localhost:5012] 12/06/2026 20:21:45.886 --> frame_id=7ef02a4b-c9f DISCARDED (deleted from buffer). Discarded=82, Forwarded=42
CPU: [50.5, 52.0, 54.7, 50.5]
[data_enhance_agent@localhost:5011] 12/06/2026 20:21:46.160 --> frame_id=9af9ce8d-4cf enhanced and forwarded.
RAM: svmem(total=17002643456, available=11020173312, percent=35.2, used=5982470144, free=9934143488, active=6279430144, inactive=548503552, buffers=58261504, cached=1157300224, shared=14696448, slab=98811904)
CPU: [48.5, 50.0, 47.9, 50.5]
RAM: svmem(total=17002643456, available=10969300992, percent=35.5, used=6033342464, free=9883271168, active=6341296128, inactive=548503552, buffers=58261504, cached=1157300224, shared=14696448, slab=98811904)
CPU: [49.0, 45.8, 49.5, 51.0]
[frame_selection_agent@localhost:5012] 12/06/2026 20:21:48.391 --> frame_id=8693ee45-282 DISCARDED (deleted from buffer). Discarded=83, Forwarded=42
[data_enhance_agent@localhost:5011] 12/06/2026 20:21:48.662 --> frame_id=52bc2815-96b enhanced and forwarded.
RAM: svmem(total=17002643456, available=10969268224, percent=35.5, used=6033375232, free=9883205632, active=6322601984, inactive=548536320, buffers=58294272, cached=1157316608, shared=14696448, slab=98828288)
CPU: [47.0, 48.1, 46.5, 54.5]
RAM: svmem(total=17002643456, available=10929455104, percent=35.7, used=6073188352, free=9843392512, active=6366035968, inactive=548536320, buffers=58294272, cached=1157316608, shared=14696448, slab=98828288)
CPU: [49.1, 50.5, 50.5, 50.5]
[frame_selection_agent@localhost:5012] 12/06/2026 20:21:50.734 --> frame_id=ebce24c1-268 DISCARDED (deleted from buffer). Discarded=84, Forwarded=42
RAM: svmem(total=17002643456, available=10876829696, percent=36.0, used=6125813760, free=9790767104, active=6417596416, inactive=548536320, buffers=58294272, cached=1157316608, shared=14696448, slab=98828288)
CPU: [37.1, 43.9, 46.2, 40.6]
[frame_selection_agent@localhost:5012] 12/06/2026 20:21:51.392 --> frame_id=b6251597-276 DISCARDED (deleted from buffer). Discarded=85, Forwarded=42
[data_enhance_agent@localhost:5011] 12/06/2026 20:21:51.472 --> frame_id=b0bc8d55-8aa enhanced and forwarded.
RAM: svmem(total=17002643456, available=10833854464, percent=36.3, used=6168788992, free=9747791872, active=6463275008, inactive=548536320, buffers=58294272, cached=1157316608, shared=14696448, slab=98828288)
[data_enhance_agent@localhost:5011] 12/06/2026 20:21:51.997 --> frame_id=8c07a619-146 enhanced and forwarded.
[frame_selection_agent@localhost:5012] 12/06/2026 20:21:52.007 --> frame_id=be9e977d-b41 DISCARDED (deleted from buffer). Discarded=86, Forwarded=42
[data_enhance_agent@localhost:5011] 12/06/2026 20:21:52.009 --> frame_id=0eac6591-8c5 enhanced and forwarded.
[data_enhance_agent@localhost:5011] 12/06/2026 20:21:52.010 --> frame_id=d1636199-0e7 enhanced and forwarded.
CPU: [30.9, 33.3, 38.1, 31.4]
[frame_selection_agent@localhost:5012] 12/06/2026 20:21:52.476 --> frame_id=c502eae8-bf1 DISCARDED (deleted from buffer). Discarded=87, Forwarded=42
[data_enhance_agent@localhost:5011] 12/06/2026 20:21:52.527 --> frame_id=130b1806-cc8 enhanced and forwarded.
[data_enhance_agent@localhost:5011] 12/06/2026 20:21:52.531 --> frame_id=944de4ba-5c8 enhanced and forwarded.
RAM: svmem(total=17002643456, available=10773151744, percent=36.6, used=6229491712, free=9687089152, active=6528794624, inactive=548536320, buffers=58294272, cached=1157316608, shared=14696448, slab=98828288)
[data_enhance_agent@localhost:5011] 12/06/2026 20:21:52.980 --> frame_id=98d73303-e54 enhanced and forwarded.
[data_enhance_agent@localhost:5011] 12/06/2026 20:21:53.023 --> frame_id=03bd25f3-dd5 enhanced and forwarded.
[data_enhance_agent@localhost:5011] 12/06/2026 20:21:53.077 --> frame_id=c99eb610-090 enhanced and forwarded.
CPU: [29.8, 38.6, 30.0, 30.5]
RAM: svmem(total=17002643456, available=10719576064, percent=37.0, used=6283067392, free=9633513472, active=6566887424, inactive=548536320, buffers=58294272, cached=1157316608, shared=14696448, slab=98828288)
[data_enhance_agent@localhost:5011] 12/06/2026 20:21:53.898 --> frame_id=bc7418c3-d3e enhanced and forwarded.
[data_enhance_agent@localhost:5011] 12/06/2026 20:21:53.925 --> frame_id=3901c94f-09e enhanced and forwarded.
[data_enhance_agent@localhost:5011] 12/06/2026 20:21:53.943 --> frame_id=090d7694-009 enhanced and forwarded.
[data_enhance_agent@localhost:5011] 12/06/2026 20:21:53.950 --> frame_id=773dd880-f64 enhanced and forwarded.
[data_enhance_agent@localhost:5011] 12/06/2026 20:21:54.286 --> frame_id=6ad89705-1b4 enhanced and forwarded.
[data_enhance_agent@localhost:5011] 12/06/2026 20:21:54.288 --> frame_id=5190c1c1-47b enhanced and forwarded.
[data_enhance_agent@localhost:5011] 12/06/2026 20:21:54.352 --> frame_id=0381398d-a00 enhanced and forwarded.
CPU: [40.8, 28.9, 29.3, 33.0]
[frame_selection_agent@localhost:5012] 12/06/2026 20:21:54.450 --> frame_id=cec35117-fe9 DISCARDED (deleted from buffer). Discarded=88, Forwarded=42
[data_enhance_agent@localhost:5011] 12/06/2026 20:21:54.792 --> frame_id=713a23ff-f6b enhanced and forwarded.
[data_enhance_agent@localhost:5011] 12/06/2026 20:21:54.795 --> frame_id=c8481748-ae5 enhanced and forwarded.
RAM: svmem(total=17002643456, available=10721329152, percent=36.9, used=6281314304, free=9635250176, active=6539509760, inactive=548552704, buffers=58310656, cached=1157316608, shared=14696448, slab=98828288)
[data_enhance_agent@localhost:5011] 12/06/2026 20:21:55.043 --> frame_id=0b93b973-831 enhanced and forwarded.
[predict_weight_agent@localhost:5013] 12/06/2026 20:21:55.298 --> [FINAL] Animal 5 completed. Mean weight: 16.0062 kg
CPU: [59.6, 52.9, 49.5, 49.5]
[predict_weight_agent@localhost:5013] 12/06/2026 20:21:55.586 --> [BATCH INFERENCE] Running full network on 6 frames for animal 6
RAM: svmem(total=17002643456, available=10868031488, percent=36.1, used=6134611968, free=9781952512, active=6402998272, inactive=548552704, buffers=58310656, cached=1157316608, shared=14696448, slab=98828288)
[frame_selection_agent@localhost:5012] 12/06/2026 20:21:56.218 --> frame_id=09347bea-1a5 DISCARDED (deleted from buffer). Discarded=89, Forwarded=42
CPU: [49.5, 46.4, 49.5, 50.0]
[frame_selection_agent@localhost:5012] 12/06/2026 20:21:56.468 --> frame_id=81f957b8-49c DISCARDED (deleted from buffer). Discarded=90, Forwarded=42
[frame_selection_agent@localhost:5012] 12/06/2026 20:21:56.688 --> frame_id=e5897008-b22 DISCARDED (deleted from buffer). Discarded=91, Forwarded=42
RAM: svmem(total=17002643456, available=10866065408, percent=36.1, used=6136578048, free=9779986432, active=6403424256, inactive=548552704, buffers=58310656, cached=1157316608, shared=14696448, slab=98828288)
[data_enhance_agent@localhost:5011] 12/06/2026 20:21:57.114 --> frame_id=8ca3531f-28d enhanced and forwarded.
CPU: [41.2, 43.1, 55.8, 41.8]
[capture_agent@localhost:5010] 12/06/2026 20:21:57.636 --> [RESTART] Animal 12/100 entering scale.
RAM: svmem(total=17002643456, available=10866065408, percent=36.1, used=6136578048, free=9779986432, active=6403424256, inactive=548552704, buffers=58310656, cached=1157316608, shared=14696448, slab=98828288)
CPU: [48.0, 48.0, 47.4, 47.6]
RAM: svmem(total=17002643456, available=10833625088, percent=36.3, used=6169018368, free=9747546112, active=6463373312, inactive=548552704, buffers=58310656, cached=1157316608, shared=14696448, slab=98828288)
[frame_selection_agent@localhost:5012] 12/06/2026 20:21:59.300 --> frame_id=8329d2f1-383 DISCARDED (deleted from buffer). Discarded=92, Forwarded=42
CPU: [45.5, 45.5, 42.3, 40.4]
RAM: svmem(total=17002643456, available=10846306304, percent=36.2, used=6156337152, free=9760194560, active=6445744128, inactive=548585472, buffers=58327040, cached=1157332992, shared=14696448, slab=98828288)
CPU: [46.0, 46.5, 41.5, 47.5]
RAM: svmem(total=17002643456, available=10846371840, percent=36.2, used=6156271616, free=9760260096, active=6446350336, inactive=548585472, buffers=58327040, cached=1157332992, shared=14696448, slab=98828288)
CPU: [41.9, 42.0, 43.6, 42.3]
RAM: svmem(total=17002643456, available=10841702400, percent=36.2, used=6160941056, free=9755590656, active=6456393728, inactive=548585472, buffers=58327040, cached=1157332992, shared=14696448, slab=98828288)
[frame_selection_agent@localhost:5012] 12/06/2026 20:22:02.161 --> frame_id=57176f0f-6a9 DISCARDED (deleted from buffer). Discarded=93, Forwarded=42
[frame_selection_agent@localhost:5012] 12/06/2026 20:22:02.167 --> [BATCH READY] Sent animal_id=7 to Predict!
CPU: [44.9, 45.5, 45.5, 43.1]
[frame_selection_agent@localhost:5012] 12/06/2026 20:22:02.802 --> frame_id=11099612-fa7 SUITABLE. Discarded=93, Forwarded=43
[frame_selection_agent@localhost:5012] 12/06/2026 20:22:02.807 --> frame_id=478e1cd3-2ff SUITABLE. Discarded=93, Forwarded=44
[frame_selection_agent@localhost:5012] 12/06/2026 20:22:02.932 --> frame_id=9bdca28b-4a6 SUITABLE. Discarded=93, Forwarded=45
RAM: svmem(total=17002643456, available=10901520384, percent=35.9, used=6101123072, free=9815408640, active=6385369088, inactive=548585472, buffers=58327040, cached=1157332992, shared=14696448, slab=98893824)
CPU: [36.4, 42.0, 37.8, 39.8]
RAM: svmem(total=17002643456, available=10894639104, percent=35.9, used=6108004352, free=9808527360, active=6398541824, inactive=548585472, buffers=58327040, cached=1157332992, shared=14696448, slab=98893824)
CPU: [47.5, 36.6, 42.7, 37.9]
[frame_selection_agent@localhost:5012] 12/06/2026 20:22:04.642 --> frame_id=37fa057f-ec4 SUITABLE. Discarded=93, Forwarded=46
[frame_selection_agent@localhost:5012] 12/06/2026 20:22:04.683 --> frame_id=e4ce9728-bcf SUITABLE. Discarded=93, Forwarded=47
[data_enhance_agent@localhost:5011] 12/06/2026 20:22:04.691 --> frame_id=bc3752db-914 enhanced and forwarded.
[data_enhance_agent@localhost:5011] 12/06/2026 20:22:04.698 --> frame_id=385c79ea-eb7 enhanced and forwarded.
[data_enhance_agent@localhost:5011] 12/06/2026 20:22:04.709 --> frame_id=0656b1da-72a enhanced and forwarded.
[data_enhance_agent@localhost:5011] 12/06/2026 20:22:04.714 --> frame_id=ceebb95e-651 enhanced and forwarded.
[data_enhance_agent@localhost:5011] 12/06/2026 20:22:04.719 --> frame_id=d2fd78d7-94b enhanced and forwarded.
RAM: svmem(total=17002643456, available=10888314880, percent=36.0, used=6114328576, free=9802186752, active=6407159808, inactive=548601856, buffers=58343424, cached=1157332992, shared=14696448, slab=98959360)
CPU: [37.1, 37.3, 31.0, 44.9]
[data_enhance_agent@localhost:5011] 12/06/2026 20:22:05.730 --> frame_id=2390e50d-8a7 enhanced and forwarded.
[data_enhance_agent@localhost:5011] 12/06/2026 20:22:05.743 --> frame_id=b801138d-7c3 enhanced and forwarded.
[data_enhance_agent@localhost:5011] 12/06/2026 20:22:05.790 --> frame_id=d04c72d1-9fe enhanced and forwarded.
[data_enhance_agent@localhost:5011] 12/06/2026 20:22:05.820 --> frame_id=3d9e41f2-456 enhanced and forwarded.
[frame_selection_agent@localhost:5012] 12/06/2026 20:22:05.840 --> frame_id=9bc094e5-cc7 SUITABLE. Discarded=93, Forwarded=48
[frame_selection_agent@localhost:5012] 12/06/2026 20:22:05.965 --> [SYNC] Expected 18 frames for animal 10
RAM: svmem(total=17002643456, available=10888232960, percent=36.0, used=6114410496, free=9802104832, active=6407159808, inactive=548601856, buffers=58343424, cached=1157332992, shared=14696448, slab=98975744)
[data_enhance_agent@localhost:5011] 12/06/2026 20:22:06.311 --> frame_id=c6e86db8-acf enhanced and forwarded.
[data_enhance_agent@localhost:5011] 12/06/2026 20:22:06.319 --> frame_id=8a5458aa-9bb enhanced and forwarded.
[frame_selection_agent@localhost:5012] 12/06/2026 20:22:06.336 --> frame_id=cf918e2b-e8e DISCARDED (deleted from buffer). Discarded=94, Forwarded=48
CPU: [44.6, 50.5, 49.5, 53.8]
[frame_selection_agent@localhost:5012] 12/06/2026 20:22:07.032 --> frame_id=67ce82e8-839 DISCARDED (deleted from buffer). Discarded=95, Forwarded=48
[data_enhance_agent@localhost:5011] 12/06/2026 20:22:07.033 --> frame_id=078af08a-128 enhanced and forwarded.
RAM: svmem(total=17002643456, available=10890149888, percent=36.0, used=6112493568, free=9804038144, active=6407733248, inactive=548601856, buffers=58343424, cached=1157300224, shared=14696448, slab=98942976)
[frame_selection_agent@localhost:5012] 12/06/2026 20:22:07.623 --> [SYNC] Expected 19 frames for animal 11
CPU: [50.0, 47.0, 50.5, 48.1]
[data_enhance_agent@localhost:5011] 12/06/2026 20:22:07.753 --> frame_id=6c1f281a-9aa enhanced and forwarded.
[data_enhance_agent@localhost:5011] 12/06/2026 20:22:07.771 --> frame_id=8c08267b-d9c enhanced and forwarded.
[data_enhance_agent@localhost:5011] 12/06/2026 20:22:07.859 --> frame_id=e3cdb419-7d3 enhanced and forwarded.
RAM: svmem(total=17002643456, available=10894245888, percent=35.9, used=6108397568, free=9808134144, active=6407962624, inactive=548601856, buffers=58343424, cached=1157300224, shared=14696448, slab=98942976)
[data_enhance_agent@localhost:5011] 12/06/2026 20:22:08.208 --> frame_id=2dbeabb7-e3c enhanced and forwarded.
CPU: [43.4, 46.4, 54.2, 45.4]
RAM: svmem(total=17002643456, available=10865885184, percent=36.1, used=6136758272, free=9779789824, active=6444449792, inactive=548601856, buffers=58343424, cached=1157267456, shared=14696448, slab=98975744)
[predict_weight_agent@localhost:5013] 12/06/2026 20:22:09.494 --> [BATCH INFERENCE] Running full network on 6 frames for animal 7
CPU: [49.0, 49.0, 50.5, 47.0]
[frame_selection_agent@localhost:5012] 12/06/2026 20:22:10.001 --> frame_id=35501f5e-40c DISCARDED (deleted from buffer). Discarded=96, Forwarded=48
RAM: svmem(total=17002643456, available=10818469888, percent=36.4, used=6184173568, free=9732374528, active=6490112000, inactive=548601856, buffers=58359808, cached=1157251072, shared=14696448, slab=98959360)
CPU: [51.5, 54.9, 51.9, 51.5]
[capture_agent@localhost:5010] 12/06/2026 20:22:11.142 --> [RESTART] Animal 13/100 entering scale.
RAM: svmem(total=17002643456, available=10846060544, percent=36.2, used=6156582912, free=9759948800, active=6454542336, inactive=548618240, buffers=58359808, cached=1157251072, shared=14696448, slab=98959360)
CPU: [46.9, 51.0, 49.5, 48.0]
RAM: svmem(total=17002643456, available=10839179264, percent=36.3, used=6163464192, free=9753067520, active=6454640640, inactive=548618240, buffers=58359808, cached=1157251072, shared=14696448, slab=98959360)
CPU: [46.5, 46.9, 46.3, 44.9]
[frame_selection_agent@localhost:5012] 12/06/2026 20:22:13.050 --> frame_id=dc4d45b3-1ca DISCARDED (deleted from buffer). Discarded=97, Forwarded=48
RAM: svmem(total=17002643456, available=10833772544, percent=36.3, used=6168870912, free=9747660800, active=6472155136, inactive=548618240, buffers=58359808, cached=1157251072, shared=14696448, slab=98959360)
[frame_selection_agent@localhost:5012] 12/06/2026 20:22:13.602 --> frame_id=572ce60d-604 DISCARDED (deleted from buffer). Discarded=98, Forwarded=48
[frame_selection_agent@localhost:5012] 12/06/2026 20:22:13.824 --> frame_id=543566b1-6c3 DISCARDED (deleted from buffer). Discarded=99, Forwarded=48
[frame_selection_agent@localhost:5012] 12/06/2026 20:22:13.877 --> frame_id=7ea7777e-1b4 DISCARDED (deleted from buffer). Discarded=100, Forwarded=48
CPU: [46.4, 50.5, 48.5, 46.5]
RAM: svmem(total=17002643456, available=10885988352, percent=36.0, used=6116655104, free=9799876608, active=6385811456, inactive=548618240, buffers=58359808, cached=1157251072, shared=14696448, slab=98959360)
[data_enhance_agent@localhost:5011] 12/06/2026 20:22:14.279 --> frame_id=22e8abbb-47f enhanced and forwarded.
[data_enhance_agent@localhost:5011] 12/06/2026 20:22:14.365 --> frame_id=8bfa4ca6-b36 enhanced and forwarded.
[data_enhance_agent@localhost:5011] 12/06/2026 20:22:14.977 --> frame_id=7e393673-9e5 enhanced and forwarded.
[data_enhance_agent@localhost:5011] 12/06/2026 20:22:14.982 --> frame_id=2791363c-e5b enhanced and forwarded.
[frame_selection_agent@localhost:5012] 12/06/2026 20:22:15.042 --> frame_id=570d986c-87a DISCARDED (deleted from buffer). Discarded=101, Forwarded=48
CPU: [34.3, 41.2, 34.7, 42.1]
[data_enhance_agent@localhost:5011] 12/06/2026 20:22:15.115 --> frame_id=f3da0b06-9b5 enhanced and forwarded.
RAM: svmem(total=17002643456, available=10869719040, percent=36.1, used=6132924416, free=9783607296, active=6416449536, inactive=548618240, buffers=58359808, cached=1157251072, shared=14696448, slab=98959360)
[data_enhance_agent@localhost:5011] 12/06/2026 20:22:15.489 --> frame_id=858e376c-2c5 enhanced and forwarded.
[data_enhance_agent@localhost:5011] 12/06/2026 20:22:15.578 --> frame_id=05a97ae1-a80 enhanced and forwarded.
[data_enhance_agent@localhost:5011] 12/06/2026 20:22:16.000 --> frame_id=cd792dcf-8f1 enhanced and forwarded.
[data_enhance_agent@localhost:5011] 12/06/2026 20:22:16.031 --> frame_id=2766985a-7d1 enhanced and forwarded.
CPU: [38.1, 37.0, 34.3, 34.0]
[frame_selection_agent@localhost:5012] 12/06/2026 20:22:16.220 --> frame_id=32f73833-77f DISCARDED (deleted from buffer). Discarded=102, Forwarded=48
RAM: svmem(total=17002643456, available=10806591488, percent=36.4, used=6196051968, free=9720463360, active=6482755584, inactive=548634624, buffers=58376192, cached=1157251072, shared=14696448, slab=98942976)
[data_enhance_agent@localhost:5011] 12/06/2026 20:22:16.531 --> frame_id=7088f716-161 enhanced and forwarded.
[data_enhance_agent@localhost:5011] 12/06/2026 20:22:16.710 --> frame_id=d90c9a45-de1 enhanced and forwarded.
[data_enhance_agent@localhost:5011] 12/06/2026 20:22:16.974 --> frame_id=03bf76e5-32a enhanced and forwarded.
[data_enhance_agent@localhost:5011] 12/06/2026 20:22:17.212 --> frame_id=554f33d9-d59 enhanced and forwarded.
CPU: [36.6, 33.0, 40.6, 40.2]
RAM: svmem(total=17002643456, available=10726965248, percent=36.9, used=6275678208, free=9640837120, active=6558498816, inactive=548634624, buffers=58376192, cached=1157251072, shared=14696448, slab=98942976)
[frame_selection_agent@localhost:5012] 12/06/2026 20:22:17.384 --> frame_id=c1bfe767-42b DISCARDED (deleted from buffer). Discarded=103, Forwarded=48
[data_enhance_agent@localhost:5011] 12/06/2026 20:22:17.406 --> frame_id=d24d24cc-e98 enhanced and forwarded.
[data_enhance_agent@localhost:5011] 12/06/2026 20:22:17.619 --> frame_id=40302aa3-dee enhanced and forwarded.
[predict_weight_agent@localhost:5013] 12/06/2026 20:22:17.665 --> [FINAL] Animal 6 completed. Mean weight: 16.0062 kg
CPU: [50.0, 48.0, 49.0, 54.5]
RAM: svmem(total=17002643456, available=10718609408, percent=37.0, used=6284034048, free=9632481280, active=6560530432, inactive=548634624, buffers=58376192, cached=1157251072, shared=14696448, slab=98942976)[frame_selection_agent@localhost:5012] 12/06/2026 20:22:18.389 --> frame_id=779b427d-978 DISCARDED (deleted from buffer). Discarded=104, Forwarded=48

CPU: [49.5, 48.0, 50.0, 49.5]
RAM: svmem(total=17002643456, available=10690838528, percent=37.1, used=6311804928, free=9604710400, active=6578847744, inactive=548634624, buffers=58376192, cached=1157251072, shared=14696448, slab=98942976)
CPU: [40.8, 43.4, 43.9, 40.4]
RAM: svmem(total=17002643456, available=10599170048, percent=37.7, used=6403473408, free=9513041920, active=6663667712, inactive=548634624, buffers=58376192, cached=1157251072, shared=14696448, slab=98942976)
[frame_selection_agent@localhost:5012] 12/06/2026 20:22:20.500 --> frame_id=fe7f2d8b-005 DISCARDED (deleted from buffer). Discarded=105, Forwarded=48
[data_enhance_agent@localhost:5011] 12/06/2026 20:22:20.968 --> frame_id=bd3b0e7d-b9e enhanced and forwarded.
CPU: [50.5, 43.1, 44.4, 42.7]
RAM: svmem(total=17002643456, available=10552229888, percent=37.9, used=6450413568, free=9466101760, active=6692306944, inactive=548634624, buffers=58376192, cached=1157251072, shared=14696448, slab=98942976)
CPU: [42.9, 46.5, 48.1, 48.0]
RAM: svmem(total=17002643456, available=10552229888, percent=37.9, used=6450413568, free=9466101760, active=6694338560, inactive=548634624, buffers=58392576, cached=1157251072, shared=14696448, slab=98942976)
[frame_selection_agent@localhost:5012] 12/06/2026 20:22:23.219 --> frame_id=58849da7-24a DISCARDED (deleted from buffer). Discarded=106, Forwarded=48
CPU: [33.7, 40.6, 48.0, 37.9]
RAM: svmem(total=17002643456, available=10553835520, percent=37.9, used=6448807936, free=9467691008, active=6696599552, inactive=548651008, buffers=58392576, cached=1157251072, shared=14696448, slab=98959360)
[data_enhance_agent@localhost:5011] 12/06/2026 20:22:23.583 --> frame_id=76f200a0-c07 enhanced and forwarded.
[frame_selection_agent@localhost:5012] 12/06/2026 20:22:24.131 --> frame_id=075d499c-203 DISCARDED (deleted from buffer). Discarded=107, Forwarded=48
[frame_selection_agent@localhost:5012] 12/06/2026 20:22:24.147 --> [BATCH READY] Sent animal_id=8 to Predict!
[capture_agent@localhost:5010] 12/06/2026 20:22:24.274 --> [RESTART] Animal 14/100 entering scale.
CPU: [43.6, 47.1, 51.0, 48.1]
RAM: svmem(total=17002643456, available=10521952256, percent=38.1, used=6480691200, free=9435807744, active=6730121216, inactive=548651008, buffers=58392576, cached=1157267456, shared=14696448, slab=98975744)
[frame_selection_agent@localhost:5012] 12/06/2026 20:22:24.890 --> frame_id=9af9ce8d-4cf SUITABLE. Discarded=107, Forwarded=49
[frame_selection_agent@localhost:5012] 12/06/2026 20:22:25.093 --> frame_id=52bc2815-96b SUITABLE. Discarded=107, Forwarded=50
CPU: [42.7, 42.7, 50.0, 45.1]
RAM: svmem(total=17002643456, available=10609491968, percent=37.6, used=6393151488, free=9523331072, active=6647824384, inactive=548651008, buffers=58392576, cached=1157283840, shared=14696448, slab=98992128)
[data_enhance_agent@localhost:5011] 12/06/2026 20:22:25.581 --> frame_id=192ae03e-34e enhanced and forwarded.
[frame_selection_agent@localhost:5012] 12/06/2026 20:22:25.590 --> frame_id=b0bc8d55-8aa SUITABLE. Discarded=107, Forwarded=51
[frame_selection_agent@localhost:5012] 12/06/2026 20:22:25.835 --> frame_id=8c07a619-146 SUITABLE. Discarded=107, Forwarded=52
[frame_selection_agent@localhost:5012] 12/06/2026 20:22:25.861 --> frame_id=0eac6591-8c5 SUITABLE. Discarded=107, Forwarded=53
[frame_selection_agent@localhost:5012] 12/06/2026 20:22:26.202 --> frame_id=d1636199-0e7 SUITABLE. Discarded=107, Forwarded=54
[data_enhance_agent@localhost:5011] 12/06/2026 20:22:26.325 --> frame_id=c08d1701-0bd enhanced and forwarded.
CPU: [45.0, 50.5, 49.5, 52.6]
RAM: svmem(total=17002643456, available=10676207616, percent=37.2, used=6326435840, free=9590046720, active=6565855232, inactive=548651008, buffers=58392576, cached=1157283840, shared=14696448, slab=98992128)
[frame_selection_agent@localhost:5012] 12/06/2026 20:22:26.805 --> frame_id=130b1806-cc8 DISCARDED (deleted from buffer). Discarded=108, Forwarded=54
CPU: [52.5, 53.8, 53.0, 50.0]
RAM: svmem(total=17002643456, available=10681663488, percent=37.2, used=6320979968, free=9595502592, active=6566412288, inactive=548651008, buffers=58392576, cached=1157283840, shared=14696448, slab=98992128)
RAM: svmem(total=17002643456, available=10679844864, percent=37.2, used=6322798592, free=9593683968, active=6578814976, inactive=548651008, buffers=58392576, cached=1157283840, shared=14696448, slab=98992128)
CPU: [43.1, 42.0, 43.6, 46.6]
[frame_selection_agent@localhost:5012] 12/06/2026 20:22:29.491 --> frame_id=944de4ba-5c8 DISCARDED (deleted from buffer). Discarded=109, Forwarded=54
RAM: svmem(total=17002643456, available=10647437312, percent=37.4, used=6355206144, free=9561243648, active=6607847424, inactive=548683776, buffers=58425344, cached=1157283840, shared=14696448, slab=98992128)
CPU: [45.1, 42.9, 46.5, 43.4]
RAM: svmem(total=17002643456, available=10622124032, percent=37.5, used=6380519424, free=9535930368, active=6641418240, inactive=548683776, buffers=58425344, cached=1157283840, shared=14696448, slab=98992128)
CPU: [49.0, 47.1, 47.5, 49.0]
RAM: svmem(total=17002643456, available=10622435328, percent=37.5, used=6380208128, free=9536241664, active=6641418240, inactive=548683776, buffers=58425344, cached=1157283840, shared=14696448, slab=98992128)
CPU: [41.6, 44.1, 42.6, 44.1]
[frame_selection_agent@localhost:5012] 12/06/2026 20:22:31.884 --> frame_id=98d73303-e54 DISCARDED (deleted from buffer). Discarded=110, Forwarded=54
[frame_selection_agent@localhost:5012] 12/06/2026 20:22:32.528 --> frame_id=03bd25f3-dd5 DISCARDED (deleted from buffer). Discarded=111, Forwarded=54
RAM: svmem(total=17002643456, available=10620567552, percent=37.5, used=6382075904, free=9534373888, active=6641926144, inactive=548683776, buffers=58425344, cached=1157300224, shared=14696448, slab=98992128)
CPU: [42.7, 46.5, 43.7, 42.6]
[frame_selection_agent@localhost:5012] 12/06/2026 20:22:33.221 --> frame_id=c99eb610-090 DISCARDED (deleted from buffer). Discarded=112, Forwarded=54
RAM: svmem(total=17002643456, available=10600644608, percent=37.7, used=6401998848, free=9514434560, active=6664372224, inactive=548700160, buffers=58425344, cached=1157300224, shared=14696448, slab=98992128)
CPU: [43.9, 52.8, 48.0, 47.5]
[frame_selection_agent@localhost:5012] 12/06/2026 20:22:33.711 --> frame_id=3901c94f-09e DISCARDED (deleted from buffer). Discarded=113, Forwarded=54
[frame_selection_agent@localhost:5012] 12/06/2026 20:22:34.352 --> frame_id=bc7418c3-d3e DISCARDED (deleted from buffer). Discarded=114, Forwarded=54
[frame_selection_agent@localhost:5012] 12/06/2026 20:22:34.357 --> frame_id=773dd880-f64 DISCARDED (deleted from buffer). Discarded=115, Forwarded=54
[data_enhance_agent@localhost:5011] 12/06/2026 20:22:34.589 --> frame_id=7439f21d-195 enhanced and forwarded.
[frame_selection_agent@localhost:5012] 12/06/2026 20:22:34.643 --> frame_id=090d7694-009 DISCARDED (deleted from buffer). Discarded=116, Forwarded=54
RAM: svmem(total=17002643456, available=10900209664, percent=35.9, used=6102433792, free=9813999616, active=6368018432, inactive=548700160, buffers=58425344, cached=1157300224, shared=14696448, slab=98992128)
CPU: [35.6, 35.9, 34.3, 34.3][data_enhance_agent@localhost:5011] 12/06/2026 20:22:34.727 --> frame_id=193f79c4-a81 enhanced and forwarded.

[frame_selection_agent@localhost:5012] 12/06/2026 20:22:34.972 --> [SYNC] Expected 15 frames for animal 12
[data_enhance_agent@localhost:5011] 12/06/2026 20:22:35.033 --> frame_id=6fcf9c88-aab enhanced and forwarded.
[data_enhance_agent@localhost:5011] 12/06/2026 20:22:35.094 --> frame_id=a11eb02a-c77 enhanced and forwarded.
[data_enhance_agent@localhost:5011] 12/06/2026 20:22:35.181 --> frame_id=f8dfd416-c70 enhanced and forwarded.
[frame_selection_agent@localhost:5012] 12/06/2026 20:22:35.377 --> frame_id=6ad89705-1b4 DISCARDED (deleted from buffer). Discarded=117, Forwarded=54
[data_enhance_agent@localhost:5011] 12/06/2026 20:22:35.680 --> frame_id=873e23fd-38b enhanced and forwarded.
RAM: svmem(total=17002643456, available=10902781952, percent=35.9, used=6099861504, free=9816571904, active=6368018432, inactive=548700160, buffers=58441728, cached=1157300224, shared=14696448, slab=98992128)
[data_enhance_agent@localhost:5011] 12/06/2026 20:22:35.788 --> frame_id=2b52d560-0b6 enhanced and forwarded.
[data_enhance_agent@localhost:5011] 12/06/2026 20:22:35.832 --> frame_id=7bd20cec-089 enhanced and forwarded.
[data_enhance_agent@localhost:5011] 12/06/2026 20:22:35.885 --> frame_id=aa8d247a-628 enhanced and forwarded.
CPU: [33.0, 35.3, 23.8, 38.8]
[data_enhance_agent@localhost:5011] 12/06/2026 20:22:36.350 --> frame_id=89257215-90a enhanced and forwarded.
[data_enhance_agent@localhost:5011] 12/06/2026 20:22:36.473 --> frame_id=dec68ef4-59a enhanced and forwarded.
[data_enhance_agent@localhost:5011] 12/06/2026 20:22:36.477 --> frame_id=40d0144d-0ec enhanced and forwarded.
[frame_selection_agent@localhost:5012] 12/06/2026 20:22:36.544 --> frame_id=5190c1c1-47b DISCARDED (deleted from buffer). Discarded=118, Forwarded=54
RAM: svmem(total=17002643456, available=10749902848, percent=36.8, used=6252740608, free=9663676416, active=6514491392, inactive=548716544, buffers=58441728, cached=1157300224, shared=14696448, slab=98992128)
CPU: [54.5, 56.9, 59.8, 58.5]
[capture_agent@localhost:5010] 12/06/2026 20:22:37.500 --> [RESTART] Animal 15/100 entering scale.
RAM: svmem(total=17002643456, available=10572234752, percent=37.8, used=6430408704, free=9486008320, active=6691176448, inactive=548716544, buffers=58441728, cached=1157300224, shared=14696448, slab=98992128)
CPU: [64.1, 61.0, 62.7, 59.2]
RAM: svmem(total=17002643456, available=10492133376, percent=38.3, used=6510510080, free=9405906944, active=6763315200, inactive=548716544, buffers=58441728, cached=1157300224, shared=14696448, slab=98992128)
CPU: [44.9, 44.1, 48.0, 43.6]
[frame_selection_agent@localhost:5012] 12/06/2026 20:22:39.206 --> frame_id=0381398d-a00 DISCARDED (deleted from buffer). Discarded=119, Forwarded=54
RAM: svmem(total=17002643456, available=10298966016, percent=39.4, used=6703677440, free=9212739584, active=6929776640, inactive=548716544, buffers=58441728, cached=1157300224, shared=14696448, slab=98992128)
CPU: [52.0, 49.5, 51.0, 56.9]
RAM: svmem(total=17002643456, available=10063708160, percent=40.8, used=6938935296, free=8977448960, active=7190413312, inactive=548749312, buffers=58474496, cached=1157300224, shared=14696448, slab=98992128)
CPU: [53.5, 53.9, 54.8, 55.6]
[frame_selection_agent@localhost:5012] 12/06/2026 20:22:41.832 --> frame_id=713a23ff-f6b DISCARDED (deleted from buffer). Discarded=120, Forwarded=54
RAM: svmem(total=17002643456, available=9820258304, percent=42.2, used=7182385152, free=8733999104, active=7413235712, inactive=548749312, buffers=58474496, cached=1157300224, shared=14696448, slab=98992128)
CPU: [43.2, 53.3, 41.2, 44.0]
[data_enhance_agent@localhost:5011] 12/06/2026 20:22:42.175 --> frame_id=528b7c3e-387 enhanced and forwarded.
[frame_selection_agent@localhost:5012] 12/06/2026 20:22:42.883 --> frame_id=c8481748-ae5 DISCARDED (deleted from buffer). Discarded=121, Forwarded=54
[frame_selection_agent@localhost:5012] 12/06/2026 20:22:42.900 --> [BATCH READY] Sent animal_id=9 to Predict!
RAM: svmem(total=17002643456, available=9820012544, percent=42.2, used=7182630912, free=8733753344, active=7373979648, inactive=548749312, buffers=58474496, cached=1157300224, shared=14696448, slab=98992128)
CPU: [50.0, 52.0, 48.5, 49.0]
[frame_selection_agent@localhost:5012] 12/06/2026 20:22:43.648 --> frame_id=0b93b973-831 SUITABLE. Discarded=121, Forwarded=55
RAM: svmem(total=17002643456, available=9819521024, percent=42.2, used=7183122432, free=8733261824, active=7377076224, inactive=548749312, buffers=58474496, cached=1157300224, shared=14696448, slab=98992128)
CPU: [50.0, 52.9, 50.5, 52.5]
[frame_selection_agent@localhost:5012] 12/06/2026 20:22:44.361 --> frame_id=8ca3531f-28d SUITABLE. Discarded=121, Forwarded=56
RAM: svmem(total=17002643456, available=9718022144, percent=42.8, used=7284621312, free=8631762944, active=7504412672, inactive=548749312, buffers=58474496, cached=1157300224, shared=14696448, slab=98992128)
CPU: [44.6, 51.0, 52.0, 49.5]
[frame_selection_agent@localhost:5012] 12/06/2026 20:22:45.268 --> frame_id=bc3752db-914 SUITABLE. Discarded=121, Forwarded=57
[data_enhance_agent@localhost:5011] 12/06/2026 20:22:45.509 --> frame_id=f3866b86-3e7 enhanced and forwarded.
[frame_selection_agent@localhost:5012] 12/06/2026 20:22:45.648 --> frame_id=ceebb95e-651 DISCARDED (deleted from buffer). Discarded=122, Forwarded=57
[frame_selection_agent@localhost:5012] 12/06/2026 20:22:45.677 --> frame_id=0656b1da-72a SUITABLE. Discarded=122, Forwarded=58
[predict_weight_agent@localhost:5013] 12/06/2026 20:22:45.728 --> [FINAL] Animal 7 completed. Mean weight: 16.0062 kg
RAM: svmem(total=17002643456, available=9736536064, percent=42.7, used=7266107392, free=8650260480, active=7249248256, inactive=548765696, buffers=58490880, cached=1157300224, shared=14696448, slab=98992128)
[frame_selection_agent@localhost:5012] 12/06/2026 20:22:46.031 --> frame_id=385c79ea-eb7 SUITABLE. Discarded=122, Forwarded=59
CPU: [51.0, 39.8, 46.5, 42.2]
[data_enhance_agent@localhost:5011] 12/06/2026 20:22:46.851 --> frame_id=98109550-e53 enhanced and forwarded.
RAM: svmem(total=17002643456, available=9739747328, percent=42.7, used=7262896128, free=8653471744, active=7250264064, inactive=548765696, buffers=58490880, cached=1157300224, shared=14696448, slab=99123200)
CPU: [54.1, 55.7, 53.1, 55.9]
[frame_selection_agent@localhost:5012] 12/06/2026 20:22:47.955 --> [SYNC] Expected 20 frames for animal 13
RAM: svmem(total=17002643456, available=9748250624, percent=42.7, used=7254392832, free=8661975040, active=7280214016, inactive=548765696, buffers=58490880, cached=1157316608, shared=14696448, slab=99139584)
[predict_weight_agent@localhost:5013] 12/06/2026 20:22:48.033 --> [BATCH INFERENCE] Running full network on 6 frames for animal 8
CPU: [42.3, 43.7, 43.1, 41.2]
[frame_selection_agent@localhost:5012] 12/06/2026 20:22:48.400 --> frame_id=d2fd78d7-94b DISCARDED (deleted from buffer). Discarded=123, Forwarded=59
[frame_selection_agent@localhost:5012] 12/06/2026 20:22:48.469 --> [SYNC] Expected 19 frames for animal 14
RAM: svmem(total=17002643456, available=9771433984, percent=42.5, used=7231209472, free=8685158400, active=7258308608, inactive=548765696, buffers=58490880, cached=1157316608, shared=14696448, slab=99139584)
CPU: [35.0, 34.7, 32.3, 59.8]
RAM: svmem(total=17002643456, available=9818423296, percent=42.3, used=7184220160, free=8732147712, active=7278575616, inactive=548765696, buffers=58490880, cached=1157316608, shared=14696448, slab=99139584)
CPU: [44.6, 39.4, 44.4, 41.3]
[capture_agent@localhost:5010] 12/06/2026 20:22:50.941 --> [RESTART] Animal 16/100 entering scale.
RAM: svmem(total=17002643456, available=9817341952, percent=42.3, used=7185301504, free=8731049984, active=7331741696, inactive=548782080, buffers=58507264, cached=1157316608, shared=14696448, slab=99139584)
CPU: [41.8, 42.4, 40.6, 42.2]
[frame_selection_agent@localhost:5012] 12/06/2026 20:22:51.305 --> frame_id=2390e50d-8a7 DISCARDED (deleted from buffer). Discarded=124, Forwarded=59
[frame_selection_agent@localhost:5012] 12/06/2026 20:22:51.865 --> frame_id=b801138d-7c3 DISCARDED (deleted from buffer). Discarded=125, Forwarded=59
RAM: svmem(total=17002643456, available=9808986112, percent=42.3, used=7193657344, free=8722694144, active=7362215936, inactive=548782080, buffers=58507264, cached=1157316608, shared=14696448, slab=99139584)
CPU: [39.8, 43.0, 48.5, 42.7]
[data_enhance_agent@localhost:5011] 12/06/2026 20:22:52.598 --> frame_id=c0d16429-bb2 enhanced and forwarded.
[frame_selection_agent@localhost:5012] 12/06/2026 20:22:52.891 --> frame_id=d04c72d1-9fe DISCARDED (deleted from buffer). Discarded=126, Forwarded=59
RAM: svmem(total=17002643456, available=9806708736, percent=42.3, used=7195934720, free=8720416768, active=7362740224, inactive=548782080, buffers=58507264, cached=1157316608, shared=14696448, slab=99139584)
CPU: [48.0, 51.8, 46.3, 46.4]
[predict_weight_agent@localhost:5013] 12/06/2026 20:22:53.432 --> [BATCH INFERENCE] Running full network on 6 frames for animal 9
[frame_selection_agent@localhost:5012] 12/06/2026 20:22:53.477 --> frame_id=3d9e41f2-456 DISCARDED (deleted from buffer). Discarded=127, Forwarded=59
[data_enhance_agent@localhost:5011] 12/06/2026 20:22:53.821 --> frame_id=2928fdac-351 enhanced and forwarded.
RAM: svmem(total=17002643456, available=9819013120, percent=42.3, used=7183630336, free=8732721152, active=7363674112, inactive=548782080, buffers=58507264, cached=1157316608, shared=14696448, slab=99139584)
CPU: [49.5, 38.4, 39.4, 39.6]
[frame_selection_agent@localhost:5012] 12/06/2026 20:22:54.412 --> frame_id=c6e86db8-acf DISCARDED (deleted from buffer). Discarded=128, Forwarded=59
[frame_selection_agent@localhost:5012] 12/06/2026 20:22:54.706 --> frame_id=8a5458aa-9bb DISCARDED (deleted from buffer). Discarded=129, Forwarded=59
[frame_selection_agent@localhost:5012] 12/06/2026 20:22:55.014 --> frame_id=078af08a-128 DISCARDED (deleted from buffer). Discarded=130, Forwarded=59
[frame_selection_agent@localhost:5012] 12/06/2026 20:22:55.018 --> frame_id=6c1f281a-9aa DISCARDED (deleted from buffer). Discarded=131, Forwarded=59
[data_enhance_agent@localhost:5011] 12/06/2026 20:22:55.039 --> frame_id=a539aae5-c02 enhanced and forwarded.
RAM: svmem(total=17002643456, available=9829203968, percent=42.2, used=7173439488, free=8742912000, active=7383891968, inactive=548782080, buffers=58507264, cached=1157316608, shared=14696448, slab=99139584)
[data_enhance_agent@localhost:5011] 12/06/2026 20:22:55.356 --> frame_id=87ff86a9-941 enhanced and forwarded.
CPU: [37.4, 49.0, 43.7, 37.6]
[frame_selection_agent@localhost:5012] 12/06/2026 20:22:55.720 --> frame_id=8c08267b-d9c DISCARDED (deleted from buffer). Discarded=132, Forwarded=59
RAM: svmem(total=17002643456, available=9901703168, percent=41.8, used=7100940288, free=8815378432, active=7284424704, inactive=548814848, buffers=58540032, cached=1157316608, shared=14696448, slab=99139584)
CPU: [58.3, 53.4, 52.5, 54.3]
RAM: svmem(total=17002643456, available=9909485568, percent=41.7, used=7093157888, free=8823160832, active=7302709248, inactive=548814848, buffers=58540032, cached=1157316608, shared=14696448, slab=99139584)
CPU: [41.4, 41.2, 43.6, 44.1]
[frame_selection_agent@localhost:5012] 12/06/2026 20:22:57.614 --> frame_id=e3cdb419-7d3 DISCARDED (deleted from buffer). Discarded=133, Forwarded=59
[data_enhance_agent@localhost:5011] 12/06/2026 20:22:58.089 --> frame_id=babb7f77-9c4 enhanced and forwarded.
RAM: svmem(total=17002643456, available=9911451648, percent=41.7, used=7091191808, free=8825126912, active=7303725056, inactive=548814848, buffers=58540032, cached=1157316608, shared=14696448, slab=99139584)
[data_enhance_agent@localhost:5011] 12/06/2026 20:22:58.282 --> frame_id=b0c4cee7-baf enhanced and forwarded.
CPU: [40.0, 42.9, 28.4, 27.0]
[data_enhance_agent@localhost:5011] 12/06/2026 20:22:58.573 --> frame_id=6556fe2d-6b0 enhanced and forwarded.
[data_enhance_agent@localhost:5011] 12/06/2026 20:22:58.927 --> frame_id=40da07dc-2dc enhanced and forwarded.
RAM: svmem(total=17002643456, available=9951412224, percent=41.5, used=7051231232, free=8865087488, active=7282933760, inactive=548814848, buffers=58540032, cached=1157316608, shared=14696448, slab=99139584)
[data_enhance_agent@localhost:5011] 12/06/2026 20:22:59.259 --> frame_id=6808425c-8d6 enhanced and forwarded.
CPU: [27.0, 37.1, 46.4, 34.7]
[data_enhance_agent@localhost:5011] 12/06/2026 20:22:59.595 --> frame_id=4d9fc4da-760 enhanced and forwarded.
RAM: svmem(total=17002643456, available=9960095744, percent=41.4, used=7042547712, free=8873771008, active=7315030016, inactive=548814848, buffers=58540032, cached=1157316608, shared=14696448, slab=99139584)
CPU: [45.2, 47.5, 45.8, 47.1]
[frame_selection_agent@localhost:5012] 12/06/2026 20:23:00.836 --> frame_id=2dbeabb7-e3c DISCARDED (deleted from buffer). Discarded=134, Forwarded=59
[frame_selection_agent@localhost:5012] 12/06/2026 20:23:00.871 --> [BATCH READY] Sent animal_id=10 to Predict!
[data_enhance_agent@localhost:5011] 12/06/2026 20:23:01.142 --> frame_id=1ca8a827-755 enhanced and forwarded.
RAM: svmem(total=17002643456, available=9948315648, percent=41.5, used=7054327808, free=8861974528, active=7356465152, inactive=548831232, buffers=58556416, cached=1157316608, shared=14696448, slab=99139584)
CPU: [36.4, 49.0, 39.8, 38.6]
[frame_selection_agent@localhost:5012] 12/06/2026 20:23:01.549 --> frame_id=22e8abbb-47f SUITABLE. Discarded=134, Forwarded=60
[frame_selection_agent@localhost:5012] 12/06/2026 20:23:01.839 --> frame_id=8bfa4ca6-b36 SUITABLE. Discarded=134, Forwarded=61
[data_enhance_agent@localhost:5011] 12/06/2026 20:23:01.929 --> frame_id=dd6bd9ae-da8 enhanced and forwarded.
[data_enhance_agent@localhost:5011] 12/06/2026 20:23:02.228 --> frame_id=ac8fb864-d41 enhanced and forwarded.
RAM: svmem(total=17002643456, available=9944727552, percent=41.5, used=7057915904, free=8858386432, active=7330021376, inactive=548831232, buffers=58556416, cached=1157316608, shared=14696448, slab=99139584)
[ams@localhost:8000] 12/06/2026 20:23:02.288 --> Agent resource_manager_agent@localhost:5016 disconnected.
[ams@localhost:8000] 12/06/2026 20:23:02.293 --> Agent capture_agent@localhost:5010 disconnected.
[ams@localhost:8000] 12/06/2026 20:23:02.313 --> Agent frame_selection_agent@localhost:5012 disconnected.
[ams@localhost:8000] 12/06/2026 20:23:02.321 --> Agent data_enhance_agent@localhost:5011 disconnected.
[ams@localhost:8000] 12/06/2026 20:23:02.333 --> Agent predict_weight_agent@localhost:5013 disconnected.
CPU: [57.6, 51.5, 51.0, 45.5]
RAM: svmem(total=17002643456, available=9654992896, percent=43.2, used=7347650560, free=8568635392, active=7584661504, inactive=548847616, buffers=58556416, cached=1157332992, shared=14696448, slab=99139584)
[frame_selection_agent@localhost:5012] 12/06/2026 20:23:03.661 --> frame_id=7e393673-9e5 SUITABLE. Discarded=134, Forwarded=62
CPU: [59.8, 60.2, 60.0, 60.2]
[data_enhance_agent@localhost:5011] 12/06/2026 20:23:03.960 --> frame_id=90536f6e-018 enhanced and forwarded.
[capture_agent@localhost:5010] 12/06/2026 20:23:03.976 --> [RESTART] Animal 17/100 entering scale.
[data_enhance_agent@localhost:5011] 12/06/2026 20:23:04.307 --> frame_id=cb714669-412 enhanced and forwarded.
RAM: svmem(total=17002643456, available=9567748096, percent=43.7, used=7434895360, free=8481390592, active=7693156352, inactive=548847616, buffers=58556416, cached=1157332992, shared=14696448, slab=99139584)
[frame_selection_agent@localhost:5012] 12/06/2026 20:23:04.409 --> frame_id=2791363c-e5b SUITABLE. Discarded=134, Forwarded=63
[data_enhance_agent@localhost:5011] 12/06/2026 20:23:04.765 --> frame_id=fb252e0b-653 enhanced and forwarded.
CPU: [34.8, 38.5, 40.7, 43.7]
[data_enhance_agent@localhost:5011] 12/06/2026 20:23:05.251 --> frame_id=c216de6b-0ec enhanced and forwarded.
[frame_selection_agent@localhost:5012] 12/06/2026 20:23:05.258 --> frame_id=858e376c-2c5 DISCARDED (deleted from buffer). Discarded=135, Forwarded=63
RAM: svmem(total=17002643456, available=9517613056, percent=44.0, used=7485030400, free=8431255552, active=7747289088, inactive=548847616, buffers=58556416, cached=1157332992, shared=14696448, slab=99139584)
[data_enhance_agent@localhost:5011] 12/06/2026 20:23:05.521 --> frame_id=1f01396b-212 enhanced and forwarded.
CPU: [49.5, 34.5, 26.2, 23.6]
[data_enhance_agent@localhost:5011] 12/06/2026 20:23:05.999 --> frame_id=8c5a6360-9ce enhanced and forwarded.
[frame_selection_agent@localhost:5012] 12/06/2026 20:23:06.022 --> frame_id=f3da0b06-9b5 SUITABLE. Discarded=135, Forwarded=64
[frame_selection_agent@localhost:5012] 12/06/2026 20:23:06.050 --> frame_id=05a97ae1-a80 SUITABLE. Discarded=135, Forwarded=65
RAM: svmem(total=17002643456, available=9451307008, percent=44.4, used=7551336448, free=8364949504, active=7796965376, inactive=548847616, buffers=58572800, cached=1157332992, shared=14696448, slab=99205120)
[data_enhance_agent@localhost:5011] 12/06/2026 20:23:06.535 --> frame_id=7ffa5fd5-e0d enhanced and forwarded.
[data_enhance_agent@localhost:5011] 12/06/2026 20:23:06.543 --> frame_id=4c1e386a-ff8 enhanced and forwarded.
[data_enhance_agent@localhost:5011] 12/06/2026 20:23:06.573 --> frame_id=1b3a7627-adf enhanced and forwarded.
[data_enhance_agent@localhost:5011] 12/06/2026 20:23:06.580 --> frame_id=0d026f8e-aad enhanced and forwarded.
CPU: [38.6, 28.3, 37.8, 22.0]
[data_enhance_agent@localhost:5011] 12/06/2026 20:23:07.005 --> frame_id=d5ae363a-04d enhanced and forwarded.
[data_enhance_agent@localhost:5011] 12/06/2026 20:23:07.038 --> frame_id=4f12f1de-b91 enhanced and forwarded.
RAM: svmem(total=17002643456, available=9356705792, percent=45.0, used=7645937664, free=8270331904, active=7873331200, inactive=548864000, buffers=58572800, cached=1157332992, shared=14696448, slab=99205120)
[data_enhance_agent@localhost:5011] 12/06/2026 20:23:07.530 --> frame_id=652be34b-601 enhanced and forwarded.
[data_enhance_agent@localhost:5011] 12/06/2026 20:23:07.538 --> frame_id=2654b05c-f82 enhanced and forwarded.
[data_enhance_agent@localhost:5011] 12/06/2026 20:23:07.604 --> frame_id=db4826dc-c83 enhanced and forwarded.
[data_enhance_agent@localhost:5011] 12/06/2026 20:23:07.838 --> frame_id=4cfc0512-fb6 enhanced and forwarded.
[data_enhance_agent@localhost:5011] 12/06/2026 20:23:07.980 --> frame_id=422b59e0-672 enhanced and forwarded.
[frame_selection_agent@localhost:5012] 12/06/2026 20:23:08.014 --> frame_id=cd792dcf-8f1 DISCARDED (deleted from buffer). Discarded=136, Forwarded=65
CPU: [40.8, 50.0, 46.2, 53.8]
RAM: svmem(total=17002643456, available=9139699712, percent=46.2, used=7862943744, free=8053325824, active=7992131584, inactive=548864000, buffers=58572800, cached=1157332992, shared=14696448, slab=99205120)
[frame_selection_agent@localhost:5012] 12/06/2026 20:23:08.679 --> [SYNC] Expected 20 frames for animal 15
CPU: [61.2, 61.4, 62.6, 62.1]
RAM: svmem(total=17002643456, available=8985608192, percent=47.2, used=8017035264, free=7899234304, active=8214216704, inactive=548864000, buffers=58572800, cached=1157332992, shared=14696448, slab=99205120)
CPU: [44.1, 45.0, 46.4, 47.0]
RAM: svmem(total=17002643456, available=8940388352, percent=47.4, used=8062255104, free=7854014464, active=8278851584, inactive=548864000, buffers=58572800, cached=1157332992, shared=14696448, slab=99205120)
[frame_selection_agent@localhost:5012] 12/06/2026 20:23:10.598 --> frame_id=2766985a-7d1 DISCARDED (deleted from buffer). Discarded=137, Forwarded=65
CPU: [47.6, 51.5, 49.0, 50.5]
RAM: svmem(total=17002643456, available=8937930752, percent=47.4, used=8064712704, free=7851556864, active=8268906496, inactive=548864000, buffers=58605568, cached=1157332992, shared=14696448, slab=99205120)
CPU: [50.0, 50.0, 52.9, 51.9]
[frame_selection_agent@localhost:5012] 12/06/2026 20:23:12.310 --> frame_id=7088f716-161 DISCARDED (deleted from buffer). Discarded=138, Forwarded=65
RAM: svmem(total=17002643456, available=8847523840, percent=48.0, used=8155119616, free=7761117184, active=8390705152, inactive=548896768, buffers=58605568, cached=1157332992, shared=14696448, slab=99205120)
CPU: [48.0, 50.0, 52.0, 49.0]
[frame_selection_agent@localhost:5012] 12/06/2026 20:23:13.243 --> frame_id=d90c9a45-de1 DISCARDED (deleted from buffer). Discarded=139, Forwarded=65
RAM: svmem(total=17002643456, available=8757084160, percent=48.5, used=8245559296, free=7670677504, active=8493727744, inactive=548896768, buffers=58605568, cached=1157332992, shared=14696448, slab=99205120)
[predict_weight_agent@localhost:5013] 12/06/2026 20:23:13.674 --> [FINAL] Animal 8 completed. Mean weight: 16.0062 kg
CPU: [45.8, 46.5, 45.8, 49.0]
RAM: svmem(total=17002643456, available=8757084160, percent=48.5, used=8245559296, free=7670677504, active=8412561408, inactive=548896768, buffers=58605568, cached=1157332992, shared=14696448, slab=99205120)
[frame_selection_agent@localhost:5012] 12/06/2026 20:23:14.978 --> frame_id=03bf76e5-32a DISCARDED (deleted from buffer). Discarded=140, Forwarded=65
CPU: [47.7, 45.5, 42.3, 45.5]
RAM: svmem(total=17002643456, available=8753152000, percent=48.5, used=8249491456, free=7666745344, active=8422014976, inactive=548896768, buffers=58605568, cached=1157332992, shared=14696448, slab=99205120)
[frame_selection_agent@localhost:5012] 12/06/2026 20:23:15.807 --> frame_id=d24d24cc-e98 DISCARDED (deleted from buffer). Discarded=141, Forwarded=65
[frame_selection_agent@localhost:5012] 12/06/2026 20:23:15.913 --> frame_id=bd3b0e7d-b9e DISCARDED (deleted from buffer). Discarded=142, Forwarded=65
[frame_selection_agent@localhost:5012] 12/06/2026 20:23:16.008 --> frame_id=40302aa3-dee DISCARDED (deleted from buffer). Discarded=143, Forwarded=65
CPU: [41.3, 42.3, 49.5, 40.8]
[frame_selection_agent@localhost:5012] 12/06/2026 20:23:16.299 --> frame_id=554f33d9-d59 DISCARDED (deleted from buffer). Discarded=144, Forwarded=65
[data_enhance_agent@localhost:5011] 12/06/2026 20:23:16.437 --> frame_id=914b1ac2-f16 enhanced and forwarded.
RAM: svmem(total=17002643456, available=8743649280, percent=48.6, used=8258994176, free=7657242624, active=8438530048, inactive=548896768, buffers=58621952, cached=1157332992, shared=14696448, slab=99205120)
[data_enhance_agent@localhost:5011] 12/06/2026 20:23:16.758 --> frame_id=158633dd-7d8 enhanced and forwarded.
[data_enhance_agent@localhost:5011] 12/06/2026 20:23:16.947 --> frame_id=0b770ff8-375 enhanced and forwarded.
[data_enhance_agent@localhost:5011] 12/06/2026 20:23:17.175 --> frame_id=94064e7f-93c enhanced and forwarded.
CPU: [36.2, 38.3, 47.7, 25.7]
[data_enhance_agent@localhost:5011] 12/06/2026 20:23:17.377 --> frame_id=e59897f2-e61 enhanced and forwarded.
[capture_agent@localhost:5010] 12/06/2026 20:23:17.478 --> [RESTART] Animal 18/100 entering scale.
RAM: svmem(total=17002643456, available=8750645248, percent=48.5, used=8251998208, free=7664238592, active=8438808576, inactive=548896768, buffers=58621952, cached=1157332992, shared=14696448, slab=99205120)
[data_enhance_agent@localhost:5011] 12/06/2026 20:23:17.654 --> frame_id=7788df74-113 enhanced and forwarded.
[frame_selection_agent@localhost:5012] 12/06/2026 20:23:17.673 --> frame_id=76f200a0-c07 DISCARDED (deleted from buffer). Discarded=145, Forwarded=65
[data_enhance_agent@localhost:5011] 12/06/2026 20:23:17.764 --> frame_id=a70deceb-a1b enhanced and forwarded.
[data_enhance_agent@localhost:5011] 12/06/2026 20:23:18.277 --> frame_id=b2df60a0-cee enhanced and forwarded.
[data_enhance_agent@localhost:5011] 12/06/2026 20:23:18.321 --> frame_id=35611e4b-39c enhanced and forwarded.
[data_enhance_agent@localhost:5011] 12/06/2026 20:23:18.335 --> frame_id=a8f1961f-a29 enhanced and forwarded.
CPU: [25.5, 36.7, 34.3, 36.2]
RAM: svmem(total=17002643456, available=8841084928, percent=48.0, used=8161558528, free=7754661888, active=8379727872, inactive=548913152, buffers=58621952, cached=1157332992, shared=14696448, slab=99188736)
[data_enhance_agent@localhost:5011] 12/06/2026 20:23:18.716 --> frame_id=5655c863-45d enhanced and forwarded.
[data_enhance_agent@localhost:5011] 12/06/2026 20:23:18.978 --> frame_id=fd837459-180 enhanced and forwarded.
CPU: [55.7, 54.5, 50.0, 45.5]
RAM: svmem(total=17002643456, available=8627027968, percent=49.3, used=8375615488, free=7540604928, active=8602124288, inactive=548913152, buffers=58621952, cached=1157332992, shared=14696448, slab=99188736)
[data_enhance_agent@localhost:5011] 12/06/2026 20:23:19.725 --> frame_id=34b6700f-66a enhanced and forwarded.
[data_enhance_agent@localhost:5011] 12/06/2026 20:23:19.939 --> frame_id=2bc62e8e-23d enhanced and forwarded.
[data_enhance_agent@localhost:5011] 12/06/2026 20:23:20.203 --> frame_id=3d1775fd-a44 enhanced and forwarded.
CPU: [53.8, 38.6, 43.6, 47.0]
[data_enhance_agent@localhost:5011] 12/06/2026 20:23:20.585 --> frame_id=b4a353c7-642 enhanced and forwarded.
RAM: svmem(total=17002643456, available=8469479424, percent=50.2, used=8533164032, free=7383056384, active=8776138752, inactive=548913152, buffers=58621952, cached=1157332992, shared=14696448, slab=99188736)
[frame_selection_agent@localhost:5012] 12/06/2026 20:23:21.194 --> frame_id=192ae03e-34e DISCARDED (deleted from buffer). Discarded=146, Forwarded=65
CPU: [45.1, 44.1, 43.9, 54.9]
[data_enhance_agent@localhost:5011] 12/06/2026 20:23:21.507 --> frame_id=6b415ee4-427 enhanced and forwarded.
RAM: svmem(total=17002643456, available=8436088832, percent=50.4, used=8566554624, free=7349649408, active=8808202240, inactive=548929536, buffers=58638336, cached=1157332992, shared=14696448, slab=99188736)
[data_enhance_agent@localhost:5011] 12/06/2026 20:23:21.923 --> frame_id=845f2bd1-eb9 enhanced and forwarded.
CPU: [52.6, 48.0, 47.6, 44.6]
RAM: svmem(total=17002643456, available=8276590592, percent=51.3, used=8726052864, free=7190151168, active=8982249472, inactive=548929536, buffers=58638336, cached=1157332992, shared=14696448, slab=99188736)
[frame_selection_agent@localhost:5012] 12/06/2026 20:23:22.962 --> frame_id=c08d1701-0bd DISCARDED (deleted from buffer). Discarded=147, Forwarded=65
[frame_selection_agent@localhost:5012] 12/06/2026 20:23:22.985 --> [BATCH READY] Sent animal_id=11 to Predict!
[data_enhance_agent@localhost:5011] 12/06/2026 20:23:23.401 --> frame_id=31aff1d2-cb3 enhanced and forwarded.
CPU: [45.3, 48.1, 47.2, 40.4]
RAM: svmem(total=17002643456, available=8010432512, percent=52.9, used=8992210944, free=6923993088, active=9178316800, inactive=548929536, buffers=58638336, cached=1157332992, shared=14696448, slab=99188736)
[data_enhance_agent@localhost:5011] 12/06/2026 20:23:23.831 --> frame_id=2a6e8437-935 enhanced and forwarded.
CPU: [38.1, 37.6, 43.9, 50.5]
RAM: svmem(total=17002643456, available=7972634624, percent=53.1, used=9030008832, free=6886195200, active=9185837056, inactive=548929536, buffers=58638336, cached=1157332992, shared=14696448, slab=99254272)
CPU: [42.3, 46.1, 44.3, 40.4]
[data_enhance_agent@localhost:5011] 12/06/2026 20:23:25.761 --> frame_id=ceb4d1f7-52c enhanced and forwarded.
RAM: svmem(total=17002643456, available=7914635264, percent=53.5, used=9088008192, free=6828195840, active=9293283328, inactive=548929536, buffers=58638336, cached=1157332992, shared=14696448, slab=99254272)[frame_selection_agent@localhost:5012] 12/06/2026 20:23:25.781 --> frame_id=7439f21d-195 SUITABLE. Discarded=147, Forwarded=66

[data_enhance_agent@localhost:5011] 12/06/2026 20:23:25.795 --> frame_id=8e1ac357-e86 enhanced and forwarded.
[data_enhance_agent@localhost:5011] 12/06/2026 20:23:25.810 --> frame_id=57dbf1f5-e3c enhanced and forwarded.
[frame_selection_agent@localhost:5012] 12/06/2026 20:23:25.824 --> frame_id=193f79c4-a81 SUITABLE. Discarded=147, Forwarded=67
[data_enhance_agent@localhost:5011] 12/06/2026 20:23:25.938 --> frame_id=d193c9ea-091 enhanced and forwarded.
[data_enhance_agent@localhost:5011] 12/06/2026 20:23:26.075 --> frame_id=61b58985-5a2 enhanced and forwarded.
RAM: svmem(total=17002643456, available=7914012672, percent=53.5, used=9088630784, free=6827573248, active=9293283328, inactive=548929536, buffers=58638336, cached=1157332992, shared=14696448, slab=99401728)
CPU: [47.5, 50.0, 50.9, 46.9]
[data_enhance_agent@localhost:5011] 12/06/2026 20:23:27.061 --> frame_id=18e07feb-d1a enhanced and forwarded.
[frame_selection_agent@localhost:5012] 12/06/2026 20:23:27.093 --> frame_id=6fcf9c88-aab SUITABLE. Discarded=147, Forwarded=68
RAM: svmem(total=17002643456, available=7913537536, percent=53.5, used=9089105920, free=6827098112, active=9293332480, inactive=548945920, buffers=58654720, cached=1157283840, shared=14696448, slab=99352576)
[data_enhance_agent@localhost:5011] 12/06/2026 20:23:27.844 --> frame_id=bfbbeaa4-05a enhanced and forwarded.
[data_enhance_agent@localhost:5011] 12/06/2026 20:23:27.854 --> frame_id=6d14ae0e-09f enhanced and forwarded.
CPU: [39.6, 33.7, 53.5, 35.2]
[predict_weight_agent@localhost:5013] 12/06/2026 20:23:28.378 --> [BATCH INFERENCE] Running full network on 5 frames for animal 10
[frame_selection_agent@localhost:5012] 12/06/2026 20:23:28.404 --> [SYNC] Expected 19 frames for animal 16
RAM: svmem(total=17002643456, available=7893434368, percent=53.6, used=9109209088, free=6806994944, active=9338945536, inactive=548945920, buffers=58654720, cached=1157300224, shared=14696448, slab=99434496)
CPU: [31.0, 36.6, 34.3, 44.7]
[frame_selection_agent@localhost:5012] 12/06/2026 20:23:29.528 --> frame_id=a11eb02a-c77 SUITABLE. Discarded=147, Forwarded=69
[frame_selection_agent@localhost:5012] 12/06/2026 20:23:29.536 --> frame_id=f8dfd416-c70 SUITABLE. Discarded=147, Forwarded=70
[data_enhance_agent@localhost:5011] 12/06/2026 20:23:29.544 --> frame_id=9f9b0344-0af enhanced and forwarded.
[data_enhance_agent@localhost:5011] 12/06/2026 20:23:29.564 --> frame_id=356c73c5-e08 enhanced and forwarded.
[data_enhance_agent@localhost:5011] 12/06/2026 20:23:29.568 --> frame_id=2ca9ecd4-154 enhanced and forwarded.
[data_enhance_agent@localhost:5011] 12/06/2026 20:23:29.569 --> frame_id=a2a812e7-cf3 enhanced and forwarded.
[data_enhance_agent@localhost:5011] 12/06/2026 20:23:29.574 --> frame_id=45629276-54c enhanced and forwarded.
[data_enhance_agent@localhost:5011] 12/06/2026 20:23:29.584 --> frame_id=d2527305-baa enhanced and forwarded.
[frame_selection_agent@localhost:5012] 12/06/2026 20:23:29.738 --> [SYNC] Expected 20 frames for animal 17
RAM: svmem(total=17002643456, available=7850491904, percent=53.8, used=9152151552, free=6764036096, active=9405710336, inactive=548945920, buffers=58654720, cached=1157316608, shared=14696448, slab=99516416)
CPU: [49.0, 44.3, 45.2, 44.6]
[predict_weight_agent@localhost:5013] 12/06/2026 20:23:30.187 --> [BATCH INFERENCE] Running full network on 6 frames for animal 11
[frame_selection_agent@localhost:5012] 12/06/2026 20:23:30.371 --> frame_id=873e23fd-38b SUITABLE. Discarded=147, Forwarded=71
[data_enhance_agent@localhost:5011] 12/06/2026 20:23:30.382 --> frame_id=5eae0e85-76f enhanced and forwarded.
[predict_weight_agent@localhost:5013] 12/06/2026 20:23:30.596 --> [FINAL] Animal 9 completed. Mean weight: 16.0062 kg
RAM: svmem(total=17002643456, available=8605483008, percent=49.4, used=8397160448, free=7519010816, active=8601927680, inactive=548962304, buffers=58654720, cached=1157332992, shared=14696448, slab=99385344)
[capture_agent@localhost:5010] 12/06/2026 20:23:30.894 --> [RESTART] Animal 19/100 entering scale.
CPU: [44.6, 46.6, 52.4, 46.0]
[frame_selection_agent@localhost:5012] 12/06/2026 20:23:31.625 --> frame_id=2b52d560-0b6 DISCARDED (deleted from buffer). Discarded=148, Forwarded=71
[data_enhance_agent@localhost:5011] 12/06/2026 20:23:31.734 --> frame_id=cb0c4992-b28 enhanced and forwarded.
RAM: svmem(total=17002643456, available=8587362304, percent=49.5, used=8415281152, free=7500890112, active=8619196416, inactive=548962304, buffers=58654720, cached=1157332992, shared=14696448, slab=99385344)
CPU: [35.4, 40.6, 43.0, 49.5]
[frame_selection_agent@localhost:5012] 12/06/2026 20:23:32.668 --> frame_id=7bd20cec-089 DISCARDED (deleted from buffer). Discarded=149, Forwarded=71
RAM: svmem(total=17002643456, available=8598159360, percent=49.4, used=8404484096, free=7511670784, active=8601518080, inactive=548978688, buffers=58671104, cached=1157332992, shared=14696448, slab=99385344)
CPU: [51.5, 41.0, 38.1, 40.2]
[data_enhance_agent@localhost:5011] 12/06/2026 20:23:33.030 --> frame_id=a8f38e31-ad5 enhanced and forwarded.
RAM: svmem(total=17002643456, available=8608825344, percent=49.4, used=8393818112, free=7522336768, active=8601518080, inactive=548978688, buffers=58671104, cached=1157332992, shared=14696448, slab=99385344)
CPU: [43.9, 46.5, 45.9, 48.5]
RAM: svmem(total=17002643456, available=8608251904, percent=49.4, used=8394391552, free=7521763328, active=8601518080, inactive=548978688, buffers=58671104, cached=1157332992, shared=14696448, slab=99385344)
CPU: [43.0, 42.4, 41.1, 40.8]
[frame_selection_agent@localhost:5012] 12/06/2026 20:23:35.058 --> frame_id=aa8d247a-628 DISCARDED (deleted from buffer). Discarded=150, Forwarded=71
[frame_selection_agent@localhost:5012] 12/06/2026 20:23:35.320 --> frame_id=89257215-90a DISCARDED (deleted from buffer). Discarded=151, Forwarded=71
[data_enhance_agent@localhost:5011] 12/06/2026 20:23:35.555 --> frame_id=f797d1db-015 enhanced and forwarded.
[data_enhance_agent@localhost:5011] 12/06/2026 20:23:35.694 --> frame_id=6a8547bf-0bd enhanced and forwarded.
RAM: svmem(total=17002643456, available=8614379520, percent=49.3, used=8388263936, free=7527890944, active=8601550848, inactive=548978688, buffers=58671104, cached=1157332992, shared=14696448, slab=99385344)
CPU: [59.6, 42.6, 45.6, 46.2]
RAM: svmem(total=17002643456, available=8622080000, percent=49.3, used=8380563456, free=7535591424, active=8601550848, inactive=548978688, buffers=58671104, cached=1157332992, shared=14696448, slab=99385344)
CPU: [57.9, 58.3, 56.9, 59.2]
RAM: svmem(total=17002643456, available=8625766400, percent=49.3, used=8376877056, free=7539261440, active=8601878528, inactive=548995072, buffers=58687488, cached=1157332992, shared=14696448, slab=99385344)
[frame_selection_agent@localhost:5012] 12/06/2026 20:23:38.084 --> frame_id=40d0144d-0ec DISCARDED (deleted from buffer). Discarded=152, Forwarded=71
CPU: [46.1, 42.3, 46.6, 46.4]
[frame_selection_agent@localhost:5012] 12/06/2026 20:23:38.184 --> frame_id=dec68ef4-59a DISCARDED (deleted from buffer). Discarded=153, Forwarded=71
[frame_selection_agent@localhost:5012] 12/06/2026 20:23:38.355 --> frame_id=f3866b86-3e7 DISCARDED (deleted from buffer). Discarded=154, Forwarded=71
[frame_selection_agent@localhost:5012] 12/06/2026 20:23:38.414 --> frame_id=528b7c3e-387 DISCARDED (deleted from buffer). Discarded=155, Forwarded=71
[data_enhance_agent@localhost:5011] 12/06/2026 20:23:38.823 --> frame_id=3933997e-4d4 enhanced and forwarded.
RAM: svmem(total=17002643456, available=8632614912, percent=49.2, used=8370028544, free=7546109952, active=8601976832, inactive=548995072, buffers=58687488, cached=1157332992, shared=14696448, slab=99385344)
[frame_selection_agent@localhost:5012] 12/06/2026 20:23:39.127 --> frame_id=98109550-e53 DISCARDED (deleted from buffer). Discarded=156, Forwarded=71
[frame_selection_agent@localhost:5012] 12/06/2026 20:23:39.136 --> [BATCH READY] Sent animal_id=12 to Predict!
CPU: [48.5, 61.6, 48.5, 47.4]
[frame_selection_agent@localhost:5012] 12/06/2026 20:23:39.738 --> frame_id=c0d16429-bb2 SUITABLE. Discarded=156, Forwarded=72
[data_enhance_agent@localhost:5011] 12/06/2026 20:23:39.741 --> frame_id=e756c0a4-35f enhanced and forwarded.
[data_enhance_agent@localhost:5011] 12/06/2026 20:23:39.864 --> frame_id=cbc702b6-be4 enhanced and forwarded.
RAM: svmem(total=17002643456, available=8939421696, percent=47.4, used=8063221760, free=7852916736, active=8287338496, inactive=548995072, buffers=58687488, cached=1157332992, shared=14696448, slab=99385344)
CPU: [50.5, 58.0, 47.2, 45.5]
[frame_selection_agent@localhost:5012] 12/06/2026 20:23:40.813 --> frame_id=2928fdac-351 SUITABLE. Discarded=156, Forwarded=73
RAM: svmem(total=17002643456, available=8938831872, percent=47.4, used=8063811584, free=7852326912, active=8303394816, inactive=548995072, buffers=58687488, cached=1157332992, shared=14696448, slab=99385344)
CPU: [49.5, 52.9, 53.5, 53.5]
[frame_selection_agent@localhost:5012] 12/06/2026 20:23:41.915 --> frame_id=a539aae5-c02 SUITABLE. Discarded=156, Forwarded=74
RAM: svmem(total=17002643456, available=8941240320, percent=47.4, used=8061403136, free=7854735360, active=8291467264, inactive=548995072, buffers=58687488, cached=1157332992, shared=14696448, slab=99401728)
[data_enhance_agent@localhost:5011] 12/06/2026 20:23:42.269 --> frame_id=a725b6dd-482 enhanced and forwarded.
CPU: [51.0, 43.8, 46.6, 41.4]
RAM: svmem(total=17002643456, available=8943943680, percent=47.4, used=8058699776, free=7857438720, active=8291467264, inactive=548995072, buffers=58687488, cached=1157332992, shared=14696448, slab=99385344)
CPU: [52.5, 48.4, 51.0, 50.5]
[capture_agent@localhost:5010] 12/06/2026 20:23:43.999 --> [RESTART] Animal 20/100 entering scale.
RAM: svmem(total=17002643456, available=8949530624, percent=47.4, used=8053112832, free=7863025664, active=8291467264, inactive=548995072, buffers=58703872, cached=1157332992, shared=14696448, slab=99385344)
CPU: [48.1, 46.6, 45.3, 47.1]
[frame_selection_agent@localhost:5012] 12/06/2026 20:23:44.782 --> frame_id=87ff86a9-941 SUITABLE. Discarded=156, Forwarded=75
RAM: svmem(total=17002643456, available=8959442944, percent=47.3, used=8043200512, free=7872937984, active=8291467264, inactive=548995072, buffers=58703872, cached=1157332992, shared=14696448, slab=99385344)
[predict_weight_agent@localhost:5013] 12/06/2026 20:23:45.123 --> [FINAL] Animal 10 completed. Mean weight: 16.0062 kg
[data_enhance_agent@localhost:5011] 12/06/2026 20:23:45.134 --> frame_id=debb498a-d26 enhanced and forwarded.
CPU: [42.0, 48.5, 44.1, 42.0]
RAM: svmem(total=17002643456, available=8966963200, percent=47.3, used=8035680256, free=7880458240, active=8291467264, inactive=548995072, buffers=58703872, cached=1157332992, shared=14696448, slab=99385344)
CPU: [47.1, 45.0, 47.5, 46.6]
RAM: svmem(total=17002643456, available=8970977280, percent=47.2, used=8031666176, free=7884455936, active=8292089856, inactive=549011456, buffers=58703872, cached=1157332992, shared=14696448, slab=99385344)
[frame_selection_agent@localhost:5012] 12/06/2026 20:23:47.277 --> frame_id=b0c4cee7-baf SUITABLE. Discarded=156, Forwarded=76
[frame_selection_agent@localhost:5012] 12/06/2026 20:23:47.310 --> frame_id=babb7f77-9c4 SUITABLE. Discarded=156, Forwarded=77
CPU: [45.0, 40.6, 41.2, 38.5]
[frame_selection_agent@localhost:5012] 12/06/2026 20:23:47.641 --> frame_id=6556fe2d-6b0 DISCARDED (deleted from buffer). Discarded=157, Forwarded=77
[frame_selection_agent@localhost:5012] 12/06/2026 20:23:47.739 --> frame_id=40da07dc-2dc DISCARDED (deleted from buffer). Discarded=158, Forwarded=77
[data_enhance_agent@localhost:5011] 12/06/2026 20:23:47.978 --> frame_id=2ce7029d-206 enhanced and forwarded.
RAM: svmem(total=17002643456, available=9047212032, percent=46.8, used=7955431424, free=7960690688, active=8213004288, inactive=549011456, buffers=58703872, cached=1157332992, shared=14696448, slab=99385344)
[frame_selection_agent@localhost:5012] 12/06/2026 20:23:48.155 --> frame_id=6808425c-8d6 DISCARDED (deleted from buffer). Discarded=159, Forwarded=77
[frame_selection_agent@localhost:5012] 12/06/2026 20:23:48.309 --> frame_id=4d9fc4da-760 DISCARDED (deleted from buffer). Discarded=160, Forwarded=77
CPU: [52.9, 41.8, 43.9, 47.4]
[data_enhance_agent@localhost:5011] 12/06/2026 20:23:48.670 --> frame_id=4ab52193-910 enhanced and forwarded.
RAM: svmem(total=17002643456, available=9051291648, percent=46.8, used=7951351808, free=7964770304, active=8210677760, inactive=549011456, buffers=58703872, cached=1157332992, shared=14696448, slab=99450880)
[frame_selection_agent@localhost:5012] 12/06/2026 20:23:49.448 --> frame_id=1ca8a827-755 DISCARDED (deleted from buffer). Discarded=161, Forwarded=77
CPU: [50.5, 49.5, 51.5, 52.5]
RAM: svmem(total=17002643456, available=9047179264, percent=46.8, used=7955464192, free=7960641536, active=8230944768, inactive=549027840, buffers=58720256, cached=1157332992, shared=14696448, slab=99434496)
CPU: [44.3, 45.5, 45.0, 44.8]
[frame_selection_agent@localhost:5012] 12/06/2026 20:23:50.885 --> frame_id=dd6bd9ae-da8 DISCARDED (deleted from buffer). Discarded=162, Forwarded=77
RAM: svmem(total=17002643456, available=9068036096, percent=46.7, used=7934607360, free=7981498368, active=8210169856, inactive=549027840, buffers=58720256, cached=1157332992, shared=14696448, slab=99434496)
[data_enhance_agent@localhost:5011] 12/06/2026 20:23:51.211 --> frame_id=dde0b844-121 enhanced and forwarded.
CPU: [40.6, 48.0, 44.8, 41.6]
RAM: svmem(total=17002643456, available=9056174080, percent=46.7, used=7946469376, free=7969636352, active=8240054272, inactive=549027840, buffers=58720256, cached=1157332992, shared=14696448, slab=99434496)
CPU: [43.2, 47.5, 43.8, 44.1]
RAM: svmem(total=17002643456, available=9011691520, percent=47.0, used=7990951936, free=7925153792, active=8283308032, inactive=549027840, buffers=58720256, cached=1157332992, shared=14696448, slab=99434496)
[frame_selection_agent@localhost:5012] 12/06/2026 20:23:53.345 --> frame_id=90536f6e-018 DISCARDED (deleted from buffer). Discarded=163, Forwarded=77
[frame_selection_agent@localhost:5012] 12/06/2026 20:23:53.508 --> frame_id=ac8fb864-d41 DISCARDED (deleted from buffer). Discarded=164, Forwarded=77
CPU: [47.5, 41.6, 37.9, 39.8]
[data_enhance_agent@localhost:5011] 12/06/2026 20:23:53.861 --> frame_id=f17ef527-b2f enhanced and forwarded.
RAM: svmem(total=17002643456, available=9006776320, percent=47.0, used=7995867136, free=7920238592, active=8285241344, inactive=549027840, buffers=58720256, cached=1157349376, shared=14696448, slab=99450880)
CPU: [37.3, 35.3, 46.5, 37.8]
[data_enhance_agent@localhost:5011] 12/06/2026 20:23:54.773 --> frame_id=e6b13b74-b1c enhanced and forwarded.
[frame_selection_agent@localhost:5012] 12/06/2026 20:23:54.790 --> [SYNC] Expected 16 frames for animal 18
[data_enhance_agent@localhost:5011] 12/06/2026 20:23:54.969 --> frame_id=da6c9736-7a0 enhanced and forwarded.
[data_enhance_agent@localhost:5011] 12/06/2026 20:23:55.164 --> frame_id=93a31a77-5f6 enhanced and forwarded.
RAM: svmem(total=17002643456, available=9009119232, percent=47.0, used=7993524224, free=7922565120, active=8285241344, inactive=549027840, buffers=58720256, cached=1157365760, shared=14696448, slab=99532800)
[data_enhance_agent@localhost:5011] 12/06/2026 20:23:55.482 --> frame_id=803146f7-e8d enhanced and forwarded.
CPU: [31.6, 33.3, 41.5, 36.2]
[data_enhance_agent@localhost:5011] 12/06/2026 20:23:55.787 --> frame_id=63fac4d9-c7a enhanced and forwarded.
[data_enhance_agent@localhost:5011] 12/06/2026 20:23:56.119 --> frame_id=10ac8fcc-e17 enhanced and forwarded.
RAM: svmem(total=17002643456, available=9000878080, percent=47.1, used=8001765376, free=7914323968, active=8286208000, inactive=549027840, buffers=58720256, cached=1157365760, shared=14696448, slab=99532800)
[data_enhance_agent@localhost:5011] 12/06/2026 20:23:56.449 --> frame_id=497e7971-447 enhanced and forwarded.
CPU: [44.1, 39.4, 27.1, 29.4]
[data_enhance_agent@localhost:5011] 12/06/2026 20:23:56.688 --> frame_id=c058e692-b27 enhanced and forwarded.
[frame_selection_agent@localhost:5012] 12/06/2026 20:23:56.894 --> frame_id=fb252e0b-653 DISCARDED (deleted from buffer). Discarded=165, Forwarded=77
[capture_agent@localhost:5010] 12/06/2026 20:23:57.017 --> [RESTART] Animal 21/100 entering scale.
[data_enhance_agent@localhost:5011] 12/06/2026 20:23:57.112 --> frame_id=4b100307-b22 enhanced and forwarded.
[data_enhance_agent@localhost:5011] 12/06/2026 20:23:57.137 --> frame_id=0c4b6a89-8e1 enhanced and forwarded.
RAM: svmem(total=17002643456, available=8989605888, percent=47.1, used=8013037568, free=7903051776, active=8299806720, inactive=549027840, buffers=58720256, cached=1157365760, shared=14696448, slab=99532800)
[frame_selection_agent@localhost:5012] 12/06/2026 20:23:57.377 --> frame_id=cb714669-412 DISCARDED (deleted from buffer). Discarded=166, Forwarded=77
[data_enhance_agent@localhost:5011] 12/06/2026 20:23:57.403 --> frame_id=925add94-012 enhanced and forwarded.
[frame_selection_agent@localhost:5012] 12/06/2026 20:23:57.448 --> frame_id=1f01396b-212 DISCARDED (deleted from buffer). Discarded=167, Forwarded=77
[frame_selection_agent@localhost:5012] 12/06/2026 20:23:57.474 --> frame_id=c216de6b-0ec DISCARDED (deleted from buffer). Discarded=168, Forwarded=77
CPU: [35.6, 40.7, 40.8, 44.6][frame_selection_agent@localhost:5012] 12/06/2026 20:23:57.694 --> frame_id=8c5a6360-9ce DISCARDED (deleted from buffer). Discarded=169, Forwarded=77

[data_enhance_agent@localhost:5011] 12/06/2026 20:23:58.190 --> frame_id=224b825f-ed1 enhanced and forwarded.
[frame_selection_agent@localhost:5012] 12/06/2026 20:23:58.245 --> frame_id=7ffa5fd5-e0d DISCARDED (deleted from buffer). Discarded=170, Forwarded=77
[frame_selection_agent@localhost:5012] 12/06/2026 20:23:58.250 --> [BATCH READY] Sent animal_id=13 to Predict!
RAM: svmem(total=17002643456, available=9062170624, percent=46.7, used=7940472832, free=7975616512, active=8210219008, inactive=549027840, buffers=58720256, cached=1157365760, shared=14696448, slab=99532800)
CPU: [53.9, 54.5, 58.3, 56.7]
RAM: svmem(total=17002643456, available=9062170624, percent=46.7, used=7940472832, free=7975616512, active=8212758528, inactive=549027840, buffers=58720256, cached=1157365760, shared=14696448, slab=99532800)
[frame_selection_agent@localhost:5012] 12/06/2026 20:23:59.398 --> frame_id=4c1e386a-ff8 SUITABLE. Discarded=170, Forwarded=78
[data_enhance_agent@localhost:5011] 12/06/2026 20:23:59.719 --> frame_id=2d90e8f4-d2a enhanced and forwarded.
CPU: [39.8, 43.1, 44.1, 48.1]
RAM: svmem(total=17002643456, available=9049915392, percent=46.8, used=7952728064, free=7963361280, active=8230535168, inactive=549027840, buffers=58720256, cached=1157365760, shared=14696448, slab=99467264)
[frame_selection_agent@localhost:5012] 12/06/2026 20:24:00.806 --> frame_id=1b3a7627-adf SUITABLE. Discarded=170, Forwarded=79
CPU: [46.6, 46.0, 41.5, 42.9]
RAM: svmem(total=17002643456, available=9071411200, percent=46.6, used=7931232256, free=7984824320, active=8210219008, inactive=549060608, buffers=58753024, cached=1157365760, shared=14696448, slab=99467264)
CPU: [48.5, 48.5, 51.0, 49.5]
while handling timed call
Traceback (most recent call last):
  File "/home/ewertonsjp/.pyenv/versions/cv_vend_mas/lib/python3.12/site-packages/twisted/internet/base.py", line 1105, in runUntilCurrent
    call.func(*call.args, **call.kw)
  File "/home/ewertonsjp/projects/cv-system/mas/pade/core/new_ams.py", line 80, in on_time
    self.agent.agentInstance.table.pop(agent_name)
builtins.KeyError: 'capture_agent@localhost:5010'

RAM: svmem(total=17002643456, available=9041428480, percent=46.8, used=7961214976, free=7954841600, active=8250343424, inactive=549060608, buffers=58753024, cached=1157382144, shared=14696448, slab=99467264)
CPU: [43.0, 44.2, 44.7, 43.4]
[frame_selection_agent@localhost:5012] 12/06/2026 20:24:03.366 --> frame_id=0d026f8e-aad SUITABLE. Discarded=170, Forwarded=80
RAM: svmem(total=17002643456, available=9005318144, percent=47.0, used=7997325312, free=7918714880, active=8284356608, inactive=549076992, buffers=58753024, cached=1157382144, shared=14696448, slab=99467264)
CPU: [42.1, 45.1, 45.0, 48.1]
RAM: svmem(total=17002643456, available=9005318144, percent=47.0, used=7997325312, free=7918714880, active=8284356608, inactive=549076992, buffers=58753024, cached=1157382144, shared=14696448, slab=99467264)
CPU: [44.7, 37.4, 46.1, 40.4]
RAM: svmem(total=17002643456, available=9003352064, percent=47.0, used=7999291392, free=7916748800, active=8288026624, inactive=549076992, buffers=58753024, cached=1157382144, shared=14696448, slab=99483648)
[frame_selection_agent@localhost:5012] 12/06/2026 20:24:05.697 --> frame_id=652be34b-601 SUITABLE. Discarded=170, Forwarded=81
CPU: [39.2, 34.0, 47.5, 35.0]
[frame_selection_agent@localhost:5012] 12/06/2026 20:24:05.948 --> frame_id=4f12f1de-b91 SUITABLE. Discarded=170, Forwarded=82
[data_enhance_agent@localhost:5011] 12/06/2026 20:24:05.999 --> frame_id=52fff1af-e4b enhanced and forwarded.
[frame_selection_agent@localhost:5012] 12/06/2026 20:24:06.018 --> frame_id=d5ae363a-04d SUITABLE. Discarded=170, Forwarded=83
[data_enhance_agent@localhost:5011] 12/06/2026 20:24:06.273 --> frame_id=264f85e2-a0d enhanced and forwarded.
[frame_selection_agent@localhost:5012] 12/06/2026 20:24:06.462 --> frame_id=db4826dc-c83 DISCARDED (deleted from buffer). Discarded=171, Forwarded=83
RAM: svmem(total=17002643456, available=8995405824, percent=47.1, used=8007237632, free=7908786176, active=8304295936, inactive=549093376, buffers=58769408, cached=1157382144, shared=14696448, slab=99483648)[frame_selection_agent@localhost:5012] 12/06/2026 20:24:06.474 --> frame_id=2654b05c-f82 DISCARDED (deleted from buffer). Discarded=172, Forwarded=83

[data_enhance_agent@localhost:5011] 12/06/2026 20:24:06.538 --> frame_id=c8fea6ab-9da enhanced and forwarded.
[frame_selection_agent@localhost:5012] 12/06/2026 20:24:06.555 --> frame_id=4cfc0512-fb6 DISCARDED (deleted from buffer). Discarded=173, Forwarded=83
[data_enhance_agent@localhost:5011] 12/06/2026 20:24:06.895 --> frame_id=a201d529-66e enhanced and forwarded.
CPU: [34.7, 43.6, 47.6, 46.0]
[frame_selection_agent@localhost:5012] 12/06/2026 20:24:07.088 --> frame_id=422b59e0-672 DISCARDED (deleted from buffer). Discarded=174, Forwarded=83
[data_enhance_agent@localhost:5011] 12/06/2026 20:24:07.399 --> frame_id=7b12b176-972 enhanced and forwarded.
RAM: svmem(total=17002643456, available=9065594880, percent=46.7, used=7937048576, free=7978975232, active=8210579456, inactive=549093376, buffers=58769408, cached=1157382144, shared=14696448, slab=99483648)
[data_enhance_agent@localhost:5011] 12/06/2026 20:24:07.768 --> frame_id=1340cc95-5fa enhanced and forwarded.
CPU: [51.6, 53.9, 48.5, 41.8]
RAM: svmem(total=17002643456, available=9069740032, percent=46.7, used=7932903424, free=7983120384, active=8215150592, inactive=549093376, buffers=58769408, cached=1157382144, shared=14696448, slab=99483648)
[frame_selection_agent@localhost:5012] 12/06/2026 20:24:08.652 --> frame_id=914b1ac2-f16 DISCARDED (deleted from buffer). Discarded=175, Forwarded=83
[data_enhance_agent@localhost:5011] 12/06/2026 20:24:08.984 --> frame_id=54f3150f-8f4 enhanced and forwarded.
CPU: [39.4, 37.5, 45.8, 37.3]
RAM: svmem(total=17002643456, available=9054748672, percent=46.7, used=7947894784, free=7968129024, active=8234450944, inactive=549093376, buffers=58769408, cached=1157382144, shared=14696448, slab=99483648)
[frame_selection_agent@localhost:5012] 12/06/2026 20:24:09.741 --> frame_id=158633dd-7d8 DISCARDED (deleted from buffer). Discarded=176, Forwarded=83
CPU: [44.9, 40.0, 42.7, 40.2]
[data_enhance_agent@localhost:5011] 12/06/2026 20:24:10.113 --> frame_id=1d909157-268 enhanced and forwarded.
[capture_agent@localhost:5010] 12/06/2026 20:24:10.164 --> [RESTART] Animal 22/100 entering scale.
[data_enhance_agent@localhost:5011] 12/06/2026 20:24:10.431 --> frame_id=c05fd1ae-422 enhanced and forwarded.
RAM: svmem(total=17002643456, available=9055305728, percent=46.7, used=7947337728, free=7968686080, active=8234450944, inactive=549093376, buffers=58769408, cached=1157382144, shared=14696448, slab=99483648)
CPU: [49.0, 48.5, 51.0, 59.8]
RAM: svmem(total=17002643456, available=8635056128, percent=49.2, used=8367587328, free=7548436480, active=8586477568, inactive=549093376, buffers=58769408, cached=1157382144, shared=14696448, slab=99483648)
CPU: [59.2, 61.9, 65.4, 63.1]
RAM: svmem(total=17002643456, available=8540930048, percent=49.8, used=8461713408, free=7454310400, active=8689582080, inactive=549093376, buffers=58769408, cached=1157382144, shared=14696448, slab=99483648)
CPU: [45.0, 44.8, 47.5, 46.9]
[frame_selection_agent@localhost:5012] 12/06/2026 20:24:13.422 --> frame_id=0b770ff8-375 DISCARDED (deleted from buffer). Discarded=177, Forwarded=83
[data_enhance_agent@localhost:5011] 12/06/2026 20:24:13.491 --> frame_id=1a76a891-ca0 enhanced and forwarded.
RAM: svmem(total=17002643456, available=8466219008, percent=50.2, used=8536424448, free=7379599360, active=8817000448, inactive=549093376, buffers=58769408, cached=1157382144, shared=14696448, slab=99483648)
CPU: [47.5, 43.2, 44.3, 47.1]
RAM: svmem(total=17002643456, available=8245526528, percent=51.5, used=8757116928, free=7158906880, active=9031385088, inactive=549093376, buffers=58769408, cached=1157382144, shared=14696448, slab=99483648)
CPU: [48.0, 50.0, 51.0, 52.5]
RAM: svmem(total=17002643456, available=7928496128, percent=53.4, used=9074147328, free=6841876480, active=9296297984, inactive=549093376, buffers=58769408, cached=1157382144, shared=14696448, slab=99483648)[frame_selection_agent@localhost:5012] 12/06/2026 20:24:15.666 --> frame_id=e59897f2-e61 DISCARDED (deleted from buffer). Discarded=178, Forwarded=83

[frame_selection_agent@localhost:5012] 12/06/2026 20:24:15.821 --> frame_id=7788df74-113 DISCARDED (deleted from buffer). Discarded=179, Forwarded=83
[frame_selection_agent@localhost:5012] 12/06/2026 20:24:16.009 --> frame_id=94064e7f-93c DISCARDED (deleted from buffer). Discarded=180, Forwarded=83
[data_enhance_agent@localhost:5011] 12/06/2026 20:24:16.117 --> frame_id=3f7bdc58-d62 enhanced and forwarded.
[frame_selection_agent@localhost:5012] 12/06/2026 20:24:16.181 --> frame_id=35611e4b-39c SUITABLE. Discarded=180, Forwarded=84
CPU: [39.8, 50.5, 50.5, 40.6]
[data_enhance_agent@localhost:5011] 12/06/2026 20:24:16.423 --> frame_id=51c35e2a-4c3 enhanced and forwarded.
[frame_selection_agent@localhost:5012] 12/06/2026 20:24:16.442 --> frame_id=b2df60a0-cee DISCARDED (deleted from buffer). Discarded=181, Forwarded=84
RAM: svmem(total=17002643456, available=7889420288, percent=53.6, used=9113223168, free=6802800640, active=9375137792, inactive=549093376, buffers=58769408, cached=1157382144, shared=14696448, slab=99483648)
[frame_selection_agent@localhost:5012] 12/06/2026 20:24:16.683 --> frame_id=a70deceb-a1b DISCARDED (deleted from buffer). Discarded=182, Forwarded=84
[frame_selection_agent@localhost:5012] 12/06/2026 20:24:16.910 --> frame_id=a8f1961f-a29 DISCARDED (deleted from buffer). Discarded=183, Forwarded=84
[frame_selection_agent@localhost:5012] 12/06/2026 20:24:16.922 --> [BATCH READY] Sent animal_id=14 to Predict!
CPU: [55.2, 56.3, 60.4, 53.8]
[data_enhance_agent@localhost:5011] 12/06/2026 20:24:17.402 --> frame_id=262de108-415 enhanced and forwarded.
RAM: svmem(total=17002643456, available=7889420288, percent=53.6, used=9113223168, free=6802800640, active=9274310656, inactive=549093376, buffers=58769408, cached=1157382144, shared=14696448, slab=99483648)
CPU: [53.0, 55.2, 54.5, 53.2]
[frame_selection_agent@localhost:5012] 12/06/2026 20:24:18.590 --> frame_id=5655c863-45d SUITABLE. Discarded=183, Forwarded=85
RAM: svmem(total=17002643456, available=7889420288, percent=53.6, used=9113223168, free=6802800640, active=9274310656, inactive=549093376, buffers=58785792, cached=1157382144, shared=14696448, slab=99483648)
CPU: [46.5, 48.0, 46.9, 47.5]
RAM: svmem(total=17002643456, available=7842775040, percent=53.9, used=9159868416, free=6756139008, active=9353609216, inactive=549109760, buffers=58785792, cached=1157382144, shared=14696448, slab=99483648)
CPU: [49.0, 52.0, 51.0, 51.0]
[predict_weight_agent@localhost:5013] 12/06/2026 20:24:20.552 --> [FINAL] Animal 11 completed. Mean weight: 16.0062 kg
RAM: svmem(total=17002643456, available=7778631680, percent=54.3, used=9224011776, free=6691995648, active=9427566592, inactive=549109760, buffers=58785792, cached=1157382144, shared=14696448, slab=99483648)
[data_enhance_agent@localhost:5011] 12/06/2026 20:24:20.889 --> frame_id=746bcec6-e0b enhanced and forwarded.
CPU: [42.6, 51.9, 44.6, 43.4]
RAM: svmem(total=17002643456, available=8887025664, percent=47.7, used=8115617792, free=7800389632, active=8276312064, inactive=549109760, buffers=58785792, cached=1157382144, shared=14696448, slab=99483648)
[frame_selection_agent@localhost:5012] 12/06/2026 20:24:22.321 --> frame_id=fd837459-180 SUITABLE. Discarded=183, Forwarded=86
while handling timed call
Traceback (most recent call last):
  File "/home/ewertonsjp/.pyenv/versions/cv_vend_mas/lib/python3.12/site-packages/twisted/internet/base.py", line 1105, in runUntilCurrent
    call.func(*call.args, **call.kw)
  File "/home/ewertonsjp/projects/cv-system/mas/pade/core/new_ams.py", line 80, in on_time
    self.agent.agentInstance.table.pop(agent_name)
builtins.KeyError: 'capture_agent@localhost:5010'

CPU: [41.8, 44.9, 42.4, 42.4]
[frame_selection_agent@localhost:5012] 12/06/2026 20:24:22.739 --> [SYNC] Expected 20 frames for animal 19
RAM: svmem(total=17002643456, available=8886632448, percent=47.7, used=8116011008, free=7799996416, active=8285880320, inactive=549109760, buffers=58785792, cached=1157382144, shared=14696448, slab=99483648)
[capture_agent@localhost:5010] 12/06/2026 20:24:23.302 --> [RESTART] Animal 23/100 entering scale.
CPU: [44.3, 45.9, 42.3, 44.1]
RAM: svmem(total=17002643456, available=8889974784, percent=47.7, used=8112668672, free=7803338752, active=8285880320, inactive=549109760, buffers=58785792, cached=1157382144, shared=14696448, slab=99483648)
CPU: [40.2, 42.2, 43.1, 42.9]
[frame_selection_agent@localhost:5012] 12/06/2026 20:24:24.534 --> frame_id=34b6700f-66a SUITABLE. Discarded=183, Forwarded=87
[frame_selection_agent@localhost:5012] 12/06/2026 20:24:24.706 --> frame_id=2bc62e8e-23d SUITABLE. Discarded=183, Forwarded=88
RAM: svmem(total=17002643456, available=8898347008, percent=47.7, used=8104296448, free=7811710976, active=8298987520, inactive=549109760, buffers=58785792, cached=1157382144, shared=14696448, slab=99483648)
[frame_selection_agent@localhost:5012] 12/06/2026 20:24:24.918 --> frame_id=b4a353c7-642 DISCARDED (deleted from buffer). Discarded=184, Forwarded=88
[frame_selection_agent@localhost:5012] 12/06/2026 20:24:24.926 --> frame_id=3d1775fd-a44 SUITABLE. Discarded=184, Forwarded=89
[frame_selection_agent@localhost:5012] 12/06/2026 20:24:25.055 --> frame_id=6b415ee4-427 DISCARDED (deleted from buffer). Discarded=185, Forwarded=89
[frame_selection_agent@localhost:5012] 12/06/2026 20:24:25.454 --> frame_id=845f2bd1-eb9 DISCARDED (deleted from buffer). Discarded=186, Forwarded=89
CPU: [56.3, 57.1, 57.1, 53.6]
RAM: svmem(total=17002643456, available=8958918656, percent=47.3, used=8043724800, free=7872282624, active=8211021824, inactive=549109760, buffers=58785792, cached=1157398528, shared=14696448, slab=99500032)
[frame_selection_agent@localhost:5012] 12/06/2026 20:24:25.868 --> frame_id=31aff1d2-cb3 DISCARDED (deleted from buffer). Discarded=187, Forwarded=89
CPU: [39.0, 36.4, 40.8, 40.4]
[data_enhance_agent@localhost:5011] 12/06/2026 20:24:26.754 --> frame_id=c4b61750-e92 enhanced and forwarded.
[data_enhance_agent@localhost:5011] 12/06/2026 20:24:26.758 --> frame_id=5999dd29-e30 enhanced and forwarded.
[data_enhance_agent@localhost:5011] 12/06/2026 20:24:26.776 --> frame_id=b97d161b-c98 enhanced and forwarded.
RAM: svmem(total=17002643456, available=8964374528, percent=47.3, used=8038268928, free=7877722112, active=8211021824, inactive=549126144, buffers=58802176, cached=1157398528, shared=14696448, slab=99565568)
CPU: [46.5, 46.5, 44.6, 46.6]
[frame_selection_agent@localhost:5012] 12/06/2026 20:24:27.610 --> frame_id=2a6e8437-935 DISCARDED (deleted from buffer). Discarded=188, Forwarded=89
RAM: svmem(total=17002643456, available=8971698176, percent=47.2, used=8030945280, free=7885045760, active=8169177088, inactive=549126144, buffers=58802176, cached=1157398528, shared=14696448, slab=99581952)
[predict_weight_agent@localhost:5013] 12/06/2026 20:24:28.547 --> [BATCH INFERENCE] Running full network on 6 frames for animal 12
CPU: [44.0, 47.1, 43.7, 42.4]
RAM: svmem(total=17002643456, available=8976547840, percent=47.2, used=8026095616, free=7889911808, active=8188985344, inactive=549126144, buffers=58802176, cached=1157365760, shared=14696448, slab=99549184)
[frame_selection_agent@localhost:5012] 12/06/2026 20:24:28.959 --> [SYNC] Expected 20 frames for animal 20
[predict_weight_agent@localhost:5013] 12/06/2026 20:24:29.502 --> [BATCH INFERENCE] Running full network on 6 frames for animal 13
[frame_selection_agent@localhost:5012] 12/06/2026 20:24:29.586 --> [SYNC] Expected 20 frames for animal 21
CPU: [32.3, 29.3, 31.0, 60.4]
[frame_selection_agent@localhost:5012] 12/06/2026 20:24:29.731 --> frame_id=ceb4d1f7-52c DISCARDED (deleted from buffer). Discarded=189, Forwarded=89
RAM: svmem(total=17002643456, available=9018785792, percent=47.0, used=7983857664, free=7932133376, active=8179318784, inactive=549126144, buffers=58802176, cached=1157382144, shared=14696448, slab=99631104)
CPU: [47.0, 45.7, 47.5, 45.9]
RAM: svmem(total=17002643456, available=9018572800, percent=47.0, used=7984070656, free=7931936768, active=8224735232, inactive=549126144, buffers=58802176, cached=1157365760, shared=14696448, slab=99680256)
[frame_selection_agent@localhost:5012] 12/06/2026 20:24:31.385 --> frame_id=8e1ac357-e86 DISCARDED (deleted from buffer). Discarded=190, Forwarded=89
CPU: [44.6, 43.1, 43.4, 45.5]
RAM: svmem(total=17002643456, available=9018572800, percent=47.0, used=7984070656, free=7931936768, active=8238727168, inactive=549126144, buffers=58802176, cached=1157365760, shared=14696448, slab=99680256)
CPU: [43.9, 40.2, 45.5, 44.0]
RAM: svmem(total=17002643456, available=9018359808, percent=47.0, used=7984283648, free=7931691008, active=8250900480, inactive=549142528, buffers=58818560, cached=1157382144, shared=14696448, slab=99696640)
[frame_selection_agent@localhost:5012] 12/06/2026 20:24:33.591 --> frame_id=57dbf1f5-e3c DISCARDED (deleted from buffer). Discarded=191, Forwarded=89
[frame_selection_agent@localhost:5012] 12/06/2026 20:24:33.706 --> frame_id=d193c9ea-091 DISCARDED (deleted from buffer). Discarded=192, Forwarded=89
CPU: [36.8, 43.0, 46.6, 43.6]
[frame_selection_agent@localhost:5012] 12/06/2026 20:24:33.894 --> frame_id=18e07feb-d1a DISCARDED (deleted from buffer). Discarded=193, Forwarded=89
[frame_selection_agent@localhost:5012] 12/06/2026 20:24:33.921 --> frame_id=61b58985-5a2 DISCARDED (deleted from buffer). Discarded=194, Forwarded=89
RAM: svmem(total=17002643456, available=9014525952, percent=47.0, used=7988117504, free=7927857152, active=8267431936, inactive=549142528, buffers=58818560, cached=1157382144, shared=14696448, slab=99696640)
[frame_selection_agent@localhost:5012] 12/06/2026 20:24:33.991 --> frame_id=bfbbeaa4-05a DISCARDED (deleted from buffer). Discarded=195, Forwarded=89
[data_enhance_agent@localhost:5011] 12/06/2026 20:24:34.036 --> frame_id=7899e5f7-5e3 enhanced and forwarded.
[data_enhance_agent@localhost:5011] 12/06/2026 20:24:34.407 --> frame_id=0debf743-dd2 enhanced and forwarded.
[data_enhance_agent@localhost:5011] 12/06/2026 20:24:34.712 --> frame_id=3734d354-06a enhanced and forwarded.
[frame_selection_agent@localhost:5012] 12/06/2026 20:24:34.833 --> frame_id=9f9b0344-0af SUITABLE. Discarded=195, Forwarded=90
CPU: [40.8, 51.5, 46.1, 43.7]
RAM: svmem(total=17002643456, available=9094086656, percent=46.5, used=7908556800, free=8007401472, active=8178188288, inactive=549158912, buffers=58818560, cached=1157398528, shared=14696448, slab=99696640)
[data_enhance_agent@localhost:5011] 12/06/2026 20:24:35.167 --> frame_id=82bee403-962 enhanced and forwarded.
[frame_selection_agent@localhost:5012] 12/06/2026 20:24:35.456 --> frame_id=6d14ae0e-09f DISCARDED (deleted from buffer). Discarded=196, Forwarded=90
[data_enhance_agent@localhost:5011] 12/06/2026 20:24:35.488 --> frame_id=42974d49-eb0 enhanced and forwarded.
[data_enhance_agent@localhost:5011] 12/06/2026 20:24:35.908 --> frame_id=402a56a6-fef enhanced and forwarded.
CPU: [47.1, 50.5, 52.0, 42.2]
RAM: svmem(total=17002643456, available=9091252224, percent=46.5, used=7911391232, free=8004567040, active=8192065536, inactive=549158912, buffers=58818560, cached=1157398528, shared=14696448, slab=99696640)
[capture_agent@localhost:5010] 12/06/2026 20:24:36.690 --> [RESTART] Animal 24/100 entering scale.
[frame_selection_agent@localhost:5012] 12/06/2026 20:24:36.877 --> frame_id=356c73c5-e08 DISCARDED (deleted from buffer). Discarded=197, Forwarded=90
CPU: [60.4, 60.4, 59.2, 66.4][frame_selection_agent@localhost:5012] 12/06/2026 20:24:36.941 --> [BATCH READY] Sent animal_id=15 to Predict!

RAM: svmem(total=17002643456, available=9087565824, percent=46.6, used=7915077632, free=8000880640, active=8200224768, inactive=549158912, buffers=58818560, cached=1157398528, shared=14696448, slab=99696640)
[data_enhance_agent@localhost:5011] 12/06/2026 20:24:37.205 --> frame_id=382cfa4d-a62 enhanced and forwarded.
[data_enhance_agent@localhost:5011] 12/06/2026 20:24:37.541 --> frame_id=2bcdfc08-7f3 enhanced and forwarded.
[data_enhance_agent@localhost:5011] 12/06/2026 20:24:37.879 --> frame_id=1df74fe8-42a enhanced and forwarded.
CPU: [41.5, 50.0, 33.3, 34.0]
RAM: svmem(total=17002643456, available=9084649472, percent=46.6, used=7917993984, free=7997964288, active=8202256384, inactive=549158912, buffers=58818560, cached=1157398528, shared=14696448, slab=99696640)
[data_enhance_agent@localhost:5011] 12/06/2026 20:24:38.424 --> frame_id=1218611f-c6d enhanced and forwarded.
[data_enhance_agent@localhost:5011] 12/06/2026 20:24:38.575 --> frame_id=64d703b6-a47 enhanced and forwarded.
[data_enhance_agent@localhost:5011] 12/06/2026 20:24:38.889 --> frame_id=16ae95d6-530 enhanced and forwarded.
CPU: [38.2, 40.4, 44.6, 34.9]
RAM: svmem(total=17002643456, available=9078276096, percent=46.6, used=7924367360, free=7991574528, active=8217985024, inactive=549175296, buffers=58834944, cached=1157398528, shared=14696448, slab=99663872)
[data_enhance_agent@localhost:5011] 12/06/2026 20:24:39.475 --> frame_id=28ebfad4-d96 enhanced and forwarded.
[data_enhance_agent@localhost:5011] 12/06/2026 20:24:39.629 --> frame_id=de7e087b-783 enhanced and forwarded.
[data_enhance_agent@localhost:5011] 12/06/2026 20:24:39.961 --> frame_id=501d61dc-d54 enhanced and forwarded.
RAM: svmem(total=17002643456, available=9060581376, percent=46.7, used=7942062080, free=7973879808, active=8234582016, inactive=549175296, buffers=58834944, cached=1157398528, shared=14696448, slab=99663872)CPU: [31.0, 52.5, 35.8, 43.7]

[frame_selection_agent@localhost:5012] 12/06/2026 20:24:40.252 --> frame_id=2ca9ecd4-154 SUITABLE. Discarded=197, Forwarded=91
[data_enhance_agent@localhost:5011] 12/06/2026 20:24:40.588 --> frame_id=0e5d6095-abd enhanced and forwarded.
[data_enhance_agent@localhost:5011] 12/06/2026 20:24:40.717 --> frame_id=2b787ae0-0aa enhanced and forwarded.
[data_enhance_agent@localhost:5011] 12/06/2026 20:24:41.066 --> frame_id=a3af9df6-bde enhanced and forwarded.
RAM: svmem(total=17002643456, available=9072541696, percent=46.6, used=7930101760, free=7985840128, active=8232108032, inactive=549175296, buffers=58834944, cached=1157398528, shared=14696448, slab=99663872)
CPU: [55.6, 37.3, 36.0, 34.7]
[data_enhance_agent@localhost:5011] 12/06/2026 20:24:41.190 --> frame_id=5d6f59fb-db3 enhanced and forwarded.
RAM: svmem(total=17002643456, available=9032908800, percent=46.9, used=7969734656, free=7946207232, active=8268169216, inactive=549175296, buffers=58834944, cached=1157398528, shared=14696448, slab=99663872)
CPU: [56.3, 53.1, 56.6, 59.2]
[frame_selection_agent@localhost:5012] 12/06/2026 20:24:42.258 --> frame_id=a2a812e7-cf3 SUITABLE. Discarded=197, Forwarded=92
while handling timed call
Traceback (most recent call last):
  File "/home/ewertonsjp/.pyenv/versions/cv_vend_mas/lib/python3.12/site-packages/twisted/internet/base.py", line 1105, in runUntilCurrent
    call.func(*call.args, **call.kw)
  File "/home/ewertonsjp/projects/cv-system/mas/pade/core/new_ams.py", line 80, in on_time
    self.agent.agentInstance.table.pop(agent_name)
builtins.KeyError: 'capture_agent@localhost:5010'

[data_enhance_agent@localhost:5011] 12/06/2026 20:24:42.612 --> frame_id=7cee1118-3db enhanced and forwarded.
RAM: svmem(total=17002643456, available=8850374656, percent=47.9, used=8152268800, free=7763673088, active=8408039424, inactive=549175296, buffers=58834944, cached=1157398528, shared=14696448, slab=99663872)
CPU: [46.2, 44.7, 45.6, 53.9]
RAM: svmem(total=17002643456, available=8850374656, percent=47.9, used=8152268800, free=7763673088, active=8408039424, inactive=549175296, buffers=58834944, cached=1157398528, shared=14696448, slab=99663872)
CPU: [46.5, 51.9, 45.8, 44.9]
[frame_selection_agent@localhost:5012] 12/06/2026 20:24:44.933 --> frame_id=45629276-54c SUITABLE. Discarded=197, Forwarded=93
[frame_selection_agent@localhost:5012] 12/06/2026 20:24:45.023 --> frame_id=cb0c4992-b28 DISCARDED (deleted from buffer). Discarded=198, Forwarded=93
[frame_selection_agent@localhost:5012] 12/06/2026 20:24:45.070 --> frame_id=d2527305-baa SUITABLE. Discarded=198, Forwarded=94
RAM: svmem(total=17002643456, available=8829992960, percent=48.1, used=8172650496, free=7743275008, active=8441233408, inactive=549191680, buffers=58851328, cached=1157398528, shared=14696448, slab=99663872)
CPU: [51.5, 49.5, 50.0, 48.5]
[frame_selection_agent@localhost:5012] 12/06/2026 20:24:45.485 --> frame_id=5eae0e85-76f SUITABLE. Discarded=198, Forwarded=95
[frame_selection_agent@localhost:5012] 12/06/2026 20:24:45.765 --> frame_id=a8f38e31-ad5 DISCARDED (deleted from buffer). Discarded=199, Forwarded=95
RAM: svmem(total=17002643456, available=8743731200, percent=48.6, used=8258912256, free=7657013248, active=8553578496, inactive=549191680, buffers=58851328, cached=1157398528, shared=14696448, slab=99663872)
CPU: [59.6, 58.8, 59.0, 60.2]
[frame_selection_agent@localhost:5012] 12/06/2026 20:24:46.604 --> frame_id=f797d1db-015 DISCARDED (deleted from buffer). Discarded=200, Forwarded=95
[predict_weight_agent@localhost:5013] 12/06/2026 20:24:47.021 --> [FINAL] Animal 12 completed. Mean weight: 16.0062 kg
RAM: svmem(total=17002643456, available=8753774592, percent=48.5, used=8248868864, free=7667056640, active=8489598976, inactive=549191680, buffers=58851328, cached=1157398528, shared=14696448, slab=99663872)
CPU: [53.5, 41.8, 40.0, 40.0]
[data_enhance_agent@localhost:5011] 12/06/2026 20:24:47.380 --> frame_id=31e096da-33e enhanced and forwarded.
[data_enhance_agent@localhost:5011] 12/06/2026 20:24:47.692 --> frame_id=f461adda-523 enhanced and forwarded.
[data_enhance_agent@localhost:5011] 12/06/2026 20:24:48.016 --> frame_id=77247027-480 enhanced and forwarded.
RAM: svmem(total=17002643456, available=8805531648, percent=48.2, used=8197111808, free=7718813696, active=8399159296, inactive=549191680, buffers=58851328, cached=1157398528, shared=14696448, slab=99663872)
[data_enhance_agent@localhost:5011] 12/06/2026 20:24:48.337 --> frame_id=9831742c-5fa enhanced and forwarded.
CPU: [30.1, 41.0, 34.7, 33.3]
[data_enhance_agent@localhost:5011] 12/06/2026 20:24:48.710 --> frame_id=53088417-452 enhanced and forwarded.
[data_enhance_agent@localhost:5011] 12/06/2026 20:24:49.016 --> frame_id=a972b6af-5c8 enhanced and forwarded.
RAM: svmem(total=17002643456, available=8805711872, percent=48.2, used=8196931584, free=7718993920, active=8412872704, inactive=549191680, buffers=58851328, cached=1157398528, shared=14696448, slab=99663872)
[data_enhance_agent@localhost:5011] 12/06/2026 20:24:49.363 --> frame_id=68f505c0-3f8 enhanced and forwarded.
CPU: [38.7, 33.6, 38.4, 29.4]
[data_enhance_agent@localhost:5011] 12/06/2026 20:24:49.680 --> frame_id=c1542430-6c6 enhanced and forwarded.
[capture_agent@localhost:5010] 12/06/2026 20:24:49.888 --> [RESTART] Animal 25/100 entering scale.
RAM: svmem(total=17002643456, available=8800567296, percent=48.2, used=8202076160, free=7713849344, active=8437252096, inactive=549191680, buffers=58851328, cached=1157398528, shared=14696448, slab=99663872)
[frame_selection_agent@localhost:5012] 12/06/2026 20:24:50.314 --> frame_id=6a8547bf-0bd DISCARDED (deleted from buffer). Discarded=201, Forwarded=95
CPU: [51.4, 42.4, 47.0, 41.4]
[data_enhance_agent@localhost:5011] 12/06/2026 20:24:50.618 --> frame_id=adbe8bb9-141 enhanced and forwarded.
[frame_selection_agent@localhost:5012] 12/06/2026 20:24:50.666 --> frame_id=3933997e-4d4 DISCARDED (deleted from buffer). Discarded=202, Forwarded=95
[data_enhance_agent@localhost:5011] 12/06/2026 20:24:51.078 --> frame_id=d953bd4a-f66 enhanced and forwarded.
[data_enhance_agent@localhost:5011] 12/06/2026 20:24:51.150 --> frame_id=de585096-974 enhanced and forwarded.
RAM: svmem(total=17002643456, available=8835760128, percent=48.0, used=8166883328, free=7749025792, active=8384135168, inactive=549208064, buffers=58867712, cached=1157398528, shared=14696448, slab=99663872)
[data_enhance_agent@localhost:5011] 12/06/2026 20:24:51.425 --> frame_id=a59592d5-7d1 enhanced and forwarded.
CPU: [39.6, 41.7, 32.0, 32.0]
[frame_selection_agent@localhost:5012] 12/06/2026 20:24:52.153 --> frame_id=e756c0a4-35f DISCARDED (deleted from buffer). Discarded=203, Forwarded=95
RAM: svmem(total=17002643456, available=8833548288, percent=48.0, used=8169095168, free=7746813952, active=8426291200, inactive=549208064, buffers=58867712, cached=1157398528, shared=14696448, slab=99663872)
[data_enhance_agent@localhost:5011] 12/06/2026 20:24:52.433 --> frame_id=83ee9a03-69e enhanced and forwarded.
CPU: [41.2, 47.5, 41.3, 36.0]
[data_enhance_agent@localhost:5011] 12/06/2026 20:24:52.734 --> frame_id=09da355b-96b enhanced and forwarded.
RAM: svmem(total=17002643456, available=8812412928, percent=48.2, used=8190230528, free=7725678592, active=8483356672, inactive=549208064, buffers=58867712, cached=1157398528, shared=14696448, slab=99663872)
CPU: [60.0, 60.0, 59.6, 58.8]
RAM: svmem(total=17002643456, available=8544534528, percent=49.7, used=8458108928, free=7457800192, active=8745566208, inactive=549208064, buffers=58867712, cached=1157398528, shared=14696448, slab=99663872)
CPU: [50.0, 53.0, 50.5, 55.3]
[frame_selection_agent@localhost:5012] 12/06/2026 20:24:55.183 --> frame_id=debb498a-d26 DISCARDED (deleted from buffer). Discarded=204, Forwarded=95
[frame_selection_agent@localhost:5012] 12/06/2026 20:24:55.202 --> frame_id=cbc702b6-be4 DISCARDED (deleted from buffer). Discarded=205, Forwarded=95
RAM: svmem(total=17002643456, available=8483733504, percent=50.1, used=8518909952, free=7396999168, active=8811577344, inactive=549208064, buffers=58867712, cached=1157398528, shared=14696448, slab=99663872)
CPU: [33.0, 36.9, 36.4, 58.2]
[data_enhance_agent@localhost:5011] 12/06/2026 20:24:55.680 --> frame_id=1d3fcf78-9ab enhanced and forwarded.
[frame_selection_agent@localhost:5012] 12/06/2026 20:24:55.726 --> frame_id=a725b6dd-482 DISCARDED (deleted from buffer). Discarded=206, Forwarded=95
[data_enhance_agent@localhost:5011] 12/06/2026 20:24:55.917 --> frame_id=e94433be-7e5 enhanced and forwarded.
[frame_selection_agent@localhost:5012] 12/06/2026 20:24:55.945 --> frame_id=2ce7029d-206 DISCARDED (deleted from buffer). Discarded=207, Forwarded=95
RAM: svmem(total=17002643456, available=8388722688, percent=50.7, used=8613920768, free=7301988352, active=8893267968, inactive=549208064, buffers=58867712, cached=1157398528, shared=14696448, slab=99663872)
[data_enhance_agent@localhost:5011] 12/06/2026 20:24:56.460 --> frame_id=0dd17738-a4e enhanced and forwarded.
[frame_selection_agent@localhost:5012] 12/06/2026 20:24:56.571 --> frame_id=4ab52193-910 DISCARDED (deleted from buffer). Discarded=208, Forwarded=95
[data_enhance_agent@localhost:5011] 12/06/2026 20:24:56.577 --> frame_id=4b08cf00-9e6 enhanced and forwarded.
[data_enhance_agent@localhost:5011] 12/06/2026 20:24:56.635 --> frame_id=0f696a8c-819 enhanced and forwarded.
[data_enhance_agent@localhost:5011] 12/06/2026 20:24:56.710 --> frame_id=b140ec18-215 enhanced and forwarded.
CPU: [32.0, 36.3, 42.6, 40.6]
RAM: svmem(total=17002643456, available=8251342848, percent=51.5, used=8751300608, free=7164608512, active=9017491456, inactive=549208064, buffers=58867712, cached=1157398528, shared=14696448, slab=99663872)
CPU: [37.1, 29.4, 32.1, 42.0]
[data_enhance_agent@localhost:5011] 12/06/2026 20:24:57.856 --> frame_id=178ba655-6f5 enhanced and forwarded.
[data_enhance_agent@localhost:5011] 12/06/2026 20:24:57.867 --> frame_id=171454b0-6dc enhanced and forwarded.
[data_enhance_agent@localhost:5011] 12/06/2026 20:24:57.879 --> frame_id=6474051b-d84 enhanced and forwarded.
[data_enhance_agent@localhost:5011] 12/06/2026 20:24:58.180 --> frame_id=37328444-678 enhanced and forwarded.
[data_enhance_agent@localhost:5011] 12/06/2026 20:24:58.186 --> frame_id=e6b288de-326 enhanced and forwarded.
[data_enhance_agent@localhost:5011] 12/06/2026 20:24:58.198 --> frame_id=44171ea3-e01 enhanced and forwarded.
[frame_selection_agent@localhost:5012] 12/06/2026 20:24:58.234 --> frame_id=dde0b844-121 DISCARDED (deleted from buffer). Discarded=209, Forwarded=95
RAM: svmem(total=17002643456, available=8107081728, percent=52.3, used=8895561728, free=7020347392, active=9081946112, inactive=549208064, buffers=58867712, cached=1157398528, shared=14696448, slab=99663872)
[data_enhance_agent@localhost:5011] 12/06/2026 20:24:58.736 --> frame_id=11e8ea40-516 enhanced and forwarded.
CPU: [48.6, 48.6, 54.7, 52.9]
[data_enhance_agent@localhost:5011] 12/06/2026 20:24:59.126 --> frame_id=0f45b80b-e56 enhanced and forwarded.
RAM: svmem(total=17002643456, available=7921582080, percent=53.4, used=9081061376, free=6834847744, active=9265872896, inactive=549208064, buffers=58867712, cached=1157398528, shared=14696448, slab=99729408)
CPU: [39.8, 48.6, 42.4, 51.0]
[data_enhance_agent@localhost:5011] 12/06/2026 20:25:00.099 --> frame_id=8b797423-f51 enhanced and forwarded.
RAM: svmem(total=17002643456, available=7894351872, percent=53.6, used=9108291584, free=6807617536, active=9337438208, inactive=549208064, buffers=58867712, cached=1157398528, shared=14696448, slab=99794944)
CPU: [48.5, 32.4, 31.3, 37.1]
[data_enhance_agent@localhost:5011] 12/06/2026 20:25:01.533 --> frame_id=58da45af-5cc enhanced and forwarded.
[data_enhance_agent@localhost:5011] 12/06/2026 20:25:01.541 --> frame_id=713ab339-18a enhanced and forwarded.
[data_enhance_agent@localhost:5011] 12/06/2026 20:25:01.560 --> frame_id=612e39a9-a27 enhanced and forwarded.
[frame_selection_agent@localhost:5012] 12/06/2026 20:25:01.583 --> frame_id=f17ef527-b2f DISCARDED (deleted from buffer). Discarded=210, Forwarded=95
[frame_selection_agent@localhost:5012] 12/06/2026 20:25:01.590 --> [BATCH READY] Sent animal_id=16 to Predict!
[data_enhance_agent@localhost:5011] 12/06/2026 20:25:01.592 --> frame_id=b29fcba8-05a enhanced and forwarded.
[data_enhance_agent@localhost:5011] 12/06/2026 20:25:01.596 --> frame_id=349656d1-5b4 enhanced and forwarded.
RAM: svmem(total=17002643456, available=7889944576, percent=53.6, used=9112698880, free=6803193856, active=9356820480, inactive=549224448, buffers=58884096, cached=1157398528, shared=14696448, slab=99794944)
[frame_selection_agent@localhost:5012] 12/06/2026 20:25:02.026 --> [SYNC] Expected 20 frames for animal 22
CPU: [41.2, 42.9, 31.0, 36.4]
RAM: svmem(total=17002643456, available=7882113024, percent=53.6, used=9120530432, free=6795362304, active=9379168256, inactive=549224448, buffers=58884096, cached=1157414912, shared=14696448, slab=99811328)
[data_enhance_agent@localhost:5011] 12/06/2026 20:25:02.922 --> frame_id=70a16b3b-e91 enhanced and forwarded.
[data_enhance_agent@localhost:5011] 12/06/2026 20:25:02.936 --> frame_id=65a501a9-36e enhanced and forwarded.
[data_enhance_agent@localhost:5011] 12/06/2026 20:25:02.944 --> frame_id=07e4a3d2-f00 enhanced and forwarded.
[data_enhance_agent@localhost:5011] 12/06/2026 20:25:02.946 --> frame_id=5af4cb89-8ca enhanced and forwarded.
[capture_agent@localhost:5010] 12/06/2026 20:25:02.949 --> [RESTART] Animal 26/100 entering scale.
while handling timed call
Traceback (most recent call last):
  File "/home/ewertonsjp/.pyenv/versions/cv_vend_mas/lib/python3.12/site-packages/twisted/internet/base.py", line 1105, in runUntilCurrent
    call.func(*call.args, **call.kw)
  File "/home/ewertonsjp/projects/cv-system/mas/pade/core/new_ams.py", line 80, in on_time
    self.agent.agentInstance.table.pop(agent_name)
builtins.KeyError: 'capture_agent@localhost:5010'

CPU: [43.1, 42.5, 44.4, 41.2]
[predict_weight_agent@localhost:5013] 12/06/2026 20:25:03.407 --> [BATCH INFERENCE] Running full network on 6 frames for animal 14
RAM: svmem(total=17002643456, available=7841841152, percent=53.9, used=9160802304, free=6755057664, active=9383657472, inactive=549240832, buffers=58884096, cached=1157447680, shared=14696448, slab=99827712)
[frame_selection_agent@localhost:5012] 12/06/2026 20:25:03.733 --> frame_id=da6c9736-7a0 SUITABLE. Discarded=210, Forwarded=96
[frame_selection_agent@localhost:5012] 12/06/2026 20:25:03.745 --> frame_id=e6b13b74-b1c SUITABLE. Discarded=210, Forwarded=97
[frame_selection_agent@localhost:5012] 12/06/2026 20:25:04.145 --> [SYNC] Expected 18 frames for animal 23
CPU: [57.0, 58.3, 56.0, 54.3]
RAM: svmem(total=17002643456, available=7745994752, percent=54.4, used=9256648704, free=6659211264, active=9497083904, inactive=549240832, buffers=58884096, cached=1157464064, shared=14696448, slab=99778560)
[frame_selection_agent@localhost:5012] 12/06/2026 20:25:04.865 --> [SYNC] Expected 20 frames for animal 24
[predict_weight_agent@localhost:5013] 12/06/2026 20:25:05.228 --> [FINAL] Animal 13 completed. Mean weight: 16.0062 kg
CPU: [47.2, 44.6, 48.1, 44.0]
RAM: svmem(total=17002643456, available=7817789440, percent=54.0, used=9184854016, free=6730989568, active=9397469184, inactive=549240832, buffers=58884096, cached=1157480448, shared=14696448, slab=99794944)
CPU: [44.4, 44.3, 43.6, 44.3]
RAM: svmem(total=17002643456, available=7799554048, percent=54.1, used=9203089408, free=6712754176, active=9433055232, inactive=549240832, buffers=58884096, cached=1157480448, shared=14696448, slab=99794944)
[frame_selection_agent@localhost:5012] 12/06/2026 20:25:07.088 --> frame_id=93a31a77-5f6 SUITABLE. Discarded=210, Forwarded=98
CPU: [40.4, 47.1, 48.5, 42.9]
[frame_selection_agent@localhost:5012] 12/06/2026 20:25:07.332 --> frame_id=803146f7-e8d SUITABLE. Discarded=210, Forwarded=99
[data_enhance_agent@localhost:5011] 12/06/2026 20:25:07.641 --> frame_id=f778b838-cc3 enhanced and forwarded.
RAM: svmem(total=17002643456, available=7780777984, percent=54.2, used=9221865472, free=6693961728, active=9475522560, inactive=549257216, buffers=58900480, cached=1157480448, shared=14696448, slab=99794944)
[frame_selection_agent@localhost:5012] 12/06/2026 20:25:07.989 --> frame_id=497e7971-447 DISCARDED (deleted from buffer). Discarded=211, Forwarded=99
[frame_selection_agent@localhost:5012] 12/06/2026 20:25:08.295 --> frame_id=63fac4d9-c7a SUITABLE. Discarded=211, Forwarded=100
CPU: [38.3, 44.6, 48.5, 37.4]
[data_enhance_agent@localhost:5011] 12/06/2026 20:25:08.327 --> frame_id=8d5dea24-3f6 enhanced and forwarded.
[data_enhance_agent@localhost:5011] 12/06/2026 20:25:08.626 --> frame_id=8fe50be4-6e0 enhanced and forwarded.
RAM: svmem(total=17002643456, available=7765540864, percent=54.3, used=9237102592, free=6678724608, active=9509109760, inactive=549257216, buffers=58900480, cached=1157480448, shared=14696448, slab=99811328)
[frame_selection_agent@localhost:5012] 12/06/2026 20:25:08.906 --> frame_id=10ac8fcc-e17 SUITABLE. Discarded=211, Forwarded=101
[data_enhance_agent@localhost:5011] 12/06/2026 20:25:09.103 --> frame_id=edf84142-bdc enhanced and forwarded.
CPU: [37.4, 52.0, 40.6, 41.8]
RAM: svmem(total=17002643456, available=7765540864, percent=54.3, used=9237102592, free=6678724608, active=9509208064, inactive=549257216, buffers=58900480, cached=1157480448, shared=14696448, slab=99811328)
CPU: [42.1, 45.9, 47.0, 44.1]
RAM: svmem(total=17002643456, available=7758430208, percent=54.4, used=9244213248, free=6671613952, active=9523625984, inactive=549257216, buffers=58900480, cached=1157480448, shared=14696448, slab=99811328)
CPU: [40.2, 42.3, 41.2, 41.8]
[frame_selection_agent@localhost:5012] 12/06/2026 20:25:11.605 --> frame_id=c058e692-b27 DISCARDED (deleted from buffer). Discarded=212, Forwarded=101
RAM: svmem(total=17002643456, available=7711719424, percent=54.6, used=9290924032, free=6624903168, active=9575104512, inactive=549257216, buffers=58900480, cached=1157480448, shared=14696448, slab=99942400)
[frame_selection_agent@localhost:5012] 12/06/2026 20:25:11.945 --> frame_id=925add94-012 DISCARDED (deleted from buffer). Discarded=213, Forwarded=101
[frame_selection_agent@localhost:5012] 12/06/2026 20:25:12.081 --> frame_id=0c4b6a89-8e1 DISCARDED (deleted from buffer). Discarded=214, Forwarded=101
CPU: [45.6, 43.4, 50.0, 40.2]
[data_enhance_agent@localhost:5011] 12/06/2026 20:25:12.437 --> frame_id=d713f0fe-991 enhanced and forwarded.
[frame_selection_agent@localhost:5012] 12/06/2026 20:25:12.443 --> frame_id=4b100307-b22 DISCARDED (deleted from buffer). Discarded=215, Forwarded=101
[data_enhance_agent@localhost:5011] 12/06/2026 20:25:12.609 --> frame_id=a532290b-0cd enhanced and forwarded.
RAM: svmem(total=17002643456, available=7794278400, percent=54.2, used=9208365056, free=6707462144, active=9398681600, inactive=549257216, buffers=58900480, cached=1157480448, shared=14696448, slab=99942400)
CPU: [50.5, 51.5, 52.0, 52.0]
RAM: svmem(total=17002643456, available=7999225856, percent=53.0, used=9003417600, free=6912409600, active=9202024448, inactive=549257216, buffers=58900480, cached=1157480448, shared=14696448, slab=99942400)
[frame_selection_agent@localhost:5012] 12/06/2026 20:25:14.035 --> frame_id=224b825f-ed1 DISCARDED (deleted from buffer). Discarded=216, Forwarded=101
[data_enhance_agent@localhost:5011] 12/06/2026 20:25:14.367 --> frame_id=79f5bd54-694 enhanced and forwarded.
CPU: [39.4, 37.5, 37.6, 47.0]
RAM: svmem(total=17002643456, available=8002453504, percent=52.9, used=9000189952, free=6915637248, active=9202024448, inactive=549257216, buffers=58900480, cached=1157480448, shared=14696448, slab=99942400)
CPU: [45.2, 42.4, 46.5, 44.3]
RAM: svmem(total=17002643456, available=7997177856, percent=53.0, used=9005465600, free=6910361600, active=9232416768, inactive=549257216, buffers=58900480, cached=1157480448, shared=14696448, slab=99942400)
[frame_selection_agent@localhost:5012] 12/06/2026 20:25:15.952 --> frame_id=2d90e8f4-d2a DISCARDED (deleted from buffer). Discarded=217, Forwarded=101
[frame_selection_agent@localhost:5012] 12/06/2026 20:25:16.166 --> frame_id=52fff1af-e4b DISCARDED (deleted from buffer). Discarded=218, Forwarded=101
[capture_agent@localhost:5010] 12/06/2026 20:25:16.255 --> [RESTART] Animal 27/100 entering scale.
CPU: [48.5, 49.0, 43.7, 52.0]
[data_enhance_agent@localhost:5011] 12/06/2026 20:25:16.566 --> frame_id=d6fe9813-0cd enhanced and forwarded.
RAM: svmem(total=17002643456, available=7982432256, percent=53.1, used=9020211200, free=6895616000, active=9269739520, inactive=549257216, buffers=58900480, cached=1157480448, shared=14696448, slab=99942400)
[frame_selection_agent@localhost:5012] 12/06/2026 20:25:17.226 --> frame_id=264f85e2-a0d DISCARDED (deleted from buffer). Discarded=219, Forwarded=101
[frame_selection_agent@localhost:5012] 12/06/2026 20:25:17.507 --> frame_id=a201d529-66e DISCARDED (deleted from buffer). Discarded=220, Forwarded=101
[frame_selection_agent@localhost:5012] 12/06/2026 20:25:17.510 --> frame_id=c8fea6ab-9da DISCARDED (deleted from buffer). Discarded=221, Forwarded=101
CPU: [64.3, 56.0, 59.8, 56.6]
[data_enhance_agent@localhost:5011] 12/06/2026 20:25:17.662 --> frame_id=703e5a02-3d4 enhanced and forwarded.
RAM: svmem(total=17002643456, available=7960330240, percent=53.2, used=9042313216, free=6873497600, active=9314975744, inactive=549273600, buffers=58916864, cached=1157480448, shared=14696448, slab=99942400)
CPU: [56.4, 56.9, 56.3, 56.6]
RAM: svmem(total=17002643456, available=7960330240, percent=53.2, used=9042313216, free=6873497600, active=9315090432, inactive=549273600, buffers=58916864, cached=1157480448, shared=14696448, slab=99942400)
CPU: [41.8, 44.3, 47.0, 44.2]
RAM: svmem(total=17002643456, available=7959101440, percent=53.2, used=9043542016, free=6872268800, active=9320529920, inactive=549273600, buffers=58916864, cached=1157480448, shared=14696448, slab=99942400)
CPU: [49.0, 50.0, 50.0, 51.5]
RAM: svmem(total=17002643456, available=7921745920, percent=53.4, used=9080897536, free=6834913280, active=9371320320, inactive=549273600, buffers=58916864, cached=1157480448, shared=14696448, slab=99942400)
[frame_selection_agent@localhost:5012] 12/06/2026 20:25:21.137 --> frame_id=7b12b176-972 DISCARDED (deleted from buffer). Discarded=222, Forwarded=101
[frame_selection_agent@localhost:5012] 12/06/2026 20:25:21.249 --> frame_id=1340cc95-5fa DISCARDED (deleted from buffer). Discarded=223, Forwarded=101
[data_enhance_agent@localhost:5011] 12/06/2026 20:25:21.703 --> frame_id=5d4c4943-3a2 enhanced and forwarded.
[data_enhance_agent@localhost:5011] 12/06/2026 20:25:21.707 --> frame_id=b08a188b-c9a enhanced and forwarded.
CPU: [43.6, 41.0, 49.1, 43.0]
[predict_weight_agent@localhost:5013] 12/06/2026 20:25:21.862 --> [BATCH INFERENCE] Running full network on 6 frames for animal 15
[frame_selection_agent@localhost:5012] 12/06/2026 20:25:21.899 --> frame_id=1d909157-268 SUITABLE. Discarded=223, Forwarded=102
RAM: svmem(total=17002643456, available=8092008448, percent=52.4, used=8910635008, free=7005175808, active=9162080256, inactive=549273600, buffers=58916864, cached=1157480448, shared=14696448, slab=99942400)
[frame_selection_agent@localhost:5012] 12/06/2026 20:25:22.241 --> frame_id=54f3150f-8f4 DISCARDED (deleted from buffer). Discarded=224, Forwarded=102
[frame_selection_agent@localhost:5012] 12/06/2026 20:25:22.299 --> [BATCH READY] Sent animal_id=17 to Predict!
[data_enhance_agent@localhost:5011] 12/06/2026 20:25:22.331 --> frame_id=bf857a84-740 enhanced and forwarded.
CPU: [39.6, 35.7, 27.3, 29.3]
[data_enhance_agent@localhost:5011] 12/06/2026 20:25:22.879 --> frame_id=f368a27e-53b enhanced and forwarded.
[data_enhance_agent@localhost:5011] 12/06/2026 20:25:22.911 --> frame_id=256c95cf-80d enhanced and forwarded.
[data_enhance_agent@localhost:5011] 12/06/2026 20:25:22.976 --> frame_id=ea9d9191-dbe enhanced and forwarded.
RAM: svmem(total=17002643456, available=8205729792, percent=51.7, used=8796913664, free=7118897152, active=9046687744, inactive=549273600, buffers=58933248, cached=1157480448, shared=14696448, slab=99942400)
while handling timed call
Traceback (most recent call last):
  File "/home/ewertonsjp/.pyenv/versions/cv_vend_mas/lib/python3.12/site-packages/twisted/internet/base.py", line 1105, in runUntilCurrent
    call.func(*call.args, **call.kw)
  File "/home/ewertonsjp/projects/cv-system/mas/pade/core/new_ams.py", line 80, in on_time
    self.agent.agentInstance.table.pop(agent_name)
builtins.KeyError: 'capture_agent@localhost:5010'

[data_enhance_agent@localhost:5011] 12/06/2026 20:25:23.277 --> frame_id=d568eb36-81c enhanced and forwarded.
[data_enhance_agent@localhost:5011] 12/06/2026 20:25:23.297 --> frame_id=30dab8e7-180 enhanced and forwarded.
[data_enhance_agent@localhost:5011] 12/06/2026 20:25:23.728 --> frame_id=e22fb6c8-4c5 enhanced and forwarded.
[data_enhance_agent@localhost:5011] 12/06/2026 20:25:23.772 --> frame_id=5cd6f852-7d6 enhanced and forwarded.
[data_enhance_agent@localhost:5011] 12/06/2026 20:25:23.787 --> frame_id=db2fadde-637 enhanced and forwarded.
CPU: [38.0, 33.6, 36.4, 41.8]
RAM: svmem(total=17002643456, available=8207040512, percent=51.7, used=8795602944, free=7120207872, active=9046687744, inactive=549273600, buffers=58933248, cached=1157480448, shared=14696448, slab=99942400)
[frame_selection_agent@localhost:5012] 12/06/2026 20:25:24.387 --> frame_id=c05fd1ae-422 SUITABLE. Discarded=224, Forwarded=103
CPU: [53.0, 55.2, 54.5, 53.5]
RAM: svmem(total=17002643456, available=8212234240, percent=51.7, used=8790409216, free=7125401600, active=9046687744, inactive=549273600, buffers=58933248, cached=1157480448, shared=14696448, slab=99942400)
CPU: [43.6, 45.3, 46.0, 46.5]
RAM: svmem(total=17002643456, available=8172191744, percent=51.9, used=8830451712, free=7085342720, active=9113206784, inactive=549289984, buffers=58933248, cached=1157480448, shared=14696448, slab=99942400)
[frame_selection_agent@localhost:5012] 12/06/2026 20:25:26.763 --> frame_id=1a76a891-ca0 SUITABLE. Discarded=224, Forwarded=104
CPU: [49.0, 44.3, 51.0, 47.5]
[predict_weight_agent@localhost:5013] 12/06/2026 20:25:27.011 --> [FINAL] Animal 14 completed. Mean weight: 16.0062 kg
RAM: svmem(total=17002643456, available=8230633472, percent=51.6, used=8772009984, free=7143784448, active=9038757888, inactive=549289984, buffers=58933248, cached=1157480448, shared=14696448, slab=99942400)
[frame_selection_agent@localhost:5012] 12/06/2026 20:25:27.364 --> frame_id=51c35e2a-4c3 SUITABLE. Discarded=224, Forwarded=105
[frame_selection_agent@localhost:5012] 12/06/2026 20:25:27.533 --> frame_id=262de108-415 SUITABLE. Discarded=224, Forwarded=106
[frame_selection_agent@localhost:5012] 12/06/2026 20:25:27.575 --> frame_id=3f7bdc58-d62 SUITABLE. Discarded=224, Forwarded=107
[data_enhance_agent@localhost:5011] 12/06/2026 20:25:27.921 --> frame_id=18333802-1b7 enhanced and forwarded.
CPU: [47.6, 54.0, 51.9, 45.0]
RAM: svmem(total=17002643456, available=8179662848, percent=51.9, used=8822980608, free=7092797440, active=9078947840, inactive=549306368, buffers=58949632, cached=1157480448, shared=14696448, slab=99942400)
[data_enhance_agent@localhost:5011] 12/06/2026 20:25:28.298 --> frame_id=545abac3-e6c enhanced and forwarded.
CPU: [47.5, 47.5, 50.9, 52.8]
RAM: svmem(total=17002643456, available=8133705728, percent=52.2, used=8868937728, free=7046840320, active=9121611776, inactive=549306368, buffers=58949632, cached=1157480448, shared=14696448, slab=99942400)
[capture_agent@localhost:5010] 12/06/2026 20:25:29.543 --> [RESTART] Animal 28/100 entering scale.
CPU: [41.2, 39.1, 43.7, 41.2]
RAM: svmem(total=17002643456, available=8132231168, percent=52.2, used=8870412288, free=7045365760, active=9125576704, inactive=549306368, buffers=58949632, cached=1157480448, shared=14696448, slab=99909632)
CPU: [44.2, 44.6, 46.2, 44.0]
RAM: svmem(total=17002643456, available=8109129728, percent=52.3, used=8893513728, free=7022264320, active=9155035136, inactive=549306368, buffers=58949632, cached=1157480448, shared=14696448, slab=99909632)
[frame_selection_agent@localhost:5012] 12/06/2026 20:25:31.523 --> frame_id=746bcec6-e0b DISCARDED (deleted from buffer). Discarded=225, Forwarded=107
[data_enhance_agent@localhost:5011] 12/06/2026 20:25:31.850 --> frame_id=51b81618-4aa enhanced and forwarded.
CPU: [38.4, 42.1, 46.9, 44.0]
RAM: svmem(total=17002643456, available=8087748608, percent=52.4, used=8914894848, free=7000883200, active=9159327744, inactive=549306368, buffers=58949632, cached=1157480448, shared=14696448, slab=99909632)
[frame_selection_agent@localhost:5012] 12/06/2026 20:25:32.264 --> frame_id=c4b61750-e92 DISCARDED (deleted from buffer). Discarded=226, Forwarded=107
[frame_selection_agent@localhost:5012] 12/06/2026 20:25:32.297 --> frame_id=5999dd29-e30 DISCARDED (deleted from buffer). Discarded=227, Forwarded=107
[frame_selection_agent@localhost:5012] 12/06/2026 20:25:32.392 --> frame_id=b97d161b-c98 DISCARDED (deleted from buffer). Discarded=228, Forwarded=107
[data_enhance_agent@localhost:5011] 12/06/2026 20:25:32.733 --> frame_id=0803984d-cc8 enhanced and forwarded.
[data_enhance_agent@localhost:5011] 12/06/2026 20:25:33.092 --> frame_id=5a2d06ef-daf enhanced and forwarded.
CPU: [49.0, 43.1, 40.2, 48.5]
RAM: svmem(total=17002643456, available=8202846208, percent=51.8, used=8799797248, free=7115980800, active=9004908544, inactive=549306368, buffers=58949632, cached=1157480448, shared=14696448, slab=99909632)
[frame_selection_agent@localhost:5012] 12/06/2026 20:25:33.330 --> frame_id=7899e5f7-5e3 DISCARDED (deleted from buffer). Discarded=229, Forwarded=107
[data_enhance_agent@localhost:5011] 12/06/2026 20:25:33.748 --> frame_id=d792c895-8be enhanced and forwarded.
CPU: [40.2, 47.5, 49.0, 44.6]
RAM: svmem(total=17002643456, available=8207499264, percent=51.7, used=8795144192, free=7120633856, active=9004908544, inactive=549306368, buffers=58949632, cached=1157496832, shared=14696448, slab=99909632)
CPU: [38.3, 45.3, 37.6, 42.4]
RAM: svmem(total=17002643456, available=8218214400, percent=51.7, used=8784429056, free=7131348992, active=9004908544, inactive=549306368, buffers=58949632, cached=1157496832, shared=14696448, slab=99909632)
[frame_selection_agent@localhost:5012] 12/06/2026 20:25:35.618 --> frame_id=0debf743-dd2 DISCARDED (deleted from buffer). Discarded=230, Forwarded=107
[data_enhance_agent@localhost:5011] 12/06/2026 20:25:35.941 --> frame_id=b0875908-b9a enhanced and forwarded.
CPU: [41.7, 38.7, 32.4, 41.0]
RAM: svmem(total=17002643456, available=8209350656, percent=51.7, used=8793292800, free=7122468864, active=9034792960, inactive=549322752, buffers=58949632, cached=1157496832, shared=14696448, slab=99909632)
[frame_selection_agent@localhost:5012] 12/06/2026 20:25:36.549 --> frame_id=3734d354-06a DISCARDED (deleted from buffer). Discarded=231, Forwarded=107
[data_enhance_agent@localhost:5011] 12/06/2026 20:25:36.558 --> frame_id=d646509f-72f enhanced and forwarded.
[frame_selection_agent@localhost:5012] 12/06/2026 20:25:36.565 --> frame_id=82bee403-962 DISCARDED (deleted from buffer). Discarded=232, Forwarded=107
[data_enhance_agent@localhost:5011] 12/06/2026 20:25:36.832 --> frame_id=8fa2fe74-e0e enhanced and forwarded.
[data_enhance_agent@localhost:5011] 12/06/2026 20:25:36.924 --> frame_id=94f6e7f5-fd0 enhanced and forwarded.
[data_enhance_agent@localhost:5011] 12/06/2026 20:25:36.963 --> frame_id=b23905b1-2a7 enhanced and forwarded.
[data_enhance_agent@localhost:5011] 12/06/2026 20:25:37.097 --> frame_id=54dd18e9-c90 enhanced and forwarded.
[frame_selection_agent@localhost:5012] 12/06/2026 20:25:37.121 --> frame_id=402a56a6-fef DISCARDED (deleted from buffer). Discarded=233, Forwarded=107
[frame_selection_agent@localhost:5012] 12/06/2026 20:25:37.200 --> frame_id=42974d49-eb0 DISCARDED (deleted from buffer). Discarded=234, Forwarded=107
[frame_selection_agent@localhost:5012] 12/06/2026 20:25:37.209 --> [BATCH READY] Sent animal_id=18 to Predict!
CPU: [33.3, 39.4, 35.6, 29.6]
RAM: svmem(total=17002643456, available=8198520832, percent=51.8, used=8804122624, free=7111639040, active=9055109120, inactive=549322752, buffers=58949632, cached=1157496832, shared=14696448, slab=99909632)
[data_enhance_agent@localhost:5011] 12/06/2026 20:25:37.653 --> frame_id=619d7c2f-079 enhanced and forwarded.
[data_enhance_agent@localhost:5011] 12/06/2026 20:25:37.654 --> frame_id=d8084ebb-046 enhanced and forwarded.
RAM: svmem(total=17002643456, available=8155758592, percent=52.0, used=8846884864, free=7068876800, active=9112698880, inactive=549322752, buffers=58949632, cached=1157496832, shared=14696448, slab=99909632)
CPU: [50.0, 56.7, 49.5, 56.4]
RAM: svmem(total=17002643456, available=8147533824, percent=52.1, used=8855109632, free=7060652032, active=9123266560, inactive=549322752, buffers=58966016, cached=1157496832, shared=14696448, slab=99909632)
CPU: [41.2, 42.6, 44.1, 43.0]
RAM: svmem(total=17002643456, available=8136146944, percent=52.1, used=8866496512, free=7049248768, active=9140355072, inactive=549339136, buffers=58966016, cached=1157496832, shared=14696448, slab=99909632)
CPU: [40.8, 44.2, 41.8, 42.9]
[frame_selection_agent@localhost:5012] 12/06/2026 20:25:41.106 --> frame_id=382cfa4d-a62 SUITABLE. Discarded=234, Forwarded=108
RAM: svmem(total=17002643456, available=8116879360, percent=52.3, used=8885764096, free=7029981184, active=9143730176, inactive=549339136, buffers=58966016, cached=1157496832, shared=14696448, slab=99909632)
CPU: [47.0, 49.0, 45.5, 48.5]
[frame_selection_agent@localhost:5012] 12/06/2026 20:25:41.587 --> frame_id=2bcdfc08-7f3 SUITABLE. Discarded=234, Forwarded=109
[data_enhance_agent@localhost:5011] 12/06/2026 20:25:41.925 --> frame_id=764c7897-fa2 enhanced and forwarded.
[frame_selection_agent@localhost:5012] 12/06/2026 20:25:42.107 --> frame_id=1218611f-c6d SUITABLE. Discarded=234, Forwarded=110
[frame_selection_agent@localhost:5012] 12/06/2026 20:25:42.306 --> frame_id=1df74fe8-42a SUITABLE. Discarded=234, Forwarded=111
RAM: svmem(total=17002643456, available=8243445760, percent=51.5, used=8759197696, free=7156547584, active=9005072384, inactive=549339136, buffers=58966016, cached=1157496832, shared=14696448, slab=99909632)
CPU: [52.9, 44.2, 43.9, 44.7]
[frame_selection_agent@localhost:5012] 12/06/2026 20:25:42.618 --> frame_id=64d703b6-a47 SUITABLE. Discarded=234, Forwarded=112
[capture_agent@localhost:5010] 12/06/2026 20:25:42.776 --> [RESTART] Animal 29/100 entering scale.
[data_enhance_agent@localhost:5011] 12/06/2026 20:25:42.957 --> frame_id=3c3e519f-95c enhanced and forwarded.
while handling timed call
Traceback (most recent call last):
  File "/home/ewertonsjp/.pyenv/versions/cv_vend_mas/lib/python3.12/site-packages/twisted/internet/base.py", line 1105, in runUntilCurrent
    call.func(*call.args, **call.kw)
  File "/home/ewertonsjp/projects/cv-system/mas/pade/core/new_ams.py", line 80, in on_time
    self.agent.agentInstance.table.pop(agent_name)
builtins.KeyError: 'capture_agent@localhost:5010'

RAM: svmem(total=17002643456, available=8244101120, percent=51.5, used=8758542336, free=7157202944, active=9005072384, inactive=549339136, buffers=58966016, cached=1157496832, shared=14696448, slab=99909632)
CPU: [45.0, 55.6, 45.6, 40.6]
RAM: svmem(total=17002643456, available=8251670528, percent=51.5, used=8750972928, free=7164772352, active=9005072384, inactive=549339136, buffers=58966016, cached=1157496832, shared=14696448, slab=99909632)
CPU: [41.4, 41.2, 39.6, 43.0]
[frame_selection_agent@localhost:5012] 12/06/2026 20:25:45.290 --> frame_id=16ae95d6-530 SUITABLE. Discarded=234, Forwarded=113
[frame_selection_agent@localhost:5012] 12/06/2026 20:25:45.449 --> frame_id=501d61dc-d54 DISCARDED (deleted from buffer). Discarded=235, Forwarded=113
RAM: svmem(total=17002643456, available=8251949056, percent=51.5, used=8750694400, free=7165050880, active=9016672256, inactive=549339136, buffers=58966016, cached=1157496832, shared=14696448, slab=99909632)
[frame_selection_agent@localhost:5012] 12/06/2026 20:25:45.529 --> frame_id=28ebfad4-d96 DISCARDED (deleted from buffer). Discarded=236, Forwarded=113
CPU: [42.9, 46.9, 43.5, 43.4]
[frame_selection_agent@localhost:5012] 12/06/2026 20:25:45.754 --> frame_id=de7e087b-783 DISCARDED (deleted from buffer). Discarded=237, Forwarded=113
[frame_selection_agent@localhost:5012] 12/06/2026 20:25:46.129 --> frame_id=0e5d6095-abd DISCARDED (deleted from buffer). Discarded=238, Forwarded=113
[data_enhance_agent@localhost:5011] 12/06/2026 20:25:46.182 --> frame_id=6afe480d-8c1 enhanced and forwarded.
RAM: svmem(total=17002643456, available=8226652160, percent=51.6, used=8775991296, free=7139737600, active=9053814784, inactive=549355520, buffers=58982400, cached=1157496832, shared=14696448, slab=99926016)
[data_enhance_agent@localhost:5011] 12/06/2026 20:25:46.556 --> frame_id=75218cbe-548 enhanced and forwarded.
CPU: [39.0, 35.7, 47.0, 47.5]
[data_enhance_agent@localhost:5011] 12/06/2026 20:25:46.696 --> frame_id=f8fd157b-f16 enhanced and forwarded.
RAM: svmem(total=17002643456, available=8182661120, percent=51.9, used=8819982336, free=7095746560, active=9114501120, inactive=549355520, buffers=58982400, cached=1157496832, shared=14696448, slab=99926016)
CPU: [47.9, 50.0, 52.5, 51.5]
RAM: svmem(total=17002643456, available=8178237440, percent=51.9, used=8824406016, free=7091322880, active=9125855232, inactive=549355520, buffers=58982400, cached=1157496832, shared=14696448, slab=99926016)
CPU: [40.4, 43.1, 39.2, 39.2]
RAM: svmem(total=17002643456, available=8153415680, percent=52.0, used=8849227776, free=7066501120, active=9145663488, inactive=549355520, buffers=58982400, cached=1157496832, shared=14696448, slab=99926016)
CPU: [39.8, 41.5, 44.0, 41.4]
[frame_selection_agent@localhost:5012] 12/06/2026 20:25:49.952 --> frame_id=2b787ae0-0aa DISCARDED (deleted from buffer). Discarded=239, Forwarded=113
RAM: svmem(total=17002643456, available=8138391552, percent=52.1, used=8864251904, free=7051476992, active=9144107008, inactive=549355520, buffers=58982400, cached=1157496832, shared=14696448, slab=99926016)
[frame_selection_agent@localhost:5012] 12/06/2026 20:25:50.658 --> frame_id=a3af9df6-bde DISCARDED (deleted from buffer). Discarded=240, Forwarded=113
CPU: [45.5, 45.9, 48.0, 48.0]
[frame_selection_agent@localhost:5012] 12/06/2026 20:25:50.808 --> frame_id=5d6f59fb-db3 DISCARDED (deleted from buffer). Discarded=241, Forwarded=113
[frame_selection_agent@localhost:5012] 12/06/2026 20:25:51.554 --> frame_id=7cee1118-3db DISCARDED (deleted from buffer). Discarded=242, Forwarded=113
[frame_selection_agent@localhost:5012] 12/06/2026 20:25:51.573 --> frame_id=31e096da-33e DISCARDED (deleted from buffer). Discarded=243, Forwarded=113
RAM: svmem(total=17002643456, available=8256962560, percent=51.4, used=8745680896, free=7170048000, active=9005187072, inactive=549355520, buffers=58998784, cached=1157496832, shared=14696448, slab=99926016)
CPU: [50.0, 50.0, 50.5, 49.5]
RAM: svmem(total=17002643456, available=8256700416, percent=51.4, used=8745943040, free=7169785856, active=9005187072, inactive=549355520, buffers=58998784, cached=1157496832, shared=14696448, slab=99926016)
CPU: [46.5, 47.5, 47.1, 42.7]
RAM: svmem(total=17002643456, available=8262647808, percent=51.4, used=8739995648, free=7175733248, active=9005187072, inactive=549355520, buffers=58998784, cached=1157496832, shared=14696448, slab=99926016)
CPU: [41.6, 43.7, 46.7, 46.2]
[frame_selection_agent@localhost:5012] 12/06/2026 20:25:53.822 --> frame_id=f461adda-523 DISCARDED (deleted from buffer). Discarded=244, Forwarded=113
[frame_selection_agent@localhost:5012] 12/06/2026 20:25:53.993 --> frame_id=77247027-480 DISCARDED (deleted from buffer). Discarded=245, Forwarded=113
[frame_selection_agent@localhost:5012] 12/06/2026 20:25:54.245 --> frame_id=53088417-452 DISCARDED (deleted from buffer). Discarded=246, Forwarded=113
[frame_selection_agent@localhost:5012] 12/06/2026 20:25:54.285 --> frame_id=9831742c-5fa DISCARDED (deleted from buffer). Discarded=247, Forwarded=113
[frame_selection_agent@localhost:5012] 12/06/2026 20:25:54.347 --> frame_id=a972b6af-5c8 DISCARDED (deleted from buffer). Discarded=248, Forwarded=113
[frame_selection_agent@localhost:5012] 12/06/2026 20:25:54.350 --> [BATCH READY] Sent animal_id=19 to Predict!
RAM: svmem(total=17002643456, available=8259059712, percent=51.4, used=8743583744, free=7172112384, active=9018048512, inactive=549371904, buffers=58998784, cached=1157529600, shared=14696448, slab=99991552)
[data_enhance_agent@localhost:5011] 12/06/2026 20:25:54.753 --> frame_id=e77ae2e8-d84 enhanced and forwarded.
CPU: [47.4, 46.5, 47.5, 52.5]
RAM: svmem(total=17002643456, available=8054341632, percent=52.6, used=8948301824, free=6967394304, active=9196453888, inactive=549371904, buffers=58998784, cached=1157529600, shared=14696448, slab=99991552)
CPU: [70.5, 68.6, 68.3, 68.3]
[capture_agent@localhost:5010] 12/06/2026 20:25:55.936 --> [RESTART] Animal 30/100 entering scale.
RAM: svmem(total=17002643456, available=7835615232, percent=53.9, used=9167028224, free=6748667904, active=9446817792, inactive=549371904, buffers=58998784, cached=1157529600, shared=14696448, slab=99991552)
CPU: [45.7, 51.9, 49.0, 51.0]
RAM: svmem(total=17002643456, available=7712243712, percent=54.6, used=9290399744, free=6625296384, active=9556033536, inactive=549371904, buffers=58998784, cached=1157529600, shared=14696448, slab=99991552)
CPU: [47.1, 44.2, 45.4, 50.0]
RAM: svmem(total=17002643456, available=7404552192, percent=56.5, used=9598091264, free=6317604864, active=9798352896, inactive=549371904, buffers=58998784, cached=1157529600, shared=14696448, slab=99991552)
[frame_selection_agent@localhost:5012] 12/06/2026 20:25:58.875 --> frame_id=68f505c0-3f8 SUITABLE. Discarded=248, Forwarded=114
CPU: [50.0, 50.5, 53.0, 51.0]
[frame_selection_agent@localhost:5012] 12/06/2026 20:25:59.427 --> frame_id=adbe8bb9-141 SUITABLE. Discarded=248, Forwarded=115
[frame_selection_agent@localhost:5012] 12/06/2026 20:25:59.499 --> frame_id=c1542430-6c6 SUITABLE. Discarded=248, Forwarded=116
RAM: svmem(total=17002643456, available=7193985024, percent=57.7, used=9808658432, free=6107037696, active=10036396032, inactive=549371904, buffers=58998784, cached=1157529600, shared=14696448, slab=100073472)
CPU: [51.4, 53.1, 53.5, 51.6]
[frame_selection_agent@localhost:5012] 12/06/2026 20:25:59.976 --> frame_id=de585096-974 SUITABLE. Discarded=248, Forwarded=117
[frame_selection_agent@localhost:5012] 12/06/2026 20:26:00.156 --> frame_id=d953bd4a-f66 SUITABLE. Discarded=248, Forwarded=118
RAM: svmem(total=17002643456, available=7142637568, percent=58.0, used=9860005888, free=6055690240, active=9981296640, inactive=549371904, buffers=58998784, cached=1157529600, shared=14696448, slab=99958784)
CPU: [29.3, 37.8, 31.1, 34.7]
[data_enhance_agent@localhost:5011] 12/06/2026 20:26:01.414 --> frame_id=eca1db75-07e enhanced and forwarded.
[data_enhance_agent@localhost:5011] 12/06/2026 20:26:01.463 --> frame_id=f240ffa4-d23 enhanced and forwarded.
[data_enhance_agent@localhost:5011] 12/06/2026 20:26:01.501 --> frame_id=1ffe0f8d-b0b enhanced and forwarded.
[data_enhance_agent@localhost:5011] 12/06/2026 20:26:01.509 --> frame_id=c9481041-bae enhanced and forwarded.
[data_enhance_agent@localhost:5011] 12/06/2026 20:26:01.518 --> frame_id=c615fc85-448 enhanced and forwarded.
RAM: svmem(total=17002643456, available=7142637568, percent=58.0, used=9860005888, free=6055690240, active=9981296640, inactive=549371904, buffers=58998784, cached=1157529600, shared=14696448, slab=99958784)
[frame_selection_agent@localhost:5012] 12/06/2026 20:26:01.983 --> [SYNC] Expected 19 frames for animal 25
CPU: [43.0, 32.0, 35.0, 36.3]
[predict_weight_agent@localhost:5013] 12/06/2026 20:26:02.073 --> [BATCH INFERENCE] Running full network on 6 frames for animal 16
[frame_selection_agent@localhost:5012] 12/06/2026 20:26:02.521 --> [SYNC] Expected 19 frames for animal 26
[data_enhance_agent@localhost:5011] 12/06/2026 20:26:02.844 --> frame_id=b41eee97-167 enhanced and forwarded.
[data_enhance_agent@localhost:5011] 12/06/2026 20:26:02.854 --> frame_id=75a8c847-863 enhanced and forwarded.
[data_enhance_agent@localhost:5011] 12/06/2026 20:26:02.864 --> frame_id=a79219d4-a6c enhanced and forwarded.
[data_enhance_agent@localhost:5011] 12/06/2026 20:26:02.873 --> frame_id=574d73fb-e60 enhanced and forwarded.
RAM: svmem(total=17002643456, available=7147536384, percent=58.0, used=9855107072, free=6060605440, active=9981296640, inactive=549371904, buffers=58998784, cached=1157496832, shared=14696448, slab=99926016)
[data_enhance_agent@localhost:5011] 12/06/2026 20:26:02.904 --> frame_id=cb50b412-1c8 enhanced and forwarded.
CPU: [40.4, 62.2, 38.4, 43.1]
[data_enhance_agent@localhost:5011] 12/06/2026 20:26:03.189 --> frame_id=e0fc1bd5-2c6 enhanced and forwarded.
while handling timed call
Traceback (most recent call last):
  File "/home/ewertonsjp/.pyenv/versions/cv_vend_mas/lib/python3.12/site-packages/twisted/internet/base.py", line 1105, in runUntilCurrent
    call.func(*call.args, **call.kw)
  File "/home/ewertonsjp/projects/cv-system/mas/pade/core/new_ams.py", line 80, in on_time
    self.agent.agentInstance.table.pop(agent_name)
builtins.KeyError: 'capture_agent@localhost:5010'

[data_enhance_agent@localhost:5011] 12/06/2026 20:26:03.284 --> frame_id=596bb78a-eb8 enhanced and forwarded.
[data_enhance_agent@localhost:5011] 12/06/2026 20:26:03.598 --> frame_id=54f9d922-51e enhanced and forwarded.
RAM: svmem(total=17002643456, available=7139753984, percent=58.0, used=9862889472, free=6052823040, active=10013622272, inactive=549371904, buffers=58998784, cached=1157496832, shared=14696448, slab=99926016)
[frame_selection_agent@localhost:5012] 12/06/2026 20:26:04.047 --> frame_id=a59592d5-7d1 SUITABLE. Discarded=248, Forwarded=119
CPU: [43.4, 48.6, 37.0, 42.7]
[frame_selection_agent@localhost:5012] 12/06/2026 20:26:04.264 --> frame_id=83ee9a03-69e DISCARDED (deleted from buffer). Discarded=249, Forwarded=119
[data_enhance_agent@localhost:5011] 12/06/2026 20:26:04.358 --> frame_id=464753ef-36d enhanced and forwarded.
[data_enhance_agent@localhost:5011] 12/06/2026 20:26:04.627 --> frame_id=cbf3e1f0-5f2 enhanced and forwarded.
[frame_selection_agent@localhost:5012] 12/06/2026 20:26:04.778 --> frame_id=1d3fcf78-9ab DISCARDED (deleted from buffer). Discarded=250, Forwarded=119
[frame_selection_agent@localhost:5012] 12/06/2026 20:26:04.790 --> frame_id=09da355b-96b DISCARDED (deleted from buffer). Discarded=251, Forwarded=119
RAM: svmem(total=17002643456, available=7081558016, percent=58.4, used=9921085440, free=5994594304, active=10107518976, inactive=549404672, buffers=59015168, cached=1157513216, shared=14696448, slab=99926016)
CPU: [50.5, 51.5, 46.0, 43.6]
[predict_weight_agent@localhost:5013] 12/06/2026 20:26:05.746 --> [FINAL] Animal 15 completed. Mean weight: 16.0062 kg
RAM: svmem(total=17002643456, available=7098155008, percent=58.3, used=9904488448, free=6011191296, active=10048225280, inactive=549404672, buffers=59015168, cached=1157513216, shared=14696448, slab=99926016)
CPU: [51.5, 52.5, 54.5, 52.0]
RAM: svmem(total=17002643456, available=7079575552, percent=58.4, used=9923067904, free=5992611840, active=10099015680, inactive=549404672, buffers=59015168, cached=1157513216, shared=14696448, slab=99926016)
CPU: [44.4, 45.9, 43.9, 47.1]
RAM: svmem(total=17002643456, available=7067795456, percent=58.4, used=9934848000, free=5980831744, active=10128605184, inactive=549404672, buffers=59015168, cached=1157513216, shared=14696448, slab=99926016)
CPU: [33.3, 57.7, 32.0, 30.6]
[capture_agent@localhost:5010] 12/06/2026 20:26:08.970 --> [RESTART] Animal 31/100 entering scale.
RAM: svmem(total=17002643456, available=7070646272, percent=58.4, used=9931997184, free=5983682560, active=10129539072, inactive=549404672, buffers=59015168, cached=1157513216, shared=14696448, slab=99926016)
CPU: [45.5, 44.4, 42.9, 47.1]
RAM: svmem(total=17002643456, available=7071678464, percent=58.4, used=9930964992, free=5984714752, active=10130554880, inactive=549404672, buffers=59015168, cached=1157513216, shared=14696448, slab=99926016)
CPU: [39.6, 40.2, 43.1, 43.4]
[frame_selection_agent@localhost:5012] 12/06/2026 20:26:10.939 --> frame_id=e94433be-7e5 DISCARDED (deleted from buffer). Discarded=252, Forwarded=119
RAM: svmem(total=17002643456, available=7047839744, percent=58.5, used=9954803712, free=5960859648, active=10182983680, inactive=549421056, buffers=59031552, cached=1157513216, shared=14696448, slab=99926016)
[data_enhance_agent@localhost:5011] 12/06/2026 20:26:11.242 --> frame_id=1c2163aa-e0e enhanced and forwarded.
[frame_selection_agent@localhost:5012] 12/06/2026 20:26:11.247 --> frame_id=0dd17738-a4e DISCARDED (deleted from buffer). Discarded=253, Forwarded=119
CPU: [36.0, 38.8, 44.9, 41.6]
[frame_selection_agent@localhost:5012] 12/06/2026 20:26:11.797 --> frame_id=4b08cf00-9e6 DISCARDED (deleted from buffer). Discarded=254, Forwarded=119
[frame_selection_agent@localhost:5012] 12/06/2026 20:26:11.801 --> frame_id=0f696a8c-819 DISCARDED (deleted from buffer). Discarded=255, Forwarded=119
RAM: svmem(total=17002643456, available=7107821568, percent=58.2, used=9894821888, free=6020841472, active=10091855872, inactive=549421056, buffers=59031552, cached=1157513216, shared=14696448, slab=99926016)
[data_enhance_agent@localhost:5011] 12/06/2026 20:26:12.304 --> frame_id=87dcb661-ab1 enhanced and forwarded.
[data_enhance_agent@localhost:5011] 12/06/2026 20:26:12.306 --> frame_id=e75847ab-712 enhanced and forwarded.
CPU: [39.6, 36.9, 33.7, 38.5]
[data_enhance_agent@localhost:5011] 12/06/2026 20:26:12.538 --> frame_id=7f79ce8e-2d4 enhanced and forwarded.
[data_enhance_agent@localhost:5011] 12/06/2026 20:26:12.552 --> frame_id=b9de6861-270 enhanced and forwarded.
[frame_selection_agent@localhost:5012] 12/06/2026 20:26:13.075 --> frame_id=b140ec18-215 DISCARDED (deleted from buffer). Discarded=256, Forwarded=119
RAM: svmem(total=17002643456, available=7149158400, percent=58.0, used=9853485056, free=6062178304, active=10064117760, inactive=549421056, buffers=59031552, cached=1157513216, shared=14696448, slab=99926016)
[data_enhance_agent@localhost:5011] 12/06/2026 20:26:13.195 --> frame_id=1423513a-553 enhanced and forwarded.
CPU: [60.6, 60.2, 61.5, 59.8]
[frame_selection_agent@localhost:5012] 12/06/2026 20:26:13.435 --> frame_id=171454b0-6dc DISCARDED (deleted from buffer). Discarded=257, Forwarded=119
[frame_selection_agent@localhost:5012] 12/06/2026 20:26:13.749 --> frame_id=178ba655-6f5 DISCARDED (deleted from buffer). Discarded=258, Forwarded=119
RAM: svmem(total=17002643456, available=7153975296, percent=57.9, used=9848668160, free=6066995200, active=10064117760, inactive=549421056, buffers=59031552, cached=1157513216, shared=14696448, slab=99926016)
[data_enhance_agent@localhost:5011] 12/06/2026 20:26:14.151 --> frame_id=73310cac-067 enhanced and forwarded.
[data_enhance_agent@localhost:5011] 12/06/2026 20:26:14.225 --> frame_id=d68a57b3-cf3 enhanced and forwarded.
CPU: [38.6, 45.9, 37.0, 45.8]
[data_enhance_agent@localhost:5011] 12/06/2026 20:26:14.566 --> frame_id=02c7a49e-ec2 enhanced and forwarded.
[frame_selection_agent@localhost:5012] 12/06/2026 20:26:14.615 --> frame_id=6474051b-d84 DISCARDED (deleted from buffer). Discarded=259, Forwarded=119
[data_enhance_agent@localhost:5011] 12/06/2026 20:26:14.799 --> frame_id=bd7036b7-13f enhanced and forwarded.
[data_enhance_agent@localhost:5011] 12/06/2026 20:26:14.997 --> frame_id=3e72d942-ff4 enhanced and forwarded.
[data_enhance_agent@localhost:5011] 12/06/2026 20:26:15.084 --> frame_id=ff274c11-b7b enhanced and forwarded.
RAM: svmem(total=17002643456, available=7164428288, percent=57.9, used=9838215168, free=6077448192, active=10064117760, inactive=549421056, buffers=59031552, cached=1157513216, shared=14696448, slab=99926016)
[frame_selection_agent@localhost:5012] 12/06/2026 20:26:15.155 --> frame_id=37328444-678 DISCARDED (deleted from buffer). Discarded=260, Forwarded=119
[data_enhance_agent@localhost:5011] 12/06/2026 20:26:15.253 --> frame_id=f76d842b-00a enhanced and forwarded.
CPU: [29.8, 47.1, 49.5, 27.7]
[data_enhance_agent@localhost:5011] 12/06/2026 20:26:15.574 --> frame_id=85d97bdf-4ef enhanced and forwarded.
[data_enhance_agent@localhost:5011] 12/06/2026 20:26:16.118 --> frame_id=91a7a76d-082 enhanced and forwarded.
RAM: svmem(total=17002643456, available=7168245760, percent=57.8, used=9834397696, free=6081265664, active=10064117760, inactive=549421056, buffers=59047936, cached=1157513216, shared=14696448, slab=99926016)
[data_enhance_agent@localhost:5011] 12/06/2026 20:26:16.288 --> frame_id=5847322d-1e0 enhanced and forwarded.
CPU: [57.8, 41.4, 34.4, 37.1]
[frame_selection_agent@localhost:5012] 12/06/2026 20:26:16.549 --> frame_id=e6b288de-326 DISCARDED (deleted from buffer). Discarded=261, Forwarded=119
[data_enhance_agent@localhost:5011] 12/06/2026 20:26:16.800 --> frame_id=c205e62f-9e1 enhanced and forwarded.
RAM: svmem(total=17002643456, available=7271104512, percent=57.2, used=9731538944, free=6184108032, active=10003333120, inactive=549437440, buffers=59047936, cached=1157513216, shared=14696448, slab=99926016)
[data_enhance_agent@localhost:5011] 12/06/2026 20:26:17.196 --> frame_id=ac9163bb-839 enhanced and forwarded.
[data_enhance_agent@localhost:5011] 12/06/2026 20:26:17.241 --> frame_id=d47b5972-847 enhanced and forwarded.
CPU: [44.6, 26.0, 35.6, 34.7]
[data_enhance_agent@localhost:5011] 12/06/2026 20:26:17.677 --> frame_id=12026040-90e enhanced and forwarded.
[data_enhance_agent@localhost:5011] 12/06/2026 20:26:17.716 --> frame_id=1318a6a8-cca enhanced and forwarded.
[data_enhance_agent@localhost:5011] 12/06/2026 20:26:18.141 --> frame_id=0cf4558d-886 enhanced and forwarded.
RAM: svmem(total=17002643456, available=7257636864, percent=57.3, used=9745006592, free=6170640384, active=10029236224, inactive=549437440, buffers=59047936, cached=1157513216, shared=14696448, slab=99926016)
[data_enhance_agent@localhost:5011] 12/06/2026 20:26:18.220 --> frame_id=55858c05-717 enhanced and forwarded.
[data_enhance_agent@localhost:5011] 12/06/2026 20:26:18.523 --> frame_id=37407a8b-9f7 enhanced and forwarded.
CPU: [35.0, 40.4, 33.7, 46.3]
[data_enhance_agent@localhost:5011] 12/06/2026 20:26:18.602 --> frame_id=c2af1acb-394 enhanced and forwarded.
[data_enhance_agent@localhost:5011] 12/06/2026 20:26:19.004 --> frame_id=d848d89a-6f1 enhanced and forwarded.
RAM: svmem(total=17002643456, available=7243137024, percent=57.4, used=9759506432, free=6156140544, active=10049552384, inactive=549437440, buffers=59047936, cached=1157513216, shared=14696448, slab=99926016)
[data_enhance_agent@localhost:5011] 12/06/2026 20:26:19.341 --> frame_id=4a46bfad-a2c enhanced and forwarded.
CPU: [41.3, 42.0, 35.0, 50.0]
[data_enhance_agent@localhost:5011] 12/06/2026 20:26:19.693 --> frame_id=ca6fb626-ac7 enhanced and forwarded.
[data_enhance_agent@localhost:5011] 12/06/2026 20:26:20.059 --> frame_id=efb5be2f-859 enhanced and forwarded.
RAM: svmem(total=17002643456, available=7217823744, percent=57.5, used=9784819712, free=6130827264, active=10070622208, inactive=549437440, buffers=59047936, cached=1157513216, shared=14696448, slab=99926016)
[data_enhance_agent@localhost:5011] 12/06/2026 20:26:20.389 --> frame_id=2f7fcd0f-34d enhanced and forwarded.
CPU: [37.6, 42.7, 49.5, 38.8]
[data_enhance_agent@localhost:5011] 12/06/2026 20:26:20.758 --> frame_id=2d618b8d-680 enhanced and forwarded.
[data_enhance_agent@localhost:5011] 12/06/2026 20:26:21.107 --> frame_id=1cb1e722-e1e enhanced and forwarded.
RAM: svmem(total=17002643456, available=7122223104, percent=58.1, used=9880420352, free=6035226624, active=10168025088, inactive=549437440, buffers=59047936, cached=1157513216, shared=14696448, slab=99926016)
CPU: [36.1, 41.4, 35.4, 50.5]
[data_enhance_agent@localhost:5011] 12/06/2026 20:26:21.790 --> frame_id=63f7a220-551 enhanced and forwarded.
[capture_agent@localhost:5010] 12/06/2026 20:26:22.136 --> [RESTART] Animal 32/100 entering scale.
RAM: svmem(total=17002643456, available=7122206720, percent=58.1, used=9880436736, free=6035226624, active=10168025088, inactive=549437440, buffers=59064320, cached=1157496832, shared=14696448, slab=99909632)
[data_enhance_agent@localhost:5011] 12/06/2026 20:26:22.559 --> frame_id=87b4df7b-b3c enhanced and forwarded.
CPU: [43.4, 40.0, 43.6, 44.2]
[predict_weight_agent@localhost:5013] 12/06/2026 20:26:23.114 --> [BATCH INFERENCE] Running full network on 6 frames for animal 17
[frame_selection_agent@localhost:5012] 12/06/2026 20:26:23.228 --> [SYNC] Expected 20 frames for animal 27
RAM: svmem(total=17002643456, available=7075004416, percent=58.4, used=9927639040, free=5988024320, active=10207690752, inactive=549453824, buffers=59064320, cached=1157447680, shared=14696448, slab=99860480)
while handling timed call
Traceback (most recent call last):
  File "/home/ewertonsjp/.pyenv/versions/cv_vend_mas/lib/python3.12/site-packages/twisted/internet/base.py", line 1105, in runUntilCurrent
    call.func(*call.args, **call.kw)
  File "/home/ewertonsjp/projects/cv-system/mas/pade/core/new_ams.py", line 80, in on_time
    self.agent.agentInstance.table.pop(agent_name)
builtins.KeyError: 'capture_agent@localhost:5010'

CPU: [49.0, 48.0, 45.3, 47.5]
RAM: svmem(total=17002643456, available=6900039680, percent=59.4, used=10102603776, free=5813059584, active=10355523584, inactive=549453824, buffers=59064320, cached=1157447680, shared=14696448, slab=99860480)
[frame_selection_agent@localhost:5012] 12/06/2026 20:26:24.324 --> frame_id=44171ea3-e01 DISCARDED (deleted from buffer). Discarded=262, Forwarded=119
[frame_selection_agent@localhost:5012] 12/06/2026 20:26:24.337 --> [BATCH READY] Sent animal_id=20 to Predict!
[frame_selection_agent@localhost:5012] 12/06/2026 20:26:24.499 --> frame_id=11e8ea40-516 SUITABLE. Discarded=262, Forwarded=120
CPU: [50.0, 48.1, 48.0, 49.0]
[frame_selection_agent@localhost:5012] 12/06/2026 20:26:24.697 --> frame_id=0f45b80b-e56 SUITABLE. Discarded=262, Forwarded=121
[frame_selection_agent@localhost:5012] 12/06/2026 20:26:24.802 --> frame_id=8b797423-f51 SUITABLE. Discarded=262, Forwarded=122
[predict_weight_agent@localhost:5013] 12/06/2026 20:26:25.233 --> [FINAL] Animal 16 completed. Mean weight: 16.0062 kg
RAM: svmem(total=17002643456, available=6839992320, percent=59.8, used=10162651136, free=5753012224, active=10319282176, inactive=549453824, buffers=59064320, cached=1157447680, shared=14696448, slab=99860480)
CPU: [46.4, 48.5, 49.0, 53.6]
[data_enhance_agent@localhost:5011] 12/06/2026 20:26:26.001 --> frame_id=0f99901c-0ea enhanced and forwarded.
RAM: svmem(total=17002643456, available=7023509504, percent=58.7, used=9979133952, free=5936529408, active=10128310272, inactive=549453824, buffers=59064320, cached=1157447680, shared=14696448, slab=99942400)
[frame_selection_agent@localhost:5012] 12/06/2026 20:26:26.566 --> frame_id=58da45af-5cc SUITABLE. Discarded=262, Forwarded=123
[frame_selection_agent@localhost:5012] 12/06/2026 20:26:26.568 --> frame_id=713ab339-18a SUITABLE. Discarded=262, Forwarded=124
CPU: [48.5, 48.5, 51.0, 48.5]
[frame_selection_agent@localhost:5012] 12/06/2026 20:26:26.937 --> frame_id=612e39a9-a27 SUITABLE. Discarded=262, Forwarded=125
RAM: svmem(total=17002643456, available=7029899264, percent=58.7, used=9972744192, free=5942935552, active=10128310272, inactive=549453824, buffers=59080704, cached=1157431296, shared=14696448, slab=99926016)
[frame_selection_agent@localhost:5012] 12/06/2026 20:26:27.499 --> [SYNC] Expected 20 frames for animal 28
CPU: [49.5, 50.0, 50.9, 49.5]
RAM: svmem(total=17002643456, available=7017594880, percent=58.7, used=9985048576, free=5930614784, active=10158030848, inactive=549470208, buffers=59080704, cached=1157431296, shared=14696448, slab=99926016)
[frame_selection_agent@localhost:5012] 12/06/2026 20:26:28.419 --> frame_id=b29fcba8-05a DISCARDED (deleted from buffer). Discarded=263, Forwarded=125
CPU: [43.2, 47.1, 46.4, 44.2]
RAM: svmem(total=17002643456, available=7076986880, percent=58.4, used=9925656576, free=5990006784, active=10141483008, inactive=549470208, buffers=59080704, cached=1157431296, shared=14696448, slab=99909632)
CPU: [45.0, 44.0, 43.7, 46.4]
RAM: svmem(total=17002643456, available=7073923072, percent=58.4, used=9928720384, free=5986942976, active=10155622400, inactive=549470208, buffers=59080704, cached=1157431296, shared=14696448, slab=99909632)
[frame_selection_agent@localhost:5012] 12/06/2026 20:26:30.625 --> frame_id=349656d1-5b4 DISCARDED (deleted from buffer). Discarded=264, Forwarded=125
CPU: [43.4, 37.8, 40.4, 42.6]
[data_enhance_agent@localhost:5011] 12/06/2026 20:26:30.956 --> frame_id=b0cd348f-901 enhanced and forwarded.
RAM: svmem(total=17002643456, available=7074840576, percent=58.4, used=9927802880, free=5987860480, active=10156015616, inactive=549470208, buffers=59080704, cached=1157431296, shared=14696448, slab=99909632)
CPU: [49.1, 46.0, 48.5, 47.1]
RAM: svmem(total=17002643456, available=7068598272, percent=58.4, used=9934045184, free=5981618176, active=10174922752, inactive=549470208, buffers=59080704, cached=1157431296, shared=14696448, slab=99909632)
[frame_selection_agent@localhost:5012] 12/06/2026 20:26:32.845 --> frame_id=65a501a9-36e DISCARDED (deleted from buffer). Discarded=265, Forwarded=125
CPU: [41.3, 43.0, 42.9, 40.0]
[frame_selection_agent@localhost:5012] 12/06/2026 20:26:32.944 --> frame_id=70a16b3b-e91 DISCARDED (deleted from buffer). Discarded=266, Forwarded=125
[data_enhance_agent@localhost:5011] 12/06/2026 20:26:33.242 --> frame_id=c0c683a4-d8f enhanced and forwarded.
[frame_selection_agent@localhost:5012] 12/06/2026 20:26:33.307 --> frame_id=5af4cb89-8ca DISCARDED (deleted from buffer). Discarded=267, Forwarded=125
RAM: svmem(total=17002643456, available=7095500800, percent=58.3, used=9907142656, free=6008504320, active=10168778752, inactive=549486592, buffers=59097088, cached=1157431296, shared=14696448, slab=99909632)
[frame_selection_agent@localhost:5012] 12/06/2026 20:26:33.628 --> frame_id=07e4a3d2-f00 DISCARDED (deleted from buffer). Discarded=268, Forwarded=125
[data_enhance_agent@localhost:5011] 12/06/2026 20:26:33.777 --> frame_id=4cdab3ca-72f enhanced and forwarded.
CPU: [45.9, 37.9, 49.0, 52.4]
[frame_selection_agent@localhost:5012] 12/06/2026 20:26:34.074 --> frame_id=f778b838-cc3 DISCARDED (deleted from buffer). Discarded=269, Forwarded=125
RAM: svmem(total=17002643456, available=7062929408, percent=58.5, used=9939714048, free=5975916544, active=10210787328, inactive=549502976, buffers=59097088, cached=1157447680, shared=14696448, slab=99909632)[data_enhance_agent@localhost:5011] 12/06/2026 20:26:34.429 --> frame_id=e0884586-88f enhanced and forwarded.

CPU: [63.7, 64.8, 66.3, 61.2]
[frame_selection_agent@localhost:5012] 12/06/2026 20:26:35.084 --> frame_id=8fe50be4-6e0 DISCARDED (deleted from buffer). Discarded=270, Forwarded=125
[capture_agent@localhost:5010] 12/06/2026 20:26:35.312 --> [RESTART] Animal 33/100 entering scale.
RAM: svmem(total=17002643456, available=6821593088, percent=59.9, used=10181050368, free=5734580224, active=10446651392, inactive=549502976, buffers=59097088, cached=1157447680, shared=14696448, slab=99909632)
[frame_selection_agent@localhost:5012] 12/06/2026 20:26:35.592 --> frame_id=8d5dea24-3f6 DISCARDED (deleted from buffer). Discarded=271, Forwarded=125
[data_enhance_agent@localhost:5011] 12/06/2026 20:26:35.619 --> frame_id=aff8a69b-845 enhanced and forwarded.
CPU: [47.5, 38.7, 44.9, 42.9]
[frame_selection_agent@localhost:5012] 12/06/2026 20:26:36.030 --> frame_id=edf84142-bdc DISCARDED (deleted from buffer). Discarded=272, Forwarded=125
[data_enhance_agent@localhost:5011] 12/06/2026 20:26:36.032 --> frame_id=53e93240-18d enhanced and forwarded.
[data_enhance_agent@localhost:5011] 12/06/2026 20:26:36.196 --> frame_id=fa665212-633 enhanced and forwarded.
[data_enhance_agent@localhost:5011] 12/06/2026 20:26:36.493 --> frame_id=0aca5546-375 enhanced and forwarded.
RAM: svmem(total=17002643456, available=6789152768, percent=60.1, used=10213490688, free=5702139904, active=10492297216, inactive=549502976, buffers=59097088, cached=1157447680, shared=14696448, slab=99909632)
[data_enhance_agent@localhost:5011] 12/06/2026 20:26:36.517 --> frame_id=ae701da4-a32 enhanced and forwarded.
[data_enhance_agent@localhost:5011] 12/06/2026 20:26:36.821 --> frame_id=4feff2cb-6e0 enhanced and forwarded.
[data_enhance_agent@localhost:5011] 12/06/2026 20:26:36.959 --> frame_id=842ee12d-b59 enhanced and forwarded.
CPU: [34.0, 28.4, 28.7, 37.1]
[data_enhance_agent@localhost:5011] 12/06/2026 20:26:37.008 --> frame_id=db091ede-1d4 enhanced and forwarded.
[data_enhance_agent@localhost:5011] 12/06/2026 20:26:37.235 --> frame_id=b60bd4b9-557 enhanced and forwarded.
RAM: svmem(total=17002643456, available=6743687168, percent=60.3, used=10258956288, free=5656674304, active=10534731776, inactive=549502976, buffers=59097088, cached=1157447680, shared=14696448, slab=99909632)
CPU: [58.7, 47.9, 50.0, 45.8]
[frame_selection_agent@localhost:5012] 12/06/2026 20:26:38.102 --> frame_id=d713f0fe-991 DISCARDED (deleted from buffer). Discarded=273, Forwarded=125
[data_enhance_agent@localhost:5011] 12/06/2026 20:26:38.502 --> frame_id=a308915f-78b enhanced and forwarded.
RAM: svmem(total=17002643456, available=6587383808, percent=61.3, used=10415259648, free=5500370944, active=10678697984, inactive=549502976, buffers=59097088, cached=1157447680, shared=14696448, slab=99909632)
CPU: [48.5, 47.0, 49.0, 55.6]
RAM: svmem(total=17002643456, available=6363004928, percent=62.6, used=10639638528, free=5275992064, active=10869260288, inactive=549502976, buffers=59097088, cached=1157447680, shared=14696448, slab=99909632)
CPU: [47.9, 52.0, 50.0, 52.0]
RAM: svmem(total=17002643456, available=6174015488, percent=63.7, used=10828627968, free=5087002624, active=11088478208, inactive=549502976, buffers=59097088, cached=1157447680, shared=14696448, slab=99909632)
[frame_selection_agent@localhost:5012] 12/06/2026 20:26:40.859 --> frame_id=a532290b-0cd DISCARDED (deleted from buffer). Discarded=274, Forwarded=125
CPU: [50.5, 50.5, 52.9, 51.0]
RAM: svmem(total=17002643456, available=6072762368, percent=64.3, used=10929881088, free=4985749504, active=11153309696, inactive=549502976, buffers=59097088, cached=1157447680, shared=14696448, slab=99909632)
CPU: [52.0, 51.5, 46.2, 49.5]
RAM: svmem(total=17002643456, available=6072516608, percent=64.3, used=10930126848, free=4985503744, active=11167531008, inactive=549502976, buffers=59097088, cached=1157447680, shared=14696448, slab=99909632)
CPU: [44.4, 47.1, 46.0, 46.5]
while handling timed call
Traceback (most recent call last):
  File "/home/ewertonsjp/.pyenv/versions/cv_vend_mas/lib/python3.12/site-packages/twisted/internet/base.py", line 1105, in runUntilCurrent
    call.func(*call.args, **call.kw)
  File "/home/ewertonsjp/projects/cv-system/mas/pade/core/new_ams.py", line 80, in on_time
    self.agent.agentInstance.table.pop(agent_name)
builtins.KeyError: 'capture_agent@localhost:5010'

[frame_selection_agent@localhost:5012] 12/06/2026 20:26:43.350 --> frame_id=d6fe9813-0cd DISCARDED (deleted from buffer). Discarded=275, Forwarded=125
RAM: svmem(total=17002643456, available=6069075968, percent=64.3, used=10933567488, free=4982063104, active=11199283200, inactive=549502976, buffers=59097088, cached=1157447680, shared=14696448, slab=99909632)
[data_enhance_agent@localhost:5011] 12/06/2026 20:26:43.748 --> frame_id=6bf97e80-3bf enhanced and forwarded.
[frame_selection_agent@localhost:5012] 12/06/2026 20:26:44.151 --> frame_id=79f5bd54-694 DISCARDED (deleted from buffer). Discarded=276, Forwarded=125
[frame_selection_agent@localhost:5012] 12/06/2026 20:26:44.156 --> [BATCH READY] Sent animal_id=21 to Predict!
CPU: [36.3, 35.4, 54.6, 36.6]
[predict_weight_agent@localhost:5013] 12/06/2026 20:26:44.430 --> [BATCH INFERENCE] Running full network on 6 frames for animal 18
[frame_selection_agent@localhost:5012] 12/06/2026 20:26:44.433 --> frame_id=703e5a02-3d4 SUITABLE. Discarded=276, Forwarded=126
[data_enhance_agent@localhost:5011] 12/06/2026 20:26:44.439 --> frame_id=0297b5c9-241 enhanced and forwarded.
[data_enhance_agent@localhost:5011] 12/06/2026 20:26:44.572 --> frame_id=48f5167e-9a7 enhanced and forwarded.
RAM: svmem(total=17002643456, available=5995134976, percent=64.7, used=11007508480, free=4908089344, active=11249598464, inactive=549535744, buffers=59129856, cached=1157431296, shared=14696448, slab=99893248)
[frame_selection_agent@localhost:5012] 12/06/2026 20:26:44.852 --> frame_id=5d4c4943-3a2 SUITABLE. Discarded=276, Forwarded=127
[data_enhance_agent@localhost:5011] 12/06/2026 20:26:45.089 --> frame_id=fa5ae354-aa7 enhanced and forwarded.
CPU: [48.0, 42.2, 55.6, 42.2]
[predict_weight_agent@localhost:5013] 12/06/2026 20:26:45.353 --> [FINAL] Animal 17 completed. Mean weight: 16.0062 kg
RAM: svmem(total=17002643456, available=7149043712, percent=58.0, used=9853599744, free=6061998080, active=10064920576, inactive=549535744, buffers=59129856, cached=1157431296, shared=14696448, slab=99893248)
[frame_selection_agent@localhost:5012] 12/06/2026 20:26:46.029 --> frame_id=bf857a84-740 SUITABLE. Discarded=276, Forwarded=128
CPU: [55.2, 44.0, 44.2, 43.9]
[data_enhance_agent@localhost:5011] 12/06/2026 20:26:46.268 --> frame_id=44c405bc-8f0 enhanced and forwarded.
[frame_selection_agent@localhost:5012] 12/06/2026 20:26:46.364 --> frame_id=f368a27e-53b SUITABLE. Discarded=276, Forwarded=129
[frame_selection_agent@localhost:5012] 12/06/2026 20:26:46.442 --> frame_id=b08a188b-c9a SUITABLE. Discarded=276, Forwarded=130
RAM: svmem(total=17002643456, available=7154286592, percent=57.9, used=9848356864, free=6067240960, active=10064920576, inactive=549535744, buffers=59129856, cached=1157431296, shared=14696448, slab=99893248)
CPU: [51.0, 52.4, 50.0, 52.9]
[frame_selection_agent@localhost:5012] 12/06/2026 20:26:47.460 --> frame_id=256c95cf-80d SUITABLE. Discarded=276, Forwarded=131
RAM: svmem(total=17002643456, available=7159447552, percent=57.9, used=9843195904, free=6072401920, active=10064920576, inactive=549535744, buffers=59129856, cached=1157431296, shared=14696448, slab=99893248)
[data_enhance_agent@localhost:5011] 12/06/2026 20:26:47.780 --> frame_id=055de8f2-a70 enhanced and forwarded.
CPU: [39.4, 45.5, 40.0, 44.4]
[capture_agent@localhost:5010] 12/06/2026 20:26:48.690 --> [RESTART] Animal 34/100 entering scale.
RAM: svmem(total=17002643456, available=7141801984, percent=58.0, used=9860841472, free=6054756352, active=10083549184, inactive=549535744, buffers=59129856, cached=1157431296, shared=14696448, slab=99893248)
CPU: [45.9, 49.1, 44.4, 44.4]
RAM: svmem(total=17002643456, available=7106379776, percent=58.2, used=9896263680, free=6019317760, active=10129588224, inactive=549552128, buffers=59146240, cached=1157431296, shared=14696448, slab=99893248)
[frame_selection_agent@localhost:5012] 12/06/2026 20:26:50.199 --> frame_id=ea9d9191-dbe DISCARDED (deleted from buffer). Discarded=277, Forwarded=131
CPU: [41.2, 44.2, 46.2, 39.2]
[data_enhance_agent@localhost:5011] 12/06/2026 20:26:50.547 --> frame_id=af6b5e4d-8ec enhanced and forwarded.
RAM: svmem(total=17002643456, available=7093501952, percent=58.3, used=9909141504, free=6006439936, active=10148446208, inactive=549552128, buffers=59146240, cached=1157431296, shared=14696448, slab=99893248)
CPU: [44.7, 48.0, 45.5, 45.1]
RAM: svmem(total=17002643456, available=7091257344, percent=58.3, used=9911386112, free=6004195328, active=10154147840, inactive=549552128, buffers=59146240, cached=1157431296, shared=14696448, slab=99893248)
CPU: [39.2, 43.4, 43.0, 42.2]
RAM: svmem(total=17002643456, available=7071186944, percent=58.4, used=9931456512, free=5984124928, active=10182590464, inactive=549552128, buffers=59146240, cached=1157431296, shared=14696448, slab=99893248)
[frame_selection_agent@localhost:5012] 12/06/2026 20:26:52.837 --> frame_id=d568eb36-81c DISCARDED (deleted from buffer). Discarded=278, Forwarded=131
[frame_selection_agent@localhost:5012] 12/06/2026 20:26:52.908 --> frame_id=30dab8e7-180 DISCARDED (deleted from buffer). Discarded=279, Forwarded=131
[data_enhance_agent@localhost:5011] 12/06/2026 20:26:53.237 --> frame_id=79f2fa63-20e enhanced and forwarded.
CPU: [33.3, 48.0, 38.8, 35.3]
[frame_selection_agent@localhost:5012] 12/06/2026 20:26:53.519 --> frame_id=e22fb6c8-4c5 DISCARDED (deleted from buffer). Discarded=280, Forwarded=131
[data_enhance_agent@localhost:5011] 12/06/2026 20:26:53.600 --> frame_id=3c4e7436-0ac enhanced and forwarded.
RAM: svmem(total=17002643456, available=7064993792, percent=58.4, used=9937649664, free=5977931776, active=10163994624, inactive=549552128, buffers=59146240, cached=1157431296, shared=14696448, slab=99893248)
[frame_selection_agent@localhost:5012] 12/06/2026 20:26:53.976 --> frame_id=5cd6f852-7d6 DISCARDED (deleted from buffer). Discarded=281, Forwarded=131
[frame_selection_agent@localhost:5012] 12/06/2026 20:26:54.251 --> frame_id=db2fadde-637 DISCARDED (deleted from buffer). Discarded=282, Forwarded=131
CPU: [45.0, 47.1, 45.0, 56.6]
[data_enhance_agent@localhost:5011] 12/06/2026 20:26:54.596 --> frame_id=87aa7455-912 enhanced and forwarded.
RAM: svmem(total=17002643456, available=7183450112, percent=57.8, used=9819193344, free=6096388096, active=10065117184, inactive=549552128, buffers=59146240, cached=1157431296, shared=14696448, slab=99893248)
[frame_selection_agent@localhost:5012] 12/06/2026 20:26:55.032 --> frame_id=545abac3-e6c DISCARDED (deleted from buffer). Discarded=283, Forwarded=131
[frame_selection_agent@localhost:5012] 12/06/2026 20:26:55.289 --> frame_id=51b81618-4aa DISCARDED (deleted from buffer). Discarded=284, Forwarded=131
CPU: [46.4, 52.0, 48.5, 45.3]
[frame_selection_agent@localhost:5012] 12/06/2026 20:26:55.642 --> frame_id=18333802-1b7 DISCARDED (deleted from buffer). Discarded=285, Forwarded=131
RAM: svmem(total=17002643456, available=7186350080, percent=57.7, used=9816293376, free=6099288064, active=10065117184, inactive=549552128, buffers=59146240, cached=1157431296, shared=14696448, slab=99893248)
[data_enhance_agent@localhost:5011] 12/06/2026 20:26:55.889 --> frame_id=6a0f40d0-4a4 enhanced and forwarded.
[frame_selection_agent@localhost:5012] 12/06/2026 20:26:56.433 --> frame_id=0803984d-cc8 DISCARDED (deleted from buffer). Discarded=286, Forwarded=131
CPU: [44.9, 44.1, 44.8, 50.0]
[data_enhance_agent@localhost:5011] 12/06/2026 20:26:56.712 --> frame_id=1d81fbca-16e enhanced and forwarded.
RAM: svmem(total=17002643456, available=7192510464, percent=57.7, used=9810132992, free=6105448448, active=10065117184, inactive=549552128, buffers=59146240, cached=1157431296, shared=14696448, slab=99893248)
CPU: [46.5, 45.5, 48.0, 50.5]
RAM: svmem(total=17002643456, available=7194722304, percent=57.7, used=9807921152, free=6107660288, active=10073227264, inactive=549552128, buffers=59146240, cached=1157431296, shared=14696448, slab=99893248)
CPU: [46.7, 41.8, 39.6, 44.6]
RAM: svmem(total=17002643456, available=7174815744, percent=57.8, used=9827827712, free=6087753728, active=10116251648, inactive=549552128, buffers=59146240, cached=1157431296, shared=14696448, slab=99893248)
CPU: [44.6, 44.7, 41.4, 45.1]
[frame_selection_agent@localhost:5012] 12/06/2026 20:26:59.594 --> frame_id=5a2d06ef-daf DISCARDED (deleted from buffer). Discarded=287, Forwarded=131
RAM: svmem(total=17002643456, available=7157366784, percent=57.9, used=9845276672, free=6070304768, active=10142253056, inactive=549552128, buffers=59146240, cached=1157431296, shared=14696448, slab=99893248)
CPU: [47.5, 48.0, 43.4, 44.7]
RAM: svmem(total=17002643456, available=7147782144, percent=58.0, used=9854861312, free=6060720128, active=10154786816, inactive=549552128, buffers=59146240, cached=1157431296, shared=14696448, slab=99893248)
[frame_selection_agent@localhost:5012] 12/06/2026 20:27:01.615 --> frame_id=d792c895-8be DISCARDED (deleted from buffer). Discarded=288, Forwarded=131
CPU: [41.1, 41.0, 40.4, 40.0]
[data_enhance_agent@localhost:5011] 12/06/2026 20:27:01.880 --> frame_id=b86ba841-929 enhanced and forwarded.
RAM: svmem(total=17002643456, available=7112163328, percent=58.2, used=9890480128, free=6025084928, active=10180673536, inactive=549568512, buffers=59162624, cached=1157431296, shared=14696448, slab=99893248)
[frame_selection_agent@localhost:5012] 12/06/2026 20:27:01.954 --> frame_id=b0875908-b9a DISCARDED (deleted from buffer). Discarded=289, Forwarded=131
[capture_agent@localhost:5010] 12/06/2026 20:27:01.988 --> [RESTART] Animal 35/100 entering scale.
[frame_selection_agent@localhost:5012] 12/06/2026 20:27:02.295 --> frame_id=d646509f-72f DISCARDED (deleted from buffer). Discarded=290, Forwarded=131
[frame_selection_agent@localhost:5012] 12/06/2026 20:27:02.303 --> [BATCH READY] Sent animal_id=22 to Predict!
CPU: [47.7, 53.7, 48.6, 44.7]
[frame_selection_agent@localhost:5012] 12/06/2026 20:27:02.792 --> frame_id=8fa2fe74-e0e SUITABLE. Discarded=290, Forwarded=132
RAM: svmem(total=17002643456, available=7123419136, percent=58.1, used=9879224320, free=6036340736, active=10169434112, inactive=549568512, buffers=59162624, cached=1157431296, shared=14696448, slab=99893248)
[frame_selection_agent@localhost:5012] 12/06/2026 20:27:03.222 --> frame_id=94f6e7f5-fd0 SUITABLE. Discarded=290, Forwarded=133
while handling timed call
Traceback (most recent call last):
  File "/home/ewertonsjp/.pyenv/versions/cv_vend_mas/lib/python3.12/site-packages/twisted/internet/base.py", line 1105, in runUntilCurrent
    call.func(*call.args, **call.kw)
  File "/home/ewertonsjp/projects/cv-system/mas/pade/core/new_ams.py", line 80, in on_time
    self.agent.agentInstance.table.pop(agent_name)
builtins.KeyError: 'capture_agent@localhost:5010'

[frame_selection_agent@localhost:5012] 12/06/2026 20:27:03.752 --> frame_id=b23905b1-2a7 SUITABLE. Discarded=290, Forwarded=134
CPU: [50.5, 52.8, 51.9, 49.5]
RAM: svmem(total=17002643456, available=7209271296, percent=57.6, used=9793372160, free=6122192896, active=10065133568, inactive=549568512, buffers=59162624, cached=1157431296, shared=14696448, slab=99893248)
[frame_selection_agent@localhost:5012] 12/06/2026 20:27:04.139 --> frame_id=54dd18e9-c90 SUITABLE. Discarded=290, Forwarded=135
[frame_selection_agent@localhost:5012] 12/06/2026 20:27:04.234 --> frame_id=619d7c2f-079 SUITABLE. Discarded=290, Forwarded=136
CPU: [46.9, 46.4, 51.5, 49.0]
RAM: svmem(total=17002643456, available=7210336256, percent=57.6, used=9792307200, free=6123257856, active=10065133568, inactive=549568512, buffers=59162624, cached=1157447680, shared=14696448, slab=99893248)
[frame_selection_agent@localhost:5012] 12/06/2026 20:27:04.953 --> frame_id=d8084ebb-046 SUITABLE. Discarded=290, Forwarded=137
[data_enhance_agent@localhost:5011] 12/06/2026 20:27:05.247 --> frame_id=d68df612-6c9 enhanced and forwarded.
CPU: [38.8, 52.1, 42.3, 39.8]
RAM: svmem(total=17002643456, available=7218921472, percent=57.5, used=9783721984, free=6131843072, active=10065133568, inactive=549568512, buffers=59162624, cached=1157447680, shared=14696448, slab=99893248)
CPU: [44.3, 46.2, 45.0, 42.4]
RAM: svmem(total=17002643456, available=7191052288, percent=57.7, used=9811591168, free=6103957504, active=10099785728, inactive=549584896, buffers=59162624, cached=1157447680, shared=14696448, slab=99893248)
[frame_selection_agent@localhost:5012] 12/06/2026 20:27:07.673 --> frame_id=764c7897-fa2 DISCARDED (deleted from buffer). Discarded=291, Forwarded=137
CPU: [36.8, 40.8, 48.0, 40.0]
RAM: svmem(total=17002643456, available=7153467392, percent=57.9, used=9849176064, free=6066356224, active=10137436160, inactive=549601280, buffers=59179008, cached=1157464064, shared=14696448, slab=99909632)
[data_enhance_agent@localhost:5011] 12/06/2026 20:27:08.042 --> frame_id=226e73da-7a7 enhanced and forwarded.
[data_enhance_agent@localhost:5011] 12/06/2026 20:27:08.580 --> frame_id=c1cc65ec-91e enhanced and forwarded.
CPU: [34.3, 34.7, 38.4, 38.5]
RAM: svmem(total=17002643456, available=7151058944, percent=57.9, used=9851584512, free=6063947776, active=10143219712, inactive=549601280, buffers=59179008, cached=1157464064, shared=14696448, slab=99975168)
[data_enhance_agent@localhost:5011] 12/06/2026 20:27:09.085 --> frame_id=005ab71f-b03 enhanced and forwarded.
[data_enhance_agent@localhost:5011] 12/06/2026 20:27:09.325 --> frame_id=096cd7ea-6e9 enhanced and forwarded.
[data_enhance_agent@localhost:5011] 12/06/2026 20:27:09.573 --> frame_id=40c160dc-b1a enhanced and forwarded.
[data_enhance_agent@localhost:5011] 12/06/2026 20:27:09.903 --> frame_id=9aa6eb6e-2a7 enhanced and forwarded.
CPU: [34.3, 44.3, 30.4, 39.0]
RAM: svmem(total=17002643456, available=7139262464, percent=58.0, used=9863380992, free=6052151296, active=10157080576, inactive=549601280, buffers=59179008, cached=1157464064, shared=14696448, slab=99975168)
[frame_selection_agent@localhost:5012] 12/06/2026 20:27:10.760 --> frame_id=6afe480d-8c1 DISCARDED (deleted from buffer). Discarded=292, Forwarded=137
CPU: [39.4, 40.0, 51.5, 42.3]
[frame_selection_agent@localhost:5012] 12/06/2026 20:27:11.029 --> frame_id=3c3e519f-95c DISCARDED (deleted from buffer). Discarded=293, Forwarded=137
RAM: svmem(total=17002643456, available=7118618624, percent=58.1, used=9884024832, free=6031507456, active=10183999488, inactive=549601280, buffers=59179008, cached=1157464064, shared=14696448, slab=99975168)[data_enhance_agent@localhost:5011] 12/06/2026 20:27:11.218 --> frame_id=2c96c5bd-d5c enhanced and forwarded.

[data_enhance_agent@localhost:5011] 12/06/2026 20:27:11.470 --> frame_id=10c98aea-d5a enhanced and forwarded.
CPU: [46.9, 57.0, 51.5, 52.0]
RAM: svmem(total=17002643456, available=7128793088, percent=58.1, used=9873850368, free=6041665536, active=10162470912, inactive=549601280, buffers=59179008, cached=1157480448, shared=14696448, slab=99991552)
CPU: [39.3, 38.0, 45.5, 43.6]
RAM: svmem(total=17002643456, available=7125155840, percent=58.1, used=9877487616, free=6038028288, active=10169073664, inactive=549601280, buffers=59195392, cached=1157480448, shared=14696448, slab=99926016)
[frame_selection_agent@localhost:5012] 12/06/2026 20:27:13.334 --> frame_id=75218cbe-548 DISCARDED (deleted from buffer). Discarded=294, Forwarded=137
[data_enhance_agent@localhost:5011] 12/06/2026 20:27:13.455 --> frame_id=2fbb3481-e9f enhanced and forwarded.
[frame_selection_agent@localhost:5012] 12/06/2026 20:27:13.469 --> frame_id=f8fd157b-f16 DISCARDED (deleted from buffer). Discarded=295, Forwarded=137
[data_enhance_agent@localhost:5011] 12/06/2026 20:27:13.474 --> frame_id=e0a590df-d03 enhanced and forwarded.
[data_enhance_agent@localhost:5011] 12/06/2026 20:27:13.493 --> frame_id=290387b1-daa enhanced and forwarded.
[data_enhance_agent@localhost:5011] 12/06/2026 20:27:13.517 --> frame_id=65ac0d94-d2c enhanced and forwarded.
CPU: [41.5, 34.6, 32.7, 32.4]
RAM: svmem(total=17002643456, available=7202160640, percent=57.6, used=9800482816, free=6115033088, active=10065199104, inactive=549601280, buffers=59195392, cached=1157480448, shared=14696448, slab=99926016)
[data_enhance_agent@localhost:5011] 12/06/2026 20:27:14.572 --> frame_id=48f6aa01-892 enhanced and forwarded.
[data_enhance_agent@localhost:5011] 12/06/2026 20:27:14.582 --> frame_id=ee122db0-b25 enhanced and forwarded.
[data_enhance_agent@localhost:5011] 12/06/2026 20:27:14.597 --> frame_id=2fc5cd89-03c enhanced and forwarded.
[frame_selection_agent@localhost:5012] 12/06/2026 20:27:14.633 --> frame_id=e77ae2e8-d84 DISCARDED (deleted from buffer). Discarded=296, Forwarded=137
[data_enhance_agent@localhost:5011] 12/06/2026 20:27:14.639 --> frame_id=9d98df8d-c57 enhanced and forwarded.
[data_enhance_agent@localhost:5011] 12/06/2026 20:27:14.676 --> frame_id=e77edf68-e31 enhanced and forwarded.
[data_enhance_agent@localhost:5011] 12/06/2026 20:27:14.687 --> frame_id=d227e310-a28 enhanced and forwarded.
[frame_selection_agent@localhost:5012] 12/06/2026 20:27:15.016 --> [SYNC] Expected 20 frames for animal 29
CPU: [52.0, 39.0, 37.3, 36.3]
RAM: svmem(total=17002643456, available=7212204032, percent=57.6, used=9790439424, free=6125076480, active=10065199104, inactive=549601280, buffers=59195392, cached=1157496832, shared=14696448, slab=99942400)
[data_enhance_agent@localhost:5011] 12/06/2026 20:27:15.504 --> frame_id=b426132c-210 enhanced and forwarded.
[frame_selection_agent@localhost:5012] 12/06/2026 20:27:15.507 --> frame_id=eca1db75-07e DISCARDED (deleted from buffer). Discarded=297, Forwarded=137
[frame_selection_agent@localhost:5012] 12/06/2026 20:27:15.574 --> frame_id=f240ffa4-d23 DISCARDED (deleted from buffer). Discarded=298, Forwarded=137
[data_enhance_agent@localhost:5011] 12/06/2026 20:27:15.579 --> frame_id=c4938024-c22 enhanced and forwarded.
[data_enhance_agent@localhost:5011] 12/06/2026 20:27:15.586 --> frame_id=434af95c-a99 enhanced and forwarded.
[capture_agent@localhost:5010] 12/06/2026 20:27:15.601 --> [RESTART] Animal 36/100 entering scale.
[predict_weight_agent@localhost:5013] 12/06/2026 20:27:15.800 --> [BATCH INFERENCE] Running full network on 6 frames for animal 19
CPU: [66.0, 55.2, 55.4, 54.0]
[frame_selection_agent@localhost:5012] 12/06/2026 20:27:16.251 --> [SYNC] Expected 17 frames for animal 30
RAM: svmem(total=17002643456, available=7214268416, percent=57.6, used=9788375040, free=6127124480, active=10065199104, inactive=549601280, buffers=59195392, cached=1157513216, shared=14696448, slab=99958784)
[frame_selection_agent@localhost:5012] 12/06/2026 20:27:16.496 --> frame_id=1ffe0f8d-b0b DISCARDED (deleted from buffer). Discarded=299, Forwarded=137
[data_enhance_agent@localhost:5011] 12/06/2026 20:27:16.541 --> frame_id=9f6fd9aa-dba enhanced and forwarded.
[frame_selection_agent@localhost:5012] 12/06/2026 20:27:16.561 --> frame_id=c9481041-bae DISCARDED (deleted from buffer). Discarded=300, Forwarded=137
[predict_weight_agent@localhost:5013] 12/06/2026 20:27:16.782 --> [BATCH INFERENCE] Running full network on 6 frames for animal 20
CPU: [67.3, 68.3, 68.2, 65.7]
RAM: svmem(total=17002643456, available=7217758208, percent=57.5, used=9784885248, free=6130614272, active=10065199104, inactive=549601280, buffers=59195392, cached=1157529600, shared=14696448, slab=99975168)
[frame_selection_agent@localhost:5012] 12/06/2026 20:27:17.626 --> [SYNC] Expected 20 frames for animal 31
CPU: [54.5, 55.2, 57.3, 57.0]
RAM: svmem(total=17002643456, available=7220740096, percent=57.5, used=9781903360, free=6133579776, active=10071359488, inactive=549617664, buffers=59195392, cached=1157529600, shared=14696448, slab=99975168)
CPU: [53.5, 52.9, 55.3, 54.7]
RAM: svmem(total=17002643456, available=7075069952, percent=58.4, used=9927573504, free=5987893248, active=10195206144, inactive=549634048, buffers=59211776, cached=1157529600, shared=14696448, slab=99975168)
CPU: [54.3, 56.4, 52.5, 53.7]
RAM: svmem(total=17002643456, available=7023902720, percent=58.7, used=9978740736, free=5936726016, active=10234544128, inactive=549634048, buffers=59211776, cached=1157529600, shared=14696448, slab=99975168)
CPU: [53.1, 55.1, 56.7, 51.0]
[frame_selection_agent@localhost:5012] 12/06/2026 20:27:21.425 --> frame_id=c615fc85-448 DISCARDED (deleted from buffer). Discarded=301, Forwarded=137
RAM: svmem(total=17002643456, available=6956810240, percent=59.1, used=10045833216, free=5869633536, active=10300915712, inactive=549634048, buffers=59211776, cached=1157529600, shared=14696448, slab=99975168)
[data_enhance_agent@localhost:5011] 12/06/2026 20:27:22.009 --> frame_id=1996a65c-c58 enhanced and forwarded.
[data_enhance_agent@localhost:5011] 12/06/2026 20:27:22.148 --> frame_id=564123a4-155 enhanced and forwarded.
CPU: [50.5, 41.3, 34.0, 38.6]
[data_enhance_agent@localhost:5011] 12/06/2026 20:27:22.499 --> frame_id=e8755884-aef enhanced and forwarded.
RAM: svmem(total=17002643456, available=6807879680, percent=60.0, used=10194763776, free=5720702976, active=10428694528, inactive=549634048, buffers=59211776, cached=1157529600, shared=14696448, slab=99975168)
[data_enhance_agent@localhost:5011] 12/06/2026 20:27:22.861 --> frame_id=a51d120b-1a0 enhanced and forwarded.
CPU: [43.6, 40.8, 47.1, 52.8]
[frame_selection_agent@localhost:5012] 12/06/2026 20:27:23.539 --> frame_id=b41eee97-167 DISCARDED (deleted from buffer). Discarded=302, Forwarded=137
[frame_selection_agent@localhost:5012] 12/06/2026 20:27:23.555 --> [BATCH READY] Sent animal_id=23 to Predict!
while handling timed call
Traceback (most recent call last):
  File "/home/ewertonsjp/.pyenv/versions/cv_vend_mas/lib/python3.12/site-packages/twisted/internet/base.py", line 1105, in runUntilCurrent
    call.func(*call.args, **call.kw)
  File "/home/ewertonsjp/projects/cv-system/mas/pade/core/new_ams.py", line 80, in on_time
    self.agent.agentInstance.table.pop(agent_name)
builtins.KeyError: 'capture_agent@localhost:5010'

[data_enhance_agent@localhost:5011] 12/06/2026 20:27:23.633 --> frame_id=949d0437-b05 enhanced and forwarded.
RAM: svmem(total=17002643456, available=6695567360, percent=60.6, used=10307076096, free=5608390656, active=10530504704, inactive=549634048, buffers=59211776, cached=1157529600, shared=14696448, slab=99975168)
[data_enhance_agent@localhost:5011] 12/06/2026 20:27:23.981 --> frame_id=6a828c4a-1c2 enhanced and forwarded.
[predict_weight_agent@localhost:5013] 12/06/2026 20:27:24.176 --> [FINAL] Animal 18 completed. Mean weight: 16.0062 kg
[data_enhance_agent@localhost:5011] 12/06/2026 20:27:24.469 --> frame_id=33acebf1-376 enhanced and forwarded.
CPU: [31.8, 50.0, 35.6, 31.7]
[data_enhance_agent@localhost:5011] 12/06/2026 20:27:24.639 --> frame_id=7cfb48d1-bef enhanced and forwarded.
RAM: svmem(total=17002643456, available=7219462144, percent=57.5, used=9783181312, free=6132285440, active=9975365632, inactive=549634048, buffers=59211776, cached=1157529600, shared=14696448, slab=99975168)
[data_enhance_agent@localhost:5011] 12/06/2026 20:27:24.783 --> frame_id=4e2cad93-c5b enhanced and forwarded.
[data_enhance_agent@localhost:5011] 12/06/2026 20:27:25.056 --> frame_id=d3b97c34-13b enhanced and forwarded.
[frame_selection_agent@localhost:5012] 12/06/2026 20:27:25.519 --> frame_id=75a8c847-863 SUITABLE. Discarded=302, Forwarded=138
CPU: [43.0, 41.4, 60.0, 42.4]
[frame_selection_agent@localhost:5012] 12/06/2026 20:27:25.669 --> frame_id=a79219d4-a6c SUITABLE. Discarded=302, Forwarded=139
RAM: svmem(total=17002643456, available=7188414464, percent=57.7, used=9814228992, free=6101237760, active=10014556160, inactive=549634048, buffers=59211776, cached=1157529600, shared=14696448, slab=99975168)
[frame_selection_agent@localhost:5012] 12/06/2026 20:27:25.752 --> frame_id=cb50b412-1c8 SUITABLE. Discarded=302, Forwarded=140
[data_enhance_agent@localhost:5011] 12/06/2026 20:27:26.010 --> frame_id=3af0e4b8-5a8 enhanced and forwarded.
[data_enhance_agent@localhost:5011] 12/06/2026 20:27:26.145 --> frame_id=028403c4-77d enhanced and forwarded.
[frame_selection_agent@localhost:5012] 12/06/2026 20:27:26.436 --> frame_id=574d73fb-e60 SUITABLE. Discarded=302, Forwarded=141
[data_enhance_agent@localhost:5011] 12/06/2026 20:27:26.466 --> frame_id=e020055f-270 enhanced and forwarded.
CPU: [33.7, 38.8, 30.8, 49.5]
[data_enhance_agent@localhost:5011] 12/06/2026 20:27:26.619 --> frame_id=f5791a69-03f enhanced and forwarded.
RAM: svmem(total=17002643456, available=7160168448, percent=57.9, used=9842475008, free=6072975360, active=10028974080, inactive=549650432, buffers=59228160, cached=1157529600, shared=14696448, slab=99975168)
[frame_selection_agent@localhost:5012] 12/06/2026 20:27:26.872 --> frame_id=e0fc1bd5-2c6 SUITABLE. Discarded=302, Forwarded=142
[data_enhance_agent@localhost:5011] 12/06/2026 20:27:26.905 --> frame_id=cedc9fbc-a4c enhanced and forwarded.
[data_enhance_agent@localhost:5011] 12/06/2026 20:27:27.076 --> frame_id=4a9c65e1-2d0 enhanced and forwarded.
[data_enhance_agent@localhost:5011] 12/06/2026 20:27:27.386 --> frame_id=3e4549fb-156 enhanced and forwarded.
[data_enhance_agent@localhost:5011] 12/06/2026 20:27:27.466 --> frame_id=57cb78bb-9dd enhanced and forwarded.
CPU: [40.6, 47.1, 34.3, 24.5]
[frame_selection_agent@localhost:5012] 12/06/2026 20:27:27.722 --> frame_id=596bb78a-eb8 SUITABLE. Discarded=302, Forwarded=143
RAM: svmem(total=17002643456, available=7229865984, percent=57.5, used=9772777472, free=6142672896, active=9986506752, inactive=549650432, buffers=59228160, cached=1157529600, shared=14696448, slab=99975168)
[data_enhance_agent@localhost:5011] 12/06/2026 20:27:27.866 --> frame_id=66a08583-825 enhanced and forwarded.
[data_enhance_agent@localhost:5011] 12/06/2026 20:27:28.049 --> frame_id=09dbcf6d-e16 enhanced and forwarded.
[data_enhance_agent@localhost:5011] 12/06/2026 20:27:28.353 --> frame_id=1c536b30-8f2 enhanced and forwarded.
[data_enhance_agent@localhost:5011] 12/06/2026 20:27:28.463 --> frame_id=c4511424-4a1 enhanced and forwarded.
CPU: [39.2, 39.2, 30.0, 43.0]
RAM: svmem(total=17002643456, available=7212662784, percent=57.6, used=9789980672, free=6125469696, active=10018488320, inactive=549650432, buffers=59228160, cached=1157529600, shared=14696448, slab=99958784)
[data_enhance_agent@localhost:5011] 12/06/2026 20:27:28.804 --> frame_id=c5746e7c-142 enhanced and forwarded.
[data_enhance_agent@localhost:5011] 12/06/2026 20:27:28.843 --> frame_id=99d0ca6f-e30 enhanced and forwarded.
[capture_agent@localhost:5010] 12/06/2026 20:27:28.931 --> [RESTART] Animal 37/100 entering scale.
[data_enhance_agent@localhost:5011] 12/06/2026 20:27:29.505 --> frame_id=b50c3252-a48 enhanced and forwarded.
CPU: [34.7, 42.0, 53.3, 42.7]
RAM: svmem(total=17002643456, available=7410073600, percent=56.4, used=9592569856, free=6322880512, active=9826353152, inactive=549650432, buffers=59228160, cached=1157529600, shared=14696448, slab=99958784)
[predict_weight_agent@localhost:5013] 12/06/2026 20:27:30.047 --> [FINAL] Animal 19 completed. Mean weight: 16.0062 kg
[data_enhance_agent@localhost:5011] 12/06/2026 20:27:30.049 --> frame_id=18517d5b-5c2 enhanced and forwarded.
[data_enhance_agent@localhost:5011] 12/06/2026 20:27:30.057 --> frame_id=e73aaef1-c34 enhanced and forwarded.
[data_enhance_agent@localhost:5011] 12/06/2026 20:27:30.448 --> frame_id=a5eb7c6e-6c9 enhanced and forwarded.
[data_enhance_agent@localhost:5011] 12/06/2026 20:27:30.843 --> frame_id=700e4864-a66 enhanced and forwarded.
CPU: [52.5, 58.8, 53.3, 43.3]
RAM: svmem(total=17002643456, available=7147110400, percent=58.0, used=9855533056, free=6059917312, active=10107060224, inactive=549650432, buffers=59228160, cached=1157529600, shared=14696448, slab=99958784)
[data_enhance_agent@localhost:5011] 12/06/2026 20:27:30.992 --> frame_id=54dca8f1-110 enhanced and forwarded.
[data_enhance_agent@localhost:5011] 12/06/2026 20:27:31.421 --> frame_id=be727e12-f38 enhanced and forwarded.
[data_enhance_agent@localhost:5011] 12/06/2026 20:27:31.754 --> frame_id=c97fe33d-dab enhanced and forwarded.
CPU: [52.9, 45.5, 45.7, 46.2]
RAM: svmem(total=17002643456, available=7074627584, percent=58.4, used=9928015872, free=5987418112, active=10169221120, inactive=549666816, buffers=59244544, cached=1157545984, shared=14696448, slab=99958784)
CPU: [49.0, 53.4, 49.5, 52.0]
RAM: svmem(total=17002643456, available=6942179328, percent=59.2, used=10060464128, free=5854953472, active=10313269248, inactive=549683200, buffers=59244544, cached=1157545984, shared=14696448, slab=99958784)
CPU: [51.9, 50.0, 50.5, 52.0]
RAM: svmem(total=17002643456, available=6663241728, percent=60.8, used=10339401728, free=5576015872, active=10574970880, inactive=549683200, buffers=59244544, cached=1157545984, shared=14696448, slab=99958784)
RAM: svmem(total=17002643456, available=6438862848, percent=62.1, used=10563780608, free=5351636992, active=10810163200, inactive=549683200, buffers=59244544, cached=1157545984, shared=14696448, slab=99958784)
[frame_selection_agent@localhost:5012] 12/06/2026 20:27:34.936 --> frame_id=54f9d922-51e DISCARDED (deleted from buffer). Discarded=303, Forwarded=143
CPU: [50.5, 49.5, 49.0, 50.0]
[data_enhance_agent@localhost:5011] 12/06/2026 20:27:35.301 --> frame_id=06af3c72-384 enhanced and forwarded.
RAM: svmem(total=17002643456, available=6309347328, percent=62.9, used=10693296128, free=5222121472, active=10931191808, inactive=549683200, buffers=59244544, cached=1157545984, shared=14696448, slab=99958784)
CPU: [47.7, 47.2, 49.1, 46.7]
[frame_selection_agent@localhost:5012] 12/06/2026 20:27:36.484 --> frame_id=464753ef-36d DISCARDED (deleted from buffer). Discarded=304, Forwarded=143
[data_enhance_agent@localhost:5011] 12/06/2026 20:27:36.785 --> frame_id=ab54a58a-9db enhanced and forwarded.
RAM: svmem(total=17002643456, available=6309101568, percent=62.9, used=10693541888, free=5221875712, active=10933649408, inactive=549683200, buffers=59244544, cached=1157545984, shared=14696448, slab=99958784)
[frame_selection_agent@localhost:5012] 12/06/2026 20:27:37.092 --> frame_id=cbf3e1f0-5f2 DISCARDED (deleted from buffer). Discarded=305, Forwarded=143
CPU: [45.4, 43.1, 48.0, 45.7]
[data_enhance_agent@localhost:5011] 12/06/2026 20:27:37.404 --> frame_id=901c958e-771 enhanced and forwarded.
[frame_selection_agent@localhost:5012] 12/06/2026 20:27:37.517 --> frame_id=1c2163aa-e0e DISCARDED (deleted from buffer). Discarded=306, Forwarded=143
RAM: svmem(total=17002643456, available=6302711808, percent=62.9, used=10699931648, free=5215485952, active=10952097792, inactive=549683200, buffers=59244544, cached=1157529600, shared=14696448, slab=99942400)
[frame_selection_agent@localhost:5012] 12/06/2026 20:27:38.016 --> frame_id=87dcb661-ab1 DISCARDED (deleted from buffer). Discarded=307, Forwarded=143
CPU: [47.2, 59.3, 45.1, 47.1]
[data_enhance_agent@localhost:5011] 12/06/2026 20:27:38.352 --> frame_id=582ad2c1-2f5 enhanced and forwarded.
[frame_selection_agent@localhost:5012] 12/06/2026 20:27:38.421 --> frame_id=e75847ab-712 DISCARDED (deleted from buffer). Discarded=308, Forwarded=143
[data_enhance_agent@localhost:5011] 12/06/2026 20:27:38.885 --> frame_id=82737449-745 enhanced and forwarded.
[frame_selection_agent@localhost:5012] 12/06/2026 20:27:38.909 --> frame_id=7f79ce8e-2d4 DISCARDED (deleted from buffer). Discarded=309, Forwarded=143
RAM: svmem(total=17002643456, available=6307381248, percent=62.9, used=10695262208, free=5220155392, active=10881974272, inactive=549683200, buffers=59244544, cached=1157529600, shared=14696448, slab=99942400)
[data_enhance_agent@localhost:5011] 12/06/2026 20:27:39.154 --> frame_id=13716ab0-f1a enhanced and forwarded.
CPU: [54.4, 42.2, 44.0, 41.5]
[data_enhance_agent@localhost:5011] 12/06/2026 20:27:39.481 --> frame_id=3be28ed7-6d1 enhanced and forwarded.
[frame_selection_agent@localhost:5012] 12/06/2026 20:27:39.829 --> frame_id=b9de6861-270 DISCARDED (deleted from buffer). Discarded=310, Forwarded=143
RAM: svmem(total=17002643456, available=6256263168, percent=63.2, used=10746380288, free=5169037312, active=10952589312, inactive=549683200, buffers=59244544, cached=1157529600, shared=14696448, slab=99942400)
[data_enhance_agent@localhost:5011] 12/06/2026 20:27:40.205 --> frame_id=8aad227a-8f2 enhanced and forwarded.
CPU: [45.7, 47.2, 44.0, 51.0]
[predict_weight_agent@localhost:5013] 12/06/2026 20:27:40.284 --> [FINAL] Animal 20 completed. Mean weight: 16.0062 kg
RAM: svmem(total=17002643456, available=6962642944, percent=59.0, used=10040000512, free=5875417088, active=10162618368, inactive=549683200, buffers=59244544, cached=1157529600, shared=14696448, slab=99942400)
CPU: [47.4, 49.5, 51.0, 50.0]
[frame_selection_agent@localhost:5012] 12/06/2026 20:27:41.376 --> frame_id=1423513a-553 DISCARDED (deleted from buffer). Discarded=311, Forwarded=143
RAM: svmem(total=17002643456, available=6973095936, percent=59.0, used=10029547520, free=5885870080, active=10162618368, inactive=549683200, buffers=59244544, cached=1157529600, shared=14696448, slab=99942400)
[capture_agent@localhost:5010] 12/06/2026 20:27:42.198 --> [RESTART] Animal 38/100 entering scale.
CPU: [46.9, 48.5, 46.5, 45.0]
RAM: svmem(total=17002643456, available=6984024064, percent=58.9, used=10018619392, free=5896798208, active=10188750848, inactive=549683200, buffers=59244544, cached=1157529600, shared=14696448, slab=99942400)
CPU: [41.8, 47.1, 44.9, 43.6]
while handling timed call
Traceback (most recent call last):
  File "/home/ewertonsjp/.pyenv/versions/cv_vend_mas/lib/python3.12/site-packages/twisted/internet/base.py", line 1105, in runUntilCurrent
    call.func(*call.args, **call.kw)
  File "/home/ewertonsjp/projects/cv-system/mas/pade/core/new_ams.py", line 80, in on_time
    self.agent.agentInstance.table.pop(agent_name)
builtins.KeyError: 'capture_agent@localhost:5010'

RAM: svmem(total=17002643456, available=6962167808, percent=59.1, used=10040475648, free=5874941952, active=10241064960, inactive=549683200, buffers=59244544, cached=1157529600, shared=14696448, slab=99942400)
[frame_selection_agent@localhost:5012] 12/06/2026 20:27:44.115 --> frame_id=73310cac-067 DISCARDED (deleted from buffer). Discarded=312, Forwarded=143
CPU: [43.3, 46.5, 46.2, 45.5]
RAM: svmem(total=17002643456, available=6937214976, percent=59.2, used=10065428480, free=5849989120, active=10250207232, inactive=549683200, buffers=59244544, cached=1157529600, shared=14696448, slab=99942400)
CPU: [47.7, 46.0, 46.2, 47.1]
[frame_selection_agent@localhost:5012] 12/06/2026 20:27:45.628 --> frame_id=d68a57b3-cf3 DISCARDED (deleted from buffer). Discarded=313, Forwarded=143
RAM: svmem(total=17002643456, available=6943309824, percent=59.2, used=10059333632, free=5856051200, active=10250240000, inactive=549715968, buffers=59277312, cached=1157529600, shared=14696448, slab=99942400)
[frame_selection_agent@localhost:5012] 12/06/2026 20:27:46.131 --> frame_id=02c7a49e-ec2 DISCARDED (deleted from buffer). Discarded=314, Forwarded=143
[frame_selection_agent@localhost:5012] 12/06/2026 20:27:46.302 --> frame_id=bd7036b7-13f DISCARDED (deleted from buffer). Discarded=315, Forwarded=143
CPU: [47.0, 45.9, 50.0, 44.4]
[frame_selection_agent@localhost:5012] 12/06/2026 20:27:47.044 --> frame_id=3e72d942-ff4 DISCARDED (deleted from buffer). Discarded=316, Forwarded=143
[frame_selection_agent@localhost:5012] 12/06/2026 20:27:47.047 --> [BATCH READY] Sent animal_id=24 to Predict!
RAM: svmem(total=17002643456, available=6946717696, percent=59.1, used=10055925760, free=5859459072, active=10269032448, inactive=549715968, buffers=59277312, cached=1157529600, shared=14696448, slab=99942400)
[frame_selection_agent@localhost:5012] 12/06/2026 20:27:47.393 --> frame_id=ff274c11-b7b SUITABLE. Discarded=316, Forwarded=144
CPU: [48.5, 46.5, 47.9, 46.9]
[frame_selection_agent@localhost:5012] 12/06/2026 20:27:47.968 --> frame_id=f76d842b-00a SUITABLE. Discarded=316, Forwarded=145
RAM: svmem(total=17002643456, available=7042318336, percent=58.6, used=9960325120, free=5955059712, active=10196238336, inactive=549715968, buffers=59277312, cached=1157529600, shared=14696448, slab=99942400)
[frame_selection_agent@localhost:5012] 12/06/2026 20:27:48.403 --> frame_id=85d97bdf-4ef SUITABLE. Discarded=316, Forwarded=146
CPU: [48.0, 48.5, 50.5, 50.0]
[frame_selection_agent@localhost:5012] 12/06/2026 20:27:48.527 --> frame_id=91a7a76d-082 SUITABLE. Discarded=316, Forwarded=147
RAM: svmem(total=17002643456, available=7064666112, percent=58.4, used=9937977344, free=5977407488, active=10162700288, inactive=549715968, buffers=59277312, cached=1157529600, shared=14696448, slab=99942400)
CPU: [51.9, 53.5, 51.5, 50.5]
[frame_selection_agent@localhost:5012] 12/06/2026 20:27:49.598 --> frame_id=5847322d-1e0 SUITABLE. Discarded=316, Forwarded=148
RAM: svmem(total=17002643456, available=7069614080, percent=58.4, used=9933029376, free=5982355456, active=10162700288, inactive=549715968, buffers=59277312, cached=1157529600, shared=14696448, slab=99942400)
CPU: [43.3, 44.3, 44.8, 46.5]
RAM: svmem(total=17002643456, available=7069401088, percent=58.4, used=9933242368, free=5982142464, active=10182852608, inactive=549715968, buffers=59277312, cached=1157529600, shared=14696448, slab=99942400)
CPU: [48.2, 43.1, 42.4, 44.1]
RAM: svmem(total=17002643456, available=7034765312, percent=58.6, used=9967878144, free=5947490304, active=10227531776, inactive=549732352, buffers=59293696, cached=1157529600, shared=14696448, slab=99942400)
[frame_selection_agent@localhost:5012] 12/06/2026 20:27:52.348 --> frame_id=c205e62f-9e1 SUITABLE. Discarded=316, Forwarded=149
CPU: [43.9, 40.2, 45.6, 43.9]
RAM: svmem(total=17002643456, available=6997835776, percent=58.8, used=10004807680, free=5910560768, active=10249814016, inactive=549732352, buffers=59293696, cached=1157545984, shared=14696448, slab=100024320)
[data_enhance_agent@localhost:5011] 12/06/2026 20:27:53.433 --> frame_id=1972aec4-1fd enhanced and forwarded.
CPU: [39.6, 40.2, 44.3, 48.5]
[frame_selection_agent@localhost:5012] 12/06/2026 20:27:54.037 --> frame_id=ac9163bb-839 DISCARDED (deleted from buffer). Discarded=317, Forwarded=149
RAM: svmem(total=17002643456, available=6997229568, percent=58.8, used=10005413888, free=5909954560, active=10250305536, inactive=549732352, buffers=59293696, cached=1157545984, shared=14696448, slab=100024320)
[frame_selection_agent@localhost:5012] 12/06/2026 20:27:54.279 --> [SYNC] Expected 19 frames for animal 32
[predict_weight_agent@localhost:5013] 12/06/2026 20:27:54.451 --> [BATCH INFERENCE] Running full network on 6 frames for animal 21
CPU: [39.2, 39.0, 36.9, 36.8]
[data_enhance_agent@localhost:5011] 12/06/2026 20:27:54.797 --> frame_id=375db04d-221 enhanced and forwarded.
[data_enhance_agent@localhost:5011] 12/06/2026 20:27:54.879 --> frame_id=b272db6b-dc0 enhanced and forwarded.
RAM: svmem(total=17002643456, available=6996754432, percent=58.8, used=10005889024, free=5909463040, active=10250305536, inactive=549732352, buffers=59293696, cached=1157578752, shared=14696448, slab=100007936)
CPU: [51.0, 31.4, 37.9, 34.9]
[frame_selection_agent@localhost:5012] 12/06/2026 20:27:55.922 --> frame_id=d47b5972-847 DISCARDED (deleted from buffer). Discarded=318, Forwarded=149
[data_enhance_agent@localhost:5011] 12/06/2026 20:27:55.934 --> frame_id=31cf81fb-0ce enhanced and forwarded.
[data_enhance_agent@localhost:5011] 12/06/2026 20:27:55.938 --> frame_id=e07a92a3-0fd enhanced and forwarded.
[frame_selection_agent@localhost:5012] 12/06/2026 20:27:55.945 --> frame_id=12026040-90e DISCARDED (deleted from buffer). Discarded=319, Forwarded=149
[capture_agent@localhost:5010] 12/06/2026 20:27:55.952 --> [RESTART] Animal 39/100 entering scale.
RAM: svmem(total=17002643456, available=6998294528, percent=58.8, used=10004348928, free=5911003136, active=10265182208, inactive=549732352, buffers=59293696, cached=1157578752, shared=14696448, slab=99958784)
[data_enhance_agent@localhost:5011] 12/06/2026 20:27:56.406 --> frame_id=872f25c1-b69 enhanced and forwarded.
[frame_selection_agent@localhost:5012] 12/06/2026 20:27:56.421 --> frame_id=1318a6a8-cca DISCARDED (deleted from buffer). Discarded=320, Forwarded=149
CPU: [57.0, 33.6, 31.9, 33.6]
[data_enhance_agent@localhost:5011] 12/06/2026 20:27:57.001 --> frame_id=23be433d-ab0 enhanced and forwarded.
RAM: svmem(total=17002643456, available=6988808192, percent=58.9, used=10013835264, free=5901516800, active=10287022080, inactive=549732352, buffers=59293696, cached=1157578752, shared=14696448, slab=99958784)
[frame_selection_agent@localhost:5012] 12/06/2026 20:27:57.339 --> [SYNC] Expected 20 frames for animal 33
[predict_weight_agent@localhost:5013] 12/06/2026 20:27:57.597 --> [BATCH INFERENCE] Running full network on 6 frames for animal 22
[frame_selection_agent@localhost:5012] 12/06/2026 20:27:57.719 --> [SYNC] Expected 20 frames for animal 34
[frame_selection_agent@localhost:5012] 12/06/2026 20:27:57.749 --> frame_id=0cf4558d-886 DISCARDED (deleted from buffer). Discarded=321, Forwarded=149
[data_enhance_agent@localhost:5011] 12/06/2026 20:27:57.756 --> frame_id=101f1d6c-7cd enhanced and forwarded.
[frame_selection_agent@localhost:5012] 12/06/2026 20:27:57.809 --> frame_id=55858c05-717 DISCARDED (deleted from buffer). Discarded=322, Forwarded=149
CPU: [41.8, 48.5, 43.3, 40.2]
[frame_selection_agent@localhost:5012] 12/06/2026 20:27:58.256 --> frame_id=37407a8b-9f7 DISCARDED (deleted from buffer). Discarded=323, Forwarded=149
RAM: svmem(total=17002643456, available=7066927104, percent=58.4, used=9935716352, free=5979635712, active=10197434368, inactive=549732352, buffers=59293696, cached=1157578752, shared=14696448, slab=99958784)
[frame_selection_agent@localhost:5012] 12/06/2026 20:27:58.699 --> frame_id=c2af1acb-394 DISCARDED (deleted from buffer). Discarded=324, Forwarded=149
CPU: [41.0, 42.7, 46.2, 53.1]
[data_enhance_agent@localhost:5011] 12/06/2026 20:27:59.062 --> frame_id=1640a27b-249 enhanced and forwarded.
RAM: svmem(total=17002643456, available=7096877056, percent=58.3, used=9905766400, free=6009585664, active=10162765824, inactive=549732352, buffers=59293696, cached=1157578752, shared=14696448, slab=99958784)
[frame_selection_agent@localhost:5012] 12/06/2026 20:27:59.548 --> frame_id=d848d89a-6f1 DISCARDED (deleted from buffer). Discarded=325, Forwarded=149
[data_enhance_agent@localhost:5011] 12/06/2026 20:28:00.030 --> frame_id=1b60ae2e-7d7 enhanced and forwarded.
CPU: [42.2, 41.6, 41.0, 51.5]
RAM: svmem(total=17002643456, available=7105069056, percent=58.2, used=9897574400, free=6017777664, active=10162765824, inactive=549732352, buffers=59293696, cached=1157578752, shared=14696448, slab=99958784)
CPU: [45.9, 47.5, 45.4, 42.4]
RAM: svmem(total=17002643456, available=7082688512, percent=58.3, used=9919954944, free=5995397120, active=10195976192, inactive=549732352, buffers=59293696, cached=1157578752, shared=14696448, slab=99958784)
CPU: [44.0, 43.9, 48.1, 46.7]
[frame_selection_agent@localhost:5012] 12/06/2026 20:28:02.306 --> frame_id=4a46bfad-a2c DISCARDED (deleted from buffer). Discarded=326, Forwarded=149
RAM: svmem(total=17002643456, available=7025917952, percent=58.7, used=9976725504, free=5938626560, active=10240671744, inactive=549732352, buffers=59293696, cached=1157578752, shared=14696448, slab=99958784)
CPU: [46.6, 44.4, 47.7, 46.0]
RAM: svmem(total=17002643456, available=7012696064, percent=58.8, used=9989947392, free=5925404672, active=10250321920, inactive=549732352, buffers=59293696, cached=1157578752, shared=14696448, slab=99958784)
while handling timed call
Traceback (most recent call last):
  File "/home/ewertonsjp/.pyenv/versions/cv_vend_mas/lib/python3.12/site-packages/twisted/internet/base.py", line 1105, in runUntilCurrent
    call.func(*call.args, **call.kw)
  File "/home/ewertonsjp/projects/cv-system/mas/pade/core/new_ams.py", line 80, in on_time
    self.agent.agentInstance.table.pop(agent_name)
builtins.KeyError: 'capture_agent@localhost:5010'

CPU: [43.1, 42.0, 43.0, 43.8]
[frame_selection_agent@localhost:5012] 12/06/2026 20:28:04.362 --> frame_id=efb5be2f-859 DISCARDED (deleted from buffer). Discarded=327, Forwarded=149
RAM: svmem(total=17002643456, available=7013548032, percent=58.8, used=9989095424, free=5926240256, active=10250338304, inactive=549748736, buffers=59310080, cached=1157578752, shared=14696448, slab=99958784)
[frame_selection_agent@localhost:5012] 12/06/2026 20:28:04.527 --> frame_id=ca6fb626-ac7 DISCARDED (deleted from buffer). Discarded=328, Forwarded=149
[frame_selection_agent@localhost:5012] 12/06/2026 20:28:04.829 --> frame_id=2f7fcd0f-34d DISCARDED (deleted from buffer). Discarded=329, Forwarded=149
[frame_selection_agent@localhost:5012] 12/06/2026 20:28:04.843 --> [BATCH READY] Sent animal_id=25 to Predict!
CPU: [51.5, 55.0, 51.0, 51.5]
RAM: svmem(total=17002643456, available=7012646912, percent=58.8, used=9989996544, free=5925322752, active=10256433152, inactive=549765120, buffers=59310080, cached=1157595136, shared=14696448, slab=99958784)
[frame_selection_agent@localhost:5012] 12/06/2026 20:28:06.101 --> frame_id=2d618b8d-680 SUITABLE. Discarded=329, Forwarded=150
CPU: [63.5, 64.4, 65.7, 62.9]
[frame_selection_agent@localhost:5012] 12/06/2026 20:28:06.280 --> frame_id=1cb1e722-e1e SUITABLE. Discarded=329, Forwarded=151
RAM: svmem(total=17002643456, available=6990774272, percent=58.9, used=10011869184, free=5903450112, active=10290462720, inactive=549765120, buffers=59310080, cached=1157595136, shared=14696448, slab=99958784)
[frame_selection_agent@localhost:5012] 12/06/2026 20:28:06.613 --> frame_id=63f7a220-551 SUITABLE. Discarded=329, Forwarded=152
[frame_selection_agent@localhost:5012] 12/06/2026 20:28:06.821 --> frame_id=87b4df7b-b3c SUITABLE. Discarded=329, Forwarded=153
CPU: [55.2, 57.7, 56.1, 53.5]
[frame_selection_agent@localhost:5012] 12/06/2026 20:28:07.284 --> frame_id=0f99901c-0ea SUITABLE. Discarded=329, Forwarded=154
RAM: svmem(total=17002643456, available=7101251584, percent=58.2, used=9901391872, free=6013927424, active=10162782208, inactive=549765120, buffers=59310080, cached=1157595136, shared=14696448, slab=99958784)
CPU: [54.8, 54.3, 55.0, 55.1]
[frame_selection_agent@localhost:5012] 12/06/2026 20:28:08.356 --> frame_id=b0cd348f-901 DISCARDED (deleted from buffer). Discarded=330, Forwarded=154
RAM: svmem(total=17002643456, available=7102840832, percent=58.2, used=9899802624, free=6015516672, active=10162782208, inactive=549765120, buffers=59310080, cached=1157595136, shared=14696448, slab=99958784)
CPU: [55.8, 51.0, 56.7, 52.0]
[capture_agent@localhost:5010] 12/06/2026 20:28:09.431 --> [RESTART] Animal 40/100 entering scale.
RAM: svmem(total=17002643456, available=7111016448, percent=58.2, used=9891627008, free=6023692288, active=10162782208, inactive=549765120, buffers=59326464, cached=1157595136, shared=14696448, slab=99958784)
CPU: [53.8, 51.5, 52.5, 50.5]
RAM: svmem(total=17002643456, available=7048658944, percent=58.5, used=9953984512, free=5961318400, active=10250862592, inactive=549781504, buffers=59326464, cached=1157595136, shared=14696448, slab=99958784)
CPU: [48.0, 50.0, 49.0, 44.3]
[frame_selection_agent@localhost:5012] 12/06/2026 20:28:11.339 --> frame_id=c0c683a4-d8f DISCARDED (deleted from buffer). Discarded=331, Forwarded=154
RAM: svmem(total=17002643456, available=6992625664, percent=58.9, used=10010017792, free=5905285120, active=10293886976, inactive=549781504, buffers=59326464, cached=1157595136, shared=14696448, slab=99958784)
CPU: [49.0, 52.0, 52.4, 49.5]
RAM: svmem(total=17002643456, available=6971244544, percent=59.0, used=10031398912, free=5883904000, active=10302390272, inactive=549781504, buffers=59326464, cached=1157595136, shared=14696448, slab=99958784)
CPU: [42.6, 48.0, 48.1, 44.3]
[frame_selection_agent@localhost:5012] 12/06/2026 20:28:13.356 --> frame_id=e0884586-88f DISCARDED (deleted from buffer). Discarded=332, Forwarded=154
RAM: svmem(total=17002643456, available=6828703744, percent=59.8, used=10173939712, free=5741363200, active=10419077120, inactive=549781504, buffers=59326464, cached=1157595136, shared=14696448, slab=99958784)
[frame_selection_agent@localhost:5012] 12/06/2026 20:28:13.587 --> frame_id=4cdab3ca-72f DISCARDED (deleted from buffer). Discarded=333, Forwarded=154
[predict_weight_agent@localhost:5013] 12/06/2026 20:28:14.350 --> [FINAL] Animal 21 completed. Mean weight: 16.0062 kg
CPU: [48.5, 50.5, 51.4, 47.9]
RAM: svmem(total=17002643456, available=7026704384, percent=58.7, used=9975939072, free=5939363840, active=10208346112, inactive=549781504, buffers=59326464, cached=1157595136, shared=14696448, slab=99958784)
[frame_selection_agent@localhost:5012] 12/06/2026 20:28:14.869 --> frame_id=53e93240-18d DISCARDED (deleted from buffer). Discarded=334, Forwarded=154
[frame_selection_agent@localhost:5012] 12/06/2026 20:28:15.152 --> frame_id=aff8a69b-845 DISCARDED (deleted from buffer). Discarded=335, Forwarded=154
[data_enhance_agent@localhost:5011] 12/06/2026 20:28:15.211 --> frame_id=b27730c2-7c8 enhanced and forwarded.
CPU: [42.4, 46.5, 35.1, 40.8]
RAM: svmem(total=17002643456, available=7009026048, percent=58.8, used=9993617408, free=5921669120, active=10233217024, inactive=549797888, buffers=59342848, cached=1157595136, shared=14696448, slab=99958784)
[data_enhance_agent@localhost:5011] 12/06/2026 20:28:15.608 --> frame_id=6c7ca733-6ea enhanced and forwarded.
[frame_selection_agent@localhost:5012] 12/06/2026 20:28:15.617 --> frame_id=ae701da4-a32 DISCARDED (deleted from buffer). Discarded=336, Forwarded=154
[frame_selection_agent@localhost:5012] 12/06/2026 20:28:15.740 --> frame_id=0aca5546-375 DISCARDED (deleted from buffer). Discarded=337, Forwarded=154
[frame_selection_agent@localhost:5012] 12/06/2026 20:28:16.083 --> frame_id=fa665212-633 DISCARDED (deleted from buffer). Discarded=338, Forwarded=154
[data_enhance_agent@localhost:5011] 12/06/2026 20:28:16.103 --> frame_id=9ea02480-6f5 enhanced and forwarded.
CPU: [40.6, 59.6, 39.6, 44.1]
RAM: svmem(total=17002643456, available=7095222272, percent=58.3, used=9907421184, free=6007865344, active=10099245056, inactive=549797888, buffers=59342848, cached=1157595136, shared=14696448, slab=99958784)
[data_enhance_agent@localhost:5011] 12/06/2026 20:28:16.685 --> frame_id=969aca0d-2b3 enhanced and forwarded.
[frame_selection_agent@localhost:5012] 12/06/2026 20:28:17.037 --> frame_id=4feff2cb-6e0 DISCARDED (deleted from buffer). Discarded=339, Forwarded=154
CPU: [49.0, 50.5, 49.0, 50.0]
RAM: svmem(total=17002643456, available=7105150976, percent=58.2, used=9897492480, free=6017794048, active=10099245056, inactive=549797888, buffers=59342848, cached=1157595136, shared=14696448, slab=99958784)
CPU: [47.0, 48.1, 46.1, 46.2]
RAM: svmem(total=17002643456, available=7119470592, percent=58.1, used=9883172864, free=6032113664, active=10099245056, inactive=549797888, buffers=59342848, cached=1157595136, shared=14696448, slab=99958784)
CPU: [43.0, 47.6, 42.9, 46.1]
RAM: svmem(total=17002643456, available=7109263360, percent=58.2, used=9893380096, free=6021906432, active=10127458304, inactive=549797888, buffers=59342848, cached=1157595136, shared=14696448, slab=99958784)
[frame_selection_agent@localhost:5012] 12/06/2026 20:28:20.108 --> frame_id=842ee12d-b59 DISCARDED (deleted from buffer). Discarded=340, Forwarded=154
[data_enhance_agent@localhost:5011] 12/06/2026 20:28:20.466 --> frame_id=f5069b7e-269 enhanced and forwarded.
CPU: [39.6, 39.4, 48.0, 40.0]
RAM: svmem(total=17002643456, available=7090585600, percent=58.3, used=9912057856, free=6003228672, active=10165633024, inactive=549797888, buffers=59342848, cached=1157595136, shared=14696448, slab=99958784)
CPU: [43.0, 47.5, 45.5, 46.7]
RAM: svmem(total=17002643456, available=7087636480, percent=58.3, used=9915006976, free=6000279552, active=10174824448, inactive=549797888, buffers=59342848, cached=1157595136, shared=14696448, slab=99958784)
[frame_selection_agent@localhost:5012] 12/06/2026 20:28:22.264 --> frame_id=b60bd4b9-557 DISCARDED (deleted from buffer). Discarded=341, Forwarded=154
[frame_selection_agent@localhost:5012] 12/06/2026 20:28:22.431 --> frame_id=db091ede-1d4 DISCARDED (deleted from buffer). Discarded=342, Forwarded=154
CPU: [36.1, 41.2, 44.4, 37.8]
[data_enhance_agent@localhost:5011] 12/06/2026 20:28:22.602 --> frame_id=a9aedab0-79b enhanced and forwarded.
RAM: svmem(total=17002643456, available=7081328640, percent=58.4, used=9921314816, free=5993971712, active=10187063296, inactive=549797888, buffers=59342848, cached=1157595136, shared=14696448, slab=99958784)
[capture_agent@localhost:5010] 12/06/2026 20:28:22.729 --> [RESTART] Animal 41/100 entering scale.
[data_enhance_agent@localhost:5011] 12/06/2026 20:28:22.993 --> frame_id=a5f81145-58d enhanced and forwarded.
[data_enhance_agent@localhost:5011] 12/06/2026 20:28:23.245 --> frame_id=2b424c93-1ad enhanced and forwarded.
[frame_selection_agent@localhost:5012] 12/06/2026 20:28:23.527 --> frame_id=a308915f-78b DISCARDED (deleted from buffer). Discarded=343, Forwarded=154
[frame_selection_agent@localhost:5012] 12/06/2026 20:28:23.562 --> [BATCH READY] Sent animal_id=26 to Predict!
while handling timed call
Traceback (most recent call last):
  File "/home/ewertonsjp/.pyenv/versions/cv_vend_mas/lib/python3.12/site-packages/twisted/internet/base.py", line 1105, in runUntilCurrent
    call.func(*call.args, **call.kw)
  File "/home/ewertonsjp/projects/cv-system/mas/pade/core/new_ams.py", line 80, in on_time
    self.agent.agentInstance.table.pop(agent_name)
builtins.KeyError: 'capture_agent@localhost:5010'

CPU: [24.2, 48.0, 35.3, 30.8]
[data_enhance_agent@localhost:5011] 12/06/2026 20:28:23.662 --> frame_id=f0496642-df0 enhanced and forwarded.
RAM: svmem(total=17002643456, available=7067451392, percent=58.4, used=9935192064, free=5980094464, active=10208395264, inactive=549797888, buffers=59342848, cached=1157595136, shared=14696448, slab=100024320)
[data_enhance_agent@localhost:5011] 12/06/2026 20:28:24.022 --> frame_id=e97aaf37-ed9 enhanced and forwarded.
[data_enhance_agent@localhost:5011] 12/06/2026 20:28:24.126 --> frame_id=b49c12f0-353 enhanced and forwarded.
[data_enhance_agent@localhost:5011] 12/06/2026 20:28:24.446 --> frame_id=308f8242-6cc enhanced and forwarded.
[data_enhance_agent@localhost:5011] 12/06/2026 20:28:24.524 --> frame_id=613b0da2-0ff enhanced and forwarded.
[frame_selection_agent@localhost:5012] 12/06/2026 20:28:24.642 --> frame_id=6bf97e80-3bf SUITABLE. Discarded=343, Forwarded=155
CPU: [33.0, 29.9, 40.8, 27.6]
RAM: svmem(total=17002643456, available=7047708672, percent=58.5, used=9954934784, free=5960351744, active=10231758848, inactive=549797888, buffers=59342848, cached=1157595136, shared=14696448, slab=100024320)
[data_enhance_agent@localhost:5011] 12/06/2026 20:28:24.972 --> frame_id=58cb494f-e66 enhanced and forwarded.
[data_enhance_agent@localhost:5011] 12/06/2026 20:28:24.996 --> frame_id=14f946d7-c6a enhanced and forwarded.
[frame_selection_agent@localhost:5012] 12/06/2026 20:28:25.056 --> frame_id=0297b5c9-241 SUITABLE. Discarded=343, Forwarded=156
[data_enhance_agent@localhost:5011] 12/06/2026 20:28:25.696 --> frame_id=cb573d7a-845 enhanced and forwarded.
[frame_selection_agent@localhost:5012] 12/06/2026 20:28:25.699 --> frame_id=48f5167e-9a7 SUITABLE. Discarded=343, Forwarded=157
[data_enhance_agent@localhost:5011] 12/06/2026 20:28:25.727 --> frame_id=b9e6a4bb-abd enhanced and forwarded.
CPU: [34.9, 31.4, 37.4, 33.3]
RAM: svmem(total=17002643456, available=7080968192, percent=58.4, used=9921675264, free=5993611264, active=10200547328, inactive=549797888, buffers=59375616, cached=1157595136, shared=14696448, slab=100024320)
[data_enhance_agent@localhost:5011] 12/06/2026 20:28:26.060 --> frame_id=b68f5c9d-8da enhanced and forwarded.
[frame_selection_agent@localhost:5012] 12/06/2026 20:28:26.086 --> frame_id=fa5ae354-aa7 SUITABLE. Discarded=343, Forwarded=158
[data_enhance_agent@localhost:5011] 12/06/2026 20:28:26.120 --> frame_id=51db7735-be5 enhanced and forwarded.
[data_enhance_agent@localhost:5011] 12/06/2026 20:28:26.291 --> frame_id=d18257f1-4fc enhanced and forwarded.
[frame_selection_agent@localhost:5012] 12/06/2026 20:28:26.473 --> frame_id=44c405bc-8f0 SUITABLE. Discarded=343, Forwarded=159
[frame_selection_agent@localhost:5012] 12/06/2026 20:28:26.567 --> frame_id=055de8f2-a70 SUITABLE. Discarded=343, Forwarded=160
RAM: svmem(total=17002643456, available=7163953152, percent=57.9, used=9838690304, free=6076596224, active=10099310592, inactive=549797888, buffers=59375616, cached=1157595136, shared=14696448, slab=100024320)
CPU: [57.8, 50.0, 50.0, 51.0]
RAM: svmem(total=17002643456, available=7169802240, percent=57.8, used=9832841216, free=6082445312, active=10099310592, inactive=549797888, buffers=59375616, cached=1157595136, shared=14696448, slab=100024320)
CPU: [50.0, 49.0, 46.5, 50.0]
RAM: svmem(total=17002643456, available=7177256960, percent=57.8, used=9825386496, free=6089900032, active=10099310592, inactive=549797888, buffers=59375616, cached=1157595136, shared=14696448, slab=100024320)
CPU: [39.8, 43.3, 45.0, 39.8]
RAM: svmem(total=17002643456, available=7175421952, percent=57.8, used=9827221504, free=6088032256, active=10118463488, inactive=549830656, buffers=59375616, cached=1157595136, shared=14696448, slab=100024320)
CPU: [45.5, 48.1, 47.0, 46.5]
[frame_selection_agent@localhost:5012] 12/06/2026 20:28:30.623 --> frame_id=af6b5e4d-8ec DISCARDED (deleted from buffer). Discarded=344, Forwarded=160
[data_enhance_agent@localhost:5011] 12/06/2026 20:28:30.807 --> frame_id=b6f40475-5bc enhanced and forwarded.
RAM: svmem(total=17002643456, available=7147159552, percent=58.0, used=9855483904, free=6059769856, active=10154131456, inactive=549830656, buffers=59392000, cached=1157595136, shared=14696448, slab=100024320)
CPU: [35.4, 41.4, 44.8, 39.0]
[data_enhance_agent@localhost:5011] 12/06/2026 20:28:31.126 --> frame_id=ccc3d9f6-000 enhanced and forwarded.
[data_enhance_agent@localhost:5011] 12/06/2026 20:28:31.624 --> frame_id=c3a2fc6a-a21 enhanced and forwarded.
[data_enhance_agent@localhost:5011] 12/06/2026 20:28:31.790 --> frame_id=ebe22f3e-48e enhanced and forwarded.
RAM: svmem(total=17002643456, available=7130955776, percent=58.1, used=9871687680, free=6043549696, active=10174283776, inactive=549847040, buffers=59392000, cached=1157595136, shared=14696448, slab=100024320)
CPU: [35.6, 34.3, 37.6, 36.7]
[data_enhance_agent@localhost:5011] 12/06/2026 20:28:32.102 --> frame_id=cf89ad7d-62b enhanced and forwarded.
[data_enhance_agent@localhost:5011] 12/06/2026 20:28:32.459 --> frame_id=dde42839-caa enhanced and forwarded.
[data_enhance_agent@localhost:5011] 12/06/2026 20:28:32.775 --> frame_id=d663b560-d73 enhanced and forwarded.
RAM: svmem(total=17002643456, available=7130955776, percent=58.1, used=9871687680, free=6043549696, active=10175234048, inactive=549847040, buffers=59392000, cached=1157595136, shared=14696448, slab=100024320)
CPU: [33.0, 40.0, 28.0, 38.8]
[data_enhance_agent@localhost:5011] 12/06/2026 20:28:33.097 --> frame_id=30a92b21-a74 enhanced and forwarded.
[data_enhance_agent@localhost:5011] 12/06/2026 20:28:33.409 --> frame_id=359ce0b3-0b3 enhanced and forwarded.
[frame_selection_agent@localhost:5012] 12/06/2026 20:28:33.682 --> frame_id=79f2fa63-20e DISCARDED (deleted from buffer). Discarded=345, Forwarded=160
[data_enhance_agent@localhost:5011] 12/06/2026 20:28:33.730 --> frame_id=35ea7218-c3d enhanced and forwarded.
RAM: svmem(total=17002643456, available=7125057536, percent=58.1, used=9877585920, free=6037651456, active=10186031104, inactive=549847040, buffers=59392000, cached=1157595136, shared=14696448, slab=100024320)
CPU: [22.5, 26.0, 43.1, 38.1]
[data_enhance_agent@localhost:5011] 12/06/2026 20:28:34.215 --> frame_id=c866cea2-639 enhanced and forwarded.
[data_enhance_agent@localhost:5011] 12/06/2026 20:28:34.224 --> frame_id=fe5d90ea-65e enhanced and forwarded.
[data_enhance_agent@localhost:5011] 12/06/2026 20:28:34.604 --> frame_id=4459a293-838 enhanced and forwarded.
[data_enhance_agent@localhost:5011] 12/06/2026 20:28:34.760 --> frame_id=27387006-c9c enhanced and forwarded.
[data_enhance_agent@localhost:5011] 12/06/2026 20:28:34.979 --> frame_id=6ee34782-bf9 enhanced and forwarded.
RAM: svmem(total=17002643456, available=7110066176, percent=58.2, used=9892577280, free=6022660096, active=10200039424, inactive=549847040, buffers=59392000, cached=1157595136, shared=14696448, slab=100024320)
CPU: [31.4, 49.1, 35.0, 41.3]
[frame_selection_agent@localhost:5012] 12/06/2026 20:28:35.195 --> frame_id=3c4e7436-0ac DISCARDED (deleted from buffer). Discarded=346, Forwarded=160
[data_enhance_agent@localhost:5011] 12/06/2026 20:28:35.518 --> frame_id=a829aed8-b17 enhanced and forwarded.
[data_enhance_agent@localhost:5011] 12/06/2026 20:28:35.755 --> frame_id=1547fc13-eb8 enhanced and forwarded.
[data_enhance_agent@localhost:5011] 12/06/2026 20:28:35.998 --> frame_id=a9e6a96a-b37 enhanced and forwarded.
[capture_agent@localhost:5010] 12/06/2026 20:28:36.019 --> [RESTART] Animal 42/100 entering scale.
RAM: svmem(total=17002643456, available=6943457280, percent=59.2, used=10059186176, free=5856034816, active=10338418688, inactive=549863424, buffers=59392000, cached=1157611520, shared=14696448, slab=100024320)
CPU: [35.6, 34.3, 43.5, 60.0]
[data_enhance_agent@localhost:5011] 12/06/2026 20:28:36.261 --> frame_id=6d1ce61d-36d enhanced and forwarded.
[frame_selection_agent@localhost:5012] 12/06/2026 20:28:36.285 --> frame_id=87aa7455-912 DISCARDED (deleted from buffer). Discarded=347, Forwarded=160
[data_enhance_agent@localhost:5011] 12/06/2026 20:28:36.334 --> frame_id=3922d6d9-246 enhanced and forwarded.
[frame_selection_agent@localhost:5012] 12/06/2026 20:28:36.688 --> frame_id=6a0f40d0-4a4 DISCARDED (deleted from buffer). Discarded=348, Forwarded=160
[frame_selection_agent@localhost:5012] 12/06/2026 20:28:36.705 --> frame_id=1d81fbca-16e DISCARDED (deleted from buffer). Discarded=349, Forwarded=160
RAM: svmem(total=17002643456, available=6742032384, percent=60.3, used=10260611072, free=5654609920, active=10528538624, inactive=549863424, buffers=59392000, cached=1157611520, shared=14696448, slab=100024320)
[frame_selection_agent@localhost:5012] 12/06/2026 20:28:37.165 --> frame_id=b86ba841-929 DISCARDED (deleted from buffer). Discarded=350, Forwarded=160
[frame_selection_agent@localhost:5012] 12/06/2026 20:28:37.197 --> [SYNC] Expected 20 frames for animal 35
CPU: [64.3, 57.7, 60.8, 56.4]
[data_enhance_agent@localhost:5011] 12/06/2026 20:28:37.383 --> frame_id=475b41b2-7ba enhanced and forwarded.
[frame_selection_agent@localhost:5012] 12/06/2026 20:28:37.422 --> frame_id=d68df612-6c9 DISCARDED (deleted from buffer). Discarded=351, Forwarded=160
[frame_selection_agent@localhost:5012] 12/06/2026 20:28:37.719 --> frame_id=226e73da-7a7 DISCARDED (deleted from buffer). Discarded=352, Forwarded=160
RAM: svmem(total=17002643456, available=6750830592, percent=60.3, used=10251812864, free=5663408128, active=10442932224, inactive=549863424, buffers=59392000, cached=1157611520, shared=14696448, slab=100089856)
CPU: [49.0, 43.3, 52.9, 42.0]
[frame_selection_agent@localhost:5012] 12/06/2026 20:28:38.387 --> frame_id=c1cc65ec-91e DISCARDED (deleted from buffer). Discarded=353, Forwarded=160
RAM: svmem(total=17002643456, available=6715555840, percent=60.5, used=10287087616, free=5628133376, active=10485596160, inactive=549863424, buffers=59392000, cached=1157611520, shared=14696448, slab=100089856)
CPU: [35.0, 37.5, 39.0, 34.3]
[data_enhance_agent@localhost:5011] 12/06/2026 20:28:39.834 --> frame_id=745836c3-a69 enhanced and forwarded.
[data_enhance_agent@localhost:5011] 12/06/2026 20:28:39.842 --> frame_id=9929f808-46d enhanced and forwarded.
[data_enhance_agent@localhost:5011] 12/06/2026 20:28:39.844 --> frame_id=5ebfda4a-56d enhanced and forwarded.
[data_enhance_agent@localhost:5011] 12/06/2026 20:28:39.851 --> frame_id=c6723993-09c enhanced and forwarded.
[data_enhance_agent@localhost:5011] 12/06/2026 20:28:39.893 --> frame_id=7a61adf2-6e5 enhanced and forwarded.
[data_enhance_agent@localhost:5011] 12/06/2026 20:28:39.927 --> frame_id=c730603d-767 enhanced and forwarded.
[data_enhance_agent@localhost:5011] 12/06/2026 20:28:39.948 --> frame_id=f7c099ee-57c enhanced and forwarded.
RAM: svmem(total=17002643456, available=6624149504, percent=61.0, used=10378493952, free=5536727040, active=10580574208, inactive=549863424, buffers=59392000, cached=1157611520, shared=14696448, slab=100089856)
CPU: [37.3, 34.7, 35.0, 30.1]
RAM: svmem(total=17002643456, available=6497091584, percent=61.8, used=10505551872, free=5409669120, active=10736156672, inactive=549863424, buffers=59392000, cached=1157611520, shared=14696448, slab=100089856)
CPU: [38.4, 46.9, 42.6, 48.5]
[data_enhance_agent@localhost:5011] 12/06/2026 20:28:41.654 --> frame_id=fd9da161-8af enhanced and forwarded.
[data_enhance_agent@localhost:5011] 12/06/2026 20:28:41.666 --> frame_id=63b669db-d65 enhanced and forwarded.
[data_enhance_agent@localhost:5011] 12/06/2026 20:28:41.675 --> frame_id=bcabeff3-13b enhanced and forwarded.
[data_enhance_agent@localhost:5011] 12/06/2026 20:28:41.692 --> frame_id=f8c5e91a-8f9 enhanced and forwarded.
[data_enhance_agent@localhost:5011] 12/06/2026 20:28:41.709 --> frame_id=8f430e18-8ab enhanced and forwarded.
[data_enhance_agent@localhost:5011] 12/06/2026 20:28:41.719 --> frame_id=68b18a17-451 enhanced and forwarded.
[frame_selection_agent@localhost:5012] 12/06/2026 20:28:42.121 --> [SYNC] Expected 19 frames for animal 36
RAM: svmem(total=17002643456, available=6301777920, percent=62.9, used=10700865536, free=5214339072, active=10955653120, inactive=549879808, buffers=59408384, cached=1157611520, shared=14696448, slab=100024320)
CPU: [55.3, 53.9, 55.3, 54.8]
[predict_weight_agent@localhost:5013] 12/06/2026 20:28:42.390 --> [BATCH INFERENCE] Running full network on 6 frames for animal 23
[frame_selection_agent@localhost:5012] 12/06/2026 20:28:42.794 --> [SYNC] Expected 20 frames for animal 37
RAM: svmem(total=17002643456, available=6205505536, percent=63.5, used=10797137920, free=5118050304, active=11069538304, inactive=549879808, buffers=59408384, cached=1157627904, shared=14696448, slab=100106240)
CPU: [48.0, 45.4, 48.0, 49.0]
while handling timed call
Traceback (most recent call last):
  File "/home/ewertonsjp/.pyenv/versions/cv_vend_mas/lib/python3.12/site-packages/twisted/internet/base.py", line 1105, in runUntilCurrent
    call.func(*call.args, **call.kw)
  File "/home/ewertonsjp/projects/cv-system/mas/pade/core/new_ams.py", line 80, in on_time
    self.agent.agentInstance.table.pop(agent_name)
builtins.KeyError: 'capture_agent@localhost:5010'

RAM: svmem(total=17002643456, available=6204276736, percent=63.5, used=10798366720, free=5116821504, active=11074240512, inactive=549879808, buffers=59408384, cached=1157627904, shared=14696448, slab=100106240)
CPU: [45.4, 46.0, 43.7, 44.9]
RAM: svmem(total=17002643456, available=6163480576, percent=63.7, used=10839162880, free=5076025344, active=11128520704, inactive=549879808, buffers=59408384, cached=1157627904, shared=14696448, slab=100106240)
CPU: [47.4, 46.5, 45.9, 44.6]
RAM: svmem(total=17002643456, available=5968592896, percent=64.9, used=11034050560, free=4881137664, active=11310301184, inactive=549879808, buffers=59408384, cached=1157627904, shared=14696448, slab=100106240)
CPU: [47.1, 47.0, 48.1, 47.0]
[predict_weight_agent@localhost:5013] 12/06/2026 20:28:46.808 --> [FINAL] Animal 22 completed. Mean weight: 16.0062 kg
[frame_selection_agent@localhost:5012] 12/06/2026 20:28:46.859 --> frame_id=005ab71f-b03 DISCARDED (deleted from buffer). Discarded=354, Forwarded=160
[frame_selection_agent@localhost:5012] 12/06/2026 20:28:47.109 --> frame_id=9aa6eb6e-2a7 DISCARDED (deleted from buffer). Discarded=355, Forwarded=160
[data_enhance_agent@localhost:5011] 12/06/2026 20:28:47.159 --> frame_id=fd5c7954-3cf enhanced and forwarded.
RAM: svmem(total=17002643456, available=5967806464, percent=64.9, used=11034836992, free=4880334848, active=11173642240, inactive=549896192, buffers=59424768, cached=1157627904, shared=14696448, slab=100106240)
[frame_selection_agent@localhost:5012] 12/06/2026 20:28:47.364 --> frame_id=2c96c5bd-d5c SUITABLE. Discarded=355, Forwarded=161
[frame_selection_agent@localhost:5012] 12/06/2026 20:28:47.412 --> frame_id=40c160dc-b1a DISCARDED (deleted from buffer). Discarded=356, Forwarded=161
CPU: [30.6, 35.3, 34.3, 50.5]
[data_enhance_agent@localhost:5011] 12/06/2026 20:28:47.979 --> frame_id=654cf790-262 enhanced and forwarded.
RAM: svmem(total=17002643456, available=5971345408, percent=64.9, used=11031298048, free=4883873792, active=11140268032, inactive=549896192, buffers=59424768, cached=1157627904, shared=14696448, slab=100106240)
[frame_selection_agent@localhost:5012] 12/06/2026 20:28:48.332 --> frame_id=096cd7ea-6e9 DISCARDED (deleted from buffer). Discarded=357, Forwarded=161
[frame_selection_agent@localhost:5012] 12/06/2026 20:28:48.344 --> [BATCH READY] Sent animal_id=27 to Predict!
[data_enhance_agent@localhost:5011] 12/06/2026 20:28:48.360 --> frame_id=ec2bf496-10d enhanced and forwarded.
[data_enhance_agent@localhost:5011] 12/06/2026 20:28:48.362 --> frame_id=3cefae5f-cb2 enhanced and forwarded.
CPU: [35.6, 30.2, 45.1, 28.0]
[data_enhance_agent@localhost:5011] 12/06/2026 20:28:48.740 --> frame_id=01f92936-a54 enhanced and forwarded.
[data_enhance_agent@localhost:5011] 12/06/2026 20:28:48.745 --> frame_id=e60b58e2-177 enhanced and forwarded.
[frame_selection_agent@localhost:5012] 12/06/2026 20:28:48.749 --> frame_id=10c98aea-d5a SUITABLE. Discarded=357, Forwarded=162
[data_enhance_agent@localhost:5011] 12/06/2026 20:28:48.756 --> frame_id=6c9b7029-a9a enhanced and forwarded.
[frame_selection_agent@localhost:5012] 12/06/2026 20:28:48.809 --> frame_id=2fbb3481-e9f SUITABLE. Discarded=357, Forwarded=163
[data_enhance_agent@localhost:5011] 12/06/2026 20:28:49.067 --> frame_id=0de93c18-658 enhanced and forwarded.
[data_enhance_agent@localhost:5011] 12/06/2026 20:28:49.148 --> frame_id=f9048c41-93b enhanced and forwarded.
[capture_agent@localhost:5010] 12/06/2026 20:28:49.270 --> [RESTART] Animal 43/100 entering scale.
RAM: svmem(total=17002643456, available=5978963968, percent=64.8, used=11023679488, free=4891508736, active=11140268032, inactive=549896192, buffers=59424768, cached=1157611520, shared=14696448, slab=100024320)
[data_enhance_agent@localhost:5011] 12/06/2026 20:28:49.532 --> frame_id=d025e5b1-216 enhanced and forwarded.
CPU: [43.9, 43.6, 49.5, 57.4]
RAM: svmem(total=17002643456, available=5980061696, percent=64.8, used=11022581760, free=4892606464, active=11147837440, inactive=549896192, buffers=59424768, cached=1157611520, shared=14696448, slab=100024320)
[frame_selection_agent@localhost:5012] 12/06/2026 20:28:50.505 --> frame_id=e0a590df-d03 SUITABLE. Discarded=357, Forwarded=164
CPU: [47.5, 50.0, 46.5, 47.4]
[frame_selection_agent@localhost:5012] 12/06/2026 20:28:51.036 --> frame_id=290387b1-daa SUITABLE. Discarded=357, Forwarded=165
RAM: svmem(total=17002643456, available=6042910720, percent=64.5, used=10959732736, free=4955455488, active=11048812544, inactive=549896192, buffers=59424768, cached=1157611520, shared=14696448, slab=100024320)
[data_enhance_agent@localhost:5011] 12/06/2026 20:28:51.456 --> frame_id=c193ed35-a63 enhanced and forwarded.
CPU: [52.0, 41.7, 39.4, 41.6]
RAM: svmem(total=17002643456, available=6045843456, percent=64.4, used=10956800000, free=4958388224, active=11048812544, inactive=549896192, buffers=59441152, cached=1157611520, shared=14696448, slab=100024320)
CPU: [48.1, 45.9, 43.2, 46.5]
RAM: svmem(total=17002643456, available=6063128576, percent=64.3, used=10939514880, free=4975656960, active=11048812544, inactive=549912576, buffers=59441152, cached=1157611520, shared=14696448, slab=100024320)
CPU: [44.6, 42.6, 45.5, 44.1]
RAM: svmem(total=17002643456, available=6064865280, percent=64.3, used=10937778176, free=4977393664, active=11071946752, inactive=549912576, buffers=59441152, cached=1157611520, shared=14696448, slab=100024320)
CPU: [42.0, 38.5, 45.0, 40.0]
RAM: svmem(total=17002643456, available=6064357376, percent=64.3, used=10938286080, free=4976885760, active=11125800960, inactive=549912576, buffers=59441152, cached=1157611520, shared=14696448, slab=100024320)
CPU: [39.8, 43.0, 39.6, 43.4]
RAM: svmem(total=17002643456, available=6057721856, percent=64.4, used=10944921600, free=4970250240, active=11172593664, inactive=549912576, buffers=59441152, cached=1157611520, shared=14696448, slab=100024320)
[frame_selection_agent@localhost:5012] 12/06/2026 20:28:56.463 --> frame_id=48f6aa01-892 DISCARDED (deleted from buffer). Discarded=358, Forwarded=165
[frame_selection_agent@localhost:5012] 12/06/2026 20:28:56.466 --> frame_id=65ac0d94-d2c SUITABLE. Discarded=358, Forwarded=166
[frame_selection_agent@localhost:5012] 12/06/2026 20:28:56.809 --> frame_id=e77edf68-e31 DISCARDED (deleted from buffer). Discarded=359, Forwarded=166
CPU: [42.5, 43.4, 47.1, 44.9]
[frame_selection_agent@localhost:5012] 12/06/2026 20:28:57.047 --> frame_id=ee122db0-b25 DISCARDED (deleted from buffer). Discarded=360, Forwarded=166
[data_enhance_agent@localhost:5011] 12/06/2026 20:28:57.089 --> frame_id=ca05471d-ea5 enhanced and forwarded.
[data_enhance_agent@localhost:5011] 12/06/2026 20:28:57.423 --> frame_id=42c7ecc4-d54 enhanced and forwarded.
[frame_selection_agent@localhost:5012] 12/06/2026 20:28:57.442 --> frame_id=9d98df8d-c57 DISCARDED (deleted from buffer). Discarded=361, Forwarded=166
RAM: svmem(total=17002643456, available=6094143488, percent=64.2, used=10908499968, free=5006671872, active=11140448256, inactive=549912576, buffers=59441152, cached=1157611520, shared=14696448, slab=100089856)
[frame_selection_agent@localhost:5012] 12/06/2026 20:28:57.493 --> frame_id=2fc5cd89-03c DISCARDED (deleted from buffer). Discarded=362, Forwarded=166
[frame_selection_agent@localhost:5012] 12/06/2026 20:28:57.592 --> frame_id=b426132c-210 DISCARDED (deleted from buffer). Discarded=363, Forwarded=166
CPU: [46.5, 45.5, 45.5, 71.0]
[frame_selection_agent@localhost:5012] 12/06/2026 20:28:57.994 --> frame_id=d227e310-a28 DISCARDED (deleted from buffer). Discarded=364, Forwarded=166
[data_enhance_agent@localhost:5011] 12/06/2026 20:28:57.994 --> frame_id=be820724-aaa enhanced and forwarded.
RAM: svmem(total=17002643456, available=6098239488, percent=64.1, used=10904403968, free=5010767872, active=11140448256, inactive=549912576, buffers=59441152, cached=1157611520, shared=14696448, slab=100089856)
CPU: [70.4, 67.7, 68.7, 67.6]
[frame_selection_agent@localhost:5012] 12/06/2026 20:28:59.269 --> frame_id=c4938024-c22 DISCARDED (deleted from buffer). Discarded=365, Forwarded=166
RAM: svmem(total=17002643456, available=6101581824, percent=64.1, used=10901061632, free=5014110208, active=11148378112, inactive=549912576, buffers=59441152, cached=1157611520, shared=14696448, slab=100089856)
[frame_selection_agent@localhost:5012] 12/06/2026 20:28:59.854 --> frame_id=434af95c-a99 DISCARDED (deleted from buffer). Discarded=366, Forwarded=166
CPU: [46.1, 46.5, 55.6, 45.0]
[data_enhance_agent@localhost:5011] 12/06/2026 20:29:00.181 --> frame_id=d8f9a261-7ec enhanced and forwarded.
RAM: svmem(total=17002643456, available=6198853632, percent=63.5, used=10803789824, free=5111382016, active=11048992768, inactive=549912576, buffers=59441152, cached=1157611520, shared=14696448, slab=100089856)
[data_enhance_agent@localhost:5011] 12/06/2026 20:29:00.543 --> frame_id=a65b91b3-956 enhanced and forwarded.
[data_enhance_agent@localhost:5011] 12/06/2026 20:29:00.863 --> frame_id=eea676bc-200 enhanced and forwarded.
CPU: [33.0, 48.0, 44.1, 28.7]
[data_enhance_agent@localhost:5011] 12/06/2026 20:29:01.213 --> frame_id=70f357cb-e4a enhanced and forwarded.
[data_enhance_agent@localhost:5011] 12/06/2026 20:29:01.529 --> frame_id=3c662adf-e10 enhanced and forwarded.
RAM: svmem(total=17002643456, available=6202867712, percent=63.5, used=10799775744, free=5115396096, active=11048992768, inactive=549912576, buffers=59441152, cached=1157611520, shared=14696448, slab=100089856)
[data_enhance_agent@localhost:5011] 12/06/2026 20:29:01.907 --> frame_id=bf6f9102-084 enhanced and forwarded.
CPU: [31.3, 38.5, 50.0, 44.3]
[data_enhance_agent@localhost:5011] 12/06/2026 20:29:02.299 --> frame_id=41115c2a-e59 enhanced and forwarded.
[capture_agent@localhost:5010] 12/06/2026 20:29:02.422 --> [RESTART] Animal 44/100 entering scale.
RAM: svmem(total=17002643456, available=6212222976, percent=63.5, used=10790420480, free=5124751360, active=11048992768, inactive=549912576, buffers=59457536, cached=1157611520, shared=14696448, slab=100089856)
[data_enhance_agent@localhost:5011] 12/06/2026 20:29:02.679 --> frame_id=96b3812b-d2d enhanced and forwarded.
[data_enhance_agent@localhost:5011] 12/06/2026 20:29:03.032 --> frame_id=6f292ec9-7d0 enhanced and forwarded.
CPU: [42.0, 42.6, 45.5, 49.1]
RAM: svmem(total=17002643456, available=6228115456, percent=63.4, used=10774528000, free=5140627456, active=11048992768, inactive=549928960, buffers=59457536, cached=1157611520, shared=14696448, slab=100089856)
while handling timed call
Traceback (most recent call last):
  File "/home/ewertonsjp/.pyenv/versions/cv_vend_mas/lib/python3.12/site-packages/twisted/internet/base.py", line 1105, in runUntilCurrent
    call.func(*call.args, **call.kw)
  File "/home/ewertonsjp/projects/cv-system/mas/pade/core/new_ams.py", line 80, in on_time
    self.agent.agentInstance.table.pop(agent_name)
builtins.KeyError: 'capture_agent@localhost:5010'

CPU: [51.5, 55.9, 53.0, 57.8]
RAM: svmem(total=17002643456, available=6174801920, percent=63.7, used=10827841536, free=5087297536, active=11126538240, inactive=549945344, buffers=59457536, cached=1157627904, shared=14696448, slab=100089856)
CPU: [45.5, 45.9, 49.5, 49.5]
RAM: svmem(total=17002643456, available=6166691840, percent=63.7, used=10835951616, free=5079187456, active=11135926272, inactive=549945344, buffers=59457536, cached=1157627904, shared=14696448, slab=100089856)
CPU: [47.1, 46.4, 46.5, 46.0]
RAM: svmem(total=17002643456, available=5996625920, percent=64.7, used=11006017536, free=4909121536, active=11272060928, inactive=549945344, buffers=59457536, cached=1157627904, shared=14696448, slab=100089856)
[frame_selection_agent@localhost:5012] 12/06/2026 20:29:06.827 --> frame_id=9f6fd9aa-dba DISCARDED (deleted from buffer). Discarded=367, Forwarded=166
[data_enhance_agent@localhost:5011] 12/06/2026 20:29:07.106 --> frame_id=20843c7c-09d enhanced and forwarded.
[frame_selection_agent@localhost:5012] 12/06/2026 20:29:07.113 --> frame_id=1996a65c-c58 DISCARDED (deleted from buffer). Discarded=368, Forwarded=166
CPU: [40.0, 42.9, 43.4, 54.4]
[frame_selection_agent@localhost:5012] 12/06/2026 20:29:07.331 --> frame_id=564123a4-155 DISCARDED (deleted from buffer). Discarded=369, Forwarded=166
[data_enhance_agent@localhost:5011] 12/06/2026 20:29:07.555 --> frame_id=593f9831-c2e enhanced and forwarded.
[frame_selection_agent@localhost:5012] 12/06/2026 20:29:07.599 --> frame_id=e8755884-aef DISCARDED (deleted from buffer). Discarded=370, Forwarded=166
RAM: svmem(total=17002643456, available=5861474304, percent=65.5, used=11141169152, free=4773937152, active=11363041280, inactive=549961728, buffers=59473920, cached=1157644288, shared=14696448, slab=100106240)
[frame_selection_agent@localhost:5012] 12/06/2026 20:29:07.843 --> frame_id=949d0437-b05 SUITABLE. Discarded=370, Forwarded=167
[frame_selection_agent@localhost:5012] 12/06/2026 20:29:07.966 --> frame_id=a51d120b-1a0 DISCARDED (deleted from buffer). Discarded=371, Forwarded=167
[frame_selection_agent@localhost:5012] 12/06/2026 20:29:07.974 --> [BATCH READY] Sent animal_id=28 to Predict!
[data_enhance_agent@localhost:5011] 12/06/2026 20:29:08.170 --> frame_id=ae3e218b-feb enhanced and forwarded.
[frame_selection_agent@localhost:5012] 12/06/2026 20:29:08.196 --> frame_id=6a828c4a-1c2 SUITABLE. Discarded=371, Forwarded=168
CPU: [52.5, 41.6, 41.6, 50.5]
[predict_weight_agent@localhost:5013] 12/06/2026 20:29:08.286 --> [FINAL] Animal 23 completed. Mean weight: 16.0062 kg
[data_enhance_agent@localhost:5011] 12/06/2026 20:29:08.319 --> frame_id=9653bc3c-387 enhanced and forwarded.
RAM: svmem(total=17002643456, available=5951520768, percent=65.0, used=11051122688, free=4863983616, active=11266064384, inactive=549961728, buffers=59473920, cached=1157644288, shared=14696448, slab=100106240)
[data_enhance_agent@localhost:5011] 12/06/2026 20:29:08.742 --> frame_id=0d401f4b-4f2 enhanced and forwarded.
CPU: [47.5, 47.0, 44.9, 63.5]
[data_enhance_agent@localhost:5011] 12/06/2026 20:29:09.640 --> frame_id=53885b70-136 enhanced and forwarded.
[frame_selection_agent@localhost:5012] 12/06/2026 20:29:09.673 --> frame_id=33acebf1-376 SUITABLE. Discarded=371, Forwarded=169
RAM: svmem(total=17002643456, available=5951291392, percent=65.0, used=11051352064, free=4863754240, active=11266064384, inactive=549961728, buffers=59473920, cached=1157644288, shared=14696448, slab=100106240)
CPU: [44.0, 48.5, 49.5, 49.5]
RAM: svmem(total=17002643456, available=5954732032, percent=65.0, used=11047911424, free=4867194880, active=11266064384, inactive=549961728, buffers=59473920, cached=1157644288, shared=14696448, slab=100106240)
CPU: [42.7, 45.5, 41.8, 43.9]
RAM: svmem(total=17002643456, available=5950308352, percent=65.0, used=11052335104, free=4862771200, active=11282825216, inactive=549961728, buffers=59473920, cached=1157644288, shared=14696448, slab=100106240)
CPU: [47.0, 43.0, 48.5, 49.0]
[frame_selection_agent@localhost:5012] 12/06/2026 20:29:12.379 --> frame_id=7cfb48d1-bef SUITABLE. Discarded=371, Forwarded=170
RAM: svmem(total=17002643456, available=6047399936, percent=64.4, used=10955243520, free=4959846400, active=11176706048, inactive=549978112, buffers=59490304, cached=1157644288, shared=14696448, slab=100171776)
CPU: [47.1, 49.0, 50.0, 45.5]
RAM: svmem(total=17002643456, available=6047776768, percent=64.4, used=10954866688, free=4960223232, active=11176706048, inactive=549978112, buffers=59490304, cached=1157644288, shared=14696448, slab=100171776)
CPU: [39.6, 44.1, 42.2, 41.8]
RAM: svmem(total=17002643456, available=6052986880, percent=64.4, used=10949656576, free=4965433344, active=11186356224, inactive=549978112, buffers=59490304, cached=1157644288, shared=14696448, slab=100171776)
CPU: [39.4, 44.7, 41.2, 41.0]
[frame_selection_agent@localhost:5012] 12/06/2026 20:29:15.701 --> frame_id=4e2cad93-c5b SUITABLE. Discarded=371, Forwarded=171
RAM: svmem(total=17002643456, available=6020055040, percent=64.6, used=10982588416, free=4932501504, active=11261018112, inactive=549978112, buffers=59490304, cached=1157644288, shared=14696448, slab=100171776)
[capture_agent@localhost:5010] 12/06/2026 20:29:15.910 --> [RESTART] Animal 45/100 entering scale.
[frame_selection_agent@localhost:5012] 12/06/2026 20:29:16.035 --> frame_id=3af0e4b8-5a8 DISCARDED (deleted from buffer). Discarded=372, Forwarded=171
[frame_selection_agent@localhost:5012] 12/06/2026 20:29:16.157 --> frame_id=d3b97c34-13b SUITABLE. Discarded=372, Forwarded=172
[frame_selection_agent@localhost:5012] 12/06/2026 20:29:16.196 --> frame_id=cedc9fbc-a4c DISCARDED (deleted from buffer). Discarded=373, Forwarded=172
[frame_selection_agent@localhost:5012] 12/06/2026 20:29:16.280 --> frame_id=028403c4-77d DISCARDED (deleted from buffer). Discarded=374, Forwarded=172
[frame_selection_agent@localhost:5012] 12/06/2026 20:29:16.305 --> frame_id=f5791a69-03f DISCARDED (deleted from buffer). Discarded=375, Forwarded=172
[frame_selection_agent@localhost:5012] 12/06/2026 20:29:16.329 --> frame_id=e020055f-270 DISCARDED (deleted from buffer). Discarded=376, Forwarded=172
CPU: [53.4, 49.0, 52.0, 49.5]
RAM: svmem(total=17002643456, available=6026215424, percent=64.6, used=10976428032, free=4938661888, active=11263410176, inactive=549978112, buffers=59490304, cached=1157644288, shared=14696448, slab=100171776)
[frame_selection_agent@localhost:5012] 12/06/2026 20:29:17.234 --> frame_id=4a9c65e1-2d0 DISCARDED (deleted from buffer). Discarded=377, Forwarded=172
CPU: [60.8, 58.6, 62.5, 57.8]
[frame_selection_agent@localhost:5012] 12/06/2026 20:29:17.664 --> frame_id=3e4549fb-156 DISCARDED (deleted from buffer). Discarded=378, Forwarded=172
RAM: svmem(total=17002643456, available=6021545984, percent=64.6, used=10981097472, free=4933992448, active=11271290880, inactive=549978112, buffers=59506688, cached=1157644288, shared=14696448, slab=100171776)
CPU: [45.5, 49.5, 45.5, 46.9]
RAM: svmem(total=17002643456, available=6021939200, percent=64.6, used=10980704256, free=4934385664, active=11271290880, inactive=549978112, buffers=59506688, cached=1157644288, shared=14696448, slab=100171776)
CPU: [41.7, 47.1, 45.1, 47.1]
RAM: svmem(total=17002643456, available=6018564096, percent=64.6, used=10984079360, free=4930994176, active=11279400960, inactive=549994496, buffers=59506688, cached=1157644288, shared=14696448, slab=100171776)
CPU: [46.1, 48.5, 46.4, 46.7]
[frame_selection_agent@localhost:5012] 12/06/2026 20:29:20.578 --> frame_id=57cb78bb-9dd DISCARDED (deleted from buffer). Discarded=379, Forwarded=172
RAM: svmem(total=17002643456, available=6082510848, percent=64.2, used=10920132608, free=4994940928, active=11176738816, inactive=549994496, buffers=59506688, cached=1157644288, shared=14696448, slab=100171776)
CPU: [47.1, 49.5, 45.4, 46.4]
RAM: svmem(total=17002643456, available=6083330048, percent=64.2, used=10919313408, free=4995760128, active=11176738816, inactive=549994496, buffers=59506688, cached=1157644288, shared=14696448, slab=100171776)
CPU: [39.8, 39.8, 43.0, 40.4]
RAM: svmem(total=17002643456, available=6086606848, percent=64.2, used=10916036608, free=4999036928, active=11178262528, inactive=549994496, buffers=59506688, cached=1157644288, shared=14696448, slab=100171776)
CPU: [42.3, 43.7, 41.2, 40.4]
while handling timed call
Traceback (most recent call last):
  File "/home/ewertonsjp/.pyenv/versions/cv_vend_mas/lib/python3.12/site-packages/twisted/internet/base.py", line 1105, in runUntilCurrent
    call.func(*call.args, **call.kw)
  File "/home/ewertonsjp/projects/cv-system/mas/pade/core/new_ams.py", line 80, in on_time
    self.agent.agentInstance.table.pop(agent_name)
builtins.KeyError: 'capture_agent@localhost:5010'

RAM: svmem(total=17002643456, available=6033293312, percent=64.5, used=10969350144, free=4945723392, active=11237687296, inactive=549994496, buffers=59506688, cached=1157644288, shared=14696448, slab=100171776)
[frame_selection_agent@localhost:5012] 12/06/2026 20:29:24.100 --> frame_id=66a08583-825 DISCARDED (deleted from buffer). Discarded=380, Forwarded=172
[data_enhance_agent@localhost:5011] 12/06/2026 20:29:24.378 --> frame_id=6fc2f268-7ad enhanced and forwarded.
CPU: [31.7, 44.7, 47.1, 30.0]
[frame_selection_agent@localhost:5012] 12/06/2026 20:29:24.644 --> frame_id=1c536b30-8f2 DISCARDED (deleted from buffer). Discarded=381, Forwarded=172
[frame_selection_agent@localhost:5012] 12/06/2026 20:29:24.648 --> frame_id=c5746e7c-142 DISCARDED (deleted from buffer). Discarded=382, Forwarded=172
[data_enhance_agent@localhost:5011] 12/06/2026 20:29:24.722 --> frame_id=147646e6-bed enhanced and forwarded.
[frame_selection_agent@localhost:5012] 12/06/2026 20:29:24.735 --> frame_id=c4511424-4a1 DISCARDED (deleted from buffer). Discarded=383, Forwarded=172
[frame_selection_agent@localhost:5012] 12/06/2026 20:29:24.764 --> frame_id=b50c3252-a48 SUITABLE. Discarded=383, Forwarded=173
[frame_selection_agent@localhost:5012] 12/06/2026 20:29:24.878 --> frame_id=99d0ca6f-e30 DISCARDED (deleted from buffer). Discarded=384, Forwarded=173
[frame_selection_agent@localhost:5012] 12/06/2026 20:29:24.925 --> frame_id=09dbcf6d-e16 DISCARDED (deleted from buffer). Discarded=385, Forwarded=173
RAM: svmem(total=17002643456, available=6007455744, percent=64.7, used=10995187712, free=4919885824, active=11256365056, inactive=549994496, buffers=59506688, cached=1157644288, shared=14696448, slab=100171776)[frame_selection_agent@localhost:5012] 12/06/2026 20:29:24.953 --> [BATCH READY] Sent animal_id=29 to Predict!

[data_enhance_agent@localhost:5011] 12/06/2026 20:29:25.289 --> frame_id=0ee7bd1e-518 enhanced and forwarded.
[frame_selection_agent@localhost:5012] 12/06/2026 20:29:25.640 --> frame_id=18517d5b-5c2 SUITABLE. Discarded=385, Forwarded=174
CPU: [55.9, 53.0, 51.5, 61.2]
RAM: svmem(total=17002643456, available=5999673344, percent=64.7, used=11002970112, free=4912103424, active=11271094272, inactive=549994496, buffers=59506688, cached=1157644288, shared=14696448, slab=100171776)
[frame_selection_agent@localhost:5012] 12/06/2026 20:29:26.430 --> frame_id=e73aaef1-c34 SUITABLE. Discarded=385, Forwarded=175
CPU: [52.9, 51.5, 56.3, 51.5]
RAM: svmem(total=17002643456, available=6000361472, percent=64.7, used=11002281984, free=4912791552, active=11271094272, inactive=549994496, buffers=59506688, cached=1157644288, shared=14696448, slab=100171776)
CPU: [41.4, 46.7, 44.1, 45.0]
RAM: svmem(total=17002643456, available=6003343360, percent=64.7, used=10999300096, free=4915773440, active=11271094272, inactive=549994496, buffers=59506688, cached=1157644288, shared=14696448, slab=100171776)
CPU: [45.1, 46.1, 45.4, 46.1]
RAM: svmem(total=17002643456, available=5996838912, percent=64.7, used=11005804544, free=4909268992, active=11286118400, inactive=549994496, buffers=59506688, cached=1157644288, shared=14696448, slab=100171776)
[capture_agent@localhost:5010] 12/06/2026 20:29:29.034 --> [RESTART] Animal 46/100 entering scale.
[frame_selection_agent@localhost:5012] 12/06/2026 20:29:29.140 --> frame_id=a5eb7c6e-6c9 SUITABLE. Discarded=385, Forwarded=176
CPU: [43.6, 49.0, 48.5, 48.0]
RAM: svmem(total=17002643456, available=6000132096, percent=64.7, used=11002511360, free=4912562176, active=11286118400, inactive=549994496, buffers=59506688, cached=1157644288, shared=14696448, slab=100171776)
CPU: [40.8, 45.6, 44.6, 42.2]
RAM: svmem(total=17002643456, available=6003621888, percent=64.7, used=10999021568, free=4916051968, active=11286118400, inactive=549994496, buffers=59506688, cached=1157644288, shared=14696448, slab=100171776)
CPU: [40.2, 39.0, 43.8, 40.2]
RAM: svmem(total=17002643456, available=5992153088, percent=64.8, used=11010490368, free=4904583168, active=11306434560, inactive=549994496, buffers=59506688, cached=1157644288, shared=14696448, slab=100171776)
[frame_selection_agent@localhost:5012] 12/06/2026 20:29:32.653 --> frame_id=06af3c72-384 DISCARDED (deleted from buffer). Discarded=386, Forwarded=176
[frame_selection_agent@localhost:5012] 12/06/2026 20:29:32.802 --> frame_id=c97fe33d-dab DISCARDED (deleted from buffer). Discarded=387, Forwarded=176
[frame_selection_agent@localhost:5012] 12/06/2026 20:29:32.805 --> frame_id=700e4864-a66 SUITABLE. Discarded=387, Forwarded=177
CPU: [40.8, 42.7, 45.0, 45.1]
[frame_selection_agent@localhost:5012] 12/06/2026 20:29:32.888 --> frame_id=be727e12-f38 DISCARDED (deleted from buffer). Discarded=388, Forwarded=177
RAM: svmem(total=17002643456, available=6000852992, percent=64.7, used=11001790464, free=4913250304, active=11286249472, inactive=550027264, buffers=59539456, cached=1157644288, shared=14696448, slab=100171776)
[frame_selection_agent@localhost:5012] 12/06/2026 20:29:33.154 --> frame_id=54dca8f1-110 SUITABLE. Discarded=388, Forwarded=178
[data_enhance_agent@localhost:5011] 12/06/2026 20:29:33.165 --> frame_id=772c12e2-7c0 enhanced and forwarded.
[frame_selection_agent@localhost:5012] 12/06/2026 20:29:33.236 --> frame_id=901c958e-771 DISCARDED (deleted from buffer). Discarded=389, Forwarded=178
[frame_selection_agent@localhost:5012] 12/06/2026 20:29:33.303 --> frame_id=ab54a58a-9db DISCARDED (deleted from buffer). Discarded=390, Forwarded=178
[frame_selection_agent@localhost:5012] 12/06/2026 20:29:33.677 --> frame_id=582ad2c1-2f5 DISCARDED (deleted from buffer). Discarded=391, Forwarded=178
CPU: [56.4, 43.3, 46.5, 46.0]
[frame_selection_agent@localhost:5012] 12/06/2026 20:29:33.979 --> frame_id=82737449-745 DISCARDED (deleted from buffer). Discarded=392, Forwarded=178
RAM: svmem(total=17002643456, available=5999493120, percent=64.7, used=11003150336, free=4911874048, active=11286249472, inactive=550027264, buffers=59539456, cached=1157677056, shared=14696448, slab=100352000)
CPU: [28.0, 30.0, 26.6, 25.5]
[predict_weight_agent@localhost:5013] 12/06/2026 20:29:35.162 --> [BATCH INFERENCE] Running full network on 6 frames for animal 24
RAM: svmem(total=17002643456, available=5999525888, percent=64.7, used=11003117568, free=4911906816, active=11286249472, inactive=550027264, buffers=59539456, cached=1157677056, shared=14696448, slab=100352000)
[frame_selection_agent@localhost:5012] 12/06/2026 20:29:35.809 --> [SYNC] Expected 20 frames for animal 38
CPU: [29.9, 33.6, 39.3, 35.2]
RAM: svmem(total=17002643456, available=6004424704, percent=64.7, used=10998218752, free=4916805632, active=11286249472, inactive=550027264, buffers=59539456, cached=1157677056, shared=14696448, slab=100417536)
[predict_weight_agent@localhost:5013] 12/06/2026 20:29:36.310 --> [BATCH INFERENCE] Running full network on 6 frames for animal 25
[frame_selection_agent@localhost:5012] 12/06/2026 20:29:36.502 --> [SYNC] Expected 19 frames for animal 39
[data_enhance_agent@localhost:5011] 12/06/2026 20:29:36.557 --> frame_id=112f0eff-3db enhanced and forwarded.
[data_enhance_agent@localhost:5011] 12/06/2026 20:29:36.611 --> frame_id=9e41a897-d26 enhanced and forwarded.
[data_enhance_agent@localhost:5011] 12/06/2026 20:29:36.621 --> frame_id=c4a030e7-fd0 enhanced and forwarded.
[data_enhance_agent@localhost:5011] 12/06/2026 20:29:36.638 --> frame_id=458ec82a-503 enhanced and forwarded.
[data_enhance_agent@localhost:5011] 12/06/2026 20:29:36.639 --> frame_id=d396ac52-c75 enhanced and forwarded.
[data_enhance_agent@localhost:5011] 12/06/2026 20:29:36.646 --> frame_id=df89d050-c2b enhanced and forwarded.
[data_enhance_agent@localhost:5011] 12/06/2026 20:29:36.656 --> frame_id=b025ea37-8ed enhanced and forwarded.
[data_enhance_agent@localhost:5011] 12/06/2026 20:29:36.658 --> frame_id=ac105156-ee4 enhanced and forwarded.
[data_enhance_agent@localhost:5011] 12/06/2026 20:29:36.661 --> frame_id=d7d5f325-194 enhanced and forwarded.
[data_enhance_agent@localhost:5011] 12/06/2026 20:29:36.682 --> frame_id=ccf13ffd-f77 enhanced and forwarded.
[data_enhance_agent@localhost:5011] 12/06/2026 20:29:36.693 --> frame_id=190573c8-b3b enhanced and forwarded.
CPU: [72.0, 72.1, 70.1, 71.0]
RAM: svmem(total=17002643456, available=6007275520, percent=64.7, used=10995367936, free=4919656448, active=11286249472, inactive=550027264, buffers=59539456, cached=1157693440, shared=14696448, slab=100417536)
CPU: [53.5, 53.5, 55.9, 53.9]
RAM: svmem(total=17002643456, available=6011125760, percent=64.6, used=10991517696, free=4923490304, active=11287068672, inactive=550043648, buffers=59539456, cached=1157693440, shared=14696448, slab=100417536)
[frame_selection_agent@localhost:5012] 12/06/2026 20:29:38.889 --> frame_id=13716ab0-f1a DISCARDED (deleted from buffer). Discarded=393, Forwarded=178
[data_enhance_agent@localhost:5011] 12/06/2026 20:29:39.059 --> frame_id=222d2ad0-ac2 enhanced and forwarded.
CPU: [42.4, 49.5, 43.4, 40.2]
RAM: svmem(total=17002643456, available=6082101248, percent=64.2, used=10920542208, free=4994449408, active=11176951808, inactive=550060032, buffers=59555840, cached=1157693440, shared=14696448, slab=100417536)
RAM: svmem(total=17002643456, available=6087032832, percent=64.2, used=10915610624, free=4999380992, active=11176951808, inactive=550060032, buffers=59555840, cached=1157693440, shared=14696448, slab=100417536)
CPU: [40.0, 65.0, 40.3, 38.0]
RAM: svmem(total=17002643456, available=6100271104, percent=64.1, used=10902372352, free=5012619264, active=11176951808, inactive=550060032, buffers=59555840, cached=1157693440, shared=14696448, slab=100417536)
CPU: [50.5, 53.4, 48.0, 49.5]
[capture_agent@localhost:5010] 12/06/2026 20:29:42.450 --> [RESTART] Animal 47/100 entering scale.
RAM: svmem(total=17002643456, available=5949620224, percent=65.0, used=11053023232, free=4861968384, active=11323834368, inactive=550060032, buffers=59555840, cached=1157693440, shared=14696448, slab=100417536)
CPU: [49.0, 49.5, 49.0, 47.0]
[frame_selection_agent@localhost:5012] 12/06/2026 20:29:42.790 --> frame_id=8aad227a-8f2 DISCARDED (deleted from buffer). Discarded=394, Forwarded=178
[frame_selection_agent@localhost:5012] 12/06/2026 20:29:43.103 --> frame_id=3be28ed7-6d1 DISCARDED (deleted from buffer). Discarded=395, Forwarded=178
[data_enhance_agent@localhost:5011] 12/06/2026 20:29:43.167 --> frame_id=0281f77d-80e enhanced and forwarded.
RAM: svmem(total=17002643456, available=5911035904, percent=65.2, used=11091607552, free=4823384064, active=11364466688, inactive=550060032, buffers=59555840, cached=1157693440, shared=14696448, slab=100417536)
CPU: [34.3, 40.2, 44.7, 32.7]
[data_enhance_agent@localhost:5011] 12/06/2026 20:29:43.612 --> frame_id=9ab14a5e-d10 enhanced and forwarded.
while handling timed call
Traceback (most recent call last):
  File "/home/ewertonsjp/.pyenv/versions/cv_vend_mas/lib/python3.12/site-packages/twisted/internet/base.py", line 1105, in runUntilCurrent
    call.func(*call.args, **call.kw)
  File "/home/ewertonsjp/projects/cv-system/mas/pade/core/new_ams.py", line 80, in on_time
    self.agent.agentInstance.table.pop(agent_name)
builtins.KeyError: 'capture_agent@localhost:5010'

[data_enhance_agent@localhost:5011] 12/06/2026 20:29:43.653 --> frame_id=3c38d3a5-061 enhanced and forwarded.
[frame_selection_agent@localhost:5012] 12/06/2026 20:29:43.930 --> frame_id=1972aec4-1fd DISCARDED (deleted from buffer). Discarded=396, Forwarded=178
[frame_selection_agent@localhost:5012] 12/06/2026 20:29:43.970 --> [BATCH READY] Sent animal_id=30 to Predict!
[data_enhance_agent@localhost:5011] 12/06/2026 20:29:44.245 --> frame_id=06db113b-f51 enhanced and forwarded.
[data_enhance_agent@localhost:5011] 12/06/2026 20:29:44.274 --> frame_id=1eb81352-98e enhanced and forwarded.
RAM: svmem(total=17002643456, available=5885968384, percent=65.4, used=11116675072, free=4798316544, active=11353292800, inactive=550060032, buffers=59555840, cached=1157693440, shared=14696448, slab=100417536)
CPU: [29.8, 35.8, 39.2, 24.8]
[data_enhance_agent@localhost:5011] 12/06/2026 20:29:44.668 --> frame_id=fd238a47-82a enhanced and forwarded.
[data_enhance_agent@localhost:5011] 12/06/2026 20:29:44.729 --> frame_id=a90d6453-685 enhanced and forwarded.
[data_enhance_agent@localhost:5011] 12/06/2026 20:29:44.843 --> frame_id=91df8db2-369 enhanced and forwarded.
[data_enhance_agent@localhost:5011] 12/06/2026 20:29:45.258 --> frame_id=22d618e5-99b enhanced and forwarded.
[data_enhance_agent@localhost:5011] 12/06/2026 20:29:45.384 --> frame_id=1f308ac0-a73 enhanced and forwarded.
[data_enhance_agent@localhost:5011] 12/06/2026 20:29:45.426 --> frame_id=076ef132-5c9 enhanced and forwarded.
RAM: svmem(total=17002643456, available=5869453312, percent=65.5, used=11133190144, free=4781801472, active=11369037824, inactive=550060032, buffers=59555840, cached=1157693440, shared=14696448, slab=100417536)
CPU: [25.9, 18.4, 45.9, 31.4]
[data_enhance_agent@localhost:5011] 12/06/2026 20:29:45.865 --> frame_id=c367b82d-ca7 enhanced and forwarded.
[data_enhance_agent@localhost:5011] 12/06/2026 20:29:45.898 --> frame_id=bfc443e3-18a enhanced and forwarded.
[data_enhance_agent@localhost:5011] 12/06/2026 20:29:46.298 --> frame_id=1e08eb90-742 enhanced and forwarded.
[data_enhance_agent@localhost:5011] 12/06/2026 20:29:46.332 --> frame_id=76e315c1-49f enhanced and forwarded.
[data_enhance_agent@localhost:5011] 12/06/2026 20:29:46.409 --> frame_id=0c30e87d-29d enhanced and forwarded.
RAM: svmem(total=17002643456, available=5855952896, percent=65.6, used=11146690560, free=4768301056, active=11383767040, inactive=550060032, buffers=59555840, cached=1157693440, shared=14696448, slab=100417536)
CPU: [19.4, 42.5, 25.5, 42.9]
[data_enhance_agent@localhost:5011] 12/06/2026 20:29:46.868 --> frame_id=b00998d2-972 enhanced and forwarded.
[data_enhance_agent@localhost:5011] 12/06/2026 20:29:46.870 --> frame_id=c63bf496-f41 enhanced and forwarded.
[data_enhance_agent@localhost:5011] 12/06/2026 20:29:47.043 --> frame_id=23ff7fde-db7 enhanced and forwarded.
[data_enhance_agent@localhost:5011] 12/06/2026 20:29:47.060 --> frame_id=641f2f3f-29d enhanced and forwarded.
[data_enhance_agent@localhost:5011] 12/06/2026 20:29:47.422 --> frame_id=b5dbf39c-b6a enhanced and forwarded.
[data_enhance_agent@localhost:5011] 12/06/2026 20:29:47.478 --> frame_id=35bc6dc8-db2 enhanced and forwarded.
RAM: svmem(total=17002643456, available=5836668928, percent=65.7, used=11165974528, free=4749017088, active=11421302784, inactive=550060032, buffers=59555840, cached=1157693440, shared=14696448, slab=100417536)
[data_enhance_agent@localhost:5011] 12/06/2026 20:29:47.765 --> frame_id=7dc2695f-987 enhanced and forwarded.
CPU: [35.9, 32.3, 41.2, 43.0]
[frame_selection_agent@localhost:5012] 12/06/2026 20:29:47.973 --> frame_id=375db04d-221 SUITABLE. Discarded=396, Forwarded=179
[frame_selection_agent@localhost:5012] 12/06/2026 20:29:47.996 --> frame_id=e07a92a3-0fd SUITABLE. Discarded=396, Forwarded=180
[data_enhance_agent@localhost:5011] 12/06/2026 20:29:48.356 --> frame_id=96c7cc2a-299 enhanced and forwarded.
[frame_selection_agent@localhost:5012] 12/06/2026 20:29:48.397 --> frame_id=b272db6b-dc0 SUITABLE. Discarded=396, Forwarded=181
[data_enhance_agent@localhost:5011] 12/06/2026 20:29:48.525 --> frame_id=a912e861-78a enhanced and forwarded.
[frame_selection_agent@localhost:5012] 12/06/2026 20:29:48.542 --> frame_id=872f25c1-b69 SUITABLE. Discarded=396, Forwarded=182
RAM: svmem(total=17002643456, available=5768839168, percent=66.1, used=11233804288, free=4681187328, active=11497668608, inactive=550060032, buffers=59555840, cached=1157693440, shared=14696448, slab=100433920)
CPU: [32.3, 37.6, 46.5, 45.6]
[frame_selection_agent@localhost:5012] 12/06/2026 20:29:48.971 --> frame_id=31cf81fb-0ce SUITABLE. Discarded=396, Forwarded=183
[data_enhance_agent@localhost:5011] 12/06/2026 20:29:49.036 --> frame_id=efbf4342-6c2 enhanced and forwarded.
[data_enhance_agent@localhost:5011] 12/06/2026 20:29:49.232 --> frame_id=b4964e43-bab enhanced and forwarded.
[data_enhance_agent@localhost:5011] 12/06/2026 20:29:49.383 --> frame_id=685cea32-931 enhanced and forwarded.
[data_enhance_agent@localhost:5011] 12/06/2026 20:29:49.541 --> frame_id=24ad067d-ade enhanced and forwarded.
[data_enhance_agent@localhost:5011] 12/06/2026 20:29:49.543 --> frame_id=0f3d4110-246 enhanced and forwarded.
RAM: svmem(total=17002643456, available=6102990848, percent=64.1, used=10899652608, free=5015339008, active=11131060224, inactive=550060032, buffers=59572224, cached=1157693440, shared=14696448, slab=100433920)
CPU: [42.6, 48.5, 36.3, 33.3]
[predict_weight_agent@localhost:5013] 12/06/2026 20:29:50.056 --> [FINAL] Animal 24 completed. Mean weight: 16.0062 kg
[data_enhance_agent@localhost:5011] 12/06/2026 20:29:50.079 --> frame_id=ae5a4a36-781 enhanced and forwarded.
[data_enhance_agent@localhost:5011] 12/06/2026 20:29:50.118 --> frame_id=c444f519-964 enhanced and forwarded.
[data_enhance_agent@localhost:5011] 12/06/2026 20:29:50.564 --> frame_id=b8c87105-4a3 enhanced and forwarded.
[data_enhance_agent@localhost:5011] 12/06/2026 20:29:50.611 --> frame_id=67bf3719-ea4 enhanced and forwarded.
[data_enhance_agent@localhost:5011] 12/06/2026 20:29:50.689 --> frame_id=d452896a-b66 enhanced and forwarded.
RAM: svmem(total=17002643456, available=6275022848, percent=63.1, used=10727620608, free=5187371008, active=10950983680, inactive=550060032, buffers=59572224, cached=1157693440, shared=14696448, slab=100433920)
CPU: [66.3, 52.0, 50.0, 51.0]
[data_enhance_agent@localhost:5011] 12/06/2026 20:29:51.173 --> frame_id=9e621fed-cad enhanced and forwarded.
RAM: svmem(total=17002643456, available=6274121728, percent=63.1, used=10728521728, free=5186453504, active=10963976192, inactive=550076416, buffers=59572224, cached=1157693440, shared=14696448, slab=100515840)
[frame_selection_agent@localhost:5012] 12/06/2026 20:29:51.979 --> frame_id=23be433d-ab0 SUITABLE. Discarded=396, Forwarded=184
[data_enhance_agent@localhost:5011] 12/06/2026 20:29:51.987 --> frame_id=1f347b8e-25b enhanced and forwarded.
CPU: [44.2, 47.1, 35.7, 39.8]
[frame_selection_agent@localhost:5012] 12/06/2026 20:29:52.173 --> [SYNC] Expected 20 frames for animal 40
RAM: svmem(total=17002643456, available=6378110976, percent=62.5, used=10624532480, free=5290475520, active=10857971712, inactive=550076416, buffers=59572224, cached=1157644288, shared=14696448, slab=100335616)
[predict_weight_agent@localhost:5013] 12/06/2026 20:29:52.836 --> [BATCH INFERENCE] Running full network on 5 frames for animal 26
CPU: [63.7, 61.1, 61.6, 63.0]
RAM: svmem(total=17002643456, available=6381830144, percent=62.5, used=10620813312, free=5294194688, active=10858004480, inactive=550076416, buffers=59572224, cached=1157644288, shared=14696448, slab=100270080)
CPU: [54.0, 51.1, 51.5, 52.0]
RAM: svmem(total=17002643456, available=6390808576, percent=62.4, used=10611834880, free=5303156736, active=10858020864, inactive=550092800, buffers=59588608, cached=1157644288, shared=14696448, slab=100253696)
CPU: [45.5, 48.5, 48.0, 45.4]
[capture_agent@localhost:5010] 12/06/2026 20:29:55.790 --> [RESTART] Animal 48/100 entering scale.
RAM: svmem(total=17002643456, available=6380929024, percent=62.5, used=10621714432, free=5293277184, active=10892591104, inactive=550092800, buffers=59588608, cached=1157644288, shared=14696448, slab=100253696)
CPU: [46.8, 51.4, 50.5, 48.0]
RAM: svmem(total=17002643456, available=6340624384, percent=62.7, used=10662019072, free=5252972544, active=10958618624, inactive=550092800, buffers=59588608, cached=1157644288, shared=14696448, slab=100253696)
CPU: [48.5, 47.5, 48.5, 50.0]
[frame_selection_agent@localhost:5012] 12/06/2026 20:29:57.405 --> frame_id=101f1d6c-7cd DISCARDED (deleted from buffer). Discarded=397, Forwarded=184
[frame_selection_agent@localhost:5012] 12/06/2026 20:29:57.543 --> frame_id=1b60ae2e-7d7 DISCARDED (deleted from buffer). Discarded=398, Forwarded=184
[frame_selection_agent@localhost:5012] 12/06/2026 20:29:57.602 --> frame_id=1640a27b-249 DISCARDED (deleted from buffer). Discarded=399, Forwarded=184
RAM: svmem(total=17002643456, available=6215499776, percent=63.4, used=10787143680, free=5127847936, active=11053383680, inactive=550092800, buffers=59588608, cached=1157644288, shared=14696448, slab=100253696)
CPU: [54.0, 54.4, 55.4, 53.1]
[frame_selection_agent@localhost:5012] 12/06/2026 20:29:58.470 --> frame_id=b27730c2-7c8 DISCARDED (deleted from buffer). Discarded=400, Forwarded=184
[predict_weight_agent@localhost:5013] 12/06/2026 20:29:58.693 --> [FINAL] Animal 25 completed. Mean weight: 16.0062 kg
RAM: svmem(total=17002643456, available=6250577920, percent=63.2, used=10752065536, free=5162926080, active=10953326592, inactive=550092800, buffers=59588608, cached=1157644288, shared=14696448, slab=100253696)
CPU: [52.4, 48.0, 51.0, 43.7]
RAM: svmem(total=17002643456, available=6254919680, percent=63.2, used=10747723776, free=5167267840, active=10950524928, inactive=550092800, buffers=59588608, cached=1157644288, shared=14696448, slab=100253696)
CPU: [44.2, 41.5, 45.0, 44.6]
[frame_selection_agent@localhost:5012] 12/06/2026 20:30:00.574 --> frame_id=a9aedab0-79b DISCARDED (deleted from buffer). Discarded=401, Forwarded=184
[frame_selection_agent@localhost:5012] 12/06/2026 20:30:00.767 --> frame_id=6c7ca733-6ea DISCARDED (deleted from buffer). Discarded=402, Forwarded=184
RAM: svmem(total=17002643456, available=6255755264, percent=63.2, used=10746888192, free=5168103424, active=10964074496, inactive=550092800, buffers=59588608, cached=1157644288, shared=14696448, slab=100253696)
[data_enhance_agent@localhost:5011] 12/06/2026 20:30:01.032 --> frame_id=c0604edd-d04 enhanced and forwarded.
[frame_selection_agent@localhost:5012] 12/06/2026 20:30:01.108 --> frame_id=969aca0d-2b3 DISCARDED (deleted from buffer). Discarded=403, Forwarded=184
[data_enhance_agent@localhost:5011] 12/06/2026 20:30:01.157 --> frame_id=02fe3416-71c enhanced and forwarded.
CPU: [47.1, 39.2, 30.7, 33.0]
[frame_selection_agent@localhost:5012] 12/06/2026 20:30:01.645 --> frame_id=f5069b7e-269 DISCARDED (deleted from buffer). Discarded=404, Forwarded=184
[frame_selection_agent@localhost:5012] 12/06/2026 20:30:01.649 --> frame_id=9ea02480-6f5 DISCARDED (deleted from buffer). Discarded=405, Forwarded=184
[data_enhance_agent@localhost:5011] 12/06/2026 20:30:01.659 --> frame_id=15245b2b-798 enhanced and forwarded.
[data_enhance_agent@localhost:5011] 12/06/2026 20:30:01.682 --> frame_id=cb164d31-ee6 enhanced and forwarded.
RAM: svmem(total=17002643456, available=6347145216, percent=62.7, used=10655498240, free=5259476992, active=10858102784, inactive=550109184, buffers=59604992, cached=1157644288, shared=14696448, slab=100253696)
[data_enhance_agent@localhost:5011] 12/06/2026 20:30:02.227 --> frame_id=c246928c-5bd enhanced and forwarded.
[data_enhance_agent@localhost:5011] 12/06/2026 20:30:02.271 --> frame_id=e28cbac2-9a9 enhanced and forwarded.
[data_enhance_agent@localhost:5011] 12/06/2026 20:30:02.298 --> frame_id=6bc0a964-7f2 enhanced and forwarded.
[data_enhance_agent@localhost:5011] 12/06/2026 20:30:02.366 --> frame_id=e771d394-aa8 enhanced and forwarded.
CPU: [41.2, 32.0, 25.5, 40.6]
RAM: svmem(total=17002643456, available=6339969024, percent=62.7, used=10662674432, free=5252300800, active=10858102784, inactive=550109184, buffers=59604992, cached=1157644288, shared=14696448, slab=100253696)
CPU: [53.5, 55.4, 55.9, 52.5]
while handling timed call
Traceback (most recent call last):
  File "/home/ewertonsjp/.pyenv/versions/cv_vend_mas/lib/python3.12/site-packages/twisted/internet/base.py", line 1105, in runUntilCurrent
    call.func(*call.args, **call.kw)
  File "/home/ewertonsjp/projects/cv-system/mas/pade/core/new_ams.py", line 80, in on_time
    self.agent.agentInstance.table.pop(agent_name)
builtins.KeyError: 'capture_agent@localhost:5010'

RAM: svmem(total=17002643456, available=6348210176, percent=62.7, used=10654433280, free=5260541952, active=10858102784, inactive=550109184, buffers=59604992, cached=1157660672, shared=14696448, slab=100253696)
CPU: [41.6, 44.9, 40.8, 39.2]
RAM: svmem(total=17002643456, available=6357385216, percent=62.6, used=10645258240, free=5269700608, active=10879549440, inactive=550125568, buffers=59604992, cached=1157660672, shared=14696448, slab=100253696)
CPU: [44.0, 42.6, 43.1, 45.1]
RAM: svmem(total=17002643456, available=6318555136, percent=62.8, used=10684088320, free=5230870528, active=10943545344, inactive=550125568, buffers=59604992, cached=1157660672, shared=14696448, slab=100253696)
CPU: [45.8, 43.9, 43.0, 46.0]
[frame_selection_agent@localhost:5012] 12/06/2026 20:30:06.522 --> frame_id=2b424c93-1ad DISCARDED (deleted from buffer). Discarded=406, Forwarded=184
[frame_selection_agent@localhost:5012] 12/06/2026 20:30:06.560 --> frame_id=a5f81145-58d DISCARDED (deleted from buffer). Discarded=407, Forwarded=184
[frame_selection_agent@localhost:5012] 12/06/2026 20:30:06.785 --> frame_id=f0496642-df0 DISCARDED (deleted from buffer). Discarded=408, Forwarded=184
[data_enhance_agent@localhost:5011] 12/06/2026 20:30:06.957 --> frame_id=32877e5e-995 enhanced and forwarded.
RAM: svmem(total=17002643456, available=6311706624, percent=62.9, used=10690936832, free=5224005632, active=10947624960, inactive=550141952, buffers=59621376, cached=1157660672, shared=14696448, slab=100253696)
[data_enhance_agent@localhost:5011] 12/06/2026 20:30:07.125 --> frame_id=6ccf9908-05a enhanced and forwarded.
CPU: [39.2, 40.2, 39.0, 50.0]
[frame_selection_agent@localhost:5012] 12/06/2026 20:30:07.865 --> frame_id=e97aaf37-ed9 DISCARDED (deleted from buffer). Discarded=409, Forwarded=184
RAM: svmem(total=17002643456, available=6310379520, percent=62.9, used=10692263936, free=5222678528, active=10949148672, inactive=550141952, buffers=59621376, cached=1157660672, shared=14696448, slab=100253696)
[frame_selection_agent@localhost:5012] 12/06/2026 20:30:08.173 --> frame_id=b49c12f0-353 DISCARDED (deleted from buffer). Discarded=410, Forwarded=184
[frame_selection_agent@localhost:5012] 12/06/2026 20:30:08.212 --> [BATCH READY] Sent animal_id=31 to Predict!
CPU: [45.5, 51.0, 41.0, 44.6]
[data_enhance_agent@localhost:5011] 12/06/2026 20:30:08.546 --> frame_id=babe0c3d-59f enhanced and forwarded.
[capture_agent@localhost:5010] 12/06/2026 20:30:08.942 --> [RESTART] Animal 49/100 entering scale.
RAM: svmem(total=17002643456, available=6311919616, percent=62.9, used=10690723840, free=5224218624, active=10949148672, inactive=550141952, buffers=59621376, cached=1157660672, shared=14696448, slab=100253696)
CPU: [45.6, 45.1, 48.0, 46.5]
RAM: svmem(total=17002643456, available=6303367168, percent=62.9, used=10699276288, free=5215666176, active=10959306752, inactive=550141952, buffers=59621376, cached=1157660672, shared=14696448, slab=100253696)
[frame_selection_agent@localhost:5012] 12/06/2026 20:30:10.124 --> frame_id=308f8242-6cc SUITABLE. Discarded=410, Forwarded=185
[frame_selection_agent@localhost:5012] 12/06/2026 20:30:10.292 --> frame_id=58cb494f-e66 SUITABLE. Discarded=410, Forwarded=186
CPU: [46.1, 49.5, 43.6, 50.0]
[frame_selection_agent@localhost:5012] 12/06/2026 20:30:10.601 --> frame_id=cb573d7a-845 SUITABLE. Discarded=410, Forwarded=187
[frame_selection_agent@localhost:5012] 12/06/2026 20:30:10.698 --> frame_id=14f946d7-c6a SUITABLE. Discarded=410, Forwarded=188
[frame_selection_agent@localhost:5012] 12/06/2026 20:30:10.748 --> frame_id=613b0da2-0ff SUITABLE. Discarded=410, Forwarded=189
RAM: svmem(total=17002643456, available=6394724352, percent=62.4, used=10607919104, free=5307006976, active=10858201088, inactive=550141952, buffers=59621376, cached=1157677056, shared=14696448, slab=100270080)
[data_enhance_agent@localhost:5011] 12/06/2026 20:30:11.166 --> frame_id=bcd3208b-f45 enhanced and forwarded.
[data_enhance_agent@localhost:5011] 12/06/2026 20:30:11.402 --> frame_id=51a10096-80f enhanced and forwarded.
CPU: [49.5, 45.0, 45.5, 45.8]
RAM: svmem(total=17002643456, available=6385680384, percent=62.4, used=10616963072, free=5297963008, active=10858201088, inactive=550141952, buffers=59621376, cached=1157677056, shared=14696448, slab=100270080)
CPU: [44.8, 45.7, 47.0, 48.0]
RAM: svmem(total=17002643456, available=6389268480, percent=62.4, used=10613374976, free=5301551104, active=10858201088, inactive=550141952, buffers=59637760, cached=1157677056, shared=14696448, slab=100270080)
CPU: [41.0, 40.8, 44.8, 40.4]
RAM: svmem(total=17002643456, available=6382174208, percent=62.5, used=10620469248, free=5294440448, active=10898669568, inactive=550158336, buffers=59637760, cached=1157677056, shared=14696448, slab=100270080)
CPU: [46.2, 42.3, 44.3, 49.0]
RAM: svmem(total=17002643456, available=6319259648, percent=62.8, used=10683383808, free=5231525888, active=10966220800, inactive=550158336, buffers=59637760, cached=1157677056, shared=14696448, slab=100270080)
[frame_selection_agent@localhost:5012] 12/06/2026 20:30:15.384 --> frame_id=51db7735-be5 DISCARDED (deleted from buffer). Discarded=411, Forwarded=189
CPU: [39.0, 39.0, 46.9, 40.6]
[frame_selection_agent@localhost:5012] 12/06/2026 20:30:15.655 --> frame_id=b9e6a4bb-abd SUITABLE. Discarded=411, Forwarded=190
[frame_selection_agent@localhost:5012] 12/06/2026 20:30:15.677 --> frame_id=b68f5c9d-8da DISCARDED (deleted from buffer). Discarded=412, Forwarded=190
[data_enhance_agent@localhost:5011] 12/06/2026 20:30:15.751 --> frame_id=94ca1941-27e enhanced and forwarded.
RAM: svmem(total=17002643456, available=6307004416, percent=62.9, used=10695639040, free=5219270656, active=10949558272, inactive=550158336, buffers=59637760, cached=1157693440, shared=14696448, slab=100286464)
[frame_selection_agent@localhost:5012] 12/06/2026 20:30:16.424 --> frame_id=d18257f1-4fc DISCARDED (deleted from buffer). Discarded=413, Forwarded=190
CPU: [51.0, 48.4, 51.5, 52.0][frame_selection_agent@localhost:5012] 12/06/2026 20:30:16.677 --> frame_id=b6f40475-5bc DISCARDED (deleted from buffer). Discarded=414, Forwarded=190

RAM: svmem(total=17002643456, available=6307512320, percent=62.9, used=10695131136, free=5219778560, active=10949558272, inactive=550158336, buffers=59637760, cached=1157693440, shared=14696448, slab=100286464)
CPU: [46.5, 48.5, 45.9, 44.8]
RAM: svmem(total=17002643456, available=6313885696, percent=62.9, used=10688757760, free=5226151936, active=10949558272, inactive=550158336, buffers=59637760, cached=1157693440, shared=14696448, slab=100286464)
[frame_selection_agent@localhost:5012] 12/06/2026 20:30:18.464 --> frame_id=c3a2fc6a-a21 DISCARDED (deleted from buffer). Discarded=415, Forwarded=190
[frame_selection_agent@localhost:5012] 12/06/2026 20:30:18.490 --> frame_id=ccc3d9f6-000 DISCARDED (deleted from buffer). Discarded=416, Forwarded=190
CPU: [41.2, 46.6, 46.2, 45.5]
[frame_selection_agent@localhost:5012] 12/06/2026 20:30:19.061 --> frame_id=cf89ad7d-62b DISCARDED (deleted from buffer). Discarded=417, Forwarded=190
RAM: svmem(total=17002643456, available=6397689856, percent=62.4, used=10604953600, free=5309956096, active=10858299392, inactive=550158336, buffers=59637760, cached=1157693440, shared=14696448, slab=100286464)
[frame_selection_agent@localhost:5012] 12/06/2026 20:30:19.300 --> frame_id=ebe22f3e-48e DISCARDED (deleted from buffer). Discarded=418, Forwarded=190
[frame_selection_agent@localhost:5012] 12/06/2026 20:30:19.400 --> frame_id=dde42839-caa DISCARDED (deleted from buffer). Discarded=419, Forwarded=190
[data_enhance_agent@localhost:5011] 12/06/2026 20:30:19.751 --> frame_id=0ae0da05-c2c enhanced and forwarded.
CPU: [50.5, 47.5, 49.5, 50.0]
RAM: svmem(total=17002643456, available=6401130496, percent=62.4, used=10601512960, free=5313396736, active=10858299392, inactive=550158336, buffers=59637760, cached=1157693440, shared=14696448, slab=100286464)
CPU: [52.0, 49.0, 50.0, 49.0]
RAM: svmem(total=17002643456, available=6409961472, percent=62.3, used=10592681984, free=5322227712, active=10858299392, inactive=550158336, buffers=59637760, cached=1157693440, shared=14696448, slab=100286464)
CPU: [40.6, 40.0, 41.6, 41.2]
[capture_agent@localhost:5010] 12/06/2026 20:30:22.057 --> [RESTART] Animal 50/100 entering scale.
RAM: svmem(total=17002643456, available=6399180800, percent=62.4, used=10603462656, free=5311430656, active=10880761856, inactive=550174720, buffers=59654144, cached=1157693440, shared=14696448, slab=100286464)
CPU: [43.6, 44.7, 45.1, 46.7]
RAM: svmem(total=17002643456, available=6328893440, percent=62.8, used=10673750016, free=5241143296, active=10952376320, inactive=550174720, buffers=59654144, cached=1157693440, shared=14696448, slab=100286464)
while handling timed call
Traceback (most recent call last):
  File "/home/ewertonsjp/.pyenv/versions/cv_vend_mas/lib/python3.12/site-packages/twisted/internet/base.py", line 1105, in runUntilCurrent
    call.func(*call.args, **call.kw)
  File "/home/ewertonsjp/projects/cv-system/mas/pade/core/new_ams.py", line 80, in on_time
    self.agent.agentInstance.table.pop(agent_name)
builtins.KeyError: 'capture_agent@localhost:5010'

CPU: [47.7, 45.2, 42.3, 44.1]
[frame_selection_agent@localhost:5012] 12/06/2026 20:30:23.910 --> frame_id=d663b560-d73 DISCARDED (deleted from buffer). Discarded=420, Forwarded=190
[frame_selection_agent@localhost:5012] 12/06/2026 20:30:23.952 --> frame_id=30a92b21-a74 DISCARDED (deleted from buffer). Discarded=421, Forwarded=190
[frame_selection_agent@localhost:5012] 12/06/2026 20:30:24.269 --> frame_id=359ce0b3-0b3 DISCARDED (deleted from buffer). Discarded=422, Forwarded=190
RAM: svmem(total=17002643456, available=6317883392, percent=62.8, used=10684760064, free=5230133248, active=10950656000, inactive=550174720, buffers=59654144, cached=1157693440, shared=14696448, slab=100286464)
[data_enhance_agent@localhost:5011] 12/06/2026 20:30:24.366 --> frame_id=5ffe3dcc-b7a enhanced and forwarded.
[data_enhance_agent@localhost:5011] 12/06/2026 20:30:24.684 --> frame_id=cfa4d224-7c9 enhanced and forwarded.
[frame_selection_agent@localhost:5012] 12/06/2026 20:30:24.737 --> frame_id=35ea7218-c3d DISCARDED (deleted from buffer). Discarded=423, Forwarded=190
[frame_selection_agent@localhost:5012] 12/06/2026 20:30:24.763 --> [BATCH READY] Sent animal_id=32 to Predict!
CPU: [42.6, 52.9, 51.5, 34.4]
[data_enhance_agent@localhost:5011] 12/06/2026 20:30:25.084 --> frame_id=0b6dcc41-870 enhanced and forwarded.
[frame_selection_agent@localhost:5012] 12/06/2026 20:30:25.310 --> frame_id=c866cea2-639 SUITABLE. Discarded=423, Forwarded=191
RAM: svmem(total=17002643456, available=6320832512, percent=62.8, used=10681810944, free=5233082368, active=10950656000, inactive=550174720, buffers=59654144, cached=1157693440, shared=14696448, slab=100286464)
[data_enhance_agent@localhost:5011] 12/06/2026 20:30:25.441 --> frame_id=298c5dae-ba2 enhanced and forwarded.
CPU: [59.6, 58.8, 55.9, 60.4]
RAM: svmem(total=17002643456, available=6328811520, percent=62.8, used=10673831936, free=5241061376, active=10950656000, inactive=550174720, buffers=59654144, cached=1157693440, shared=14696448, slab=100286464)
CPU: [44.7, 47.5, 50.0, 46.1]
RAM: svmem(total=17002643456, available=6316359680, percent=62.9, used=10686283776, free=5228609536, active=10956603392, inactive=550174720, buffers=59654144, cached=1157693440, shared=14696448, slab=100286464)
[frame_selection_agent@localhost:5012] 12/06/2026 20:30:27.582 --> frame_id=fe5d90ea-65e SUITABLE. Discarded=423, Forwarded=192
[frame_selection_agent@localhost:5012] 12/06/2026 20:30:27.870 --> frame_id=4459a293-838 SUITABLE. Discarded=423, Forwarded=193
[frame_selection_agent@localhost:5012] 12/06/2026 20:30:27.975 --> frame_id=27387006-c9c SUITABLE. Discarded=423, Forwarded=194
CPU: [49.0, 48.5, 51.0, 47.5]
[frame_selection_agent@localhost:5012] 12/06/2026 20:30:28.358 --> frame_id=a829aed8-b17 SUITABLE. Discarded=423, Forwarded=195
RAM: svmem(total=17002643456, available=6397362176, percent=62.4, used=10605281280, free=5309612032, active=10858299392, inactive=550174720, buffers=59654144, cached=1157693440, shared=14696448, slab=100286464)
[frame_selection_agent@localhost:5012] 12/06/2026 20:30:28.788 --> frame_id=6ee34782-bf9 SUITABLE. Discarded=423, Forwarded=196
[data_enhance_agent@localhost:5011] 12/06/2026 20:30:28.799 --> frame_id=b8f41b80-6fe enhanced and forwarded.
CPU: [52.6, 53.1, 60.2, 54.9]
RAM: svmem(total=17002643456, available=6402670592, percent=62.3, used=10599972864, free=5314920448, active=10858315776, inactive=550174720, buffers=59654144, cached=1157693440, shared=14696448, slab=100286464)
CPU: [55.8, 56.0, 56.6, 53.5]
RAM: svmem(total=17002643456, available=6410371072, percent=62.3, used=10592272384, free=5322620928, active=10858315776, inactive=550174720, buffers=59654144, cached=1157693440, shared=14696448, slab=100286464)
CPU: [42.3, 48.5, 43.7, 47.6]
RAM: svmem(total=17002643456, available=6402441216, percent=62.3, used=10600202240, free=5314691072, active=10874503168, inactive=550174720, buffers=59654144, cached=1157693440, shared=14696448, slab=100286464)
CPU: [44.7, 46.5, 48.1, 48.0]
RAM: svmem(total=17002643456, available=6355501056, percent=62.6, used=10647142400, free=5267750912, active=10929668096, inactive=550174720, buffers=59654144, cached=1157693440, shared=14696448, slab=100286464)
CPU: [44.4, 45.9, 47.5, 46.0]
RAM: svmem(total=17002643456, available=6298730496, percent=63.0, used=10703912960, free=5210980352, active=10977918976, inactive=550174720, buffers=59670528, cached=1157693440, shared=14696448, slab=100286464)
[frame_selection_agent@localhost:5012] 12/06/2026 20:30:33.679 --> frame_id=a9e6a96a-b37 DISCARDED (deleted from buffer). Discarded=424, Forwarded=196
[predict_weight_agent@localhost:5013] 12/06/2026 20:30:33.709 --> [FINAL] Animal 26 completed. Mean weight: 16.0062 kg
[frame_selection_agent@localhost:5012] 12/06/2026 20:30:33.791 --> frame_id=1547fc13-eb8 DISCARDED (deleted from buffer). Discarded=425, Forwarded=196
[frame_selection_agent@localhost:5012] 12/06/2026 20:30:33.939 --> frame_id=6d1ce61d-36d DISCARDED (deleted from buffer). Discarded=426, Forwarded=196
[data_enhance_agent@localhost:5011] 12/06/2026 20:30:34.003 --> frame_id=74e9b497-912 enhanced and forwarded.
[frame_selection_agent@localhost:5012] 12/06/2026 20:30:34.011 --> frame_id=3922d6d9-246 DISCARDED (deleted from buffer). Discarded=427, Forwarded=196
CPU: [36.6, 43.0, 37.8, 48.0]
[data_enhance_agent@localhost:5011] 12/06/2026 20:30:34.424 --> frame_id=df36064a-539 enhanced and forwarded.
RAM: svmem(total=17002643456, available=6295027712, percent=63.0, used=10707615744, free=5207277568, active=10946838528, inactive=550174720, buffers=59670528, cached=1157693440, shared=14696448, slab=100286464)
CPU: [53.5, 53.1, 59.0, 52.0]
[capture_agent@localhost:5010] 12/06/2026 20:30:35.227 --> [RESTART] Animal 51/100 entering scale.
RAM: svmem(total=17002643456, available=6300401664, percent=62.9, used=10702241792, free=5212651520, active=10946838528, inactive=550174720, buffers=59670528, cached=1157693440, shared=14696448, slab=100286464)
CPU: [44.8, 43.7, 38.5, 44.2]
[frame_selection_agent@localhost:5012] 12/06/2026 20:30:36.433 --> frame_id=475b41b2-7ba DISCARDED (deleted from buffer). Discarded=428, Forwarded=196
RAM: svmem(total=17002643456, available=6295126016, percent=63.0, used=10707517440, free=5207359488, active=10959945728, inactive=550191104, buffers=59670528, cached=1157693440, shared=14696448, slab=100286464)
[data_enhance_agent@localhost:5011] 12/06/2026 20:30:36.616 --> frame_id=bd4f89f3-a3c enhanced and forwarded.
[frame_selection_agent@localhost:5012] 12/06/2026 20:30:36.986 --> frame_id=c6723993-09c DISCARDED (deleted from buffer). Discarded=429, Forwarded=196
[frame_selection_agent@localhost:5012] 12/06/2026 20:30:37.076 --> frame_id=745836c3-a69 DISCARDED (deleted from buffer). Discarded=430, Forwarded=196
CPU: [36.7, 44.8, 46.6, 37.8]
[frame_selection_agent@localhost:5012] 12/06/2026 20:30:37.425 --> frame_id=9929f808-46d DISCARDED (deleted from buffer). Discarded=431, Forwarded=196
[frame_selection_agent@localhost:5012] 12/06/2026 20:30:37.427 --> frame_id=5ebfda4a-56d DISCARDED (deleted from buffer). Discarded=432, Forwarded=196
RAM: svmem(total=17002643456, available=6386892800, percent=62.4, used=10615750656, free=5299126272, active=10858496000, inactive=550191104, buffers=59670528, cached=1157709824, shared=14696448, slab=100335616)
[predict_weight_agent@localhost:5013] 12/06/2026 20:30:38.085 --> [BATCH INFERENCE] Running full network on 6 frames for animal 27
CPU: [35.3, 48.5, 37.1, 42.6]
RAM: svmem(total=17002643456, available=6391037952, percent=62.4, used=10611605504, free=5303255040, active=10858496000, inactive=550207488, buffers=59670528, cached=1157709824, shared=14696448, slab=100270080)
[frame_selection_agent@localhost:5012] 12/06/2026 20:30:38.936 --> [SYNC] Expected 20 frames for animal 41
CPU: [48.5, 53.1, 56.7, 54.4]
[predict_weight_agent@localhost:5013] 12/06/2026 20:30:39.303 --> [BATCH INFERENCE] Running full network on 6 frames for animal 28
[frame_selection_agent@localhost:5012] 12/06/2026 20:30:39.448 --> [SYNC] Expected 13 frames for animal 42
RAM: svmem(total=17002643456, available=6398967808, percent=62.4, used=10603675648, free=5311168512, active=10858496000, inactive=550223872, buffers=59686912, cached=1157709824, shared=14696448, slab=100270080)
[data_enhance_agent@localhost:5011] 12/06/2026 20:30:39.630 --> frame_id=50485dc0-e21 enhanced and forwarded.
[data_enhance_agent@localhost:5011] 12/06/2026 20:30:39.639 --> frame_id=e62d14e8-5f7 enhanced and forwarded.
[data_enhance_agent@localhost:5011] 12/06/2026 20:30:39.647 --> frame_id=9a6b0d1b-8a1 enhanced and forwarded.
[data_enhance_agent@localhost:5011] 12/06/2026 20:30:39.653 --> frame_id=ffdea7be-caf enhanced and forwarded.
[data_enhance_agent@localhost:5011] 12/06/2026 20:30:39.925 --> frame_id=e1475fa2-e78 enhanced and forwarded.
CPU: [66.3, 56.3, 56.0, 56.9]
RAM: svmem(total=17002643456, available=6408011776, percent=62.3, used=10594631680, free=5320212480, active=10858496000, inactive=550223872, buffers=59686912, cached=1157709824, shared=14696448, slab=100270080)
CPU: [48.0, 49.0, 45.0, 45.0]
RAM: svmem(total=17002643456, available=6401179648, percent=62.4, used=10601463808, free=5313380352, active=10880843776, inactive=550223872, buffers=59686912, cached=1157709824, shared=14696448, slab=100270080)
[frame_selection_agent@localhost:5012] 12/06/2026 20:30:42.271 --> frame_id=f7c099ee-57c DISCARDED (deleted from buffer). Discarded=433, Forwarded=196
CPU: [49.5, 47.4, 47.4, 48.5]
[frame_selection_agent@localhost:5012] 12/06/2026 20:30:42.403 --> frame_id=63b669db-d65 DISCARDED (deleted from buffer). Discarded=434, Forwarded=196
RAM: svmem(total=17002643456, available=6357925888, percent=62.6, used=10644717568, free=5270126592, active=10933665792, inactive=550223872, buffers=59686912, cached=1157709824, shared=14696448, slab=100270080)
[frame_selection_agent@localhost:5012] 12/06/2026 20:30:43.061 --> frame_id=7a61adf2-6e5 DISCARDED (deleted from buffer). Discarded=435, Forwarded=196
[frame_selection_agent@localhost:5012] 12/06/2026 20:30:43.117 --> frame_id=fd9da161-8af DISCARDED (deleted from buffer). Discarded=436, Forwarded=196
[frame_selection_agent@localhost:5012] 12/06/2026 20:30:43.140 --> frame_id=c730603d-767 DISCARDED (deleted from buffer). Discarded=437, Forwarded=196
[frame_selection_agent@localhost:5012] 12/06/2026 20:30:43.179 --> [BATCH READY] Sent animal_id=33 to Predict!
[data_enhance_agent@localhost:5011] 12/06/2026 20:30:43.215 --> frame_id=3efb5885-bc4 enhanced and forwarded.
CPU: [41.4, 40.8, 33.3, 31.0]
[data_enhance_agent@localhost:5011] 12/06/2026 20:30:43.557 --> frame_id=00312483-9e9 enhanced and forwarded.
[data_enhance_agent@localhost:5011] 12/06/2026 20:30:43.658 --> frame_id=2a4ea7bc-a42 enhanced and forwarded.
RAM: svmem(total=17002643456, available=6335807488, percent=62.7, used=10666835968, free=5248008192, active=10946363392, inactive=550223872, buffers=59686912, cached=1157709824, shared=14696448, slab=100270080)
[data_enhance_agent@localhost:5011] 12/06/2026 20:30:43.692 --> frame_id=2efce153-d6f enhanced and forwarded.
while handling timed call
Traceback (most recent call last):
  File "/home/ewertonsjp/.pyenv/versions/cv_vend_mas/lib/python3.12/site-packages/twisted/internet/base.py", line 1105, in runUntilCurrent
    call.func(*call.args, **call.kw)
  File "/home/ewertonsjp/projects/cv-system/mas/pade/core/new_ams.py", line 80, in on_time
    self.agent.agentInstance.table.pop(agent_name)
builtins.KeyError: 'capture_agent@localhost:5010'

[data_enhance_agent@localhost:5011] 12/06/2026 20:30:44.081 --> frame_id=428d731d-041 enhanced and forwarded.
[data_enhance_agent@localhost:5011] 12/06/2026 20:30:44.161 --> frame_id=84dbdab6-0fa enhanced and forwarded.
CPU: [41.1, 29.9, 29.9, 34.3]
[data_enhance_agent@localhost:5011] 12/06/2026 20:30:44.517 --> frame_id=7732dbfa-60f enhanced and forwarded.
[data_enhance_agent@localhost:5011] 12/06/2026 20:30:44.540 --> frame_id=2c56969c-3b0 enhanced and forwarded.
[data_enhance_agent@localhost:5011] 12/06/2026 20:30:44.610 --> frame_id=c55dd455-7e7 enhanced and forwarded.
RAM: svmem(total=17002643456, available=6323568640, percent=62.8, used=10679074816, free=5235769344, active=10963091456, inactive=550223872, buffers=59686912, cached=1157709824, shared=14696448, slab=100335616)
[data_enhance_agent@localhost:5011] 12/06/2026 20:30:45.100 --> frame_id=e35bbebb-a71 enhanced and forwarded.
[data_enhance_agent@localhost:5011] 12/06/2026 20:30:45.155 --> frame_id=4383e04e-4c9 enhanced and forwarded.
[data_enhance_agent@localhost:5011] 12/06/2026 20:30:45.289 --> frame_id=a8d9b2c2-658 enhanced and forwarded.
CPU: [35.5, 24.3, 46.6, 34.3][data_enhance_agent@localhost:5011] 12/06/2026 20:30:45.497 --> frame_id=8cdd0aca-e6a enhanced and forwarded.

[data_enhance_agent@localhost:5011] 12/06/2026 20:30:45.507 --> frame_id=aa497804-da9 enhanced and forwarded.
[data_enhance_agent@localhost:5011] 12/06/2026 20:30:45.730 --> frame_id=7f9c7834-19b enhanced and forwarded.
RAM: svmem(total=17002643456, available=6322929664, percent=62.8, used=10679713792, free=5235130368, active=10947002368, inactive=550223872, buffers=59686912, cached=1157709824, shared=14696448, slab=100335616)
[data_enhance_agent@localhost:5011] 12/06/2026 20:30:45.993 --> frame_id=5ebc8b6a-c3d enhanced and forwarded.
[data_enhance_agent@localhost:5011] 12/06/2026 20:30:46.215 --> frame_id=52860660-84e enhanced and forwarded.
[data_enhance_agent@localhost:5011] 12/06/2026 20:30:46.466 --> frame_id=982a5645-b82 enhanced and forwarded.
CPU: [41.2, 29.4, 38.7, 42.1]
[data_enhance_agent@localhost:5011] 12/06/2026 20:30:46.639 --> frame_id=0d680f38-278 enhanced and forwarded.
RAM: svmem(total=17002643456, available=6322995200, percent=62.8, used=10679648256, free=5235195904, active=10949033984, inactive=550223872, buffers=59686912, cached=1157709824, shared=14696448, slab=100335616)
[data_enhance_agent@localhost:5011] 12/06/2026 20:30:46.841 --> frame_id=c2317f75-e37 enhanced and forwarded.
[data_enhance_agent@localhost:5011] 12/06/2026 20:30:47.161 --> frame_id=ae64c7b3-ee4 enhanced and forwarded.
CPU: [44.7, 47.5, 45.5, 54.5]
RAM: svmem(total=17002643456, available=6324731904, percent=62.8, used=10677911552, free=5236932608, active=10949033984, inactive=550223872, buffers=59686912, cached=1157709824, shared=14696448, slab=100335616)
[capture_agent@localhost:5010] 12/06/2026 20:30:48.310 --> [RESTART] Animal 52/100 entering scale.
CPU: [45.4, 48.0, 44.8, 47.5]
RAM: svmem(total=17002643456, available=6332153856, percent=62.8, used=10670489600, free=5244354560, active=10949033984, inactive=550223872, buffers=59686912, cached=1157709824, shared=14696448, slab=100335616)
CPU: [48.5, 47.1, 47.6, 46.2]
RAM: svmem(total=17002643456, available=6226657280, percent=63.4, used=10775986176, free=5138857984, active=11061100544, inactive=550223872, buffers=59686912, cached=1157709824, shared=14696448, slab=100335616)
[frame_selection_agent@localhost:5012] 12/06/2026 20:30:49.934 --> frame_id=bcabeff3-13b SUITABLE. Discarded=437, Forwarded=197
[frame_selection_agent@localhost:5012] 12/06/2026 20:30:50.013 --> frame_id=8f430e18-8ab SUITABLE. Discarded=437, Forwarded=198
[data_enhance_agent@localhost:5011] 12/06/2026 20:30:50.289 --> frame_id=51465d62-eab enhanced and forwarded.
[frame_selection_agent@localhost:5012] 12/06/2026 20:30:50.467 --> frame_id=f8c5e91a-8f9 SUITABLE. Discarded=437, Forwarded=199
[predict_weight_agent@localhost:5013] 12/06/2026 20:30:50.707 --> [FINAL] Animal 27 completed. Mean weight: 16.0062 kg
CPU: [40.6, 50.0, 41.7, 46.1]
RAM: svmem(total=17002643456, available=6229442560, percent=63.4, used=10773200896, free=5141626880, active=11023810560, inactive=550240256, buffers=59703296, cached=1157709824, shared=14696448, slab=100335616)
[data_enhance_agent@localhost:5011] 12/06/2026 20:30:50.982 --> frame_id=c7980931-e40 enhanced and forwarded.
[data_enhance_agent@localhost:5011] 12/06/2026 20:30:51.149 --> frame_id=5a8fabaa-455 enhanced and forwarded.
[data_enhance_agent@localhost:5011] 12/06/2026 20:30:51.300 --> frame_id=b3c5028c-7ca enhanced and forwarded.
[frame_selection_agent@localhost:5012] 12/06/2026 20:30:51.314 --> frame_id=68b18a17-451 SUITABLE. Discarded=437, Forwarded=200
CPU: [38.4, 44.0, 39.4, 55.4]
[data_enhance_agent@localhost:5011] 12/06/2026 20:30:51.799 --> frame_id=1b4f9751-95a enhanced and forwarded.
RAM: svmem(total=17002643456, available=6386368512, percent=62.4, used=10616274944, free=5298552832, active=10858708992, inactive=550240256, buffers=59703296, cached=1157709824, shared=14696448, slab=100335616)
[data_enhance_agent@localhost:5011] 12/06/2026 20:30:52.257 --> frame_id=e8472ed5-37c enhanced and forwarded.
[data_enhance_agent@localhost:5011] 12/06/2026 20:30:52.319 --> frame_id=36fd0552-f1e enhanced and forwarded.
[data_enhance_agent@localhost:5011] 12/06/2026 20:30:52.632 --> frame_id=9fb64363-9fb enhanced and forwarded.
CPU: [47.5, 47.0, 43.6, 57.7]
[data_enhance_agent@localhost:5011] 12/06/2026 20:30:52.855 --> frame_id=63a589c2-6a0 enhanced and forwarded.
RAM: svmem(total=17002643456, available=6384730112, percent=62.4, used=10617913344, free=5296914432, active=10858708992, inactive=550240256, buffers=59703296, cached=1157709824, shared=14696448, slab=100401152)
CPU: [54.3, 54.9, 56.9, 56.3]
RAM: svmem(total=17002643456, available=6385778688, percent=62.4, used=10616864768, free=5297963008, active=10863706112, inactive=550240256, buffers=59703296, cached=1157709824, shared=14696448, slab=100401152)
[frame_selection_agent@localhost:5012] 12/06/2026 20:30:54.822 --> frame_id=fd5c7954-3cf SUITABLE. Discarded=437, Forwarded=201
CPU: [47.0, 47.6, 48.0, 48.0]
RAM: svmem(total=17002643456, available=6387302400, percent=62.4, used=10615341056, free=5299486720, active=10863902720, inactive=550240256, buffers=59703296, cached=1157709824, shared=14696448, slab=100401152)
[frame_selection_agent@localhost:5012] 12/06/2026 20:30:55.739 --> frame_id=654cf790-262 SUITABLE. Discarded=437, Forwarded=202
[frame_selection_agent@localhost:5012] 12/06/2026 20:30:55.751 --> frame_id=ec2bf496-10d DISCARDED (deleted from buffer). Discarded=438, Forwarded=202
RAM: svmem(total=17002643456, available=6375882752, percent=62.5, used=10626760704, free=5288050688, active=10898423808, inactive=550256640, buffers=59719680, cached=1157709824, shared=14696448, slab=100401152)
CPU: [56.7, 55.1, 55.7, 52.0]
[data_enhance_agent@localhost:5011] 12/06/2026 20:30:56.621 --> frame_id=901d1546-d46 enhanced and forwarded.
RAM: svmem(total=17002643456, available=6352781312, percent=62.6, used=10649862144, free=5264949248, active=10939056128, inactive=550256640, buffers=59719680, cached=1157709824, shared=14696448, slab=100401152)
CPU: [39.4, 40.8, 48.1, 40.6]
[data_enhance_agent@localhost:5011] 12/06/2026 20:30:56.960 --> frame_id=cb858e25-f91 enhanced and forwarded.
[data_enhance_agent@localhost:5011] 12/06/2026 20:30:57.085 --> frame_id=154ab54e-282 enhanced and forwarded.
[frame_selection_agent@localhost:5012] 12/06/2026 20:30:57.459 --> frame_id=3cefae5f-cb2 DISCARDED (deleted from buffer). Discarded=439, Forwarded=202
[data_enhance_agent@localhost:5011] 12/06/2026 20:30:57.546 --> frame_id=127fb3c6-840 enhanced and forwarded.
[data_enhance_agent@localhost:5011] 12/06/2026 20:30:57.559 --> frame_id=0c77f857-e0f enhanced and forwarded.
RAM: svmem(total=17002643456, available=6324518912, percent=62.8, used=10678124544, free=5236686848, active=10965909504, inactive=550256640, buffers=59719680, cached=1157709824, shared=14696448, slab=100401152)[frame_selection_agent@localhost:5012] 12/06/2026 20:30:57.937 --> frame_id=01f92936-a54 DISCARDED (deleted from buffer). Discarded=440, Forwarded=202

CPU: [27.6, 40.4, 34.3, 38.8]
[data_enhance_agent@localhost:5011] 12/06/2026 20:30:58.350 --> frame_id=ba146035-e73 enhanced and forwarded.
[data_enhance_agent@localhost:5011] 12/06/2026 20:30:58.358 --> frame_id=391f9f10-cde enhanced and forwarded.
[data_enhance_agent@localhost:5011] 12/06/2026 20:30:58.383 --> frame_id=7004da2f-890 enhanced and forwarded.
RAM: svmem(total=17002643456, available=6308790272, percent=62.9, used=10693853184, free=5220958208, active=10985717760, inactive=550256640, buffers=59719680, cached=1157709824, shared=14696448, slab=100401152)
CPU: [38.8, 50.9, 28.6, 33.0]
[data_enhance_agent@localhost:5011] 12/06/2026 20:30:59.100 --> frame_id=bcd53258-b13 enhanced and forwarded.
[data_enhance_agent@localhost:5011] 12/06/2026 20:30:59.281 --> frame_id=4310e501-649 enhanced and forwarded.
RAM: svmem(total=17002643456, available=6315278336, percent=62.9, used=10687365120, free=5227446272, active=10955407360, inactive=550256640, buffers=59719680, cached=1157709824, shared=14696448, slab=100466688)
[data_enhance_agent@localhost:5011] 12/06/2026 20:31:00.007 --> frame_id=4e775df7-54a enhanced and forwarded.
CPU: [50.5, 51.0, 54.4, 51.5]
[frame_selection_agent@localhost:5012] 12/06/2026 20:31:00.873 --> [SYNC] Expected 20 frames for animal 43
RAM: svmem(total=17002643456, available=6294274048, percent=63.0, used=10708369408, free=5206425600, active=10985865216, inactive=550273024, buffers=59736064, cached=1157709824, shared=14696448, slab=100466688)
[predict_weight_agent@localhost:5013] 12/06/2026 20:31:01.065 --> [BATCH INFERENCE] Running full network on 6 frames for animal 29
CPU: [44.0, 47.5, 45.6, 48.0]
[capture_agent@localhost:5010] 12/06/2026 20:31:01.332 --> [RESTART] Animal 53/100 entering scale.
[frame_selection_agent@localhost:5012] 12/06/2026 20:31:01.508 --> frame_id=e60b58e2-177 DISCARDED (deleted from buffer). Discarded=441, Forwarded=202
[frame_selection_agent@localhost:5012] 12/06/2026 20:31:01.629 --> frame_id=6c9b7029-a9a DISCARDED (deleted from buffer). Discarded=442, Forwarded=202
RAM: svmem(total=17002643456, available=6177046528, percent=63.7, used=10825596928, free=5089198080, active=11095097344, inactive=550273024, buffers=59736064, cached=1157709824, shared=14696448, slab=100466688)
CPU: [41.8, 45.5, 47.5, 46.6]
[data_enhance_agent@localhost:5011] 12/06/2026 20:31:02.148 --> frame_id=01ae88a4-8dd enhanced and forwarded.
[frame_selection_agent@localhost:5012] 12/06/2026 20:31:02.453 --> [SYNC] Expected 20 frames for animal 44
[predict_weight_agent@localhost:5013] 12/06/2026 20:31:02.695 --> [FINAL] Animal 28 completed. Mean weight: 16.0062 kg
[data_enhance_agent@localhost:5011] 12/06/2026 20:31:02.852 --> frame_id=49d8047a-7b9 enhanced and forwarded.
[frame_selection_agent@localhost:5012] 12/06/2026 20:31:02.912 --> frame_id=0de93c18-658 DISCARDED (deleted from buffer). Discarded=443, Forwarded=202
RAM: svmem(total=17002643456, available=6164070400, percent=63.7, used=10838573056, free=5076238336, active=11102961664, inactive=550273024, buffers=59736064, cached=1157660672, shared=14696448, slab=100417536)
CPU: [37.8, 50.0, 38.5, 40.4]
[data_enhance_agent@localhost:5011] 12/06/2026 20:31:03.351 --> frame_id=a294c1fa-bf7 enhanced and forwarded.
[data_enhance_agent@localhost:5011] 12/06/2026 20:31:03.426 --> frame_id=23678b3a-bb4 enhanced and forwarded.
[frame_selection_agent@localhost:5012] 12/06/2026 20:31:03.822 --> frame_id=f9048c41-93b DISCARDED (deleted from buffer). Discarded=444, Forwarded=202
while handling timed call
Traceback (most recent call last):
  File "/home/ewertonsjp/.pyenv/versions/cv_vend_mas/lib/python3.12/site-packages/twisted/internet/base.py", line 1105, in runUntilCurrent
    call.func(*call.args, **call.kw)
  File "/home/ewertonsjp/projects/cv-system/mas/pade/core/new_ams.py", line 80, in on_time
    self.agent.agentInstance.table.pop(agent_name)
builtins.KeyError: 'capture_agent@localhost:5010'

[data_enhance_agent@localhost:5011] 12/06/2026 20:31:03.911 --> frame_id=d182ee89-f58 enhanced and forwarded.
[data_enhance_agent@localhost:5011] 12/06/2026 20:31:03.945 --> frame_id=a9d5e925-0f0 enhanced and forwarded.
RAM: svmem(total=17002643456, available=6360039424, percent=62.6, used=10642604032, free=5272207360, active=10864066560, inactive=550273024, buffers=59736064, cached=1157693440, shared=14696448, slab=100433920)
[data_enhance_agent@localhost:5011] 12/06/2026 20:31:04.216 --> frame_id=9d3c0f5a-8db enhanced and forwarded.
CPU: [30.9, 38.4, 24.0, 41.7]
[data_enhance_agent@localhost:5011] 12/06/2026 20:31:04.336 --> frame_id=ae5e73fb-7fa enhanced and forwarded.
RAM: svmem(total=17002643456, available=6361464832, percent=62.6, used=10641178624, free=5273632768, active=10864082944, inactive=550273024, buffers=59736064, cached=1157693440, shared=14696448, slab=100433920)
CPU: [52.9, 52.8, 51.0, 48.0]
[frame_selection_agent@localhost:5012] 12/06/2026 20:31:06.129 --> frame_id=d025e5b1-216 DISCARDED (deleted from buffer). Discarded=445, Forwarded=202
RAM: svmem(total=17002643456, available=6371573760, percent=62.5, used=10631069696, free=5283725312, active=10864132096, inactive=550289408, buffers=59752448, cached=1157693440, shared=14696448, slab=100433920)
CPU: [42.6, 44.6, 45.5, 44.0]
[frame_selection_agent@localhost:5012] 12/06/2026 20:31:07.188 --> frame_id=c193ed35-a63 DISCARDED (deleted from buffer). Discarded=446, Forwarded=202
RAM: svmem(total=17002643456, available=6361071616, percent=62.6, used=10641571840, free=5273206784, active=10904846336, inactive=550305792, buffers=59752448, cached=1157693440, shared=14696448, slab=100433920)
CPU: [36.7, 43.7, 41.8, 49.5]
[data_enhance_agent@localhost:5011] 12/06/2026 20:31:07.442 --> frame_id=0e57aed0-ac1 enhanced and forwarded.
RAM: svmem(total=17002643456, available=6313639936, percent=62.9, used=10689003520, free=5225775104, active=10961223680, inactive=550305792, buffers=59752448, cached=1157693440, shared=14696448, slab=100433920)
CPU: [50.5, 46.5, 50.0, 48.0]
[frame_selection_agent@localhost:5012] 12/06/2026 20:31:08.410 --> frame_id=ca05471d-ea5 DISCARDED (deleted from buffer). Discarded=447, Forwarded=202
[frame_selection_agent@localhost:5012] 12/06/2026 20:31:08.632 --> frame_id=42c7ecc4-d54 DISCARDED (deleted from buffer). Discarded=448, Forwarded=202
[frame_selection_agent@localhost:5012] 12/06/2026 20:31:08.911 --> frame_id=be820724-aaa DISCARDED (deleted from buffer). Discarded=449, Forwarded=202
[data_enhance_agent@localhost:5011] 12/06/2026 20:31:08.976 --> frame_id=92742f6e-ec3 enhanced and forwarded.
RAM: svmem(total=17002643456, available=6323486720, percent=62.8, used=10679156736, free=5235621888, active=10951196672, inactive=550305792, buffers=59752448, cached=1157693440, shared=14696448, slab=100433920)
CPU: [43.7, 43.0, 48.4, 39.2]
RAM: svmem(total=17002643456, available=6323781632, percent=62.8, used=10678861824, free=5235916800, active=10951196672, inactive=550305792, buffers=59752448, cached=1157693440, shared=14696448, slab=100433920)
CPU: [47.7, 48.6, 49.5, 46.2]
[frame_selection_agent@localhost:5012] 12/06/2026 20:31:11.176 --> frame_id=d8f9a261-7ec DISCARDED (deleted from buffer). Discarded=450, Forwarded=202
RAM: svmem(total=17002643456, available=6332104704, percent=62.8, used=10670538752, free=5244239872, active=10951196672, inactive=550305792, buffers=59768832, cached=1157693440, shared=14696448, slab=100433920)
[frame_selection_agent@localhost:5012] 12/06/2026 20:31:11.386 --> frame_id=a65b91b3-956 DISCARDED (deleted from buffer). Discarded=451, Forwarded=202
[frame_selection_agent@localhost:5012] 12/06/2026 20:31:11.410 --> [BATCH READY] Sent animal_id=34 to Predict!
CPU: [39.2, 42.0, 41.9, 44.1]
[data_enhance_agent@localhost:5011] 12/06/2026 20:31:11.721 --> frame_id=a54c8717-edc enhanced and forwarded.
[frame_selection_agent@localhost:5012] 12/06/2026 20:31:12.214 --> frame_id=3c662adf-e10 SUITABLE. Discarded=451, Forwarded=203
RAM: svmem(total=17002643456, available=6287884288, percent=63.0, used=10714759168, free=5200003072, active=10968956928, inactive=550322176, buffers=59768832, cached=1157693440, shared=14696448, slab=100433920)
CPU: [49.5, 50.0, 47.5, 48.5]
[frame_selection_agent@localhost:5012] 12/06/2026 20:31:12.556 --> frame_id=eea676bc-200 SUITABLE. Discarded=451, Forwarded=204
[frame_selection_agent@localhost:5012] 12/06/2026 20:31:12.641 --> frame_id=70f357cb-e4a SUITABLE. Discarded=451, Forwarded=205
RAM: svmem(total=17002643456, available=6371786752, percent=62.5, used=10630856704, free=5283905536, active=10864345088, inactive=550322176, buffers=59768832, cached=1157693440, shared=14696448, slab=100499456)
CPU: [50.0, 51.0, 52.9, 50.0]
RAM: svmem(total=17002643456, available=6373965824, percent=62.5, used=10628677632, free=5286084608, active=10864345088, inactive=550322176, buffers=59768832, cached=1157693440, shared=14696448, slab=100499456)
[frame_selection_agent@localhost:5012] 12/06/2026 20:31:14.383 --> frame_id=bf6f9102-084 SUITABLE. Discarded=451, Forwarded=206
CPU: [43.8, 41.1, 42.7, 40.6]
[capture_agent@localhost:5010] 12/06/2026 20:31:14.593 --> [RESTART] Animal 54/100 entering scale.
RAM: svmem(total=17002643456, available=6376013824, percent=62.5, used=10626629632, free=5288132608, active=10871963648, inactive=550322176, buffers=59768832, cached=1157693440, shared=14696448, slab=100499456)
CPU: [42.7, 48.0, 45.4, 47.6]
[frame_selection_agent@localhost:5012] 12/06/2026 20:31:15.876 --> frame_id=41115c2a-e59 SUITABLE. Discarded=451, Forwarded=207
RAM: svmem(total=17002643456, available=6329073664, percent=62.8, used=10673569792, free=5241192448, active=10937991168, inactive=550322176, buffers=59768832, cached=1157693440, shared=14696448, slab=100499456)
CPU: [45.5, 46.8, 50.0, 44.9]
[frame_selection_agent@localhost:5012] 12/06/2026 20:31:16.810 --> frame_id=96b3812b-d2d SUITABLE. Discarded=451, Forwarded=208
[frame_selection_agent@localhost:5012] 12/06/2026 20:31:17.242 --> frame_id=20843c7c-09d DISCARDED (deleted from buffer). Discarded=452, Forwarded=208
[frame_selection_agent@localhost:5012] 12/06/2026 20:31:17.263 --> frame_id=6f292ec9-7d0 DISCARDED (deleted from buffer). Discarded=453, Forwarded=208
RAM: svmem(total=17002643456, available=6304186368, percent=62.9, used=10698457088, free=5216288768, active=10949787648, inactive=550338560, buffers=59785216, cached=1157693440, shared=14696448, slab=100499456)
CPU: [47.0, 48.0, 50.5, 45.8]
RAM: svmem(total=17002643456, available=6304022528, percent=62.9, used=10698620928, free=5216124928, active=10951311360, inactive=550338560, buffers=59785216, cached=1157693440, shared=14696448, slab=100499456)
CPU: [46.0, 42.9, 47.5, 48.1]
RAM: svmem(total=17002643456, available=6306316288, percent=62.9, used=10696327168, free=5218418688, active=10951819264, inactive=550338560, buffers=59785216, cached=1157693440, shared=14696448, slab=100499456)
[frame_selection_agent@localhost:5012] 12/06/2026 20:31:19.514 --> frame_id=593f9831-c2e DISCARDED (deleted from buffer). Discarded=454, Forwarded=208
CPU: [39.6, 40.6, 44.6, 45.5]
[frame_selection_agent@localhost:5012] 12/06/2026 20:31:19.839 --> frame_id=ae3e218b-feb DISCARDED (deleted from buffer). Discarded=455, Forwarded=208
[frame_selection_agent@localhost:5012] 12/06/2026 20:31:20.307 --> frame_id=9653bc3c-387 DISCARDED (deleted from buffer). Discarded=456, Forwarded=208
RAM: svmem(total=17002643456, available=6297944064, percent=63.0, used=10704699392, free=5210046464, active=10958422016, inactive=550338560, buffers=59785216, cached=1157693440, shared=14696448, slab=100499456)
CPU: [52.0, 49.5, 52.9, 51.5]
[frame_selection_agent@localhost:5012] 12/06/2026 20:31:20.815 --> frame_id=0d401f4b-4f2 DISCARDED (deleted from buffer). Discarded=457, Forwarded=208
[data_enhance_agent@localhost:5011] 12/06/2026 20:31:21.070 --> frame_id=92b373b7-699 enhanced and forwarded.
[data_enhance_agent@localhost:5011] 12/06/2026 20:31:21.403 --> frame_id=d7c51894-fcf enhanced and forwarded.
RAM: svmem(total=17002643456, available=6273859584, percent=63.1, used=10728783872, free=5185961984, active=10968186880, inactive=550338560, buffers=59785216, cached=1157693440, shared=14696448, slab=100499456)
[frame_selection_agent@localhost:5012] 12/06/2026 20:31:21.507 --> frame_id=53885b70-136 DISCARDED (deleted from buffer). Discarded=458, Forwarded=208
CPU: [29.4, 30.0, 32.0, 50.0]
[data_enhance_agent@localhost:5011] 12/06/2026 20:31:21.865 --> frame_id=8e1afd9e-274 enhanced and forwarded.
[data_enhance_agent@localhost:5011] 12/06/2026 20:31:21.924 --> frame_id=e863130b-851 enhanced and forwarded.
RAM: svmem(total=17002643456, available=6294568960, percent=63.0, used=10708074496, free=5206671360, active=10988388352, inactive=550338560, buffers=59785216, cached=1157693440, shared=14696448, slab=100499456)
CPU: [62.6, 66.0, 61.0, 63.6]
[frame_selection_agent@localhost:5012] 12/06/2026 20:31:23.132 --> frame_id=6fc2f268-7ad DISCARDED (deleted from buffer). Discarded=459, Forwarded=208
RAM: svmem(total=17002643456, available=6006046720, percent=64.7, used=10996596736, free=4918149120, active=11222515712, inactive=550338560, buffers=59785216, cached=1157693440, shared=14696448, slab=100499456)
[data_enhance_agent@localhost:5011] 12/06/2026 20:31:23.568 --> frame_id=e73eef07-773 enhanced and forwarded.
CPU: [50.0, 45.7, 50.5, 57.1]
while handling timed call
Traceback (most recent call last):
  File "/home/ewertonsjp/.pyenv/versions/cv_vend_mas/lib/python3.12/site-packages/twisted/internet/base.py", line 1105, in runUntilCurrent
    call.func(*call.args, **call.kw)
  File "/home/ewertonsjp/projects/cv-system/mas/pade/core/new_ams.py", line 80, in on_time
    self.agent.agentInstance.table.pop(agent_name)
builtins.KeyError: 'capture_agent@localhost:5010'

RAM: svmem(total=17002643456, available=5895946240, percent=65.3, used=11106697216, free=4808048640, active=11351851008, inactive=550338560, buffers=59785216, cached=1157693440, shared=14696448, slab=100499456)
CPU: [46.4, 53.3, 52.6, 50.5]
[frame_selection_agent@localhost:5012] 12/06/2026 20:31:25.087 --> frame_id=147646e6-bed DISCARDED (deleted from buffer). Discarded=460, Forwarded=208
RAM: svmem(total=17002643456, available=5661982720, percent=66.7, used=11340660736, free=4574085120, active=11563941888, inactive=550338560, buffers=59785216, cached=1157693440, shared=14696448, slab=100499456)
CPU: [51.5, 53.1, 52.5, 53.0]
[frame_selection_agent@localhost:5012] 12/06/2026 20:31:25.908 --> frame_id=0ee7bd1e-518 DISCARDED (deleted from buffer). Discarded=461, Forwarded=208
[frame_selection_agent@localhost:5012] 12/06/2026 20:31:26.291 --> frame_id=772c12e2-7c0 DISCARDED (deleted from buffer). Discarded=462, Forwarded=208
[frame_selection_agent@localhost:5012] 12/06/2026 20:31:26.365 --> frame_id=112f0eff-3db DISCARDED (deleted from buffer). Discarded=463, Forwarded=208
RAM: svmem(total=17002643456, available=5498306560, percent=67.7, used=11504336896, free=4410408960, active=11711512576, inactive=550338560, buffers=59785216, cached=1157693440, shared=14696448, slab=100499456)
[data_enhance_agent@localhost:5011] 12/06/2026 20:31:26.780 --> frame_id=a7ebf3e7-855 enhanced and forwarded.
[data_enhance_agent@localhost:5011] 12/06/2026 20:31:26.803 --> frame_id=e5bf756a-314 enhanced and forwarded.
CPU: [45.6, 46.6, 41.4, 50.0]
[data_enhance_agent@localhost:5011] 12/06/2026 20:31:27.198 --> frame_id=2dce4560-c69 enhanced and forwarded.
RAM: svmem(total=17002643456, available=5302435840, percent=68.8, used=11700207616, free=4214538240, active=11923701760, inactive=550338560, buffers=59785216, cached=1157693440, shared=14696448, slab=100499456)
[capture_agent@localhost:5010] 12/06/2026 20:31:27.712 --> [RESTART] Animal 55/100 entering scale.
CPU: [54.5, 54.9, 52.6, 55.4]
RAM: svmem(total=17002643456, available=5287936000, percent=68.9, used=11714707456, free=4200038400, active=11952816128, inactive=550338560, buffers=59785216, cached=1157693440, shared=14696448, slab=100499456)
CPU: [44.9, 48.0, 46.5, 49.0]
[frame_selection_agent@localhost:5012] 12/06/2026 20:31:29.410 --> frame_id=9e41a897-d26 DISCARDED (deleted from buffer). Discarded=464, Forwarded=208
[frame_selection_agent@localhost:5012] 12/06/2026 20:31:29.547 --> frame_id=c4a030e7-fd0 SUITABLE. Discarded=464, Forwarded=209
RAM: svmem(total=17002643456, available=5287444480, percent=68.9, used=11715198976, free=4199546880, active=11952816128, inactive=550338560, buffers=59801600, cached=1157693440, shared=14696448, slab=100499456)
[frame_selection_agent@localhost:5012] 12/06/2026 20:31:30.024 --> frame_id=458ec82a-503 SUITABLE. Discarded=464, Forwarded=210
CPU: [43.4, 44.0, 45.6, 53.6]
[data_enhance_agent@localhost:5011] 12/06/2026 20:31:30.178 --> frame_id=6ed89e9a-d76 enhanced and forwarded.
[data_enhance_agent@localhost:5011] 12/06/2026 20:31:30.514 --> frame_id=c4742756-fe1 enhanced and forwarded.
RAM: svmem(total=17002643456, available=5286215680, percent=68.9, used=11716427776, free=4198301696, active=11974885376, inactive=550354944, buffers=59801600, cached=1157693440, shared=14696448, slab=100499456)
CPU: [43.7, 41.1, 49.0, 55.6]
[frame_selection_agent@localhost:5012] 12/06/2026 20:31:31.389 --> frame_id=d396ac52-c75 DISCARDED (deleted from buffer). Discarded=465, Forwarded=210
[frame_selection_agent@localhost:5012] 12/06/2026 20:31:31.419 --> [BATCH READY] Sent animal_id=35 to Predict!
RAM: svmem(total=17002643456, available=5176606720, percent=69.6, used=11826036736, free=4088692736, active=12086198272, inactive=550354944, buffers=59801600, cached=1157693440, shared=14696448, slab=100499456)
[data_enhance_agent@localhost:5011] 12/06/2026 20:31:31.725 --> frame_id=b4e8b422-5bc enhanced and forwarded.
[data_enhance_agent@localhost:5011] 12/06/2026 20:31:32.046 --> frame_id=5d4175c7-9fa enhanced and forwarded.
CPU: [36.4, 44.9, 46.4, 35.6]
[data_enhance_agent@localhost:5011] 12/06/2026 20:31:32.507 --> frame_id=1483e198-849 enhanced and forwarded.
[data_enhance_agent@localhost:5011] 12/06/2026 20:31:32.620 --> frame_id=12bf6a21-01e enhanced and forwarded.
[predict_weight_agent@localhost:5013] 12/06/2026 20:31:32.701 --> [FINAL] Animal 29 completed. Mean weight: 16.0062 kg
RAM: svmem(total=17002643456, available=6294585344, percent=63.0, used=10708058112, free=5206671360, active=10864623616, inactive=550354944, buffers=59801600, cached=1157693440, shared=14696448, slab=100499456)
[data_enhance_agent@localhost:5011] 12/06/2026 20:31:33.070 --> frame_id=7229f0e1-41e enhanced and forwarded.
[data_enhance_agent@localhost:5011] 12/06/2026 20:31:33.089 --> frame_id=d7a58f39-dee enhanced and forwarded.
CPU: [30.2, 34.7, 31.6, 36.4]
[data_enhance_agent@localhost:5011] 12/06/2026 20:31:33.400 --> frame_id=b1a83afb-511 enhanced and forwarded.
[frame_selection_agent@localhost:5012] 12/06/2026 20:31:33.576 --> frame_id=df89d050-c2b SUITABLE. Discarded=465, Forwarded=211
RAM: svmem(total=17002643456, available=6294110208, percent=63.0, used=10708533248, free=5206196224, active=10864640000, inactive=550354944, buffers=59801600, cached=1157693440, shared=14696448, slab=100499456)
CPU: [55.7, 47.5, 46.9, 45.5]
RAM: svmem(total=17002643456, available=6297550848, percent=63.0, used=10705092608, free=5209636864, active=10868736000, inactive=550354944, buffers=59801600, cached=1157693440, shared=14696448, slab=100499456)
CPU: [62.4, 34.0, 34.6, 32.0]
[frame_selection_agent@localhost:5012] 12/06/2026 20:31:35.231 --> frame_id=b025ea37-8ed SUITABLE. Discarded=465, Forwarded=212
[data_enhance_agent@localhost:5011] 12/06/2026 20:31:35.578 --> frame_id=b2531c96-755 enhanced and forwarded.
RAM: svmem(total=17002643456, available=6293635072, percent=63.0, used=10709008384, free=5205704704, active=10886496256, inactive=550371328, buffers=59817984, cached=1157693440, shared=14696448, slab=100515840)
CPU: [44.3, 41.4, 39.2, 45.5]
[frame_selection_agent@localhost:5012] 12/06/2026 20:31:36.561 --> frame_id=ccf13ffd-f77 DISCARDED (deleted from buffer). Discarded=466, Forwarded=212
[frame_selection_agent@localhost:5012] 12/06/2026 20:31:36.701 --> frame_id=ac105156-ee4 SUITABLE. Discarded=466, Forwarded=213
RAM: svmem(total=17002643456, available=6321487872, percent=62.8, used=10681155584, free=5233541120, active=10884366336, inactive=550387712, buffers=59817984, cached=1157709824, shared=14696448, slab=100515840)
[data_enhance_agent@localhost:5011] 12/06/2026 20:31:37.015 --> frame_id=119c8df6-5aa enhanced and forwarded.
[frame_selection_agent@localhost:5012] 12/06/2026 20:31:37.223 --> frame_id=d7d5f325-194 DISCARDED (deleted from buffer). Discarded=467, Forwarded=213
CPU: [35.0, 53.5, 33.7, 36.4]
[data_enhance_agent@localhost:5011] 12/06/2026 20:31:37.425 --> frame_id=dbc971af-647 enhanced and forwarded.
RAM: svmem(total=17002643456, available=6275121152, percent=63.1, used=10727522304, free=5187174400, active=10923573248, inactive=550387712, buffers=59817984, cached=1157709824, shared=14696448, slab=100515840)
CPU: [52.5, 53.3, 51.0, 49.0]
RAM: svmem(total=17002643456, available=6222659584, percent=63.4, used=10779983872, free=5134712832, active=10958077952, inactive=550387712, buffers=59817984, cached=1157709824, shared=14696448, slab=100515840)
CPU: [40.6, 42.4, 41.8, 39.8]
[frame_selection_agent@localhost:5012] 12/06/2026 20:31:39.508 --> frame_id=190573c8-b3b DISCARDED (deleted from buffer). Discarded=468, Forwarded=213
[frame_selection_agent@localhost:5012] 12/06/2026 20:31:39.632 --> frame_id=222d2ad0-ac2 DISCARDED (deleted from buffer). Discarded=469, Forwarded=213
RAM: svmem(total=17002643456, available=6225051648, percent=63.4, used=10777591808, free=5137104896, active=10958077952, inactive=550387712, buffers=59817984, cached=1157709824, shared=14696448, slab=100515840)
[frame_selection_agent@localhost:5012] 12/06/2026 20:31:40.212 --> frame_id=0281f77d-80e DISCARDED (deleted from buffer). Discarded=470, Forwarded=213
CPU: [51.4, 50.5, 48.0, 50.0]
[capture_agent@localhost:5010] 12/06/2026 20:31:40.850 --> [RESTART] Animal 56/100 entering scale.
RAM: svmem(total=17002643456, available=6230589440, percent=63.4, used=10772054016, free=5142642688, active=10958077952, inactive=550387712, buffers=59834368, cached=1157709824, shared=14696448, slab=100515840)
CPU: [49.5, 49.5, 46.4, 47.5]
RAM: svmem(total=17002643456, available=6227853312, percent=63.4, used=10774790144, free=5139890176, active=10967760896, inactive=550404096, buffers=59834368, cached=1157709824, shared=14696448, slab=100515840)
[frame_selection_agent@localhost:5012] 12/06/2026 20:31:42.178 --> frame_id=9ab14a5e-d10 DISCARDED (deleted from buffer). Discarded=471, Forwarded=213
[frame_selection_agent@localhost:5012] 12/06/2026 20:31:42.227 --> frame_id=3c38d3a5-061 DISCARDED (deleted from buffer). Discarded=472, Forwarded=213
[frame_selection_agent@localhost:5012] 12/06/2026 20:31:42.279 --> frame_id=06db113b-f51 DISCARDED (deleted from buffer). Discarded=473, Forwarded=213
CPU: [42.6, 41.7, 45.5, 41.2]
RAM: svmem(total=17002643456, available=6244515840, percent=63.3, used=10758127616, free=5156552704, active=10931388416, inactive=550404096, buffers=59834368, cached=1157709824, shared=14696448, slab=100515840)
[frame_selection_agent@localhost:5012] 12/06/2026 20:31:43.374 --> frame_id=1eb81352-98e DISCARDED (deleted from buffer). Discarded=474, Forwarded=213
CPU: [43.9, 44.7, 44.0, 42.1]
[predict_weight_agent@localhost:5013] 12/06/2026 20:31:43.623 --> [BATCH INFERENCE] Running full network on 6 frames for animal 30
RAM: svmem(total=17002643456, available=6249070592, percent=63.2, used=10753572864, free=5161107456, active=10948067328, inactive=550404096, buffers=59834368, cached=1157709824, shared=14696448, slab=100515840)
while handling timed call
Traceback (most recent call last):
  File "/home/ewertonsjp/.pyenv/versions/cv_vend_mas/lib/python3.12/site-packages/twisted/internet/base.py", line 1105, in runUntilCurrent
    call.func(*call.args, **call.kw)
  File "/home/ewertonsjp/projects/cv-system/mas/pade/core/new_ams.py", line 80, in on_time
    self.agent.agentInstance.table.pop(agent_name)
builtins.KeyError: 'capture_agent@localhost:5010'

CPU: [46.5, 54.9, 47.5, 50.5]
RAM: svmem(total=17002643456, available=6250250240, percent=63.2, used=10752393216, free=5162287104, active=10957930496, inactive=550404096, buffers=59834368, cached=1157709824, shared=14696448, slab=100515840)
[data_enhance_agent@localhost:5011] 12/06/2026 20:31:45.004 --> frame_id=6a60afd5-b03 enhanced and forwarded.
[data_enhance_agent@localhost:5011] 12/06/2026 20:31:45.006 --> frame_id=f35414f7-302 enhanced and forwarded.
[frame_selection_agent@localhost:5012] 12/06/2026 20:31:45.269 --> [SYNC] Expected 20 frames for animal 45
CPU: [48.5, 48.5, 33.3, 41.2]
RAM: svmem(total=17002643456, available=6253707264, percent=63.2, used=10748936192, free=5165744128, active=10965041152, inactive=550404096, buffers=59834368, cached=1157709824, shared=14696448, slab=100515840)
[predict_weight_agent@localhost:5013] 12/06/2026 20:31:46.059 --> [BATCH INFERENCE] Running full network on 6 frames for animal 31
[frame_selection_agent@localhost:5012] 12/06/2026 20:31:46.439 --> [SYNC] Expected 16 frames for animal 46
CPU: [23.5, 36.4, 22.8, 45.0]
[data_enhance_agent@localhost:5011] 12/06/2026 20:31:46.627 --> frame_id=59b90447-e16 enhanced and forwarded.
[data_enhance_agent@localhost:5011] 12/06/2026 20:31:46.640 --> frame_id=15ccaa9e-ee6 enhanced and forwarded.
[data_enhance_agent@localhost:5011] 12/06/2026 20:31:46.653 --> frame_id=082288d3-b6a enhanced and forwarded.
[frame_selection_agent@localhost:5012] 12/06/2026 20:31:46.656 --> frame_id=fd238a47-82a DISCARDED (deleted from buffer). Discarded=475, Forwarded=213
[data_enhance_agent@localhost:5011] 12/06/2026 20:31:46.657 --> frame_id=24e92680-912 enhanced and forwarded.
[frame_selection_agent@localhost:5012] 12/06/2026 20:31:46.659 --> frame_id=a90d6453-685 DISCARDED (deleted from buffer). Discarded=476, Forwarded=213
[data_enhance_agent@localhost:5011] 12/06/2026 20:31:46.670 --> frame_id=f7b75130-feb enhanced and forwarded.
[data_enhance_agent@localhost:5011] 12/06/2026 20:31:46.677 --> frame_id=e7d0b065-9e9 enhanced and forwarded.
[data_enhance_agent@localhost:5011] 12/06/2026 20:31:46.684 --> frame_id=1c22cdb2-0e9 enhanced and forwarded.
RAM: svmem(total=17002643456, available=6317719552, percent=62.8, used=10684923904, free=5229756416, active=10931388416, inactive=550404096, buffers=59834368, cached=1157709824, shared=14696448, slab=100450304)
[data_enhance_agent@localhost:5011] 12/06/2026 20:31:47.163 --> frame_id=6cd624e2-bee enhanced and forwarded.
[data_enhance_agent@localhost:5011] 12/06/2026 20:31:47.170 --> frame_id=e13c2220-b07 enhanced and forwarded.
[frame_selection_agent@localhost:5012] 12/06/2026 20:31:47.228 --> frame_id=91df8db2-369 DISCARDED (deleted from buffer). Discarded=477, Forwarded=213
[data_enhance_agent@localhost:5011] 12/06/2026 20:31:47.245 --> frame_id=d6af17df-ca3 enhanced and forwarded.
[data_enhance_agent@localhost:5011] 12/06/2026 20:31:47.364 --> frame_id=78ffd4b5-243 enhanced and forwarded.
[data_enhance_agent@localhost:5011] 12/06/2026 20:31:47.369 --> frame_id=e8d2b236-a1a enhanced and forwarded.
[data_enhance_agent@localhost:5011] 12/06/2026 20:31:47.434 --> frame_id=391dd32f-f0c enhanced and forwarded.
CPU: [32.3, 49.5, 28.6, 31.4]
[data_enhance_agent@localhost:5011] 12/06/2026 20:31:47.787 --> frame_id=31135e66-76d enhanced and forwarded.
RAM: svmem(total=17002643456, available=6321913856, percent=62.8, used=10680729600, free=5233950720, active=10931388416, inactive=550404096, buffers=59850752, cached=1157709824, shared=14696448, slab=100450304)
[data_enhance_agent@localhost:5011] 12/06/2026 20:31:48.271 --> frame_id=fda73ac6-ee5 enhanced and forwarded.
[data_enhance_agent@localhost:5011] 12/06/2026 20:31:48.516 --> frame_id=9686848d-7eb enhanced and forwarded.
CPU: [44.6, 50.5, 54.9, 44.8]
RAM: svmem(total=17002643456, available=6329171968, percent=62.8, used=10673471488, free=5241208832, active=10931388416, inactive=550404096, buffers=59850752, cached=1157709824, shared=14696448, slab=100450304)
CPU: [52.4, 49.5, 51.1, 52.9]
[frame_selection_agent@localhost:5012] 12/06/2026 20:31:49.984 --> frame_id=1f308ac0-a73 DISCARDED (deleted from buffer). Discarded=478, Forwarded=213
[frame_selection_agent@localhost:5012] 12/06/2026 20:31:50.042 --> frame_id=22d618e5-99b DISCARDED (deleted from buffer). Discarded=479, Forwarded=213
[frame_selection_agent@localhost:5012] 12/06/2026 20:31:50.065 --> [BATCH READY] Sent animal_id=36 to Predict!
RAM: svmem(total=17002643456, available=6335201280, percent=62.7, used=10667442176, free=5247238144, active=10931388416, inactive=550404096, buffers=59850752, cached=1157709824, shared=14696448, slab=100450304)
CPU: [42.4, 44.9, 38.8, 49.0]
[data_enhance_agent@localhost:5011] 12/06/2026 20:31:50.711 --> frame_id=33b7d42f-70c enhanced and forwarded.
[data_enhance_agent@localhost:5011] 12/06/2026 20:31:50.720 --> frame_id=a6761380-60f enhanced and forwarded.
[frame_selection_agent@localhost:5012] 12/06/2026 20:31:50.796 --> frame_id=076ef132-5c9 SUITABLE. Discarded=479, Forwarded=214
RAM: svmem(total=17002643456, available=6334939136, percent=62.7, used=10667704320, free=5246959616, active=10951983104, inactive=550420480, buffers=59850752, cached=1157709824, shared=14696448, slab=100450304)
CPU: [56.6, 53.5, 58.1, 56.4]
RAM: svmem(total=17002643456, available=6303727616, percent=62.9, used=10698915840, free=5215748096, active=10994139136, inactive=550420480, buffers=59850752, cached=1157709824, shared=14696448, slab=100450304)
CPU: [44.8, 49.0, 46.4, 48.5]
[frame_selection_agent@localhost:5012] 12/06/2026 20:31:53.062 --> frame_id=c367b82d-ca7 SUITABLE. Discarded=479, Forwarded=215
RAM: svmem(total=17002643456, available=6282706944, percent=63.0, used=10719936512, free=5194727424, active=11007344640, inactive=550420480, buffers=59867136, cached=1157709824, shared=14696448, slab=100450304)
[data_enhance_agent@localhost:5011] 12/06/2026 20:31:53.414 --> frame_id=d06bc631-03f enhanced and forwarded.
CPU: [34.3, 37.0, 48.5, 40.2]
[data_enhance_agent@localhost:5011] 12/06/2026 20:31:53.749 --> frame_id=feaa569d-048 enhanced and forwarded.
[capture_agent@localhost:5010] 12/06/2026 20:31:53.971 --> [RESTART] Animal 57/100 entering scale.
[data_enhance_agent@localhost:5011] 12/06/2026 20:31:54.108 --> frame_id=e3abf785-1f0 enhanced and forwarded.
RAM: svmem(total=17002643456, available=6258884608, percent=63.2, used=10743758848, free=5170888704, active=11029086208, inactive=550436864, buffers=59867136, cached=1157709824, shared=14696448, slab=100450304)
[data_enhance_agent@localhost:5011] 12/06/2026 20:31:54.470 --> frame_id=7d061087-100 enhanced and forwarded.
CPU: [37.9, 45.3, 32.4, 42.7]
[data_enhance_agent@localhost:5011] 12/06/2026 20:31:54.772 --> frame_id=5ece8e62-6ff enhanced and forwarded.
RAM: svmem(total=17002643456, available=6164512768, percent=63.7, used=10838130688, free=5076516864, active=11105255424, inactive=550436864, buffers=59867136, cached=1157709824, shared=14696448, slab=100450304)
CPU: [50.0, 49.0, 49.0, 50.5]
[predict_weight_agent@localhost:5013] 12/06/2026 20:31:56.101 --> [FINAL] Animal 30 completed. Mean weight: 16.0062 kg
RAM: svmem(total=17002643456, available=6131433472, percent=63.9, used=10871209984, free=5043437568, active=11121246208, inactive=550436864, buffers=59867136, cached=1157709824, shared=14696448, slab=100450304)
[data_enhance_agent@localhost:5011] 12/06/2026 20:31:56.367 --> frame_id=b467e7a8-a6c enhanced and forwarded.
[data_enhance_agent@localhost:5011] 12/06/2026 20:31:56.689 --> frame_id=a7c97dae-30c enhanced and forwarded.
CPU: [41.9, 32.3, 41.1, 35.6]
[frame_selection_agent@localhost:5012] 12/06/2026 20:31:57.244 --> frame_id=bfc443e3-18a SUITABLE. Discarded=479, Forwarded=216
[data_enhance_agent@localhost:5011] 12/06/2026 20:31:57.285 --> frame_id=3fe44523-d70 enhanced and forwarded.
RAM: svmem(total=17002643456, available=6175965184, percent=63.7, used=10826678272, free=5087969280, active=11074437120, inactive=550436864, buffers=59867136, cached=1157709824, shared=14696448, slab=100450304)
[frame_selection_agent@localhost:5012] 12/06/2026 20:31:57.389 --> frame_id=1e08eb90-742 SUITABLE. Discarded=479, Forwarded=217
[frame_selection_agent@localhost:5012] 12/06/2026 20:31:57.492 --> frame_id=0c30e87d-29d SUITABLE. Discarded=479, Forwarded=218
CPU: [43.4, 28.3, 37.0, 37.8]
[data_enhance_agent@localhost:5011] 12/06/2026 20:31:57.848 --> frame_id=522e8e60-d68 enhanced and forwarded.
[data_enhance_agent@localhost:5011] 12/06/2026 20:31:57.864 --> frame_id=492e8858-741 enhanced and forwarded.
[frame_selection_agent@localhost:5012] 12/06/2026 20:31:58.217 --> frame_id=76e315c1-49f SUITABLE. Discarded=479, Forwarded=219
RAM: svmem(total=17002643456, available=6220365824, percent=63.4, used=10782277632, free=5132369920, active=10998710272, inactive=550436864, buffers=59867136, cached=1157709824, shared=14696448, slab=100450304)[frame_selection_agent@localhost:5012] 12/06/2026 20:31:58.317 --> frame_id=b00998d2-972 DISCARDED (deleted from buffer). Discarded=480, Forwarded=219

[data_enhance_agent@localhost:5011] 12/06/2026 20:31:58.475 --> frame_id=f147d9c3-409 enhanced and forwarded.
CPU: [51.0, 48.5, 53.0, 50.0]
RAM: svmem(total=17002643456, available=6225297408, percent=63.4, used=10777346048, free=5137301504, active=10998710272, inactive=550436864, buffers=59883520, cached=1157709824, shared=14696448, slab=100450304)
CPU: [48.0, 48.0, 48.1, 47.0]
[frame_selection_agent@localhost:5012] 12/06/2026 20:32:00.151 --> frame_id=c63bf496-f41 DISCARDED (deleted from buffer). Discarded=481, Forwarded=219
[frame_selection_agent@localhost:5012] 12/06/2026 20:32:00.183 --> frame_id=23ff7fde-db7 DISCARDED (deleted from buffer). Discarded=482, Forwarded=219
RAM: svmem(total=17002643456, available=6233587712, percent=63.3, used=10769055744, free=5145591808, active=10998710272, inactive=550436864, buffers=59883520, cached=1157709824, shared=14696448, slab=100450304)
[data_enhance_agent@localhost:5011] 12/06/2026 20:32:00.503 --> frame_id=bcad99a0-2c8 enhanced and forwarded.
[frame_selection_agent@localhost:5012] 12/06/2026 20:32:00.523 --> frame_id=641f2f3f-29d DISCARDED (deleted from buffer). Discarded=483, Forwarded=219
CPU: [47.1, 43.9, 56.9, 47.4]
RAM: svmem(total=17002643456, available=6239731712, percent=63.3, used=10762911744, free=5151735808, active=10998710272, inactive=550436864, buffers=59883520, cached=1157709824, shared=14696448, slab=100515840)
CPU: [65.4, 65.3, 67.0, 65.4]
RAM: svmem(total=17002643456, available=6244761600, percent=63.3, used=10757881856, free=5156765696, active=10998710272, inactive=550436864, buffers=59883520, cached=1157709824, shared=14696448, slab=100515840)
CPU: [47.5, 51.5, 44.1, 48.5]
RAM: svmem(total=17002643456, available=6243205120, percent=63.3, used=10759438336, free=5155192832, active=11023974400, inactive=550453248, buffers=59883520, cached=1157709824, shared=14696448, slab=100515840)
[frame_selection_agent@localhost:5012] 12/06/2026 20:32:03.959 --> frame_id=b5dbf39c-b6a DISCARDED (deleted from buffer). Discarded=484, Forwarded=219
while handling timed call
Traceback (most recent call last):
  File "/home/ewertonsjp/.pyenv/versions/cv_vend_mas/lib/python3.12/site-packages/twisted/internet/base.py", line 1105, in runUntilCurrent
    call.func(*call.args, **call.kw)
  File "/home/ewertonsjp/projects/cv-system/mas/pade/core/new_ams.py", line 80, in on_time
    self.agent.agentInstance.table.pop(agent_name)
builtins.KeyError: 'capture_agent@localhost:5010'

CPU: [50.0, 46.6, 45.1, 46.1]
[data_enhance_agent@localhost:5011] 12/06/2026 20:32:04.321 --> frame_id=956c817e-1c2 enhanced and forwarded.
RAM: svmem(total=17002643456, available=6242484224, percent=63.3, used=10760159232, free=5154471936, active=11032412160, inactive=550453248, buffers=59883520, cached=1157709824, shared=14696448, slab=100515840)
[data_enhance_agent@localhost:5011] 12/06/2026 20:32:04.693 --> frame_id=b6e6b4f1-a48 enhanced and forwarded.
CPU: [38.7, 33.7, 41.7, 53.9]
[data_enhance_agent@localhost:5011] 12/06/2026 20:32:05.090 --> frame_id=a9e89514-870 enhanced and forwarded.
RAM: svmem(total=17002643456, available=6241173504, percent=63.3, used=10761469952, free=5153161216, active=11038048256, inactive=550453248, buffers=59883520, cached=1157709824, shared=14696448, slab=100515840)
CPU: [49.5, 53.4, 56.0, 53.4]
[frame_selection_agent@localhost:5012] 12/06/2026 20:32:06.310 --> frame_id=35bc6dc8-db2 DISCARDED (deleted from buffer). Discarded=485, Forwarded=219
RAM: svmem(total=17002643456, available=6233554944, percent=63.3, used=10769088512, free=5145542656, active=11058364416, inactive=550453248, buffers=59883520, cached=1157726208, shared=14696448, slab=100515840)
[frame_selection_agent@localhost:5012] 12/06/2026 20:32:06.641 --> frame_id=7dc2695f-987 DISCARDED (deleted from buffer). Discarded=486, Forwarded=219
[data_enhance_agent@localhost:5011] 12/06/2026 20:32:06.759 --> frame_id=5778bfaf-67c enhanced and forwarded.
[data_enhance_agent@localhost:5011] 12/06/2026 20:32:07.089 --> frame_id=32fcc983-719 enhanced and forwarded.
[data_enhance_agent@localhost:5011] 12/06/2026 20:32:07.132 --> frame_id=ca1c57a5-2c6 enhanced and forwarded.
[capture_agent@localhost:5010] 12/06/2026 20:32:07.149 --> [RESTART] Animal 58/100 entering scale.
CPU: [31.7, 43.0, 42.9, 33.0]
[data_enhance_agent@localhost:5011] 12/06/2026 20:32:07.475 --> frame_id=bb8aa30c-a7a enhanced and forwarded.
RAM: svmem(total=17002643456, available=6227181568, percent=63.4, used=10775461888, free=5139152896, active=11075108864, inactive=550469632, buffers=59883520, cached=1157726208, shared=14696448, slab=100515840)
[data_enhance_agent@localhost:5011] 12/06/2026 20:32:07.919 --> frame_id=122c7008-e17 enhanced and forwarded.
[frame_selection_agent@localhost:5012] 12/06/2026 20:32:07.927 --> frame_id=a912e861-78a DISCARDED (deleted from buffer). Discarded=487, Forwarded=219
[frame_selection_agent@localhost:5012] 12/06/2026 20:32:07.973 --> frame_id=96c7cc2a-299 DISCARDED (deleted from buffer). Discarded=488, Forwarded=219
[frame_selection_agent@localhost:5012] 12/06/2026 20:32:08.043 --> frame_id=b4964e43-bab DISCARDED (deleted from buffer). Discarded=489, Forwarded=219
[data_enhance_agent@localhost:5011] 12/06/2026 20:32:08.164 --> frame_id=4665cc4b-f0e enhanced and forwarded.
CPU: [39.0, 32.7, 43.7, 36.1]
RAM: svmem(total=17002643456, available=6247514112, percent=63.3, used=10755129344, free=5159469056, active=11048288256, inactive=550469632, buffers=59883520, cached=1157742592, shared=14696448, slab=100532224)
[data_enhance_agent@localhost:5011] 12/06/2026 20:32:09.265 --> frame_id=f5ce4ddf-c62 enhanced and forwarded.
[data_enhance_agent@localhost:5011] 12/06/2026 20:32:09.272 --> frame_id=1fba0740-ac4 enhanced and forwarded.
CPU: [35.2, 43.3, 49.0, 38.7]
[data_enhance_agent@localhost:5011] 12/06/2026 20:32:09.378 --> frame_id=97c9e3ae-926 enhanced and forwarded.
[data_enhance_agent@localhost:5011] 12/06/2026 20:32:09.387 --> frame_id=5bc88e25-85c enhanced and forwarded.
[data_enhance_agent@localhost:5011] 12/06/2026 20:32:09.393 --> frame_id=7c491775-219 enhanced and forwarded.
RAM: svmem(total=17002643456, available=6272598016, percent=63.1, used=10730045440, free=5184569344, active=11024760832, inactive=550469632, buffers=59883520, cached=1157709824, shared=14696448, slab=100564992)
[frame_selection_agent@localhost:5012] 12/06/2026 20:32:09.972 --> frame_id=efbf4342-6c2 DISCARDED (deleted from buffer). Discarded=490, Forwarded=219
CPU: [44.4, 51.5, 47.5, 45.5]
RAM: svmem(total=17002643456, available=6113116160, percent=64.0, used=10889527296, free=5025087488, active=11150098432, inactive=550469632, buffers=59883520, cached=1157709824, shared=14696448, slab=100581376)
[data_enhance_agent@localhost:5011] 12/06/2026 20:32:10.950 --> frame_id=83acb5bc-59b enhanced and forwarded.
[frame_selection_agent@localhost:5012] 12/06/2026 20:32:10.953 --> frame_id=685cea32-931 DISCARDED (deleted from buffer). Discarded=491, Forwarded=219
[frame_selection_agent@localhost:5012] 12/06/2026 20:32:10.955 --> frame_id=24ad067d-ade DISCARDED (deleted from buffer). Discarded=492, Forwarded=219
[predict_weight_agent@localhost:5013] 12/06/2026 20:32:11.233 --> [FINAL] Animal 31 completed. Mean weight: 16.0062 kg
CPU: [45.7, 45.0, 47.5, 38.7]
RAM: svmem(total=17002643456, available=6106054656, percent=64.1, used=10896588800, free=5018009600, active=11132502016, inactive=550469632, buffers=59883520, cached=1157758976, shared=14696448, slab=100630528)
[frame_selection_agent@localhost:5012] 12/06/2026 20:32:11.653 --> [SYNC] Expected 18 frames for animal 47
[predict_weight_agent@localhost:5013] 12/06/2026 20:32:11.859 --> [BATCH INFERENCE] Running full network on 6 frames for animal 32
[frame_selection_agent@localhost:5012] 12/06/2026 20:32:12.299 --> [SYNC] Expected 20 frames for animal 48
CPU: [55.9, 56.0, 60.8, 59.8]
RAM: svmem(total=17002643456, available=6105071616, percent=64.1, used=10897571840, free=5017026560, active=11132502016, inactive=550469632, buffers=59916288, cached=1157758976, shared=14696448, slab=100564992)
CPU: [44.1, 46.2, 46.2, 45.6]
RAM: svmem(total=17002643456, available=6109036544, percent=64.1, used=10893606912, free=5020958720, active=11132502016, inactive=550502400, buffers=59916288, cached=1157758976, shared=14696448, slab=100564992)
CPU: [38.7, 40.4, 41.8, 43.6]
RAM: svmem(total=17002643456, available=6111215616, percent=64.1, used=10891427840, free=5023137792, active=11132502016, inactive=550502400, buffers=59916288, cached=1157758976, shared=14696448, slab=100564992)
[frame_selection_agent@localhost:5012] 12/06/2026 20:32:14.705 --> frame_id=0f3d4110-246 DISCARDED (deleted from buffer). Discarded=493, Forwarded=219
[frame_selection_agent@localhost:5012] 12/06/2026 20:32:14.715 --> [BATCH READY] Sent animal_id=37 to Predict!
CPU: [42.6, 45.4, 49.0, 51.5]
RAM: svmem(total=17002643456, available=6104662016, percent=64.1, used=10897981440, free=5016584192, active=11145003008, inactive=550502400, buffers=59916288, cached=1157758976, shared=14696448, slab=100564992)
[frame_selection_agent@localhost:5012] 12/06/2026 20:32:16.307 --> frame_id=ae5a4a36-781 SUITABLE. Discarded=493, Forwarded=220
CPU: [44.7, 39.4, 45.0, 47.6][frame_selection_agent@localhost:5012] 12/06/2026 20:32:16.495 --> frame_id=c444f519-964 SUITABLE. Discarded=493, Forwarded=221

RAM: svmem(total=17002643456, available=6097043456, percent=64.1, used=10905600000, free=5008965632, active=11166482432, inactive=550502400, buffers=59916288, cached=1157758976, shared=14696448, slab=100564992)
[data_enhance_agent@localhost:5011] 12/06/2026 20:32:16.894 --> frame_id=8bc028a6-4d9 enhanced and forwarded.
[frame_selection_agent@localhost:5012] 12/06/2026 20:32:17.217 --> frame_id=b8c87105-4a3 SUITABLE. Discarded=493, Forwarded=222
[frame_selection_agent@localhost:5012] 12/06/2026 20:32:17.341 --> frame_id=67bf3719-ea4 SUITABLE. Discarded=493, Forwarded=223
CPU: [42.5, 36.6, 45.8, 49.5]
[data_enhance_agent@localhost:5011] 12/06/2026 20:32:17.705 --> frame_id=85effd2c-872 enhanced and forwarded.
RAM: svmem(total=17002643456, available=6539034624, percent=61.5, used=10463608832, free=5450956800, active=10718068736, inactive=550502400, buffers=59932672, cached=1157758976, shared=14696448, slab=100564992)
CPU: [51.9, 50.5, 49.0, 49.5]
RAM: svmem(total=17002643456, available=6528565248, percent=61.6, used=10474078208, free=5440471040, active=10736173056, inactive=550518784, buffers=59932672, cached=1157758976, shared=14696448, slab=100564992)
CPU: [38.8, 43.4, 40.6, 41.8]
[frame_selection_agent@localhost:5012] 12/06/2026 20:32:19.652 --> frame_id=1f347b8e-25b DISCARDED (deleted from buffer). Discarded=494, Forwarded=223
[frame_selection_agent@localhost:5012] 12/06/2026 20:32:19.750 --> frame_id=02fe3416-71c DISCARDED (deleted from buffer). Discarded=495, Forwarded=223
RAM: svmem(total=17002643456, available=6641008640, percent=60.9, used=10361634816, free=5552914432, active=10599874560, inactive=550518784, buffers=59932672, cached=1157758976, shared=14696448, slab=100564992)
[frame_selection_agent@localhost:5012] 12/06/2026 20:32:19.890 --> frame_id=c0604edd-d04 DISCARDED (deleted from buffer). Discarded=496, Forwarded=223
[frame_selection_agent@localhost:5012] 12/06/2026 20:32:19.898 --> frame_id=9e621fed-cad SUITABLE. Discarded=496, Forwarded=224
[frame_selection_agent@localhost:5012] 12/06/2026 20:32:20.033 --> frame_id=d452896a-b66 SUITABLE. Discarded=496, Forwarded=225
[data_enhance_agent@localhost:5011] 12/06/2026 20:32:20.410 --> frame_id=51b3f5a2-72a enhanced and forwarded.
CPU: [49.0, 58.3, 48.0, 49.0]
[capture_agent@localhost:5010] 12/06/2026 20:32:20.633 --> [RESTART] Animal 59/100 entering scale.
RAM: svmem(total=17002643456, available=6677741568, percent=60.7, used=10324901888, free=5589647360, active=10550067200, inactive=550518784, buffers=59932672, cached=1157758976, shared=14696448, slab=100564992)
CPU: [49.5, 47.4, 52.0, 50.0]
RAM: svmem(total=17002643456, available=6683246592, percent=60.7, used=10319396864, free=5595152384, active=10550067200, inactive=550518784, buffers=59932672, cached=1157758976, shared=14696448, slab=100564992)
CPU: [39.6, 45.2, 37.6, 36.8]
RAM: svmem(total=17002643456, available=6691782656, percent=60.6, used=10310860800, free=5603688448, active=10550067200, inactive=550518784, buffers=59932672, cached=1157758976, shared=14696448, slab=100564992)
[frame_selection_agent@localhost:5012] 12/06/2026 20:32:23.052 --> frame_id=15245b2b-798 DISCARDED (deleted from buffer). Discarded=497, Forwarded=225
[data_enhance_agent@localhost:5011] 12/06/2026 20:32:23.392 --> frame_id=bfb4a377-8da enhanced and forwarded.
CPU: [36.7, 41.4, 47.2, 43.9]
RAM: svmem(total=17002643456, available=6698024960, percent=60.6, used=10304618496, free=5609930752, active=10550067200, inactive=550518784, buffers=59932672, cached=1157758976, shared=14696448, slab=100564992)
while handling timed call
Traceback (most recent call last):
  File "/home/ewertonsjp/.pyenv/versions/cv_vend_mas/lib/python3.12/site-packages/twisted/internet/base.py", line 1105, in runUntilCurrent
    call.func(*call.args, **call.kw)
  File "/home/ewertonsjp/projects/cv-system/mas/pade/core/new_ams.py", line 80, in on_time
    self.agent.agentInstance.table.pop(agent_name)
builtins.KeyError: 'capture_agent@localhost:5010'

CPU: [40.8, 48.0, 50.5, 48.5]
RAM: svmem(total=17002643456, available=6716227584, percent=60.5, used=10286415872, free=5628133376, active=10564665344, inactive=550518784, buffers=59932672, cached=1157758976, shared=14696448, slab=100564992)
[frame_selection_agent@localhost:5012] 12/06/2026 20:32:24.930 --> frame_id=cb164d31-ee6 DISCARDED (deleted from buffer). Discarded=498, Forwarded=225
[data_enhance_agent@localhost:5011] 12/06/2026 20:32:25.293 --> frame_id=7443c3a6-7bc enhanced and forwarded.
[data_enhance_agent@localhost:5011] 12/06/2026 20:32:25.552 --> frame_id=340ec72b-b8c enhanced and forwarded.
[frame_selection_agent@localhost:5012] 12/06/2026 20:32:25.609 --> frame_id=c246928c-5bd DISCARDED (deleted from buffer). Discarded=499, Forwarded=225
CPU: [32.0, 44.4, 34.0, 30.5]
RAM: svmem(total=17002643456, available=6706397184, percent=60.6, used=10296246272, free=5618302976, active=10585440256, inactive=550518784, buffers=59932672, cached=1157758976, shared=14696448, slab=100564992)
[data_enhance_agent@localhost:5011] 12/06/2026 20:32:25.967 --> frame_id=dad75ea9-f7a enhanced and forwarded.
[data_enhance_agent@localhost:5011] 12/06/2026 20:32:26.003 --> frame_id=83cd223a-938 enhanced and forwarded.
[frame_selection_agent@localhost:5012] 12/06/2026 20:32:26.267 --> frame_id=e28cbac2-9a9 DISCARDED (deleted from buffer). Discarded=500, Forwarded=225
[frame_selection_agent@localhost:5012] 12/06/2026 20:32:26.572 --> frame_id=6bc0a964-7f2 DISCARDED (deleted from buffer). Discarded=501, Forwarded=225
CPU: [47.4, 51.0, 48.0, 52.5]
RAM: svmem(total=17002643456, available=6706921472, percent=60.6, used=10295721984, free=5618827264, active=10586013696, inactive=550518784, buffers=59932672, cached=1157758976, shared=14696448, slab=100564992)
RAM: svmem(total=17002643456, available=6693355520, percent=60.6, used=10309287936, free=5605261312, active=10606837760, inactive=550518784, buffers=59932672, cached=1157758976, shared=14696448, slab=100564992)CPU: [44.6, 43.8, 44.9, 47.5]

[frame_selection_agent@localhost:5012] 12/06/2026 20:32:28.846 --> frame_id=32877e5e-995 DISCARDED (deleted from buffer). Discarded=502, Forwarded=225
[frame_selection_agent@localhost:5012] 12/06/2026 20:32:28.866 --> frame_id=6ccf9908-05a DISCARDED (deleted from buffer). Discarded=503, Forwarded=225
[frame_selection_agent@localhost:5012] 12/06/2026 20:32:28.938 --> frame_id=babe0c3d-59f DISCARDED (deleted from buffer). Discarded=504, Forwarded=225
RAM: svmem(total=17002643456, available=6686441472, percent=60.7, used=10316201984, free=5598347264, active=10599661568, inactive=550518784, buffers=59949056, cached=1157758976, shared=14696448, slab=100564992)
CPU: [36.0, 40.2, 43.8, 37.8]
[frame_selection_agent@localhost:5012] 12/06/2026 20:32:29.043 --> frame_id=e771d394-aa8 DISCARDED (deleted from buffer). Discarded=505, Forwarded=225
[frame_selection_agent@localhost:5012] 12/06/2026 20:32:29.244 --> frame_id=bcd3208b-f45 DISCARDED (deleted from buffer). Discarded=506, Forwarded=225
[data_enhance_agent@localhost:5011] 12/06/2026 20:32:29.405 --> frame_id=b395ee50-412 enhanced and forwarded.
[data_enhance_agent@localhost:5011] 12/06/2026 20:32:29.516 --> frame_id=4b72bf8b-21d enhanced and forwarded.
CPU: [38.0, 34.0, 43.9, 27.4]RAM: svmem(total=17002643456, available=6730399744, percent=60.4, used=10272243712, free=5642305536, active=10550231040, inactive=550518784, buffers=59949056, cached=1157758976, shared=14696448, slab=100564992)

[data_enhance_agent@localhost:5011] 12/06/2026 20:32:30.193 --> frame_id=1ff320e2-a78 enhanced and forwarded.
[data_enhance_agent@localhost:5011] 12/06/2026 20:32:30.202 --> frame_id=70420f59-7df enhanced and forwarded.
[data_enhance_agent@localhost:5011] 12/06/2026 20:32:30.558 --> frame_id=59bb6944-a8b enhanced and forwarded.
[data_enhance_agent@localhost:5011] 12/06/2026 20:32:30.573 --> frame_id=d13eb1e7-2ed enhanced and forwarded.
[data_enhance_agent@localhost:5011] 12/06/2026 20:32:30.762 --> frame_id=1a2e7e58-656 enhanced and forwarded.
RAM: svmem(total=17002643456, available=6636666880, percent=61.0, used=10365976576, free=5548556288, active=10652925952, inactive=550535168, buffers=59949056, cached=1157758976, shared=14696448, slab=100564992)
CPU: [52.9, 49.5, 49.5, 49.5]
[data_enhance_agent@localhost:5011] 12/06/2026 20:32:31.139 --> frame_id=3e398b87-68e enhanced and forwarded.
[data_enhance_agent@localhost:5011] 12/06/2026 20:32:31.607 --> frame_id=acf76a57-5aa enhanced and forwarded.
[data_enhance_agent@localhost:5011] 12/06/2026 20:32:32.015 --> frame_id=c06bc534-b0d enhanced and forwarded.
RAM: svmem(total=17002643456, available=6311034880, percent=62.9, used=10691608576, free=5222924288, active=10933452800, inactive=550535168, buffers=59949056, cached=1157758976, shared=14696448, slab=100564992)
CPU: [46.2, 55.7, 52.9, 48.5]
[data_enhance_agent@localhost:5011] 12/06/2026 20:32:32.337 --> frame_id=6d08f2b8-611 enhanced and forwarded.
[data_enhance_agent@localhost:5011] 12/06/2026 20:32:32.687 --> frame_id=6e71ee60-08a enhanced and forwarded.
[data_enhance_agent@localhost:5011] 12/06/2026 20:32:32.976 --> frame_id=4ad4bb2f-364 enhanced and forwarded.
RAM: svmem(total=17002643456, available=6304645120, percent=62.9, used=10697998336, free=5216534528, active=10956554240, inactive=550535168, buffers=59949056, cached=1157758976, shared=14696448, slab=100564992)
CPU: [42.6, 43.7, 35.9, 31.1]
[data_enhance_agent@localhost:5011] 12/06/2026 20:32:33.302 --> frame_id=c45bb37d-24d enhanced and forwarded.
[capture_agent@localhost:5010] 12/06/2026 20:32:33.862 --> [RESTART] Animal 60/100 entering scale.
RAM: svmem(total=17002643456, available=6237061120, percent=63.3, used=10765582336, free=5148950528, active=11060527104, inactive=550535168, buffers=59949056, cached=1157758976, shared=14696448, slab=100564992)
[frame_selection_agent@localhost:5012] 12/06/2026 20:32:34.189 --> frame_id=51a10096-80f DISCARDED (deleted from buffer). Discarded=507, Forwarded=225
[frame_selection_agent@localhost:5012] 12/06/2026 20:32:34.199 --> [BATCH READY] Sent animal_id=38 to Predict!
CPU: [51.0, 49.0, 48.0, 45.0]
RAM: svmem(total=17002643456, available=5995003904, percent=64.7, used=11007639552, free=4906876928, active=11284660224, inactive=550551552, buffers=59965440, cached=1157758976, shared=14696448, slab=100564992)
CPU: [53.1, 55.4, 49.5, 53.0]
RAM: svmem(total=17002643456, available=5709430784, percent=66.4, used=11293212672, free=4621303808, active=11550146560, inactive=550551552, buffers=59965440, cached=1157758976, shared=14696448, slab=100564992)
CPU: [50.0, 50.0, 49.0, 51.5]
[frame_selection_agent@localhost:5012] 12/06/2026 20:32:36.348 --> frame_id=94ca1941-27e SUITABLE. Discarded=507, Forwarded=226
[frame_selection_agent@localhost:5012] 12/06/2026 20:32:36.482 --> frame_id=0ae0da05-c2c SUITABLE. Discarded=507, Forwarded=227
[frame_selection_agent@localhost:5012] 12/06/2026 20:32:36.760 --> frame_id=5ffe3dcc-b7a SUITABLE. Discarded=507, Forwarded=228
[frame_selection_agent@localhost:5012] 12/06/2026 20:32:37.117 --> frame_id=cfa4d224-7c9 SUITABLE. Discarded=507, Forwarded=229
RAM: svmem(total=17002643456, available=5605244928, percent=67.0, used=11397398528, free=4517101568, active=11670863872, inactive=550567936, buffers=59965440, cached=1157775360, shared=14696448, slab=100564992)
CPU: [55.3, 54.6, 54.0, 56.6]
RAM: svmem(total=17002643456, available=5605244928, percent=67.0, used=11397398528, free=4517101568, active=11670880256, inactive=550567936, buffers=59965440, cached=1157775360, shared=14696448, slab=100564992)
CPU: [52.9, 52.5, 53.3, 51.9]
RAM: svmem(total=17002643456, available=5603524608, percent=67.0, used=11399118848, free=4515381248, active=11681398784, inactive=550567936, buffers=59965440, cached=1157775360, shared=14696448, slab=100564992)
CPU: [43.9, 47.1, 44.6, 47.6]
[frame_selection_agent@localhost:5012] 12/06/2026 20:32:39.627 --> frame_id=0b6dcc41-870 SUITABLE. Discarded=507, Forwarded=230
[frame_selection_agent@localhost:5012] 12/06/2026 20:32:39.721 --> frame_id=298c5dae-ba2 DISCARDED (deleted from buffer). Discarded=508, Forwarded=230
[frame_selection_agent@localhost:5012] 12/06/2026 20:32:39.792 --> frame_id=b8f41b80-6fe DISCARDED (deleted from buffer). Discarded=509, Forwarded=230
RAM: svmem(total=17002643456, available=5535465472, percent=67.4, used=11467177984, free=4447305728, active=11729666048, inactive=550584320, buffers=59981824, cached=1157775360, shared=14696448, slab=100564992)
CPU: [56.0, 55.3, 53.5, 54.0]
[predict_weight_agent@localhost:5013] 12/06/2026 20:32:40.453 --> [FINAL] Animal 32 completed. Mean weight: 16.0062 kg
RAM: svmem(total=17002643456, available=5592809472, percent=67.1, used=11409833984, free=4504649728, active=11585568768, inactive=550584320, buffers=59981824, cached=1157775360, shared=14696448, slab=100564992)
CPU: [45.7, 48.0, 49.0, 46.9]
[frame_selection_agent@localhost:5012] 12/06/2026 20:32:42.046 --> frame_id=74e9b497-912 DISCARDED (deleted from buffer). Discarded=510, Forwarded=230
RAM: svmem(total=17002643456, available=5600575488, percent=67.1, used=11402067968, free=4512415744, active=11585568768, inactive=550584320, buffers=59981824, cached=1157775360, shared=14696448, slab=100564992)
CPU: [40.0, 42.9, 44.1, 43.4]
[frame_selection_agent@localhost:5012] 12/06/2026 20:32:42.779 --> frame_id=df36064a-539 DISCARDED (deleted from buffer). Discarded=511, Forwarded=230
RAM: svmem(total=17002643456, available=5602197504, percent=67.1, used=11400445952, free=4514037760, active=11585568768, inactive=550584320, buffers=59981824, cached=1157775360, shared=14696448, slab=100564992)
CPU: [48.0, 48.0, 50.0, 49.0]
while handling timed call
Traceback (most recent call last):
  File "/home/ewertonsjp/.pyenv/versions/cv_vend_mas/lib/python3.12/site-packages/twisted/internet/base.py", line 1105, in runUntilCurrent
    call.func(*call.args, **call.kw)
  File "/home/ewertonsjp/projects/cv-system/mas/pade/core/new_ams.py", line 80, in on_time
    self.agent.agentInstance.table.pop(agent_name)
builtins.KeyError: 'capture_agent@localhost:5010'

RAM: svmem(total=17002643456, available=5590237184, percent=67.1, used=11412406272, free=4502077440, active=11617107968, inactive=550584320, buffers=59981824, cached=1157775360, shared=14696448, slab=100564992)
CPU: [44.4, 45.1, 42.7, 43.0]
[frame_selection_agent@localhost:5012] 12/06/2026 20:32:44.731 --> frame_id=bd4f89f3-a3c DISCARDED (deleted from buffer). Discarded=512, Forwarded=230
[frame_selection_agent@localhost:5012] 12/06/2026 20:32:44.801 --> frame_id=50485dc0-e21 DISCARDED (deleted from buffer). Discarded=513, Forwarded=230
[data_enhance_agent@localhost:5011] 12/06/2026 20:32:45.100 --> frame_id=c540501d-120 enhanced and forwarded.
[frame_selection_agent@localhost:5012] 12/06/2026 20:32:45.262 --> frame_id=e62d14e8-5f7 DISCARDED (deleted from buffer). Discarded=514, Forwarded=230
RAM: svmem(total=17002643456, available=5589123072, percent=67.1, used=11413520384, free=4500963328, active=11620319232, inactive=550584320, buffers=59998208, cached=1157775360, shared=14696448, slab=100564992)
[frame_selection_agent@localhost:5012] 12/06/2026 20:32:45.492 --> frame_id=9a6b0d1b-8a1 DISCARDED (deleted from buffer). Discarded=515, Forwarded=230
CPU: [29.0, 33.3, 51.0, 31.6]
[data_enhance_agent@localhost:5011] 12/06/2026 20:32:45.627 --> frame_id=155d6d5d-362 enhanced and forwarded.
[data_enhance_agent@localhost:5011] 12/06/2026 20:32:45.830 --> frame_id=b47a57c8-c1f enhanced and forwarded.
[data_enhance_agent@localhost:5011] 12/06/2026 20:32:46.055 --> frame_id=1551a02a-2d4 enhanced and forwarded.
[data_enhance_agent@localhost:5011] 12/06/2026 20:32:46.284 --> frame_id=4b0cbdf7-ba8 enhanced and forwarded.
[data_enhance_agent@localhost:5011] 12/06/2026 20:32:46.336 --> frame_id=fd42d40e-c82 enhanced and forwarded.
RAM: svmem(total=17002643456, available=5597675520, percent=67.1, used=11404967936, free=4509499392, active=11620319232, inactive=550600704, buffers=59998208, cached=1157775360, shared=14696448, slab=100564992)
[data_enhance_agent@localhost:5011] 12/06/2026 20:32:46.477 --> frame_id=c0532cd0-ead enhanced and forwarded.
CPU: [38.6, 35.6, 29.4, 32.1]
[data_enhance_agent@localhost:5011] 12/06/2026 20:32:46.615 --> frame_id=14d8d670-612 enhanced and forwarded.
[capture_agent@localhost:5010] 12/06/2026 20:32:46.997 --> [RESTART] Animal 61/100 entering scale.
RAM: svmem(total=17002643456, available=5610258432, percent=67.0, used=11392385024, free=4522082304, active=11620319232, inactive=550600704, buffers=59998208, cached=1157775360, shared=14696448, slab=100564992)
CPU: [52.5, 52.0, 53.0, 53.8]
RAM: svmem(total=17002643456, available=5597364224, percent=67.1, used=11405279232, free=4509188096, active=11646763008, inactive=550600704, buffers=59998208, cached=1157775360, shared=14696448, slab=100564992)
CPU: [40.8, 42.7, 42.4, 40.2]
[frame_selection_agent@localhost:5012] 12/06/2026 20:32:48.761 --> frame_id=ffdea7be-caf DISCARDED (deleted from buffer). Discarded=516, Forwarded=230
[frame_selection_agent@localhost:5012] 12/06/2026 20:32:48.945 --> frame_id=3efb5885-bc4 DISCARDED (deleted from buffer). Discarded=517, Forwarded=230
[data_enhance_agent@localhost:5011] 12/06/2026 20:32:49.135 --> frame_id=7bec521b-890 enhanced and forwarded.
[frame_selection_agent@localhost:5012] 12/06/2026 20:32:49.148 --> frame_id=e1475fa2-e78 DISCARDED (deleted from buffer). Discarded=518, Forwarded=230
RAM: svmem(total=17002643456, available=5641682944, percent=66.8, used=11360960512, free=4553506816, active=11622432768, inactive=550600704, buffers=59998208, cached=1157775360, shared=14696448, slab=100564992)
CPU: [44.1, 55.0, 41.8, 41.4]
[frame_selection_agent@localhost:5012] 12/06/2026 20:32:49.869 --> frame_id=00312483-9e9 DISCARDED (deleted from buffer). Discarded=519, Forwarded=230
RAM: svmem(total=17002643456, available=5670567936, percent=66.6, used=11332075520, free=4582391808, active=11585634304, inactive=550600704, buffers=60014592, cached=1157775360, shared=14696448, slab=100564992)
CPU: [49.5, 51.0, 52.0, 51.5]
[frame_selection_agent@localhost:5012] 12/06/2026 20:32:51.145 --> frame_id=2a4ea7bc-a42 DISCARDED (deleted from buffer). Discarded=520, Forwarded=230
[data_enhance_agent@localhost:5011] 12/06/2026 20:32:51.444 --> frame_id=77c7413c-af5 enhanced and forwarded.
RAM: svmem(total=17002643456, available=5673943040, percent=66.6, used=11328700416, free=4585766912, active=11585634304, inactive=550600704, buffers=60014592, cached=1157775360, shared=14696448, slab=100564992)
CPU: [39.2, 37.0, 38.8, 46.5]
[frame_selection_agent@localhost:5012] 12/06/2026 20:32:52.291 --> frame_id=2efce153-d6f DISCARDED (deleted from buffer). Discarded=521, Forwarded=230
[frame_selection_agent@localhost:5012] 12/06/2026 20:32:52.300 --> [BATCH READY] Sent animal_id=39 to Predict!
RAM: svmem(total=17002643456, available=5682659328, percent=66.6, used=11319984128, free=4594483200, active=11585634304, inactive=550600704, buffers=60014592, cached=1157775360, shared=14696448, slab=100564992)
CPU: [50.0, 44.1, 38.3, 41.4]
[data_enhance_agent@localhost:5011] 12/06/2026 20:32:52.749 --> frame_id=120d7cd3-6bf enhanced and forwarded.
[data_enhance_agent@localhost:5011] 12/06/2026 20:32:53.147 --> frame_id=ebbf470f-ee4 enhanced and forwarded.
RAM: svmem(total=17002643456, available=5674074112, percent=66.6, used=11328569344, free=4585881600, active=11611799552, inactive=550617088, buffers=60014592, cached=1157775360, shared=14696448, slab=100564992)
CPU: [39.0, 42.0, 39.8, 54.4]
[frame_selection_agent@localhost:5012] 12/06/2026 20:32:54.428 --> frame_id=428d731d-041 SUITABLE. Discarded=521, Forwarded=231
RAM: svmem(total=17002643456, available=5659574272, percent=66.7, used=11343069184, free=4571381760, active=11621629952, inactive=550617088, buffers=60014592, cached=1157775360, shared=14696448, slab=100564992)
CPU: [37.6, 39.6, 48.0, 39.0]
[data_enhance_agent@localhost:5011] 12/06/2026 20:32:54.730 --> frame_id=a37445dc-f94 enhanced and forwarded.
[frame_selection_agent@localhost:5012] 12/06/2026 20:32:54.911 --> frame_id=7732dbfa-60f SUITABLE. Discarded=521, Forwarded=232
RAM: svmem(total=17002643456, available=5660360704, percent=66.7, used=11342282752, free=4572168192, active=11621629952, inactive=550617088, buffers=60014592, cached=1157775360, shared=14696448, slab=100564992)
CPU: [35.8, 42.7, 40.4, 40.6][frame_selection_agent@localhost:5012] 12/06/2026 20:32:55.728 --> frame_id=2c56969c-3b0 SUITABLE. Discarded=521, Forwarded=233

[frame_selection_agent@localhost:5012] 12/06/2026 20:32:55.738 --> frame_id=84dbdab6-0fa SUITABLE. Discarded=521, Forwarded=234
RAM: svmem(total=17002643456, available=5657477120, percent=66.7, used=11345166336, free=4569251840, active=11632787456, inactive=550633472, buffers=60030976, cached=1157791744, shared=14696448, slab=100581376)
[data_enhance_agent@localhost:5011] 12/06/2026 20:32:56.635 --> frame_id=11732b1b-f5c enhanced and forwarded.
CPU: [42.0, 43.7, 45.5, 48.5]
[frame_selection_agent@localhost:5012] 12/06/2026 20:32:57.150 --> [SYNC] Expected 20 frames for animal 49
[data_enhance_agent@localhost:5011] 12/06/2026 20:32:57.269 --> frame_id=9febb1c3-b98 enhanced and forwarded.
[predict_weight_agent@localhost:5013] 12/06/2026 20:32:57.615 --> [BATCH INFERENCE] Running full network on 6 frames for animal 33
RAM: svmem(total=17002643456, available=5635112960, percent=66.9, used=11367530496, free=4546904064, active=11658690560, inactive=550633472, buffers=60030976, cached=1157758976, shared=14696448, slab=100483072)
CPU: [42.2, 41.2, 48.5, 36.0]
[frame_selection_agent@localhost:5012] 12/06/2026 20:32:57.999 --> [SYNC] Expected 20 frames for animal 50
RAM: svmem(total=17002643456, available=5674041344, percent=66.6, used=11328602112, free=4585832448, active=11617320960, inactive=550633472, buffers=60030976, cached=1157758976, shared=14696448, slab=100483072)
CPU: [34.0, 29.4, 41.3, 30.1]
[frame_selection_agent@localhost:5012] 12/06/2026 20:32:58.911 --> frame_id=e35bbebb-a71 SUITABLE. Discarded=521, Forwarded=235
[frame_selection_agent@localhost:5012] 12/06/2026 20:32:58.924 --> frame_id=4383e04e-4c9 DISCARDED (deleted from buffer). Discarded=522, Forwarded=235
[data_enhance_agent@localhost:5011] 12/06/2026 20:32:58.931 --> frame_id=7015531d-d45 enhanced and forwarded.
[data_enhance_agent@localhost:5011] 12/06/2026 20:32:58.946 --> frame_id=990de4c5-20d enhanced and forwarded.
[data_enhance_agent@localhost:5011] 12/06/2026 20:32:58.949 --> frame_id=0bb2599b-db9 enhanced and forwarded.
[frame_selection_agent@localhost:5012] 12/06/2026 20:32:58.954 --> frame_id=c55dd455-7e7 SUITABLE. Discarded=522, Forwarded=236
[data_enhance_agent@localhost:5011] 12/06/2026 20:32:58.973 --> frame_id=9c78f2e8-0cb enhanced and forwarded.
[data_enhance_agent@localhost:5011] 12/06/2026 20:32:59.022 --> frame_id=859976ae-2fa enhanced and forwarded.
[data_enhance_agent@localhost:5011] 12/06/2026 20:32:59.025 --> frame_id=00e87b83-70c enhanced and forwarded.
[data_enhance_agent@localhost:5011] 12/06/2026 20:32:59.080 --> frame_id=6fdf94de-ffb enhanced and forwarded.
[frame_selection_agent@localhost:5012] 12/06/2026 20:32:59.108 --> frame_id=a8d9b2c2-658 DISCARDED (deleted from buffer). Discarded=523, Forwarded=236
[data_enhance_agent@localhost:5011] 12/06/2026 20:32:59.490 --> frame_id=23c37274-4bb enhanced and forwarded.
RAM: svmem(total=17002643456, available=5699993600, percent=66.5, used=11302649856, free=4611784704, active=11585699840, inactive=550633472, buffers=60030976, cached=1157758976, shared=14696448, slab=100483072)
CPU: [39.6, 37.4, 41.6, 47.1]
[data_enhance_agent@localhost:5011] 12/06/2026 20:32:59.849 --> frame_id=57ba4694-770 enhanced and forwarded.
[capture_agent@localhost:5010] 12/06/2026 20:33:00.005 --> [RESTART] Animal 62/100 entering scale.
RAM: svmem(total=17002643456, available=5697863680, percent=66.5, used=11304779776, free=4609654784, active=11585699840, inactive=550633472, buffers=60030976, cached=1157758976, shared=14696448, slab=100483072)
CPU: [45.7, 50.5, 49.0, 49.5]
[frame_selection_agent@localhost:5012] 12/06/2026 20:33:00.923 --> frame_id=8cdd0aca-e6a DISCARDED (deleted from buffer). Discarded=524, Forwarded=236
RAM: svmem(total=17002643456, available=5706039296, percent=66.4, used=11296604160, free=4617830400, active=11585699840, inactive=550633472, buffers=60030976, cached=1157758976, shared=14696448, slab=100483072)
CPU: [47.6, 44.4, 49.0, 46.5]
[frame_selection_agent@localhost:5012] 12/06/2026 20:33:02.173 --> frame_id=aa497804-da9 DISCARDED (deleted from buffer). Discarded=525, Forwarded=236
RAM: svmem(total=17002643456, available=5708070912, percent=66.4, used=11294572544, free=4619862016, active=11585699840, inactive=550633472, buffers=60030976, cached=1157758976, shared=14696448, slab=100483072)
CPU: [48.0, 47.5, 47.1, 46.9]
RAM: svmem(total=17002643456, available=5683232768, percent=66.6, used=11319410688, free=4595023872, active=11614912512, inactive=550633472, buffers=60030976, cached=1157758976, shared=14696448, slab=100483072)
CPU: [47.2, 45.6, 42.6, 48.6]
while handling timed call
Traceback (most recent call last):
  File "/home/ewertonsjp/.pyenv/versions/cv_vend_mas/lib/python3.12/site-packages/twisted/internet/base.py", line 1105, in runUntilCurrent
    call.func(*call.args, **call.kw)
  File "/home/ewertonsjp/projects/cv-system/mas/pade/core/new_ams.py", line 80, in on_time
    self.agent.agentInstance.table.pop(agent_name)
builtins.KeyError: 'capture_agent@localhost:5010'

RAM: svmem(total=17002643456, available=5671485440, percent=66.6, used=11331158016, free=4583276544, active=11623858176, inactive=550633472, buffers=60030976, cached=1157758976, shared=14696448, slab=100548608)
CPU: [41.6, 41.8, 41.7, 42.7]
[frame_selection_agent@localhost:5012] 12/06/2026 20:33:05.435 --> frame_id=5ebc8b6a-c3d DISCARDED (deleted from buffer). Discarded=526, Forwarded=236
[frame_selection_agent@localhost:5012] 12/06/2026 20:33:05.677 --> frame_id=7f9c7834-19b DISCARDED (deleted from buffer). Discarded=527, Forwarded=236
RAM: svmem(total=17002643456, available=5669765120, percent=66.7, used=11332878336, free=4581556224, active=11625971712, inactive=550633472, buffers=60030976, cached=1157758976, shared=14696448, slab=100548608)
[frame_selection_agent@localhost:5012] 12/06/2026 20:33:05.921 --> frame_id=52860660-84e DISCARDED (deleted from buffer). Discarded=528, Forwarded=236
CPU: [43.1, 44.9, 46.5, 44.0]
[frame_selection_agent@localhost:5012] 12/06/2026 20:33:06.137 --> frame_id=982a5645-b82 DISCARDED (deleted from buffer). Discarded=529, Forwarded=236
RAM: svmem(total=17002643456, available=5643468800, percent=66.8, used=11359174656, free=4555259904, active=11651366912, inactive=550633472, buffers=60030976, cached=1157758976, shared=14696448, slab=100548608)
CPU: [54.4, 52.0, 54.0, 49.5]
[frame_selection_agent@localhost:5012] 12/06/2026 20:33:07.185 --> frame_id=ae64c7b3-ee4 DISCARDED (deleted from buffer). Discarded=530, Forwarded=236
[frame_selection_agent@localhost:5012] 12/06/2026 20:33:07.259 --> frame_id=0d680f38-278 DISCARDED (deleted from buffer). Discarded=531, Forwarded=236
[frame_selection_agent@localhost:5012] 12/06/2026 20:33:07.506 --> frame_id=51465d62-eab DISCARDED (deleted from buffer). Discarded=532, Forwarded=236
[frame_selection_agent@localhost:5012] 12/06/2026 20:33:07.681 --> frame_id=c2317f75-e37 DISCARDED (deleted from buffer). Discarded=533, Forwarded=236
RAM: svmem(total=17002643456, available=5690916864, percent=66.5, used=11311726592, free=4602707968, active=11586240512, inactive=550633472, buffers=60030976, cached=1157775360, shared=14696448, slab=100548608)
CPU: [51.0, 51.0, 48.5, 50.0]
RAM: svmem(total=17002643456, available=5691473920, percent=66.5, used=11311169536, free=4603265024, active=11586240512, inactive=550633472, buffers=60030976, cached=1157775360, shared=14696448, slab=100548608)
[frame_selection_agent@localhost:5012] 12/06/2026 20:33:08.939 --> frame_id=c7980931-e40 DISCARDED (deleted from buffer). Discarded=534, Forwarded=236
CPU: [46.6, 46.0, 44.1, 47.4]
[data_enhance_agent@localhost:5011] 12/06/2026 20:33:09.279 --> frame_id=b4139029-9ec enhanced and forwarded.
[data_enhance_agent@localhost:5011] 12/06/2026 20:33:09.582 --> frame_id=b0ff2736-a51 enhanced and forwarded.
RAM: svmem(total=17002643456, available=5697961984, percent=66.5, used=11304681472, free=4609753088, active=11586240512, inactive=550633472, buffers=60047360, cached=1157775360, shared=14696448, slab=100548608)
[data_enhance_agent@localhost:5011] 12/06/2026 20:33:09.915 --> frame_id=8fa14174-dd3 enhanced and forwarded.
CPU: [36.5, 36.6, 33.0, 35.2]
[data_enhance_agent@localhost:5011] 12/06/2026 20:33:10.277 --> frame_id=8e8b3e51-dcb enhanced and forwarded.
[data_enhance_agent@localhost:5011] 12/06/2026 20:33:10.554 --> frame_id=ddc8ea25-aa3 enhanced and forwarded.
RAM: svmem(total=17002643456, available=5700714496, percent=66.5, used=11301928960, free=4612505600, active=11586240512, inactive=550633472, buffers=60047360, cached=1157775360, shared=14696448, slab=100548608)
[data_enhance_agent@localhost:5011] 12/06/2026 20:33:10.863 --> frame_id=8f5792ee-d79 enhanced and forwarded.
CPU: [27.7, 38.2, 33.0, 42.1]
[data_enhance_agent@localhost:5011] 12/06/2026 20:33:11.199 --> frame_id=582fdc98-8b2 enhanced and forwarded.
[frame_selection_agent@localhost:5012] 12/06/2026 20:33:11.418 --> frame_id=5a8fabaa-455 DISCARDED (deleted from buffer). Discarded=535, Forwarded=236
[frame_selection_agent@localhost:5012] 12/06/2026 20:33:11.467 --> [BATCH READY] Sent animal_id=40 to Predict!
[data_enhance_agent@localhost:5011] 12/06/2026 20:33:11.798 --> frame_id=850dbe98-746 enhanced and forwarded.
RAM: svmem(total=17002643456, available=5706514432, percent=66.4, used=11296129024, free=4618289152, active=11586240512, inactive=550649856, buffers=60047360, cached=1157775360, shared=14696448, slab=100548608)
CPU: [48.5, 53.5, 52.4, 57.7]
[data_enhance_agent@localhost:5011] 12/06/2026 20:33:12.228 --> frame_id=1d7afe7b-894 enhanced and forwarded.
[data_enhance_agent@localhost:5011] 12/06/2026 20:33:12.567 --> frame_id=54c85f22-b00 enhanced and forwarded.
[data_enhance_agent@localhost:5011] 12/06/2026 20:33:12.936 --> frame_id=5c0fcad9-43a enhanced and forwarded.
RAM: svmem(total=17002643456, available=5719883776, percent=66.4, used=11282759680, free=4631642112, active=11587502080, inactive=550666240, buffers=60047360, cached=1157775360, shared=14696448, slab=100548608)
[capture_agent@localhost:5010] 12/06/2026 20:33:13.127 --> [RESTART] Animal 63/100 entering scale.
CPU: [38.4, 48.0, 39.8, 56.4]
[data_enhance_agent@localhost:5011] 12/06/2026 20:33:13.297 --> frame_id=d031c187-4c2 enhanced and forwarded.
[data_enhance_agent@localhost:5011] 12/06/2026 20:33:13.912 --> frame_id=e6c90c1f-d02 enhanced and forwarded.
RAM: svmem(total=17002643456, available=5686607872, percent=66.6, used=11316035584, free=4598366208, active=11619270656, inactive=550666240, buffers=60047360, cached=1157775360, shared=14696448, slab=100548608)
[data_enhance_agent@localhost:5011] 12/06/2026 20:33:14.061 --> frame_id=9d66bf84-024 enhanced and forwarded.
CPU: [35.0, 31.3, 46.5, 38.6]
[data_enhance_agent@localhost:5011] 12/06/2026 20:33:14.417 --> frame_id=22ed7573-3e0 enhanced and forwarded.
[data_enhance_agent@localhost:5011] 12/06/2026 20:33:14.872 --> frame_id=755e3347-ca0 enhanced and forwarded.
[data_enhance_agent@localhost:5011] 12/06/2026 20:33:15.043 --> frame_id=9ce20674-ad1 enhanced and forwarded.
RAM: svmem(total=17002643456, available=5684396032, percent=66.6, used=11318247424, free=4596154368, active=11622105088, inactive=550666240, buffers=60063744, cached=1157775360, shared=14696448, slab=100548608)
CPU: [30.8, 40.2, 26.5, 47.5]
[data_enhance_agent@localhost:5011] 12/06/2026 20:33:15.416 --> frame_id=10c51d52-303 enhanced and forwarded.
[data_enhance_agent@localhost:5011] 12/06/2026 20:33:15.753 --> frame_id=7bfb1601-ab7 enhanced and forwarded.
[data_enhance_agent@localhost:5011] 12/06/2026 20:33:16.083 --> frame_id=703f7642-844 enhanced and forwarded.
RAM: svmem(total=17002643456, available=5684396032, percent=66.6, used=11318247424, free=4596154368, active=11622121472, inactive=550666240, buffers=60063744, cached=1157775360, shared=14696448, slab=100548608)
[frame_selection_agent@localhost:5012] 12/06/2026 20:33:16.163 --> frame_id=b3c5028c-7ca SUITABLE. Discarded=535, Forwarded=237
CPU: [43.6, 45.7, 41.6, 41.7]
[frame_selection_agent@localhost:5012] 12/06/2026 20:33:16.829 --> frame_id=1b4f9751-95a SUITABLE. Discarded=535, Forwarded=238
[frame_selection_agent@localhost:5012] 12/06/2026 20:33:16.841 --> frame_id=e8472ed5-37c SUITABLE. Discarded=535, Forwarded=239
[frame_selection_agent@localhost:5012] 12/06/2026 20:33:16.910 --> frame_id=36fd0552-f1e SUITABLE. Discarded=535, Forwarded=240
RAM: svmem(total=17002643456, available=5672157184, percent=66.6, used=11330486272, free=4583899136, active=11631345664, inactive=550682624, buffers=60063744, cached=1157775360, shared=14696448, slab=100548608)
CPU: [57.1, 60.0, 58.2, 55.1]
RAM: svmem(total=17002643456, available=5536497664, percent=67.4, used=11466145792, free=4448239616, active=11723276288, inactive=550682624, buffers=60063744, cached=1157775360, shared=14696448, slab=100548608)
CPU: [51.5, 49.5, 53.5, 53.0]
[frame_selection_agent@localhost:5012] 12/06/2026 20:33:18.354 --> frame_id=63a589c2-6a0 SUITABLE. Discarded=535, Forwarded=241
[frame_selection_agent@localhost:5012] 12/06/2026 20:33:18.365 --> frame_id=9fb64363-9fb SUITABLE. Discarded=535, Forwarded=242
[frame_selection_agent@localhost:5012] 12/06/2026 20:33:18.522 --> frame_id=901d1546-d46 DISCARDED (deleted from buffer). Discarded=536, Forwarded=242
[frame_selection_agent@localhost:5012] 12/06/2026 20:33:18.527 --> frame_id=cb858e25-f91 DISCARDED (deleted from buffer). Discarded=537, Forwarded=242
[data_enhance_agent@localhost:5011] 12/06/2026 20:33:18.966 --> frame_id=19f6a988-358 enhanced and forwarded.
RAM: svmem(total=17002643456, available=5585223680, percent=67.2, used=11417419776, free=4496965632, active=11649990656, inactive=550682624, buffers=60063744, cached=1157775360, shared=14696448, slab=100548608)
CPU: [48.0, 43.1, 44.6, 47.5]
[data_enhance_agent@localhost:5011] 12/06/2026 20:33:19.415 --> frame_id=e0f7bdcf-b28 enhanced and forwarded.
[data_enhance_agent@localhost:5011] 12/06/2026 20:33:19.666 --> frame_id=800591b7-26a enhanced and forwarded.
[data_enhance_agent@localhost:5011] 12/06/2026 20:33:19.990 --> frame_id=975a2e99-4f0 enhanced and forwarded.
RAM: svmem(total=17002643456, available=5585223680, percent=67.2, used=11417419776, free=4496965632, active=11649990656, inactive=550682624, buffers=60063744, cached=1157775360, shared=14696448, slab=100548608)
CPU: [45.4, 50.5, 44.6, 42.7]
RAM: svmem(total=17002643456, available=5587959808, percent=67.1, used=11414683648, free=4499701760, active=11654512640, inactive=550682624, buffers=60063744, cached=1157775360, shared=14696448, slab=100548608)
CPU: [51.4, 47.9, 46.9, 48.5]
RAM: svmem(total=17002643456, available=5538594816, percent=67.4, used=11464048640, free=4450336768, active=11765874688, inactive=550682624, buffers=60063744, cached=1157775360, shared=14696448, slab=100548608)
CPU: [49.5, 47.5, 47.5, 45.7]
[predict_weight_agent@localhost:5013] 12/06/2026 20:33:22.973 --> [FINAL] Animal 33 completed. Mean weight: 16.0062 kg
[data_enhance_agent@localhost:5011] 12/06/2026 20:33:23.115 --> frame_id=742a23d6-4ad enhanced and forwarded.
RAM: svmem(total=17002643456, available=5541675008, percent=67.4, used=11460968448, free=4453416960, active=11720278016, inactive=550682624, buffers=60063744, cached=1157775360, shared=14696448, slab=100548608)
[data_enhance_agent@localhost:5011] 12/06/2026 20:33:23.504 --> frame_id=a7ab2a48-1dd enhanced and forwarded.
CPU: [39.4, 30.3, 45.5, 33.3]
[data_enhance_agent@localhost:5011] 12/06/2026 20:33:23.801 --> frame_id=0661bc82-41e enhanced and forwarded.
[data_enhance_agent@localhost:5011] 12/06/2026 20:33:24.118 --> frame_id=117553cc-481 enhanced and forwarded.
while handling timed call
Traceback (most recent call last):
  File "/home/ewertonsjp/.pyenv/versions/cv_vend_mas/lib/python3.12/site-packages/twisted/internet/base.py", line 1105, in runUntilCurrent
    call.func(*call.args, **call.kw)
  File "/home/ewertonsjp/projects/cv-system/mas/pade/core/new_ams.py", line 80, in on_time
    self.agent.agentInstance.table.pop(agent_name)
builtins.KeyError: 'capture_agent@localhost:5010'

RAM: svmem(total=17002643456, available=5676646400, percent=66.6, used=11325997056, free=4588388352, active=11594858496, inactive=550682624, buffers=60063744, cached=1157775360, shared=14696448, slab=100548608)
CPU: [38.8, 51.0, 37.4, 39.3]
[frame_selection_agent@localhost:5012] 12/06/2026 20:33:25.068 --> frame_id=154ab54e-282 DISCARDED (deleted from buffer). Discarded=538, Forwarded=242
RAM: svmem(total=17002643456, available=5661163520, percent=66.7, used=11341479936, free=4572905472, active=11626676224, inactive=550682624, buffers=60063744, cached=1157775360, shared=14696448, slab=100548608)
[data_enhance_agent@localhost:5011] 12/06/2026 20:33:25.402 --> frame_id=69f2777f-15a enhanced and forwarded.
CPU: [33.1, 52.1, 26.7, 30.3]
[data_enhance_agent@localhost:5011] 12/06/2026 20:33:26.033 --> frame_id=2448da5f-407 enhanced and forwarded.
RAM: svmem(total=17002643456, available=5662212096, percent=66.7, used=11340431360, free=4573954048, active=11626807296, inactive=550682624, buffers=60063744, cached=1157775360, shared=14696448, slab=100548608)
[data_enhance_agent@localhost:5011] 12/06/2026 20:33:26.310 --> frame_id=1904d57f-d67 enhanced and forwarded.
[capture_agent@localhost:5010] 12/06/2026 20:33:26.337 --> [RESTART] Animal 64/100 entering scale.
[data_enhance_agent@localhost:5011] 12/06/2026 20:33:26.572 --> frame_id=894f126f-fe5 enhanced and forwarded.
[frame_selection_agent@localhost:5012] 12/06/2026 20:33:26.584 --> frame_id=127fb3c6-840 DISCARDED (deleted from buffer). Discarded=539, Forwarded=242
CPU: [39.8, 27.9, 30.2, 43.8]
[data_enhance_agent@localhost:5011] 12/06/2026 20:33:26.956 --> frame_id=5034ebbf-913 enhanced and forwarded.
[frame_selection_agent@localhost:5012] 12/06/2026 20:33:27.043 --> frame_id=0c77f857-e0f DISCARDED (deleted from buffer). Discarded=540, Forwarded=242
[frame_selection_agent@localhost:5012] 12/06/2026 20:33:27.254 --> frame_id=ba146035-e73 DISCARDED (deleted from buffer). Discarded=541, Forwarded=242
RAM: svmem(total=17002643456, available=5658312704, percent=66.7, used=11344330752, free=4570054656, active=11631378432, inactive=550682624, buffers=60063744, cached=1157775360, shared=14696448, slab=100548608)
[data_enhance_agent@localhost:5011] 12/06/2026 20:33:27.531 --> frame_id=bfab5678-ebe enhanced and forwarded.
[data_enhance_agent@localhost:5011] 12/06/2026 20:33:27.607 --> frame_id=7f2119e9-54a enhanced and forwarded.
[frame_selection_agent@localhost:5012] 12/06/2026 20:33:27.635 --> frame_id=391f9f10-cde DISCARDED (deleted from buffer). Discarded=542, Forwarded=242
CPU: [34.0, 42.0, 32.7, 51.0]
[data_enhance_agent@localhost:5011] 12/06/2026 20:33:28.247 --> frame_id=31c05d70-390 enhanced and forwarded.
RAM: svmem(total=17002643456, available=5647876096, percent=66.8, used=11354767360, free=4559601664, active=11646091264, inactive=550699008, buffers=60080128, cached=1157775360, shared=14696448, slab=100548608)
[data_enhance_agent@localhost:5011] 12/06/2026 20:33:28.822 --> frame_id=1571ed68-f6d enhanced and forwarded.
[data_enhance_agent@localhost:5011] 12/06/2026 20:33:28.885 --> frame_id=713c8dec-8ab enhanced and forwarded.
CPU: [47.4, 42.9, 40.6, 47.0]
[frame_selection_agent@localhost:5012] 12/06/2026 20:33:29.156 --> frame_id=bcd53258-b13 DISCARDED (deleted from buffer). Discarded=543, Forwarded=242
RAM: svmem(total=17002643456, available=5631721472, percent=66.9, used=11370921984, free=4543447040, active=11666915328, inactive=550699008, buffers=60080128, cached=1157775360, shared=14696448, slab=100548608)
[frame_selection_agent@localhost:5012] 12/06/2026 20:33:29.555 --> frame_id=7004da2f-890 DISCARDED (deleted from buffer). Discarded=544, Forwarded=242
[frame_selection_agent@localhost:5012] 12/06/2026 20:33:29.758 --> frame_id=4310e501-649 DISCARDED (deleted from buffer). Discarded=545, Forwarded=242
[predict_weight_agent@localhost:5013] 12/06/2026 20:33:29.925 --> [BATCH INFERENCE] Running full network on 6 frames for animal 34
CPU: [45.1, 45.5, 46.2, 42.1]
RAM: svmem(total=17002643456, available=5696225280, percent=66.5, used=11306418176, free=4607950848, active=11586633728, inactive=550699008, buffers=60080128, cached=1157791744, shared=14696448, slab=100646912)
[frame_selection_agent@localhost:5012] 12/06/2026 20:33:30.659 --> frame_id=4e775df7-54a DISCARDED (deleted from buffer). Discarded=546, Forwarded=242
CPU: [61.4, 61.4, 60.2, 63.0]
RAM: svmem(total=17002643456, available=5696798720, percent=66.5, used=11305844736, free=4608524288, active=11586633728, inactive=550699008, buffers=60080128, cached=1157791744, shared=14696448, slab=100646912)
CPU: [57.1, 61.7, 61.0, 59.4]
[frame_selection_agent@localhost:5012] 12/06/2026 20:33:32.232 --> [SYNC] Expected 17 frames for animal 51
RAM: svmem(total=17002643456, available=5701959680, percent=66.5, used=11300683776, free=4613685248, active=11586633728, inactive=550699008, buffers=60080128, cached=1157791744, shared=14696448, slab=100646912)
[frame_selection_agent@localhost:5012] 12/06/2026 20:33:32.873 --> [SYNC] Expected 20 frames for animal 52
CPU: [44.4, 42.1, 44.3, 45.0]
RAM: svmem(total=17002643456, available=5700616192, percent=66.5, used=11302027264, free=4612341760, active=11586633728, inactive=550699008, buffers=60080128, cached=1157791744, shared=14696448, slab=100581376)
CPU: [51.9, 51.9, 50.0, 53.3]
[frame_selection_agent@localhost:5012] 12/06/2026 20:33:34.358 --> frame_id=01ae88a4-8dd DISCARDED (deleted from buffer). Discarded=547, Forwarded=242
RAM: svmem(total=17002643456, available=5700337664, percent=66.5, used=11302305792, free=4612063232, active=11591122944, inactive=550699008, buffers=60096512, cached=1157791744, shared=14696448, slab=100581376)
CPU: [51.5, 51.0, 53.4, 53.1]
RAM: svmem(total=17002643456, available=5684871168, percent=66.6, used=11317772288, free=4596580352, active=11625349120, inactive=550715392, buffers=60096512, cached=1157791744, shared=14696448, slab=100581376)
[frame_selection_agent@localhost:5012] 12/06/2026 20:33:35.942 --> frame_id=49d8047a-7b9 DISCARDED (deleted from buffer). Discarded=548, Forwarded=242
CPU: [47.4, 48.5, 52.9, 46.9]
[frame_selection_agent@localhost:5012] 12/06/2026 20:33:36.250 --> frame_id=23678b3a-bb4 DISCARDED (deleted from buffer). Discarded=549, Forwarded=242
[frame_selection_agent@localhost:5012] 12/06/2026 20:33:36.258 --> [BATCH READY] Sent animal_id=41 to Predict!
[frame_selection_agent@localhost:5012] 12/06/2026 20:33:36.451 --> frame_id=a294c1fa-bf7 SUITABLE. Discarded=549, Forwarded=243
RAM: svmem(total=17002643456, available=5627117568, percent=66.9, used=11375525888, free=4538826752, active=11676663808, inactive=550715392, buffers=60096512, cached=1157791744, shared=14696448, slab=100581376)
[frame_selection_agent@localhost:5012] 12/06/2026 20:33:36.866 --> frame_id=d182ee89-f58 SUITABLE. Discarded=549, Forwarded=244
CPU: [54.7, 52.0, 54.6, 56.2]
[frame_selection_agent@localhost:5012] 12/06/2026 20:33:37.288 --> frame_id=a9d5e925-0f0 SUITABLE. Discarded=549, Forwarded=245
RAM: svmem(total=17002643456, available=5628608512, percent=66.9, used=11374034944, free=4540301312, active=11676663808, inactive=550731776, buffers=60096512, cached=1157808128, shared=14696448, slab=100564992)
CPU: [52.0, 51.0, 51.5, 54.4]
RAM: svmem(total=17002643456, available=5626707968, percent=66.9, used=11375935488, free=4538400768, active=11682824192, inactive=550731776, buffers=60096512, cached=1157808128, shared=14696448, slab=100564992)
[frame_selection_agent@localhost:5012] 12/06/2026 20:33:39.022 --> frame_id=9d3c0f5a-8db SUITABLE. Discarded=549, Forwarded=246
[frame_selection_agent@localhost:5012] 12/06/2026 20:33:39.229 --> frame_id=0e57aed0-ac1 DISCARDED (deleted from buffer). Discarded=550, Forwarded=246
CPU: [39.2, 43.3, 44.1, 55.0]
[data_enhance_agent@localhost:5011] 12/06/2026 20:33:39.494 --> frame_id=8f6605e7-882 enhanced and forwarded.
RAM: svmem(total=17002643456, available=5595824128, percent=67.1, used=11406819328, free=4507516928, active=11705106432, inactive=550731776, buffers=60096512, cached=1157808128, shared=14696448, slab=100564992)
[frame_selection_agent@localhost:5012] 12/06/2026 20:33:39.531 --> frame_id=ae5e73fb-7fa DISCARDED (deleted from buffer). Discarded=551, Forwarded=246
[data_enhance_agent@localhost:5011] 12/06/2026 20:33:39.706 --> frame_id=ac23d5ce-cea enhanced and forwarded.
[capture_agent@localhost:5010] 12/06/2026 20:33:39.727 --> [RESTART] Animal 65/100 entering scale.
[data_enhance_agent@localhost:5011] 12/06/2026 20:33:40.131 --> frame_id=dc94c498-e20 enhanced and forwarded.
[data_enhance_agent@localhost:5011] 12/06/2026 20:33:40.186 --> frame_id=6369aa51-c92 enhanced and forwarded.
[data_enhance_agent@localhost:5011] 12/06/2026 20:33:40.244 --> frame_id=7cb963ec-a78 enhanced and forwarded.
CPU: [28.7, 31.4, 32.4, 35.6]
RAM: svmem(total=17002643456, available=5569527808, percent=67.2, used=11433115648, free=4481220608, active=11728633856, inactive=550731776, buffers=60096512, cached=1157808128, shared=14696448, slab=100564992)
[data_enhance_agent@localhost:5011] 12/06/2026 20:33:40.647 --> frame_id=15c07f3b-38c enhanced and forwarded.
[data_enhance_agent@localhost:5011] 12/06/2026 20:33:40.666 --> frame_id=0aeb7d12-e30 enhanced and forwarded.
[data_enhance_agent@localhost:5011] 12/06/2026 20:33:40.747 --> frame_id=26f6668a-bcc enhanced and forwarded.
[data_enhance_agent@localhost:5011] 12/06/2026 20:33:41.193 --> frame_id=16a5e62f-5ff enhanced and forwarded.
CPU: [37.3, 29.5, 21.9, 37.8]
RAM: svmem(total=17002643456, available=5659836416, percent=66.7, used=11342807040, free=4571529216, active=11609538560, inactive=550731776, buffers=60112896, cached=1157808128, shared=14696448, slab=100564992)
[data_enhance_agent@localhost:5011] 12/06/2026 20:33:41.700 --> frame_id=9746d129-2e0 enhanced and forwarded.
[predict_weight_agent@localhost:5013] 12/06/2026 20:33:41.727 --> [FINAL] Animal 34 completed. Mean weight: 16.0062 kg
[data_enhance_agent@localhost:5011] 12/06/2026 20:33:42.014 --> frame_id=c3626fca-597 enhanced and forwarded.
CPU: [19.4, 31.8, 35.6, 26.9]
RAM: svmem(total=17002643456, available=5666635776, percent=66.7, used=11336007680, free=4578328576, active=11609538560, inactive=550731776, buffers=60112896, cached=1157808128, shared=14696448, slab=100564992)
[data_enhance_agent@localhost:5011] 12/06/2026 20:33:42.776 --> frame_id=0f799f9a-c73 enhanced and forwarded.
[data_enhance_agent@localhost:5011] 12/06/2026 20:33:42.787 --> frame_id=593f823b-d2b enhanced and forwarded.
[data_enhance_agent@localhost:5011] 12/06/2026 20:33:42.798 --> frame_id=73c32c54-182 enhanced and forwarded.
[data_enhance_agent@localhost:5011] 12/06/2026 20:33:42.799 --> frame_id=4c06565f-e8e enhanced and forwarded.
[data_enhance_agent@localhost:5011] 12/06/2026 20:33:42.807 --> frame_id=9867b224-407 enhanced and forwarded.
[data_enhance_agent@localhost:5011] 12/06/2026 20:33:43.110 --> frame_id=1de0fc8f-967 enhanced and forwarded.
[data_enhance_agent@localhost:5011] 12/06/2026 20:33:43.122 --> frame_id=2e2342d5-adf enhanced and forwarded.
[data_enhance_agent@localhost:5011] 12/06/2026 20:33:43.126 --> frame_id=792e8177-521 enhanced and forwarded.
[data_enhance_agent@localhost:5011] 12/06/2026 20:33:43.173 --> frame_id=2bc49563-772 enhanced and forwarded.
CPU: [49.0, 50.5, 42.4, 41.4]
RAM: svmem(total=17002643456, available=5671321600, percent=66.6, used=11331321856, free=4582998016, active=11586682880, inactive=550731776, buffers=60112896, cached=1157824512, shared=14696448, slab=100581376)
while handling timed call
Traceback (most recent call last):
  File "/home/ewertonsjp/.pyenv/versions/cv_vend_mas/lib/python3.12/site-packages/twisted/internet/base.py", line 1105, in runUntilCurrent
    call.func(*call.args, **call.kw)
  File "/home/ewertonsjp/projects/cv-system/mas/pade/core/new_ams.py", line 80, in on_time
    self.agent.agentInstance.table.pop(agent_name)
builtins.KeyError: 'capture_agent@localhost:5010'

CPU: [46.3, 49.5, 45.4, 49.0]
RAM: svmem(total=17002643456, available=5676253184, percent=66.6, used=11326390272, free=4587929600, active=11586682880, inactive=550731776, buffers=60112896, cached=1157824512, shared=14696448, slab=100581376)
[frame_selection_agent@localhost:5012] 12/06/2026 20:33:45.144 --> frame_id=92742f6e-ec3 DISCARDED (deleted from buffer). Discarded=552, Forwarded=246
CPU: [41.6, 44.1, 42.7, 43.6]
RAM: svmem(total=17002643456, available=5690802176, percent=66.5, used=11311841280, free=4602462208, active=11586699264, inactive=550748160, buffers=60112896, cached=1157824512, shared=14696448, slab=100581376)
[frame_selection_agent@localhost:5012] 12/06/2026 20:33:46.578 --> frame_id=a54c8717-edc DISCARDED (deleted from buffer). Discarded=553, Forwarded=246
CPU: [49.5, 48.1, 45.6, 43.9]
RAM: svmem(total=17002643456, available=5706301440, percent=66.4, used=11296342016, free=4617961472, active=11586732032, inactive=550748160, buffers=60112896, cached=1157824512, shared=14696448, slab=100597760)
[frame_selection_agent@localhost:5012] 12/06/2026 20:33:47.027 --> frame_id=d7c51894-fcf DISCARDED (deleted from buffer). Discarded=554, Forwarded=246
[frame_selection_agent@localhost:5012] 12/06/2026 20:33:47.052 --> frame_id=92b373b7-699 DISCARDED (deleted from buffer). Discarded=555, Forwarded=246
[frame_selection_agent@localhost:5012] 12/06/2026 20:33:47.211 --> frame_id=8e1afd9e-274 DISCARDED (deleted from buffer). Discarded=556, Forwarded=246
RAM: svmem(total=17002643456, available=5677580288, percent=66.6, used=11325063168, free=4589223936, active=11624349696, inactive=550764544, buffers=60129280, cached=1157824512, shared=14696448, slab=100597760)
CPU: [47.9, 52.5, 49.5, 49.0]
[frame_selection_agent@localhost:5012] 12/06/2026 20:33:48.133 --> frame_id=e863130b-851 DISCARDED (deleted from buffer). Discarded=557, Forwarded=246
RAM: svmem(total=17002643456, available=5669470208, percent=66.7, used=11333173248, free=4581113856, active=11634212864, inactive=550764544, buffers=60129280, cached=1157824512, shared=14696448, slab=100597760)
CPU: [47.1, 49.5, 51.0, 50.5]
RAM: svmem(total=17002643456, available=5663571968, percent=66.7, used=11339071488, free=4575215616, active=11640520704, inactive=550764544, buffers=60129280, cached=1157824512, shared=14696448, slab=100597760)
CPU: [44.6, 42.7, 42.7, 45.0]
RAM: svmem(total=17002643456, available=5639733248, percent=66.8, used=11362910208, free=4551376896, active=11664900096, inactive=550764544, buffers=60129280, cached=1157824512, shared=14696448, slab=100597760)
CPU: [44.4, 45.1, 44.6, 44.9]
[frame_selection_agent@localhost:5012] 12/06/2026 20:33:50.924 --> frame_id=e73eef07-773 DISCARDED (deleted from buffer). Discarded=558, Forwarded=246
[frame_selection_agent@localhost:5012] 12/06/2026 20:33:50.929 --> [BATCH READY] Sent animal_id=42 to Predict!
[frame_selection_agent@localhost:5012] 12/06/2026 20:33:50.986 --> frame_id=e5bf756a-314 SUITABLE. Discarded=558, Forwarded=247
[data_enhance_agent@localhost:5011] 12/06/2026 20:33:51.293 --> frame_id=13b2624e-6c0 enhanced and forwarded.
[frame_selection_agent@localhost:5012] 12/06/2026 20:33:51.337 --> frame_id=a7ebf3e7-855 SUITABLE. Discarded=558, Forwarded=248
[frame_selection_agent@localhost:5012] 12/06/2026 20:33:51.574 --> frame_id=2dce4560-c69 SUITABLE. Discarded=558, Forwarded=249
[data_enhance_agent@localhost:5011] 12/06/2026 20:33:51.635 --> frame_id=3150065e-35a enhanced and forwarded.
RAM: svmem(total=17002643456, available=5702828032, percent=66.5, used=11299815424, free=4614471680, active=11586764800, inactive=550764544, buffers=60129280, cached=1157824512, shared=14696448, slab=100597760)
CPU: [54.0, 37.3, 42.4, 40.2]
RAM: svmem(total=17002643456, available=5703450624, percent=66.5, used=11299192832, free=4615094272, active=11586764800, inactive=550764544, buffers=60145664, cached=1157824512, shared=14696448, slab=100597760)
CPU: [53.9, 51.0, 47.3, 46.9]
[capture_agent@localhost:5010] 12/06/2026 20:33:52.946 --> [RESTART] Animal 66/100 entering scale.
[frame_selection_agent@localhost:5012] 12/06/2026 20:33:53.619 --> frame_id=6ed89e9a-d76 SUITABLE. Discarded=558, Forwarded=250
RAM: svmem(total=17002643456, available=5700403200, percent=66.5, used=11302240256, free=4612046848, active=11586764800, inactive=550764544, buffers=60145664, cached=1157824512, shared=14696448, slab=100597760)
CPU: [36.6, 40.6, 34.0, 35.9]
[data_enhance_agent@localhost:5011] 12/06/2026 20:33:53.918 --> frame_id=5f67b666-2aa enhanced and forwarded.
RAM: svmem(total=17002643456, available=5690621952, percent=66.5, used=11312021504, free=4602265600, active=11586764800, inactive=550764544, buffers=60145664, cached=1157824512, shared=14696448, slab=100597760)
CPU: [47.6, 44.4, 46.1, 44.3]
[frame_selection_agent@localhost:5012] 12/06/2026 20:33:54.949 --> frame_id=c4742756-fe1 SUITABLE. Discarded=558, Forwarded=251
[data_enhance_agent@localhost:5011] 12/06/2026 20:33:55.323 --> frame_id=6b056825-c4f enhanced and forwarded.
[frame_selection_agent@localhost:5012] 12/06/2026 20:33:55.698 --> frame_id=b4e8b422-5bc SUITABLE. Discarded=558, Forwarded=252
[frame_selection_agent@localhost:5012] 12/06/2026 20:33:55.782 --> frame_id=1483e198-849 DISCARDED (deleted from buffer). Discarded=559, Forwarded=252
RAM: svmem(total=17002643456, available=5683445760, percent=66.6, used=11319197696, free=4595073024, active=11600969728, inactive=550780928, buffers=60145664, cached=1157824512, shared=14696448, slab=100597760)
CPU: [37.4, 44.8, 37.1, 47.5]
[data_enhance_agent@localhost:5011] 12/06/2026 20:33:56.132 --> frame_id=63f17dac-cc8 enhanced and forwarded.
[frame_selection_agent@localhost:5012] 12/06/2026 20:33:56.150 --> frame_id=5d4175c7-9fa DISCARDED (deleted from buffer). Discarded=560, Forwarded=252
RAM: svmem(total=17002643456, available=5663539200, percent=66.7, used=11339104256, free=4575166464, active=11628953600, inactive=550780928, buffers=60145664, cached=1157824512, shared=14696448, slab=100597760)
[frame_selection_agent@localhost:5012] 12/06/2026 20:33:56.849 --> frame_id=12bf6a21-01e DISCARDED (deleted from buffer). Discarded=561, Forwarded=252
CPU: [48.5, 47.5, 51.5, 50.0]
[data_enhance_agent@localhost:5011] 12/06/2026 20:33:57.193 --> frame_id=f59653da-dd1 enhanced and forwarded.
RAM: svmem(total=17002643456, available=5661720576, percent=66.7, used=11340922880, free=4573347840, active=11629363200, inactive=550780928, buffers=60145664, cached=1157824512, shared=14696448, slab=100597760)
CPU: [43.9, 46.9, 43.4, 42.2]
RAM: svmem(total=17002643456, available=5650710528, percent=66.8, used=11351932928, free=4562321408, active=11640946688, inactive=550797312, buffers=60162048, cached=1157840896, shared=14696448, slab=100614144)
CPU: [43.0, 43.0, 42.4, 45.1]
RAM: svmem(total=17002643456, available=5610160128, percent=67.0, used=11392483328, free=4521771008, active=11672944640, inactive=550797312, buffers=60162048, cached=1157840896, shared=14696448, slab=100614144)
[frame_selection_agent@localhost:5012] 12/06/2026 20:33:59.881 --> frame_id=7229f0e1-41e DISCARDED (deleted from buffer). Discarded=562, Forwarded=252
CPU: [38.6, 48.6, 43.4, 36.6]
[data_enhance_agent@localhost:5011] 12/06/2026 20:34:00.196 --> frame_id=02fa3857-b47 enhanced and forwarded.
[frame_selection_agent@localhost:5012] 12/06/2026 20:34:00.361 --> frame_id=b2531c96-755 DISCARDED (deleted from buffer). Discarded=563, Forwarded=252
[frame_selection_agent@localhost:5012] 12/06/2026 20:34:00.570 --> frame_id=d7a58f39-dee DISCARDED (deleted from buffer). Discarded=564, Forwarded=252
[data_enhance_agent@localhost:5011] 12/06/2026 20:34:00.778 --> frame_id=43973690-96e enhanced and forwarded.
[data_enhance_agent@localhost:5011] 12/06/2026 20:34:00.797 --> frame_id=f4958209-87d enhanced and forwarded.
RAM: svmem(total=17002643456, available=5630459904, percent=66.9, used=11372183552, free=4542070784, active=11643568128, inactive=550797312, buffers=60162048, cached=1157840896, shared=14696448, slab=100614144)
[frame_selection_agent@localhost:5012] 12/06/2026 20:34:00.911 --> frame_id=b1a83afb-511 DISCARDED (deleted from buffer). Discarded=565, Forwarded=252
CPU: [20.6, 27.2, 32.7, 45.6]
[data_enhance_agent@localhost:5011] 12/06/2026 20:34:01.193 --> frame_id=ea2228bc-baa enhanced and forwarded.
[data_enhance_agent@localhost:5011] 12/06/2026 20:34:01.223 --> frame_id=ef4d2565-b3a enhanced and forwarded.
[data_enhance_agent@localhost:5011] 12/06/2026 20:34:01.297 --> frame_id=0e9b727f-91a enhanced and forwarded.
[data_enhance_agent@localhost:5011] 12/06/2026 20:34:01.865 --> frame_id=839702e8-ed2 enhanced and forwarded.
RAM: svmem(total=17002643456, available=5683658752, percent=66.6, used=11318984704, free=4595269632, active=11586830336, inactive=550797312, buffers=60162048, cached=1157840896, shared=14696448, slab=100679680)
[data_enhance_agent@localhost:5011] 12/06/2026 20:34:01.985 --> frame_id=529f258c-6a3 enhanced and forwarded.
CPU: [43.4, 49.0, 45.5, 40.6]
RAM: svmem(total=17002643456, available=5688852480, percent=66.5, used=11313790976, free=4600463360, active=11586830336, inactive=550797312, buffers=60162048, cached=1157840896, shared=14696448, slab=100679680)
CPU: [45.8, 47.1, 45.5, 47.5]
[frame_selection_agent@localhost:5012] 12/06/2026 20:34:03.435 --> frame_id=119c8df6-5aa DISCARDED (deleted from buffer). Discarded=566, Forwarded=252
[data_enhance_agent@localhost:5011] 12/06/2026 20:34:03.772 --> frame_id=7eef2fb4-68f enhanced and forwarded.
RAM: svmem(total=17002643456, available=5695799296, percent=66.5, used=11306844160, free=4607410176, active=11586830336, inactive=550797312, buffers=60162048, cached=1157840896, shared=14696448, slab=100679680)
[data_enhance_agent@localhost:5011] 12/06/2026 20:34:04.124 --> frame_id=647d3f16-79c enhanced and forwarded.
CPU: [44.0, 33.0, 35.8, 33.3]
while handling timed call
Traceback (most recent call last):
  File "/home/ewertonsjp/.pyenv/versions/cv_vend_mas/lib/python3.12/site-packages/twisted/internet/base.py", line 1105, in runUntilCurrent
    call.func(*call.args, **call.kw)
  File "/home/ewertonsjp/projects/cv-system/mas/pade/core/new_ams.py", line 80, in on_time
    self.agent.agentInstance.table.pop(agent_name)
builtins.KeyError: 'capture_agent@localhost:5010'

[data_enhance_agent@localhost:5011] 12/06/2026 20:34:04.530 --> frame_id=53247965-fcd enhanced and forwarded.
[data_enhance_agent@localhost:5011] 12/06/2026 20:34:04.787 --> frame_id=c2b51dc5-9f4 enhanced and forwarded.
RAM: svmem(total=17002643456, available=5698191360, percent=66.5, used=11304452096, free=4609802240, active=11586830336, inactive=550797312, buffers=60162048, cached=1157840896, shared=14696448, slab=100679680)
[data_enhance_agent@localhost:5011] 12/06/2026 20:34:05.148 --> frame_id=ea9cee0c-731 enhanced and forwarded.
CPU: [28.0, 52.3, 35.8, 25.5]
[frame_selection_agent@localhost:5012] 12/06/2026 20:34:05.299 --> frame_id=dbc971af-647 DISCARDED (deleted from buffer). Discarded=567, Forwarded=252
[data_enhance_agent@localhost:5011] 12/06/2026 20:34:05.470 --> frame_id=8eb41f51-a11 enhanced and forwarded.
[frame_selection_agent@localhost:5012] 12/06/2026 20:34:05.908 --> frame_id=6a60afd5-b03 DISCARDED (deleted from buffer). Discarded=568, Forwarded=252
RAM: svmem(total=17002643456, available=5700812800, percent=66.5, used=11301830656, free=4612423680, active=11586863104, inactive=550797312, buffers=60162048, cached=1157857280, shared=14696448, slab=100679680)
[capture_agent@localhost:5010] 12/06/2026 20:34:06.179 --> [RESTART] Animal 67/100 entering scale.
CPU: [51.4, 51.0, 50.5, 50.9]
[frame_selection_agent@localhost:5012] 12/06/2026 20:34:06.299 --> frame_id=59b90447-e16 DISCARDED (deleted from buffer). Discarded=569, Forwarded=252
[frame_selection_agent@localhost:5012] 12/06/2026 20:34:06.386 --> frame_id=f35414f7-302 DISCARDED (deleted from buffer). Discarded=570, Forwarded=252
RAM: svmem(total=17002643456, available=5679906816, percent=66.6, used=11322736640, free=4591501312, active=11621318656, inactive=550813696, buffers=60162048, cached=1157857280, shared=14696448, slab=100679680)
[frame_selection_agent@localhost:5012] 12/06/2026 20:34:07.086 --> frame_id=15ccaa9e-ee6 DISCARDED (deleted from buffer). Discarded=571, Forwarded=252
CPU: [54.2, 53.8, 49.0, 52.9]
RAM: svmem(total=17002643456, available=5673041920, percent=66.6, used=11329601536, free=4584636416, active=11629772800, inactive=550813696, buffers=60162048, cached=1157857280, shared=14696448, slab=100679680)
CPU: [43.9, 45.0, 45.5, 38.7]
RAM: svmem(total=17002643456, available=5659770880, percent=66.7, used=11342872576, free=4571365376, active=11645140992, inactive=550813696, buffers=60162048, cached=1157857280, shared=14696448, slab=100679680)
CPU: [42.9, 42.6, 45.1, 43.0]
RAM: svmem(total=17002643456, available=5624381440, percent=66.9, used=11378262016, free=4535975936, active=11674091520, inactive=550813696, buffers=60162048, cached=1157857280, shared=14696448, slab=100679680)
[frame_selection_agent@localhost:5012] 12/06/2026 20:34:10.157 --> frame_id=24e92680-912 SUITABLE. Discarded=571, Forwarded=253
[frame_selection_agent@localhost:5012] 12/06/2026 20:34:10.208 --> frame_id=082288d3-b6a DISCARDED (deleted from buffer). Discarded=572, Forwarded=253
[frame_selection_agent@localhost:5012] 12/06/2026 20:34:10.228 --> [BATCH READY] Sent animal_id=43 to Predict!
CPU: [42.4, 41.0, 37.3, 43.8]
[frame_selection_agent@localhost:5012] 12/06/2026 20:34:10.490 --> frame_id=f7b75130-feb SUITABLE. Discarded=572, Forwarded=254
[data_enhance_agent@localhost:5011] 12/06/2026 20:34:10.625 --> frame_id=423e66fb-36e enhanced and forwarded.
[frame_selection_agent@localhost:5012] 12/06/2026 20:34:10.636 --> frame_id=e7d0b065-9e9 SUITABLE. Discarded=572, Forwarded=255
[data_enhance_agent@localhost:5011] 12/06/2026 20:34:10.998 --> frame_id=af8ef537-a4e enhanced and forwarded.
RAM: svmem(total=17002643456, available=5691375616, percent=66.5, used=11311267840, free=4602953728, active=11586961408, inactive=550830080, buffers=60178432, cached=1157857280, shared=14696448, slab=100679680)
CPU: [45.6, 47.6, 49.5, 54.5]
RAM: svmem(total=17002643456, available=5691867136, percent=66.5, used=11310776320, free=4603445248, active=11586961408, inactive=550830080, buffers=60178432, cached=1157857280, shared=14696448, slab=100679680)
CPU: [42.2, 43.6, 43.4, 43.2]
RAM: svmem(total=17002643456, available=5696290816, percent=66.5, used=11306352640, free=4607868928, active=11586977792, inactive=550830080, buffers=60178432, cached=1157857280, shared=14696448, slab=100679680)
CPU: [37.4, 41.7, 43.0, 42.0]
[frame_selection_agent@localhost:5012] 12/06/2026 20:34:13.732 --> frame_id=6cd624e2-bee SUITABLE. Discarded=572, Forwarded=256
[frame_selection_agent@localhost:5012] 12/06/2026 20:34:13.973 --> frame_id=1c22cdb2-0e9 SUITABLE. Discarded=572, Forwarded=257
[frame_selection_agent@localhost:5012] 12/06/2026 20:34:14.023 --> frame_id=e13c2220-b07 SUITABLE. Discarded=572, Forwarded=258
RAM: svmem(total=17002643456, available=5700878336, percent=66.5, used=11301765120, free=4612456448, active=11586977792, inactive=550830080, buffers=60178432, cached=1157857280, shared=14696448, slab=100679680)
[data_enhance_agent@localhost:5011] 12/06/2026 20:34:14.200 --> frame_id=357cd41e-022 enhanced and forwarded.
[data_enhance_agent@localhost:5011] 12/06/2026 20:34:14.301 --> frame_id=86861772-24e enhanced and forwarded.
CPU: [36.7, 41.8, 52.5, 36.1]
[frame_selection_agent@localhost:5012] 12/06/2026 20:34:15.001 --> frame_id=d6af17df-ca3 DISCARDED (deleted from buffer). Discarded=573, Forwarded=258
RAM: svmem(total=17002643456, available=5704187904, percent=66.5, used=11298455552, free=4615766016, active=11596791808, inactive=550830080, buffers=60178432, cached=1157857280, shared=14696448, slab=100679680)
[frame_selection_agent@localhost:5012] 12/06/2026 20:34:15.232 --> frame_id=78ffd4b5-243 DISCARDED (deleted from buffer). Discarded=574, Forwarded=258
[data_enhance_agent@localhost:5011] 12/06/2026 20:34:15.270 --> frame_id=5ef28313-703 enhanced and forwarded.
CPU: [43.1, 46.7, 44.3, 50.0]
[frame_selection_agent@localhost:5012] 12/06/2026 20:34:15.804 --> frame_id=e8d2b236-a1a DISCARDED (deleted from buffer). Discarded=575, Forwarded=258
[data_enhance_agent@localhost:5011] 12/06/2026 20:34:16.081 --> frame_id=3d362d15-11d enhanced and forwarded.
RAM: svmem(total=17002643456, available=5685051392, percent=66.6, used=11317592064, free=4596596736, active=11622858752, inactive=550862848, buffers=60211200, cached=1157857280, shared=14696448, slab=100663296)
[data_enhance_agent@localhost:5011] 12/06/2026 20:34:16.173 --> frame_id=1e89f72e-643 enhanced and forwarded.
[data_enhance_agent@localhost:5011] 12/06/2026 20:34:16.614 --> frame_id=e2648da7-488 enhanced and forwarded.
[data_enhance_agent@localhost:5011] 12/06/2026 20:34:16.623 --> frame_id=715d9b54-84f enhanced and forwarded.
CPU: [38.6, 41.2, 29.4, 33.3]
RAM: svmem(total=17002643456, available=5684805632, percent=66.6, used=11317837824, free=4596350976, active=11624693760, inactive=550862848, buffers=60211200, cached=1157857280, shared=14696448, slab=100663296)
CPU: [38.0, 41.8, 41.9, 40.2]
RAM: svmem(total=17002643456, available=5678186496, percent=66.6, used=11324456960, free=4589715456, active=11628937216, inactive=550862848, buffers=60211200, cached=1157890048, shared=14696448, slab=100696064)
[data_enhance_agent@localhost:5011] 12/06/2026 20:34:18.567 --> frame_id=23ff82e7-6e1 enhanced and forwarded.
[frame_selection_agent@localhost:5012] 12/06/2026 20:34:18.713 --> [SYNC] Expected 20 frames for animal 53
[predict_weight_agent@localhost:5013] 12/06/2026 20:34:18.780 --> [BATCH INFERENCE] Running full network on 6 frames for animal 35
CPU: [41.3, 42.3, 31.4, 38.5]
[predict_weight_agent@localhost:5013] 12/06/2026 20:34:19.016 --> [BATCH INFERENCE] Running full network on 5 frames for animal 36
RAM: svmem(total=17002643456, available=5642338304, percent=66.8, used=11360305152, free=4553867264, active=11657887744, inactive=550862848, buffers=60211200, cached=1157890048, shared=14696448, slab=100696064)
[data_enhance_agent@localhost:5011] 12/06/2026 20:34:19.247 --> frame_id=4269c127-787 enhanced and forwarded.
[data_enhance_agent@localhost:5011] 12/06/2026 20:34:19.289 --> frame_id=b285e9b3-14b enhanced and forwarded.
[capture_agent@localhost:5010] 12/06/2026 20:34:19.295 --> [RESTART] Animal 68/100 entering scale.
CPU: [41.7, 31.7, 34.3, 34.0]
[frame_selection_agent@localhost:5012] 12/06/2026 20:34:19.971 --> [SYNC] Expected 20 frames for animal 54
RAM: svmem(total=17002643456, available=5684543488, percent=66.6, used=11318099968, free=4596056064, active=11588190208, inactive=550862848, buffers=60211200, cached=1157922816, shared=14696448, slab=100728832)
[predict_weight_agent@localhost:5013] 12/06/2026 20:34:20.517 --> [BATCH INFERENCE] Running full network on 6 frames for animal 37
[frame_selection_agent@localhost:5012] 12/06/2026 20:34:20.709 --> [SYNC] Expected 20 frames for animal 55
CPU: [48.5, 56.9, 49.0, 46.6][data_enhance_agent@localhost:5011] 12/06/2026 20:34:20.835 --> frame_id=55034a88-06e enhanced and forwarded.

[data_enhance_agent@localhost:5011] 12/06/2026 20:34:20.912 --> frame_id=0409c665-9f1 enhanced and forwarded.
[data_enhance_agent@localhost:5011] 12/06/2026 20:34:20.924 --> frame_id=0f9bdf66-b42 enhanced and forwarded.
[frame_selection_agent@localhost:5012] 12/06/2026 20:34:20.943 --> frame_id=31135e66-76d DISCARDED (deleted from buffer). Discarded=576, Forwarded=258
[frame_selection_agent@localhost:5012] 12/06/2026 20:34:20.946 --> frame_id=fda73ac6-ee5 DISCARDED (deleted from buffer). Discarded=577, Forwarded=258
[frame_selection_agent@localhost:5012] 12/06/2026 20:34:20.966 --> frame_id=9686848d-7eb DISCARDED (deleted from buffer). Discarded=578, Forwarded=258
[frame_selection_agent@localhost:5012] 12/06/2026 20:34:20.968 --> frame_id=391dd32f-f0c DISCARDED (deleted from buffer). Discarded=579, Forwarded=258
[data_enhance_agent@localhost:5011] 12/06/2026 20:34:20.969 --> frame_id=ad6e49e4-519 enhanced and forwarded.
[data_enhance_agent@localhost:5011] 12/06/2026 20:34:20.969 --> frame_id=5190125d-a1d enhanced and forwarded.
[data_enhance_agent@localhost:5011] 12/06/2026 20:34:21.056 --> frame_id=f3070369-b09 enhanced and forwarded.
RAM: svmem(total=17002643456, available=5689311232, percent=66.5, used=11313332224, free=4600823808, active=11587026944, inactive=550862848, buffers=60227584, cached=1157922816, shared=14696448, slab=100728832)
[data_enhance_agent@localhost:5011] 12/06/2026 20:34:21.624 --> frame_id=27700e41-410 enhanced and forwarded.
CPU: [60.6, 73.5, 60.6, 59.6]
[data_enhance_agent@localhost:5011] 12/06/2026 20:34:22.066 --> frame_id=e5d1d3f3-9bf enhanced and forwarded.
RAM: svmem(total=17002643456, available=5436194816, percent=68.0, used=11566448640, free=4347691008, active=11806605312, inactive=550879232, buffers=60227584, cached=1157922816, shared=14696448, slab=100728832)
[data_enhance_agent@localhost:5011] 12/06/2026 20:34:22.439 --> frame_id=f351290f-98b enhanced and forwarded.
CPU: [55.2, 59.8, 56.3, 55.4]
RAM: svmem(total=17002643456, available=5411127296, percent=68.2, used=11591516160, free=4322623488, active=11850792960, inactive=550879232, buffers=60227584, cached=1157922816, shared=14696448, slab=100728832)
CPU: [49.0, 51.0, 49.5, 47.9]
while handling timed call
Traceback (most recent call last):
  File "/home/ewertonsjp/.pyenv/versions/cv_vend_mas/lib/python3.12/site-packages/twisted/internet/base.py", line 1105, in runUntilCurrent
    call.func(*call.args, **call.kw)
  File "/home/ewertonsjp/projects/cv-system/mas/pade/core/new_ams.py", line 80, in on_time
    self.agent.agentInstance.table.pop(agent_name)
builtins.KeyError: 'capture_agent@localhost:5010'

RAM: svmem(total=17002643456, available=5282840576, percent=68.9, used=11719802880, free=4194336768, active=11964628992, inactive=550879232, buffers=60227584, cached=1157922816, shared=14696448, slab=100728832)
[frame_selection_agent@localhost:5012] 12/06/2026 20:34:24.734 --> frame_id=a6761380-60f DISCARDED (deleted from buffer). Discarded=580, Forwarded=258
CPU: [47.4, 54.1, 54.2, 48.0]
[frame_selection_agent@localhost:5012] 12/06/2026 20:34:25.028 --> frame_id=d06bc631-03f DISCARDED (deleted from buffer). Discarded=581, Forwarded=258
RAM: svmem(total=17002643456, available=5145952256, percent=69.7, used=11856691200, free=4057448448, active=12082757632, inactive=550879232, buffers=60227584, cached=1157922816, shared=14696448, slab=100728832)[frame_selection_agent@localhost:5012] 12/06/2026 20:34:25.366 --> frame_id=33b7d42f-70c DISCARDED (deleted from buffer). Discarded=582, Forwarded=258

[data_enhance_agent@localhost:5011] 12/06/2026 20:34:25.405 --> frame_id=43006976-e58 enhanced and forwarded.
[data_enhance_agent@localhost:5011] 12/06/2026 20:34:25.529 --> frame_id=8e917ff0-bcb enhanced and forwarded.
[data_enhance_agent@localhost:5011] 12/06/2026 20:34:25.708 --> frame_id=c5a7d278-950 enhanced and forwarded.
[data_enhance_agent@localhost:5011] 12/06/2026 20:34:26.063 --> frame_id=6dea9f1b-4a9 enhanced and forwarded.
CPU: [46.0, 33.0, 46.0, 35.6][data_enhance_agent@localhost:5011] 12/06/2026 20:34:26.084 --> frame_id=0f40619b-f2c enhanced and forwarded.

RAM: svmem(total=17002643456, available=5019648000, percent=70.5, used=11982995456, free=3931127808, active=12206161920, inactive=550895616, buffers=60243968, cached=1157922816, shared=14696448, slab=100728832)
[data_enhance_agent@localhost:5011] 12/06/2026 20:34:26.489 --> frame_id=8a44cb10-468 enhanced and forwarded.
[frame_selection_agent@localhost:5012] 12/06/2026 20:34:27.007 --> frame_id=feaa569d-048 DISCARDED (deleted from buffer). Discarded=583, Forwarded=258
[data_enhance_agent@localhost:5011] 12/06/2026 20:34:27.027 --> frame_id=6181e91b-a7d enhanced and forwarded.
CPU: [48.5, 37.0, 58.4, 36.6]
[data_enhance_agent@localhost:5011] 12/06/2026 20:34:27.356 --> frame_id=dd2af469-232 enhanced and forwarded.
RAM: svmem(total=17002643456, available=4800430080, percent=71.8, used=12202213376, free=3711909888, active=12427591680, inactive=550895616, buffers=60243968, cached=1157922816, shared=14696448, slab=100728832)
[data_enhance_agent@localhost:5011] 12/06/2026 20:34:27.446 --> frame_id=9aec5842-9db enhanced and forwarded.
[data_enhance_agent@localhost:5011] 12/06/2026 20:34:27.899 --> frame_id=98e81d85-164 enhanced and forwarded.
CPU: [51.6, 55.9, 55.0, 51.5]
RAM: svmem(total=17002643456, available=4709761024, percent=72.3, used=12292882432, free=3621240832, active=12535054336, inactive=550895616, buffers=60243968, cached=1157922816, shared=14696448, slab=100728832)
CPU: [50.0, 51.0, 52.0, 53.0]
RAM: svmem(total=17002643456, available=4709761024, percent=72.3, used=12292882432, free=3621240832, active=12536020992, inactive=550895616, buffers=60243968, cached=1157922816, shared=14696448, slab=100728832)
CPU: [49.0, 48.0, 47.0, 51.5]
RAM: svmem(total=17002643456, available=4675338240, percent=72.5, used=12327305216, free=3586818048, active=12581257216, inactive=550895616, buffers=60243968, cached=1157922816, shared=14696448, slab=100728832)
[frame_selection_agent@localhost:5012] 12/06/2026 20:34:31.185 --> frame_id=e3abf785-1f0 DISCARDED (deleted from buffer). Discarded=584, Forwarded=258
CPU: [51.0, 49.5, 51.0, 50.0]
[frame_selection_agent@localhost:5012] 12/06/2026 20:34:31.498 --> frame_id=7d061087-100 DISCARDED (deleted from buffer). Discarded=585, Forwarded=258
RAM: svmem(total=17002643456, available=4488593408, percent=73.6, used=12514050048, free=3400056832, active=12744409088, inactive=550912000, buffers=60260352, cached=1157922816, shared=14696448, slab=100728832)
[data_enhance_agent@localhost:5011] 12/06/2026 20:34:31.778 --> frame_id=6c05c9f6-6fa enhanced and forwarded.
[predict_weight_agent@localhost:5013] 12/06/2026 20:34:31.919 --> [FINAL] Animal 35 completed. Mean weight: 16.0062 kg
[frame_selection_agent@localhost:5012] 12/06/2026 20:34:31.998 --> frame_id=5ece8e62-6ff DISCARDED (deleted from buffer). Discarded=586, Forwarded=258
[frame_selection_agent@localhost:5012] 12/06/2026 20:34:32.042 --> [BATCH READY] Sent animal_id=44 to Predict!
CPU: [50.5, 37.8, 47.9, 37.5]
[data_enhance_agent@localhost:5011] 12/06/2026 20:34:32.326 --> frame_id=26bbde3c-e68 enhanced and forwarded.
[predict_weight_agent@localhost:5013] 12/06/2026 20:34:32.461 --> [FINAL] Animal 36 completed. Mean weight: 16.0062 kg
RAM: svmem(total=17002643456, available=5447696384, percent=68.0, used=11554947072, free=4359159808, active=11651006464, inactive=550912000, buffers=60260352, cached=1157922816, shared=14696448, slab=100728832)
[frame_selection_agent@localhost:5012] 12/06/2026 20:34:32.735 --> frame_id=b467e7a8-a6c SUITABLE. Discarded=586, Forwarded=259
[capture_agent@localhost:5010] 12/06/2026 20:34:32.778 --> [RESTART] Animal 69/100 entering scale.
CPU: [57.7, 55.9, 56.3, 55.0]
RAM: svmem(total=17002643456, available=5454577664, percent=67.9, used=11548065792, free=4366041088, active=11651006464, inactive=550912000, buffers=60260352, cached=1157922816, shared=14696448, slab=100728832)
CPU: [41.7, 46.1, 40.8, 43.4]
RAM: svmem(total=17002643456, available=5466079232, percent=67.9, used=11536564224, free=4377542656, active=11651006464, inactive=550912000, buffers=60260352, cached=1157922816, shared=14696448, slab=100728832)
CPU: [45.2, 46.7, 45.6, 46.7]
[frame_selection_agent@localhost:5012] 12/06/2026 20:34:35.462 --> frame_id=a7c97dae-30c SUITABLE. Discarded=586, Forwarded=260
RAM: svmem(total=17002643456, available=5482741760, percent=67.8, used=11519901696, free=4394205184, active=11651006464, inactive=550912000, buffers=60260352, cached=1157939200, shared=14696448, slab=100728832)
[data_enhance_agent@localhost:5011] 12/06/2026 20:34:35.764 --> frame_id=644af954-803 enhanced and forwarded.
[frame_selection_agent@localhost:5012] 12/06/2026 20:34:35.799 --> frame_id=3fe44523-d70 SUITABLE. Discarded=586, Forwarded=261
[frame_selection_agent@localhost:5012] 12/06/2026 20:34:36.200 --> frame_id=522e8e60-d68 SUITABLE. Discarded=586, Forwarded=262
CPU: [43.7, 56.3, 44.6, 47.2]
RAM: svmem(total=17002643456, available=5487198208, percent=67.7, used=11515445248, free=4398645248, active=11656085504, inactive=550928384, buffers=60260352, cached=1157939200, shared=14696448, slab=100728832)
[frame_selection_agent@localhost:5012] 12/06/2026 20:34:36.923 --> frame_id=492e8858-741 SUITABLE. Discarded=586, Forwarded=263
CPU: [46.9, 50.5, 52.4, 47.5]
RAM: svmem(total=17002643456, available=5477957632, percent=67.8, used=11524685824, free=4389388288, active=11684085760, inactive=550944768, buffers=60276736, cached=1157939200, shared=14696448, slab=100728832)
CPU: [42.0, 42.9, 38.8, 42.9]
RAM: svmem(total=17002643456, available=5487296512, percent=67.7, used=11515346944, free=4398727168, active=11692048384, inactive=550944768, buffers=60276736, cached=1157939200, shared=14696448, slab=100728832)
CPU: [41.0, 42.4, 43.4, 46.0]
RAM: svmem(total=17002643456, available=5474435072, percent=67.8, used=11528208384, free=4385865728, active=11714904064, inactive=550944768, buffers=60276736, cached=1157939200, shared=14696448, slab=100728832)
[frame_selection_agent@localhost:5012] 12/06/2026 20:34:39.960 --> frame_id=f147d9c3-409 SUITABLE. Discarded=586, Forwarded=264
[frame_selection_agent@localhost:5012] 12/06/2026 20:34:40.095 --> frame_id=b6e6b4f1-a48 DISCARDED (deleted from buffer). Discarded=587, Forwarded=264
[frame_selection_agent@localhost:5012] 12/06/2026 20:34:40.214 --> frame_id=bcad99a0-2c8 DISCARDED (deleted from buffer). Discarded=588, Forwarded=264
CPU: [44.8, 44.4, 35.4, 35.8]
[frame_selection_agent@localhost:5012] 12/06/2026 20:34:40.528 --> frame_id=956c817e-1c2 DISCARDED (deleted from buffer). Discarded=589, Forwarded=264
[data_enhance_agent@localhost:5011] 12/06/2026 20:34:40.560 --> frame_id=ed91d42f-f46 enhanced and forwarded.
RAM: svmem(total=17002643456, available=5517803520, percent=67.5, used=11484839936, free=4429234176, active=11698339840, inactive=550944768, buffers=60276736, cached=1157939200, shared=14696448, slab=100728832)
[data_enhance_agent@localhost:5011] 12/06/2026 20:34:40.797 --> frame_id=8af541bd-761 enhanced and forwarded.
[data_enhance_agent@localhost:5011] 12/06/2026 20:34:41.083 --> frame_id=d1e26f83-244 enhanced and forwarded.
[data_enhance_agent@localhost:5011] 12/06/2026 20:34:41.230 --> frame_id=98342088-76d enhanced and forwarded.
CPU: [33.0, 43.6, 33.7, 29.4]
[data_enhance_agent@localhost:5011] 12/06/2026 20:34:41.685 --> frame_id=be7d1121-28e enhanced and forwarded.
[frame_selection_agent@localhost:5012] 12/06/2026 20:34:41.720 --> frame_id=a9e89514-870 DISCARDED (deleted from buffer). Discarded=590, Forwarded=264
RAM: svmem(total=17002643456, available=5589270528, percent=67.1, used=11413372928, free=4500701184, active=11651170304, inactive=550944768, buffers=60276736, cached=1157939200, shared=14696448, slab=100728832)
[data_enhance_agent@localhost:5011] 12/06/2026 20:34:41.837 --> frame_id=b8e62745-84a enhanced and forwarded.
[frame_selection_agent@localhost:5012] 12/06/2026 20:34:41.900 --> frame_id=5778bfaf-67c DISCARDED (deleted from buffer). Discarded=591, Forwarded=264
[data_enhance_agent@localhost:5011] 12/06/2026 20:34:42.219 --> frame_id=c05828f8-215 enhanced and forwarded.
[data_enhance_agent@localhost:5011] 12/06/2026 20:34:42.268 --> frame_id=ae7f053c-f57 enhanced and forwarded.
[data_enhance_agent@localhost:5011] 12/06/2026 20:34:42.295 --> frame_id=a16927d6-c81 enhanced and forwarded.
[data_enhance_agent@localhost:5011] 12/06/2026 20:34:42.351 --> frame_id=8058d813-65b enhanced and forwarded.
CPU: [23.5, 30.1, 45.0, 25.3]
RAM: svmem(total=17002643456, available=5594316800, percent=67.1, used=11408326656, free=4505747456, active=11651170304, inactive=550944768, buffers=60276736, cached=1157939200, shared=14696448, slab=100728832)
[data_enhance_agent@localhost:5011] 12/06/2026 20:34:42.801 --> frame_id=d499ec1b-a20 enhanced and forwarded.
[data_enhance_agent@localhost:5011] 12/06/2026 20:34:42.833 --> frame_id=2c4eaa86-267 enhanced and forwarded.
[data_enhance_agent@localhost:5011] 12/06/2026 20:34:43.220 --> frame_id=24a0c6b6-7f4 enhanced and forwarded.
[data_enhance_agent@localhost:5011] 12/06/2026 20:34:43.405 --> frame_id=082d044f-6c2 enhanced and forwarded.
CPU: [43.0, 38.8, 46.1, 39.4]
[data_enhance_agent@localhost:5011] 12/06/2026 20:34:43.603 --> frame_id=6640221f-009 enhanced and forwarded.
RAM: svmem(total=17002643456, available=5608587264, percent=67.0, used=11394056192, free=4520017920, active=11651170304, inactive=550944768, buffers=60276736, cached=1157939200, shared=14696448, slab=100728832)
[data_enhance_agent@localhost:5011] 12/06/2026 20:34:43.987 --> frame_id=f3951419-7fc enhanced and forwarded.
while handling timed call
Traceback (most recent call last):
  File "/home/ewertonsjp/.pyenv/versions/cv_vend_mas/lib/python3.12/site-packages/twisted/internet/base.py", line 1105, in runUntilCurrent
    call.func(*call.args, **call.kw)
  File "/home/ewertonsjp/projects/cv-system/mas/pade/core/new_ams.py", line 80, in on_time
    self.agent.agentInstance.table.pop(agent_name)
builtins.KeyError: 'capture_agent@localhost:5010'

[data_enhance_agent@localhost:5011] 12/06/2026 20:34:44.326 --> frame_id=cb5805c4-cb9 enhanced and forwarded.
CPU: [51.9, 56.2, 55.7, 57.7]
RAM: svmem(total=17002643456, available=5610274816, percent=67.0, used=11392368640, free=4521705472, active=11651170304, inactive=550944768, buffers=60276736, cached=1157939200, shared=14696448, slab=100712448)
CPU: [53.5, 53.5, 54.5, 53.9]
RAM: svmem(total=17002643456, available=5610160128, percent=67.0, used=11392483328, free=4521590784, active=11651186688, inactive=550944768, buffers=60276736, cached=1157939200, shared=14696448, slab=100712448)
[capture_agent@localhost:5010] 12/06/2026 20:34:46.011 --> [RESTART] Animal 70/100 entering scale.
[frame_selection_agent@localhost:5012] 12/06/2026 20:34:46.194 --> frame_id=ca1c57a5-2c6 DISCARDED (deleted from buffer). Discarded=592, Forwarded=264
[data_enhance_agent@localhost:5011] 12/06/2026 20:34:46.399 --> frame_id=20fe61d9-714 enhanced and forwarded.
CPU: [38.2, 45.5, 46.1, 35.0]
[frame_selection_agent@localhost:5012] 12/06/2026 20:34:46.726 --> frame_id=32fcc983-719 DISCARDED (deleted from buffer). Discarded=593, Forwarded=264
[data_enhance_agent@localhost:5011] 12/06/2026 20:34:46.758 --> frame_id=7b715565-44d enhanced and forwarded.
[frame_selection_agent@localhost:5012] 12/06/2026 20:34:46.865 --> frame_id=bb8aa30c-a7a DISCARDED (deleted from buffer). Discarded=594, Forwarded=264
RAM: svmem(total=17002643456, available=5613912064, percent=67.0, used=11388731392, free=4525342720, active=11651203072, inactive=550944768, buffers=60276736, cached=1157939200, shared=14696448, slab=100777984)
[data_enhance_agent@localhost:5011] 12/06/2026 20:34:47.274 --> frame_id=de61b195-1ef enhanced and forwarded.
CPU: [47.9, 54.1, 49.0, 55.9]
[frame_selection_agent@localhost:5012] 12/06/2026 20:34:47.771 --> frame_id=122c7008-e17 DISCARDED (deleted from buffer). Discarded=595, Forwarded=264
RAM: svmem(total=17002643456, available=5618073600, percent=67.0, used=11384569856, free=4529504256, active=11651203072, inactive=550944768, buffers=60276736, cached=1157939200, shared=14696448, slab=100777984)
[data_enhance_agent@localhost:5011] 12/06/2026 20:34:48.181 --> frame_id=772baf97-954 enhanced and forwarded.
CPU: [53.9, 48.0, 49.0, 49.0]
RAM: svmem(total=17002643456, available=5609701376, percent=67.0, used=11392942080, free=4521132032, active=11678613504, inactive=550944768, buffers=60276736, cached=1157939200, shared=14696448, slab=100777984)
CPU: [45.3, 48.5, 50.5, 49.0]
RAM: svmem(total=17002643456, available=5564710912, percent=67.3, used=11437932544, free=4476157952, active=11730255872, inactive=550944768, buffers=60276736, cached=1157906432, shared=14696448, slab=100679680)
CPU: [47.5, 49.0, 45.9, 47.1]
RAM: svmem(total=17002643456, available=5564710912, percent=67.3, used=11437932544, free=4476157952, active=11730714624, inactive=550944768, buffers=60276736, cached=1157906432, shared=14696448, slab=100614144)
[frame_selection_agent@localhost:5012] 12/06/2026 20:34:51.199 --> frame_id=4665cc4b-f0e DISCARDED (deleted from buffer). Discarded=596, Forwarded=264
[frame_selection_agent@localhost:5012] 12/06/2026 20:34:51.815 --> frame_id=f5ce4ddf-c62 DISCARDED (deleted from buffer). Discarded=597, Forwarded=264
CPU: [47.9, 49.5, 44.2, 50.5]
RAM: svmem(total=17002643456, available=5559091200, percent=67.3, used=11443552256, free=4470505472, active=11739283456, inactive=550977536, buffers=60309504, cached=1157906432, shared=14696448, slab=100614144)
[frame_selection_agent@localhost:5012] 12/06/2026 20:34:52.155 --> frame_id=1fba0740-ac4 DISCARDED (deleted from buffer). Discarded=598, Forwarded=264
CPU: [49.0, 50.5, 51.6, 52.5]
[frame_selection_agent@localhost:5012] 12/06/2026 20:34:52.943 --> frame_id=97c9e3ae-926 DISCARDED (deleted from buffer). Discarded=599, Forwarded=264
RAM: svmem(total=17002643456, available=5540577280, percent=67.4, used=11462066176, free=4451991552, active=11746803712, inactive=550977536, buffers=60309504, cached=1157906432, shared=14696448, slab=100614144)
[frame_selection_agent@localhost:5012] 12/06/2026 20:34:53.427 --> frame_id=5bc88e25-85c SUITABLE. Discarded=599, Forwarded=265
[predict_weight_agent@localhost:5013] 12/06/2026 20:34:53.776 --> [FINAL] Animal 37 completed. Mean weight: 16.0062 kg
CPU: [50.5, 50.0, 52.0, 48.0]
RAM: svmem(total=17002643456, available=5621563392, percent=66.9, used=11381080064, free=4532977664, active=11651317760, inactive=550977536, buffers=60309504, cached=1157906432, shared=14696448, slab=100614144)
CPU: [41.8, 39.2, 44.7, 38.1]
RAM: svmem(total=17002643456, available=5621907456, percent=66.9, used=11380736000, free=4533321728, active=11651317760, inactive=550977536, buffers=60309504, cached=1157906432, shared=14696448, slab=100614144)
[frame_selection_agent@localhost:5012] 12/06/2026 20:34:55.870 --> frame_id=83acb5bc-59b SUITABLE. Discarded=599, Forwarded=266
[frame_selection_agent@localhost:5012] 12/06/2026 20:34:55.874 --> frame_id=8bc028a6-4d9 SUITABLE. Discarded=599, Forwarded=267
[data_enhance_agent@localhost:5011] 12/06/2026 20:34:55.884 --> frame_id=9d4817eb-56a enhanced and forwarded.
[frame_selection_agent@localhost:5012] 12/06/2026 20:34:55.886 --> frame_id=7c491775-219 DISCARDED (deleted from buffer). Discarded=600, Forwarded=267
[frame_selection_agent@localhost:5012] 12/06/2026 20:34:55.888 --> [BATCH READY] Sent animal_id=45 to Predict!
[data_enhance_agent@localhost:5011] 12/06/2026 20:34:55.889 --> frame_id=0418d3bd-29d enhanced and forwarded.
CPU: [33.3, 44.9, 44.1, 32.7]
RAM: svmem(total=17002643456, available=5628035072, percent=66.9, used=11374608384, free=4539449344, active=11651317760, inactive=550977536, buffers=60309504, cached=1157906432, shared=14696448, slab=100614144)
[data_enhance_agent@localhost:5011] 12/06/2026 20:34:56.724 --> frame_id=10ea31c3-c70 enhanced and forwarded.
[frame_selection_agent@localhost:5012] 12/06/2026 20:34:56.734 --> frame_id=85effd2c-872 SUITABLE. Discarded=600, Forwarded=268
[data_enhance_agent@localhost:5011] 12/06/2026 20:34:56.744 --> frame_id=60c9aabc-d65 enhanced and forwarded.
[frame_selection_agent@localhost:5012] 12/06/2026 20:34:56.895 --> [SYNC] Expected 15 frames for animal 56
CPU: [43.3, 55.6, 42.9, 46.6]
[predict_weight_agent@localhost:5013] 12/06/2026 20:34:57.145 --> [BATCH INFERENCE] Running full network on 6 frames for animal 38
RAM: svmem(total=17002643456, available=5634785280, percent=66.9, used=11367858176, free=4546199552, active=11651317760, inactive=550977536, buffers=60325888, cached=1157890048, shared=14696448, slab=100548608)
[frame_selection_agent@localhost:5012] 12/06/2026 20:34:57.465 --> [SYNC] Expected 20 frames for animal 57
CPU: [49.5, 51.9, 51.4, 48.5]
[predict_weight_agent@localhost:5013] 12/06/2026 20:34:58.016 --> [BATCH INFERENCE] Running full network on 5 frames for animal 39
RAM: svmem(total=17002643456, available=5614862336, percent=67.0, used=11387781120, free=4526260224, active=11678580736, inactive=550993920, buffers=60325888, cached=1157890048, shared=14696448, slab=100548608)
CPU: [40.8, 41.2, 43.7, 38.8]
[capture_agent@localhost:5010] 12/06/2026 20:34:59.087 --> [RESTART] Animal 71/100 entering scale.
RAM: svmem(total=17002643456, available=5612896256, percent=67.0, used=11389747200, free=4524294144, active=11680612352, inactive=550993920, buffers=60325888, cached=1157890048, shared=14696448, slab=100548608)
[frame_selection_agent@localhost:5012] 12/06/2026 20:34:59.752 --> frame_id=51b3f5a2-72a SUITABLE. Discarded=600, Forwarded=269
CPU: [43.5, 43.3, 33.0, 48.0]
[data_enhance_agent@localhost:5011] 12/06/2026 20:35:00.083 --> frame_id=03050c5c-1a4 enhanced and forwarded.
RAM: svmem(total=17002643456, available=5614600192, percent=67.0, used=11388043264, free=4525998080, active=11680612352, inactive=550993920, buffers=60325888, cached=1157890048, shared=14696448, slab=100548608)
[frame_selection_agent@localhost:5012] 12/06/2026 20:35:00.710 --> frame_id=bfb4a377-8da SUITABLE. Discarded=600, Forwarded=270
[data_enhance_agent@localhost:5011] 12/06/2026 20:35:01.038 --> frame_id=c0562311-570 enhanced and forwarded.
CPU: [41.6, 52.5, 38.7, 38.9]
RAM: svmem(total=17002643456, available=5599789056, percent=67.1, used=11402854400, free=4511186944, active=11690819584, inactive=550993920, buffers=60325888, cached=1157890048, shared=14696448, slab=100548608)
[frame_selection_agent@localhost:5012] 12/06/2026 20:35:01.513 --> frame_id=7443c3a6-7bc DISCARDED (deleted from buffer). Discarded=601, Forwarded=270
[data_enhance_agent@localhost:5011] 12/06/2026 20:35:01.850 --> frame_id=c96ada64-be0 enhanced and forwarded.
CPU: [47.1, 41.4, 46.1, 40.4]
[frame_selection_agent@localhost:5012] 12/06/2026 20:35:02.212 --> frame_id=340ec72b-b8c DISCARDED (deleted from buffer). Discarded=602, Forwarded=270
RAM: svmem(total=17002643456, available=5637062656, percent=66.8, used=11365580800, free=4548460544, active=11651514368, inactive=550993920, buffers=60325888, cached=1157890048, shared=14696448, slab=100483072)
[frame_selection_agent@localhost:5012] 12/06/2026 20:35:02.312 --> frame_id=dad75ea9-f7a DISCARDED (deleted from buffer). Discarded=603, Forwarded=270
[data_enhance_agent@localhost:5011] 12/06/2026 20:35:02.716 --> frame_id=5531939b-d58 enhanced and forwarded.
CPU: [43.1, 46.0, 45.5, 50.0]
RAM: svmem(total=17002643456, available=5638799360, percent=66.8, used=11363844096, free=4550197248, active=11651514368, inactive=550993920, buffers=60325888, cached=1157890048, shared=14696448, slab=100483072)
CPU: [44.0, 47.6, 45.5, 43.3]
while handling timed call
Traceback (most recent call last):
  File "/home/ewertonsjp/.pyenv/versions/cv_vend_mas/lib/python3.12/site-packages/twisted/internet/base.py", line 1105, in runUntilCurrent
    call.func(*call.args, **call.kw)
  File "/home/ewertonsjp/projects/cv-system/mas/pade/core/new_ams.py", line 80, in on_time
    self.agent.agentInstance.table.pop(agent_name)
builtins.KeyError: 'capture_agent@localhost:5010'

RAM: svmem(total=17002643456, available=5625036800, percent=66.9, used=11377606656, free=4536434688, active=11672535040, inactive=550993920, buffers=60325888, cached=1157890048, shared=14696448, slab=100483072)
[frame_selection_agent@localhost:5012] 12/06/2026 20:35:05.030 --> frame_id=4b72bf8b-21d DISCARDED (deleted from buffer). Discarded=604, Forwarded=270
[frame_selection_agent@localhost:5012] 12/06/2026 20:35:05.094 --> frame_id=1ff320e2-a78 DISCARDED (deleted from buffer). Discarded=605, Forwarded=270
CPU: [38.2, 40.5, 42.7, 40.9]
RAM: svmem(total=17002643456, available=5639831552, percent=66.8, used=11362811904, free=4551229440, active=11651629056, inactive=550993920, buffers=60325888, cached=1157890048, shared=14696448, slab=100483072)
[frame_selection_agent@localhost:5012] 12/06/2026 20:35:05.465 --> frame_id=b395ee50-412 DISCARDED (deleted from buffer). Discarded=606, Forwarded=270
[frame_selection_agent@localhost:5012] 12/06/2026 20:35:05.546 --> frame_id=70420f59-7df DISCARDED (deleted from buffer). Discarded=607, Forwarded=270
[data_enhance_agent@localhost:5011] 12/06/2026 20:35:05.607 --> frame_id=90d33c16-922 enhanced and forwarded.
[data_enhance_agent@localhost:5011] 12/06/2026 20:35:05.660 --> frame_id=c2bb41af-c30 enhanced and forwarded.
[data_enhance_agent@localhost:5011] 12/06/2026 20:35:06.195 --> frame_id=ce53fb45-11a enhanced and forwarded.
[frame_selection_agent@localhost:5012] 12/06/2026 20:35:06.228 --> frame_id=83cd223a-938 DISCARDED (deleted from buffer). Discarded=608, Forwarded=270
[data_enhance_agent@localhost:5011] 12/06/2026 20:35:06.310 --> frame_id=c32d402d-3cd enhanced and forwarded.
CPU: [29.1, 35.9, 25.7, 41.3]
RAM: svmem(total=17002643456, available=5642469376, percent=66.8, used=11360174080, free=4553867264, active=11651629056, inactive=550993920, buffers=60325888, cached=1157906432, shared=14696448, slab=100483072)
[data_enhance_agent@localhost:5011] 12/06/2026 20:35:06.491 --> frame_id=e4ac21f3-4a5 enhanced and forwarded.
[data_enhance_agent@localhost:5011] 12/06/2026 20:35:06.524 --> frame_id=286696f0-a87 enhanced and forwarded.
[data_enhance_agent@localhost:5011] 12/06/2026 20:35:06.817 --> frame_id=2a0751c2-041 enhanced and forwarded.
[data_enhance_agent@localhost:5011] 12/06/2026 20:35:06.949 --> frame_id=da9b3bad-934 enhanced and forwarded.
[data_enhance_agent@localhost:5011] 12/06/2026 20:35:07.014 --> frame_id=dbc28daa-b06 enhanced and forwarded.
RAM: svmem(total=17002643456, available=5645008896, percent=66.8, used=11357634560, free=4556390400, active=11651629056, inactive=551010304, buffers=60325888, cached=1157906432, shared=14696448, slab=100483072)CPU: [44.8, 50.0, 43.1, 42.9]

[data_enhance_agent@localhost:5011] 12/06/2026 20:35:07.626 --> frame_id=01c76c1a-a33 enhanced and forwarded.
[data_enhance_agent@localhost:5011] 12/06/2026 20:35:07.757 --> frame_id=7d733c97-bfc enhanced and forwarded.
[data_enhance_agent@localhost:5011] 12/06/2026 20:35:08.218 --> frame_id=6886e690-fa1 enhanced and forwarded.
RAM: svmem(total=17002643456, available=5626478592, percent=66.9, used=11376164864, free=4537843712, active=11671896064, inactive=551026688, buffers=60342272, cached=1157906432, shared=14696448, slab=100548608)CPU: [50.0, 56.7, 40.6, 58.7]

[data_enhance_agent@localhost:5011] 12/06/2026 20:35:08.631 --> frame_id=29fd9245-07f enhanced and forwarded.
[data_enhance_agent@localhost:5011] 12/06/2026 20:35:08.933 --> frame_id=5894c8d5-7aa enhanced and forwarded.
[data_enhance_agent@localhost:5011] 12/06/2026 20:35:09.351 --> frame_id=07279110-8ff enhanced and forwarded.
RAM: svmem(total=17002643456, available=5615599616, percent=67.0, used=11387043840, free=4526964736, active=11680530432, inactive=551026688, buffers=60342272, cached=1157906432, shared=14696448, slab=100548608)
CPU: [33.0, 45.0, 36.7, 50.0]
[data_enhance_agent@localhost:5011] 12/06/2026 20:35:09.681 --> frame_id=cbf1eb36-678 enhanced and forwarded.
[data_enhance_agent@localhost:5011] 12/06/2026 20:35:09.976 --> frame_id=83f28ef5-dbf enhanced and forwarded.
[data_enhance_agent@localhost:5011] 12/06/2026 20:35:10.346 --> frame_id=423bf043-e81 enhanced and forwarded.
RAM: svmem(total=17002643456, available=5612306432, percent=67.0, used=11390337024, free=4523671552, active=11680530432, inactive=551026688, buffers=60342272, cached=1157906432, shared=14696448, slab=100548608)
CPU: [37.4, 32.7, 38.2, 39.6]
[data_enhance_agent@localhost:5011] 12/06/2026 20:35:10.639 --> frame_id=0ebf5dca-3bf enhanced and forwarded.
[frame_selection_agent@localhost:5012] 12/06/2026 20:35:10.736 --> frame_id=59bb6944-a8b DISCARDED (deleted from buffer). Discarded=609, Forwarded=270
RAM: svmem(total=17002643456, available=5617205248, percent=67.0, used=11385438208, free=4528570368, active=11680530432, inactive=551026688, buffers=60342272, cached=1157906432, shared=14696448, slab=100548608)
CPU: [53.9, 53.6, 54.5, 56.9]
[frame_selection_agent@localhost:5012] 12/06/2026 20:35:12.122 --> frame_id=d13eb1e7-2ed DISCARDED (deleted from buffer). Discarded=610, Forwarded=270
[frame_selection_agent@localhost:5012] 12/06/2026 20:35:12.152 --> [BATCH READY] Sent animal_id=46 to Predict!
[capture_agent@localhost:5010] 12/06/2026 20:35:12.394 --> [RESTART] Animal 72/100 entering scale.
[data_enhance_agent@localhost:5011] 12/06/2026 20:35:12.513 --> frame_id=738dfca0-0f1 enhanced and forwarded.
RAM: svmem(total=17002643456, available=5609881600, percent=67.0, used=11392761856, free=4521246720, active=11690622976, inactive=551026688, buffers=60342272, cached=1157906432, shared=14696448, slab=100548608)
CPU: [48.0, 50.5, 47.1, 46.2]
[frame_selection_agent@localhost:5012] 12/06/2026 20:35:13.014 --> frame_id=1a2e7e58-656 SUITABLE. Discarded=610, Forwarded=271
[frame_selection_agent@localhost:5012] 12/06/2026 20:35:13.266 --> frame_id=3e398b87-68e SUITABLE. Discarded=610, Forwarded=272
[frame_selection_agent@localhost:5012] 12/06/2026 20:35:13.354 --> frame_id=acf76a57-5aa SUITABLE. Discarded=610, Forwarded=273
RAM: svmem(total=17002643456, available=5643862016, percent=66.8, used=11358781440, free=4555227136, active=11651743744, inactive=551026688, buffers=60358656, cached=1157906432, shared=14696448, slab=100548608)
CPU: [46.5, 51.4, 53.1, 52.0]
[data_enhance_agent@localhost:5011] 12/06/2026 20:35:13.696 --> frame_id=976eb966-9fa enhanced and forwarded.
RAM: svmem(total=17002643456, available=5645959168, percent=66.8, used=11356684288, free=4557324288, active=11651743744, inactive=551026688, buffers=60358656, cached=1157906432, shared=14696448, slab=100548608)
CPU: [51.5, 55.8, 55.3, 53.1]
RAM: svmem(total=17002643456, available=5644238848, percent=66.8, used=11358404608, free=4555587584, active=11651809280, inactive=551043072, buffers=60358656, cached=1157906432, shared=14696448, slab=100548608)
CPU: [45.5, 49.5, 48.5, 38.9]
RAM: svmem(total=17002643456, available=5613338624, percent=67.0, used=11389304832, free=4524687360, active=11694784512, inactive=551043072, buffers=60358656, cached=1157906432, shared=14696448, slab=100532224)
[frame_selection_agent@localhost:5012] 12/06/2026 20:35:16.694 --> frame_id=c06bc534-b0d SUITABLE. Discarded=610, Forwarded=274
CPU: [47.6, 48.1, 49.0, 47.6]
[data_enhance_agent@localhost:5011] 12/06/2026 20:35:17.048 --> frame_id=6b0046a8-a72 enhanced and forwarded.
[frame_selection_agent@localhost:5012] 12/06/2026 20:35:17.056 --> frame_id=6d08f2b8-611 SUITABLE. Discarded=610, Forwarded=275
[frame_selection_agent@localhost:5012] 12/06/2026 20:35:17.594 --> frame_id=6e71ee60-08a SUITABLE. Discarded=610, Forwarded=276
RAM: svmem(total=17002643456, available=5528567808, percent=67.5, used=11474075648, free=4439916544, active=11769708544, inactive=551043072, buffers=60358656, cached=1157906432, shared=14696448, slab=100532224)
[predict_weight_agent@localhost:5013] 12/06/2026 20:35:17.659 --> [FINAL] Animal 38 completed. Mean weight: 16.0062 kg
CPU: [50.5, 47.0, 48.5, 55.9]
CPU: [38.9, 34.6, 64.5, 37.7]
RAM: svmem(total=17002643456, available=5552308224, percent=67.3, used=11450335232, free=4463656960, active=11708350464, inactive=551043072, buffers=60358656, cached=1157906432, shared=14696448, slab=100532224)
[frame_selection_agent@localhost:5012] 12/06/2026 20:35:19.857 --> frame_id=c45bb37d-24d DISCARDED (deleted from buffer). Discarded=611, Forwarded=276
CPU: [37.6, 46.1, 39.8, 38.5]RAM: svmem(total=17002643456, available=5538807808, percent=67.4, used=11463835648, free=4450140160, active=11726110720, inactive=551059456, buffers=60375040, cached=1157906432, shared=14696448, slab=100532224)

[frame_selection_agent@localhost:5012] 12/06/2026 20:35:20.146 --> frame_id=4ad4bb2f-364 DISCARDED (deleted from buffer). Discarded=612, Forwarded=276
[data_enhance_agent@localhost:5011] 12/06/2026 20:35:20.246 --> frame_id=ad3de1e8-9d6 enhanced and forwarded.
RAM: svmem(total=17002643456, available=5556928512, percent=67.3, used=11445714944, free=4468260864, active=11686674432, inactive=551059456, buffers=60375040, cached=1157906432, shared=14696448, slab=100597760)
CPU: [39.2, 50.5, 43.0, 43.7]
[frame_selection_agent@localhost:5012] 12/06/2026 20:35:21.622 --> frame_id=c540501d-120 DISCARDED (deleted from buffer). Discarded=613, Forwarded=276
[frame_selection_agent@localhost:5012] 12/06/2026 20:35:21.886 --> frame_id=155d6d5d-362 DISCARDED (deleted from buffer). Discarded=614, Forwarded=276
RAM: svmem(total=17002643456, available=5556666368, percent=67.3, used=11445977088, free=4467982336, active=11693129728, inactive=551059456, buffers=60375040, cached=1157939200, shared=14696448, slab=100663296)
CPU: [47.5, 44.6, 44.3, 48.1]
[frame_selection_agent@localhost:5012] 12/06/2026 20:35:22.380 --> [SYNC] Expected 18 frames for animal 58
[frame_selection_agent@localhost:5012] 12/06/2026 20:35:22.551 --> frame_id=b47a57c8-c1f DISCARDED (deleted from buffer). Discarded=615, Forwarded=276
[frame_selection_agent@localhost:5012] 12/06/2026 20:35:22.590 --> frame_id=1551a02a-2d4 DISCARDED (deleted from buffer). Discarded=616, Forwarded=276
RAM: svmem(total=17002643456, available=5621383168, percent=66.9, used=11381260288, free=4532699136, active=11651956736, inactive=551059456, buffers=60375040, cached=1157939200, shared=14696448, slab=100663296)
CPU: [49.0, 50.0, 48.0, 54.5]
RAM: svmem(total=17002643456, available=5621137408, percent=66.9, used=11381506048, free=4532453376, active=11651956736, inactive=551059456, buffers=60375040, cached=1157939200, shared=14696448, slab=100663296)
CPU: [46.1, 47.6, 45.3, 47.1]
while handling timed call
Traceback (most recent call last):
  File "/home/ewertonsjp/.pyenv/versions/cv_vend_mas/lib/python3.12/site-packages/twisted/internet/base.py", line 1105, in runUntilCurrent
    call.func(*call.args, **call.kw)
  File "/home/ewertonsjp/projects/cv-system/mas/pade/core/new_ams.py", line 80, in on_time
    self.agent.agentInstance.table.pop(agent_name)
builtins.KeyError: 'capture_agent@localhost:5010'

RAM: svmem(total=17002643456, available=5622120448, percent=66.9, used=11380523008, free=4533436416, active=11651956736, inactive=551059456, buffers=60375040, cached=1157939200, shared=14696448, slab=100663296)
CPU: [43.3, 41.4, 43.3, 43.6]
[frame_selection_agent@localhost:5012] 12/06/2026 20:35:25.334 --> frame_id=fd42d40e-c82 DISCARDED (deleted from buffer). Discarded=617, Forwarded=276
[capture_agent@localhost:5010] 12/06/2026 20:35:25.541 --> [RESTART] Animal 73/100 entering scale.
[frame_selection_agent@localhost:5012] 12/06/2026 20:35:25.817 --> frame_id=4b0cbdf7-ba8 DISCARDED (deleted from buffer). Discarded=618, Forwarded=276
[data_enhance_agent@localhost:5011] 12/06/2026 20:35:25.868 --> frame_id=1f10c6aa-282 enhanced and forwarded.
[frame_selection_agent@localhost:5012] 12/06/2026 20:35:25.891 --> frame_id=c0532cd0-ead DISCARDED (deleted from buffer). Discarded=619, Forwarded=276
RAM: svmem(total=17002643456, available=5624283136, percent=66.9, used=11378360320, free=4535599104, active=11651956736, inactive=551059456, buffers=60391424, cached=1157939200, shared=14696448, slab=100663296)
CPU: [40.8, 35.4, 50.0, 41.6]
[data_enhance_agent@localhost:5011] 12/06/2026 20:35:26.236 --> frame_id=757ae069-e1a enhanced and forwarded.
[frame_selection_agent@localhost:5012] 12/06/2026 20:35:26.417 --> frame_id=14d8d670-612 DISCARDED (deleted from buffer). Discarded=620, Forwarded=276
[data_enhance_agent@localhost:5011] 12/06/2026 20:35:26.774 --> frame_id=6881288e-571 enhanced and forwarded.
RAM: svmem(total=17002643456, available=5618532352, percent=67.0, used=11384111104, free=4529831936, active=11678351360, inactive=551075840, buffers=60391424, cached=1157939200, shared=14696448, slab=100663296)
CPU: [49.5, 46.5, 51.5, 47.1]
RAM: svmem(total=17002643456, available=5580193792, percent=67.2, used=11422449664, free=4491493376, active=11721523200, inactive=551075840, buffers=60391424, cached=1157939200, shared=14696448, slab=100663296)
CPU: [43.6, 46.5, 40.8, 42.9]
[frame_selection_agent@localhost:5012] 12/06/2026 20:35:28.433 --> frame_id=77c7413c-af5 DISCARDED (deleted from buffer). Discarded=621, Forwarded=276
[data_enhance_agent@localhost:5011] 12/06/2026 20:35:28.778 --> frame_id=aa0f482e-17e enhanced and forwarded.
[frame_selection_agent@localhost:5012] 12/06/2026 20:35:28.881 --> frame_id=7bec521b-890 DISCARDED (deleted from buffer). Discarded=622, Forwarded=276
[frame_selection_agent@localhost:5012] 12/06/2026 20:35:28.905 --> [BATCH READY] Sent animal_id=47 to Predict!
RAM: svmem(total=17002643456, available=5572329472, percent=67.2, used=11430313984, free=4483629056, active=11728125952, inactive=551075840, buffers=60391424, cached=1157939200, shared=14696448, slab=100663296)
CPU: [40.2, 33.3, 40.2, 34.4]
[data_enhance_agent@localhost:5011] 12/06/2026 20:35:29.290 --> frame_id=8d648c0c-d32 enhanced and forwarded.
[data_enhance_agent@localhost:5011] 12/06/2026 20:35:29.450 --> frame_id=602e501e-2bd enhanced and forwarded.
[data_enhance_agent@localhost:5011] 12/06/2026 20:35:29.811 --> frame_id=89831c9a-e38 enhanced and forwarded.
RAM: svmem(total=17002643456, available=5608652800, percent=67.0, used=11393990656, free=4519952384, active=11686674432, inactive=551075840, buffers=60391424, cached=1157939200, shared=14696448, slab=100663296)
[data_enhance_agent@localhost:5011] 12/06/2026 20:35:30.241 --> frame_id=1debb8fc-f47 enhanced and forwarded.
CPU: [40.0, 29.4, 40.2, 45.7]
[data_enhance_agent@localhost:5011] 12/06/2026 20:35:30.463 --> frame_id=41c80f9d-c73 enhanced and forwarded.
[data_enhance_agent@localhost:5011] 12/06/2026 20:35:30.827 --> frame_id=f1cd246b-7dc enhanced and forwarded.
[frame_selection_agent@localhost:5012] 12/06/2026 20:35:31.068 --> frame_id=ebbf470f-ee4 SUITABLE. Discarded=622, Forwarded=277
RAM: svmem(total=17002643456, available=5611421696, percent=67.0, used=11391221760, free=4522721280, active=11686674432, inactive=551075840, buffers=60407808, cached=1157939200, shared=14696448, slab=100663296)
CPU: [37.1, 32.4, 36.4, 34.3]
[data_enhance_agent@localhost:5011] 12/06/2026 20:35:31.446 --> frame_id=8075b0f7-ab2 enhanced and forwarded.
[data_enhance_agent@localhost:5011] 12/06/2026 20:35:31.510 --> frame_id=e5070a0e-e08 enhanced and forwarded.
[data_enhance_agent@localhost:5011] 12/06/2026 20:35:31.656 --> frame_id=8a640703-7f8 enhanced and forwarded.
[frame_selection_agent@localhost:5012] 12/06/2026 20:35:31.909 --> frame_id=120d7cd3-6bf SUITABLE. Discarded=622, Forwarded=278
[data_enhance_agent@localhost:5011] 12/06/2026 20:35:32.101 --> frame_id=06cb3f1f-912 enhanced and forwarded.
[data_enhance_agent@localhost:5011] 12/06/2026 20:35:32.105 --> frame_id=5feb926b-336 enhanced and forwarded.
RAM: svmem(total=17002643456, available=5605998592, percent=67.0, used=11396644864, free=4517281792, active=11696291840, inactive=551092224, buffers=60407808, cached=1157939200, shared=14696448, slab=100663296)
CPU: [39.0, 36.2, 31.4, 20.0]
[data_enhance_agent@localhost:5011] 12/06/2026 20:35:32.567 --> frame_id=8a660f67-278 enhanced and forwarded.
[data_enhance_agent@localhost:5011] 12/06/2026 20:35:32.617 --> frame_id=de45c4e7-1de enhanced and forwarded.
[data_enhance_agent@localhost:5011] 12/06/2026 20:35:32.675 --> frame_id=5bec0503-f7a enhanced and forwarded.
[frame_selection_agent@localhost:5012] 12/06/2026 20:35:32.837 --> frame_id=11732b1b-f5c SUITABLE. Discarded=622, Forwarded=279
[frame_selection_agent@localhost:5012] 12/06/2026 20:35:32.969 --> frame_id=a37445dc-f94 SUITABLE. Discarded=622, Forwarded=280
RAM: svmem(total=17002643456, available=5640044544, percent=66.8, used=11362598912, free=4551327744, active=11651989504, inactive=551092224, buffers=60407808, cached=1157939200, shared=14696448, slab=100663296)
[data_enhance_agent@localhost:5011] 12/06/2026 20:35:33.331 --> frame_id=95ffaebe-666 enhanced and forwarded.
CPU: [55.1, 57.8, 64.2, 52.2]
RAM: svmem(total=17002643456, available=5640503296, percent=66.8, used=11362140160, free=4551786496, active=11652005888, inactive=551092224, buffers=60407808, cached=1157939200, shared=14696448, slab=100663296)
CPU: [61.0, 60.0, 59.0, 58.8]
RAM: svmem(total=17002643456, available=5640437760, percent=66.8, used=11362205696, free=4551720960, active=11652022272, inactive=551092224, buffers=60407808, cached=1157939200, shared=14696448, slab=100679680)
CPU: [43.4, 47.0, 45.5, 46.7]
[frame_selection_agent@localhost:5012] 12/06/2026 20:35:35.821 --> frame_id=9febb1c3-b98 SUITABLE. Discarded=622, Forwarded=281
RAM: svmem(total=17002643456, available=5643173888, percent=66.8, used=11359469568, free=4554457088, active=11652038656, inactive=551092224, buffers=60407808, cached=1157955584, shared=14696448, slab=100679680)
CPU: [49.0, 51.0, 51.0, 45.8]
[frame_selection_agent@localhost:5012] 12/06/2026 20:35:37.024 --> frame_id=7015531d-d45 SUITABLE. Discarded=622, Forwarded=282
[frame_selection_agent@localhost:5012] 12/06/2026 20:35:37.035 --> frame_id=990de4c5-20d DISCARDED (deleted from buffer). Discarded=623, Forwarded=282
[frame_selection_agent@localhost:5012] 12/06/2026 20:35:37.039 --> frame_id=0bb2599b-db9 DISCARDED (deleted from buffer). Discarded=624, Forwarded=282
RAM: svmem(total=17002643456, available=5642174464, percent=66.8, used=11360468992, free=4553424896, active=11652546560, inactive=551124992, buffers=60424192, cached=1157955584, shared=14696448, slab=100745216)
CPU: [42.0, 45.5, 42.2, 47.1]
[data_enhance_agent@localhost:5011] 12/06/2026 20:35:38.232 --> frame_id=c7d7b52f-8dd enhanced and forwarded.
[data_enhance_agent@localhost:5011] 12/06/2026 20:35:38.232 --> frame_id=46709901-25f enhanced and forwarded.
RAM: svmem(total=17002643456, available=5630115840, percent=66.9, used=11372527616, free=4541366272, active=11684659200, inactive=551124992, buffers=60424192, cached=1157955584, shared=14696448, slab=100745216)
[frame_selection_agent@localhost:5012] 12/06/2026 20:35:38.483 --> [SYNC] Expected 20 frames for animal 59
CPU: [54.1, 52.9, 55.8, 56.3]
[predict_weight_agent@localhost:5013] 12/06/2026 20:35:38.898 --> [BATCH INFERENCE] Running full network on 6 frames for animal 40
[frame_selection_agent@localhost:5012] 12/06/2026 20:35:39.070 --> [SYNC] Expected 20 frames for animal 60
RAM: svmem(total=17002643456, available=5628624896, percent=66.9, used=11374018560, free=4539891712, active=11686674432, inactive=551124992, buffers=60424192, cached=1157939200, shared=14696448, slab=100663296)
[frame_selection_agent@localhost:5012] 12/06/2026 20:35:39.579 --> [SYNC] Expected 18 frames for animal 61
[predict_weight_agent@localhost:5013] 12/06/2026 20:35:39.606 --> [BATCH INFERENCE] Running full network on 6 frames for animal 41
CPU: [50.0, 48.0, 52.0, 47.4][frame_selection_agent@localhost:5012] 12/06/2026 20:35:39.675 --> frame_id=9c78f2e8-0cb DISCARDED (deleted from buffer). Discarded=625, Forwarded=282

[capture_agent@localhost:5010] 12/06/2026 20:35:39.686 --> [RESTART] Animal 74/100 entering scale.
RAM: svmem(total=17002643456, available=5628624896, percent=66.9, used=11374018560, free=4539891712, active=11686674432, inactive=551124992, buffers=60424192, cached=1157939200, shared=14696448, slab=100597760)
CPU: [44.4, 42.7, 47.1, 45.6]
RAM: svmem(total=17002643456, available=5629378560, percent=66.9, used=11373264896, free=4540645376, active=11690737664, inactive=551124992, buffers=60424192, cached=1157939200, shared=14696448, slab=100597760)
[frame_selection_agent@localhost:5012] 12/06/2026 20:35:41.597 --> frame_id=859976ae-2fa DISCARDED (deleted from buffer). Discarded=626, Forwarded=282
[frame_selection_agent@localhost:5012] 12/06/2026 20:35:41.684 --> frame_id=00e87b83-70c DISCARDED (deleted from buffer). Discarded=627, Forwarded=282
CPU: [40.6, 44.4, 51.9, 41.7]
[data_enhance_agent@localhost:5011] 12/06/2026 20:35:41.892 --> frame_id=b3b584f3-11e enhanced and forwarded.
[frame_selection_agent@localhost:5012] 12/06/2026 20:35:41.954 --> frame_id=6fdf94de-ffb DISCARDED (deleted from buffer). Discarded=628, Forwarded=282
RAM: svmem(total=17002643456, available=5646155776, percent=66.8, used=11356487680, free=4557422592, active=11655200768, inactive=551124992, buffers=60424192, cached=1157939200, shared=14696448, slab=100597760)
[frame_selection_agent@localhost:5012] 12/06/2026 20:35:42.489 --> frame_id=23c37274-4bb DISCARDED (deleted from buffer). Discarded=629, Forwarded=282
[data_enhance_agent@localhost:5011] 12/06/2026 20:35:42.523 --> frame_id=b5d67f22-e64 enhanced and forwarded.
[predict_weight_agent@localhost:5013] 12/06/2026 20:35:42.540 --> [FINAL] Animal 39 completed. Mean weight: 16.0062 kg
[data_enhance_agent@localhost:5011] 12/06/2026 20:35:42.713 --> frame_id=288fffff-991 enhanced and forwarded.
CPU: [42.3, 45.5, 57.4, 39.6]
RAM: svmem(total=17002643456, available=5643698176, percent=66.8, used=11358945280, free=4554964992, active=11655200768, inactive=551124992, buffers=60424192, cached=1157939200, shared=14696448, slab=100597760)
CPU: [55.0, 51.0, 50.5, 55.2]
while handling timed call
Traceback (most recent call last):
  File "/home/ewertonsjp/.pyenv/versions/cv_vend_mas/lib/python3.12/site-packages/twisted/internet/base.py", line 1105, in runUntilCurrent
    call.func(*call.args, **call.kw)
  File "/home/ewertonsjp/projects/cv-system/mas/pade/core/new_ams.py", line 80, in on_time
    self.agent.agentInstance.table.pop(agent_name)
builtins.KeyError: 'capture_agent@localhost:5010'

RAM: svmem(total=17002643456, available=5645549568, percent=66.8, used=11357093888, free=4556816384, active=11655217152, inactive=551124992, buffers=60424192, cached=1157939200, shared=14696448, slab=100597760)
CPU: [41.2, 39.6, 41.2, 42.5]
RAM: svmem(total=17002643456, available=5647876096, percent=66.8, used=11354767360, free=4559142912, active=11656232960, inactive=551124992, buffers=60424192, cached=1157939200, shared=14696448, slab=100597760)
CPU: [47.6, 45.2, 44.7, 47.1]
[frame_selection_agent@localhost:5012] 12/06/2026 20:35:46.079 --> frame_id=b4139029-9ec DISCARDED (deleted from buffer). Discarded=630, Forwarded=282
[data_enhance_agent@localhost:5011] 12/06/2026 20:35:46.427 --> frame_id=36b742cd-0b3 enhanced and forwarded.
RAM: svmem(total=17002643456, available=5629935616, percent=66.9, used=11372707840, free=4541202432, active=11680104448, inactive=551124992, buffers=60424192, cached=1157939200, shared=14696448, slab=100614144)[frame_selection_agent@localhost:5012] 12/06/2026 20:35:46.435 --> frame_id=57ba4694-770 DISCARDED (deleted from buffer). Discarded=631, Forwarded=282

[data_enhance_agent@localhost:5011] 12/06/2026 20:35:46.886 --> frame_id=e76e2a48-401 enhanced and forwarded.
CPU: [49.5, 45.5, 38.7, 34.7]
[frame_selection_agent@localhost:5012] 12/06/2026 20:35:47.207 --> frame_id=8fa14174-dd3 DISCARDED (deleted from buffer). Discarded=632, Forwarded=282
[frame_selection_agent@localhost:5012] 12/06/2026 20:35:47.342 --> frame_id=b0ff2736-a51 DISCARDED (deleted from buffer). Discarded=633, Forwarded=282
RAM: svmem(total=17002643456, available=5567758336, percent=67.3, used=11434885120, free=4479025152, active=11728863232, inactive=551124992, buffers=60424192, cached=1157939200, shared=14696448, slab=100614144)
[frame_selection_agent@localhost:5012] 12/06/2026 20:35:47.899 --> frame_id=8e8b3e51-dcb DISCARDED (deleted from buffer). Discarded=634, Forwarded=282
CPU: [49.5, 51.5, 50.5, 51.5]
RAM: svmem(total=17002643456, available=5599641600, percent=67.1, used=11403001856, free=4510908416, active=11689164800, inactive=551124992, buffers=60456960, cached=1157939200, shared=14696448, slab=100614144)
CPU: [43.9, 46.1, 46.5, 42.1]
RAM: svmem(total=17002643456, available=5599641600, percent=67.1, used=11403001856, free=4510908416, active=11689164800, inactive=551124992, buffers=60456960, cached=1157939200, shared=14696448, slab=100614144)
CPU: [44.9, 43.1, 44.8, 42.2]
[frame_selection_agent@localhost:5012] 12/06/2026 20:35:50.289 --> frame_id=8f5792ee-d79 DISCARDED (deleted from buffer). Discarded=635, Forwarded=282
[frame_selection_agent@localhost:5012] 12/06/2026 20:35:50.381 --> frame_id=ddc8ea25-aa3 DISCARDED (deleted from buffer). Discarded=636, Forwarded=282
[frame_selection_agent@localhost:5012] 12/06/2026 20:35:50.388 --> [BATCH READY] Sent animal_id=48 to Predict!
[frame_selection_agent@localhost:5012] 12/06/2026 20:35:50.511 --> frame_id=582fdc98-8b2 SUITABLE. Discarded=636, Forwarded=283
RAM: svmem(total=17002643456, available=5633753088, percent=66.9, used=11368890368, free=4544987136, active=11655282688, inactive=551157760, buffers=60456960, cached=1157939200, shared=14696448, slab=100614144)
[data_enhance_agent@localhost:5011] 12/06/2026 20:35:50.773 --> frame_id=c1831795-1c5 enhanced and forwarded.
[frame_selection_agent@localhost:5012] 12/06/2026 20:35:50.794 --> frame_id=850dbe98-746 SUITABLE. Discarded=636, Forwarded=284
CPU: [46.5, 38.8, 45.0, 36.3]
[data_enhance_agent@localhost:5011] 12/06/2026 20:35:51.148 --> frame_id=f556bcd3-485 enhanced and forwarded.
[frame_selection_agent@localhost:5012] 12/06/2026 20:35:51.291 --> frame_id=1d7afe7b-894 SUITABLE. Discarded=636, Forwarded=285
[data_enhance_agent@localhost:5011] 12/06/2026 20:35:51.543 --> frame_id=3d23a882-57b enhanced and forwarded.
RAM: svmem(total=17002643456, available=5635063808, percent=66.9, used=11367579648, free=4546297856, active=11655282688, inactive=551157760, buffers=60456960, cached=1157922816, shared=14696448, slab=100597760)
[data_enhance_agent@localhost:5011] 12/06/2026 20:35:51.889 --> frame_id=ff8d505e-f41 enhanced and forwarded.
CPU: [41.6, 36.7, 51.9, 47.5]
[data_enhance_agent@localhost:5011] 12/06/2026 20:35:52.304 --> frame_id=289498db-39e enhanced and forwarded.
[data_enhance_agent@localhost:5011] 12/06/2026 20:35:52.601 --> frame_id=0101bc1e-18d enhanced and forwarded.
RAM: svmem(total=17002643456, available=5634834432, percent=66.9, used=11367809024, free=4546068480, active=11655282688, inactive=551157760, buffers=60456960, cached=1157922816, shared=14696448, slab=100597760)
[capture_agent@localhost:5010] 12/06/2026 20:35:52.824 --> [RESTART] Animal 75/100 entering scale.
[data_enhance_agent@localhost:5011] 12/06/2026 20:35:52.988 --> frame_id=da213799-8e8 enhanced and forwarded.
CPU: [39.1, 32.4, 41.5, 30.7]
[data_enhance_agent@localhost:5011] 12/06/2026 20:35:53.316 --> frame_id=347182e0-3de enhanced and forwarded.
[data_enhance_agent@localhost:5011] 12/06/2026 20:35:53.638 --> frame_id=70552f76-9a8 enhanced and forwarded.
RAM: svmem(total=17002643456, available=5634637824, percent=66.9, used=11368005632, free=4545855488, active=11655282688, inactive=551174144, buffers=60473344, cached=1157922816, shared=14696448, slab=100597760)
[data_enhance_agent@localhost:5011] 12/06/2026 20:35:53.965 --> frame_id=a1aec7dd-bc0 enhanced and forwarded.
CPU: [32.3, 39.4, 42.7, 35.3]
RAM: svmem(total=17002643456, available=5635833856, percent=66.9, used=11366809600, free=4547051520, active=11655282688, inactive=551174144, buffers=60473344, cached=1157922816, shared=14696448, slab=100597760)
CPU: [45.1, 46.0, 45.0, 46.6]
[frame_selection_agent@localhost:5012] 12/06/2026 20:35:55.786 --> frame_id=54c85f22-b00 SUITABLE. Discarded=636, Forwarded=286
RAM: svmem(total=17002643456, available=5622824960, percent=66.9, used=11379818496, free=4534042624, active=11684249600, inactive=551174144, buffers=60473344, cached=1157922816, shared=14696448, slab=100597760)
[frame_selection_agent@localhost:5012] 12/06/2026 20:35:56.064 --> frame_id=5c0fcad9-43a SUITABLE. Discarded=636, Forwarded=287
CPU: [43.6, 48.0, 46.5, 51.9]
[data_enhance_agent@localhost:5011] 12/06/2026 20:35:56.619 --> frame_id=3b775f78-666 enhanced and forwarded.
RAM: svmem(total=17002643456, available=5585469440, percent=67.1, used=11417174016, free=4496687104, active=11717607424, inactive=551174144, buffers=60473344, cached=1157922816, shared=14696448, slab=100597760)[data_enhance_agent@localhost:5011] 12/06/2026 20:35:56.832 --> frame_id=ffd8d951-dce enhanced and forwarded.

[frame_selection_agent@localhost:5012] 12/06/2026 20:35:57.131 --> frame_id=e6c90c1f-d02 DISCARDED (deleted from buffer). Discarded=637, Forwarded=287
[data_enhance_agent@localhost:5011] 12/06/2026 20:35:57.249 --> frame_id=9eaa3963-943 enhanced and forwarded.
CPU: [57.1, 46.7, 47.1, 48.5]
[data_enhance_agent@localhost:5011] 12/06/2026 20:35:57.626 --> frame_id=a4c14542-f2d enhanced and forwarded.
[frame_selection_agent@localhost:5012] 12/06/2026 20:35:57.675 --> frame_id=d031c187-4c2 SUITABLE. Discarded=637, Forwarded=288
[data_enhance_agent@localhost:5011] 12/06/2026 20:35:57.847 --> frame_id=1e91d99a-f3a enhanced and forwarded.
RAM: svmem(total=17002643456, available=5565562880, percent=67.3, used=11437080576, free=4476780544, active=11731320832, inactive=551174144, buffers=60473344, cached=1157922816, shared=14696448, slab=100597760)
[data_enhance_agent@localhost:5011] 12/06/2026 20:35:58.236 --> frame_id=eac3f3b8-c10 enhanced and forwarded.
[data_enhance_agent@localhost:5011] 12/06/2026 20:35:58.282 --> frame_id=0392d2b3-cf6 enhanced and forwarded.
CPU: [35.1, 39.8, 38.6, 39.8]
[frame_selection_agent@localhost:5012] 12/06/2026 20:35:58.571 --> frame_id=9d66bf84-024 DISCARDED (deleted from buffer). Discarded=638, Forwarded=288
[data_enhance_agent@localhost:5011] 12/06/2026 20:35:58.598 --> frame_id=41a8d12f-798 enhanced and forwarded.
[data_enhance_agent@localhost:5011] 12/06/2026 20:35:58.890 --> frame_id=5f5e18a9-2ad enhanced and forwarded.
RAM: svmem(total=17002643456, available=5604163584, percent=67.0, used=11398479872, free=4515381248, active=11690049536, inactive=551174144, buffers=60489728, cached=1157922816, shared=14696448, slab=100597760)
[data_enhance_agent@localhost:5011] 12/06/2026 20:35:59.180 --> frame_id=02d7462b-eb0 enhanced and forwarded.
[data_enhance_agent@localhost:5011] 12/06/2026 20:35:59.214 --> frame_id=1e23a236-a91 enhanced and forwarded.
[data_enhance_agent@localhost:5011] 12/06/2026 20:35:59.381 --> frame_id=7252e05d-7cc enhanced and forwarded.
CPU: [37.7, 39.6, 35.8, 37.9]
[data_enhance_agent@localhost:5011] 12/06/2026 20:35:59.725 --> frame_id=7e92fdb1-7df enhanced and forwarded.
RAM: svmem(total=17002643456, available=5603934208, percent=67.0, used=11398709248, free=4515151872, active=11690049536, inactive=551174144, buffers=60489728, cached=1157922816, shared=14696448, slab=100597760)
CPU: [51.0, 54.9, 51.9, 53.3]
RAM: svmem(total=17002643456, available=5607604224, percent=67.0, used=11395039232, free=4518805504, active=11690065920, inactive=551190528, buffers=60489728, cached=1157922816, shared=14696448, slab=100597760)
CPU: [51.0, 45.9, 50.0, 53.2]
[frame_selection_agent@localhost:5012] 12/06/2026 20:36:01.667 --> frame_id=22ed7573-3e0 DISCARDED (deleted from buffer). Discarded=639, Forwarded=288
RAM: svmem(total=17002643456, available=5358649344, percent=68.5, used=11643994112, free=4269850624, active=11915296768, inactive=551190528, buffers=60489728, cached=1157922816, shared=14696448, slab=100597760)
[data_enhance_agent@localhost:5011] 12/06/2026 20:36:02.343 --> frame_id=d37ce6a0-eb2 enhanced and forwarded.
[frame_selection_agent@localhost:5012] 12/06/2026 20:36:02.361 --> frame_id=755e3347-ca0 DISCARDED (deleted from buffer). Discarded=640, Forwarded=288
[frame_selection_agent@localhost:5012] 12/06/2026 20:36:02.440 --> frame_id=9ce20674-ad1 DISCARDED (deleted from buffer). Discarded=641, Forwarded=288
CPU: [45.0, 33.7, 44.7, 30.3]
[data_enhance_agent@localhost:5011] 12/06/2026 20:36:02.763 --> frame_id=cd21b536-5f5 enhanced and forwarded.
[data_enhance_agent@localhost:5011] 12/06/2026 20:36:02.786 --> frame_id=76df1a2f-8b7 enhanced and forwarded.
[frame_selection_agent@localhost:5012] 12/06/2026 20:36:02.799 --> frame_id=10c51d52-303 DISCARDED (deleted from buffer). Discarded=642, Forwarded=288
[data_enhance_agent@localhost:5011] 12/06/2026 20:36:02.935 --> frame_id=dafad3f9-d54 enhanced and forwarded.
RAM: svmem(total=17002643456, available=5241618432, percent=69.2, used=11761025024, free=4152819712, active=12015124480, inactive=551190528, buffers=60489728, cached=1157922816, shared=14696448, slab=100597760)
[data_enhance_agent@localhost:5011] 12/06/2026 20:36:03.021 --> frame_id=6bf626b7-ccc enhanced and forwarded.
[data_enhance_agent@localhost:5011] 12/06/2026 20:36:03.398 --> frame_id=7df46461-6e5 enhanced and forwarded.
CPU: [45.7, 45.2, 56.9, 51.9]
RAM: svmem(total=17002643456, available=5199609856, percent=69.4, used=11803033600, free=4110794752, active=12058247168, inactive=551206912, buffers=60506112, cached=1157922816, shared=14696448, slab=100597760)
while handling timed call
Traceback (most recent call last):
  File "/home/ewertonsjp/.pyenv/versions/cv_vend_mas/lib/python3.12/site-packages/twisted/internet/base.py", line 1105, in runUntilCurrent
    call.func(*call.args, **call.kw)
  File "/home/ewertonsjp/projects/cv-system/mas/pade/core/new_ams.py", line 80, in on_time
    self.agent.agentInstance.table.pop(agent_name)
builtins.KeyError: 'capture_agent@localhost:5010'

CPU: [50.5, 53.0, 56.7, 52.5]
[frame_selection_agent@localhost:5012] 12/06/2026 20:36:04.904 --> frame_id=7bfb1601-ab7 DISCARDED (deleted from buffer). Discarded=643, Forwarded=288
RAM: svmem(total=17002643456, available=5198888960, percent=69.4, used=11803754496, free=4110057472, active=12058460160, inactive=551223296, buffers=60506112, cached=1157939200, shared=14696448, slab=100581376)
[data_enhance_agent@localhost:5011] 12/06/2026 20:36:05.283 --> frame_id=025c2a97-45c enhanced and forwarded.
CPU: [41.0, 47.2, 43.0, 49.5]
[capture_agent@localhost:5010] 12/06/2026 20:36:06.015 --> [RESTART] Animal 76/100 entering scale.
RAM: svmem(total=17002643456, available=5181440000, percent=69.5, used=11821203456, free=4092608512, active=12094537728, inactive=551223296, buffers=60506112, cached=1157939200, shared=14696448, slab=100581376)
CPU: [48.5, 48.0, 47.4, 52.0]
RAM: svmem(total=17002643456, available=5040865280, percent=70.4, used=11961778176, free=3952033792, active=12222382080, inactive=551223296, buffers=60506112, cached=1157939200, shared=14696448, slab=100581376)
[predict_weight_agent@localhost:5013] 12/06/2026 20:36:07.372 --> [FINAL] Animal 40 completed. Mean weight: 16.0062 kg
CPU: [45.9, 47.0, 44.8, 48.0]
RAM: svmem(total=17002643456, available=5176836096, percent=69.6, used=11825807360, free=4088004608, active=12031410176, inactive=551223296, buffers=60506112, cached=1157939200, shared=14696448, slab=100581376)
[frame_selection_agent@localhost:5012] 12/06/2026 20:36:08.339 --> frame_id=703f7642-844 DISCARDED (deleted from buffer). Discarded=644, Forwarded=288
[data_enhance_agent@localhost:5011] 12/06/2026 20:36:08.627 --> frame_id=e12637d7-fa8 enhanced and forwarded.
[frame_selection_agent@localhost:5012] 12/06/2026 20:36:08.781 --> frame_id=e0f7bdcf-b28 DISCARDED (deleted from buffer). Discarded=645, Forwarded=288
CPU: [47.1, 35.3, 42.7, 41.7]
[frame_selection_agent@localhost:5012] 12/06/2026 20:36:08.857 --> frame_id=19f6a988-358 DISCARDED (deleted from buffer). Discarded=646, Forwarded=288
RAM: svmem(total=17002643456, available=5164793856, percent=69.6, used=11837849600, free=4075962368, active=12011339776, inactive=551223296, buffers=60506112, cached=1157939200, shared=14696448, slab=100581376)
[data_enhance_agent@localhost:5011] 12/06/2026 20:36:09.139 --> frame_id=cea04bce-3f5 enhanced and forwarded.
[frame_selection_agent@localhost:5012] 12/06/2026 20:36:09.642 --> frame_id=800591b7-26a DISCARDED (deleted from buffer). Discarded=647, Forwarded=288
CPU: [47.9, 54.5, 51.0, 47.5]
RAM: svmem(total=17002643456, available=5165219840, percent=69.6, used=11837423616, free=4076388352, active=12011339776, inactive=551223296, buffers=60522496, cached=1157939200, shared=14696448, slab=100581376)
CPU: [46.3, 45.0, 45.5, 45.0]
RAM: svmem(total=17002643456, available=5167661056, percent=69.6, used=11834982400, free=4078829568, active=12011339776, inactive=551223296, buffers=60522496, cached=1157939200, shared=14696448, slab=100581376)
[frame_selection_agent@localhost:5012] 12/06/2026 20:36:11.496 --> frame_id=a7ab2a48-1dd DISCARDED (deleted from buffer). Discarded=648, Forwarded=288
[frame_selection_agent@localhost:5012] 12/06/2026 20:36:11.524 --> frame_id=975a2e99-4f0 DISCARDED (deleted from buffer). Discarded=649, Forwarded=288
[frame_selection_agent@localhost:5012] 12/06/2026 20:36:11.695 --> frame_id=742a23d6-4ad DISCARDED (deleted from buffer). Discarded=650, Forwarded=288
[frame_selection_agent@localhost:5012] 12/06/2026 20:36:11.698 --> [BATCH READY] Sent animal_id=49 to Predict!
CPU: [44.8, 48.0, 42.9, 46.6]
RAM: svmem(total=17002643456, available=5196021760, percent=69.4, used=11806621696, free=4107173888, active=11977293824, inactive=551239680, buffers=60522496, cached=1157939200, shared=14696448, slab=100581376)
[frame_selection_agent@localhost:5012] 12/06/2026 20:36:12.236 --> frame_id=0661bc82-41e SUITABLE. Discarded=650, Forwarded=289
CPU: [53.0, 54.9, 57.0, 55.2]
RAM: svmem(total=17002643456, available=5205688320, percent=69.4, used=11796955136, free=4116840448, active=11973705728, inactive=551239680, buffers=60522496, cached=1157939200, shared=14696448, slab=100581376)
[frame_selection_agent@localhost:5012] 12/06/2026 20:36:13.571 --> frame_id=117553cc-481 SUITABLE. Discarded=650, Forwarded=290
CPU: [45.5, 42.3, 42.7, 44.1]
RAM: svmem(total=17002643456, available=5215813632, percent=69.3, used=11786829824, free=4126965760, active=11973705728, inactive=551239680, buffers=60522496, cached=1157939200, shared=14696448, slab=100581376)
CPU: [45.5, 44.9, 42.7, 42.3]
RAM: svmem(total=17002643456, available=5229314048, percent=69.2, used=11773329408, free=4140466176, active=11975245824, inactive=551239680, buffers=60522496, cached=1157939200, shared=14696448, slab=100581376)
CPU: [43.0, 41.7, 45.5, 44.0][frame_selection_agent@localhost:5012] 12/06/2026 20:36:15.991 --> frame_id=69f2777f-15a SUITABLE. Discarded=650, Forwarded=291

RAM: svmem(total=17002643456, available=5227659264, percent=69.3, used=11774984192, free=4138811392, active=12005212160, inactive=551239680, buffers=60522496, cached=1157939200, shared=14696448, slab=100581376)
CPU: [45.7, 49.5, 46.9, 45.5]
[frame_selection_agent@localhost:5012] 12/06/2026 20:36:17.088 --> frame_id=2448da5f-407 SUITABLE. Discarded=650, Forwarded=292
[frame_selection_agent@localhost:5012] 12/06/2026 20:36:17.091 --> frame_id=1904d57f-d67 SUITABLE. Discarded=650, Forwarded=293
[frame_selection_agent@localhost:5012] 12/06/2026 20:36:17.171 --> frame_id=894f126f-fe5 SUITABLE. Discarded=650, Forwarded=294
RAM: svmem(total=17002643456, available=5238603776, percent=69.2, used=11764039680, free=4149755904, active=12006883328, inactive=551239680, buffers=60522496, cached=1157939200, shared=14696448, slab=100548608)
[data_enhance_agent@localhost:5011] 12/06/2026 20:36:17.763 --> frame_id=1b977c03-b0c enhanced and forwarded.
[data_enhance_agent@localhost:5011] 12/06/2026 20:36:17.930 --> frame_id=525eaaf5-1bf enhanced and forwarded.
[frame_selection_agent@localhost:5012] 12/06/2026 20:36:17.959 --> frame_id=5034ebbf-913 DISCARDED (deleted from buffer). Discarded=651, Forwarded=294
CPU: [45.8, 39.4, 36.6, 42.9]
[data_enhance_agent@localhost:5011] 12/06/2026 20:36:18.270 --> frame_id=18579963-019 enhanced and forwarded.
RAM: svmem(total=17002643456, available=5243912192, percent=69.2, used=11758731264, free=4155064320, active=12007260160, inactive=551239680, buffers=60522496, cached=1157939200, shared=14696448, slab=100548608)
[data_enhance_agent@localhost:5011] 12/06/2026 20:36:18.418 --> frame_id=8cfbbd20-1a3 enhanced and forwarded.
[data_enhance_agent@localhost:5011] 12/06/2026 20:36:18.553 --> frame_id=92182ae2-bee enhanced and forwarded.
[data_enhance_agent@localhost:5011] 12/06/2026 20:36:18.869 --> frame_id=8227f162-d51 enhanced and forwarded.
[data_enhance_agent@localhost:5011] 12/06/2026 20:36:18.918 --> frame_id=dda69bfa-1eb enhanced and forwarded.
[data_enhance_agent@localhost:5011] 12/06/2026 20:36:18.924 --> frame_id=5d703697-908 enhanced and forwarded.
CPU: [50.0, 45.0, 42.6, 53.5]
RAM: svmem(total=17002643456, available=5250777088, percent=69.1, used=11751866368, free=4161929216, active=12007260160, inactive=551239680, buffers=60522496, cached=1157939200, shared=14696448, slab=100548608)
[capture_agent@localhost:5010] 12/06/2026 20:36:19.349 --> [RESTART] Animal 77/100 entering scale.
CPU: [54.4, 52.9, 54.1, 52.5]
[frame_selection_agent@localhost:5012] 12/06/2026 20:36:20.307 --> [SYNC] Expected 20 frames for animal 62
RAM: svmem(total=17002643456, available=5255233536, percent=69.1, used=11747409920, free=4166385664, active=12007260160, inactive=551239680, buffers=60522496, cached=1157939200, shared=14696448, slab=100679680)
[data_enhance_agent@localhost:5011] 12/06/2026 20:36:21.021 --> frame_id=278e66f9-84f enhanced and forwarded.
CPU: [46.5, 43.6, 40.0, 38.6]
[predict_weight_agent@localhost:5013] 12/06/2026 20:36:21.313 --> [BATCH INFERENCE] Running full network on 4 frames for animal 42
RAM: svmem(total=17002643456, available=5252743168, percent=69.1, used=11749900288, free=4163895296, active=12020973568, inactive=551239680, buffers=60522496, cached=1157939200, shared=14696448, slab=100679680)
[frame_selection_agent@localhost:5012] 12/06/2026 20:36:21.913 --> frame_id=bfab5678-ebe DISCARDED (deleted from buffer). Discarded=652, Forwarded=294
[frame_selection_agent@localhost:5012] 12/06/2026 20:36:21.917 --> frame_id=7f2119e9-54a DISCARDED (deleted from buffer). Discarded=653, Forwarded=294
[frame_selection_agent@localhost:5012] 12/06/2026 20:36:21.923 --> frame_id=31c05d70-390 DISCARDED (deleted from buffer). Discarded=654, Forwarded=294
[frame_selection_agent@localhost:5012] 12/06/2026 20:36:21.926 --> frame_id=1571ed68-f6d DISCARDED (deleted from buffer). Discarded=655, Forwarded=294
CPU: [68.3, 63.6, 70.0, 67.3]
RAM: svmem(total=17002643456, available=5291442176, percent=68.9, used=11711201280, free=4202594304, active=11973820416, inactive=551239680, buffers=60555264, cached=1157939200, shared=14696448, slab=100679680)
[frame_selection_agent@localhost:5012] 12/06/2026 20:36:23.118 --> [SYNC] Expected 20 frames for animal 63
CPU: [59.6, 61.5, 59.8, 63.0]
RAM: svmem(total=17002643456, available=5300453376, percent=68.8, used=11702190080, free=4211589120, active=11973820416, inactive=551272448, buffers=60555264, cached=1157906432, shared=14696448, slab=100646912)
[frame_selection_agent@localhost:5012] 12/06/2026 20:36:23.479 --> [SYNC] Expected 16 frames for animal 64
[predict_weight_agent@localhost:5013] 12/06/2026 20:36:23.493 --> [BATCH INFERENCE] Running full network on 6 frames for animal 43
[frame_selection_agent@localhost:5012] 12/06/2026 20:36:23.717 --> frame_id=713c8dec-8ab DISCARDED (deleted from buffer). Discarded=656, Forwarded=294
CPU: [52.0, 47.9, 51.1, 52.9]
while handling timed call
Traceback (most recent call last):
  File "/home/ewertonsjp/.pyenv/versions/cv_vend_mas/lib/python3.12/site-packages/twisted/internet/base.py", line 1105, in runUntilCurrent
    call.func(*call.args, **call.kw)
  File "/home/ewertonsjp/projects/cv-system/mas/pade/core/new_ams.py", line 80, in on_time
    self.agent.agentInstance.table.pop(agent_name)
builtins.KeyError: 'capture_agent@localhost:5010'

RAM: svmem(total=17002643456, available=5261869056, percent=69.1, used=11740774400, free=4173004800, active=12037455872, inactive=551272448, buffers=60555264, cached=1157906432, shared=14696448, slab=100646912)
CPU: [48.5, 46.9, 48.0, 50.0]
RAM: svmem(total=17002643456, available=5259902976, percent=69.1, used=11742740480, free=4171038720, active=12037455872, inactive=551272448, buffers=60555264, cached=1157906432, shared=14696448, slab=100646912)
[frame_selection_agent@localhost:5012] 12/06/2026 20:36:26.140 --> frame_id=8f6605e7-882 DISCARDED (deleted from buffer). Discarded=657, Forwarded=294
CPU: [53.9, 53.4, 54.0, 52.5]
RAM: svmem(total=17002643456, available=5250072576, percent=69.1, used=11752570880, free=4161208320, active=12048138240, inactive=551272448, buffers=60555264, cached=1157906432, shared=14696448, slab=100646912)
CPU: [53.3, 55.0, 54.5, 55.0]
RAM: svmem(total=17002643456, available=5076320256, percent=70.1, used=11926323200, free=3987456000, active=12182929408, inactive=551272448, buffers=60555264, cached=1157906432, shared=14696448, slab=100646912)
[frame_selection_agent@localhost:5012] 12/06/2026 20:36:28.156 --> frame_id=ac23d5ce-cea DISCARDED (deleted from buffer). Discarded=658, Forwarded=294
CPU: [43.0, 49.0, 43.1, 42.6]
[predict_weight_agent@localhost:5013] 12/06/2026 20:36:28.414 --> [FINAL] Animal 41 completed. Mean weight: 16.0062 kg
[frame_selection_agent@localhost:5012] 12/06/2026 20:36:28.418 --> frame_id=dc94c498-e20 DISCARDED (deleted from buffer). Discarded=659, Forwarded=294
[data_enhance_agent@localhost:5011] 12/06/2026 20:36:28.482 --> frame_id=3f31d6c2-35e enhanced and forwarded.
RAM: svmem(total=17002643456, available=5160960000, percent=69.6, used=11841683456, free=4072095744, active=12007522304, inactive=551272448, buffers=60571648, cached=1157906432, shared=14696448, slab=100646912)
[data_enhance_agent@localhost:5011] 12/06/2026 20:36:28.890 --> frame_id=3c3511b0-e59 enhanced and forwarded.
CPU: [56.4, 46.5, 50.0, 49.0]
RAM: svmem(total=17002643456, available=5167202304, percent=69.6, used=11835441152, free=4078338048, active=12007522304, inactive=551272448, buffers=60571648, cached=1157906432, shared=14696448, slab=100646912)
CPU: [46.5, 44.2, 42.7, 47.5]
RAM: svmem(total=17002643456, available=5173116928, percent=69.6, used=11829526528, free=4084252672, active=12007522304, inactive=551272448, buffers=60571648, cached=1157906432, shared=14696448, slab=100646912)
[frame_selection_agent@localhost:5012] 12/06/2026 20:36:30.703 --> frame_id=6369aa51-c92 DISCARDED (deleted from buffer). Discarded=660, Forwarded=294
[frame_selection_agent@localhost:5012] 12/06/2026 20:36:30.925 --> frame_id=7cb963ec-a78 DISCARDED (deleted from buffer). Discarded=661, Forwarded=294
[data_enhance_agent@localhost:5011] 12/06/2026 20:36:31.000 --> frame_id=362ae311-fc9 enhanced and forwarded.
[frame_selection_agent@localhost:5012] 12/06/2026 20:36:31.235 --> frame_id=15c07f3b-38c DISCARDED (deleted from buffer). Discarded=662, Forwarded=294
[data_enhance_agent@localhost:5011] 12/06/2026 20:36:31.452 --> frame_id=444aeaae-dd9 enhanced and forwarded.
CPU: [33.3, 27.5, 45.5, 32.0]
RAM: svmem(total=17002643456, available=5175541760, percent=69.6, used=11827101696, free=4086661120, active=12014616576, inactive=551288832, buffers=60571648, cached=1157906432, shared=14696448, slab=100646912)
[data_enhance_agent@localhost:5011] 12/06/2026 20:36:31.695 --> frame_id=042e5bc8-9a6 enhanced and forwarded.
[predict_weight_agent@localhost:5013] 12/06/2026 20:36:31.726 --> [FINAL] Animal 42 completed. Mean weight: 16.0062 kg
[data_enhance_agent@localhost:5011] 12/06/2026 20:36:31.835 --> frame_id=4740f194-7d5 enhanced and forwarded.
[data_enhance_agent@localhost:5011] 12/06/2026 20:36:32.134 --> frame_id=2cecaba6-9eb enhanced and forwarded.
[data_enhance_agent@localhost:5011] 12/06/2026 20:36:32.175 --> frame_id=74d42077-104 enhanced and forwarded.
[capture_agent@localhost:5010] 12/06/2026 20:36:32.350 --> [RESTART] Animal 78/100 entering scale.
[frame_selection_agent@localhost:5012] 12/06/2026 20:36:32.471 --> frame_id=0aeb7d12-e30 DISCARDED (deleted from buffer). Discarded=663, Forwarded=294
[data_enhance_agent@localhost:5011] 12/06/2026 20:36:32.504 --> frame_id=24ac8226-61c enhanced and forwarded.
CPU: [31.1, 44.7, 34.7, 41.7]
RAM: svmem(total=17002643456, available=5234212864, percent=69.2, used=11768430592, free=4145332224, active=11974000640, inactive=551288832, buffers=60571648, cached=1157906432, shared=14696448, slab=100646912)
[frame_selection_agent@localhost:5012] 12/06/2026 20:36:32.734 --> frame_id=26f6668a-bcc DISCARDED (deleted from buffer). Discarded=664, Forwarded=294
[frame_selection_agent@localhost:5012] 12/06/2026 20:36:32.740 --> [BATCH READY] Sent animal_id=50 to Predict!
[data_enhance_agent@localhost:5011] 12/06/2026 20:36:32.861 --> frame_id=70df0583-5c0 enhanced and forwarded.
CPU: [53.7, 51.9, 56.3, 56.6]
RAM: svmem(total=17002643456, available=5238947840, percent=69.2, used=11763695616, free=4150067200, active=11974017024, inactive=551288832, buffers=60571648, cached=1157906432, shared=14696448, slab=100646912)
CPU: [43.1, 42.0, 43.4, 40.8]
RAM: svmem(total=17002643456, available=5242519552, percent=69.2, used=11760123904, free=4153638912, active=11974017024, inactive=551288832, buffers=60571648, cached=1157906432, shared=14696448, slab=100646912)
RAM: svmem(total=17002643456, available=5250301952, percent=69.1, used=11752341504, free=4161421312, active=11976556544, inactive=551288832, buffers=60571648, cached=1157906432, shared=14696448, slab=100646912)
CPU: [43.3, 44.9, 44.6, 43.8]
[frame_selection_agent@localhost:5012] 12/06/2026 20:36:35.868 --> frame_id=16a5e62f-5ff SUITABLE. Discarded=664, Forwarded=295
[data_enhance_agent@localhost:5011] 12/06/2026 20:36:36.218 --> frame_id=0fdbb96e-512 enhanced and forwarded.
RAM: svmem(total=17002643456, available=5246664704, percent=69.1, used=11755978752, free=4157767680, active=11994824704, inactive=551305216, buffers=60571648, cached=1157922816, shared=14696448, slab=100646912)
CPU: [46.9, 45.0, 42.7, 42.9]
RAM: svmem(total=17002643456, available=5230706688, percent=69.2, used=11771936768, free=4141809664, active=12035457024, inactive=551305216, buffers=60571648, cached=1157922816, shared=14696448, slab=100646912)
CPU: [43.0, 47.1, 43.0, 45.4]
[frame_selection_agent@localhost:5012] 12/06/2026 20:36:37.864 --> frame_id=9746d129-2e0 SUITABLE. Discarded=664, Forwarded=296
[frame_selection_agent@localhost:5012] 12/06/2026 20:36:37.930 --> frame_id=c3626fca-597 SUITABLE. Discarded=664, Forwarded=297
[frame_selection_agent@localhost:5012] 12/06/2026 20:36:38.181 --> frame_id=0f799f9a-c73 SUITABLE. Discarded=664, Forwarded=298
[data_enhance_agent@localhost:5011] 12/06/2026 20:36:38.259 --> frame_id=d39ba480-765 enhanced and forwarded.
RAM: svmem(total=17002643456, available=5272125440, percent=69.0, used=11730518016, free=4183228416, active=11995086848, inactive=551305216, buffers=60571648, cached=1157922816, shared=14696448, slab=100646912)
CPU: [43.0, 46.5, 56.7, 42.7]
RAM: svmem(total=17002643456, available=5278253056, percent=69.0, used=11724390400, free=4189356032, active=11995086848, inactive=551305216, buffers=60571648, cached=1157922816, shared=14696448, slab=100646912)
CPU: [47.1, 47.6, 45.6, 46.5]
[frame_selection_agent@localhost:5012] 12/06/2026 20:36:40.230 --> frame_id=593f823b-d2b SUITABLE. Discarded=664, Forwarded=299
[data_enhance_agent@localhost:5011] 12/06/2026 20:36:40.529 --> frame_id=726818c6-e9c enhanced and forwarded.
[frame_selection_agent@localhost:5012] 12/06/2026 20:36:40.801 --> frame_id=4c06565f-e8e DISCARDED (deleted from buffer). Discarded=665, Forwarded=299
RAM: svmem(total=17002643456, available=5272371200, percent=69.0, used=11730272256, free=4183474176, active=12011847680, inactive=551305216, buffers=60571648, cached=1157922816, shared=14696448, slab=100646912)
CPU: [37.1, 49.0, 39.4, 35.1]
[frame_selection_agent@localhost:5012] 12/06/2026 20:36:40.978 --> frame_id=1de0fc8f-967 DISCARDED (deleted from buffer). Discarded=666, Forwarded=299
[frame_selection_agent@localhost:5012] 12/06/2026 20:36:40.981 --> frame_id=73c32c54-182 DISCARDED (deleted from buffer). Discarded=667, Forwarded=299
[frame_selection_agent@localhost:5012] 12/06/2026 20:36:41.244 --> frame_id=9867b224-407 DISCARDED (deleted from buffer). Discarded=668, Forwarded=299
[data_enhance_agent@localhost:5011] 12/06/2026 20:36:41.344 --> frame_id=71ad514a-87f enhanced and forwarded.
[data_enhance_agent@localhost:5011] 12/06/2026 20:36:41.684 --> frame_id=2862f43c-38a enhanced and forwarded.
RAM: svmem(total=17002643456, available=5312724992, percent=68.8, used=11689918464, free=4223827968, active=11974148096, inactive=551305216, buffers=60588032, cached=1157922816, shared=14696448, slab=100646912)
[frame_selection_agent@localhost:5012] 12/06/2026 20:36:41.841 --> frame_id=2e2342d5-adf DISCARDED (deleted from buffer). Discarded=669, Forwarded=299
CPU: [38.2, 47.5, 38.4, 46.4]
[data_enhance_agent@localhost:5011] 12/06/2026 20:36:42.170 --> frame_id=9d240fa8-13b enhanced and forwarded.
[data_enhance_agent@localhost:5011] 12/06/2026 20:36:42.349 --> frame_id=faad7d60-fdf enhanced and forwarded.
[data_enhance_agent@localhost:5011] 12/06/2026 20:36:42.627 --> frame_id=b34bd608-2e7 enhanced and forwarded.
[data_enhance_agent@localhost:5011] 12/06/2026 20:36:42.710 --> frame_id=e2328869-f3b enhanced and forwarded.
RAM: svmem(total=17002643456, available=5312462848, percent=68.8, used=11690180608, free=4223549440, active=11974148096, inactive=551321600, buffers=60588032, cached=1157922816, shared=14696448, slab=100646912)
CPU: [33.3, 34.0, 40.4, 43.7]
[data_enhance_agent@localhost:5011] 12/06/2026 20:36:43.042 --> frame_id=cd395b07-7ac enhanced and forwarded.
RAM: svmem(total=17002643456, available=5315543040, percent=68.7, used=11687100416, free=4226629632, active=11974148096, inactive=551321600, buffers=60588032, cached=1157922816, shared=14696448, slab=100646912)
CPU: [47.5, 44.8, 49.5, 49.0]
while handling timed call
Traceback (most recent call last):
  File "/home/ewertonsjp/.pyenv/versions/cv_vend_mas/lib/python3.12/site-packages/twisted/internet/base.py", line 1105, in runUntilCurrent
    call.func(*call.args, **call.kw)
  File "/home/ewertonsjp/projects/cv-system/mas/pade/core/new_ams.py", line 80, in on_time
    self.agent.agentInstance.table.pop(agent_name)
builtins.KeyError: 'capture_agent@localhost:5010'

RAM: svmem(total=17002643456, available=5317033984, percent=68.7, used=11685609472, free=4228120576, active=11974148096, inactive=551321600, buffers=60588032, cached=1157922816, shared=14696448, slab=100646912)
CPU: [45.5, 44.1, 44.1, 39.8]
[frame_selection_agent@localhost:5012] 12/06/2026 20:36:45.415 --> frame_id=792e8177-521 DISCARDED (deleted from buffer). Discarded=670, Forwarded=299
[capture_agent@localhost:5010] 12/06/2026 20:36:45.589 --> [RESTART] Animal 79/100 entering scale.
RAM: svmem(total=17002643456, available=5311102976, percent=68.8, used=11691540480, free=4222189568, active=11993448448, inactive=551321600, buffers=60588032, cached=1157922816, shared=14696448, slab=100646912)
CPU: [44.9, 47.2, 48.0, 48.0]
RAM: svmem(total=17002643456, available=5276467200, percent=69.0, used=11726176256, free=4187537408, active=12035080192, inactive=551337984, buffers=60604416, cached=1157922816, shared=14696448, slab=100646912)
CPU: [44.8, 44.0, 45.9, 45.1]
[frame_selection_agent@localhost:5012] 12/06/2026 20:36:47.043 --> frame_id=3150065e-35a DISCARDED (deleted from buffer). Discarded=671, Forwarded=299
[frame_selection_agent@localhost:5012] 12/06/2026 20:36:47.092 --> frame_id=2bc49563-772 DISCARDED (deleted from buffer). Discarded=672, Forwarded=299
[frame_selection_agent@localhost:5012] 12/06/2026 20:36:47.291 --> frame_id=13b2624e-6c0 DISCARDED (deleted from buffer). Discarded=673, Forwarded=299
RAM: svmem(total=17002643456, available=5311660032, percent=68.8, used=11690983424, free=4222730240, active=11995103232, inactive=551337984, buffers=60604416, cached=1157922816, shared=14696448, slab=100646912)
CPU: [51.9, 51.0, 52.0, 51.9]
RAM: svmem(total=17002643456, available=5311660032, percent=68.8, used=11690983424, free=4222730240, active=11995103232, inactive=551337984, buffers=60604416, cached=1157922816, shared=14696448, slab=100646912)
CPU: [42.2, 43.7, 43.4, 42.2]
[frame_selection_agent@localhost:5012] 12/06/2026 20:36:49.541 --> frame_id=5f67b666-2aa DISCARDED (deleted from buffer). Discarded=674, Forwarded=299
[frame_selection_agent@localhost:5012] 12/06/2026 20:36:49.596 --> frame_id=6b056825-c4f DISCARDED (deleted from buffer). Discarded=675, Forwarded=299
[data_enhance_agent@localhost:5011] 12/06/2026 20:36:49.938 --> frame_id=e38e5031-05d enhanced and forwarded.
RAM: svmem(total=17002643456, available=5298012160, percent=68.8, used=11704631296, free=4209082368, active=12009799680, inactive=551337984, buffers=60604416, cached=1157922816, shared=14696448, slab=100646912)
CPU: [43.3, 32.0, 33.3, 42.1]
[data_enhance_agent@localhost:5011] 12/06/2026 20:36:50.225 --> frame_id=d481239c-ca0 enhanced and forwarded.
[frame_selection_agent@localhost:5012] 12/06/2026 20:36:50.432 --> frame_id=63f17dac-cc8 DISCARDED (deleted from buffer). Discarded=676, Forwarded=299
[frame_selection_agent@localhost:5012] 12/06/2026 20:36:50.456 --> [BATCH READY] Sent animal_id=51 to Predict!
[data_enhance_agent@localhost:5011] 12/06/2026 20:36:50.876 --> frame_id=786eddf5-e25 enhanced and forwarded.
[data_enhance_agent@localhost:5011] 12/06/2026 20:36:50.881 --> frame_id=c8aa5d1b-602 enhanced and forwarded.
[frame_selection_agent@localhost:5012] 12/06/2026 20:36:50.895 --> frame_id=f59653da-dd1 SUITABLE. Discarded=676, Forwarded=300
RAM: svmem(total=17002643456, available=5326602240, percent=68.7, used=11676041216, free=4237672448, active=11974295552, inactive=551337984, buffers=60604416, cached=1157922816, shared=14696448, slab=100646912)
[data_enhance_agent@localhost:5011] 12/06/2026 20:36:51.089 --> frame_id=2dc1f9c3-43e enhanced and forwarded.
CPU: [51.0, 29.2, 43.3, 28.0]
[frame_selection_agent@localhost:5012] 12/06/2026 20:36:51.480 --> frame_id=02fa3857-b47 SUITABLE. Discarded=676, Forwarded=301
[data_enhance_agent@localhost:5011] 12/06/2026 20:36:51.483 --> frame_id=8ee7d707-d11 enhanced and forwarded.
[frame_selection_agent@localhost:5012] 12/06/2026 20:36:51.486 --> frame_id=43973690-96e SUITABLE. Discarded=676, Forwarded=302
[data_enhance_agent@localhost:5011] 12/06/2026 20:36:51.825 --> frame_id=0e290159-6c3 enhanced and forwarded.
[data_enhance_agent@localhost:5011] 12/06/2026 20:36:51.913 --> frame_id=b453dff8-c0e enhanced and forwarded.
[data_enhance_agent@localhost:5011] 12/06/2026 20:36:52.070 --> frame_id=8f5c8733-6d9 enhanced and forwarded.
RAM: svmem(total=17002643456, available=5326880768, percent=68.7, used=11675762688, free=4237950976, active=11974295552, inactive=551337984, buffers=60604416, cached=1157922816, shared=14696448, slab=100712448)
CPU: [32.1, 25.2, 47.6, 24.8]
[data_enhance_agent@localhost:5011] 12/06/2026 20:36:52.363 --> frame_id=fc6d1735-20f enhanced and forwarded.
[data_enhance_agent@localhost:5011] 12/06/2026 20:36:52.436 --> frame_id=99773423-9c8 enhanced and forwarded.
[data_enhance_agent@localhost:5011] 12/06/2026 20:36:52.825 --> frame_id=f92c03fb-2d5 enhanced and forwarded.
[data_enhance_agent@localhost:5011] 12/06/2026 20:36:52.907 --> frame_id=74a1b76a-684 enhanced and forwarded.
[data_enhance_agent@localhost:5011] 12/06/2026 20:36:53.070 --> frame_id=6dbb0fcf-b57 enhanced and forwarded.
RAM: svmem(total=17002643456, available=5329534976, percent=68.7, used=11673108480, free=4240588800, active=11974311936, inactive=551354368, buffers=60620800, cached=1157922816, shared=14696448, slab=100712448)
CPU: [45.6, 36.4, 28.4, 22.6]
[data_enhance_agent@localhost:5011] 12/06/2026 20:36:53.519 --> frame_id=81847fa0-4e7 enhanced and forwarded.
[data_enhance_agent@localhost:5011] 12/06/2026 20:36:53.530 --> frame_id=498d7b0b-108 enhanced and forwarded.
[data_enhance_agent@localhost:5011] 12/06/2026 20:36:53.736 --> frame_id=ffcd099b-a1b enhanced and forwarded.
[data_enhance_agent@localhost:5011] 12/06/2026 20:36:53.981 --> frame_id=69ce4df1-372 enhanced and forwarded.
[data_enhance_agent@localhost:5011] 12/06/2026 20:36:54.016 --> frame_id=f2694d57-561 enhanced and forwarded.
[data_enhance_agent@localhost:5011] 12/06/2026 20:36:54.025 --> frame_id=c4e23da9-125 enhanced and forwarded.
RAM: svmem(total=17002643456, available=5329895424, percent=68.7, used=11672748032, free=4240949248, active=11974311936, inactive=551354368, buffers=60620800, cached=1157922816, shared=14696448, slab=100712448)
CPU: [41.7, 47.6, 49.0, 46.5]
RAM: svmem(total=17002643456, available=5330124800, percent=68.7, used=11672518656, free=4241178624, active=11974328320, inactive=551354368, buffers=60620800, cached=1157922816, shared=14696448, slab=100712448)
CPU: [65.3, 62.4, 65.6, 64.4]
RAM: svmem(total=17002643456, available=5327175680, percent=68.7, used=11675467776, free=4238229504, active=11984011264, inactive=551354368, buffers=60620800, cached=1157922816, shared=14696448, slab=100712448)
[frame_selection_agent@localhost:5012] 12/06/2026 20:36:56.378 --> frame_id=f4958209-87d SUITABLE. Discarded=676, Forwarded=303
CPU: [44.1, 48.5, 50.0, 51.0]
RAM: svmem(total=17002643456, available=5308497920, percent=68.8, used=11694145536, free=4219551744, active=12005343232, inactive=551354368, buffers=60620800, cached=1157922816, shared=14696448, slab=100712448)
CPU: [51.1, 54.8, 48.9, 48.0]
[frame_selection_agent@localhost:5012] 12/06/2026 20:36:57.976 --> frame_id=0e9b727f-91a DISCARDED (deleted from buffer). Discarded=677, Forwarded=303
[frame_selection_agent@localhost:5012] 12/06/2026 20:36:58.079 --> frame_id=ea2228bc-baa SUITABLE. Discarded=677, Forwarded=304
[frame_selection_agent@localhost:5012] 12/06/2026 20:36:58.238 --> frame_id=ef4d2565-b3a SUITABLE. Discarded=677, Forwarded=305
RAM: svmem(total=17002643456, available=5330337792, percent=68.6, used=11672305664, free=4241391616, active=11974475776, inactive=551354368, buffers=60637184, cached=1157922816, shared=14696448, slab=100712448)
CPU: [53.5, 56.3, 56.0, 55.8]
[capture_agent@localhost:5010] 12/06/2026 20:36:58.814 --> [RESTART] Animal 80/100 entering scale.
RAM: svmem(total=17002643456, available=5302321152, percent=68.8, used=11700322304, free=4213358592, active=12002770944, inactive=551370752, buffers=60637184, cached=1157922816, shared=14696448, slab=100712448)
CPU: [56.6, 55.7, 57.5, 56.3]
RAM: svmem(total=17002643456, available=5301846016, percent=68.8, used=11700797440, free=4212883456, active=12002902016, inactive=551370752, buffers=60637184, cached=1157922816, shared=14696448, slab=100712448)
CPU: [41.1, 45.4, 47.1, 43.7]
[frame_selection_agent@localhost:5012] 12/06/2026 20:37:00.998 --> frame_id=839702e8-ed2 DISCARDED (deleted from buffer). Discarded=678, Forwarded=305
RAM: svmem(total=17002643456, available=5265948672, percent=69.0, used=11736694784, free=4176986112, active=12032950272, inactive=551370752, buffers=60637184, cached=1157922816, shared=14696448, slab=100712448)
CPU: [47.1, 50.5, 51.4, 50.5]
[frame_selection_agent@localhost:5012] 12/06/2026 20:37:01.605 --> frame_id=529f258c-6a3 DISCARDED (deleted from buffer). Discarded=679, Forwarded=305
[frame_selection_agent@localhost:5012] 12/06/2026 20:37:02.180 --> frame_id=7eef2fb4-68f DISCARDED (deleted from buffer). Discarded=680, Forwarded=305
RAM: svmem(total=17002643456, available=5095391232, percent=70.0, used=11907252224, free=4006428672, active=12145655808, inactive=551370752, buffers=60637184, cached=1157922816, shared=14696448, slab=100712448)
CPU: [45.9, 50.0, 53.8, 47.0]
[data_enhance_agent@localhost:5011] 12/06/2026 20:37:02.702 --> frame_id=ce8f3383-e09 enhanced and forwarded.
[data_enhance_agent@localhost:5011] 12/06/2026 20:37:03.007 --> frame_id=ed953e28-5ba enhanced and forwarded.
[frame_selection_agent@localhost:5012] 12/06/2026 20:37:03.138 --> frame_id=53247965-fcd DISCARDED (deleted from buffer). Discarded=681, Forwarded=305
[frame_selection_agent@localhost:5012] 12/06/2026 20:37:03.216 --> frame_id=647d3f16-79c DISCARDED (deleted from buffer). Discarded=682, Forwarded=305
[predict_weight_agent@localhost:5013] 12/06/2026 20:37:03.256 --> [FINAL] Animal 43 completed. Mean weight: 16.0062 kg
RAM: svmem(total=17002643456, available=5040455680, percent=70.4, used=11962187776, free=3951493120, active=12170313728, inactive=551370752, buffers=60653568, cached=1157922816, shared=14696448, slab=100712448)
CPU: [48.0, 39.6, 33.3, 34.7]
[data_enhance_agent@localhost:5011] 12/06/2026 20:37:03.882 --> frame_id=d04ad43c-06c enhanced and forwarded.
[data_enhance_agent@localhost:5011] 12/06/2026 20:37:03.911 --> frame_id=754c0bc2-c1a enhanced and forwarded.
RAM: svmem(total=17002643456, available=5040488448, percent=70.4, used=11962155008, free=3951509504, active=12174196736, inactive=551387136, buffers=60653568, cached=1157939200, shared=14696448, slab=100728832)
while handling timed call
Traceback (most recent call last):
  File "/home/ewertonsjp/.pyenv/versions/cv_vend_mas/lib/python3.12/site-packages/twisted/internet/base.py", line 1105, in runUntilCurrent
    call.func(*call.args, **call.kw)
  File "/home/ewertonsjp/projects/cv-system/mas/pade/core/new_ams.py", line 80, in on_time
    self.agent.agentInstance.table.pop(agent_name)
builtins.KeyError: 'capture_agent@localhost:5010'

CPU: [41.4, 41.4, 42.0, 41.8]
[data_enhance_agent@localhost:5011] 12/06/2026 20:37:05.196 --> frame_id=fdd9b88d-906 enhanced and forwarded.
[frame_selection_agent@localhost:5012] 12/06/2026 20:37:05.203 --> frame_id=c2b51dc5-9f4 DISCARDED (deleted from buffer). Discarded=683, Forwarded=305
RAM: svmem(total=17002643456, available=5019123712, percent=70.5, used=11983519744, free=3930144768, active=12199084032, inactive=551387136, buffers=60653568, cached=1157922816, shared=14696448, slab=100646912)
CPU: [47.2, 35.2, 34.0, 28.0]
[data_enhance_agent@localhost:5011] 12/06/2026 20:37:06.059 --> frame_id=2d73bac7-0d8 enhanced and forwarded.
RAM: svmem(total=17002643456, available=5209341952, percent=69.4, used=11793301504, free=4120346624, active=12012191744, inactive=551403520, buffers=60653568, cached=1157939200, shared=14696448, slab=100646912)
[predict_weight_agent@localhost:5013] 12/06/2026 20:37:06.553 --> [BATCH INFERENCE] Running full network on 6 frames for animal 44
CPU: [26.4, 29.6, 33.3, 39.3]
[frame_selection_agent@localhost:5012] 12/06/2026 20:37:06.902 --> [SYNC] Expected 19 frames for animal 65
RAM: svmem(total=17002643456, available=5209538560, percent=69.4, used=11793104896, free=4120559616, active=12016222208, inactive=551403520, buffers=60653568, cached=1157922816, shared=14696448, slab=100564992)
CPU: [52.8, 42.3, 42.1, 47.1]
[frame_selection_agent@localhost:5012] 12/06/2026 20:37:08.144 --> [SYNC] Expected 20 frames for animal 66
RAM: svmem(total=17002643456, available=5253087232, percent=69.1, used=11749556224, free=4164108288, active=11974770688, inactive=551403520, buffers=60653568, cached=1157922816, shared=14696448, slab=100499456)
[data_enhance_agent@localhost:5011] 12/06/2026 20:37:08.686 --> frame_id=6e3defa3-345 enhanced and forwarded.
[data_enhance_agent@localhost:5011] 12/06/2026 20:37:08.694 --> frame_id=9b6216ba-220 enhanced and forwarded.
[data_enhance_agent@localhost:5011] 12/06/2026 20:37:08.702 --> frame_id=ab9e23f4-43d enhanced and forwarded.
[data_enhance_agent@localhost:5011] 12/06/2026 20:37:08.726 --> frame_id=28c1acf1-20f enhanced and forwarded.
[data_enhance_agent@localhost:5011] 12/06/2026 20:37:08.752 --> frame_id=4400c8a8-1c9 enhanced and forwarded.
[data_enhance_agent@localhost:5011] 12/06/2026 20:37:08.812 --> frame_id=35b3d49c-cd0 enhanced and forwarded.
[data_enhance_agent@localhost:5011] 12/06/2026 20:37:08.968 --> frame_id=356388aa-eaf enhanced and forwarded.
[data_enhance_agent@localhost:5011] 12/06/2026 20:37:08.977 --> frame_id=55c485db-200 enhanced and forwarded.
[frame_selection_agent@localhost:5012] 12/06/2026 20:37:08.982 --> frame_id=8eb41f51-a11 DISCARDED (deleted from buffer). Discarded=684, Forwarded=305
[frame_selection_agent@localhost:5012] 12/06/2026 20:37:08.984 --> frame_id=ea9cee0c-731 DISCARDED (deleted from buffer). Discarded=685, Forwarded=305
CPU: [37.9, 45.6, 56.6, 39.4]
[data_enhance_agent@localhost:5011] 12/06/2026 20:37:08.991 --> frame_id=61f5f493-c2e enhanced and forwarded.
[data_enhance_agent@localhost:5011] 12/06/2026 20:37:08.997 --> frame_id=732dfcbe-df2 enhanced and forwarded.
[data_enhance_agent@localhost:5011] 12/06/2026 20:37:09.003 --> frame_id=d60d33b1-088 enhanced and forwarded.
[data_enhance_agent@localhost:5011] 12/06/2026 20:37:09.030 --> frame_id=9e5358af-e14 enhanced and forwarded.
[frame_selection_agent@localhost:5012] 12/06/2026 20:37:09.038 --> frame_id=423e66fb-36e DISCARDED (deleted from buffer). Discarded=686, Forwarded=305
[data_enhance_agent@localhost:5011] 12/06/2026 20:37:09.375 --> frame_id=f00e4371-46a enhanced and forwarded.
[data_enhance_agent@localhost:5011] 12/06/2026 20:37:09.377 --> frame_id=396a99f1-01f enhanced and forwarded.
[data_enhance_agent@localhost:5011] 12/06/2026 20:37:09.398 --> frame_id=270cb1b3-f07 enhanced and forwarded.
RAM: svmem(total=17002643456, available=5265850368, percent=69.0, used=11736793088, free=4176871424, active=11974770688, inactive=551403520, buffers=60669952, cached=1157922816, shared=14696448, slab=100499456)
[data_enhance_agent@localhost:5011] 12/06/2026 20:37:09.582 --> frame_id=3d6fb11b-f12 enhanced and forwarded.
CPU: [61.9, 54.1, 52.0, 52.0]
RAM: svmem(total=17002643456, available=5272092672, percent=69.0, used=11730550784, free=4183113728, active=11974770688, inactive=551403520, buffers=60669952, cached=1157922816, shared=14696448, slab=100499456)
CPU: [46.9, 50.0, 48.0, 48.0]
RAM: svmem(total=17002643456, available=5279612928, percent=68.9, used=11723030528, free=4190633984, active=11974770688, inactive=551403520, buffers=60669952, cached=1157922816, shared=14696448, slab=100499456)
[frame_selection_agent@localhost:5012] 12/06/2026 20:37:11.857 --> frame_id=af8ef537-a4e DISCARDED (deleted from buffer). Discarded=687, Forwarded=305
CPU: [50.5, 52.5, 51.0, 53.4]
[capture_agent@localhost:5010] 12/06/2026 20:37:12.075 --> [RESTART] Animal 81/100 entering scale.
RAM: svmem(total=17002643456, available=5285183488, percent=68.9, used=11717459968, free=4196204544, active=11974770688, inactive=551403520, buffers=60669952, cached=1157922816, shared=14696448, slab=100499456)
[frame_selection_agent@localhost:5012] 12/06/2026 20:37:12.924 --> frame_id=357cd41e-022 DISCARDED (deleted from buffer). Discarded=688, Forwarded=305
CPU: [54.0, 55.9, 54.5, 53.9]
RAM: svmem(total=17002643456, available=5160845312, percent=69.6, used=11841798144, free=4071849984, active=12090687488, inactive=551419904, buffers=60669952, cached=1157922816, shared=14696448, slab=100499456)
[frame_selection_agent@localhost:5012] 12/06/2026 20:37:13.961 --> frame_id=86861772-24e DISCARDED (deleted from buffer). Discarded=689, Forwarded=305
CPU: [48.5, 53.8, 49.5, 52.5]
RAM: svmem(total=17002643456, available=5146836992, percent=69.7, used=11855806464, free=4057841664, active=12111773696, inactive=551419904, buffers=60669952, cached=1157922816, shared=14696448, slab=100499456)
CPU: [51.0, 46.5, 49.5, 50.5]
RAM: svmem(total=17002643456, available=5138972672, percent=69.8, used=11863670784, free=4049977344, active=12112248832, inactive=551419904, buffers=60669952, cached=1157922816, shared=14696448, slab=100499456)
CPU: [61.7, 31.7, 31.7, 33.0]
RAM: svmem(total=17002643456, available=5096456192, percent=70.0, used=11906187264, free=4007460864, active=12162809856, inactive=551419904, buffers=60669952, cached=1157922816, shared=14696448, slab=100499456)
CPU: [49.5, 44.1, 39.8, 45.8]
[frame_selection_agent@localhost:5012] 12/06/2026 20:37:17.365 --> frame_id=3d362d15-11d SUITABLE. Discarded=689, Forwarded=306
[frame_selection_agent@localhost:5012] 12/06/2026 20:37:17.379 --> frame_id=5ef28313-703 DISCARDED (deleted from buffer). Discarded=690, Forwarded=306
[frame_selection_agent@localhost:5012] 12/06/2026 20:37:17.387 --> [BATCH READY] Sent animal_id=52 to Predict!
[data_enhance_agent@localhost:5011] 12/06/2026 20:37:17.472 --> frame_id=2225f997-cdd enhanced and forwarded.
RAM: svmem(total=17002643456, available=4950966272, percent=70.9, used=12051677184, free=3861970944, active=12286738432, inactive=551419904, buffers=60669952, cached=1157922816, shared=14696448, slab=100499456)
[frame_selection_agent@localhost:5012] 12/06/2026 20:37:17.900 --> frame_id=1e89f72e-643 SUITABLE. Discarded=690, Forwarded=307
[data_enhance_agent@localhost:5011] 12/06/2026 20:37:17.989 --> frame_id=861b3587-5ef enhanced and forwarded.
CPU: [42.5, 32.4, 34.7, 32.7]
[data_enhance_agent@localhost:5011] 12/06/2026 20:37:18.535 --> frame_id=057ddcdd-c8b enhanced and forwarded.
[predict_weight_agent@localhost:5013] 12/06/2026 20:37:18.558 --> [FINAL] Animal 44 completed. Mean weight: 16.0062 kg
[data_enhance_agent@localhost:5011] 12/06/2026 20:37:18.575 --> frame_id=716772c6-438 enhanced and forwarded.
RAM: svmem(total=17002643456, available=5031657472, percent=70.4, used=11970985984, free=3942662144, active=12185616384, inactive=551419904, buffers=60669952, cached=1157922816, shared=14696448, slab=100499456)
[data_enhance_agent@localhost:5011] 12/06/2026 20:37:18.823 --> frame_id=8f81b26b-96a enhanced and forwarded.
[data_enhance_agent@localhost:5011] 12/06/2026 20:37:18.837 --> frame_id=7df7974b-9c8 enhanced and forwarded.
[data_enhance_agent@localhost:5011] 12/06/2026 20:37:18.961 --> frame_id=72fabded-b94 enhanced and forwarded.
[data_enhance_agent@localhost:5011] 12/06/2026 20:37:19.123 --> frame_id=dfe8769b-3c7 enhanced and forwarded.
CPU: [33.0, 23.0, 31.0, 39.4]
[frame_selection_agent@localhost:5012] 12/06/2026 20:37:19.349 --> frame_id=715d9b54-84f SUITABLE. Discarded=690, Forwarded=308
[data_enhance_agent@localhost:5011] 12/06/2026 20:37:19.398 --> frame_id=afa31d7d-cfc enhanced and forwarded.
[frame_selection_agent@localhost:5012] 12/06/2026 20:37:19.511 --> frame_id=e2648da7-488 SUITABLE. Discarded=690, Forwarded=309
[data_enhance_agent@localhost:5011] 12/06/2026 20:37:19.587 --> frame_id=034f1bf8-d7a enhanced and forwarded.
[data_enhance_agent@localhost:5011] 12/06/2026 20:37:19.633 --> frame_id=8706ac5a-648 enhanced and forwarded.
RAM: svmem(total=17002643456, available=5274075136, percent=69.0, used=11728568320, free=4185079808, active=11949670400, inactive=551419904, buffers=60669952, cached=1157922816, shared=14696448, slab=100499456)
[frame_selection_agent@localhost:5012] 12/06/2026 20:37:19.840 --> frame_id=23ff82e7-6e1 SUITABLE. Discarded=690, Forwarded=310
[data_enhance_agent@localhost:5011] 12/06/2026 20:37:20.244 --> frame_id=d384ad28-c77 enhanced and forwarded.
CPU: [56.9, 45.5, 44.2, 46.3]
RAM: svmem(total=17002643456, available=5318164480, percent=68.7, used=11684478976, free=4229169152, active=11908120576, inactive=551419904, buffers=60669952, cached=1157922816, shared=14696448, slab=100499456)
CPU: [45.0, 50.5, 47.4, 46.9]
RAM: svmem(total=17002643456, available=5323538432, percent=68.7, used=11679105024, free=4234543104, active=11908120576, inactive=551419904, buffers=60669952, cached=1157922816, shared=14696448, slab=100499456)
[frame_selection_agent@localhost:5012] 12/06/2026 20:37:21.963 --> frame_id=4269c127-787 DISCARDED (deleted from buffer). Discarded=691, Forwarded=310
[data_enhance_agent@localhost:5011] 12/06/2026 20:37:22.376 --> frame_id=7580ceca-8ce enhanced and forwarded.
CPU: [39.0, 46.0, 35.9, 37.5]
RAM: svmem(total=17002643456, available=5329698816, percent=68.7, used=11672944640, free=4240703488, active=11908120576, inactive=551419904, buffers=60702720, cached=1157922816, shared=14696448, slab=100499456)
[frame_selection_agent@localhost:5012] 12/06/2026 20:37:23.266 --> frame_id=b285e9b3-14b SUITABLE. Discarded=691, Forwarded=311
CPU: [45.4, 47.5, 48.5, 49.0]
[frame_selection_agent@localhost:5012] 12/06/2026 20:37:23.767 --> frame_id=55034a88-06e DISCARDED (deleted from buffer). Discarded=692, Forwarded=311
RAM: svmem(total=17002643456, available=5329862656, percent=68.7, used=11672780800, free=4240834560, active=11915804672, inactive=551452672, buffers=60702720, cached=1157922816, shared=14696448, slab=100499456)
CPU: [51.4, 49.5, 47.4, 50.5]
while handling timed call
Traceback (most recent call last):
  File "/home/ewertonsjp/.pyenv/versions/cv_vend_mas/lib/python3.12/site-packages/twisted/internet/base.py", line 1105, in runUntilCurrent
    call.func(*call.args, **call.kw)
  File "/home/ewertonsjp/projects/cv-system/mas/pade/core/new_ams.py", line 80, in on_time
    self.agent.agentInstance.table.pop(agent_name)
builtins.KeyError: 'capture_agent@localhost:5010'

RAM: svmem(total=17002643456, available=5321261056, percent=68.7, used=11681382400, free=4232232960, active=11938234368, inactive=551452672, buffers=60702720, cached=1157922816, shared=14696448, slab=100499456)
[capture_agent@localhost:5010] 12/06/2026 20:37:25.199 --> [RESTART] Animal 82/100 entering scale.
CPU: [43.7, 41.4, 42.7, 40.2]
RAM: svmem(total=17002643456, available=5322407936, percent=68.7, used=11680235520, free=4233379840, active=11938234368, inactive=551452672, buffers=60702720, cached=1157922816, shared=14696448, slab=100499456)
CPU: [40.2, 41.0, 43.9, 44.1]
RAM: svmem(total=17002643456, available=5318295552, percent=68.7, used=11684347904, free=4229267456, active=11953487872, inactive=551452672, buffers=60702720, cached=1157922816, shared=14696448, slab=100483072)
[frame_selection_agent@localhost:5012] 12/06/2026 20:37:27.029 --> frame_id=0409c665-9f1 DISCARDED (deleted from buffer). Discarded=693, Forwarded=311
[data_enhance_agent@localhost:5011] 12/06/2026 20:37:27.369 --> frame_id=9c95e379-752 enhanced and forwarded.
CPU: [43.7, 35.4, 40.6, 45.5]
RAM: svmem(total=17002643456, available=5281923072, percent=68.9, used=11720720384, free=4192894976, active=11993104384, inactive=551452672, buffers=60702720, cached=1157922816, shared=14696448, slab=100483072)
[frame_selection_agent@localhost:5012] 12/06/2026 20:37:27.950 --> frame_id=f3070369-b09 DISCARDED (deleted from buffer). Discarded=694, Forwarded=311
[frame_selection_agent@localhost:5012] 12/06/2026 20:37:27.962 --> frame_id=0f9bdf66-b42 DISCARDED (deleted from buffer). Discarded=695, Forwarded=311
[frame_selection_agent@localhost:5012] 12/06/2026 20:37:28.038 --> frame_id=ad6e49e4-519 DISCARDED (deleted from buffer). Discarded=696, Forwarded=311
[data_enhance_agent@localhost:5011] 12/06/2026 20:37:28.077 --> frame_id=df27c223-12e enhanced and forwarded.
[frame_selection_agent@localhost:5012] 12/06/2026 20:37:28.088 --> frame_id=27700e41-410 DISCARDED (deleted from buffer). Discarded=697, Forwarded=311
[frame_selection_agent@localhost:5012] 12/06/2026 20:37:28.367 --> frame_id=e5d1d3f3-9bf DISCARDED (deleted from buffer). Discarded=698, Forwarded=311
CPU: [51.5, 42.0, 41.0, 47.0][frame_selection_agent@localhost:5012] 12/06/2026 20:37:28.555 --> frame_id=5190125d-a1d DISCARDED (deleted from buffer). Discarded=699, Forwarded=311

[data_enhance_agent@localhost:5011] 12/06/2026 20:37:28.682 --> frame_id=b889eeab-7d5 enhanced and forwarded.
RAM: svmem(total=17002643456, available=5355601920, percent=68.5, used=11647041536, free=4266573824, active=11908251648, inactive=551452672, buffers=60719104, cached=1157922816, shared=14696448, slab=100483072)
[data_enhance_agent@localhost:5011] 12/06/2026 20:37:29.081 --> frame_id=b70cfc92-d9e enhanced and forwarded.
CPU: [48.5, 52.0, 53.1, 49.0]
RAM: svmem(total=17002643456, available=5357174784, percent=68.5, used=11645468672, free=4268146688, active=11908251648, inactive=551452672, buffers=60719104, cached=1157922816, shared=14696448, slab=100483072)
CPU: [40.4, 41.7, 45.6, 45.6]
RAM: svmem(total=17002643456, available=5360058368, percent=68.5, used=11642585088, free=4271030272, active=11908251648, inactive=551452672, buffers=60719104, cached=1157922816, shared=14696448, slab=100483072)
[frame_selection_agent@localhost:5012] 12/06/2026 20:37:31.062 --> frame_id=f351290f-98b DISCARDED (deleted from buffer). Discarded=700, Forwarded=311
CPU: [46.1, 50.0, 44.8, 45.5]
RAM: svmem(total=17002643456, available=5366431744, percent=68.4, used=11636211712, free=4277403648, active=11908251648, inactive=551452672, buffers=60719104, cached=1157922816, shared=14696448, slab=100483072)
[frame_selection_agent@localhost:5012] 12/06/2026 20:37:32.023 --> frame_id=43006976-e58 DISCARDED (deleted from buffer). Discarded=701, Forwarded=311
[frame_selection_agent@localhost:5012] 12/06/2026 20:37:32.470 --> frame_id=8e917ff0-bcb DISCARDED (deleted from buffer). Discarded=702, Forwarded=311
CPU: [44.7, 49.0, 47.9, 49.5]
RAM: svmem(total=17002643456, available=5350998016, percent=68.5, used=11651645440, free=4261953536, active=11938332672, inactive=551469056, buffers=60719104, cached=1157922816, shared=14696448, slab=100483072)
CPU: [44.9, 45.1, 44.3, 47.5]
RAM: svmem(total=17002643456, available=5349294080, percent=68.5, used=11653349376, free=4260249600, active=11939479552, inactive=551469056, buffers=60719104, cached=1157922816, shared=14696448, slab=100483072)
CPU: [41.6, 38.3, 42.9, 42.9]
RAM: svmem(total=17002643456, available=5348802560, percent=68.5, used=11653840896, free=4259758080, active=11941003264, inactive=551469056, buffers=60719104, cached=1157922816, shared=14696448, slab=100483072)
CPU: [44.7, 45.7, 44.0, 43.0]
[frame_selection_agent@localhost:5012] 12/06/2026 20:37:35.803 --> frame_id=c5a7d278-950 DISCARDED (deleted from buffer). Discarded=703, Forwarded=311
RAM: svmem(total=17002643456, available=5317230592, percent=68.7, used=11685412864, free=4228186112, active=11979636736, inactive=551469056, buffers=60719104, cached=1157922816, shared=14696448, slab=100483072)
[frame_selection_agent@localhost:5012] 12/06/2026 20:37:36.129 --> frame_id=0f40619b-f2c SUITABLE. Discarded=703, Forwarded=312
[data_enhance_agent@localhost:5011] 12/06/2026 20:37:36.387 --> frame_id=bcfb8761-f42 enhanced and forwarded.
[frame_selection_agent@localhost:5012] 12/06/2026 20:37:36.578 --> frame_id=6181e91b-a7d SUITABLE. Discarded=703, Forwarded=313
[frame_selection_agent@localhost:5012] 12/06/2026 20:37:36.600 --> frame_id=8a44cb10-468 SUITABLE. Discarded=703, Forwarded=314
CPU: [29.1, 35.6, 36.3, 51.4]
[frame_selection_agent@localhost:5012] 12/06/2026 20:37:36.956 --> frame_id=6dea9f1b-4a9 DISCARDED (deleted from buffer). Discarded=704, Forwarded=314
[frame_selection_agent@localhost:5012] 12/06/2026 20:37:36.999 --> [BATCH READY] Sent animal_id=53 to Predict!
[data_enhance_agent@localhost:5011] 12/06/2026 20:37:37.012 --> frame_id=4a73e177-92e enhanced and forwarded.
RAM: svmem(total=17002643456, available=5341708288, percent=68.6, used=11660935168, free=4252647424, active=11946000384, inactive=551485440, buffers=60719104, cached=1157939200, shared=14696448, slab=100483072)
[data_enhance_agent@localhost:5011] 12/06/2026 20:37:37.254 --> frame_id=e3c730bd-81b enhanced and forwarded.
[data_enhance_agent@localhost:5011] 12/06/2026 20:37:37.319 --> frame_id=7d60db00-944 enhanced and forwarded.
[data_enhance_agent@localhost:5011] 12/06/2026 20:37:37.670 --> frame_id=b0bdc420-21c enhanced and forwarded.
[data_enhance_agent@localhost:5011] 12/06/2026 20:37:37.852 --> frame_id=b924f625-7c9 enhanced and forwarded.
CPU: [26.2, 33.7, 16.7, 39.8]
[data_enhance_agent@localhost:5011] 12/06/2026 20:37:38.009 --> frame_id=12363f8e-a9f enhanced and forwarded.
[data_enhance_agent@localhost:5011] 12/06/2026 20:37:38.014 --> frame_id=4e606fdf-319 enhanced and forwarded.
[data_enhance_agent@localhost:5011] 12/06/2026 20:37:38.019 --> frame_id=34d5bc80-ad9 enhanced and forwarded.
[frame_selection_agent@localhost:5012] 12/06/2026 20:37:38.044 --> frame_id=dd2af469-232 SUITABLE. Discarded=704, Forwarded=315
RAM: svmem(total=17002643456, available=5337989120, percent=68.6, used=11664654336, free=4248928256, active=11950063616, inactive=551485440, buffers=60719104, cached=1157939200, shared=14696448, slab=100483072)
[data_enhance_agent@localhost:5011] 12/06/2026 20:37:38.276 --> frame_id=fd3066b2-3c3 enhanced and forwarded.
[capture_agent@localhost:5010] 12/06/2026 20:37:38.661 --> [RESTART] Animal 83/100 entering scale.
CPU: [38.9, 36.7, 35.5, 41.7]
[data_enhance_agent@localhost:5011] 12/06/2026 20:37:39.043 --> frame_id=f16081d7-0e9 enhanced and forwarded.
[data_enhance_agent@localhost:5011] 12/06/2026 20:37:39.057 --> frame_id=e25844bd-46b enhanced and forwarded.
[frame_selection_agent@localhost:5012] 12/06/2026 20:37:39.064 --> frame_id=9aec5842-9db SUITABLE. Discarded=704, Forwarded=316
[data_enhance_agent@localhost:5011] 12/06/2026 20:37:39.097 --> frame_id=badc6e5d-77f enhanced and forwarded.
RAM: svmem(total=17002643456, available=5372018688, percent=68.4, used=11630624768, free=4282941440, active=11908366336, inactive=551485440, buffers=60719104, cached=1157971968, shared=14696448, slab=100483072)
[data_enhance_agent@localhost:5011] 12/06/2026 20:37:39.413 --> frame_id=2310564a-161 enhanced and forwarded.
[data_enhance_agent@localhost:5011] 12/06/2026 20:37:39.560 --> frame_id=0114b5dc-401 enhanced and forwarded.
CPU: [51.0, 49.0, 49.5, 56.4]
RAM: svmem(total=17002643456, available=5373952000, percent=68.4, used=11628691456, free=4284874752, active=11908366336, inactive=551485440, buffers=60719104, cached=1157971968, shared=14696448, slab=100483072)
[frame_selection_agent@localhost:5012] 12/06/2026 20:37:40.873 --> frame_id=98e81d85-164 SUITABLE. Discarded=704, Forwarded=317
CPU: [43.4, 41.3, 41.7, 43.6]
RAM: svmem(total=17002643456, available=5377949696, percent=68.4, used=11624693760, free=4288872448, active=11908366336, inactive=551485440, buffers=60735488, cached=1157971968, shared=14696448, slab=100483072)
CPU: [44.4, 44.3, 46.6, 43.4]
RAM: svmem(total=17002643456, available=5384880128, percent=68.3, used=11617763328, free=4295802880, active=11908366336, inactive=551485440, buffers=60735488, cached=1157971968, shared=14696448, slab=100548608)
[frame_selection_agent@localhost:5012] 12/06/2026 20:37:42.763 --> frame_id=6c05c9f6-6fa DISCARDED (deleted from buffer). Discarded=705, Forwarded=317
[frame_selection_agent@localhost:5012] 12/06/2026 20:37:42.766 --> frame_id=26bbde3c-e68 DISCARDED (deleted from buffer). Discarded=706, Forwarded=317
CPU: [46.4, 51.9, 46.5, 47.5]
RAM: svmem(total=17002643456, available=5379915776, percent=68.4, used=11622727680, free=4290805760, active=11916279808, inactive=551501824, buffers=60735488, cached=1157988352, shared=14696448, slab=100564992)
[predict_weight_agent@localhost:5013] 12/06/2026 20:37:43.845 --> [BATCH INFERENCE] Running full network on 6 frames for animal 45
CPU: [44.4, 44.7, 44.6, 43.0]
[predict_weight_agent@localhost:5013] 12/06/2026 20:37:44.256 --> [BATCH INFERENCE] Running full network on 6 frames for animal 46
RAM: svmem(total=17002643456, available=5363941376, percent=68.5, used=11638702080, free=4274831360, active=11938086912, inactive=551501824, buffers=60735488, cached=1158004736, shared=14696448, slab=100581376)
[frame_selection_agent@localhost:5012] 12/06/2026 20:37:44.339 --> [SYNC] Expected 20 frames for animal 67
[frame_selection_agent@localhost:5012] 12/06/2026 20:37:44.597 --> [SYNC] Expected 18 frames for animal 68
[predict_weight_agent@localhost:5013] 12/06/2026 20:37:44.866 --> [BATCH INFERENCE] Running full network on 6 frames for animal 47
while handling timed call
Traceback (most recent call last):
  File "/home/ewertonsjp/.pyenv/versions/cv_vend_mas/lib/python3.12/site-packages/twisted/internet/base.py", line 1105, in runUntilCurrent
    call.func(*call.args, **call.kw)
  File "/home/ewertonsjp/projects/cv-system/mas/pade/core/new_ams.py", line 80, in on_time
    self.agent.agentInstance.table.pop(agent_name)
builtins.KeyError: 'capture_agent@localhost:5010'

CPU: [41.6, 42.6, 41.6, 38.5]
RAM: svmem(total=17002643456, available=5363941376, percent=68.5, used=11638702080, free=4274831360, active=11938267136, inactive=551501824, buffers=60735488, cached=1158004736, shared=14696448, slab=100581376)
[frame_selection_agent@localhost:5012] 12/06/2026 20:37:46.063 --> frame_id=644af954-803 DISCARDED (deleted from buffer). Discarded=707, Forwarded=317
CPU: [41.8, 43.3, 43.3, 42.7]
RAM: svmem(total=17002643456, available=5335678976, percent=68.6, used=11666964480, free=4246568960, active=11964841984, inactive=551501824, buffers=60735488, cached=1158004736, shared=14696448, slab=100581376)
[frame_selection_agent@localhost:5012] 12/06/2026 20:37:46.933 --> frame_id=98342088-76d DISCARDED (deleted from buffer). Discarded=708, Forwarded=317
CPU: [45.5, 48.5, 46.5, 46.6]
[frame_selection_agent@localhost:5012] 12/06/2026 20:37:47.234 --> frame_id=ed91d42f-f46 DISCARDED (deleted from buffer). Discarded=709, Forwarded=317
[frame_selection_agent@localhost:5012] 12/06/2026 20:37:47.328 --> frame_id=be7d1121-28e DISCARDED (deleted from buffer). Discarded=710, Forwarded=317
[frame_selection_agent@localhost:5012] 12/06/2026 20:37:47.366 --> frame_id=8af541bd-761 DISCARDED (deleted from buffer). Discarded=711, Forwarded=317
[frame_selection_agent@localhost:5012] 12/06/2026 20:37:47.371 --> frame_id=d1e26f83-244 DISCARDED (deleted from buffer). Discarded=712, Forwarded=317
RAM: svmem(total=17002643456, available=5379768320, percent=68.4, used=11622875136, free=4290658304, active=11908431872, inactive=551501824, buffers=60735488, cached=1158004736, shared=14696448, slab=100581376)
[frame_selection_agent@localhost:5012] 12/06/2026 20:37:47.869 --> frame_id=b8e62745-84a DISCARDED (deleted from buffer). Discarded=713, Forwarded=317
CPU: [56.1, 56.3, 59.2, 55.1]
RAM: svmem(total=17002643456, available=5380030464, percent=68.4, used=11622612992, free=4290920448, active=11908431872, inactive=551501824, buffers=60751872, cached=1158004736, shared=14696448, slab=100581376)
CPU: [44.4, 45.1, 47.5, 46.1]
RAM: svmem(total=17002643456, available=5384486912, percent=68.3, used=11618156544, free=4295376896, active=11908431872, inactive=551501824, buffers=60751872, cached=1158004736, shared=14696448, slab=100581376)
[frame_selection_agent@localhost:5012] 12/06/2026 20:37:49.440 --> frame_id=c05828f8-215 DISCARDED (deleted from buffer). Discarded=714, Forwarded=317
CPU: [45.0, 47.5, 49.5, 45.5]
[frame_selection_agent@localhost:5012] 12/06/2026 20:37:50.375 --> frame_id=ae7f053c-f57 DISCARDED (deleted from buffer). Discarded=715, Forwarded=317
RAM: svmem(total=17002643456, available=5387501568, percent=68.3, used=11615141888, free=4298391552, active=11908431872, inactive=551501824, buffers=60751872, cached=1158004736, shared=14696448, slab=100581376)
[frame_selection_agent@localhost:5012] 12/06/2026 20:37:50.694 --> frame_id=a16927d6-c81 DISCARDED (deleted from buffer). Discarded=716, Forwarded=317
CPU: [47.9, 46.5, 48.5, 48.4]
RAM: svmem(total=17002643456, available=5394169856, percent=68.3, used=11608473600, free=4305043456, active=11908448256, inactive=551518208, buffers=60751872, cached=1158004736, shared=14696448, slab=100581376)
[capture_agent@localhost:5010] 12/06/2026 20:37:51.988 --> [RESTART] Animal 84/100 entering scale.
CPU: [41.8, 47.0, 46.2, 41.8]
RAM: svmem(total=17002643456, available=5370331136, percent=68.4, used=11632312320, free=4281204736, active=11938430976, inactive=551518208, buffers=60751872, cached=1158004736, shared=14696448, slab=100581376)
CPU: [43.6, 41.0, 41.4, 40.8]
RAM: svmem(total=17002643456, available=5367382016, percent=68.4, used=11635261440, free=4278255616, active=11941216256, inactive=551518208, buffers=60751872, cached=1158004736, shared=14696448, slab=100581376)
[frame_selection_agent@localhost:5012] 12/06/2026 20:37:54.289 --> frame_id=8058d813-65b DISCARDED (deleted from buffer). Discarded=717, Forwarded=317
CPU: [46.2, 41.2, 41.4, 43.9]
RAM: svmem(total=17002643456, available=5346000896, percent=68.6, used=11656642560, free=4256874496, active=11962548224, inactive=551518208, buffers=60751872, cached=1158004736, shared=14696448, slab=100581376)
[frame_selection_agent@localhost:5012] 12/06/2026 20:37:54.921 --> frame_id=d499ec1b-a20 DISCARDED (deleted from buffer). Discarded=718, Forwarded=317
[frame_selection_agent@localhost:5012] 12/06/2026 20:37:54.928 --> [BATCH READY] Sent animal_id=54 to Predict!
[frame_selection_agent@localhost:5012] 12/06/2026 20:37:55.232 --> frame_id=2c4eaa86-267 SUITABLE. Discarded=718, Forwarded=318
CPU: [41.3, 50.5, 45.3, 43.4]
RAM: svmem(total=17002643456, available=5309399040, percent=68.8, used=11693244416, free=4220256256, active=11991990272, inactive=551534592, buffers=60768256, cached=1158004736, shared=14696448, slab=100581376)
[frame_selection_agent@localhost:5012] 12/06/2026 20:37:56.023 --> frame_id=f3951419-7fc SUITABLE. Discarded=718, Forwarded=319
[frame_selection_agent@localhost:5012] 12/06/2026 20:37:56.028 --> frame_id=24a0c6b6-7f4 SUITABLE. Discarded=718, Forwarded=320
[data_enhance_agent@localhost:5011] 12/06/2026 20:37:56.037 --> frame_id=98b1cf19-4b1 enhanced and forwarded.
[data_enhance_agent@localhost:5011] 12/06/2026 20:37:56.348 --> frame_id=c217e594-ebd enhanced and forwarded.
[data_enhance_agent@localhost:5011] 12/06/2026 20:37:56.490 --> frame_id=91eab79c-76b enhanced and forwarded.
CPU: [20.8, 34.3, 31.0, 37.0][data_enhance_agent@localhost:5011] 12/06/2026 20:37:56.496 --> frame_id=8e705f18-d33 enhanced and forwarded.

RAM: svmem(total=17002643456, available=5347164160, percent=68.6, used=11655479296, free=4258021376, active=11947786240, inactive=551534592, buffers=60768256, cached=1158004736, shared=14696448, slab=100581376)
[frame_selection_agent@localhost:5012] 12/06/2026 20:37:56.668 --> frame_id=6640221f-009 SUITABLE. Discarded=718, Forwarded=321
[frame_selection_agent@localhost:5012] 12/06/2026 20:37:56.704 --> frame_id=082d044f-6c2 SUITABLE. Discarded=718, Forwarded=322
[data_enhance_agent@localhost:5011] 12/06/2026 20:37:57.060 --> frame_id=55b65e76-147 enhanced and forwarded.
[data_enhance_agent@localhost:5011] 12/06/2026 20:37:57.091 --> frame_id=4f046070-567 enhanced and forwarded.
[data_enhance_agent@localhost:5011] 12/06/2026 20:37:57.126 --> frame_id=6142f1a2-877 enhanced and forwarded.
[data_enhance_agent@localhost:5011] 12/06/2026 20:37:57.230 --> frame_id=81c29b0d-168 enhanced and forwarded.
[data_enhance_agent@localhost:5011] 12/06/2026 20:37:57.503 --> frame_id=9ca0ec98-48b enhanced and forwarded.
[data_enhance_agent@localhost:5011] 12/06/2026 20:37:57.511 --> frame_id=3c21b1b4-8b1 enhanced and forwarded.
RAM: svmem(total=17002643456, available=5379457024, percent=68.4, used=11623186432, free=4290314240, active=11908448256, inactive=551534592, buffers=60768256, cached=1158004736, shared=14696448, slab=100581376)
CPU: [30.0, 33.3, 37.5, 45.1]
[data_enhance_agent@localhost:5011] 12/06/2026 20:37:57.590 --> frame_id=9d9bcdee-e01 enhanced and forwarded.
[data_enhance_agent@localhost:5011] 12/06/2026 20:37:57.894 --> frame_id=6e710bf5-a38 enhanced and forwarded.
[data_enhance_agent@localhost:5011] 12/06/2026 20:37:57.973 --> frame_id=23145fe5-053 enhanced and forwarded.
RAM: svmem(total=17002643456, available=5380915200, percent=68.4, used=11621728256, free=4291772416, active=11908464640, inactive=551534592, buffers=60768256, cached=1158004736, shared=14696448, slab=100581376)
CPU: [61.2, 67.3, 63.7, 61.5]
[frame_selection_agent@localhost:5012] 12/06/2026 20:37:59.495 --> frame_id=cb5805c4-cb9 SUITABLE. Discarded=718, Forwarded=323
RAM: svmem(total=17002643456, available=5382389760, percent=68.3, used=11620253696, free=4293246976, active=11908464640, inactive=551534592, buffers=60768256, cached=1158004736, shared=14696448, slab=100581376)
[data_enhance_agent@localhost:5011] 12/06/2026 20:37:59.621 --> frame_id=1af49342-15d enhanced and forwarded.
CPU: [49.5, 50.9, 46.5, 55.9]
[frame_selection_agent@localhost:5012] 12/06/2026 20:38:00.519 --> frame_id=7b715565-44d DISCARDED (deleted from buffer). Discarded=719, Forwarded=323
RAM: svmem(total=17002643456, available=5382307840, percent=68.3, used=11620335616, free=4293165056, active=11908481024, inactive=551534592, buffers=60784640, cached=1158004736, shared=14696448, slab=100581376)
[frame_selection_agent@localhost:5012] 12/06/2026 20:38:00.575 --> frame_id=20fe61d9-714 DISCARDED (deleted from buffer). Discarded=720, Forwarded=323
CPU: [50.5, 50.5, 49.5, 48.0]
RAM: svmem(total=17002643456, available=5384159232, percent=68.3, used=11618484224, free=4295000064, active=11908481024, inactive=551550976, buffers=60784640, cached=1158004736, shared=14696448, slab=100581376)
CPU: [52.0, 57.4, 56.9, 58.1]
RAM: svmem(total=17002643456, available=5382832128, percent=68.3, used=11619811328, free=4293672960, active=11919491072, inactive=551550976, buffers=60784640, cached=1158004736, shared=14696448, slab=100646912)
CPU: [49.5, 55.2, 56.3, 52.5]
RAM: svmem(total=17002643456, available=5304188928, percent=68.8, used=11698454528, free=4215029760, active=11991105536, inactive=551550976, buffers=60784640, cached=1158004736, shared=14696448, slab=100646912)
CPU: [50.5, 49.1, 51.0, 50.0]
RAM: svmem(total=17002643456, available=5303697408, percent=68.8, used=11698946048, free=4214538240, active=11991171072, inactive=551550976, buffers=60784640, cached=1158004736, shared=14696448, slab=100646912)
CPU: [47.5, 48.0, 47.1, 48.5]
[frame_selection_agent@localhost:5012] 12/06/2026 20:38:04.897 --> frame_id=de61b195-1ef DISCARDED (deleted from buffer). Discarded=721, Forwarded=323
while handling timed call
Traceback (most recent call last):
  File "/home/ewertonsjp/.pyenv/versions/cv_vend_mas/lib/python3.12/site-packages/twisted/internet/base.py", line 1105, in runUntilCurrent
    call.func(*call.args, **call.kw)
  File "/home/ewertonsjp/projects/cv-system/mas/pade/core/new_ams.py", line 80, in on_time
    self.agent.agentInstance.table.pop(agent_name)
builtins.KeyError: 'capture_agent@localhost:5010'

[frame_selection_agent@localhost:5012] 12/06/2026 20:38:05.198 --> frame_id=772baf97-954 DISCARDED (deleted from buffer). Discarded=722, Forwarded=323
[capture_agent@localhost:5010] 12/06/2026 20:38:05.292 --> [RESTART] Animal 85/100 entering scale.
[data_enhance_agent@localhost:5011] 12/06/2026 20:38:05.603 --> frame_id=0765148c-0ab enhanced and forwarded.
RAM: svmem(total=17002643456, available=5303009280, percent=68.8, used=11699634176, free=4213850112, active=11994218496, inactive=551550976, buffers=60801024, cached=1158004736, shared=14696448, slab=100712448)
CPU: [45.5, 44.6, 42.7, 49.5]
[frame_selection_agent@localhost:5012] 12/06/2026 20:38:06.543 --> frame_id=60c9aabc-d65 DISCARDED (deleted from buffer). Discarded=723, Forwarded=323
RAM: svmem(total=17002643456, available=5182373888, percent=69.5, used=11820269568, free=4093181952, active=12114903040, inactive=551583744, buffers=60801024, cached=1158021120, shared=14696448, slab=100712448)
[frame_selection_agent@localhost:5012] 12/06/2026 20:38:06.779 --> frame_id=9d4817eb-56a DISCARDED (deleted from buffer). Discarded=724, Forwarded=323
CPU: [52.9, 51.9, 54.3, 52.4]
[frame_selection_agent@localhost:5012] 12/06/2026 20:38:07.210 --> frame_id=10ea31c3-c70 DISCARDED (deleted from buffer). Discarded=725, Forwarded=323
[data_enhance_agent@localhost:5011] 12/06/2026 20:38:07.267 --> frame_id=00d80836-d38 enhanced and forwarded.
[frame_selection_agent@localhost:5012] 12/06/2026 20:38:07.341 --> frame_id=0418d3bd-29d DISCARDED (deleted from buffer). Discarded=726, Forwarded=323
[predict_weight_agent@localhost:5013] 12/06/2026 20:38:07.573 --> [FINAL] Animal 45 completed. Mean weight: 16.0062 kg
RAM: svmem(total=17002643456, available=5303648256, percent=68.8, used=11698995200, free=4214456320, active=11908300800, inactive=551583744, buffers=60801024, cached=1158021120, shared=14696448, slab=100728832)
[data_enhance_agent@localhost:5011] 12/06/2026 20:38:07.699 --> frame_id=1e47fc8d-155 enhanced and forwarded.
CPU: [41.4, 46.5, 49.5, 46.1]
[data_enhance_agent@localhost:5011] 12/06/2026 20:38:08.075 --> frame_id=7d19f227-816 enhanced and forwarded.
RAM: svmem(total=17002643456, available=5177049088, percent=69.6, used=11825594368, free=4087857152, active=12104728576, inactive=551583744, buffers=60801024, cached=1158021120, shared=14696448, slab=100728832)
[frame_selection_agent@localhost:5012] 12/06/2026 20:38:08.716 --> frame_id=03050c5c-1a4 DISCARDED (deleted from buffer). Discarded=727, Forwarded=323
[data_enhance_agent@localhost:5011] 12/06/2026 20:38:08.735 --> frame_id=50fab305-335 enhanced and forwarded.
[data_enhance_agent@localhost:5011] 12/06/2026 20:38:08.818 --> frame_id=e84806e0-11f enhanced and forwarded.
CPU: [60.0, 47.6, 49.5, 52.9]
[data_enhance_agent@localhost:5011] 12/06/2026 20:38:09.170 --> frame_id=a16ec9cc-78e enhanced and forwarded.
[data_enhance_agent@localhost:5011] 12/06/2026 20:38:09.575 --> frame_id=945c087e-ae7 enhanced and forwarded.
RAM: svmem(total=17002643456, available=5023481856, percent=70.5, used=11979161600, free=3934289920, active=12232949760, inactive=551583744, buffers=60801024, cached=1158021120, shared=14696448, slab=100728832)
CPU: [40.0, 38.7, 50.5, 50.9]
[data_enhance_agent@localhost:5011] 12/06/2026 20:38:10.171 --> frame_id=2f275b7c-05c enhanced and forwarded.
[data_enhance_agent@localhost:5011] 12/06/2026 20:38:10.318 --> frame_id=388864b4-5a3 enhanced and forwarded.
[data_enhance_agent@localhost:5011] 12/06/2026 20:38:10.599 --> frame_id=31b55ccd-c11 enhanced and forwarded.
[frame_selection_agent@localhost:5012] 12/06/2026 20:38:10.714 --> frame_id=c0562311-570 DISCARDED (deleted from buffer). Discarded=728, Forwarded=323
RAM: svmem(total=17002643456, available=4882907136, percent=71.3, used=12119736320, free=3793715200, active=12303040512, inactive=551583744, buffers=60801024, cached=1158021120, shared=14696448, slab=100728832)
CPU: [49.0, 40.4, 33.3, 31.6]
[frame_selection_agent@localhost:5012] 12/06/2026 20:38:11.154 --> frame_id=c96ada64-be0 DISCARDED (deleted from buffer). Discarded=729, Forwarded=323
[data_enhance_agent@localhost:5011] 12/06/2026 20:38:11.155 --> frame_id=a67baa4e-ee7 enhanced and forwarded.
[data_enhance_agent@localhost:5011] 12/06/2026 20:38:11.438 --> frame_id=371599ed-3b2 enhanced and forwarded.
RAM: svmem(total=17002643456, available=4787060736, percent=71.8, used=12215582720, free=3697868800, active=12404162560, inactive=551583744, buffers=60801024, cached=1158021120, shared=14696448, slab=100728832)
CPU: [52.0, 53.8, 56.7, 53.7]
RAM: svmem(total=17002643456, available=4629299200, percent=72.8, used=12373344256, free=3540090880, active=12616892416, inactive=551600128, buffers=60817408, cached=1158021120, shared=14696448, slab=100728832)
CPU: [51.5, 54.5, 54.4, 51.0]
RAM: svmem(total=17002643456, available=4434903040, percent=73.9, used=12567740416, free=3345694720, active=12843155456, inactive=551600128, buffers=60817408, cached=1158021120, shared=14696448, slab=100728832)
CPU: [49.5, 52.0, 50.0, 51.9]
RAM: svmem(total=17002643456, available=4311285760, percent=74.6, used=12691357696, free=3222077440, active=12956221440, inactive=551600128, buffers=60817408, cached=1158004736, shared=14696448, slab=100712448)
CPU: [47.5, 45.4, 48.5, 49.5]
[frame_selection_agent@localhost:5012] 12/06/2026 20:38:15.704 --> frame_id=5531939b-d58 DISCARDED (deleted from buffer). Discarded=730, Forwarded=323
RAM: svmem(total=17002643456, available=4305387520, percent=74.7, used=12697255936, free=3216179200, active=12966199296, inactive=551600128, buffers=60817408, cached=1158004736, shared=14696448, slab=100712448)
[data_enhance_agent@localhost:5011] 12/06/2026 20:38:16.021 --> frame_id=72038ece-17a enhanced and forwarded.
[frame_selection_agent@localhost:5012] 12/06/2026 20:38:16.155 --> frame_id=90d33c16-922 DISCARDED (deleted from buffer). Discarded=731, Forwarded=323
CPU: [55.0, 39.4, 38.5, 40.0]
[data_enhance_agent@localhost:5011] 12/06/2026 20:38:16.439 --> frame_id=33310895-fff enhanced and forwarded.
[data_enhance_agent@localhost:5011] 12/06/2026 20:38:16.816 --> frame_id=31b6b3b9-ad5 enhanced and forwarded.
RAM: svmem(total=17002643456, available=4290641920, percent=74.8, used=12712001536, free=3201433600, active=12982452224, inactive=551600128, buffers=60817408, cached=1158004736, shared=14696448, slab=100712448)
[data_enhance_agent@localhost:5011] 12/06/2026 20:38:17.139 --> frame_id=ab454be0-c60 enhanced and forwarded.
[frame_selection_agent@localhost:5012] 12/06/2026 20:38:17.215 --> frame_id=c2bb41af-c30 DISCARDED (deleted from buffer). Discarded=732, Forwarded=323
[frame_selection_agent@localhost:5012] 12/06/2026 20:38:17.246 --> [BATCH READY] Sent animal_id=55 to Predict!
CPU: [38.1, 32.4, 35.4, 47.1]
[data_enhance_agent@localhost:5011] 12/06/2026 20:38:17.609 --> frame_id=cee7919a-cc2 enhanced and forwarded.
[data_enhance_agent@localhost:5011] 12/06/2026 20:38:17.646 --> frame_id=5de57779-d7d enhanced and forwarded.
RAM: svmem(total=17002643456, available=4254760960, percent=75.0, used=12747882496, free=3165552640, active=13035241472, inactive=551600128, buffers=60817408, cached=1158004736, shared=14696448, slab=100712448)
[data_enhance_agent@localhost:5011] 12/06/2026 20:38:18.055 --> frame_id=f08d1079-bd6 enhanced and forwarded.
[data_enhance_agent@localhost:5011] 12/06/2026 20:38:18.102 --> frame_id=97c4b508-f69 enhanced and forwarded.
[data_enhance_agent@localhost:5011] 12/06/2026 20:38:18.467 --> frame_id=2da17fbc-264 enhanced and forwarded.
[frame_selection_agent@localhost:5012] 12/06/2026 20:38:18.487 --> frame_id=ce53fb45-11a SUITABLE. Discarded=732, Forwarded=324
CPU: [30.2, 37.0, 38.5, 36.0]
[capture_agent@localhost:5010] 12/06/2026 20:38:18.536 --> [RESTART] Animal 86/100 entering scale.
RAM: svmem(total=17002643456, available=4175134720, percent=75.4, used=12827508736, free=3085926400, active=13098221568, inactive=551600128, buffers=60817408, cached=1158004736, shared=14696448, slab=100712448)
[data_enhance_agent@localhost:5011] 12/06/2026 20:38:19.090 --> frame_id=b1affac5-225 enhanced and forwarded.
[frame_selection_agent@localhost:5012] 12/06/2026 20:38:19.092 --> frame_id=c32d402d-3cd SUITABLE. Discarded=732, Forwarded=325
[data_enhance_agent@localhost:5011] 12/06/2026 20:38:19.179 --> frame_id=ce1a969e-660 enhanced and forwarded.
[data_enhance_agent@localhost:5011] 12/06/2026 20:38:19.184 --> frame_id=3d11a32b-762 enhanced and forwarded.
[data_enhance_agent@localhost:5011] 12/06/2026 20:38:19.217 --> frame_id=30046163-fae enhanced and forwarded.
CPU: [45.2, 39.3, 48.1, 35.6]
[predict_weight_agent@localhost:5013] 12/06/2026 20:38:19.785 --> [FINAL] Animal 46 completed. Mean weight: 16.0062 kg
[frame_selection_agent@localhost:5012] 12/06/2026 20:38:19.787 --> frame_id=e4ac21f3-4a5 SUITABLE. Discarded=732, Forwarded=326
RAM: svmem(total=17002643456, available=5247270912, percent=69.1, used=11755372544, free=4158062592, active=11908399104, inactive=551600128, buffers=60817408, cached=1158004736, shared=14696448, slab=100712448)
CPU: [56.0, 53.5, 52.5, 53.1]
RAM: svmem(total=17002643456, available=5249236992, percent=69.1, used=11753406464, free=4160028672, active=11908399104, inactive=551600128, buffers=60817408, cached=1158004736, shared=14696448, slab=100712448)
[frame_selection_agent@localhost:5012] 12/06/2026 20:38:21.201 --> frame_id=286696f0-a87 SUITABLE. Discarded=732, Forwarded=327
[frame_selection_agent@localhost:5012] 12/06/2026 20:38:21.391 --> frame_id=2a0751c2-041 SUITABLE. Discarded=732, Forwarded=328
[frame_selection_agent@localhost:5012] 12/06/2026 20:38:21.466 --> frame_id=da9b3bad-934 DISCARDED (deleted from buffer). Discarded=733, Forwarded=328
CPU: [48.1, 47.2, 49.5, 45.1]
RAM: svmem(total=17002643456, available=5251055616, percent=69.1, used=11751587840, free=4161847296, active=11908399104, inactive=551600128, buffers=60817408, cached=1158004736, shared=14696448, slab=100712448)
CPU: [50.0, 51.9, 51.0, 51.0]
RAM: svmem(total=17002643456, available=5255856128, percent=69.1, used=11746787328, free=4166647808, active=11908399104, inactive=551600128, buffers=60817408, cached=1158004736, shared=14696448, slab=100712448)
CPU: [45.1, 47.5, 45.1, 43.0]
RAM: svmem(total=17002643456, available=5259673600, percent=69.1, used=11742969856, free=4170465280, active=11927633920, inactive=551600128, buffers=60817408, cached=1158004736, shared=14696448, slab=100712448)
CPU: [44.1, 45.9, 46.2, 42.6]
while handling timed call
Traceback (most recent call last):
  File "/home/ewertonsjp/.pyenv/versions/cv_vend_mas/lib/python3.12/site-packages/twisted/internet/base.py", line 1105, in runUntilCurrent
    call.func(*call.args, **call.kw)
  File "/home/ewertonsjp/projects/cv-system/mas/pade/core/new_ams.py", line 80, in on_time
    self.agent.agentInstance.table.pop(agent_name)
builtins.KeyError: 'capture_agent@localhost:5010'

RAM: svmem(total=17002643456, available=5257019392, percent=69.1, used=11745624064, free=4167811072, active=11942674432, inactive=551600128, buffers=60817408, cached=1158004736, shared=14696448, slab=100712448)
[frame_selection_agent@localhost:5012] 12/06/2026 20:38:25.632 --> frame_id=dbc28daa-b06 DISCARDED (deleted from buffer). Discarded=734, Forwarded=328
CPU: [40.4, 44.0, 41.2, 45.0]
RAM: svmem(total=17002643456, available=5252792320, percent=69.1, used=11749851136, free=4163584000, active=11966038016, inactive=551600128, buffers=60817408, cached=1158004736, shared=14696448, slab=100712448)
CPU: [45.1, 47.1, 48.1, 44.6]
RAM: svmem(total=17002643456, available=5244977152, percent=69.2, used=11757666304, free=4155768832, active=11985846272, inactive=551600128, buffers=60817408, cached=1158004736, shared=14696448, slab=100712448)
[frame_selection_agent@localhost:5012] 12/06/2026 20:38:27.135 --> frame_id=01c76c1a-a33 DISCARDED (deleted from buffer). Discarded=735, Forwarded=328
[frame_selection_agent@localhost:5012] 12/06/2026 20:38:27.177 --> frame_id=29fd9245-07f DISCARDED (deleted from buffer). Discarded=736, Forwarded=328
[frame_selection_agent@localhost:5012] 12/06/2026 20:38:27.362 --> frame_id=6886e690-fa1 DISCARDED (deleted from buffer). Discarded=737, Forwarded=328
[frame_selection_agent@localhost:5012] 12/06/2026 20:38:27.454 --> frame_id=7d733c97-bfc DISCARDED (deleted from buffer). Discarded=738, Forwarded=328
[data_enhance_agent@localhost:5011] 12/06/2026 20:38:27.467 --> frame_id=07ece7c1-574 enhanced and forwarded.
CPU: [43.3, 46.5, 49.0, 54.4]
[frame_selection_agent@localhost:5012] 12/06/2026 20:38:27.906 --> frame_id=5894c8d5-7aa DISCARDED (deleted from buffer). Discarded=739, Forwarded=328
RAM: svmem(total=17002643456, available=5308104704, percent=68.8, used=11694538752, free=4218863616, active=11908677632, inactive=551632896, buffers=60850176, cached=1158004736, shared=14696448, slab=100712448)
[frame_selection_agent@localhost:5012] 12/06/2026 20:38:28.561 --> frame_id=07279110-8ff DISCARDED (deleted from buffer). Discarded=740, Forwarded=328
CPU: [60.4, 62.0, 64.0, 63.6]
[data_enhance_agent@localhost:5011] 12/06/2026 20:38:28.976 --> frame_id=40f0febe-d47 enhanced and forwarded.
RAM: svmem(total=17002643456, available=5311758336, percent=68.8, used=11690885120, free=4222517248, active=11908677632, inactive=551632896, buffers=60850176, cached=1158004736, shared=14696448, slab=100712448)
[frame_selection_agent@localhost:5012] 12/06/2026 20:38:29.438 --> frame_id=83f28ef5-dbf DISCARDED (deleted from buffer). Discarded=741, Forwarded=328
CPU: [50.0, 48.5, 59.0, 48.5]
[data_enhance_agent@localhost:5011] 12/06/2026 20:38:29.967 --> frame_id=4d96c5b8-555 enhanced and forwarded.
RAM: svmem(total=17002643456, available=5315510272, percent=68.7, used=11687133184, free=4226269184, active=11908677632, inactive=551632896, buffers=60850176, cached=1158004736, shared=14696448, slab=100712448)
[frame_selection_agent@localhost:5012] 12/06/2026 20:38:30.195 --> frame_id=cbf1eb36-678 DISCARDED (deleted from buffer). Discarded=742, Forwarded=328
[frame_selection_agent@localhost:5012] 12/06/2026 20:38:30.217 --> [BATCH READY] Sent animal_id=56 to Predict!
[data_enhance_agent@localhost:5011] 12/06/2026 20:38:30.408 --> frame_id=ff93bf25-cd5 enhanced and forwarded.
[frame_selection_agent@localhost:5012] 12/06/2026 20:38:30.419 --> frame_id=423bf043-e81 SUITABLE. Discarded=742, Forwarded=329
[data_enhance_agent@localhost:5011] 12/06/2026 20:38:30.796 --> frame_id=d7d6bb44-6b8 enhanced and forwarded.
CPU: [42.4, 29.3, 27.0, 38.0]
[data_enhance_agent@localhost:5011] 12/06/2026 20:38:30.943 --> frame_id=d5ba7872-330 enhanced and forwarded.
RAM: svmem(total=17002643456, available=5326864384, percent=68.7, used=11675779072, free=4237623296, active=11908677632, inactive=551632896, buffers=60850176, cached=1158004736, shared=14696448, slab=100712448)
[data_enhance_agent@localhost:5011] 12/06/2026 20:38:31.204 --> frame_id=471b1aa7-548 enhanced and forwarded.
CPU: [46.1, 37.1, 38.6, 42.3]
[data_enhance_agent@localhost:5011] 12/06/2026 20:38:32.012 --> frame_id=b413ef42-eac enhanced and forwarded.
[data_enhance_agent@localhost:5011] 12/06/2026 20:38:32.020 --> frame_id=2ea117cc-049 enhanced and forwarded.
[capture_agent@localhost:5010] 12/06/2026 20:38:32.024 --> [RESTART] Animal 87/100 entering scale.
RAM: svmem(total=17002643456, available=5292769280, percent=68.9, used=11709874176, free=4203528192, active=12013649920, inactive=551632896, buffers=60850176, cached=1158004736, shared=14696448, slab=100712448)
[data_enhance_agent@localhost:5011] 12/06/2026 20:38:32.909 --> frame_id=9dca3896-4a2 enhanced and forwarded.
[data_enhance_agent@localhost:5011] 12/06/2026 20:38:32.912 --> frame_id=d936dfe2-8eb enhanced and forwarded.
CPU: [45.5, 38.8, 44.3, 42.0]
[frame_selection_agent@localhost:5012] 12/06/2026 20:38:33.094 --> [SYNC] Expected 20 frames for animal 69
RAM: svmem(total=17002643456, available=5065998336, percent=70.2, used=11936645120, free=3976724480, active=12169854976, inactive=551649280, buffers=60866560, cached=1158037504, shared=14696448, slab=100777984)
CPU: [37.3, 32.0, 43.6, 43.0]
RAM: svmem(total=17002643456, available=4938350592, percent=71.0, used=12064292864, free=3849076736, active=12298207232, inactive=551649280, buffers=60866560, cached=1158053888, shared=14696448, slab=100794368)
[frame_selection_agent@localhost:5012] 12/06/2026 20:38:34.448 --> [SYNC] Expected 19 frames for animal 70
[predict_weight_agent@localhost:5013] 12/06/2026 20:38:34.763 --> [BATCH INFERENCE] Running full network on 6 frames for animal 48
[data_enhance_agent@localhost:5011] 12/06/2026 20:38:34.955 --> frame_id=40296b35-7ab enhanced and forwarded.
[data_enhance_agent@localhost:5011] 12/06/2026 20:38:34.968 --> frame_id=04c1e78d-247 enhanced and forwarded.
[data_enhance_agent@localhost:5011] 12/06/2026 20:38:34.974 --> frame_id=1f59db6d-9af enhanced and forwarded.
[data_enhance_agent@localhost:5011] 12/06/2026 20:38:34.984 --> frame_id=60b1a6be-6a8 enhanced and forwarded.
[data_enhance_agent@localhost:5011] 12/06/2026 20:38:35.000 --> frame_id=790a79a9-131 enhanced and forwarded.
CPU: [45.9, 56.4, 42.9, 46.1]
[frame_selection_agent@localhost:5012] 12/06/2026 20:38:35.242 --> [SYNC] Expected 20 frames for animal 71
RAM: svmem(total=17002643456, available=4832526336, percent=71.6, used=12170117120, free=3743252480, active=12387663872, inactive=551649280, buffers=60866560, cached=1158070272, shared=14696448, slab=100794368)
CPU: [48.0, 46.5, 47.1, 49.5]
RAM: svmem(total=17002643456, available=4823203840, percent=71.6, used=12179439616, free=3733913600, active=12396494848, inactive=551665664, buffers=60866560, cached=1158070272, shared=14696448, slab=100794368)
[frame_selection_agent@localhost:5012] 12/06/2026 20:38:36.376 --> frame_id=0ebf5dca-3bf SUITABLE. Discarded=742, Forwarded=330
[data_enhance_agent@localhost:5011] 12/06/2026 20:38:36.770 --> frame_id=1cd81842-2e0 enhanced and forwarded.
CPU: [43.7, 45.6, 41.0, 45.1]
RAM: svmem(total=17002643456, available=4806246400, percent=71.7, used=12196397056, free=3716956160, active=12420366336, inactive=551665664, buffers=60866560, cached=1158070272, shared=14696448, slab=100794368)
[frame_selection_agent@localhost:5012] 12/06/2026 20:38:37.916 --> frame_id=738dfca0-0f1 SUITABLE. Discarded=742, Forwarded=331
CPU: [42.4, 41.0, 53.4, 42.1]
[frame_selection_agent@localhost:5012] 12/06/2026 20:38:38.179 --> frame_id=6b0046a8-a72 SUITABLE. Discarded=742, Forwarded=332
[data_enhance_agent@localhost:5011] 12/06/2026 20:38:38.276 --> frame_id=0fd91a8e-9ac enhanced and forwarded.
RAM: svmem(total=17002643456, available=4673650688, percent=72.5, used=12328992768, free=3584360448, active=12503433216, inactive=551665664, buffers=60866560, cached=1158070272, shared=14696448, slab=100794368)
[frame_selection_agent@localhost:5012] 12/06/2026 20:38:38.348 --> frame_id=976eb966-9fa SUITABLE. Discarded=742, Forwarded=333
[data_enhance_agent@localhost:5011] 12/06/2026 20:38:38.697 --> frame_id=22cd42ac-991 enhanced and forwarded.
[frame_selection_agent@localhost:5012] 12/06/2026 20:38:39.028 --> frame_id=ad3de1e8-9d6 SUITABLE. Discarded=742, Forwarded=334
[predict_weight_agent@localhost:5013] 12/06/2026 20:38:39.061 --> [FINAL] Animal 47 completed. Mean weight: 16.0062 kg
CPU: [44.6, 47.1, 46.6, 57.8]
RAM: svmem(total=17002643456, available=4903550976, percent=71.2, used=12099092480, free=3814260736, active=12290621440, inactive=551665664, buffers=60866560, cached=1158070272, shared=14696448, slab=100794368)
[data_enhance_agent@localhost:5011] 12/06/2026 20:38:39.436 --> frame_id=38b35ed9-f8b enhanced and forwarded.
[frame_selection_agent@localhost:5012] 12/06/2026 20:38:39.769 --> frame_id=1f10c6aa-282 DISCARDED (deleted from buffer). Discarded=743, Forwarded=334
[data_enhance_agent@localhost:5011] 12/06/2026 20:38:39.793 --> frame_id=e93fbdd6-e08 enhanced and forwarded.
CPU: [43.1, 45.2, 52.3, 51.9]
RAM: svmem(total=17002643456, available=4904042496, percent=71.2, used=12098600960, free=3814752256, active=12290621440, inactive=551665664, buffers=60866560, cached=1158070272, shared=14696448, slab=100794368)
CPU: [45.1, 43.3, 42.3, 41.2]
RAM: svmem(total=17002643456, available=4911120384, percent=71.1, used=12091523072, free=3821830144, active=12290621440, inactive=551665664, buffers=60866560, cached=1158070272, shared=14696448, slab=100794368)
CPU: [45.4, 44.8, 45.1, 42.9]
RAM: svmem(total=17002643456, available=4914036736, percent=71.1, used=12088606720, free=3824746496, active=12290621440, inactive=551665664, buffers=60866560, cached=1158070272, shared=14696448, slab=100794368)
[frame_selection_agent@localhost:5012] 12/06/2026 20:38:42.858 --> frame_id=757ae069-e1a DISCARDED (deleted from buffer). Discarded=744, Forwarded=334
[data_enhance_agent@localhost:5011] 12/06/2026 20:38:43.189 --> frame_id=a867c2db-f3f enhanced and forwarded.
[frame_selection_agent@localhost:5012] 12/06/2026 20:38:43.285 --> frame_id=6881288e-571 DISCARDED (deleted from buffer). Discarded=745, Forwarded=334
CPU: [44.0, 36.6, 46.7, 41.6]
RAM: svmem(total=17002643456, available=4924932096, percent=71.0, used=12077711360, free=3835641856, active=12290686976, inactive=551665664, buffers=60882944, cached=1158070272, shared=14696448, slab=100794368)
[data_enhance_agent@localhost:5011] 12/06/2026 20:38:43.602 --> frame_id=064b4c44-c5d enhanced and forwarded.
[frame_selection_agent@localhost:5012] 12/06/2026 20:38:43.693 --> frame_id=aa0f482e-17e DISCARDED (deleted from buffer). Discarded=746, Forwarded=334
[data_enhance_agent@localhost:5011] 12/06/2026 20:38:44.070 --> frame_id=503ffc5d-c96 enhanced and forwarded.
CPU: [32.7, 41.7, 41.6, 41.1]
RAM: svmem(total=17002643456, available=4923752448, percent=71.0, used=12078891008, free=3834445824, active=12309430272, inactive=551682048, buffers=60882944, cached=1158070272, shared=14696448, slab=100794368)
[data_enhance_agent@localhost:5011] 12/06/2026 20:38:44.464 --> frame_id=e92cf86e-aa3 enhanced and forwarded.
while handling timed call
Traceback (most recent call last):
  File "/home/ewertonsjp/.pyenv/versions/cv_vend_mas/lib/python3.12/site-packages/twisted/internet/base.py", line 1105, in runUntilCurrent
    call.func(*call.args, **call.kw)
  File "/home/ewertonsjp/projects/cv-system/mas/pade/core/new_ams.py", line 80, in on_time
    self.agent.agentInstance.table.pop(agent_name)
builtins.KeyError: 'capture_agent@localhost:5010'

[capture_agent@localhost:5010] 12/06/2026 20:38:45.166 --> [RESTART] Animal 88/100 entering scale.
CPU: [45.0, 47.0, 48.5, 46.0]
RAM: svmem(total=17002643456, available=4919836672, percent=71.1, used=12082806784, free=3830530048, active=12330385408, inactive=551682048, buffers=60882944, cached=1158070272, shared=14696448, slab=100794368)
[frame_selection_agent@localhost:5012] 12/06/2026 20:38:46.008 --> frame_id=8d648c0c-d32 DISCARDED (deleted from buffer). Discarded=747, Forwarded=334
[data_enhance_agent@localhost:5011] 12/06/2026 20:38:46.286 --> frame_id=269c2d02-485 enhanced and forwarded.
RAM: svmem(total=17002643456, available=4911235072, percent=71.1, used=12091408384, free=3821928448, active=12348669952, inactive=551682048, buffers=60882944, cached=1158070272, shared=14696448, slab=100794368)
CPU: [35.6, 40.0, 35.8, 39.0]
[data_enhance_agent@localhost:5011] 12/06/2026 20:38:46.617 --> frame_id=6e843a23-fa1 enhanced and forwarded.
[data_enhance_agent@localhost:5011] 12/06/2026 20:38:46.962 --> frame_id=3711586b-866 enhanced and forwarded.
[data_enhance_agent@localhost:5011] 12/06/2026 20:38:47.413 --> frame_id=97058ba0-f5b enhanced and forwarded.
RAM: svmem(total=17002643456, available=4905582592, percent=71.1, used=12097060864, free=3816275968, active=12360925184, inactive=551682048, buffers=60882944, cached=1158070272, shared=14696448, slab=100794368)
CPU: [28.1, 35.9, 44.0, 34.3]
[data_enhance_agent@localhost:5011] 12/06/2026 20:38:47.605 --> frame_id=849f0aa8-502 enhanced and forwarded.
[data_enhance_agent@localhost:5011] 12/06/2026 20:38:47.878 --> frame_id=50b3eda6-b63 enhanced and forwarded.
[frame_selection_agent@localhost:5012] 12/06/2026 20:38:47.927 --> frame_id=89831c9a-e38 DISCARDED (deleted from buffer). Discarded=748, Forwarded=334
[frame_selection_agent@localhost:5012] 12/06/2026 20:38:48.015 --> frame_id=602e501e-2bd DISCARDED (deleted from buffer). Discarded=749, Forwarded=334
[frame_selection_agent@localhost:5012] 12/06/2026 20:38:48.087 --> frame_id=1debb8fc-f47 DISCARDED (deleted from buffer). Discarded=750, Forwarded=334
RAM: svmem(total=17002643456, available=4939022336, percent=71.0, used=12063621120, free=3849715712, active=12334432256, inactive=551682048, buffers=60882944, cached=1158070272, shared=14696448, slab=100794368)
CPU: [48.0, 53.4, 49.5, 46.4]
[frame_selection_agent@localhost:5012] 12/06/2026 20:38:48.566 --> frame_id=41c80f9d-c73 DISCARDED (deleted from buffer). Discarded=751, Forwarded=334
[frame_selection_agent@localhost:5012] 12/06/2026 20:38:48.845 --> frame_id=f1cd246b-7dc DISCARDED (deleted from buffer). Discarded=752, Forwarded=334
[frame_selection_agent@localhost:5012] 12/06/2026 20:38:49.143 --> frame_id=8075b0f7-ab2 DISCARDED (deleted from buffer). Discarded=753, Forwarded=334
RAM: svmem(total=17002643456, available=4968857600, percent=70.8, used=12033785856, free=3879534592, active=12290736128, inactive=551698432, buffers=60899328, cached=1158070272, shared=14696448, slab=100794368)
CPU: [57.7, 55.2, 55.9, 56.9]
RAM: svmem(total=17002643456, available=4970921984, percent=70.8, used=12031721472, free=3881598976, active=12290736128, inactive=551698432, buffers=60899328, cached=1158070272, shared=14696448, slab=100794368)
CPU: [44.6, 43.4, 45.5, 42.0]
RAM: svmem(total=17002643456, available=4977672192, percent=70.7, used=12024971264, free=3888349184, active=12290736128, inactive=551698432, buffers=60899328, cached=1158070272, shared=14696448, slab=100794368)
CPU: [41.8, 48.0, 42.4, 47.1]
[frame_selection_agent@localhost:5012] 12/06/2026 20:38:52.432 --> frame_id=e5070a0e-e08 DISCARDED (deleted from buffer). Discarded=754, Forwarded=334
RAM: svmem(total=17002643456, available=4982915072, percent=70.7, used=12019728384, free=3893592064, active=12290768896, inactive=551698432, buffers=60899328, cached=1158070272, shared=14696448, slab=100794368)
[frame_selection_agent@localhost:5012] 12/06/2026 20:38:52.540 --> frame_id=8a640703-7f8 DISCARDED (deleted from buffer). Discarded=755, Forwarded=334
CPU: [46.9, 48.0, 42.3, 50.5]
[frame_selection_agent@localhost:5012] 12/06/2026 20:38:52.958 --> frame_id=06cb3f1f-912 SUITABLE. Discarded=755, Forwarded=335
[data_enhance_agent@localhost:5011] 12/06/2026 20:38:53.329 --> frame_id=2d2e5f9f-c7c enhanced and forwarded.
RAM: svmem(total=17002643456, available=4970479616, percent=70.8, used=12032163840, free=3881156608, active=12316082176, inactive=551698432, buffers=60899328, cached=1158070272, shared=14696448, slab=100794368)
CPU: [53.6, 45.1, 45.0, 44.8]
RAM: svmem(total=17002643456, available=4962385920, percent=70.8, used=12040257536, free=3873046528, active=12331089920, inactive=551714816, buffers=60915712, cached=1158070272, shared=14696448, slab=100794368)
CPU: [39.4, 42.4, 46.2, 45.5]
RAM: svmem(total=17002643456, available=4942233600, percent=70.9, used=12060409856, free=3852894208, active=12352929792, inactive=551714816, buffers=60915712, cached=1158070272, shared=14696448, slab=100794368)
CPU: [41.0, 42.4, 43.7, 42.3]
[frame_selection_agent@localhost:5012] 12/06/2026 20:38:56.227 --> frame_id=8a660f67-278 SUITABLE. Discarded=755, Forwarded=336
[frame_selection_agent@localhost:5012] 12/06/2026 20:38:56.252 --> frame_id=5feb926b-336 DISCARDED (deleted from buffer). Discarded=756, Forwarded=336
[frame_selection_agent@localhost:5012] 12/06/2026 20:38:56.278 --> [BATCH READY] Sent animal_id=57 to Predict!
[frame_selection_agent@localhost:5012] 12/06/2026 20:38:56.294 --> frame_id=5bec0503-f7a SUITABLE. Discarded=756, Forwarded=337
[data_enhance_agent@localhost:5011] 12/06/2026 20:38:56.540 --> frame_id=9539e0cb-0a6 enhanced and forwarded.
[frame_selection_agent@localhost:5012] 12/06/2026 20:38:56.579 --> frame_id=de45c4e7-1de SUITABLE. Discarded=756, Forwarded=338
RAM: svmem(total=17002643456, available=4956127232, percent=70.9, used=12046516224, free=3866787840, active=12329435136, inactive=551714816, buffers=60915712, cached=1158070272, shared=14696448, slab=100794368)
CPU: [34.0, 44.2, 41.2, 39.4]
[data_enhance_agent@localhost:5011] 12/06/2026 20:38:56.974 --> frame_id=3e786fce-d6a enhanced and forwarded.
[data_enhance_agent@localhost:5011] 12/06/2026 20:38:57.258 --> frame_id=41c84258-439 enhanced and forwarded.
[frame_selection_agent@localhost:5012] 12/06/2026 20:38:57.411 --> frame_id=c7d7b52f-8dd DISCARDED (deleted from buffer). Discarded=757, Forwarded=338
[frame_selection_agent@localhost:5012] 12/06/2026 20:38:57.458 --> frame_id=95ffaebe-666 SUITABLE. Discarded=757, Forwarded=339
RAM: svmem(total=17002643456, available=4949999616, percent=70.9, used=12052643840, free=3860660224, active=12339085312, inactive=551714816, buffers=60915712, cached=1158070272, shared=14696448, slab=100794368)
CPU: [39.4, 43.0, 41.3, 32.4]
[data_enhance_agent@localhost:5011] 12/06/2026 20:38:57.831 --> frame_id=2bdfdb75-fe3 enhanced and forwarded.
[data_enhance_agent@localhost:5011] 12/06/2026 20:38:57.864 --> frame_id=2f5ba86d-60b enhanced and forwarded.
[data_enhance_agent@localhost:5011] 12/06/2026 20:38:58.099 --> frame_id=846e6530-1ce enhanced and forwarded.
[frame_selection_agent@localhost:5012] 12/06/2026 20:38:58.282 --> frame_id=46709901-25f SUITABLE. Discarded=757, Forwarded=340
[capture_agent@localhost:5010] 12/06/2026 20:38:58.318 --> [RESTART] Animal 89/100 entering scale.
[data_enhance_agent@localhost:5011] 12/06/2026 20:38:58.621 --> frame_id=1ea1feb0-507 enhanced and forwarded.
[data_enhance_agent@localhost:5011] 12/06/2026 20:38:58.661 --> frame_id=ead193cb-bd9 enhanced and forwarded.
RAM: svmem(total=17002643456, available=5002264576, percent=70.6, used=12000378880, free=3912925184, active=12290981888, inactive=551714816, buffers=60915712, cached=1158070272, shared=14696448, slab=100794368)
CPU: [28.9, 50.5, 37.6, 49.0]
[data_enhance_agent@localhost:5011] 12/06/2026 20:38:59.176 --> frame_id=6ef0b072-2bd enhanced and forwarded.
[data_enhance_agent@localhost:5011] 12/06/2026 20:38:59.200 --> frame_id=71f8737a-721 enhanced and forwarded.
[data_enhance_agent@localhost:5011] 12/06/2026 20:38:59.369 --> frame_id=1fd2cd08-0fc enhanced and forwarded.
[data_enhance_agent@localhost:5011] 12/06/2026 20:38:59.692 --> frame_id=8bbafc5d-6dd enhanced and forwarded.
RAM: svmem(total=17002643456, available=5003329536, percent=70.6, used=11999313920, free=3913990144, active=12290981888, inactive=551714816, buffers=60915712, cached=1158070272, shared=14696448, slab=100794368)
[data_enhance_agent@localhost:5011] 12/06/2026 20:38:59.788 --> frame_id=cb776e9e-efb enhanced and forwarded.
CPU: [50.0, 44.3, 34.0, 34.7]
[data_enhance_agent@localhost:5011] 12/06/2026 20:39:00.117 --> frame_id=4f05ca0f-a57 enhanced and forwarded.
[data_enhance_agent@localhost:5011] 12/06/2026 20:39:00.162 --> frame_id=c0ae24f0-87b enhanced and forwarded.
[data_enhance_agent@localhost:5011] 12/06/2026 20:39:00.179 --> frame_id=2f13e644-eca enhanced and forwarded.
RAM: svmem(total=17002643456, available=5006442496, percent=70.6, used=11996200960, free=3917103104, active=12290981888, inactive=551714816, buffers=60915712, cached=1158070272, shared=14696448, slab=100794368)
CPU: [44.7, 32.4, 47.6, 39.8]
[data_enhance_agent@localhost:5011] 12/06/2026 20:39:01.475 --> frame_id=96741f3f-01c enhanced and forwarded.
[data_enhance_agent@localhost:5011] 12/06/2026 20:39:01.494 --> frame_id=12eaad3c-5d0 enhanced and forwarded.
[data_enhance_agent@localhost:5011] 12/06/2026 20:39:01.503 --> frame_id=144e7ff4-77d enhanced and forwarded.
RAM: svmem(total=17002643456, available=5006868480, percent=70.6, used=11995774976, free=3917529088, active=12290998272, inactive=551714816, buffers=60932096, cached=1158070272, shared=14696448, slab=100794368)
CPU: [51.4, 49.5, 54.3, 54.1]
RAM: svmem(total=17002643456, available=5007835136, percent=70.5, used=11994808320, free=3918479360, active=12290998272, inactive=551731200, buffers=60932096, cached=1158070272, shared=14696448, slab=100794368)
CPU: [50.5, 46.9, 45.9, 50.0]
[frame_selection_agent@localhost:5012] 12/06/2026 20:39:03.311 --> frame_id=b3b584f3-11e DISCARDED (deleted from buffer). Discarded=758, Forwarded=340
[frame_selection_agent@localhost:5012] 12/06/2026 20:39:03.629 --> frame_id=b5d67f22-e64 DISCARDED (deleted from buffer). Discarded=759, Forwarded=340
RAM: svmem(total=17002643456, available=5007966208, percent=70.5, used=11994677248, free=3918610432, active=12290998272, inactive=551731200, buffers=60932096, cached=1158070272, shared=14696448, slab=100794368)
CPU: [54.4, 56.0, 55.9, 55.6]
[frame_selection_agent@localhost:5012] 12/06/2026 20:39:04.141 --> frame_id=288fffff-991 DISCARDED (deleted from buffer). Discarded=760, Forwarded=340
RAM: svmem(total=17002643456, available=4996988928, percent=70.6, used=12005654528, free=3907633152, active=12311265280, inactive=551731200, buffers=60932096, cached=1158070272, shared=14696448, slab=100794368)
while handling timed call
Traceback (most recent call last):
  File "/home/ewertonsjp/.pyenv/versions/cv_vend_mas/lib/python3.12/site-packages/twisted/internet/base.py", line 1105, in runUntilCurrent
    call.func(*call.args, **call.kw)
  File "/home/ewertonsjp/projects/cv-system/mas/pade/core/new_ams.py", line 80, in on_time
    self.agent.agentInstance.table.pop(agent_name)
builtins.KeyError: 'capture_agent@localhost:5010'

CPU: [56.7, 57.4, 55.6, 53.6]
RAM: svmem(total=17002643456, available=4927455232, percent=71.0, used=12075188224, free=3838083072, active=12382912512, inactive=551747584, buffers=60932096, cached=1158086656, shared=14696448, slab=100728832)
CPU: [45.5, 44.4, 45.4, 44.9]
RAM: svmem(total=17002643456, available=4924014592, percent=71.0, used=12078628864, free=3834642432, active=12392792064, inactive=551747584, buffers=60932096, cached=1158086656, shared=14696448, slab=100728832)
CPU: [44.4, 48.0, 48.0, 47.5]
[frame_selection_agent@localhost:5012] 12/06/2026 20:39:07.356 --> frame_id=36b742cd-0b3 DISCARDED (deleted from buffer). Discarded=761, Forwarded=340
[frame_selection_agent@localhost:5012] 12/06/2026 20:39:07.357 --> frame_id=c1831795-1c5 DISCARDED (deleted from buffer). Discarded=762, Forwarded=340
[frame_selection_agent@localhost:5012] 12/06/2026 20:39:07.863 --> frame_id=e76e2a48-401 DISCARDED (deleted from buffer). Discarded=763, Forwarded=340
RAM: svmem(total=17002643456, available=4869718016, percent=71.4, used=12132925440, free=3780329472, active=12439240704, inactive=551763968, buffers=60948480, cached=1158086656, shared=14696448, slab=100728832)
CPU: [52.5, 53.5, 54.0, 56.2]
[predict_weight_agent@localhost:5013] 12/06/2026 20:39:08.832 --> [FINAL] Animal 48 completed. Mean weight: 16.0062 kg
RAM: svmem(total=17002643456, available=4949065728, percent=70.9, used=12053577728, free=3859677184, active=12349227008, inactive=551763968, buffers=60948480, cached=1158086656, shared=14696448, slab=100728832)
[frame_selection_agent@localhost:5012] 12/06/2026 20:39:09.093 --> frame_id=f556bcd3-485 DISCARDED (deleted from buffer). Discarded=764, Forwarded=340
[data_enhance_agent@localhost:5011] 12/06/2026 20:39:09.151 --> frame_id=20d90ba0-2a5 enhanced and forwarded.
CPU: [47.4, 42.4, 43.4, 44.6]
[frame_selection_agent@localhost:5012] 12/06/2026 20:39:09.541 --> frame_id=3d23a882-57b DISCARDED (deleted from buffer). Discarded=765, Forwarded=340
[frame_selection_agent@localhost:5012] 12/06/2026 20:39:09.844 --> frame_id=ff8d505e-f41 DISCARDED (deleted from buffer). Discarded=766, Forwarded=340
[data_enhance_agent@localhost:5011] 12/06/2026 20:39:09.861 --> frame_id=f804bb84-2fb enhanced and forwarded.
RAM: svmem(total=17002643456, available=4969660416, percent=70.8, used=12032983040, free=3880271872, active=12305547264, inactive=551763968, buffers=60948480, cached=1158086656, shared=14696448, slab=100728832)
CPU: [48.1, 36.3, 49.1, 41.5]
[data_enhance_agent@localhost:5011] 12/06/2026 20:39:10.635 --> frame_id=6f07539f-781 enhanced and forwarded.
RAM: svmem(total=17002643456, available=4971479040, percent=70.8, used=12031164416, free=3882090496, active=12305121280, inactive=551763968, buffers=60948480, cached=1158086656, shared=14696448, slab=100728832)
CPU: [44.1, 48.1, 50.5, 47.0]
[capture_agent@localhost:5010] 12/06/2026 20:39:11.347 --> [RESTART] Animal 90/100 entering scale.
RAM: svmem(total=17002643456, available=4972249088, percent=70.8, used=12030394368, free=3882860544, active=12305121280, inactive=551763968, buffers=60948480, cached=1158086656, shared=14696448, slab=100663296)
[frame_selection_agent@localhost:5012] 12/06/2026 20:39:12.042 --> [SYNC] Expected 20 frames for animal 72
CPU: [44.6, 38.8, 41.8, 40.4]
[frame_selection_agent@localhost:5012] 12/06/2026 20:39:12.438 --> [SYNC] Expected 20 frames for animal 73
[predict_weight_agent@localhost:5013] 12/06/2026 20:39:12.478 --> [BATCH INFERENCE] Running full network on 6 frames for animal 49
[frame_selection_agent@localhost:5012] 12/06/2026 20:39:12.732 --> frame_id=289498db-39e DISCARDED (deleted from buffer). Discarded=767, Forwarded=340
[frame_selection_agent@localhost:5012] 12/06/2026 20:39:12.887 --> frame_id=0101bc1e-18d DISCARDED (deleted from buffer). Discarded=768, Forwarded=340
[frame_selection_agent@localhost:5012] 12/06/2026 20:39:12.911 --> [BATCH READY] Sent animal_id=58 to Predict!
[frame_selection_agent@localhost:5012] 12/06/2026 20:39:12.944 --> frame_id=da213799-8e8 SUITABLE. Discarded=768, Forwarded=341
RAM: svmem(total=17002643456, available=4978507776, percent=70.7, used=12024135680, free=3889119232, active=12305121280, inactive=551763968, buffers=60964864, cached=1158086656, shared=14696448, slab=100663296)
CPU: [52.9, 50.5, 51.0, 50.9]
RAM: svmem(total=17002643456, available=4983177216, percent=70.7, used=12019466240, free=3893772288, active=12305154048, inactive=551780352, buffers=60964864, cached=1158086656, shared=14696448, slab=100663296)
CPU: [46.0, 49.0, 44.9, 47.4]
RAM: svmem(total=17002643456, available=4947083264, percent=70.9, used=12055560192, free=3857678336, active=12332285952, inactive=551780352, buffers=60964864, cached=1158086656, shared=14696448, slab=100663296)
CPU: [29.4, 30.1, 29.3, 61.2]
RAM: svmem(total=17002643456, available=4937744384, percent=71.0, used=12064899072, free=3848339456, active=12342870016, inactive=551780352, buffers=60964864, cached=1158086656, shared=14696448, slab=100663296)
CPU: [44.6, 41.2, 46.2, 42.6]
[frame_selection_agent@localhost:5012] 12/06/2026 20:39:16.510 --> frame_id=70552f76-9a8 SUITABLE. Discarded=768, Forwarded=342
[frame_selection_agent@localhost:5012] 12/06/2026 20:39:17.054 --> frame_id=347182e0-3de SUITABLE. Discarded=768, Forwarded=343
RAM: svmem(total=17002643456, available=4923506688, percent=71.0, used=12079136768, free=3834101760, active=12359434240, inactive=551780352, buffers=60964864, cached=1158086656, shared=14696448, slab=100646912)
CPU: [23.5, 31.7, 39.0, 39.0]
[data_enhance_agent@localhost:5011] 12/06/2026 20:39:17.462 --> frame_id=df1c6991-9d3 enhanced and forwarded.
[data_enhance_agent@localhost:5011] 12/06/2026 20:39:17.467 --> frame_id=a00d75f0-a06 enhanced and forwarded.
[data_enhance_agent@localhost:5011] 12/06/2026 20:39:17.788 --> frame_id=ca1165d3-e56 enhanced and forwarded.
[frame_selection_agent@localhost:5012] 12/06/2026 20:39:17.796 --> frame_id=a1aec7dd-bc0 SUITABLE. Discarded=768, Forwarded=344
[data_enhance_agent@localhost:5011] 12/06/2026 20:39:17.808 --> frame_id=20d8c645-b8a enhanced and forwarded.
[frame_selection_agent@localhost:5012] 12/06/2026 20:39:18.029 --> [SYNC] Expected 20 frames for animal 74
RAM: svmem(total=17002643456, available=4911972352, percent=71.1, used=12090671104, free=3822551040, active=12377702400, inactive=551796736, buffers=60981248, cached=1158086656, shared=14696448, slab=100646912)
CPU: [48.0, 52.9, 52.6, 49.5]
[frame_selection_agent@localhost:5012] 12/06/2026 20:39:18.556 --> frame_id=3b775f78-666 SUITABLE. Discarded=768, Forwarded=345
[data_enhance_agent@localhost:5011] 12/06/2026 20:39:18.872 --> frame_id=afa6e8eb-79e enhanced and forwarded.
[frame_selection_agent@localhost:5012] 12/06/2026 20:39:18.951 --> frame_id=ffd8d951-dce SUITABLE. Discarded=768, Forwarded=346
RAM: svmem(total=17002643456, available=4926029824, percent=71.0, used=12076613632, free=3836608512, active=12362465280, inactive=551796736, buffers=60981248, cached=1158086656, shared=14696448, slab=100646912)
[data_enhance_agent@localhost:5011] 12/06/2026 20:39:19.282 --> frame_id=6d549cc6-e2e enhanced and forwarded.
CPU: [37.0, 37.9, 37.0, 49.5]
[frame_selection_agent@localhost:5012] 12/06/2026 20:39:19.591 --> frame_id=9eaa3963-943 DISCARDED (deleted from buffer). Discarded=769, Forwarded=346
[data_enhance_agent@localhost:5011] 12/06/2026 20:39:19.984 --> frame_id=4fc4b2a0-a44 enhanced and forwarded.
RAM: svmem(total=17002643456, available=4981161984, percent=70.7, used=12021481472, free=3891740672, active=12305252352, inactive=551796736, buffers=60981248, cached=1158086656, shared=14696448, slab=100646912)
[frame_selection_agent@localhost:5012] 12/06/2026 20:39:20.300 --> frame_id=a4c14542-f2d DISCARDED (deleted from buffer). Discarded=770, Forwarded=346
CPU: [45.0, 47.6, 36.7, 40.0]
[data_enhance_agent@localhost:5011] 12/06/2026 20:39:20.523 --> frame_id=efcb76ab-fba enhanced and forwarded.
RAM: svmem(total=17002643456, available=4983734272, percent=70.7, used=12018909184, free=3894312960, active=12305252352, inactive=551796736, buffers=60981248, cached=1158086656, shared=14696448, slab=100646912)
CPU: [48.5, 47.4, 47.0, 51.9]
[frame_selection_agent@localhost:5012] 12/06/2026 20:39:21.647 --> frame_id=1e91d99a-f3a DISCARDED (deleted from buffer). Discarded=771, Forwarded=346
[data_enhance_agent@localhost:5011] 12/06/2026 20:39:21.979 --> frame_id=d8923e70-f85 enhanced and forwarded.
RAM: svmem(total=17002643456, available=4987699200, percent=70.7, used=12014944256, free=3898277888, active=12305252352, inactive=551796736, buffers=60981248, cached=1158086656, shared=14696448, slab=100646912)
[frame_selection_agent@localhost:5012] 12/06/2026 20:39:22.244 --> frame_id=0392d2b3-cf6 DISCARDED (deleted from buffer). Discarded=772, Forwarded=346
[frame_selection_agent@localhost:5012] 12/06/2026 20:39:22.431 --> frame_id=eac3f3b8-c10 DISCARDED (deleted from buffer). Discarded=773, Forwarded=346
CPU: [45.6, 37.9, 44.2, 42.4]
[data_enhance_agent@localhost:5011] 12/06/2026 20:39:22.838 --> frame_id=1e0682dd-22d enhanced and forwarded.
[data_enhance_agent@localhost:5011] 12/06/2026 20:39:23.130 --> frame_id=ab9faf5a-e35 enhanced and forwarded.
RAM: svmem(total=17002643456, available=4990959616, percent=70.6, used=12011683840, free=3901538304, active=12305252352, inactive=551796736, buffers=60997632, cached=1158086656, shared=14696448, slab=100646912)
CPU: [41.8, 50.5, 39.4, 41.6]
RAM: svmem(total=17002643456, available=4989976576, percent=70.7, used=12012666880, free=3900538880, active=12308070400, inactive=551813120, buffers=60997632, cached=1158086656, shared=14696448, slab=100646912)
CPU: [43.2, 43.3, 43.6, 43.1]
[capture_agent@localhost:5010] 12/06/2026 20:39:24.644 --> [RESTART] Animal 91/100 entering scale.
while handling timed call
Traceback (most recent call last):
  File "/home/ewertonsjp/.pyenv/versions/cv_vend_mas/lib/python3.12/site-packages/twisted/internet/base.py", line 1105, in runUntilCurrent
    call.func(*call.args, **call.kw)
  File "/home/ewertonsjp/projects/cv-system/mas/pade/core/new_ams.py", line 80, in on_time
    self.agent.agentInstance.table.pop(agent_name)
builtins.KeyError: 'capture_agent@localhost:5010'

RAM: svmem(total=17002643456, available=4958765056, percent=70.8, used=12043878400, free=3869327360, active=12343001088, inactive=551813120, buffers=60997632, cached=1158086656, shared=14696448, slab=100646912)
CPU: [44.2, 44.2, 42.3, 41.8]
[frame_selection_agent@localhost:5012] 12/06/2026 20:39:26.118 --> frame_id=02d7462b-eb0 DISCARDED (deleted from buffer). Discarded=774, Forwarded=346
RAM: svmem(total=17002643456, available=4947214336, percent=70.9, used=12055429120, free=3857776640, active=12352995328, inactive=551813120, buffers=60997632, cached=1158086656, shared=14696448, slab=100646912)
[data_enhance_agent@localhost:5011] 12/06/2026 20:39:26.384 --> frame_id=d20888c2-b81 enhanced and forwarded.
CPU: [38.2, 35.6, 48.0, 35.0]
[frame_selection_agent@localhost:5012] 12/06/2026 20:39:26.657 --> frame_id=41a8d12f-798 DISCARDED (deleted from buffer). Discarded=775, Forwarded=346
[data_enhance_agent@localhost:5011] 12/06/2026 20:39:27.027 --> frame_id=7b85529f-a51 enhanced and forwarded.
[data_enhance_agent@localhost:5011] 12/06/2026 20:39:27.124 --> frame_id=6745d2da-760 enhanced and forwarded.
RAM: svmem(total=17002643456, available=4927553536, percent=71.0, used=12075089920, free=3838115840, active=12364677120, inactive=551813120, buffers=60997632, cached=1158086656, shared=14696448, slab=100646912)
[data_enhance_agent@localhost:5011] 12/06/2026 20:39:27.455 --> frame_id=a980619b-d10 enhanced and forwarded.
[frame_selection_agent@localhost:5012] 12/06/2026 20:39:27.501 --> frame_id=5f5e18a9-2ad DISCARDED (deleted from buffer). Discarded=776, Forwarded=346
[data_enhance_agent@localhost:5011] 12/06/2026 20:39:27.663 --> frame_id=84592c34-c1c enhanced and forwarded.
CPU: [37.5, 35.4, 28.3, 22.3]
[data_enhance_agent@localhost:5011] 12/06/2026 20:39:27.987 --> frame_id=3f50b706-686 enhanced and forwarded.
[data_enhance_agent@localhost:5011] 12/06/2026 20:39:28.389 --> frame_id=6cc801a1-c19 enhanced and forwarded.
RAM: svmem(total=17002643456, available=4909137920, percent=71.1, used=12093505536, free=3819683840, active=12375326720, inactive=551829504, buffers=61014016, cached=1158086656, shared=14696448, slab=100646912)
[data_enhance_agent@localhost:5011] 12/06/2026 20:39:28.433 --> frame_id=4cdd60fb-c10 enhanced and forwarded.
[data_enhance_agent@localhost:5011] 12/06/2026 20:39:28.467 --> frame_id=f35a9aa1-fd9 enhanced and forwarded.
[data_enhance_agent@localhost:5011] 12/06/2026 20:39:28.682 --> frame_id=d194017e-2b9 enhanced and forwarded.
[data_enhance_agent@localhost:5011] 12/06/2026 20:39:28.736 --> frame_id=5f436bae-5ea enhanced and forwarded.
CPU: [39.8, 37.0, 29.9, 30.8]
[data_enhance_agent@localhost:5011] 12/06/2026 20:39:29.107 --> frame_id=2182c852-779 enhanced and forwarded.
[data_enhance_agent@localhost:5011] 12/06/2026 20:39:29.155 --> frame_id=d41f5b10-39e enhanced and forwarded.
[frame_selection_agent@localhost:5012] 12/06/2026 20:39:29.282 --> frame_id=1e23a236-a91 DISCARDED (deleted from buffer). Discarded=777, Forwarded=346
[frame_selection_agent@localhost:5012] 12/06/2026 20:39:29.424 --> frame_id=7252e05d-7cc DISCARDED (deleted from buffer). Discarded=778, Forwarded=346
RAM: svmem(total=17002643456, available=4930043904, percent=71.0, used=12072599552, free=3840589824, active=12355534848, inactive=551829504, buffers=61014016, cached=1158086656, shared=14696448, slab=100646912)
CPU: [65.7, 67.6, 69.6, 65.3]
[frame_selection_agent@localhost:5012] 12/06/2026 20:39:30.104 --> frame_id=7e92fdb1-7df DISCARDED (deleted from buffer). Discarded=779, Forwarded=346
[frame_selection_agent@localhost:5012] 12/06/2026 20:39:30.428 --> frame_id=d37ce6a0-eb2 DISCARDED (deleted from buffer). Discarded=780, Forwarded=346
RAM: svmem(total=17002643456, available=4967186432, percent=70.8, used=12035457024, free=3877732352, active=12305350656, inactive=551829504, buffers=61014016, cached=1158086656, shared=14696448, slab=100646912)
CPU: [60.2, 58.8, 59.8, 59.8]
RAM: svmem(total=17002643456, available=4968382464, percent=70.8, used=12034260992, free=3878928384, active=12305350656, inactive=551829504, buffers=61014016, cached=1158086656, shared=14696448, slab=100712448)
CPU: [42.7, 42.7, 46.0, 46.5]
[frame_selection_agent@localhost:5012] 12/06/2026 20:39:32.295 --> frame_id=cd21b536-5f5 DISCARDED (deleted from buffer). Discarded=781, Forwarded=346
RAM: svmem(total=17002643456, available=4979916800, percent=70.7, used=12022726656, free=3890462720, active=12305350656, inactive=551829504, buffers=61014016, cached=1158086656, shared=14696448, slab=100712448)
[frame_selection_agent@localhost:5012] 12/06/2026 20:39:32.968 --> frame_id=76df1a2f-8b7 DISCARDED (deleted from buffer). Discarded=782, Forwarded=346
[frame_selection_agent@localhost:5012] 12/06/2026 20:39:33.008 --> [BATCH READY] Sent animal_id=59 to Predict!
CPU: [50.0, 45.8, 48.6, 50.0]
[data_enhance_agent@localhost:5011] 12/06/2026 20:39:33.270 --> frame_id=967cdc39-47f enhanced and forwarded.
[frame_selection_agent@localhost:5012] 12/06/2026 20:39:33.343 --> frame_id=dafad3f9-d54 SUITABLE. Discarded=782, Forwarded=347
RAM: svmem(total=17002643456, available=4980621312, percent=70.7, used=12022022144, free=3891150848, active=12305350656, inactive=551845888, buffers=61030400, cached=1158086656, shared=14696448, slab=100712448)
CPU: [58.3, 61.1, 58.5, 58.4]
RAM: svmem(total=17002643456, available=4819107840, percent=71.7, used=12183535616, free=3729637376, active=12449071104, inactive=551845888, buffers=61030400, cached=1158086656, shared=14696448, slab=100712448)
CPU: [44.8, 51.5, 49.5, 49.5]
RAM: svmem(total=17002643456, available=4765532160, percent=72.0, used=12237111296, free=3676061696, active=12519391232, inactive=551845888, buffers=61030400, cached=1158086656, shared=14696448, slab=100712448)
CPU: [44.0, 44.0, 47.6, 47.5]
RAM: svmem(total=17002643456, available=4760616960, percent=72.0, used=12242026496, free=3671146496, active=12525780992, inactive=551845888, buffers=61030400, cached=1158086656, shared=14696448, slab=100712448)
CPU: [47.5, 49.0, 49.0, 48.5]
[frame_selection_agent@localhost:5012] 12/06/2026 20:39:37.568 --> frame_id=6bf626b7-ccc SUITABLE. Discarded=782, Forwarded=348
RAM: svmem(total=17002643456, available=4663296000, percent=72.6, used=12339347456, free=3573825536, active=12608569344, inactive=551845888, buffers=61030400, cached=1158086656, shared=14696448, slab=100712448)
[data_enhance_agent@localhost:5011] 12/06/2026 20:39:37.975 --> frame_id=51bff372-0b6 enhanced and forwarded.
[capture_agent@localhost:5010] 12/06/2026 20:39:38.094 --> [RESTART] Animal 92/100 entering scale.
CPU: [48.4, 41.2, 43.3, 42.0]
[frame_selection_agent@localhost:5012] 12/06/2026 20:39:38.414 --> frame_id=7df46461-6e5 SUITABLE. Discarded=782, Forwarded=349
[frame_selection_agent@localhost:5012] 12/06/2026 20:39:38.523 --> frame_id=e12637d7-fa8 SUITABLE. Discarded=782, Forwarded=350
[frame_selection_agent@localhost:5012] 12/06/2026 20:39:38.551 --> frame_id=025c2a97-45c SUITABLE. Discarded=782, Forwarded=351
RAM: svmem(total=17002643456, available=4541906944, percent=73.3, used=12460736512, free=3452420096, active=12665012224, inactive=551862272, buffers=61046784, cached=1158103040, shared=14696448, slab=100712448)
[predict_weight_agent@localhost:5013] 12/06/2026 20:39:38.816 --> [FINAL] Animal 49 completed. Mean weight: 16.0062 kg
[data_enhance_agent@localhost:5011] 12/06/2026 20:39:38.908 --> frame_id=fe391dce-3be enhanced and forwarded.
[frame_selection_agent@localhost:5012] 12/06/2026 20:39:39.297 --> frame_id=cea04bce-3f5 SUITABLE. Discarded=782, Forwarded=352
CPU: [45.0, 42.7, 48.0, 57.0]
[frame_selection_agent@localhost:5012] 12/06/2026 20:39:39.575 --> frame_id=1b977c03-b0c DISCARDED (deleted from buffer). Discarded=783, Forwarded=352
[data_enhance_agent@localhost:5011] 12/06/2026 20:39:39.607 --> frame_id=5186382d-e12 enhanced and forwarded.
RAM: svmem(total=17002643456, available=4692049920, percent=72.4, used=12310593536, free=3602546688, active=12432769024, inactive=551878656, buffers=61046784, cached=1158103040, shared=14696448, slab=100712448)
CPU: [51.9, 49.5, 51.9, 51.0]
RAM: svmem(total=17002643456, available=4699734016, percent=72.4, used=12302909440, free=3610230784, active=12432769024, inactive=551878656, buffers=61046784, cached=1158103040, shared=14696448, slab=100712448)
[frame_selection_agent@localhost:5012] 12/06/2026 20:39:41.309 --> frame_id=525eaaf5-1bf DISCARDED (deleted from buffer). Discarded=784, Forwarded=352
CPU: [43.6, 40.8, 40.6, 38.6]
[data_enhance_agent@localhost:5011] 12/06/2026 20:39:41.620 --> frame_id=a804589b-975 enhanced and forwarded.
RAM: svmem(total=17002643456, available=4715626496, percent=72.3, used=12287016960, free=3626123264, active=12432769024, inactive=551878656, buffers=61046784, cached=1158103040, shared=14696448, slab=100712448)
[frame_selection_agent@localhost:5012] 12/06/2026 20:39:42.065 --> frame_id=18579963-019 DISCARDED (deleted from buffer). Discarded=785, Forwarded=352
[frame_selection_agent@localhost:5012] 12/06/2026 20:39:42.113 --> frame_id=8cfbbd20-1a3 DISCARDED (deleted from buffer). Discarded=786, Forwarded=352
CPU: [49.5, 51.4, 54.2, 53.8]
RAM: svmem(total=17002643456, available=4754128896, percent=72.0, used=12248514560, free=3664625664, active=12432769024, inactive=551878656, buffers=61046784, cached=1158086656, shared=14696448, slab=100696064)
CPU: [49.5, 48.4, 46.5, 50.9]
RAM: svmem(total=17002643456, available=4765777920, percent=72.0, used=12236865536, free=3676274688, active=12448530432, inactive=551878656, buffers=61046784, cached=1158086656, shared=14696448, slab=100696064)
CPU: [39.4, 43.7, 44.9, 40.6]
RAM: svmem(total=17002643456, available=4763074560, percent=72.0, used=12239568896, free=3673571328, active=12470632448, inactive=551878656, buffers=61046784, cached=1158103040, shared=14696448, slab=100712448)
while handling timed call
Traceback (most recent call last):
  File "/home/ewertonsjp/.pyenv/versions/cv_vend_mas/lib/python3.12/site-packages/twisted/internet/base.py", line 1105, in runUntilCurrent
    call.func(*call.args, **call.kw)
  File "/home/ewertonsjp/projects/cv-system/mas/pade/core/new_ams.py", line 80, in on_time
    self.agent.agentInstance.table.pop(agent_name)
builtins.KeyError: 'capture_agent@localhost:5010'

CPU: [38.5, 43.9, 43.6, 40.0]
RAM: svmem(total=17002643456, available=4761042944, percent=72.0, used=12241600512, free=3671539712, active=12485230592, inactive=551878656, buffers=61046784, cached=1158103040, shared=14696448, slab=100712448)
[frame_selection_agent@localhost:5012] 12/06/2026 20:39:46.293 --> frame_id=92182ae2-bee DISCARDED (deleted from buffer). Discarded=787, Forwarded=352
CPU: [43.0, 46.0, 43.1, 42.4]
RAM: svmem(total=17002643456, available=4749099008, percent=72.1, used=12253544448, free=3659595776, active=12515704832, inactive=551878656, buffers=61046784, cached=1158103040, shared=14696448, slab=100712448)
[frame_selection_agent@localhost:5012] 12/06/2026 20:39:46.772 --> frame_id=8227f162-d51 DISCARDED (deleted from buffer). Discarded=788, Forwarded=352
[frame_selection_agent@localhost:5012] 12/06/2026 20:39:47.011 --> frame_id=dda69bfa-1eb DISCARDED (deleted from buffer). Discarded=789, Forwarded=352
[data_enhance_agent@localhost:5011] 12/06/2026 20:39:47.052 --> frame_id=c90cd4fd-8c6 enhanced and forwarded.
CPU: [49.5, 39.6, 22.9, 24.2]
[frame_selection_agent@localhost:5012] 12/06/2026 20:39:47.658 --> frame_id=278e66f9-84f DISCARDED (deleted from buffer). Discarded=790, Forwarded=352
[data_enhance_agent@localhost:5011] 12/06/2026 20:39:47.659 --> frame_id=4cbd1e8e-d7a enhanced and forwarded.
RAM: svmem(total=17002643456, available=4773429248, percent=71.9, used=12229214208, free=3683926016, active=12488441856, inactive=551878656, buffers=61046784, cached=1158103040, shared=14696448, slab=100679680)
[data_enhance_agent@localhost:5011] 12/06/2026 20:39:47.917 --> frame_id=2cc47bc9-ff7 enhanced and forwarded.
[data_enhance_agent@localhost:5011] 12/06/2026 20:39:48.213 --> frame_id=1af91ca0-673 enhanced and forwarded.
[data_enhance_agent@localhost:5011] 12/06/2026 20:39:48.248 --> frame_id=33cb41ac-ae8 enhanced and forwarded.
[data_enhance_agent@localhost:5011] 12/06/2026 20:39:48.476 --> frame_id=8ae15c88-568 enhanced and forwarded.
[data_enhance_agent@localhost:5011] 12/06/2026 20:39:48.584 --> frame_id=70af1980-da4 enhanced and forwarded.
[data_enhance_agent@localhost:5011] 12/06/2026 20:39:48.646 --> frame_id=5c442bbd-bc0 enhanced and forwarded.
CPU: [39.8, 18.4, 17.6, 40.6]
[frame_selection_agent@localhost:5012] 12/06/2026 20:39:48.806 --> frame_id=5d703697-908 DISCARDED (deleted from buffer). Discarded=791, Forwarded=352
RAM: svmem(total=17002643456, available=4774035456, percent=71.9, used=12228608000, free=3684532224, active=12489457664, inactive=551878656, buffers=61046784, cached=1158103040, shared=14696448, slab=100679680)
[data_enhance_agent@localhost:5011] 12/06/2026 20:39:49.088 --> frame_id=d092c7d5-1e7 enhanced and forwarded.
[data_enhance_agent@localhost:5011] 12/06/2026 20:39:49.161 --> frame_id=25617504-84b enhanced and forwarded.
[frame_selection_agent@localhost:5012] 12/06/2026 20:39:49.211 --> frame_id=3c3511b0-e59 DISCARDED (deleted from buffer). Discarded=792, Forwarded=352
[data_enhance_agent@localhost:5011] 12/06/2026 20:39:49.386 --> frame_id=0be10f12-7e5 enhanced and forwarded.
[data_enhance_agent@localhost:5011] 12/06/2026 20:39:49.417 --> frame_id=7efd4633-9c6 enhanced and forwarded.
[data_enhance_agent@localhost:5011] 12/06/2026 20:39:49.539 --> frame_id=e649a9ed-f7d enhanced and forwarded.
[data_enhance_agent@localhost:5011] 12/06/2026 20:39:49.673 --> frame_id=43fe2eb5-a78 enhanced and forwarded.
CPU: [31.1, 40.8, 29.1, 32.4]
RAM: svmem(total=17002643456, available=4837507072, percent=71.5, used=12165136384, free=3748003840, active=12432850944, inactive=551878656, buffers=61046784, cached=1158103040, shared=14696448, slab=100679680)
[frame_selection_agent@localhost:5012] 12/06/2026 20:39:50.041 --> frame_id=3f31d6c2-35e DISCARDED (deleted from buffer). Discarded=793, Forwarded=352
[data_enhance_agent@localhost:5011] 12/06/2026 20:39:50.341 --> frame_id=61aeda78-a30 enhanced and forwarded.
[data_enhance_agent@localhost:5011] 12/06/2026 20:39:50.574 --> frame_id=84cbd9aa-9fc enhanced and forwarded.
CPU: [47.5, 48.0, 48.5, 57.3]
RAM: svmem(total=17002643456, available=4843339776, percent=71.5, used=12159303680, free=3753820160, active=12432850944, inactive=551895040, buffers=61063168, cached=1158103040, shared=14696448, slab=100761600)
[capture_agent@localhost:5010] 12/06/2026 20:39:51.373 --> [RESTART] Animal 93/100 entering scale.
CPU: [45.6, 43.8, 43.6, 40.4]
RAM: svmem(total=17002643456, available=4846616576, percent=71.5, used=12156026880, free=3757096960, active=12432850944, inactive=551895040, buffers=61063168, cached=1158103040, shared=14696448, slab=100696064)
[frame_selection_agent@localhost:5012] 12/06/2026 20:39:52.220 --> frame_id=362ae311-fc9 DISCARDED (deleted from buffer). Discarded=794, Forwarded=352
[frame_selection_agent@localhost:5012] 12/06/2026 20:39:52.334 --> [SYNC] Expected 20 frames for animal 75
[data_enhance_agent@localhost:5011] 12/06/2026 20:39:52.703 --> frame_id=8346b936-3f5 enhanced and forwarded.
[frame_selection_agent@localhost:5012] 12/06/2026 20:39:52.707 --> frame_id=444aeaae-dd9 DISCARDED (deleted from buffer). Discarded=795, Forwarded=352
CPU: [29.1, 47.5, 29.7, 36.9]
RAM: svmem(total=17002643456, available=4850089984, percent=71.5, used=12152553472, free=3760553984, active=12432850944, inactive=551895040, buffers=61063168, cached=1158119424, shared=14696448, slab=100712448)
[frame_selection_agent@localhost:5012] 12/06/2026 20:39:53.296 --> [SYNC] Expected 20 frames for animal 76
[predict_weight_agent@localhost:5013] 12/06/2026 20:39:53.328 --> [BATCH INFERENCE] Running full network on 6 frames for animal 50
[data_enhance_agent@localhost:5011] 12/06/2026 20:39:53.830 --> frame_id=86e613f4-81c enhanced and forwarded.
[frame_selection_agent@localhost:5012] 12/06/2026 20:39:53.837 --> frame_id=042e5bc8-9a6 DISCARDED (deleted from buffer). Discarded=796, Forwarded=352
[frame_selection_agent@localhost:5012] 12/06/2026 20:39:53.845 --> [BATCH READY] Sent animal_id=60 to Predict!
[data_enhance_agent@localhost:5011] 12/06/2026 20:39:53.852 --> frame_id=dc520d53-206 enhanced and forwarded.
CPU: [49.0, 50.5, 47.9, 48.0]
RAM: svmem(total=17002643456, available=4858658816, percent=71.4, used=12143984640, free=3769122816, active=12432850944, inactive=551895040, buffers=61063168, cached=1158119424, shared=14696448, slab=100712448)
[frame_selection_agent@localhost:5012] 12/06/2026 20:39:54.180 --> [SYNC] Expected 17 frames for animal 77
CPU: [43.4, 47.5, 45.9, 42.3]
RAM: svmem(total=17002643456, available=4838670336, percent=71.5, used=12163973120, free=3749134336, active=12461703168, inactive=551895040, buffers=61063168, cached=1158119424, shared=14696448, slab=100712448)
CPU: [44.1, 42.9, 42.0, 40.8]
RAM: svmem(total=17002643456, available=4832280576, percent=71.6, used=12170362880, free=3742744576, active=12470910976, inactive=551895040, buffers=61063168, cached=1158119424, shared=14696448, slab=100712448)
CPU: [43.0, 42.1, 40.6, 40.8]
RAM: svmem(total=17002643456, available=4827136000, percent=71.6, used=12175507456, free=3737583616, active=12479807488, inactive=551911424, buffers=61079552, cached=1158119424, shared=14696448, slab=100712448)
[frame_selection_agent@localhost:5012] 12/06/2026 20:39:57.024 --> frame_id=4740f194-7d5 SUITABLE. Discarded=796, Forwarded=353
[data_enhance_agent@localhost:5011] 12/06/2026 20:39:57.355 --> frame_id=16735493-872 enhanced and forwarded.
[data_enhance_agent@localhost:5011] 12/06/2026 20:39:57.703 --> frame_id=1dac9063-653 enhanced and forwarded.
CPU: [42.2, 37.4, 38.2, 42.2]
RAM: svmem(total=17002643456, available=4799594496, percent=71.8, used=12203048960, free=3710058496, active=12502155264, inactive=551911424, buffers=61079552, cached=1158086656, shared=14696448, slab=100679680)
[frame_selection_agent@localhost:5012] 12/06/2026 20:39:58.525 --> frame_id=74d42077-104 SUITABLE. Discarded=796, Forwarded=354
[frame_selection_agent@localhost:5012] 12/06/2026 20:39:58.598 --> frame_id=24ac8226-61c SUITABLE. Discarded=796, Forwarded=355
[frame_selection_agent@localhost:5012] 12/06/2026 20:39:58.875 --> frame_id=70df0583-5c0 SUITABLE. Discarded=796, Forwarded=356
CPU: [46.5, 41.7, 43.4, 43.1]
RAM: svmem(total=17002643456, available=4797677568, percent=71.8, used=12204965888, free=3708141568, active=12490440704, inactive=551911424, buffers=61079552, cached=1158086656, shared=14696448, slab=100679680)
[frame_selection_agent@localhost:5012] 12/06/2026 20:39:59.195 --> frame_id=2cecaba6-9eb SUITABLE. Discarded=796, Forwarded=357
[data_enhance_agent@localhost:5011] 12/06/2026 20:39:59.371 --> frame_id=38a25937-23a enhanced and forwarded.
[data_enhance_agent@localhost:5011] 12/06/2026 20:39:59.598 --> frame_id=1b09d56f-6d4 enhanced and forwarded.
[data_enhance_agent@localhost:5011] 12/06/2026 20:39:59.633 --> frame_id=b3dc4014-096 enhanced and forwarded.
[frame_selection_agent@localhost:5012] 12/06/2026 20:39:59.750 --> frame_id=d39ba480-765 DISCARDED (deleted from buffer). Discarded=797, Forwarded=357
[frame_selection_agent@localhost:5012] 12/06/2026 20:40:00.034 --> frame_id=0fdbb96e-512 SUITABLE. Discarded=797, Forwarded=358
[data_enhance_agent@localhost:5011] 12/06/2026 20:40:00.043 --> frame_id=0dc24e13-a25 enhanced and forwarded.
CPU: [38.6, 49.5, 25.5, 30.7]
RAM: svmem(total=17002643456, available=4845666304, percent=71.5, used=12156977152, free=3756130304, active=12433031168, inactive=551911424, buffers=61079552, cached=1158086656, shared=14696448, slab=100679680)
[data_enhance_agent@localhost:5011] 12/06/2026 20:40:00.152 --> frame_id=5340f069-c41 enhanced and forwarded.
CPU: [54.0, 54.1, 54.5, 53.5]
RAM: svmem(total=17002643456, available=4847222784, percent=71.5, used=12155420672, free=3757686784, active=12433031168, inactive=551911424, buffers=61079552, cached=1158086656, shared=14696448, slab=100679680)
[frame_selection_agent@localhost:5012] 12/06/2026 20:40:01.489 --> frame_id=726818c6-e9c DISCARDED (deleted from buffer). Discarded=798, Forwarded=358
[frame_selection_agent@localhost:5012] 12/06/2026 20:40:02.061 --> frame_id=71ad514a-87f DISCARDED (deleted from buffer). Discarded=799, Forwarded=358
CPU: [45.5, 44.4, 46.7, 45.9]
RAM: svmem(total=17002643456, available=4859035648, percent=71.4, used=12143607808, free=3769499648, active=12433031168, inactive=551911424, buffers=61079552, cached=1158086656, shared=14696448, slab=100679680)
[frame_selection_agent@localhost:5012] 12/06/2026 20:40:02.153 --> frame_id=2862f43c-38a DISCARDED (deleted from buffer). Discarded=800, Forwarded=358
[data_enhance_agent@localhost:5011] 12/06/2026 20:40:02.459 --> frame_id=cb2a5cd3-4dd enhanced and forwarded.
[data_enhance_agent@localhost:5011] 12/06/2026 20:40:02.813 --> frame_id=a2acd368-365 enhanced and forwarded.
RAM: svmem(total=17002643456, available=4862525440, percent=71.4, used=12140118016, free=3772989440, active=12433031168, inactive=551911424, buffers=61079552, cached=1158086656, shared=14696448, slab=100679680)
CPU: [43.1, 41.6, 39.8, 55.1]
RAM: svmem(total=17002643456, available=4857413632, percent=71.4, used=12145229824, free=3767877632, active=12442959872, inactive=551911424, buffers=61079552, cached=1158086656, shared=14696448, slab=100679680)
CPU: [44.8, 47.1, 48.5, 42.7]
[capture_agent@localhost:5010] 12/06/2026 20:40:04.482 --> [RESTART] Animal 94/100 entering scale.
while handling timed call
Traceback (most recent call last):
  File "/home/ewertonsjp/.pyenv/versions/cv_vend_mas/lib/python3.12/site-packages/twisted/internet/base.py", line 1105, in runUntilCurrent
    call.func(*call.args, **call.kw)
  File "/home/ewertonsjp/projects/cv-system/mas/pade/core/new_ams.py", line 80, in on_time
    self.agent.agentInstance.table.pop(agent_name)
builtins.KeyError: 'capture_agent@localhost:5010'

RAM: svmem(total=17002643456, available=4835049472, percent=71.6, used=12167593984, free=3745513472, active=12476383232, inactive=551911424, buffers=61079552, cached=1158086656, shared=14696448, slab=100679680)
CPU: [43.0, 43.0, 45.0, 46.3]
RAM: svmem(total=17002643456, available=4827922432, percent=71.6, used=12174721024, free=3738386432, active=12483837952, inactive=551911424, buffers=61079552, cached=1158086656, shared=14696448, slab=100679680)
CPU: [42.4, 42.3, 44.7, 44.0]
[frame_selection_agent@localhost:5012] 12/06/2026 20:40:06.694 --> frame_id=9d240fa8-13b DISCARDED (deleted from buffer). Discarded=801, Forwarded=358
RAM: svmem(total=17002643456, available=4793040896, percent=71.8, used=12209602560, free=3703488512, active=12509216768, inactive=551927808, buffers=61079552, cached=1158103040, shared=14696448, slab=100679680)
CPU: [44.9, 42.1, 45.6, 41.8]
[frame_selection_agent@localhost:5012] 12/06/2026 20:40:07.295 --> frame_id=faad7d60-fdf DISCARDED (deleted from buffer). Discarded=802, Forwarded=358
[frame_selection_agent@localhost:5012] 12/06/2026 20:40:07.601 --> frame_id=b34bd608-2e7 DISCARDED (deleted from buffer). Discarded=803, Forwarded=358
[data_enhance_agent@localhost:5011] 12/06/2026 20:40:08.000 --> frame_id=8fc37a21-3a6 enhanced and forwarded.
[frame_selection_agent@localhost:5012] 12/06/2026 20:40:08.174 --> frame_id=e2328869-f3b DISCARDED (deleted from buffer). Discarded=804, Forwarded=358
RAM: svmem(total=17002643456, available=4801724416, percent=71.8, used=12200919040, free=3712155648, active=12490522624, inactive=551944192, buffers=61095936, cached=1158103040, shared=14696448, slab=100679680)
[frame_selection_agent@localhost:5012] 12/06/2026 20:40:08.271 --> frame_id=e38e5031-05d DISCARDED (deleted from buffer). Discarded=805, Forwarded=358
CPU: [44.9, 52.9, 39.0, 44.3]
[frame_selection_agent@localhost:5012] 12/06/2026 20:40:08.493 --> frame_id=d481239c-ca0 DISCARDED (deleted from buffer). Discarded=806, Forwarded=358
[frame_selection_agent@localhost:5012] 12/06/2026 20:40:08.633 --> frame_id=cd395b07-7ac DISCARDED (deleted from buffer). Discarded=807, Forwarded=358
[data_enhance_agent@localhost:5011] 12/06/2026 20:40:08.670 --> frame_id=45f6db20-cd1 enhanced and forwarded.
RAM: svmem(total=17002643456, available=4840259584, percent=71.5, used=12162383872, free=3750690816, active=12433129472, inactive=551944192, buffers=61095936, cached=1158103040, shared=14696448, slab=100679680)
[data_enhance_agent@localhost:5011] 12/06/2026 20:40:09.286 --> frame_id=199efacc-07c enhanced and forwarded.
CPU: [43.3, 46.1, 39.6, 47.4]
[data_enhance_agent@localhost:5011] 12/06/2026 20:40:09.483 --> frame_id=e2bb5337-11d enhanced and forwarded.
[data_enhance_agent@localhost:5011] 12/06/2026 20:40:09.790 --> frame_id=73ef0199-bc5 enhanced and forwarded.
RAM: svmem(total=17002643456, available=4848746496, percent=71.5, used=12153896960, free=3759177728, active=12433129472, inactive=551944192, buffers=61095936, cached=1158103040, shared=14696448, slab=100679680)
[data_enhance_agent@localhost:5011] 12/06/2026 20:40:10.340 --> frame_id=d2c5efea-f32 enhanced and forwarded.
CPU: [39.4, 32.7, 32.3, 43.4]
[data_enhance_agent@localhost:5011] 12/06/2026 20:40:10.475 --> frame_id=f465e8e7-a41 enhanced and forwarded.
[data_enhance_agent@localhost:5011] 12/06/2026 20:40:10.833 --> frame_id=dbd61fb0-6b5 enhanced and forwarded.
[frame_selection_agent@localhost:5012] 12/06/2026 20:40:11.302 --> frame_id=786eddf5-e25 DISCARDED (deleted from buffer). Discarded=808, Forwarded=358
[frame_selection_agent@localhost:5012] 12/06/2026 20:40:11.305 --> [BATCH READY] Sent animal_id=61 to Predict!
[data_enhance_agent@localhost:5011] 12/06/2026 20:40:11.318 --> frame_id=2914848d-326 enhanced and forwarded.
RAM: svmem(total=17002643456, available=4851482624, percent=71.5, used=12151160832, free=3761913856, active=12433129472, inactive=551944192, buffers=61095936, cached=1158103040, shared=14696448, slab=100679680)
CPU: [42.6, 33.3, 26.3, 35.4]
[data_enhance_agent@localhost:5011] 12/06/2026 20:40:11.495 --> frame_id=aeeed3b1-f86 enhanced and forwarded.
[frame_selection_agent@localhost:5012] 12/06/2026 20:40:11.766 --> frame_id=c8aa5d1b-602 SUITABLE. Discarded=808, Forwarded=359
[data_enhance_agent@localhost:5011] 12/06/2026 20:40:11.917 --> frame_id=937be0dc-2ef enhanced and forwarded.
[data_enhance_agent@localhost:5011] 12/06/2026 20:40:12.225 --> frame_id=c66f2130-e24 enhanced and forwarded.
[data_enhance_agent@localhost:5011] 12/06/2026 20:40:12.284 --> frame_id=9642d72c-117 enhanced and forwarded.
RAM: svmem(total=17002643456, available=4854251520, percent=71.5, used=12148391936, free=3764682752, active=12433129472, inactive=551944192, buffers=61095936, cached=1158103040, shared=14696448, slab=100679680)
CPU: [47.1, 35.7, 35.4, 25.3]
[data_enhance_agent@localhost:5011] 12/06/2026 20:40:12.587 --> frame_id=5f6a4763-5ab enhanced and forwarded.
[frame_selection_agent@localhost:5012] 12/06/2026 20:40:12.915 --> frame_id=2dc1f9c3-43e SUITABLE. Discarded=808, Forwarded=360
[data_enhance_agent@localhost:5011] 12/06/2026 20:40:13.030 --> frame_id=12abd1ff-392 enhanced and forwarded.
RAM: svmem(total=17002643456, available=4862623744, percent=71.4, used=12140019712, free=3773038592, active=12433145856, inactive=551960576, buffers=61112320, cached=1158103040, shared=14696448, slab=100679680)
CPU: [57.6, 54.0, 54.5, 62.4]
RAM: svmem(total=17002643456, available=4858871808, percent=71.4, used=12143771648, free=3769286656, active=12433162240, inactive=551960576, buffers=61112320, cached=1158103040, shared=14696448, slab=100679680)
CPU: [55.3, 60.0, 59.4, 59.6]
RAM: svmem(total=17002643456, available=4861640704, percent=71.4, used=12141002752, free=3772055552, active=12433178624, inactive=551960576, buffers=61112320, cached=1158103040, shared=14696448, slab=100679680)
CPU: [46.1, 44.3, 43.9, 45.5]
RAM: svmem(total=17002643456, available=4831412224, percent=71.6, used=12171231232, free=3741827072, active=12470796288, inactive=551960576, buffers=61112320, cached=1158103040, shared=14696448, slab=100679680)
CPU: [46.9, 51.9, 49.5, 47.5]
[frame_selection_agent@localhost:5012] 12/06/2026 20:40:17.313 --> frame_id=8ee7d707-d11 SUITABLE. Discarded=808, Forwarded=361
RAM: svmem(total=17002643456, available=4786192384, percent=71.9, used=12216451072, free=3696607232, active=12511428608, inactive=551960576, buffers=61112320, cached=1158103040, shared=14696448, slab=100679680)
CPU: [47.1, 47.5, 49.0, 46.0]
[data_enhance_agent@localhost:5011] 12/06/2026 20:40:17.669 --> frame_id=924afd06-daa enhanced and forwarded.
[capture_agent@localhost:5010] 12/06/2026 20:40:17.677 --> [RESTART] Animal 95/100 entering scale.
[frame_selection_agent@localhost:5012] 12/06/2026 20:40:17.919 --> frame_id=0e290159-6c3 SUITABLE. Discarded=808, Forwarded=362
[data_enhance_agent@localhost:5011] 12/06/2026 20:40:18.127 --> frame_id=4192cca1-454 enhanced and forwarded.
[data_enhance_agent@localhost:5011] 12/06/2026 20:40:18.471 --> frame_id=ea10e142-ce7 enhanced and forwarded.
RAM: svmem(total=17002643456, available=4665835520, percent=72.6, used=12336807936, free=3576233984, active=12601950208, inactive=551976960, buffers=61128704, cached=1158103040, shared=14696448, slab=100745216)
CPU: [44.1, 45.2, 43.3, 36.2]
[data_enhance_agent@localhost:5011] 12/06/2026 20:40:18.838 --> frame_id=d7e1061b-c3e enhanced and forwarded.
[frame_selection_agent@localhost:5012] 12/06/2026 20:40:18.838 --> frame_id=b453dff8-c0e SUITABLE. Discarded=808, Forwarded=363
[frame_selection_agent@localhost:5012] 12/06/2026 20:40:18.985 --> frame_id=8f5c8733-6d9 SUITABLE. Discarded=808, Forwarded=364
[data_enhance_agent@localhost:5011] 12/06/2026 20:40:19.187 --> frame_id=0b72cffa-05a enhanced and forwarded.
RAM: svmem(total=17002643456, available=4688674816, percent=72.4, used=12313968640, free=3599073280, active=12560171008, inactive=551976960, buffers=61128704, cached=1158103040, shared=14696448, slab=100745216)
[data_enhance_agent@localhost:5011] 12/06/2026 20:40:19.549 --> frame_id=c8651852-b4b enhanced and forwarded.
[frame_selection_agent@localhost:5012] 12/06/2026 20:40:19.637 --> frame_id=fc6d1735-20f DISCARDED (deleted from buffer). Discarded=809, Forwarded=364
CPU: [40.0, 28.3, 47.6, 32.4]
[data_enhance_agent@localhost:5011] 12/06/2026 20:40:19.766 --> frame_id=c80a8639-31d enhanced and forwarded.
[data_enhance_agent@localhost:5011] 12/06/2026 20:40:20.060 --> frame_id=e33275a8-c1c enhanced and forwarded.
[data_enhance_agent@localhost:5011] 12/06/2026 20:40:20.208 --> frame_id=ef86388b-1c6 enhanced and forwarded.
[data_enhance_agent@localhost:5011] 12/06/2026 20:40:20.274 --> frame_id=074bf048-7b2 enhanced and forwarded.
RAM: svmem(total=17002643456, available=4692049920, percent=72.4, used=12310593536, free=3602448384, active=12560171008, inactive=551976960, buffers=61128704, cached=1158103040, shared=14696448, slab=100745216)
CPU: [41.3, 37.1, 33.0, 19.8]
[data_enhance_agent@localhost:5011] 12/06/2026 20:40:20.756 --> frame_id=94144371-d8c enhanced and forwarded.
[data_enhance_agent@localhost:5011] 12/06/2026 20:40:20.827 --> frame_id=4193ad84-c9d enhanced and forwarded.
[data_enhance_agent@localhost:5011] 12/06/2026 20:40:20.829 --> frame_id=a25d2389-dfb enhanced and forwarded.
[data_enhance_agent@localhost:5011] 12/06/2026 20:40:21.153 --> frame_id=c4a648c0-2c7 enhanced and forwarded.
[frame_selection_agent@localhost:5012] 12/06/2026 20:40:21.272 --> frame_id=99773423-9c8 DISCARDED (deleted from buffer). Discarded=810, Forwarded=364
[data_enhance_agent@localhost:5011] 12/06/2026 20:40:21.439 --> frame_id=55a104f5-9fc enhanced and forwarded.
[data_enhance_agent@localhost:5011] 12/06/2026 20:40:21.468 --> frame_id=653786c4-8a0 enhanced and forwarded.
RAM: svmem(total=17002643456, available=4701421568, percent=72.3, used=12301221888, free=3611820032, active=12560171008, inactive=551976960, buffers=61128704, cached=1158103040, shared=14696448, slab=100745216)
[data_enhance_agent@localhost:5011] 12/06/2026 20:40:21.560 --> frame_id=044ec34e-ab9 enhanced and forwarded.
CPU: [31.3, 40.4, 40.2, 33.0]
[data_enhance_agent@localhost:5011] 12/06/2026 20:40:21.957 --> frame_id=a9e2b864-739 enhanced and forwarded.
RAM: svmem(total=17002643456, available=4629905408, percent=72.8, used=12372738048, free=3540303872, active=12650577920, inactive=551976960, buffers=61128704, cached=1158103040, shared=14696448, slab=100745216)
CPU: [54.5, 54.2, 56.1, 56.0]
[frame_selection_agent@localhost:5012] 12/06/2026 20:40:23.154 --> frame_id=f92c03fb-2d5 DISCARDED (deleted from buffer). Discarded=811, Forwarded=364
[frame_selection_agent@localhost:5012] 12/06/2026 20:40:23.303 --> frame_id=74a1b76a-684 DISCARDED (deleted from buffer). Discarded=812, Forwarded=364
RAM: svmem(total=17002643456, available=4509155328, percent=73.5, used=12493488128, free=3419553792, active=12713836544, inactive=551976960, buffers=61128704, cached=1158103040, shared=14696448, slab=100679680)
CPU: [49.5, 46.8, 51.5, 47.5]
[frame_selection_agent@localhost:5012] 12/06/2026 20:40:24.080 --> frame_id=6dbb0fcf-b57 DISCARDED (deleted from buffer). Discarded=813, Forwarded=364
[predict_weight_agent@localhost:5013] 12/06/2026 20:40:24.146 --> [FINAL] Animal 50 completed. Mean weight: 16.0062 kg
RAM: svmem(total=17002643456, available=4560257024, percent=73.2, used=12442386432, free=3470671872, active=12627656704, inactive=551976960, buffers=61128704, cached=1158086656, shared=14696448, slab=100663296)
CPU: [54.0, 52.0, 52.0, 50.5]
while handling timed call
Traceback (most recent call last):
  File "/home/ewertonsjp/.pyenv/versions/cv_vend_mas/lib/python3.12/site-packages/twisted/internet/base.py", line 1105, in runUntilCurrent
    call.func(*call.args, **call.kw)
  File "/home/ewertonsjp/projects/cv-system/mas/pade/core/new_ams.py", line 80, in on_time
    self.agent.agentInstance.table.pop(agent_name)
builtins.KeyError: 'capture_agent@localhost:5010'

RAM: svmem(total=17002643456, available=4561764352, percent=73.2, used=12440879104, free=3472179200, active=12627656704, inactive=551976960, buffers=61128704, cached=1158086656, shared=14696448, slab=100663296)
CPU: [47.1, 44.2, 43.5, 45.0]
RAM: svmem(total=17002643456, available=4567613440, percent=73.1, used=12435030016, free=3478028288, active=12627656704, inactive=551976960, buffers=61128704, cached=1158086656, shared=14696448, slab=100663296)
CPU: [36.2, 43.0, 42.3, 43.4]
RAM: svmem(total=17002643456, available=4561207296, percent=73.2, used=12441436160, free=3471622144, active=12664029184, inactive=551976960, buffers=61128704, cached=1158086656, shared=14696448, slab=100663296)
CPU: [41.4, 45.1, 43.0, 42.0]
[frame_selection_agent@localhost:5012] 12/06/2026 20:40:28.287 --> frame_id=81847fa0-4e7 DISCARDED (deleted from buffer). Discarded=814, Forwarded=364
RAM: svmem(total=17002643456, available=4532453376, percent=73.3, used=12470190080, free=3442868224, active=12702629888, inactive=551976960, buffers=61128704, cached=1158086656, shared=14696448, slab=100663296)
CPU: [48.5, 45.2, 45.0, 45.1]
[frame_selection_agent@localhost:5012] 12/06/2026 20:40:28.893 --> frame_id=498d7b0b-108 DISCARDED (deleted from buffer). Discarded=815, Forwarded=364
[frame_selection_agent@localhost:5012] 12/06/2026 20:40:29.634 --> frame_id=ffcd099b-a1b DISCARDED (deleted from buffer). Discarded=816, Forwarded=364
[frame_selection_agent@localhost:5012] 12/06/2026 20:40:29.660 --> frame_id=f2694d57-561 DISCARDED (deleted from buffer). Discarded=817, Forwarded=364
RAM: svmem(total=17002643456, available=4514775040, percent=73.4, used=12487868416, free=3425157120, active=12721373184, inactive=552009728, buffers=61161472, cached=1158086656, shared=14696448, slab=100663296)
[frame_selection_agent@localhost:5012] 12/06/2026 20:40:29.786 --> frame_id=c4e23da9-125 DISCARDED (deleted from buffer). Discarded=818, Forwarded=364
[frame_selection_agent@localhost:5012] 12/06/2026 20:40:29.823 --> frame_id=69ce4df1-372 DISCARDED (deleted from buffer). Discarded=819, Forwarded=364
CPU: [49.0, 50.0, 49.1, 47.5]
RAM: svmem(total=17002643456, available=4554014720, percent=73.2, used=12448628736, free=3464396800, active=12677758976, inactive=552009728, buffers=61161472, cached=1158086656, shared=14696448, slab=100663296)
[capture_agent@localhost:5010] 12/06/2026 20:40:30.932 --> [RESTART] Animal 96/100 entering scale.
CPU: [51.0, 50.5, 51.5, 54.3]
[frame_selection_agent@localhost:5012] 12/06/2026 20:40:31.627 --> frame_id=ed953e28-5ba DISCARDED (deleted from buffer). Discarded=820, Forwarded=364
[frame_selection_agent@localhost:5012] 12/06/2026 20:40:31.713 --> frame_id=ce8f3383-e09 DISCARDED (deleted from buffer). Discarded=821, Forwarded=364
RAM: svmem(total=17002643456, available=4551704576, percent=73.2, used=12450938880, free=3462086656, active=12667469824, inactive=552009728, buffers=61161472, cached=1158086656, shared=14696448, slab=100663296)
[frame_selection_agent@localhost:5012] 12/06/2026 20:40:31.885 --> frame_id=754c0bc2-c1a DISCARDED (deleted from buffer). Discarded=822, Forwarded=364
[frame_selection_agent@localhost:5012] 12/06/2026 20:40:31.912 --> [BATCH READY] Sent animal_id=62 to Predict!
CPU: [45.6, 46.1, 45.0, 42.0]
[frame_selection_agent@localhost:5012] 12/06/2026 20:40:32.309 --> frame_id=d04ad43c-06c SUITABLE. Discarded=822, Forwarded=365
[data_enhance_agent@localhost:5011] 12/06/2026 20:40:32.323 --> frame_id=71d724de-8ed enhanced and forwarded.
RAM: svmem(total=17002643456, available=4597186560, percent=73.0, used=12405456896, free=3507568640, active=12627722240, inactive=552009728, buffers=61161472, cached=1158086656, shared=14696448, slab=100663296)
[data_enhance_agent@localhost:5011] 12/06/2026 20:40:32.796 --> frame_id=8c536bc0-9aa enhanced and forwarded.
CPU: [45.9, 43.7, 36.8, 47.5]
RAM: svmem(total=17002643456, available=4606279680, percent=72.9, used=12396363776, free=3516661760, active=12627722240, inactive=552009728, buffers=61161472, cached=1158086656, shared=14696448, slab=100663296)
CPU: [47.5, 47.1, 48.5, 47.5]
RAM: svmem(total=17002643456, available=4619468800, percent=72.8, used=12383174656, free=3529850880, active=12627722240, inactive=552009728, buffers=61161472, cached=1158086656, shared=14696448, slab=100597760)
CPU: [41.2, 41.8, 38.1, 39.0]
[predict_weight_agent@localhost:5013] 12/06/2026 20:40:35.451 --> [BATCH INFERENCE] Running full network on 5 frames for animal 51
[frame_selection_agent@localhost:5012] 12/06/2026 20:40:35.782 --> [SYNC] Expected 20 frames for animal 78
RAM: svmem(total=17002643456, available=4622745600, percent=72.8, used=12379897856, free=3533094912, active=12627722240, inactive=552026112, buffers=61177856, cached=1158103040, shared=14696448, slab=100614144)
CPU: [42.0, 43.8, 42.7, 38.3]
RAM: svmem(total=17002643456, available=4602167296, percent=72.9, used=12400476160, free=3512516608, active=12675317760, inactive=552026112, buffers=61177856, cached=1158103040, shared=14696448, slab=100614144)
[frame_selection_agent@localhost:5012] 12/06/2026 20:40:37.090 --> frame_id=fdd9b88d-906 SUITABLE. Discarded=822, Forwarded=366
CPU: [43.0, 45.2, 47.7, 39.1]
[frame_selection_agent@localhost:5012] 12/06/2026 20:40:37.626 --> frame_id=2d73bac7-0d8 SUITABLE. Discarded=822, Forwarded=367
RAM: svmem(total=17002643456, available=4581048320, percent=73.1, used=12421595136, free=3491381248, active=12704759808, inactive=552042496, buffers=61177856, cached=1158119424, shared=14696448, slab=100614144)
[data_enhance_agent@localhost:5011] 12/06/2026 20:40:37.985 --> frame_id=c033a750-1b4 enhanced and forwarded.
CPU: [41.4, 41.4, 40.4, 44.3]
[frame_selection_agent@localhost:5012] 12/06/2026 20:40:38.578 --> frame_id=9b6216ba-220 SUITABLE. Discarded=822, Forwarded=368
[frame_selection_agent@localhost:5012] 12/06/2026 20:40:38.884 --> [SYNC] Expected 20 frames for animal 79
RAM: svmem(total=17002643456, available=4573184000, percent=73.1, used=12429459456, free=3483516928, active=12713902080, inactive=552042496, buffers=61177856, cached=1158119424, shared=14696448, slab=100483072)
[data_enhance_agent@localhost:5011] 12/06/2026 20:40:38.921 --> frame_id=824f3a04-4b2 enhanced and forwarded.
CPU: [34.3, 41.0, 33.0, 42.9]
[frame_selection_agent@localhost:5012] 12/06/2026 20:40:39.373 --> frame_id=28c1acf1-20f DISCARDED (deleted from buffer). Discarded=823, Forwarded=368
[frame_selection_agent@localhost:5012] 12/06/2026 20:40:39.376 --> frame_id=ab9e23f4-43d SUITABLE. Discarded=823, Forwarded=369
[data_enhance_agent@localhost:5011] 12/06/2026 20:40:39.390 --> frame_id=0d1ccd00-bb2 enhanced and forwarded.
[data_enhance_agent@localhost:5011] 12/06/2026 20:40:39.409 --> frame_id=3ff5fdc3-a51 enhanced and forwarded.
[data_enhance_agent@localhost:5011] 12/06/2026 20:40:39.690 --> frame_id=fde8b88e-be1 enhanced and forwarded.
[frame_selection_agent@localhost:5012] 12/06/2026 20:40:39.698 --> frame_id=6e3defa3-345 SUITABLE. Discarded=823, Forwarded=370
[data_enhance_agent@localhost:5011] 12/06/2026 20:40:39.830 --> frame_id=7f8555c0-bf5 enhanced and forwarded.
RAM: svmem(total=17002643456, available=4617650176, percent=72.8, used=12384993280, free=3527983104, active=12670926848, inactive=552042496, buffers=61177856, cached=1158135808, shared=14696448, slab=100499456)
CPU: [28.0, 37.4, 40.8, 30.8]
[data_enhance_agent@localhost:5011] 12/06/2026 20:40:40.389 --> frame_id=21dc94bd-d32 enhanced and forwarded.
[data_enhance_agent@localhost:5011] 12/06/2026 20:40:40.530 --> frame_id=1e0059b6-9c3 enhanced and forwarded.
[data_enhance_agent@localhost:5011] 12/06/2026 20:40:40.654 --> frame_id=d3b3ea8d-e94 enhanced and forwarded.
[data_enhance_agent@localhost:5011] 12/06/2026 20:40:40.691 --> frame_id=eae1a680-9e2 enhanced and forwarded.
RAM: svmem(total=17002643456, available=4615225344, percent=72.9, used=12387418112, free=3525558272, active=12679004160, inactive=552042496, buffers=61177856, cached=1158135808, shared=14696448, slab=100515840)
[data_enhance_agent@localhost:5011] 12/06/2026 20:40:41.060 --> frame_id=69fda401-aba enhanced and forwarded.
CPU: [45.8, 37.6, 49.5, 33.0]
[frame_selection_agent@localhost:5012] 12/06/2026 20:40:41.651 --> frame_id=4400c8a8-1c9 DISCARDED (deleted from buffer). Discarded=824, Forwarded=370
RAM: svmem(total=17002643456, available=4656594944, percent=72.6, used=12346048512, free=3566927872, active=12630753280, inactive=552042496, buffers=61177856, cached=1158135808, shared=14696448, slab=100515840)[frame_selection_agent@localhost:5012] 12/06/2026 20:40:41.936 --> frame_id=35b3d49c-cd0 DISCARDED (deleted from buffer). Discarded=825, Forwarded=370

[data_enhance_agent@localhost:5011] 12/06/2026 20:40:42.311 --> frame_id=a13143b2-a93 enhanced and forwarded.
CPU: [46.6, 49.5, 42.6, 41.6]
[frame_selection_agent@localhost:5012] 12/06/2026 20:40:42.456 --> frame_id=356388aa-eaf DISCARDED (deleted from buffer). Discarded=826, Forwarded=370
[data_enhance_agent@localhost:5011] 12/06/2026 20:40:42.802 --> frame_id=6952c795-ca7 enhanced and forwarded.
[frame_selection_agent@localhost:5012] 12/06/2026 20:40:42.924 --> frame_id=55c485db-200 DISCARDED (deleted from buffer). Discarded=827, Forwarded=370
RAM: svmem(total=17002643456, available=4725129216, percent=72.2, used=12277514240, free=3635462144, active=12561104896, inactive=552042496, buffers=61177856, cached=1158135808, shared=14696448, slab=100515840)
CPU: [56.9, 49.5, 48.0, 44.1]
RAM: svmem(total=17002643456, available=4725194752, percent=72.2, used=12277448704, free=3635527680, active=12561104896, inactive=552042496, buffers=61177856, cached=1158135808, shared=14696448, slab=100515840)
[capture_agent@localhost:5010] 12/06/2026 20:40:44.085 --> [RESTART] Animal 97/100 entering scale.
CPU: [48.5, 50.5, 46.0, 45.5]
while handling timed call
Traceback (most recent call last):
  File "/home/ewertonsjp/.pyenv/versions/cv_vend_mas/lib/python3.12/site-packages/twisted/internet/base.py", line 1105, in runUntilCurrent
    call.func(*call.args, **call.kw)
  File "/home/ewertonsjp/projects/cv-system/mas/pade/core/new_ams.py", line 80, in on_time
    self.agent.agentInstance.table.pop(agent_name)
builtins.KeyError: 'capture_agent@localhost:5010'

RAM: svmem(total=17002643456, available=4730667008, percent=72.2, used=12271976448, free=3640999936, active=12561121280, inactive=552042496, buffers=61177856, cached=1158135808, shared=14696448, slab=100515840)
CPU: [38.5, 45.0, 41.2, 44.6]
RAM: svmem(total=17002643456, available=4729683968, percent=72.2, used=12272959488, free=3640016896, active=12561170432, inactive=552042496, buffers=61177856, cached=1158135808, shared=14696448, slab=100515840)
CPU: [43.3, 43.9, 43.0, 42.6]
RAM: svmem(total=17002643456, available=4702175232, percent=72.3, used=12300468224, free=3612491776, active=12602785792, inactive=552058880, buffers=61194240, cached=1158135808, shared=14696448, slab=100515840)
[frame_selection_agent@localhost:5012] 12/06/2026 20:40:47.331 --> frame_id=61f5f493-c2e DISCARDED (deleted from buffer). Discarded=828, Forwarded=370
[data_enhance_agent@localhost:5011] 12/06/2026 20:40:47.424 --> frame_id=351f1b82-df5 enhanced and forwarded.
CPU: [41.1, 37.2, 39.8, 40.6]
[frame_selection_agent@localhost:5012] 12/06/2026 20:40:47.765 --> frame_id=732dfcbe-df2 DISCARDED (deleted from buffer). Discarded=829, Forwarded=370
RAM: svmem(total=17002643456, available=4682022912, percent=72.5, used=12320620544, free=3592339456, active=12622299136, inactive=552058880, buffers=61194240, cached=1158135808, shared=14696448, slab=100515840)
[data_enhance_agent@localhost:5011] 12/06/2026 20:40:48.079 --> frame_id=26d9c550-cc4 enhanced and forwarded.
CPU: [40.0, 42.0, 42.2, 49.5]
[frame_selection_agent@localhost:5012] 12/06/2026 20:40:48.816 --> frame_id=d60d33b1-088 DISCARDED (deleted from buffer). Discarded=830, Forwarded=370
RAM: svmem(total=17002643456, available=4662607872, percent=72.6, used=12340035584, free=3572924416, active=12645154816, inactive=552058880, buffers=61194240, cached=1158135808, shared=14696448, slab=100515840)
[frame_selection_agent@localhost:5012] 12/06/2026 20:40:49.293 --> frame_id=f00e4371-46a DISCARDED (deleted from buffer). Discarded=831, Forwarded=370
[frame_selection_agent@localhost:5012] 12/06/2026 20:40:49.345 --> frame_id=9e5358af-e14 DISCARDED (deleted from buffer). Discarded=832, Forwarded=370
[frame_selection_agent@localhost:5012] 12/06/2026 20:40:49.361 --> frame_id=396a99f1-01f DISCARDED (deleted from buffer). Discarded=833, Forwarded=370
CPU: [45.6, 45.6, 47.1, 42.7]
[data_enhance_agent@localhost:5011] 12/06/2026 20:40:49.834 --> frame_id=56edfcec-58f enhanced and forwarded.
RAM: svmem(total=17002643456, available=4692459520, percent=72.4, used=12310183936, free=3602776064, active=12605521920, inactive=552058880, buffers=61194240, cached=1158135808, shared=14696448, slab=100515840)
[data_enhance_agent@localhost:5011] 12/06/2026 20:40:50.070 --> frame_id=8887822b-f4d enhanced and forwarded.
CPU: [63.3, 58.2, 55.4, 57.7]
RAM: svmem(total=17002643456, available=4681891840, percent=72.5, used=12320751616, free=3592208384, active=12620726272, inactive=552058880, buffers=61194240, cached=1158135808, shared=14696448, slab=100515840)
[frame_selection_agent@localhost:5012] 12/06/2026 20:40:51.093 --> frame_id=270cb1b3-f07 DISCARDED (deleted from buffer). Discarded=834, Forwarded=370
[frame_selection_agent@localhost:5012] 12/06/2026 20:40:51.254 --> frame_id=3d6fb11b-f12 DISCARDED (deleted from buffer). Discarded=835, Forwarded=370
[frame_selection_agent@localhost:5012] 12/06/2026 20:40:51.352 --> frame_id=2225f997-cdd DISCARDED (deleted from buffer). Discarded=836, Forwarded=370
[frame_selection_agent@localhost:5012] 12/06/2026 20:40:51.366 --> [BATCH READY] Sent animal_id=63 to Predict!
CPU: [55.2, 50.5, 51.5, 48.0]
[data_enhance_agent@localhost:5011] 12/06/2026 20:40:51.773 --> frame_id=a21b2c5e-382 enhanced and forwarded.
[frame_selection_agent@localhost:5012] 12/06/2026 20:40:51.947 --> frame_id=861b3587-5ef SUITABLE. Discarded=836, Forwarded=371
RAM: svmem(total=17002643456, available=4723228672, percent=72.2, used=12279414784, free=3633545216, active=12561317888, inactive=552058880, buffers=61194240, cached=1158135808, shared=14696448, slab=100515840)
[data_enhance_agent@localhost:5011] 12/06/2026 20:40:52.522 --> frame_id=3bfc160d-009 enhanced and forwarded.
CPU: [46.5, 51.0, 44.9, 44.9]
[data_enhance_agent@localhost:5011] 12/06/2026 20:40:52.854 --> frame_id=8643d7ed-ddc enhanced and forwarded.
RAM: svmem(total=17002643456, available=4723146752, percent=72.2, used=12279496704, free=3633463296, active=12561317888, inactive=552058880, buffers=61210624, cached=1158135808, shared=14696448, slab=100515840)
[data_enhance_agent@localhost:5011] 12/06/2026 20:40:53.173 --> frame_id=7248847b-596 enhanced and forwarded.
CPU: [43.6, 49.0, 44.0, 48.0]
RAM: svmem(total=17002643456, available=4729602048, percent=72.2, used=12273041408, free=3639902208, active=12561334272, inactive=552075264, buffers=61210624, cached=1158135808, shared=14696448, slab=100515840)
CPU: [51.0, 52.9, 50.0, 50.0]
RAM: svmem(total=17002643456, available=4733403136, percent=72.2, used=12269240320, free=3643703296, active=12561334272, inactive=552075264, buffers=61210624, cached=1158135808, shared=14696448, slab=100515840)
CPU: [48.1, 49.0, 48.0, 48.5]
RAM: svmem(total=17002643456, available=4727439360, percent=72.2, used=12275204096, free=3637739520, active=12577030144, inactive=552075264, buffers=61210624, cached=1158135808, shared=14696448, slab=100499456)
CPU: [46.5, 44.9, 44.8, 49.0]
[frame_selection_agent@localhost:5012] 12/06/2026 20:40:56.970 --> frame_id=057ddcdd-c8b SUITABLE. Discarded=836, Forwarded=372
RAM: svmem(total=17002643456, available=4693032960, percent=72.4, used=12309610496, free=3603333120, active=12613976064, inactive=552075264, buffers=61210624, cached=1158135808, shared=14696448, slab=100499456)
[capture_agent@localhost:5010] 12/06/2026 20:40:57.222 --> [RESTART] Animal 98/100 entering scale.
[frame_selection_agent@localhost:5012] 12/06/2026 20:40:57.298 --> frame_id=716772c6-438 SUITABLE. Discarded=836, Forwarded=373
[data_enhance_agent@localhost:5011] 12/06/2026 20:40:57.316 --> frame_id=e12d4afe-36c enhanced and forwarded.
[data_enhance_agent@localhost:5011] 12/06/2026 20:40:57.666 --> frame_id=822e9b2c-de7 enhanced and forwarded.
CPU: [43.4, 35.3, 35.7, 46.1]
[frame_selection_agent@localhost:5012] 12/06/2026 20:40:58.048 --> frame_id=8f81b26b-96a SUITABLE. Discarded=836, Forwarded=374
RAM: svmem(total=17002643456, available=4669931520, percent=72.5, used=12332711936, free=3580231680, active=12631752704, inactive=552075264, buffers=61227008, cached=1158135808, shared=14696448, slab=100499456)
[data_enhance_agent@localhost:5011] 12/06/2026 20:40:58.490 --> frame_id=3385f9ee-761 enhanced and forwarded.
CPU: [47.0, 45.0, 50.5, 43.6]
[frame_selection_agent@localhost:5012] 12/06/2026 20:40:59.242 --> frame_id=7df7974b-9c8 SUITABLE. Discarded=836, Forwarded=375
RAM: svmem(total=17002643456, available=4700160000, percent=72.4, used=12302483456, free=3610443776, active=12601262080, inactive=552091648, buffers=61227008, cached=1158135808, shared=14696448, slab=100499456)
[frame_selection_agent@localhost:5012] 12/06/2026 20:40:59.624 --> frame_id=72fabded-b94 SUITABLE. Discarded=836, Forwarded=376
CPU: [40.0, 42.3, 49.0, 45.9]
[predict_weight_agent@localhost:5013] 12/06/2026 20:40:59.922 --> [FINAL] Animal 51 completed. Mean weight: 16.0062 kg
[data_enhance_agent@localhost:5011] 12/06/2026 20:40:59.992 --> frame_id=a7ffdf01-036 enhanced and forwarded.
RAM: svmem(total=17002643456, available=4691312640, percent=72.4, used=12311330816, free=3601596416, active=12615303168, inactive=552091648, buffers=61227008, cached=1158135808, shared=14696448, slab=100499456)
[frame_selection_agent@localhost:5012] 12/06/2026 20:41:00.464 --> frame_id=034f1bf8-d7a DISCARDED (deleted from buffer). Discarded=837, Forwarded=376
[frame_selection_agent@localhost:5012] 12/06/2026 20:41:00.719 --> frame_id=dfe8769b-3c7 DISCARDED (deleted from buffer). Discarded=838, Forwarded=376
CPU: [44.0, 53.8, 44.0, 46.5]
[data_enhance_agent@localhost:5011] 12/06/2026 20:41:00.890 --> frame_id=1e6bff7b-b75 enhanced and forwarded.
[frame_selection_agent@localhost:5012] 12/06/2026 20:41:00.897 --> frame_id=afa31d7d-cfc DISCARDED (deleted from buffer). Discarded=839, Forwarded=376
RAM: svmem(total=17002643456, available=4737105920, percent=72.1, used=12265537536, free=3647389696, active=12561416192, inactive=552091648, buffers=61227008, cached=1158135808, shared=14696448, slab=100499456)
CPU: [52.5, 51.0, 54.5, 54.1]
[frame_selection_agent@localhost:5012] 12/06/2026 20:41:02.150 --> frame_id=8706ac5a-648 DISCARDED (deleted from buffer). Discarded=840, Forwarded=376
RAM: svmem(total=17002643456, available=4737187840, percent=72.1, used=12265455616, free=3647471616, active=12561416192, inactive=552091648, buffers=61227008, cached=1158135808, shared=14696448, slab=100499456)
[data_enhance_agent@localhost:5011] 12/06/2026 20:41:02.499 --> frame_id=593ca20b-a3e enhanced and forwarded.
CPU: [42.7, 41.8, 41.7, 40.8]
RAM: svmem(total=17002643456, available=4745183232, percent=72.1, used=12257460224, free=3655467008, active=12561416192, inactive=552091648, buffers=61227008, cached=1158135808, shared=14696448, slab=100499456)
CPU: [43.7, 44.7, 47.1, 41.1]
RAM: svmem(total=17002643456, available=4741251072, percent=72.1, used=12261392384, free=3651534848, active=12561448960, inactive=552091648, buffers=61227008, cached=1158135808, shared=14696448, slab=100499456)
while handling timed call
Traceback (most recent call last):
  File "/home/ewertonsjp/.pyenv/versions/cv_vend_mas/lib/python3.12/site-packages/twisted/internet/base.py", line 1105, in runUntilCurrent
    call.func(*call.args, **call.kw)
  File "/home/ewertonsjp/projects/cv-system/mas/pade/core/new_ams.py", line 80, in on_time
    self.agent.agentInstance.table.pop(agent_name)
builtins.KeyError: 'capture_agent@localhost:5010'

CPU: [44.6, 41.5, 38.3, 40.4]
RAM: svmem(total=17002643456, available=4713496576, percent=72.3, used=12289146880, free=3623763968, active=12590415872, inactive=552108032, buffers=61243392, cached=1158135808, shared=14696448, slab=100499456)
[frame_selection_agent@localhost:5012] 12/06/2026 20:41:05.988 --> frame_id=d384ad28-c77 DISCARDED (deleted from buffer). Discarded=841, Forwarded=376
CPU: [41.6, 45.6, 41.7, 42.2]
RAM: svmem(total=17002643456, available=4685725696, percent=72.4, used=12316917760, free=3595993088, active=12616171520, inactive=552108032, buffers=61243392, cached=1158135808, shared=14696448, slab=100499456)
[frame_selection_agent@localhost:5012] 12/06/2026 20:41:06.399 --> frame_id=7580ceca-8ce DISCARDED (deleted from buffer). Discarded=842, Forwarded=376
[frame_selection_agent@localhost:5012] 12/06/2026 20:41:06.943 --> frame_id=9c95e379-752 DISCARDED (deleted from buffer). Discarded=843, Forwarded=376
CPU: [46.5, 47.5, 46.4, 46.5]
[data_enhance_agent@localhost:5011] 12/06/2026 20:41:07.304 --> frame_id=77db3544-0b0 enhanced and forwarded.
RAM: svmem(total=17002643456, available=4670488576, percent=72.5, used=12332154880, free=3580755968, active=12633948160, inactive=552108032, buffers=61243392, cached=1158135808, shared=14696448, slab=100499456)
CPU: [44.6, 46.6, 42.0, 43.9]
[frame_selection_agent@localhost:5012] 12/06/2026 20:41:08.077 --> frame_id=df27c223-12e DISCARDED (deleted from buffer). Discarded=844, Forwarded=376
[frame_selection_agent@localhost:5012] 12/06/2026 20:41:08.364 --> frame_id=b70cfc92-d9e DISCARDED (deleted from buffer). Discarded=845, Forwarded=376
[data_enhance_agent@localhost:5011] 12/06/2026 20:41:08.384 --> frame_id=350c1ec6-fba enhanced and forwarded.
RAM: svmem(total=17002643456, available=4685103104, percent=72.4, used=12317540352, free=3595354112, active=12610027520, inactive=552124416, buffers=61243392, cached=1158152192, shared=14696448, slab=100499456)
[frame_selection_agent@localhost:5012] 12/06/2026 20:41:08.403 --> frame_id=b889eeab-7d5 DISCARDED (deleted from buffer). Discarded=846, Forwarded=376
[frame_selection_agent@localhost:5012] 12/06/2026 20:41:08.416 --> [BATCH READY] Sent animal_id=64 to Predict!
[frame_selection_agent@localhost:5012] 12/06/2026 20:41:09.001 --> frame_id=e3c730bd-81b SUITABLE. Discarded=846, Forwarded=377
CPU: [45.7, 41.6, 44.7, 55.1]
[data_enhance_agent@localhost:5011] 12/06/2026 20:41:09.280 --> frame_id=a97e0897-276 enhanced and forwarded.
[frame_selection_agent@localhost:5012] 12/06/2026 20:41:09.378 --> frame_id=bcfb8761-f42 SUITABLE. Discarded=846, Forwarded=378
RAM: svmem(total=17002643456, available=4717051904, percent=72.3, used=12285591552, free=3627302912, active=12561629184, inactive=552124416, buffers=61243392, cached=1158152192, shared=14696448, slab=100499456)
[frame_selection_agent@localhost:5012] 12/06/2026 20:41:09.606 --> frame_id=4a73e177-92e SUITABLE. Discarded=846, Forwarded=379
[data_enhance_agent@localhost:5011] 12/06/2026 20:41:09.873 --> frame_id=4957ac36-a92 enhanced and forwarded.
[data_enhance_agent@localhost:5011] 12/06/2026 20:41:10.159 --> frame_id=30d8b1bb-518 enhanced and forwarded.
CPU: [33.3, 38.8, 32.4, 48.6]
[data_enhance_agent@localhost:5011] 12/06/2026 20:41:10.304 --> frame_id=a1e52b93-72b enhanced and forwarded.
[capture_agent@localhost:5010] 12/06/2026 20:41:10.329 --> [RESTART] Animal 99/100 entering scale.
RAM: svmem(total=17002643456, available=4718428160, percent=72.2, used=12284215296, free=3628679168, active=12561629184, inactive=552124416, buffers=61259776, cached=1158152192, shared=14696448, slab=100499456)
[data_enhance_agent@localhost:5011] 12/06/2026 20:41:10.432 --> frame_id=567d835f-d53 enhanced and forwarded.
[data_enhance_agent@localhost:5011] 12/06/2026 20:41:11.045 --> frame_id=0def3383-cd1 enhanced and forwarded.
[data_enhance_agent@localhost:5011] 12/06/2026 20:41:11.060 --> frame_id=a3bff908-f2a enhanced and forwarded.
CPU: [35.0, 30.0, 31.3, 36.4]
RAM: svmem(total=17002643456, available=4725981184, percent=72.2, used=12276662272, free=3636232192, active=12561629184, inactive=552124416, buffers=61259776, cached=1158152192, shared=14696448, slab=100499456)
[data_enhance_agent@localhost:5011] 12/06/2026 20:41:11.714 --> frame_id=2bf364e4-5eb enhanced and forwarded.
[data_enhance_agent@localhost:5011] 12/06/2026 20:41:11.730 --> frame_id=813e468c-77f enhanced and forwarded.
CPU: [31.4, 39.2, 29.2, 32.0]
[data_enhance_agent@localhost:5011] 12/06/2026 20:41:12.378 --> frame_id=d7aede8e-9f0 enhanced and forwarded.
[frame_selection_agent@localhost:5012] 12/06/2026 20:41:12.381 --> frame_id=7d60db00-944 SUITABLE. Discarded=846, Forwarded=380
[data_enhance_agent@localhost:5011] 12/06/2026 20:41:12.393 --> frame_id=868d8aa1-abd enhanced and forwarded.
[data_enhance_agent@localhost:5011] 12/06/2026 20:41:12.505 --> frame_id=b09b1af2-f6f enhanced and forwarded.
RAM: svmem(total=17002643456, available=4726489088, percent=72.2, used=12276154368, free=3636740096, active=12561629184, inactive=552124416, buffers=61259776, cached=1158152192, shared=14696448, slab=100499456)
[data_enhance_agent@localhost:5011] 12/06/2026 20:41:12.557 --> frame_id=423cde81-32e enhanced and forwarded.
[data_enhance_agent@localhost:5011] 12/06/2026 20:41:12.664 --> frame_id=6fd92798-db5 enhanced and forwarded.
[data_enhance_agent@localhost:5011] 12/06/2026 20:41:13.030 --> frame_id=605d6030-76c enhanced and forwarded.
[data_enhance_agent@localhost:5011] 12/06/2026 20:41:13.044 --> frame_id=75c07930-62b enhanced and forwarded.
CPU: [37.9, 29.9, 30.4, 50.5]
[data_enhance_agent@localhost:5011] 12/06/2026 20:41:13.529 --> frame_id=c8a10b0b-917 enhanced and forwarded.
RAM: svmem(total=17002643456, available=4724506624, percent=72.2, used=12278136832, free=3634757632, active=12561629184, inactive=552124416, buffers=61259776, cached=1158152192, shared=14696448, slab=100499456)
[data_enhance_agent@localhost:5011] 12/06/2026 20:41:13.899 --> frame_id=bfb87c80-bc7 enhanced and forwarded.
[data_enhance_agent@localhost:5011] 12/06/2026 20:41:14.183 --> frame_id=4ed6fa68-d87 enhanced and forwarded.
CPU: [42.0, 38.0, 44.4, 37.4]
RAM: svmem(total=17002643456, available=4732764160, percent=72.2, used=12269879296, free=3642998784, active=12561629184, inactive=552140800, buffers=61259776, cached=1158152192, shared=14696448, slab=100499456)
[data_enhance_agent@localhost:5011] 12/06/2026 20:41:14.938 --> frame_id=bb371c77-5c2 enhanced and forwarded.
CPU: [33.3, 44.0, 35.0, 43.1]
RAM: svmem(total=17002643456, available=4732633088, percent=72.2, used=12270010368, free=3642867712, active=12561629184, inactive=552140800, buffers=61259776, cached=1158152192, shared=14696448, slab=100564992)
[data_enhance_agent@localhost:5011] 12/06/2026 20:41:16.264 --> frame_id=67ad07bb-2b9 enhanced and forwarded.
[data_enhance_agent@localhost:5011] 12/06/2026 20:41:16.277 --> frame_id=eeaf5be8-358 enhanced and forwarded.
CPU: [31.4, 30.0, 26.8, 48.0]
RAM: svmem(total=17002643456, available=4714774528, percent=72.3, used=12287868928, free=3624992768, active=12592480256, inactive=552157184, buffers=61276160, cached=1158152192, shared=14696448, slab=100581376)
CPU: [34.4, 37.3, 37.0, 30.4]
RAM: svmem(total=17002643456, available=4698865664, percent=72.4, used=12303777792, free=3609067520, active=12602621952, inactive=552157184, buffers=61276160, cached=1158168576, shared=14696448, slab=100532224)
[data_enhance_agent@localhost:5011] 12/06/2026 20:41:17.698 --> frame_id=3f5b6e20-479 enhanced and forwarded.
[data_enhance_agent@localhost:5011] 12/06/2026 20:41:17.725 --> frame_id=94899b38-25e enhanced and forwarded.
[data_enhance_agent@localhost:5011] 12/06/2026 20:41:17.734 --> frame_id=0641c48c-f63 enhanced and forwarded.
[data_enhance_agent@localhost:5011] 12/06/2026 20:41:17.738 --> frame_id=1d3606ac-82f enhanced and forwarded.
[predict_weight_agent@localhost:5013] 12/06/2026 20:41:18.106 --> [BATCH INFERENCE] Running full network on 6 frames for animal 52
[frame_selection_agent@localhost:5012] 12/06/2026 20:41:18.483 --> frame_id=b924f625-7c9 DISCARDED (deleted from buffer). Discarded=847, Forwarded=380
[frame_selection_agent@localhost:5012] 12/06/2026 20:41:18.483 --> frame_id=b0bdc420-21c SUITABLE. Discarded=847, Forwarded=381
[data_enhance_agent@localhost:5011] 12/06/2026 20:41:18.507 --> frame_id=fa16ddee-87f enhanced and forwarded.
CPU: [44.9, 34.4, 34.3, 42.0]
RAM: svmem(total=17002643456, available=4685840384, percent=72.4, used=12316803072, free=3596042240, active=12615827456, inactive=552157184, buffers=61276160, cached=1158168576, shared=14696448, slab=100532224)
[frame_selection_agent@localhost:5012] 12/06/2026 20:41:18.819 --> [SYNC] Expected 13 frames for animal 80
[frame_selection_agent@localhost:5012] 12/06/2026 20:41:19.427 --> [SYNC] Expected 20 frames for animal 81
[predict_weight_agent@localhost:5013] 12/06/2026 20:41:19.494 --> [BATCH INFERENCE] Running full network on 6 frames for animal 53
RAM: svmem(total=17002643456, available=4673110016, percent=72.5, used=12329533440, free=3583311872, active=12626493440, inactive=552157184, buffers=61276160, cached=1158168576, shared=14696448, slab=100597760)CPU: [29.1, 28.8, 54.5, 29.9]

[data_enhance_agent@localhost:5011] 12/06/2026 20:41:20.079 --> frame_id=c0442aea-502 enhanced and forwarded.
[data_enhance_agent@localhost:5011] 12/06/2026 20:41:20.087 --> frame_id=679446e4-9d5 enhanced and forwarded.
[frame_selection_agent@localhost:5012] 12/06/2026 20:41:20.091 --> frame_id=12363f8e-a9f DISCARDED (deleted from buffer). Discarded=848, Forwarded=381
[data_enhance_agent@localhost:5011] 12/06/2026 20:41:20.099 --> frame_id=9e2f37f8-c83 enhanced and forwarded.
[data_enhance_agent@localhost:5011] 12/06/2026 20:41:20.100 --> frame_id=06aeeffc-7f7 enhanced and forwarded.
[frame_selection_agent@localhost:5012] 12/06/2026 20:41:20.799 --> frame_id=34d5bc80-ad9 DISCARDED (deleted from buffer). Discarded=849, Forwarded=381
[frame_selection_agent@localhost:5012] 12/06/2026 20:41:20.827 --> frame_id=4e606fdf-319 DISCARDED (deleted from buffer). Discarded=850, Forwarded=381
CPU: [47.1, 45.5, 45.5, 43.7]
RAM: svmem(total=17002643456, available=4687216640, percent=72.4, used=12315426816, free=3597418496, active=12603916288, inactive=552157184, buffers=61276160, cached=1158168576, shared=14696448, slab=100597760)
[frame_selection_agent@localhost:5012] 12/06/2026 20:41:21.406 --> frame_id=fd3066b2-3c3 DISCARDED (deleted from buffer). Discarded=851, Forwarded=381
[data_enhance_agent@localhost:5011] 12/06/2026 20:41:21.455 --> frame_id=9c992d35-8fe enhanced and forwarded.
[data_enhance_agent@localhost:5011] 12/06/2026 20:41:21.488 --> frame_id=ef661f21-0da enhanced and forwarded.
[data_enhance_agent@localhost:5011] 12/06/2026 20:41:21.606 --> frame_id=240f2529-46b enhanced and forwarded.
[data_enhance_agent@localhost:5011] 12/06/2026 20:41:21.854 --> frame_id=011bf379-67c enhanced and forwarded.
CPU: [37.0, 44.6, 33.0, 38.5]
RAM: svmem(total=17002643456, available=4682465280, percent=72.5, used=12320178176, free=3592667136, active=12613025792, inactive=552157184, buffers=61276160, cached=1158168576, shared=14696448, slab=100597760)
[data_enhance_agent@localhost:5011] 12/06/2026 20:41:22.212 --> frame_id=97352001-5f8 enhanced and forwarded.
[frame_selection_agent@localhost:5012] 12/06/2026 20:41:22.694 --> frame_id=f16081d7-0e9 DISCARDED (deleted from buffer). Discarded=852, Forwarded=381
RAM: svmem(total=17002643456, available=4724375552, percent=72.2, used=12278267904, free=3634577408, active=12561629184, inactive=552157184, buffers=61276160, cached=1158168576, shared=14696448, slab=100597760)
CPU: [54.8, 54.7, 52.3, 66.7]
[data_enhance_agent@localhost:5011] 12/06/2026 20:41:23.182 --> frame_id=f5189936-b8b enhanced and forwarded.
[capture_agent@localhost:5010] 12/06/2026 20:41:23.403 --> [RESTART] Animal 100/100 entering scale.
RAM: svmem(total=17002643456, available=4724670464, percent=72.2, used=12277972992, free=3634872320, active=12561629184, inactive=552157184, buffers=61276160, cached=1158168576, shared=14696448, slab=100597760)
CPU: [56.4, 52.6, 53.7, 54.2]
[frame_selection_agent@localhost:5012] 12/06/2026 20:41:24.391 --> frame_id=e25844bd-46b DISCARDED (deleted from buffer). Discarded=853, Forwarded=381
[frame_selection_agent@localhost:5012] 12/06/2026 20:41:24.831 --> frame_id=badc6e5d-77f DISCARDED (deleted from buffer). Discarded=854, Forwarded=381
RAM: svmem(total=17002643456, available=4727734272, percent=72.2, used=12274909184, free=3637936128, active=12561629184, inactive=552157184, buffers=61276160, cached=1158168576, shared=14696448, slab=100597760)
CPU: [52.5, 45.9, 42.6, 44.6]
while handling timed call
Traceback (most recent call last):
  File "/home/ewertonsjp/.pyenv/versions/cv_vend_mas/lib/python3.12/site-packages/twisted/internet/base.py", line 1105, in runUntilCurrent
    call.func(*call.args, **call.kw)
  File "/home/ewertonsjp/projects/cv-system/mas/pade/core/new_ams.py", line 80, in on_time
    self.agent.agentInstance.table.pop(agent_name)
builtins.KeyError: 'capture_agent@localhost:5010'

[data_enhance_agent@localhost:5011] 12/06/2026 20:41:25.206 --> frame_id=6f205d17-29e enhanced and forwarded.
[data_enhance_agent@localhost:5011] 12/06/2026 20:41:25.616 --> frame_id=77aee012-102 enhanced and forwarded.
[data_enhance_agent@localhost:5011] 12/06/2026 20:41:25.914 --> frame_id=9fb95c05-a5b enhanced and forwarded.
RAM: svmem(total=17002643456, available=4733501440, percent=72.2, used=12269142016, free=3643703296, active=12561629184, inactive=552157184, buffers=61276160, cached=1158168576, shared=14696448, slab=100597760)
CPU: [45.5, 40.2, 50.0, 40.2]
RAM: svmem(total=17002643456, available=4731781120, percent=72.2, used=12270862336, free=3641982976, active=12561694720, inactive=552157184, buffers=61276160, cached=1158168576, shared=14696448, slab=100597760)
CPU: [51.0, 52.1, 51.0, 52.9]
RAM: svmem(total=17002643456, available=4716838912, percent=72.3, used=12285804544, free=3627024384, active=12586811392, inactive=552173568, buffers=61292544, cached=1158168576, shared=14696448, slab=100597760)
CPU: [45.3, 50.5, 48.5, 48.5]
[frame_selection_agent@localhost:5012] 12/06/2026 20:41:28.903 --> frame_id=0114b5dc-401 DISCARDED (deleted from buffer). Discarded=855, Forwarded=381
[frame_selection_agent@localhost:5012] 12/06/2026 20:41:28.911 --> frame_id=2310564a-161 DISCARDED (deleted from buffer). Discarded=856, Forwarded=381
RAM: svmem(total=17002643456, available=4707500032, percent=72.3, used=12295143424, free=3617685504, active=12598738944, inactive=552173568, buffers=61292544, cached=1158168576, shared=14696448, slab=100597760)
CPU: [41.0, 48.5, 46.5, 44.6]
[data_enhance_agent@localhost:5011] 12/06/2026 20:41:29.286 --> frame_id=f23bd70b-10a enhanced and forwarded.
[data_enhance_agent@localhost:5011] 12/06/2026 20:41:29.556 --> frame_id=a1f1f595-e50 enhanced and forwarded.
[frame_selection_agent@localhost:5012] 12/06/2026 20:41:29.620 --> frame_id=98b1cf19-4b1 DISCARDED (deleted from buffer). Discarded=857, Forwarded=381
[frame_selection_agent@localhost:5012] 12/06/2026 20:41:29.895 --> frame_id=c217e594-ebd DISCARDED (deleted from buffer). Discarded=858, Forwarded=381
RAM: svmem(total=17002643456, available=4676780032, percent=72.5, used=12325863424, free=3586965504, active=12628688896, inactive=552173568, buffers=61292544, cached=1158168576, shared=14696448, slab=100597760)
[data_enhance_agent@localhost:5011] 12/06/2026 20:41:30.176 --> frame_id=e851c890-a9d enhanced and forwarded.
CPU: [35.1, 42.0, 35.8, 37.4]
[data_enhance_agent@localhost:5011] 12/06/2026 20:41:30.319 --> frame_id=e80c0e5a-b0d enhanced and forwarded.
[data_enhance_agent@localhost:5011] 12/06/2026 20:41:30.459 --> frame_id=78efd54a-fee enhanced and forwarded.
[data_enhance_agent@localhost:5011] 12/06/2026 20:41:30.796 --> frame_id=9d97a574-921 enhanced and forwarded.
[data_enhance_agent@localhost:5011] 12/06/2026 20:41:31.133 --> frame_id=4ff5445e-a3d enhanced and forwarded.
RAM: svmem(total=17002643456, available=4583391232, percent=73.0, used=12419252224, free=3493576704, active=12710658048, inactive=552173568, buffers=61292544, cached=1158168576, shared=14696448, slab=100597760)
CPU: [43.3, 40.8, 43.0, 50.0]
[frame_selection_agent@localhost:5012] 12/06/2026 20:41:31.791 --> frame_id=91eab79c-76b DISCARDED (deleted from buffer). Discarded=859, Forwarded=381
RAM: svmem(total=17002643456, available=4422418432, percent=74.0, used=12580225024, free=3332603904, active=12841189376, inactive=552173568, buffers=61292544, cached=1158168576, shared=14696448, slab=100597760)
[data_enhance_agent@localhost:5011] 12/06/2026 20:41:32.245 --> frame_id=10e14617-26f enhanced and forwarded.
CPU: [47.1, 38.2, 44.6, 46.4]
[data_enhance_agent@localhost:5011] 12/06/2026 20:41:32.420 --> frame_id=dadf12fc-5f7 enhanced and forwarded.
[data_enhance_agent@localhost:5011] 12/06/2026 20:41:32.665 --> frame_id=2a8708a4-31d enhanced and forwarded.
[predict_weight_agent@localhost:5013] 12/06/2026 20:41:32.857 --> [FINAL] Animal 52 completed. Mean weight: 16.0062 kg
[frame_selection_agent@localhost:5012] 12/06/2026 20:41:33.192 --> frame_id=8e705f18-d33 DISCARDED (deleted from buffer). Discarded=860, Forwarded=381
RAM: svmem(total=17002643456, available=4951097344, percent=70.9, used=12051546112, free=3861282816, active=12236587008, inactive=552173568, buffers=61292544, cached=1158168576, shared=14696448, slab=100597760)
[frame_selection_agent@localhost:5012] 12/06/2026 20:41:33.225 --> [BATCH READY] Sent animal_id=65 to Predict!
CPU: [40.6, 50.5, 33.7, 28.4]
[data_enhance_agent@localhost:5011] 12/06/2026 20:41:33.360 --> frame_id=38944d2e-a9c enhanced and forwarded.
[data_enhance_agent@localhost:5011] 12/06/2026 20:41:33.626 --> frame_id=46df285f-157 enhanced and forwarded.
[data_enhance_agent@localhost:5011] 12/06/2026 20:41:33.724 --> frame_id=90ebb2fe-c60 enhanced and forwarded.
[data_enhance_agent@localhost:5011] 12/06/2026 20:41:34.036 --> frame_id=5f96b6a3-d1d enhanced and forwarded.
[data_enhance_agent@localhost:5011] 12/06/2026 20:41:34.061 --> frame_id=ce465e9f-e35 enhanced and forwarded.
RAM: svmem(total=17002643456, available=4947165184, percent=70.9, used=12055478272, free=3857350656, active=12239126528, inactive=552173568, buffers=61308928, cached=1158184960, shared=14696448, slab=100597760)
CPU: [32.4, 37.9, 37.7, 22.1]
[frame_selection_agent@localhost:5012] 12/06/2026 20:41:34.432 --> frame_id=55b65e76-147 SUITABLE. Discarded=860, Forwarded=382
[data_enhance_agent@localhost:5011] 12/06/2026 20:41:34.652 --> frame_id=2308cace-2f0 enhanced and forwarded.
[data_enhance_agent@localhost:5011] 12/06/2026 20:41:34.724 --> frame_id=c70ace4b-edf enhanced and forwarded.
[data_enhance_agent@localhost:5011] 12/06/2026 20:41:34.908 --> frame_id=a3d4555f-054 enhanced and forwarded.
[data_enhance_agent@localhost:5011] 12/06/2026 20:41:34.938 --> frame_id=c47a01bb-c7e enhanced and forwarded.
RAM: svmem(total=17002643456, available=4954554368, percent=70.9, used=12048089088, free=3864739840, active=12239126528, inactive=552173568, buffers=61308928, cached=1158184960, shared=14696448, slab=100597760)
CPU: [48.0, 42.2, 49.5, 37.0]
[frame_selection_agent@localhost:5012] 12/06/2026 20:41:35.631 --> frame_id=4f046070-567 SUITABLE. Discarded=860, Forwarded=383
RAM: svmem(total=17002643456, available=4963483648, percent=70.8, used=12039159808, free=3873669120, active=12239568896, inactive=552173568, buffers=61308928, cached=1158184960, shared=14696448, slab=100597760)
CPU: [61.0, 65.0, 63.0, 60.8]
[capture_agent@localhost:5010] 12/06/2026 20:41:36.537 --> [FINISH] Completed capturing 100 animals.
[frame_selection_agent@localhost:5012] 12/06/2026 20:41:36.805 --> frame_id=6142f1a2-877 SUITABLE. Discarded=860, Forwarded=384
RAM: svmem(total=17002643456, available=4971544576, percent=70.8, used=12031098880, free=3881730048, active=12239568896, inactive=552173568, buffers=61308928, cached=1158184960, shared=14696448, slab=100597760)
CPU: [57.4, 58.0, 58.0, 54.8]
RAM: svmem(total=17002643456, available=4980047872, percent=70.7, used=12022595584, free=3890233344, active=12239568896, inactive=552173568, buffers=61308928, cached=1158184960, shared=14696448, slab=100597760)
CPU: [44.4, 45.8, 50.0, 48.5]
RAM: svmem(total=17002643456, available=4952915968, percent=70.9, used=12049727488, free=3863068672, active=12240322560, inactive=552206336, buffers=61308928, cached=1158184960, shared=14696448, slab=100597760)
CPU: [49.5, 51.5, 49.5, 51.0]
[frame_selection_agent@localhost:5012] 12/06/2026 20:41:39.824 --> frame_id=81c29b0d-168 SUITABLE. Discarded=860, Forwarded=385
RAM: svmem(total=17002643456, available=4963401728, percent=70.8, used=12039241728, free=3873554432, active=12240322560, inactive=552206336, buffers=61308928, cached=1158184960, shared=14696448, slab=100597760)
[frame_selection_agent@localhost:5012] 12/06/2026 20:41:40.435 --> frame_id=9ca0ec98-48b SUITABLE. Discarded=860, Forwarded=386
CPU: [53.1, 55.3, 54.0, 55.1]
[frame_selection_agent@localhost:5012] 12/06/2026 20:41:40.827 --> frame_id=3c21b1b4-8b1 SUITABLE. Discarded=860, Forwarded=387
[data_enhance_agent@localhost:5011] 12/06/2026 20:41:41.179 --> frame_id=1f0f60c9-9e4 enhanced and forwarded.
RAM: svmem(total=17002643456, available=4951801856, percent=70.9, used=12050841600, free=3861954560, active=12282101760, inactive=552206336, buffers=61308928, cached=1158184960, shared=14696448, slab=100597760)
[frame_selection_agent@localhost:5012] 12/06/2026 20:41:41.442 --> frame_id=9d9bcdee-e01 DISCARDED (deleted from buffer). Discarded=861, Forwarded=387
CPU: [54.6, 41.3, 48.6, 41.6]
[data_enhance_agent@localhost:5011] 12/06/2026 20:41:41.787 --> frame_id=0baa6e0d-073 enhanced and forwarded.
RAM: svmem(total=17002643456, available=4943249408, percent=70.9, used=12059394048, free=3853402112, active=12300632064, inactive=552206336, buffers=61308928, cached=1158184960, shared=14696448, slab=100597760)
CPU: [53.4, 53.3, 49.0, 50.0]
[frame_selection_agent@localhost:5012] 12/06/2026 20:41:42.705 --> frame_id=6e710bf5-a38 DISCARDED (deleted from buffer). Discarded=862, Forwarded=387
RAM: svmem(total=17002643456, available=4939251712, percent=71.0, used=12063391744, free=3849404416, active=12322979840, inactive=552206336, buffers=61308928, cached=1158184960, shared=14696448, slab=100597760)
CPU: [48.5, 51.0, 46.8, 47.5]
[frame_selection_agent@localhost:5012] 12/06/2026 20:41:43.671 --> frame_id=23145fe5-053 DISCARDED (deleted from buffer). Discarded=863, Forwarded=387
[frame_selection_agent@localhost:5012] 12/06/2026 20:41:43.965 --> frame_id=1af49342-15d DISCARDED (deleted from buffer). Discarded=864, Forwarded=387
[data_enhance_agent@localhost:5011] 12/06/2026 20:41:43.994 --> frame_id=f10f0c8f-b9d enhanced and forwarded.
RAM: svmem(total=17002643456, available=4914200576, percent=71.1, used=12088442880, free=3824353280, active=12355321856, inactive=552206336, buffers=61308928, cached=1158184960, shared=14696448, slab=100597760)
[frame_selection_agent@localhost:5012] 12/06/2026 20:41:44.599 --> frame_id=0765148c-0ab DISCARDED (deleted from buffer). Discarded=865, Forwarded=387
CPU: [55.0, 47.6, 50.0, 49.0]
[data_enhance_agent@localhost:5011] 12/06/2026 20:41:44.981 --> frame_id=fe857e50-45f enhanced and forwarded.
while handling timed call
Traceback (most recent call last):
  File "/home/ewertonsjp/.pyenv/versions/cv_vend_mas/lib/python3.12/site-packages/twisted/internet/base.py", line 1105, in runUntilCurrent
    call.func(*call.args, **call.kw)
  File "/home/ewertonsjp/projects/cv-system/mas/pade/core/new_ams.py", line 80, in on_time
    self.agent.agentInstance.table.pop(agent_name)
builtins.KeyError: 'capture_agent@localhost:5010'

[predict_weight_agent@localhost:5013] 12/06/2026 20:41:45.410 --> [FINAL] Animal 53 completed. Mean weight: 16.0062 kg
RAM: svmem(total=17002643456, available=4865196032, percent=71.4, used=12137447424, free=3775348736, active=12350390272, inactive=552206336, buffers=61325312, cached=1158184960, shared=14696448, slab=100614144)
CPU: [45.5, 47.1, 50.5, 50.5]
[frame_selection_agent@localhost:5012] 12/06/2026 20:41:46.044 --> frame_id=00d80836-d38 DISCARDED (deleted from buffer). Discarded=866, Forwarded=387
RAM: svmem(total=17002643456, available=4951654400, percent=70.9, used=12050989056, free=3861807104, active=12245860352, inactive=552206336, buffers=61325312, cached=1158184960, shared=14696448, slab=100614144)
[data_enhance_agent@localhost:5011] 12/06/2026 20:41:46.648 --> frame_id=bf31b2f5-7ad enhanced and forwarded.
CPU: [40.0, 50.5, 44.3, 42.3]
RAM: svmem(total=17002643456, available=4959027200, percent=70.8, used=12043616256, free=3869179904, active=12245860352, inactive=552206336, buffers=61325312, cached=1158184960, shared=14696448, slab=100614144)
CPU: [43.4, 46.6, 45.9, 46.5]
RAM: svmem(total=17002643456, available=4959961088, percent=70.8, used=12042682368, free=3870097408, active=12245860352, inactive=552222720, buffers=61325312, cached=1158184960, shared=14696448, slab=100614144)
[frame_selection_agent@localhost:5012] 12/06/2026 20:41:48.695 --> frame_id=1e47fc8d-155 DISCARDED (deleted from buffer). Discarded=867, Forwarded=387
CPU: [43.6, 46.5, 43.0, 43.7]
RAM: svmem(total=17002643456, available=4956094464, percent=70.9, used=12046548992, free=3866230784, active=12273025024, inactive=552222720, buffers=61325312, cached=1158184960, shared=14696448, slab=100614144)
[frame_selection_agent@localhost:5012] 12/06/2026 20:41:49.662 --> frame_id=50fab305-335 DISCARDED (deleted from buffer). Discarded=868, Forwarded=387
[frame_selection_agent@localhost:5012] 12/06/2026 20:41:49.761 --> frame_id=7d19f227-816 DISCARDED (deleted from buffer). Discarded=869, Forwarded=387
CPU: [46.2, 40.6, 49.5, 45.1]
[data_enhance_agent@localhost:5011] 12/06/2026 20:41:50.018 --> frame_id=e901c93f-903 enhanced and forwarded.
[frame_selection_agent@localhost:5012] 12/06/2026 20:41:50.222 --> frame_id=e84806e0-11f DISCARDED (deleted from buffer). Discarded=870, Forwarded=387
RAM: svmem(total=17002643456, available=4953243648, percent=70.9, used=12049399808, free=3863363584, active=12288950272, inactive=552239104, buffers=61341696, cached=1158184960, shared=14696448, slab=100614144)
CPU: [51.5, 50.0, 53.3, 52.4]
RAM: svmem(total=17002643456, available=4940726272, percent=70.9, used=12061917184, free=3850846208, active=12311298048, inactive=552239104, buffers=61341696, cached=1158184960, shared=14696448, slab=100614144)
[frame_selection_agent@localhost:5012] 12/06/2026 20:41:51.674 --> frame_id=a16ec9cc-78e DISCARDED (deleted from buffer). Discarded=871, Forwarded=387
[data_enhance_agent@localhost:5011] 12/06/2026 20:41:51.960 --> frame_id=a2470436-296 enhanced and forwarded.
CPU: [38.8, 39.0, 33.7, 46.9]
[frame_selection_agent@localhost:5012] 12/06/2026 20:41:52.259 --> frame_id=2f275b7c-05c DISCARDED (deleted from buffer). Discarded=872, Forwarded=387
RAM: svmem(total=17002643456, available=4912922624, percent=71.1, used=12089720832, free=3823042560, active=12342788096, inactive=552239104, buffers=61341696, cached=1158184960, shared=14696448, slab=100614144)
[frame_selection_agent@localhost:5012] 12/06/2026 20:41:52.757 --> frame_id=945c087e-ae7 DISCARDED (deleted from buffer). Discarded=873, Forwarded=387
CPU: [53.8, 41.5, 42.7, 44.0]
[data_enhance_agent@localhost:5011] 12/06/2026 20:41:53.083 --> frame_id=896abb6c-827 enhanced and forwarded.
[frame_selection_agent@localhost:5012] 12/06/2026 20:41:53.470 --> frame_id=388864b4-5a3 DISCARDED (deleted from buffer). Discarded=874, Forwarded=387
[frame_selection_agent@localhost:5012] 12/06/2026 20:41:53.501 --> [BATCH READY] Sent animal_id=66 to Predict!
RAM: svmem(total=17002643456, available=5014372352, percent=70.5, used=11988271104, free=3924492288, active=12245860352, inactive=552239104, buffers=61341696, cached=1158184960, shared=14696448, slab=100614144)
[data_enhance_agent@localhost:5011] 12/06/2026 20:41:53.786 --> frame_id=60df693d-e79 enhanced and forwarded.
CPU: [52.0, 40.2, 43.9, 40.6]
[frame_selection_agent@localhost:5012] 12/06/2026 20:41:54.115 --> frame_id=31b55ccd-c11 SUITABLE. Discarded=874, Forwarded=388
[data_enhance_agent@localhost:5011] 12/06/2026 20:41:54.496 --> frame_id=ba139a8f-34b enhanced and forwarded.
RAM: svmem(total=17002643456, available=5017796608, percent=70.5, used=11984846848, free=3927916544, active=12245860352, inactive=552239104, buffers=61341696, cached=1158184960, shared=14696448, slab=100614144)
[frame_selection_agent@localhost:5012] 12/06/2026 20:41:54.924 --> frame_id=a67baa4e-ee7 SUITABLE. Discarded=874, Forwarded=389
CPU: [41.4, 40.2, 45.9, 46.0]
RAM: svmem(total=17002643456, available=5025349632, percent=70.4, used=11977293824, free=3935469568, active=12245860352, inactive=552239104, buffers=61341696, cached=1158184960, shared=14696448, slab=100614144)
CPU: [49.0, 50.0, 48.0, 47.0]
RAM: svmem(total=17002643456, available=5029658624, percent=70.4, used=11972984832, free=3939778560, active=12245860352, inactive=552239104, buffers=61341696, cached=1158184960, shared=14696448, slab=100614144)
CPU: [42.4, 41.8, 41.4, 44.8]
[frame_selection_agent@localhost:5012] 12/06/2026 20:41:57.332 --> frame_id=371599ed-3b2 SUITABLE. Discarded=874, Forwarded=390
[data_enhance_agent@localhost:5011] 12/06/2026 20:41:57.655 --> frame_id=49d4453f-692 enhanced and forwarded.
RAM: svmem(total=17002643456, available=5029789696, percent=70.4, used=11972853760, free=3939893248, active=12246876160, inactive=552255488, buffers=61358080, cached=1158184960, shared=14696448, slab=100614144)
CPU: [40.8, 36.8, 41.4, 50.0]
[frame_selection_agent@localhost:5012] 12/06/2026 20:41:58.348 --> frame_id=33310895-fff SUITABLE. Discarded=874, Forwarded=391
[frame_selection_agent@localhost:5012] 12/06/2026 20:41:58.442 --> frame_id=72038ece-17a SUITABLE. Discarded=874, Forwarded=392
RAM: svmem(total=17002643456, available=5014798336, percent=70.5, used=11987845120, free=3924901888, active=12281348096, inactive=552255488, buffers=61358080, cached=1158184960, shared=14696448, slab=100614144)
[frame_selection_agent@localhost:5012] 12/06/2026 20:41:59.074 --> frame_id=31b6b3b9-ad5 SUITABLE. Discarded=874, Forwarded=393
CPU: [50.0, 52.4, 54.1, 50.5]
RAM: svmem(total=17002643456, available=5003739136, percent=70.6, used=11998904320, free=3913842688, active=12295634944, inactive=552255488, buffers=61358080, cached=1158184960, shared=14696448, slab=100614144)
CPU: [46.5, 44.3, 43.6, 43.2]
[frame_selection_agent@localhost:5012] 12/06/2026 20:42:00.300 --> frame_id=ab454be0-c60 DISCARDED (deleted from buffer). Discarded=875, Forwarded=393
[data_enhance_agent@localhost:5011] 12/06/2026 20:42:00.651 --> frame_id=b2121fe5-1dc enhanced and forwarded.
[frame_selection_agent@localhost:5012] 12/06/2026 20:42:00.709 --> frame_id=cee7919a-cc2 DISCARDED (deleted from buffer). Discarded=876, Forwarded=393
RAM: svmem(total=17002643456, available=4978196480, percent=70.7, used=12024446976, free=3888300032, active=12316966912, inactive=552255488, buffers=61358080, cached=1158184960, shared=14696448, slab=100614144)
CPU: [30.3, 35.0, 54.5, 33.7]
[data_enhance_agent@localhost:5011] 12/06/2026 20:42:01.683 --> frame_id=5d93a927-a6d enhanced and forwarded.
RAM: svmem(total=17002643456, available=4951408640, percent=70.9, used=12051234816, free=3861512192, active=12342362112, inactive=552255488, buffers=61358080, cached=1158184960, shared=14696448, slab=100614144)
[frame_selection_agent@localhost:5012] 12/06/2026 20:42:01.856 --> frame_id=5de57779-d7d DISCARDED (deleted from buffer). Discarded=877, Forwarded=393
[predict_weight_agent@localhost:5013] 12/06/2026 20:42:01.940 --> [BATCH INFERENCE] Running full network on 6 frames for animal 54
[frame_selection_agent@localhost:5012] 12/06/2026 20:42:01.966 --> [SYNC] Expected 20 frames for animal 82
CPU: [48.0, 47.1, 44.8, 48.5]
[frame_selection_agent@localhost:5012] 12/06/2026 20:42:02.657 --> frame_id=f08d1079-bd6 DISCARDED (deleted from buffer). Discarded=878, Forwarded=393
RAM: svmem(total=17002643456, available=5022629888, percent=70.5, used=11980013568, free=3932733440, active=12245876736, inactive=552255488, buffers=61374464, cached=1158184960, shared=14696448, slab=100614144)
[frame_selection_agent@localhost:5012] 12/06/2026 20:42:02.947 --> frame_id=97c4b508-f69 DISCARDED (deleted from buffer). Discarded=879, Forwarded=393
CPU: [48.0, 46.4, 50.9, 49.5]
[frame_selection_agent@localhost:5012] 12/06/2026 20:42:03.435 --> frame_id=2da17fbc-264 DISCARDED (deleted from buffer). Discarded=880, Forwarded=393
RAM: svmem(total=17002643456, available=5030428672, percent=70.4, used=11972214784, free=3940532224, active=12245876736, inactive=552255488, buffers=61374464, cached=1158184960, shared=14696448, slab=100614144)
[data_enhance_agent@localhost:5011] 12/06/2026 20:42:03.987 --> frame_id=f06d903d-37d enhanced and forwarded.
[predict_weight_agent@localhost:5013] 12/06/2026 20:42:04.167 --> [BATCH INFERENCE] Running full network on 6 frames for animal 55
CPU: [43.1, 43.3, 40.6, 46.5]
[predict_weight_agent@localhost:5013] 12/06/2026 20:42:04.261 --> [BATCH INFERENCE] Running full network on 5 frames for animal 56
RAM: svmem(total=17002643456, available=5036244992, percent=70.4, used=11966398464, free=3946348544, active=12245876736, inactive=552255488, buffers=61374464, cached=1158184960, shared=14696448, slab=100614144)
while handling timed call
Traceback (most recent call last):
  File "/home/ewertonsjp/.pyenv/versions/cv_vend_mas/lib/python3.12/site-packages/twisted/internet/base.py", line 1105, in runUntilCurrent
    call.func(*call.args, **call.kw)
  File "/home/ewertonsjp/projects/cv-system/mas/pade/core/new_ams.py", line 80, in on_time
    self.agent.agentInstance.table.pop(agent_name)
builtins.KeyError: 'capture_agent@localhost:5010'

CPU: [47.1, 47.7, 44.2, 41.7]
RAM: svmem(total=17002643456, available=5035032576, percent=70.4, used=11967610880, free=3945119744, active=12245893120, inactive=552271872, buffers=61374464, cached=1158184960, shared=14696448, slab=100614144)
CPU: [45.1, 40.0, 43.6, 43.0]
[frame_selection_agent@localhost:5012] 12/06/2026 20:42:06.232 --> frame_id=b1affac5-225 DISCARDED (deleted from buffer). Discarded=881, Forwarded=393
[data_enhance_agent@localhost:5011] 12/06/2026 20:42:06.571 --> frame_id=6601e16b-1df enhanced and forwarded.
[data_enhance_agent@localhost:5011] 12/06/2026 20:42:06.816 --> frame_id=b48a7fbd-a7f enhanced and forwarded.
RAM: svmem(total=17002643456, available=5036834816, percent=70.4, used=11965808640, free=3946905600, active=12248940544, inactive=552288256, buffers=61374464, cached=1158201344, shared=14696448, slab=100614144)
[frame_selection_agent@localhost:5012] 12/06/2026 20:42:07.094 --> frame_id=3d11a32b-762 DISCARDED (deleted from buffer). Discarded=882, Forwarded=393
[frame_selection_agent@localhost:5012] 12/06/2026 20:42:07.207 --> frame_id=ce1a969e-660 DISCARDED (deleted from buffer). Discarded=883, Forwarded=393
CPU: [46.7, 44.4, 34.0, 39.0]
[data_enhance_agent@localhost:5011] 12/06/2026 20:42:07.480 --> frame_id=38116782-677 enhanced and forwarded.
RAM: svmem(total=17002643456, available=5019877376, percent=70.5, used=11982766080, free=3929948160, active=12281872384, inactive=552288256, buffers=61374464, cached=1158201344, shared=14696448, slab=100614144)
[frame_selection_agent@localhost:5012] 12/06/2026 20:42:08.191 --> frame_id=30046163-fae DISCARDED (deleted from buffer). Discarded=884, Forwarded=393
CPU: [46.1, 49.0, 53.4, 47.6]
[data_enhance_agent@localhost:5011] 12/06/2026 20:42:08.538 --> frame_id=6ad53400-dd4 enhanced and forwarded.
RAM: svmem(total=17002643456, available=5002199040, percent=70.6, used=12000444416, free=3912253440, active=12301729792, inactive=552304640, buffers=61390848, cached=1158201344, shared=14696448, slab=100614144)
CPU: [57.0, 59.4, 56.7, 59.8]
RAM: svmem(total=17002643456, available=4982046720, percent=70.7, used=12020596736, free=3892101120, active=12320014336, inactive=552304640, buffers=61390848, cached=1158201344, shared=14696448, slab=100614144)
[frame_selection_agent@localhost:5012] 12/06/2026 20:42:09.936 --> frame_id=07ece7c1-574 DISCARDED (deleted from buffer). Discarded=885, Forwarded=393
[frame_selection_agent@localhost:5012] 12/06/2026 20:42:10.381 --> frame_id=40f0febe-d47 DISCARDED (deleted from buffer). Discarded=886, Forwarded=393
CPU: [53.5, 52.0, 53.5, 52.0]
[frame_selection_agent@localhost:5012] 12/06/2026 20:42:10.777 --> frame_id=4d96c5b8-555 DISCARDED (deleted from buffer). Discarded=887, Forwarded=393
RAM: svmem(total=17002643456, available=5002706944, percent=70.6, used=11999936512, free=3912761344, active=12292931584, inactive=552304640, buffers=61390848, cached=1158201344, shared=14696448, slab=100614144)
CPU: [54.5, 51.0, 55.3, 53.9]
RAM: svmem(total=17002643456, available=4991156224, percent=70.6, used=12011487232, free=3901210624, active=12305121280, inactive=552304640, buffers=61390848, cached=1158201344, shared=14696448, slab=100614144)
[frame_selection_agent@localhost:5012] 12/06/2026 20:42:12.068 --> frame_id=ff93bf25-cd5 DISCARDED (deleted from buffer). Discarded=888, Forwarded=393
[frame_selection_agent@localhost:5012] 12/06/2026 20:42:12.080 --> [BATCH READY] Sent animal_id=67 to Predict!
[frame_selection_agent@localhost:5012] 12/06/2026 20:42:12.420 --> frame_id=d7d6bb44-6b8 SUITABLE. Discarded=888, Forwarded=394
CPU: [50.5, 52.0, 51.0, 48.0]
[frame_selection_agent@localhost:5012] 12/06/2026 20:42:12.625 --> frame_id=d5ba7872-330 SUITABLE. Discarded=888, Forwarded=395
RAM: svmem(total=17002643456, available=5092442112, percent=70.0, used=11910201344, free=4002496512, active=12180078592, inactive=552304640, buffers=61390848, cached=1158201344, shared=14696448, slab=100614144)
CPU: [57.5, 56.1, 55.9, 57.3]
RAM: svmem(total=17002643456, available=5031247872, percent=70.4, used=11971395584, free=3941302272, active=12256509952, inactive=552304640, buffers=61390848, cached=1158201344, shared=14696448, slab=100614144)
CPU: [49.5, 49.0, 49.0, 47.0]
RAM: svmem(total=17002643456, available=5031264256, percent=70.4, used=11971379200, free=3941302272, active=12257329152, inactive=552321024, buffers=61407232, cached=1158201344, shared=14696448, slab=100614144)
[frame_selection_agent@localhost:5012] 12/06/2026 20:42:15.522 --> frame_id=471b1aa7-548 SUITABLE. Discarded=888, Forwarded=396
CPU: [44.8, 47.5, 46.3, 49.0]
RAM: svmem(total=17002643456, available=5020450816, percent=70.5, used=11982192640, free=3930488832, active=12283412480, inactive=552321024, buffers=61407232, cached=1158201344, shared=14696448, slab=100614144)
[frame_selection_agent@localhost:5012] 12/06/2026 20:42:16.032 --> frame_id=2ea117cc-049 DISCARDED (deleted from buffer). Discarded=889, Forwarded=396
[frame_selection_agent@localhost:5012] 12/06/2026 20:42:16.040 --> frame_id=b413ef42-eac SUITABLE. Discarded=889, Forwarded=397
CPU: [55.0, 51.1, 53.9, 54.2]
RAM: svmem(total=17002643456, available=4837851136, percent=71.5, used=12164792320, free=3747889152, active=12431081472, inactive=552321024, buffers=61407232, cached=1158201344, shared=14696448, slab=100614144)
CPU: [48.0, 50.0, 49.0, 49.5]
[predict_weight_agent@localhost:5013] 12/06/2026 20:42:18.023 --> [FINAL] Animal 54 completed. Mean weight: 16.0062 kg
RAM: svmem(total=17002643456, available=4779819008, percent=71.9, used=12222824448, free=3689857024, active=12440354816, inactive=552321024, buffers=61407232, cached=1158201344, shared=14696448, slab=100614144)
[frame_selection_agent@localhost:5012] 12/06/2026 20:42:18.276 --> frame_id=9dca3896-4a2 DISCARDED (deleted from buffer). Discarded=890, Forwarded=397
CPU: [43.9, 47.5, 45.4, 43.6]
[frame_selection_agent@localhost:5012] 12/06/2026 20:42:18.843 --> frame_id=d936dfe2-8eb DISCARDED (deleted from buffer). Discarded=891, Forwarded=397
RAM: svmem(total=17002643456, available=4848386048, percent=71.5, used=12154257408, free=3758424064, active=12388761600, inactive=552321024, buffers=61407232, cached=1158201344, shared=14696448, slab=100614144)
[frame_selection_agent@localhost:5012] 12/06/2026 20:42:19.286 --> frame_id=40296b35-7ab DISCARDED (deleted from buffer). Discarded=892, Forwarded=397
CPU: [47.3, 50.5, 48.4, 49.0]
RAM: svmem(total=17002643456, available=4850466816, percent=71.5, used=12152176640, free=3760504832, active=12359483392, inactive=552321024, buffers=61407232, cached=1158201344, shared=14696448, slab=100614144)
CPU: [44.1, 46.9, 45.5, 45.5]
[frame_selection_agent@localhost:5012] 12/06/2026 20:42:20.736 --> frame_id=60b1a6be-6a8 DISCARDED (deleted from buffer). Discarded=893, Forwarded=397
[frame_selection_agent@localhost:5012] 12/06/2026 20:42:20.793 --> frame_id=04c1e78d-247 DISCARDED (deleted from buffer). Discarded=894, Forwarded=397
[frame_selection_agent@localhost:5012] 12/06/2026 20:42:21.089 --> frame_id=1f59db6d-9af DISCARDED (deleted from buffer). Discarded=895, Forwarded=397
RAM: svmem(total=17002643456, available=4908974080, percent=71.1, used=12093669376, free=3819012096, active=12307595264, inactive=552321024, buffers=61407232, cached=1158201344, shared=14696448, slab=100614144)
CPU: [50.5, 53.5, 52.5, 50.0]
RAM: svmem(total=17002643456, available=4918231040, percent=71.1, used=12084412416, free=3828269056, active=12307595264, inactive=552321024, buffers=61407232, cached=1158201344, shared=14696448, slab=100614144)
CPU: [45.6, 45.6, 44.0, 47.0]
RAM: svmem(total=17002643456, available=4923228160, percent=71.0, used=12079415296, free=3833266176, active=12307595264, inactive=552321024, buffers=61407232, cached=1158201344, shared=14696448, slab=100614144)
CPU: [43.6, 44.4, 45.3, 41.2]
[frame_selection_agent@localhost:5012] 12/06/2026 20:42:23.963 --> frame_id=0fd91a8e-9ac DISCARDED (deleted from buffer). Discarded=896, Forwarded=397
[frame_selection_agent@localhost:5012] 12/06/2026 20:42:24.016 --> frame_id=790a79a9-131 DISCARDED (deleted from buffer). Discarded=897, Forwarded=397
RAM: svmem(total=17002643456, available=4929568768, percent=71.0, used=12073074688, free=3839606784, active=12307611648, inactive=552321024, buffers=61407232, cached=1158201344, shared=14696448, slab=100614144)
[frame_selection_agent@localhost:5012] 12/06/2026 20:42:24.246 --> frame_id=1cd81842-2e0 DISCARDED (deleted from buffer). Discarded=898, Forwarded=397
CPU: [60.0, 61.4, 61.4, 61.5]
while handling timed call
Traceback (most recent call last):
  File "/home/ewertonsjp/.pyenv/versions/cv_vend_mas/lib/python3.12/site-packages/twisted/internet/base.py", line 1105, in runUntilCurrent
    call.func(*call.args, **call.kw)
  File "/home/ewertonsjp/projects/cv-system/mas/pade/core/new_ams.py", line 80, in on_time
    self.agent.agentInstance.table.pop(agent_name)
builtins.KeyError: 'capture_agent@localhost:5010'

RAM: svmem(total=17002643456, available=4933861376, percent=71.0, used=12068782080, free=3843899392, active=12322684928, inactive=552321024, buffers=61407232, cached=1158201344, shared=14696448, slab=100614144)
CPU: [59.0, 56.6, 60.8, 59.4]
RAM: svmem(total=17002643456, available=4908728320, percent=71.1, used=12093915136, free=3818766336, active=12364742656, inactive=552321024, buffers=61407232, cached=1158201344, shared=14696448, slab=100614144)
[frame_selection_agent@localhost:5012] 12/06/2026 20:42:26.300 --> frame_id=22cd42ac-991 DISCARDED (deleted from buffer). Discarded=899, Forwarded=397
[frame_selection_agent@localhost:5012] 12/06/2026 20:42:26.463 --> frame_id=38b35ed9-f8b DISCARDED (deleted from buffer). Discarded=900, Forwarded=397
CPU: [46.5, 50.5, 50.0, 49.0]
[frame_selection_agent@localhost:5012] 12/06/2026 20:42:27.125 --> frame_id=e93fbdd6-e08 DISCARDED (deleted from buffer). Discarded=901, Forwarded=397
RAM: svmem(total=17002643456, available=4892770304, percent=71.2, used=12109873152, free=3802791936, active=12385550336, inactive=552337408, buffers=61423616, cached=1158201344, shared=14696448, slab=100614144)
[frame_selection_agent@localhost:5012] 12/06/2026 20:42:27.631 --> frame_id=a867c2db-f3f DISCARDED (deleted from buffer). Discarded=902, Forwarded=397
[frame_selection_agent@localhost:5012] 12/06/2026 20:42:27.637 --> [BATCH READY] Sent animal_id=68 to Predict!
CPU: [62.5, 64.8, 63.7, 65.0]
RAM: svmem(total=17002643456, available=4934713344, percent=71.0, used=12067930112, free=3844734976, active=12345901056, inactive=552337408, buffers=61423616, cached=1158201344, shared=14696448, slab=100614144)
CPU: [59.6, 63.7, 62.5, 61.2]
[frame_selection_agent@localhost:5012] 12/06/2026 20:42:29.038 --> frame_id=064b4c44-c5d SUITABLE. Discarded=902, Forwarded=398
RAM: svmem(total=17002643456, available=4929847296, percent=71.0, used=12072796160, free=3839868928, active=12355371008, inactive=552337408, buffers=61423616, cached=1158201344, shared=14696448, slab=100614144)
[frame_selection_agent@localhost:5012] 12/06/2026 20:42:29.893 --> frame_id=e92cf86e-aa3 SUITABLE. Discarded=902, Forwarded=399
CPU: [54.9, 52.1, 55.8, 53.5]
[frame_selection_agent@localhost:5012] 12/06/2026 20:42:30.164 --> frame_id=503ffc5d-c96 SUITABLE. Discarded=902, Forwarded=400
RAM: svmem(total=17002643456, available=4979163136, percent=70.7, used=12023480320, free=3889184768, active=12307611648, inactive=552337408, buffers=61423616, cached=1158201344, shared=14696448, slab=100614144)
[predict_weight_agent@localhost:5013] 12/06/2026 20:42:30.479 --> [BATCH INFERENCE] Running full network on 6 frames for animal 57
CPU: [56.0, 54.6, 56.2, 54.0]
RAM: svmem(total=17002643456, available=4980178944, percent=70.7, used=12022464512, free=3890200576, active=12307611648, inactive=552337408, buffers=61423616, cached=1158201344, shared=14696448, slab=100614144)
CPU: [51.5, 54.0, 56.2, 53.6]
RAM: svmem(total=17002643456, available=4806426624, percent=71.7, used=12196216832, free=3716448256, active=12465913856, inactive=552337408, buffers=61440000, cached=1158201344, shared=14696448, slab=100614144)
CPU: [52.5, 50.0, 52.0, 51.5]
RAM: svmem(total=17002643456, available=4600987648, percent=72.9, used=12401655808, free=3510992896, active=12648349696, inactive=552353792, buffers=61440000, cached=1158201344, shared=14696448, slab=100614144)
[frame_selection_agent@localhost:5012] 12/06/2026 20:42:33.557 --> frame_id=269c2d02-485 SUITABLE. Discarded=902, Forwarded=401
[predict_weight_agent@localhost:5013] 12/06/2026 20:42:33.985 --> [FINAL] Animal 55 completed. Mean weight: 16.0062 kg
CPU: [49.0, 50.5, 53.5, 52.0]
[frame_selection_agent@localhost:5012] 12/06/2026 20:42:34.261 --> frame_id=6e843a23-fa1 SUITABLE. Discarded=902, Forwarded=402
RAM: svmem(total=17002643456, available=4638097408, percent=72.7, used=12364546048, free=3548102656, active=12569296896, inactive=552353792, buffers=61440000, cached=1158201344, shared=14696448, slab=100614144)
CPU: [50.5, 51.6, 50.0, 52.0]
[frame_selection_agent@localhost:5012] 12/06/2026 20:42:35.351 --> frame_id=3711586b-866 SUITABLE. Discarded=902, Forwarded=403
RAM: svmem(total=17002643456, available=4598579200, percent=73.0, used=12404064256, free=3508584448, active=12618268672, inactive=552353792, buffers=61440000, cached=1158201344, shared=14696448, slab=100614144)
[frame_selection_agent@localhost:5012] 12/06/2026 20:42:35.651 --> frame_id=97058ba0-f5b DISCARDED (deleted from buffer). Discarded=903, Forwarded=403
CPU: [56.1, 59.4, 58.8, 60.8]
RAM: svmem(total=17002643456, available=4532224000, percent=73.3, used=12470419456, free=3442229248, active=12701417472, inactive=552353792, buffers=61440000, cached=1158201344, shared=14696448, slab=100614144)
[frame_selection_agent@localhost:5012] 12/06/2026 20:42:36.626 --> frame_id=849f0aa8-502 DISCARDED (deleted from buffer). Discarded=904, Forwarded=403
[predict_weight_agent@localhost:5013] 12/06/2026 20:42:36.955 --> [FINAL] Animal 56 completed. Mean weight: 16.0062 kg
CPU: [57.4, 57.0, 58.3, 58.8]
[frame_selection_agent@localhost:5012] 12/06/2026 20:42:37.276 --> frame_id=50b3eda6-b63 DISCARDED (deleted from buffer). Discarded=905, Forwarded=403
RAM: svmem(total=17002643456, available=4494966784, percent=73.6, used=12507676672, free=3404972032, active=12691062784, inactive=552353792, buffers=61440000, cached=1158201344, shared=14696448, slab=100614144)
CPU: [51.0, 52.6, 50.5, 52.6]
[frame_selection_agent@localhost:5012] 12/06/2026 20:42:38.171 --> frame_id=2d2e5f9f-c7c DISCARDED (deleted from buffer). Discarded=906, Forwarded=403
RAM: svmem(total=17002643456, available=4489641984, percent=73.6, used=12513001472, free=3399630848, active=12712886272, inactive=552370176, buffers=61456384, cached=1158201344, shared=14696448, slab=100614144)
[frame_selection_agent@localhost:5012] 12/06/2026 20:42:38.411 --> frame_id=9539e0cb-0a6 DISCARDED (deleted from buffer). Discarded=907, Forwarded=403
CPU: [54.5, 59.2, 54.2, 59.4]
[frame_selection_agent@localhost:5012] 12/06/2026 20:42:39.393 --> frame_id=3e786fce-d6a DISCARDED (deleted from buffer). Discarded=908, Forwarded=403
RAM: svmem(total=17002643456, available=4558471168, percent=73.2, used=12444172288, free=3468460032, active=12654952448, inactive=552370176, buffers=61456384, cached=1158201344, shared=14696448, slab=100614144)
[frame_selection_agent@localhost:5012] 12/06/2026 20:42:39.527 --> frame_id=41c84258-439 DISCARDED (deleted from buffer). Discarded=909, Forwarded=403
[frame_selection_agent@localhost:5012] 12/06/2026 20:42:39.552 --> frame_id=2bdfdb75-fe3 DISCARDED (deleted from buffer). Discarded=910, Forwarded=403
[predict_weight_agent@localhost:5013] 12/06/2026 20:42:39.920 --> [FINAL] Animal 57 completed. Mean weight: 16.0062 kg
CPU: [45.0, 36.5, 40.2, 40.2]
RAM: svmem(total=17002643456, available=4482039808, percent=73.6, used=12520603648, free=3392028672, active=12782944256, inactive=552370176, buffers=61456384, cached=1158201344, shared=14696448, slab=100614144)
CPU: [0.0, 0.0, 0.0, 0.0]
RAM: svmem(total=17002643456, available=4482039808, percent=73.6, used=12520603648, free=3392028672, active=12782944256, inactive=552370176, buffers=61456384, cached=1158201344, shared=14696448, slab=100614144)
CPU: [0.0, 0.0, 0.0, 0.0]
RAM: svmem(total=17002643456, available=4483760128, percent=73.6, used=12518883328, free=3393748992, active=12782944256, inactive=552370176, buffers=61456384, cached=1158201344, shared=14696448, slab=100614144)
CPU: [0.0, 0.0, 0.0, 0.0]
RAM: svmem(total=17002643456, available=4485038080, percent=73.6, used=12517605376, free=3395026944, active=12782944256, inactive=552370176, buffers=61456384, cached=1158201344, shared=14696448, slab=100614144)
CPU: [0.0, 0.0, 0.0, 0.0]
RAM: svmem(total=17002643456, available=4486266880, percent=73.6, used=12516376576, free=3396255744, active=12782944256, inactive=552370176, buffers=61472768, cached=1158201344, shared=14696448, slab=100614144)
while handling timed call
Traceback (most recent call last):
  File "/home/ewertonsjp/.pyenv/versions/cv_vend_mas/lib/python3.12/site-packages/twisted/internet/base.py", line 1105, in runUntilCurrent
    call.func(*call.args, **call.kw)
  File "/home/ewertonsjp/projects/cv-system/mas/pade/core/new_ams.py", line 80, in on_time
    self.agent.agentInstance.table.pop(agent_name)
builtins.KeyError: 'capture_agent@localhost:5010'

CPU: [0.0, 0.0, 0.0, 1.0]
RAM: svmem(total=17002643456, available=4490182656, percent=73.6, used=12512460800, free=3400171520, active=12782944256, inactive=552370176, buffers=61472768, cached=1158217728, shared=14696448, slab=100614144)
CPU: [0.0, 0.0, 0.0, 0.0]
RAM: svmem(total=17002643456, available=4489969664, percent=73.6, used=12512673792, free=3399958528, active=12782944256, inactive=552370176, buffers=61472768, cached=1158217728, shared=14696448, slab=100614144)
CPU: [0.0, 0.0, 0.0, 1.0]
RAM: svmem(total=17002643456, available=4486299648, percent=73.6, used=12516343808, free=3396288512, active=12782944256, inactive=552370176, buffers=61472768, cached=1158217728, shared=14696448, slab=100614144)
CPU: [0.0, 0.0, 0.0, 0.0]
RAM: svmem(total=17002643456, available=4489838592, percent=73.6, used=12512804864, free=3399827456, active=12782944256, inactive=552370176, buffers=61472768, cached=1158217728, shared=14696448, slab=100614144)
CPU: [0.0, 0.0, 0.0, 0.0]
RAM: svmem(total=17002643456, available=4490985472, percent=73.6, used=12511657984, free=3400974336, active=12782944256, inactive=552370176, buffers=61472768, cached=1158217728, shared=14696448, slab=100614144)
CPU: [0.0, 0.0, 0.0, 0.0]
RAM: svmem(total=17002643456, available=4493148160, percent=73.6, used=12509495296, free=3403137024, active=12782944256, inactive=552370176, buffers=61472768, cached=1158217728, shared=14696448, slab=100614144)
CPU: [0.0, 0.0, 0.0, 0.0]
RAM: svmem(total=17002643456, available=4497637376, percent=73.5, used=12505006080, free=3407626240, active=12782944256, inactive=552370176, buffers=61489152, cached=1158217728, shared=14696448, slab=100614144)
CPU: [0.0, 0.0, 0.0, 0.0]
RAM: svmem(total=17002643456, available=4496850944, percent=73.6, used=12505792512, free=3406839808, active=12782944256, inactive=552370176, buffers=61489152, cached=1158217728, shared=14696448, slab=100614144)
CPU: [0.0, 0.0, 0.0, 0.0]
RAM: svmem(total=17002643456, available=4497375232, percent=73.5, used=12505268224, free=3407364096, active=12783190016, inactive=552370176, buffers=61489152, cached=1158217728, shared=14696448, slab=100614144)
CPU: [0.0, 0.0, 0.0, 0.0]
RAM: svmem(total=17002643456, available=4500291584, percent=73.5, used=12502351872, free=3410280448, active=12783190016, inactive=552370176, buffers=61489152, cached=1158217728, shared=14696448, slab=100614144)
CPU: [0.0, 0.0, 0.0, 0.0]
RAM: svmem(total=17002643456, available=4504403968, percent=73.5, used=12498239488, free=3414392832, active=12783190016, inactive=552370176, buffers=61489152, cached=1158217728, shared=14696448, slab=100614144)
CPU: [0.0, 0.0, 0.0, 0.0]
RAM: svmem(total=17002643456, available=4507877376, percent=73.5, used=12494766080, free=3417866240, active=12783190016, inactive=552370176, buffers=61489152, cached=1158217728, shared=14696448, slab=100614144)
CPU: [0.0, 0.0, 0.0, 0.0]
RAM: svmem(total=17002643456, available=4505616384, percent=73.5, used=12497027072, free=3415605248, active=12783190016, inactive=552370176, buffers=61489152, cached=1158217728, shared=14696448, slab=100614144)
CPU: [0.0, 0.0, 0.0, 0.0]
RAM: svmem(total=17002643456, available=4509204480, percent=73.5, used=12493438976, free=3419193344, active=12783190016, inactive=552370176, buffers=61489152, cached=1158217728, shared=14696448, slab=100614144)
CPU: [0.0, 0.0, 0.0, 0.0]
RAM: svmem(total=17002643456, available=4504289280, percent=73.5, used=12498354176, free=3414278144, active=12783190016, inactive=552370176, buffers=61489152, cached=1158217728, shared=14696448, slab=100614144)
CPU: [0.0, 0.0, 0.0, 0.0]
RAM: svmem(total=17002643456, available=4505567232, percent=73.5, used=12497076224, free=3415556096, active=12783190016, inactive=552370176, buffers=61489152, cached=1158217728, shared=14696448, slab=100614144)
CPU: [0.0, 0.0, 0.0, 0.0]
RAM: svmem(total=17002643456, available=4506140672, percent=73.5, used=12496502784, free=3416129536, active=12783190016, inactive=552370176, buffers=61489152, cached=1158217728, shared=14696448, slab=100614144)
CPU: [0.0, 0.0, 0.0, 0.0]
RAM: svmem(total=17002643456, available=4507041792, percent=73.5, used=12495601664, free=3417030656, active=12783190016, inactive=552370176, buffers=61489152, cached=1158217728, shared=14696448, slab=100614144)
CPU: [0.0, 0.0, 0.0, 0.0]
RAM: svmem(total=17002643456, available=4507959296, percent=73.5, used=12494684160, free=3417948160, active=12783190016, inactive=552370176, buffers=61489152, cached=1158217728, shared=14696448, slab=100614144)
CPU: [0.0, 0.0, 0.0, 0.0]
RAM: svmem(total=17002643456, available=4511416320, percent=73.5, used=12491227136, free=3421405184, active=12783190016, inactive=552370176, buffers=61489152, cached=1158217728, shared=14696448, slab=100614144)
while handling timed call
Traceback (most recent call last):
  File "/home/ewertonsjp/.pyenv/versions/cv_vend_mas/lib/python3.12/site-packages/twisted/internet/base.py", line 1105, in runUntilCurrent
    call.func(*call.args, **call.kw)
  File "/home/ewertonsjp/projects/cv-system/mas/pade/core/new_ams.py", line 80, in on_time
    self.agent.agentInstance.table.pop(agent_name)
builtins.KeyError: 'capture_agent@localhost:5010'

CPU: [0.0, 0.0, 0.0, 0.0]
RAM: svmem(total=17002643456, available=4512317440, percent=73.5, used=12490326016, free=3422306304, active=12783190016, inactive=552370176, buffers=61489152, cached=1158217728, shared=14696448, slab=100614144)
CPU: [0.0, 0.0, 0.0, 0.0]
RAM: svmem(total=17002643456, available=4514529280, percent=73.4, used=12488114176, free=3424518144, active=12783190016, inactive=552370176, buffers=61489152, cached=1158217728, shared=14696448, slab=100614144)
CPU: [0.0, 0.0, 0.0, 1.0]
RAM: svmem(total=17002643456, available=4515528704, percent=73.4, used=12487114752, free=3425517568, active=12783190016, inactive=552370176, buffers=61489152, cached=1158217728, shared=14696448, slab=100614144)
CPU: [0.0, 0.0, 0.0, 0.0]
RAM: svmem(total=17002643456, available=4520116224, percent=73.4, used=12482527232, free=3430105088, active=12783190016, inactive=552370176, buffers=61489152, cached=1158217728, shared=14696448, slab=100614144)
CPU: [0.0, 0.0, 0.0, 0.0]
RAM: svmem(total=17002643456, available=4514381824, percent=73.4, used=12488261632, free=3424370688, active=12783190016, inactive=552370176, buffers=61489152, cached=1158217728, shared=14696448, slab=100614144)
CPU: [0.0, 0.0, 0.0, 0.0]
RAM: svmem(total=17002643456, available=4514627584, percent=73.4, used=12488015872, free=3424616448, active=12783190016, inactive=552370176, buffers=61489152, cached=1158217728, shared=14696448, slab=100614144)
CPU: [0.0, 0.0, 0.0, 0.0]
RAM: svmem(total=17002643456, available=4514152448, percent=73.5, used=12488491008, free=3424141312, active=12783190016, inactive=552370176, buffers=61505536, cached=1158217728, shared=14696448, slab=100614144)
CPU: [0.0, 0.0, 1.0, 0.0]
RAM: svmem(total=17002643456, available=4517593088, percent=73.4, used=12485050368, free=3427581952, active=12783190016, inactive=552370176, buffers=61505536, cached=1158217728, shared=14696448, slab=100614144)
CPU: [0.0, 0.0, 0.0, 0.0]
RAM: svmem(total=17002643456, available=4517707776, percent=73.4, used=12484935680, free=3427696640, active=12783190016, inactive=552370176, buffers=61505536, cached=1158217728, shared=14696448, slab=100614144)
CPU: [0.0, 0.0, 0.0, 0.0]
RAM: svmem(total=17002643456, available=4520968192, percent=73.4, used=12481675264, free=3430957056, active=12783190016, inactive=552370176, buffers=61505536, cached=1158217728, shared=14696448, slab=100614144)
CPU: [0.0, 0.0, 0.0, 0.0]
RAM: svmem(total=17002643456, available=4524326912, percent=73.4, used=12478316544, free=3434315776, active=12783190016, inactive=552370176, buffers=61505536, cached=1158217728, shared=14696448, slab=100614144)
CPU: [0.0, 0.0, 0.0, 0.0]
RAM: svmem(total=17002643456, available=4526850048, percent=73.4, used=12475793408, free=3436838912, active=12783190016, inactive=552370176, buffers=61505536, cached=1158217728, shared=14696448, slab=100614144)
CPU: [0.0, 0.0, 0.0, 0.0]
RAM: svmem(total=17002643456, available=4525867008, percent=73.4, used=12476776448, free=3435855872, active=12783190016, inactive=552370176, buffers=61505536, cached=1158217728, shared=14696448, slab=100614144)
CPU: [0.0, 1.0, 0.0, 0.0]
RAM: svmem(total=17002643456, available=4525129728, percent=73.4, used=12477513728, free=3435118592, active=12783190016, inactive=552370176, buffers=61505536, cached=1158217728, shared=14696448, slab=100614144)
CPU: [0.0, 0.0, 0.0, 0.0]
RAM: svmem(total=17002643456, available=4523900928, percent=73.4, used=12478742528, free=3433889792, active=12783190016, inactive=552370176, buffers=61505536, cached=1158217728, shared=14696448, slab=100597760)
CPU: [0.0, 1.0, 0.0, 1.0]
RAM: svmem(total=17002643456, available=4525408256, percent=73.4, used=12477235200, free=3435397120, active=12783190016, inactive=552370176, buffers=61505536, cached=1158217728, shared=14696448, slab=100597760)
CPU: [0.0, 0.0, 0.0, 0.0]
RAM: svmem(total=17002643456, available=4524670976, percent=73.4, used=12477972480, free=3434659840, active=12783190016, inactive=552370176, buffers=61505536, cached=1158217728, shared=14696448, slab=100597760)
CPU: [0.0, 0.0, 0.0, 0.0]
RAM: svmem(total=17002643456, available=4526211072, percent=73.4, used=12476432384, free=3436199936, active=12783190016, inactive=552370176, buffers=61505536, cached=1158217728, shared=14696448, slab=100597760)
CPU: [0.0, 0.0, 0.0, 0.0]
RAM: svmem(total=17002643456, available=4528406528, percent=73.4, used=12474236928, free=3438395392, active=12783190016, inactive=552370176, buffers=61505536, cached=1158217728, shared=14696448, slab=100597760)
CPU: [0.0, 0.0, 0.0, 0.0]
RAM: svmem(total=17002643456, available=4530110464, percent=73.4, used=12472532992, free=3440099328, active=12783190016, inactive=552370176, buffers=61505536, cached=1158217728, shared=14696448, slab=100597760)
while handling timed call
Traceback (most recent call last):
  File "/home/ewertonsjp/.pyenv/versions/cv_vend_mas/lib/python3.12/site-packages/twisted/internet/base.py", line 1105, in runUntilCurrent
    call.func(*call.args, **call.kw)
  File "/home/ewertonsjp/projects/cv-system/mas/pade/core/new_ams.py", line 80, in on_time
    self.agent.agentInstance.table.pop(agent_name)
builtins.KeyError: 'capture_agent@localhost:5010'

CPU: [0.0, 0.0, 0.0, 0.0]
RAM: svmem(total=17002643456, available=4532551680, percent=73.3, used=12470091776, free=3442540544, active=12783190016, inactive=552370176, buffers=61505536, cached=1158217728, shared=14696448, slab=100597760)
CPU: [0.0, 0.0, 0.0, 0.0]
RAM: svmem(total=17002643456, available=4529111040, percent=73.4, used=12473532416, free=3439099904, active=12783190016, inactive=552370176, buffers=61505536, cached=1158217728, shared=14696448, slab=100597760)
CPU: [0.0, 0.0, 0.0, 0.0]
RAM: svmem(total=17002643456, available=4529356800, percent=73.4, used=12473286656, free=3439345664, active=12783190016, inactive=552370176, buffers=61505536, cached=1158217728, shared=14696448, slab=100597760)
CPU: [0.0, 0.0, 1.0, 0.0]
RAM: svmem(total=17002643456, available=4533633024, percent=73.3, used=12469010432, free=3443621888, active=12783190016, inactive=552370176, buffers=61505536, cached=1158217728, shared=14696448, slab=100597760)
CPU: [0.0, 0.0, 0.0, 0.0]
RAM: svmem(total=17002643456, available=4529209344, percent=73.4, used=12473434112, free=3439198208, active=12783190016, inactive=552370176, buffers=61505536, cached=1158217728, shared=14696448, slab=100597760)
CPU: [0.0, 0.0, 0.0, 0.0]
RAM: svmem(total=17002643456, available=4529160192, percent=73.4, used=12473483264, free=3439149056, active=12783190016, inactive=552370176, buffers=61521920, cached=1158217728, shared=14696448, slab=100597760)
CPU: [0.0, 0.0, 0.0, 0.0]
RAM: svmem(total=17002643456, available=4530978816, percent=73.4, used=12471664640, free=3440967680, active=12783190016, inactive=552370176, buffers=61521920, cached=1158217728, shared=14696448, slab=100597760)
CPU: [0.0, 0.0, 0.0, 0.0]
RAM: svmem(total=17002643456, available=4531290112, percent=73.3, used=12471353344, free=3441278976, active=12783190016, inactive=552370176, buffers=61521920, cached=1158217728, shared=14696448, slab=100597760)
CPU: [0.0, 0.0, 0.0, 0.0]
RAM: svmem(total=17002643456, available=4531126272, percent=73.4, used=12471517184, free=3441115136, active=12783190016, inactive=552370176, buffers=61521920, cached=1158217728, shared=14696448, slab=100597760)
CPU: [0.0, 0.0, 0.0, 0.0]
RAM: svmem(total=17002643456, available=4530880512, percent=73.4, used=12471762944, free=3440869376, active=12783190016, inactive=552370176, buffers=61521920, cached=1158217728, shared=14696448, slab=100597760)
CPU: [0.0, 0.0, 0.0, 0.0]
RAM: svmem(total=17002643456, available=4529176576, percent=73.4, used=12473466880, free=3439165440, active=12783190016, inactive=552370176, buffers=61521920, cached=1158217728, shared=14696448, slab=100597760)
CPU: [0.0, 0.0, 0.0, 0.0]
RAM: svmem(total=17002643456, available=4530503680, percent=73.4, used=12472139776, free=3440492544, active=12783190016, inactive=552370176, buffers=61521920, cached=1158217728, shared=14696448, slab=100614144)
CPU: [0.0, 0.0, 0.0, 0.0]
RAM: svmem(total=17002643456, available=4531240960, percent=73.3, used=12471402496, free=3441229824, active=12783190016, inactive=552370176, buffers=61521920, cached=1158217728, shared=14696448, slab=100614144)
CPU: [0.0, 0.0, 0.0, 0.0]
RAM: svmem(total=17002643456, available=4530978816, percent=73.4, used=12471664640, free=3440967680, active=12783190016, inactive=552370176, buffers=61521920, cached=1158217728, shared=14696448, slab=100614144)
CPU: [0.0, 1.0, 0.0, 0.0]
RAM: svmem(total=17002643456, available=4527947776, percent=73.4, used=12474695680, free=3437936640, active=12783190016, inactive=552370176, buffers=61521920, cached=1158217728, shared=14696448, slab=100614144)
CPU: [0.0, 0.0, 0.0, 0.0]
RAM: svmem(total=17002643456, available=4528439296, percent=73.4, used=12474204160, free=3438428160, active=12783190016, inactive=552370176, buffers=61521920, cached=1158217728, shared=14696448, slab=100614144)
CPU: [0.0, 0.0, 0.0, 0.0]
RAM: svmem(total=17002643456, available=4529455104, percent=73.4, used=12473188352, free=3439443968, active=12783190016, inactive=552370176, buffers=61521920, cached=1158217728, shared=14696448, slab=100614144)
CPU: [0.0, 0.0, 0.0, 0.0]
RAM: svmem(total=17002643456, available=4529209344, percent=73.4, used=12473434112, free=3439198208, active=12783190016, inactive=552370176, buffers=61521920, cached=1158217728, shared=14696448, slab=100614144)
CPU: [0.0, 0.0, 0.0, 0.0]
RAM: svmem(total=17002643456, available=4531257344, percent=73.3, used=12471386112, free=3441246208, active=12783190016, inactive=552370176, buffers=61521920, cached=1158217728, shared=14696448, slab=100614144)
CPU: [0.0, 0.0, 0.0, 0.0]
RAM: svmem(total=17002643456, available=4532273152, percent=73.3, used=12470370304, free=3442262016, active=12783190016, inactive=552370176, buffers=61521920, cached=1158217728, shared=14696448, slab=100614144)
while handling timed call
Traceback (most recent call last):
  File "/home/ewertonsjp/.pyenv/versions/cv_vend_mas/lib/python3.12/site-packages/twisted/internet/base.py", line 1105, in runUntilCurrent
    call.func(*call.args, **call.kw)
  File "/home/ewertonsjp/projects/cv-system/mas/pade/core/new_ams.py", line 80, in on_time
    self.agent.agentInstance.table.pop(agent_name)
builtins.KeyError: 'capture_agent@localhost:5010'

CPU: [0.0, 0.0, 0.0, 0.0]
RAM: svmem(total=17002643456, available=4532027392, percent=73.3, used=12470616064, free=3442016256, active=12783190016, inactive=552370176, buffers=61521920, cached=1158217728, shared=14696448, slab=100614144)
CPU: [0.0, 0.0, 0.0, 0.0]
RAM: svmem(total=17002643456, available=4532338688, percent=73.3, used=12470304768, free=3442327552, active=12783190016, inactive=552370176, buffers=61521920, cached=1158217728, shared=14696448, slab=100614144)
CPU: [0.0, 0.0, 0.0, 0.0]
RAM: svmem(total=17002643456, available=4532600832, percent=73.3, used=12470042624, free=3442589696, active=12783190016, inactive=552370176, buffers=61521920, cached=1158217728, shared=14696448, slab=100614144)
CPU: [0.0, 0.0, 0.0, 0.0]
RAM: svmem(total=17002643456, available=4534140928, percent=73.3, used=12468502528, free=3444129792, active=12783190016, inactive=552370176, buffers=61521920, cached=1158217728, shared=14696448, slab=100614144)
CPU: [0.0, 0.0, 0.0, 1.0]
RAM: svmem(total=17002643456, available=4530601984, percent=73.4, used=12472041472, free=3440590848, active=12783190016, inactive=552370176, buffers=61521920, cached=1158217728, shared=14696448, slab=100614144)
CPU: [0.0, 0.0, 0.0, 0.0]
RAM: svmem(total=17002643456, available=4531109888, percent=73.4, used=12471533568, free=3441098752, active=12783190016, inactive=552370176, buffers=61538304, cached=1158217728, shared=14696448, slab=100614144)
CPU: [0.0, 0.0, 0.0, 0.0]
RAM: svmem(total=17002643456, available=4532568064, percent=73.3, used=12470075392, free=3442556928, active=12783190016, inactive=552370176, buffers=61538304, cached=1158217728, shared=14696448, slab=100614144)
CPU: [0.0, 0.0, 0.0, 0.0]
RAM: svmem(total=17002643456, available=4531666944, percent=73.3, used=12470976512, free=3441655808, active=12783190016, inactive=552370176, buffers=61538304, cached=1158217728, shared=14696448, slab=100614144)
CPU: [0.0, 0.0, 0.0, 0.0]
RAM: svmem(total=17002643456, available=4533354496, percent=73.3, used=12469288960, free=3443343360, active=12783190016, inactive=552370176, buffers=61538304, cached=1158217728, shared=14696448, slab=100614144)
CPU: [0.0, 0.0, 0.0, 1.0]
RAM: svmem(total=17002643456, available=4534566912, percent=73.3, used=12468076544, free=3444555776, active=12783190016, inactive=552370176, buffers=61538304, cached=1158217728, shared=14696448, slab=100614144)
CPU: [0.0, 0.0, 0.0, 0.0]
RAM: svmem(total=17002643456, available=4534091776, percent=73.3, used=12468551680, free=3444080640, active=12783190016, inactive=552370176, buffers=61538304, cached=1158217728, shared=14696448, slab=100614144)
CPU: [0.0, 0.0, 0.0, 0.0]
RAM: svmem(total=17002643456, available=4534763520, percent=73.3, used=12467879936, free=3444752384, active=12783190016, inactive=552370176, buffers=61538304, cached=1158217728, shared=14696448, slab=100614144)
CPU: [0.0, 0.0, 0.0, 0.0]
RAM: svmem(total=17002643456, available=4536762368, percent=73.3, used=12465881088, free=3446751232, active=12783190016, inactive=552370176, buffers=61538304, cached=1158217728, shared=14696448, slab=100614144)
CPU: [0.0, 0.0, 0.0, 0.0]
RAM: svmem(total=17002643456, available=4535042048, percent=73.3, used=12467601408, free=3445030912, active=12783288320, inactive=552370176, buffers=61538304, cached=1158217728, shared=14696448, slab=100614144)
CPU: [0.0, 0.0, 0.0, 0.0]
RAM: svmem(total=17002643456, available=4535599104, percent=73.3, used=12467044352, free=3445587968, active=12783288320, inactive=552370176, buffers=61538304, cached=1158217728, shared=14696448, slab=100614144)
CPU: [0.0, 0.0, 0.0, 0.0]
RAM: svmem(total=17002643456, available=4537139200, percent=73.3, used=12465504256, free=3447128064, active=12783288320, inactive=552370176, buffers=61538304, cached=1158217728, shared=14696448, slab=100614144)
CPU: [0.0, 0.0, 0.0, 0.0]
RAM: svmem(total=17002643456, available=4537024512, percent=73.3, used=12465618944, free=3447013376, active=12783288320, inactive=552370176, buffers=61538304, cached=1158217728, shared=14696448, slab=100614144)
CPU: [0.0, 0.0, 0.0, 0.0]
RAM: svmem(total=17002643456, available=4536532992, percent=73.3, used=12466110464, free=3446521856, active=12783288320, inactive=552370176, buffers=61554688, cached=1158217728, shared=14696448, slab=100614144)
CPU: [0.0, 0.0, 0.0, 0.0]
RAM: svmem(total=17002643456, available=4537352192, percent=73.3, used=12465291264, free=3447341056, active=12783288320, inactive=552370176, buffers=61554688, cached=1158217728, shared=14696448, slab=100614144)
CPU: [0.0, 0.0, 0.0, 0.0]
RAM: svmem(total=17002643456, available=4537499648, percent=73.3, used=12465143808, free=3447488512, active=12783288320, inactive=552370176, buffers=61554688, cached=1158217728, shared=14696448, slab=100614144)
while handling timed call
Traceback (most recent call last):
  File "/home/ewertonsjp/.pyenv/versions/cv_vend_mas/lib/python3.12/site-packages/twisted/internet/base.py", line 1105, in runUntilCurrent
    call.func(*call.args, **call.kw)
  File "/home/ewertonsjp/projects/cv-system/mas/pade/core/new_ams.py", line 80, in on_time
    self.agent.agentInstance.table.pop(agent_name)
builtins.KeyError: 'capture_agent@localhost:5010'

CPU: [0.0, 1.0, 0.0, 1.0]
RAM: svmem(total=17002643456, available=4536762368, percent=73.3, used=12465881088, free=3446751232, active=12783288320, inactive=552370176, buffers=61554688, cached=1158250496, shared=14696448, slab=100630528)
CPU: [0.0, 0.0, 0.0, 0.0]
RAM: svmem(total=17002643456, available=4537729024, percent=73.3, used=12464914432, free=3447717888, active=12783288320, inactive=552370176, buffers=61554688, cached=1158250496, shared=14696448, slab=100630528)
CPU: [0.0, 0.0, 0.0, 0.0]
RAM: svmem(total=17002643456, available=4535566336, percent=73.3, used=12467077120, free=3445555200, active=12783288320, inactive=552370176, buffers=61554688, cached=1158250496, shared=14696448, slab=100630528)
CPU: [0.0, 0.0, 0.0, 0.0]
RAM: svmem(total=17002643456, available=4536320000, percent=73.3, used=12466323456, free=3446308864, active=12783288320, inactive=552370176, buffers=61554688, cached=1158250496, shared=14696448, slab=100630528)
CPU: [0.0, 0.0, 0.0, 0.0]
RAM: svmem(total=17002643456, available=4537204736, percent=73.3, used=12465438720, free=3447193600, active=12783288320, inactive=552370176, buffers=61554688, cached=1158250496, shared=14696448, slab=100630528)
CPU: [0.0, 0.0, 0.0, 0.0]
RAM: svmem(total=17002643456, available=4537188352, percent=73.3, used=12465455104, free=3447177216, active=12783288320, inactive=552370176, buffers=61571072, cached=1158250496, shared=14696448, slab=100630528)
CPU: [0.0, 0.0, 0.0, 0.0]
RAM: svmem(total=17002643456, available=4537384960, percent=73.3, used=12465258496, free=3447373824, active=12783288320, inactive=552370176, buffers=61571072, cached=1158250496, shared=14696448, slab=100630528)
CPU: [0.0, 0.0, 0.0, 0.0]
RAM: svmem(total=17002643456, available=4537401344, percent=73.3, used=12465242112, free=3447390208, active=12783288320, inactive=552370176, buffers=61571072, cached=1158250496, shared=14696448, slab=100630528)
CPU: [0.0, 0.0, 0.0, 0.0]
RAM: svmem(total=17002643456, available=4537155584, percent=73.3, used=12465487872, free=3447144448, active=12783288320, inactive=552370176, buffers=61571072, cached=1158250496, shared=14696448, slab=100630528)
CPU: [0.0, 0.0, 0.0, 0.0]
RAM: svmem(total=17002643456, available=4538220544, percent=73.3, used=12464422912, free=3448209408, active=12783288320, inactive=552370176, buffers=61571072, cached=1158250496, shared=14696448, slab=100630528)
CPU: [0.0, 0.0, 0.0, 0.0]
RAM: svmem(total=17002643456, available=4539236352, percent=73.3, used=12463407104, free=3449225216, active=12783288320, inactive=552370176, buffers=61571072, cached=1158250496, shared=14696448, slab=100630528)
CPU: [0.0, 0.0, 0.0, 0.0]
RAM: svmem(total=17002643456, available=4540448768, percent=73.3, used=12462194688, free=3450437632, active=12783288320, inactive=552370176, buffers=61571072, cached=1158250496, shared=14696448, slab=100630528)
CPU: [0.0, 1.0, 0.0, 0.0]
RAM: svmem(total=17002643456, available=4538482688, percent=73.3, used=12464160768, free=3448471552, active=12783288320, inactive=552370176, buffers=61571072, cached=1158250496, shared=14696448, slab=100630528)
CPU: [0.0, 0.0, 0.0, 0.0]
RAM: svmem(total=17002643456, available=4538236928, percent=73.3, used=12464406528, free=3448225792, active=12783288320, inactive=552370176, buffers=61571072, cached=1158250496, shared=14696448, slab=100630528)
CPU: [0.0, 0.0, 0.0, 0.0]
RAM: svmem(total=17002643456, available=4539531264, percent=73.3, used=12463112192, free=3449520128, active=12783288320, inactive=552370176, buffers=61571072, cached=1158250496, shared=14696448, slab=100630528)
CPU: [0.0, 1.0, 0.0, 0.0]
RAM: svmem(total=17002643456, available=4538122240, percent=73.3, used=12464521216, free=3448111104, active=12783288320, inactive=552370176, buffers=61571072, cached=1158250496, shared=14696448, slab=100630528)
CPU: [0.0, 0.0, 0.0, 0.0]
RAM: svmem(total=17002643456, available=4536156160, percent=73.3, used=12466487296, free=3446145024, active=12783288320, inactive=552370176, buffers=61571072, cached=1158250496, shared=14696448, slab=100630528)
CPU: [0.0, 0.0, 0.0, 0.0]
RAM: svmem(total=17002643456, available=4537876480, percent=73.3, used=12464766976, free=3447865344, active=12783288320, inactive=552370176, buffers=61571072, cached=1158250496, shared=14696448, slab=100630528)
CPU: [1.0, 1.0, 0.0, 0.0]
RAM: svmem(total=17002643456, available=4534681600, percent=73.3, used=12467961856, free=3444670464, active=12783288320, inactive=552370176, buffers=61571072, cached=1158250496, shared=14696448, slab=100630528)
CPU: [0.0, 0.0, 0.0, 0.0]
RAM: svmem(total=17002643456, available=4534943744, percent=73.3, used=12467699712, free=3444932608, active=12783288320, inactive=552370176, buffers=61571072, cached=1158250496, shared=14696448, slab=100630528)
while handling timed call
Traceback (most recent call last):
  File "/home/ewertonsjp/.pyenv/versions/cv_vend_mas/lib/python3.12/site-packages/twisted/internet/base.py", line 1105, in runUntilCurrent
    call.func(*call.args, **call.kw)
  File "/home/ewertonsjp/projects/cv-system/mas/pade/core/new_ams.py", line 80, in on_time
    self.agent.agentInstance.table.pop(agent_name)
builtins.KeyError: 'capture_agent@localhost:5010'

CPU: [0.0, 0.0, 0.0, 0.0]
RAM: svmem(total=17002643456, available=4536664064, percent=73.3, used=12465979392, free=3446652928, active=12783288320, inactive=552370176, buffers=61571072, cached=1158250496, shared=14696448, slab=100630528)
CPU: [0.0, 0.0, 0.0, 0.0]
RAM: svmem(total=17002643456, available=4538630144, percent=73.3, used=12464013312, free=3448619008, active=12783288320, inactive=552370176, buffers=61571072, cached=1158250496, shared=14696448, slab=100630528)
CPU: [0.0, 0.0, 0.0, 0.0]
RAM: svmem(total=17002643456, available=4539678720, percent=73.3, used=12462964736, free=3449667584, active=12783288320, inactive=552370176, buffers=61571072, cached=1158250496, shared=14696448, slab=100630528)
CPU: [0.0, 0.0, 0.0, 0.0]
RAM: svmem(total=17002643456, available=4539432960, percent=73.3, used=12463210496, free=3449421824, active=12783288320, inactive=552370176, buffers=61571072, cached=1158250496, shared=14696448, slab=100630528)
CPU: [0.0, 0.0, 0.0, 0.0]
RAM: svmem(total=17002643456, available=4539924480, percent=73.3, used=12462718976, free=3449913344, active=12783288320, inactive=552370176, buffers=61571072, cached=1158250496, shared=14696448, slab=100630528)
CPU: [0.0, 0.0, 0.0, 0.0]
RAM: svmem(total=17002643456, available=4539629568, percent=73.3, used=12463013888, free=3449618432, active=12783288320, inactive=552370176, buffers=61587456, cached=1158250496, shared=14696448, slab=100630528)
CPU: [0.0, 0.0, 0.0, 0.0]
RAM: svmem(total=17002643456, available=4539367424, percent=73.3, used=12463276032, free=3449356288, active=12783288320, inactive=552370176, buffers=61587456, cached=1158250496, shared=14696448, slab=100630528)
CPU: [0.0, 0.0, 0.0, 0.0]
RAM: svmem(total=17002643456, available=4539613184, percent=73.3, used=12463030272, free=3449602048, active=12783288320, inactive=552370176, buffers=61587456, cached=1158250496, shared=14696448, slab=100630528)
CPU: [0.0, 0.0, 0.0, 0.0]
RAM: svmem(total=17002643456, available=4541136896, percent=73.3, used=12461506560, free=3451125760, active=12783288320, inactive=552370176, buffers=61587456, cached=1158250496, shared=14696448, slab=100630528)
CPU: [0.0, 0.0, 0.0, 0.0]
RAM: svmem(total=17002643456, available=4540891136, percent=73.3, used=12461752320, free=3450880000, active=12783288320, inactive=552370176, buffers=61587456, cached=1158250496, shared=14696448, slab=100630528)
CPU: [0.0, 1.0, 0.0, 0.0]
RAM: svmem(total=17002643456, available=4540153856, percent=73.3, used=12462489600, free=3450142720, active=12783288320, inactive=552370176, buffers=61587456, cached=1158250496, shared=14696448, slab=100630528)
CPU: [0.0, 0.0, 0.0, 0.0]
RAM: svmem(total=17002643456, available=4540956672, percent=73.3, used=12461686784, free=3450945536, active=12783288320, inactive=552370176, buffers=61587456, cached=1158250496, shared=14696448, slab=100630528)
CPU: [0.0, 0.0, 0.0, 0.0]
RAM: svmem(total=17002643456, available=4539973632, percent=73.3, used=12462669824, free=3449782272, active=12783616000, inactive=552550400, buffers=61603840, cached=1158250496, shared=14696448, slab=100630528)
CPU: [0.0, 0.0, 0.0, 1.0]
RAM: svmem(total=17002643456, available=4540727296, percent=73.3, used=12461916160, free=3450535936, active=12783616000, inactive=552550400, buffers=61603840, cached=1158250496, shared=14696448, slab=100630528)
CPU: [0.0, 0.0, 0.0, 0.0]
RAM: svmem(total=17002643456, available=4540727296, percent=73.3, used=12461916160, free=3450535936, active=12783616000, inactive=552550400, buffers=61603840, cached=1158250496, shared=14696448, slab=100630528)
CPU: [0.0, 0.0, 0.0, 0.0]
RAM: svmem(total=17002643456, available=4540481536, percent=73.3, used=12462161920, free=3450290176, active=12783616000, inactive=552550400, buffers=61603840, cached=1158250496, shared=14696448, slab=100630528)
CPU: [0.0, 0.0, 0.0, 0.0]
RAM: svmem(total=17002643456, available=4540727296, percent=73.3, used=12461916160, free=3450535936, active=12783616000, inactive=552550400, buffers=61603840, cached=1158250496, shared=14696448, slab=100630528)
CPU: [0.0, 0.0, 0.0, 0.0]
RAM: svmem(total=17002643456, available=4541186048, percent=73.3, used=12461457408, free=3450994688, active=12783616000, inactive=552550400, buffers=61603840, cached=1158250496, shared=14696448, slab=100630528)
CPU: [0.0, 0.0, 0.0, 0.0]
RAM: svmem(total=17002643456, available=4540776448, percent=73.3, used=12461867008, free=3450585088, active=12784025600, inactive=552550400, buffers=61620224, cached=1158250496, shared=14696448, slab=100630528)
CPU: [0.0, 0.0, 0.0, 0.0]
RAM: svmem(total=17002643456, available=4541267968, percent=73.3, used=12461375488, free=3451076608, active=12784025600, inactive=552550400, buffers=61620224, cached=1158250496, shared=14696448, slab=100630528)
while handling timed call
Traceback (most recent call last):
  File "/home/ewertonsjp/.pyenv/versions/cv_vend_mas/lib/python3.12/site-packages/twisted/internet/base.py", line 1105, in runUntilCurrent
    call.func(*call.args, **call.kw)
  File "/home/ewertonsjp/projects/cv-system/mas/pade/core/new_ams.py", line 80, in on_time
    self.agent.agentInstance.table.pop(agent_name)
builtins.KeyError: 'capture_agent@localhost:5010'

CPU: [0.0, 0.0, 0.0, 0.0]
RAM: svmem(total=17002643456, available=4540301312, percent=73.3, used=12462342144, free=3450109952, active=12784025600, inactive=552550400, buffers=61620224, cached=1158250496, shared=14696448, slab=100630528)
CPU: [0.0, 1.0, 0.0, 0.0]
RAM: svmem(total=17002643456, available=4541775872, percent=73.3, used=12460867584, free=3451584512, active=12784025600, inactive=552550400, buffers=61620224, cached=1158250496, shared=14696448, slab=100630528)
CPU: [0.0, 0.0, 0.0, 0.0]
RAM: svmem(total=17002643456, available=4542529536, percent=73.3, used=12460113920, free=3452338176, active=12784025600, inactive=552550400, buffers=61620224, cached=1158250496, shared=14696448, slab=100630528)
CPU: [0.0, 0.0, 0.0, 0.0]
RAM: svmem(total=17002643456, available=4541792256, percent=73.3, used=12460851200, free=3451600896, active=12784025600, inactive=552550400, buffers=61620224, cached=1158250496, shared=14696448, slab=100630528)
CPU: [0.0, 0.0, 0.0, 0.0]
RAM: svmem(total=17002643456, available=4541300736, percent=73.3, used=12461342720, free=3451109376, active=12784025600, inactive=552550400, buffers=61620224, cached=1158250496, shared=14696448, slab=100630528)
CPU: [0.0, 0.0, 0.0, 0.0]
RAM: svmem(total=17002643456, available=4541054976, percent=73.3, used=12461588480, free=3450863616, active=12784025600, inactive=552550400, buffers=61636608, cached=1158250496, shared=14696448, slab=100630528)
CPU: [0.0, 0.0, 0.0, 0.0]
RAM: svmem(total=17002643456, available=4541054976, percent=73.3, used=12461588480, free=3450863616, active=12784025600, inactive=552550400, buffers=61636608, cached=1158250496, shared=14696448, slab=100630528)
CPU: [0.0, 0.0, 0.0, 0.0]
RAM: svmem(total=17002643456, available=4543479808, percent=73.3, used=12459163648, free=3453288448, active=12784025600, inactive=552550400, buffers=61636608, cached=1158250496, shared=14696448, slab=100630528)
CPU: [0.0, 0.0, 0.0, 0.0]
RAM: svmem(total=17002643456, available=4542267392, percent=73.3, used=12460376064, free=3452076032, active=12784025600, inactive=552550400, buffers=61636608, cached=1158250496, shared=14696448, slab=100630528)
CPU: [0.0, 0.0, 0.0, 0.0]
RAM: svmem(total=17002643456, available=4542332928, percent=73.3, used=12460310528, free=3452141568, active=12784025600, inactive=552550400, buffers=61636608, cached=1158250496, shared=14696448, slab=100630528)
CPU: [0.0, 0.0, 0.0, 0.0]
RAM: svmem(total=17002643456, available=4543561728, percent=73.3, used=12459081728, free=3453370368, active=12784025600, inactive=552550400, buffers=61636608, cached=1158250496, shared=14696448, slab=100630528)
CPU: [0.0, 0.0, 0.0, 0.0]
RAM: svmem(total=17002643456, available=4543053824, percent=73.3, used=12459589632, free=3452862464, active=12784025600, inactive=552550400, buffers=61636608, cached=1158250496, shared=14696448, slab=100630528)
CPU: [0.0, 0.0, 0.0, 0.0]
RAM: svmem(total=17002643456, available=4542578688, percent=73.3, used=12460064768, free=3452387328, active=12784025600, inactive=552550400, buffers=61636608, cached=1158250496, shared=14696448, slab=100630528)
CPU: [0.0, 0.0, 0.0, 0.0]
RAM: svmem(total=17002643456, available=4544036864, percent=73.3, used=12458606592, free=3453845504, active=12784025600, inactive=552550400, buffers=61636608, cached=1158250496, shared=14696448, slab=100630528)
CPU: [0.0, 0.0, 0.0, 0.0]
RAM: svmem(total=17002643456, available=4542316544, percent=73.3, used=12460326912, free=3452125184, active=12784025600, inactive=552550400, buffers=61636608, cached=1158250496, shared=14696448, slab=100614144)
CPU: [0.0, 0.0, 0.0, 0.0]
RAM: svmem(total=17002643456, available=4542316544, percent=73.3, used=12460326912, free=3452125184, active=12784025600, inactive=552550400, buffers=61636608, cached=1158250496, shared=14696448, slab=100614144)
CPU: [0.0, 0.0, 0.0, 0.0]
RAM: svmem(total=17002643456, available=4543791104, percent=73.3, used=12458852352, free=3453599744, active=12784025600, inactive=552550400, buffers=61636608, cached=1158250496, shared=14696448, slab=100614144)
CPU: [0.0, 0.0, 0.0, 1.0]
RAM: svmem(total=17002643456, available=4542808064, percent=73.3, used=12459835392, free=3452616704, active=12784025600, inactive=552550400, buffers=61636608, cached=1158250496, shared=14696448, slab=100614144)
CPU: [0.0, 0.0, 0.0, 0.0]
RAM: svmem(total=17002643456, available=4543053824, percent=73.3, used=12459589632, free=3452862464, active=12784025600, inactive=552550400, buffers=61636608, cached=1158250496, shared=14696448, slab=100614144)
CPU: [0.0, 0.0, 0.0, 0.0]
RAM: svmem(total=17002643456, available=4544512000, percent=73.3, used=12458131456, free=3454320640, active=12784025600, inactive=552550400, buffers=61636608, cached=1158250496, shared=14696448, slab=100614144)
while handling timed call
Traceback (most recent call last):
  File "/home/ewertonsjp/.pyenv/versions/cv_vend_mas/lib/python3.12/site-packages/twisted/internet/base.py", line 1105, in runUntilCurrent
    call.func(*call.args, **call.kw)
  File "/home/ewertonsjp/projects/cv-system/mas/pade/core/new_ams.py", line 80, in on_time
    self.agent.agentInstance.table.pop(agent_name)
builtins.KeyError: 'capture_agent@localhost:5010'

CPU: [0.0, 0.0, 0.0, 0.0]
RAM: svmem(total=17002643456, available=4544020480, percent=73.3, used=12458622976, free=3453829120, active=12784025600, inactive=552550400, buffers=61636608, cached=1158266880, shared=14696448, slab=100614144)
CPU: [0.0, 1.0, 0.0, 0.0]
RAM: svmem(total=17002643456, available=4542332928, percent=73.3, used=12460310528, free=3452141568, active=12784025600, inactive=552550400, buffers=61636608, cached=1158266880, shared=14696448, slab=100614144)
CPU: [0.0, 0.0, 0.0, 0.0]
RAM: svmem(total=17002643456, available=4541612032, percent=73.3, used=12461031424, free=3451420672, active=12784025600, inactive=552550400, buffers=61636608, cached=1158266880, shared=14696448, slab=100614144)
CPU: [0.0, 0.0, 0.0, 0.0]
RAM: svmem(total=17002643456, available=4542103552, percent=73.3, used=12460539904, free=3451912192, active=12784025600, inactive=552550400, buffers=61636608, cached=1158266880, shared=14696448, slab=100614144)
CPU: [0.0, 0.0, 0.0, 0.0]
RAM: svmem(total=17002643456, available=4541890560, percent=73.3, used=12460752896, free=3451699200, active=12784025600, inactive=552550400, buffers=61636608, cached=1158266880, shared=14696448, slab=100614144)
CPU: [0.0, 0.0, 0.0, 0.0]
RAM: svmem(total=17002643456, available=4541693952, percent=73.3, used=12460949504, free=3451502592, active=12784025600, inactive=552550400, buffers=61652992, cached=1158266880, shared=14696448, slab=100614144)
CPU: [0.0, 0.0, 0.0, 0.0]
RAM: svmem(total=17002643456, available=4542414848, percent=73.3, used=12460228608, free=3452223488, active=12784025600, inactive=552550400, buffers=61652992, cached=1158266880, shared=14696448, slab=100614144)
CPU: [0.0, 0.0, 0.0, 0.0]
RAM: svmem(total=17002643456, available=4542660608, percent=73.3, used=12459982848, free=3452469248, active=12784025600, inactive=552550400, buffers=61652992, cached=1158266880, shared=14696448, slab=100614144)
CPU: [0.0, 0.0, 0.0, 0.0]
RAM: svmem(total=17002643456, available=4542169088, percent=73.3, used=12460474368, free=3451977728, active=12784025600, inactive=552550400, buffers=61652992, cached=1158266880, shared=14696448, slab=100614144)
CPU: [0.0, 0.0, 1.0, 1.0]
RAM: svmem(total=17002643456, available=4541677568, percent=73.3, used=12460965888, free=3451486208, active=12784025600, inactive=552550400, buffers=61652992, cached=1158266880, shared=14696448, slab=100630528)
CPU: [0.0, 0.0, 0.0, 0.0]
RAM: svmem(total=17002643456, available=4541677568, percent=73.3, used=12460965888, free=3451486208, active=12784025600, inactive=552550400, buffers=61652992, cached=1158266880, shared=14696448, slab=100630528)
CPU: [0.0, 0.0, 0.0, 0.0]
RAM: svmem(total=17002643456, available=4543135744, percent=73.3, used=12459507712, free=3452944384, active=12784025600, inactive=552550400, buffers=61652992, cached=1158266880, shared=14696448, slab=100630528)
CPU: [0.0, 0.0, 0.0, 0.0]
RAM: svmem(total=17002643456, available=4543135744, percent=73.3, used=12459507712, free=3452944384, active=12784025600, inactive=552550400, buffers=61652992, cached=1158266880, shared=14696448, slab=100630528)
CPU: [0.0, 0.0, 0.0, 0.0]
RAM: svmem(total=17002643456, available=4542644224, percent=73.3, used=12459999232, free=3452452864, active=12784025600, inactive=552550400, buffers=61652992, cached=1158266880, shared=14696448, slab=100630528)
CPU: [0.0, 0.0, 0.0, 0.0]
RAM: svmem(total=17002643456, available=4542398464, percent=73.3, used=12460244992, free=3452207104, active=12784025600, inactive=552550400, buffers=61652992, cached=1158266880, shared=14696448, slab=100630528)
CPU: [0.0, 0.0, 0.0, 0.0]
RAM: svmem(total=17002643456, available=4541923328, percent=73.3, used=12460720128, free=3451731968, active=12784025600, inactive=552550400, buffers=61652992, cached=1158266880, shared=14696448, slab=100630528)
CPU: [0.0, 0.0, 0.0, 0.0]
RAM: svmem(total=17002643456, available=4543152128, percent=73.3, used=12459491328, free=3452944384, active=12784025600, inactive=552566784, buffers=61652992, cached=1158266880, shared=14696448, slab=100630528)
CPU: [0.0, 0.0, 0.0, 0.0]
RAM: svmem(total=17002643456, available=4542414848, percent=73.3, used=12460228608, free=3452207104, active=12784025600, inactive=552566784, buffers=61652992, cached=1158266880, shared=14696448, slab=100630528)
CPU: [0.0, 0.0, 0.0, 0.0]
RAM: svmem(total=17002643456, available=4543381504, percent=73.3, used=12459261952, free=3453173760, active=12784025600, inactive=552566784, buffers=61652992, cached=1158266880, shared=14696448, slab=100630528)
CPU: [0.0, 0.0, 0.0, 0.0]
RAM: svmem(total=17002643456, available=4542889984, percent=73.3, used=12459753472, free=3452682240, active=12784025600, inactive=552566784, buffers=61669376, cached=1158266880, shared=14696448, slab=100630528)
while handling timed call
Traceback (most recent call last):
  File "/home/ewertonsjp/.pyenv/versions/cv_vend_mas/lib/python3.12/site-packages/twisted/internet/base.py", line 1105, in runUntilCurrent
    call.func(*call.args, **call.kw)
  File "/home/ewertonsjp/projects/cv-system/mas/pade/core/new_ams.py", line 80, in on_time
    self.agent.agentInstance.table.pop(agent_name)
builtins.KeyError: 'capture_agent@localhost:5010'

CPU: [0.0, 0.0, 0.0, 0.0]
RAM: svmem(total=17002643456, available=4542644224, percent=73.3, used=12459999232, free=3452436480, active=12784025600, inactive=552566784, buffers=61669376, cached=1158266880, shared=14696448, slab=100630528)
CPU: [0.0, 0.0, 0.0, 0.0]
RAM: svmem(total=17002643456, available=4542660608, percent=73.3, used=12459982848, free=3452452864, active=12784025600, inactive=552566784, buffers=61669376, cached=1158266880, shared=14696448, slab=100630528)
CPU: [0.0, 1.0, 0.0, 0.0]
RAM: svmem(total=17002643456, available=4542644224, percent=73.3, used=12459999232, free=3452436480, active=12784025600, inactive=552566784, buffers=61669376, cached=1158266880, shared=14696448, slab=100630528)
CPU: [0.0, 0.0, 0.0, 0.0]
RAM: svmem(total=17002643456, available=4542644224, percent=73.3, used=12459999232, free=3452436480, active=12784025600, inactive=552566784, buffers=61669376, cached=1158266880, shared=14696448, slab=100630528)
CPU: [0.0, 0.0, 0.0, 0.0]
RAM: svmem(total=17002643456, available=4543365120, percent=73.3, used=12459278336, free=3453157376, active=12784025600, inactive=552566784, buffers=61669376, cached=1158266880, shared=14696448, slab=100630528)
CPU: [0.0, 0.0, 0.0, 1.0]
RAM: svmem(total=17002643456, available=4542627840, percent=73.3, used=12460015616, free=3452420096, active=12784025600, inactive=552566784, buffers=61685760, cached=1158266880, shared=14696448, slab=100630528)
CPU: [0.0, 0.0, 0.0, 0.0]
RAM: svmem(total=17002643456, available=4541890560, percent=73.3, used=12460752896, free=3451682816, active=12784025600, inactive=552566784, buffers=61685760, cached=1158266880, shared=14696448, slab=100630528)
CPU: [0.0, 0.0, 0.0, 0.0]
RAM: svmem(total=17002643456, available=4542185472, percent=73.3, used=12460457984, free=3451977728, active=12784025600, inactive=552566784, buffers=61685760, cached=1158266880, shared=14696448, slab=100630528)
CPU: [0.0, 0.0, 0.0, 0.0]
RAM: svmem(total=17002643456, available=4542693376, percent=73.3, used=12459950080, free=3452485632, active=12784025600, inactive=552566784, buffers=61685760, cached=1158266880, shared=14696448, slab=100630528)
CPU: [0.0, 0.0, 0.0, 0.0]
RAM: svmem(total=17002643456, available=4542201856, percent=73.3, used=12460441600, free=3451994112, active=12784025600, inactive=552566784, buffers=61685760, cached=1158266880, shared=14696448, slab=100630528)
CPU: [0.0, 0.0, 0.0, 0.0]
RAM: svmem(total=17002643456, available=4543414272, percent=73.3, used=12459229184, free=3453206528, active=12784025600, inactive=552566784, buffers=61685760, cached=1158266880, shared=14696448, slab=100630528)
CPU: [0.0, 0.0, 0.0, 0.0]
RAM: svmem(total=17002643456, available=4543627264, percent=73.3, used=12459016192, free=3453419520, active=12784025600, inactive=552566784, buffers=61685760, cached=1158266880, shared=14696448, slab=100630528)
CPU: [0.0, 0.0, 0.0, 0.0]
RAM: svmem(total=17002643456, available=4543135744, percent=73.3, used=12459507712, free=3452928000, active=12784025600, inactive=552566784, buffers=61685760, cached=1158266880, shared=14696448, slab=100630528)
CPU: [0.0, 1.0, 0.0, 0.0]
RAM: svmem(total=17002643456, available=4543135744, percent=73.3, used=12459507712, free=3452928000, active=12784025600, inactive=552566784, buffers=61685760, cached=1158266880, shared=14696448, slab=100630528)
CPU: [0.0, 0.0, 0.0, 0.0]
RAM: svmem(total=17002643456, available=4542906368, percent=73.3, used=12459737088, free=3452698624, active=12784025600, inactive=552566784, buffers=61685760, cached=1158266880, shared=14696448, slab=100630528)
CPU: [0.0, 0.0, 1.0, 0.0]
RAM: svmem(total=17002643456, available=4542906368, percent=73.3, used=12459737088, free=3452698624, active=12784025600, inactive=552566784, buffers=61685760, cached=1158266880, shared=14696448, slab=100630528)
CPU: [0.0, 1.0, 0.0, 0.0]
RAM: svmem(total=17002643456, available=4541693952, percent=73.3, used=12460949504, free=3451486208, active=12784025600, inactive=552566784, buffers=61685760, cached=1158266880, shared=14696448, slab=100630528)
CPU: [0.0, 0.0, 0.0, 0.0]
RAM: svmem(total=17002643456, available=4541693952, percent=73.3, used=12460949504, free=3451486208, active=12784025600, inactive=552566784, buffers=61685760, cached=1158266880, shared=14696448, slab=100630528)
CPU: [0.0, 0.0, 0.0, 0.0]
RAM: svmem(total=17002643456, available=4542660608, percent=73.3, used=12459982848, free=3452452864, active=12784025600, inactive=552566784, buffers=61685760, cached=1158266880, shared=14696448, slab=100630528)
CPU: [0.0, 0.0, 0.0, 0.0]
RAM: svmem(total=17002643456, available=4542398464, percent=73.3, used=12460244992, free=3452190720, active=12784025600, inactive=552566784, buffers=61685760, cached=1158266880, shared=14696448, slab=100630528)
while handling timed call
Traceback (most recent call last):
  File "/home/ewertonsjp/.pyenv/versions/cv_vend_mas/lib/python3.12/site-packages/twisted/internet/base.py", line 1105, in runUntilCurrent
    call.func(*call.args, **call.kw)
  File "/home/ewertonsjp/projects/cv-system/mas/pade/core/new_ams.py", line 80, in on_time
    self.agent.agentInstance.table.pop(agent_name)
builtins.KeyError: 'capture_agent@localhost:5010'

CPU: [0.0, 0.0, 0.0, 1.0]
RAM: svmem(total=17002643456, available=4542152704, percent=73.3, used=12460490752, free=3451944960, active=12784025600, inactive=552566784, buffers=61685760, cached=1158266880, shared=14696448, slab=100630528)
CPU: [0.0, 0.0, 0.0, 0.0]
RAM: svmem(total=17002643456, available=4543905792, percent=73.3, used=12458737664, free=3453698048, active=12784025600, inactive=552566784, buffers=61685760, cached=1158266880, shared=14696448, slab=100630528)
CPU: [0.0, 0.0, 0.0, 0.0]
RAM: svmem(total=17002643456, available=4542676992, percent=73.3, used=12459966464, free=3452469248, active=12784025600, inactive=552566784, buffers=61685760, cached=1158266880, shared=14696448, slab=100630528)
CPU: [0.0, 0.0, 0.0, 0.0]
RAM: svmem(total=17002643456, available=4542676992, percent=73.3, used=12459966464, free=3452469248, active=12784025600, inactive=552566784, buffers=61685760, cached=1158266880, shared=14696448, slab=100630528)
CPU: [0.0, 0.0, 0.0, 0.0]
RAM: svmem(total=17002643456, available=4541448192, percent=73.3, used=12461195264, free=3451240448, active=12784025600, inactive=552566784, buffers=61685760, cached=1158266880, shared=14696448, slab=100630528)
CPU: [0.0, 0.0, 0.0, 0.0]
RAM: svmem(total=17002643456, available=4541939712, percent=73.3, used=12460703744, free=3451731968, active=12784025600, inactive=552566784, buffers=61702144, cached=1158266880, shared=14696448, slab=100630528)
CPU: [0.0, 0.0, 0.0, 0.0]
RAM: svmem(total=17002643456, available=4542185472, percent=73.3, used=12460457984, free=3451977728, active=12784025600, inactive=552566784, buffers=61702144, cached=1158266880, shared=14696448, slab=100630528)
CPU: [0.0, 0.0, 0.0, 0.0]
RAM: svmem(total=17002643456, available=4542185472, percent=73.3, used=12460457984, free=3451977728, active=12784025600, inactive=552566784, buffers=61702144, cached=1158266880, shared=14696448, slab=100630528)
CPU: [0.0, 0.0, 0.0, 0.0]
RAM: svmem(total=17002643456, available=4542414848, percent=73.3, used=12460228608, free=3452207104, active=12784025600, inactive=552566784, buffers=61702144, cached=1158266880, shared=14696448, slab=100630528)
CPU: [0.0, 1.0, 0.0, 0.0]
RAM: svmem(total=17002643456, available=4542889984, percent=73.3, used=12459753472, free=3452682240, active=12784025600, inactive=552566784, buffers=61702144, cached=1158266880, shared=14696448, slab=100630528)
CPU: [0.0, 0.0, 0.0, 0.0]
RAM: svmem(total=17002643456, available=4543627264, percent=73.3, used=12459016192, free=3453419520, active=12784025600, inactive=552566784, buffers=61702144, cached=1158266880, shared=14696448, slab=100630528)
CPU: [0.0, 0.0, 0.0, 0.0]
RAM: svmem(total=17002643456, available=4542414848, percent=73.3, used=12460228608, free=3452207104, active=12784025600, inactive=552566784, buffers=61702144, cached=1158266880, shared=14696448, slab=100630528)
CPU: [0.0, 0.0, 0.0, 1.0]
RAM: svmem(total=17002643456, available=4542414848, percent=73.3, used=12460228608, free=3452207104, active=12784025600, inactive=552566784, buffers=61702144, cached=1158266880, shared=14696448, slab=100630528)
CPU: [0.0, 0.0, 0.0, 0.0]
RAM: svmem(total=17002643456, available=4544380928, percent=73.3, used=12458262528, free=3454173184, active=12784025600, inactive=552566784, buffers=61702144, cached=1158266880, shared=14696448, slab=100630528)
CPU: [0.0, 0.0, 0.0, 0.0]
RAM: svmem(total=17002643456, available=4542906368, percent=73.3, used=12459737088, free=3452698624, active=12784025600, inactive=552566784, buffers=61702144, cached=1158266880, shared=14696448, slab=100630528)
CPU: [0.0, 0.0, 0.0, 0.0]
RAM: svmem(total=17002643456, available=4543004672, percent=73.3, used=12459638784, free=3452698624, active=12784025600, inactive=552665088, buffers=61702144, cached=1158266880, shared=14696448, slab=100630528)
CPU: [0.0, 0.0, 0.0, 0.0]
RAM: svmem(total=17002643456, available=4543004672, percent=73.3, used=12459638784, free=3452698624, active=12784025600, inactive=552665088, buffers=61702144, cached=1158266880, shared=14696448, slab=100630528)
CPU: [0.0, 0.0, 0.0, 0.0]
RAM: svmem(total=17002643456, available=4544462848, percent=73.3, used=12458180608, free=3454156800, active=12784025600, inactive=552665088, buffers=61702144, cached=1158266880, shared=14696448, slab=100630528)
CPU: [0.0, 0.0, 0.0, 0.0]
RAM: svmem(total=17002643456, available=4543971328, percent=73.3, used=12458672128, free=3453665280, active=12784025600, inactive=552665088, buffers=61702144, cached=1158266880, shared=14696448, slab=100630528)
CPU: [0.0, 0.0, 0.0, 0.0]
RAM: svmem(total=17002643456, available=4543479808, percent=73.3, used=12459163648, free=3453173760, active=12784025600, inactive=552665088, buffers=61702144, cached=1158266880, shared=14696448, slab=100630528)
while handling timed call
Traceback (most recent call last):
  File "/home/ewertonsjp/.pyenv/versions/cv_vend_mas/lib/python3.12/site-packages/twisted/internet/base.py", line 1105, in runUntilCurrent
    call.func(*call.args, **call.kw)
  File "/home/ewertonsjp/projects/cv-system/mas/pade/core/new_ams.py", line 80, in on_time
    self.agent.agentInstance.table.pop(agent_name)
builtins.KeyError: 'capture_agent@localhost:5010'

CPU: [0.0, 0.0, 0.0, 0.0]
RAM: svmem(total=17002643456, available=4541530112, percent=73.3, used=12461113344, free=3451224064, active=12784025600, inactive=552665088, buffers=61718528, cached=1158283264, shared=14696448, slab=100630528)
CPU: [0.0, 0.0, 0.0, 0.0]
RAM: svmem(total=17002643456, available=4543004672, percent=73.3, used=12459638784, free=3452698624, active=12784025600, inactive=552665088, buffers=61718528, cached=1158283264, shared=14696448, slab=100630528)
CPU: [0.0, 0.0, 0.0, 0.0]
RAM: svmem(total=17002643456, available=4540792832, percent=73.3, used=12461850624, free=3450486784, active=12784025600, inactive=552665088, buffers=61718528, cached=1158283264, shared=14696448, slab=100630528)
CPU: [0.0, 0.0, 0.0, 0.0]
RAM: svmem(total=17002643456, available=4540809216, percent=73.3, used=12461834240, free=3450503168, active=12784025600, inactive=552665088, buffers=61718528, cached=1158283264, shared=14696448, slab=100630528)
CPU: [0.0, 0.0, 1.0, 0.0]
RAM: svmem(total=17002643456, available=4541087744, percent=73.3, used=12461555712, free=3450781696, active=12784025600, inactive=552665088, buffers=61718528, cached=1158283264, shared=14696448, slab=100614144)
CPU: [0.0, 0.0, 0.0, 0.0]
RAM: svmem(total=17002643456, available=4541317120, percent=73.3, used=12461326336, free=3451011072, active=12784025600, inactive=552665088, buffers=61718528, cached=1158283264, shared=14696448, slab=100614144)
CPU: [0.0, 0.0, 0.0, 2.0]
RAM: svmem(total=17002643456, available=4542038016, percent=73.3, used=12460605440, free=3451731968, active=12784025600, inactive=552665088, buffers=61718528, cached=1158283264, shared=14696448, slab=100614144)
CPU: [0.0, 0.0, 0.0, 0.0]
RAM: svmem(total=17002643456, available=4543250432, percent=73.3, used=12459393024, free=3452944384, active=12784025600, inactive=552665088, buffers=61718528, cached=1158283264, shared=14696448, slab=100614144)
CPU: [0.0, 0.0, 0.0, 0.0]
RAM: svmem(total=17002643456, available=4542529536, percent=73.3, used=12460113920, free=3452223488, active=12784025600, inactive=552665088, buffers=61718528, cached=1158283264, shared=14696448, slab=100614144)
CPU: [0.0, 0.0, 0.0, 0.0]
RAM: svmem(total=17002643456, available=4542791680, percent=73.3, used=12459851776, free=3452485632, active=12784025600, inactive=552665088, buffers=61718528, cached=1158283264, shared=14696448, slab=100614144)
CPU: [0.0, 0.0, 0.0, 0.0]
RAM: svmem(total=17002643456, available=4543807488, percent=73.3, used=12458835968, free=3453501440, active=12784025600, inactive=552665088, buffers=61718528, cached=1158283264, shared=14696448, slab=100614144)
CPU: [0.0, 0.0, 0.0, 0.0]
RAM: svmem(total=17002643456, available=4543807488, percent=73.3, used=12458835968, free=3453501440, active=12784025600, inactive=552665088, buffers=61718528, cached=1158283264, shared=14696448, slab=100614144)
CPU: [0.0, 0.0, 0.0, 0.0]
RAM: svmem(total=17002643456, available=4542578688, percent=73.3, used=12460064768, free=3452272640, active=12784025600, inactive=552665088, buffers=61718528, cached=1158283264, shared=14696448, slab=100614144)
CPU: [0.0, 0.0, 0.0, 0.0]
RAM: svmem(total=17002643456, available=4542578688, percent=73.3, used=12460064768, free=3452272640, active=12784025600, inactive=552665088, buffers=61718528, cached=1158283264, shared=14696448, slab=100614144)
CPU: [0.0, 0.0, 0.0, 0.0]
RAM: svmem(total=17002643456, available=4542578688, percent=73.3, used=12460064768, free=3452272640, active=12784025600, inactive=552665088, buffers=61718528, cached=1158283264, shared=14696448, slab=100614144)
CPU: [0.0, 0.0, 0.0, 0.0]
RAM: svmem(total=17002643456, available=4542332928, percent=73.3, used=12460310528, free=3452026880, active=12784025600, inactive=552665088, buffers=61718528, cached=1158283264, shared=14696448, slab=100614144)
CPU: [0.0, 0.0, 0.0, 0.0]
RAM: svmem(total=17002643456, available=4540891136, percent=73.3, used=12461752320, free=3450585088, active=12784025600, inactive=552665088, buffers=61718528, cached=1158283264, shared=14696448, slab=100614144)
CPU: [0.0, 0.0, 0.0, 0.0]
RAM: svmem(total=17002643456, available=4541644800, percent=73.3, used=12460998656, free=3451338752, active=12784025600, inactive=552665088, buffers=61718528, cached=1158283264, shared=14696448, slab=100614144)
CPU: [0.0, 0.0, 0.0, 0.0]
RAM: svmem(total=17002643456, available=4542103552, percent=73.3, used=12460539904, free=3451797504, active=12784025600, inactive=552665088, buffers=61718528, cached=1158283264, shared=14696448, slab=100614144)
CPU: [0.0, 0.0, 0.0, 0.0]
RAM: svmem(total=17002643456, available=4541349888, percent=73.3, used=12461293568, free=3451043840, active=12784025600, inactive=552665088, buffers=61718528, cached=1158283264, shared=14696448, slab=100614144)
while handling timed call
Traceback (most recent call last):
  File "/home/ewertonsjp/.pyenv/versions/cv_vend_mas/lib/python3.12/site-packages/twisted/internet/base.py", line 1105, in runUntilCurrent
    call.func(*call.args, **call.kw)
  File "/home/ewertonsjp/projects/cv-system/mas/pade/core/new_ams.py", line 80, in on_time
    self.agent.agentInstance.table.pop(agent_name)
builtins.KeyError: 'capture_agent@localhost:5010'

CPU: [0.0, 0.0, 0.0, 0.0]
RAM: svmem(total=17002643456, available=4541087744, percent=73.3, used=12461555712, free=3450781696, active=12784025600, inactive=552665088, buffers=61718528, cached=1158283264, shared=14696448, slab=100614144)
CPU: [0.0, 0.0, 0.0, 0.0]
RAM: svmem(total=17002643456, available=4542578688, percent=73.3, used=12460064768, free=3452272640, active=12784025600, inactive=552665088, buffers=61718528, cached=1158283264, shared=14696448, slab=100614144)
CPU: [0.0, 0.0, 0.0, 0.0]
RAM: svmem(total=17002643456, available=4542873600, percent=73.3, used=12459769856, free=3452567552, active=12784025600, inactive=552665088, buffers=61718528, cached=1158283264, shared=14696448, slab=100614144)
CPU: [0.0, 0.0, 0.0, 0.0]
RAM: svmem(total=17002643456, available=4542382080, percent=73.3, used=12460261376, free=3452076032, active=12784025600, inactive=552665088, buffers=61718528, cached=1158283264, shared=14696448, slab=100614144)
CPU: [0.0, 0.0, 0.0, 0.0]
RAM: svmem(total=17002643456, available=4542857216, percent=73.3, used=12459786240, free=3452551168, active=12784025600, inactive=552665088, buffers=61718528, cached=1158283264, shared=14696448, slab=100614144)
CPU: [0.0, 0.0, 0.0, 0.0]
RAM: svmem(total=17002643456, available=4542365696, percent=73.3, used=12460277760, free=3452059648, active=12784025600, inactive=552665088, buffers=61734912, cached=1158283264, shared=14696448, slab=100614144)
CPU: [0.0, 0.0, 0.0, 0.0]
RAM: svmem(total=17002643456, available=4542365696, percent=73.3, used=12460277760, free=3452059648, active=12784025600, inactive=552665088, buffers=61734912, cached=1158283264, shared=14696448, slab=100614144)
CPU: [0.0, 0.0, 0.0, 1.0]
RAM: svmem(total=17002643456, available=4543119360, percent=73.3, used=12459524096, free=3452813312, active=12784025600, inactive=552665088, buffers=61734912, cached=1158283264, shared=14696448, slab=100597760)
CPU: [0.0, 0.0, 0.0, 0.0]
RAM: svmem(total=17002643456, available=4542627840, percent=73.3, used=12460015616, free=3452321792, active=12784025600, inactive=552665088, buffers=61734912, cached=1158283264, shared=14696448, slab=100597760)
CPU: [0.0, 0.0, 0.0, 0.0]
RAM: svmem(total=17002643456, available=4543102976, percent=73.3, used=12459540480, free=3452796928, active=12784025600, inactive=552665088, buffers=61734912, cached=1158283264, shared=14696448, slab=100597760)
CPU: [0.0, 0.0, 0.0, 0.0]
RAM: svmem(total=17002643456, available=4544086016, percent=73.3, used=12458557440, free=3453779968, active=12784025600, inactive=552665088, buffers=61734912, cached=1158283264, shared=14696448, slab=100597760)
CPU: [0.0, 0.0, 0.0, 0.0]
RAM: svmem(total=17002643456, available=4543332352, percent=73.3, used=12459311104, free=3453026304, active=12784025600, inactive=552665088, buffers=61734912, cached=1158283264, shared=14696448, slab=100597760)
CPU: [0.0, 0.0, 0.0, 0.0]
RAM: svmem(total=17002643456, available=4543086592, percent=73.3, used=12459556864, free=3452780544, active=12784025600, inactive=552665088, buffers=61734912, cached=1158283264, shared=14696448, slab=100597760)
CPU: [0.0, 0.0, 0.0, 0.0]
RAM: svmem(total=17002643456, available=4543086592, percent=73.3, used=12459556864, free=3452780544, active=12784025600, inactive=552665088, buffers=61734912, cached=1158283264, shared=14696448, slab=100597760)
CPU: [0.0, 0.0, 0.0, 0.0]
RAM: svmem(total=17002643456, available=4543086592, percent=73.3, used=12459556864, free=3452780544, active=12784025600, inactive=552665088, buffers=61734912, cached=1158283264, shared=14696448, slab=100597760)
CPU: [0.0, 0.0, 0.0, 0.0]
RAM: svmem(total=17002643456, available=4542840832, percent=73.3, used=12459802624, free=3452534784, active=12784025600, inactive=552665088, buffers=61734912, cached=1158283264, shared=14696448, slab=100597760)
CPU: [0.0, 0.0, 0.0, 0.0]
RAM: svmem(total=17002643456, available=4542840832, percent=73.3, used=12459802624, free=3452534784, active=12784025600, inactive=552665088, buffers=61751296, cached=1158266880, shared=14696448, slab=100597760)
CPU: [0.0, 0.0, 0.0, 1.0]
RAM: svmem(total=17002643456, available=4543578112, percent=73.3, used=12459065344, free=3453272064, active=12784025600, inactive=552665088, buffers=61751296, cached=1158283264, shared=14696448, slab=100597760)
CPU: [0.0, 1.0, 0.0, 0.0]
RAM: svmem(total=17002643456, available=4542857216, percent=73.3, used=12459786240, free=3452551168, active=12784025600, inactive=552665088, buffers=61751296, cached=1158283264, shared=14696448, slab=100597760)
CPU: [0.0, 0.0, 0.0, 0.0]
RAM: svmem(total=17002643456, available=4542611456, percent=73.3, used=12460032000, free=3452305408, active=12784025600, inactive=552665088, buffers=61751296, cached=1158283264, shared=14696448, slab=100597760)
while handling timed call
Traceback (most recent call last):
  File "/home/ewertonsjp/.pyenv/versions/cv_vend_mas/lib/python3.12/site-packages/twisted/internet/base.py", line 1105, in runUntilCurrent
    call.func(*call.args, **call.kw)
  File "/home/ewertonsjp/projects/cv-system/mas/pade/core/new_ams.py", line 80, in on_time
    self.agent.agentInstance.table.pop(agent_name)
builtins.KeyError: 'capture_agent@localhost:5010'

CPU: [0.0, 0.0, 0.0, 0.0]
RAM: svmem(total=17002643456, available=4542873600, percent=73.3, used=12459769856, free=3452567552, active=12784025600, inactive=552665088, buffers=61751296, cached=1158283264, shared=14696448, slab=100597760)
CPU: [0.0, 0.0, 0.0, 0.0]
RAM: svmem(total=17002643456, available=4544331776, percent=73.3, used=12458311680, free=3454025728, active=12784025600, inactive=552665088, buffers=61751296, cached=1158283264, shared=14696448, slab=100597760)
CPU: [0.0, 0.0, 0.0, 0.0]
RAM: svmem(total=17002643456, available=4543840256, percent=73.3, used=12458803200, free=3453534208, active=12784025600, inactive=552665088, buffers=61751296, cached=1158283264, shared=14696448, slab=100597760)
CPU: [0.0, 0.0, 0.0, 0.0]
RAM: svmem(total=17002643456, available=4542873600, percent=73.3, used=12459769856, free=3452567552, active=12784025600, inactive=552665088, buffers=61751296, cached=1158283264, shared=14696448, slab=100597760)
CPU: [0.0, 0.0, 0.0, 0.0]
RAM: svmem(total=17002643456, available=4542873600, percent=73.3, used=12459769856, free=3452567552, active=12784025600, inactive=552665088, buffers=61751296, cached=1158283264, shared=14696448, slab=100597760)
CPU: [0.0, 0.0, 0.0, 0.0]
RAM: svmem(total=17002643456, available=4543102976, percent=73.3, used=12459540480, free=3452796928, active=12784025600, inactive=552665088, buffers=61751296, cached=1158283264, shared=14696448, slab=100597760)
CPU: [0.0, 0.0, 0.0, 0.0]
RAM: svmem(total=17002643456, available=4542873600, percent=73.3, used=12459769856, free=3452567552, active=12784025600, inactive=552665088, buffers=61751296, cached=1158283264, shared=14696448, slab=100597760)
CPU: [0.0, 0.0, 0.0, 0.0]
RAM: svmem(total=17002643456, available=4543365120, percent=73.3, used=12459278336, free=3453059072, active=12784025600, inactive=552665088, buffers=61751296, cached=1158283264, shared=14696448, slab=100597760)
CPU: [0.0, 0.0, 0.0, 0.0]
RAM: svmem(total=17002643456, available=4543610880, percent=73.3, used=12459032576, free=3453304832, active=12784025600, inactive=552665088, buffers=61751296, cached=1158283264, shared=14696448, slab=100597760)
CPU: [0.0, 0.0, 0.0, 0.0]
RAM: svmem(total=17002643456, available=4544348160, percent=73.3, used=12458295296, free=3454042112, active=12784025600, inactive=552665088, buffers=61751296, cached=1158283264, shared=14696448, slab=100597760)
CPU: [0.0, 0.0, 0.0, 0.0]
RAM: svmem(total=17002643456, available=4542644224, percent=73.3, used=12459999232, free=3452338176, active=12784025600, inactive=552665088, buffers=61751296, cached=1158283264, shared=14696448, slab=100597760)
CPU: [0.0, 0.0, 0.0, 0.0]
RAM: svmem(total=17002643456, available=4542644224, percent=73.3, used=12459999232, free=3452338176, active=12784025600, inactive=552665088, buffers=61751296, cached=1158283264, shared=14696448, slab=100597760)
CPU: [0.0, 0.0, 0.0, 0.0]
RAM: svmem(total=17002643456, available=4543152128, percent=73.3, used=12459491328, free=3452846080, active=12784025600, inactive=552665088, buffers=61751296, cached=1158283264, shared=14696448, slab=100597760)
CPU: [0.0, 0.0, 0.0, 0.0]
RAM: svmem(total=17002643456, available=4542169088, percent=73.3, used=12460474368, free=3451863040, active=12784025600, inactive=552665088, buffers=61751296, cached=1158283264, shared=14696448, slab=100597760)
CPU: [0.0, 0.0, 0.0, 0.0]
RAM: svmem(total=17002643456, available=4542414848, percent=73.3, used=12460228608, free=3452108800, active=12784025600, inactive=552665088, buffers=61751296, cached=1158283264, shared=14696448, slab=100597760)
CPU: [0.0, 0.0, 0.0, 0.0]
RAM: svmem(total=17002643456, available=4543873024, percent=73.3, used=12458770432, free=3453566976, active=12784025600, inactive=552665088, buffers=61751296, cached=1158283264, shared=14696448, slab=100597760)
CPU: [0.0, 0.0, 0.0, 0.0]
RAM: svmem(total=17002643456, available=4542644224, percent=73.3, used=12459999232, free=3452338176, active=12784025600, inactive=552665088, buffers=61751296, cached=1158283264, shared=14696448, slab=100597760)
CPU: [0.0, 1.0, 0.0, 0.0]
RAM: svmem(total=17002643456, available=4543348736, percent=73.3, used=12459294720, free=3453042688, active=12784025600, inactive=552665088, buffers=61751296, cached=1158283264, shared=14696448, slab=100597760)
CPU: [0.0, 0.0, 0.0, 1.0]
RAM: svmem(total=17002643456, available=4544577536, percent=73.3, used=12458065920, free=3454271488, active=12784025600, inactive=552665088, buffers=61751296, cached=1158283264, shared=14696448, slab=100597760)
CPU: [0.0, 0.0, 0.0, 0.0]
RAM: svmem(total=17002643456, available=4544577536, percent=73.3, used=12458065920, free=3454271488, active=12784025600, inactive=552665088, buffers=61751296, cached=1158283264, shared=14696448, slab=100597760)
while handling timed call
Traceback (most recent call last):
  File "/home/ewertonsjp/.pyenv/versions/cv_vend_mas/lib/python3.12/site-packages/twisted/internet/base.py", line 1105, in runUntilCurrent
    call.func(*call.args, **call.kw)
  File "/home/ewertonsjp/projects/cv-system/mas/pade/core/new_ams.py", line 80, in on_time
    self.agent.agentInstance.table.pop(agent_name)
builtins.KeyError: 'capture_agent@localhost:5010'

CPU: [0.0, 0.0, 0.0, 0.0]
RAM: svmem(total=17002643456, available=4543348736, percent=73.3, used=12459294720, free=3453042688, active=12784025600, inactive=552665088, buffers=61751296, cached=1158299648, shared=14696448, slab=100597760)
CPU: [0.0, 0.0, 0.0, 0.0]
RAM: svmem(total=17002643456, available=4543348736, percent=73.3, used=12459294720, free=3453042688, active=12784025600, inactive=552665088, buffers=61751296, cached=1158299648, shared=14696448, slab=100597760)
CPU: [0.0, 0.0, 0.0, 0.0]
RAM: svmem(total=17002643456, available=4543348736, percent=73.3, used=12459294720, free=3453042688, active=12784025600, inactive=552665088, buffers=61751296, cached=1158299648, shared=14696448, slab=100597760)
CPU: [0.0, 0.0, 0.0, 0.0]
RAM: svmem(total=17002643456, available=4543086592, percent=73.3, used=12459556864, free=3452780544, active=12784025600, inactive=552665088, buffers=61751296, cached=1158299648, shared=14696448, slab=100597760)
CPU: [0.0, 0.0, 0.0, 0.0]
RAM: svmem(total=17002643456, available=4542611456, percent=73.3, used=12460032000, free=3452305408, active=12784025600, inactive=552665088, buffers=61751296, cached=1158299648, shared=14696448, slab=100597760)
CPU: [0.0, 0.0, 0.0, 0.0]
RAM: svmem(total=17002643456, available=4542840832, percent=73.3, used=12459802624, free=3452534784, active=12784025600, inactive=552665088, buffers=61767680, cached=1158299648, shared=14696448, slab=100597760)
CPU: [0.0, 0.0, 0.0, 0.0]
RAM: svmem(total=17002643456, available=4543365120, percent=73.3, used=12459278336, free=3453059072, active=12784025600, inactive=552665088, buffers=61767680, cached=1158299648, shared=14696448, slab=100597760)
CPU: [0.0, 0.0, 0.0, 0.0]
RAM: svmem(total=17002643456, available=4542939136, percent=73.3, used=12459704320, free=3452567552, active=12784025600, inactive=552730624, buffers=61767680, cached=1158299648, shared=14696448, slab=100597760)
CPU: [0.0, 0.0, 0.0, 0.0]
RAM: svmem(total=17002643456, available=4542464000, percent=73.3, used=12460179456, free=3452092416, active=12784025600, inactive=552730624, buffers=61767680, cached=1158299648, shared=14696448, slab=100597760)
CPU: [0.0, 0.0, 0.0, 0.0]
RAM: svmem(total=17002643456, available=4543168512, percent=73.3, used=12459474944, free=3452796928, active=12784025600, inactive=552730624, buffers=61767680, cached=1158299648, shared=14696448, slab=100597760)
CPU: [0.0, 0.0, 0.0, 0.0]
RAM: svmem(total=17002643456, available=4542201856, percent=73.3, used=12460441600, free=3451830272, active=12784025600, inactive=552730624, buffers=61767680, cached=1158299648, shared=14696448, slab=100597760)
CPU: [0.0, 0.0, 0.0, 0.0]
RAM: svmem(total=17002643456, available=4542709760, percent=73.3, used=12459933696, free=3452338176, active=12784025600, inactive=552730624, buffers=61767680, cached=1158299648, shared=14696448, slab=100597760)
CPU: [0.0, 0.0, 0.0, 0.0]
RAM: svmem(total=17002643456, available=4542218240, percent=73.3, used=12460425216, free=3451846656, active=12784025600, inactive=552730624, buffers=61767680, cached=1158299648, shared=14696448, slab=100597760)
CPU: [0.0, 0.0, 0.0, 0.0]
RAM: svmem(total=17002643456, available=4542726144, percent=73.3, used=12459917312, free=3452354560, active=12784025600, inactive=552730624, buffers=61767680, cached=1158299648, shared=14696448, slab=100597760)
CPU: [0.0, 0.0, 0.0, 0.0]
RAM: svmem(total=17002643456, available=4542218240, percent=73.3, used=12460425216, free=3451846656, active=12784025600, inactive=552730624, buffers=61767680, cached=1158299648, shared=14696448, slab=100597760)
CPU: [0.0, 0.0, 0.0, 0.0]
RAM: svmem(total=17002643456, available=4542218240, percent=73.3, used=12460425216, free=3451846656, active=12784025600, inactive=552730624, buffers=61767680, cached=1158299648, shared=14696448, slab=100597760)
CPU: [0.0, 0.0, 0.0, 0.0]
RAM: svmem(total=17002643456, available=4542480384, percent=73.3, used=12460163072, free=3452108800, active=12784025600, inactive=552730624, buffers=61767680, cached=1158299648, shared=14696448, slab=100597760)
CPU: [0.0, 0.0, 0.0, 0.0]
RAM: svmem(total=17002643456, available=4543201280, percent=73.3, used=12459442176, free=3452829696, active=12784025600, inactive=552730624, buffers=61784064, cached=1158299648, shared=14696448, slab=100597760)
CPU: [0.0, 0.0, 0.0, 0.0]
RAM: svmem(total=17002643456, available=4543447040, percent=73.3, used=12459196416, free=3453075456, active=12784025600, inactive=552730624, buffers=61784064, cached=1158299648, shared=14696448, slab=100597760)
CPU: [0.0, 0.0, 0.0, 0.0]
RAM: svmem(total=17002643456, available=4542955520, percent=73.3, used=12459687936, free=3452583936, active=12784025600, inactive=552730624, buffers=61784064, cached=1158299648, shared=14696448, slab=100597760)
while handling timed call
Traceback (most recent call last):
  File "/home/ewertonsjp/.pyenv/versions/cv_vend_mas/lib/python3.12/site-packages/twisted/internet/base.py", line 1105, in runUntilCurrent
    call.func(*call.args, **call.kw)
  File "/home/ewertonsjp/projects/cv-system/mas/pade/core/new_ams.py", line 80, in on_time
    self.agent.agentInstance.table.pop(agent_name)
builtins.KeyError: 'capture_agent@localhost:5010'

CPU: [0.0, 1.0, 0.0, 1.0]
RAM: svmem(total=17002643456, available=4542709760, percent=73.3, used=12459933696, free=3452338176, active=12784025600, inactive=552730624, buffers=61784064, cached=1158299648, shared=14696448, slab=100597760)
CPU: [0.0, 0.0, 0.0, 0.0]
RAM: svmem(total=17002643456, available=4543676416, percent=73.3, used=12458967040, free=3453304832, active=12784025600, inactive=552730624, buffers=61784064, cached=1158299648, shared=14696448, slab=100597760)
CPU: [0.0, 0.0, 0.0, 0.0]
RAM: svmem(total=17002643456, available=4543430656, percent=73.3, used=12459212800, free=3453059072, active=12784025600, inactive=552730624, buffers=61784064, cached=1158299648, shared=14696448, slab=100597760)
CPU: [0.0, 0.0, 1.0, 0.0]
RAM: svmem(total=17002643456, available=4543184896, percent=73.3, used=12459458560, free=3452813312, active=12784025600, inactive=552730624, buffers=61784064, cached=1158299648, shared=14696448, slab=100597760)
CPU: [0.0, 0.0, 0.0, 1.0]
RAM: svmem(total=17002643456, available=4542906368, percent=73.3, used=12459737088, free=3452534784, active=12784025600, inactive=552730624, buffers=61784064, cached=1158299648, shared=14696448, slab=100597760)
CPU: [0.0, 0.0, 0.0, 0.0]
RAM: svmem(total=17002643456, available=4542447616, percent=73.3, used=12460195840, free=3452059648, active=12784025600, inactive=552730624, buffers=61784064, cached=1158316032, shared=14696448, slab=100630528)
CPU: [0.0, 0.0, 0.0, 0.0]
RAM: svmem(total=17002643456, available=4542709760, percent=73.3, used=12459933696, free=3452321792, active=12784025600, inactive=552730624, buffers=61784064, cached=1158316032, shared=14696448, slab=100630528)
CPU: [0.0, 0.0, 0.0, 0.0]
RAM: svmem(total=17002643456, available=4542988288, percent=73.3, used=12459655168, free=3452600320, active=12784025600, inactive=552730624, buffers=61784064, cached=1158316032, shared=14696448, slab=100630528)
CPU: [0.0, 0.0, 0.0, 0.0]
RAM: svmem(total=17002643456, available=4543217664, percent=73.3, used=12459425792, free=3452829696, active=12784025600, inactive=552730624, buffers=61784064, cached=1158316032, shared=14696448, slab=100630528)
CPU: [0.0, 0.0, 0.0, 0.0]
RAM: svmem(total=17002643456, available=4542971904, percent=73.3, used=12459671552, free=3452583936, active=12784025600, inactive=552730624, buffers=61784064, cached=1158316032, shared=14696448, slab=100630528)
CPU: [0.0, 0.0, 0.0, 0.0]
RAM: svmem(total=17002643456, available=4542709760, percent=73.3, used=12459933696, free=3452321792, active=12784025600, inactive=552730624, buffers=61784064, cached=1158316032, shared=14696448, slab=100630528)
CPU: [0.0, 0.0, 0.0, 0.0]
RAM: svmem(total=17002643456, available=4542709760, percent=73.3, used=12459933696, free=3452321792, active=12784025600, inactive=552730624, buffers=61784064, cached=1158316032, shared=14696448, slab=100630528)
CPU: [0.0, 0.0, 0.0, 0.0]
RAM: svmem(total=17002643456, available=4542709760, percent=73.3, used=12459933696, free=3452321792, active=12784025600, inactive=552730624, buffers=61784064, cached=1158316032, shared=14696448, slab=100630528)
CPU: [0.0, 0.0, 0.0, 0.0]
RAM: svmem(total=17002643456, available=4542464000, percent=73.3, used=12460179456, free=3452076032, active=12784025600, inactive=552730624, buffers=61784064, cached=1158316032, shared=14696448, slab=100630528)
CPU: [0.0, 0.0, 0.0, 0.0]
RAM: svmem(total=17002643456, available=4541497344, percent=73.3, used=12461146112, free=3451109376, active=12784025600, inactive=552730624, buffers=61784064, cached=1158316032, shared=14696448, slab=100630528)
CPU: [0.0, 0.0, 0.0, 0.0]
RAM: svmem(total=17002643456, available=4541497344, percent=73.3, used=12461146112, free=3451109376, active=12784025600, inactive=552730624, buffers=61784064, cached=1158316032, shared=14696448, slab=100630528)
CPU: [0.0, 0.0, 0.0, 0.0]
RAM: svmem(total=17002643456, available=4541988864, percent=73.3, used=12460654592, free=3451600896, active=12784025600, inactive=552730624, buffers=61784064, cached=1158316032, shared=14696448, slab=100630528)
CPU: [0.0, 0.0, 0.0, 0.0]
RAM: svmem(total=17002643456, available=4541759488, percent=73.3, used=12460883968, free=3451371520, active=12784025600, inactive=552730624, buffers=61784064, cached=1158316032, shared=14696448, slab=100630528)
CPU: [0.0, 0.0, 0.0, 0.0]
RAM: svmem(total=17002643456, available=4542005248, percent=73.3, used=12460638208, free=3451617280, active=12784025600, inactive=552730624, buffers=61784064, cached=1158316032, shared=14696448, slab=100630528)
CPU: [0.0, 0.0, 0.0, 0.0]
RAM: svmem(total=17002643456, available=4542251008, percent=73.3, used=12460392448, free=3451863040, active=12784025600, inactive=552730624, buffers=61784064, cached=1158316032, shared=14696448, slab=100630528)
while handling timed call
Traceback (most recent call last):
  File "/home/ewertonsjp/.pyenv/versions/cv_vend_mas/lib/python3.12/site-packages/twisted/internet/base.py", line 1105, in runUntilCurrent
    call.func(*call.args, **call.kw)
  File "/home/ewertonsjp/projects/cv-system/mas/pade/core/new_ams.py", line 80, in on_time
    self.agent.agentInstance.table.pop(agent_name)
builtins.KeyError: 'capture_agent@localhost:5010'

CPU: [0.0, 2.0, 0.0, 0.0]
RAM: svmem(total=17002643456, available=4542742528, percent=73.3, used=12459900928, free=3452354560, active=12784025600, inactive=552730624, buffers=61784064, cached=1158316032, shared=14696448, slab=100630528)
CPU: [0.0, 0.0, 0.0, 0.0]
RAM: svmem(total=17002643456, available=4542496768, percent=73.3, used=12460146688, free=3452108800, active=12784025600, inactive=552730624, buffers=61784064, cached=1158316032, shared=14696448, slab=100630528)
CPU: [0.0, 0.0, 0.0, 0.0]
RAM: svmem(total=17002643456, available=4542496768, percent=73.3, used=12460146688, free=3452108800, active=12784025600, inactive=552730624, buffers=61784064, cached=1158316032, shared=14696448, slab=100630528)
CPU: [0.0, 0.0, 0.0, 0.0]
RAM: svmem(total=17002643456, available=4542496768, percent=73.3, used=12460146688, free=3452108800, active=12784025600, inactive=552730624, buffers=61784064, cached=1158316032, shared=14696448, slab=100630528)
CPU: [0.0, 0.0, 0.0, 0.0]
RAM: svmem(total=17002643456, available=4542513152, percent=73.3, used=12460130304, free=3452125184, active=12784025600, inactive=552730624, buffers=61784064, cached=1158316032, shared=14696448, slab=100630528)
CPU: [0.0, 0.0, 0.0, 0.0]
RAM: svmem(total=17002643456, available=4540792832, percent=73.3, used=12461850624, free=3450404864, active=12784025600, inactive=552730624, buffers=61800448, cached=1158316032, shared=14696448, slab=100630528)
CPU: [0.0, 0.0, 0.0, 0.0]
RAM: svmem(total=17002643456, available=4541038592, percent=73.3, used=12461604864, free=3450650624, active=12784025600, inactive=552730624, buffers=61800448, cached=1158316032, shared=14696448, slab=100630528)
CPU: [0.0, 0.0, 0.0, 0.0]
RAM: svmem(total=17002643456, available=4541546496, percent=73.3, used=12461096960, free=3451158528, active=12784025600, inactive=552730624, buffers=61800448, cached=1158316032, shared=14696448, slab=100630528)
CPU: [0.0, 1.0, 0.0, 0.0]
RAM: svmem(total=17002643456, available=4541792256, percent=73.3, used=12460851200, free=3451404288, active=12784025600, inactive=552730624, buffers=61800448, cached=1158316032, shared=14696448, slab=100630528)
CPU: [0.0, 0.0, 0.0, 0.0]
RAM: svmem(total=17002643456, available=4541546496, percent=73.3, used=12461096960, free=3451158528, active=12784025600, inactive=552730624, buffers=61800448, cached=1158316032, shared=14696448, slab=100630528)
CPU: [0.0, 0.0, 0.0, 0.0]
RAM: svmem(total=17002643456, available=4541300736, percent=73.3, used=12461342720, free=3450912768, active=12784025600, inactive=552730624, buffers=61800448, cached=1158316032, shared=14696448, slab=100630528)
CPU: [0.0, 0.0, 0.0, 0.0]
RAM: svmem(total=17002643456, available=4541284352, percent=73.3, used=12461359104, free=3450896384, active=12784025600, inactive=552730624, buffers=61800448, cached=1158316032, shared=14696448, slab=100630528)
CPU: [0.0, 0.0, 0.0, 0.0]
RAM: svmem(total=17002643456, available=4541071360, percent=73.3, used=12461572096, free=3450683392, active=12784025600, inactive=552730624, buffers=61800448, cached=1158316032, shared=14696448, slab=100630528)
CPU: [0.0, 0.0, 0.0, 1.0]
RAM: svmem(total=17002643456, available=4541595648, percent=73.3, used=12461047808, free=3451174912, active=12784025600, inactive=552763392, buffers=61800448, cached=1158316032, shared=14696448, slab=100630528)
CPU: [0.0, 0.0, 0.0, 1.0]
RAM: svmem(total=17002643456, available=4542087168, percent=73.3, used=12460556288, free=3451666432, active=12784025600, inactive=552763392, buffers=61800448, cached=1158316032, shared=14696448, slab=100630528)
CPU: [0.0, 0.0, 0.0, 0.0]
RAM: svmem(total=17002643456, available=4541644800, percent=73.3, used=12460998656, free=3451224064, active=12784025600, inactive=552763392, buffers=61800448, cached=1158316032, shared=14696448, slab=100630528)
CPU: [0.0, 0.0, 0.0, 0.0]
RAM: svmem(total=17002643456, available=4542627840, percent=73.3, used=12460015616, free=3452207104, active=12784025600, inactive=552763392, buffers=61800448, cached=1158316032, shared=14696448, slab=100630528)
CPU: [0.0, 0.0, 0.0, 0.0]
RAM: svmem(total=17002643456, available=4543348736, percent=73.3, used=12459294720, free=3452928000, active=12784025600, inactive=552763392, buffers=61800448, cached=1158316032, shared=14696448, slab=100630528)
CPU: [0.0, 0.0, 0.0, 0.0]
RAM: svmem(total=17002643456, available=4542840832, percent=73.3, used=12459802624, free=3452420096, active=12784025600, inactive=552763392, buffers=61816832, cached=1158316032, shared=14696448, slab=100630528)
CPU: [0.0, 0.0, 0.0, 0.0]
RAM: svmem(total=17002643456, available=4542595072, percent=73.3, used=12460048384, free=3452174336, active=12784025600, inactive=552763392, buffers=61816832, cached=1158316032, shared=14696448, slab=100630528)
while handling timed call
Traceback (most recent call last):
  File "/home/ewertonsjp/.pyenv/versions/cv_vend_mas/lib/python3.12/site-packages/twisted/internet/base.py", line 1105, in runUntilCurrent
    call.func(*call.args, **call.kw)
  File "/home/ewertonsjp/projects/cv-system/mas/pade/core/new_ams.py", line 80, in on_time
    self.agent.agentInstance.table.pop(agent_name)
builtins.KeyError: 'capture_agent@localhost:5010'

CPU: [0.0, 0.0, 0.0, 0.0]
RAM: svmem(total=17002643456, available=4542103552, percent=73.3, used=12460539904, free=3451682816, active=12784025600, inactive=552763392, buffers=61816832, cached=1158332416, shared=14696448, slab=100630528)
CPU: [0.0, 0.0, 0.0, 0.0]
RAM: svmem(total=17002643456, available=4542840832, percent=73.3, used=12459802624, free=3452420096, active=12784025600, inactive=552763392, buffers=61816832, cached=1158332416, shared=14696448, slab=100630528)
CPU: [0.0, 0.0, 0.0, 0.0]
RAM: svmem(total=17002643456, available=4542382080, percent=73.3, used=12460261376, free=3451961344, active=12784025600, inactive=552763392, buffers=61816832, cached=1158332416, shared=14696448, slab=100630528)
CPU: [0.0, 0.0, 0.0, 0.0]
RAM: svmem(total=17002643456, available=4543086592, percent=73.3, used=12459556864, free=3452665856, active=12784025600, inactive=552763392, buffers=61816832, cached=1158332416, shared=14696448, slab=100630528)
CPU: [0.0, 0.0, 0.0, 0.0]
RAM: svmem(total=17002643456, available=4542595072, percent=73.3, used=12460048384, free=3452174336, active=12784025600, inactive=552763392, buffers=61816832, cached=1158332416, shared=14696448, slab=100630528)
CPU: [0.0, 0.0, 0.0, 0.0]
RAM: svmem(total=17002643456, available=4542611456, percent=73.3, used=12460032000, free=3452190720, active=12784025600, inactive=552763392, buffers=61816832, cached=1158332416, shared=14696448, slab=100630528)
CPU: [0.0, 0.0, 0.0, 0.0]
RAM: svmem(total=17002643456, available=4543102976, percent=73.3, used=12459540480, free=3452682240, active=12784025600, inactive=552763392, buffers=61816832, cached=1158332416, shared=14696448, slab=100630528)
CPU: [0.0, 0.0, 0.0, 0.0]
RAM: svmem(total=17002643456, available=4542857216, percent=73.3, used=12459786240, free=3452436480, active=12784025600, inactive=552763392, buffers=61816832, cached=1158332416, shared=14696448, slab=100630528)
CPU: [0.0, 0.0, 0.0, 0.0]
RAM: svmem(total=17002643456, available=4543365120, percent=73.3, used=12459278336, free=3452944384, active=12784025600, inactive=552763392, buffers=61816832, cached=1158332416, shared=14696448, slab=100630528)
CPU: [0.0, 0.0, 0.0, 0.0]
RAM: svmem(total=17002643456, available=4543856640, percent=73.3, used=12458786816, free=3453435904, active=12784025600, inactive=552763392, buffers=61816832, cached=1158332416, shared=14696448, slab=100630528)
CPU: [0.0, 0.0, 0.0, 0.0]
RAM: svmem(total=17002643456, available=4543856640, percent=73.3, used=12458786816, free=3453435904, active=12784025600, inactive=552763392, buffers=61816832, cached=1158332416, shared=14696448, slab=100630528)
CPU: [0.0, 0.0, 0.0, 0.0]
RAM: svmem(total=17002643456, available=4543365120, percent=73.3, used=12459278336, free=3452944384, active=12784025600, inactive=552763392, buffers=61816832, cached=1158332416, shared=14696448, slab=100630528)
CPU: [0.0, 0.0, 0.0, 0.0]
RAM: svmem(total=17002643456, available=4542906368, percent=73.3, used=12459737088, free=3452485632, active=12784025600, inactive=552763392, buffers=61816832, cached=1158332416, shared=14696448, slab=100630528)
CPU: [0.0, 0.0, 0.0, 0.0]
RAM: svmem(total=17002643456, available=4543152128, percent=73.3, used=12459491328, free=3452731392, active=12784025600, inactive=552763392, buffers=61816832, cached=1158332416, shared=14696448, slab=100630528)
CPU: [0.0, 0.0, 0.0, 0.0]
RAM: svmem(total=17002643456, available=4542414848, percent=73.3, used=12460228608, free=3451994112, active=12784025600, inactive=552763392, buffers=61816832, cached=1158332416, shared=14696448, slab=100630528)
[resource_manager_agent@localhost:5016] 12/06/2026 20:48:20.165 --> ResourceManagerAgent — stop_monitoring chamado.
CPU: [0.0, 1.0, 0.0, 0.0]
[resource_manager_agent@localhost:5016] 12/06/2026 20:48:20.502 --> Monitores parados — CSVs gravados.
