Datetime,Time[S],Volt[V],Current[A],Power[W]
2026-05-27T08:23:38.269918,  0.0,05.1088,0.51568,02.6299
2026-05-27T08:23:39.285654,  1.0,05.1084,0.67075,03.4208
2026-05-27T08:23:40.302193,  2.0,05.1072,0.73697,03.7585
2026-05-27T08:23:41.274773,  3.0,05.1084,0.72774,03.7114
2026-05-27T08:23:42.295394,  4.0,05.1083,0.74078,03.7779
2026-05-27T08:23:43.270135,  5.0,05.1082,0.74085,03.7783
2026-05-27T08:23:44.288756,  6.0,05.1076,0.84989,04.3344
2026-05-27T08:23:45.261116,  7.0,05.1076,0.84479,04.3084
2026-05-27T08:23:46.285029,  8.0,05.1074,0.85464,04.3586
2026-05-27T08:23:47.302865,  9.0,05.1072,0.85868,04.3792
2026-05-27T08:23:48.274061, 10.0,05.1076,0.85445,04.3576
2026-05-27T08:23:49.293412, 11.0,05.1056,0.89814,04.5805
2026-05-27T08:23:50.265746, 12.0,05.1116,0.84478,04.3168
2026-05-27T08:23:51.286849, 13.0,05.1083,0.98705,05.0339
2026-05-27T08:23:52.304871, 14.0,05.1056,0.95829,04.8872
2026-05-27T08:23:53.276275, 15.0,05.1092,1.03612,05.2842
2026-05-27T08:23:54.294228, 16.0,05.1064,1.00369,05.1188
2026-05-27T08:23:55.267745, 17.0,05.1064,0.99126,05.0554
2026-05-27T08:23:56.284565, 18.0,05.1080,0.82386,04.2016
2026-05-27T08:23:57.303946, 19.0,05.1074,0.79002,04.0291
2026-05-27T08:23:58.276442, 20.0,05.1075,0.93083,04.7472
2026-05-27T08:23:59.297057, 21.0,05.1078,0.92637,04.7244
2026-05-27T08:24:00.269642, 22.0,05.1058,0.93022,04.7441
2026-05-27T08:24:01.284508, 23.0,05.1077,0.97621,04.9786
2026-05-27T08:24:02.304586, 24.0,05.1133,1.10986,05.6713
2026-05-27T08:24:03.277696, 25.0,05.1056,1.11511,05.6870
2026-05-27T08:24:04.296162, 26.0,05.1097,1.04963,05.3531
2026-05-27T08:24:05.268391, 27.0,05.1044,1.08800,05.5488
2026-05-27T08:24:06.286277, 28.0,05.1117,0.98805,05.0489
2026-05-27T08:24:07.304274, 29.0,05.1098,1.15693,05.9003
2026-05-27T08:24:08.277632, 30.0,05.1061,1.06767,05.4451
2026-05-27T08:24:09.298112, 31.0,05.1061,1.11600,05.6916
2026-05-27T08:24:10.273649, 32.0,05.1061,1.01380,05.1703
2026-05-27T08:24:11.296649, 33.0,05.1055,1.07257,05.4701
2026-05-27T08:24:12.270646, 34.0,05.1066,1.45422,07.4165
2026-05-27T08:24:13.292936, 35.0,05.1076,0.74196,03.7839
2026-05-27T08:24:14.268766, 36.0,05.1062,0.74019,03.7749
2026-05-27T08:24:15.288835, 37.0,05.1084,0.96683,04.9308
2026-05-27T08:24:16.310683, 38.0,05.1014,1.13029,05.7644
2026-05-27T08:24:17.283953, 39.0,05.1078,1.08399,05.5283
2026-05-27T08:24:18.303092, 40.0,05.1030,0.98792,05.0383
2026-05-27T08:24:19.276209, 41.0,05.1025,1.15454,05.8881
2026-05-27T08:24:20.298099, 42.0,05.0984,0.94841,04.8274
2026-05-27T08:24:21.274148, 43.0,05.1009,1.01979,05.2009
2026-05-27T08:24:22.295779, 44.0,05.1101,1.10468,05.6449
2026-05-27T08:24:23.267823, 45.0,05.1091,1.11463,05.6846
2026-05-27T08:24:24.286316, 46.0,05.1083,0.99395,05.0691
2026-05-27T08:24:25.304757, 47.0,05.1064,1.30562,06.6586
2026-05-27T08:24:26.275833, 48.0,05.1055,0.78853,04.0215
2026-05-27T08:24:27.294617, 49.0,05.1060,0.78796,04.0185
2026-05-27T08:24:28.313265, 50.0,05.1042,1.03095,05.2578
2026-05-27T08:24:29.284951, 51.0,05.1061,1.01955,05.1997
2026-05-27T08:24:30.303948, 52.0,05.1089,1.12050,05.7145
2026-05-27T08:24:31.274892, 53.0,05.1023,1.01786,05.1910
2026-05-27T08:24:32.292618, 54.0,05.1086,1.14409,05.8348
2026-05-27T08:24:33.313853, 55.0,05.1078,0.98292,05.0128
2026-05-27T08:24:34.288312, 56.0,05.1079,1.02955,05.2507
2026-05-27T08:24:35.307208, 57.0,05.1094,1.02556,05.2303
2026-05-27T08:24:36.281532, 58.0,05.1048,1.04680,05.3386
2026-05-27T08:24:37.299639, 59.0,05.1106,1.05391,05.3854
2026-05-27T08:24:38.272714, 60.0,05.1155,1.27755,06.5282
2026-05-27T08:24:39.289448, 61.0,05.1097,0.74551,03.8021
2026-05-27T08:24:40.308707, 62.0,05.1080,0.74332,03.7909
2026-05-27T08:24:41.281417, 63.0,05.1103,1.13572,05.8035
2026-05-27T08:24:42.298450, 64.0,05.1103,1.07153,05.4755
2026-05-27T08:24:43.270889, 65.0,05.1051,1.14399,05.8343
2026-05-27T08:24:44.291098, 66.0,05.1084,1.12552,05.7401
2026-05-27T08:24:45.312675, 67.0,05.1082,1.12090,05.7165
2026-05-27T08:24:46.286066, 68.0,05.1022,1.05786,05.3950
2026-05-27T08:24:47.303742, 69.0,05.1125,1.13732,05.8117
2026-05-27T08:24:48.276793, 70.0,05.1072,1.07448,05.4798
2026-05-27T08:24:49.296066, 71.0,05.1036,1.02504,05.2277
2026-05-27T08:24:50.315448, 72.0,05.1081,1.03776,05.2925
2026-05-27T08:24:51.289322, 73.0,05.1123,1.24015,06.3371
2026-05-27T08:24:52.311463, 74.0,05.1080,0.74717,03.8105
2026-05-27T08:24:53.287857, 75.0,05.1081,0.74453,03.7971
2026-05-27T08:24:54.307834, 76.0,05.1080,1.05870,05.3993
2026-05-27T08:24:55.281982, 77.0,05.1084,1.13374,05.7820
2026-05-27T08:24:56.304490, 78.0,05.1073,1.05961,05.4040
2026-05-27T08:24:57.277692, 79.0,05.1079,0.96151,04.9037
2026-05-27T08:24:58.296171, 80.0,05.1083,1.01100,05.1561
2026-05-27T08:24:59.314519, 81.0,05.1022,1.04275,05.3180
2026-05-27T08:25:00.286724, 82.0,05.1158,1.02432,05.2342
2026-05-27T08:25:01.306287, 83.0,05.1053,1.13173,05.7718
2026-05-27T08:25:02.277793, 84.0,05.1103,1.01148,05.1686
2026-05-27T08:25:03.296004, 85.0,05.1100,1.11503,05.6978
2026-05-27T08:25:04.315112, 86.0,05.1141,1.11865,05.7163
2026-05-27T08:25:05.291952, 87.0,05.1094,0.75050,03.8275
2026-05-27T08:25:06.309860, 88.0,05.1089,0.72100,03.6771
2026-05-27T08:25:07.282081, 89.0,05.1150,1.14732,05.8628
2026-05-27T08:25:08.303048, 90.0,05.0994,1.02733,05.2291
2026-05-27T08:25:09.278798, 91.0,05.1085,1.03270,05.2667
2026-05-27T08:25:10.297997, 92.0,05.1051,1.10460,05.6334
2026-05-27T08:25:11.317970, 93.0,05.1071,1.03364,05.2715
2026-05-27T08:25:12.289703, 94.0,05.1137,1.07363,05.4862
2026-05-27T08:25:13.307068, 95.0,05.1076,1.20711,06.1562
2026-05-27T08:25:14.280670, 96.0,05.1022,1.13961,05.8120
2026-05-27T08:25:15.301018, 97.0,05.1058,1.03597,05.2834
2026-05-27T08:25:16.319865, 98.0,05.1022,1.04524,05.3307
2026-05-27T08:25:17.289276, 99.0,05.1075,1.22188,06.2315
2026-05-27T08:25:18.309622,100.0,05.1064,0.74582,03.8036
2026-05-27T08:25:19.285113,101.0,05.1091,0.74521,03.8005
2026-05-27T08:25:20.307026,102.0,05.1070,1.01404,05.1716
2026-05-27T08:25:21.280459,103.0,05.1095,1.00660,05.1336
2026-05-27T08:25:22.301309,104.0,05.1070,0.97228,04.9586
2026-05-27T08:25:23.320702,105.0,05.1087,0.97249,04.9596
2026-05-27T08:25:24.293149,106.0,05.1100,0.95937,04.9023
2026-05-27T08:25:25.313247,107.0,05.1105,1.15568,05.9055
2026-05-27T08:25:26.287600,108.0,05.1064,1.11866,05.7051
2026-05-27T08:25:27.309009,109.0,05.1089,1.08562,05.5366
2026-05-27T08:25:28.285002,110.0,05.1080,1.14911,05.8604
2026-05-27T08:25:29.306873,111.0,05.1079,1.06275,05.4200
2026-05-27T08:25:30.326036,112.0,05.1078,1.19222,06.0803
2026-05-27T08:25:31.298489,113.0,05.1083,0.75100,03.8301
2026-05-27T08:25:32.313678,114.0,05.1085,0.61973,03.1606
2026-05-27T08:25:33.285837,115.0,05.1050,1.03592,05.2831
2026-05-27T08:25:34.308001,116.0,05.1106,1.04362,05.3328
2026-05-27T08:25:35.326768,117.0,05.1028,1.11566,05.6898
2026-05-27T08:25:36.298187,118.0,05.1097,1.15074,05.8687
2026-05-27T08:25:37.318002,119.0,05.1058,1.10578,05.6394
2026-05-27T08:25:38.289557,120.0,05.1086,1.17506,05.9928
2026-05-27T08:25:39.310693,121.0,05.1116,1.21645,06.2160
2026-05-27T08:25:40.286010,122.0,05.1167,1.14006,05.8257
2026-05-27T08:25:41.306760,123.0,05.1091,1.10268,05.6236
2026-05-27T08:25:42.326221,124.0,05.1103,1.08452,05.5418
2026-05-27T08:25:43.300529,125.0,05.1037,1.19387,06.0887
2026-05-27T08:25:44.320522,126.0,05.1090,0.75214,03.8359
2026-05-27T08:25:45.294704,127.0,05.1090,0.75004,03.8252
2026-05-27T08:25:46.312108,128.0,05.0978,0.99523,05.0657
2026-05-27T08:25:47.287287,129.0,05.1088,1.05428,05.3768
2026-05-27T08:25:48.308404,130.0,05.1067,1.12640,05.7446
2026-05-27T08:25:49.328614,131.0,05.1096,1.10456,05.6332
2026-05-27T08:25:50.301949,132.0,05.1095,0.99028,05.0504
2026-05-27T08:25:51.324678,133.0,05.1053,1.00554,05.1282
2026-05-27T08:25:52.301273,134.0,05.1083,1.00500,05.1255
2026-05-27T08:25:53.322803,135.0,05.1122,1.04089,05.3189
2026-05-27T08:25:54.298840,136.0,05.1009,0.99441,05.0714
2026-05-27T08:25:55.323906,137.0,05.1070,1.10362,05.6284
2026-05-27T08:25:56.297334,138.0,05.1101,1.17961,06.0278
2026-05-27T08:25:57.317569,139.0,05.1081,0.75640,03.8576
2026-05-27T08:25:58.292053,140.0,05.1094,0.60624,03.0918
2026-05-27T08:25:59.312883,141.0,05.1026,1.00495,05.1252
2026-05-27T08:26:00.289273,142.0,05.1100,1.27616,06.5211
2026-05-27T08:26:01.312043,143.0,05.1028,1.03034,05.2547
2026-05-27T08:26:02.288411,144.0,05.1058,1.06529,05.4329
2026-05-27T08:26:03.308868,145.0,05.1109,1.13338,05.7915
2026-05-27T08:26:04.330150,146.0,05.1066,1.00533,05.1271
2026-05-27T08:26:05.303118,147.0,05.1061,1.05444,05.3776
2026-05-27T08:26:06.326980,148.0,05.1073,1.11938,05.7088
2026-05-27T08:26:07.301899,149.0,05.1083,1.00528,05.1269
2026-05-27T08:26:08.324316,150.0,05.1122,1.09042,05.5720
2026-05-27T08:26:09.298621,151.0,05.1023,1.50236,07.6620
2026-05-27T08:26:10.317901,152.0,05.1078,0.77232,03.9388
2026-05-27T08:26:11.291714,153.0,05.1081,0.76592,03.9061
2026-05-27T08:26:12.311637,154.0,05.1097,1.01281,05.1653
2026-05-27T08:26:13.330292,155.0,05.1133,1.15659,05.9101
2026-05-27T08:26:14.303240,156.0,05.1077,1.07448,05.4798
2026-05-27T08:26:15.321647,157.0,05.1034,0.99610,05.0801
2026-05-27T08:26:16.294492,158.0,05.1051,1.05205,05.3654
2026-05-27T08:26:17.313134,159.0,05.1114,1.08562,05.5475
2026-05-27T08:26:18.335020,160.0,05.1059,1.13325,05.7795
2026-05-27T08:26:19.310052,161.0,05.1050,1.03034,05.2547
2026-05-27T08:26:20.329944,162.0,05.1116,1.03871,05.3078
2026-05-27T08:26:21.304433,163.0,05.1145,1.08140,05.5259
2026-05-27T08:26:22.321225,164.0,05.1033,1.25990,06.4254
2026-05-27T08:26:23.293247,165.0,05.1081,0.77173,03.9358
2026-05-27T08:26:24.313080,166.0,05.1090,0.71367,03.6397
2026-05-27T08:26:25.332625,167.0,05.1055,1.13481,05.7875
2026-05-27T08:26:26.307770,168.0,05.1053,1.03792,05.2933
2026-05-27T08:26:27.328583,169.0,05.1031,1.15762,05.9038
2026-05-27T08:26:28.301820,170.0,05.1086,1.06853,05.4495
2026-05-27T08:26:29.318996,171.0,05.1108,1.18300,06.0451
2026-05-27T08:26:30.337980,172.0,05.1103,1.16073,05.9313
2026-05-27T08:26:31.313989,173.0,05.1095,1.04946,05.3522
2026-05-27T08:26:32.335751,174.0,05.1059,1.28524,06.5547
2026-05-27T08:26:33.308601,175.0,05.1091,1.06385,05.4256
2026-05-27T08:26:34.330484,176.0,05.1087,1.08643,05.5407
2026-05-27T08:26:35.305055,177.0,05.1126,1.16109,05.9331
2026-05-27T08:26:36.323131,178.0,05.1067,0.77010,03.9275
2026-05-27T08:26:37.338608,179.0,05.1067,0.76741,03.9137
2026-05-27T08:26:38.311688,180.0,05.1111,1.02126,05.2186
2026-05-27T08:26:39.331236,181.0,05.1051,1.11655,05.6944
2026-05-27T08:26:40.304038,182.0,05.1116,1.12976,05.7730
2026-05-27T08:26:41.322610,183.0,05.1131,1.07464,05.4914
2026-05-27T08:26:42.298766,184.0,05.1114,1.09461,05.5934
2026-05-27T08:26:43.317745,185.0,05.1100,1.05888,05.4108
2026-05-27T08:26:44.338929,186.0,05.1103,1.03153,05.2711
2026-05-27T08:26:45.313910,187.0,05.1078,1.02033,05.2036
2026-05-27T08:26:46.334342,188.0,05.1039,1.01882,05.1959
2026-05-27T08:26:47.310257,189.0,05.1077,1.01867,05.1952
2026-05-27T08:26:48.328915,190.0,05.1111,1.07356,05.4858
2026-05-27T08:26:49.300836,191.0,05.1097,0.76728,03.9131
2026-05-27T08:26:50.316312,192.0,05.1097,0.67322,03.4334
2026-05-27T08:26:51.335157,193.0,05.1114,1.02373,05.2312
2026-05-27T08:26:52.311190,194.0,05.1020,1.07250,05.4697
2026-05-27T08:26:53.331263,195.0,05.1123,1.17016,05.9795
2026-05-27T08:26:54.305191,196.0,05.1075,1.01335,05.1680
2026-05-27T08:26:55.324297,197.0,05.1106,1.12465,05.7469
2026-05-27T08:26:56.344577,198.0,05.1081,1.01596,05.1813
2026-05-27T08:26:57.321309,199.0,05.1014,1.00264,05.1134
2026-05-27T08:26:58.340819,200.0,05.1097,1.19133,06.0757
2026-05-27T08:26:59.315386,201.0,05.0973,1.04733,05.3309
2026-05-27T08:27:00.337926,202.0,05.1090,1.07442,05.4795
2026-05-27T08:27:01.314159,203.0,05.1131,1.04679,05.3490
2026-05-27T08:27:02.334378,204.0,05.1075,0.78191,03.9877
2026-05-27T08:27:03.307167,205.0,05.1091,0.76397,03.8962
2026-05-27T08:27:04.329278,206.0,05.1072,1.07365,05.4756
2026-05-27T08:27:05.301791,207.0,05.1061,1.01769,05.1902
2026-05-27T08:27:06.322048,208.0,05.1125,1.05922,05.4126
2026-05-27T08:27:07.341914,209.0,05.1026,1.01517,05.1773
2026-05-27T08:27:08.316654,210.0,05.1101,1.08342,05.5362
2026-05-27T08:27:09.338521,211.0,05.1089,1.11631,05.6931
2026-05-27T08:27:10.316259,212.0,05.1072,1.08471,05.5320
2026-05-27T08:27:11.335581,213.0,05.1075,1.09039,05.5609
2026-05-27T08:27:12.312879,214.0,05.1111,1.06407,05.4373
2026-05-27T08:27:13.334227,215.0,05.1086,1.04100,05.3091
2026-05-27T08:27:14.308414,216.0,05.1083,1.27176,06.4859
2026-05-27T08:27:15.329811,217.0,05.1092,0.76689,03.9111
2026-05-27T08:27:16.348283,218.0,05.1081,0.63997,03.2638
2026-05-27T08:27:17.321923,219.0,05.1025,1.04381,05.3234
2026-05-27T08:27:18.341423,220.0,05.1075,1.10655,05.6434
2026-05-27T08:27:19.316549,221.0,05.1073,1.11012,05.6616
2026-05-27T08:27:20.337611,222.0,05.1033,1.02436,05.2242
2026-05-27T08:27:21.311050,223.0,05.1036,1.06964,05.4551
2026-05-27T08:27:22.330579,224.0,05.1074,1.03556,05.2813
2026-05-27T08:27:23.305758,225.0,05.1098,1.15921,05.9119
2026-05-27T08:27:24.326094,226.0,05.1048,1.17726,06.0040
2026-05-27T08:27:25.347594,227.0,05.1069,1.07131,05.4636
2026-05-27T08:27:26.320517,228.0,05.1047,1.06075,05.4098
2026-05-27T08:27:27.340694,229.0,05.1050,1.23211,06.2837
2026-05-27T08:27:28.313962,230.0,05.1051,0.76901,03.9219
2026-05-27T08:27:29.334168,231.0,05.1073,0.76520,03.9025
2026-05-27T08:27:30.307421,232.0,05.1051,1.09609,05.5900
2026-05-27T08:27:31.327200,233.0,05.1061,1.04143,05.3112
2026-05-27T08:27:32.346125,234.0,05.1053,1.15564,05.8937
2026-05-27T08:27:33.319517,235.1,05.1069,1.07283,05.4714
2026-05-27T08:27:34.339533,236.1,05.1133,1.01190,05.1708
2026-05-27T08:27:35.312504,237.1,05.1056,1.05585,05.3848
2026-05-27T08:27:36.330579,238.1,05.1083,1.16957,05.9648
2026-05-27T08:27:37.348193,239.1,05.1106,1.05199,05.3756
2026-05-27T08:27:38.324339,240.1,05.1062,1.08526,05.5348
2026-05-27T08:27:39.346377,241.1,05.1051,1.08301,05.5233
2026-05-27T08:27:40.318922,242.1,05.1044,1.21960,06.2199
2026-05-27T08:27:41.336729,243.1,05.1028,0.76989,03.9264
2026-05-27T08:27:42.351964,244.1,05.1084,0.61714,03.1474
2026-05-27T08:27:43.322889,245.1,05.1059,1.05683,05.3898
2026-05-27T08:27:44.343491,246.1,05.1080,1.13745,05.8009
2026-05-27T08:27:45.319195,247.1,05.1109,1.04661,05.3481
2026-05-27T08:27:46.339266,248.1,05.1092,1.20576,06.1493
2026-05-27T08:27:47.313484,249.1,05.1081,1.21975,06.2207
2026-05-27T08:27:48.331237,250.1,05.0906,1.16466,05.9281
2026-05-27T08:27:49.351963,251.1,05.1076,1.03745,05.2909
2026-05-27T08:27:50.328163,252.1,05.1086,1.01527,05.1778
2026-05-27T08:27:51.348700,253.1,05.1059,1.09509,05.5849
2026-05-27T08:27:52.322599,254.1,05.1056,1.05780,05.3947
2026-05-27T08:27:53.339408,255.1,05.0937,1.50347,07.6526
2026-05-27T08:27:54.312604,256.1,05.1077,0.76885,03.9211
2026-05-27T08:27:55.328800,257.1,05.1072,0.75549,03.8529
2026-05-27T08:27:56.348082,258.1,05.1084,1.05939,05.4028
2026-05-27T08:27:57.324902,259.1,05.1069,1.13745,05.8009
2026-05-27T08:27:58.345581,260.1,05.1080,1.09818,05.6007
2026-05-27T08:27:59.321158,261.1,05.1082,1.14578,05.8434
2026-05-27T08:28:00.345120,262.1,05.1036,1.16493,05.9411
2026-05-27T08:28:01.322243,263.1,05.1117,1.07123,05.4739
2026-05-27T08:28:02.344990,264.1,05.1059,1.00545,05.1277
2026-05-27T08:28:03.319005,265.1,05.1075,1.05636,05.3874
2026-05-27T08:28:04.339572,266.1,05.1008,1.04716,05.3405
2026-05-27T08:28:05.317995,267.1,05.1083,1.06344,05.4235
2026-05-27T08:28:06.338340,268.1,05.0969,1.37982,07.0232
2026-05-27T08:28:07.358767,269.1,05.1095,0.76518,03.9024
2026-05-27T08:28:08.330334,270.1,05.1089,0.61711,03.1472
2026-05-27T08:28:09.351780,271.1,05.0987,1.06346,05.4130
2026-05-27T08:28:10.324597,272.1,05.1089,1.19602,06.0997
2026-05-27T08:28:11.344464,273.1,05.1081,1.01155,05.1589
2026-05-27T08:28:12.316616,274.1,05.1067,1.05512,05.3811
2026-05-27T08:28:13.337924,275.1,05.1020,1.10917,05.6567
2026-05-27T08:28:14.358426,276.1,05.1086,1.15310,05.8808
2026-05-27T08:28:15.333456,277.1,05.1106,1.17864,06.0228
2026-05-27T08:28:16.354548,278.1,05.1083,1.07953,05.5056
2026-05-27T08:28:17.330682,279.1,05.1047,1.09653,05.5923
2026-05-27T08:28:18.353059,280.1,05.1042,1.16956,05.9647
2026-05-27T08:28:19.327858,281.1,05.1108,1.40452,07.1770
2026-05-27T08:28:20.350697,282.1,05.1053,0.76243,03.8883
2026-05-27T08:28:21.325455,283.1,05.1089,0.76283,03.8904
2026-05-27T08:28:22.348322,284.1,05.1092,1.06157,05.4140
2026-05-27T08:28:23.325155,285.1,05.1062,1.16663,05.9498
2026-05-27T08:28:24.343971,286.1,05.1081,1.22613,06.2532
2026-05-27T08:28:25.318634,287.1,05.1087,1.10221,05.6212
2026-05-27T08:28:26.337259,288.1,05.1137,1.31675,06.7285
2026-05-27T08:28:27.357669,289.1,05.1036,1.14003,05.8141
2026-05-27T08:28:28.331713,290.1,05.1073,1.11193,05.6708
2026-05-27T08:28:29.351934,291.1,05.1066,1.25042,06.3771
2026-05-27T08:28:30.325651,292.1,05.1128,1.03102,05.2685
2026-05-27T08:28:31.343955,293.1,05.1125,1.05862,05.4095
2026-05-27T08:28:32.363857,294.1,05.1025,1.16686,05.9509
2026-05-27T08:28:33.334757,295.1,05.1098,0.77078,03.9309
2026-05-27T08:28:34.350516,296.1,05.1077,0.71307,03.6366
2026-05-27T08:28:35.324700,297.1,05.1031,1.21577,06.2004
2026-05-27T08:28:36.346702,298.1,05.1068,1.10844,05.6530
2026-05-27T08:28:37.320452,299.1,05.1155,1.11193,05.6819
2026-05-27T08:28:38.337026,300.1,05.1095,1.12955,05.7607
2026-05-27T08:28:39.354658,301.1,05.1053,1.01668,05.1850
2026-05-27T08:28:40.327317,302.1,05.1014,1.09393,05.5790
2026-05-27T08:28:41.345569,303.1,05.1105,1.13282,05.7887
2026-05-27T08:28:42.365715,304.1,05.1148,1.05288,05.3802
2026-05-27T08:28:43.340863,305.1,05.1084,1.06281,05.4203
2026-05-27T08:28:44.362206,306.1,05.1039,1.04317,05.3201
2026-05-27T08:28:45.332751,307.1,05.1112,1.25177,06.3965
2026-05-27T08:28:46.349271,308.1,05.1087,0.76841,03.9188
2026-05-27T08:28:47.364516,309.1,05.1087,0.76585,03.9058
2026-05-27T08:28:48.337723,310.1,05.1087,1.12864,05.7560
2026-05-27T08:28:49.355446,311.1,05.1166,1.03923,05.3104
2026-05-27T08:28:50.329431,312.1,05.1114,1.13308,05.7900
2026-05-27T08:28:51.347401,313.1,05.1136,1.02012,05.2128
2026-05-27T08:28:52.366403,314.1,05.1026,1.08418,05.5293
2026-05-27T08:28:53.343560,315.1,05.1073,1.18359,06.0363
2026-05-27T08:28:54.363973,316.1,05.1105,1.12624,05.7550
2026-05-27T08:28:55.341945,317.1,05.1078,1.23563,06.3017
2026-05-27T08:28:56.360959,318.1,05.1051,1.07892,05.5024
2026-05-27T08:28:57.335591,319.1,05.1097,1.09642,05.5917
2026-05-27T08:28:58.356387,320.1,05.1214,1.38858,07.1095
2026-05-27T08:28:59.330833,321.1,05.1091,0.80584,04.1097
2026-05-27T08:29:00.350761,322.1,05.1108,0.61762,03.1560
2026-05-27T08:29:01.369667,323.1,05.1087,1.03719,05.2896
2026-05-27T08:29:02.344796,324.1,05.1083,0.97754,04.9854
2026-05-27T08:29:03.365519,325.1,05.0992,1.11556,05.6782
2026-05-27T08:29:04.339594,326.1,05.1112,1.29035,06.5936
2026-05-27T08:29:05.360108,327.1,05.1076,1.06541,05.4335
2026-05-27T08:29:06.336625,328.1,05.1086,1.12000,05.7120
2026-05-27T08:29:07.357328,329.1,05.1020,0.99781,05.0888
2026-05-27T08:29:08.331435,330.1,05.0981,1.02842,05.2346
2026-05-27T08:29:09.353392,331.1,05.1070,1.17918,06.0138
2026-05-27T08:29:10.328895,332.1,05.1019,1.02766,05.2410
2026-05-27T08:29:11.352906,333.1,05.1087,1.22737,06.2595
2026-05-27T08:29:12.374104,334.1,05.1078,0.79459,04.0524
2026-05-27T08:29:13.347673,335.1,05.1080,0.76650,03.9091
2026-05-27T08:29:14.371715,336.1,05.1044,1.07570,05.4860
2026-05-27T08:29:15.346999,337.1,05.1086,1.13030,05.7645
2026-05-27T08:29:16.369338,338.1,05.1092,1.21617,06.2024
2026-05-27T08:29:17.348875,339.1,05.1045,1.13020,05.7640
2026-05-27T08:29:18.371580,340.1,05.1103,1.16606,05.9585
2026-05-27T08:29:19.351232,341.1,05.1142,1.03039,05.2652
2026-05-27T08:29:20.372438,342.1,05.1095,1.02910,05.2484
2026-05-27T08:29:21.347702,343.1,05.0981,1.05928,05.3917
2026-05-27T08:29:22.369270,344.1,05.1051,0.99957,05.0978
2026-05-27T08:29:23.345869,345.1,05.1066,1.12573,05.7412
2026-05-27T08:29:24.368738,346.1,05.0901,1.53377,07.8068
2026-05-27T08:29:25.344481,347.1,05.1083,0.76945,03.9241
2026-05-27T08:29:26.364507,348.1,05.1070,0.63806,03.2541
2026-05-27T08:29:27.341881,349.1,05.1074,1.10092,05.6146
2026-05-27T08:29:28.364424,350.1,05.1070,1.04826,05.3461
2026-05-27T08:29:29.339764,351.1,05.1153,1.11323,05.6886
2026-05-27T08:29:30.360267,352.1,05.1031,1.10257,05.6231
2026-05-27T08:29:31.333189,353.1,05.1106,1.22006,06.2345
2026-05-27T08:29:32.352549,354.1,05.1081,1.06655,05.4394
2026-05-27T08:29:33.371717,355.1,05.1136,1.08731,05.5561
2026-05-27T08:29:34.348189,356.1,05.1126,1.06710,05.4528
2026-05-27T08:29:35.370148,357.1,05.1058,1.14415,05.8351
2026-05-27T08:29:36.344873,358.1,05.1103,1.14765,05.8644
2026-05-27T08:29:37.362578,359.1,05.1097,1.15613,05.8962
2026-05-27T08:29:38.335238,360.1,05.1111,0.76837,03.9263
2026-05-27T08:29:39.352969,361.1,05.1090,0.76634,03.9083
2026-05-27T08:29:40.370896,362.1,05.1070,1.07773,05.4964
2026-05-27T08:29:41.345926,363.1,05.1047,1.21323,06.1874
2026-05-27T08:29:42.366089,364.1,05.0973,1.05832,05.3868
2026-05-27T08:29:43.341204,365.1,05.1094,1.09799,05.5997
2026-05-27T08:29:44.363704,366.1,05.1112,1.15159,05.8846
2026-05-27T08:29:45.337820,367.1,05.1112,1.04752,05.3528
2026-05-27T08:29:46.360176,368.1,05.1080,1.10688,05.6450
2026-05-27T08:29:47.380171,369.1,05.1095,1.00726,05.1370
2026-05-27T08:29:48.355811,370.1,05.1092,1.03759,05.2917
2026-05-27T08:29:49.376863,371.1,05.1058,1.06986,05.4562
2026-05-27T08:29:50.350487,372.1,05.1114,1.30596,06.6734
2026-05-27T08:29:51.370206,373.1,05.1075,0.77273,03.9409
2026-05-27T08:29:52.342600,374.1,05.1085,0.67052,03.4196
2026-05-27T08:29:53.364840,375.1,05.1078,1.02453,05.2251
2026-05-27T08:29:54.340425,376.1,05.1022,1.17410,05.9879
2026-05-27T08:29:55.361318,377.1,05.1095,1.19619,06.1005
2026-05-27T08:29:56.382043,378.1,05.1148,1.03801,05.3042
2026-05-27T08:29:57.356774,379.1,05.1117,1.21912,06.2297
2026-05-27T08:29:58.376674,380.1,05.1084,1.03872,05.2974
2026-05-27T08:29:59.352388,381.1,05.1158,1.19753,06.1193
2026-05-27T08:30:00.372229,382.1,05.1080,1.13585,05.7928
2026-05-27T08:30:01.347018,383.1,05.1151,1.03511,05.2894
2026-05-27T08:30:02.364878,384.1,05.1023,1.02135,05.2088
2026-05-27T08:30:03.384644,385.1,05.1084,1.27356,06.4951
2026-05-27T08:30:04.358224,386.1,05.1116,0.79456,04.0602
2026-05-27T08:30:05.374009,387.1,05.1081,0.76340,03.8933
2026-05-27T08:30:06.347933,388.1,05.1051,1.19225,06.0804
2026-05-27T08:30:07.369442,389.1,05.1037,1.10821,05.6518
2026-05-27T08:30:08.342685,390.1,05.0976,0.95312,04.8513
2026-05-27T08:30:09.365130,391.1,05.1078,1.06406,05.4267
2026-05-27T08:30:10.385526,392.1,05.1036,1.12053,05.7147
2026-05-27T08:30:11.361875,393.1,05.1100,1.15117,05.8824
2026-05-27T08:30:12.384284,394.1,05.1017,1.10845,05.6530
2026-05-27T08:30:13.359102,395.1,05.1028,1.04602,05.3347
2026-05-27T08:30:14.381432,396.1,05.1070,1.14201,05.8242
2026-05-27T08:30:15.356586,397.1,05.1123,1.09210,05.5806
2026-05-27T08:30:16.378943,398.1,05.1084,1.39132,07.0957
2026-05-27T08:30:17.355694,399.1,05.1144,0.76762,03.9225
2026-05-27T08:30:18.375908,400.1,05.1068,0.76605,03.9068
2026-05-27T08:30:19.350639,401.1,05.1116,1.03393,05.2833
2026-05-27T08:30:20.374526,402.1,05.1062,1.09891,05.6044
2026-05-27T08:30:21.351850,403.1,05.1014,1.02441,05.2244
2026-05-27T08:30:22.376499,404.1,05.1134,0.99390,05.0788
2026-05-27T08:30:23.356110,405.1,05.1077,1.14923,05.8610
2026-05-27T08:30:24.380446,406.1,05.1134,1.13479,05.7987
2026-05-27T08:30:25.355109,407.1,05.1105,1.07055,05.4705
2026-05-27T08:30:26.375835,408.1,05.1133,1.10852,05.6645
2026-05-27T08:30:27.350503,409.1,05.1089,1.10004,05.6102
2026-05-27T08:30:28.372640,410.1,05.1056,1.20372,06.1389
2026-05-27T08:30:29.346941,411.1,05.0872,1.13014,05.7411
2026-05-27T08:30:30.370243,412.1,05.1089,0.82664,04.2158
2026-05-27T08:30:31.388172,413.1,05.1089,0.76629,03.9080
2026-05-27T08:30:32.366523,414.1,05.1084,1.17645,05.9998
2026-05-27T08:30:33.387386,415.1,05.0967,1.14393,05.8226
2026-05-27T08:30:34.360692,416.1,05.1034,1.08710,05.5442
2026-05-27T08:30:35.382072,417.1,05.1020,1.03389,05.2728
2026-05-27T08:30:36.355587,418.1,05.1026,1.08708,05.5441
2026-05-27T08:30:37.375124,419.1,05.1050,1.04435,05.3261
2026-05-27T08:30:38.351430,420.1,05.1097,1.15015,05.8657
2026-05-27T08:30:39.371969,421.1,05.1069,1.06641,05.4386
2026-05-27T08:30:40.392253,422.1,05.1112,1.17262,05.9920
2026-05-27T08:30:41.364474,423.1,05.1098,1.03465,05.2767
2026-05-27T08:30:42.383431,424.1,05.1119,1.19639,06.1135
2026-05-27T08:30:43.356563,425.1,05.1020,0.76808,03.9172
2026-05-27T08:30:44.374205,426.1,05.1074,0.67039,03.4189
2026-05-27T08:30:45.393689,427.1,05.1071,1.05550,05.3830
2026-05-27T08:30:46.369200,428.1,05.1092,1.21577,06.2004
2026-05-27T08:30:47.390132,429.1,05.1050,1.13553,05.7912
2026-05-27T08:30:48.365182,430.1,05.1112,1.18962,06.0789
2026-05-27T08:30:49.383715,431.1,05.1061,1.10292,05.6248
2026-05-27T08:30:50.359326,432.1,05.1114,1.18741,06.0676
2026-05-27T08:30:51.382210,433.1,05.1064,1.06462,05.4295
2026-05-27T08:30:52.359919,434.1,05.1119,1.16306,05.9432
2026-05-27T08:30:53.384046,435.1,05.1123,1.09014,05.5706
2026-05-27T08:30:54.360336,436.1,05.1047,1.16566,05.9448
2026-05-27T08:30:55.379397,437.1,05.1181,1.15798,05.9172
2026-05-27T08:30:56.352798,438.1,05.1091,0.77159,03.9351
2026-05-27T08:30:57.371075,439.1,05.1083,0.76857,03.9197
2026-05-27T08:30:58.391071,440.1,05.1025,1.04340,05.3213
2026-05-27T08:30:59.367007,441.1,05.1097,1.05942,05.4030
2026-05-27T08:31:00.391891,442.1,05.1070,1.09430,05.5809
2026-05-27T08:31:01.370012,443.1,05.0942,1.09195,05.5580
2026-05-27T08:31:02.392717,444.1,05.1088,1.06110,05.4116
2026-05-27T08:31:03.367212,445.1,05.1134,1.16149,05.9352
2026-05-27T08:31:04.387385,446.1,05.1056,1.11361,05.6794
2026-05-27T08:31:05.360526,447.1,05.1112,1.03727,05.3004
2026-05-27T08:31:06.377743,448.1,05.1122,1.03569,05.2923
2026-05-27T08:31:07.397180,449.1,05.1017,1.08771,05.5473
2026-05-27T08:31:08.372385,450.1,05.1233,1.41909,07.2657
2026-05-27T08:31:09.390709,451.1,05.1081,0.76780,03.9157
2026-05-27T08:31:10.361656,452.1,05.1068,0.72146,03.6794
2026-05-27T08:31:11.379685,453.1,05.1097,1.18672,06.0522
2026-05-27T08:31:12.399851,454.1,05.1089,1.10812,05.6514
2026-05-27T08:31:13.375647,455.1,05.1166,1.02758,05.2509
2026-05-27T08:31:14.397317,456.1,05.1114,1.19061,06.0840
2026-05-27T08:31:15.373326,457.1,05.1084,1.15875,05.9096
2026-05-27T08:31:16.396046,458.1,05.1006,1.08805,05.5490
2026-05-27T08:31:17.371903,459.1,05.1139,1.11408,05.6929
2026-05-27T08:31:18.393529,460.1,05.1116,1.06130,05.4232
2026-05-27T08:31:19.367195,461.1,05.1081,1.06835,05.4485
2026-05-27T08:31:20.391311,462.1,05.1089,1.10487,05.6348
2026-05-27T08:31:21.367999,463.1,05.1100,1.12922,05.7703
2026-05-27T08:31:22.388250,464.1,05.1106,0.77161,03.9429
2026-05-27T08:31:23.362793,465.1,05.1073,0.76950,03.9244
2026-05-27T08:31:24.385881,466.1,05.1045,1.07752,05.4953
2026-05-27T08:31:25.364881,467.1,05.1100,1.06484,05.4413
2026-05-27T08:31:26.388714,468.1,05.1042,1.09297,05.5741
2026-05-27T08:31:27.366632,469.1,05.1156,1.04010,05.3149
2026-05-27T08:31:28.389427,470.1,05.1039,1.04013,05.3046
2026-05-27T08:31:29.366327,471.1,05.0892,1.17584,05.9732
2026-05-27T08:31:30.389400,472.1,05.1076,1.08812,05.5494
2026-05-27T08:31:31.363317,473.1,05.1123,0.99878,05.1037
2026-05-27T08:31:32.386501,474.1,05.0992,1.04719,05.3301
2026-05-27T08:31:33.361468,475.1,05.1076,1.15663,05.8988
2026-05-27T08:31:34.384671,476.1,05.0973,1.34218,06.8316
2026-05-27T08:31:35.362132,477.1,05.1084,0.76744,03.9139
2026-05-27T08:31:36.384593,478.1,05.1078,0.76722,03.9128
2026-05-27T08:31:37.361311,479.1,05.1097,1.11924,05.7081
2026-05-27T08:31:38.384174,480.1,05.0898,1.07418,05.4568
2026-05-27T08:31:39.403704,481.1,05.0966,1.03924,05.2897
2026-05-27T08:31:40.377454,482.1,05.1133,1.16760,05.9664
2026-05-27T08:31:41.397656,483.1,05.1166,1.15415,05.8977
2026-05-27T08:31:42.374872,484.1,05.1092,1.02985,05.2522
2026-05-27T08:31:43.393419,485.1,05.1076,1.12859,05.7558
2026-05-27T08:31:44.366130,486.1,05.1045,1.03064,05.2562
2026-05-27T08:31:45.387919,487.1,05.1089,1.08082,05.5121
2026-05-27T08:31:46.407681,488.1,05.1026,1.06302,05.4214
2026-05-27T08:31:47.381827,489.1,05.1061,1.22400,06.2424
2026-05-27T08:31:48.400905,490.1,05.1100,0.76836,03.9263
2026-05-27T08:31:49.371460,491.1,05.1100,0.76701,03.9194
2026-05-27T08:31:50.389273,492.1,05.1100,1.07686,05.5027
2026-05-27T08:31:51.364507,493.1,05.1098,1.07887,05.5022
2026-05-27T08:31:52.381698,494.1,05.1089,0.99872,05.0934
2026-05-27T08:31:53.403278,495.1,05.0962,1.07474,05.4704
2026-05-27T08:31:54.377502,496.1,05.0969,1.03759,05.2813
2026-05-27T08:31:55.397310,497.1,05.0986,1.10396,05.6191
2026-05-27T08:31:56.372450,498.1,05.1114,1.24429,06.3583
2026-05-27T08:31:57.394461,499.1,05.1105,1.05230,05.3772
2026-05-27T08:31:58.369797,500.1,05.1061,1.03996,05.3037
2026-05-27T08:31:59.390109,501.1,05.1147,1.18808,06.0710
2026-05-27T08:32:00.409050,502.1,05.1089,1.19266,06.0825
2026-05-27T08:32:01.381253,503.1,05.1130,0.76759,03.9223
2026-05-27T08:32:02.398909,504.1,05.1088,0.74166,03.7824
2026-05-27T08:32:03.373667,505.1,05.1085,1.16356,05.9341
2026-05-27T08:32:04.398088,506.1,05.1075,1.07384,05.4765
2026-05-27T08:32:05.372916,507.1,05.1097,1.15969,05.9144
2026-05-27T08:32:06.392571,508.1,05.0931,1.03236,05.2547
2026-05-27T08:32:07.413181,509.1,05.1062,1.31193,06.6908
2026-05-27T08:32:08.388386,510.1,05.0972,1.02506,05.2175
2026-05-27T08:32:09.410098,511.1,05.1133,1.02532,05.2393
2026-05-27T08:32:10.385590,512.1,05.1085,1.13183,05.7723
2026-05-27T08:32:11.407315,513.1,05.1070,1.06009,05.4064
2026-05-27T08:32:12.380135,514.1,05.1072,1.13286,05.7775
2026-05-27T08:32:13.399131,515.1,05.0869,1.18960,06.0431
2026-05-27T08:32:14.371135,516.1,05.1045,0.76554,03.9042
2026-05-27T08:32:15.388063,517.1,05.1082,0.76575,03.9053
2026-05-27T08:32:16.404158,518.1,05.1120,1.10881,05.6660
2026-05-27T08:32:17.378872,519.1,05.1128,1.12908,05.7695
2026-05-27T08:32:18.397363,520.1,05.0912,1.28308,06.5308
2026-05-27T08:32:19.372305,521.1,05.1091,1.06455,05.4292
2026-05-27T08:32:20.394224,522.1,05.1144,1.22297,06.2493
2026-05-27T08:32:21.412824,523.1,05.1095,1.09608,05.5900
2026-05-27T08:32:22.388539,524.1,05.1150,1.03009,05.2637
2026-05-27T08:32:23.407637,525.1,05.1126,1.03341,05.2807
2026-05-27T08:32:24.383083,526.1,05.1089,1.12961,05.7610
2026-05-27T08:32:25.401692,527.1,05.1102,1.14926,05.8727
2026-05-27T08:32:26.375187,528.1,05.1061,1.33477,06.8073
2026-05-27T08:32:27.394551,529.1,05.1066,0.77123,03.9332
2026-05-27T08:32:28.410932,530.1,05.1066,0.71046,03.6233
2026-05-27T08:32:29.383392,531.1,05.1106,1.08368,05.5376
2026-05-27T08:32:30.402566,532.1,05.1059,1.11797,05.7016
2026-05-27T08:32:31.373277,533.1,05.1095,1.13321,05.7793
2026-05-27T08:32:32.389938,534.1,05.1077,1.01938,05.1988
2026-05-27T08:32:33.406577,535.1,05.1055,1.07926,05.5042
2026-05-27T08:32:34.378812,536.1,05.1011,1.07336,05.4741
2026-05-27T08:32:35.395303,537.1,05.1130,1.04320,05.3307
2026-05-27T08:32:36.412254,538.1,05.1044,1.08519,05.5344
2026-05-27T08:32:37.382301,539.1,05.1034,1.10244,05.6224
2026-05-27T08:32:38.400642,540.1,05.1069,1.09251,05.5718
2026-05-27T08:32:39.418742,541.1,05.1031,1.16740,05.9537
2026-05-27T08:32:40.390085,542.1,05.1080,0.77191,03.9367
2026-05-27T08:32:41.406178,543.1,05.1072,0.76969,03.9254
2026-05-27T08:32:42.378452,544.1,05.0998,1.11701,05.6855
2026-05-27T08:32:43.399056,545.1,05.1037,1.03549,05.2809
2026-05-27T08:32:44.418260,546.1,05.1062,1.00088,05.1044
2026-05-27T08:32:45.394965,547.1,05.1098,1.11382,05.6804
2026-05-27T08:32:46.414281,548.1,05.1116,1.13208,05.7849
2026-05-27T08:32:47.387826,549.1,05.1116,1.04042,05.3165
2026-05-27T08:32:48.405769,550.1,05.1155,1.20038,06.1339
2026-05-27T08:32:49.380660,551.1,05.1136,1.04770,05.3537
2026-05-27T08:32:50.399304,552.1,05.1039,1.08099,05.5130
2026-05-27T08:32:51.420083,553.1,05.0995,1.09289,05.5628
2026-05-27T08:32:52.392022,554.1,05.1095,1.24830,06.3663
2026-05-27T08:32:53.413011,555.1,05.1117,0.77029,03.9361
2026-05-27T08:32:54.384171,556.1,05.1097,0.76898,03.9217
2026-05-27T08:32:55.402682,557.1,05.1067,1.14004,05.8142
2026-05-27T08:32:56.424693,558.1,05.1144,1.06125,05.4229
2026-05-27T08:32:57.398917,559.1,05.1137,1.16796,05.9682
2026-05-27T08:32:58.418920,560.1,05.1006,1.07883,05.5020
2026-05-27T08:32:59.392731,561.1,05.1134,1.11885,05.7173
2026-05-27T08:33:00.410980,562.1,05.0987,1.14049,05.8050
2026-05-27T08:33:01.388256,563.1,05.1094,1.00681,05.1347
2026-05-27T08:33:02.408004,564.1,05.1050,1.09303,05.5744
2026-05-27T08:33:03.383219,565.1,05.1120,1.13190,05.7840
2026-05-27T08:33:04.402281,566.1,05.1065,1.28207,06.5385
2026-05-27T08:33:05.418380,567.1,05.0970,1.21836,06.2014
2026-05-27T08:33:06.390263,568.1,05.1101,0.76973,03.9333
2026-05-27T08:33:07.406252,569.1,05.1062,0.76871,03.9204
2026-05-27T08:33:08.424333,570.1,05.1095,1.17237,05.9790
2026-05-27T08:33:09.398386,571.1,05.1001,1.09312,05.5749
2026-05-27T08:33:10.417566,572.1,05.1098,1.06334,05.4230
2026-05-27T08:33:11.390782,573.1,05.1122,1.21394,06.2032
2026-05-27T08:33:12.412550,574.1,05.1164,1.18211,06.0405
2026-05-27T08:33:13.384888,575.1,05.0986,1.19240,06.0693
2026-05-27T08:33:14.404052,576.1,05.1072,1.12355,05.7301
2026-05-27T08:33:15.423624,577.1,05.1117,1.08237,05.5309
2026-05-27T08:33:16.397984,578.1,05.1170,1.18532,06.0569
2026-05-27T08:33:17.419091,579.1,05.1105,1.09737,05.6075
2026-05-27T08:33:18.394470,580.1,05.1084,1.14403,05.8345
2026-05-27T08:33:19.414336,581.1,05.1136,0.77015,03.9354
2026-05-27T08:33:20.385913,582.1,05.1082,0.63976,03.2627
2026-05-27T08:33:21.403266,583.1,05.1123,1.05678,05.4001
2026-05-27T08:33:22.423205,584.1,05.1112,1.19499,06.1063
2026-05-27T08:33:23.394722,585.1,05.1011,1.22905,06.2681
2026-05-27T08:33:24.414899,586.1,05.1142,1.04114,05.3202
2026-05-27T08:33:25.390875,587.1,05.1131,1.12440,05.7456
2026-05-27T08:33:26.410692,588.1,05.1090,1.07167,05.4655
2026-05-27T08:33:27.429179,589.1,05.1033,1.04757,05.3426
2026-05-27T08:33:28.400685,590.1,05.1093,1.21870,06.2153
2026-05-27T08:33:29.420371,591.1,05.1151,1.18873,06.0744
2026-05-27T08:33:30.391590,592.1,05.1100,1.12065,05.7265
2026-05-27T08:33:31.408810,593.1,05.1205,1.55858,07.9799
2026-05-27T08:33:32.428698,594.1,05.1086,0.77412,03.9480
2026-05-27T08:33:33.399666,595.1,05.1081,0.77119,03.9330
2026-05-27T08:33:34.417227,596.1,05.1097,1.13342,05.7804
2026-05-27T08:33:35.389192,597.1,05.0997,1.07122,05.4525
2026-05-27T08:33:36.406805,598.1,05.1136,1.07568,05.4967
2026-05-27T08:33:37.424211,599.1,05.1091,1.25334,06.3920
2026-05-27T08:33:38.397383,600.1,05.1067,1.13380,05.7823
2026-05-27T08:33:39.414970,601.1,05.1116,1.02561,05.2408
2026-05-27T08:33:40.432542,602.1,05.1003,1.16983,05.9661
2026-05-27T08:33:41.404434,603.1,05.1056,1.01551,05.1791
2026-05-27T08:33:42.421723,604.1,05.1059,1.17030,05.9685
2026-05-27T08:33:43.394193,605.1,05.0998,1.06461,05.4188
2026-05-27T08:33:44.413549,606.1,05.0969,1.12330,05.7175
2026-05-27T08:33:45.429330,607.1,05.1133,0.81331,04.1560
2026-05-27T08:33:46.401594,608.1,05.1093,0.68243,03.4803
2026-05-27T08:33:47.418535,609.1,05.1062,1.12089,05.7165
2026-05-27T08:33:48.391327,610.1,05.1095,1.12617,05.7434
2026-05-27T08:33:49.408659,611.1,05.1128,1.01619,05.1927
2026-05-27T08:33:50.425609,612.1,05.1008,0.99992,05.0995
2026-05-27T08:33:51.398706,613.1,05.1031,1.11736,05.6985
2026-05-27T08:33:52.417531,614.1,05.1059,1.16461,05.9395
2026-05-27T08:33:53.391701,615.1,05.1175,1.19064,06.0841
2026-05-27T08:33:54.411852,616.1,05.1159,1.10404,05.6416
2026-05-27T08:33:55.432518,617.1,05.1061,1.29971,06.6285
2026-05-27T08:33:56.406509,618.1,05.1055,1.19700,06.1047
2026-05-27T08:33:57.427675,619.1,05.1162,1.31791,06.7345
2026-05-27T08:33:58.401067,620.1,05.1112,0.77011,03.9352
2026-05-27T08:33:59.417097,621.1,05.1082,0.76902,03.9220
2026-05-27T08:34:00.436296,622.1,05.1123,1.08934,05.5665
2026-05-27T08:34:01.412061,623.1,05.1053,1.19839,06.1117
2026-05-27T08:34:02.433075,624.1,05.0976,1.02495,05.2169
2026-05-27T08:34:03.406494,625.1,05.1170,1.06813,05.4581
2026-05-27T08:34:04.425544,626.1,05.1055,1.09493,05.5841
2026-05-27T08:34:05.400126,627.1,05.1073,1.10282,05.6243
2026-05-27T08:34:06.420336,628.1,05.0973,1.33486,06.7944
2026-05-27T08:34:07.438259,629.1,05.0956,0.97921,04.9841
2026-05-27T08:34:08.412506,630.1,05.1017,1.10416,05.6312
2026-05-27T08:34:09.433063,631.1,05.1057,1.07222,05.4683
2026-05-27T08:34:10.404208,632.1,05.0992,1.22158,06.2178
2026-05-27T08:34:11.418817,633.1,05.1131,0.77116,03.9406
2026-05-27T08:34:12.435753,634.1,05.1083,0.71294,03.6359
2026-05-27T08:34:13.409039,635.1,05.1086,1.37774,07.0264
2026-05-27T08:34:14.427881,636.1,05.1126,1.06568,05.4456
2026-05-27T08:34:15.401739,637.1,05.1045,1.13928,05.8103
2026-05-27T08:34:16.422193,638.1,05.1026,1.05375,05.3741
2026-05-27T08:34:17.395257,639.1,05.1019,1.06197,05.4160
2026-05-27T08:34:18.413496,640.1,05.1120,1.13747,05.8124
2026-05-27T08:34:19.432580,641.1,05.1069,1.23282,06.2873
2026-05-27T08:34:20.402598,642.1,05.0975,1.37252,06.9861
2026-05-27T08:34:21.419933,643.1,05.1048,1.36177,06.9450
2026-05-27T08:34:22.439993,644.1,05.1041,1.23763,06.3119
2026-05-27T08:34:23.413773,645.1,05.1111,1.15918,05.9234
2026-05-27T08:34:24.434064,646.1,05.1081,0.77168,03.9355
2026-05-27T08:34:25.406102,647.1,05.1069,0.76970,03.9254
2026-05-27T08:34:26.422957,648.1,05.1126,1.23806,06.3264
2026-05-27T08:34:27.442624,649.1,05.1150,1.14211,05.8361
2026-05-27T08:34:28.415216,650.1,05.1205,1.02725,05.2595
2026-05-27T08:34:29.433870,651.1,05.0970,1.12185,05.7102
2026-05-27T08:34:30.409557,652.1,05.0953,1.10411,05.6199
2026-05-27T08:34:31.432338,653.1,05.1070,1.10806,05.6511
2026-05-27T08:34:32.406150,654.1,05.1081,1.24066,06.3273
2026-05-27T08:34:33.425713,655.1,05.1139,1.17463,06.0023
2026-05-27T08:34:34.398418,656.1,05.1117,1.13865,05.8185
2026-05-27T08:34:35.418133,657.1,05.0930,1.13741,05.7894
2026-05-27T08:34:36.435839,658.1,05.0959,1.22328,06.2264
2026-05-27T08:34:37.408339,659.1,05.1166,0.79958,04.0858
2026-05-27T08:34:38.424692,660.1,05.1078,0.76769,03.9152
2026-05-27T08:34:39.440926,661.1,05.1020,1.05583,05.3847
2026-05-27T08:34:40.415748,662.1,05.1125,1.05631,05.3977
2026-05-27T08:34:41.432590,663.1,05.1075,1.02627,05.2339
2026-05-27T08:34:42.404959,664.1,05.0986,1.30004,06.6172
2026-05-27T08:34:43.423141,665.1,05.0997,1.11331,05.6667
2026-05-27T08:34:44.443212,666.1,05.1069,1.16816,05.9576
2026-05-27T08:34:45.416269,667.1,05.1112,0.99503,05.0846
2026-05-27T08:34:46.436136,668.1,05.1131,1.04926,05.3617
2026-05-27T08:34:47.410169,669.1,05.1081,1.02808,05.2432
2026-05-27T08:34:48.431208,670.1,05.1044,1.22122,06.2282
2026-05-27T08:34:49.407600,671.1,05.0992,1.15228,05.8651
2026-05-27T08:34:50.426764,672.1,05.0930,0.89870,04.5743
2026-05-27T08:34:51.446688,673.1,05.1072,0.78455,04.0012
2026-05-27T08:34:52.420302,674.1,05.1041,1.35231,06.8967
2026-05-27T08:34:53.443131,675.1,05.1061,1.11142,05.6682
2026-05-27T08:34:54.417248,676.1,05.1136,1.08630,05.5509
2026-05-27T08:34:55.434113,677.1,05.0962,1.11117,05.6558
2026-05-27T08:34:56.407608,678.1,05.1066,1.19262,06.0823
2026-05-27T08:34:57.425020,679.1,05.1139,1.26875,06.4833
2026-05-27T08:34:58.448526,680.1,05.1142,1.08630,05.5509
2026-05-27T08:34:59.422871,681.1,05.1055,1.02653,05.2353
2026-05-27T08:35:00.442849,682.1,05.1117,1.08266,05.5323
2026-05-27T08:35:01.416477,683.1,05.1058,1.03963,05.3021
2026-05-27T08:35:02.436630,684.1,05.1114,1.25498,06.4129
2026-05-27T08:35:03.407075,685.1,05.1126,0.87600,04.4763
2026-05-27T08:35:04.423126,686.1,05.1057,0.76629,03.9080
2026-05-27T08:35:05.440192,687.1,05.1155,1.16327,05.9443
2026-05-27T08:35:06.414551,688.1,05.1106,1.25759,06.4262
2026-05-27T08:35:07.432955,689.1,05.1003,1.19265,06.0825
2026-05-27T08:35:08.409211,690.1,05.1119,1.11882,05.7171
2026-05-27T08:35:09.427950,691.2,05.1006,1.18096,06.0228
2026-05-27T08:35:10.445182,692.2,05.1012,1.16813,05.9574
2026-05-27T08:35:11.418424,693.2,05.1009,1.11859,05.7048
2026-05-27T08:35:12.440243,694.2,05.1045,1.13637,05.7954
2026-05-27T08:35:13.415374,695.2,05.1078,1.09447,05.5817
2026-05-27T08:35:14.434313,696.2,05.1072,1.20805,06.1610
2026-05-27T08:35:15.453385,697.2,05.1106,1.09229,05.5816
2026-05-27T08:35:16.428605,698.2,05.1187,0.77002,03.9348
2026-05-27T08:35:17.445400,699.2,05.1075,0.77006,03.9273
2026-05-27T08:35:18.419275,700.2,05.1097,1.38831,07.0803
2026-05-27T08:35:19.440269,701.2,05.1151,1.06940,05.4646
2026-05-27T08:35:20.416383,702.2,05.0998,0.96900,04.9322
2026-05-27T08:35:21.436173,703.2,05.1048,1.12094,05.7167
2026-05-27T08:35:22.412497,704.2,05.0980,1.08957,05.5459
2026-05-27T08:35:23.431278,705.2,05.1022,1.09648,05.5920
2026-05-27T08:35:24.452608,706.2,05.1105,1.16058,05.9305
2026-05-27T08:35:25.428781,707.2,05.1145,1.12001,05.7232
2026-05-27T08:35:26.449470,708.2,05.1056,1.28912,06.5745
2026-05-27T08:35:27.425525,709.2,05.1103,1.04046,05.3167
2026-05-27T08:35:28.447422,710.2,05.1291,1.28367,06.5723
2026-05-27T08:35:29.421388,711.2,05.1109,0.77053,03.9374
2026-05-27T08:35:30.438732,712.2,05.1078,0.72662,03.7057
2026-05-27T08:35:31.456756,713.2,05.1077,1.13627,05.7949
2026-05-27T08:35:32.432119,714.2,05.0991,1.44652,07.3627
2026-05-27T08:35:33.448463,715.2,05.1019,1.33906,06.8292
2026-05-27T08:35:34.421509,716.2,05.1091,1.07066,05.4603
2026-05-27T08:35:35.441080,717.2,05.1009,1.08296,05.5230
2026-05-27T08:35:36.415653,718.2,05.1051,1.20522,06.1466
2026-05-27T08:35:37.434586,719.2,05.1141,1.08455,05.5420
2026-05-27T08:35:38.452771,720.2,05.1139,1.14159,05.8335
2026-05-27T08:35:39.426913,721.2,05.0951,1.11851,05.6932
2026-05-27T08:35:40.446235,722.2,05.0986,1.27481,06.4887
2026-05-27T08:35:41.421553,723.2,05.1033,1.16672,05.9502
2026-05-27T08:35:42.439674,724.2,05.1055,0.84445,04.3066
2026-05-27T08:35:43.457917,725.2,05.1077,0.77309,03.9427
2026-05-27T08:35:44.429638,726.2,05.1139,1.05951,05.4140
2026-05-27T08:35:45.447676,727.2,05.1003,1.02656,05.2354
2026-05-27T08:35:46.420908,728.2,05.1081,1.11174,05.6698
2026-05-27T08:35:47.442586,729.2,05.1144,1.14517,05.8518
2026-05-27T08:35:48.415737,730.2,05.1089,1.33647,06.8159
2026-05-27T08:35:49.437335,731.2,05.1080,1.09458,05.5823
2026-05-27T08:35:50.457796,732.2,05.1031,1.08259,05.5212
2026-05-27T08:35:51.430646,733.2,05.1008,1.07083,05.4612
2026-05-27T08:35:52.450852,734.2,05.1020,1.08652,05.5412
2026-05-27T08:35:53.425383,735.2,05.1148,1.36287,06.9642
2026-05-27T08:35:54.445804,736.2,05.1030,1.33373,06.8020
2026-05-27T08:35:55.422299,737.2,05.1091,0.85465,04.3587
2026-05-27T08:35:56.441326,738.2,05.1073,0.76934,03.9236
2026-05-27T08:35:57.416971,739.2,05.0914,1.25999,06.4133
2026-05-27T08:35:58.440070,740.2,05.0991,1.03786,05.2827
2026-05-27T08:35:59.462225,741.2,05.1020,1.02518,05.2284
2026-05-27T08:36:00.437860,742.2,05.1011,1.23127,06.2794
2026-05-27T08:36:01.460243,743.2,05.1134,1.16648,05.9607
2026-05-27T08:36:02.433087,744.2,05.1003,1.09595,05.5893
2026-05-27T08:36:03.452208,745.2,05.1130,1.11836,05.7148
2026-05-27T08:36:04.429375,746.2,05.1142,1.06441,05.4391
2026-05-27T08:36:05.453888,747.2,05.1041,1.08127,05.5144
2026-05-27T08:36:06.427488,748.2,05.1111,1.17716,06.0152
2026-05-27T08:36:07.448425,749.2,05.1162,1.40720,07.1907
2026-05-27T08:36:08.421051,750.2,05.1080,0.98486,05.0227
2026-05-27T08:36:09.441469,751.2,05.1068,0.77044,03.9292
2026-05-27T08:36:10.456935,752.2,05.1065,1.05018,05.3559
2026-05-27T08:36:11.431397,753.2,05.1148,1.13916,05.8211
2026-05-27T08:36:12.452170,754.2,05.1070,0.97263,04.9604
2026-05-27T08:36:13.424202,755.2,05.1133,1.12219,05.7343
2026-05-27T08:36:14.443705,756.2,05.1123,1.27371,06.5086
2026-05-27T08:36:15.462619,757.2,05.1108,1.18326,06.0464
2026-05-27T08:36:16.436501,758.2,05.1153,1.13057,05.7772
2026-05-27T08:36:17.456128,759.2,05.1081,1.07899,05.5028
2026-05-27T08:36:18.431428,760.2,05.1197,1.10072,05.6246
2026-05-27T08:36:19.452839,761.2,05.1092,1.09623,05.5907
2026-05-27T08:36:20.426599,762.2,05.1108,1.47580,07.5413
2026-05-27T08:36:21.447760,763.2,05.1022,1.06941,05.4539
2026-05-27T08:36:22.422767,764.2,05.1090,0.77080,03.9310
2026-05-27T08:36:23.442324,765.2,05.1177,1.14129,05.8319
2026-05-27T08:36:24.461897,766.2,05.1000,1.27687,06.5120
2026-05-27T08:36:25.436760,767.2,05.1041,1.05503,05.3806
2026-05-27T08:36:26.458436,768.2,05.1142,1.06112,05.4223
2026-05-27T08:36:27.433692,769.2,05.1045,1.12188,05.7215
2026-05-27T08:36:28.455477,770.2,05.1125,1.15840,05.9194
2026-05-27T08:36:29.431266,771.2,05.1083,1.09368,05.5777
2026-05-27T08:36:30.454131,772.2,05.1069,1.23839,06.3157
2026-05-27T08:36:31.428254,773.2,05.0950,1.24789,06.3517
2026-05-27T08:36:32.449281,774.2,05.0951,1.21070,06.1624
2026-05-27T08:36:33.424004,775.2,05.1172,1.38673,07.0861
2026-05-27T08:36:34.443629,776.2,05.1128,1.12475,05.7474
2026-05-27T08:36:35.461425,777.2,05.1068,0.77164,03.9353
2026-05-27T08:36:36.435784,778.2,05.1100,1.14278,05.8396
2026-05-27T08:36:37.455469,779.2,05.0959,1.17131,05.9619
2026-05-27T08:36:38.431938,780.2,05.1045,1.07273,05.4709
2026-05-27T08:36:39.453841,781.2,05.1039,1.04805,05.3450
2026-05-27T08:36:40.428916,782.2,05.1097,1.40307,07.1556
2026-05-27T08:36:41.449741,783.2,05.1077,1.32372,06.7509
2026-05-27T08:36:42.426302,784.2,05.1042,1.35951,06.9335
2026-05-27T08:36:43.448409,785.2,05.1159,1.14162,05.8336
2026-05-27T08:36:44.425019,786.2,05.1097,1.05495,05.3802
2026-05-27T08:36:45.445764,787.2,05.1078,1.16477,05.9403
2026-05-27T08:36:46.467487,788.2,05.1020,1.28643,06.5607
2026-05-27T08:36:47.444727,789.2,05.1062,1.02917,05.2487
2026-05-27T08:36:48.464757,790.2,05.1077,0.77337,03.9441
2026-05-27T08:36:49.440436,791.2,05.1103,1.18736,06.0674
2026-05-27T08:36:50.462646,792.2,05.1089,1.11451,05.6840
2026-05-27T08:36:51.436557,793.2,05.0917,1.10029,05.6004
2026-05-27T08:36:52.459503,794.2,05.1083,1.16229,05.9276
2026-05-27T08:36:53.438129,795.2,05.1073,1.09910,05.6054
2026-05-27T08:36:54.461233,796.2,05.1075,1.21729,06.2081
2026-05-27T08:36:55.437258,797.2,05.1045,1.40264,07.1534
2026-05-27T08:36:56.458009,798.2,05.1070,1.16508,05.9419
2026-05-27T08:36:57.432799,799.2,05.0994,1.02187,05.2013
2026-05-27T08:36:58.455825,800.2,05.1094,1.05649,05.3880
2026-05-27T08:36:59.434055,801.2,05.1111,1.26711,06.4749
2026-05-27T08:37:00.454819,802.2,05.1130,0.77539,03.9622
2026-05-27T08:37:01.429323,803.2,05.1081,0.77344,03.9445
2026-05-27T08:37:02.451943,804.2,05.0976,1.04271,05.3073
2026-05-27T08:37:03.426962,805.2,05.0930,1.08747,05.5352
2026-05-27T08:37:04.449071,806.2,05.1086,1.24277,06.3381
2026-05-27T08:37:05.468745,807.2,05.1125,1.26529,06.4656
2026-05-27T08:37:06.442149,808.2,05.1045,1.17476,05.9912
2026-05-27T08:37:07.463577,809.2,05.1131,1.19948,06.1293
2026-05-27T08:37:08.438948,810.2,05.0958,1.18595,06.0364
2026-05-27T08:37:09.460135,811.2,05.1087,1.11696,05.6964
2026-05-27T08:37:10.432340,812.2,05.0997,1.31821,06.7096
2026-05-27T08:37:11.453281,813.2,05.1017,1.16476,05.9402
2026-05-27T08:37:12.472600,814.2,05.1045,1.26235,06.4379
2026-05-27T08:37:13.448689,815.2,05.1084,0.77596,03.9573
2026-05-27T08:37:14.466844,816.2,05.1083,0.70740,03.6077
2026-05-27T08:37:15.442714,817.2,05.1050,1.15841,05.9078
2026-05-27T08:37:16.464904,818.2,05.1045,1.11541,05.6885
2026-05-27T08:37:17.438065,819.2,05.1072,1.15557,05.8934
2026-05-27T08:37:18.458055,820.2,05.0962,1.34714,06.8569
2026-05-27T08:37:19.432676,821.2,05.1079,1.10292,05.6248
2026-05-27T08:37:20.451956,822.2,05.1150,1.09497,05.5952
2026-05-27T08:37:21.472744,823.2,05.1164,1.13453,05.7974
2026-05-27T08:37:22.448303,824.2,05.0986,1.21587,06.1887
2026-05-27T08:37:23.469978,825.2,05.1055,1.17829,06.0092
2026-05-27T08:37:24.445797,826.2,05.1023,1.04263,05.3174
2026-05-27T08:37:25.465844,827.2,05.1058,1.17485,05.9917
2026-05-27T08:37:26.439635,828.2,05.1030,0.77432,03.9490
2026-05-27T08:37:27.459022,829.2,05.1081,0.76182,03.8852
2026-05-27T08:37:28.433423,830.2,05.1082,1.22220,06.2332
2026-05-27T08:37:29.454752,831.2,05.1137,1.20272,06.1458
2026-05-27T08:37:30.473965,832.2,05.0976,1.00439,05.1123
2026-05-27T08:37:31.450809,833.2,05.1164,1.06632,05.4488
2026-05-27T08:37:32.474715,834.2,05.1050,1.10851,05.6534
2026-05-27T08:37:33.451207,835.2,05.0944,1.10688,05.6340
2026-05-27T08:37:34.476446,836.2,05.1053,1.13793,05.8034
2026-05-27T08:37:35.452515,837.2,05.1105,1.36547,06.9775
2026-05-27T08:37:36.472633,838.2,05.1141,1.29790,06.6322
2026-05-27T08:37:37.447697,839.2,05.1023,1.17377,05.9862
2026-05-27T08:37:38.467945,840.2,05.1063,1.43110,07.2986
2026-05-27T08:37:39.442999,841.2,05.1141,0.92646,04.7342
2026-05-27T08:37:40.465513,842.2,05.1070,0.77119,03.9330
2026-05-27T08:37:41.438428,843.2,05.1108,1.41077,07.2090
2026-05-27T08:37:42.460403,844.2,05.1083,1.18503,06.0436
2026-05-27T08:37:43.436730,845.2,05.1055,1.40003,07.1401
2026-05-27T08:37:44.459496,846.2,05.1012,1.23784,06.3129
2026-05-27T08:37:45.435597,847.2,05.1066,1.15741,05.9027
2026-05-27T08:37:46.456031,848.2,05.1101,1.04292,05.3293
2026-05-27T08:37:47.475798,849.2,05.1023,1.08033,05.5096
2026-05-27T08:37:48.452257,850.2,05.1089,1.14574,05.8432
2026-05-27T08:37:49.472387,851.2,05.1064,1.21766,06.2100
2026-05-27T08:37:50.445082,852.2,05.0923,1.23877,06.3053
2026-05-27T08:37:51.466855,853.2,05.1050,1.41451,07.2140
2026-05-27T08:37:52.442052,854.2,05.1145,0.83631,04.2735
2026-05-27T08:37:53.462404,855.2,05.1086,0.76931,03.9234
2026-05-27T08:37:54.436766,856.2,05.1084,1.08534,05.5352
2026-05-27T08:37:55.462303,857.2,05.1085,1.11891,05.7064
2026-05-27T08:37:56.437334,858.2,05.1039,0.97012,04.9476
2026-05-27T08:37:57.462673,859.2,05.1159,1.24936,06.3842
2026-05-27T08:37:58.482210,860.2,05.1116,1.19490,06.1059
2026-05-27T08:37:59.454574,861.2,05.0967,1.06126,05.4018
2026-05-27T08:38:00.474417,862.2,05.1195,1.14996,05.8762
2026-05-27T08:38:01.449509,863.2,05.1053,1.16514,05.9422
2026-05-27T08:38:02.470523,864.2,05.0989,1.32246,06.7313
2026-05-27T08:38:03.447108,865.2,05.1050,1.35402,06.9055
2026-05-27T08:38:04.466689,866.2,05.1069,1.55465,07.9287
2026-05-27T08:38:05.438521,867.2,05.1069,0.88626,04.5199
2026-05-27T08:38:06.458381,868.2,05.1074,0.73878,03.7677
2026-05-27T08:38:07.478980,869.2,05.1128,1.25417,06.4088
2026-05-27T08:38:08.451944,870.2,05.1039,1.28717,06.5645
2026-05-27T08:38:09.474422,871.2,05.1072,1.22552,06.2501
2026-05-27T08:38:10.446812,872.2,05.1061,1.12942,05.7600
2026-05-27T08:38:11.468699,873.2,05.1144,1.15306,05.8921
2026-05-27T08:38:12.443310,874.2,05.1056,1.10227,05.6215
2026-05-27T08:38:13.463533,875.2,05.1111,1.20979,06.1820
2026-05-27T08:38:14.441039,876.2,05.1097,1.12528,05.7389
2026-05-27T08:38:15.462935,877.2,05.0948,1.49595,07.6143
2026-05-27T08:38:16.482863,878.2,05.1051,1.15396,05.8851
2026-05-27T08:38:17.455935,879.2,05.1139,1.37135,07.0075
2026-05-27T08:38:18.479414,880.2,05.1144,0.98691,05.0431
2026-05-27T08:38:19.453818,881.2,05.1071,0.76718,03.9126
2026-05-27T08:38:20.472475,882.2,05.0976,1.10587,05.6288
2026-05-27T08:38:21.447732,883.2,05.0972,1.12239,05.7129
2026-05-27T08:38:22.467224,884.2,05.0995,1.24967,06.3608
2026-05-27T08:38:23.440621,885.2,05.1111,1.14641,05.8581
2026-05-27T08:38:24.461430,886.2,05.1072,1.16580,05.9455
2026-05-27T08:38:25.482372,887.2,05.1136,1.09158,05.5779
2026-05-27T08:38:26.456920,888.2,05.1066,1.16842,05.9589
2026-05-27T08:38:27.476521,889.2,05.1012,1.06920,05.4529
2026-05-27T08:38:28.452495,890.2,05.1078,1.11855,05.7046
2026-05-27T08:38:29.473180,891.2,05.1012,1.55408,07.9258
2026-05-27T08:38:30.449253,892.2,05.1178,1.49735,07.6514
2026-05-27T08:38:31.467970,893.2,05.1091,1.00589,05.1300
2026-05-27T08:38:32.486137,894.2,05.1080,0.80089,04.0845
2026-05-27T08:38:33.460416,895.2,05.1041,1.33471,06.8070
2026-05-27T08:38:34.479819,896.2,05.0970,1.17458,05.9786
2026-05-27T08:38:35.454215,897.2,05.1166,1.13210,05.7850
2026-05-27T08:38:36.471604,898.2,05.1039,1.07429,05.4788
2026-05-27T08:38:37.443231,899.2,05.1075,1.09823,05.6009
2026-05-27T08:38:38.463896,900.2,05.1108,1.04060,05.3174
2026-05-27T08:38:39.486075,901.2,05.1155,1.34371,06.8663
2026-05-27T08:38:40.459142,902.2,05.1072,1.17172,05.9757
2026-05-27T08:38:41.482429,903.2,05.1071,1.37150,06.9946
2026-05-27T08:38:42.454882,904.2,05.1072,1.10749,05.6481
2026-05-27T08:38:43.472749,905.2,05.1187,1.35945,06.9467
2026-05-27T08:38:44.448722,906.2,05.1162,1.20430,06.1539
2026-05-27T08:38:45.468453,907.2,05.1070,0.77125,03.9333
2026-05-27T08:38:46.444687,908.2,05.1100,1.14451,05.8484
2026-05-27T08:38:47.467859,909.2,05.1039,1.29550,06.6070
2026-05-27T08:38:48.489594,910.2,05.1131,1.26347,06.4563
2026-05-27T08:38:49.466012,911.2,05.1066,1.11124,05.6673
2026-05-27T08:38:50.486746,912.2,05.1053,1.12909,05.7583
2026-05-27T08:38:51.460918,913.2,05.1139,1.16914,05.9743
2026-05-27T08:38:52.480279,914.2,05.1033,1.26379,06.4453
2026-05-27T08:38:53.457744,915.2,05.1141,1.28670,06.5750
2026-05-27T08:38:54.479877,916.2,05.1081,1.20070,06.1235
2026-05-27T08:38:55.456565,917.2,05.1145,1.21612,06.2143
2026-05-27T08:38:56.478428,918.2,05.1167,1.19598,06.1114
2026-05-27T08:38:57.453192,919.2,05.1141,1.18499,06.0552
2026-05-27T08:38:58.474588,920.2,05.1073,0.77233,03.9388
2026-05-27T08:38:59.451268,921.2,05.1092,1.18417,06.0392
2026-05-27T08:39:00.473933,922.2,05.1101,1.27734,06.5272
2026-05-27T08:39:01.449999,923.2,05.1109,1.07453,05.4908
2026-05-27T08:39:02.471444,924.2,05.1158,1.16118,05.9336
2026-05-27T08:39:03.447730,925.2,05.1088,1.10544,05.6377
2026-05-27T08:39:04.466964,926.2,05.1128,1.10748,05.6592
2026-05-27T08:39:05.490267,927.2,05.0966,1.28052,06.5178
2026-05-27T08:39:06.466447,928.2,05.1080,1.19243,06.0813
2026-05-27T08:39:07.488327,929.2,05.1022,1.20147,06.1274
2026-05-27T08:39:08.460418,930.2,05.1091,1.24709,06.3601
2026-05-27T08:39:09.481098,931.2,05.1019,1.20869,06.1643
2026-05-27T08:39:10.451963,932.2,05.1068,1.11862,05.7049
2026-05-27T08:39:11.470894,933.2,05.1091,0.76846,03.9191
2026-05-27T08:39:12.489006,934.2,05.1103,1.06104,05.4219
2026-05-27T08:39:13.461114,935.2,05.1114,1.07977,05.5176
2026-05-27T08:39:14.478443,936.2,05.1103,1.03804,05.3043
2026-05-27T08:39:15.453628,937.2,05.1070,1.10751,05.6483
2026-05-27T08:39:16.473073,938.2,05.1114,1.15525,05.9033
2026-05-27T08:39:17.495562,939.2,05.1060,1.09897,05.6047
2026-05-27T08:39:18.470173,940.2,05.1064,1.23813,06.3144
2026-05-27T08:39:19.491744,941.2,05.1092,1.19719,06.1056
2026-05-27T08:39:20.464977,942.2,05.1060,1.27475,06.5012
2026-05-27T08:39:21.485409,943.2,05.1111,1.35674,06.9329
2026-05-27T08:39:22.458470,944.2,05.1058,1.41139,07.1980
2026-05-27T08:39:23.479116,945.2,05.1103,0.79885,04.0821
2026-05-27T08:39:24.497154,946.2,05.1079,0.76943,03.9240
2026-05-27T08:39:25.469624,947.2,05.0901,1.24757,06.3501
2026-05-27T08:39:26.487590,948.2,05.1075,1.07046,05.4593
2026-05-27T08:39:27.460557,949.2,05.1000,1.27093,06.4817
2026-05-27T08:39:28.481269,950.2,05.0941,1.20091,06.1126
2026-05-27T08:39:29.456433,951.2,05.1055,1.14136,05.8209
2026-05-27T08:39:30.478007,952.2,05.0983,1.15212,05.8642
2026-05-27T08:39:31.498553,953.2,05.1108,1.09980,05.6199
2026-05-27T08:39:32.470649,954.2,05.1108,1.17842,06.0217
2026-05-27T08:39:33.491859,955.2,05.1078,1.13617,05.7944
2026-05-27T08:39:34.465266,956.2,05.1047,1.14385,05.8336
2026-05-27T08:39:35.484949,957.2,05.1090,1.23057,06.2759
2026-05-27T08:39:36.457537,958.2,05.1008,0.91135,04.6478
2026-05-27T08:39:37.476297,959.2,05.1064,0.77159,03.9351
2026-05-27T08:39:38.495173,960.2,05.1167,1.23721,06.3221
2026-05-27T08:39:39.467157,961.2,05.0997,1.26653,06.4466
2026-05-27T08:39:40.487392,962.2,05.1023,1.19347,06.0866
2026-05-27T08:39:41.459487,963.2,05.1006,1.57117,08.0129
2026-05-27T08:39:42.477532,964.2,05.1009,1.05220,05.3662
2026-05-27T08:39:43.495586,965.2,05.1128,1.17207,05.9892
2026-05-27T08:39:44.467589,966.2,05.1066,1.18010,06.0185
2026-05-27T08:39:45.486648,967.2,05.1036,1.12247,05.7245
2026-05-27T08:39:46.458247,968.2,05.1001,1.10723,05.6468
2026-05-27T08:39:47.478028,969.2,05.0994,1.12823,05.7426
2026-05-27T08:39:48.500463,970.2,05.0983,1.72957,08.8035
2026-05-27T08:39:49.477262,971.2,05.1108,1.21043,06.1852
2026-05-27T08:39:50.495940,972.2,05.1076,0.77051,03.9296
2026-05-27T08:39:51.467429,973.2,05.1097,1.24608,06.3550
2026-05-27T08:39:52.488932,974.2,05.1119,1.29778,06.6316
2026-05-27T08:39:53.462457,975.2,05.0937,1.32873,06.7632
2026-05-27T08:39:54.484612,976.2,05.0958,1.13244,05.7641
2026-05-27T08:39:55.459172,977.2,05.1077,1.15660,05.8986
2026-05-27T08:39:56.481780,978.2,05.1094,1.18382,06.0374
2026-05-27T08:39:57.459405,979.2,05.1064,1.43192,07.3027
2026-05-27T08:39:58.483687,980.2,05.0953,1.28894,06.5607
2026-05-27T08:39:59.460450,981.2,05.1090,1.07702,05.4928
2026-05-27T08:40:00.483486,982.2,05.1066,1.04540,05.3315
2026-05-27T08:40:01.459992,983.2,05.1053,1.40711,07.1762
2026-05-27T08:40:02.482391,984.2,05.1100,1.03782,05.3032
2026-05-27T08:40:03.503286,985.2,05.1070,0.77007,03.9273
2026-05-27T08:40:04.478504,986.2,05.1066,1.14953,05.8626
2026-05-27T08:40:05.500063,987.2,05.1005,1.27174,06.4858
2026-05-27T08:40:06.477214,988.2,05.1122,1.00711,05.1463
2026-05-27T08:40:07.498426,989.2,05.1016,1.17253,05.9799
2026-05-27T08:40:08.472516,990.2,05.1100,1.14081,05.8295
2026-05-27T08:40:09.494210,991.2,05.1065,1.24222,06.3353
2026-05-27T08:40:10.470329,992.2,05.1069,1.17762,06.0058
2026-05-27T08:40:11.490805,993.2,05.1037,1.17874,06.0115
2026-05-27T08:40:12.466414,994.2,05.1080,1.05987,05.4053
2026-05-27T08:40:13.489767,995.2,05.1073,1.18868,06.0622
2026-05-27T08:40:14.469036,996.2,05.1071,1.44926,07.3912
2026-05-27T08:40:15.489775,997.2,05.1128,1.13477,05.7986
2026-05-27T08:40:16.463261,998.2,05.1071,0.77260,03.9402
2026-05-27T08:40:17.484516,999.2,05.1019,1.01092,05.1556
2026-05-27T08:40:18.508180,1000.2,05.1094,1.35708,06.9211
2026-05-27T08:40:19.484086,1001.2,05.0969,1.09321,05.5644
2026-05-27T08:40:20.505756,1002.2,05.1030,1.20410,06.1409
2026-05-27T08:40:21.481066,1003.2,05.1025,1.25869,06.4193
2026-05-27T08:40:22.501246,1004.2,05.1039,1.07838,05.4997
2026-05-27T08:40:23.474918,1005.2,05.1116,1.12524,05.7499
2026-05-27T08:40:24.495649,1006.2,05.1014,1.19850,06.1123
2026-05-27T08:40:25.468833,1007.2,05.1040,0.96033,04.8976
2026-05-27T08:40:26.491215,1008.2,05.1139,0.98040,05.0098
2026-05-27T08:40:27.465529,1009.2,05.0975,1.41480,07.2013
2026-05-27T08:40:28.482600,1010.2,05.1111,1.09525,05.5967
2026-05-27T08:40:29.501667,1011.2,05.1061,0.76663,03.9098
2026-05-27T08:40:30.472164,1012.2,05.1074,1.25067,06.3784
2026-05-27T08:40:31.490828,1013.2,05.1076,1.23683,06.3078
2026-05-27T08:40:32.508859,1014.2,05.1011,1.25162,06.3832
2026-05-27T08:40:33.483855,1015.2,05.0986,1.14661,05.8362
2026-05-27T08:40:34.503048,1016.2,05.1058,1.18044,06.0202
2026-05-27T08:40:35.476756,1017.2,05.1108,1.20663,06.1658
2026-05-27T08:40:36.496625,1018.2,05.1122,1.24291,06.3512
2026-05-27T08:40:37.470622,1019.2,05.1074,1.22535,06.2492
2026-05-27T08:40:38.491110,1020.2,05.1019,1.52093,07.7567
2026-05-27T08:40:39.466871,1021.2,05.1047,1.00739,05.1376
2026-05-27T08:40:40.488454,1022.2,05.1005,1.44262,07.3573
2026-05-27T08:40:41.508114,1023.2,05.1078,1.18937,06.0657
2026-05-27T08:40:42.480023,1024.2,05.1072,0.77597,03.9574
2026-05-27T08:40:43.497539,1025.2,05.1005,0.94347,04.8116
2026-05-27T08:40:44.472501,1026.2,05.1033,1.09010,05.5595
2026-05-27T08:40:45.494443,1027.2,05.1101,1.17861,06.0226
2026-05-27T08:40:46.468004,1028.2,05.1082,1.01605,05.1818
2026-05-27T08:40:47.489746,1029.2,05.1126,1.03791,05.3037
2026-05-27T08:40:48.509925,1030.2,05.1092,0.98666,05.0319
2026-05-27T08:40:49.485242,1031.2,05.1045,1.08544,05.5357
2026-05-27T08:40:50.504898,1032.2,05.0936,1.22033,06.2114
2026-05-27T08:40:51.482463,1033.2,05.1072,1.06045,05.4082
2026-05-27T08:40:52.506455,1034.2,05.0898,1.15602,05.8725
2026-05-27T08:40:53.483661,1035.2,05.1067,1.33743,06.8208
2026-05-27T08:40:54.504394,1036.2,05.1116,1.11274,05.6861
2026-05-27T08:40:55.477725,1037.2,05.1081,0.77062,03.9301
2026-05-27T08:40:56.497142,1038.2,05.1077,1.12060,05.7150
2026-05-27T08:40:57.472459,1039.2,05.1120,1.11864,05.7162
2026-05-27T08:40:58.494426,1040.2,05.1072,1.07420,05.4784
2026-05-27T08:40:59.470782,1041.2,05.1100,1.26850,06.4820
2026-05-27T08:41:00.492252,1042.2,05.1075,1.01574,05.1802
2026-05-27T08:41:01.513163,1043.2,05.1064,1.00622,05.1317
2026-05-27T08:41:02.488943,1044.2,05.1067,1.03966,05.3022
2026-05-27T08:41:03.512129,1045.2,05.1070,1.20259,06.1332
2026-05-27T08:41:04.487827,1046.2,05.1072,1.43506,07.3188
2026-05-27T08:41:05.508882,1047.2,05.1058,1.34380,06.8533
2026-05-27T08:41:06.484792,1048.2,05.0830,1.65997,08.4326
2026-05-27T08:41:07.504656,1049.2,05.1117,1.23758,06.3240
2026-05-27T08:41:08.478117,1050.2,05.1074,0.77098,03.9319
2026-05-27T08:41:09.498593,1051.2,05.1072,0.86580,04.4155
2026-05-27T08:41:10.476923,1052.2,05.0930,1.18472,06.0302
2026-05-27T08:41:11.500173,1053.2,05.1064,1.19624,06.1008
2026-05-27T08:41:12.477467,1054.2,05.1076,1.22664,06.2558
2026-05-27T08:41:13.499648,1055.2,05.0997,1.22672,06.2440
2026-05-27T08:41:14.473171,1056.2,05.1077,0.98717,05.0345
2026-05-27T08:41:15.497419,1057.2,05.1078,1.04308,05.3197
2026-05-27T08:41:16.474991,1058.2,05.1101,1.24393,06.3564
2026-05-27T08:41:17.497968,1059.2,05.1081,1.36067,06.9394
2026-05-27T08:41:18.517999,1060.2,05.1108,1.24879,06.3813
2026-05-27T08:41:19.491809,1061.2,05.0962,1.32682,06.7535
2026-05-27T08:41:20.515434,1062.2,05.1042,1.08446,05.5307
2026-05-27T08:41:21.489655,1063.2,05.1069,0.77108,03.9325
2026-05-27T08:41:22.506029,1064.2,05.1033,1.02312,05.2179
2026-05-27T08:41:23.478927,1065.2,05.1073,1.22676,06.2564
2026-05-27T08:41:24.500103,1066.2,05.1028,1.30214,06.6409
2026-05-27T08:41:25.475633,1067.2,05.1064,1.18568,06.0469
2026-05-27T08:41:26.497255,1068.2,05.1066,1.34138,06.8410
2026-05-27T08:41:27.516554,1069.2,05.1148,1.14971,05.8750
2026-05-27T08:41:28.491607,1070.2,05.1083,1.06459,05.4294
2026-05-27T08:41:29.512310,1071.2,05.0956,1.04425,05.3152
2026-05-27T08:41:30.485740,1072.2,05.1058,1.26135,06.4328
2026-05-27T08:41:31.506826,1073.2,05.1105,1.16709,05.9638
2026-05-27T08:41:32.481568,1074.2,05.1105,1.52907,07.8135
2026-05-27T08:41:33.499108,1075.2,05.1069,1.05768,05.3941
2026-05-27T08:41:34.514960,1076.2,05.1069,0.77012,03.9276
2026-05-27T08:41:35.486000,1077.2,05.1071,0.81328,04.1477
2026-05-27T08:41:36.505588,1078.2,05.0931,1.20426,06.1296
2026-05-27T08:41:37.480048,1079.2,05.1076,1.08354,05.5260
2026-05-27T08:41:38.501335,1080.2,05.1031,1.06303,05.4214
2026-05-27T08:41:39.520155,1081.2,05.1058,1.23530,06.3000
2026-05-27T08:41:40.493086,1082.2,05.1076,1.24258,06.3371
2026-05-27T08:41:41.514712,1083.2,05.1072,1.12518,05.7384
2026-05-27T08:41:42.488912,1084.2,05.0998,1.06984,05.4454
2026-05-27T08:41:43.510574,1085.2,05.1170,1.04930,05.3619
2026-05-27T08:41:44.487698,1086.2,05.1069,1.03414,05.2741
2026-05-27T08:41:45.506595,1087.2,05.1045,1.63630,08.3451
2026-05-27T08:41:46.525922,1088.2,05.1001,1.14013,05.8146
2026-05-27T08:41:47.496425,1089.2,05.1058,0.77223,03.9383
2026-05-27T08:41:48.516286,1090.2,05.1055,1.10136,05.6169
2026-05-27T08:41:49.491912,1091.2,05.1034,1.05964,05.4041
2026-05-27T08:41:50.514794,1092.2,05.1061,1.01934,05.1986
2026-05-27T08:41:51.491919,1093.2,05.1098,1.14852,05.8574
2026-05-27T08:41:52.515728,1094.2,05.1012,1.09811,05.6003
2026-05-27T08:41:53.490080,1095.2,05.1042,1.18151,06.0257
2026-05-27T08:41:54.509560,1096.2,05.1051,1.17352,05.9849
2026-05-27T08:41:55.485651,1097.2,05.1022,1.01638,05.1835
2026-05-27T08:41:56.506614,1098.2,05.1039,1.05222,05.3663
2026-05-27T08:41:57.526958,1099.2,05.1036,1.00645,05.1328
2026-05-27T08:41:58.500981,1100.2,05.1130,1.27666,06.5237
2026-05-27T08:41:59.524592,1101.2,05.1022,1.10961,05.6590
2026-05-27T08:42:00.500564,1102.2,05.1048,0.77111,03.9326
2026-05-27T08:42:01.518476,1103.2,05.1109,1.13881,05.8193
2026-05-27T08:42:02.495474,1104.2,05.1050,1.08947,05.5562
2026-05-27T08:42:03.514913,1105.2,05.1055,1.02377,05.2212
2026-05-27T08:42:04.489928,1106.2,05.1019,0.99391,05.0689
2026-05-27T08:42:05.508836,1107.2,05.1073,1.16849,05.9592
2026-05-27T08:42:06.484897,1108.2,05.0980,1.07809,05.4874
2026-05-27T08:42:07.507558,1109.2,05.1005,1.21829,06.2132
2026-05-27T08:42:08.527112,1110.2,05.1105,1.24857,06.3801
2026-05-27T08:42:09.501406,1111.2,05.1049,1.00094,05.1047
2026-05-27T08:42:10.525296,1112.2,05.1047,1.06490,05.4309
2026-05-27T08:42:11.500249,1113.2,05.0975,1.58435,08.0643
2026-05-27T08:42:12.519737,1114.2,05.0917,1.10124,05.6053
2026-05-27T08:42:13.493116,1115.2,05.1078,0.77073,03.9307
2026-05-27T08:42:14.513243,1116.2,05.1078,1.19278,06.0831
2026-05-27T08:42:15.532961,1117.2,05.1080,1.17662,06.0007
2026-05-27T08:42:16.508085,1118.2,05.1062,1.06406,05.4267
2026-05-27T08:42:17.527281,1119.2,05.1058,1.08064,05.5112
2026-05-27T08:42:18.501299,1120.2,05.0991,1.08667,05.5311
2026-05-27T08:42:19.526405,1121.2,05.1084,1.15309,05.8807
2026-05-27T08:42:20.501711,1122.2,05.1109,1.17141,05.9859
2026-05-27T08:42:21.524853,1123.2,05.1111,1.15263,05.8899
2026-05-27T08:42:22.499140,1124.2,05.1130,0.97824,04.9988
2026-05-27T08:42:23.521259,1125.2,05.1055,1.02401,05.2224
2026-05-27T08:42:24.496099,1126.2,05.0958,1.55479,07.9138
2026-05-27T08:42:25.515801,1127.2,05.1083,1.14834,05.8565
2026-05-27T08:42:26.488863,1128.2,05.1084,0.76960,03.9249
2026-05-27T08:42:27.507720,1129.2,05.0905,1.07262,05.4596
2026-05-27T08:42:28.528852,1130.2,05.1094,1.06816,05.4476
2026-05-27T08:42:29.505969,1131.2,05.1134,0.95044,04.8567
2026-05-27T08:42:30.530551,1132.2,05.1070,1.04210,05.3147
2026-05-27T08:42:31.506251,1133.2,05.1086,1.09778,05.5986
2026-05-27T08:42:32.526383,1134.2,05.1098,1.00433,05.1220
2026-05-27T08:42:33.500932,1135.2,05.1109,1.42132,07.2629
2026-05-27T08:42:34.520962,1136.2,05.0953,1.23219,06.2718
2026-05-27T08:42:35.497197,1137.2,05.1091,1.00545,05.1277
2026-05-27T08:42:36.517909,1138.2,05.1088,1.10885,05.6551
2026-05-27T08:42:37.490670,1139.2,05.1045,1.21300,06.1863
2026-05-27T08:42:38.510926,1140.2,05.1051,1.18810,06.0593
2026-05-27T08:42:39.528379,1141.2,05.1090,0.77080,03.9310
2026-05-27T08:42:40.501236,1142.2,05.1088,1.25868,06.4192
2026-05-27T08:42:41.521687,1143.2,05.1041,1.16736,05.9535
2026-05-27T08:42:42.496941,1144.2,05.1085,1.06293,05.4209
2026-05-27T08:42:43.518313,1145.2,05.1123,1.06110,05.4222
2026-05-27T08:42:44.535965,1146.2,05.1125,1.01587,05.1910
2026-05-27T08:42:45.513233,1147.2,05.0987,1.05409,05.3653
2026-05-27T08:42:46.534315,1148.2,05.1119,1.07031,05.4692
2026-05-27T08:42:47.506149,1149.2,05.1089,1.26516,06.4523
2026-05-27T08:42:48.525717,1150.2,05.1089,1.27120,06.4831
2026-05-27T08:42:49.499688,1151.2,05.1064,0.96156,04.9039
2026-05-27T08:42:50.520562,1152.2,05.1009,1.28619,06.5595
2026-05-27T08:42:51.538873,1153.2,05.1050,1.16880,05.9608
2026-05-27T08:42:52.513089,1154.2,05.1062,0.77151,03.9347
2026-05-27T08:42:53.529476,1155.2,05.0948,0.84487,04.3003
2026-05-27T08:42:54.505329,1156.2,05.1097,1.14483,05.8386
2026-05-27T08:42:55.527058,1157.2,05.1037,1.24782,06.3638
2026-05-27T08:42:56.502127,1158.2,05.1062,1.04196,05.3139
2026-05-27T08:42:57.521617,1159.2,05.1048,0.95620,04.8766
2026-05-27T08:42:58.494767,1160.2,05.1080,0.95590,04.8750
2026-05-27T08:42:59.516508,1161.2,05.1053,1.16036,05.9178
2026-05-27T08:43:00.538502,1162.2,05.1120,1.03247,05.2759
2026-05-27T08:43:01.512433,1163.2,05.1078,1.31909,06.7273
2026-05-27T08:43:02.532407,1164.2,05.1131,1.09204,05.5803
2026-05-27T08:43:03.506587,1165.2,05.1178,1.39829,07.1452
2026-05-27T08:43:04.525847,1166.2,05.1105,1.06547,05.4445
2026-05-27T08:43:05.497950,1167.2,05.1062,0.77030,03.9285
2026-05-27T08:43:06.517629,1168.2,05.1034,0.92694,04.7273
2026-05-27T08:43:07.538117,1169.2,05.1134,1.01380,05.1805
2026-05-27T08:43:08.509756,1170.2,05.1101,1.09003,05.5700
2026-05-27T08:43:09.529115,1171.2,05.0953,0.99867,05.0832
2026-05-27T08:43:10.500552,1172.2,05.1066,1.06135,05.4128
2026-05-27T08:43:11.518959,1173.2,05.0997,0.99377,05.0582
2026-05-27T08:43:12.536480,1174.2,05.1062,1.00656,05.1334
2026-05-27T08:43:13.510672,1175.2,05.1083,1.08088,05.5124
2026-05-27T08:43:14.528940,1176.2,05.1133,1.01458,05.1845
2026-05-27T08:43:15.502196,1177.2,05.0994,1.19850,06.1003
2026-05-27T08:43:16.520997,1178.2,05.1023,1.36862,06.9799
2026-05-27T08:43:17.538527,1179.2,05.1047,1.12718,05.7486
2026-05-27T08:43:18.510166,1180.2,05.1083,0.76939,03.9238
2026-05-27T08:43:19.529545,1181.2,05.1083,0.69814,03.5605
2026-05-27T08:43:20.502459,1182.2,05.1109,1.06873,05.4612
2026-05-27T08:43:21.522444,1183.2,05.1065,1.01647,05.1839
2026-05-27T08:43:22.541038,1184.2,05.1089,1.07037,05.4588
2026-05-27T08:43:23.516050,1185.2,05.1119,1.20070,06.1355
2026-05-27T08:43:24.535791,1186.2,05.1141,1.11730,05.7094
2026-05-27T08:43:25.510979,1187.2,05.1125,1.02743,05.2501
2026-05-27T08:43:26.534173,1188.2,05.1064,1.00844,05.1430
2026-05-27T08:43:27.509798,1189.2,05.1067,0.98298,05.0131
2026-05-27T08:43:28.533281,1190.2,05.0980,1.08434,05.5192
2026-05-27T08:43:29.508050,1191.2,05.1119,1.57457,08.0460
2026-05-27T08:43:30.528623,1192.2,05.1037,1.10032,05.6116
2026-05-27T08:43:31.545950,1193.2,05.1066,0.77313,03.9429
2026-05-27T08:43:32.519495,1194.2,05.1012,0.85527,04.3618
2026-05-27T08:43:33.539319,1195.2,05.1064,1.05120,05.3611
2026-05-27T08:43:34.516824,1196.2,05.1063,0.98745,05.0359
2026-05-27T08:43:35.538145,1197.2,05.1069,1.15521,05.8915
2026-05-27T08:43:36.513755,1198.2,05.1083,1.06292,05.4208
2026-05-27T08:43:37.534339,1199.2,05.1075,1.17312,05.9829
2026-05-27T08:43:38.508888,1200.2,05.1097,0.98845,05.0410
2026-05-27T08:43:39.530184,1201.2,05.1053,0.99897,05.0947
2026-05-27T08:43:40.505959,1202.2,05.1106,0.96324,04.9221
2026-05-27T08:43:41.525020,1203.2,05.1101,1.03833,05.3058
2026-05-27T08:43:42.545950,1204.2,05.1101,1.36078,06.9535
2026-05-27T08:43:43.520141,1205.2,05.1108,1.34593,06.8777
2026-05-27T08:43:44.541442,1206.2,05.1087,0.77115,03.9328
2026-05-27T08:43:45.514573,1207.2,05.1093,0.65172,03.3237
2026-05-27T08:43:46.538794,1208.2,05.1059,1.07820,05.4988
2026-05-27T08:43:47.516069,1209.2,05.1083,0.98790,05.0382
2026-05-27T08:43:48.538385,1210.2,05.1033,0.99887,05.0942
2026-05-27T08:43:49.513902,1211.2,05.1059,1.14464,05.8376
2026-05-27T08:43:50.538149,1212.2,05.1062,0.99142,05.0562
2026-05-27T08:43:51.514144,1213.2,05.1059,1.32015,06.7327
2026-05-27T08:43:52.534454,1214.2,05.1036,1.00225,05.1114
2026-05-27T08:43:53.511857,1215.2,05.1050,0.94833,04.8364
2026-05-27T08:43:54.535077,1216.2,05.1059,1.01227,05.1625
2026-05-27T08:43:55.510935,1217.2,05.1083,1.23307,06.2886
2026-05-27T08:43:56.531275,1218.2,05.0931,1.11105,05.6552
2026-05-27T08:43:57.505423,1219.2,05.1092,0.76911,03.9224
2026-05-27T08:43:58.525981,1220.2,05.1072,1.24822,06.3659
2026-05-27T08:43:59.548755,1221.2,05.1069,1.14852,05.8574
2026-05-27T08:44:00.521984,1222.2,05.1098,0.98309,05.0137
2026-05-27T08:44:01.542053,1223.2,05.1098,1.04455,05.3272
2026-05-27T08:44:02.517509,1224.2,05.1076,1.04077,05.3079
2026-05-27T08:44:03.536062,1225.2,05.1103,1.06210,05.4273
2026-05-27T08:44:04.510084,1226.3,05.1037,1.12276,05.7260
2026-05-27T08:44:05.529904,1227.3,05.1053,1.25557,06.4034
2026-05-27T08:44:06.547907,1228.3,05.1080,0.99526,05.0758
2026-05-27T08:44:07.521749,1229.3,05.1097,1.00002,05.1001
2026-05-27T08:44:08.542921,1230.3,05.1106,1.36410,06.9705
2026-05-27T08:44:09.516701,1231.3,05.0978,1.12002,05.7009
2026-05-27T08:44:10.536492,1232.3,05.1098,0.77283,03.9414
2026-05-27T08:44:11.508089,1233.3,05.1054,0.85999,04.3859
2026-05-27T08:44:12.527331,1234.3,05.1145,1.16846,05.9708
2026-05-27T08:44:13.549161,1235.3,05.1081,1.01642,05.1837
2026-05-27T08:44:14.522212,1236.3,05.1078,0.98557,05.0264
2026-05-27T08:44:15.542684,1237.3,05.1078,0.98544,05.0257
2026-05-27T08:44:16.518541,1238.3,05.1041,0.94756,04.8325
2026-05-27T08:44:17.539498,1239.3,05.1087,0.99029,05.0504
2026-05-27T08:44:18.516787,1240.3,05.1062,1.12971,05.7615
2026-05-27T08:44:19.539692,1241.3,05.1073,1.10243,05.6223
2026-05-27T08:44:20.514040,1242.3,05.1044,1.00003,05.1001
2026-05-27T08:44:21.538422,1243.3,05.1120,1.13481,05.7988
2026-05-27T08:44:22.514069,1244.3,05.1062,1.19012,06.0696
2026-05-27T08:44:23.537154,1245.3,05.1084,0.77326,03.9436
2026-05-27T08:44:24.557726,1246.3,05.1079,1.03050,05.2555
2026-05-27T08:44:25.533766,1247.3,05.1072,1.10849,05.6532
2026-05-27T08:44:26.555504,1248.3,05.1120,1.05058,05.3684
2026-05-27T08:44:27.529143,1249.3,05.1037,1.00821,05.1418
2026-05-27T08:44:28.549220,1250.3,05.0928,0.96175,04.8953
2026-05-27T08:44:29.524685,1251.3,05.0989,0.98612,05.0193
2026-05-27T08:44:30.543475,1252.3,05.1022,1.07026,05.4583
2026-05-27T08:44:31.520486,1253.3,05.1057,1.02292,05.2168
2026-05-27T08:44:32.543321,1254.3,05.1033,1.06906,05.4522
2026-05-27T08:44:33.519268,1255.3,05.1081,1.09776,05.5985
2026-05-27T08:44:34.543830,1256.3,05.1092,1.14574,05.8432
2026-05-27T08:44:35.518142,1257.3,05.1047,1.09002,05.5591
2026-05-27T08:44:36.535311,1258.3,05.1059,0.82074,04.1857
2026-05-27T08:44:37.554497,1259.3,05.1058,0.83441,04.2554
2026-05-27T08:44:38.530731,1260.3,05.1075,1.22666,06.2559
2026-05-27T08:44:39.552469,1261.3,05.1048,1.24744,06.3619
2026-05-27T08:44:40.531141,1262.3,05.1084,1.01755,05.1895
2026-05-27T08:44:41.551048,1263.3,05.1048,1.03036,05.2548
2026-05-27T08:44:42.526867,1264.3,05.1137,1.03993,05.3140
2026-05-27T08:44:43.546297,1265.3,05.1103,1.02962,05.2613
2026-05-27T08:44:44.521253,1266.3,05.1039,1.11432,05.6830
2026-05-27T08:44:45.542775,1267.3,05.1058,1.04079,05.3080
2026-05-27T08:44:46.520130,1268.3,05.1080,1.02371,05.2209
2026-05-27T08:44:47.543927,1269.3,05.1105,1.21734,06.2206
2026-05-27T08:44:48.517588,1270.3,05.1120,1.37986,07.0510
2026-05-27T08:44:49.537037,1271.3,05.1081,0.77216,03.9380
2026-05-27T08:44:50.558287,1272.3,05.1084,0.92983,04.7421
2026-05-27T08:44:51.534896,1273.3,05.1095,1.04309,05.3197
2026-05-27T08:44:52.558022,1274.3,05.1091,1.15828,05.9072
2026-05-27T08:44:53.534649,1275.3,05.1085,1.00608,05.1310
2026-05-27T08:44:54.555965,1276.3,05.1077,1.02543,05.2296
2026-05-27T08:44:55.534318,1277.3,05.1098,1.03291,05.2678
2026-05-27T08:44:56.554760,1278.3,05.1055,1.01029,05.1524
2026-05-27T08:44:57.532609,1279.3,05.1095,1.03902,05.2990
2026-05-27T08:44:58.555625,1280.3,05.1025,0.99931,05.0964
2026-05-27T08:44:59.529184,1281.3,05.1137,1.20259,06.1452
2026-05-27T08:45:00.551109,1282.3,05.1150,1.04134,05.3212
2026-05-27T08:45:01.525307,1283.3,05.1216,1.39105,07.1221
2026-05-27T08:45:02.546806,1284.3,05.1106,0.84930,04.3399
2026-05-27T08:45:03.523422,1285.3,05.1044,1.06201,05.4162
2026-05-27T08:45:04.546390,1286.3,05.1108,1.00932,05.1576
2026-05-27T08:45:05.524106,1287.3,05.1066,1.10438,05.6323
2026-05-27T08:45:06.546658,1288.3,05.1045,1.03474,05.2771
2026-05-27T08:45:07.521098,1289.3,05.1048,1.02678,05.2365
2026-05-27T08:45:08.544845,1290.3,05.1055,0.94441,04.8164
2026-05-27T08:45:09.565145,1291.3,05.1016,1.01036,05.1528
2026-05-27T08:45:10.537328,1292.3,05.1037,0.98687,05.0330
2026-05-27T08:45:11.556144,1293.3,05.1094,1.00851,05.1434
2026-05-27T08:45:12.530175,1294.3,05.1072,1.04381,05.3234
2026-05-27T08:45:13.551262,1295.3,05.1139,0.98202,05.0181
2026-05-27T08:45:14.525524,1296.3,05.1151,1.07493,05.4928
2026-05-27T08:45:15.545426,1297.3,05.1086,0.77334,03.9440
2026-05-27T08:45:16.563821,1298.3,05.1048,0.86812,04.4274
2026-05-27T08:45:17.537460,1299.3,05.1067,1.02046,05.2043
2026-05-27T08:45:18.556925,1300.3,05.1142,0.98812,05.0492
2026-05-27T08:45:19.529247,1301.3,05.1069,0.98644,05.0308
2026-05-27T08:45:20.553042,1302.3,05.1098,0.96340,04.9133
2026-05-27T08:45:21.527371,1303.3,05.1051,1.00536,05.1273
2026-05-27T08:45:22.548521,1304.3,05.1097,0.98607,05.0289
2026-05-27T08:45:23.523849,1305.3,05.1028,0.99886,05.0941
2026-05-27T08:45:24.543313,1306.3,05.1050,1.00649,05.1330
2026-05-27T08:45:25.566694,1307.3,05.1061,0.99488,05.0738
2026-05-27T08:45:26.543076,1308.3,05.1025,1.51081,07.7051
2026-05-27T08:45:27.564518,1309.3,05.0966,1.25405,06.3831
2026-05-27T08:45:28.538734,1310.3,05.1095,0.77233,03.9388
2026-05-27T08:45:29.557457,1311.3,05.1095,0.66423,03.3875
2026-05-27T08:45:30.533043,1312.3,05.1059,1.05797,05.3956
2026-05-27T08:45:31.550683,1313.3,05.1059,1.00824,05.1420
2026-05-27T08:45:32.528178,1314.3,05.1116,0.97495,04.9819
2026-05-27T08:45:33.553205,1315.3,05.1041,1.10563,05.6387
2026-05-27T08:45:34.529690,1316.3,05.1047,0.96363,04.9145
2026-05-27T08:45:35.552204,1317.3,05.0995,1.06437,05.4176
2026-05-27T08:45:36.526735,1318.3,05.1031,1.03100,05.2581
2026-05-27T08:45:37.547781,1319.3,05.1048,0.98380,05.0173
2026-05-27T08:45:38.569854,1320.3,05.1117,1.03159,05.2714
2026-05-27T08:45:39.546100,1321.3,05.0983,1.48103,07.5384
2026-05-27T08:45:40.566596,1322.3,05.0976,1.13041,05.7537
2026-05-27T08:45:41.540763,1323.3,05.1081,0.79902,04.0750
2026-05-27T08:45:42.560506,1324.3,05.1050,0.81590,04.1610
2026-05-27T08:45:43.534786,1325.3,05.1047,0.98153,05.0058
2026-05-27T08:45:44.555903,1326.3,05.1045,0.98138,05.0050
2026-05-27T08:45:45.532819,1327.3,05.1042,1.06518,05.4324
2026-05-27T08:45:46.554490,1328.3,05.1082,1.05294,05.3699
2026-05-27T08:45:47.532713,1329.3,05.1080,1.02141,05.2091
2026-05-27T08:45:48.552694,1330.3,05.1106,1.01998,05.2120
2026-05-27T08:45:49.529483,1331.3,05.1092,1.02115,05.2078
2026-05-27T08:45:50.549782,1332.3,05.1081,1.03956,05.3017
2026-05-27T08:45:51.568914,1333.3,05.1100,0.96039,04.9075
2026-05-27T08:45:52.544647,1334.3,05.1117,1.52452,07.7902
2026-05-27T08:45:53.563696,1335.3,05.1161,1.22672,06.2685
2026-05-27T08:45:54.536832,1336.3,05.1083,0.77700,03.9627
2026-05-27T08:45:55.554863,1337.3,05.1068,0.63728,03.2501
2026-05-27T08:45:56.574596,1338.3,05.1062,1.03942,05.3010
2026-05-27T08:45:57.550670,1339.3,05.1080,0.98291,05.0128
2026-05-27T08:45:58.573877,1340.3,05.1070,0.99138,05.0560
2026-05-27T08:45:59.548623,1341.3,05.1063,1.00939,05.1478
2026-05-27T08:46:00.570692,1342.3,05.1017,0.94173,04.8028
2026-05-27T08:46:01.545113,1343.3,05.1059,1.01660,05.1846
2026-05-27T08:46:02.565761,1344.3,05.1061,1.12030,05.7135
2026-05-27T08:46:03.537835,1345.3,05.1058,0.96770,04.9352
2026-05-27T08:46:04.556735,1346.3,05.1089,0.99218,05.0601
2026-05-27T08:46:05.532060,1347.3,05.1069,1.18047,06.0203
2026-05-27T08:46:06.549324,1348.3,05.1030,1.47510,07.5230
2026-05-27T08:46:07.568475,1349.3,05.1084,0.77024,03.9282
2026-05-27T08:46:08.540867,1350.3,05.1067,0.76927,03.9232
2026-05-27T08:46:09.559330,1351.3,05.1106,1.01061,05.1642
2026-05-27T08:46:10.532555,1352.3,05.1045,1.07702,05.4928
2026-05-27T08:46:11.555190,1353.3,05.1050,0.99096,05.0538
2026-05-27T08:46:12.576616,1354.3,05.1092,1.04614,05.3353
2026-05-27T08:46:13.550970,1355.3,05.1101,1.02171,05.2209
2026-05-27T08:46:14.570270,1356.3,05.1037,1.09298,05.5741
2026-05-27T08:46:15.545557,1357.3,05.1053,1.02399,05.2223
2026-05-27T08:46:16.566832,1358.3,05.1031,1.01373,05.1700
2026-05-27T08:46:17.541174,1359.3,05.1084,1.08693,05.5433
2026-05-27T08:46:18.564601,1360.3,05.1061,1.14724,05.8509
2026-05-27T08:46:19.539673,1361.3,05.1120,1.12397,05.7434
2026-05-27T08:46:20.558468,1362.3,05.1075,0.77335,03.9440
2026-05-27T08:46:21.576826,1363.3,05.1081,0.87211,04.4477
2026-05-27T08:46:22.552560,1364.3,05.1053,1.14854,05.8575
2026-05-27T08:46:23.574145,1365.3,05.1053,1.10743,05.6478
2026-05-27T08:46:24.548472,1366.3,05.1062,1.07717,05.4935
2026-05-27T08:46:25.569241,1367.3,05.1041,0.98636,05.0304
2026-05-27T08:46:26.545094,1368.3,05.1106,0.93406,04.7730
2026-05-27T08:46:27.564637,1369.3,05.1051,1.11762,05.6998
2026-05-27T08:46:28.538335,1370.3,05.1064,1.06588,05.4359
2026-05-27T08:46:29.557217,1371.3,05.1076,1.13791,05.8033
2026-05-27T08:46:30.579771,1372.3,05.1092,1.11439,05.6833
2026-05-27T08:46:31.553385,1373.3,05.1145,1.26694,06.4740
2026-05-27T08:46:32.574382,1374.3,05.1061,1.16640,05.9486
2026-05-27T08:46:33.547625,1375.3,05.1081,0.77321,03.9433
2026-05-27T08:46:34.565627,1376.3,05.1081,0.89561,04.5676
2026-05-27T08:46:35.540177,1377.3,05.1075,1.12274,05.7259
2026-05-27T08:46:36.559382,1378.3,05.1037,1.06157,05.4140
2026-05-27T08:46:37.576609,1379.3,05.1095,1.12803,05.7529
2026-05-27T08:46:38.551312,1380.3,05.1000,1.08076,05.5118
2026-05-27T08:46:39.571488,1381.3,05.1070,1.04215,05.3149
2026-05-27T08:46:40.545899,1382.3,05.1061,1.02032,05.2036
2026-05-27T08:46:41.565431,1383.3,05.1083,1.03579,05.2825
2026-05-27T08:46:42.538811,1384.3,05.1064,1.12167,05.7205
2026-05-27T08:46:43.561186,1385.3,05.1092,1.18690,06.0531
2026-05-27T08:46:44.538201,1386.3,05.1070,1.03535,05.2802
2026-05-27T08:46:45.557767,1387.3,05.1162,1.11349,05.6899
2026-05-27T08:46:46.576134,1388.3,05.1072,0.77332,03.9439
2026-05-27T08:46:47.548220,1389.3,05.1048,0.72138,03.6790
2026-05-27T08:46:48.565452,1390.3,05.1097,1.13243,05.7753
2026-05-27T08:46:49.540924,1391.3,05.1109,1.19368,06.0997
2026-05-27T08:46:50.561619,1392.3,05.1119,1.12024,05.7244
2026-05-27T08:46:51.539188,1393.3,05.1101,0.96539,04.9331
2026-05-27T08:46:52.559713,1394.3,05.1066,1.07855,05.5006
2026-05-27T08:46:53.580495,1395.3,05.1055,1.03550,05.2810
2026-05-27T08:46:54.555416,1396.3,05.1017,0.99442,05.0715
2026-05-27T08:46:55.574711,1397.3,05.1017,1.00439,05.1223
2026-05-27T08:46:56.550617,1398.3,05.1087,1.22414,06.2431
2026-05-27T08:46:57.574393,1399.3,05.1042,1.11514,05.6872
2026-05-27T08:46:58.548535,1400.3,05.1097,1.22500,06.2475
2026-05-27T08:46:59.565247,1401.3,05.1081,0.77323,03.9434
2026-05-27T08:47:00.585243,1402.3,05.1081,0.83167,04.2415
2026-05-27T08:47:01.560653,1403.3,05.1031,0.98839,05.0407
2026-05-27T08:47:02.580225,1404.3,05.1072,0.96922,04.9430
2026-05-27T08:47:03.555939,1405.3,05.1070,1.08118,05.5140
2026-05-27T08:47:04.576659,1406.3,05.1039,1.15206,05.8755
2026-05-27T08:47:05.551375,1407.3,05.1120,1.14528,05.8523
2026-05-27T08:47:06.570376,1408.3,05.1067,0.99455,05.0722
2026-05-27T08:47:07.543169,1409.3,05.1076,1.00557,05.1284
2026-05-27T08:47:08.562627,1410.3,05.1051,0.99573,05.0782
2026-05-27T08:47:09.584421,1411.3,05.1063,0.99763,05.0879
2026-05-27T08:47:10.558605,1412.3,05.1066,1.02972,05.2515
2026-05-27T08:47:11.579177,1413.3,05.1048,1.34758,06.8726
2026-05-27T08:47:12.552749,1414.3,05.1067,0.77338,03.9442
2026-05-27T08:47:13.569297,1415.3,05.1068,0.64442,03.2865
2026-05-27T08:47:14.544792,1416.3,05.1042,1.03651,05.2862
2026-05-27T08:47:15.566458,1417.3,05.1109,1.00363,05.1285
2026-05-27T08:47:16.588455,1418.3,05.1042,1.02698,05.2375
2026-05-27T08:47:17.562641,1419.3,05.1066,1.02704,05.2379
2026-05-27T08:47:18.583393,1420.3,05.1091,1.07908,05.5033
2026-05-27T08:47:19.557826,1421.3,05.1105,1.00733,05.1474
2026-05-27T08:47:20.579089,1422.3,05.1094,1.06064,05.4092
2026-05-27T08:47:21.555258,1423.3,05.1086,1.07614,05.4883
2026-05-27T08:47:22.576544,1424.3,05.1014,1.00479,05.1244
2026-05-27T08:47:23.550980,1425.3,05.1025,1.11696,05.6964
2026-05-27T08:47:24.572185,1426.3,05.0948,1.15799,05.8941
2026-05-27T08:47:25.546558,1427.3,05.1076,0.77143,03.9342
2026-05-27T08:47:26.565609,1428.3,05.1078,0.76934,03.9236
2026-05-27T08:47:27.588060,1429.3,05.1031,1.02305,05.2175
2026-05-27T08:47:28.563176,1430.3,05.1081,1.02318,05.2182
2026-05-27T08:47:29.585301,1431.3,05.1056,1.02347,05.2196
2026-05-27T08:47:30.560799,1432.3,05.1056,1.13590,05.7930
2026-05-27T08:47:31.586937,1433.3,05.1051,1.06896,05.4516
2026-05-27T08:47:32.564194,1434.3,05.1062,1.05429,05.3768
2026-05-27T08:47:33.587481,1435.3,05.1055,1.24479,06.3484
2026-05-27T08:47:34.562657,1436.3,05.1036,1.12740,05.7497
2026-05-27T08:47:35.585823,1437.3,05.1075,1.04554,05.3322
2026-05-27T08:47:36.563096,1438.3,05.1072,1.14319,05.8302
2026-05-27T08:47:37.585805,1439.3,05.1047,1.28848,06.5712
2026-05-27T08:47:38.558805,1440.3,05.1062,0.77370,03.9458
2026-05-27T08:47:39.579408,1441.3,05.1064,0.62217,03.1730
2026-05-27T08:47:40.554326,1442.3,05.1122,1.12463,05.7468
2026-05-27T08:47:41.576209,1443.3,05.1068,1.03456,05.2762
2026-05-27T08:47:42.549175,1444.3,05.1028,1.03793,05.2934
2026-05-27T08:47:43.568676,1445.3,05.1070,0.97237,04.9590
2026-05-27T08:47:44.589372,1446.3,05.1075,1.18688,06.0530
2026-05-27T08:47:45.564220,1447.3,05.1123,1.02280,05.2265
2026-05-27T08:47:46.584813,1448.3,05.1064,0.99511,05.0750
2026-05-27T08:47:47.560092,1449.3,05.1019,1.07715,05.4934
2026-05-27T08:47:48.580065,1450.3,05.1092,0.95731,04.8822
2026-05-27T08:47:49.554550,1451.3,05.1067,1.22168,06.2305
2026-05-27T08:47:50.573307,1452.3,05.1033,1.12064,05.7152
2026-05-27T08:47:51.591320,1453.3,05.1081,0.79657,04.0625
2026-05-27T08:47:52.561788,1454.3,05.1061,0.77067,03.9304
2026-05-27T08:47:53.581831,1455.3,05.1105,1.00479,05.1344
2026-05-27T08:47:54.557398,1456.3,05.1134,1.14100,05.8305
2026-05-27T08:47:55.582206,1457.3,05.1062,1.04167,05.3125
2026-05-27T08:47:56.555428,1458.3,05.1084,0.97903,04.9930
2026-05-27T08:47:57.577030,1459.3,05.1071,1.00007,05.1003
2026-05-27T08:47:58.550545,1460.3,05.1103,1.12565,05.7520
2026-05-27T08:47:59.570952,1461.3,05.1098,1.15335,05.8820
2026-05-27T08:48:00.592887,1462.3,05.1084,1.12143,05.7192
2026-05-27T08:48:01.568976,1463.3,05.1036,1.05675,05.3894
2026-05-27T08:48:02.588934,1464.3,05.1075,1.07704,05.4929
2026-05-27T08:48:03.563952,1465.3,05.0981,1.09633,05.5803
2026-05-27T08:48:04.585414,1466.3,05.1087,0.77401,03.9474
2026-05-27T08:48:05.556955,1467.3,05.1079,0.61969,03.1604
2026-05-27T08:48:06.575807,1468.3,05.1084,1.15778,05.9046
2026-05-27T08:48:07.596397,1469.3,05.1039,1.10318,05.6262
2026-05-27T08:48:08.571493,1470.3,05.1019,1.07503,05.4826
2026-05-27T08:48:09.591676,1471.3,05.1055,1.02044,05.2042
2026-05-27T08:48:10.565868,1472.3,05.1037,0.98419,05.0193
2026-05-27T08:48:11.584817,1473.3,05.1037,1.03642,05.2857
2026-05-27T08:48:12.558782,1474.3,05.1058,1.08798,05.5486
2026-05-27T08:48:13.576817,1475.3,05.1068,1.20676,06.1544
2026-05-27T08:48:14.598683,1476.3,05.1080,1.08804,05.5490
2026-05-27T08:48:15.574296,1477.3,05.1072,1.01769,05.1902
2026-05-27T08:48:16.594993,1478.3,05.1112,1.23417,06.3066
2026-05-27T08:48:17.565970,1479.3,05.1080,0.77243,03.9393
2026-05-27T08:48:18.584881,1480.3,05.1074,0.88401,04.5084
2026-05-27T08:48:19.561240,1481.3,05.1081,1.16463,05.9396
2026-05-27T08:48:20.581024,1482.3,05.1105,1.14797,05.8661
2026-05-27T08:48:21.556474,1483.3,05.1081,1.18733,06.0553
2026-05-27T08:48:22.578004,1484.3,05.1081,1.05000,05.3550
2026-05-27T08:48:23.599430,1485.3,05.1019,0.95899,04.8908
2026-05-27T08:48:24.571600,1486.3,05.1073,0.95488,04.8698
2026-05-27T08:48:25.592705,1487.3,05.1074,0.99456,05.0722
2026-05-27T08:48:26.566965,1488.3,05.1076,1.06861,05.4499
2026-05-27T08:48:27.587647,1489.3,05.1044,1.12270,05.7257
2026-05-27T08:48:28.567409,1490.3,05.1062,1.06538,05.4334
2026-05-27T08:48:29.588876,1491.3,05.1125,1.29897,06.6377
2026-05-27T08:48:30.565116,1492.3,05.1080,0.77303,03.9424
2026-05-27T08:48:31.585568,1493.3,05.1083,0.65936,03.3627
2026-05-27T08:48:32.560234,1494.3,05.1025,1.01569,05.1800
2026-05-27T08:48:33.582643,1495.3,05.1022,1.02417,05.2232
2026-05-27T08:48:34.558587,1496.3,05.1073,1.07980,05.5069
2026-05-27T08:48:35.581042,1497.3,05.1116,1.01676,05.1956
2026-05-27T08:48:36.603023,1498.3,05.1078,1.01771,05.1903
2026-05-27T08:48:37.580794,1499.3,05.1080,1.10230,05.6217
2026-05-27T08:48:38.603590,1500.3,05.1076,1.08207,05.5185
2026-05-27T08:48:39.583575,1501.3,05.1048,1.07447,05.4797
2026-05-27T08:48:40.563869,1502.3,05.1101,1.06712,05.4529
2026-05-27T08:48:41.582630,1503.3,05.1031,1.01663,05.1848
2026-05-27T08:48:42.604207,1504.3,05.1031,1.23820,06.3148
2026-05-27T08:48:43.578551,1505.3,05.1087,0.77200,03.9372
2026-05-27T08:48:44.596876,1506.3,05.1087,0.85022,04.3361
2026-05-27T08:48:45.575201,1507.3,05.1064,1.08125,05.5143
2026-05-27T08:48:46.597661,1508.3,05.1054,1.02798,05.2426
2026-05-27T08:48:47.571210,1509.3,05.1114,1.15804,05.9175
2026-05-27T08:48:48.592088,1510.3,05.1050,1.01152,05.1587
2026-05-27T08:48:49.571339,1511.3,05.1061,1.08016,05.5088
2026-05-27T08:48:50.593035,1512.3,05.1069,0.99945,05.0971
2026-05-27T08:48:51.567597,1513.3,05.1106,1.13476,05.7986
2026-05-27T08:48:52.589556,1514.3,05.1131,1.15597,05.9070
2026-05-27T08:48:53.567335,1515.3,05.1062,1.05551,05.3831
2026-05-27T08:48:54.591175,1516.3,05.1069,1.08738,05.5456
2026-05-27T08:48:55.563832,1517.3,05.1016,1.28989,06.5784
2026-05-27T08:48:56.580010,1518.3,05.1078,0.77459,03.9504
2026-05-27T08:48:57.596292,1519.3,05.1092,0.63873,03.2575
2026-05-27T08:48:58.568491,1520.3,05.1105,1.20312,06.1479
2026-05-27T08:48:59.588873,1521.3,05.1093,1.06534,05.4332
2026-05-27T08:49:00.563841,1522.3,05.1064,1.17167,05.9755
2026-05-27T08:49:01.584097,1523.3,05.1055,1.16627,05.9479
2026-05-27T08:49:02.603368,1524.3,05.1080,1.15551,05.8931
2026-05-27T08:49:03.578072,1525.3,05.1097,1.06851,05.4494
2026-05-27T08:49:04.600126,1526.3,05.1089,1.02847,05.2451
2026-05-27T08:49:05.577838,1527.3,05.1061,1.12440,05.7344
2026-05-27T08:49:06.598336,1528.3,05.1109,1.10249,05.6337
2026-05-27T08:49:07.572307,1529.3,05.1025,1.07341,05.4743
2026-05-27T08:49:08.598100,1530.3,05.1050,1.22415,06.2431
2026-05-27T08:49:09.573060,1531.3,05.1081,0.77089,03.9315
2026-05-27T08:49:10.589787,1532.3,05.1076,0.78882,04.0229
2026-05-27T08:49:11.566096,1533.3,05.1075,1.12015,05.7127
2026-05-27T08:49:12.587147,1534.3,05.1051,1.16852,05.9594
2026-05-27T08:49:13.608877,1535.3,05.1098,1.19599,06.0995
2026-05-27T08:49:14.584875,1536.3,05.1070,1.12782,05.7518
2026-05-27T08:49:15.607427,1537.3,05.1085,1.13891,05.8084
2026-05-27T08:49:16.581215,1538.3,05.1009,1.04256,05.3170
2026-05-27T08:49:17.604079,1539.3,05.1073,0.99927,05.0962
2026-05-27T08:49:18.580216,1540.3,05.1103,0.96982,04.9557
2026-05-27T08:49:19.602449,1541.3,05.1017,1.08055,05.5108
2026-05-27T08:49:20.579023,1542.3,05.1087,1.05559,05.3835
2026-05-27T08:49:21.599498,1543.3,05.1114,1.30246,06.6555
2026-05-27T08:49:22.575159,1544.3,05.1083,0.77134,03.9338
2026-05-27T08:49:23.594008,1545.3,05.1076,0.70984,03.6201
2026-05-27T08:49:24.571011,1546.3,05.1062,1.19259,06.0822
2026-05-27T08:49:25.593786,1547.3,05.1092,1.16359,05.9343
2026-05-27T08:49:26.572893,1548.3,05.1066,1.19810,06.1103
2026-05-27T08:49:27.593591,1549.3,05.1076,1.04100,05.3091
2026-05-27T08:49:28.569211,1550.3,05.1075,1.03941,05.3009
2026-05-27T08:49:29.590647,1551.3,05.1105,1.09737,05.6075
2026-05-27T08:49:30.611686,1552.3,05.1075,1.22077,06.2259
2026-05-27T08:49:31.586168,1553.3,05.1092,1.02746,05.2400
2026-05-27T08:49:32.609398,1554.3,05.1030,1.06716,05.4425
2026-05-27T08:49:33.585836,1555.3,05.1059,1.03758,05.2916
2026-05-27T08:49:34.607486,1556.3,05.1041,1.16716,05.9525
2026-05-27T08:49:35.582794,1557.3,05.1076,0.77381,03.9464
2026-05-27T08:49:36.602606,1558.3,05.1081,0.77006,03.9273
2026-05-27T08:49:37.577537,1559.3,05.1033,1.10511,05.6360
2026-05-27T08:49:38.600845,1560.3,05.1037,0.96559,04.9245
2026-05-27T08:49:39.576841,1561.3,05.1066,1.20070,06.1235
2026-05-27T08:49:40.600526,1562.3,05.1053,1.09085,05.5633
2026-05-27T08:49:41.577740,1563.3,05.1101,1.17856,06.0224
2026-05-27T08:49:42.600026,1564.3,05.1079,1.05416,05.3762
2026-05-27T08:49:43.577671,1565.3,05.1059,1.18871,06.0624
2026-05-27T08:49:44.600463,1566.3,05.1044,1.00621,05.1316
2026-05-27T08:49:45.576695,1567.3,05.1111,1.01494,05.1863
2026-05-27T08:49:46.598621,1568.3,05.1109,1.06778,05.4563
2026-05-27T08:49:47.576287,1569.3,05.1008,1.28978,06.5778
2026-05-27T08:49:48.598603,1570.3,05.1086,0.77134,03.9338
2026-05-27T08:49:49.574751,1571.3,05.1086,0.62383,03.1815
2026-05-27T08:49:50.596897,1572.3,05.1101,1.04129,05.3209
2026-05-27T08:49:51.572248,1573.3,05.1041,1.01281,05.1653
2026-05-27T08:49:52.596273,1574.3,05.1025,1.07171,05.4657
2026-05-27T08:49:53.572938,1575.3,05.1023,1.12221,05.7232
2026-05-27T08:49:54.597048,1576.3,05.1051,1.09952,05.6075
2026-05-27T08:49:55.578182,1577.3,05.1092,1.08456,05.5312
2026-05-27T08:49:56.604543,1578.3,05.1062,1.00982,05.1500
2026-05-27T08:49:57.581886,1579.3,05.1022,1.00811,05.1413
2026-05-27T08:49:58.607195,1580.3,05.1083,1.07215,05.4679
2026-05-27T08:49:59.582709,1581.3,05.1083,1.00509,05.1259
2026-05-27T08:50:00.604719,1582.3,05.1061,1.11875,05.7056
2026-05-27T08:50:01.579497,1583.3,05.1084,0.77209,03.9376
2026-05-27T08:50:02.599588,1584.3,05.1091,0.76909,03.9223
2026-05-27T08:50:03.575516,1585.3,05.1080,0.98771,05.0373
2026-05-27T08:50:04.597807,1586.3,05.1055,1.05378,05.3742
2026-05-27T08:50:05.575754,1587.3,05.1089,1.06367,05.4247
2026-05-27T08:50:06.597684,1588.3,05.1058,1.08097,05.5129
2026-05-27T08:50:07.618129,1589.3,05.1081,1.05901,05.4009
2026-05-27T08:50:08.591670,1590.3,05.1076,1.12926,05.7592
2026-05-27T08:50:09.612076,1591.3,05.1039,1.11668,05.6950
2026-05-27T08:50:10.587892,1592.3,05.1048,0.99187,05.0585
2026-05-27T08:50:11.610953,1593.3,05.1023,1.06240,05.4182
2026-05-27T08:50:12.586982,1594.3,05.1076,1.26398,06.4462
2026-05-27T08:50:13.606299,1595.3,05.1076,1.03796,05.2935
2026-05-27T08:50:14.580302,1596.3,05.1080,0.77394,03.9470
2026-05-27T08:50:15.599139,1597.3,05.1103,0.61926,03.1644
2026-05-27T08:50:16.619089,1598.3,05.1086,1.08648,05.5410
2026-05-27T08:50:17.596829,1599.3,05.1072,1.11441,05.6834
2026-05-27T08:50:18.619498,1600.3,05.1067,1.08426,05.5297
2026-05-27T08:50:19.601180,1601.3,05.1091,1.06390,05.4258
2026-05-27T08:50:20.622122,1602.3,05.1073,1.06665,05.4399
2026-05-27T08:50:21.599927,1603.3,05.1050,1.04685,05.3389
2026-05-27T08:50:22.621462,1604.3,05.1091,1.08814,05.5495
2026-05-27T08:50:23.597086,1605.3,05.1012,1.10045,05.6122
2026-05-27T08:50:24.620943,1606.3,05.1080,1.07559,05.4855
2026-05-27T08:50:25.598292,1607.3,05.1084,1.25991,06.4255
2026-05-27T08:50:26.620753,1608.3,05.1042,1.13807,05.8041
2026-05-27T08:50:27.596032,1609.3,05.1097,0.76992,03.9265
2026-05-27T08:50:28.615941,1610.3,05.1062,0.76920,03.9229
2026-05-27T08:50:29.592224,1611.3,05.1058,1.16884,05.9610
2026-05-27T08:50:30.614064,1612.3,05.1039,1.03824,05.2950
2026-05-27T08:50:31.590047,1613.3,05.1034,1.17437,05.9892
2026-05-27T08:50:32.614033,1614.3,05.1083,1.10862,05.6539
2026-05-27T08:50:33.591425,1615.3,05.1126,1.19490,06.1059
2026-05-27T08:50:34.612706,1616.3,05.1059,1.13349,05.7807
2026-05-27T08:50:35.586635,1617.3,05.1058,1.03038,05.2549
2026-05-27T08:50:36.609896,1618.3,05.1061,1.03634,05.2853
2026-05-27T08:50:37.586693,1619.3,05.1059,1.10320,05.6263
2026-05-27T08:50:38.608324,1620.3,05.1081,1.21397,06.1912
2026-05-27T08:50:39.582583,1621.3,05.0962,1.46689,07.4664
2026-05-27T08:50:40.603340,1622.3,05.1059,0.82300,04.1973
2026-05-27T08:50:41.624936,1623.3,05.1062,0.66499,03.3914
2026-05-27T08:50:42.601214,1624.3,05.1097,1.00778,05.1396
2026-05-27T08:50:43.621472,1625.3,05.1020,1.03604,05.2838
2026-05-27T08:50:44.597458,1626.3,05.1072,1.11422,05.6825
2026-05-27T08:50:45.619850,1627.3,05.1089,1.08040,05.5100
2026-05-27T08:50:46.596601,1628.3,05.1095,1.12090,05.7165
2026-05-27T08:50:47.619683,1629.3,05.1123,1.10675,05.6554
2026-05-27T08:50:48.595798,1630.3,05.1123,1.10353,05.6390
2026-05-27T08:50:49.620823,1631.3,05.1083,1.11964,05.7101
2026-05-27T08:50:50.597677,1632.3,05.1092,1.07096,05.4618
2026-05-27T08:50:51.622800,1633.3,05.1094,1.02572,05.2311
2026-05-27T08:50:52.598630,1634.3,05.0995,1.32985,06.7689
2026-05-27T08:50:53.622563,1635.3,05.1083,0.77318,03.9432
2026-05-27T08:50:54.598019,1636.3,05.1094,0.77098,03.9319
2026-05-27T08:50:55.621832,1637.3,05.1019,1.01717,05.1875
2026-05-27T08:50:56.599501,1638.3,05.1080,1.28974,06.5776
2026-05-27T08:50:57.624124,1639.3,05.1045,0.98690,05.0331
2026-05-27T08:50:58.601319,1640.3,05.1077,1.05123,05.3612
2026-05-27T08:50:59.624839,1641.3,05.1071,1.10060,05.6130
2026-05-27T08:51:00.604754,1642.3,05.1123,1.15367,05.8952
2026-05-27T08:51:01.627162,1643.3,05.1075,1.11241,05.6732
2026-05-27T08:51:02.602731,1644.3,05.1008,1.15248,05.8776
2026-05-27T08:51:03.626028,1645.3,05.1041,0.98458,05.0213
2026-05-27T08:51:04.602824,1646.3,05.1067,1.31688,06.7160
2026-05-27T08:51:05.624055,1647.3,05.1105,1.17198,05.9888
2026-05-27T08:51:06.597891,1648.3,05.1078,0.77345,03.9445
2026-05-27T08:51:07.617698,1649.3,05.1076,0.61851,03.1544
2026-05-27T08:51:08.591995,1650.3,05.1095,1.03447,05.2757
2026-05-27T08:51:09.615931,1651.3,05.1125,1.04788,05.3546
2026-05-27T08:51:10.594539,1652.3,05.1091,1.14911,05.8604
2026-05-27T08:51:11.616215,1653.3,05.1123,1.24263,06.3498
2026-05-27T08:51:12.590182,1654.3,05.1087,1.07488,05.4818
2026-05-27T08:51:13.611449,1655.3,05.1061,1.05420,05.3764
2026-05-27T08:51:14.632319,1656.3,05.1131,1.10842,05.6640
2026-05-27T08:51:15.608145,1657.3,05.1081,1.12879,05.7568
2026-05-27T08:51:16.627604,1658.3,05.1137,1.10604,05.6518
2026-05-27T08:51:17.602538,1659.3,05.1003,1.04256,05.3170
2026-05-27T08:51:18.619495,1660.3,05.1108,1.30081,06.6471
2026-05-27T08:51:19.592879,1661.3,05.1087,0.77188,03.9365
2026-05-27T08:51:20.611498,1662.3,05.1076,0.77036,03.9288
2026-05-27T08:51:21.630499,1663.3,05.1087,1.15069,05.8685
2026-05-27T08:51:22.607384,1664.3,05.1031,1.02394,05.2220
2026-05-27T08:51:23.627089,1665.3,05.1095,1.18668,06.0520
2026-05-27T08:51:24.599942,1666.3,05.1070,1.11510,05.6870
2026-05-27T08:51:25.620649,1667.3,05.1070,1.05935,05.4026
2026-05-27T08:51:26.596083,1668.3,05.1048,1.01029,05.1524
2026-05-27T08:51:27.614699,1669.3,05.1122,1.08458,05.5422
2026-05-27T08:51:28.635471,1670.3,05.1075,1.03208,05.2636
2026-05-27T08:51:29.610967,1671.3,05.1070,1.07729,05.4941
2026-05-27T08:51:30.633876,1672.3,05.1105,1.03992,05.3139
2026-05-27T08:51:31.606740,1673.3,05.0883,1.14409,05.8119
2026-05-27T08:51:32.623635,1674.3,05.1087,0.77556,03.9553
2026-05-27T08:51:33.639737,1675.3,05.1079,0.61965,03.1602
2026-05-27T08:51:34.613032,1676.3,05.1064,1.06093,05.4107
2026-05-27T08:51:35.634937,1677.3,05.1082,1.13238,05.7751
2026-05-27T08:51:36.611700,1678.3,05.1094,1.13436,05.7852
2026-05-27T08:51:37.632658,1679.3,05.1094,1.04832,05.3464
2026-05-27T08:51:38.607825,1680.3,05.1047,1.06715,05.4424
2026-05-27T08:51:39.628532,1681.3,05.1097,1.16443,05.9385
2026-05-27T08:51:40.604539,1682.3,05.1083,1.10241,05.6222
2026-05-27T08:51:41.625912,1683.3,05.1059,1.10792,05.6503
2026-05-27T08:51:42.598750,1684.3,05.1083,1.08985,05.5582
2026-05-27T08:51:43.621082,1685.3,05.1089,1.09995,05.6097
2026-05-27T08:51:44.597927,1686.3,05.1050,1.38568,07.0669
2026-05-27T08:51:45.620230,1687.3,05.1068,0.77367,03.9457
2026-05-27T08:51:46.640848,1688.3,05.1069,0.76448,03.8988
2026-05-27T08:51:47.616775,1689.3,05.1122,1.13683,05.8092
2026-05-27T08:51:48.639408,1690.3,05.1091,1.11505,05.6867
2026-05-27T08:51:49.615926,1691.3,05.1098,1.16042,05.9181
2026-05-27T08:51:50.639508,1692.3,05.1048,1.11478,05.6853
2026-05-27T08:51:51.614795,1693.3,05.1071,1.17860,06.0108
2026-05-27T08:51:52.638767,1694.3,05.1089,1.21735,06.2084
2026-05-27T08:51:53.615696,1695.3,05.1053,1.13582,05.7926
2026-05-27T08:51:54.636506,1696.3,05.1036,1.08902,05.5540
2026-05-27T08:51:55.611943,1697.3,05.1106,1.14455,05.8486
2026-05-27T08:51:56.635300,1698.3,05.1114,1.06932,05.4642
2026-05-27T08:51:57.611571,1699.3,05.0975,1.46392,07.4513
2026-05-27T08:51:58.632805,1700.3,05.1080,0.77305,03.9425
2026-05-27T08:51:59.608937,1701.3,05.1091,0.70942,03.6180
2026-05-27T08:52:00.627622,1702.3,05.1056,1.09577,05.5884
2026-05-27T08:52:01.603750,1703.3,05.1117,1.10073,05.6247
2026-05-27T08:52:02.623208,1704.3,05.1117,1.05634,05.3978
2026-05-27T08:52:03.645622,1705.3,05.1101,1.04923,05.3615
2026-05-27T08:52:04.621524,1706.3,05.1117,1.15889,05.9219
2026-05-27T08:52:05.643477,1707.3,05.1141,1.13649,05.8074
2026-05-27T08:52:06.618322,1708.3,05.1091,1.14938,05.8618
2026-05-27T08:52:07.639497,1709.3,05.1106,1.06034,05.4183
2026-05-27T08:52:08.614077,1710.3,05.1067,1.08101,05.5131
2026-05-27T08:52:09.633133,1711.3,05.1030,1.10465,05.6337
2026-05-27T08:52:10.606831,1712.3,05.1144,1.24299,06.3516
2026-05-27T08:52:11.627095,1713.3,05.1080,0.77196,03.9369
2026-05-27T08:52:12.644899,1714.3,05.1069,0.77107,03.9324
2026-05-27T08:52:13.619614,1715.3,05.1087,1.06270,05.4197
2026-05-27T08:52:14.639299,1716.3,05.1059,1.08412,05.5290
2026-05-27T08:52:15.616010,1717.3,05.1064,1.04909,05.3503
2026-05-27T08:52:16.637559,1718.3,05.1094,1.19967,06.1183
2026-05-27T08:52:17.611913,1719.3,05.1120,1.09327,05.5866
2026-05-27T08:52:18.633849,1720.3,05.1070,1.17846,06.0101
2026-05-27T08:52:19.609514,1721.3,05.1078,1.07228,05.4686
2026-05-27T08:52:20.632871,1722.3,05.1066,1.07248,05.4696
2026-05-27T08:52:21.607016,1723.3,05.1039,1.10558,05.6384
2026-05-27T08:52:22.627090,1724.3,05.1031,1.12572,05.7411
2026-05-27T08:52:23.647811,1725.3,05.1056,1.23228,06.2846
2026-05-27T08:52:24.621878,1726.3,05.1076,0.77202,03.9373
2026-05-27T08:52:25.643882,1727.3,05.1074,0.63198,03.2230
2026-05-27T08:52:26.616649,1728.3,05.1045,1.22320,06.2383
2026-05-27T08:52:27.639994,1729.3,05.1056,1.08582,05.5376
2026-05-27T08:52:28.611755,1730.3,05.1105,1.03564,05.2921
2026-05-27T08:52:29.631618,1731.4,05.1036,1.00858,05.1437
2026-05-27T08:52:30.651844,1732.4,05.1014,1.11436,05.6832
2026-05-27T08:52:31.626400,1733.4,05.1092,1.14851,05.8574
2026-05-27T08:52:32.648903,1734.4,05.1062,1.04488,05.3288
2026-05-27T08:52:33.624815,1735.4,05.1074,1.12137,05.7189
2026-05-27T08:52:34.646680,1736.4,05.1101,1.08058,05.5217
2026-05-27T08:52:35.622066,1737.4,05.1053,1.03194,05.2628
2026-05-27T08:52:36.643557,1738.4,05.1025,1.15064,05.8682
2026-05-27T08:52:37.614887,1739.4,05.1078,0.77715,03.9634
2026-05-27T08:52:38.632737,1740.4,05.1078,0.77257,03.9401
2026-05-27T08:52:39.655288,1741.4,05.1079,1.15399,05.8853
2026-05-27T08:52:40.628778,1742.4,05.1044,1.25157,06.3830
2026-05-27T08:52:41.648592,1743.4,05.0994,1.13388,05.7714
2026-05-27T08:52:42.625156,1744.4,05.1086,1.02079,05.2060
2026-05-27T08:52:43.643906,1745.4,05.1081,1.05785,05.3950
2026-05-27T08:52:44.616755,1746.4,05.1005,1.09699,05.5946
2026-05-27T08:52:45.634795,1747.4,05.1080,1.06805,05.4470
2026-05-27T08:52:46.610892,1748.4,05.1045,1.11001,05.6610
2026-05-27T08:52:47.631564,1749.4,05.1112,1.20878,06.1768
2026-05-27T08:52:48.652114,1750.4,05.1094,1.14671,05.8482
2026-05-27T08:52:49.630947,1751.4,05.1097,1.31917,06.7277
2026-05-27T08:52:50.652561,1752.4,05.1064,0.77364,03.9455
2026-05-27T08:52:51.627616,1753.4,05.1062,0.62298,03.1771
2026-05-27T08:52:52.648602,1754.4,05.1051,1.05301,05.3703
2026-05-27T08:52:53.628204,1755.4,05.1042,1.14363,05.8325
2026-05-27T08:52:54.652700,1756.4,05.1078,1.14870,05.8583
2026-05-27T08:52:55.629179,1757.4,05.1089,1.06861,05.4499
2026-05-27T08:52:56.652339,1758.4,05.1062,1.07044,05.4592
2026-05-27T08:52:57.627893,1759.4,05.1087,1.06341,05.4233
2026-05-27T08:52:58.651329,1760.4,05.1081,1.18204,06.0284
2026-05-27T08:52:59.627437,1761.4,05.0989,1.07372,05.4652
2026-05-27T08:53:00.648944,1762.4,05.1126,1.06213,05.4274
2026-05-27T08:53:01.624272,1763.4,05.1070,1.09536,05.5863
2026-05-27T08:53:02.645734,1764.4,05.1100,1.34718,06.8840
2026-05-27T08:53:03.617503,1765.4,05.1059,0.77217,03.9380
2026-05-27T08:53:04.638492,1766.4,05.1071,0.77154,03.9348
2026-05-27T08:53:05.614776,1767.4,05.1117,1.11281,05.6864
2026-05-27T08:53:06.636769,1768.4,05.1061,1.07949,05.5053
2026-05-27T08:53:07.657742,1769.4,05.1119,1.20598,06.1625
2026-05-27T08:53:08.635651,1770.4,05.1083,1.16449,05.9388
2026-05-27T08:53:09.659701,1771.4,05.1106,1.28011,06.5413
2026-05-27T08:53:10.633516,1772.4,05.1080,1.23333,06.2899
2026-05-27T08:53:11.655743,1773.4,05.1087,1.10538,05.6374
2026-05-27T08:53:12.631082,1774.4,05.1075,1.10545,05.6377
2026-05-27T08:53:13.649981,1775.4,05.1036,1.07568,05.4859
2026-05-27T08:53:14.622222,1776.4,05.1151,1.03807,05.3045
2026-05-27T08:53:15.644092,1777.4,05.1087,1.49892,07.6444
2026-05-27T08:53:16.661993,1778.4,05.1075,0.77507,03.9528
2026-05-27T08:53:17.634586,1779.4,05.1084,0.65106,03.3204
2026-05-27T08:53:18.654904,1780.4,05.1103,1.14003,05.8255
2026-05-27T08:53:19.629118,1781.4,05.1098,1.26770,06.4652
2026-05-27T08:53:20.649216,1782.4,05.1051,1.04321,05.3203
2026-05-27T08:53:21.623736,1783.4,05.1122,1.08530,05.5458
2026-05-27T08:53:22.645759,1784.4,05.1051,1.01140,05.1581
2026-05-27T08:53:23.620560,1785.4,05.1111,1.09028,05.5713
2026-05-27T08:53:24.642686,1786.4,05.1064,1.12071,05.7156
2026-05-27T08:53:25.619247,1787.4,05.1086,1.09690,05.5941
2026-05-27T08:53:26.639640,1788.4,05.1082,1.15947,05.9132
2026-05-27T08:53:27.660056,1789.4,05.1066,1.11337,05.6781
2026-05-27T08:53:28.633490,1790.4,05.1111,1.55670,07.9547
2026-05-27T08:53:29.650522,1791.4,05.1084,0.77638,03.9595
2026-05-27T08:53:30.622913,1792.4,05.1078,0.77313,03.9429
2026-05-27T08:53:31.641671,1793.4,05.1108,1.31541,06.7217
2026-05-27T08:53:32.663096,1794.4,05.1037,1.01998,05.2018
2026-05-27T08:53:33.636523,1795.4,05.1069,1.07484,05.4816
2026-05-27T08:53:34.656557,1796.4,05.1128,1.04191,05.3241
2026-05-27T08:53:35.630783,1797.4,05.1128,1.17458,06.0021
2026-05-27T08:53:36.651141,1798.4,05.1128,1.10724,05.6579
2026-05-27T08:53:37.623541,1799.4,05.1126,1.11202,05.6824
2026-05-27T08:53:38.642333,1800.4,05.1030,1.04480,05.3284
2026-05-27T08:53:39.661916,1801.4,05.1044,1.03676,05.2874
2026-05-27T08:53:40.635322,1802.4,05.1106,1.27840,06.5326
2026-05-27T08:53:41.656208,1803.4,05.1133,1.28121,06.5469
2026-05-27T08:53:42.629123,1804.4,05.1133,0.77272,03.9485
2026-05-27T08:53:43.645226,1805.4,05.1108,0.66950,03.4211
2026-05-27T08:53:44.663530,1806.4,05.1095,1.08993,05.5586
2026-05-27T08:53:45.634645,1807.4,05.1109,1.03073,05.2670
2026-05-27T08:53:46.654890,1808.4,05.1106,1.05574,05.3948
2026-05-27T08:53:47.629191,1809.4,05.1064,1.13522,05.7896
2026-05-27T08:53:48.647602,1810.4,05.1098,1.04827,05.3461
2026-05-27T08:53:49.622673,1811.4,05.1093,1.08361,05.5264
2026-05-27T08:53:50.641959,1812.4,05.1072,1.09078,05.5629
2026-05-27T08:53:51.659599,1813.4,05.1019,1.05775,05.3945
2026-05-27T08:53:52.630880,1814.4,05.1095,1.09524,05.5857
2026-05-27T08:53:53.649757,1815.4,05.1067,1.06652,05.4392
2026-05-27T08:53:54.667790,1816.4,05.0992,1.11110,05.6554
2026-05-27T08:53:55.640932,1817.4,05.1091,0.77458,03.9503
2026-05-27T08:53:56.659543,1818.4,05.1073,0.77297,03.9421
2026-05-27T08:53:57.633857,1819.4,05.1091,1.28968,06.5773
2026-05-27T08:53:58.656032,1820.4,05.1122,1.15574,05.9058
2026-05-27T08:53:59.631534,1821.4,05.1085,1.03448,05.2758
2026-05-27T08:54:00.652034,1822.4,05.1051,1.15412,05.8860
2026-05-27T08:54:01.627167,1823.4,05.1051,1.06359,05.4243
2026-05-27T08:54:02.647690,1824.4,05.1047,1.15241,05.8772
2026-05-27T08:54:03.667576,1825.4,05.1076,1.16930,05.9634
2026-05-27T08:54:04.643204,1826.4,05.1126,1.09537,05.5973
2026-05-27T08:54:05.662606,1827.4,05.1120,1.12427,05.7450
2026-05-27T08:54:06.636753,1828.4,05.1078,1.14539,05.8414
2026-05-27T08:54:07.654650,1829.4,05.0992,1.33716,06.8061
2026-05-27T08:54:08.671764,1830.4,05.1095,0.79812,04.0704
2026-05-27T08:54:09.644279,1831.4,05.1070,0.71934,03.6686
2026-05-27T08:54:10.662869,1832.4,05.1144,1.14388,05.8452
2026-05-27T08:54:11.637800,1833.4,05.1068,1.27012,06.4776
2026-05-27T08:54:12.656948,1834.4,05.1106,1.02094,05.2170
2026-05-27T08:54:13.630095,1835.4,05.0998,1.04871,05.3379
2026-05-27T08:54:14.648186,1836.4,05.1098,1.07704,05.4929
2026-05-27T08:54:15.668566,1837.4,05.1081,1.10412,05.6310
2026-05-27T08:54:16.642696,1838.4,05.1095,1.14201,05.8242
2026-05-27T08:54:17.661330,1839.4,05.1086,1.03417,05.2742
2026-05-27T08:54:18.635793,1840.4,05.1064,0.94940,04.8419
2026-05-27T08:54:19.655788,1841.4,05.1098,1.14052,05.8166
2026-05-27T08:54:20.628407,1842.4,05.1208,1.25208,06.4106
2026-05-27T08:54:21.647937,1843.4,05.1098,0.77168,03.9355
2026-05-27T08:54:22.667787,1844.4,05.1080,0.77086,03.9313
2026-05-27T08:54:23.642756,1845.4,05.1050,1.08219,05.5191
2026-05-27T08:54:24.663525,1846.4,05.1064,1.16713,05.9523
2026-05-27T08:54:25.635853,1847.4,05.1056,1.05765,05.3940
2026-05-27T08:54:26.656276,1848.4,05.1091,1.13362,05.7814
2026-05-27T08:54:27.633591,1849.4,05.1050,1.07237,05.4690
2026-05-27T08:54:28.653381,1850.4,05.1056,1.11172,05.6697
2026-05-27T08:54:29.675397,1851.4,05.1078,1.09119,05.5650
2026-05-27T08:54:30.649516,1852.4,05.1006,1.12707,05.7480
2026-05-27T08:54:31.669946,1853.4,05.1051,1.05036,05.3568
2026-05-27T08:54:32.642933,1854.4,05.1048,1.10041,05.6120
2026-05-27T08:54:33.664253,1855.4,05.0906,1.13447,05.7744
2026-05-27T08:54:34.639461,1856.4,05.1072,0.77561,03.9556
2026-05-27T08:54:35.661319,1857.4,05.1061,0.69043,03.5211
2026-05-27T08:54:36.636141,1858.4,05.1172,1.10366,05.6397
2026-05-27T08:54:37.658503,1859.4,05.1050,1.12834,05.7545
2026-05-27T08:54:38.677475,1860.4,05.1116,1.05978,05.4154
2026-05-27T08:54:39.652206,1861.4,05.1098,1.15375,05.8841
2026-05-27T08:54:40.672846,1862.4,05.1037,1.06629,05.4380
2026-05-27T08:54:41.651427,1863.4,05.1095,1.05369,05.3738
2026-05-27T08:54:42.675076,1864.4,05.1028,1.18208,06.0286
2026-05-27T08:54:43.648247,1865.4,05.1084,1.13658,05.7965
2026-05-27T08:54:44.669409,1866.4,05.1084,1.14728,05.8511
2026-05-27T08:54:45.646615,1867.4,05.0901,1.09127,05.5545
2026-05-27T08:54:46.670913,1868.4,05.1051,1.25418,06.3963
2026-05-27T08:54:47.646337,1869.4,05.1105,0.77163,03.9430
2026-05-27T08:54:48.668770,1870.4,05.1064,0.77082,03.9311
2026-05-27T08:54:49.646570,1871.4,05.1050,1.00836,05.1426
2026-05-27T08:54:50.670089,1872.4,05.1070,1.04144,05.3113
2026-05-27T08:54:51.645141,1873.4,05.1071,1.13829,05.8052
2026-05-27T08:54:52.667011,1874.4,05.1078,1.11730,05.6982
2026-05-27T08:54:53.642574,1875.4,05.1117,1.13447,05.7971
2026-05-27T08:54:54.665208,1876.4,05.1130,1.05384,05.3851
2026-05-27T08:54:55.639157,1877.4,05.1061,1.08833,05.5504
2026-05-27T08:54:56.659749,1878.4,05.1086,1.08820,05.5498
2026-05-27T08:54:57.682635,1879.4,05.1064,1.07075,05.4608
2026-05-27T08:54:58.657337,1880.4,05.1031,1.13578,05.7924
2026-05-27T08:54:59.678489,1881.4,05.1111,1.41266,07.2186
2026-05-27T08:55:00.651024,1882.4,05.1076,0.77396,03.9471
2026-05-27T08:55:01.667403,1883.4,05.1073,0.62235,03.1739
2026-05-27T08:55:02.638368,1884.4,05.1125,1.12137,05.7302
2026-05-27T08:55:03.662219,1885.4,05.1044,1.08347,05.5256
2026-05-27T08:55:04.639268,1886.4,05.1095,1.09829,05.6012
2026-05-27T08:55:05.657161,1887.4,05.1091,1.11314,05.6770
2026-05-27T08:55:06.679511,1888.4,05.1091,1.18320,06.0343
2026-05-27T08:55:07.652445,1889.4,05.1039,1.07379,05.4763
2026-05-27T08:55:08.670773,1890.4,05.0878,1.15662,05.8756
2026-05-27T08:55:09.645535,1891.4,05.1075,1.01698,05.1865
2026-05-27T08:55:10.665037,1892.4,05.1061,1.18896,06.0636
2026-05-27T08:55:11.639853,1893.4,05.1101,1.11844,05.7152
2026-05-27T08:55:12.659146,1894.4,05.0820,1.22046,06.1999
2026-05-27T08:55:13.679934,1895.4,05.1120,0.77633,03.9670
2026-05-27T08:55:14.653144,1896.4,05.1089,0.77318,03.9432
2026-05-27T08:55:15.671213,1897.4,05.0969,1.10111,05.6046
2026-05-27T08:55:16.648493,1898.4,05.1089,1.04058,05.3069
2026-05-27T08:55:17.670263,1899.4,05.1086,1.03155,05.2609
2026-05-27T08:55:18.647292,1900.4,05.1056,1.24506,06.3498
2026-05-27T08:55:19.670778,1901.4,05.1031,1.12098,05.7169
2026-05-27T08:55:20.646703,1902.4,05.1119,1.08089,05.5233
2026-05-27T08:55:21.667701,1903.4,05.1056,1.08713,05.5443
2026-05-27T08:55:22.644262,1904.4,05.1074,1.18708,06.0541
2026-05-27T08:55:23.664605,1905.4,05.1103,1.02324,05.2287
2026-05-27T08:55:24.686391,1906.4,05.1076,1.03959,05.3019
2026-05-27T08:55:25.662603,1907.4,05.1000,1.25570,06.4040
2026-05-27T08:55:26.684678,1908.4,05.1065,0.77508,03.9529
2026-05-27T08:55:27.658258,1909.4,05.1071,0.71767,03.6601
2026-05-27T08:55:28.677279,1910.4,05.1031,1.05501,05.3805
2026-05-27T08:55:29.652790,1911.4,05.0950,1.06512,05.4214
2026-05-27T08:55:30.674824,1912.4,05.1044,1.14381,05.8334
2026-05-27T08:55:31.653615,1913.4,05.1103,1.09278,05.5841
2026-05-27T08:55:32.674300,1914.4,05.1034,1.26007,06.4263
2026-05-27T08:55:33.648849,1915.4,05.1059,1.04913,05.3505
2026-05-27T08:55:34.668733,1916.4,05.0956,1.08498,05.5225
2026-05-27T08:55:35.687955,1917.4,05.1092,1.24976,06.3737
2026-05-27T08:55:36.663005,1918.4,05.1128,1.16689,05.9628
2026-05-27T08:55:37.686555,1919.4,05.1134,1.11648,05.7052
2026-05-27T08:55:38.665157,1920.4,05.1034,1.09462,05.5825
2026-05-27T08:55:39.686785,1921.4,05.1080,0.77446,03.9497
2026-05-27T08:55:40.658823,1922.4,05.1076,0.79521,04.0555
2026-05-27T08:55:41.679147,1923.4,05.1130,1.16943,05.9757
2026-05-27T08:55:42.654640,1924.4,05.1117,1.15204,05.8869
2026-05-27T08:55:43.675573,1925.4,05.0933,1.03148,05.2502
2026-05-27T08:55:44.653488,1926.4,05.1105,1.11764,05.7111
2026-05-27T08:55:45.676140,1927.4,05.1008,1.04391,05.3239
2026-05-27T08:55:46.651270,1928.4,05.1089,1.07635,05.4893
2026-05-27T08:55:47.672672,1929.4,05.1039,1.16216,05.9270
2026-05-27T08:55:48.649863,1930.4,05.1044,1.06937,05.4537
2026-05-27T08:55:49.674946,1931.4,05.1072,1.10136,05.6169
2026-05-27T08:55:50.650319,1932.4,05.1108,1.12934,05.7709
2026-05-27T08:55:51.670846,1933.4,05.1034,1.25907,06.4212
2026-05-27T08:55:52.690525,1934.4,05.1114,0.77590,03.9648
2026-05-27T08:55:53.664409,1935.4,05.1080,0.68018,03.4689
2026-05-27T08:55:54.682277,1936.4,05.1055,1.18383,06.0375
2026-05-27T08:55:55.655969,1937.4,05.1055,1.17828,06.0092
2026-05-27T08:55:56.678705,1938.4,05.1056,1.19860,06.1128
2026-05-27T08:55:57.653000,1939.4,05.1079,1.08386,05.5276
2026-05-27T08:55:58.674333,1940.4,05.1044,1.10553,05.6382
2026-05-27T08:55:59.650702,1941.4,05.1039,1.14531,05.8410
2026-05-27T08:56:00.671965,1942.4,05.1106,1.23427,06.3071
2026-05-27T08:56:01.691997,1943.4,05.1069,1.07077,05.4609
2026-05-27T08:56:02.667706,1944.4,05.1148,1.17357,05.9969
2026-05-27T08:56:03.687916,1945.4,05.1092,1.21238,06.1831
2026-05-27T08:56:04.661976,1946.4,05.0931,1.16596,05.9347
2026-05-27T08:56:05.680852,1947.4,05.1073,0.77156,03.9349
2026-05-27T08:56:06.653728,1948.4,05.1067,0.77073,03.9307
2026-05-27T08:56:07.674312,1949.4,05.1091,1.03898,05.2987
2026-05-27T08:56:08.694168,1950.4,05.1051,1.13716,05.7995
2026-05-27T08:56:09.669688,1951.4,05.1058,1.01196,05.1609
2026-05-27T08:56:10.690181,1952.4,05.1050,1.07481,05.4815
2026-05-27T08:56:11.666446,1953.4,05.1137,1.04142,05.3216
2026-05-27T08:56:12.686398,1954.4,05.1019,1.08728,05.5451
2026-05-27T08:56:13.659433,1955.4,05.1123,1.28421,06.5623
2026-05-27T08:56:14.679753,1956.4,05.1087,1.10536,05.6373
2026-05-27T08:56:15.699691,1957.4,05.1062,1.25352,06.3929
2026-05-27T08:56:16.674836,1958.4,05.1101,1.10668,05.6551
2026-05-27T08:56:17.694950,1959.4,05.1044,1.32637,06.7644
2026-05-27T08:56:18.668185,1960.4,05.1006,0.79097,04.0339
2026-05-27T08:56:19.686885,1961.4,05.1089,0.77271,03.9408
2026-05-27T08:56:20.661837,1962.4,05.1076,1.16247,05.9285
2026-05-27T08:56:21.684147,1963.4,05.1092,1.05084,05.3592
2026-05-27T08:56:22.659691,1964.4,05.1022,1.09323,05.5754
2026-05-27T08:56:23.683593,1965.4,05.1036,1.05559,05.3835
2026-05-27T08:56:24.661876,1966.4,05.1084,1.10096,05.6148
2026-05-27T08:56:25.684253,1967.4,05.1058,1.10609,05.6410
2026-05-27T08:56:26.662054,1968.4,05.1069,1.00153,05.1078
2026-05-27T08:56:27.685132,1969.4,05.1080,1.04938,05.3518
2026-05-27T08:56:28.660247,1970.4,05.1067,1.10817,05.6516
2026-05-27T08:56:29.683497,1971.4,05.1075,1.07752,05.4953
2026-05-27T08:56:30.660227,1972.4,05.1075,1.27640,06.5096
2026-05-27T08:56:31.680141,1973.4,05.1081,0.77747,03.9650
2026-05-27T08:56:32.698259,1974.4,05.1069,0.77534,03.9542
2026-05-27T08:56:33.672621,1975.4,05.1081,1.08776,05.5475
2026-05-27T08:56:34.692551,1976.4,05.0928,1.11861,05.6937
2026-05-27T08:56:35.668009,1977.4,05.1122,1.23687,06.3204
2026-05-27T08:56:36.689811,1978.4,05.1069,1.08692,05.5432
2026-05-27T08:56:37.666649,1979.4,05.1141,1.25166,06.3959
2026-05-27T08:56:38.685823,1980.4,05.1070,1.05566,05.3838
2026-05-27T08:56:39.661966,1981.4,05.1117,1.05150,05.3731
2026-05-27T08:56:40.683315,1982.4,05.1083,0.98262,05.0113
2026-05-27T08:56:41.703636,1983.4,05.0964,1.09316,05.5641
2026-05-27T08:56:42.679074,1984.4,05.1090,1.29679,06.6136
2026-05-27T08:56:43.698827,1985.4,05.1195,1.27260,06.5029
2026-05-27T08:56:44.676078,1986.4,05.1142,0.77065,03.9380
2026-05-27T08:56:45.696941,1987.4,05.1089,0.77032,03.9286
2026-05-27T08:56:46.670929,1988.4,05.1090,1.12287,05.7266
2026-05-27T08:56:47.690586,1989.4,05.1067,1.05610,05.3861
2026-05-27T08:56:48.666175,1990.4,05.1087,1.08114,05.5138
2026-05-27T08:56:49.689181,1991.4,05.1097,1.09932,05.6065
2026-05-27T08:56:50.662696,1992.4,05.0898,1.08517,05.5126
2026-05-27T08:56:51.682803,1993.4,05.1091,1.11094,05.6657
2026-05-27T08:56:52.703974,1994.4,05.1086,1.12625,05.7438
2026-05-27T08:56:53.676053,1995.4,05.1086,1.18017,06.0188
2026-05-27T08:56:54.693716,1996.4,05.1075,1.13331,05.7798
2026-05-27T08:56:55.667755,1997.4,05.1087,1.07402,05.4775
2026-05-27T08:56:56.689462,1998.4,05.0970,1.28195,06.5251
2026-05-27T08:56:57.706611,1999.4,05.0998,0.77187,03.9288
2026-05-27T08:56:58.679702,2000.4,05.1074,0.77162,03.9352
2026-05-27T08:56:59.700069,2001.4,05.1086,1.12930,05.7594
2026-05-27T08:57:00.672620,2002.4,05.1008,1.08701,05.5437
2026-05-27T08:57:01.689588,2003.4,05.1039,1.01182,05.1602
2026-05-27T08:57:02.707282,2004.4,05.0969,1.14252,05.8154
2026-05-27T08:57:03.681282,2005.4,05.1073,1.05179,05.3641
2026-05-27T08:57:04.698976,2006.4,05.1000,1.13045,05.7652
2026-05-27T08:57:05.671667,2007.4,05.1098,1.17006,05.9673
2026-05-27T08:57:06.691259,2008.4,05.1069,1.09286,05.5735
2026-05-27T08:57:07.710274,2009.4,05.1125,1.06028,05.4180
2026-05-27T08:57:08.681879,2010.4,05.1011,1.06768,05.4451
2026-05-27T08:57:09.697765,2011.4,05.1079,1.20167,06.1285
2026-05-27T08:57:10.671949,2012.4,05.1086,0.80119,04.0860
2026-05-27T08:57:11.688674,2013.4,05.1081,0.62703,03.1978
2026-05-27T08:57:12.709221,2014.4,05.1025,1.14308,05.8297
2026-05-27T08:57:13.684696,2015.4,05.1079,1.16653,05.9493
2026-05-27T08:57:14.702287,2016.4,05.1076,1.03018,05.2539
2026-05-27T08:57:15.676826,2017.4,05.1067,1.04328,05.3207
2026-05-27T08:57:16.693762,2018.4,05.1074,1.05525,05.3817
2026-05-27T08:57:17.668499,2019.4,05.1045,1.00188,05.1095
2026-05-27T08:57:18.687763,2020.4,05.1112,1.13797,05.8150
2026-05-27T08:57:19.708322,2021.4,05.1047,1.10726,05.6470
2026-05-27T08:57:20.681216,2022.4,05.1069,1.13168,05.7715
2026-05-27T08:57:21.700861,2023.4,05.1041,1.03629,05.2850
2026-05-27T08:57:22.675419,2024.4,05.1134,1.19691,06.1162
2026-05-27T08:57:23.694736,2025.4,05.1050,0.77391,03.9469
2026-05-27T08:57:24.711496,2026.4,05.1057,0.77269,03.9407
2026-05-27T08:57:25.683053,2027.4,05.1055,1.02089,05.2065
2026-05-27T08:57:26.704313,2028.4,05.1078,1.08375,05.5271
2026-05-27T08:57:27.680043,2029.4,05.1073,1.25741,06.4127
2026-05-27T08:57:28.700995,2030.4,05.1134,1.07410,05.4886
2026-05-27T08:57:29.677518,2031.4,05.1064,1.16329,05.9327
2026-05-27T08:57:30.697306,2032.4,05.0994,1.10682,05.6337
2026-05-27T08:57:31.716014,2033.4,05.1067,1.09617,05.5904
2026-05-27T08:57:32.688228,2034.4,05.1137,1.16494,05.9528
2026-05-27T08:57:33.708885,2035.4,05.1180,1.12308,05.7389
2026-05-27T08:57:34.684458,2036.4,05.1122,1.15279,05.8907
2026-05-27T08:57:35.706827,2037.4,05.1206,1.12908,05.7808
2026-05-27T08:57:36.680889,2038.4,05.1068,0.77537,03.9543
2026-05-27T08:57:37.699784,2039.4,05.1074,0.74048,03.7764
2026-05-27T08:57:38.673179,2040.4,05.1006,1.05564,05.3837
2026-05-27T08:57:39.691480,2041.4,05.1003,1.10607,05.6409
2026-05-27T08:57:40.712864,2042.4,05.1078,1.05974,05.4046
2026-05-27T08:57:41.689019,2043.4,05.1081,1.05684,05.3898
2026-05-27T08:57:42.711817,2044.4,05.0970,1.18054,06.0089
2026-05-27T08:57:43.686631,2045.4,05.0962,1.09194,05.5579
2026-05-27T08:57:44.708132,2046.4,05.1072,1.01426,05.1727
2026-05-27T08:57:45.682617,2047.4,05.1036,1.11487,05.6858
2026-05-27T08:57:46.703264,2048.4,05.1091,1.06862,05.4499
2026-05-27T08:57:47.678028,2049.4,05.1064,1.07207,05.4675
2026-05-27T08:57:48.700549,2050.4,05.1175,1.31771,06.7334
2026-05-27T08:57:49.674883,2051.4,05.1059,0.83424,04.2546
2026-05-27T08:57:50.693066,2052.4,05.1078,0.77212,03.9378
2026-05-27T08:57:51.712954,2053.4,05.0950,1.06429,05.4172
2026-05-27T08:57:52.688850,2054.4,05.1147,1.11814,05.7136
2026-05-27T08:57:53.709590,2055.4,05.1105,1.03294,05.2783
2026-05-27T08:57:54.683246,2056.4,05.1076,1.07043,05.4591
2026-05-27T08:57:55.705380,2057.4,05.1100,1.08388,05.5386
2026-05-27T08:57:56.679722,2058.4,05.1073,1.09687,05.5940
2026-05-27T08:57:57.700047,2059.4,05.1006,1.11568,05.6899
2026-05-27T08:57:58.718651,2060.4,05.0976,1.12466,05.7245
2026-05-27T08:57:59.693704,2061.4,05.0992,1.09924,05.5951
2026-05-27T08:58:00.714935,2062.4,05.0992,1.30333,06.6339
2026-05-27T08:58:01.685025,2063.4,05.1091,1.38421,07.0594
2026-05-27T08:58:02.706157,2064.4,05.1072,0.77480,03.9514
2026-05-27T08:58:03.679000,2065.4,05.1072,0.77828,03.9692
2026-05-27T08:58:04.696519,2066.4,05.0920,1.13078,05.7556
2026-05-27T08:58:05.715119,2067.4,05.0953,1.13278,05.7658
2026-05-27T08:58:06.689903,2068.4,05.1131,1.19238,06.0930
2026-05-27T08:58:07.709080,2069.4,05.1098,1.06919,05.4528
2026-05-27T08:58:08.686295,2070.4,05.0920,1.11658,05.6833
2026-05-27T08:58:09.707738,2071.4,05.1089,1.07426,05.4787
2026-05-27T08:58:10.680823,2072.4,05.1001,1.23565,06.3018
2026-05-27T08:58:11.700602,2073.4,05.1125,1.21031,06.1846
2026-05-27T08:58:12.720756,2074.4,05.1116,1.28063,06.5440
2026-05-27T08:58:13.693867,2075.4,05.1047,1.08666,05.5419
2026-05-27T08:58:14.713249,2076.4,05.1137,1.18764,06.0688
2026-05-27T08:58:15.686461,2077.4,05.1108,0.77247,03.9473
2026-05-27T08:58:16.707336,2078.4,05.1081,0.77134,03.9338
2026-05-27T08:58:17.685336,2079.4,05.1051,1.26222,06.4373
2026-05-27T08:58:18.708401,2080.4,05.1084,1.06005,05.4062
2026-05-27T08:58:19.687341,2081.4,05.1081,1.12217,05.7230
2026-05-27T08:58:20.711161,2082.4,05.1100,1.07768,05.5069
2026-05-27T08:58:21.687952,2083.4,05.1005,1.10179,05.6191
2026-05-27T08:58:22.710183,2084.4,05.1059,1.07628,05.4890
2026-05-27T08:58:23.686608,2085.4,05.0998,1.16435,05.9265
2026-05-27T08:58:24.708029,2086.4,05.1075,1.07512,05.4831
2026-05-27T08:58:25.683695,2087.4,05.1062,1.07855,05.5006
2026-05-27T08:58:26.704251,2088.4,05.0945,1.12398,05.7210
2026-05-27T08:58:27.727023,2089.4,05.0905,1.17322,05.9716
2026-05-27T08:58:28.703328,2090.4,05.1064,0.77650,03.9601
2026-05-27T08:58:29.721453,2091.4,05.1076,0.68421,03.4894
2026-05-27T08:58:30.694541,2092.4,05.0955,1.12108,05.7062
2026-05-27T08:58:31.714545,2093.4,05.1082,1.15218,05.8761
2026-05-27T08:58:32.691648,2094.4,05.1082,1.12537,05.7393
2026-05-27T08:58:33.714511,2095.4,05.0941,1.13694,05.7870
2026-05-27T08:58:34.690393,2096.4,05.1123,1.12586,05.7531
2026-05-27T08:58:35.708166,2097.4,05.1085,1.20192,06.1297
2026-05-27T08:58:36.728391,2098.4,05.1101,1.16426,05.9493
2026-05-27T08:58:37.701204,2099.4,05.1028,1.07538,05.4844
2026-05-27T08:58:38.721847,2100.4,05.1116,1.01946,05.2094
2026-05-27T08:58:39.694746,2101.4,05.1086,1.19528,06.0959
2026-05-27T08:58:40.712446,2102.4,05.1025,1.15229,05.8766
2026-05-27T08:58:41.731584,2103.4,05.1069,0.77645,03.9598
2026-05-27T08:58:42.701687,2104.4,05.1083,0.81690,04.1661
2026-05-27T08:58:43.721304,2105.4,05.1153,1.14579,05.8549
2026-05-27T08:58:44.696486,2106.4,05.1006,1.14514,05.8402
2026-05-27T08:58:45.715881,2107.4,05.0869,1.16398,05.9130
2026-05-27T08:58:46.692689,2108.4,05.1072,1.07721,05.4937
2026-05-27T08:58:47.713313,2109.4,05.1048,1.14676,05.8484
2026-05-27T08:58:48.732955,2110.4,05.1006,1.10115,05.6158
2026-05-27T08:58:49.705286,2111.4,05.0976,1.14592,05.8327
2026-05-27T08:58:50.726359,2112.4,05.1116,1.09649,05.6030
2026-05-27T08:58:51.703008,2113.4,05.1142,1.19956,06.1297
2026-05-27T08:58:52.726223,2114.4,05.1105,1.19646,06.1139
2026-05-27T08:58:53.700220,2115.4,05.1217,1.23525,06.3244
2026-05-27T08:58:54.719803,2116.4,05.1098,0.77632,03.9592
2026-05-27T08:58:55.690188,2117.4,05.1073,0.75100,03.8301
2026-05-27T08:58:56.708340,2118.4,05.1014,1.10096,05.6148
2026-05-27T08:58:57.729367,2119.4,05.1136,1.09292,05.5848
2026-05-27T08:58:58.706527,2120.4,05.1117,1.08015,05.5195
2026-05-27T08:58:59.730713,2121.4,05.1181,1.07328,05.4844
2026-05-27T08:59:00.703981,2122.4,05.1095,1.12183,05.7213
2026-05-27T08:59:01.724716,2123.4,05.1064,1.13743,05.8008
2026-05-27T08:59:02.698844,2124.4,05.1009,1.18237,06.0300
2026-05-27T08:59:03.716723,2125.4,05.1066,1.14779,05.8537
2026-05-27T08:59:04.735905,2126.4,05.1181,1.05964,05.4147
2026-05-27T08:59:05.710817,2127.4,05.1009,1.12959,05.7609
2026-05-27T08:59:06.728512,2128.4,05.0998,1.19039,06.0590
2026-05-27T08:59:07.700751,2129.4,05.1112,0.77632,03.9669
2026-05-27T08:59:08.716863,2130.4,05.1083,0.77471,03.9510
2026-05-27T08:59:09.735161,2131.4,05.1131,1.17236,05.9907
2026-05-27T08:59:10.709124,2132.4,05.1151,1.11461,05.6956
2026-05-27T08:59:11.731540,2133.4,05.1055,1.09044,05.5612
2026-05-27T08:59:12.706261,2134.4,05.0981,1.24650,06.3446
2026-05-27T08:59:13.729142,2135.4,05.1060,1.33525,06.8097
2026-05-27T08:59:14.703373,2136.4,05.1042,1.19696,06.1044
2026-05-27T08:59:15.726433,2137.4,05.1089,1.13586,05.7928
2026-05-27T08:59:16.700821,2138.4,05.1091,1.20454,06.1431
2026-05-27T08:59:17.721674,2139.4,05.1095,1.27348,06.4947
2026-05-27T08:59:18.694554,2140.4,05.1020,1.42996,07.2927
2026-05-27T08:59:19.714926,2141.4,05.0983,1.27818,06.5059
2026-05-27T08:59:20.734157,2142.4,05.1120,0.78022,03.9869
2026-05-27T08:59:21.704088,2143.4,05.1069,0.77790,03.9672
2026-05-27T08:59:22.723324,2144.4,05.1034,1.15250,05.8777
2026-05-27T08:59:23.698315,2145.4,05.1117,1.21378,06.2024
2026-05-27T08:59:24.718578,2146.4,05.1039,1.14016,05.8148
2026-05-27T08:59:25.739949,2147.4,05.1023,1.06053,05.4087
2026-05-27T08:59:26.716844,2148.4,05.1133,1.14810,05.8667
2026-05-27T08:59:27.737954,2149.4,05.1017,1.11688,05.6960
2026-05-27T08:59:28.714771,2150.4,05.1033,1.06343,05.4234
2026-05-27T08:59:29.734814,2151.4,05.1061,1.12097,05.7169
2026-05-27T08:59:30.711775,2152.4,05.1042,1.15729,05.9021
2026-05-27T08:59:31.736034,2153.4,05.1136,1.08921,05.5658
2026-05-27T08:59:32.715213,2154.4,05.1169,1.16306,05.9432
2026-05-27T08:59:33.735969,2155.4,05.1059,0.93760,04.7817
2026-05-27T08:59:34.710155,2156.4,05.1080,0.80331,04.0968
2026-05-27T08:59:35.731278,2157.4,05.1066,1.09060,05.5620
2026-05-27T08:59:36.705490,2158.4,05.1056,1.07129,05.4635
2026-05-27T08:59:37.726134,2159.4,05.1100,1.08622,05.5505
2026-05-27T08:59:38.700920,2160.4,05.1045,1.06224,05.4174
2026-05-27T08:59:39.721431,2161.4,05.1105,1.09406,05.5906
2026-05-27T08:59:40.739300,2162.4,05.1108,1.17966,06.0280
2026-05-27T08:59:41.712112,2163.4,05.1122,1.06695,05.4521
2026-05-27T08:59:42.732557,2164.4,05.1136,1.07879,05.5126
2026-05-27T08:59:43.706647,2165.4,05.1048,1.07749,05.4951
2026-05-27T08:59:44.725216,2166.4,05.1089,1.05157,05.3630
2026-05-27T08:59:45.697159,2167.4,05.1008,1.36729,06.9731
2026-05-27T08:59:46.716383,2168.4,05.1025,1.03395,05.2731
2026-05-27T08:59:47.731682,2169.4,05.1076,0.75333,03.8419
2026-05-27T08:59:48.704757,2170.4,05.1058,1.04256,05.3170
2026-05-27T08:59:49.725749,2171.4,05.0986,1.05369,05.3632
2026-05-27T08:59:50.700542,2172.4,05.1117,1.05437,05.3878
2026-05-27T08:59:51.719682,2173.4,05.1070,1.12385,05.7316
2026-05-27T08:59:52.738693,2174.4,05.1056,1.08697,05.5435
2026-05-27T08:59:53.712685,2175.4,05.1122,1.08816,05.5604
2026-05-27T08:59:54.732422,2176.4,05.0975,1.36817,06.9639
2026-05-27T08:59:55.708012,2177.4,05.1105,1.22370,06.2531
2026-05-27T08:59:56.731457,2178.4,05.1076,1.11642,05.6937
2026-05-27T08:59:57.708483,2179.4,05.0998,1.09052,05.5507
2026-05-27T08:59:58.727410,2180.4,05.1051,1.23688,06.3080
2026-05-27T08:59:59.700954,2181.4,05.1092,0.93152,04.7507
2026-05-27T09:00:00.718215,2182.4,05.1081,0.78702,04.0138
2026-05-27T09:00:01.740672,2183.4,05.1042,1.22391,06.2419
2026-05-27T09:00:02.714885,2184.4,05.1111,1.17834,06.0213
2026-05-27T09:00:03.734470,2185.4,05.1078,1.04274,05.3179
2026-05-27T09:00:04.712711,2186.4,05.1103,1.02868,05.2565
2026-05-27T09:00:05.730674,2187.4,05.1131,1.15528,05.9034
2026-05-27T09:00:06.703955,2188.4,05.1072,1.19960,06.1179
2026-05-27T09:00:07.722457,2189.4,05.0991,1.31694,06.7032
2026-05-27T09:00:08.744330,2190.4,05.0956,1.03480,05.2671
2026-05-27T09:00:09.722633,2191.4,05.1068,1.08802,05.5489
2026-05-27T09:00:10.698893,2192.4,05.1030,1.08059,05.5110
2026-05-27T09:00:11.719369,2193.4,05.1069,1.08899,05.5538
2026-05-27T09:00:12.739564,2194.4,05.1101,0.77650,03.9679
2026-05-27T09:00:13.710407,2195.4,05.1068,0.77574,03.9562
2026-05-27T09:00:14.730560,2196.4,05.0920,1.46891,07.4767
2026-05-27T09:00:15.708244,2197.4,05.1064,1.28619,06.5595
2026-05-27T09:00:16.731584,2198.4,05.1184,1.09055,05.5727
2026-05-27T09:00:17.710281,2199.4,05.0909,1.08747,05.5352
2026-05-27T09:00:18.735293,2200.4,05.0983,1.09334,05.5651
2026-05-27T09:00:19.712855,2201.4,05.1012,1.04892,05.3494
2026-05-27T09:00:20.738119,2202.4,05.1116,1.32592,06.7754
2026-05-27T09:00:21.715306,2203.4,05.1153,1.20667,06.1660
2026-05-27T09:00:22.740327,2204.4,05.1022,1.18380,06.0373
2026-05-27T09:00:23.719029,2205.4,05.0976,1.12739,05.7384
2026-05-27T09:00:24.744292,2206.4,05.1126,1.23737,06.3229
2026-05-27T09:00:25.720884,2207.4,05.1039,0.79088,04.0334
2026-05-27T09:00:26.746043,2208.4,05.1071,0.77403,03.9475
2026-05-27T09:00:27.724385,2209.4,05.1001,1.12645,05.7448
2026-05-27T09:00:28.701293,2210.4,05.1103,1.12323,05.7397
2026-05-27T09:00:29.723583,2211.4,05.0975,1.01839,05.1836
2026-05-27T09:00:30.704042,2212.4,05.1111,1.12521,05.7498
2026-05-27T09:00:31.726158,2213.4,05.1230,1.22745,06.2845
2026-05-27T09:00:32.747203,2214.4,05.1130,1.15510,05.9025
2026-05-27T09:00:33.724140,2215.4,05.1022,1.16980,05.9659
2026-05-27T09:00:34.746644,2216.4,05.1119,1.08765,05.5578
2026-05-27T09:00:35.722681,2217.4,05.1123,1.23550,06.3134
2026-05-27T09:00:36.744853,2218.4,05.1103,1.22847,06.2774
2026-05-27T09:00:37.720306,2219.4,05.1233,1.13966,05.8350
2026-05-27T09:00:38.743430,2220.4,05.1037,0.78032,03.9796
2026-05-27T09:00:39.717461,2221.4,05.1074,0.77801,03.9678
2026-05-27T09:00:40.738072,2222.4,05.1008,1.29540,06.6065
2026-05-27T09:00:41.716680,2223.4,05.1114,1.11849,05.7154
2026-05-27T09:00:42.737630,2224.4,05.1111,1.10069,05.6245
2026-05-27T09:00:43.714125,2225.4,05.0992,1.06555,05.4236
2026-05-27T09:00:44.737262,2226.4,05.1128,1.09254,05.5828
2026-05-27T09:00:45.713660,2227.4,05.1070,1.19573,06.0982
2026-05-27T09:00:46.734147,2228.4,05.1187,1.22111,06.2398
2026-05-27T09:00:47.710892,2229.4,05.1039,1.13996,05.8137
2026-05-27T09:00:48.734132,2230.4,05.0984,1.05514,05.3706
2026-05-27T09:00:49.709579,2231.4,05.1117,1.05086,05.3698
2026-05-27T09:00:50.729337,2232.4,05.1048,1.21669,06.2051
2026-05-27T09:00:51.706274,2233.4,05.1123,0.77566,03.9636
2026-05-27T09:00:52.725048,2234.4,05.1071,0.77488,03.9518
2026-05-27T09:00:53.748920,2235.4,05.1119,1.29422,06.6134
2026-05-27T09:00:54.725896,2236.4,05.1083,1.29579,06.6085
2026-05-27T09:00:55.749294,2237.4,05.1151,1.06173,05.4254
2026-05-27T09:00:56.727964,2238.4,05.1047,1.12035,05.7137
2026-05-27T09:00:57.747675,2239.4,05.1101,1.08778,05.5585
2026-05-27T09:00:58.723010,2240.4,05.1037,1.02430,05.2239
2026-05-27T09:00:59.746256,2241.4,05.1056,1.19430,06.0909
2026-05-27T09:01:00.723013,2242.4,05.1120,1.12683,05.7581
2026-05-27T09:01:01.743598,2243.4,05.0876,1.17015,05.9443
2026-05-27T09:01:02.722040,2244.5,05.1042,1.17019,05.9679
2026-05-27T09:01:03.740311,2245.5,05.0998,1.25174,06.3713
2026-05-27T09:01:04.713980,2246.5,05.1156,0.77721,03.9715
2026-05-27T09:01:05.733968,2247.5,05.1084,0.74977,03.8238
2026-05-27T09:01:06.710081,2248.5,05.1084,1.03596,05.2833
2026-05-27T09:01:07.731960,2249.5,05.1084,1.13529,05.7899
2026-05-27T09:01:08.709248,2250.5,05.1020,1.12259,05.7252
2026-05-27T09:01:09.730875,2251.5,05.0975,1.21259,06.1720
2026-05-27T09:01:10.750996,2252.5,05.1019,1.09580,05.5885
2026-05-27T09:01:11.727017,2253.5,05.1064,1.22210,06.2327
2026-05-27T09:01:12.748375,2254.5,05.1117,1.16843,05.9706
2026-05-27T09:01:13.725994,2255.5,05.1031,1.27547,06.5048
2026-05-27T09:01:14.747287,2256.5,05.1005,1.32166,06.7404
2026-05-27T09:01:15.720844,2257.5,05.1098,1.07349,05.4747
2026-05-27T09:01:16.743296,2258.5,05.1119,1.26397,06.4588
2026-05-27T09:01:17.719380,2259.5,05.1025,0.77446,03.9497
2026-05-27T09:01:18.742318,2260.5,05.1080,0.79760,04.0677
2026-05-27T09:01:19.717105,2261.5,05.1100,1.31122,06.7003
2026-05-27T09:01:20.743048,2262.5,05.1045,1.19434,06.0911
2026-05-27T09:01:21.722223,2263.5,05.1014,0.94730,04.8312
2026-05-27T09:01:22.747942,2264.5,05.1050,1.27118,06.4830
2026-05-27T09:01:23.726743,2265.5,05.1101,1.09696,05.6054
2026-05-27T09:01:24.749619,2266.5,05.1014,1.09038,05.5609
2026-05-27T09:01:25.724384,2267.5,05.1051,1.17977,06.0168
2026-05-27T09:01:26.749163,2268.5,05.1070,1.14182,05.8232
2026-05-27T09:01:27.724865,2269.5,05.1105,1.20015,06.1327
2026-05-27T09:01:28.749427,2270.5,05.1064,1.07428,05.4788
2026-05-27T09:01:29.727021,2271.5,05.0873,1.44135,07.3220
2026-05-27T09:01:30.750983,2272.5,05.1150,0.81815,04.1807
2026-05-27T09:01:31.726916,2273.5,05.1075,0.77398,03.9472
2026-05-27T09:01:32.748163,2274.5,05.1161,1.13961,05.8234
2026-05-27T09:01:33.723830,2275.5,05.0959,1.26097,06.4183
2026-05-27T09:01:34.746469,2276.5,05.1119,1.29894,06.6375
2026-05-27T09:01:35.724041,2277.5,05.0951,1.12675,05.7351
2026-05-27T09:01:36.747570,2278.5,05.1081,1.13637,05.7954
2026-05-27T09:01:37.724725,2279.5,05.1044,1.06209,05.4166
2026-05-27T09:01:38.748603,2280.5,05.1016,1.27291,06.4918
2026-05-27T09:01:39.725028,2281.5,05.0997,1.40896,07.1716
2026-05-27T09:01:40.746619,2282.5,05.1098,1.15372,05.8839
2026-05-27T09:01:41.725253,2283.5,05.1141,1.28109,06.5463
2026-05-27T09:01:42.748657,2284.5,05.0976,1.35094,06.8762
2026-05-27T09:01:43.726404,2285.5,05.1095,0.80353,04.0980
2026-05-27T09:01:44.747152,2286.5,05.1072,0.77146,03.9344
2026-05-27T09:01:45.722047,2287.5,05.1069,1.20731,06.1572
2026-05-27T09:01:46.744230,2288.5,05.0972,1.45645,07.4133
2026-05-27T09:01:47.720155,2289.5,05.1200,1.05699,05.4117
2026-05-27T09:01:48.741763,2290.5,05.1153,1.15432,05.8985
2026-05-27T09:01:49.719961,2291.5,05.1048,1.06155,05.4139
2026-05-27T09:01:50.742044,2292.5,05.1001,1.12166,05.7204
2026-05-27T09:01:51.763189,2293.5,05.1034,1.13958,05.8118
2026-05-27T09:01:52.738969,2294.5,05.0908,1.21298,06.1740
2026-05-27T09:01:53.762965,2295.5,05.1086,1.34112,06.8397
2026-05-27T09:01:54.738871,2296.5,05.1047,1.25003,06.3751
2026-05-27T09:01:55.760108,2297.5,05.1159,1.41958,07.2540
2026-05-27T09:01:56.732922,2298.5,05.1159,0.77765,03.9737
2026-05-27T09:01:57.749075,2299.5,05.1087,0.75317,03.8411
2026-05-27T09:01:58.722694,2300.5,05.1016,1.20268,06.1336
2026-05-27T09:01:59.744066,2301.5,05.1045,1.30179,06.6391
2026-05-27T09:02:00.765553,2302.5,05.1141,1.10022,05.6221
2026-05-27T09:02:01.743123,2303.5,05.1028,1.26278,06.4401
2026-05-27T09:02:02.765635,2304.5,05.1142,1.11998,05.7230
2026-05-27T09:02:03.745245,2305.5,05.1144,1.04340,05.3317
2026-05-27T09:02:04.721133,2306.5,05.1105,1.26752,06.4770
2026-05-27T09:02:05.746508,2307.5,05.1050,1.18710,06.0542
2026-05-27T09:02:06.722469,2308.5,05.1096,1.16311,05.9318
2026-05-27T09:02:07.740470,2309.5,05.1091,1.13656,05.7964
2026-05-27T09:02:08.758454,2310.5,05.0897,1.37389,06.9793
2026-05-27T09:02:09.731595,2311.5,05.1076,0.81462,04.1545
2026-05-27T09:02:10.751783,2312.5,05.1082,0.77095,03.9318
2026-05-27T09:02:11.726266,2313.5,05.0920,1.17405,05.9759
2026-05-27T09:02:12.747335,2314.5,05.1066,1.17724,06.0039
2026-05-27T09:02:13.767614,2315.5,05.0889,1.15033,05.8436
2026-05-27T09:02:14.741310,2316.5,05.1061,1.33148,06.7905
2026-05-27T09:02:15.764065,2317.5,05.1005,1.39140,07.0961
2026-05-27T09:02:16.740459,2318.5,05.1009,1.09618,05.5905
2026-05-27T09:02:17.762251,2319.5,05.1105,1.17920,06.0257
2026-05-27T09:02:18.737130,2320.5,05.1080,1.23192,06.2827
2026-05-27T09:02:19.756828,2321.5,05.1053,1.18688,06.0530
2026-05-27T09:02:20.730800,2322.5,05.0906,1.17222,05.9665
2026-05-27T09:02:21.753589,2323.5,05.1098,1.21299,06.1862
2026-05-27T09:02:22.727116,2324.5,05.1128,0.88544,04.5245
2026-05-27T09:02:23.745445,2325.5,05.1063,0.77467,03.9508
2026-05-27T09:02:24.764190,2326.5,05.1047,1.09717,05.5955
2026-05-27T09:02:25.741552,2327.5,05.1065,1.08118,05.5140
2026-05-27T09:02:26.763209,2328.5,05.1044,1.20120,06.1261
2026-05-27T09:02:27.738078,2329.5,05.0926,1.47885,07.5273
2026-05-27T09:02:28.759064,2330.5,05.1136,1.22611,06.2654
2026-05-27T09:02:29.733578,2331.5,05.1048,1.12840,05.7548
2026-05-27T09:02:30.754553,2332.5,05.1105,1.06655,05.4500
2026-05-27T09:02:31.728478,2333.5,05.1058,1.04047,05.3063
2026-05-27T09:02:32.748144,2334.5,05.1108,1.19924,06.1281
2026-05-27T09:02:33.768199,2335.5,05.1105,1.17130,05.9853
2026-05-27T09:02:34.746849,2336.5,05.0984,1.45929,07.4277
2026-05-27T09:02:35.765824,2337.5,05.1108,0.90478,04.6234
2026-05-27T09:02:36.736885,2338.5,05.1083,0.77283,03.9414
2026-05-27T09:02:37.756152,2339.5,05.1045,1.31259,06.6942
2026-05-27T09:02:38.734140,2340.5,05.1091,1.16240,05.9282
2026-05-27T09:02:39.758708,2341.5,05.1070,1.06393,05.4260
2026-05-27T09:02:40.736716,2342.5,05.1076,1.30766,06.6690
2026-05-27T09:02:41.760702,2343.5,05.1112,1.09845,05.6130
2026-05-27T09:02:42.736136,2344.5,05.1034,1.06851,05.4494
2026-05-27T09:02:43.758892,2345.5,05.1068,1.20349,06.1377
2026-05-27T09:02:44.735389,2346.5,05.1076,1.16414,05.9371
2026-05-27T09:02:45.758917,2347.5,05.1074,1.22326,06.2386
2026-05-27T09:02:46.736430,2348.5,05.1122,1.11131,05.6787
2026-05-27T09:02:47.758620,2349.5,05.0981,1.43630,07.3107
2026-05-27T09:02:48.734541,2350.5,05.1208,1.11405,05.7039
2026-05-27T09:02:49.754082,2351.5,05.1085,0.77043,03.9291
2026-05-27T09:02:50.773418,2352.5,05.0976,1.32753,06.7571
2026-05-27T09:02:51.749751,2353.5,05.1084,1.11551,05.6891
2026-05-27T09:02:52.770803,2354.5,05.1083,1.27905,06.5231
2026-05-27T09:02:53.746749,2355.5,05.1106,1.25537,06.4149
2026-05-27T09:02:54.766760,2356.5,05.1101,1.13969,05.8238
2026-05-27T09:02:55.740903,2357.5,05.1023,1.10177,05.6190
2026-05-27T09:02:56.761297,2358.5,05.0987,1.17653,05.9885
2026-05-27T09:02:57.737525,2359.5,05.0934,1.13964,05.8007
2026-05-27T09:02:58.757964,2360.5,05.1074,1.09260,05.5722
2026-05-27T09:02:59.733331,2361.5,05.0966,1.28209,06.5258
2026-05-27T09:03:00.753576,2362.5,05.1044,1.44573,07.3732
2026-05-27T09:03:01.777284,2363.5,05.1039,0.91892,04.6864
2026-05-27T09:03:02.747588,2364.5,05.1072,0.77577,03.9564
2026-05-27T09:03:03.767100,2365.5,05.1033,1.21512,06.1971
2026-05-27T09:03:04.740459,2366.5,05.1016,1.14794,05.8544
2026-05-27T09:03:05.760954,2367.5,05.0964,1.16344,05.9219
2026-05-27T09:03:06.735385,2368.5,05.1025,1.12556,05.7403
2026-05-27T09:03:07.755809,2369.5,05.1073,1.20672,06.1542
2026-05-27T09:03:08.775929,2370.5,05.1105,1.28070,06.5443
2026-05-27T09:03:09.749649,2371.5,05.1069,1.39566,07.1178
2026-05-27T09:03:10.769368,2372.5,05.1106,1.15508,05.9024
2026-05-27T09:03:11.742684,2373.5,05.0887,1.09469,05.5610
2026-05-27T09:03:12.762590,2374.5,05.0937,1.15945,05.9016
2026-05-27T09:03:13.738275,2375.5,05.0989,1.74754,08.8949
2026-05-27T09:03:14.759622,2376.5,05.1089,1.16839,05.9587
2026-05-27T09:03:15.778023,2377.5,05.1088,0.77217,03.9380
2026-05-27T09:03:16.749421,2378.5,05.0953,1.30867,06.6611
2026-05-27T09:03:17.769563,2379.5,05.1105,1.27589,06.5197
2026-05-27T09:03:18.743907,2380.5,05.1033,1.07956,05.5057
2026-05-27T09:03:19.766290,2381.5,05.1130,1.12602,05.7539
2026-05-27T09:03:20.740823,2382.5,05.1000,1.09301,05.5743
2026-05-27T09:03:21.763522,2383.5,05.1048,1.29829,06.6212
2026-05-27T09:03:22.741297,2384.5,05.1144,1.28870,06.5852
2026-05-27T09:03:23.761641,2385.5,05.1147,1.16858,05.9714
2026-05-27T09:03:24.781094,2386.5,05.1053,1.11992,05.7115
2026-05-27T09:03:25.757096,2387.5,05.1045,1.35999,06.9359
2026-05-27T09:03:26.777647,2388.5,05.1075,1.22575,06.2513
2026-05-27T09:03:27.752146,2389.5,05.1079,1.14050,05.8165
2026-05-27T09:03:28.768143,2390.5,05.1078,0.77567,03.9559
2026-05-27T09:03:29.739683,2391.5,05.0950,1.50359,07.6532
2026-05-27T09:03:30.760443,2392.5,05.1109,1.17155,05.9866
2026-05-27T09:03:31.783257,2393.5,05.1080,1.26467,06.4498
2026-05-27T09:03:32.759021,2394.5,05.1150,1.08464,05.5425
2026-05-27T09:03:33.781514,2395.5,05.1116,1.10896,05.6667
2026-05-27T09:03:34.757709,2396.5,05.1088,1.27121,06.4831
2026-05-27T09:03:35.778852,2397.5,05.1117,1.13440,05.7967
2026-05-27T09:03:36.754829,2398.5,05.1062,1.09628,05.5910
2026-05-27T09:03:37.779890,2399.5,05.1009,1.14620,05.8456
2026-05-27T09:03:38.755314,2400.5,05.1087,1.13010,05.7635
2026-05-27T09:03:39.775373,2401.5,05.1059,1.08746,05.5460
2026-05-27T09:03:40.748322,2402.5,05.1106,1.18531,06.0569
2026-05-27T09:03:41.767108,2403.5,05.1073,0.77342,03.9444
2026-05-27T09:03:42.741116,2404.5,05.1097,1.11949,05.7093
2026-05-27T09:03:43.764791,2405.5,05.1066,1.35990,06.9354
2026-05-27T09:03:44.785380,2406.5,05.1095,1.25634,06.4073
2026-05-27T09:03:45.762521,2407.5,05.1095,1.36138,06.9430
2026-05-27T09:03:46.785585,2408.5,05.1126,1.38591,07.0820
2026-05-27T09:03:47.762157,2409.5,05.1092,1.05299,05.3702
2026-05-27T09:03:48.787102,2410.5,05.1026,1.26233,06.4378
2026-05-27T09:03:49.764703,2411.5,05.1041,1.25727,06.4120
2026-05-27T09:03:50.789161,2412.5,05.1119,1.25747,06.4256
2026-05-27T09:03:51.766444,2413.5,05.0984,1.52959,07.7856
2026-05-27T09:03:52.786172,2414.5,05.1005,1.16419,05.9373
2026-05-27T09:03:53.761960,2415.5,05.1125,1.20599,06.1626
2026-05-27T09:03:54.780336,2416.5,05.1069,0.77092,03.9316
2026-05-27T09:03:55.753408,2417.5,05.1011,1.15115,05.8708
2026-05-27T09:03:56.773377,2418.5,05.1159,1.05134,05.3723
2026-05-27T09:03:57.747162,2419.5,05.1039,1.20393,06.1400
2026-05-27T09:03:58.769070,2420.5,05.0958,1.48172,07.5419
2026-05-27T09:03:59.788487,2421.5,05.1103,1.23587,06.3152
2026-05-27T09:04:00.760322,2422.5,05.1061,1.11020,05.6620
2026-05-27T09:04:01.782388,2423.5,05.1069,1.06763,05.4449
2026-05-27T09:04:02.757305,2424.5,05.1063,1.26540,06.4535
2026-05-27T09:04:03.775674,2425.5,05.1116,1.35315,06.9145
2026-05-27T09:04:04.749475,2426.5,05.1003,1.14857,05.8577
2026-05-27T09:04:05.769434,2427.5,05.1256,1.18665,06.0756
2026-05-27T09:04:06.789499,2428.5,05.1062,0.81716,04.1675
2026-05-27T09:04:07.760847,2429.5,05.1068,0.76980,03.9259
2026-05-27T09:04:08.779962,2430.5,05.1073,1.10141,05.6171
2026-05-27T09:04:09.754854,2431.5,05.1108,1.14439,05.8478
2026-05-27T09:04:10.775846,2432.5,05.1139,1.08157,05.5268
2026-05-27T09:04:11.749163,2433.5,05.1031,1.29278,06.5931
2026-05-27T09:04:12.767171,2434.5,05.1103,1.14865,05.8696
2026-05-27T09:04:13.787306,2435.5,05.1042,1.14920,05.8609
2026-05-27T09:04:14.764789,2436.5,05.1071,1.08540,05.5355
2026-05-27T09:04:15.784710,2437.5,05.1069,1.09223,05.5703
2026-05-27T09:04:16.759824,2438.5,05.1053,1.18496,06.0432
2026-05-27T09:04:17.779538,2439.5,05.0961,1.46901,07.4772
2026-05-27T09:04:18.755480,2440.5,05.0953,1.34127,06.8270
2026-05-27T09:04:19.777153,2441.5,05.1105,1.12744,05.7612
2026-05-27T09:04:20.751731,2442.5,05.1077,0.77211,03.9377
2026-05-27T09:04:21.770845,2443.5,05.0934,1.10711,05.6351
2026-05-27T09:04:22.791934,2444.5,05.1078,1.27717,06.5135
2026-05-27T09:04:23.765841,2445.5,05.1145,0.97554,04.9850
2026-05-27T09:04:24.786713,2446.5,05.1000,1.20123,06.1262
2026-05-27T09:04:25.761611,2447.5,05.1014,1.13364,05.7815
2026-05-27T09:04:26.784746,2448.5,05.1076,1.25033,06.3766
2026-05-27T09:04:27.757701,2449.5,05.1097,1.02695,05.2374
2026-05-27T09:04:28.779247,2450.5,05.1109,1.04909,05.3608
2026-05-27T09:04:29.753722,2451.5,05.1119,1.18097,06.0347
2026-05-27T09:04:30.774775,2452.5,05.1030,1.11138,05.6680
2026-05-27T09:04:31.795261,2453.5,05.1166,1.57383,08.0422
2026-05-27T09:04:32.770397,2454.5,05.1086,1.01848,05.1942
2026-05-27T09:04:33.790095,2455.5,05.1075,0.77183,03.9363
2026-05-27T09:04:34.764869,2456.5,05.1074,0.78824,04.0200
2026-05-27T09:04:35.785588,2457.5,05.1131,1.16723,05.9645
2026-05-27T09:04:36.758874,2458.5,05.1089,1.27318,06.4932
2026-05-27T09:04:37.780563,2459.5,05.1009,1.10381,05.6294
2026-05-27T09:04:38.755070,2460.5,05.1072,1.43234,07.3049
2026-05-27T09:04:39.776095,2461.5,05.1066,1.14663,05.8478
2026-05-27T09:04:40.794409,2462.5,05.1079,1.23652,06.3062
2026-05-27T09:04:41.768174,2463.5,05.0970,0.95578,04.8649
2026-05-27T09:04:42.790497,2464.5,05.1025,1.04219,05.3151
2026-05-27T09:04:43.766073,2465.5,05.1095,1.43269,07.3067
2026-05-27T09:04:44.789299,2466.5,05.1072,1.30640,06.6626
2026-05-27T09:04:45.765507,2467.5,05.1130,1.06361,05.4350
2026-05-27T09:04:46.787777,2468.5,05.1072,0.81760,04.1697
2026-05-27T09:04:47.762060,2469.5,05.1079,1.25346,06.3926
2026-05-27T09:04:48.783706,2470.5,05.1048,1.10076,05.6138
2026-05-27T09:04:49.757703,2471.5,05.1095,1.04305,05.3195
2026-05-27T09:04:50.779821,2472.5,05.1086,1.14452,05.8370
2026-05-27T09:04:51.758062,2473.5,05.1162,1.14398,05.8457
2026-05-27T09:04:52.779885,2474.5,05.1094,1.19497,06.0943
2026-05-27T09:04:53.757984,2475.5,05.1109,1.21853,06.2266
2026-05-27T09:04:54.778400,2476.5,05.1134,1.09350,05.5877
2026-05-27T09:04:55.755991,2477.5,05.1023,1.04989,05.3544
2026-05-27T09:04:56.777699,2478.5,05.0928,1.06315,05.4114
2026-05-27T09:04:57.754140,2479.5,05.1020,1.31768,06.7201
2026-05-27T09:04:58.778619,2480.5,05.1119,1.12744,05.7612
2026-05-27T09:04:59.798654,2481.5,05.1065,0.77551,03.9551
2026-05-27T09:05:00.775912,2482.5,05.1060,1.33051,06.7856
2026-05-27T09:05:01.800377,2483.5,05.1056,1.16612,05.9472
2026-05-27T09:05:02.776490,2484.5,05.1087,1.03539,05.2804
2026-05-27T09:05:03.800484,2485.5,05.1105,1.10641,05.6537
2026-05-27T09:05:04.776529,2486.5,05.1062,1.12082,05.7161
2026-05-27T09:05:05.802394,2487.5,05.1062,1.06740,05.4437
2026-05-27T09:05:06.779619,2488.5,05.1063,1.21628,06.2030
2026-05-27T09:05:07.801236,2489.5,05.1064,1.20490,06.1449
2026-05-27T09:05:08.777544,2490.5,05.1075,1.10724,05.6469
2026-05-27T09:05:09.800793,2491.5,05.1123,1.01901,05.2071
2026-05-27T09:05:10.778857,2492.5,05.1158,1.33093,06.8010
2026-05-27T09:05:11.798409,2493.5,05.1137,1.36616,06.9810
2026-05-27T09:05:12.772628,2494.5,05.1073,0.77359,03.9453
2026-05-27T09:05:13.792978,2495.5,05.1067,1.13046,05.7653
2026-05-27T09:05:14.768487,2496.5,05.1064,1.01462,05.1745
2026-05-27T09:05:15.790768,2497.5,05.1100,1.06098,05.4216
2026-05-27T09:05:16.767911,2498.5,05.1101,1.28410,06.5617
2026-05-27T09:05:17.790172,2499.5,05.1062,1.22965,06.2712
2026-05-27T09:05:18.765248,2500.5,05.1069,1.30694,06.6653
2026-05-27T09:05:19.789532,2501.5,05.0994,1.10733,05.6363
2026-05-27T09:05:20.767136,2502.5,05.1030,0.98460,05.0214
2026-05-27T09:05:21.788872,2503.5,05.1175,1.06756,05.4552
2026-05-27T09:05:22.764901,2504.5,05.1058,1.04689,05.3391
2026-05-27T09:05:23.789698,2505.5,05.1072,1.32049,06.7344
2026-05-27T09:05:24.766998,2506.5,05.1198,1.28183,06.5501
2026-05-27T09:05:25.787399,2507.5,05.1060,0.77452,03.9500
2026-05-27T09:05:26.765026,2508.5,05.0948,1.26889,06.4586
2026-05-27T09:05:27.788485,2509.5,05.1064,1.00730,05.1372
2026-05-27T09:05:28.764143,2510.5,05.1101,0.99869,05.1033
2026-05-27T09:05:29.786942,2511.5,05.1075,1.11352,05.6789
2026-05-27T09:05:30.764848,2512.5,05.1098,1.33975,06.8327
2026-05-27T09:05:31.786965,2513.5,05.1068,1.31413,06.7020
2026-05-27T09:05:32.762298,2514.5,05.1068,1.16048,05.9184
2026-05-27T09:05:33.784257,2515.5,05.1100,1.29437,06.6142
2026-05-27T09:05:34.762048,2516.5,05.1025,1.05724,05.3919
2026-05-27T09:05:35.783956,2517.5,05.1041,0.96564,04.9247
2026-05-27T09:05:36.806765,2518.5,05.1092,1.21351,06.1889
2026-05-27T09:05:37.783287,2519.5,05.1037,1.16892,05.9614
2026-05-27T09:05:38.804236,2520.5,05.1075,0.77346,03.9446
2026-05-27T09:05:39.778867,2521.5,05.1084,0.89539,04.5664
2026-05-27T09:05:40.802267,2522.5,05.1047,1.11153,05.6688
2026-05-27T09:05:41.778488,2523.5,05.1117,1.15079,05.8805
2026-05-27T09:05:42.798773,2524.5,05.1078,1.01998,05.2018
2026-05-27T09:05:43.778011,2525.5,05.1075,1.14193,05.8238
2026-05-27T09:05:44.803249,2526.5,05.1074,1.00305,05.1155
2026-05-27T09:05:45.780832,2527.5,05.0995,0.96980,04.9362
2026-05-27T09:05:46.803283,2528.5,05.1056,0.90496,04.6152
2026-05-27T09:05:47.782314,2529.5,05.0984,1.03479,05.2670
2026-05-27T09:05:48.805463,2530.5,05.1026,1.05034,05.3567
2026-05-27T09:05:49.783167,2531.5,05.0933,1.04721,05.3302
2026-05-27T09:05:50.809715,2532.5,05.0942,1.21510,06.1848
2026-05-27T09:05:51.786842,2533.5,05.1051,0.77608,03.9580
2026-05-27T09:05:52.808142,2534.5,05.1080,0.74472,03.7980
2026-05-27T09:05:53.784844,2535.5,05.1051,1.16356,05.9341
2026-05-27T09:05:54.805990,2536.5,05.1011,1.05568,05.3839
2026-05-27T09:05:55.786600,2537.5,05.1100,0.99473,05.0830
2026-05-27T09:05:56.808800,2538.5,05.1062,1.03631,05.2851
2026-05-27T09:05:57.787231,2539.5,05.1105,1.03345,05.2809
2026-05-27T09:05:58.810092,2540.5,05.1072,1.02515,05.2282
2026-05-27T09:05:59.788155,2541.5,05.1042,1.10240,05.6222
2026-05-27T09:06:00.813508,2542.5,05.1041,1.02437,05.2242
2026-05-27T09:06:01.791481,2543.5,05.1028,1.11784,05.7009
2026-05-27T09:06:02.771762,2544.5,05.1001,1.05616,05.3864
2026-05-27T09:06:03.795109,2545.5,05.1089,1.15922,05.9120
2026-05-27T09:06:04.772291,2546.5,05.1070,0.77221,03.9382
2026-05-27T09:06:05.793934,2547.5,05.1072,0.88579,04.5175
2026-05-27T09:06:06.769220,2548.5,05.1039,1.05659,05.3886
2026-05-27T09:06:07.790870,2549.5,05.1111,1.31751,06.7324
2026-05-27T09:06:08.770712,2550.5,05.1091,1.11874,05.7055
2026-05-27T09:06:09.800209,2551.5,05.1094,1.06247,05.4185
2026-05-27T09:06:10.779976,2552.5,05.1078,1.10773,05.6494
2026-05-27T09:06:11.803315,2553.5,05.1088,1.00664,05.1338
2026-05-27T09:06:12.779318,2554.5,05.1087,1.00327,05.1166
2026-05-27T09:06:13.805314,2555.5,05.1095,1.02480,05.2264
2026-05-27T09:06:14.784499,2556.5,05.1088,1.01490,05.1759
2026-05-27T09:06:15.808166,2557.5,05.1053,1.10662,05.6437
2026-05-27T09:06:16.787968,2558.5,05.1016,1.14480,05.8384
2026-05-27T09:06:17.811162,2559.5,05.1072,0.77451,03.9500
2026-05-27T09:06:18.787991,2560.5,05.1073,0.62379,03.1813
2026-05-27T09:06:19.815104,2561.5,05.1069,1.06847,05.4491
2026-05-27T09:06:20.795195,2562.5,05.1064,1.09699,05.5946
2026-05-27T09:06:21.775952,2563.5,05.1116,1.13621,05.8060
2026-05-27T09:06:22.803475,2564.5,05.1056,1.14913,05.8605
2026-05-27T09:06:23.784181,2565.5,05.1025,0.96464,04.9196
2026-05-27T09:06:24.808121,2566.5,05.1072,1.11092,05.6656
2026-05-27T09:06:25.787312,2567.5,05.1067,1.07948,05.5053
2026-05-27T09:06:26.816772,2568.5,05.1044,1.13542,05.7906
2026-05-27T09:06:27.799217,2569.5,05.1042,1.01695,05.1864
2026-05-27T09:06:28.777149,2570.5,05.1061,1.07085,05.4613
2026-05-27T09:06:29.800724,2571.5,05.0967,1.11851,05.6932
2026-05-27T09:06:30.775547,2572.5,05.1069,0.77824,03.9690
2026-05-27T09:06:31.796821,2573.5,05.1070,0.78266,03.9915
2026-05-27T09:06:32.774855,2574.5,05.1069,1.11398,05.6812
2026-05-27T09:06:33.796095,2575.5,05.1089,1.00017,05.1008
2026-05-27T09:06:34.819634,2576.5,05.1095,1.06197,05.4160
2026-05-27T09:06:35.796086,2577.5,05.1092,1.02456,05.2252
2026-05-27T09:06:36.820015,2578.5,05.1120,0.97622,04.9884
2026-05-27T09:06:37.795941,2579.5,05.1036,1.11304,05.6765
2026-05-27T09:06:38.776199,2580.5,05.1087,1.02848,05.2452
2026-05-27T09:06:39.796460,2581.5,05.1080,1.00098,05.1049
2026-05-27T09:06:40.820150,2582.5,05.1081,1.08710,05.5442
2026-05-27T09:06:41.798703,2583.5,05.0975,1.23615,06.2920
2026-05-27T09:06:42.819890,2584.5,05.1036,1.06063,05.4092
2026-05-27T09:06:43.797040,2585.5,05.1085,0.77592,03.9571
2026-05-27T09:06:44.819314,2586.5,05.1091,0.62276,03.1760
2026-05-27T09:06:45.797994,2587.5,05.1116,1.12242,05.7355
2026-05-27T09:06:46.819916,2588.5,05.1111,1.28012,06.5414
2026-05-27T09:06:47.797485,2589.5,05.1112,1.12405,05.7438
2026-05-27T09:06:48.822123,2590.5,05.1062,1.12988,05.7623
2026-05-27T09:06:49.801114,2591.5,05.1041,1.02591,05.2321
2026-05-27T09:06:50.824052,2592.5,05.1078,1.01952,05.1995
2026-05-27T09:06:51.800448,2593.5,05.1033,1.16093,05.9207
2026-05-27T09:06:52.825514,2594.5,05.1089,1.06683,05.4408
2026-05-27T09:06:53.800133,2595.5,05.1059,1.00085,05.1043
2026-05-27T09:06:54.825607,2596.5,05.1050,1.08568,05.5369
2026-05-27T09:06:55.801900,2597.5,05.1080,1.25787,06.4151
2026-05-27T09:06:56.781000,2598.5,05.1084,0.77270,03.9407
2026-05-27T09:06:57.803202,2599.5,05.1045,0.77158,03.9350
2026-05-27T09:06:58.781619,2600.5,05.1134,1.10627,05.6530
2026-05-27T09:06:59.805142,2601.5,05.1059,1.03251,05.2658
2026-05-27T09:07:00.781705,2602.5,05.1045,1.04541,05.3315
2026-05-27T09:07:01.804928,2603.5,05.1112,1.08066,05.5221
2026-05-27T09:07:02.781573,2604.5,05.1034,1.20688,06.1550
2026-05-27T09:07:03.805450,2605.5,05.1066,1.03161,05.2612
2026-05-27T09:07:04.782098,2606.5,05.1109,1.01000,05.1611
2026-05-27T09:07:05.805307,2607.5,05.1087,1.01964,05.2001
2026-05-27T09:07:06.782523,2608.5,05.1031,1.10203,05.6203
2026-05-27T09:07:07.805883,2609.5,05.1041,1.28626,06.5599
2026-05-27T09:07:08.782579,2610.5,05.1186,1.19358,06.0991
2026-05-27T09:07:09.804103,2611.5,05.1097,0.77478,03.9513
2026-05-27T09:07:10.824150,2612.5,05.1097,0.62832,03.2044
2026-05-27T09:07:11.799732,2613.5,05.1062,1.05181,05.3642
2026-05-27T09:07:12.822868,2614.5,05.1028,1.00696,05.1354
2026-05-27T09:07:13.801826,2615.5,05.1065,1.08689,05.5431
2026-05-27T09:07:14.825226,2616.5,05.1069,1.14265,05.8275
2026-05-27T09:07:15.803378,2617.5,05.1125,1.13873,05.8189
2026-05-27T09:07:16.829513,2618.5,05.1017,1.10363,05.6285
2026-05-27T09:07:17.808459,2619.5,05.1061,1.02958,05.2508
2026-05-27T09:07:18.787560,2620.5,05.1025,1.09504,05.5847
2026-05-27T09:07:19.811577,2621.5,05.1064,1.05373,05.3740
2026-05-27T09:07:20.793494,2622.5,05.1044,1.26056,06.4288
2026-05-27T09:07:21.819589,2623.5,05.1216,1.27939,06.5504
2026-05-27T09:07:22.793909,2624.5,05.1076,0.77680,03.9616
2026-05-27T09:07:23.814570,2625.5,05.1081,0.77355,03.9451
2026-05-27T09:07:24.790846,2626.5,05.1092,1.31135,06.6878
2026-05-27T09:07:25.815025,2627.5,05.1037,1.10391,05.6299
2026-05-27T09:07:26.794134,2628.5,05.1105,1.10187,05.6305
2026-05-27T09:07:27.818968,2629.5,05.1059,0.96300,04.9113
2026-05-27T09:07:28.795983,2630.5,05.1083,1.12858,05.7557
2026-05-27T09:07:29.819506,2631.5,05.1098,1.13310,05.7788
2026-05-27T09:07:30.797302,2632.5,05.1056,1.02509,05.2279
2026-05-27T09:07:31.821706,2633.5,05.1031,1.05915,05.4016
2026-05-27T09:07:32.798612,2634.5,05.1075,1.09530,05.5860
2026-05-27T09:07:33.823692,2635.5,05.1051,1.18442,06.0405
2026-05-27T09:07:34.802690,2636.5,05.0983,1.28388,06.5349
2026-05-27T09:07:35.825324,2637.5,05.1083,0.78466,04.0017
2026-05-27T09:07:36.798847,2638.5,05.1076,0.62742,03.1998
2026-05-27T09:07:37.821418,2639.5,05.1076,1.11713,05.6973
2026-05-27T09:07:38.797449,2640.5,05.1098,1.18971,06.0675
2026-05-27T09:07:39.820059,2641.5,05.1050,1.04605,05.3348
2026-05-27T09:07:40.798184,2642.5,05.1067,1.10568,05.6389
2026-05-27T09:07:41.820762,2643.5,05.1014,1.08513,05.5341
2026-05-27T09:07:42.797632,2644.5,05.1066,1.07601,05.4876
2026-05-27T09:07:43.819264,2645.5,05.1106,1.11061,05.6752
2026-05-27T09:07:44.794919,2646.5,05.1047,1.01736,05.1885
2026-05-27T09:07:45.818966,2647.5,05.1055,1.02248,05.2146
2026-05-27T09:07:46.794446,2648.5,05.1101,1.05634,05.3978
2026-05-27T09:07:47.813440,2649.5,05.1137,1.36109,06.9551
2026-05-27T09:07:48.832897,2650.5,05.1081,0.77552,03.9551
2026-05-27T09:07:49.809562,2651.5,05.1077,0.77233,03.9388
2026-05-27T09:07:50.831185,2652.5,05.1086,1.09412,05.5800
2026-05-27T09:07:51.807131,2653.5,05.1101,1.10276,05.6351
2026-05-27T09:07:52.828034,2654.5,05.1073,1.07023,05.4581
2026-05-27T09:07:53.802754,2655.5,05.1103,1.18539,06.0573
2026-05-27T09:07:54.824927,2656.5,05.1083,1.17485,05.9917
2026-05-27T09:07:55.801579,2657.5,05.1069,1.12522,05.7386
2026-05-27T09:07:56.825573,2658.5,05.1087,1.04631,05.3361
2026-05-27T09:07:57.801713,2659.5,05.1037,1.01410,05.1719
2026-05-27T09:07:58.820450,2660.5,05.1101,1.10655,05.6544
2026-05-27T09:07:59.795590,2661.5,05.1047,1.09230,05.5707
2026-05-27T09:08:00.817314,2662.5,05.0972,1.29022,06.5672
2026-05-27T09:08:01.837735,2663.5,05.1075,0.77718,03.9636
2026-05-27T09:08:02.811500,2664.5,05.1072,0.62608,03.1930
2026-05-27T09:08:03.832040,2665.5,05.1089,1.27830,06.5193
2026-05-27T09:08:04.806886,2666.5,05.1037,1.18448,06.0408
2026-05-27T09:08:05.828633,2667.5,05.1087,1.08090,05.5125
2026-05-27T09:08:06.803624,2668.5,05.1103,0.98037,05.0096
2026-05-27T09:08:07.825221,2669.5,05.1023,1.06941,05.4539
2026-05-27T09:08:08.800813,2670.5,05.1023,1.06984,05.4561
2026-05-27T09:08:09.824770,2671.5,05.1073,1.12861,05.7559
2026-05-27T09:08:10.803439,2672.5,05.1062,1.10235,05.6219
2026-05-27T09:08:11.827066,2673.5,05.1023,1.19680,06.1036
2026-05-27T09:08:12.805011,2674.5,05.1069,1.10164,05.6183
2026-05-27T09:08:13.828659,2675.5,05.1089,1.15791,05.9053
2026-05-27T09:08:14.804691,2676.5,05.1081,0.77485,03.9517
2026-05-27T09:08:15.827087,2677.5,05.1081,0.77199,03.9371
2026-05-27T09:08:16.804126,2678.5,05.1086,1.11473,05.6851
2026-05-27T09:08:17.828884,2679.5,05.1045,1.04834,05.3465
2026-05-27T09:08:18.806448,2680.5,05.1084,1.06681,05.4407
2026-05-27T09:08:19.829896,2681.5,05.1091,1.09289,05.5737
2026-05-27T09:08:20.807992,2682.5,05.1069,1.06940,05.4539
2026-05-27T09:08:21.831648,2683.5,05.1095,1.29480,06.6034
2026-05-27T09:08:22.806584,2684.5,05.1061,1.02476,05.2262
2026-05-27T09:08:23.828138,2685.5,05.1069,1.05601,05.3856
2026-05-27T09:08:24.804800,2686.5,05.1066,1.05927,05.4022
2026-05-27T09:08:25.827773,2687.5,05.1070,1.03625,05.2848
2026-05-27T09:08:26.804300,2688.5,05.1059,1.13803,05.8039
2026-05-27T09:08:27.823387,2689.5,05.1078,0.77799,03.9677
2026-05-27T09:08:28.841913,2690.5,05.1070,0.72520,03.6985
2026-05-27T09:08:29.815992,2691.5,05.1023,0.99577,05.0784
2026-05-27T09:08:30.836245,2692.5,05.1062,1.10049,05.6124
2026-05-27T09:08:31.812404,2693.5,05.1086,1.05218,05.3661
2026-05-27T09:08:32.835641,2694.5,05.1045,1.08143,05.5152
2026-05-27T09:08:33.814171,2695.5,05.1045,1.11746,05.6990
2026-05-27T09:08:34.836793,2696.5,05.1063,1.05930,05.4024
2026-05-27T09:08:35.813301,2697.5,05.1017,1.02364,05.2205
2026-05-27T09:08:36.835167,2698.5,05.1048,0.99863,05.0930
2026-05-27T09:08:37.810247,2699.5,05.1109,1.16370,05.9465
2026-05-27T09:08:38.835051,2700.5,05.1119,1.01435,05.1833
2026-05-27T09:08:39.809789,2701.5,05.1064,1.35077,06.8889
2026-05-27T09:08:40.829248,2702.5,05.1086,0.77611,03.9581
2026-05-27T09:08:41.801401,2703.5,05.1086,0.77443,03.9495
2026-05-27T09:08:42.823896,2704.5,05.1023,1.03770,05.2922
2026-05-27T09:08:43.801570,2705.5,05.1019,1.03772,05.2923
2026-05-27T09:08:44.826127,2706.5,05.1053,1.15375,05.8841
2026-05-27T09:08:45.804852,2707.5,05.1156,1.06686,05.4516
2026-05-27T09:08:46.829943,2708.5,05.1060,1.11936,05.7087
2026-05-27T09:08:47.808050,2709.5,05.1100,1.20426,06.1537
2026-05-27T09:08:48.829425,2710.5,05.1066,1.18231,06.0297
2026-05-27T09:08:49.809740,2711.5,05.1055,1.18486,06.0427
2026-05-27T09:08:50.831769,2712.5,05.1048,1.01744,05.1889
2026-05-27T09:08:51.807146,2713.5,05.1075,1.12491,05.7370
2026-05-27T09:08:52.832088,2714.5,05.1072,1.27635,06.5093
2026-05-27T09:08:53.809041,2715.5,05.1073,0.77482,03.9515
2026-05-27T09:08:54.831003,2716.5,05.1089,0.62088,03.1664
2026-05-27T09:08:55.807226,2717.5,05.1073,1.07754,05.4954
2026-05-27T09:08:56.830174,2718.5,05.1047,1.13351,05.7809
2026-05-27T09:08:57.803870,2719.5,05.1105,1.04350,05.3322
2026-05-27T09:08:58.824574,2720.5,05.1033,1.11966,05.7102
2026-05-27T09:08:59.846530,2721.5,05.1087,0.99412,05.0700
2026-05-27T09:09:00.823812,2722.5,05.1091,1.09452,05.5820
2026-05-27T09:09:01.847707,2723.5,05.1073,1.11441,05.6834
2026-05-27T09:09:02.824476,2724.5,05.1036,1.18627,06.0499
2026-05-27T09:09:03.844996,2725.5,05.1069,1.04240,05.3162
2026-05-27T09:09:04.819615,2726.5,05.1091,1.04772,05.3433
2026-05-27T09:09:05.841294,2727.5,05.0917,1.16334,05.9214
2026-05-27T09:09:06.813615,2728.5,05.1087,0.77555,03.9553
2026-05-27T09:09:07.834040,2729.5,05.1070,0.77301,03.9423
2026-05-27T09:09:08.810451,2730.5,05.1091,1.06454,05.4291
2026-05-27T09:09:09.831615,2731.5,05.1025,1.00085,05.1043
2026-05-27T09:09:10.805584,2732.5,05.1083,1.01086,05.1553
2026-05-27T09:09:11.827761,2733.5,05.1080,1.04334,05.3210
2026-05-27T09:09:12.848983,2734.5,05.1034,1.03432,05.2750
2026-05-27T09:09:13.822974,2735.5,05.1028,1.03217,05.2640
2026-05-27T09:09:14.845503,2736.5,05.1059,1.08278,05.5221
2026-05-27T09:09:15.823114,2737.5,05.1105,1.00361,05.1284
2026-05-27T09:09:16.842959,2738.5,05.1066,1.02709,05.2381
2026-05-27T09:09:17.818728,2739.5,05.0994,1.02656,05.2251
2026-05-27T09:09:18.840977,2740.5,05.1117,1.21151,06.1908
2026-05-27T09:09:19.815606,2741.5,05.1095,0.77413,03.9480
2026-05-27T09:09:20.834174,2742.5,05.1095,0.64668,03.2980
2026-05-27T09:09:21.807710,2743.5,05.1074,1.16271,05.9298
2026-05-27T09:09:22.831088,2744.6,05.1075,1.11214,05.6719
2026-05-27T09:09:23.851322,2745.6,05.1098,1.10956,05.6587
2026-05-27T09:09:24.826374,2746.6,05.1031,1.00744,05.1379
2026-05-27T09:09:25.848584,2747.6,05.1068,1.18323,06.0344
2026-05-27T09:09:26.825330,2748.6,05.1075,1.02662,05.2357
2026-05-27T09:09:27.843766,2749.6,05.1081,1.12387,05.7317
2026-05-27T09:09:28.819718,2750.6,05.1064,1.11970,05.7104
2026-05-27T09:09:29.839266,2751.6,05.1137,1.04177,05.3234
2026-05-27T09:09:30.814007,2752.6,05.1056,1.00117,05.1059
2026-05-27T09:09:31.832757,2753.6,05.0991,1.17323,05.9717
2026-05-27T09:09:32.851609,2754.6,05.1075,0.77472,03.9510
2026-05-27T09:09:33.824499,2755.6,05.1081,0.77281,03.9413
2026-05-27T09:09:34.845167,2756.6,05.1083,1.14954,05.8626
2026-05-27T09:09:35.819646,2757.6,05.1026,1.04779,05.3437
2026-05-27T09:09:36.840601,2758.6,05.1086,1.12457,05.7353
2026-05-27T09:09:37.815047,2759.6,05.1031,1.02728,05.2391
2026-05-27T09:09:38.835752,2760.6,05.1048,1.00872,05.1444
2026-05-27T09:09:39.852626,2761.6,05.1108,1.13904,05.8204
2026-05-27T09:09:40.827197,2762.6,05.1042,1.12466,05.7357
2026-05-27T09:09:41.849996,2763.6,05.1048,1.02567,05.2309
2026-05-27T09:09:42.824399,2764.6,05.1051,1.03108,05.2585
2026-05-27T09:09:43.845626,2765.6,05.1098,1.06488,05.4308
2026-05-27T09:09:44.820046,2766.6,05.0995,1.26104,06.4186
2026-05-27T09:09:45.838286,2767.6,05.1062,0.77230,03.9387
2026-05-27T09:09:46.810447,2768.6,05.1065,0.68091,03.4726
2026-05-27T09:09:47.830515,2769.6,05.1064,1.08520,05.5345
2026-05-27T09:09:48.853932,2770.6,05.1056,1.03833,05.2954
2026-05-27T09:09:49.830676,2771.6,05.1064,1.12631,05.7441
2026-05-27T09:09:50.851037,2772.6,05.1091,1.06926,05.4532
2026-05-27T09:09:51.827982,2773.6,05.1078,1.06433,05.4280
2026-05-27T09:09:52.848608,2774.6,05.1091,1.15106,05.8704
2026-05-27T09:09:53.825751,2775.6,05.0997,1.06119,05.4014
2026-05-27T09:09:54.847921,2776.6,05.1055,1.12736,05.7495
2026-05-27T09:09:55.825050,2777.6,05.1053,1.11155,05.6689
2026-05-27T09:09:56.848699,2778.6,05.1082,1.18642,06.0507
2026-05-27T09:09:57.823977,2779.6,05.1109,1.58626,08.1057
2026-05-27T09:09:58.845928,2780.6,05.1061,0.78115,03.9838
2026-05-27T09:09:59.822785,2781.6,05.1081,0.77013,03.9276
2026-05-27T09:10:00.847121,2782.6,05.1114,1.11904,05.7182
2026-05-27T09:10:01.822868,2783.6,05.1014,1.13181,05.7722
2026-05-27T09:10:02.845001,2784.6,05.1092,1.11181,05.6702
2026-05-27T09:10:03.821794,2785.6,05.1072,1.05887,05.4002
2026-05-27T09:10:04.843737,2786.6,05.1067,1.06106,05.4114
2026-05-27T09:10:05.821915,2787.6,05.1064,1.06150,05.4136
2026-05-27T09:10:06.844889,2788.6,05.1094,1.25386,06.3946
2026-05-27T09:10:07.819676,2789.6,05.1091,1.19053,06.0717
2026-05-27T09:10:08.842196,2790.6,05.1048,1.09389,05.5788
2026-05-27T09:10:09.815744,2791.6,05.1103,1.09601,05.6006
2026-05-27T09:10:10.837860,2792.6,05.1122,1.30859,06.6868
2026-05-27T09:10:11.856868,2793.6,05.1081,0.77621,03.9586
2026-05-27T09:10:12.829710,2794.6,05.1070,0.62305,03.1775
2026-05-27T09:10:13.849828,2795.6,05.1039,1.06018,05.4069
2026-05-27T09:10:14.823776,2796.6,05.1081,1.29828,06.6212
2026-05-27T09:10:15.844563,2797.6,05.1062,1.00050,05.1025
2026-05-27T09:10:16.818443,2798.6,05.1051,1.09661,05.5927
2026-05-27T09:10:17.840927,2799.6,05.1080,1.03937,05.3007
2026-05-27T09:10:18.861185,2800.6,05.1100,1.01908,05.2074
2026-05-27T09:10:19.834551,2801.6,05.1058,1.00204,05.1104
2026-05-27T09:10:20.857774,2802.6,05.1070,1.00882,05.1449
2026-05-27T09:10:21.834776,2803.6,05.1094,1.09229,05.5706
2026-05-27T09:10:22.857024,2804.6,05.1064,1.09762,05.5978
2026-05-27T09:10:23.832282,2805.6,05.1158,1.25893,06.4331
2026-05-27T09:10:24.853119,2806.6,05.1080,0.77512,03.9531
2026-05-27T09:10:25.825859,2807.6,05.1080,0.77198,03.9370
2026-05-27T09:10:26.845891,2808.6,05.1084,1.21633,06.2032
2026-05-27T09:10:27.820339,2809.6,05.1139,1.23021,06.2863
2026-05-27T09:10:28.844719,2810.6,05.1014,1.04702,05.3398
2026-05-27T09:10:29.819689,2811.6,05.1062,1.23100,06.2781
2026-05-27T09:10:30.840837,2812.6,05.1020,1.08660,05.5416
2026-05-27T09:10:31.861192,2813.6,05.1086,1.12331,05.7288
2026-05-27T09:10:32.838531,2814.6,05.1091,1.09357,05.5772
2026-05-27T09:10:33.862368,2815.6,05.1041,1.02028,05.2034
2026-05-27T09:10:34.837804,2816.6,05.1003,1.09514,05.5852
2026-05-27T09:10:35.856127,2817.6,05.1031,1.21915,06.2176
2026-05-27T09:10:36.828186,2818.6,05.0948,1.52553,07.7649
2026-05-27T09:10:37.847256,2819.6,05.1064,0.77316,03.9431
2026-05-27T09:10:38.863950,2820.6,05.1058,0.62623,03.1937
2026-05-27T09:10:39.837529,2821.6,05.1000,1.19522,06.0956
2026-05-27T09:10:40.859547,2822.6,05.1117,1.11406,05.6928
2026-05-27T09:10:41.835035,2823.6,05.1094,1.14903,05.8600
2026-05-27T09:10:42.858066,2824.6,05.1050,1.06144,05.4133
2026-05-27T09:10:43.831080,2825.6,05.1109,1.21227,06.1946
2026-05-27T09:10:44.850242,2826.6,05.1066,1.12885,05.7571
2026-05-27T09:10:45.824831,2827.6,05.1081,1.10122,05.6162
2026-05-27T09:10:46.845981,2828.6,05.1103,1.01316,05.1772
2026-05-27T09:10:47.864612,2829.6,05.1083,1.15007,05.8653
2026-05-27T09:10:48.836871,2830.6,05.1117,1.16537,05.9550
2026-05-27T09:10:49.854749,2831.6,05.1061,1.20875,06.1646
2026-05-27T09:10:50.825620,2832.6,05.1097,0.82287,04.1966
2026-05-27T09:10:51.842624,2833.6,05.1061,0.77066,03.9303
2026-05-27T09:10:52.864278,2834.6,05.1062,1.09679,05.5936
2026-05-27T09:10:53.841179,2835.6,05.1070,1.17947,06.0152
2026-05-27T09:10:54.863379,2836.6,05.1075,1.05030,05.3565
2026-05-27T09:10:55.838119,2837.6,05.1169,1.12288,05.7379
2026-05-27T09:10:56.859752,2838.6,05.1055,1.03126,05.2594
2026-05-27T09:10:57.835003,2839.6,05.1091,1.10933,05.6575
2026-05-27T09:10:58.856503,2840.6,05.1041,1.04112,05.3097
2026-05-27T09:10:59.835583,2841.6,05.1056,1.09527,05.5858
2026-05-27T09:11:00.856599,2842.6,05.1075,1.12225,05.7234
2026-05-27T09:11:01.833280,2843.6,05.1063,1.12841,05.7548
2026-05-27T09:11:02.853819,2844.6,05.1028,1.23822,06.3149
2026-05-27T09:11:03.830180,2845.6,05.1080,0.80103,04.0852
2026-05-27T09:11:04.850826,2846.6,05.1070,0.70981,03.6200
2026-05-27T09:11:05.829614,2847.6,05.1080,1.18151,06.0257
2026-05-27T09:11:06.854191,2848.6,05.1101,1.09913,05.6165
2026-05-27T09:11:07.832868,2849.6,05.1101,1.09928,05.6173
2026-05-27T09:11:08.855997,2850.6,05.1050,1.05815,05.3965
2026-05-27T09:11:09.836157,2851.6,05.1123,1.18094,06.0346
2026-05-27T09:11:10.860676,2852.6,05.1109,1.06513,05.4428
2026-05-27T09:11:11.838774,2853.6,05.1092,1.01643,05.1837
2026-05-27T09:11:12.862821,2854.6,05.1108,1.07566,05.4966
2026-05-27T09:11:13.841303,2855.6,05.1081,1.05174,05.3638
2026-05-27T09:11:14.866045,2856.6,05.1030,1.08378,05.5272
2026-05-27T09:11:15.844618,2857.6,05.1076,1.43441,07.3154
2026-05-27T09:11:16.866211,2858.6,05.1108,0.77687,03.9698
2026-05-27T09:11:17.842121,2859.6,05.1090,0.77320,03.9433
2026-05-27T09:11:18.869026,2860.6,05.1061,1.07296,05.4720
2026-05-27T09:11:19.844401,2861.6,05.1020,1.14815,05.8555
2026-05-27T09:11:20.868338,2862.6,05.1001,1.03436,05.2752
2026-05-27T09:11:21.846302,2863.6,05.1045,1.15365,05.8836
2026-05-27T09:11:22.869724,2864.6,05.1098,1.10397,05.6302
2026-05-27T09:11:23.846918,2865.6,05.1141,1.04186,05.3239
2026-05-27T09:11:24.871696,2866.6,05.1047,1.07334,05.4740
2026-05-27T09:11:25.846452,2867.6,05.1112,1.04922,05.3615
2026-05-27T09:11:26.867325,2868.6,05.1103,1.05097,05.3704
2026-05-27T09:11:27.842462,2869.6,05.1037,1.15820,05.9068
2026-05-27T09:11:28.863112,2870.6,05.1061,1.44804,07.3850
2026-05-27T09:11:29.835270,2871.6,05.1073,0.77615,03.9583
2026-05-27T09:11:30.853472,2872.6,05.1069,0.68665,03.5019
2026-05-27T09:11:31.876225,2873.6,05.1017,1.05242,05.3673
2026-05-27T09:11:32.850735,2874.6,05.1105,1.03286,05.2779
2026-05-27T09:11:33.872448,2875.6,05.1041,1.18577,06.0474
2026-05-27T09:11:34.846446,2876.6,05.1048,1.15959,05.9139
2026-05-27T09:11:35.867054,2877.6,05.1066,1.17421,05.9884
2026-05-27T09:11:36.843687,2878.6,05.1067,1.17845,06.0100
2026-05-27T09:11:37.863482,2879.6,05.1097,1.20181,06.1292
2026-05-27T09:11:38.838864,2880.6,05.1081,1.11994,05.7116
2026-05-27T09:11:39.863586,2881.6,05.1114,1.06764,05.4556
2026-05-27T09:11:40.840371,2882.6,05.1041,1.16626,05.9479
2026-05-27T09:11:41.862483,2883.6,05.1041,1.37615,07.0183
2026-05-27T09:11:42.836198,2884.6,05.1069,0.77538,03.9544
2026-05-27T09:11:43.855085,2885.6,05.1064,0.77275,03.9410
2026-05-27T09:11:44.877880,2886.6,05.1069,1.10522,05.6366
2026-05-27T09:11:45.854001,2887.6,05.1117,1.09409,05.5907
2026-05-27T09:11:46.876705,2888.6,05.1045,1.11288,05.6756
2026-05-27T09:11:47.850470,2889.6,05.1100,1.16967,05.9770
2026-05-27T09:11:48.872641,2890.6,05.1028,1.10964,05.6591
2026-05-27T09:11:49.849179,2891.6,05.1097,1.18145,06.0253
2026-05-27T09:11:50.869418,2892.6,05.1033,1.06988,05.4563
2026-05-27T09:11:51.845967,2893.6,05.1061,1.06234,05.4179
2026-05-27T09:11:52.869696,2894.6,05.1122,1.10365,05.6396
2026-05-27T09:11:53.844608,2895.6,05.1097,1.19258,06.0821
2026-05-27T09:11:54.864494,2896.6,05.1258,1.21202,06.2055
2026-05-27T09:11:55.836987,2897.6,05.1116,0.77764,03.9737
2026-05-27T09:11:56.854765,2898.6,05.1067,0.72708,03.7081
2026-05-27T09:11:57.875639,2899.6,05.1053,1.08573,05.5372
2026-05-27T09:11:58.849793,2900.6,05.1126,1.19603,06.1117
2026-05-27T09:11:59.871125,2901.6,05.1053,1.12567,05.7409
2026-05-27T09:12:00.846066,2902.6,05.1069,1.10806,05.6511
2026-05-27T09:12:01.867036,2903.6,05.1055,1.11366,05.6796
2026-05-27T09:12:02.842714,2904.6,05.1122,1.15872,05.9210
2026-05-27T09:12:03.866824,2905.6,05.1083,1.15524,05.8917
2026-05-27T09:12:04.842705,2906.6,05.1145,1.01470,05.1851
2026-05-27T09:12:05.864920,2907.6,05.1051,1.03922,05.3000
2026-05-27T09:12:06.841272,2908.6,05.1103,1.13306,05.7899
2026-05-27T09:12:07.863617,2909.6,05.1022,1.13769,05.8022
2026-05-27T09:12:08.839480,2910.6,05.1088,0.77862,03.9709
2026-05-27T09:12:09.857142,2911.6,05.1082,0.77531,03.9540
2026-05-27T09:12:10.878052,2912.6,05.1076,1.10076,05.6138
2026-05-27T09:12:11.856561,2913.6,05.1100,1.09490,05.5949
2026-05-27T09:12:12.881408,2914.6,05.1059,1.02750,05.2402
2026-05-27T09:12:13.857734,2915.6,05.1089,1.02667,05.2360
2026-05-27T09:12:14.879895,2916.6,05.1020,1.08196,05.5179
2026-05-27T09:12:15.855460,2917.6,05.1078,1.13700,05.7987
2026-05-27T09:12:16.879163,2918.6,05.1083,1.13671,05.7972
2026-05-27T09:12:17.854447,2919.6,05.1062,1.17985,06.0172
2026-05-27T09:12:18.877547,2920.6,05.1080,1.15649,05.8980
2026-05-27T09:12:19.854196,2921.6,05.1100,1.27472,06.5138
2026-05-27T09:12:20.879314,2922.6,05.1067,1.39236,07.1010
2026-05-27T09:12:21.856459,2923.6,05.1081,0.77461,03.9505
2026-05-27T09:12:22.877820,2924.6,05.1080,0.71334,03.6380
2026-05-27T09:12:23.853895,2925.6,05.1014,1.00205,05.1104
2026-05-27T09:12:24.879893,2926.6,05.1074,1.17795,06.0075
2026-05-27T09:12:25.859726,2927.6,05.1095,1.03909,05.2993
2026-05-27T09:12:26.881542,2928.6,05.1030,1.11096,05.6658
2026-05-27T09:12:27.857274,2929.6,05.1023,1.32974,06.7816
2026-05-27T09:12:28.881225,2930.6,05.1025,1.12054,05.7147
2026-05-27T09:12:29.860196,2931.6,05.1042,1.04618,05.3355
2026-05-27T09:12:30.882125,2932.6,05.1087,1.10376,05.6291
2026-05-27T09:12:31.856783,2933.6,05.1020,1.07886,05.5021
2026-05-27T09:12:32.875959,2934.6,05.1020,1.02079,05.2060
2026-05-27T09:12:33.852878,2935.6,05.1055,1.25149,06.3825
2026-05-27T09:12:34.871923,2936.6,05.1053,0.77555,03.9553
2026-05-27T09:12:35.846331,2937.6,05.1063,0.77048,03.9294
2026-05-27T09:12:36.869708,2938.6,05.1037,1.09842,05.6019
2026-05-27T09:12:37.890963,2939.6,05.1050,1.14413,05.8350
2026-05-27T09:12:38.866076,2940.6,05.1064,1.16218,05.9271
2026-05-27T09:12:39.887896,2941.6,05.1064,1.05227,05.3665
2026-05-27T09:12:40.861840,2942.6,05.1103,1.22283,06.2486
2026-05-27T09:12:41.884481,2943.6,05.1068,1.16137,05.9229
2026-05-27T09:12:42.859759,2944.6,05.1051,1.26791,06.4663
2026-05-27T09:12:43.880937,2945.6,05.1014,1.04578,05.3334
2026-05-27T09:12:44.856013,2946.6,05.1063,1.10877,05.6547
2026-05-27T09:12:45.876273,2947.6,05.1030,1.10260,05.6232
2026-05-27T09:12:46.851148,2948.6,05.1017,1.17634,05.9993
2026-05-27T09:12:47.872762,2949.6,05.1070,0.77650,03.9601
2026-05-27T09:12:48.892533,2950.6,05.1080,0.62506,03.1878
2026-05-27T09:12:49.868430,2951.6,05.1095,1.13652,05.7962
2026-05-27T09:12:50.891126,2952.6,05.1008,1.16405,05.9366
2026-05-27T09:12:51.867603,2953.6,05.1148,1.17266,05.9922
2026-05-27T09:12:52.889699,2954.6,05.1050,1.02887,05.2472
2026-05-27T09:12:53.866803,2955.6,05.1080,1.24848,06.3672
2026-05-27T09:12:54.892552,2956.6,05.1080,1.15110,05.8706
2026-05-27T09:12:55.870865,2957.6,05.1067,1.04409,05.3248
2026-05-27T09:12:56.894491,2958.6,05.1059,1.11366,05.6796
2026-05-27T09:12:57.870749,2959.6,05.1033,1.15777,05.9046
2026-05-27T09:12:58.892550,2960.6,05.1080,1.08274,05.5219
2026-05-27T09:12:59.868012,2961.6,05.1034,1.60740,08.1977
2026-05-27T09:13:00.891018,2962.6,05.1094,0.77692,03.9622
2026-05-27T09:13:01.864683,2963.6,05.1059,0.77510,03.9530
2026-05-27T09:13:02.886470,2964.6,05.0998,1.06184,05.4047
2026-05-27T09:13:03.864000,2965.6,05.1003,1.12288,05.7266
2026-05-27T09:13:04.885311,2966.6,05.0994,1.04228,05.3052
2026-05-27T09:13:05.859781,2967.6,05.1075,1.22266,06.2355
2026-05-27T09:13:06.879969,2968.6,05.1064,1.11482,05.6855
2026-05-27T09:13:07.857055,2969.6,05.1014,1.12136,05.7189
2026-05-27T09:13:08.876516,2970.6,05.1022,1.17968,06.0163
2026-05-27T09:13:09.852336,2971.6,05.1044,1.09701,05.5947
2026-05-27T09:13:10.874562,2972.6,05.1022,1.17581,05.9966
2026-05-27T09:13:11.852560,2973.6,05.1014,1.08305,05.5235
2026-05-27T09:13:12.875208,2974.6,05.1083,1.22832,06.2644
2026-05-27T09:13:13.897709,2975.6,05.1073,0.77613,03.9582
2026-05-27T09:13:14.871288,2976.6,05.1064,0.76181,03.8852
2026-05-27T09:13:15.891823,2977.6,05.1070,1.00910,05.1464
2026-05-27T09:13:16.869306,2978.6,05.1133,1.07870,05.5121
2026-05-27T09:13:17.891559,2979.6,05.1072,1.05197,05.3650
2026-05-27T09:13:18.867459,2980.6,05.1053,1.07701,05.4927
2026-05-27T09:13:19.887812,2981.6,05.1051,1.18104,06.0233
2026-05-27T09:13:20.862699,2982.6,05.1092,1.19759,06.1077
2026-05-27T09:13:21.887093,2983.6,05.1012,1.09379,05.5783
2026-05-27T09:13:22.862498,2984.6,05.1062,1.14665,05.8479
2026-05-27T09:13:23.885584,2985.6,05.1108,1.06336,05.4337
2026-05-27T09:13:24.861416,2986.6,05.1026,1.05131,05.3616
2026-05-27T09:13:25.882857,2987.6,05.0978,1.33535,06.7969
2026-05-27T09:13:26.900172,2988.6,05.1075,0.77881,03.9719
2026-05-27T09:13:27.869772,2989.6,05.1076,0.77598,03.9574
2026-05-27T09:13:28.890603,2990.6,05.1095,1.25848,06.4182
2026-05-27T09:13:29.866938,2991.6,05.1072,1.10998,05.6608
2026-05-27T09:13:30.888905,2992.6,05.1078,1.11019,05.6619
2026-05-27T09:13:31.862870,2993.6,05.1069,1.07590,05.4870
2026-05-27T09:13:32.883459,2994.6,05.0986,1.22305,06.2253
2026-05-27T09:13:33.856842,2995.6,05.1080,1.11470,05.6849
2026-05-27T09:13:34.876106,2996.6,05.1130,1.19504,06.1066
2026-05-27T09:13:35.895216,2997.6,05.1066,1.07890,05.5023
2026-05-27T09:13:36.867922,2998.6,05.1078,1.18580,06.0475
2026-05-27T09:13:37.888872,2999.6,05.1059,1.07465,05.4807
2026-05-27T09:13:38.861444,3000.6,05.1147,1.24626,06.3683
2026-05-27T09:13:39.881073,3001.6,05.1147,0.77245,03.9472
2026-05-27T09:13:40.901058,3002.6,05.1096,0.65953,03.3636
2026-05-27T09:13:41.874108,3003.6,05.1023,1.16167,05.9245
2026-05-27T09:13:42.896126,3004.6,05.1005,1.11715,05.6974
2026-05-27T09:13:43.873267,3005.6,05.1041,1.13529,05.7899
2026-05-27T09:13:44.895518,3006.6,05.1120,1.15937,05.9243
2026-05-27T09:13:45.870402,3007.6,05.1006,1.03149,05.2605
2026-05-27T09:13:46.891393,3008.6,05.1064,1.17061,05.9701
2026-05-27T09:13:47.865847,3009.6,05.1059,1.11326,05.6776
2026-05-27T09:13:48.885315,3010.6,05.1148,1.29705,06.6279
2026-05-27T09:13:49.861603,3011.6,05.1045,1.10415,05.6311
2026-05-27T09:13:50.883177,3012.6,05.1086,1.05069,05.3585
2026-05-27T09:13:51.901443,3013.6,05.0958,1.35915,06.9180
2026-05-27T09:13:52.875027,3014.6,05.1073,0.78009,03.9784
2026-05-27T09:13:53.891885,3015.6,05.1074,0.76690,03.9111
2026-05-27T09:13:54.865729,3016.6,05.1058,1.13419,05.7843
2026-05-27T09:13:55.885628,3017.6,05.1130,1.01351,05.1790
2026-05-27T09:13:56.862411,3018.6,05.1089,1.09541,05.5865
2026-05-27T09:13:57.883646,3019.6,05.1086,1.14591,05.8441
2026-05-27T09:13:58.902900,3020.6,05.1103,1.17271,05.9925
2026-05-27T09:13:59.878375,3021.6,05.1048,1.09278,05.5731
2026-05-27T09:14:00.897839,3022.6,05.1148,1.07413,05.4888
2026-05-27T09:14:01.872270,3023.6,05.1056,1.04415,05.3251
2026-05-27T09:14:02.891874,3024.6,05.1068,1.27176,06.4859
2026-05-27T09:14:03.866964,3025.6,05.1122,1.11576,05.7015
2026-05-27T09:14:04.886476,3026.6,05.1158,1.11328,05.6888
2026-05-27T09:14:05.906586,3027.6,05.1094,0.77486,03.9517
2026-05-27T09:14:06.881046,3028.6,05.1094,0.68229,03.4796
2026-05-27T09:14:07.903134,3029.6,05.1145,1.12753,05.7616
2026-05-27T09:14:08.878439,3030.6,05.1072,1.09838,05.6017
2026-05-27T09:14:09.897747,3031.6,05.1133,1.13602,05.8050
2026-05-27T09:14:10.875251,3032.6,05.1109,1.12765,05.7622
2026-05-27T09:14:11.897431,3033.6,05.1081,1.19133,06.0757
2026-05-27T09:14:12.874073,3034.6,05.1005,1.23091,06.2776
2026-05-27T09:14:13.895851,3035.6,05.1059,1.10287,05.6246
2026-05-27T09:14:14.872941,3036.6,05.1101,1.10485,05.6457
2026-05-27T09:14:15.893466,3037.6,05.1048,1.04701,05.3397
2026-05-27T09:14:16.869853,3038.6,05.1158,1.08324,05.5353
2026-05-27T09:14:17.892572,3039.6,05.1256,1.13412,05.8066
2026-05-27T09:14:18.867955,3040.6,05.1109,0.77721,03.9715
2026-05-27T09:14:19.887120,3041.6,05.1080,0.77521,03.9535
2026-05-27T09:14:20.907906,3042.6,05.1117,1.12811,05.7646
2026-05-27T09:14:21.884879,3043.6,05.1081,1.05987,05.4053
2026-05-27T09:14:22.906609,3044.6,05.1108,1.10192,05.6308
2026-05-27T09:14:23.882244,3045.6,05.1084,1.06205,05.4164
2026-05-27T09:14:24.905244,3046.6,05.1069,1.07477,05.4813
2026-05-27T09:14:25.882077,3047.6,05.1059,1.11345,05.6785
2026-05-27T09:14:26.902673,3048.6,05.1073,1.08888,05.5532
2026-05-27T09:14:27.880578,3049.6,05.1042,1.09781,05.5988
2026-05-27T09:14:28.905592,3050.6,05.0970,1.14130,05.8092
2026-05-27T09:14:29.879324,3051.6,05.1081,1.17709,06.0031
2026-05-27T09:14:30.901928,3052.6,05.1209,1.27077,06.5063
2026-05-27T09:14:31.876460,3053.6,05.1074,0.77820,03.9688
2026-05-27T09:14:32.894429,3054.6,05.1068,0.72142,03.6792
2026-05-27T09:14:33.914598,3055.6,05.1036,1.14368,05.8327
2026-05-27T09:14:34.891111,3056.6,05.1078,1.19218,06.0801
2026-05-27T09:14:35.914558,3057.6,05.1147,1.04838,05.3572
2026-05-27T09:14:36.889220,3058.6,05.1116,1.11725,05.7091
2026-05-27T09:14:37.910841,3059.6,05.1120,1.17030,05.9802
2026-05-27T09:14:38.885707,3060.6,05.1061,1.05256,05.3680
2026-05-27T09:14:39.906842,3061.6,05.1061,1.13219,05.7741
2026-05-27T09:14:40.880986,3062.6,05.0987,1.03416,05.2638
2026-05-27T09:14:41.903456,3063.6,05.1067,1.13733,05.8003
2026-05-27T09:14:42.881191,3064.6,05.1042,1.10182,05.6192
2026-05-27T09:14:43.901307,3065.6,05.1031,1.18322,06.0344
2026-05-27T09:14:44.873733,3066.6,05.1100,0.77568,03.9637
2026-05-27T09:14:45.889694,3067.6,05.1062,0.77129,03.9335
2026-05-27T09:14:46.908467,3068.6,05.1089,1.06589,05.4360
2026-05-27T09:14:47.882238,3069.6,05.1109,1.20304,06.1475
2026-05-27T09:14:48.905734,3070.6,05.1044,1.06892,05.4514
2026-05-27T09:14:49.882498,3071.6,05.1109,1.08830,05.5612
2026-05-27T09:14:50.905387,3072.6,05.1059,1.18436,06.0402
2026-05-27T09:14:51.883247,3073.6,05.1144,1.07424,05.4893
2026-05-27T09:14:52.906416,3074.6,05.1141,1.11890,05.7175
2026-05-27T09:14:53.881992,3075.6,05.1181,1.13384,05.7939
2026-05-27T09:14:54.904523,3076.6,05.1009,1.16379,05.9353
2026-05-27T09:14:55.878145,3077.6,05.1126,1.08835,05.5614
2026-05-27T09:14:56.898594,3078.6,05.1108,1.16608,05.9586
2026-05-27T09:14:57.915221,3079.6,05.1076,0.77993,03.9776
2026-05-27T09:14:58.884743,3080.6,05.1076,0.74617,03.8054
2026-05-27T09:14:59.902422,3081.6,05.1019,1.05712,05.3913
2026-05-27T09:15:00.876072,3082.6,05.1025,1.29660,06.6126
2026-05-27T09:15:01.897651,3083.6,05.0994,1.09480,05.5725
2026-05-27T09:15:02.918702,3084.6,05.1105,1.09792,05.6103
2026-05-27T09:15:03.892109,3085.6,05.1070,1.02178,05.2110
2026-05-27T09:15:04.911117,3086.6,05.1050,1.06984,05.4561
2026-05-27T09:15:05.884841,3087.6,05.0972,1.15147,05.8609
2026-05-27T09:15:06.904481,3088.6,05.1051,1.03989,05.3034
2026-05-27T09:15:07.878805,3089.6,05.1020,1.06090,05.4105
2026-05-27T09:15:08.898638,3090.6,05.1119,1.10587,05.6509
2026-05-27T09:15:09.918061,3091.6,05.1019,1.20462,06.1435
2026-05-27T09:15:10.891601,3092.6,05.1081,0.78529,04.0049
2026-05-27T09:15:11.908273,3093.6,05.1084,0.77574,03.9562
2026-05-27T09:15:12.883695,3094.6,05.1009,1.07066,05.4603
2026-05-27T09:15:13.903642,3095.6,05.1023,0.98866,05.0421
2026-05-27T09:15:14.878233,3096.6,05.0972,1.03096,05.2475
2026-05-27T09:15:15.899910,3097.6,05.1119,1.10381,05.6404
2026-05-27T09:15:16.923620,3098.6,05.1059,1.06380,05.4253
2026-05-27T09:15:17.900107,3099.6,05.0933,1.14179,05.8117
2026-05-27T09:15:18.920930,3100.6,05.1108,1.10986,05.6713
2026-05-27T09:15:19.895494,3101.6,05.0989,1.17881,06.0001
2026-05-27T09:15:20.918756,3102.6,05.1042,1.11429,05.6828
2026-05-27T09:15:21.897375,3103.6,05.1106,1.12401,05.7436
2026-05-27T09:15:22.919007,3104.6,05.1075,1.13745,05.8009
2026-05-27T09:15:23.894831,3105.6,05.1012,0.77706,03.9630
2026-05-27T09:15:24.914953,3106.6,05.1091,0.75506,03.8508
2026-05-27T09:15:25.890450,3107.6,05.1120,1.06364,05.4352
2026-05-27T09:15:26.910747,3108.6,05.0967,1.09730,05.5852
2026-05-27T09:15:27.885562,3109.6,05.1097,1.16229,05.9276
2026-05-27T09:15:28.905792,3110.6,05.1097,1.03806,05.2941
2026-05-27T09:15:29.926430,3111.6,05.1133,1.15685,05.9115
2026-05-27T09:15:30.904460,3112.6,05.1083,1.06244,05.4184
2026-05-27T09:15:31.883303,3113.6,05.1053,1.12523,05.7386
2026-05-27T09:15:32.906097,3114.6,05.1112,1.06403,05.4371
2026-05-27T09:15:33.924572,3115.6,05.1112,1.15897,05.9223
2026-05-27T09:15:34.898260,3116.6,05.1039,1.06528,05.4329
2026-05-27T09:15:35.919257,3117.6,05.0901,1.32739,06.7564
2026-05-27T09:15:36.892929,3118.6,05.1100,0.77871,03.9792
2026-05-27T09:15:37.908341,3119.6,05.1078,0.77859,03.9708
2026-05-27T09:15:38.928659,3120.6,05.1082,1.04477,05.3283
2026-05-27T09:15:39.902508,3121.6,05.1056,1.04737,05.3415
2026-05-27T09:15:40.924843,3122.6,05.0972,1.11661,05.6835
2026-05-27T09:15:41.903212,3123.6,05.1091,1.10209,05.6206
2026-05-27T09:15:42.924468,3124.6,05.1009,1.04480,05.3284
2026-05-27T09:15:43.901277,3125.6,05.1070,1.21575,06.2003
2026-05-27T09:15:44.921646,3126.6,05.1022,1.07912,05.5035
2026-05-27T09:15:45.898546,3127.6,05.0961,1.00744,05.1278
2026-05-27T09:15:46.923814,3128.6,05.1036,1.10873,05.6545
2026-05-27T09:15:47.900980,3129.6,05.1119,1.06870,05.4610
2026-05-27T09:15:48.924785,3130.6,05.1066,1.41424,07.2126
2026-05-27T09:15:49.898997,3131.6,05.1111,0.79951,04.0854
2026-05-27T09:15:50.919779,3132.6,05.1076,0.74582,03.8036
2026-05-27T09:15:51.895186,3133.6,05.1092,1.20892,06.1654
2026-05-27T09:15:52.919661,3134.6,05.1167,1.20226,06.1435
2026-05-27T09:15:53.895332,3135.6,05.1136,1.13006,05.7746
2026-05-27T09:15:54.917533,3136.6,05.1137,1.08646,05.5518
2026-05-27T09:15:55.896744,3137.6,05.1033,1.08664,05.5418
2026-05-27T09:15:56.919021,3138.6,05.1062,1.19086,06.0733
2026-05-27T09:15:57.897575,3139.6,05.1062,1.02462,05.2255
2026-05-27T09:15:58.920185,3140.6,05.1166,1.07385,05.4873
2026-05-27T09:15:59.899854,3141.6,05.1042,1.14196,05.8239
2026-05-27T09:16:00.923679,3142.6,05.1061,1.13121,05.7691
2026-05-27T09:16:01.900817,3143.6,05.1064,1.27221,06.4882
2026-05-27T09:16:02.922861,3144.6,05.1098,0.77871,03.9714
2026-05-27T09:16:03.894174,3145.6,05.1072,0.77746,03.9650
2026-05-27T09:16:04.914256,3146.6,05.1080,1.03919,05.2998
2026-05-27T09:16:05.934331,3147.6,05.1128,1.16337,05.9448
2026-05-27T09:16:06.910616,3148.6,05.1080,1.19779,06.1087
2026-05-27T09:16:07.936212,3149.6,05.0994,1.07442,05.4687
2026-05-27T09:16:08.911915,3150.6,05.1056,1.24444,06.3466
2026-05-27T09:16:09.938517,3151.6,05.1084,1.12354,05.7300
2026-05-27T09:16:10.914341,3152.6,05.1089,1.20906,06.1662
2026-05-27T09:16:11.936397,3153.6,05.1073,1.22231,06.2337
2026-05-27T09:16:12.914310,3154.6,05.1131,1.27030,06.4912
2026-05-27T09:16:13.892302,3155.6,05.0948,1.02972,05.2412
2026-05-27T09:16:14.913901,3156.6,05.0942,1.19621,06.0887
2026-05-27T09:16:15.936089,3157.6,05.1130,0.77728,03.9719
2026-05-27T09:16:16.909390,3158.6,05.1092,0.77604,03.9578
2026-05-27T09:16:17.931232,3159.6,05.1028,1.14895,05.8596
2026-05-27T09:16:18.904790,3160.6,05.1153,1.08789,05.5591
2026-05-27T09:16:19.924984,3161.6,05.0995,1.09783,05.5879
2026-05-27T09:16:20.898531,3162.6,05.1025,1.11848,05.7042
2026-05-27T09:16:21.921023,3163.6,05.1061,1.03817,05.2946
2026-05-27T09:16:22.896577,3164.6,05.1094,1.10729,05.6471
2026-05-27T09:16:23.922048,3165.6,05.1095,1.25484,06.3996
2026-05-27T09:16:24.897430,3166.6,05.1088,1.14331,05.8308
2026-05-27T09:16:25.914497,3167.6,05.1059,1.13158,05.7710
2026-05-27T09:16:26.931841,3168.6,05.1147,1.18789,06.0701
2026-05-27T09:16:27.906044,3169.6,05.0914,1.13711,05.7878
2026-05-27T09:16:28.927807,3170.6,05.1081,0.77610,03.9581
2026-05-27T09:16:29.897726,3171.6,05.1078,0.77565,03.9558
2026-05-27T09:16:30.915722,3172.6,05.0936,1.10307,05.6146
2026-05-27T09:16:31.936180,3173.6,05.1126,1.05560,05.3941
2026-05-27T09:16:32.911105,3174.6,05.1117,1.21186,06.1926
2026-05-27T09:16:33.931648,3175.6,05.1162,1.06759,05.4553
2026-05-27T09:16:34.909950,3176.6,05.0961,1.06353,05.4133
2026-05-27T09:16:35.931902,3177.6,05.1001,1.07592,05.4871
2026-05-27T09:16:36.909276,3178.6,05.1073,1.11832,05.7034
2026-05-27T09:16:37.930001,3179.6,05.1075,1.05366,05.3736
2026-05-27T09:16:38.905828,3180.6,05.1114,1.09925,05.6171
2026-05-27T09:16:39.928328,3181.6,05.1067,1.16007,05.9163
2026-05-27T09:16:40.901419,3182.6,05.0995,1.27950,06.5126
2026-05-27T09:16:41.923484,3183.6,05.1083,0.77795,03.9675
2026-05-27T09:16:42.942298,3184.6,05.1081,0.67737,03.4545
2026-05-27T09:16:43.917815,3185.6,05.1117,1.22562,06.2629
2026-05-27T09:16:44.940623,3186.6,05.1085,1.16735,05.9534
2026-05-27T09:16:45.918614,3187.6,05.1137,1.16455,05.9508
2026-05-27T09:16:46.941563,3188.6,05.1036,1.16337,05.9331
2026-05-27T09:16:47.918695,3189.6,05.1000,1.08429,05.5298
2026-05-27T09:16:48.941268,3190.6,05.1062,1.07241,05.4692
2026-05-27T09:16:49.918591,3191.6,05.1117,1.14788,05.8656
2026-05-27T09:16:50.942314,3192.6,05.1034,1.03064,05.2562
2026-05-27T09:16:51.917965,3193.6,05.1012,1.14712,05.8503
2026-05-27T09:16:52.937835,3194.6,05.0992,1.10956,05.6476
2026-05-27T09:16:53.911505,3195.6,05.1012,1.15988,05.9153
2026-05-27T09:16:54.933804,3196.6,05.1114,0.77876,03.9794
2026-05-27T09:16:55.905797,3197.6,05.1084,0.77673,03.9613
2026-05-27T09:16:56.928046,3198.6,05.1062,1.02806,05.2431
2026-05-27T09:16:57.901981,3199.6,05.1078,1.18291,06.0328
2026-05-27T09:16:58.922334,3200.6,05.1030,1.04278,05.3181
2026-05-27T09:16:59.943484,3201.6,05.0970,1.21553,06.1870
2026-05-27T09:17:00.917703,3202.6,05.1094,1.16660,05.9496
2026-05-27T09:17:01.939414,3203.6,05.1072,1.17234,05.9789
2026-05-27T09:17:02.917003,3204.6,05.1068,1.13916,05.8097
2026-05-27T09:17:03.936857,3205.6,05.1106,1.37505,07.0265
2026-05-27T09:17:04.913203,3206.6,05.1080,1.14691,05.8492
2026-05-27T09:17:05.934744,3207.6,05.1001,1.07793,05.4974
2026-05-27T09:17:06.910714,3208.6,05.1022,1.15012,05.8656
2026-05-27T09:17:07.931827,3209.6,05.1100,0.78010,03.9863
2026-05-27T09:17:08.903746,3210.6,05.1069,0.76825,03.9180
2026-05-27T09:17:09.922820,3211.6,05.1053,1.08605,05.5388
2026-05-27T09:17:10.945286,3212.6,05.1006,1.21585,06.2008
2026-05-27T09:17:11.923649,3213.6,05.1072,1.10596,05.6403
2026-05-27T09:17:12.946832,3214.6,05.1047,1.09905,05.6051
2026-05-27T09:17:13.925117,3215.6,05.0966,1.12232,05.7126
2026-05-27T09:17:14.948632,3216.6,05.1072,1.07240,05.4692
2026-05-27T09:17:15.923378,3217.6,05.1175,1.06081,05.4207
2026-05-27T09:17:16.944812,3218.6,05.1081,1.17624,05.9988
2026-05-27T09:17:17.921639,3219.6,05.1134,1.09203,05.5802
2026-05-27T09:17:18.947170,3220.6,05.1048,1.07818,05.4987
2026-05-27T09:17:19.925274,3221.6,05.1060,1.18488,06.0428
2026-05-27T09:17:20.946677,3222.6,05.1003,0.79129,04.0355
2026-05-27T09:17:21.918964,3223.6,05.1061,0.77770,03.9662
2026-05-27T09:17:22.941078,3224.6,05.1042,1.07915,05.5036
2026-05-27T09:17:23.914924,3225.6,05.1120,1.23333,06.3023
2026-05-27T09:17:24.934247,3226.6,05.1117,1.10058,05.6239
2026-05-27T09:17:25.907976,3227.6,05.1056,1.06244,05.4184
2026-05-27T09:17:26.928884,3228.6,05.1134,1.10941,05.6690
2026-05-27T09:17:27.948890,3229.6,05.1023,1.03928,05.3003
2026-05-27T09:17:28.923606,3230.7,05.1111,1.09086,05.5742
2026-05-27T09:17:29.943947,3231.7,05.1028,1.02546,05.2298
2026-05-27T09:17:30.917013,3232.7,05.1055,1.24228,06.3356
2026-05-27T09:17:31.935509,3233.7,05.1006,1.04027,05.3053
2026-05-27T09:17:32.908075,3234.7,05.0959,1.27922,06.5112
2026-05-27T09:17:33.927000,3235.7,05.1147,0.78031,03.9873
2026-05-27T09:17:34.943596,3236.7,05.1089,0.74982,03.8240
2026-05-27T09:17:35.916830,3237.7,05.1080,1.09173,05.5678
2026-05-27T09:17:36.935601,3238.7,05.1017,1.06433,05.4280
2026-05-27T09:17:37.909696,3239.7,05.1095,1.27844,06.5200
2026-05-27T09:17:38.929669,3240.7,05.1081,1.30709,06.6661
2026-05-27T09:17:39.951573,3241.7,05.1130,1.13990,05.8248
2026-05-27T09:17:40.925241,3242.7,05.0997,1.20378,06.1272
2026-05-27T09:17:41.947478,3243.7,05.1017,1.08129,05.5145
2026-05-27T09:17:42.921640,3244.7,05.1062,1.12034,05.7137
2026-05-27T09:17:43.942250,3245.7,05.1112,1.14291,05.8402
2026-05-27T09:17:44.918437,3246.7,05.1144,1.17651,06.0119
2026-05-27T09:17:45.942961,3247.7,05.0986,1.44724,07.3664
2026-05-27T09:17:46.918539,3248.7,05.1076,0.78082,03.9821
2026-05-27T09:17:47.936168,3249.7,05.1078,0.77895,03.9726
2026-05-27T09:17:48.956101,3250.7,05.0995,1.19584,06.0868
2026-05-27T09:17:49.931763,3251.7,05.1056,1.10896,05.6556
2026-05-27T09:17:50.955249,3252.7,05.1112,1.25807,06.4287
2026-05-27T09:17:51.930991,3253.7,05.1070,1.17296,05.9820
2026-05-27T09:17:52.952786,3254.7,05.1082,1.32088,06.7364
2026-05-27T09:17:53.929939,3255.7,05.0970,1.13409,05.7725
2026-05-27T09:17:54.952468,3256.7,05.1031,1.09627,05.5909
2026-05-27T09:17:55.927916,3257.7,05.1128,1.05701,05.4013
2026-05-27T09:17:56.952040,3258.7,05.1083,1.02627,05.2339
2026-05-27T09:17:57.924854,3259.7,05.1086,1.21096,06.1758
2026-05-27T09:17:58.943582,3260.7,05.1122,1.28921,06.5878
2026-05-27T09:17:59.917809,3261.7,05.1059,0.80299,04.0952
2026-05-27T09:18:00.932825,3262.7,05.1076,0.77866,03.9711
2026-05-27T09:18:01.951628,3263.7,05.1120,1.37402,07.0212
2026-05-27T09:18:02.925725,3264.7,05.0976,1.09188,05.5576
2026-05-27T09:18:03.946766,3265.7,05.1137,1.15616,05.9079
2026-05-27T09:18:04.919973,3266.7,05.1028,1.23016,06.2738
2026-05-27T09:18:05.940669,3267.7,05.1108,1.34081,06.8515
2026-05-27T09:18:06.959465,3268.7,05.1047,1.16911,05.9624
2026-05-27T09:18:07.935263,3269.7,05.1058,1.05020,05.3560
2026-05-27T09:18:08.956794,3270.7,05.0991,1.09781,05.5878
2026-05-27T09:18:09.932879,3271.7,05.1167,1.09310,05.5857
2026-05-27T09:18:10.954024,3272.7,05.0939,1.09677,05.5825
2026-05-27T09:18:11.928034,3273.7,05.1014,1.39939,07.1368
2026-05-27T09:18:12.949401,3274.7,05.1034,0.88080,04.4920
2026-05-27T09:18:13.922939,3275.7,05.1071,0.77685,03.9619
2026-05-27T09:18:14.944077,3276.7,05.1066,1.16930,05.9634
2026-05-27T09:18:15.921624,3277.7,05.1041,1.07667,05.4910
2026-05-27T09:18:16.945149,3278.7,05.0987,1.41534,07.2040
2026-05-27T09:18:17.919638,3279.7,05.1130,1.22030,06.2357
2026-05-27T09:18:18.940874,3280.7,05.0995,1.46612,07.4625
2026-05-27T09:18:19.962572,3281.7,05.1003,1.20293,06.1349
2026-05-27T09:18:20.937579,3282.7,05.1111,1.21314,06.1991
2026-05-27T09:18:21.960928,3283.7,05.1108,1.08513,05.5450
2026-05-27T09:18:22.934551,3284.7,05.1045,1.08994,05.5586
2026-05-27T09:18:23.956763,3285.7,05.0994,1.10346,05.6166
2026-05-27T09:18:24.933017,3286.7,05.1153,1.30936,06.6908
2026-05-27T09:18:25.953332,3287.7,05.1141,0.99851,05.1023
2026-05-27T09:18:26.925556,3288.7,05.1071,0.76734,03.9134
2026-05-27T09:18:27.945378,3289.7,05.1011,1.09510,05.5850
2026-05-27T09:18:28.921409,3290.7,05.1034,1.05189,05.3646
2026-05-27T09:18:29.942713,3291.7,05.1001,1.12274,05.7259
2026-05-27T09:18:30.963165,3292.7,05.1006,1.03896,05.2986
2026-05-27T09:18:31.941170,3293.7,05.1198,1.25160,06.3956
2026-05-27T09:18:32.961840,3294.7,05.1069,1.09720,05.5957
2026-05-27T09:18:33.938157,3295.7,05.1066,1.13698,05.7985
2026-05-27T09:18:34.960609,3296.7,05.0900,1.20139,06.1150
2026-05-27T09:18:35.936487,3297.7,05.1136,1.17479,06.0031
2026-05-27T09:18:36.958027,3298.7,05.1036,1.19047,06.0713
2026-05-27T09:18:37.935975,3299.7,05.1219,1.07998,05.5294
2026-05-27T09:18:38.957297,3300.7,05.1109,0.98062,05.0109
2026-05-27T09:18:39.928599,3301.7,05.1079,0.77635,03.9593
2026-05-27T09:18:40.946632,3302.7,05.1053,1.34696,06.8694
2026-05-27T09:18:41.924009,3303.7,05.1086,1.14341,05.8313
2026-05-27T09:18:42.949162,3304.7,05.1005,1.10092,05.6146
2026-05-27T09:18:43.925190,3305.7,05.0948,1.00592,05.1201
2026-05-27T09:18:44.948472,3306.7,05.1141,1.06317,05.4327
2026-05-27T09:18:45.925558,3307.7,05.1073,1.29509,06.6049
2026-05-27T09:18:46.945530,3308.7,05.1014,1.14761,05.8528
2026-05-27T09:18:47.964999,3309.7,05.1131,1.13991,05.8249
2026-05-27T09:18:48.939613,3310.7,05.1101,1.05862,05.4095
2026-05-27T09:18:49.960998,3311.7,05.1080,1.21695,06.2064
2026-05-27T09:18:50.935789,3312.7,05.1148,1.27382,06.5092
2026-05-27T09:18:51.956693,3313.7,05.1109,0.79156,04.0448
2026-05-27T09:18:52.931105,3314.7,05.1067,0.83062,04.2361
2026-05-27T09:18:53.949787,3315.7,05.0991,1.48695,07.5685
2026-05-27T09:18:54.929606,3316.7,05.1022,1.29971,06.6285
2026-05-27T09:18:55.950433,3317.7,05.1125,1.21839,06.2259
2026-05-27T09:18:56.927749,3318.7,05.1041,1.21576,06.2003
2026-05-27T09:18:57.949478,3319.7,05.0995,1.09379,05.5673
2026-05-27T09:18:58.972027,3320.7,05.1048,1.09565,05.5878
2026-05-27T09:18:59.947524,3321.7,05.1031,1.36174,06.9448
2026-05-27T09:19:00.969427,3322.7,05.1034,1.17422,05.9885
2026-05-27T09:19:01.946838,3323.7,05.0962,1.29277,06.5801
2026-05-27T09:19:02.972068,3324.7,05.1003,1.09100,05.5641
2026-05-27T09:19:03.949061,3325.7,05.0978,1.20091,06.1126
2026-05-27T09:19:04.972551,3326.7,05.1170,0.77976,03.9845
2026-05-27T09:19:05.947011,3327.7,05.1071,0.77812,03.9684
2026-05-27T09:19:06.972388,3328.7,05.1074,1.24440,06.3464
2026-05-27T09:19:07.952211,3329.7,05.0997,1.17019,05.9562
2026-05-27T09:19:08.974816,3330.7,05.1172,1.12606,05.7541
2026-05-27T09:19:09.951293,3331.7,05.0975,1.19688,06.0921
2026-05-27T09:19:10.973232,3332.7,05.1148,1.08968,05.5682
2026-05-27T09:19:11.950059,3333.7,05.1070,1.02352,05.2199
2026-05-27T09:19:12.974916,3334.7,05.1108,1.18553,06.0580
2026-05-27T09:19:13.952757,3335.7,05.1008,1.16055,05.9188
2026-05-27T09:19:14.973792,3336.7,05.1045,1.30825,06.6720
2026-05-27T09:19:15.951161,3337.7,05.1014,1.13068,05.7664
2026-05-27T09:19:16.971237,3338.7,05.1112,1.23198,06.2954
2026-05-27T09:19:17.947009,3339.7,05.1155,1.01754,05.1996
2026-05-27T09:19:18.967619,3340.7,05.1083,0.78015,03.9787
2026-05-27T09:19:19.940403,3341.7,05.1091,1.25093,06.3797
2026-05-27T09:19:20.962023,3342.7,05.1109,1.35760,06.9373
2026-05-27T09:19:21.940150,3343.7,05.1064,1.31411,06.7019
2026-05-27T09:19:22.962575,3344.7,05.1042,1.18475,06.0422
2026-05-27T09:19:23.941136,3345.7,05.1101,1.09492,05.5950
2026-05-27T09:19:24.966728,3346.7,05.1141,1.18650,06.0630
2026-05-27T09:19:25.943885,3347.7,05.1128,1.17553,06.0069
2026-05-27T09:19:26.964250,3348.7,05.1079,1.13037,05.7648
2026-05-27T09:19:27.939299,3349.7,05.1130,1.18703,06.0657
2026-05-27T09:19:28.962782,3350.7,05.1074,1.39729,07.1261
2026-05-27T09:19:29.937764,3351.7,05.1048,1.15242,05.8773
2026-05-27T09:19:30.958669,3352.7,05.1133,0.77899,03.9806
2026-05-27T09:19:31.975590,3353.7,05.1069,0.77821,03.9688
2026-05-27T09:19:32.949048,3354.7,05.1158,1.25301,06.4028
2026-05-27T09:19:33.971387,3355.7,05.1057,1.17330,05.9838
2026-05-27T09:19:34.947816,3356.7,05.1111,1.13092,05.7790
2026-05-27T09:19:35.970738,3357.7,05.1056,1.27228,06.4886
2026-05-27T09:19:36.950059,3358.7,05.1019,1.08272,05.5218
2026-05-27T09:19:37.974243,3359.7,05.1111,1.14631,05.8576
2026-05-27T09:19:38.950385,3360.7,05.1122,1.19841,06.1238
2026-05-27T09:19:39.970960,3361.7,05.1039,1.21999,06.2219
2026-05-27T09:19:40.945596,3362.7,05.0959,1.59426,08.1147
2026-05-27T09:19:41.969655,3363.7,05.1178,1.27175,06.4986
2026-05-27T09:19:42.946813,3364.7,05.0984,1.26331,06.4302
2026-05-27T09:19:43.970589,3365.7,05.1066,0.78181,03.9872
2026-05-27T09:19:44.942581,3366.7,05.1087,0.77967,03.9763
2026-05-27T09:19:45.963573,3367.7,05.1074,1.11810,05.7023
2026-05-27T09:19:46.940403,3368.7,05.1114,1.26998,06.4895
2026-05-27T09:19:47.961477,3369.7,05.1030,1.18710,06.0542
2026-05-27T09:19:48.982958,3370.7,05.1041,1.21632,06.2032
2026-05-27T09:19:49.957184,3371.7,05.1109,1.21126,06.1895
2026-05-27T09:19:50.977575,3372.7,05.1067,1.15348,05.8827
2026-05-27T09:19:51.950956,3373.7,05.1030,1.36918,06.9828
2026-05-27T09:19:52.972729,3374.7,05.1081,1.40503,07.1656
2026-05-27T09:19:53.947572,3375.7,05.1022,1.42264,07.2554
2026-05-27T09:19:54.969546,3376.7,05.1108,1.32083,06.7494
2026-05-27T09:19:55.943039,3377.7,05.1144,1.29165,06.6003
2026-05-27T09:19:56.961607,3378.7,05.1103,0.83405,04.2619
2026-05-27T09:19:57.979560,3379.7,05.1064,0.77637,03.9594
2026-05-27T09:19:58.950564,3380.7,05.1075,1.34954,06.8826
2026-05-27T09:19:59.968391,3381.7,05.1136,1.19512,06.1070
2026-05-27T09:20:00.943693,3382.7,05.1081,1.07525,05.4837
2026-05-27T09:20:01.962828,3383.7,05.1155,1.14974,05.8751
2026-05-27T09:20:02.982515,3384.7,05.1126,1.16649,05.9607
2026-05-27T09:20:03.960806,3385.7,05.0941,1.10494,05.6241
2026-05-27T09:20:04.984141,3386.7,05.1023,1.06633,05.4382
2026-05-27T09:20:05.955535,3387.7,05.1078,1.31387,06.7007
2026-05-27T09:20:06.975854,3388.7,05.1094,1.19964,06.1181
2026-05-27T09:20:07.949615,3389.7,05.1042,1.18002,06.0181
2026-05-27T09:20:08.971761,3390.7,05.1042,1.51842,07.7439
2026-05-27T09:20:09.946168,3391.7,05.1114,0.91687,04.6852
2026-05-27T09:20:10.964573,3392.7,05.1064,0.77543,03.9546
2026-05-27T09:20:11.983242,3393.7,05.1108,1.12036,05.7250
2026-05-27T09:20:12.956615,3394.7,05.1025,1.30975,06.6797
2026-05-27T09:20:13.976818,3395.7,05.1089,1.27047,06.4793
2026-05-27T09:20:14.949623,3396.7,05.1059,1.19089,06.0735
2026-05-27T09:20:15.969240,3397.7,05.0961,1.38520,07.0506
2026-05-27T09:20:16.946069,3398.7,05.1036,1.13926,05.8102
2026-05-27T09:20:17.967106,3399.7,05.1091,1.30197,06.6400
2026-05-27T09:20:18.986209,3400.7,05.1123,1.23829,06.3276
2026-05-27T09:20:19.961047,3401.7,05.1067,1.29705,06.6149
2026-05-27T09:20:20.980119,3402.7,05.1080,1.19725,06.1059
2026-05-27T09:20:21.953043,3403.7,05.1033,1.43900,07.3389
2026-05-27T09:20:22.972548,3404.7,05.0964,0.99883,05.0840
2026-05-27T09:20:23.988518,3405.7,05.1069,0.77779,03.9667
2026-05-27T09:20:24.960693,3406.7,05.1073,1.28875,06.5726
2026-05-27T09:20:25.979028,3407.7,05.1126,1.09571,05.5990
2026-05-27T09:20:26.952608,3408.7,05.1086,1.09570,05.5880
2026-05-27T09:20:27.973888,3409.7,05.1111,1.20641,06.1647
2026-05-27T09:20:28.948593,3410.7,05.0914,1.10387,05.6186
2026-05-27T09:20:29.968622,3411.7,05.1089,1.22950,06.2704
2026-05-27T09:20:30.988872,3412.7,05.1030,1.34905,06.8801
2026-05-27T09:20:31.963109,3413.7,05.1081,1.07584,05.4867
2026-05-27T09:20:32.983693,3414.7,05.0983,1.10696,05.6344
2026-05-27T09:20:33.958149,3415.7,05.1083,1.15832,05.9074
2026-05-27T09:20:34.981295,3416.7,05.1123,1.37272,07.0145
2026-05-27T09:20:35.955139,3417.7,05.1083,1.06356,05.4241
2026-05-27T09:20:36.974987,3418.7,05.1083,0.77940,03.9749
2026-05-27T09:20:37.950381,3419.7,05.1120,1.18233,06.0417
2026-05-27T09:20:38.973433,3420.7,05.1041,1.16385,05.9356
2026-05-27T09:20:39.993788,3421.7,05.1061,1.23361,06.2914
2026-05-27T09:20:40.970774,3422.7,05.1033,1.13417,05.7842
2026-05-27T09:20:41.992713,3423.7,05.1076,1.11188,05.6705
2026-05-27T09:20:42.966309,3424.7,05.1044,1.36172,06.9447
2026-05-27T09:20:43.992245,3425.7,05.1144,1.17699,06.0144
2026-05-27T09:20:44.968685,3426.7,05.1100,1.15204,05.8869
2026-05-27T09:20:45.992900,3427.7,05.1078,1.15782,05.9048
2026-05-27T09:20:46.967155,3428.7,05.0897,1.25239,06.3621
2026-05-27T09:20:47.990504,3429.7,05.1014,1.43468,07.3168
2026-05-27T09:20:48.963866,3430.7,05.1105,1.03987,05.3137
2026-05-27T09:20:49.981534,3431.7,05.1076,0.77736,03.9645
2026-05-27T09:20:50.956202,3432.7,05.1084,1.07848,05.5002
2026-05-27T09:20:51.980595,3433.7,05.0920,1.10383,05.6184
2026-05-27T09:20:52.957263,3434.7,05.1051,1.08669,05.5421
2026-05-27T09:20:53.979175,3435.7,05.0928,1.06201,05.4056
2026-05-27T09:20:54.955590,3436.7,05.1108,1.20374,06.1511
2026-05-27T09:20:55.976424,3437.7,05.0966,1.17458,05.9786
2026-05-27T09:20:56.996593,3438.7,05.1169,1.15615,05.9079
2026-05-27T09:20:57.973528,3439.7,05.1128,1.37875,07.0454
2026-05-27T09:20:58.994899,3440.7,05.1130,1.24779,06.3762
2026-05-27T09:20:59.968772,3441.7,05.1087,1.21537,06.1983
2026-05-27T09:21:00.989447,3442.7,05.0864,1.60790,08.1681
2026-05-27T09:21:01.963456,3443.7,05.1133,1.12653,05.7565
2026-05-27T09:21:02.980526,3444.7,05.1094,0.77990,03.9774
2026-05-27T09:21:03.997737,3445.7,05.1109,1.23318,06.3015
2026-05-27T09:21:04.972618,3446.7,05.0980,1.14139,05.8096
2026-05-27T09:21:05.993302,3447.7,05.1101,1.21284,06.1976
2026-05-27T09:21:06.966930,3448.7,05.1058,1.07052,05.4596
2026-05-27T09:21:07.986812,3449.7,05.1116,1.24250,06.3491
2026-05-27T09:21:08.960783,3450.7,05.1072,1.09596,05.5893
2026-05-27T09:21:09.980432,3451.7,05.1173,1.33639,06.8289
2026-05-27T09:21:11.001146,3452.7,05.1108,1.21871,06.2276
2026-05-27T09:21:11.974866,3453.7,05.1072,1.22369,06.2408
2026-05-27T09:21:12.996066,3454.7,05.1161,1.22406,06.2549
2026-05-27T09:21:13.970546,3455.7,05.1162,1.39884,07.1480
2026-05-27T09:21:14.990436,3456.7,05.1101,1.10085,05.6253
2026-05-27T09:21:15.960568,3457.7,05.1071,0.77933,03.9745
2026-05-27T09:21:16.979875,3458.7,05.0980,1.34760,06.8592
2026-05-27T09:21:17.998649,3459.7,05.1065,1.22039,06.2239
2026-05-27T09:21:18.971423,3460.7,05.0926,1.04420,05.3149
2026-05-27T09:21:19.994698,3461.7,05.0884,1.18013,05.9950
2026-05-27T09:21:20.972097,3462.7,05.1076,1.02520,05.2285
2026-05-27T09:21:21.991610,3463.7,05.1059,1.20590,06.1500
2026-05-27T09:21:22.966565,3464.7,05.1073,1.05733,05.3923
2026-05-27T09:21:23.987386,3465.7,05.1011,1.17621,05.9986
2026-05-27T09:21:24.961980,3466.7,05.1071,1.10708,05.6461
2026-05-27T09:21:25.981094,3467.7,05.1053,1.14269,05.8277
2026-05-27T09:21:27.002987,3468.7,05.1078,1.39571,07.1181
2026-05-27T09:21:27.974831,3469.7,05.1069,1.31145,06.6883
2026-05-27T09:21:28.990605,3470.7,05.1078,0.77628,03.9590
2026-05-27T09:21:29.961207,3471.7,05.1078,1.03881,05.2979
2026-05-27T09:21:30.982384,3472.7,05.1081,1.11241,05.6732
2026-05-27T09:21:32.004464,3473.7,05.1036,1.30572,06.6591
2026-05-27T09:21:32.980200,3474.7,05.1082,1.25385,06.3946
2026-05-27T09:21:34.001974,3475.7,05.1112,1.31087,06.6985
2026-05-27T09:21:34.978792,3476.7,05.1041,1.10544,05.6377
2026-05-27T09:21:35.998522,3477.7,05.1039,1.03975,05.3027
2026-05-27T09:21:36.970468,3478.7,05.1076,1.15576,05.8943
2026-05-27T09:21:37.990861,3479.7,05.1103,1.13873,05.8189
2026-05-27T09:21:38.962640,3480.7,05.1136,1.36164,06.9579
2026-05-27T09:21:39.981954,3481.7,05.0861,1.50495,07.6451
2026-05-27T09:21:41.003270,3482.7,05.1094,0.91843,04.6839
2026-05-27T09:21:41.977841,3483.7,05.1077,0.77709,03.9631
2026-05-27T09:21:42.996238,3484.7,05.1137,1.12419,05.7446
2026-05-27T09:21:43.971173,3485.7,05.1089,1.02216,05.2130
2026-05-27T09:21:44.992700,3486.7,05.1088,1.04639,05.3365
2026-05-27T09:21:45.972215,3487.7,05.1044,1.04108,05.3095
2026-05-27T09:21:46.992123,3488.7,05.1083,1.38010,07.0385
2026-05-27T09:21:47.966931,3489.7,05.0991,1.19056,06.0599
2026-05-27T09:21:48.989920,3490.7,05.1116,1.06408,05.4374
2026-05-27T09:21:50.010314,3491.7,05.1122,1.04810,05.3557
2026-05-27T09:21:50.983019,3492.7,05.1122,1.20553,06.1602
2026-05-27T09:21:52.002909,3493.7,05.1028,1.04799,05.3447
2026-05-27T09:21:52.976177,3494.7,05.1064,1.52437,07.7742
2026-05-27T09:21:53.995222,3495.7,05.1112,0.95178,04.8635
2026-05-27T09:21:54.966912,3496.7,05.1090,0.80239,04.0921
2026-05-27T09:21:55.985380,3497.7,05.1093,0.76988,03.9263
2026-05-27T09:21:57.008068,3498.7,05.0961,1.08186,05.5066
2026-05-27T09:21:57.980425,3499.7,05.1076,1.01899,05.1968
2026-05-27T09:21:59.001323,3500.7,05.1019,1.29911,06.6254
2026-05-27T09:21:59.977106,3501.7,05.1085,1.28592,06.5581
2026-05-27T09:22:00.996543,3502.7,05.1087,1.21206,06.1815
2026-05-27T09:22:01.972943,3503.7,05.1025,1.26052,06.4286
2026-05-27T09:22:02.994807,3504.7,05.1033,1.13474,05.7871
2026-05-27T09:22:03.968549,3505.7,05.1022,1.11352,05.6789
2026-05-27T09:22:04.989598,3506.7,05.1091,1.25147,06.3824
2026-05-27T09:22:06.006812,3507.7,05.0928,1.59952,08.1415
2026-05-27T09:22:06.979723,3508.7,05.1016,1.07224,05.4684
2026-05-27T09:22:07.996282,3509.7,05.1095,0.78091,03.9826
2026-05-27T09:22:09.013406,3510.7,05.1105,1.07342,05.4851
2026-05-27T09:22:09.988483,3511.7,05.1056,1.09194,05.5688
2026-05-27T09:22:11.007944,3512.7,05.1097,1.07361,05.4754
2026-05-27T09:22:11.982030,3513.7,05.1125,1.15752,05.9149
2026-05-27T09:22:13.002793,3514.7,05.1097,1.03556,05.2813
2026-05-27T09:22:13.976778,3515.7,05.1073,1.26263,06.4394
2026-05-27T09:22:14.997717,3516.7,05.1075,1.32882,06.7769
2026-05-27T09:22:15.973306,3517.7,05.1111,1.43200,07.3175
2026-05-27T09:22:16.994518,3518.7,05.1044,1.10929,05.6573
2026-05-27T09:22:18.015848,3519.7,05.1095,1.10315,05.6260
2026-05-27T09:22:18.987622,3520.7,05.1000,1.51584,07.7307
2026-05-27T09:22:20.008864,3521.7,05.1039,1.06489,05.4309
2026-05-27T09:22:20.978276,3522.7,05.1067,0.78084,03.9822
2026-05-27T09:22:21.995738,3523.7,05.0995,1.10118,05.6050
2026-05-27T09:22:23.015508,3524.7,05.1058,1.14354,05.8320
2026-05-27T09:22:23.989320,3525.7,05.1070,1.01507,05.1768
2026-05-27T09:22:25.006466,3526.7,05.0976,0.99207,05.0496
2026-05-27T09:22:25.978785,3527.7,05.1059,1.05700,05.3907
2026-05-27T09:22:26.998033,3528.7,05.1094,1.02477,05.2263
2026-05-27T09:22:28.015982,3529.7,05.0989,1.18900,06.0520
2026-05-27T09:22:28.990593,3530.7,05.1066,1.28980,06.5779
2026-05-27T09:22:30.008835,3531.7,05.1067,1.08785,05.5480
2026-05-27T09:22:30.981740,3532.7,05.1057,0.99038,05.0509
2026-05-27T09:22:32.000546,3533.7,05.1056,1.39919,07.1358
2026-05-27T09:22:33.018613,3534.7,05.1151,1.21076,06.1869
2026-05-27T09:22:33.990628,3535.7,05.1063,0.77891,03.9724
2026-05-27T09:22:35.008838,3536.7,05.1122,1.10087,05.6254
2026-05-27T09:22:35.982678,3537.7,05.1078,1.26823,06.4679
2026-05-27T09:22:37.005328,3538.7,05.1164,1.14961,05.8745
2026-05-27T09:22:37.980415,3539.7,05.1042,1.01499,05.1764
2026-05-27T09:22:38.999266,3540.7,05.1100,1.01749,05.1993
2026-05-27T09:22:40.017896,3541.7,05.1081,1.06259,05.4192
2026-05-27T09:22:40.991219,3542.7,05.1076,1.11726,05.6980
2026-05-27T09:22:42.011924,3543.7,05.1125,1.15837,05.9192
2026-05-27T09:22:42.989042,3544.7,05.1064,1.21709,06.2071
2026-05-27T09:22:44.010660,3545.7,05.1101,1.16700,05.9633
2026-05-27T09:22:44.987573,3546.7,05.1073,1.18396,06.0381
2026-05-27T09:22:46.009700,3547.7,05.1112,1.24299,06.3516
2026-05-27T09:22:46.981318,3548.7,05.1078,0.77632,03.9592
2026-05-27T09:22:48.003023,3549.7,05.1074,0.93956,04.7917
2026-05-27T09:22:48.980408,3550.7,05.1074,1.11212,05.6718
2026-05-27T09:22:50.002218,3551.7,05.1066,1.13239,05.7751
2026-05-27T09:22:51.023480,3552.7,05.1116,1.19195,06.0908
2026-05-27T09:22:51.997138,3553.7,05.1041,1.05285,05.3695
2026-05-27T09:22:53.019081,3554.7,05.0976,1.01461,05.1643
2026-05-27T09:22:53.992583,3555.7,05.1055,1.01028,05.1524
2026-05-27T09:22:55.011909,3556.7,05.1151,1.22375,06.2533
2026-05-27T09:22:55.982987,3557.7,05.1076,1.22666,06.2559
2026-05-27T09:22:57.001566,3558.7,05.1075,1.37389,07.0068
2026-05-27T09:22:58.021708,3559.7,05.1186,1.39816,07.1445
2026-05-27T09:22:58.994042,3560.7,05.1128,1.27117,06.4956
2026-05-27T09:23:00.011435,3561.7,05.1058,0.77729,03.9641
2026-05-27T09:23:00.982262,3562.7,05.1058,1.02818,05.2437
2026-05-27T09:23:02.004446,3563.7,05.1055,1.02852,05.2454
2026-05-27T09:23:03.023004,3564.7,05.1195,1.01098,05.1661
2026-05-27T09:23:03.999810,3565.7,05.1094,1.17494,05.9921
2026-05-27T09:23:05.022420,3566.7,05.1012,1.01302,05.1664
2026-05-27T09:23:05.996522,3567.7,05.1058,1.02801,05.2428
2026-05-27T09:23:07.017670,3568.7,05.0978,1.00526,05.1167
2026-05-27T09:23:07.995930,3569.7,05.1052,1.02448,05.2248
2026-05-27T09:23:09.017973,3570.7,05.1075,1.05156,05.3629
2026-05-27T09:23:09.993041,3571.7,05.1069,1.09971,05.6085
2026-05-27T09:23:11.013850,3572.7,05.1155,1.38198,07.0619
2026-05-27T09:23:11.987217,3573.7,05.1055,0.99667,05.0830
2026-05-27T09:23:13.004543,3574.7,05.1081,0.77295,03.9420
2026-05-27T09:23:14.022048,3575.7,05.1063,0.73666,03.7569
2026-05-27T09:23:14.998902,3576.7,05.1069,1.04752,05.3423
2026-05-27T09:23:16.019057,3577.7,05.0986,1.02646,05.2246
2026-05-27T09:23:16.990867,3578.7,05.1033,1.20154,06.1278
2026-05-27T09:23:18.009739,3579.7,05.1019,1.14236,05.8260
2026-05-27T09:23:18.986065,3580.7,05.1064,1.28290,06.5427
2026-05-27T09:23:20.006396,3581.7,05.1055,0.99877,05.0937
2026-05-27T09:23:20.984069,3582.7,05.1120,0.97091,04.9613
2026-05-27T09:23:22.003672,3583.7,05.1091,1.08766,05.5470
2026-05-27T09:23:23.023181,3584.7,05.1014,1.03586,05.2828
2026-05-27T09:23:23.994699,3585.7,05.1087,1.50684,07.6848
2026-05-27T09:23:25.013142,3586.7,05.1158,1.23508,06.3112
2026-05-27T09:23:26.027895,3587.7,05.1086,0.77701,03.9627
2026-05-27T09:23:26.997097,3588.7,05.1085,0.88005,04.4882
2026-05-27T09:23:28.014667,3589.7,05.1119,1.02866,05.2564
2026-05-27T09:23:28.985819,3590.7,05.1067,1.07696,05.4924
2026-05-27T09:23:30.006139,3591.7,05.1050,1.03019,05.2539
2026-05-27T09:23:31.025289,3592.7,05.1156,1.01737,05.1987
2026-05-27T09:23:31.998199,3593.7,05.1033,1.12410,05.7329
2026-05-27T09:23:33.018405,3594.7,05.1080,1.19729,06.1061
2026-05-27T09:23:33.993588,3595.7,05.1083,1.01864,05.1950
2026-05-27T09:23:35.012260,3596.7,05.1087,1.00880,05.1448
2026-05-27T09:23:36.029055,3597.7,05.1088,1.04721,05.3407
2026-05-27T09:23:37.002697,3598.7,05.0911,1.49308,07.5997
2026-05-27T09:23:38.023501,3599.7,05.1073,1.36689,06.9711
2026-05-27T09:23:38.995623,3600.7,05.1073,0.77863,03.9710
2026-05-27T09:23:40.015552,3601.7,05.1044,0.96906,04.9422
2026-05-27T09:23:40.993454,3602.7,05.1114,1.04617,05.3459
2026-05-27T09:23:42.014829,3603.7,05.1095,1.06416,05.4272
2026-05-27T09:23:43.032881,3604.7,05.1030,1.00872,05.1444
2026-05-27T09:23:44.008423,3605.7,05.1080,1.06008,05.4064
2026-05-27T09:23:45.028784,3606.7,05.1016,1.10148,05.6175
2026-05-27T09:23:46.002313,3607.7,05.1081,1.24270,06.3377
2026-05-27T09:23:47.022705,3608.7,05.1064,1.14295,05.8290
2026-05-27T09:23:48.000486,3609.7,05.1142,1.02676,05.2467
2026-05-27T09:23:49.024099,3610.7,05.1081,1.02049,05.2044
2026-05-27T09:23:49.998718,3611.7,05.1108,1.24921,06.3834
2026-05-27T09:23:51.019599,3612.7,05.1023,1.19899,06.1148
2026-05-27T09:23:51.991743,3613.7,05.1061,0.77531,03.9540
2026-05-27T09:23:53.010061,3614.7,05.1084,1.14758,05.8526
2026-05-27T09:23:54.031555,3615.7,05.1084,1.16279,05.9302
2026-05-27T09:23:55.008852,3616.7,05.1072,1.06976,05.4557
2026-05-27T09:23:56.030894,3617.7,05.1062,1.00005,05.1002
2026-05-27T09:23:57.006082,3618.7,05.1005,0.98687,05.0330
2026-05-27T09:23:58.030413,3619.7,05.1037,1.02916,05.2487
2026-05-27T09:23:59.006496,3620.7,05.1048,1.10260,05.6232
2026-05-27T09:24:00.029480,3621.7,05.1064,1.27691,06.5122
2026-05-27T09:24:01.005967,3622.7,05.0920,1.20132,06.1147
2026-05-27T09:24:02.030874,3623.7,05.1094,1.06445,05.4286
2026-05-27T09:24:03.007125,3624.7,05.1073,1.13961,05.8120
2026-05-27T09:24:04.029563,3625.7,05.1142,1.20171,06.1407
2026-05-27T09:24:05.003191,3626.7,05.1085,0.77948,03.9753
2026-05-27T09:24:06.024116,3627.7,05.1088,0.85741,04.3727
2026-05-27T09:24:07.001116,3628.7,05.1094,1.25360,06.3933
2026-05-27T09:24:08.024923,3629.7,05.1089,1.05963,05.4041
2026-05-27T09:24:09.000613,3630.7,05.1066,0.99666,05.0829
2026-05-27T09:24:10.021479,3631.7,05.1061,1.01969,05.2004
2026-05-27T09:24:10.996197,3632.7,05.1105,1.02281,05.2265
2026-05-27T09:24:12.017900,3633.7,05.1103,1.09604,05.6007
2026-05-27T09:24:13.037410,3634.7,05.1088,1.21223,06.1823
2026-05-27T09:24:14.010521,3635.7,05.1078,1.19303,06.0844
2026-05-27T09:24:15.032867,3636.7,05.0961,1.10989,05.6493
2026-05-27T09:24:16.005333,3637.7,05.1097,1.22206,06.2325
2026-05-27T09:24:17.021477,3638.7,05.1045,1.51662,07.7347
2026-05-27T09:24:18.039249,3639.7,05.1087,0.78189,03.9876
2026-05-27T09:24:19.011603,3640.7,05.1047,1.02086,05.2063
2026-05-27T09:24:20.031397,3641.7,05.1047,1.13247,05.7755
2026-05-27T09:24:21.006099,3642.7,05.1073,1.24225,06.3354
2026-05-27T09:24:22.027268,3643.7,05.0983,1.18081,06.0103
2026-05-27T09:24:23.002606,3644.7,05.1072,1.13611,05.7941
2026-05-27T09:24:24.023738,3645.7,05.1108,1.08306,05.5344
2026-05-27T09:24:25.042232,3646.7,05.1076,1.01724,05.1879
2026-05-27T09:24:26.016388,3647.7,05.1069,1.01416,05.1722
2026-05-27T09:24:27.038771,3648.7,05.1044,1.08146,05.5154
2026-05-27T09:24:28.011680,3649.7,05.1078,1.14235,05.8259
2026-05-27T09:24:29.030701,3650.7,05.0962,1.56746,07.9783
2026-05-27T09:24:30.002407,3651.7,05.1008,1.31197,06.6910
2026-05-27T09:24:31.019805,3652.7,05.1077,0.77617,03.9584
2026-05-27T09:24:32.039881,3653.7,05.1083,0.77051,03.9296
2026-05-27T09:24:33.016752,3654.7,05.1047,1.01313,05.1669
2026-05-27T09:24:34.036117,3655.7,05.1085,1.01449,05.1738
2026-05-27T09:24:35.009406,3656.7,05.1088,1.16869,05.9603
2026-05-27T09:24:36.028908,3657.7,05.1016,1.04234,05.3159
2026-05-27T09:24:37.004221,3658.7,05.1067,1.04465,05.3277
2026-05-27T09:24:38.025860,3659.7,05.1000,1.02496,05.2272
2026-05-27T09:24:39.003124,3660.7,05.1055,1.04768,05.3431
2026-05-27T09:24:40.023885,3661.7,05.1070,1.05598,05.3854
2026-05-27T09:24:41.045187,3662.7,05.1048,1.07543,05.4846
2026-05-27T09:24:42.019766,3663.7,05.0970,1.37311,06.9891
2026-05-27T09:24:43.038606,3664.7,05.1042,1.06886,05.4511
2026-05-27T09:24:44.011523,3665.7,05.1048,0.78143,03.9852
2026-05-27T09:24:45.028812,3666.7,05.0926,0.86654,04.4106
2026-05-27T09:24:46.005571,3667.7,05.1072,1.07208,05.4676
2026-05-27T09:24:47.026741,3668.7,05.1095,1.04820,05.3458
2026-05-27T09:24:48.046589,3669.7,05.1061,1.07453,05.4801
2026-05-27T09:24:49.020522,3670.7,05.1076,1.25044,06.3772
2026-05-27T09:24:50.042595,3671.7,05.1071,1.11767,05.7001
2026-05-27T09:24:51.016560,3672.7,05.1028,1.03268,05.2666
2026-05-27T09:24:52.039588,3673.7,05.1073,1.00605,05.1308
2026-05-27T09:24:53.014472,3674.7,05.1081,0.99231,05.0607
2026-05-27T09:24:54.038765,3675.7,05.1042,0.96140,04.9031
2026-05-27T09:24:55.015175,3676.7,05.1066,1.62325,08.2785
2026-05-27T09:24:56.034900,3677.7,05.1092,1.20630,06.1521
2026-05-27T09:24:57.008814,3678.7,05.1066,0.82642,04.2147
2026-05-27T09:24:58.029260,3679.7,05.1071,0.68746,03.5060
2026-05-27T09:24:59.008135,3680.7,05.1072,1.03210,05.2637
2026-05-27T09:25:00.030132,3681.7,05.1083,1.00425,05.1216
2026-05-27T09:25:01.006669,3682.7,05.1067,1.07510,05.4830
2026-05-27T09:25:02.029254,3683.7,05.1069,1.10887,05.6552
2026-05-27T09:25:03.050698,3684.7,05.1101,0.97122,04.9629
2026-05-27T09:25:04.027171,3685.7,05.1034,1.01711,05.1872
2026-05-27T09:25:05.051886,3686.7,05.1098,0.98222,05.0093
2026-05-27T09:25:06.025615,3687.7,05.0955,0.99894,05.0846
2026-05-27T09:25:07.048302,3688.8,05.1073,1.05065,05.3583
2026-05-27T09:25:08.027004,3689.8,05.1142,1.59003,08.1250
2026-05-27T09:25:09.047290,3690.8,05.1170,1.27098,06.4947
2026-05-27T09:25:10.019435,3691.8,05.1075,0.77959,03.9759
2026-05-27T09:25:11.037456,3692.8,05.1074,0.87190,04.4466
2026-05-27T09:25:12.015964,3693.8,05.1091,1.05108,05.3605
2026-05-27T09:25:13.038690,3694.8,05.1050,0.99196,05.0589
2026-05-27T09:25:14.017102,3695.8,05.1070,1.14599,05.8445
2026-05-27T09:25:15.040023,3696.8,05.1081,1.08021,05.5090
2026-05-27T09:25:16.014825,3697.8,05.1097,0.97656,04.9804
2026-05-27T09:25:17.037408,3698.8,05.1047,1.02104,05.2073
2026-05-27T09:25:18.012188,3699.8,05.1048,1.01202,05.1613
2026-05-27T09:25:19.031957,3700.8,05.1112,1.16347,05.9453
2026-05-27T09:25:20.053255,3701.8,05.1071,1.02525,05.2287
2026-05-27T09:25:21.026289,3702.8,05.1070,1.29915,06.6256
2026-05-27T09:25:22.048485,3703.8,05.1128,1.19608,06.1119
2026-05-27T09:25:23.020173,3704.8,05.1070,0.78036,03.9798
2026-05-27T09:25:24.037729,3705.8,05.1073,0.65511,03.3410
2026-05-27T09:25:25.013180,3706.8,05.1070,1.03097,05.2579
2026-05-27T09:25:26.034253,3707.8,05.1091,1.09457,05.5823
2026-05-27T09:25:27.055302,3708.8,05.0966,1.00488,05.1148
2026-05-27T09:25:28.028451,3709.8,05.1045,1.03227,05.2645
2026-05-27T09:25:29.049902,3710.8,05.1041,1.05668,05.3890
2026-05-27T09:25:30.023288,3711.8,05.1117,1.17567,06.0076
2026-05-27T09:25:31.042989,3712.8,05.1025,1.03731,05.2902
2026-05-27T09:25:32.016832,3713.8,05.1047,1.08728,05.5451
2026-05-27T09:25:33.034770,3714.8,05.1092,0.97873,04.9915
2026-05-27T09:25:34.054547,3715.8,05.1125,1.40360,07.1723
2026-05-27T09:25:35.028002,3716.8,05.1189,1.26450,06.4615
2026-05-27T09:25:36.050126,3717.8,05.1076,0.77887,03.9722
2026-05-27T09:25:37.021401,3718.8,05.1074,0.77695,03.9624
2026-05-27T09:25:38.044233,3719.8,05.1081,1.06556,05.4343
2026-05-27T09:25:39.019266,3720.8,05.1041,1.00489,05.1249
2026-05-27T09:25:40.043753,3721.8,05.1050,1.08263,05.5214
2026-05-27T09:25:41.017511,3722.8,05.1048,1.00033,05.1016
2026-05-27T09:25:42.037659,3723.8,05.1084,1.01720,05.1877
2026-05-27T09:25:43.059606,3724.8,05.1080,1.01639,05.1835
2026-05-27T09:25:44.034740,3725.8,05.1097,1.01159,05.1591
2026-05-27T09:25:45.058838,3726.8,05.1050,1.15941,05.9129
2026-05-27T09:25:46.035304,3727.8,05.1061,0.97925,04.9941
2026-05-27T09:25:47.054043,3728.8,05.1125,1.22628,06.2662
2026-05-27T09:25:48.028311,3729.8,05.1126,1.23313,06.3012
2026-05-27T09:25:49.045122,3730.8,05.1078,0.77921,03.9739
2026-05-27T09:25:50.017679,3731.8,05.1031,1.05350,05.3728
2026-05-27T09:25:51.038708,3732.8,05.1084,1.05266,05.3685
2026-05-27T09:25:52.060339,3733.8,05.1011,1.01305,05.1665
2026-05-27T09:25:53.035576,3734.8,05.1084,1.09010,05.5595
2026-05-27T09:25:54.057115,3735.8,05.1095,0.99574,05.0782
2026-05-27T09:25:55.032710,3736.8,05.1084,0.95195,04.8549
2026-05-27T09:25:56.051523,3737.8,05.1078,1.03887,05.2982
2026-05-27T09:25:57.027491,3738.8,05.1070,1.00888,05.1452
2026-05-27T09:25:58.047461,3739.8,05.1055,1.02328,05.2187
2026-05-27T09:25:59.024065,3740.8,05.1086,1.02192,05.2117
2026-05-27T09:26:00.044798,3741.8,05.1076,1.03921,05.2999
2026-05-27T09:26:01.020270,3742.8,05.1097,1.32543,06.7596
2026-05-27T09:26:02.039328,3743.8,05.1078,0.78011,03.9785
2026-05-27T09:26:03.054957,3744.8,05.1076,0.95104,04.8503
2026-05-27T09:26:04.031756,3745.8,05.1014,1.03831,05.2953
2026-05-27T09:26:05.053755,3746.8,05.1044,1.02235,05.2139
2026-05-27T09:26:06.030077,3747.8,05.1075,1.13124,05.7693
2026-05-27T09:26:07.050238,3748.8,05.1075,1.06754,05.4444
2026-05-27T09:26:08.026058,3749.8,05.1078,1.04750,05.3422
2026-05-27T09:26:09.048676,3750.8,05.1068,1.01451,05.1740
2026-05-27T09:26:10.023052,3751.8,05.1101,0.99131,05.0655
2026-05-27T09:26:11.045502,3752.8,05.1020,1.02958,05.2508
2026-05-27T09:26:12.022103,3753.8,05.1048,1.02728,05.2391
2026-05-27T09:26:13.046251,3754.8,05.0972,1.06200,05.4055
2026-05-27T09:26:14.065862,3755.8,05.1131,1.17539,06.0062
2026-05-27T09:26:15.040288,3756.8,05.1075,0.78022,03.9791
2026-05-27T09:26:16.058103,3757.8,05.1078,0.74818,03.8157
2026-05-27T09:26:17.034959,3758.8,05.1075,1.09206,05.5695
2026-05-27T09:26:18.057329,3759.8,05.1039,1.18622,06.0497
2026-05-27T09:26:19.032992,3760.8,05.1048,1.03039,05.2549
2026-05-27T09:26:20.056409,3761.8,05.1067,1.05187,05.3645
2026-05-27T09:26:21.033280,3762.8,05.1045,1.02633,05.2342
2026-05-27T09:26:22.056590,3763.8,05.1087,1.03583,05.2827
2026-05-27T09:26:23.032302,3764.8,05.1036,1.06266,05.4195
2026-05-27T09:26:24.054926,3765.8,05.1041,1.08055,05.5108
2026-05-27T09:26:25.029227,3766.8,05.1023,1.17568,05.9959
2026-05-27T09:26:26.051674,3767.8,05.1033,1.00266,05.1135
2026-05-27T09:26:27.029510,3768.8,05.1042,1.08568,05.5369
2026-05-27T09:26:28.047190,3769.8,05.1075,0.77668,03.9610
2026-05-27T09:26:29.066190,3770.8,05.1059,0.88818,04.5297
2026-05-27T09:26:30.042724,3771.8,05.0983,1.08121,05.5033
2026-05-27T09:26:31.066837,3772.8,05.1061,0.98284,05.0124
2026-05-27T09:26:32.044758,3773.8,05.1064,1.04431,05.3259
2026-05-27T09:26:33.065445,3774.8,05.1065,1.07598,05.4874
2026-05-27T09:26:34.042582,3775.8,05.1063,1.14886,05.8591
2026-05-27T09:26:35.063730,3776.8,05.1061,1.00151,05.1077
2026-05-27T09:26:36.039075,3777.8,05.1037,1.01585,05.1808
2026-05-27T09:26:37.059605,3778.8,05.1062,1.05517,05.3813
2026-05-27T09:26:38.037793,3779.8,05.1094,1.09017,05.5598
2026-05-27T09:26:39.061915,3780.8,05.1031,1.00987,05.1503
2026-05-27T09:26:40.037261,3781.8,05.1095,1.22079,06.2260
2026-05-27T09:26:41.056511,3782.8,05.1059,0.80029,04.0814
2026-05-27T09:26:42.031082,3783.8,05.1077,0.70238,03.5821
2026-05-27T09:26:43.054889,3784.8,05.1091,1.04862,05.3479
2026-05-27T09:26:44.031883,3785.8,05.1039,1.10964,05.6591
2026-05-27T09:26:45.056424,3786.8,05.1074,1.07496,05.4822
2026-05-27T09:26:46.032760,3787.8,05.1006,1.02146,05.2094
2026-05-27T09:26:47.057316,3788.8,05.1080,1.04195,05.3139
2026-05-27T09:26:48.035958,3789.8,05.1062,1.06967,05.4553
2026-05-27T09:26:49.058516,3790.8,05.1105,0.95844,04.8976
2026-05-27T09:26:50.037310,3791.8,05.1041,1.00509,05.1259
2026-05-27T09:26:51.059515,3792.8,05.1103,1.07174,05.4765
2026-05-27T09:26:52.037330,3793.8,05.1055,1.04154,05.3118
2026-05-27T09:26:53.060034,3794.8,05.1020,1.19884,06.1140
2026-05-27T09:26:54.032133,3795.8,05.1086,0.78085,03.9823
2026-05-27T09:26:55.051715,3796.8,05.1086,0.86362,04.4044
2026-05-27T09:26:56.073017,3797.8,05.1095,0.96931,04.9434
2026-05-27T09:26:57.047712,3798.8,05.1051,1.03325,05.2695
2026-05-27T09:26:58.069061,3799.8,05.1103,1.17397,05.9989
2026-05-27T09:26:59.044154,3800.8,05.1075,1.11486,05.6857
2026-05-27T09:27:00.064802,3801.8,05.1047,0.97219,04.9581
2026-05-27T09:27:01.038577,3802.8,05.1061,0.98877,05.0427
2026-05-27T09:27:02.060875,3803.8,05.1074,0.99791,05.0893
2026-05-27T09:27:03.034779,3804.8,05.1056,1.00225,05.1114
2026-05-27T09:27:04.056099,3805.8,05.1059,1.00672,05.1342
2026-05-27T09:27:05.076687,3806.8,05.1050,1.12689,05.7471
2026-05-27T09:27:06.050657,3807.8,05.1105,1.27117,06.4956
2026-05-27T09:27:07.066534,3808.8,05.1077,0.77976,03.9767
2026-05-27T09:27:08.038426,3809.8,05.1074,0.70418,03.5913
2026-05-27T09:27:09.062083,3810.8,05.1069,1.02521,05.2285
2026-05-27T09:27:10.039445,3811.8,05.1087,1.07429,05.4788
2026-05-27T09:27:11.062587,3812.8,05.1073,1.02312,05.2179
2026-05-27T09:27:12.038006,3813.8,05.1069,1.17037,05.9688
2026-05-27T09:27:13.055877,3814.8,05.1037,1.07568,05.4859
2026-05-27T09:27:14.075186,3815.8,05.1120,1.08730,05.5561
2026-05-27T09:27:15.051221,3816.8,05.1065,1.08685,05.5429
2026-05-27T09:27:16.073168,3817.8,05.1080,1.22309,06.2377
2026-05-27T09:27:17.049550,3818.8,05.1056,0.96202,04.9063
2026-05-27T09:27:18.070016,3819.8,05.1041,1.18587,06.0479
2026-05-27T09:27:19.041398,3820.8,05.1022,1.50528,07.6769
2026-05-27T09:27:20.059091,3821.8,05.1087,0.77744,03.9649
2026-05-27T09:27:21.075429,3822.8,05.1087,0.80190,04.0896
2026-05-27T09:27:22.051153,3823.8,05.1039,1.03807,05.2941
2026-05-27T09:27:23.068228,3824.8,05.1095,1.00429,05.1218
2026-05-27T09:27:24.042765,3825.8,05.1041,1.16380,05.9353
2026-05-27T09:27:25.065160,3826.8,05.1070,1.04846,05.3471
2026-05-27T09:27:26.042416,3827.8,05.0992,1.01721,05.1775
2026-05-27T09:27:27.063661,3828.8,05.1108,1.21311,06.1989
2026-05-27T09:27:28.040923,3829.8,05.1073,1.02653,05.2353
2026-05-27T09:27:29.062280,3830.8,05.1058,1.03859,05.2968
2026-05-27T09:27:30.041852,3831.8,05.1044,1.01553,05.1792
2026-05-27T09:27:31.066071,3832.8,05.1042,1.31423,06.7025
2026-05-27T09:27:32.041974,3833.8,05.1089,1.18535,06.0452
2026-05-27T09:27:33.062794,3834.8,05.1058,0.77836,03.9696
2026-05-27T09:27:34.080937,3835.8,05.1068,0.69275,03.5330
2026-05-27T09:27:35.058147,3836.8,05.1061,1.04744,05.3419
2026-05-27T09:27:36.080582,3837.8,05.1064,1.08729,05.5451
2026-05-27T09:27:37.056160,3838.8,05.1017,1.02852,05.2454
2026-05-27T09:27:38.078176,3839.8,05.1072,1.01658,05.1845
2026-05-27T09:27:39.054947,3840.8,05.1087,1.09145,05.5663
2026-05-27T09:27:40.078230,3841.8,05.0983,1.03319,05.2589
2026-05-27T09:27:41.053800,3842.8,05.1069,1.01299,05.1662
2026-05-27T09:27:42.075734,3843.8,05.1062,1.12936,05.7597
2026-05-27T09:27:43.054741,3844.8,05.1064,1.02279,05.2162
2026-05-27T09:27:44.080757,3845.8,05.1045,1.14344,05.8315
2026-05-27T09:27:45.056779,3846.8,05.0983,1.24068,06.3150
2026-05-27T09:27:46.076127,3847.8,05.1070,0.77961,03.9760
2026-05-27T09:27:47.046516,3848.8,05.1065,0.77781,03.9668
2026-05-27T09:27:48.066492,3849.8,05.1066,1.11288,05.6756
2026-05-27T09:27:49.086155,3850.8,05.1083,1.05220,05.3662
2026-05-27T09:27:50.060942,3851.8,05.1067,1.01531,05.1780
2026-05-27T09:27:51.082910,3852.8,05.1100,1.03326,05.2799
2026-05-27T09:27:52.058269,3853.8,05.1117,1.14888,05.8707
2026-05-27T09:27:53.079388,3854.8,05.1105,1.07112,05.4734
2026-05-27T09:27:54.052271,3855.8,05.1087,1.17358,05.9852
2026-05-27T09:27:55.074588,3856.8,05.1087,1.13572,05.7921
2026-05-27T09:27:56.050756,3857.8,05.1070,1.14617,05.8454
2026-05-27T09:27:57.072904,3858.8,05.1026,1.22392,06.2419
2026-05-27T09:27:58.049622,3859.8,05.0920,1.40216,07.1369
2026-05-27T09:27:59.070726,3860.8,05.1073,0.78267,03.9916
2026-05-27T09:28:00.089282,3861.8,05.1071,0.62711,03.1982
2026-05-27T09:28:01.064527,3862.8,05.1033,1.01221,05.1622
2026-05-27T09:28:02.084714,3863.8,05.1075,1.13505,05.7887
2026-05-27T09:28:03.058773,3864.8,05.1084,1.13870,05.8073
2026-05-27T09:28:04.081082,3865.8,05.1073,1.01857,05.1947
2026-05-27T09:28:05.056409,3866.8,05.1066,1.09584,05.5887
2026-05-27T09:28:06.076830,3867.8,05.1095,1.13957,05.8118
2026-05-27T09:28:07.051149,3868.8,05.1031,1.02360,05.2203
2026-05-27T09:28:08.073105,3869.8,05.1087,1.04749,05.3421
2026-05-27T09:28:09.047956,3870.8,05.1087,0.97539,04.9744
2026-05-27T09:28:10.068588,3871.8,05.1116,1.04893,05.3600
2026-05-27T09:28:11.088786,3872.8,05.1050,1.13895,05.8086
2026-05-27T09:28:12.061335,3873.8,05.1098,0.80694,04.1153
2026-05-27T09:28:13.080457,3874.8,05.1044,0.77654,03.9603
2026-05-27T09:28:14.056237,3875.8,05.1014,1.03398,05.2732
2026-05-27T09:28:15.079747,3876.8,05.1089,1.13348,05.7807
2026-05-27T09:28:16.055803,3877.8,05.1000,1.14101,05.8191
2026-05-27T09:28:17.076460,3878.8,05.1055,1.09492,05.5840
2026-05-27T09:28:18.052619,3879.8,05.1009,1.01811,05.1923
2026-05-27T09:28:19.074177,3880.8,05.1055,1.07865,05.5011
2026-05-27T09:28:20.093604,3881.8,05.1053,1.04207,05.3145
2026-05-27T09:28:21.069333,3882.8,05.1067,1.08770,05.5472
2026-05-27T09:28:22.089071,3883.8,05.1081,1.17596,05.9973
2026-05-27T09:28:23.064181,3884.8,05.1031,1.23577,06.3024
2026-05-27T09:28:24.082568,3885.8,05.1142,1.27199,06.4998
2026-05-27T09:28:25.055569,3886.8,05.1069,0.78073,03.9817
2026-05-27T09:28:26.073213,3887.8,05.1076,0.71984,03.6711
2026-05-27T09:28:27.096069,3888.8,05.1089,1.07370,05.4758
2026-05-27T09:28:28.070317,3889.8,05.1072,1.15999,05.9159
2026-05-27T09:28:29.092237,3890.8,05.1076,1.07600,05.4876
2026-05-27T09:28:30.067705,3891.8,05.1087,1.05149,05.3625
2026-05-27T09:28:31.089075,3892.8,05.1087,1.25149,06.3825
2026-05-27T09:28:32.065609,3893.8,05.1101,1.05341,05.3829
2026-05-27T09:28:33.088071,3894.8,05.1074,1.04506,05.3298
2026-05-27T09:28:34.063633,3895.8,05.1078,1.17079,05.9710
2026-05-27T09:28:35.084674,3896.8,05.1072,1.06007,05.4063
2026-05-27T09:28:36.061551,3897.8,05.1044,1.05973,05.4046
2026-05-27T09:28:37.086687,3898.8,05.1092,1.20722,06.1568
2026-05-27T09:28:38.062789,3899.8,05.1064,0.78268,03.9916
2026-05-27T09:28:39.083780,3900.8,05.1072,0.88555,04.5163
2026-05-27T09:28:40.058702,3901.8,05.1092,1.09935,05.6066
2026-05-27T09:28:41.081175,3902.8,05.1125,1.16250,05.9403
2026-05-27T09:28:42.056854,3903.8,05.1017,1.10181,05.6192
2026-05-27T09:28:43.079630,3904.8,05.1106,1.03860,05.3072
2026-05-27T09:28:44.099684,3905.8,05.1116,1.20593,06.1623
2026-05-27T09:28:45.076084,3906.8,05.1114,1.21000,06.1831
2026-05-27T09:28:46.098214,3907.8,05.1086,0.95603,04.8757
2026-05-27T09:28:47.073301,3908.8,05.1070,1.13655,05.7964
2026-05-27T09:28:48.096937,3909.8,05.1073,1.05840,05.3978
2026-05-27T09:28:49.073976,3910.8,05.1076,1.08657,05.5415
2026-05-27T09:28:50.097820,3911.8,05.0978,1.25230,06.3742
2026-05-27T09:28:51.072740,3912.8,05.1076,0.81125,04.1373
2026-05-27T09:28:52.088116,3913.8,05.1078,0.65193,03.3248
2026-05-27T09:28:53.062078,3914.8,05.1066,1.06030,05.4075
2026-05-27T09:28:54.081717,3915.8,05.1086,1.07723,05.4938
2026-05-27T09:28:55.057028,3916.8,05.1103,1.12610,05.7543
2026-05-27T09:28:56.077588,3917.8,05.1055,1.18038,06.0199
2026-05-27T09:28:57.097051,3918.8,05.1080,1.16757,05.9546
2026-05-27T09:28:58.072490,3919.8,05.1083,1.05624,05.3868
2026-05-27T09:28:59.094802,3920.8,05.1069,1.08281,05.5223
2026-05-27T09:29:00.071700,3921.8,05.1041,1.10901,05.6559
2026-05-27T09:29:01.093077,3922.8,05.1078,1.08849,05.5512
2026-05-27T09:29:02.070377,3923.8,05.1019,1.11374,05.6800
2026-05-27T09:29:03.088748,3924.8,05.1058,1.19840,06.1118
2026-05-27T09:29:04.065330,3925.8,05.1073,0.78063,03.9812
2026-05-27T09:29:05.083262,3926.8,05.1065,0.77927,03.9742
2026-05-27T09:29:06.103384,3927.8,05.0995,1.05265,05.3579
2026-05-27T09:29:07.080291,3928.8,05.1070,1.16140,05.9231
2026-05-27T09:29:08.101779,3929.8,05.1083,1.09364,05.5775
2026-05-27T09:29:09.075910,3930.8,05.1053,1.06143,05.4132
2026-05-27T09:29:10.098063,3931.8,05.1080,1.07770,05.4962
2026-05-27T09:29:11.076906,3932.8,05.1062,1.10451,05.6330
2026-05-27T09:29:12.098818,3933.8,05.1086,1.04841,05.3468
2026-05-27T09:29:13.074756,3934.8,05.1064,1.08201,05.5182
2026-05-27T09:29:14.095836,3935.8,05.1008,1.13784,05.8029
2026-05-27T09:29:15.068634,3936.8,05.1034,1.07217,05.4680
2026-05-27T09:29:16.090023,3937.8,05.1069,1.24743,06.3618
2026-05-27T09:29:17.065086,3938.8,05.1065,0.77897,03.9727
2026-05-27T09:29:18.082285,3939.8,05.1077,0.65075,03.3188
2026-05-27T09:29:19.104465,3940.8,05.1082,1.25824,06.4170
2026-05-27T09:29:20.079341,3941.8,05.1020,1.20985,06.1702
2026-05-27T09:29:21.099174,3942.8,05.1089,1.08148,05.5155
2026-05-27T09:29:22.076323,3943.8,05.1058,1.15823,05.9069
2026-05-27T09:29:23.098531,3944.8,05.1045,1.05427,05.3767
2026-05-27T09:29:24.075390,3945.8,05.1069,1.06063,05.4092
2026-05-27T09:29:25.098317,3946.8,05.1117,0.99799,05.0997
2026-05-27T09:29:26.071403,3947.8,05.1100,1.26127,06.4450
2026-05-27T09:29:27.094592,3948.8,05.1084,1.10438,05.6323
2026-05-27T09:29:28.070272,3949.8,05.1028,1.08578,05.5374
2026-05-27T09:29:29.091999,3950.8,05.1055,1.34799,06.8747
2026-05-27T09:29:30.067161,3951.8,05.1073,0.77922,03.9740
2026-05-27T09:29:31.084905,3952.8,05.1097,0.77713,03.9633
2026-05-27T09:29:32.109165,3953.8,05.1062,1.03384,05.2725
2026-05-27T09:29:33.087224,3954.8,05.1062,1.19815,06.1105
2026-05-27T09:29:34.066428,3955.8,05.1078,1.05940,05.4029
2026-05-27T09:29:35.090040,3956.8,05.0984,1.05089,05.3490
2026-05-27T09:29:36.066595,3957.8,05.1097,1.10787,05.6501
2026-05-27T09:29:37.087980,3958.8,05.1073,1.01996,05.2017
2026-05-27T09:29:38.108994,3959.8,05.1042,1.10893,05.6555
2026-05-27T09:29:39.086102,3960.8,05.1050,1.02306,05.2176
2026-05-27T09:29:40.109017,3961.8,05.1039,1.10504,05.6357
2026-05-27T09:29:41.084333,3962.8,05.1016,1.02767,05.2411
2026-05-27T09:29:42.103915,3963.8,05.1048,1.34525,06.8607
2026-05-27T09:29:43.079585,3964.8,05.1058,0.78143,03.9852
2026-05-27T09:29:44.097963,3965.8,05.1071,0.62312,03.1779
2026-05-27T09:29:45.074558,3966.8,05.1020,1.14434,05.8361
2026-05-27T09:29:46.099057,3967.8,05.1062,1.14817,05.8556
2026-05-27T09:29:47.076785,3968.8,05.1020,1.12781,05.7518
2026-05-27T09:29:48.099492,3969.8,05.1033,1.19611,06.1001
2026-05-27T09:29:49.074759,3970.8,05.1031,1.10784,05.6499
2026-05-27T09:29:50.095069,3971.8,05.1072,1.33151,06.7907
2026-05-27T09:29:51.071032,3972.8,05.1065,1.13049,05.7654
2026-05-27T09:29:52.092832,3973.8,05.1016,1.08347,05.5256
2026-05-27T09:29:53.069830,3974.8,05.1061,1.12477,05.7363
2026-05-27T09:29:54.092634,3975.8,05.1054,1.06995,05.4567
2026-05-27T09:29:55.113251,3976.8,05.1084,1.38066,07.0413
2026-05-27T09:29:56.086802,3977.8,05.1078,0.77887,03.9722
2026-05-27T09:29:57.105760,3978.8,05.1063,0.77757,03.9656
2026-05-27T09:29:58.082641,3979.8,05.1064,1.15056,05.8678
2026-05-27T09:29:59.106931,3980.8,05.1061,1.03319,05.2692
2026-05-27T09:30:00.084513,3981.8,05.1083,1.09734,05.5964
2026-05-27T09:30:01.109290,3982.8,05.1069,1.13142,05.7702
2026-05-27T09:30:02.089166,3983.8,05.1057,1.02599,05.2325
2026-05-27T09:30:03.111534,3984.8,05.1072,1.15876,05.9096
2026-05-27T09:30:04.089338,3985.8,05.1086,1.07057,05.4599
2026-05-27T09:30:05.113578,3986.8,05.1031,1.12583,05.7417
2026-05-27T09:30:06.091977,3987.8,05.1023,1.04884,05.3490
2026-05-27T09:30:07.117098,3988.8,05.1062,1.14957,05.8628
2026-05-27T09:30:08.098496,3989.8,05.1270,1.14012,05.8374
2026-05-27T09:30:09.074695,3990.8,05.1069,0.78025,03.9792
2026-05-27T09:30:10.092726,3991.8,05.1087,0.62710,03.1982
2026-05-27T09:30:11.114507,3992.8,05.1016,1.03900,05.2989
2026-05-27T09:30:12.092219,3993.8,05.1062,1.08430,05.5299
2026-05-27T09:30:13.115306,3994.8,05.1100,1.15750,05.9148
2026-05-27T09:30:14.090276,3995.8,05.1039,1.10299,05.6252
2026-05-27T09:30:15.110517,3996.8,05.1050,1.11901,05.7069
2026-05-27T09:30:16.085160,3997.8,05.1057,1.04938,05.3518
2026-05-27T09:30:17.108456,3998.8,05.1067,1.10734,05.6474
2026-05-27T09:30:18.084275,3999.8,05.1095,1.12239,05.7241
2026-05-27T09:30:19.105202,4000.8,05.1060,1.20931,06.1674
2026-05-27T09:30:20.082229,4001.8,05.1076,1.19434,06.0911
2026-05-27T09:30:21.105755,4002.8,05.0992,1.28449,06.5380
2026-05-27T09:30:22.081513,4003.8,05.1089,0.78140,03.9851
2026-05-27T09:30:23.100236,4004.8,05.1067,0.77961,03.9760
2026-05-27T09:30:24.121568,4005.8,05.1034,1.08182,05.5172
2026-05-27T09:30:25.096984,4006.8,05.1056,1.08405,05.5286
2026-05-27T09:30:26.117127,4007.8,05.1067,1.22470,06.2459
2026-05-27T09:30:27.091511,4008.8,05.1058,1.15369,05.8838
2026-05-27T09:30:28.112130,4009.8,05.1076,1.24636,06.3564
2026-05-27T09:30:29.089698,4010.8,05.1055,1.10184,05.6193
2026-05-27T09:30:30.111627,4011.8,05.1062,1.01863,05.1950
2026-05-27T09:30:31.087128,4012.8,05.1091,1.20786,06.1600
2026-05-27T09:30:32.109647,4013.8,05.1064,1.02620,05.2336
2026-05-27T09:30:33.087800,4014.8,05.1076,1.08317,05.5241
2026-05-27T09:30:34.108975,4015.8,05.1030,1.39705,07.1249
2026-05-27T09:30:35.083596,4016.8,05.1083,0.77665,03.9609
2026-05-27T09:30:36.101578,4017.8,05.1078,0.63467,03.2368
2026-05-27T09:30:37.122438,4018.8,05.1053,1.20009,06.1204
2026-05-27T09:30:38.096076,4019.8,05.1079,1.07646,05.4899
2026-05-27T09:30:39.117464,4020.8,05.1048,1.04809,05.3452
2026-05-27T09:30:40.093282,4021.8,05.1034,1.21220,06.1822
2026-05-27T09:30:41.112723,4022.8,05.1072,1.08658,05.5415
2026-05-27T09:30:42.086774,4023.8,05.1083,1.09208,05.5696
2026-05-27T09:30:43.104780,4024.8,05.1070,1.19144,06.0763
2026-05-27T09:30:44.125121,4025.8,05.1061,1.12470,05.7359
2026-05-27T09:30:45.100903,4026.8,05.1112,1.19477,06.1052
2026-05-27T09:30:46.122229,4027.8,05.1075,1.21779,06.2107
2026-05-27T09:30:47.095792,4028.8,05.1044,1.10367,05.6287
2026-05-27T09:30:48.113558,4029.8,05.1076,0.78006,03.9783
2026-05-27T09:30:49.083625,4030.8,05.1078,0.77819,03.9687
2026-05-27T09:30:50.104043,4031.8,05.1072,1.08206,05.5185
2026-05-27T09:30:51.123600,4032.8,05.1106,1.03656,05.2968
2026-05-27T09:30:52.100313,4033.8,05.1083,1.04982,05.3540
2026-05-27T09:30:53.121837,4034.8,05.1069,1.11861,05.7049
2026-05-27T09:30:54.097279,4035.8,05.1062,1.16005,05.9162
2026-05-27T09:30:55.117649,4036.8,05.1122,1.11157,05.6801
2026-05-27T09:30:56.091563,4037.8,05.1023,1.05995,05.4057
2026-05-27T09:30:57.113555,4038.8,05.1100,1.10538,05.6484
2026-05-27T09:30:58.085378,4039.8,05.1086,1.10503,05.6356
2026-05-27T09:30:59.107147,4040.8,05.1039,1.16684,05.9508
2026-05-27T09:31:00.127397,4041.8,05.1028,1.25126,06.3814
2026-05-27T09:31:01.100445,4042.8,05.1070,0.80421,04.1014
2026-05-27T09:31:02.121621,4043.8,05.1097,0.64569,03.2930
2026-05-27T09:31:03.097481,4044.8,05.1091,1.12481,05.7365
2026-05-27T09:31:04.118286,4045.8,05.1047,1.04769,05.3432
2026-05-27T09:31:05.093551,4046.8,05.1081,1.04729,05.3411
2026-05-27T09:31:06.115378,4047.8,05.1070,1.15188,05.8745
2026-05-27T09:31:07.091062,4048.8,05.1095,1.12665,05.7459
2026-05-27T09:31:08.113484,4049.8,05.1067,1.29768,06.6181
2026-05-27T09:31:09.090164,4050.8,05.1030,1.07704,05.4929
2026-05-27T09:31:10.109960,4051.8,05.1078,1.12822,05.7539
2026-05-27T09:31:11.130678,4052.8,05.1074,1.07804,05.4980
2026-05-27T09:31:12.106237,4053.8,05.1070,1.27973,06.5266
2026-05-27T09:31:13.128689,4054.8,05.0928,1.33079,06.7737
2026-05-27T09:31:14.101732,4055.8,05.1120,0.78280,04.0001
2026-05-27T09:31:15.119133,4056.8,05.1068,0.77960,03.9759
2026-05-27T09:31:16.092867,4057.8,05.1053,1.14273,05.8279
2026-05-27T09:31:17.113552,4058.8,05.0997,1.08799,05.5378
2026-05-27T09:31:18.087816,4059.8,05.1081,1.17884,06.0120
2026-05-27T09:31:19.109710,4060.8,05.1061,1.21759,06.2097
2026-05-27T09:31:20.129589,4061.8,05.1091,1.15412,05.8860
2026-05-27T09:31:21.105815,4062.8,05.1048,1.02667,05.2360
2026-05-27T09:31:22.127491,4063.8,05.1114,1.07405,05.4883
2026-05-27T09:31:23.104705,4064.8,05.1084,1.38012,07.0386
2026-05-27T09:31:24.127840,4065.8,05.1045,1.23731,06.3102
2026-05-27T09:31:25.102615,4066.8,05.1075,1.08591,05.5381
2026-05-27T09:31:26.124865,4067.8,05.1033,1.11187,05.6705
2026-05-27T09:31:27.099064,4068.8,05.1061,0.77829,03.9692
2026-05-27T09:31:28.118509,4069.8,05.1064,0.72327,03.6886
2026-05-27T09:31:29.096997,4070.8,05.1114,1.24224,06.3478
2026-05-27T09:31:30.118798,4071.8,05.1042,1.05047,05.3573
2026-05-27T09:31:31.094132,4072.8,05.1066,1.06232,05.4178
2026-05-27T09:31:32.118296,4073.8,05.1042,1.04547,05.3318
2026-05-27T09:31:33.095535,4074.8,05.0998,1.18438,06.0284
2026-05-27T09:31:34.116591,4075.8,05.1123,1.17758,06.0174
2026-05-27T09:31:35.091409,4076.8,05.1177,1.19412,06.1019
2026-05-27T09:31:36.112265,4077.8,05.0955,1.18318,06.0223
2026-05-27T09:31:37.135651,4078.8,05.0962,1.14957,05.8513
2026-05-27T09:31:38.111771,4079.8,05.1012,1.33087,06.7874
2026-05-27T09:31:39.133323,4080.8,05.1169,1.27631,06.5219
2026-05-27T09:31:40.107728,4081.8,05.1098,1.31081,06.6851
2026-05-27T09:31:41.125044,4082.8,05.1072,0.77728,03.9641
2026-05-27T09:31:42.097984,4083.8,05.1105,1.26130,06.4452
2026-05-27T09:31:43.118148,4084.8,05.0911,1.28851,06.5585
2026-05-27T09:31:44.138038,4085.8,05.0987,1.45239,07.3926
2026-05-27T09:31:45.113121,4086.8,05.1098,1.18617,06.0494
2026-05-27T09:31:46.133270,4087.8,05.1012,1.14283,05.8284
2026-05-27T09:31:47.108852,4088.8,05.1145,1.21864,06.2272
2026-05-27T09:31:48.126711,4089.8,05.1078,1.17885,06.0121
2026-05-27T09:31:49.100283,4090.8,05.1042,1.15405,05.8856
2026-05-27T09:31:50.117641,4091.8,05.1133,1.29112,06.5976
2026-05-27T09:31:51.135545,4092.8,05.1101,1.42973,07.3059
2026-05-27T09:31:52.108157,4093.8,05.1055,1.11907,05.7072
2026-05-27T09:31:53.130374,4094.8,05.1136,0.78211,03.9965
2026-05-27T09:31:54.100462,4095.8,05.1097,0.66549,03.3939
2026-05-27T09:31:55.116887,4096.8,05.1133,1.37665,07.0346
2026-05-27T09:31:56.137501,4097.8,05.1091,1.31948,06.7293
2026-05-27T09:31:57.111418,4098.8,05.1126,1.09233,05.5818
2026-05-27T09:31:58.134710,4099.8,05.1022,1.15040,05.8670
2026-05-27T09:31:59.110584,4100.8,05.1130,1.12003,05.7233
2026-05-27T09:32:00.132298,4101.8,05.1012,1.03011,05.2535
2026-05-27T09:32:01.107613,4102.8,05.1042,1.05049,05.3574
2026-05-27T09:32:02.128885,4103.8,05.1011,1.13062,05.7661
2026-05-27T09:32:03.104216,4104.8,05.1066,1.19489,06.0939
2026-05-27T09:32:04.124246,4105.8,05.1051,1.27361,06.4954
2026-05-27T09:32:05.098810,4106.8,05.0945,1.24286,06.3261
2026-05-27T09:32:06.121932,4107.8,05.1151,0.82075,04.1940
2026-05-27T09:32:07.141062,4108.8,05.1083,0.77892,03.9724
2026-05-27T09:32:08.115794,4109.8,05.1028,1.23634,06.3053
2026-05-27T09:32:09.137207,4110.8,05.1001,1.05916,05.4017
2026-05-27T09:32:10.111940,4111.8,05.1117,1.13198,05.7844
2026-05-27T09:32:11.132435,4112.8,05.1117,1.20291,06.1468
2026-05-27T09:32:12.107858,4113.8,05.1026,1.17886,06.0121
2026-05-27T09:32:13.129130,4114.8,05.1148,1.22996,06.2850
2026-05-27T09:32:14.103265,4115.8,05.1098,1.03803,05.2939
2026-05-27T09:32:15.125865,4116.8,05.1139,1.34284,06.8619
2026-05-27T09:32:16.101961,4117.8,05.0945,1.08583,05.5268
2026-05-27T09:32:17.122830,4118.8,05.1103,1.21499,06.2085
2026-05-27T09:32:18.142541,4119.8,05.1058,1.51777,07.7406
2026-05-27T09:32:19.115206,4120.8,05.1066,0.82446,04.2047
2026-05-27T09:32:20.133724,4121.8,05.1075,0.77877,03.9717
2026-05-27T09:32:21.103781,4122.8,05.1126,1.08917,05.5656
2026-05-27T09:32:22.125195,4123.8,05.1100,1.07334,05.4847
2026-05-27T09:32:23.102833,4124.8,05.1082,1.26266,06.4395
2026-05-27T09:32:24.126158,4125.8,05.1039,1.17422,05.9885
2026-05-27T09:32:25.101534,4126.8,05.1134,1.12699,05.7589
2026-05-27T09:32:26.121051,4127.8,05.1083,1.20087,06.1244
2026-05-27T09:32:27.143369,4128.8,05.1012,1.23662,06.3067
2026-05-27T09:32:28.118691,4129.8,05.0981,1.09541,05.5756
2026-05-27T09:32:29.141922,4130.8,05.1026,1.21954,06.2196
2026-05-27T09:32:30.116574,4131.8,05.1039,1.10138,05.6170
2026-05-27T09:32:31.138277,4132.8,05.0992,1.49796,07.6246
2026-05-27T09:32:32.113882,4133.8,05.1081,1.10082,05.6141
2026-05-27T09:32:33.132482,4134.8,05.1084,0.77928,03.9743
2026-05-27T09:32:34.106889,4135.8,05.1079,1.27119,06.4830
2026-05-27T09:32:35.130940,4136.8,05.1078,1.04490,05.3289
2026-05-27T09:32:36.107147,4137.8,05.1141,1.06958,05.4655
2026-05-27T09:32:37.128908,4138.8,05.1074,1.30583,06.6597
2026-05-27T09:32:38.103725,4139.8,05.1075,1.29672,06.6132
2026-05-27T09:32:39.124083,4140.8,05.1036,1.06784,05.4459
2026-05-27T09:32:40.145270,4141.8,05.1075,1.19521,06.0955
2026-05-27T09:32:41.118920,4142.8,05.0975,1.13093,05.7564
2026-05-27T09:32:42.139690,4143.8,05.1092,1.11702,05.6968
2026-05-27T09:32:43.115062,4144.8,05.1087,1.17729,06.0041
2026-05-27T09:32:44.135775,4145.8,05.0950,1.51368,07.7046
2026-05-27T09:32:45.109649,4146.8,05.1080,0.98392,05.0179
2026-05-27T09:32:46.125281,4147.8,05.1070,0.77976,03.9767
2026-05-27T09:32:47.141742,4148.8,05.1056,1.16723,05.9528
2026-05-27T09:32:48.115075,4149.8,05.0975,1.13377,05.7708
2026-05-27T09:32:49.134575,4150.8,05.1071,1.19406,06.0897
2026-05-27T09:32:50.110130,4151.8,05.1094,1.23805,06.3140
2026-05-27T09:32:51.130452,4152.9,05.1074,1.23758,06.3116
2026-05-27T09:32:52.149957,4153.9,05.1122,1.26752,06.4770
2026-05-27T09:32:53.123012,4154.9,05.1033,1.12569,05.7410
2026-05-27T09:32:54.144014,4155.9,05.1075,1.23306,06.2886
2026-05-27T09:32:55.119224,4156.9,05.1097,1.15908,05.9113
2026-05-27T09:32:56.139423,4157.9,05.1131,1.19937,06.1287
2026-05-27T09:32:57.114256,4158.9,05.0983,1.62464,08.2694
2026-05-27T09:32:58.135096,4159.9,05.1080,1.00415,05.1211
2026-05-27T09:32:59.152161,4160.9,05.1076,0.78042,03.9801
2026-05-27T09:33:00.126183,4161.9,05.1126,1.29749,06.6301
2026-05-27T09:33:01.145959,4162.9,05.1033,1.21731,06.2082
2026-05-27T09:33:02.118997,4163.9,05.1075,1.07331,05.4738
2026-05-27T09:33:03.141577,4164.9,05.1069,1.08252,05.5208
2026-05-27T09:33:04.115205,4165.9,05.1105,1.32319,06.7615
2026-05-27T09:33:05.135719,4166.9,05.1148,1.14465,05.8491
2026-05-27T09:33:06.154570,4167.9,05.1009,1.14991,05.8645
2026-05-27T09:33:07.128503,4168.9,05.0944,1.15571,05.8825
2026-05-27T09:33:08.147473,4169.9,05.1075,1.37845,07.0300
2026-05-27T09:33:09.121898,4170.9,05.1019,1.22020,06.2230
2026-05-27T09:33:10.140151,4171.9,05.0987,1.35571,06.9005
2026-05-27T09:33:11.113064,4172.9,05.1064,1.09460,05.5824
2026-05-27T09:33:12.125989,4173.9,05.1067,0.77968,03.9763
2026-05-27T09:33:13.140857,4174.9,05.1034,1.14757,05.8526
2026-05-27T09:33:14.115475,4175.9,05.1144,1.23514,06.3115
2026-05-27T09:33:15.134901,4176.9,05.1075,1.30600,06.6606
2026-05-27T09:33:16.156202,4177.9,05.1033,1.14420,05.8354
2026-05-27T09:33:17.132051,4178.9,05.0953,1.10994,05.6495
2026-05-27T09:33:18.150764,4179.9,05.1053,1.10218,05.6211
2026-05-27T09:33:19.124093,4180.9,05.1108,1.15630,05.9086
2026-05-27T09:33:20.140506,4181.9,05.1053,1.35172,06.8937
2026-05-27T09:33:21.114233,4182.9,05.1136,1.23242,06.2976
2026-05-27T09:33:22.131692,4183.9,05.1083,1.05132,05.3617
2026-05-27T09:33:23.151457,4184.9,05.1012,1.41971,07.2405
2026-05-27T09:33:24.127997,4185.9,05.1051,0.85433,04.3570
2026-05-27T09:33:25.148072,4186.9,05.1060,0.78007,03.9783
2026-05-27T09:33:26.121093,4187.9,05.1108,1.11919,05.7190
2026-05-27T09:33:27.143193,4188.9,05.1020,1.15728,05.9021
2026-05-27T09:33:28.119700,4189.9,05.1111,1.20613,06.1633
2026-05-27T09:33:29.142299,4190.9,05.1066,1.40400,07.1604
2026-05-27T09:33:30.117613,4191.9,05.1094,1.08702,05.5438
2026-05-27T09:33:31.142788,4192.9,05.1069,1.35909,06.9313
2026-05-27T09:33:32.117328,4193.9,05.1053,1.22568,06.2509
2026-05-27T09:33:33.139580,4194.9,05.1108,1.08452,05.5418
2026-05-27T09:33:34.116652,4195.9,05.0991,1.18170,06.0148
2026-05-27T09:33:35.139716,4196.9,05.1039,1.11270,05.6747
2026-05-27T09:33:36.161046,4197.9,05.1051,1.33871,06.8274
2026-05-27T09:33:37.133957,4198.9,05.1081,0.87534,04.4642
2026-05-27T09:33:38.154021,4199.9,05.1083,0.75564,03.8537
2026-05-27T09:33:39.127493,4200.9,05.1026,0.87181,04.4462
2026-05-27T09:33:40.149228,4201.9,05.1061,1.16355,05.9341
2026-05-27T09:33:41.124576,4202.9,05.1097,1.14431,05.8359
2026-05-27T09:33:42.145308,4203.9,05.1109,1.08990,05.5693
2026-05-27T09:33:43.121067,4204.9,05.1059,1.05616,05.3864
2026-05-27T09:33:44.142652,4205.9,05.1100,1.29743,06.6298
2026-05-27T09:33:45.163435,4206.9,05.1153,1.37293,07.0156
2026-05-27T09:33:46.138082,4207.9,05.1047,1.03316,05.2691
2026-05-27T09:33:47.160501,4208.9,05.0986,1.18519,06.0326
2026-05-27T09:33:48.134644,4209.9,05.1125,1.14343,05.8429
2026-05-27T09:33:49.155057,4210.9,05.1119,1.38516,07.0781
2026-05-27T09:33:50.125416,4211.9,05.1189,1.01390,05.1810
2026-05-27T09:33:51.140412,4212.9,05.1078,0.80410,04.1009
2026-05-27T09:33:52.156634,4213.9,05.0936,1.17489,05.9801
2026-05-27T09:33:53.128274,4214.9,05.0989,1.31046,06.6702
2026-05-27T09:33:54.148708,4215.9,05.1136,1.11621,05.7038
2026-05-27T09:33:55.122047,4216.9,05.1070,1.19611,06.1001
2026-05-27T09:33:56.141072,4217.9,05.1111,1.24121,06.3425
2026-05-27T09:33:57.160403,4218.9,05.1053,1.28119,06.5340
2026-05-27T09:33:58.134510,4219.9,05.0970,1.38417,07.0454
2026-05-27T09:33:59.152178,4220.9,05.1067,1.18379,06.0373
2026-05-27T09:34:00.128392,4221.9,05.1072,1.14043,05.8161
2026-05-27T09:34:01.147601,4222.9,05.1084,1.28935,06.5756
2026-05-27T09:34:02.122644,4223.9,05.0978,1.64223,08.3589
2026-05-27T09:34:03.142822,4224.9,05.1036,1.16250,05.9287
2026-05-27T09:34:04.159693,4225.9,05.1071,0.77697,03.9625
2026-05-27T09:34:05.129931,4226.9,05.1000,1.13458,05.7863
2026-05-27T09:34:06.149305,4227.9,05.1067,1.11828,05.7032
2026-05-27T09:34:07.168711,4228.9,05.1059,1.22528,06.2489
2026-05-27T09:34:08.144645,4229.9,05.1070,1.09421,05.5804
2026-05-27T09:34:09.165441,4230.9,05.1089,1.24298,06.3391
2026-05-27T09:34:10.138008,4231.9,05.1083,1.17736,06.0045
2026-05-27T09:34:11.159071,4232.9,05.1068,1.05434,05.3771
2026-05-27T09:34:12.133887,4233.9,05.1087,1.23029,06.2744
2026-05-27T09:34:13.154386,4234.9,05.1136,1.30348,06.6607
2026-05-27T09:34:14.127282,4235.9,05.1091,1.04321,05.3203
2026-05-27T09:34:15.144678,4236.9,05.1045,1.22465,06.2457
2026-05-27T09:34:16.165555,4237.9,05.1048,1.09402,05.5795
2026-05-27T09:34:17.136326,4238.9,05.1075,0.78054,03.9807
2026-05-27T09:34:18.150996,4239.9,05.1078,1.20064,06.1232
2026-05-27T09:34:19.169490,4240.9,05.0956,1.07083,05.4505
2026-05-27T09:34:20.143578,4241.9,05.1005,1.21826,06.2131
2026-05-27T09:34:21.162310,4242.9,05.1079,1.02417,05.2232
2026-05-27T09:34:22.135881,4243.9,05.1066,1.01269,05.1647
2026-05-27T09:34:23.153613,4244.9,05.1059,1.09251,05.5718
2026-05-27T09:34:24.169130,4245.9,05.1117,1.28793,06.5813
2026-05-27T09:34:25.142897,4246.9,05.1034,1.03515,05.2792
2026-05-27T09:34:26.161966,4247.9,05.1008,1.18287,06.0326
2026-05-27T09:34:27.135589,4248.9,05.1101,1.25833,06.4300
2026-05-27T09:34:28.153275,4249.9,05.1017,1.32366,06.7506
2026-05-27T09:34:29.172214,4250.9,05.1116,1.28607,06.5718
2026-05-27T09:34:30.145831,4251.9,05.1080,0.77893,03.9725
2026-05-27T09:34:31.167432,4252.9,05.1080,0.91854,04.6845
2026-05-27T09:34:32.139878,4253.9,05.1126,1.12541,05.7508
2026-05-27T09:34:33.162442,4254.9,05.1075,1.22631,06.2541
2026-05-27T09:34:34.136503,4255.9,05.1051,1.13723,05.7998
2026-05-27T09:34:35.159742,4256.9,05.1080,1.02747,05.2400
2026-05-27T09:34:36.132568,4257.9,05.1098,0.98357,05.0162
2026-05-27T09:34:37.155172,4258.9,05.1095,0.99748,05.0871
2026-05-27T09:34:38.132470,4259.9,05.1075,1.10633,05.6422
2026-05-27T09:34:39.152499,4260.9,05.1028,1.14715,05.8504
2026-05-27T09:34:40.172744,4261.9,05.1026,1.33859,06.8268
2026-05-27T09:34:41.147250,4262.9,05.1089,1.27077,06.4809
2026-05-27T09:34:42.169549,4263.9,05.1014,1.19445,06.0916
2026-05-27T09:34:43.144498,4264.9,05.1071,0.78114,03.9838
2026-05-27T09:34:44.163565,4265.9,05.1070,1.01225,05.1624
2026-05-27T09:34:45.137626,4266.9,05.1086,1.21770,06.2102
2026-05-27T09:34:46.156438,4267.9,05.1130,1.30899,06.6889
2026-05-27T09:34:47.131903,4268.9,05.1051,1.18959,06.0669
2026-05-27T09:34:48.152566,4269.9,05.1071,1.36811,06.9773
2026-05-27T09:34:49.175193,4270.9,05.1036,0.98882,05.0429
2026-05-27T09:34:50.153042,4271.9,05.0995,1.05517,05.3708
2026-05-27T09:34:51.174564,4272.9,05.1070,1.06552,05.4341
2026-05-27T09:34:52.149837,4273.9,05.1117,1.19651,06.1141
2026-05-27T09:34:53.171958,4274.9,05.0992,1.03467,05.2664
2026-05-27T09:34:54.147447,4275.9,05.1106,1.74416,08.9126
2026-05-27T09:34:55.165940,4276.9,05.1014,1.02992,05.2525
2026-05-27T09:34:56.140922,4277.9,05.1065,0.78382,03.9974
2026-05-27T09:34:57.157753,4278.9,05.1011,0.82080,04.1860
2026-05-27T09:34:58.178762,4279.9,05.1073,1.11016,05.6618
2026-05-27T09:34:59.158156,4280.9,05.1095,1.22450,06.2449
2026-05-27T09:35:00.179882,4281.9,05.1078,1.54373,07.8730
2026-05-27T09:35:01.155197,4282.9,05.1036,1.39068,07.0924
2026-05-27T09:35:02.176183,4283.9,05.1087,1.41223,07.2023
2026-05-27T09:35:03.149131,4284.9,05.1075,1.10461,05.6335
2026-05-27T09:35:04.168081,4285.9,05.0973,1.05576,05.3738
2026-05-27T09:35:05.145644,4286.9,05.1087,1.23541,06.3005
2026-05-27T09:35:06.166081,4287.9,05.1047,1.32710,06.7682
2026-05-27T09:35:07.141004,4288.9,05.1005,1.32882,06.7769
2026-05-27T09:35:08.160770,4289.9,05.1180,1.10195,05.6309
2026-05-27T09:35:09.178058,4290.9,05.1082,0.77170,03.9356
2026-05-27T09:35:10.152174,4291.9,05.1070,0.94426,04.8157
2026-05-27T09:35:11.171516,4292.9,05.1030,1.01978,05.2008
2026-05-27T09:35:12.149072,4293.9,05.1044,1.11584,05.6907
2026-05-27T09:35:13.169759,4294.9,05.1047,1.22796,06.2625
2026-05-27T09:35:14.145769,4295.9,05.1048,1.14450,05.8369
2026-05-27T09:35:15.165986,4296.9,05.1073,1.33782,06.8228
2026-05-27T09:35:16.141199,4297.9,05.1144,1.06021,05.4176
2026-05-27T09:35:17.164255,4298.9,05.1079,0.96439,04.9183
2026-05-27T09:35:18.139694,4299.9,05.0889,1.26723,06.4375
2026-05-27T09:35:19.161481,4300.9,05.1051,1.01120,05.1571
2026-05-27T09:35:20.180738,4301.9,05.1272,1.31553,06.7355
2026-05-27T09:35:21.156450,4302.9,05.1064,1.21039,06.1729
2026-05-27T09:35:22.174810,4303.9,05.1041,0.77695,03.9624
2026-05-27T09:35:23.146071,4304.9,05.1077,0.70447,03.5927
2026-05-27T09:35:24.168092,4305.9,05.1071,1.06265,05.4195
2026-05-27T09:35:25.144576,4306.9,05.1036,1.03822,05.2949
2026-05-27T09:35:26.166104,4307.9,05.1084,1.08944,05.5561
2026-05-27T09:35:27.144600,4308.9,05.1144,1.31917,06.7409
2026-05-27T09:35:28.166305,4309.9,05.1011,1.08044,05.5102
2026-05-27T09:35:29.143887,4310.9,05.1067,1.08101,05.5131
2026-05-27T09:35:30.164590,4311.9,05.1094,1.01892,05.1964
2026-05-27T09:35:31.185571,4312.9,05.1078,0.95182,04.8542
2026-05-27T09:35:32.162446,4313.9,05.1055,0.99133,05.0557
2026-05-27T09:35:33.184774,4314.9,05.0928,1.21212,06.1696
2026-05-27T09:35:34.160615,4315.9,05.1080,1.24903,06.3700
2026-05-27T09:35:35.180314,4316.9,05.1069,0.77574,03.9562
2026-05-27T09:35:36.154146,4317.9,05.1089,0.86520,04.4125
2026-05-27T09:35:37.173246,4318.9,05.1062,0.99524,05.0757
2026-05-27T09:35:38.147538,4319.9,05.1092,1.06849,05.4492
2026-05-27T09:35:39.170065,4320.9,05.1126,1.13597,05.8048
2026-05-27T09:35:40.145759,4321.9,05.1061,1.02989,05.2524
2026-05-27T09:35:41.166828,4322.9,05.1089,1.16220,05.9272
2026-05-27T09:35:42.145321,4323.9,05.1050,1.08601,05.5386
2026-05-27T09:35:43.166488,4324.9,05.1059,1.00845,05.1430
2026-05-27T09:35:44.186782,4325.9,05.1126,1.07508,05.4936
2026-05-27T09:35:45.160965,4326.9,05.1019,1.06952,05.4545
2026-05-27T09:35:46.181908,4327.9,05.0939,1.66222,08.4606
2026-05-27T09:35:47.156753,4328.9,05.1086,1.29708,06.6151
2026-05-27T09:35:48.175464,4329.9,05.1086,0.78245,03.9904
2026-05-27T09:35:49.190433,4330.9,05.1058,1.22558,06.2504
2026-05-27T09:35:50.163753,4331.9,05.1105,1.01409,05.1819
2026-05-27T09:35:51.183789,4332.9,05.1105,1.01990,05.2116
2026-05-27T09:35:52.160023,4333.9,05.1079,1.03483,05.2776
2026-05-27T09:35:53.184197,4334.9,05.1001,1.01427,05.1727
2026-05-27T09:35:54.159305,4335.9,05.1067,1.18207,06.0285
2026-05-27T09:35:55.180587,4336.9,05.0947,1.03935,05.2902
2026-05-27T09:35:56.155661,4337.9,05.1061,1.05867,05.3992
2026-05-27T09:35:57.179596,4338.9,05.0939,1.05332,05.3613
2026-05-27T09:35:58.153138,4339.9,05.1034,0.99342,05.0664
2026-05-27T09:35:59.174723,4340.9,05.1106,1.34384,06.8670
2026-05-27T09:36:00.192994,4341.9,05.1072,1.32411,06.7529
2026-05-27T09:36:01.164829,4342.9,05.1079,0.77869,03.9713
2026-05-27T09:36:02.183609,4343.9,05.0869,1.38698,07.0458
2026-05-27T09:36:03.159111,4344.9,05.1079,1.18418,06.0393
2026-05-27T09:36:04.179932,4345.9,05.1109,1.08534,05.5460
2026-05-27T09:36:05.154008,4346.9,05.1069,1.00100,05.1051
2026-05-27T09:36:06.175296,4347.9,05.1084,1.06149,05.4135
2026-05-27T09:36:07.151222,4348.9,05.1034,1.07183,05.4663
2026-05-27T09:36:08.173583,4349.9,05.1053,1.12547,05.7398
2026-05-27T09:36:09.150089,4350.9,05.0989,1.02885,05.2368
2026-05-27T09:36:10.168972,4351.9,05.1100,1.24234,06.3483
2026-05-27T09:36:11.191574,4352.9,05.1081,1.06184,05.4153
2026-05-27T09:36:12.164949,4353.9,05.1058,1.29312,06.5949
2026-05-27T09:36:13.184749,4354.9,05.1101,1.34361,06.8658
2026-05-27T09:36:14.156514,4355.9,05.1069,0.77893,03.9725
2026-05-27T09:36:15.175537,4356.9,05.1044,0.96708,04.9321
2026-05-27T09:36:16.151521,4357.9,05.0995,1.13972,05.8011
2026-05-27T09:36:17.171382,4358.9,05.1064,1.02585,05.2318
2026-05-27T09:36:18.192056,4359.9,05.0933,1.03018,05.2436
2026-05-27T09:36:19.164043,4360.9,05.1006,1.00222,05.1113
2026-05-27T09:36:20.185194,4361.9,05.1091,0.90786,04.6300
2026-05-27T09:36:21.162854,4362.9,05.0994,1.22741,06.2475
2026-05-27T09:36:22.184585,4363.9,05.1066,1.33903,06.8290
2026-05-27T09:36:23.161170,4364.9,05.0892,1.49197,07.5792
2026-05-27T09:36:24.183610,4365.9,05.1060,1.04959,05.3529
2026-05-27T09:36:25.156378,4366.9,05.1155,1.09703,05.6058
2026-05-27T09:36:26.175079,4367.9,05.1181,1.35973,06.9482
2026-05-27T09:36:27.196042,4368.9,05.1084,0.77854,03.9705
2026-05-27T09:36:28.167104,4369.9,05.1056,1.13059,05.7660
2026-05-27T09:36:29.186412,4370.9,05.1023,1.04030,05.3055
2026-05-27T09:36:30.161839,4371.9,05.0931,1.40081,07.1301
2026-05-27T09:36:31.185722,4372.9,05.1062,1.00936,05.1477
2026-05-27T09:36:32.159647,4373.9,05.1034,1.01589,05.1810
2026-05-27T09:36:33.179017,4374.9,05.1086,1.07523,05.4836
2026-05-27T09:36:34.200695,4375.9,05.1014,1.03219,05.2641
2026-05-27T09:36:35.174113,4376.9,05.1037,1.19856,06.1126
2026-05-27T09:36:36.196429,4377.9,05.1020,1.19077,06.0729
2026-05-27T09:36:37.171623,4378.9,05.0987,1.55953,07.9380
2026-05-27T09:36:38.192281,4379.9,05.1033,1.07195,05.4669
2026-05-27T09:36:39.168535,4380.9,05.0987,1.27248,06.4769
2026-05-27T09:36:40.187127,4381.9,05.1070,0.78012,03.9786
2026-05-27T09:36:41.159869,4382.9,05.1042,0.79028,04.0304
2026-05-27T09:36:42.180276,4383.9,05.1094,1.01584,05.1807
2026-05-27T09:36:43.159608,4384.9,05.1042,1.02964,05.2511
2026-05-27T09:36:44.184445,4385.9,05.1116,1.13224,05.7857
2026-05-27T09:36:45.158050,4386.9,05.1103,1.21600,06.2137
2026-05-27T09:36:46.178993,4387.9,05.1019,1.00764,05.1389
2026-05-27T09:36:47.198755,4388.9,05.1052,0.99147,05.0564
2026-05-27T09:36:48.174097,4389.9,05.1064,1.01450,05.1739
2026-05-27T09:36:49.195420,4390.9,05.1041,1.02885,05.2471
2026-05-27T09:36:50.169861,4391.9,05.1048,1.12132,05.7187
2026-05-27T09:36:51.193021,4392.9,05.1123,1.24062,06.3395
2026-05-27T09:36:52.166168,4393.9,05.1030,1.21257,06.1841
2026-05-27T09:36:53.184091,4394.9,05.1067,0.78162,03.9862
2026-05-27T09:36:54.202199,4395.9,05.1066,0.92268,04.7056
2026-05-27T09:36:55.176137,4396.9,05.1075,1.01286,05.1655
2026-05-27T09:36:56.196144,4397.9,05.1065,1.05784,05.3949
2026-05-27T09:36:57.172638,4398.9,05.1062,1.00644,05.1328
2026-05-27T09:36:58.193539,4399.9,05.1094,1.20230,06.1317
2026-05-27T09:36:59.172232,4400.9,05.0994,1.02747,05.2298
2026-05-27T09:37:00.196188,4401.9,05.1075,0.99722,05.0858
2026-05-27T09:37:01.175568,4402.9,05.1070,1.05182,05.3642
2026-05-27T09:37:02.200202,4403.9,05.1117,1.11375,05.6912
2026-05-27T09:37:03.174987,4404.9,05.1028,1.11598,05.6914
2026-05-27T09:37:04.197482,4405.9,05.1066,1.24989,06.3744
2026-05-27T09:37:05.174276,4406.9,05.1089,1.25480,06.3994
2026-05-27T09:37:06.197457,4407.9,05.1064,0.78216,03.9890
2026-05-27T09:37:07.172624,4408.9,05.1065,0.75814,03.8665
2026-05-27T09:37:08.194948,4409.9,05.1095,1.01746,05.1890
2026-05-27T09:37:09.174331,4410.9,05.1041,1.00766,05.1390
2026-05-27T09:37:10.199491,4411.9,05.1084,1.12711,05.7482
2026-05-27T09:37:11.177932,4412.9,05.1070,1.02474,05.2261
2026-05-27T09:37:12.200032,4413.9,05.1094,1.08957,05.5568
2026-05-27T09:37:13.176738,4414.9,05.1075,1.05283,05.3694
2026-05-27T09:37:14.199653,4415.9,05.0959,1.01807,05.1819
2026-05-27T09:37:15.173275,4416.9,05.1059,1.04378,05.3232
2026-05-27T09:37:16.195291,4417.9,05.1106,1.12241,05.7355
2026-05-27T09:37:17.171208,4418.9,05.1028,1.00647,05.1329
2026-05-27T09:37:18.191041,4419.9,05.1050,1.38596,07.0683
2026-05-27T09:37:19.164762,4420.9,05.1083,0.77960,03.9759
2026-05-27T09:37:20.185701,4421.9,05.1080,0.85860,04.3788
2026-05-27T09:37:21.208271,4422.9,05.0964,1.00877,05.1346
2026-05-27T09:37:22.185424,4423.9,05.1022,1.01153,05.1588
2026-05-27T09:37:23.208989,4424.9,05.1065,1.11672,05.6952
2026-05-27T09:37:24.183627,4425.9,05.1097,0.98121,05.0041
2026-05-27T09:37:25.205842,4426.9,05.1058,1.14355,05.8321
2026-05-27T09:37:26.183033,4427.9,05.1050,0.97065,04.9503
2026-05-27T09:37:27.207089,4428.9,05.1053,1.09805,05.6000
2026-05-27T09:37:28.185575,4429.9,05.1049,1.01867,05.1952
2026-05-27T09:37:29.206341,4430.9,05.1031,1.02641,05.2346
2026-05-27T09:37:30.182112,4431.9,05.1164,1.37516,07.0270
2026-05-27T09:37:31.204670,4432.9,05.1122,1.22673,06.2685
2026-05-27T09:37:32.180154,4433.9,05.1067,0.78552,04.0061
2026-05-27T09:37:33.200752,4434.9,05.1070,0.67773,03.4564
2026-05-27T09:37:34.177203,4435.9,05.1097,1.08347,05.5256
2026-05-27T09:37:35.202163,4436.9,05.1044,1.00134,05.1068
2026-05-27T09:37:36.181040,4437.9,05.1045,1.09694,05.5943
2026-05-27T09:37:37.204730,4438.9,05.1006,1.30791,06.6703
2026-05-27T09:37:38.178707,4439.9,05.1037,1.04732,05.3413
2026-05-27T09:37:39.201049,4440.9,05.1034,1.03287,05.2676
2026-05-27T09:37:40.177447,4441.9,05.0998,0.99204,05.0494
2026-05-27T09:37:41.200282,4442.9,05.1094,1.07756,05.4955
2026-05-27T09:37:42.178043,4443.9,05.1059,1.02155,05.2099
2026-05-27T09:37:43.199389,4444.9,05.1106,1.33395,06.8164
2026-05-27T09:37:44.173830,4445.9,05.1106,1.10820,05.6629
2026-05-27T09:37:45.192602,4446.9,05.1069,0.78232,03.9898
2026-05-27T09:37:46.211092,4447.9,05.0992,0.82410,04.1946
2026-05-27T09:37:47.185818,4448.9,05.1058,1.13668,05.7970
2026-05-27T09:37:48.207460,4449.9,05.1081,0.99439,05.0713
2026-05-27T09:37:49.185015,4450.9,05.1094,1.02800,05.2428
2026-05-27T09:37:50.209803,4451.9,05.1050,1.16295,05.9310
2026-05-27T09:37:51.186199,4452.9,05.1076,1.05448,05.3778
2026-05-27T09:37:52.208255,4453.9,05.1073,1.03755,05.2915
2026-05-27T09:37:53.184100,4454.9,05.1031,1.02437,05.2242
2026-05-27T09:37:54.204181,4455.9,05.1014,1.02017,05.2028
2026-05-27T09:37:55.179790,4456.9,05.1070,0.98169,05.0066
2026-05-27T09:37:56.201635,4457.9,05.1083,1.13607,05.7939
2026-05-27T09:37:57.179014,4458.9,05.1134,1.11949,05.7205
2026-05-27T09:37:58.197287,4459.9,05.1078,0.78176,03.9869
2026-05-27T09:37:59.216745,4460.9,05.1079,0.64444,03.2866
2026-05-27T09:38:00.191571,4461.9,05.1078,1.02798,05.2426
2026-05-27T09:38:01.211385,4462.9,05.1039,1.00339,05.1172
2026-05-27T09:38:02.186489,4463.9,05.1039,1.03524,05.2797
2026-05-27T09:38:03.208904,4464.9,05.1108,1.09219,05.5810
2026-05-27T09:38:04.186381,4465.9,05.1055,1.07475,05.4812
2026-05-27T09:38:05.209812,4466.9,05.1087,1.01340,05.1683
2026-05-27T09:38:06.189478,4467.9,05.1026,1.05269,05.3687
2026-05-27T09:38:07.211901,4468.9,05.1089,1.13312,05.7789
2026-05-27T09:38:08.189326,4469.9,05.1081,0.98349,05.0157
2026-05-27T09:38:09.212576,4470.9,05.1034,1.38368,07.0567
2026-05-27T09:38:10.188571,4471.9,05.1159,1.12867,05.7675
2026-05-27T09:38:11.209222,4472.9,05.1081,0.78312,03.9939
2026-05-27T09:38:12.184856,4473.9,05.1081,0.80253,04.0929
2026-05-27T09:38:13.211557,4474.9,05.1051,1.06523,05.4326
2026-05-27T09:38:14.188819,4475.9,05.1081,0.96733,04.9333
2026-05-27T09:38:15.212261,4476.9,05.1026,0.99072,05.0526
2026-05-27T09:38:16.190883,4477.9,05.1045,1.04909,05.3503
2026-05-27T09:38:17.215095,4478.9,05.1045,1.17378,05.9862
2026-05-27T09:38:18.191842,4479.9,05.1103,0.99000,05.0589
2026-05-27T09:38:19.218530,4480.9,05.1064,1.05040,05.3570
2026-05-27T09:38:20.198782,4481.9,05.1070,1.00028,05.1014
2026-05-27T09:38:21.221603,4482.9,05.1065,1.03122,05.2592
2026-05-27T09:38:22.199166,4483.9,05.1061,1.50531,07.6770
2026-05-27T09:38:23.222716,4484.9,05.1122,1.21064,06.1863
2026-05-27T09:38:24.199963,4485.9,05.1062,0.78202,03.9883
2026-05-27T09:38:25.223547,4486.9,05.1058,0.67325,03.4335
2026-05-27T09:38:26.203398,4487.9,05.1050,0.99894,05.0945
2026-05-27T09:38:27.181597,4488.9,05.1066,1.09005,05.5592
2026-05-27T09:38:28.205075,4489.9,05.1067,0.98884,05.0430
2026-05-27T09:38:29.183164,4490.9,05.1054,1.11308,05.6767
2026-05-27T09:38:30.207525,4491.9,05.1091,1.14137,05.8209
2026-05-27T09:38:31.187754,4492.9,05.1091,1.19788,06.1091
2026-05-27T09:38:32.211713,4493.9,05.1023,1.03861,05.2969
2026-05-27T09:38:33.189323,4494.9,05.1031,1.08531,05.5350
2026-05-27T09:38:34.212963,4495.9,05.1087,0.96472,04.9200
2026-05-27T09:38:35.190865,4496.9,05.1030,1.12106,05.7174
2026-05-27T09:38:36.215277,4497.9,05.0995,1.34976,06.8702
2026-05-27T09:38:37.193796,4498.9,05.1064,0.77741,03.9647
2026-05-27T09:38:38.216596,4499.9,05.1052,0.81390,04.1508
2026-05-27T09:38:39.193072,4500.9,05.1076,1.04465,05.3277
2026-05-27T09:38:40.217447,4501.9,05.1103,1.03087,05.2677
2026-05-27T09:38:41.194131,4502.9,05.1055,1.02993,05.2526
2026-05-27T09:38:42.217144,4503.9,05.1006,1.03458,05.2763
2026-05-27T09:38:43.192169,4504.9,05.1103,1.03476,05.2876
2026-05-27T09:38:44.215418,4505.9,05.1083,1.09663,05.5928
2026-05-27T09:38:45.190998,4506.9,05.1071,1.02100,05.2071
2026-05-27T09:38:46.212601,4507.9,05.1033,1.01153,05.1588
2026-05-27T09:38:47.187309,4508.9,05.1097,1.03612,05.2842
2026-05-27T09:38:48.211211,4509.9,05.1125,1.25477,06.4118
2026-05-27T09:38:49.186397,4510.9,05.1125,1.33034,06.7980
2026-05-27T09:38:50.206048,4511.9,05.1078,0.78007,03.9783
2026-05-27T09:38:51.225477,4512.9,05.1053,0.68080,03.4720
2026-05-27T09:38:52.204792,4513.9,05.1097,1.13938,05.8108
2026-05-27T09:38:53.228521,4514.9,05.1055,1.03410,05.2739
2026-05-27T09:38:54.206603,4515.9,05.1030,1.01197,05.1610
2026-05-27T09:38:55.230451,4516.9,05.1055,0.99503,05.0746
2026-05-27T09:38:56.206141,4517.9,05.1016,1.04879,05.3488
2026-05-27T09:38:57.229635,4518.9,05.1037,1.05004,05.3552
2026-05-27T09:38:58.207649,4519.9,05.1074,1.14925,05.8611
2026-05-27T09:38:59.187832,4520.9,05.1062,1.16920,05.9629
2026-05-27T09:39:00.212945,4521.9,05.1069,1.04448,05.3268
2026-05-27T09:39:01.194866,4522.9,05.1064,1.06258,05.4191
2026-05-27T09:39:02.218143,4523.9,05.1137,1.23008,06.2857
2026-05-27T09:39:03.196374,4524.9,05.1065,0.82648,04.2150
2026-05-27T09:39:04.218090,4525.9,05.1030,0.87128,04.4435
2026-05-27T09:39:05.194950,4526.9,05.1058,1.01551,05.1791
2026-05-27T09:39:06.219384,4527.9,05.1080,1.07706,05.4930
2026-05-27T09:39:07.197551,4528.9,05.1098,1.13958,05.8118
2026-05-27T09:39:08.219809,4529.9,05.1036,1.04523,05.3306
2026-05-27T09:39:09.198968,4530.9,05.1056,1.01422,05.1725
2026-05-27T09:39:10.225048,4531.9,05.1125,1.14122,05.8316
2026-05-27T09:39:11.205809,4532.9,05.1041,1.03442,05.2755
2026-05-27T09:39:12.228308,4533.9,05.1070,1.04445,05.3266
2026-05-27T09:39:13.206932,4534.9,05.1044,1.01833,05.1934
2026-05-27T09:39:14.232732,4535.9,05.1122,1.08411,05.5398
2026-05-27T09:39:15.208820,4536.9,05.1016,1.25984,06.4251
2026-05-27T09:39:16.231583,4537.9,05.1069,0.78129,03.9845
2026-05-27T09:39:17.207549,4538.9,05.1069,0.64515,03.2902
2026-05-27T09:39:18.230936,4539.9,05.1059,1.08136,05.5149
2026-05-27T09:39:19.207011,4540.9,05.1036,1.03375,05.2721
2026-05-27T09:39:20.230994,4541.9,05.1122,1.05479,05.3899
2026-05-27T09:39:21.207057,4542.9,05.1019,1.00410,05.1209
2026-05-27T09:39:22.230594,4543.9,05.1066,1.07652,05.4902
2026-05-27T09:39:23.207580,4544.9,05.1034,1.06562,05.4346
2026-05-27T09:39:24.232615,4545.9,05.1045,1.03990,05.3034
2026-05-27T09:39:25.211934,4546.9,05.1061,1.05795,05.3955
2026-05-27T09:39:26.236995,4547.9,05.1059,1.10702,05.6458
2026-05-27T09:39:27.212771,4548.9,05.1026,1.09790,05.5992
2026-05-27T09:39:28.192909,4549.9,05.1014,1.44413,07.3650
2026-05-27T09:39:29.215583,4550.9,05.1059,0.77880,03.9718
2026-05-27T09:39:30.236338,4551.9,05.1065,0.82892,04.2274
2026-05-27T09:39:31.215566,4552.9,05.1098,1.11334,05.6780
2026-05-27T09:39:32.193189,4553.9,05.1106,1.09063,05.5731
2026-05-27T09:39:33.214755,4554.9,05.1036,1.00314,05.1160
2026-05-27T09:39:34.236896,4555.9,05.1076,1.10682,05.6447
2026-05-27T09:39:35.217295,4556.9,05.1080,1.02656,05.2354
2026-05-27T09:39:36.194933,4557.9,05.1067,1.01062,05.1541
2026-05-27T09:39:37.219048,4558.9,05.1042,1.03336,05.2701
2026-05-27T09:39:38.197328,4559.9,05.1094,1.01376,05.1701
2026-05-27T09:39:39.222623,4560.9,05.1072,1.01443,05.1735
2026-05-27T09:39:40.201167,4561.9,05.1039,1.00459,05.1234
2026-05-27T09:39:41.223199,4562.9,05.1128,1.30383,06.6625
2026-05-27T09:39:42.200825,4563.9,05.1083,0.78432,04.0000
2026-05-27T09:39:43.223125,4564.9,05.1071,0.68317,03.4841
2026-05-27T09:39:44.202446,4565.9,05.1042,1.00227,05.1115
2026-05-27T09:39:45.228441,4566.9,05.1068,1.06838,05.4487
2026-05-27T09:39:46.205454,4567.9,05.1092,1.05296,05.3700
2026-05-27T09:39:47.229628,4568.9,05.1016,1.02421,05.2234
2026-05-27T09:39:48.207310,4569.9,05.1061,1.14831,05.8563
2026-05-27T09:39:49.228236,4570.9,05.1080,1.06230,05.4177
2026-05-27T09:39:50.205274,4571.9,05.1037,1.10410,05.6309
2026-05-27T09:39:51.227008,4572.9,05.1078,0.99579,05.0785
2026-05-27T09:39:52.200954,4573.9,05.1081,1.18138,06.0250
2026-05-27T09:39:53.223982,4574.9,05.1076,1.14741,05.8517
2026-05-27T09:39:54.198850,4575.9,05.0991,1.19890,06.1024
2026-05-27T09:39:55.219597,4576.9,05.1067,0.77877,03.9717
2026-05-27T09:39:56.238477,4577.9,05.1071,0.80367,04.0987
2026-05-27T09:39:57.215049,4578.9,05.1051,1.03576,05.2823
2026-05-27T09:39:58.239508,4579.9,05.1051,1.15579,05.8945
2026-05-27T09:39:59.217226,4580.9,05.1047,1.13743,05.8008
2026-05-27T09:40:00.240897,4581.9,05.1116,1.10706,05.6570
2026-05-27T09:40:01.219899,4582.9,05.1037,1.01751,05.1893
2026-05-27T09:40:02.242412,4583.9,05.1061,1.26484,06.4506
2026-05-27T09:40:03.221432,4584.9,05.1047,1.03423,05.2745
2026-05-27T09:40:04.244602,4585.9,05.1092,1.04578,05.3334
2026-05-27T09:40:05.221199,4586.9,05.0994,1.03946,05.2908
2026-05-27T09:40:06.244835,4587.9,05.1081,1.02227,05.2135
2026-05-27T09:40:07.220805,4588.9,05.1066,1.22681,06.2567
2026-05-27T09:40:08.242702,4589.9,05.1059,0.82017,04.1828
2026-05-27T09:40:09.214667,4590.9,05.1086,0.64029,03.2654
2026-05-27T09:40:10.240720,4591.9,05.1061,1.04243,05.3163
2026-05-27T09:40:11.221437,4592.9,05.1062,1.14322,05.8304
2026-05-27T09:40:12.246673,4593.9,05.1092,1.06224,05.4174
2026-05-27T09:40:13.225438,4594.9,05.1031,1.01976,05.2007
2026-05-27T09:40:14.203513,4595.9,05.1080,1.18517,06.0443
2026-05-27T09:40:15.228163,4596.9,05.1075,1.21761,06.2098
2026-05-27T09:40:16.206416,4597.9,05.1114,1.10791,05.6614
2026-05-27T09:40:17.230438,4598.9,05.1091,1.07910,05.5034
2026-05-27T09:40:18.207642,4599.9,05.1094,1.11392,05.6809
2026-05-27T09:40:19.230604,4600.9,05.1083,1.15898,05.9107
2026-05-27T09:40:20.209982,4601.9,05.0906,1.11630,05.6819
2026-05-27T09:40:21.232754,4602.9,05.1075,0.77845,03.9700
2026-05-27T09:40:22.207247,4603.9,05.1070,0.77814,03.9685
2026-05-27T09:40:23.228705,4604.9,05.1062,1.02410,05.2229
2026-05-27T09:40:24.205557,4605.9,05.1091,1.18781,06.0578
2026-05-27T09:40:25.229750,4606.9,05.1034,1.03342,05.2704
2026-05-27T09:40:26.204988,4607.9,05.1076,1.15405,05.8856
2026-05-27T09:40:27.229880,4608.9,05.1080,1.03303,05.2684
2026-05-27T09:40:28.208463,4609.9,05.1039,1.04522,05.3306
2026-05-27T09:40:29.231437,4610.9,05.1039,1.02157,05.2100
2026-05-27T09:40:30.209174,4611.9,05.1022,1.07917,05.5037
2026-05-27T09:40:31.231766,4612.9,05.0991,1.08382,05.5166
2026-05-27T09:40:32.209705,4613.9,05.1070,1.08257,05.5211
2026-05-27T09:40:33.232105,4614.9,05.0947,1.48327,07.5498
2026-05-27T09:40:34.206706,4615.9,05.1067,0.77764,03.9659
2026-05-27T09:40:35.227438,4616.9,05.1059,0.65143,03.3222
2026-05-27T09:40:36.247973,4617.9,05.1106,1.20154,06.1398
2026-05-27T09:40:37.222758,4619.0,05.1066,1.06873,05.4505
2026-05-27T09:40:38.245866,4620.0,05.1101,1.07425,05.4894
2026-05-27T09:40:39.220840,4621.0,05.1089,1.13390,05.7828
2026-05-27T09:40:40.246894,4622.0,05.1051,1.03814,05.2945
2026-05-27T09:40:41.224164,4623.0,05.1073,1.05356,05.3731
2026-05-27T09:40:42.250452,4624.0,05.1078,1.03741,05.2907
2026-05-27T09:40:43.227853,4625.0,05.1061,1.14475,05.8382
2026-05-27T09:40:44.248243,4626.0,05.1036,1.03375,05.2721
2026-05-27T09:40:45.225423,4627.0,05.1070,1.09307,05.5746
2026-05-27T09:40:46.245948,4628.0,05.0958,1.33531,06.7967
2026-05-27T09:40:47.220113,4629.0,05.1070,0.78111,03.9836
2026-05-27T09:40:48.239545,4630.0,05.1067,0.77840,03.9698
2026-05-27T09:40:49.216116,4631.0,05.1062,1.04963,05.3531
2026-05-27T09:40:50.238389,4632.0,05.1000,1.06261,05.4193
2026-05-27T09:40:51.215941,4633.0,05.1037,1.10349,05.6277
2026-05-27T09:40:52.239451,4634.0,05.1070,1.19011,06.0695
2026-05-27T09:40:53.214912,4635.0,05.1062,1.08275,05.5220
2026-05-27T09:40:54.237370,4636.0,05.1047,1.01633,05.1832
2026-05-27T09:40:55.214039,4637.0,05.1134,1.05666,05.3995
2026-05-27T09:40:56.237702,4638.0,05.1076,1.23703,06.3088
2026-05-27T09:40:57.214543,4639.0,05.1048,1.08811,05.5493
2026-05-27T09:40:58.236249,4640.0,05.1083,1.10654,05.6433
2026-05-27T09:40:59.213518,4641.0,05.1070,1.19131,06.0756
2026-05-27T09:41:00.234704,4642.0,05.1062,0.77940,03.9749
2026-05-27T09:41:01.253036,4643.0,05.1079,0.65294,03.3299
2026-05-27T09:41:02.229590,4644.0,05.1095,1.02839,05.2447
2026-05-27T09:41:03.252674,4645.0,05.1087,1.08889,05.5533
2026-05-27T09:41:04.227696,4646.0,05.1114,1.23611,06.3165
2026-05-27T09:41:05.251862,4647.0,05.1047,1.17128,05.9735
2026-05-27T09:41:06.229021,4648.0,05.1047,1.10574,05.6392
2026-05-27T09:41:07.251261,4649.0,05.1041,1.15082,05.8691
2026-05-27T09:41:08.227010,4650.0,05.1092,1.07569,05.4860
2026-05-27T09:41:09.249526,4651.0,05.1062,1.03820,05.2948
2026-05-27T09:41:10.223404,4652.0,05.1030,1.01907,05.1972
2026-05-27T09:41:11.246712,4653.0,05.1091,1.03960,05.3019
2026-05-27T09:41:12.221749,4654.0,05.1123,1.16386,05.9473
2026-05-27T09:41:13.241644,4655.0,05.1062,0.78651,04.0112
2026-05-27T09:41:14.216611,4656.0,05.1072,0.77460,03.9504
2026-05-27T09:41:15.238178,4657.0,05.1014,1.18158,06.0260
2026-05-27T09:41:16.259903,4658.0,05.1067,0.99588,05.0789
2026-05-27T09:41:17.235420,4659.0,05.1006,1.06340,05.4233
2026-05-27T09:41:18.255568,4660.0,05.1012,1.01959,05.1999
2026-05-27T09:41:19.232610,4661.0,05.1097,1.05752,05.3933
2026-05-27T09:41:20.251044,4662.0,05.1080,1.00437,05.1222
2026-05-27T09:41:21.225477,4663.0,05.1062,1.13870,05.8073
2026-05-27T09:41:22.245862,4664.0,05.1034,1.04716,05.3405
2026-05-27T09:41:23.221785,4665.0,05.1056,1.24487,06.3488
2026-05-27T09:41:24.242971,4666.0,05.1056,1.11287,05.6756
2026-05-27T09:41:25.220033,4667.0,05.1097,1.23301,06.2883
2026-05-27T09:41:26.240164,4668.0,05.1069,0.78117,03.9839
2026-05-27T09:41:27.257861,4669.0,05.1069,0.68805,03.5090
2026-05-27T09:41:28.230909,4670.0,05.1056,1.09689,05.5941
2026-05-27T09:41:29.250112,4671.0,05.1055,1.03965,05.3022
2026-05-27T09:41:30.224267,4672.0,05.1042,1.13563,05.7917
2026-05-27T09:41:31.248189,4673.0,05.1061,1.13109,05.7685
2026-05-27T09:41:32.225258,4674.0,05.1037,1.04886,05.3491
2026-05-27T09:41:33.245219,4675.0,05.1025,1.08257,05.5211
2026-05-27T09:41:34.219256,4676.0,05.1076,1.16502,05.9416
2026-05-27T09:41:35.238903,4677.0,05.1075,1.09058,05.5619
2026-05-27T09:41:36.258653,4678.0,05.1091,1.11380,05.6803
2026-05-27T09:41:37.232620,4679.0,05.1051,1.10550,05.6380
2026-05-27T09:41:38.253470,4680.0,05.1069,1.24966,06.3732
2026-05-27T09:41:39.225521,4681.0,05.1072,0.78171,03.9867
2026-05-27T09:41:40.241294,4682.0,05.1060,0.77913,03.9735
2026-05-27T09:41:41.260567,4683.0,05.1047,1.02981,05.2520
2026-05-27T09:41:42.235441,4684.0,05.1087,1.10590,05.6400
2026-05-27T09:41:43.255782,4685.0,05.1009,1.12323,05.7284
2026-05-27T09:41:44.229813,4686.0,05.1111,1.02262,05.2255
2026-05-27T09:41:45.251331,4687.0,05.1136,1.25640,06.4202
2026-05-27T09:41:46.226370,4688.0,05.1026,1.09911,05.6054
2026-05-27T09:41:47.247478,4689.0,05.1060,1.19830,06.1113
2026-05-27T09:41:48.267628,4690.0,05.1081,1.13352,05.7809
2026-05-27T09:41:49.242893,4691.0,05.1058,1.09985,05.6092
2026-05-27T09:41:50.264159,4692.0,05.1092,1.04343,05.3214
2026-05-27T09:41:51.239222,4693.0,05.1014,1.35817,06.9266
2026-05-27T09:41:52.257571,4694.0,05.1078,0.78436,04.0002
2026-05-27T09:41:53.228532,4695.0,05.1062,0.70482,03.5945
2026-05-27T09:41:54.247375,4696.0,05.1147,1.15323,05.8930
2026-05-27T09:41:55.267784,4697.0,05.1058,1.09802,05.5999
2026-05-27T09:41:56.243168,4698.0,05.1066,1.08794,05.5484
2026-05-27T09:41:57.264875,4699.0,05.1047,1.05471,05.3790
2026-05-27T09:41:58.240418,4700.0,05.1081,1.10633,05.6422
2026-05-27T09:41:59.264587,4701.0,05.1069,1.18664,06.0518
2026-05-27T09:42:00.240022,4702.0,05.1036,1.17245,05.9794
2026-05-27T09:42:01.262622,4703.0,05.1071,1.10647,05.6429
2026-05-27T09:42:02.239272,4704.0,05.1128,1.18100,06.0349
2026-05-27T09:42:03.260014,4705.0,05.1026,1.01197,05.1610
2026-05-27T09:42:04.234464,4706.0,05.1017,1.22409,06.2428
2026-05-27T09:42:05.255459,4707.0,05.1066,0.78096,03.9828
2026-05-27T09:42:06.228022,4708.0,05.1065,0.77947,03.9752
2026-05-27T09:42:07.250751,4709.0,05.1086,1.24955,06.3727
2026-05-27T09:42:08.228649,4710.0,05.1001,1.11385,05.6806
2026-05-27T09:42:09.249551,4711.0,05.1078,1.25699,06.4106
2026-05-27T09:42:10.268810,4712.0,05.0998,1.16759,05.9430
2026-05-27T09:42:11.241909,4713.0,05.1005,1.06156,05.4139
2026-05-27T09:42:12.263722,4714.0,05.1019,1.16605,05.9468
2026-05-27T09:42:13.240422,4715.0,05.1151,1.20810,06.1733
2026-05-27T09:42:14.262955,4716.0,05.1051,1.05312,05.3709
2026-05-27T09:42:15.239322,4717.0,05.1164,1.01868,05.2054
2026-05-27T09:42:16.260758,4718.0,05.1026,1.14341,05.8313
2026-05-27T09:42:17.235221,4719.0,05.1050,1.30781,06.6698
2026-05-27T09:42:18.253588,4720.0,05.1066,0.78132,03.9847
2026-05-27T09:42:19.271532,4721.0,05.1056,0.72303,03.6874
2026-05-27T09:42:20.245543,4722.0,05.1087,1.16894,05.9615
2026-05-27T09:42:21.267643,4723.0,05.1101,1.08702,05.5546
2026-05-27T09:42:22.242097,4724.0,05.0928,1.23306,06.2762
2026-05-27T09:42:23.261804,4725.0,05.1020,1.05404,05.3756
2026-05-27T09:42:24.237576,4726.0,05.1059,1.11007,05.6613
2026-05-27T09:42:25.255823,4727.0,05.1014,1.08707,05.5440
2026-05-27T09:42:26.274562,4728.0,05.1078,1.17724,06.0039
2026-05-27T09:42:27.246332,4729.0,05.1101,1.20045,06.1342
2026-05-27T09:42:28.266667,4730.0,05.1026,1.10767,05.6491
2026-05-27T09:42:29.241829,4731.0,05.1133,1.13346,05.7919
2026-05-27T09:42:30.261644,4732.0,05.1016,1.26559,06.4545
2026-05-27T09:42:31.233291,4733.0,05.1089,0.77754,03.9654
2026-05-27T09:42:32.250083,4734.0,05.1070,0.77539,03.9544
2026-05-27T09:42:33.271714,4735.0,05.1087,1.06939,05.4538
2026-05-27T09:42:34.245282,4736.0,05.1000,1.05990,05.4054
2026-05-27T09:42:35.267614,4737.0,05.1053,1.24684,06.3588
2026-05-27T09:42:36.242648,4738.0,05.1011,1.02818,05.2437
2026-05-27T09:42:37.263585,4739.0,05.1016,1.14222,05.8253
2026-05-27T09:42:38.239489,4740.0,05.0994,1.05610,05.3755
2026-05-27T09:42:39.260648,4741.0,05.1056,1.16342,05.9334
2026-05-27T09:42:40.235483,4742.0,05.1003,1.02521,05.2285
2026-05-27T09:42:41.255197,4743.0,05.1098,1.08520,05.5345
2026-05-27T09:42:42.274868,4744.0,05.1106,1.14021,05.8264
2026-05-27T09:42:43.248835,4745.0,05.1070,1.17810,06.0083
2026-05-27T09:42:44.266852,4746.0,05.1066,0.78030,03.9795
2026-05-27T09:42:45.236144,4747.0,05.1092,0.68799,03.5087
2026-05-27T09:42:46.256007,4748.0,05.1037,1.14402,05.8345
2026-05-27T09:42:47.275408,4749.0,05.1073,1.21274,06.1849
2026-05-27T09:42:48.248803,4750.0,05.1109,1.05225,05.3769
2026-05-27T09:42:49.271817,4751.0,05.1080,1.08140,05.5151
2026-05-27T09:42:50.245399,4752.0,05.1089,1.17538,05.9944
2026-05-27T09:42:51.267226,4753.0,05.1080,1.04188,05.3135
2026-05-27T09:42:52.242349,4754.0,05.1058,1.04146,05.3114
2026-05-27T09:42:53.263710,4755.0,05.1092,1.12472,05.7360
2026-05-27T09:42:54.239433,4756.0,05.1047,1.16750,05.9542
2026-05-27T09:42:55.259209,4757.0,05.1106,1.26824,06.4807
2026-05-27T09:42:56.279156,4758.0,05.1147,1.25895,06.4332
2026-05-27T09:42:57.250480,4759.0,05.1028,0.78380,03.9973
2026-05-27T09:42:58.267147,4760.0,05.1076,0.77387,03.9467
2026-05-27T09:42:59.241507,4761.0,05.1066,1.09602,05.5897
2026-05-27T09:43:00.261405,4762.0,05.0991,1.16822,05.9462
2026-05-27T09:43:01.282066,4763.0,05.1005,1.11208,05.6716
2026-05-27T09:43:02.260436,4764.0,05.1022,1.22930,06.2694
2026-05-27T09:43:03.283229,4765.0,05.0995,1.06775,05.4348
2026-05-27T09:43:04.258581,4766.0,05.1061,1.03430,05.2749
2026-05-27T09:43:05.279959,4767.0,05.1150,1.21812,06.2245
2026-05-27T09:43:06.255518,4768.0,05.1076,1.12916,05.7587
2026-05-27T09:43:07.278642,4769.0,05.0976,1.10471,05.6229
2026-05-27T09:43:08.254564,4770.0,05.1045,1.09770,05.5982
2026-05-27T09:43:09.276771,4771.0,05.0950,1.24661,06.3452
2026-05-27T09:43:10.253287,4772.0,05.1070,0.78220,03.9892
2026-05-27T09:43:11.270301,4773.0,05.1077,0.67398,03.4372
2026-05-27T09:43:12.245803,4774.0,05.1037,1.22561,06.2506
2026-05-27T09:43:13.267588,4775.0,05.1066,1.09369,05.5778
2026-05-27T09:43:14.242557,4776.0,05.1116,1.13490,05.7993
2026-05-27T09:43:15.263829,4777.0,05.1025,1.13662,05.7967
2026-05-27T09:43:16.286626,4778.0,05.1025,1.24706,06.3600
2026-05-27T09:43:17.261926,4779.0,05.1008,1.06333,05.4229
2026-05-27T09:43:18.285392,4780.0,05.1042,1.05793,05.3954
2026-05-27T09:43:19.258448,4781.0,05.1014,1.19888,06.1142
2026-05-27T09:43:20.276159,4782.0,05.1084,1.08787,05.5481
2026-05-27T09:43:21.252780,4783.0,05.1041,1.16740,05.9537
2026-05-27T09:43:22.273250,4784.0,05.1092,1.26872,06.4704
2026-05-27T09:43:23.247713,4785.0,05.1078,0.78591,04.0081
2026-05-27T09:43:24.268687,4786.0,05.1071,0.77124,03.9333
2026-05-27T09:43:25.288515,4787.0,05.1120,1.11987,05.7225
2026-05-27T09:43:26.264213,4788.0,05.1045,1.05772,05.3943
2026-05-27T09:43:27.285309,4789.0,05.1070,1.06197,05.4160
2026-05-27T09:43:28.259204,4790.0,05.1080,1.03820,05.2948
2026-05-27T09:43:29.280614,4791.0,05.1072,1.22360,06.2403
2026-05-27T09:43:30.251728,4792.0,05.1120,1.20485,06.1567
2026-05-27T09:43:31.271798,4793.0,05.1048,1.03337,05.2701
2026-05-27T09:43:32.247905,4794.0,05.1147,1.09995,05.6207
2026-05-27T09:43:33.271273,4795.0,05.1053,1.09303,05.5744
2026-05-27T09:43:34.291601,4796.0,05.1041,1.10458,05.6333
2026-05-27T09:43:35.265057,4797.0,05.1147,1.21219,06.1942
2026-05-27T09:43:36.282016,4798.0,05.1072,0.78511,04.0040
2026-05-27T09:43:37.255837,4799.0,05.1083,0.64059,03.2670
2026-05-27T09:43:38.276846,4800.0,05.0992,1.18245,06.0186
2026-05-27T09:43:39.252264,4801.0,05.1069,1.03616,05.2844
2026-05-27T09:43:40.273061,4802.0,05.1062,1.20454,06.1431
2026-05-27T09:43:41.248163,4803.0,05.1097,1.08475,05.5322
2026-05-27T09:43:42.269292,4804.0,05.1076,1.25128,06.3815
2026-05-27T09:43:43.289802,4805.0,05.1058,1.15426,05.8867
2026-05-27T09:43:44.265607,4806.0,05.0987,1.09527,05.5749
2026-05-27T09:43:45.286019,4807.0,05.1075,1.00670,05.1341
2026-05-27T09:43:46.263681,4808.0,05.1060,1.14441,05.8364
2026-05-27T09:43:47.286163,4809.0,05.1059,1.06639,05.4385
2026-05-27T09:43:48.260606,4810.0,05.1078,1.22230,06.2337
2026-05-27T09:43:49.283007,4811.0,05.1080,0.78237,03.9900
2026-05-27T09:43:50.256172,4812.0,05.1069,0.77963,03.9761
2026-05-27T09:43:51.275235,4813.0,05.1123,1.17361,05.9971
2026-05-27T09:43:52.252052,4814.0,05.1036,1.12873,05.7565
2026-05-27T09:43:53.273486,4815.0,05.1034,1.10235,05.6219
2026-05-27T09:43:54.295371,4816.0,05.1089,1.22520,06.2485
2026-05-27T09:43:55.272039,4817.0,05.1073,1.15660,05.8986
2026-05-27T09:43:56.292594,4818.0,05.0992,1.15582,05.8831
2026-05-27T09:43:57.270105,4819.0,05.1006,1.11708,05.6971
2026-05-27T09:43:58.293816,4820.0,05.1006,1.08281,05.5223
2026-05-27T09:43:59.270304,4821.0,05.1033,1.14865,05.8581
2026-05-27T09:44:00.291745,4822.0,05.1114,1.10057,05.6239
2026-05-27T09:44:01.268908,4823.0,05.1130,1.11383,05.6916
2026-05-27T09:44:02.288768,4824.0,05.1156,0.77947,03.9830
2026-05-27T09:44:03.261705,4825.0,05.1065,0.73771,03.7623
2026-05-27T09:44:04.282233,4826.0,05.1041,1.06868,05.4502
2026-05-27T09:44:05.258737,4827.0,05.1161,1.12716,05.7597
2026-05-27T09:44:06.278552,4828.0,05.1103,1.04903,05.3605
2026-05-27T09:44:07.254725,4829.0,05.0995,1.05982,05.3944
2026-05-27T09:44:08.278556,4830.0,05.1039,1.14266,05.8275
2026-05-27T09:44:09.256060,4831.0,05.1087,1.09141,05.5661
2026-05-27T09:44:10.278590,4832.0,05.1126,1.29037,06.5937
2026-05-27T09:44:11.299847,4833.0,05.1072,1.15960,05.9139
2026-05-27T09:44:12.277045,4834.0,05.1023,1.15637,05.8974
2026-05-27T09:44:13.299431,4835.0,05.1005,1.17345,05.9845
2026-05-27T09:44:14.277115,4836.0,05.1073,1.14483,05.8386
2026-05-27T09:44:15.298479,4837.0,05.1073,0.78252,03.9908
2026-05-27T09:44:16.272697,4838.0,05.1072,0.78055,03.9808
2026-05-27T09:44:17.295735,4839.0,05.1078,1.10044,05.6122
2026-05-27T09:44:18.272587,4840.0,05.1120,1.13754,05.8128
2026-05-27T09:44:19.296587,4841.0,05.1097,1.15005,05.8652
2026-05-27T09:44:20.275621,4842.0,05.1079,1.21920,06.2179
2026-05-27T09:44:21.298522,4843.0,05.1133,1.06738,05.4543
2026-05-27T09:44:22.276765,4844.0,05.1045,1.07445,05.4796
2026-05-27T09:44:23.296333,4845.0,05.1066,1.17886,06.0121
2026-05-27T09:44:24.275743,4846.0,05.1036,1.19382,06.0884
2026-05-27T09:44:25.299971,4847.0,05.1162,1.17614,06.0100
2026-05-27T09:44:26.277965,4848.0,05.1019,1.05193,05.3648
2026-05-27T09:44:27.300617,4849.0,05.1069,1.46725,07.4829
2026-05-27T09:44:28.276191,4850.0,05.1128,0.78418,04.0071
2026-05-27T09:44:29.295999,4851.0,05.1078,0.76687,03.9110
2026-05-27T09:44:30.268706,4852.0,05.0973,1.09891,05.5934
2026-05-27T09:44:31.291491,4853.0,05.1050,1.06270,05.4197
2026-05-27T09:44:32.269402,4854.0,05.1011,1.20721,06.1567
2026-05-27T09:44:33.290118,4855.0,05.1036,1.11192,05.6707
2026-05-27T09:44:34.264983,4856.0,05.1023,1.09381,05.5784
2026-05-27T09:44:35.288398,4857.0,05.1119,1.07495,05.4929
2026-05-27T09:44:36.264007,4858.0,05.1078,1.12802,05.7529
2026-05-27T09:44:37.282079,4859.0,05.1011,1.21628,06.2030
2026-05-27T09:44:38.300594,4860.0,05.1101,1.11304,05.6876
2026-05-27T09:44:39.274503,4861.0,05.1122,1.10135,05.6278
2026-05-27T09:44:40.294088,4862.0,05.1012,1.44332,07.3609
2026-05-27T09:44:41.270783,4863.0,05.1083,0.84445,04.3066
2026-05-27T09:44:42.291941,4864.0,05.1071,0.77921,03.9739
2026-05-27T09:44:43.266731,4865.0,05.1048,1.19260,06.0822
2026-05-27T09:44:44.286315,4866.0,05.1072,1.08865,05.5521
2026-05-27T09:44:45.305999,4867.0,05.1039,1.07299,05.4722
2026-05-27T09:44:46.281270,4868.0,05.1066,1.05768,05.3941
2026-05-27T09:44:47.301801,4869.0,05.1067,1.19008,06.0694
2026-05-27T09:44:48.278419,4870.0,05.0991,1.17389,05.9751
2026-05-27T09:44:49.298768,4871.0,05.1055,1.12167,05.7205
2026-05-27T09:44:50.273508,4872.0,05.1062,1.03865,05.2971
2026-05-27T09:44:51.295416,4873.0,05.1167,1.06001,05.4166
2026-05-27T09:44:52.271943,4874.0,05.1095,1.11672,05.6952
2026-05-27T09:44:53.292160,4875.0,05.0967,1.48178,07.5422
2026-05-27T09:44:54.267811,4876.0,05.1075,0.80187,04.0895
2026-05-27T09:44:55.287332,4877.0,05.1091,0.74212,03.7848
2026-05-27T09:44:56.308987,4878.0,05.0959,1.09300,05.5633
2026-05-27T09:44:57.285576,4879.0,05.1111,1.14934,05.8731
2026-05-27T09:44:58.306398,4880.0,05.1061,1.13675,05.7974
2026-05-27T09:44:59.282870,4881.0,05.1063,1.01017,05.1518
2026-05-27T09:45:00.303082,4882.0,05.1059,1.04692,05.3392
2026-05-27T09:45:01.279523,4883.0,05.1051,1.21296,06.1860
2026-05-27T09:45:02.304113,4884.0,05.1130,1.16812,05.9690
2026-05-27T09:45:03.280066,4885.0,05.1097,1.14928,05.8613
2026-05-27T09:45:04.301730,4886.0,05.1028,1.17056,05.9698
2026-05-27T09:45:05.276735,4887.0,05.1070,1.09030,05.5605
2026-05-27T09:45:06.299255,4888.0,05.1120,1.28852,06.5843
2026-05-27T09:45:07.273745,4889.0,05.1066,0.84681,04.3187
2026-05-27T09:45:08.294946,4890.0,05.1076,0.77434,03.9491
2026-05-27T09:45:09.271728,4891.0,05.1087,1.13862,05.8069
2026-05-27T09:45:10.295195,4892.0,05.1072,1.10968,05.6593
2026-05-27T09:45:11.272973,4893.0,05.0976,1.16350,05.9222
2026-05-27T09:45:12.296486,4894.0,05.1117,1.12541,05.7508
2026-05-27T09:45:13.272353,4895.0,05.1045,1.05042,05.3571
2026-05-27T09:45:14.295841,4896.0,05.0991,1.17596,05.9856
2026-05-27T09:45:15.271570,4897.0,05.1109,1.05428,05.3873
2026-05-27T09:45:16.292749,4898.0,05.1047,0.99721,05.0857
2026-05-27T09:45:17.268572,4899.0,05.1151,1.12977,05.7731
2026-05-27T09:45:18.291189,4900.0,05.1123,1.14921,05.8724
2026-05-27T09:45:19.270505,4901.0,05.1142,1.36538,06.9770
2026-05-27T09:45:20.290476,4902.0,05.1075,0.78907,04.0242
2026-05-27T09:45:21.309312,4903.0,05.1075,0.77422,03.9485
2026-05-27T09:45:22.282424,4904.0,05.1080,1.20311,06.1358
2026-05-27T09:45:23.309308,4905.0,05.1041,1.15754,05.9034
2026-05-27T09:45:24.288698,4906.0,05.1120,1.10471,05.6450
2026-05-27T09:45:25.267917,4907.0,05.1141,1.13149,05.7819
2026-05-27T09:45:26.290599,4908.0,05.1091,1.11821,05.7028
2026-05-27T09:45:27.269838,4909.0,05.1086,1.06642,05.4387
2026-05-27T09:45:28.293062,4910.0,05.1063,1.12456,05.7352
2026-05-27T09:45:29.272573,4911.0,05.1039,1.06453,05.4291
2026-05-27T09:45:30.298288,4912.0,05.1053,1.07033,05.4586
2026-05-27T09:45:31.276426,4913.0,05.1017,1.08323,05.5244
2026-05-27T09:45:32.300970,4914.0,05.1047,1.55239,07.9171
2026-05-27T09:45:33.276914,4915.0,05.1084,0.99890,05.0943
2026-05-27T09:45:34.297905,4916.0,05.1084,0.77975,03.9767
2026-05-27T09:45:35.274241,4917.0,05.1031,1.06547,05.4338
2026-05-27T09:45:36.298320,4918.0,05.1067,1.10247,05.6225
2026-05-27T09:45:37.273131,4919.0,05.1125,1.19038,06.0828
2026-05-27T09:45:38.294774,4920.0,05.1030,1.10904,05.6561
2026-05-27T09:45:39.271931,4921.0,05.1051,1.16921,05.9629
2026-05-27T09:45:40.294043,4922.0,05.1128,1.08730,05.5561
2026-05-27T09:45:41.270927,4923.0,05.1064,1.12183,05.7213
2026-05-27T09:45:42.294203,4924.0,05.1158,1.00503,05.1357
2026-05-27T09:45:43.314316,4925.0,05.1031,1.02909,05.2483
2026-05-27T09:45:44.291758,4926.0,05.0947,1.14504,05.8282
2026-05-27T09:45:45.314303,4927.0,05.1031,1.25750,06.4132
2026-05-27T09:45:46.287025,4928.0,05.1017,0.83481,04.2575
2026-05-27T09:45:47.302792,4929.0,05.1057,0.77911,03.9734
2026-05-27T09:45:48.275883,4930.0,05.0986,1.13609,05.7826
2026-05-27T09:45:49.296446,4931.0,05.0937,1.02945,05.2399
2026-05-27T09:45:50.271123,4932.0,05.0900,1.06191,05.4051
2026-05-27T09:45:51.292207,4933.0,05.1164,1.15706,05.9125
2026-05-27T09:45:52.314877,4934.0,05.1155,1.30431,06.6650
2026-05-27T09:45:53.290445,4935.0,05.1068,1.41561,07.2196
2026-05-27T09:45:54.308986,4936.0,05.1078,1.21988,06.2213
2026-05-27T09:45:55.283960,4937.0,05.1000,1.05262,05.3683
2026-05-27T09:45:56.304270,4938.0,05.0989,1.08163,05.5054
2026-05-27T09:45:57.279501,4939.0,05.1078,1.07278,05.4711
2026-05-27T09:45:58.298666,4940.0,05.1101,1.24164,06.3447
2026-05-27T09:45:59.274140,4941.0,05.1073,0.78150,03.9856
2026-05-27T09:46:00.290690,4942.0,05.1077,0.79191,04.0387
2026-05-27T09:46:01.310631,4943.0,05.1079,1.19180,06.0781
2026-05-27T09:46:02.284594,4944.0,05.0981,1.14327,05.8192
2026-05-27T09:46:03.306144,4945.0,05.1000,1.12818,05.7537
2026-05-27T09:46:04.281510,4946.0,05.1006,1.10944,05.6581
2026-05-27T09:46:05.303425,4947.0,05.0897,1.04969,05.3324
2026-05-27T09:46:06.280165,4948.0,05.1075,0.99872,05.0934
2026-05-27T09:46:07.298194,4949.0,05.0992,1.25917,06.4091
2026-05-27T09:46:08.273527,4950.0,05.1068,1.09491,05.5840
2026-05-27T09:46:09.291008,4951.0,05.1067,1.25321,06.3913
2026-05-27T09:46:10.308932,4952.0,05.0972,1.21752,06.1971
2026-05-27T09:46:11.282284,4953.0,05.1155,1.23121,06.2914
2026-05-27T09:46:12.301408,4954.0,05.1098,0.88208,04.4986
2026-05-27T09:46:13.276437,4955.0,05.1071,0.74595,03.8043
2026-05-27T09:46:14.297167,4956.0,05.1078,1.21727,06.2080
2026-05-27T09:46:15.274468,4957.0,05.1085,1.18486,06.0427
2026-05-27T09:46:16.296690,4958.0,05.1008,1.08781,05.5478
2026-05-27T09:46:17.275614,4959.0,05.0901,1.06721,05.4320
2026-05-27T09:46:18.295066,4960.0,05.1075,1.16962,05.9650
2026-05-27T09:46:19.316306,4961.0,05.1158,1.08078,05.5227
2026-05-27T09:46:20.293710,4962.0,05.1058,1.13170,05.7716
2026-05-27T09:46:21.315515,4963.0,05.1105,1.18246,06.0423
2026-05-27T09:46:22.292597,4964.0,05.1025,1.21675,06.2054
2026-05-27T09:46:23.313389,4965.0,05.1006,1.23824,06.3150
2026-05-27T09:46:24.289573,4966.0,05.1169,1.43576,07.3367
2026-05-27T09:46:25.313230,4967.0,05.1059,0.78331,03.9948
2026-05-27T09:46:26.285315,4968.0,05.1057,0.78129,03.9845
2026-05-27T09:46:27.307533,4969.0,05.1061,1.20870,06.1643
2026-05-27T09:46:28.285371,4970.0,05.1141,1.19744,06.1189
2026-05-27T09:46:29.307895,4971.0,05.1126,1.04715,05.3509
2026-05-27T09:46:30.284630,4972.0,05.0992,1.12151,05.7084
2026-05-27T09:46:31.305982,4973.0,05.1136,1.06339,05.4339
2026-05-27T09:46:32.283845,4974.0,05.1066,1.13240,05.7752
2026-05-27T09:46:33.304792,4975.0,05.1100,1.13818,05.8160
2026-05-27T09:46:34.282603,4976.0,05.1064,1.17163,05.9753
2026-05-27T09:46:35.305113,4977.0,05.0942,1.10801,05.6397
2026-05-27T09:46:36.280746,4978.0,05.1081,1.32630,06.7641
2026-05-27T09:46:37.300157,4979.0,05.0955,1.34512,06.8466
2026-05-27T09:46:38.318787,4980.0,05.1125,0.78001,03.9858
2026-05-27T09:46:39.289880,4981.0,05.1072,0.73692,03.7582
2026-05-27T09:46:40.306646,4982.0,05.1087,1.07691,05.4922
2026-05-27T09:46:41.279566,4983.0,05.0997,1.26332,06.4302
2026-05-27T09:46:42.299728,4984.0,05.1033,1.05484,05.3796
2026-05-27T09:46:43.322868,4985.0,05.1101,1.22546,06.2621
2026-05-27T09:46:44.295555,4986.0,05.1020,1.20125,06.1263
2026-05-27T09:46:45.315937,4987.0,05.1119,1.12678,05.7578
2026-05-27T09:46:46.285957,4988.0,05.1131,1.15851,05.9199
2026-05-27T09:46:47.309429,4989.0,05.1122,1.20527,06.1589
2026-05-27T09:46:48.283320,4990.0,05.1078,1.25224,06.3864
2026-05-27T09:46:49.304503,4991.0,05.1034,1.13866,05.8071
2026-05-27T09:46:50.324568,4992.0,05.0997,1.15423,05.8750
2026-05-27T09:46:51.298491,4993.0,05.1014,0.81073,04.1347
2026-05-27T09:46:52.315682,4994.0,05.1080,0.77806,03.9681
2026-05-27T09:46:53.288634,4995.0,05.1139,1.05456,05.3888
2026-05-27T09:46:54.307402,4996.0,05.1108,1.03948,05.3117
2026-05-27T09:46:55.327194,4997.0,05.1130,1.05920,05.4125
2026-05-27T09:46:56.302697,4998.0,05.0995,1.02788,05.2319
2026-05-27T09:46:57.323707,4999.0,05.1039,1.23137,06.2799
2026-05-27T09:46:58.297821,5000.0,05.0998,1.11441,05.6723
2026-05-27T09:46:59.318703,5001.0,05.1142,1.21683,06.2180
2026-05-27T09:47:00.290695,5002.0,05.1120,1.03763,05.3022
2026-05-27T09:47:01.313188,5003.0,05.1070,1.06505,05.4317
2026-05-27T09:47:02.288435,5004.0,05.1066,1.36334,06.9530
2026-05-27T09:47:03.308191,5005.0,05.1017,1.42748,07.2801
2026-05-27T09:47:04.325287,5006.0,05.1106,1.13476,05.7986
2026-05-27T09:47:05.293820,5007.0,05.1088,0.77767,03.9661
2026-05-27T09:47:06.310666,5008.0,05.1103,1.12294,05.7382
2026-05-27T09:47:07.288042,5009.0,05.0925,1.14334,05.8196
2026-05-27T09:47:08.309284,5010.0,05.0991,1.14837,05.8452
2026-05-27T09:47:09.285507,5011.0,05.1100,1.15408,05.8973
2026-05-27T09:47:10.304116,5012.0,05.1100,1.27751,06.5280
2026-05-27T09:47:11.323519,5013.0,05.1086,1.05689,05.3901
2026-05-27T09:47:12.296869,5014.0,05.1147,1.17374,05.9978
2026-05-27T09:47:13.316929,5015.0,05.1039,1.16400,05.9364
2026-05-27T09:47:14.292837,5016.0,05.1034,1.09606,05.5899
2026-05-27T09:47:15.313284,5017.0,05.1014,1.15473,05.8891
2026-05-27T09:47:16.288534,5018.0,05.1003,1.29514,06.6052
2026-05-27T09:47:17.307643,5019.0,05.1005,0.88508,04.5139
2026-05-27T09:47:18.326394,5020.0,05.1090,0.77933,03.9745
2026-05-27T09:47:19.298732,5021.0,05.0891,1.04621,05.3147
2026-05-27T09:47:20.323592,5022.0,05.1008,1.07311,05.4728
2026-05-27T09:47:21.300843,5023.0,05.1082,1.03473,05.2771
2026-05-27T09:47:22.323827,5024.0,05.1048,1.06646,05.4389
2026-05-27T09:47:23.304037,5025.0,05.1083,1.28484,06.5526
2026-05-27T09:47:24.327415,5026.0,05.1109,1.07003,05.4678
2026-05-27T09:47:25.302596,5027.0,05.0976,1.26958,06.4621
2026-05-27T09:47:26.323606,5028.0,05.1034,1.12149,05.7195
2026-05-27T09:47:27.299559,5029.0,05.1073,1.16779,05.9557
2026-05-27T09:47:28.321783,5030.0,05.1050,1.19537,06.0963
2026-05-27T09:47:29.300185,5031.0,05.1192,1.45280,07.4238
2026-05-27T09:47:30.323293,5032.0,05.1016,0.92242,04.7043
2026-05-27T09:47:31.298456,5033.0,05.1073,0.80039,04.0819
2026-05-27T09:47:32.317896,5034.0,05.1075,1.18657,06.0515
2026-05-27T09:47:33.292623,5035.0,05.0969,1.15430,05.8753
2026-05-27T09:47:34.314238,5036.0,05.1030,1.04451,05.3270
2026-05-27T09:47:35.289768,5037.0,05.0926,1.22421,06.2312
2026-05-27T09:47:36.312075,5038.0,05.1075,1.17245,05.9794
2026-05-27T09:47:37.288499,5039.0,05.1074,1.09181,05.5682
2026-05-27T09:47:38.310943,5040.0,05.1098,1.40430,07.1619
2026-05-27T09:47:39.289022,5041.0,05.0951,1.21143,06.1661
2026-05-27T09:47:40.311240,5042.0,05.1070,1.35576,06.9143
2026-05-27T09:47:41.288821,5043.0,05.1170,1.15810,05.9178
2026-05-27T09:47:42.311061,5044.0,05.1030,1.64998,08.4148
2026-05-27T09:47:43.290099,5045.0,05.1100,1.02734,05.2497
2026-05-27T09:47:44.307408,5046.0,05.1100,0.77539,03.9622
2026-05-27T09:47:45.325703,5047.0,05.1101,1.32249,06.7579
2026-05-27T09:47:46.303039,5048.0,05.1050,1.20991,06.1705
2026-05-27T09:47:47.325751,5049.0,05.1047,1.10639,05.6425
2026-05-27T09:47:48.305127,5050.0,05.1070,1.06285,05.4205
2026-05-27T09:47:49.326572,5051.0,05.1067,1.07003,05.4571
2026-05-27T09:47:50.300857,5052.0,05.1136,1.24375,06.3555
2026-05-27T09:47:51.322335,5053.0,05.0975,1.27871,06.5086
2026-05-27T09:47:52.300463,5054.0,05.1139,1.17322,05.9951
2026-05-27T09:47:53.324074,5055.0,05.1097,1.13476,05.7872
2026-05-27T09:47:54.301223,5056.0,05.0920,1.03132,05.2494
2026-05-27T09:47:55.323705,5057.0,05.1287,1.15728,05.9252
2026-05-27T09:47:56.300077,5058.0,05.1112,1.04985,05.3647
2026-05-27T09:47:57.319598,5059.0,05.1066,0.77802,03.9679
2026-05-27T09:47:58.292850,5060.0,05.1103,1.18039,06.0317
2026-05-27T09:47:59.315496,5061.0,05.0978,1.29260,06.5793
2026-05-27T09:48:00.292077,5062.0,05.1053,1.35163,06.8933
2026-05-27T09:48:01.319414,5063.0,05.0908,1.12532,05.7278
2026-05-27T09:48:02.299147,5064.0,05.1041,1.26590,06.4560
2026-05-27T09:48:03.321249,5065.0,05.1134,0.99652,05.0922
2026-05-27T09:48:04.298953,5066.0,05.1079,1.32930,06.7794
2026-05-27T09:48:05.320389,5067.0,05.1042,1.37991,07.0375
2026-05-27T09:48:06.298265,5068.0,05.1006,1.18676,06.0524
2026-05-27T09:48:07.319697,5069.0,05.1072,1.11241,05.6732
2026-05-27T09:48:08.294908,5070.0,05.0939,1.50963,07.6840
2026-05-27T09:48:09.314495,5071.0,05.1066,0.99169,05.0576
2026-05-27T09:48:10.331929,5072.0,05.1061,0.77923,03.9740
2026-05-27T09:48:11.306142,5073.0,05.1062,1.27532,06.5041
2026-05-27T09:48:12.327050,5074.0,05.1005,1.36327,06.9526
2026-05-27T09:48:13.306447,5075.0,05.1023,1.10455,05.6332
2026-05-27T09:48:14.329795,5076.0,05.1056,1.28276,06.5420
2026-05-27T09:48:15.301834,5077.0,05.1023,1.33565,06.8118
2026-05-27T09:48:16.324743,5078.0,05.1023,1.15739,05.9026
2026-05-27T09:48:17.301876,5079.0,05.1060,1.35651,06.9182
2026-05-27T09:48:18.323584,5080.0,05.1108,1.23441,06.3078
2026-05-27T09:48:19.300004,5081.0,05.1119,1.14353,05.8434
2026-05-27T09:48:20.322706,5082.0,05.1097,1.20440,06.1424
2026-05-27T09:48:21.298621,5083.0,05.1030,1.48594,07.5782
2026-05-27T09:48:22.321070,5084.0,05.1142,1.36665,06.9835
2026-05-27T09:48:23.295156,5085.0,05.1081,0.78065,03.9813
2026-05-27T09:48:24.317013,5086.0,05.1041,1.06817,05.4476
2026-05-27T09:48:25.336734,5087.0,05.1071,1.32025,06.7332
2026-05-27T09:48:26.314035,5088.0,05.1150,1.24183,06.3457
2026-05-27T09:48:27.339319,5089.0,05.1072,1.26263,06.4394
2026-05-27T09:48:28.316380,5090.0,05.1066,1.13721,05.7997
2026-05-27T09:48:29.337044,5091.0,05.1086,1.07386,05.4766
2026-05-27T09:48:30.312415,5092.0,05.1095,1.22358,06.2402
2026-05-27T09:48:31.333903,5093.0,05.1077,1.30550,06.6580
2026-05-27T09:48:32.309413,5094.0,05.1070,1.24157,06.3320
2026-05-27T09:48:33.331432,5095.0,05.1120,1.34070,06.8509
2026-05-27T09:48:34.306871,5096.0,05.1037,1.26010,06.4265
2026-05-27T09:48:35.327798,5097.0,05.1036,1.34781,06.8738
2026-05-27T09:48:36.297368,5098.0,05.1086,0.77835,03.9695
2026-05-27T09:48:37.315371,5099.0,05.1061,1.02988,05.2523
2026-05-27T09:48:38.337712,5100.0,05.1031,1.14892,05.8594
2026-05-27T09:48:39.314589,5101.0,05.1080,1.30838,06.6727
2026-05-27T09:48:40.336845,5102.0,05.1119,1.14703,05.8613
2026-05-27T09:48:41.313055,5103.0,05.1020,1.16510,05.9420
2026-05-27T09:48:42.334700,5104.0,05.1075,1.04667,05.3380
2026-05-27T09:48:43.311985,5105.0,05.0920,1.44740,07.3672
2026-05-27T09:48:44.332840,5106.0,05.1065,1.28963,06.5771
2026-05-27T09:48:45.307393,5107.0,05.1014,1.31263,06.6944
2026-05-27T09:48:46.328445,5108.0,05.1069,1.07490,05.4819
2026-05-27T09:48:47.304659,5109.0,05.1091,1.42540,07.2695
2026-05-27T09:48:48.329445,5110.0,05.1125,0.79380,04.0563
2026-05-27T09:48:49.304301,5111.0,05.1056,0.77748,03.9651
2026-05-27T09:48:50.323430,5112.0,05.1056,0.98002,04.9981
2026-05-27T09:48:51.301489,5113.0,05.0994,1.25685,06.3973
2026-05-27T09:48:52.323426,5114.0,05.1114,1.55498,07.9459
2026-05-27T09:48:53.298177,5115.0,05.1037,1.38497,07.0633
2026-05-27T09:48:54.320167,5116.0,05.1139,1.23313,06.3012
2026-05-27T09:48:55.341689,5117.0,05.1123,1.14456,05.8487
2026-05-27T09:48:56.318881,5118.0,05.1037,1.06258,05.4191
2026-05-27T09:48:57.342817,5119.0,05.1161,1.28034,06.5425
2026-05-27T09:48:58.318396,5120.0,05.1072,1.08969,05.5574
2026-05-27T09:48:59.298127,5121.0,05.1131,1.17258,05.9918
2026-05-27T09:49:00.318902,5122.0,05.1156,1.22232,06.2460
2026-05-27T09:49:01.342298,5123.0,05.1043,1.03607,05.2839
2026-05-27T09:49:02.316759,5124.0,05.1091,0.77730,03.9642
2026-05-27T09:49:03.339395,5125.0,05.1084,1.24545,06.3517
2026-05-27T09:49:04.317904,5126.0,05.1084,1.35720,06.9217
2026-05-27T09:49:05.339842,5127.0,05.1060,1.12786,05.7520
2026-05-27T09:49:06.318620,5128.0,05.1144,1.14306,05.8410
2026-05-27T09:49:07.342747,5129.0,05.1091,1.28464,06.5516
2026-05-27T09:49:08.320900,5130.0,05.0961,1.12194,05.7106
2026-05-27T09:49:09.344560,5131.0,05.1069,1.30665,06.6639
2026-05-27T09:49:10.324453,5132.0,05.0973,1.38632,07.0563
2026-05-27T09:49:11.302180,5133.0,05.1036,1.28993,06.5786
2026-05-27T09:49:12.326052,5134.0,05.1075,1.18310,06.0338
2026-05-27T09:49:13.302806,5135.0,05.1234,1.33815,06.8513
2026-05-27T09:49:14.325521,5136.0,05.1175,1.31610,06.7252
2026-05-27T09:49:15.346149,5137.0,05.1075,0.77818,03.9687
2026-05-27T09:49:16.323491,5138.0,05.1072,1.03656,05.2864
2026-05-27T09:49:17.302598,5139.0,05.1114,1.16278,05.9418
2026-05-27T09:49:18.324797,5140.0,05.1055,1.20152,06.1277
2026-05-27T09:49:19.303283,5141.0,05.1108,1.26963,06.4878
2026-05-27T09:49:20.326526,5142.0,05.1169,1.21681,06.2178
2026-05-27T09:49:21.346953,5143.0,05.1126,0.95031,04.8560
2026-05-27T09:49:22.322556,5144.0,05.0894,1.13149,05.7479
2026-05-27T09:49:23.345637,5145.0,05.1056,1.20531,06.1470
2026-05-27T09:49:24.322983,5146.0,05.0884,1.23317,06.2645
2026-05-27T09:49:25.347320,5147.0,05.1047,1.18724,06.0549
2026-05-27T09:49:26.324999,5148.0,05.0876,1.24146,06.3066
2026-05-27T09:49:27.347878,5149.0,05.1069,0.86109,04.3915
2026-05-27T09:49:28.319243,5150.0,05.1069,0.77912,03.9735
2026-05-27T09:49:29.339123,5151.0,05.1085,1.04950,05.3524
2026-05-27T09:49:30.316933,5152.0,05.1048,1.11715,05.6974
2026-05-27T09:49:31.338773,5153.0,05.0997,1.37089,06.9778
2026-05-27T09:49:32.313990,5154.0,05.1117,1.30962,06.6921
2026-05-27T09:49:33.334804,5155.0,05.1074,1.26690,06.4611
2026-05-27T09:49:34.311543,5156.0,05.1030,1.04432,05.3260
2026-05-27T09:49:35.333163,5157.0,05.1106,1.19433,06.1030
2026-05-27T09:49:36.309035,5158.0,05.1123,1.06651,05.4498
2026-05-27T09:49:37.331226,5159.1,05.1061,1.30478,06.6543
2026-05-27T09:49:38.308727,5160.1,05.0991,1.05342,05.3619
2026-05-27T09:49:39.332746,5161.1,05.1063,1.37923,07.0340
2026-05-27T09:49:40.308459,5162.1,05.0947,1.08579,05.5266
2026-05-27T09:49:41.328665,5163.1,05.1075,0.79892,04.0744
2026-05-27T09:49:42.352691,5164.1,05.1064,0.94380,04.8133
2026-05-27T09:49:43.330329,5165.1,05.0980,1.02135,05.1986
2026-05-27T09:49:44.309891,5166.1,05.1091,1.15927,05.9122
2026-05-27T09:49:45.334342,5167.1,05.1161,1.18266,06.0433
2026-05-27T09:49:46.314044,5168.1,05.1120,1.04212,05.3252
2026-05-27T09:49:47.340224,5169.1,05.1137,0.97048,04.9591
2026-05-27T09:49:48.320454,5170.1,05.1081,1.13537,05.7903
2026-05-27T09:49:49.346408,5171.1,05.0967,1.23892,06.3061
2026-05-27T09:49:50.324304,5172.1,05.1034,1.32957,06.7808
2026-05-27T09:49:51.348280,5173.1,05.1072,1.18943,06.0660
2026-05-27T09:49:52.328230,5174.1,05.1122,1.09335,05.5870
2026-05-27T09:49:53.351478,5175.1,05.1031,1.19010,06.0695
2026-05-27T09:49:54.325694,5176.1,05.1077,0.77956,03.9757
2026-05-27T09:49:55.346418,5177.1,05.1078,1.29188,06.5885
2026-05-27T09:49:56.324446,5178.1,05.1136,1.20811,06.1734
2026-05-27T09:49:57.349046,5179.1,05.1086,1.22387,06.2417
2026-05-27T09:49:58.326229,5180.1,05.1101,1.13655,05.8077
2026-05-27T09:49:59.351463,5181.1,05.1087,1.08951,05.5565
2026-05-27T09:50:00.329162,5182.1,05.1001,0.98345,05.0155
2026-05-27T09:50:01.354683,5183.1,05.1167,1.13941,05.8223
2026-05-27T09:50:02.333008,5184.1,05.1051,1.35745,06.9229
2026-05-27T09:50:03.354723,5185.1,05.1017,1.29316,06.5951
2026-05-27T09:50:04.331261,5186.1,05.1059,1.27989,06.5274
2026-05-27T09:50:05.353184,5187.1,05.1161,1.42879,07.3011
2026-05-27T09:50:06.330560,5188.1,05.1084,1.18765,06.0570
2026-05-27T09:50:07.351311,5189.1,05.1077,0.78148,03.9855
2026-05-27T09:50:08.326233,5190.1,05.0919,1.01715,05.1772
2026-05-27T09:50:09.348277,5191.1,05.1030,1.10230,05.6217
2026-05-27T09:50:10.325938,5192.1,05.1106,1.17601,06.0094
2026-05-27T09:50:11.349077,5193.1,05.1056,1.07999,05.5079
2026-05-27T09:50:12.326041,5194.1,05.0934,1.02823,05.2336
2026-05-27T09:50:13.347734,5195.1,05.1128,1.00018,05.1109
2026-05-27T09:50:14.328157,5196.1,05.1051,1.07061,05.4601
2026-05-27T09:50:15.352283,5197.1,05.1081,1.09760,05.5977
2026-05-27T09:50:16.330254,5198.1,05.1048,1.41677,07.2255
2026-05-27T09:50:17.353872,5199.1,05.1166,1.35564,06.9273
2026-05-27T09:50:18.331685,5200.1,05.1009,1.19692,06.1042
2026-05-27T09:50:19.354311,5201.1,05.1108,1.20721,06.1688
2026-05-27T09:50:20.330699,5202.1,05.1093,0.77723,03.9638
2026-05-27T09:50:21.354119,5203.1,05.1003,1.11069,05.6645
2026-05-27T09:50:22.330190,5204.1,05.1088,1.15823,05.9069
2026-05-27T09:50:23.352458,5205.1,05.1033,1.32607,06.7629
2026-05-27T09:50:24.331519,5206.1,05.1088,1.23290,06.2877
2026-05-27T09:50:25.356234,5207.1,05.1050,0.99467,05.0728
2026-05-27T09:50:26.334546,5208.1,05.1131,1.17735,06.0162
2026-05-27T09:50:27.360761,5209.1,05.1044,1.08345,05.5255
2026-05-27T09:50:28.339751,5210.1,05.0984,1.44729,07.3667
2026-05-27T09:50:29.319093,5211.1,05.1045,1.23777,06.3126
2026-05-27T09:50:30.342837,5212.1,05.0939,1.45771,07.4197
2026-05-27T09:50:31.319785,5213.1,05.1075,1.38371,07.0569
2026-05-27T09:50:32.341591,5214.1,05.1059,1.26073,06.4297
2026-05-27T09:50:33.362836,5215.1,05.1074,0.77891,03.9724
2026-05-27T09:50:34.336901,5216.1,05.1073,0.97848,04.9902
2026-05-27T09:50:35.362476,5217.1,05.1097,1.11607,05.6919
2026-05-27T09:50:36.337912,5218.1,05.1075,1.14968,05.8633
2026-05-27T09:50:37.361515,5219.1,05.0994,1.11164,05.6582
2026-05-27T09:50:38.339763,5220.1,05.1044,1.14802,05.8549
2026-05-27T09:50:39.361297,5221.1,05.1020,1.01578,05.1804
2026-05-27T09:50:40.338491,5222.1,05.1150,1.10561,05.6496
2026-05-27T09:50:41.361675,5223.1,05.1098,1.13134,05.7698
2026-05-27T09:50:42.337457,5224.1,05.1080,1.24796,06.3645
2026-05-27T09:50:43.361697,5225.1,05.1081,1.13563,05.7917
2026-05-27T09:50:44.335498,5226.1,05.1067,1.17569,05.9960
2026-05-27T09:50:45.355764,5227.1,05.1119,1.28852,06.5843
2026-05-27T09:50:46.329174,5228.1,05.1078,0.77906,03.9732
2026-05-27T09:50:47.348248,5229.1,05.0973,1.03255,05.2556
2026-05-27T09:50:48.328882,5230.1,05.1073,1.53025,07.8042
2026-05-27T09:50:49.352803,5231.1,05.0944,1.10072,05.6026
2026-05-27T09:50:50.332835,5232.1,05.1075,1.11157,05.6690
2026-05-27T09:50:51.357693,5233.1,05.1125,1.10083,05.6252
2026-05-27T09:50:52.335374,5234.1,05.1062,1.06237,05.4180
2026-05-27T09:50:53.360202,5235.1,05.1050,1.09530,05.5860
2026-05-27T09:50:54.338960,5236.1,05.1084,1.13355,05.7811
2026-05-27T09:50:55.364765,5237.1,05.1072,1.23061,06.2761
2026-05-27T09:50:56.343423,5238.1,05.1112,1.18282,06.0442
2026-05-27T09:50:57.367695,5239.1,05.1017,1.18755,06.0565
2026-05-27T09:50:58.343269,5240.1,05.0989,1.12688,05.7358
2026-05-27T09:50:59.364524,5241.1,05.1073,0.78012,03.9786
2026-05-27T09:51:00.339938,5242.1,05.1045,0.93235,04.7549
2026-05-27T09:51:01.363289,5243.1,05.1055,1.11502,05.6866
2026-05-27T09:51:02.340982,5244.1,05.1051,1.01917,05.1977
2026-05-27T09:51:03.368447,5245.1,05.0947,1.25337,06.3796
2026-05-27T09:51:04.346455,5246.1,05.1005,1.00421,05.1214
2026-05-27T09:51:05.368753,5247.1,05.1097,0.97008,04.9474
2026-05-27T09:51:06.345795,5248.1,05.1069,1.02634,05.2343
2026-05-27T09:51:07.367948,5249.1,05.1151,1.12897,05.7690
2026-05-27T09:51:08.345130,5250.1,05.1037,1.18455,06.0412
2026-05-27T09:51:09.367185,5251.1,05.1037,1.29210,06.5897
2026-05-27T09:51:10.342939,5252.1,05.1066,1.19765,06.1080
2026-05-27T09:51:11.363777,5253.1,05.1030,1.13664,05.7968
2026-05-27T09:51:12.339964,5254.1,05.1066,0.78142,03.9852
2026-05-27T09:51:13.358436,5255.1,05.1060,1.12374,05.7310
2026-05-27T09:51:14.336099,5256.1,05.0967,1.08043,05.4993
2026-05-27T09:51:15.357246,5257.1,05.1059,1.42088,07.2464
2026-05-27T09:51:16.334472,5258.1,05.1062,1.11757,05.6996
2026-05-27T09:51:17.356281,5259.1,05.1111,1.05770,05.4048
2026-05-27T09:51:18.333289,5260.1,05.1076,0.99955,05.0977
2026-05-27T09:51:19.355767,5261.1,05.0994,1.03428,05.2644
2026-05-27T09:51:20.333564,5262.1,05.1055,1.17305,05.9825
2026-05-27T09:51:21.353921,5263.1,05.1156,1.14711,05.8617
2026-05-27T09:51:22.332426,5264.1,05.1087,1.05442,05.3775
2026-05-27T09:51:23.356671,5265.1,05.0925,1.16164,05.9127
2026-05-27T09:51:24.329960,5266.1,05.1092,1.38611,07.0691
2026-05-27T09:51:25.350481,5267.1,05.1062,0.77970,03.9764
2026-05-27T09:51:26.371189,5268.1,05.1100,0.85651,04.3767
2026-05-27T09:51:27.344756,5269.1,05.1089,1.03125,05.2593
2026-05-27T09:51:28.366471,5270.1,05.0922,1.24814,06.3530
2026-05-27T09:51:29.340211,5271.1,05.1059,1.06635,05.4383
2026-05-27T09:51:30.361317,5272.1,05.1039,1.09792,05.5993
2026-05-27T09:51:31.335177,5273.1,05.1125,0.95839,04.8973
2026-05-27T09:51:32.359271,5274.1,05.1073,1.06417,05.4272
2026-05-27T09:51:33.336439,5275.1,05.1016,1.01514,05.1772
2026-05-27T09:51:34.355863,5276.1,05.1095,1.24331,06.3408
2026-05-27T09:51:35.375321,5277.1,05.1075,1.10733,05.6473
2026-05-27T09:51:36.347682,5278.1,05.1020,1.00113,05.1057
2026-05-27T09:51:37.367530,5279.1,05.1066,1.20941,06.1679
2026-05-27T09:51:38.339757,5280.1,05.1075,0.78113,03.9837
2026-05-27T09:51:39.361625,5281.1,05.1081,0.92102,04.6972
2026-05-27T09:51:40.339596,5282.1,05.1084,1.09301,05.5743
2026-05-27T09:51:41.362190,5283.1,05.1064,1.21221,06.1822
2026-05-27T09:51:42.339492,5284.1,05.1069,1.07139,05.4640
2026-05-27T09:51:43.361173,5285.1,05.1070,1.15649,05.8980
2026-05-27T09:51:44.337705,5286.1,05.1072,0.99309,05.0647
2026-05-27T09:51:45.360431,5287.1,05.1087,1.05989,05.4054
2026-05-27T09:51:46.336100,5288.1,05.1076,1.06550,05.4340
2026-05-27T09:51:47.359709,5289.1,05.1062,1.01527,05.1778
2026-05-27T09:51:48.336687,5290.1,05.1076,1.02666,05.2359
2026-05-27T09:51:49.360900,5291.1,05.1106,1.48644,07.5957
2026-05-27T09:51:50.338525,5292.1,05.1116,1.13541,05.8019
2026-05-27T09:51:51.357272,5293.1,05.1077,0.77956,03.9757
2026-05-27T09:51:52.375342,5294.1,05.1076,0.75950,03.8734
2026-05-27T09:51:53.352101,5295.1,05.1072,0.98491,05.0230
2026-05-27T09:51:54.374632,5296.1,05.1094,1.11929,05.7083
2026-05-27T09:51:55.350691,5297.1,05.1071,1.04957,05.3528
2026-05-27T09:51:56.372491,5298.1,05.1075,1.13303,05.7784
2026-05-27T09:51:57.346323,5299.1,05.1109,1.12064,05.7264
2026-05-27T09:51:58.366019,5300.1,05.1066,0.97014,04.9477
2026-05-27T09:51:59.338785,5301.1,05.1037,1.01284,05.1654
2026-05-27T09:52:00.357677,5302.1,05.1023,1.08949,05.5563
2026-05-27T09:52:01.377918,5303.1,05.1105,1.11941,05.7201
2026-05-27T09:52:02.353462,5304.1,05.1072,1.59729,08.1461
2026-05-27T09:52:03.372588,5305.1,05.1017,1.14344,05.8315
2026-05-27T09:52:04.346400,5306.1,05.1071,0.78273,03.9919
2026-05-27T09:52:05.363774,5307.1,05.1025,0.86321,04.4023
2026-05-27T09:52:06.382903,5308.1,05.1033,1.06270,05.4197
2026-05-27T09:52:07.360827,5309.1,05.1077,1.04727,05.3410
2026-05-27T09:52:08.380938,5310.1,05.1047,1.00691,05.1352
2026-05-27T09:52:09.356262,5311.1,05.1091,1.14450,05.8369
2026-05-27T09:52:10.379710,5312.1,05.1101,1.18768,06.0690
2026-05-27T09:52:11.351272,5313.1,05.1036,0.99829,05.0912
2026-05-27T09:52:12.368311,5314.1,05.1100,1.00397,05.1302
2026-05-27T09:52:13.343761,5315.1,05.1100,1.02404,05.2328
2026-05-27T09:52:14.366773,5316.1,05.1076,1.02867,05.2462
2026-05-27T09:52:15.340916,5317.1,05.1020,1.51421,07.7224
2026-05-27T09:52:16.359184,5318.1,05.1070,1.22914,06.2686
2026-05-27T09:52:17.378839,5319.1,05.1065,0.77831,03.9693
2026-05-27T09:52:18.349478,5320.1,05.1065,0.66807,03.4071
2026-05-27T09:52:19.368612,5321.1,05.1001,1.06779,05.4457
2026-05-27T09:52:20.345530,5322.1,05.1053,1.02869,05.2463
2026-05-27T09:52:21.369106,5323.1,05.1111,1.01772,05.2005
2026-05-27T09:52:22.343598,5324.1,05.1034,1.08653,05.5413
2026-05-27T09:52:23.364824,5325.1,05.1062,1.05030,05.3565
2026-05-27T09:52:24.386233,5326.1,05.1126,1.16893,05.9732
2026-05-27T09:52:25.358579,5327.1,05.1042,1.01364,05.1695
2026-05-27T09:52:26.378480,5328.1,05.1045,1.01576,05.1803
2026-05-27T09:52:27.354610,5329.1,05.1128,1.05765,05.4045
2026-05-27T09:52:28.374734,5330.1,05.1078,1.21421,06.1924
2026-05-27T09:52:29.348789,5331.1,05.1100,1.26970,06.4881
2026-05-27T09:52:30.362390,5332.1,05.1070,0.77604,03.9578
2026-05-27T09:52:31.378811,5333.1,05.1094,1.19712,06.1053
2026-05-27T09:52:32.353864,5334.1,05.1116,1.04609,05.3455
2026-05-27T09:52:33.376111,5335.1,05.1051,1.04425,05.3256
2026-05-27T09:52:34.352599,5336.1,05.1072,1.01690,05.1861
2026-05-27T09:52:35.375052,5337.1,05.1069,0.99592,05.0791
2026-05-27T09:52:36.348472,5338.1,05.1037,0.97728,04.9841
2026-05-27T09:52:37.368780,5339.1,05.1108,1.15739,05.9142
2026-05-27T09:52:38.389557,5340.1,05.1112,1.26078,06.4425
2026-05-27T09:52:39.365061,5341.1,05.1041,1.10894,05.6555
2026-05-27T09:52:40.388009,5342.1,05.1103,1.01835,05.2037
2026-05-27T09:52:41.363780,5343.1,05.1037,1.28173,06.5368
2026-05-27T09:52:42.386565,5344.1,05.1034,1.30231,06.6417
2026-05-27T09:52:43.360325,5345.1,05.1070,0.77772,03.9663
2026-05-27T09:52:44.379716,5346.1,05.1073,0.88457,04.5113
2026-05-27T09:52:45.355424,5347.1,05.1123,1.12078,05.7271
2026-05-27T09:52:46.378745,5348.1,05.1069,1.11216,05.6720
2026-05-27T09:52:47.352242,5349.1,05.1037,1.01283,05.1654
2026-05-27T09:52:48.375581,5350.1,05.1045,1.03540,05.2805
2026-05-27T09:52:49.353314,5351.1,05.1097,1.00012,05.1006
2026-05-27T09:52:50.379054,5352.1,05.1042,1.01580,05.1805
2026-05-27T09:52:51.358451,5353.1,05.1069,1.15646,05.8979
2026-05-27T09:52:52.380263,5354.1,05.1094,1.02815,05.2435
2026-05-27T09:52:53.357527,5355.1,05.1116,1.15945,05.9247
2026-05-27T09:52:54.381046,5356.1,05.0944,1.30219,06.6281
2026-05-27T09:52:55.363090,5357.1,05.1050,1.09553,05.5872
2026-05-27T09:52:56.384629,5358.1,05.1078,0.78069,03.9815
2026-05-27T09:52:57.356245,5359.1,05.1073,0.77875,03.9716
2026-05-27T09:52:58.378040,5360.1,05.1074,1.10451,05.6330
2026-05-27T09:52:59.353005,5361.1,05.1119,1.12553,05.7514
2026-05-27T09:53:00.373711,5362.1,05.1051,1.00943,05.1480
2026-05-27T09:53:01.395817,5363.1,05.1034,1.04704,05.3399
2026-05-27T09:53:02.368591,5364.1,05.1086,1.04625,05.3358
2026-05-27T09:53:03.391186,5365.1,05.1042,1.04274,05.3179
2026-05-27T09:53:04.366522,5366.1,05.1059,1.01795,05.1915
2026-05-27T09:53:05.388217,5367.1,05.1075,1.05808,05.3962
2026-05-27T09:53:06.364198,5368.1,05.1042,1.04044,05.3062
2026-05-27T09:53:07.384420,5369.1,05.1061,1.14011,05.8145
2026-05-27T09:53:08.358910,5370.1,05.1026,1.31569,06.7100
2026-05-27T09:53:09.375122,5371.1,05.1066,0.80911,04.1264
2026-05-27T09:53:10.394106,5372.1,05.1045,0.84403,04.3045
2026-05-27T09:53:11.368301,5373.1,05.1065,1.13363,05.7815
2026-05-27T09:53:12.387288,5374.1,05.1087,1.02126,05.2084
2026-05-27T09:53:13.362637,5375.1,05.1036,1.15553,05.8932
2026-05-27T09:53:14.381287,5376.1,05.1069,1.09403,05.5795
2026-05-27T09:53:15.356783,5377.1,05.1071,1.02990,05.2524
2026-05-27T09:53:16.375783,5378.1,05.1044,1.01490,05.1759
2026-05-27T09:53:17.354172,5379.1,05.1073,1.03271,05.2668
2026-05-27T09:53:18.375088,5380.1,05.1062,1.12126,05.7184
2026-05-27T09:53:19.396695,5381.1,05.1037,1.13826,05.8051
2026-05-27T09:53:20.370530,5382.1,05.1056,1.10515,05.6362
2026-05-27T09:53:21.390942,5383.1,05.0886,1.19153,06.0529
2026-05-27T09:53:22.363218,5384.1,05.1039,0.77894,03.9725
2026-05-27T09:53:23.381814,5385.1,05.1063,0.88940,04.5359
2026-05-27T09:53:24.358737,5386.1,05.1116,1.04189,05.3240
2026-05-27T09:53:25.379616,5387.1,05.1047,1.02232,05.2138
2026-05-27T09:53:26.401152,5388.1,05.1071,1.03827,05.2951
2026-05-27T09:53:27.377403,5389.1,05.1055,1.12335,05.7290
2026-05-27T09:53:28.396591,5390.1,05.1081,1.01887,05.1962
2026-05-27T09:53:29.374336,5391.1,05.1101,1.02424,05.2338
2026-05-27T09:53:30.395021,5392.1,05.1033,1.01365,05.1696
2026-05-27T09:53:31.369092,5393.1,05.1056,1.00911,05.1464
2026-05-27T09:53:32.389047,5394.1,05.1053,1.07800,05.4978
2026-05-27T09:53:33.363844,5395.1,05.1022,1.08820,05.5498
2026-05-27T09:53:34.381769,5396.1,05.1123,1.14443,05.8480
2026-05-27T09:53:35.399048,5397.1,05.1074,0.78249,03.9906
2026-05-27T09:53:36.372206,5398.1,05.1074,0.68193,03.4778
2026-05-27T09:53:37.391551,5399.1,05.1092,1.09002,05.5591
2026-05-27T09:53:38.367838,5400.1,05.1067,1.02784,05.2419
2026-05-27T09:53:39.389833,5401.1,05.1070,1.04649,05.3370
2026-05-27T09:53:40.366144,5402.1,05.1051,1.04565,05.3328
2026-05-27T09:53:41.388286,5403.1,05.1044,1.00260,05.1132
2026-05-27T09:53:42.364072,5404.1,05.1069,1.02949,05.2503
2026-05-27T09:53:43.384216,5405.1,05.1114,1.05544,05.3932
2026-05-27T09:53:44.360405,5406.1,05.1051,1.00459,05.1234
2026-05-27T09:53:45.380986,5407.1,05.1050,1.01196,05.1609
2026-05-27T09:53:46.402671,5408.1,05.1075,1.07180,05.4661
2026-05-27T09:53:47.378593,5409.1,05.1048,1.18915,06.0646
2026-05-27T09:53:48.397390,5410.1,05.1081,0.78247,03.9905
2026-05-27T09:53:49.370562,5411.1,05.1053,0.85365,04.3536
2026-05-27T09:53:50.393191,5412.1,05.1082,1.00120,05.1061
2026-05-27T09:53:51.368886,5413.1,05.1048,1.00869,05.1443
2026-05-27T09:53:52.393767,5414.1,05.1066,1.06692,05.4412
2026-05-27T09:53:53.370487,5415.1,05.1078,1.18046,06.0203
2026-05-27T09:53:54.394471,5416.1,05.1079,1.06739,05.4436
2026-05-27T09:53:55.370023,5417.1,05.1067,0.98049,05.0004
2026-05-27T09:53:56.393399,5418.1,05.1034,1.03016,05.2538
2026-05-27T09:53:57.368097,5419.1,05.1059,1.01497,05.1763
2026-05-27T09:53:58.391124,5420.1,05.1030,0.99439,05.0713
2026-05-27T09:53:59.366494,5421.1,05.1120,1.22991,06.2848
2026-05-27T09:54:00.386551,5422.1,05.1109,1.12220,05.7344
2026-05-27T09:54:01.407563,5423.1,05.1092,0.78181,03.9872
2026-05-27T09:54:02.379397,5424.1,05.1096,0.67521,03.4435
2026-05-27T09:54:03.400610,5425.1,05.1096,1.10630,05.6421
2026-05-27T09:54:04.374580,5426.1,05.1041,1.08407,05.5287
2026-05-27T09:54:05.394106,5427.1,05.1106,1.03000,05.2633
2026-05-27T09:54:06.367289,5428.1,05.1005,1.05520,05.3815
2026-05-27T09:54:07.386596,5429.1,05.1058,1.02659,05.2356
2026-05-27T09:54:08.407253,5430.1,05.1098,1.08610,05.5391
2026-05-27T09:54:09.380732,5431.1,05.1078,0.99572,05.0781
2026-05-27T09:54:10.401880,5432.1,05.1055,1.01415,05.1721
2026-05-27T09:54:11.375997,5433.1,05.1055,1.04618,05.3355
2026-05-27T09:54:12.395092,5434.1,05.1089,1.37520,07.0135
2026-05-27T09:54:13.412007,5435.1,05.1003,1.19194,06.0788
2026-05-27T09:54:14.383046,5436.1,05.1091,0.77821,03.9688
2026-05-27T09:54:15.399992,5437.1,05.1081,0.77799,03.9677
2026-05-27T09:54:16.372662,5438.1,05.1076,1.03857,05.2967
2026-05-27T09:54:17.392845,5439.1,05.1066,1.01105,05.1563
2026-05-27T09:54:18.412673,5440.1,05.1109,1.05587,05.3954
2026-05-27T09:54:19.385106,5441.1,05.1016,1.00618,05.1315
2026-05-27T09:54:20.404550,5442.1,05.1084,1.07108,05.4625
2026-05-27T09:54:21.379492,5443.1,05.1034,1.02784,05.2419
2026-05-27T09:54:22.399494,5444.1,05.1071,1.05402,05.3755
2026-05-27T09:54:23.375716,5445.1,05.1109,1.04855,05.3580
2026-05-27T09:54:24.398949,5446.1,05.1086,1.03613,05.2842
2026-05-27T09:54:25.375054,5447.1,05.1103,1.16351,05.9455
2026-05-27T09:54:26.395276,5448.1,05.1048,1.15244,05.8774
2026-05-27T09:54:27.412790,5449.1,05.1074,0.77936,03.9747
2026-05-27T09:54:28.386292,5450.1,05.1072,0.62735,03.1994
2026-05-27T09:54:29.407524,5451.1,05.1023,1.01460,05.1744
2026-05-27T09:54:30.384192,5452.1,05.1116,1.11705,05.7081
2026-05-27T09:54:31.405914,5453.1,05.1059,1.02920,05.2489
2026-05-27T09:54:32.380759,5454.1,05.1109,1.06632,05.4488
2026-05-27T09:54:33.399943,5455.1,05.1103,0.98600,05.0384
2026-05-27T09:54:34.375146,5456.1,05.1031,1.04952,05.3525
2026-05-27T09:54:35.398304,5457.1,05.1034,1.11583,05.6907
2026-05-27T09:54:36.374575,5458.1,05.1082,1.03368,05.2717
2026-05-27T09:54:37.399077,5459.1,05.1044,1.03660,05.2866
2026-05-27T09:54:38.376512,5460.1,05.1103,1.20986,06.1823
2026-05-27T09:54:39.396796,5461.1,05.1083,1.18122,06.0242
2026-05-27T09:54:40.372882,5462.1,05.1081,0.78074,03.9817
2026-05-27T09:54:41.391720,5463.1,05.1079,0.79534,04.0562
2026-05-27T09:54:42.414883,5464.1,05.1025,1.01490,05.1759
2026-05-27T09:54:43.392333,5465.1,05.1114,1.18204,06.0402
2026-05-27T09:54:44.416419,5466.1,05.1068,1.02897,05.2477
2026-05-27T09:54:45.395043,5467.1,05.1068,1.02099,05.2070
2026-05-27T09:54:46.417843,5468.1,05.1031,1.02168,05.2105
2026-05-27T09:54:47.394561,5469.1,05.1056,1.04278,05.3181
2026-05-27T09:54:48.417122,5470.1,05.1066,1.19262,06.0823
2026-05-27T09:54:49.392709,5471.1,05.1148,1.30078,06.6469
2026-05-27T09:54:50.416522,5472.1,05.1051,1.05572,05.3841
2026-05-27T09:54:51.394923,5473.1,05.1048,1.18519,06.0444
2026-05-27T09:54:52.417860,5474.1,05.1001,1.19871,06.1134
2026-05-27T09:54:53.393437,5475.1,05.1072,0.78576,04.0073
2026-05-27T09:54:54.414301,5476.1,05.1075,0.69172,03.5277
2026-05-27T09:54:55.390464,5477.1,05.1065,1.05250,05.3677
2026-05-27T09:54:56.412299,5478.1,05.1111,1.15011,05.8770
2026-05-27T09:54:57.391651,5479.1,05.1073,1.14244,05.8264
2026-05-27T09:54:58.414959,5480.1,05.1119,1.05014,05.3662
2026-05-27T09:54:59.392782,5481.1,05.1041,1.01712,05.1873
2026-05-27T09:55:00.414608,5482.1,05.1100,1.04177,05.3234
2026-05-27T09:55:01.391207,5483.1,05.1072,1.03212,05.2638
2026-05-27T09:55:02.415225,5484.1,05.1095,1.15745,05.9029
2026-05-27T09:55:03.392538,5485.1,05.1030,1.04893,05.3495
2026-05-27T09:55:04.415299,5486.1,05.1030,1.05760,05.3937
2026-05-27T09:55:05.391010,5487.1,05.1119,1.11559,05.7006
2026-05-27T09:55:06.411018,5488.1,05.1071,0.78192,03.9877
2026-05-27T09:55:07.384576,5489.1,05.1072,0.77985,03.9772
2026-05-27T09:55:08.405208,5490.1,05.1037,1.05423,05.3765
2026-05-27T09:55:09.381472,5491.1,05.1092,1.13816,05.8046
2026-05-27T09:55:10.403715,5492.1,05.1087,1.22498,06.2473
2026-05-27T09:55:11.423809,5493.1,05.1056,1.17796,06.0075
2026-05-27T09:55:12.400248,5494.1,05.1041,1.08118,05.5140
2026-05-27T09:55:13.423621,5495.1,05.1076,1.05156,05.3629
2026-05-27T09:55:14.399388,5496.1,05.1081,1.03976,05.3027
2026-05-27T09:55:15.420696,5497.1,05.1103,1.10948,05.6694
2026-05-27T09:55:16.396540,5498.1,05.1125,1.05678,05.4001
2026-05-27T09:55:17.419213,5499.1,05.1089,1.06403,05.4265
2026-05-27T09:55:18.393504,5500.1,05.1056,1.41257,07.2041
2026-05-27T09:55:19.414801,5501.1,05.1070,0.78389,03.9978
2026-05-27T09:55:20.389798,5502.1,05.1081,0.69102,03.5242
2026-05-27T09:55:21.411827,5503.1,05.1045,1.04426,05.3257
2026-05-27T09:55:22.387163,5504.1,05.1122,1.16964,05.9768
2026-05-27T09:55:23.409331,5505.1,05.1083,1.01837,05.1936
2026-05-27T09:55:24.385005,5506.1,05.1097,1.01892,05.1964
2026-05-27T09:55:25.406502,5507.1,05.1059,1.11680,05.6956
2026-05-27T09:55:26.383056,5508.1,05.1136,1.09241,05.5822
2026-05-27T09:55:27.403864,5509.1,05.1089,1.12002,05.7121
2026-05-27T09:55:28.423598,5510.1,05.1026,1.10601,05.6406
2026-05-27T09:55:29.397180,5511.1,05.1091,1.20815,06.1615
2026-05-27T09:55:30.417798,5512.1,05.1119,1.23473,06.3094
2026-05-27T09:55:31.390947,5513.1,05.0925,1.11978,05.6996
2026-05-27T09:55:32.410234,5514.1,05.1086,0.78626,04.0099
2026-05-27T09:55:33.385737,5515.1,05.1082,0.78391,03.9979
2026-05-27T09:55:34.404865,5516.1,05.1039,1.03998,05.3038
2026-05-27T09:55:35.423145,5517.1,05.1017,1.03515,05.2792
2026-05-27T09:55:36.397817,5518.1,05.1087,1.15059,05.8680
2026-05-27T09:55:37.415905,5519.1,05.1001,1.13876,05.8076
2026-05-27T09:55:38.391828,5520.1,05.1122,0.98834,05.0504
2026-05-27T09:55:39.413483,5521.1,05.1068,1.01884,05.1960
2026-05-27T09:55:40.389734,5522.1,05.1100,1.18281,06.0441
2026-05-27T09:55:41.409768,5523.1,05.1065,1.20087,06.1244
2026-05-27T09:55:42.431131,5524.1,05.1128,1.10577,05.6504
2026-05-27T09:55:43.405327,5525.1,05.1114,1.23532,06.3124
2026-05-27T09:55:44.427320,5526.1,05.0986,1.48082,07.5373
2026-05-27T09:55:45.404820,5527.1,05.1084,0.77879,03.9718
2026-05-27T09:55:46.425062,5528.1,05.1089,0.67240,03.4292
2026-05-27T09:55:47.400901,5529.1,05.1062,1.22130,06.2286
2026-05-27T09:55:48.424483,5530.1,05.1112,1.08922,05.5659
2026-05-27T09:55:49.404200,5531.1,05.1083,1.08460,05.5314
2026-05-27T09:55:50.429777,5532.1,05.1084,1.09543,05.5866
2026-05-27T09:55:51.406306,5533.1,05.1109,1.04652,05.3477
2026-05-27T09:55:52.429948,5534.1,05.1119,1.04199,05.3245
2026-05-27T09:55:53.407702,5535.1,05.1059,1.08482,05.5325
2026-05-27T09:55:54.429649,5536.1,05.1101,1.11550,05.7002
2026-05-27T09:55:55.407649,5537.1,05.1048,1.10063,05.6132
2026-05-27T09:55:56.431770,5538.1,05.1058,1.05057,05.3579
2026-05-27T09:55:57.410905,5539.1,05.0951,1.10046,05.6013
2026-05-27T09:55:58.433507,5540.1,05.1089,0.77681,03.9617
2026-05-27T09:55:59.407863,5541.1,05.1078,0.81414,04.1521
2026-05-27T09:56:00.429028,5542.1,05.1131,1.15357,05.8947
2026-05-27T09:56:01.406144,5543.1,05.1058,1.04275,05.3180
2026-05-27T09:56:02.428664,5544.1,05.1058,1.02948,05.2503
2026-05-27T09:56:03.405113,5545.1,05.1022,1.03476,05.2772
2026-05-27T09:56:04.427957,5546.1,05.1050,1.08825,05.5500
2026-05-27T09:56:05.406879,5547.1,05.1061,1.08444,05.5306
2026-05-27T09:56:06.432426,5548.1,05.1095,1.19949,06.1173
2026-05-27T09:56:07.408064,5549.1,05.1086,1.08866,05.5521
2026-05-27T09:56:08.429864,5550.1,05.1116,1.02125,05.2185
2026-05-27T09:56:09.405748,5551.1,05.1086,1.21594,06.2012
2026-05-27T09:56:10.426158,5552.1,05.1131,1.34537,06.8748
2026-05-27T09:56:11.401215,5553.1,05.1089,0.84497,04.3093
2026-05-27T09:56:12.421663,5554.1,05.1097,0.63457,03.2363
2026-05-27T09:56:13.396192,5555.1,05.1112,1.05207,05.3760
2026-05-27T09:56:14.418214,5556.1,05.1047,1.01947,05.1992
2026-05-27T09:56:15.394121,5557.1,05.1075,1.13335,05.7800
2026-05-27T09:56:16.414200,5558.1,05.1116,1.19030,06.0824
2026-05-27T09:56:17.436820,5559.1,05.1101,1.13722,05.8111
2026-05-27T09:56:18.414022,5560.1,05.1061,1.10546,05.6378
2026-05-27T09:56:19.437420,5561.1,05.1034,1.02852,05.2454
2026-05-27T09:56:20.415113,5562.1,05.1048,1.11341,05.6783
2026-05-27T09:56:21.438874,5563.1,05.1100,1.15149,05.8841
2026-05-27T09:56:22.414170,5564.1,05.1080,1.01667,05.1850
2026-05-27T09:56:23.436511,5565.1,05.1048,1.45013,07.3956
2026-05-27T09:56:24.410961,5566.1,05.1080,0.78371,03.9969
2026-05-27T09:56:25.431530,5567.1,05.1083,0.78166,03.9864
2026-05-27T09:56:26.407708,5568.1,05.1051,1.07513,05.4831
2026-05-27T09:56:27.428675,5569.1,05.1076,1.05606,05.3859
2026-05-27T09:56:28.408321,5570.1,05.1075,1.04994,05.3546
2026-05-27T09:56:29.430616,5571.1,05.1081,1.11398,05.6812
2026-05-27T09:56:30.410185,5572.1,05.1042,1.14442,05.8365
2026-05-27T09:56:31.433246,5573.1,05.1058,1.12047,05.7143
2026-05-27T09:56:32.408752,5574.1,05.1026,1.11904,05.7071
2026-05-27T09:56:33.429287,5575.1,05.1025,1.06908,05.4523
2026-05-27T09:56:34.403443,5576.1,05.1042,1.04987,05.3543
2026-05-27T09:56:35.423204,5577.1,05.1072,1.04675,05.3384
2026-05-27T09:56:36.399945,5578.1,05.1170,1.10911,05.6675
2026-05-27T09:56:37.419839,5579.1,05.1081,0.78268,03.9916
2026-05-27T09:56:38.439813,5580.1,05.1074,0.62340,03.1793
2026-05-27T09:56:39.411583,5581.1,05.1098,1.20677,06.1545
2026-05-27T09:56:40.431221,5582.1,05.1095,1.16498,05.9413
2026-05-27T09:56:41.407229,5583.1,05.1101,1.06408,05.4374
2026-05-27T09:56:42.431159,5584.1,05.1084,1.08977,05.5578
2026-05-27T09:56:43.407029,5585.1,05.1042,1.16706,05.9520
2026-05-27T09:56:44.429593,5586.1,05.1100,1.15723,05.9134
2026-05-27T09:56:45.405769,5587.1,05.1072,1.10362,05.6284
2026-05-27T09:56:46.425019,5588.1,05.1134,1.23310,06.3011
2026-05-27T09:56:47.444631,5589.1,05.1034,1.18687,06.0530
2026-05-27T09:56:48.418849,5590.1,05.1056,1.12236,05.7240
2026-05-27T09:56:49.437449,5591.1,05.0884,1.35600,06.8884
2026-05-27T09:56:50.410868,5592.1,05.1085,0.77980,03.9769
2026-05-27T09:56:51.430156,5593.1,05.1081,0.79972,04.0785
2026-05-27T09:56:52.404474,5594.1,05.1128,1.09138,05.5769
2026-05-27T09:56:53.426195,5595.1,05.1125,1.21562,06.2118
2026-05-27T09:56:54.446122,5596.1,05.1081,1.06768,05.4451
2026-05-27T09:56:55.421486,5597.1,05.1112,1.18845,06.0729
2026-05-27T09:56:56.443929,5598.1,05.1084,1.14538,05.8414
2026-05-27T09:56:57.422527,5599.1,05.1092,1.04725,05.3409
2026-05-27T09:56:58.443636,5600.1,05.1070,1.01537,05.1783
2026-05-27T09:56:59.418633,5601.1,05.1131,1.16644,05.9605
2026-05-27T09:57:00.440315,5602.1,05.1055,1.17967,06.0163
2026-05-27T09:57:01.416499,5603.1,05.1067,1.02427,05.2237
2026-05-27T09:57:02.434652,5604.1,05.1056,1.47353,07.5150
2026-05-27T09:57:03.406412,5605.1,05.1087,0.78007,03.9783
2026-05-27T09:57:04.423388,5606.1,05.1091,0.63036,03.2148
2026-05-27T09:57:05.444781,5607.1,05.1008,1.08223,05.5193
2026-05-27T09:57:06.423762,5608.1,05.1098,1.11639,05.6935
2026-05-27T09:57:07.447950,5609.1,05.1055,1.06443,05.4285
2026-05-27T09:57:08.424568,5610.1,05.1008,1.04599,05.3345
2026-05-27T09:57:09.443815,5611.1,05.1122,1.10687,05.6561
2026-05-27T09:57:10.418255,5612.1,05.1089,1.19748,06.1071
2026-05-27T09:57:11.440797,5613.1,05.1103,1.05884,05.4106
2026-05-27T09:57:12.417907,5614.1,05.1070,1.22264,06.2354
2026-05-27T09:57:13.441316,5615.1,05.1058,1.07465,05.4807
2026-05-27T09:57:14.417420,5616.1,05.1072,1.18915,06.0646
2026-05-27T09:57:15.438760,5617.1,05.1141,1.28849,06.5841
2026-05-27T09:57:16.412912,5618.1,05.1076,0.78720,04.0147
2026-05-27T09:57:17.431840,5619.1,05.1078,0.77188,03.9365
2026-05-27T09:57:18.406456,5620.1,05.1120,1.03481,05.2878
2026-05-27T09:57:19.425150,5621.2,05.1120,1.00593,05.1403
2026-05-27T09:57:20.445953,5622.2,05.1091,1.22083,06.2262
2026-05-27T09:57:21.419645,5623.2,05.1050,1.05607,05.3859
2026-05-27T09:57:22.441369,5624.2,05.1051,1.01916,05.1977
2026-05-27T09:57:23.415703,5625.2,05.1034,1.08919,05.5548
2026-05-27T09:57:24.437152,5626.2,05.1019,1.04814,05.3455
2026-05-27T09:57:25.411424,5627.2,05.1017,1.12173,05.7208
2026-05-27T09:57:26.432174,5628.2,05.1062,1.19613,06.1002
2026-05-27T09:57:27.450928,5629.2,05.1086,1.10941,05.6579
2026-05-27T09:57:28.423132,5630.2,05.0997,1.28137,06.5221
2026-05-27T09:57:29.442627,5631.2,05.1074,0.78466,04.0017
2026-05-27T09:57:30.417111,5632.2,05.1072,0.62791,03.2023
2026-05-27T09:57:31.437689,5633.2,05.1064,1.18247,06.0305
2026-05-27T09:57:32.409455,5634.2,05.1103,1.11640,05.7048
2026-05-27T09:57:33.429575,5635.2,05.1069,1.21398,06.1912
2026-05-27T09:57:34.449565,5636.2,05.1034,1.04443,05.3265
2026-05-27T09:57:35.424948,5637.2,05.1073,1.16581,05.9456
2026-05-27T09:57:36.443666,5638.2,05.1069,1.11399,05.6813
2026-05-27T09:57:37.416933,5639.2,05.1105,1.17310,05.9945
2026-05-27T09:57:38.436229,5640.2,05.1105,1.01883,05.2062
2026-05-27T09:57:39.454880,5641.2,05.1111,1.13829,05.8166
2026-05-27T09:57:40.430060,5642.2,05.1039,1.06538,05.4334
2026-05-27T09:57:41.448963,5643.2,05.1116,1.23678,06.3199
2026-05-27T09:57:42.422100,5644.2,05.1059,0.79546,04.0568
2026-05-27T09:57:43.440150,5645.2,05.1077,0.78086,03.9823
2026-05-27T09:57:44.413630,5646.2,05.1081,1.10145,05.6173
2026-05-27T09:57:45.433742,5647.2,05.1101,1.02823,05.2542
2026-05-27T09:57:46.452781,5648.2,05.1087,1.07467,05.4808
2026-05-27T09:57:47.426849,5649.2,05.1048,1.19850,06.1123
2026-05-27T09:57:48.448418,5650.2,05.1048,1.11269,05.6747
2026-05-27T09:57:49.423529,5651.2,05.1070,1.07589,05.4870
2026-05-27T09:57:50.446854,5652.2,05.1083,1.15700,05.9007
2026-05-27T09:57:51.422586,5653.2,05.1072,1.20037,06.1218
2026-05-27T09:57:52.443579,5654.2,05.1092,1.12124,05.7183
2026-05-27T09:57:53.416938,5655.2,05.1100,1.02519,05.2387
2026-05-27T09:57:54.438918,5656.2,05.1092,1.32857,06.7757
2026-05-27T09:57:55.458531,5657.2,05.1083,0.78195,03.9879
2026-05-27T09:57:56.430838,5658.2,05.1083,0.69113,03.5247
2026-05-27T09:57:57.451472,5659.2,05.1070,1.05046,05.3573
2026-05-27T09:57:58.427246,5660.2,05.1077,1.12139,05.7190
2026-05-27T09:57:59.448494,5661.2,05.1095,1.14721,05.8507
2026-05-27T09:58:00.424162,5662.2,05.1162,1.03920,05.3103
2026-05-27T09:58:01.443923,5663.2,05.1012,1.05707,05.3910
2026-05-27T09:58:02.421013,5664.2,05.1170,1.25052,06.3901
2026-05-27T09:58:03.443994,5665.2,05.1075,1.10295,05.6250
2026-05-27T09:58:04.419111,5666.2,05.1056,1.03121,05.2591
2026-05-27T09:58:05.438468,5667.2,05.1061,1.11919,05.7078
2026-05-27T09:58:06.458854,5668.2,05.1078,1.13420,05.7844
2026-05-27T09:58:07.433491,5669.2,05.1184,1.25584,06.4173
2026-05-27T09:58:08.456115,5670.2,05.1081,0.77891,03.9724
2026-05-27T09:58:09.427922,5671.2,05.1066,0.77833,03.9694
2026-05-27T09:58:10.449173,5672.2,05.1066,1.08514,05.5342
2026-05-27T09:58:11.424003,5673.2,05.1064,1.32496,06.7572
2026-05-27T09:58:12.446383,5674.2,05.1091,1.12697,05.7475
2026-05-27T09:58:13.422158,5675.2,05.1103,1.16388,05.9474
2026-05-27T09:58:14.444181,5676.2,05.1162,1.06124,05.4229
2026-05-27T09:58:15.423325,5677.2,05.0992,1.08079,05.5012
2026-05-27T09:58:16.444853,5678.2,05.1033,1.13888,05.8082
2026-05-27T09:58:17.422488,5679.2,05.1058,1.14007,05.8143
2026-05-27T09:58:18.448774,5680.2,05.1108,1.15296,05.8916
2026-05-27T09:58:19.425991,5681.2,05.1025,1.22090,06.2265
2026-05-27T09:58:20.451700,5682.2,05.0787,1.28177,06.4985
2026-05-27T09:58:21.427596,5683.2,05.1092,0.78124,03.9843
2026-05-27T09:58:22.449167,5684.2,05.1074,0.64884,03.3090
2026-05-27T09:58:23.426330,5685.2,05.0991,1.04644,05.3263
2026-05-27T09:58:24.449944,5686.2,05.1086,1.16580,05.9455
2026-05-27T09:58:25.428231,5687.2,05.1144,1.10842,05.6640
2026-05-27T09:58:26.452888,5688.2,05.1070,1.10060,05.6130
2026-05-27T09:58:27.430604,5689.2,05.1109,1.10836,05.6637
2026-05-27T09:58:28.451093,5690.2,05.1058,1.07336,05.4741
2026-05-27T09:58:29.428334,5691.2,05.1045,1.11724,05.6979
2026-05-27T09:58:30.448934,5692.2,05.1080,1.03501,05.2785
2026-05-27T09:58:31.426737,5693.2,05.1050,1.01187,05.1605
2026-05-27T09:58:32.448828,5694.2,05.1000,1.12882,05.7569
2026-05-27T09:58:33.424737,5695.2,05.1056,1.29074,06.5827
2026-05-27T09:58:34.446829,5696.2,05.1066,0.78641,04.0106
2026-05-27T09:58:35.466175,5697.2,05.1066,0.77363,03.9455
2026-05-27T09:58:36.438930,5698.2,05.1023,1.15975,05.9147
2026-05-27T09:58:37.460241,5699.2,05.1068,1.08507,05.5338
2026-05-27T09:58:38.439467,5700.2,05.1070,1.06222,05.4173
2026-05-27T09:58:39.464604,5701.2,05.1095,1.07141,05.4641
2026-05-27T09:58:40.439567,5702.2,05.1059,1.20042,06.1221
2026-05-27T09:58:41.460074,5703.2,05.1078,1.22485,06.2467
2026-05-27T09:58:42.433961,5704.2,05.1101,1.22787,06.2744
2026-05-27T09:58:43.459231,5705.2,05.1101,1.12783,05.7632
2026-05-27T09:58:44.436204,5706.2,05.1101,1.19305,06.0964
2026-05-27T09:58:45.458626,5707.2,05.1061,1.18560,06.0465
2026-05-27T09:58:46.433065,5708.2,05.0967,1.27036,06.4661
2026-05-27T09:58:47.455582,5709.2,05.1079,0.78203,03.9883
2026-05-27T09:58:48.427320,5710.2,05.1083,0.67879,03.4618
2026-05-27T09:58:49.451170,5711.2,05.1122,1.05831,05.4079
2026-05-27T09:58:50.429578,5712.2,05.1080,1.09112,05.5647
2026-05-27T09:58:51.454799,5713.2,05.1033,1.04470,05.3279
2026-05-27T09:58:52.431087,5714.2,05.1089,1.21454,06.1941
2026-05-27T09:58:53.455066,5715.2,05.1108,1.14136,05.8323
2026-05-27T09:58:54.429870,5716.2,05.1062,1.12855,05.7556
2026-05-27T09:58:55.452493,5717.2,05.1061,1.05525,05.3817
2026-05-27T09:58:56.429382,5718.2,05.1065,1.03602,05.2837
2026-05-27T09:58:57.449392,5719.2,05.1089,1.26808,06.4672
2026-05-27T09:58:58.470097,5720.2,05.1078,1.12787,05.7521
2026-05-27T09:58:59.443756,5721.2,05.1045,1.40239,07.1521
2026-05-27T09:59:00.466181,5722.2,05.1145,0.78327,04.0025
2026-05-27T09:59:01.438285,5723.2,05.1056,0.78125,03.9843
2026-05-27T09:59:02.459676,5724.2,05.0995,1.08132,05.5039
2026-05-27T09:59:03.434088,5725.2,05.1126,1.23996,06.3361
2026-05-27T09:59:04.455293,5726.2,05.1066,1.07385,05.4766
2026-05-27T09:59:05.431687,5727.2,05.1084,1.10167,05.6185
2026-05-27T09:59:06.454632,5728.2,05.1072,1.04171,05.3127
2026-05-27T09:59:07.474534,5729.2,05.1111,1.18047,06.0322
2026-05-27T09:59:08.450278,5730.2,05.1061,1.05178,05.3640
2026-05-27T09:59:09.471724,5731.2,05.1066,1.18558,06.0464
2026-05-27T09:59:10.445820,5732.2,05.1042,1.11811,05.7023
2026-05-27T09:59:11.469590,5733.2,05.1037,1.05460,05.3784
2026-05-27T09:59:12.444539,5734.2,05.1067,1.23059,06.2760
2026-05-27T09:59:13.465384,5735.2,05.1071,0.83048,04.2354
2026-05-27T09:59:14.437133,5736.2,05.1097,0.72255,03.6850
2026-05-27T09:59:15.457539,5737.2,05.1064,1.08197,05.5180
2026-05-27T09:59:16.431850,5738.2,05.0987,1.22717,06.2462
2026-05-27T09:59:17.454124,5739.2,05.1087,1.17771,06.0063
2026-05-27T09:59:18.431883,5740.2,05.0883,1.09381,05.5565
2026-05-27T09:59:19.455878,5741.2,05.1122,1.12975,05.7730
2026-05-27T09:59:20.433813,5742.2,05.1083,1.20997,06.1708
2026-05-27T09:59:21.457825,5743.2,05.1014,1.06306,05.4216
2026-05-27T09:59:22.435448,5744.2,05.1088,1.10945,05.6581
2026-05-27T09:59:23.457508,5745.2,05.1089,1.09021,05.5600
2026-05-27T09:59:24.435315,5746.2,05.1072,1.11216,05.6720
2026-05-27T09:59:25.458982,5747.2,05.1053,1.18384,06.0375
2026-05-27T09:59:26.433912,5748.2,05.1088,0.77990,03.9774
2026-05-27T09:59:27.453308,5749.2,05.1086,0.77800,03.9678
2026-05-27T09:59:28.477701,5750.2,05.1097,1.08442,05.5305
2026-05-27T09:59:29.454506,5751.2,05.1000,1.10350,05.6278
2026-05-27T09:59:30.475871,5752.2,05.0981,1.09508,05.5739
2026-05-27T09:59:31.450482,5753.2,05.1085,1.09867,05.6032
2026-05-27T09:59:32.470383,5754.2,05.1126,1.06972,05.4662
2026-05-27T09:59:33.445634,5755.2,05.1009,1.08185,05.5174
2026-05-27T09:59:34.469583,5756.2,05.1080,1.12729,05.7491
2026-05-27T09:59:35.445114,5757.2,05.1078,1.07951,05.5055
2026-05-27T09:59:36.465697,5758.2,05.1022,1.09822,05.6009
2026-05-27T09:59:37.440409,5759.2,05.1100,1.01073,05.1648
2026-05-27T09:59:38.458693,5760.2,05.1114,1.28995,06.5916
2026-05-27T09:59:39.480051,5761.2,05.1111,0.78163,03.9941
2026-05-27T09:59:40.453940,5762.2,05.1078,0.72008,03.6724
2026-05-27T09:59:41.475090,5763.2,05.1073,1.04826,05.3461
2026-05-27T09:59:42.451894,5764.2,05.1053,1.13123,05.7692
2026-05-27T09:59:43.472394,5765.2,05.1047,1.10958,05.6588
2026-05-27T09:59:44.447813,5766.2,05.1033,1.07779,05.4967
2026-05-27T09:59:45.469427,5767.2,05.1080,1.20551,06.1481
2026-05-27T09:59:46.444794,5768.2,05.1145,1.08794,05.5593
2026-05-27T09:59:47.468650,5769.2,05.1082,1.07094,05.4617
2026-05-27T09:59:48.447718,5770.2,05.0978,1.14857,05.8462
2026-05-27T09:59:49.468780,5771.2,05.1066,1.06987,05.4563
2026-05-27T09:59:50.445638,5772.2,05.1112,1.26706,06.4746
2026-05-27T09:59:51.467607,5773.2,05.1058,1.30091,06.6346
2026-05-27T09:59:52.444721,5774.2,05.1085,0.77766,03.9660
2026-05-27T09:59:53.463574,5775.2,05.1087,0.77660,03.9606
2026-05-27T09:59:54.440144,5776.2,05.1119,1.12641,05.7559
2026-05-27T09:59:55.465096,5777.2,05.1133,1.02703,05.2481
2026-05-27T09:59:56.441975,5778.2,05.1055,1.05574,05.3842
2026-05-27T09:59:57.464073,5779.2,05.1120,1.12033,05.7248
2026-05-27T09:59:58.442089,5780.2,05.1080,1.07877,05.5017
2026-05-27T09:59:59.467281,5781.2,05.1111,1.03780,05.3031
2026-05-27T10:00:00.440703,5782.2,05.0995,1.12078,05.7047
2026-05-27T10:00:01.461235,5783.2,05.1031,1.06675,05.4404
2026-05-27T10:00:02.485222,5784.2,05.0911,1.05222,05.3557
2026-05-27T10:00:03.462369,5785.2,05.1050,1.02063,05.2052
2026-05-27T10:00:04.486241,5786.2,05.0995,1.55761,07.9282
2026-05-27T10:00:05.462086,5787.2,05.1055,0.77912,03.9735
2026-05-27T10:00:06.481503,5788.2,05.1098,0.69831,03.5613
2026-05-27T10:00:07.455195,5789.2,05.0981,1.19875,06.1016
2026-05-27T10:00:08.478677,5790.2,05.1059,1.03564,05.2817
2026-05-27T10:00:09.456054,5791.2,05.1116,1.12289,05.7379
2026-05-27T10:00:10.481008,5792.2,05.1091,1.05424,05.3766
2026-05-27T10:00:11.459904,5793.2,05.1080,1.07079,05.4610
2026-05-27T10:00:12.482547,5794.2,05.1128,1.10526,05.6478
2026-05-27T10:00:13.459895,5795.2,05.1098,1.09880,05.6038
2026-05-27T10:00:14.480388,5796.2,05.1153,1.11987,05.7225
2026-05-27T10:00:15.455987,5797.2,05.1067,1.13669,05.7971
2026-05-27T10:00:16.479266,5798.2,05.0984,1.08094,05.5019
2026-05-27T10:00:17.454730,5799.2,05.1116,1.33969,06.8458
2026-05-27T10:00:18.475704,5800.2,05.1065,0.77804,03.9680
2026-05-27T10:00:19.447937,5801.2,05.1068,0.77799,03.9677
2026-05-27T10:00:20.468826,5802.2,05.1041,1.10575,05.6393
2026-05-27T10:00:21.446215,5803.2,05.0937,1.22792,06.2501
2026-05-27T10:00:22.470816,5804.2,05.1001,1.11326,05.6776
2026-05-27T10:00:23.446888,5805.2,05.1097,1.14199,05.8241
2026-05-27T10:00:24.471669,5806.2,05.1100,1.28157,06.5488
2026-05-27T10:00:25.447570,5807.2,05.0956,1.19499,06.0824
2026-05-27T10:00:26.469923,5808.2,05.1059,1.25831,06.4173
2026-05-27T10:00:27.448967,5809.2,05.0980,1.09933,05.5955
2026-05-27T10:00:28.471863,5810.2,05.0956,1.10883,05.6439
2026-05-27T10:00:29.448875,5811.2,05.1070,1.32017,06.7328
2026-05-27T10:00:30.471583,5812.2,05.0911,1.31065,06.6712
2026-05-27T10:00:31.447493,5813.2,05.1087,0.78124,03.9843
2026-05-27T10:00:32.468636,5814.2,05.1074,0.71087,03.6254
2026-05-27T10:00:33.449571,5815.2,05.1092,1.06544,05.4337
2026-05-27T10:00:34.475626,5816.2,05.1078,1.05925,05.4021
2026-05-27T10:00:35.452794,5817.2,05.1045,1.07683,05.4918
2026-05-27T10:00:36.474706,5818.2,05.1048,1.04469,05.3279
2026-05-27T10:00:37.454198,5819.2,05.0997,1.08259,05.5103
2026-05-27T10:00:38.480833,5820.2,05.1078,1.11521,05.6875
2026-05-27T10:00:39.459529,5821.2,05.0973,1.20021,06.1090
2026-05-27T10:00:40.482968,5822.2,05.1076,1.09576,05.5883
2026-05-27T10:00:41.463400,5823.2,05.0984,1.16917,05.9510
2026-05-27T10:00:42.489643,5824.2,05.1122,1.09221,05.5811
2026-05-27T10:00:43.464720,5825.2,05.0859,1.28733,06.5396
2026-05-27T10:00:44.488607,5826.2,05.1012,0.78124,03.9843
2026-05-27T10:00:45.463906,5827.2,05.1077,0.77876,03.9716
2026-05-27T10:00:46.484828,5828.2,05.1130,1.10124,05.6273
2026-05-27T10:00:47.466109,5829.2,05.1081,1.12846,05.7551
2026-05-27T10:00:48.491015,5830.2,05.1072,1.02345,05.2195
2026-05-27T10:00:49.472298,5831.2,05.0950,1.05167,05.3530
2026-05-27T10:00:50.496689,5832.2,05.1025,1.07629,05.4890
2026-05-27T10:00:51.475254,5833.2,05.1122,1.07980,05.5177
2026-05-27T10:00:52.453242,5834.2,05.1020,1.07996,05.5077
2026-05-27T10:00:53.477054,5835.2,05.1006,1.08683,05.5428
2026-05-27T10:00:54.452606,5836.2,05.1101,1.07524,05.4944
2026-05-27T10:00:55.474762,5837.2,05.0966,1.10963,05.6480
2026-05-27T10:00:56.498324,5838.2,05.1101,1.20884,06.1771
2026-05-27T10:00:57.474452,5839.2,05.1087,0.78059,03.9810
2026-05-27T10:00:58.493808,5840.2,05.1077,0.69801,03.5598
2026-05-27T10:00:59.467295,5841.2,05.1137,1.13183,05.7836
2026-05-27T10:01:00.490137,5842.2,05.0972,1.19462,06.0806
2026-05-27T10:01:01.466265,5843.2,05.1070,1.17116,05.9729
2026-05-27T10:01:02.488696,5844.2,05.1075,1.05638,05.3875
2026-05-27T10:01:03.463031,5845.2,05.1073,1.06357,05.4242
2026-05-27T10:01:04.486199,5846.2,05.1051,1.12822,05.7539
2026-05-27T10:01:05.465090,5847.2,05.1070,1.14144,05.8213
2026-05-27T10:01:06.488607,5848.2,05.1095,1.27243,06.4893
2026-05-27T10:01:07.466066,5849.2,05.0961,1.03426,05.2643
2026-05-27T10:01:08.489946,5850.2,05.1055,1.04454,05.3271
2026-05-27T10:01:09.468196,5851.2,05.1237,1.38306,07.0812
2026-05-27T10:01:10.489580,5852.2,05.1086,0.77879,03.9718
2026-05-27T10:01:11.462880,5853.2,05.1073,0.77805,03.9680
2026-05-27T10:01:12.485833,5854.2,05.1045,1.09944,05.6071
2026-05-27T10:01:13.464523,5855.2,05.1161,1.13046,05.7766
2026-05-27T10:01:14.489816,5856.2,05.1071,1.02117,05.2079
2026-05-27T10:01:15.466919,5857.2,05.1039,1.13945,05.8111
2026-05-27T10:01:16.489829,5858.2,05.1070,1.16104,05.9213
2026-05-27T10:01:17.467412,5859.2,05.1139,1.30843,06.6860
2026-05-27T10:01:18.490097,5860.2,05.1036,1.02649,05.2350
2026-05-27T10:01:19.466587,5861.2,05.1111,0.94779,04.8432
2026-05-27T10:01:20.488569,5862.2,05.1081,1.02382,05.2214
2026-05-27T10:01:21.464683,5863.2,05.0928,1.32863,06.7627
2026-05-27T10:01:22.486436,5864.2,05.1067,1.60459,08.1834
2026-05-27T10:01:23.462488,5865.2,05.1069,1.36084,06.9402
2026-05-27T10:01:24.484271,5866.2,05.1081,0.72689,03.7071
2026-05-27T10:01:25.459715,5867.2,05.1058,0.79199,04.0391
2026-05-27T10:01:26.483192,5868.2,05.1158,1.08107,05.5242
2026-05-27T10:01:27.459373,5869.2,05.1089,0.99517,05.0753
2026-05-27T10:01:28.483661,5870.2,05.1064,1.05972,05.4045
2026-05-27T10:01:29.462209,5871.2,05.1080,1.32698,06.7675
2026-05-27T10:01:30.483625,5872.2,05.1086,1.05151,05.3627
2026-05-27T10:01:31.506460,5873.2,05.1122,1.04331,05.3313
2026-05-27T10:01:32.481986,5874.2,05.1086,1.01443,05.1735
2026-05-27T10:01:33.506238,5875.2,05.1059,1.01797,05.1916
2026-05-27T10:01:34.482434,5876.2,05.1086,1.35001,06.8850
2026-05-27T10:01:35.506467,5877.2,05.1023,1.56679,07.9906
2026-05-27T10:01:36.483319,5878.2,05.1016,1.28469,06.5519
2026-05-27T10:01:37.505757,5879.2,05.1087,0.78050,03.9805
2026-05-27T10:01:38.480210,5880.2,05.1056,0.91287,04.6556
2026-05-27T10:01:39.504954,5881.2,05.1081,1.00995,05.1507
2026-05-27T10:01:40.484003,5882.2,05.1150,1.06768,05.4558
2026-05-27T10:01:41.462791,5883.2,05.1066,1.10351,05.6279
2026-05-27T10:01:42.487145,5884.2,05.1112,1.10588,05.6510
2026-05-27T10:01:43.464317,5885.2,05.1114,1.16432,05.9496
2026-05-27T10:01:44.488339,5886.2,05.1053,1.05014,05.3557
2026-05-27T10:01:45.468010,5887.2,05.1117,1.06199,05.4267
2026-05-27T10:01:46.493424,5888.2,05.1044,1.02895,05.2476
2026-05-27T10:01:47.473871,5889.2,05.1089,1.06965,05.4552
2026-05-27T10:01:48.500593,5890.2,05.1050,1.68377,08.5872
2026-05-27T10:01:49.478613,5891.2,05.1072,1.22973,06.2716
2026-05-27T10:01:50.501481,5892.2,05.1082,0.78052,03.9806
2026-05-27T10:01:51.475782,5893.2,05.1068,0.74991,03.8245
2026-05-27T10:01:52.500231,5894.2,05.1071,1.00550,05.1280
2026-05-27T10:01:53.477760,5895.2,05.1023,1.03899,05.2988
2026-05-27T10:01:54.502664,5896.2,05.1051,1.13854,05.8065
2026-05-27T10:01:55.482701,5897.2,05.1047,1.12219,05.7231
2026-05-27T10:01:56.506444,5898.2,05.1114,0.98639,05.0404
2026-05-27T10:01:57.483006,5899.2,05.1075,1.08475,05.5322
2026-05-27T10:01:58.507032,5900.2,05.1117,1.00607,05.1410
2026-05-27T10:01:59.484600,5901.2,05.1158,1.04231,05.3262
2026-05-27T10:02:00.508489,5902.2,05.1081,1.01731,05.1882
2026-05-27T10:02:01.486072,5903.2,05.1123,1.64872,08.4249
2026-05-27T10:02:02.509224,5904.2,05.1084,1.15462,05.8885
2026-05-27T10:02:03.484339,5905.2,05.1080,0.77818,03.9687
2026-05-27T10:02:04.504796,5906.2,05.1089,0.89207,04.5495
2026-05-27T10:02:05.480813,5907.2,05.1005,1.00608,05.1310
2026-05-27T10:02:06.502653,5908.2,05.1034,1.05045,05.3572
2026-05-27T10:02:07.480661,5909.2,05.1073,1.02839,05.2447
2026-05-27T10:02:08.504514,5910.2,05.1120,1.04487,05.3392
2026-05-27T10:02:09.481547,5911.2,05.1089,1.00104,05.1053
2026-05-27T10:02:10.501552,5912.2,05.1028,1.02381,05.2214
2026-05-27T10:02:11.477466,5913.2,05.1071,1.02333,05.2189
2026-05-27T10:02:12.499813,5914.2,05.1047,1.06099,05.4110
2026-05-27T10:02:13.475853,5915.2,05.1097,1.02157,05.2100
2026-05-27T10:02:14.497035,5916.2,05.0958,1.49989,07.6344
2026-05-27T10:02:15.473281,5917.2,05.1039,1.16030,05.9175
2026-05-27T10:02:16.492817,5918.2,05.1069,0.78105,03.9833
2026-05-27T10:02:17.512170,5919.2,05.1108,0.71812,03.6695
2026-05-27T10:02:18.486812,5920.2,05.1073,1.01780,05.1907
2026-05-27T10:02:19.508932,5921.2,05.0998,1.01414,05.1619
2026-05-27T10:02:20.481804,5922.2,05.1120,1.12598,05.7537
2026-05-27T10:02:21.501576,5923.2,05.1106,1.00119,05.1160
2026-05-27T10:02:22.476263,5924.2,05.1111,1.21726,06.2201
2026-05-27T10:02:23.498866,5925.2,05.1053,1.11837,05.7036
2026-05-27T10:02:24.472878,5926.2,05.1069,1.16327,05.9326
2026-05-27T10:02:25.494401,5927.2,05.1058,1.05734,05.3924
2026-05-27T10:02:26.515437,5928.2,05.1139,1.00513,05.1362
2026-05-27T10:02:27.487951,5929.2,05.1017,1.22412,06.2430
2026-05-27T10:02:28.508627,5930.2,05.1141,1.27313,06.5056
2026-05-27T10:02:29.482530,5931.2,05.1082,0.77995,03.9777
2026-05-27T10:02:30.503825,5932.2,05.1083,0.82638,04.2145
2026-05-27T10:02:31.482923,5933.2,05.1117,1.04063,05.3176
2026-05-27T10:02:32.507425,5934.2,05.1080,1.08075,05.5118
2026-05-27T10:02:33.484167,5935.2,05.1097,1.04188,05.3135
2026-05-27T10:02:34.505598,5936.2,05.1087,1.18790,06.0582
2026-05-27T10:02:35.478615,5937.2,05.1047,1.13534,05.7902
2026-05-27T10:02:36.500025,5938.2,05.1091,1.04089,05.3085
2026-05-27T10:02:37.520489,5939.2,05.1089,0.96393,04.9160
2026-05-27T10:02:38.496410,5940.2,05.1089,1.07483,05.4816
2026-05-27T10:02:39.518998,5941.2,05.1111,1.02294,05.2272
2026-05-27T10:02:40.495918,5942.2,05.1045,1.35278,06.8991
2026-05-27T10:02:41.515977,5943.2,05.1044,1.34566,06.8628
2026-05-27T10:02:42.489219,5944.2,05.1088,0.77927,03.9742
2026-05-27T10:02:43.504583,5945.2,05.1086,0.64138,03.2710
2026-05-27T10:02:44.476496,5946.2,05.1067,1.02181,05.2112
2026-05-27T10:02:45.494921,5947.2,05.1116,1.18607,06.0608
2026-05-27T10:02:46.515844,5948.2,05.1080,1.01205,05.1614
2026-05-27T10:02:47.490469,5949.2,05.1114,1.05259,05.3787
2026-05-27T10:02:48.510687,5950.2,05.1092,0.98392,05.0179
2026-05-27T10:02:49.485700,5951.2,05.1091,1.17252,05.9798
2026-05-27T10:02:50.504116,5952.2,05.1067,1.02183,05.2113
2026-05-27T10:02:51.479260,5953.2,05.1070,1.01570,05.1800
2026-05-27T10:02:52.500975,5954.2,05.1081,1.00565,05.1288
2026-05-27T10:02:53.518911,5955.2,05.1075,1.20977,06.1698
2026-05-27T10:02:54.492658,5956.2,05.1028,1.16131,05.9226
2026-05-27T10:02:55.512916,5957.2,05.1081,0.77843,03.9699
2026-05-27T10:02:56.482514,5958.2,05.1100,1.02630,05.2443
2026-05-27T10:02:57.503292,5959.2,05.1044,1.05190,05.3646
2026-05-27T10:02:58.479956,5960.2,05.1075,1.00694,05.1353
2026-05-27T10:02:59.499492,5961.2,05.1119,1.09544,05.5976
2026-05-27T10:03:00.517945,5962.2,05.1016,1.02190,05.2116
2026-05-27T10:03:01.491340,5963.2,05.1105,1.03739,05.3010
2026-05-27T10:03:02.511123,5964.2,05.1087,1.00402,05.1205
2026-05-27T10:03:03.485416,5965.2,05.1042,1.04381,05.3234
2026-05-27T10:03:04.508467,5966.2,05.1073,1.10977,05.6598
2026-05-27T10:03:05.483940,5967.2,05.1037,1.03167,05.2615
2026-05-27T10:03:06.505815,5968.2,05.1048,1.26837,06.4686
2026-05-27T10:03:07.525102,5969.2,05.1066,1.11742,05.6988
2026-05-27T10:03:08.500144,5970.2,05.1083,0.78159,03.9861
2026-05-27T10:03:09.517513,5971.2,05.1087,0.77204,03.9374
2026-05-27T10:03:10.490332,5972.2,05.1069,1.09106,05.5644
2026-05-27T10:03:11.513388,5973.2,05.1069,1.05284,05.3694
2026-05-27T10:03:12.488561,5974.2,05.1068,1.11648,05.6940
2026-05-27T10:03:13.512580,5975.2,05.1095,1.04145,05.3113
2026-05-27T10:03:14.487905,5976.2,05.1080,1.21788,06.2111
2026-05-27T10:03:15.509497,5977.2,05.1059,1.12935,05.7596
2026-05-27T10:03:16.483614,5978.2,05.1111,1.18638,06.0624
2026-05-27T10:03:17.504277,5979.2,05.1064,1.27481,06.5015
2026-05-27T10:03:18.526520,5980.2,05.1033,1.03435,05.2751
2026-05-27T10:03:19.503749,5981.2,05.0992,1.02876,05.2363
2026-05-27T10:03:20.523110,5982.2,05.1109,1.13459,05.7977
2026-05-27T10:03:21.498622,5983.2,05.1074,0.78022,03.9791
2026-05-27T10:03:22.518110,5984.2,05.1084,0.90187,04.5995
2026-05-27T10:03:23.494316,5985.2,05.1119,1.09214,05.5808
2026-05-27T10:03:24.517463,5986.2,05.1089,1.04315,05.3200
2026-05-27T10:03:25.493599,5987.2,05.1092,1.05412,05.3760
2026-05-27T10:03:26.515961,5988.2,05.1087,1.06173,05.4148
2026-05-27T10:03:27.491705,5989.2,05.1090,1.01833,05.1934
2026-05-27T10:03:28.514978,5990.2,05.1094,1.02286,05.2165
2026-05-27T10:03:29.490310,5991.2,05.1095,0.99164,05.0573
2026-05-27T10:03:30.511072,5992.2,05.1091,1.01960,05.1999
2026-05-27T10:03:31.532421,5993.2,05.1073,1.10986,05.6602
2026-05-27T10:03:32.508308,5994.2,05.1091,1.02949,05.2503
2026-05-27T10:03:33.529591,5995.2,05.1061,1.17449,05.9898
2026-05-27T10:03:34.502592,5996.2,05.1086,0.77746,03.9650
2026-05-27T10:03:35.521169,5997.2,05.1083,0.73506,03.7488
2026-05-27T10:03:36.497912,5998.2,05.1045,1.09940,05.6069
2026-05-27T10:03:37.519858,5999.2,05.1073,1.13119,05.7690
2026-05-27T10:03:38.495401,6000.2,05.1061,1.14065,05.8173
2026-05-27T10:03:39.516643,6001.2,05.1075,1.06662,05.4397
2026-05-27T10:03:40.493860,6002.2,05.1122,1.14010,05.8259
2026-05-27T10:03:41.514439,6003.2,05.1037,1.02798,05.2426
2026-05-27T10:03:42.489463,6004.2,05.1036,1.04913,05.3505
2026-05-27T10:03:43.511712,6005.2,05.1106,1.11042,05.6742
2026-05-27T10:03:44.533387,6006.2,05.1047,1.01812,05.1924
2026-05-27T10:03:45.509399,6007.2,05.1092,1.10370,05.6288
2026-05-27T10:03:46.529408,6008.2,05.0975,1.31697,06.7033
2026-05-27T10:03:47.501572,6009.2,05.1086,0.78102,03.9832
2026-05-27T10:03:48.520342,6010.2,05.1067,0.84134,04.2908
2026-05-27T10:03:49.495047,6011.2,05.1078,0.99719,05.0856
2026-05-27T10:03:50.514303,6012.2,05.1071,1.07121,05.4631
2026-05-27T10:03:51.533562,6013.2,05.1108,0.99265,05.0724
2026-05-27T10:03:52.507221,6014.2,05.1087,1.25326,06.3916
2026-05-27T10:03:53.525882,6015.2,05.1094,1.11726,05.6980
2026-05-27T10:03:54.501402,6016.2,05.1097,1.13512,05.7891
2026-05-27T10:03:55.520481,6017.2,05.1137,1.04899,05.3603
2026-05-27T10:03:56.497476,6018.2,05.1084,1.08266,05.5215
2026-05-27T10:03:57.518441,6019.2,05.1064,1.09758,05.5976
2026-05-27T10:03:58.536244,6020.2,05.1011,1.23122,06.2792
2026-05-27T10:03:59.508966,6021.2,05.0980,1.06686,05.4303
2026-05-27T10:04:00.526437,6022.2,05.1081,0.78446,04.0007
2026-05-27T10:04:01.496497,6023.2,05.1102,0.65507,03.3474
2026-05-27T10:04:02.515162,6024.2,05.1091,1.02812,05.2434
2026-05-27T10:04:03.536107,6025.2,05.1105,1.06695,05.4521
2026-05-27T10:04:04.508800,6026.2,05.1058,1.10158,05.6180
2026-05-27T10:04:05.527606,6027.2,05.1039,1.00677,05.1345
2026-05-27T10:04:06.498926,6028.2,05.1076,1.11757,05.6996
2026-05-27T10:04:07.521057,6029.2,05.1091,1.08059,05.5110
2026-05-27T10:04:08.495637,6030.2,05.1089,1.00544,05.1277
2026-05-27T10:04:09.518063,6031.2,05.1079,1.06607,05.4369
2026-05-27T10:04:10.496263,6032.2,05.1072,1.00433,05.1220
2026-05-27T10:04:11.518330,6033.2,05.1097,1.33098,06.7879
2026-05-27T10:04:12.540152,6034.2,05.1137,1.24355,06.3545
2026-05-27T10:04:13.512471,6035.2,05.1079,0.77956,03.9757
2026-05-27T10:04:14.528823,6036.2,05.1079,0.77764,03.9659
2026-05-27T10:04:15.503194,6037.2,05.1105,1.02558,05.2407
2026-05-27T10:04:16.523081,6038.2,05.0992,1.02787,05.2318
2026-05-27T10:04:17.499764,6039.2,05.1050,1.01001,05.1510
2026-05-27T10:04:18.521306,6040.2,05.1056,1.13190,05.7726
2026-05-27T10:04:19.497263,6041.2,05.1055,1.09488,05.5838
2026-05-27T10:04:20.518391,6042.2,05.1082,1.14826,05.8561
2026-05-27T10:04:21.540380,6043.2,05.1077,1.00157,05.1080
2026-05-27T10:04:22.515957,6044.2,05.1074,1.05467,05.3788
2026-05-27T10:04:23.538193,6045.2,05.1080,0.99953,05.0976
2026-05-27T10:04:24.513483,6046.2,05.1097,1.31836,06.7236
2026-05-27T10:04:25.535478,6047.2,05.1047,1.35574,06.9142
2026-05-27T10:04:26.507215,6048.2,05.1071,0.77958,03.9758
2026-05-27T10:04:27.525892,6049.2,05.1105,0.62625,03.2001
2026-05-27T10:04:28.500713,6050.2,05.1088,1.25174,06.3838
2026-05-27T10:04:29.522404,6051.2,05.1091,1.11432,05.6830
2026-05-27T10:04:30.542053,6052.2,05.1109,1.03225,05.2747
2026-05-27T10:04:31.518381,6053.2,05.1083,1.10775,05.6495
2026-05-27T10:04:32.539512,6054.2,05.1093,1.05070,05.3585
2026-05-27T10:04:33.516771,6055.2,05.1073,1.03906,05.2992
2026-05-27T10:04:34.538441,6056.2,05.1114,1.04220,05.3256
2026-05-27T10:04:35.513565,6057.2,05.1073,1.03067,05.2564
2026-05-27T10:04:36.535093,6058.2,05.1089,1.11784,05.7009
2026-05-27T10:04:37.511440,6059.2,05.1062,1.10444,05.6326
2026-05-27T10:04:38.532907,6060.2,05.1048,1.24988,06.3743
2026-05-27T10:04:39.506390,6061.2,05.1074,0.78056,03.9808
2026-05-27T10:04:40.524710,6062.2,05.1068,0.77733,03.9643
2026-05-27T10:04:41.546112,6063.2,05.1087,1.14582,05.8436
2026-05-27T10:04:42.523412,6064.2,05.1091,1.10822,05.6519
2026-05-27T10:04:43.546127,6065.2,05.1081,1.04663,05.3378
2026-05-27T10:04:44.521851,6066.2,05.1126,1.06082,05.4207
2026-05-27T10:04:45.545381,6067.2,05.1081,1.02136,05.2089
2026-05-27T10:04:46.521316,6068.2,05.1081,1.04267,05.3176
2026-05-27T10:04:47.541145,6069.2,05.1042,1.02012,05.2026
2026-05-27T10:04:48.519246,6070.2,05.1081,1.07393,05.4770
2026-05-27T10:04:49.544203,6071.2,05.1106,1.08992,05.5694
2026-05-27T10:04:50.520228,6072.2,05.1087,1.19801,06.1098
2026-05-27T10:04:51.541214,6073.2,05.0969,1.23853,06.3041
2026-05-27T10:04:52.516081,6074.2,05.1084,0.78057,03.9809
2026-05-27T10:04:53.533217,6075.2,05.1111,0.62550,03.1963
2026-05-27T10:04:54.505023,6076.2,05.1086,1.10041,05.6120
2026-05-27T10:04:55.527496,6077.2,05.1014,1.08192,05.5177
2026-05-27T10:04:56.550100,6078.2,05.1083,1.04888,05.3492
2026-05-27T10:04:57.525485,6079.2,05.1086,1.00954,05.1486
2026-05-27T10:04:58.547207,6080.2,05.1142,1.10850,05.6644
2026-05-27T10:04:59.521588,6081.2,05.1077,1.00348,05.1177
2026-05-27T10:05:00.538710,6082.2,05.1077,1.17359,05.9853
2026-05-27T10:05:01.512387,6083.2,05.1072,1.06026,05.4073
2026-05-27T10:05:02.533336,6084.2,05.1116,1.07947,05.5160
2026-05-27T10:05:03.509478,6085.2,05.1053,1.13546,05.7908
2026-05-27T10:05:04.528450,6086.2,05.1047,1.24621,06.3556
2026-05-27T10:05:05.548976,6087.2,05.1087,0.78359,03.9963
2026-05-27T10:05:06.521739,6088.3,05.1081,0.85006,04.3353
2026-05-27T10:05:07.540577,6089.3,05.1103,1.03028,05.2647
2026-05-27T10:05:08.514618,6090.3,05.1055,1.10490,05.6349
2026-05-27T10:05:09.536134,6091.3,05.1089,1.15357,05.8832
2026-05-27T10:05:10.511291,6092.3,05.1081,1.05278,05.3691
2026-05-27T10:05:11.530956,6093.3,05.1091,1.05462,05.3785
2026-05-27T10:05:12.550973,6094.3,05.1061,1.02442,05.2245
2026-05-27T10:05:13.526576,6095.3,05.1064,0.95879,04.8898
2026-05-27T10:05:14.546826,6096.3,05.1111,1.19146,06.0883
2026-05-27T10:05:15.521310,6097.3,05.1080,1.02478,05.2263
2026-05-27T10:05:16.544644,6098.3,05.1062,1.18990,06.0684
2026-05-27T10:05:17.516794,6099.3,05.1164,1.21233,06.1950
2026-05-27T10:05:18.534586,6100.3,05.1089,0.77613,03.9582
2026-05-27T10:05:19.550552,6101.3,05.1099,0.65895,03.3606
2026-05-27T10:05:20.524200,6102.3,05.1097,1.08957,05.5568
2026-05-27T10:05:21.545606,6103.3,05.1070,1.08343,05.5254
2026-05-27T10:05:22.521651,6104.3,05.1076,1.10341,05.6273
2026-05-27T10:05:23.544762,6105.3,05.1106,1.10634,05.6533
2026-05-27T10:05:24.522004,6106.3,05.1061,1.16164,05.9243
2026-05-27T10:05:25.545786,6107.3,05.1033,1.02705,05.2379
2026-05-27T10:05:26.522092,6108.3,05.1117,1.01253,05.1740
2026-05-27T10:05:27.543589,6109.3,05.1064,1.01822,05.1929
2026-05-27T10:05:28.518845,6110.3,05.1091,1.07777,05.4966
2026-05-27T10:05:29.543418,6111.3,05.1037,1.03240,05.2652
2026-05-27T10:05:30.518751,6112.3,05.1048,1.27329,06.4937
2026-05-27T10:05:31.540376,6113.3,05.1101,0.78270,03.9995
2026-05-27T10:05:32.516549,6114.3,05.1090,0.78717,04.0145
2026-05-27T10:05:33.539327,6115.3,05.1092,1.12379,05.7313
2026-05-27T10:05:34.517412,6116.3,05.1080,1.29530,06.6060
2026-05-27T10:05:35.541757,6117.3,05.1047,1.11732,05.6983
2026-05-27T10:05:36.519030,6118.3,05.1059,1.05717,05.3915
2026-05-27T10:05:37.541435,6119.3,05.1079,1.07941,05.5049
2026-05-27T10:05:38.519992,6120.3,05.1091,1.09737,05.5965
2026-05-27T10:05:39.544393,6121.3,05.1045,1.04798,05.3446
2026-05-27T10:05:40.519208,6122.3,05.1086,1.08026,05.5093
2026-05-27T10:05:41.540705,6123.3,05.1116,1.09977,05.6198
2026-05-27T10:05:42.519175,6124.3,05.1045,1.13420,05.7844
2026-05-27T10:05:43.543025,6125.3,05.1069,1.20899,06.1658
2026-05-27T10:05:44.518968,6126.3,05.1072,0.77640,03.9596
2026-05-27T10:05:45.540567,6127.3,05.1072,0.64392,03.2839
2026-05-27T10:05:46.521493,6128.3,05.1123,1.11642,05.7049
2026-05-27T10:05:47.542023,6129.3,05.1033,1.04547,05.3318
2026-05-27T10:05:48.517545,6130.3,05.1089,1.18677,06.0525
2026-05-27T10:05:49.538961,6131.3,05.1100,1.02243,05.2246
2026-05-27T10:05:50.559646,6132.3,05.1062,1.16564,05.9447
2026-05-27T10:05:51.533472,6133.3,05.1087,1.30447,06.6527
2026-05-27T10:05:52.554733,6134.3,05.1081,1.02960,05.2509
2026-05-27T10:05:53.530229,6135.3,05.1120,1.16265,05.9411
2026-05-27T10:05:54.553581,6136.3,05.1048,1.09075,05.5628
2026-05-27T10:05:55.528897,6137.3,05.1056,1.13917,05.8097
2026-05-27T10:05:56.548854,6138.3,05.1105,1.24028,06.3378
2026-05-27T10:05:57.522110,6139.3,05.1086,0.78242,03.9903
2026-05-27T10:05:58.541174,6140.3,05.1093,0.77848,03.9702
2026-05-27T10:05:59.563598,6141.3,05.1108,1.04110,05.3200
2026-05-27T10:06:00.539693,6142.3,05.1064,1.11571,05.6901
2026-05-27T10:06:01.562557,6143.3,05.1078,1.03345,05.2705
2026-05-27T10:06:02.538035,6144.3,05.1108,1.06045,05.4188
2026-05-27T10:06:03.562879,6145.3,05.1091,1.09641,05.5916
2026-05-27T10:06:04.540567,6146.3,05.1084,1.05352,05.3729
2026-05-27T10:06:05.561458,6147.3,05.1106,1.18393,06.0498
2026-05-27T10:06:06.537719,6148.3,05.1106,1.01616,05.1925
2026-05-27T10:06:07.561200,6149.3,05.1092,1.15899,05.9108
2026-05-27T10:06:08.537115,6150.3,05.1067,1.17421,05.9884
2026-05-27T10:06:09.556521,6151.3,05.1136,1.26124,06.4449
2026-05-27T10:06:10.531497,6152.3,05.1078,0.77794,03.9674
2026-05-27T10:06:11.549385,6153.3,05.1080,0.66295,03.3810
2026-05-27T10:06:12.523845,6154.3,05.1062,1.03724,05.2899
2026-05-27T10:06:13.547281,6155.3,05.1098,1.09208,05.5696
2026-05-27T10:06:14.566569,6156.3,05.1059,1.01477,05.1753
2026-05-27T10:06:15.541612,6157.3,05.1126,1.08842,05.5618
2026-05-27T10:06:16.563114,6158.3,05.1079,1.02744,05.2399
2026-05-27T10:06:17.540472,6159.3,05.1041,1.06086,05.4103
2026-05-27T10:06:18.563021,6160.3,05.1123,1.04951,05.3629
2026-05-27T10:06:19.540609,6161.3,05.1083,1.03794,05.2934
2026-05-27T10:06:20.566481,6162.3,05.1083,1.09330,05.5758
2026-05-27T10:06:21.544504,6163.3,05.1100,1.12559,05.7517
2026-05-27T10:06:22.564609,6164.3,05.1131,1.31983,06.7443
2026-05-27T10:06:23.539934,6165.3,05.1092,0.78015,03.9787
2026-05-27T10:06:24.557831,6166.3,05.1090,0.77639,03.9595
2026-05-27T10:06:25.531745,6167.3,05.1092,1.04997,05.3548
2026-05-27T10:06:26.554270,6168.3,05.1094,1.17192,05.9767
2026-05-27T10:06:27.530304,6169.3,05.1073,1.25419,06.3963
2026-05-27T10:06:28.552774,6170.3,05.1085,1.08062,05.5111
2026-05-27T10:06:29.528860,6171.3,05.1075,1.05226,05.3665
2026-05-27T10:06:30.552278,6172.3,05.1084,1.02545,05.2297
2026-05-27T10:06:31.530728,6173.3,05.1053,1.14013,05.8146
2026-05-27T10:06:32.554095,6174.3,05.1070,1.05878,05.3997
2026-05-27T10:06:33.529736,6175.3,05.1128,1.08915,05.5655
2026-05-27T10:06:34.551960,6176.3,05.1155,1.14783,05.8654
2026-05-27T10:06:35.530922,6177.3,05.0933,1.26944,06.4614
2026-05-27T10:06:36.552257,6178.3,05.1081,0.77904,03.9731
2026-05-27T10:06:37.528271,6179.3,05.1083,0.62438,03.1843
2026-05-27T10:06:38.554215,6180.3,05.1089,1.03363,05.2715
2026-05-27T10:06:39.531383,6181.3,05.1005,1.07361,05.4754
2026-05-27T10:06:40.554209,6182.3,05.1045,1.09710,05.5952
2026-05-27T10:06:41.529580,6183.3,05.1109,1.11317,05.6882
2026-05-27T10:06:42.553097,6184.3,05.1017,1.07402,05.4775
2026-05-27T10:06:43.532211,6185.3,05.1164,1.10886,05.6662
2026-05-27T10:06:44.555738,6186.3,05.1095,1.08997,05.5588
2026-05-27T10:06:45.534505,6187.3,05.1084,1.14507,05.8398
2026-05-27T10:06:46.558479,6188.3,05.1062,1.13192,05.7727
2026-05-27T10:06:47.537674,6189.3,05.1066,1.15514,05.8912
2026-05-27T10:06:48.559797,6190.3,05.1075,1.28656,06.5614
2026-05-27T10:06:49.536541,6191.3,05.1087,0.78219,03.9891
2026-05-27T10:06:50.558992,6192.3,05.1091,0.77096,03.9318
2026-05-27T10:06:51.536504,6193.3,05.1134,1.05135,05.3723
2026-05-27T10:06:52.561833,6194.3,05.1061,1.11153,05.6688
2026-05-27T10:06:53.539003,6195.3,05.1130,1.18122,06.0360
2026-05-27T10:06:54.561401,6196.3,05.1091,1.16316,05.9321
2026-05-27T10:06:55.536130,6197.3,05.1080,1.12692,05.7472
2026-05-27T10:06:56.557161,6198.3,05.1066,1.07493,05.4821
2026-05-27T10:06:57.532731,6199.3,05.1069,1.04386,05.3236
2026-05-27T10:06:58.551787,6200.3,05.1069,1.03885,05.2981
2026-05-27T10:06:59.571302,6201.3,05.1112,0.97709,04.9929
2026-05-27T10:07:00.546968,6202.3,05.1087,1.04307,05.3196
2026-05-27T10:07:01.569539,6203.3,05.1145,1.41424,07.2267
2026-05-27T10:07:02.542300,6204.3,05.1092,0.78523,04.0046
2026-05-27T10:07:03.561226,6205.3,05.1089,0.65105,03.3203
2026-05-27T10:07:04.534955,6206.3,05.0945,1.05336,05.3616
2026-05-27T10:07:05.557183,6207.3,05.1045,1.09113,05.5647
2026-05-27T10:07:06.533947,6208.3,05.0981,1.08724,05.5340
2026-05-27T10:07:07.558643,6209.3,05.1112,1.08184,05.5282
2026-05-27T10:07:08.534083,6210.3,05.1098,1.21548,06.1989
2026-05-27T10:07:09.554487,6211.3,05.1109,1.26604,06.4694
2026-05-27T10:07:10.575881,6212.3,05.1109,1.13581,05.8039
2026-05-27T10:07:11.553569,6213.3,05.1084,1.12318,05.7282
2026-05-27T10:07:12.577114,6214.3,05.1101,1.20432,06.1540
2026-05-27T10:07:13.555644,6215.3,05.1120,1.06443,05.4392
2026-05-27T10:07:14.577446,6216.3,05.1014,1.19918,06.1158
2026-05-27T10:07:15.551201,6217.3,05.1087,0.77823,03.9689
2026-05-27T10:07:16.569778,6218.3,05.1082,0.81277,04.1451
2026-05-27T10:07:17.547773,6219.3,05.1041,1.07222,05.4683
2026-05-27T10:07:18.571737,6220.3,05.1047,1.13737,05.8005
2026-05-27T10:07:19.547435,6221.3,05.1100,1.15313,05.8924
2026-05-27T10:07:20.567674,6222.3,05.1125,1.11381,05.6915
2026-05-27T10:07:21.542542,6223.3,05.1069,1.11212,05.6718
2026-05-27T10:07:22.564284,6224.3,05.1014,1.03934,05.3006
2026-05-27T10:07:23.540200,6225.3,05.1053,1.11925,05.7081
2026-05-27T10:07:24.564064,6226.3,05.1105,1.04525,05.3412
2026-05-27T10:07:25.540506,6227.3,05.1037,1.06302,05.4214
2026-05-27T10:07:26.559977,6228.3,05.1117,1.15001,05.8765
2026-05-27T10:07:27.580318,6229.3,05.1080,1.17332,05.9839
2026-05-27T10:07:28.550613,6230.3,05.1067,0.77977,03.9768
2026-05-27T10:07:29.567485,6231.3,05.1097,0.62529,03.1889
2026-05-27T10:07:30.541083,6232.3,05.1036,1.13044,05.7652
2026-05-27T10:07:31.564730,6233.3,05.1086,1.11686,05.6959
2026-05-27T10:07:32.540726,6234.3,05.1105,1.08063,05.5220
2026-05-27T10:07:33.562984,6235.3,05.1026,1.05523,05.3816
2026-05-27T10:07:34.539732,6236.3,05.1075,1.04264,05.3174
2026-05-27T10:07:35.563604,6237.3,05.1100,1.05982,05.4156
2026-05-27T10:07:36.584130,6238.3,05.1076,1.13872,05.8074
2026-05-27T10:07:37.560296,6239.3,05.1108,1.08736,05.5564
2026-05-27T10:07:38.584689,6240.3,05.1053,1.05453,05.3781
2026-05-27T10:07:39.563620,6241.3,05.1053,1.12501,05.7375
2026-05-27T10:07:40.585037,6242.3,05.1026,1.24974,06.3736
2026-05-27T10:07:41.558121,6243.3,05.1120,0.80105,04.0933
2026-05-27T10:07:42.578517,6244.3,05.1069,0.77075,03.9308
2026-05-27T10:07:43.552631,6245.3,05.1076,1.03070,05.2565
2026-05-27T10:07:44.571233,6246.3,05.1065,1.16197,05.9260
2026-05-27T10:07:45.546483,6247.3,05.1067,1.08528,05.5349
2026-05-27T10:07:46.567340,6248.3,05.1051,1.10273,05.6239
2026-05-27T10:07:47.542987,6249.3,05.1097,1.27194,06.4868
2026-05-27T10:07:48.563990,6250.3,05.1137,1.05294,05.3805
2026-05-27T10:07:49.587491,6251.3,05.1067,1.06462,05.4295
2026-05-27T10:07:50.561248,6252.3,05.1069,1.05040,05.3570
2026-05-27T10:07:51.583699,6253.3,05.1070,1.01894,05.1965
2026-05-27T10:07:52.561976,6254.3,05.1106,1.13179,05.7834
2026-05-27T10:07:53.583524,6255.3,05.0945,1.24392,06.3315
2026-05-27T10:07:54.558179,6256.3,05.1083,0.77833,03.9694
2026-05-27T10:07:55.576747,6257.3,05.1078,0.67328,03.4337
2026-05-27T10:07:56.550317,6258.3,05.1066,1.05630,05.3871
2026-05-27T10:07:57.571059,6259.3,05.0955,1.22078,06.2137
2026-05-27T10:07:58.546689,6260.3,05.1128,1.13724,05.8112
2026-05-27T10:07:59.568087,6261.3,05.1087,1.01640,05.1836
2026-05-27T10:08:00.588538,6262.3,05.1074,1.22124,06.2283
2026-05-27T10:08:01.563744,6263.3,05.1128,1.16240,05.9398
2026-05-27T10:08:02.583528,6264.3,05.1097,1.09498,05.5843
2026-05-27T10:08:03.560940,6265.3,05.1041,1.14290,05.8287
2026-05-27T10:08:04.583572,6266.3,05.1159,1.15514,05.9027
2026-05-27T10:08:05.557294,6267.3,05.1070,1.08890,05.5533
2026-05-27T10:08:06.575813,6268.3,05.1030,1.15195,05.8749
2026-05-27T10:08:07.547308,6269.3,05.1087,0.77787,03.9671
2026-05-27T10:08:08.561575,6270.3,05.1095,0.77678,03.9615
2026-05-27T10:08:09.583265,6271.3,05.1116,1.11544,05.6998
2026-05-27T10:08:10.563123,6272.3,05.1074,1.14399,05.8343
2026-05-27T10:08:11.583261,6273.3,05.1008,1.03963,05.3021
2026-05-27T10:08:12.556470,6274.3,05.1108,1.03731,05.3006
2026-05-27T10:08:13.574598,6275.3,05.1082,1.15039,05.8669
2026-05-27T10:08:14.549474,6276.3,05.1047,1.04240,05.3162
2026-05-27T10:08:15.570773,6277.3,05.1072,1.13486,05.7877
2026-05-27T10:08:16.591654,6278.3,05.1028,1.10448,05.6328
2026-05-27T10:08:17.566144,6279.3,05.1108,1.03502,05.2889
2026-05-27T10:08:18.586860,6280.3,05.1141,1.09507,05.5958
2026-05-27T10:08:19.556769,6281.3,05.1067,1.13046,05.7653
2026-05-27T10:08:20.574733,6282.3,05.1084,0.77787,03.9671
2026-05-27T10:08:21.589695,6283.3,05.1114,0.70330,03.5938
2026-05-27T10:08:22.563495,6284.3,05.1075,1.06261,05.4193
2026-05-27T10:08:23.585685,6285.3,05.1130,1.12930,05.7707
2026-05-27T10:08:24.560875,6286.3,05.1050,1.11478,05.6853
2026-05-27T10:08:25.581447,6287.3,05.1141,1.03530,05.2903
2026-05-27T10:08:26.555639,6288.3,05.1037,1.03995,05.3037
2026-05-27T10:08:27.573590,6289.3,05.1042,1.04491,05.3290
2026-05-27T10:08:28.551453,6290.3,05.1100,1.11713,05.7085
2026-05-27T10:08:29.573334,6291.3,05.1126,1.19933,06.1285
2026-05-27T10:08:30.591833,6292.3,05.1033,1.11837,05.7036
2026-05-27T10:08:31.566169,6293.3,05.1089,1.11734,05.6984
2026-05-27T10:08:32.584319,6294.3,05.1097,1.35597,06.9154
2026-05-27T10:08:33.556190,6295.3,05.1074,0.78007,03.9783
2026-05-27T10:08:34.573723,6296.3,05.1078,0.77734,03.9644
2026-05-27T10:08:35.591388,6297.3,05.1067,1.08194,05.5178
2026-05-27T10:08:36.567328,6298.3,05.1058,1.11441,05.6834
2026-05-27T10:08:37.586688,6299.3,05.1086,1.13747,05.8010
2026-05-27T10:08:38.563546,6300.3,05.1078,1.16328,05.9327
2026-05-27T10:08:39.583919,6301.3,05.1180,1.08887,05.5641
2026-05-27T10:08:40.558193,6302.3,05.1095,1.03010,05.2535
2026-05-27T10:08:41.575098,6303.3,05.1087,0.99949,05.0973
2026-05-27T10:08:42.595770,6304.3,05.1076,1.04488,05.3288
2026-05-27T10:08:43.568778,6305.3,05.1095,1.23670,06.3071
2026-05-27T10:08:44.589195,6306.3,05.1082,1.10339,05.6272
2026-05-27T10:08:45.563122,6307.3,05.1073,1.49124,07.6053
2026-05-27T10:08:46.577887,6308.3,05.1119,0.77895,03.9804
2026-05-27T10:08:47.593607,6309.3,05.1082,0.71192,03.6307
2026-05-27T10:08:48.566856,6310.3,05.1080,1.12244,05.7244
2026-05-27T10:08:49.586699,6311.3,05.0995,1.13027,05.7530
2026-05-27T10:08:50.559286,6312.3,05.1095,1.10978,05.6598
2026-05-27T10:08:51.578074,6313.3,05.1142,1.02910,05.2587
2026-05-27T10:08:52.599333,6314.3,05.1133,1.15290,05.8913
2026-05-27T10:08:53.571602,6315.3,05.1066,1.16390,05.9358
2026-05-27T10:08:54.590396,6316.3,05.1075,1.05595,05.3853
2026-05-27T10:08:55.565193,6317.3,05.1084,1.24900,06.3699
2026-05-27T10:08:56.584549,6318.3,05.1075,1.19096,06.0738
2026-05-27T10:08:57.558333,6319.3,05.1144,1.20622,06.1637
2026-05-27T10:08:58.577596,6320.3,05.1156,1.26877,06.4834
2026-05-27T10:08:59.598252,6321.3,05.1087,0.77561,03.9556
2026-05-27T10:09:00.568900,6322.3,05.1094,0.77531,03.9540
2026-05-27T10:09:01.588814,6323.3,05.1048,1.07123,05.4632
2026-05-27T10:09:02.562810,6324.3,05.1055,1.08842,05.5509
2026-05-27T10:09:03.581587,6325.3,05.0920,1.10779,05.6386
2026-05-27T10:09:04.598273,6326.3,05.1101,1.19207,06.0914
2026-05-27T10:09:05.572007,6327.3,05.1134,1.21864,06.2272
2026-05-27T10:09:06.594322,6328.3,05.1045,1.03231,05.2647
2026-05-27T10:09:07.569963,6329.3,05.1067,1.16504,05.9417
2026-05-27T10:09:08.590794,6330.3,05.1086,1.04190,05.3136
2026-05-27T10:09:09.565747,6331.3,05.1058,1.05061,05.3581
2026-05-27T10:09:10.587931,6332.3,05.1134,1.16942,05.9757
2026-05-27T10:09:11.562160,6333.3,05.1048,1.13075,05.7668
2026-05-27T10:09:12.583930,6334.3,05.1048,0.81510,04.1570
2026-05-27T10:09:13.602485,6335.3,05.1077,0.68472,03.4920
2026-05-27T10:09:14.578059,6336.3,05.0901,1.09069,05.5516
2026-05-27T10:09:15.599203,6337.3,05.1000,1.13511,05.7890
2026-05-27T10:09:16.572329,6338.3,05.1058,1.09601,05.5896
2026-05-27T10:09:17.594056,6339.3,05.1054,1.11818,05.7027
2026-05-27T10:09:18.572101,6340.3,05.1080,1.08120,05.5141
2026-05-27T10:09:19.591511,6341.3,05.1100,1.20058,06.1349
2026-05-27T10:09:20.566411,6342.3,05.1083,1.23041,06.2750
2026-05-27T10:09:21.586207,6343.3,05.1003,1.29106,06.5844
2026-05-27T10:09:22.605731,6344.3,05.1123,1.15408,05.8973
2026-05-27T10:09:23.581899,6345.3,05.1041,1.05677,05.3895
2026-05-27T10:09:24.599839,6346.3,05.1106,1.15496,05.9018
2026-05-27T10:09:25.575319,6347.3,05.1087,0.77985,03.9772
2026-05-27T10:09:26.591786,6348.3,05.1073,0.77901,03.9729
2026-05-27T10:09:27.565692,6349.3,05.1030,1.08136,05.5149
2026-05-27T10:09:28.585298,6350.3,05.1117,1.14882,05.8704
2026-05-27T10:09:29.607631,6351.3,05.1072,1.11753,05.6994
2026-05-27T10:09:30.582191,6352.3,05.1155,1.09344,05.5874
2026-05-27T10:09:31.603537,6353.3,05.1166,1.04572,05.3436
2026-05-27T10:09:32.581100,6354.3,05.1092,1.10793,05.6504
2026-05-27T10:09:33.601829,6355.3,05.1161,1.16375,05.9467
2026-05-27T10:09:34.579813,6356.3,05.1091,1.07990,05.5074
2026-05-27T10:09:35.600639,6357.3,05.1106,1.08809,05.5601
2026-05-27T10:09:36.574122,6358.3,05.1083,1.22206,06.2325
2026-05-27T10:09:37.593999,6359.3,05.1003,1.24532,06.3511
2026-05-27T10:09:38.566317,6360.3,05.1111,0.77954,03.9834
2026-05-27T10:09:39.580772,6361.3,05.1091,0.73101,03.7281
2026-05-27T10:09:40.599020,6362.3,05.0922,1.10281,05.6133
2026-05-27T10:09:41.573520,6363.3,05.1055,1.20398,06.1402
2026-05-27T10:09:42.593461,6364.3,05.1028,1.17193,05.9768
2026-05-27T10:09:43.566325,6365.3,05.1125,1.09905,05.6161
2026-05-27T10:09:44.588463,6366.3,05.1114,1.16225,05.9390
2026-05-27T10:09:45.608243,6367.3,05.1090,1.04872,05.3484
2026-05-27T10:09:46.582918,6368.3,05.1087,1.15245,05.8774
2026-05-27T10:09:47.601850,6369.3,05.1033,1.15134,05.8718
2026-05-27T10:09:48.579579,6370.3,05.1050,1.06379,05.4253
2026-05-27T10:09:49.599790,6371.3,05.1117,1.14095,05.8302
2026-05-27T10:09:50.576719,6372.3,05.0917,1.21394,06.1789
2026-05-27T10:09:51.594953,6373.3,05.1051,0.79950,04.0774
2026-05-27T10:09:52.608397,6374.3,05.1085,0.77782,03.9668
2026-05-27T10:09:53.579631,6375.3,05.1083,1.28303,06.5434
2026-05-27T10:09:54.601192,6376.3,05.1001,1.12252,05.7248
2026-05-27T10:09:55.575323,6377.3,05.1095,1.14862,05.8579
2026-05-27T10:09:56.595723,6378.3,05.1114,1.10936,05.6688
2026-05-27T10:09:57.569548,6379.3,05.1092,1.13037,05.7648
2026-05-27T10:09:58.586582,6380.3,05.1086,1.10598,05.6404
2026-05-27T10:09:59.606016,6381.3,05.1019,1.07290,05.4717
2026-05-27T10:10:00.578543,6382.3,05.1084,1.13414,05.7841
2026-05-27T10:10:01.600108,6383.3,05.1130,1.11506,05.6979
2026-05-27T10:10:02.572806,6384.3,05.1170,1.16099,05.9326
2026-05-27T10:10:03.591314,6385.3,05.1097,1.20359,06.1383
2026-05-27T10:10:04.611184,6386.3,05.1136,0.78027,03.9871
2026-05-27T10:10:05.581238,6387.3,05.1081,0.68436,03.4902
2026-05-27T10:10:06.598858,6388.3,05.1148,1.15031,05.8780
2026-05-27T10:10:07.572539,6389.3,05.1087,1.09869,05.6033
2026-05-27T10:10:08.591903,6390.3,05.1117,1.23413,06.3064
2026-05-27T10:10:09.612054,6391.3,05.1145,1.07539,05.4952
2026-05-27T10:10:10.586160,6392.3,05.1119,1.24112,06.3421
2026-05-27T10:10:11.609187,6393.3,05.0945,1.19456,06.0803
2026-05-27T10:10:12.584274,6394.3,05.1069,1.07130,05.4636
2026-05-27T10:10:13.608404,6395.3,05.1042,1.19441,06.0914
2026-05-27T10:10:14.582069,6396.3,05.1031,1.12652,05.7452
2026-05-27T10:10:15.601995,6397.3,05.1119,1.11265,05.6856
2026-05-27T10:10:16.579696,6398.3,05.1231,1.09611,05.6120
2026-05-27T10:10:17.600643,6399.3,05.1016,0.77720,03.9637
2026-05-27T10:10:18.618252,6400.3,05.1081,0.77784,03.9669
2026-05-27T10:10:19.593050,6401.3,05.1073,1.11970,05.7104
2026-05-27T10:10:20.614617,6402.3,05.1181,1.16220,05.9388
2026-05-27T10:10:21.590498,6403.3,05.1094,1.03083,05.2572
2026-05-27T10:10:22.612651,6404.3,05.1051,1.06132,05.4127
2026-05-27T10:10:23.589001,6405.3,05.1098,1.15253,05.8779
2026-05-27T10:10:24.612615,6406.3,05.1080,1.25193,06.3848
2026-05-27T10:10:25.586629,6407.3,05.1023,1.21738,06.2086
2026-05-27T10:10:26.606021,6408.3,05.1105,1.15662,05.9103
2026-05-27T10:10:27.578872,6409.3,05.1125,1.11970,05.7216
2026-05-27T10:10:28.596985,6410.3,05.1041,1.08946,05.5562
2026-05-27T10:10:29.614766,6411.3,05.1159,1.30138,06.6500
2026-05-27T10:10:30.590051,6412.3,05.1080,0.78185,03.9874
2026-05-27T10:10:31.605701,6413.3,05.1056,0.76070,03.8795
2026-05-27T10:10:32.578027,6414.3,05.1034,1.13738,05.8006
2026-05-27T10:10:33.597791,6415.3,05.1101,1.05785,05.4056
2026-05-27T10:10:34.618031,6416.3,05.1086,1.14136,05.8209
2026-05-27T10:10:35.594204,6417.3,05.1003,1.07071,05.4606
2026-05-27T10:10:36.612247,6418.3,05.1147,1.28738,06.5785
2026-05-27T10:10:37.587663,6419.3,05.1167,1.17395,05.9988
2026-05-27T10:10:38.608821,6420.3,05.1075,1.05483,05.3796
2026-05-27T10:10:39.580691,6421.3,05.1087,1.13177,05.7720
2026-05-27T10:10:40.600108,6422.3,05.1085,1.13178,05.7720
2026-05-27T10:10:41.618335,6423.3,05.1133,1.14785,05.8655
2026-05-27T10:10:42.592792,6424.3,05.1194,1.21634,06.2154
2026-05-27T10:10:43.609528,6425.3,05.1101,0.78023,03.9869
2026-05-27T10:10:44.622217,6426.3,05.1085,0.77817,03.9686
2026-05-27T10:10:45.595471,6427.3,05.1142,1.17874,06.0233
2026-05-27T10:10:46.613756,6428.3,05.1050,1.09244,05.5714
2026-05-27T10:10:47.587614,6429.3,05.1067,1.12523,05.7386
2026-05-27T10:10:48.605473,6430.3,05.1050,1.08906,05.5542
2026-05-27T10:10:49.622113,6431.3,05.1067,1.12728,05.7491
2026-05-27T10:10:50.590940,6432.3,05.1139,1.05663,05.3993
2026-05-27T10:10:51.608624,6433.3,05.1045,1.16396,05.9361
2026-05-27T10:10:52.581387,6434.3,05.1126,1.06083,05.4208
2026-05-27T10:10:53.601278,6435.3,05.1062,1.19122,06.0752
2026-05-27T10:10:54.620832,6436.3,05.1047,1.02896,05.2476
2026-05-27T10:10:55.591176,6437.3,05.0864,1.22798,06.2381
2026-05-27T10:10:56.608492,6438.3,05.1092,0.78252,03.9908
2026-05-27T10:10:57.626521,6439.3,05.1092,0.76807,03.9171
2026-05-27T10:10:58.597810,6440.3,05.1022,1.11751,05.6993
2026-05-27T10:10:59.619043,6441.3,05.1072,1.19463,06.0926
2026-05-27T10:11:00.590536,6442.3,05.1108,1.10633,05.6533
2026-05-27T10:11:01.610263,6443.3,05.1081,1.06215,05.4169
2026-05-27T10:11:02.584299,6444.3,05.0947,1.18110,06.0117
2026-05-27T10:11:03.600601,6445.3,05.1155,1.18036,06.0316
2026-05-27T10:11:04.619870,6446.3,05.0984,1.08380,05.5165
2026-05-27T10:11:05.596871,6447.3,05.1130,1.13167,05.7828
2026-05-27T10:11:06.615628,6448.3,05.1060,1.07177,05.4660
2026-05-27T10:11:07.586649,6449.3,05.1067,1.09614,05.5903
2026-05-27T10:11:08.607945,6450.3,05.1142,1.18282,06.0442
2026-05-27T10:11:09.629743,6451.3,05.1158,0.78063,03.9890
2026-05-27T10:11:10.602616,6452.3,05.1094,0.77932,03.9745
2026-05-27T10:11:11.622761,6453.3,05.1184,1.01926,05.2084
2026-05-27T10:11:12.597945,6454.3,05.1058,1.04637,05.3364
2026-05-27T10:11:13.619001,6455.3,05.1041,1.04349,05.3217
2026-05-27T10:11:14.595091,6456.3,05.0981,1.05614,05.3757
2026-05-27T10:11:15.617181,6457.3,05.1125,1.16377,05.9468
2026-05-27T10:11:16.590983,6458.3,05.0994,1.18572,06.0353
2026-05-27T10:11:17.609282,6459.3,05.0922,1.31672,06.7021
2026-05-27T10:11:18.625931,6460.3,05.1067,1.07625,05.4888
2026-05-27T10:11:19.598589,6461.3,05.1086,1.18547,06.0458
2026-05-27T10:11:20.615428,6462.3,05.1114,1.12503,05.7489
2026-05-27T10:11:21.588211,6463.3,05.0981,1.14695,05.8379
2026-05-27T10:11:22.604602,6464.3,05.1131,0.78024,03.9870
2026-05-27T10:11:23.617535,6465.3,05.1087,0.73499,03.7484
2026-05-27T10:11:24.633022,6466.3,05.1150,1.09360,05.5882
2026-05-27T10:11:25.607920,6467.3,05.0984,1.26244,06.4258
2026-05-27T10:11:26.623028,6468.3,05.1178,1.23208,06.2959
2026-05-27T10:11:27.596799,6469.3,05.1142,1.19491,06.1059
2026-05-27T10:11:28.616628,6470.3,05.0933,1.11895,05.6954
2026-05-27T10:11:29.591244,6471.3,05.1056,1.06808,05.4472
2026-05-27T10:11:30.608262,6472.3,05.1126,1.04336,05.3315
2026-05-27T10:11:31.627094,6473.3,05.1166,1.13188,05.7839
2026-05-27T10:11:32.598667,6474.3,05.1128,1.19607,06.1119
2026-05-27T10:11:33.619776,6475.3,05.1103,1.15869,05.9209
2026-05-27T10:11:34.594922,6476.3,05.1111,1.16408,05.9484
2026-05-27T10:11:35.613788,6477.3,05.1011,0.78353,03.9960
2026-05-27T10:11:36.630699,6478.3,05.1068,0.78057,03.9809
2026-05-27T10:11:37.603233,6479.3,05.1141,1.11571,05.7012
2026-05-27T10:11:38.624044,6480.3,05.1170,1.10786,05.6611
2026-05-27T10:11:39.600202,6481.3,05.0900,1.07417,05.4675
2026-05-27T10:11:40.620175,6482.3,05.1106,1.31135,06.7009
2026-05-27T10:11:41.593632,6483.3,05.1045,1.02862,05.2459
2026-05-27T10:11:42.613698,6484.3,05.0991,1.19014,06.0578
2026-05-27T10:11:43.631305,6485.3,05.0998,1.11975,05.6995
2026-05-27T10:11:44.603196,6486.3,05.1068,1.06524,05.4327
2026-05-27T10:11:45.621055,6487.3,05.1067,1.15085,05.8693
2026-05-27T10:11:46.639285,6488.3,05.1094,1.16597,05.9464
2026-05-27T10:11:47.608766,6489.3,05.0936,1.22886,06.2548
2026-05-27T10:11:48.628591,6490.3,05.1094,0.78210,03.9887
2026-05-27T10:11:49.597962,6491.3,05.1075,0.78022,03.9791
2026-05-27T10:11:50.612874,6492.3,05.1086,1.06426,05.4277
2026-05-27T10:11:51.629686,6493.3,05.1088,1.13311,05.7788
2026-05-27T10:11:52.601677,6494.3,05.1100,1.07614,05.4990
2026-05-27T10:11:53.621428,6495.3,05.1070,1.25139,06.3820
2026-05-27T10:11:54.638493,6496.3,05.1123,1.32563,06.7739
2026-05-27T10:11:55.611746,6497.3,05.1153,1.16071,05.9312
2026-05-27T10:11:56.631963,6498.3,05.1082,1.12199,05.7221
2026-05-27T10:11:57.605483,6499.3,05.1039,1.09874,05.6035
2026-05-27T10:11:58.625284,6500.3,05.1141,1.11245,05.6846
2026-05-27T10:11:59.598410,6501.3,05.1134,1.27021,06.4907
2026-05-27T10:12:00.614373,6502.3,05.1055,1.09969,05.6084
2026-05-27T10:12:01.630469,6503.3,05.0966,0.93935,04.7812
2026-05-27T10:12:02.599923,6504.3,05.1075,0.77667,03.9610
2026-05-27T10:12:03.616236,6505.3,05.1039,1.36654,06.9693
2026-05-27T10:12:04.635730,6506.3,05.1130,1.15746,05.9146
2026-05-27T10:12:05.610500,6507.3,05.0930,0.96354,04.9044
2026-05-27T10:12:06.631175,6508.3,05.0933,1.03989,05.2930
2026-05-27T10:12:07.601589,6509.3,05.1123,1.13286,05.7889
2026-05-27T10:12:08.618052,6510.3,05.1050,1.12904,05.7581
2026-05-27T10:12:09.638986,6511.3,05.1078,1.19012,06.0696
2026-05-27T10:12:10.613566,6512.3,05.1034,1.14372,05.8329
2026-05-27T10:12:11.633273,6513.3,05.1076,1.08364,05.5265
2026-05-27T10:12:12.609609,6514.3,05.1120,1.18320,06.0461
2026-05-27T10:12:13.627839,6515.3,05.1003,1.26052,06.4286
2026-05-27T10:12:14.605977,6516.3,05.1103,0.78147,03.9933
2026-05-27T10:12:15.621590,6517.3,05.1103,0.78055,03.9886
2026-05-27T10:12:16.636614,6518.3,05.1153,1.28685,06.5758
2026-05-27T10:12:17.610694,6519.3,05.1158,1.29371,06.6108
2026-05-27T10:12:18.629565,6520.3,05.1108,1.09758,05.6086
2026-05-27T10:12:19.602667,6521.3,05.1020,1.16227,05.9275
2026-05-27T10:12:20.622957,6522.3,05.0972,1.10674,05.6333
2026-05-27T10:12:21.641667,6523.3,05.1128,1.09816,05.6115
2026-05-27T10:12:22.612880,6524.3,05.1166,1.12914,05.7699
2026-05-27T10:12:23.629601,6525.3,05.1092,1.16169,05.9246
2026-05-27T10:12:24.601967,6526.3,05.1062,1.13482,05.7875
2026-05-27T10:12:25.622106,6527.3,05.1042,1.10491,05.6350
2026-05-27T10:12:26.640715,6528.3,05.0900,1.27709,06.5003
2026-05-27T10:12:27.613823,6529.3,05.1161,0.78112,03.9915
2026-05-27T10:12:28.629161,6530.3,05.1098,0.82010,04.1825
2026-05-27T10:12:29.644866,6531.3,05.1100,0.94782,04.8433
2026-05-27T10:12:30.615383,6532.3,05.1096,0.95274,04.8589
2026-05-27T10:12:31.633772,6533.3,05.1090,0.95261,04.8583
