timestamp,total,available,used,percent,free,active,inactive,buffers,cached
2026-07-09T01:00:48.202670,17006837760,16339173376,667664384,3.9,13881769984,972996608,1884504064,118898688,2479210496
2026-07-09T01:00:49.204004,17006837760,16329654272,677183488,4.0,13872250880,986398720,1884504064,118898688,2479243264
2026-07-09T01:00:50.205003,17006837760,16329162752,677675008,4.0,13871759360,986398720,1884504064,118898688,2479243264
2026-07-09T01:00:51.205425,17006837760,16329162752,677675008,4.0,13871759360,986398720,1884504064,118898688,2479243264
2026-07-09T01:00:52.205768,17006837760,16332570624,674267136,4.0,13875167232,986398720,1884504064,118898688,2479243264
2026-07-09T01:00:53.206343,17006837760,16308912128,697925632,4.1,13851508736,998440960,1884504064,118898688,2479243264
2026-07-09T01:00:54.207743,17006837760,16304488448,702349312,4.1,13847085056,999964672,1884504064,118898688,2479243264
2026-07-09T01:00:55.208186,17006837760,16302538752,704299008,4.1,13845135360,999964672,1884504064,118898688,2479243264
2026-07-09T01:00:56.208671,17006837760,16305733632,701104128,4.1,13848330240,999964672,1884504064,118898688,2479243264
2026-07-09T01:00:57.209287,17006837760,16309321728,697516032,4.1,13851918336,999964672,1884504064,118898688,2479243264
2026-07-09T01:00:58.210176,17006837760,16309485568,697352192,4.1,13852082176,999964672,1884504064,118898688,2479243264
2026-07-09T01:00:59.210531,17006837760,16307617792,699219968,4.1,13850214400,999964672,1884504064,118898688,2479243264
2026-07-09T01:01:00.210965,17006837760,16302653440,704184320,4.1,13845250048,999964672,1884504064,118898688,2479243264
2026-07-09T01:01:01.211444,17006837760,16299048960,707788800,4.2,13841645568,1002504192,1884504064,118898688,2479243264
2026-07-09T01:01:02.217382,17006837760,16298295296,708542464,4.2,13840891904,1002504192,1884504064,118898688,2479243264
2026-07-09T01:01:03.218233,17006837760,16298672128,708165632,4.2,13841268736,1002504192,1884504064,118898688,2479243264
2026-07-09T01:01:04.219036,17006837760,16299753472,707084288,4.2,13842350080,1002504192,1884504064,118898688,2479243264
2026-07-09T01:01:05.219886,17006837760,16300916736,705921024,4.2,13843513344,1002504192,1884504064,118898688,2479243264
2026-07-09T01:01:06.220859,17006837760,16301899776,704937984,4.1,13844496384,1002504192,1884504064,118898688,2479243264
2026-07-09T01:01:07.221541,17006837760,16298770432,708067328,4.2,13841367040,1002504192,1884504064,118898688,2479243264
2026-07-09T01:01:08.222052,17006837760,16283648000,723189760,4.3,13826244608,1002504192,1884504064,118898688,2479243264
2026-07-09T01:01:09.222688,17006837760,16286875648,719962112,4.2,13829472256,1002504192,1884504064,118898688,2479243264
2026-07-09T01:01:10.223169,17006837760,16288415744,718422016,4.2,13831012352,1002504192,1884504064,118898688,2479259648
2026-07-09T01:01:11.223849,17006837760,16292167680,714670080,4.2,13834764288,1002504192,1884504064,118898688,2479259648
2026-07-09T01:01:12.224655,17006837760,16297312256,709525504,4.2,13839908864,1002504192,1884504064,118898688,2479259648
2026-07-09T01:01:13.225756,17006837760,16302243840,704593920,4.1,13844840448,1002504192,1884504064,118898688,2479259648
2026-07-09T01:01:14.227018,17006837760,16308142080,698695680,4.1,13850738688,1002504192,1884504064,118898688,2479259648
2026-07-09T01:01:15.227657,17006837760,16313155584,693682176,4.1,13855752192,1002504192,1884504064,118898688,2479259648
2026-07-09T01:01:16.228194,17006837760,16317317120,689520640,4.1,13859913728,1002504192,1884504064,118898688,2479259648
2026-07-09T01:01:17.238018,17006837760,16320970752,685867008,4.0,13863567360,1002700800,1884504064,118898688,2479259648
2026-07-09T01:01:18.238696,17006837760,16325525504,681312256,4.0,13868122112,1002700800,1884504064,118898688,2479259648
2026-07-09T01:01:19.239158,17006837760,16325738496,681099264,4.0,13868335104,1002700800,1884504064,118898688,2479259648
2026-07-09T01:01:20.239506,17006837760,16329900032,676937728,4.0,13872496640,1002700800,1884504064,118898688,2479259648
2026-07-09T01:01:21.239862,17006837760,16329408512,677429248,4.0,13872005120,1002700800,1884504064,118898688,2479259648
2026-07-09T01:01:22.240229,17006837760,16332161024,674676736,4.0,13874757632,1002848256,1884504064,118898688,2479259648
2026-07-09T01:01:23.240591,17006837760,16332161024,674676736,4.0,13874757632,1002848256,1884504064,118898688,2479259648
2026-07-09T01:01:24.240955,17006837760,16335175680,671662080,3.9,13877772288,1002848256,1884504064,118898688,2479259648
2026-07-09T01:01:25.241330,17006837760,16335175680,671662080,3.9,13877772288,1002848256,1884504064,118898688,2479259648
2026-07-09T01:01:26.241695,17006837760,16339304448,667533312,3.9,13881901056,1002848256,1884504064,118898688,2479259648
2026-07-09T01:01:27.242066,17006837760,16339304448,667533312,3.9,13881901056,1002848256,1884504064,118898688,2479259648
2026-07-09T01:01:28.242421,17006837760,16339599360,667238400,3.9,13882195968,1002848256,1884504064,118898688,2479259648
2026-07-09T01:01:29.242832,17006837760,16341630976,665206784,3.9,13884227584,1002848256,1884504064,118898688,2479259648
2026-07-09T01:01:30.243674,17006837760,16341139456,665698304,3.9,13883736064,1002848256,1884504064,118898688,2479259648
2026-07-09T01:01:31.244170,17006837760,16343367680,663470080,3.9,13885964288,1002848256,1884504064,118898688,2479259648
2026-07-09T01:01:32.244451,17006837760,16343531520,663306240,3.9,13886128128,1002848256,1884504064,118898688,2479276032
2026-07-09T01:01:33.244734,17006837760,16344137728,662700032,3.9,13886734336,1002848256,1884504064,118898688,2479276032
2026-07-09T01:01:34.245016,17006837760,16346693632,660144128,3.9,13889290240,1002848256,1884504064,118898688,2479276032
2026-07-09T01:01:35.245381,17006837760,16346710016,660127744,3.9,13889306624,1002848256,1884504064,118898688,2479276032
2026-07-09T01:01:36.245744,17006837760,16347889664,658948096,3.9,13890486272,1002848256,1884504064,118898688,2479276032
2026-07-09T01:01:37.246105,17006837760,16347267072,659570688,3.9,13889863680,1002848256,1884504064,118898688,2479276032
2026-07-09T01:01:38.246460,17006837760,16348119040,658718720,3.9,13890715648,1002848256,1884504064,118898688,2479276032
2026-07-09T01:01:39.246822,17006837760,16348659712,658178048,3.9,13891256320,1002848256,1884504064,118898688,2479276032
2026-07-09T01:01:40.247127,17006837760,16349446144,657391616,3.9,13892042752,1002848256,1884504064,118898688,2479276032
2026-07-09T01:01:41.247481,17006837760,16349446144,657391616,3.9,13892042752,1002848256,1884504064,118898688,2479276032
2026-07-09T01:01:42.247834,17006837760,16342794240,664043520,3.9,13885390848,1002848256,1884504064,118898688,2479276032
2026-07-09T01:01:43.248187,17006837760,16344121344,662716416,3.9,13886717952,1002848256,1884504064,118898688,2479276032
2026-07-09T01:01:44.248541,17006837760,16345448448,661389312,3.9,13888045056,1002848256,1884504064,118898688,2479276032
2026-07-09T01:01:45.248951,17006837760,16347185152,659652608,3.9,13889781760,1002848256,1884504064,118898688,2479276032
2026-07-09T01:01:46.249323,17006837760,16348332032,658505728,3.9,13890928640,1002848256,1884504064,118898688,2479276032
2026-07-09T01:01:47.249681,17006837760,16349396992,657440768,3.9,13891993600,1002848256,1884504064,118898688,2479276032
2026-07-09T01:01:48.250040,17006837760,16348676096,658161664,3.9,13891256320,1002848256,1884520448,118898688,2479276032
2026-07-09T01:01:49.250342,17006837760,16349380608,657457152,3.9,13891960832,1002848256,1884520448,118898688,2479276032
2026-07-09T01:01:50.250693,17006837760,16350167040,656670720,3.9,13892747264,1002848256,1884520448,118898688,2479276032
2026-07-09T01:01:51.250970,17006837760,16351084544,655753216,3.9,13893664768,1002848256,1884520448,118898688,2479276032
2026-07-09T01:01:52.251249,17006837760,16351084544,655753216,3.9,13893664768,1002848256,1884520448,118898688,2479276032
2026-07-09T01:01:53.251615,17006837760,16352182272,654655488,3.8,13894762496,1002848256,1884520448,118898688,2479276032
2026-07-09T01:01:54.252023,17006837760,16352100352,654737408,3.8,13894680576,1002848256,1884520448,118898688,2479276032
2026-07-09T01:01:55.252505,17006837760,16352100352,654737408,3.8,13894680576,1002848256,1884520448,118898688,2479292416
2026-07-09T01:01:56.252970,17006837760,16352854016,653983744,3.8,13895434240,1002848256,1884520448,118898688,2479292416
2026-07-09T01:01:57.253335,17006837760,16353591296,653246464,3.8,13896171520,1002848256,1884520448,118898688,2479292416
2026-07-09T01:01:58.253699,17006837760,16353345536,653492224,3.8,13895909376,1003061248,1884536832,118898688,2479292416
2026-07-09T01:01:59.254038,17006837760,16352804864,654032896,3.8,13895368704,1003061248,1884536832,118898688,2479292416
2026-07-09T01:02:00.254389,17006837760,16353329152,653508608,3.8,13895892992,1003061248,1884536832,118898688,2479292416
2026-07-09T01:02:01.254752,17006837760,16350314496,656523264,3.9,13892878336,1003061248,1884536832,118898688,2479292416
2026-07-09T01:02:02.257582,17006837760,16350543872,656293888,3.9,13893107712,1003061248,1884536832,118898688,2479292416
2026-07-09T01:02:03.258414,17006837760,16351772672,655065088,3.9,13894336512,1003061248,1884536832,118898688,2479292416
2026-07-09T01:02:04.258693,17006837760,16352002048,654835712,3.9,13894565888,1003061248,1884536832,118898688,2479292416
2026-07-09T01:02:05.258975,17006837760,16352935936,653901824,3.8,13895499776,1003061248,1884536832,118898688,2479292416
2026-07-09T01:02:06.259264,17006837760,16353902592,652935168,3.8,13896466432,1003061248,1884536832,118898688,2479292416
2026-07-09T01:02:07.259541,17006837760,16354656256,652181504,3.8,13897220096,1003061248,1884536832,118898688,2479292416
2026-07-09T01:02:08.259878,17006837760,16355409920,651427840,3.8,13897973760,1003061248,1884536832,118898688,2479292416
2026-07-09T01:02:09.260238,17006837760,16354934784,651902976,3.8,13897498624,1003061248,1884536832,118898688,2479292416
2026-07-09T01:02:10.260597,17006837760,16354951168,651886592,3.8,13897515008,1003061248,1884536832,118898688,2479292416
2026-07-09T01:02:11.260957,17006837760,16355196928,651640832,3.8,13897760768,1003061248,1884536832,118898688,2479292416
2026-07-09T01:02:12.261323,17006837760,16355442688,651395072,3.8,13898006528,1003061248,1884536832,118898688,2479292416
2026-07-09T01:02:13.265523,17006837760,16355180544,651657216,3.8,13897744384,1003061248,1884536832,118898688,2479292416
2026-07-09T01:02:14.265854,17006837760,16355770368,651067392,3.8,13898334208,1003061248,1884536832,118898688,2479292416
2026-07-09T01:02:15.266134,17006837760,16355524608,651313152,3.8,13898088448,1003061248,1884536832,118898688,2479292416
2026-07-09T01:02:16.266411,17006837760,16356032512,650805248,3.8,13898596352,1003061248,1884536832,118898688,2479292416
2026-07-09T01:02:17.266688,17006837760,16355540992,651296768,3.8,13898104832,1003061248,1884536832,118898688,2479308800
2026-07-09T01:02:18.267033,17006837760,16356016128,650821632,3.8,13898579968,1003094016,1884536832,118898688,2479308800
2026-07-09T01:02:19.267413,17006837760,16356261888,650575872,3.8,13898825728,1003094016,1884536832,118898688,2479308800
2026-07-09T01:02:20.267860,17006837760,16356720640,650117120,3.8,13899284480,1003094016,1884536832,118898688,2479308800
2026-07-09T01:02:21.268331,17006837760,16357163008,649674752,3.8,13899726848,1003094016,1884536832,118898688,2479308800
2026-07-09T01:02:22.268692,17006837760,16356425728,650412032,3.8,13898989568,1003094016,1884536832,118898688,2479308800
2026-07-09T01:02:23.269131,17006837760,16355704832,651132928,3.8,13898268672,1003094016,1884536832,118898688,2479308800
2026-07-09T01:02:24.269570,17006837760,16355983360,650854400,3.8,13898547200,1003094016,1884536832,118898688,2479308800
2026-07-09T01:02:25.269896,17006837760,16355737600,651100160,3.8,13898301440,1003094016,1884536832,118898688,2479308800
2026-07-09T01:02:26.270177,17006837760,16356474880,650362880,3.8,13899038720,1003094016,1884536832,118898688,2479308800
2026-07-09T01:02:27.270451,17006837760,16356720640,650117120,3.8,13899284480,1003094016,1884536832,118898688,2479308800
2026-07-09T01:02:28.270728,17006837760,16357212160,649625600,3.8,13899776000,1003094016,1884536832,118898688,2479308800
2026-07-09T01:02:29.271046,17006837760,16356474880,650362880,3.8,13899038720,1003110400,1884536832,118898688,2479308800
2026-07-09T01:02:30.271407,17006837760,16356229120,650608640,3.8,13898792960,1003110400,1884536832,118898688,2479308800
2026-07-09T01:02:31.271711,17006837760,16356458496,650379264,3.8,13899022336,1003110400,1884536832,118898688,2479308800
2026-07-09T01:02:32.271992,17006837760,16356933632,649904128,3.8,13899497472,1003110400,1884536832,118898688,2479308800
2026-07-09T01:02:33.272275,17006837760,16357031936,649805824,3.8,13899595776,1003110400,1884536832,118898688,2479308800
2026-07-09T01:02:34.272561,17006837760,16356540416,650297344,3.8,13899104256,1003110400,1884536832,118898688,2479308800
2026-07-09T01:02:35.272847,17006837760,16356458496,650379264,3.8,13899022336,1003110400,1884536832,118898688,2479308800
2026-07-09T01:02:36.273193,17006837760,16356458496,650379264,3.8,13899022336,1003110400,1884536832,118898688,2479308800
2026-07-09T01:02:37.273590,17006837760,16356474880,650362880,3.8,13899038720,1003110400,1884536832,118898688,2479308800
2026-07-09T01:02:38.273893,17006837760,16356474880,650362880,3.8,13899038720,1003110400,1884536832,118898688,2479308800
2026-07-09T01:02:39.274188,17006837760,16356474880,650362880,3.8,13899038720,1003110400,1884536832,118898688,2479325184
2026-07-09T01:02:40.274466,17006837760,16355966976,650870784,3.8,13898530816,1003110400,1884536832,118898688,2479325184
2026-07-09T01:02:41.274745,17006837760,16356196352,650641408,3.8,13898760192,1003110400,1884536832,118898688,2479325184
2026-07-09T01:02:42.275024,17006837760,16356687872,650149888,3.8,13899251712,1003110400,1884536832,118898688,2479325184
2026-07-09T01:02:43.275407,17006837760,16356196352,650641408,3.8,13898760192,1003110400,1884536832,118898688,2479325184
2026-07-09T01:02:44.275762,17006837760,16355934208,650903552,3.8,13898498048,1003110400,1884536832,118898688,2479325184
2026-07-09T01:02:45.276187,17006837760,16356179968,650657792,3.8,13898743808,1003110400,1884536832,118898688,2479325184
2026-07-09T01:02:46.276528,17006837760,16356425728,650412032,3.8,13898989568,1003110400,1884536832,118898688,2479325184
2026-07-09T01:02:47.276807,17006837760,16355950592,650887168,3.8,13898514432,1003110400,1884536832,118898688,2479325184
2026-07-09T01:02:48.277086,17006837760,16356179968,650657792,3.8,13898743808,1003110400,1884536832,118898688,2479325184
2026-07-09T01:02:49.277380,17006837760,16356196352,650641408,3.8,13898743808,1003192320,1884553216,118898688,2479325184
2026-07-09T01:02:50.277655,17006837760,16356458496,650379264,3.8,13899005952,1003192320,1884553216,118898688,2479325184
2026-07-09T01:02:51.277992,17006837760,16356458496,650379264,3.8,13899005952,1003192320,1884553216,118898688,2479325184
2026-07-09T01:02:52.278294,17006837760,16357277696,649560064,3.8,13899825152,1003192320,1884553216,118898688,2479325184
2026-07-09T01:02:53.278577,17006837760,16357507072,649330688,3.8,13900054528,1003192320,1884553216,118898688,2479325184
2026-07-09T01:02:54.278854,17006837760,16356278272,650559488,3.8,13898825728,1003192320,1884553216,118898688,2479325184
2026-07-09T01:02:55.279139,17006837760,16356442112,650395648,3.8,13898989568,1003192320,1884553216,118898688,2479325184
2026-07-09T01:02:56.279432,17006837760,16357179392,649658368,3.8,13899726848,1003192320,1884553216,118898688,2479325184
2026-07-09T01:02:57.279776,17006837760,16357425152,649412608,3.8,13899972608,1003192320,1884553216,118898688,2479325184
2026-07-09T01:02:58.280118,17006837760,16357425152,649412608,3.8,13899972608,1003192320,1884553216,118898688,2479325184
2026-07-09T01:02:59.280411,17006837760,16356425728,650412032,3.8,13898973184,1003192320,1884553216,118898688,2479325184
2026-07-09T01:03:00.280692,17006837760,16355213312,651624448,3.8,13897760768,1003208704,1884553216,118898688,2479341568
2026-07-09T01:03:01.281013,17006837760,16354476032,652361728,3.8,13897023488,1003208704,1884553216,118898688,2479341568
2026-07-09T01:03:02.281369,17006837760,16354492416,652345344,3.8,13897039872,1003208704,1884553216,118898688,2479341568
2026-07-09T01:03:03.281650,17006837760,16354983936,651853824,3.8,13897531392,1003208704,1884553216,118898688,2479341568
2026-07-09T01:03:04.281994,17006837760,16354721792,652115968,3.8,13897269248,1003208704,1884553216,118898688,2479341568
2026-07-09T01:03:05.282359,17006837760,16355606528,651231232,3.8,13898153984,1003208704,1884553216,118898688,2479341568
2026-07-09T01:03:06.282794,17006837760,16355606528,651231232,3.8,13898153984,1003208704,1884553216,118898688,2479341568
2026-07-09T01:03:07.283140,17006837760,16356556800,650280960,3.8,13899104256,1003208704,1884553216,118898688,2479341568
2026-07-09T01:03:08.283423,17006837760,16355655680,651182080,3.8,13898203136,1003208704,1884553216,118898688,2479341568
2026-07-09T01:03:09.283768,17006837760,16356130816,650706944,3.8,13898678272,1003208704,1884553216,118898688,2479341568
2026-07-09T01:03:10.284105,17006837760,16357343232,649494528,3.8,13899890688,1003208704,1884553216,118898688,2479341568
2026-07-09T01:03:11.284438,17006837760,16356950016,649887744,3.8,13899497472,1003208704,1884553216,118898688,2479341568
2026-07-09T01:03:12.284789,17006837760,16356458496,650379264,3.8,13899005952,1003208704,1884553216,118898688,2479341568
2026-07-09T01:03:13.285134,17006837760,16356229120,650608640,3.8,13898776576,1003208704,1884553216,118898688,2479341568
2026-07-09T01:03:14.285407,17006837760,16354754560,652083200,3.8,13897302016,1003208704,1884553216,118898688,2479341568
2026-07-09T01:03:15.285686,17006837760,16355000320,651837440,3.8,13897547776,1003208704,1884553216,118898688,2479341568
2026-07-09T01:03:16.285962,17006837760,16355262464,651575296,3.8,13897809920,1003208704,1884553216,118898688,2479341568
2026-07-09T01:03:17.286339,17006837760,16354852864,651984896,3.8,13897400320,1003208704,1884553216,118898688,2479341568
2026-07-09T01:03:18.286691,17006837760,16355835904,651001856,3.8,13898383360,1003208704,1884553216,118898688,2479341568
2026-07-09T01:03:19.287050,17006837760,16354869248,651968512,3.8,13897400320,1003241472,1884569600,118898688,2479341568
2026-07-09T01:03:20.287468,17006837760,16354869248,651968512,3.8,13897400320,1003241472,1884569600,118898688,2479341568
2026-07-09T01:03:21.287814,17006837760,16355606528,651231232,3.8,13898137600,1003241472,1884569600,118898688,2479341568
2026-07-09T01:03:22.288095,17006837760,16355688448,651149312,3.8,13898219520,1003241472,1884569600,118898688,2479357952
2026-07-09T01:03:23.288363,17006837760,16350543872,656293888,3.9,13893074944,1003241472,1884569600,118898688,2479357952
2026-07-09T01:03:24.288645,17006837760,16350707712,656130048,3.9,13893238784,1003241472,1884569600,118898688,2479357952
2026-07-09T01:03:25.288929,17006837760,16350445568,656392192,3.9,13892976640,1003241472,1884569600,118898688,2479357952
2026-07-09T01:03:26.289260,17006837760,16351903744,654934016,3.9,13894434816,1003241472,1884569600,118898688,2479357952
2026-07-09T01:03:27.289617,17006837760,16352673792,654163968,3.8,13895204864,1003241472,1884569600,118898688,2479357952
2026-07-09T01:03:28.289981,17006837760,16353312768,653524992,3.8,13895843840,1003241472,1884569600,118898688,2479357952
2026-07-09T01:03:29.290326,17006837760,16351346688,655491072,3.9,13893877760,1003241472,1884569600,118898688,2479357952
2026-07-09T01:03:30.290622,17006837760,16348135424,658702336,3.9,13890650112,1004273664,1884585984,118898688,2479357952
2026-07-09T01:03:31.290904,17006837760,16348725248,658112512,3.9,13891239936,1004273664,1884585984,118898688,2479357952
2026-07-09T01:03:32.291187,17006837760,16348725248,658112512,3.9,13891239936,1004273664,1884585984,118898688,2479357952
2026-07-09T01:03:33.291468,17006837760,16349675520,657162240,3.9,13892190208,1004273664,1884585984,118898688,2479357952
2026-07-09T01:03:34.291749,17006837760,16350871552,655966208,3.9,13893386240,1004273664,1884585984,118898688,2479357952
2026-07-09T01:03:35.292092,17006837760,16349904896,656932864,3.9,13892419584,1004273664,1884585984,118898688,2479357952
2026-07-09T01:03:36.292463,17006837760,16349904896,656932864,3.9,13892419584,1004273664,1884585984,118898688,2479357952
2026-07-09T01:03:37.292772,17006837760,16351690752,655147008,3.9,13894205440,1004273664,1884585984,118898688,2479357952
2026-07-09T01:03:38.293054,17006837760,16351854592,654983168,3.9,13894369280,1004273664,1884585984,118898688,2479357952
2026-07-09T01:03:39.293343,17006837760,16350363648,656474112,3.9,13892878336,1004273664,1884585984,118898688,2479357952
2026-07-09T01:03:40.293620,17006837760,16351100928,655736832,3.9,13893615616,1004273664,1884585984,118898688,2479357952
2026-07-09T01:03:41.293903,17006837760,16351379456,655458304,3.9,13893894144,1004273664,1884585984,118898688,2479357952
2026-07-09T01:03:42.294243,17006837760,16351870976,654966784,3.9,13894385664,1004273664,1884585984,118898688,2479357952
2026-07-09T01:03:43.294606,17006837760,16353050624,653787136,3.8,13895565312,1004273664,1884585984,118898688,2479357952
2026-07-09T01:03:44.294971,17006837760,16353050624,653787136,3.8,13895565312,1004273664,1884585984,118898688,2479357952
2026-07-09T01:03:45.295483,17006837760,16353132544,653705216,3.8,13895647232,1004273664,1884585984,118898688,2479374336
2026-07-09T01:03:46.296064,17006837760,16354770944,652066816,3.8,13897285632,1004273664,1884585984,118898688,2479374336
2026-07-09T01:03:47.296505,17006837760,16354033664,652804096,3.8,13896548352,1004273664,1884585984,118898688,2479374336
2026-07-09T01:03:48.296805,17006837760,16354295808,652541952,3.8,13896810496,1004273664,1884585984,118898688,2479374336
2026-07-09T01:03:49.297089,17006837760,16352264192,654573568,3.8,13894778880,1004273664,1884585984,118898688,2479374336
2026-07-09T01:03:50.297377,17006837760,16352378880,654458880,3.8,13894877184,1004371968,1884602368,118898688,2479374336
2026-07-09T01:03:51.297719,17006837760,16352886784,653950976,3.8,13895385088,1004371968,1884602368,118898688,2479374336
2026-07-09T01:03:52.298087,17006837760,16354033664,652804096,3.8,13896531968,1004371968,1884602368,118898688,2479374336
2026-07-09T01:03:53.298503,17006837760,16352067584,654770176,3.9,13894565888,1004371968,1884602368,118898688,2479374336
2026-07-09T01:03:54.298964,17006837760,16352198656,654639104,3.8,13894696960,1004371968,1884602368,118898688,2479374336
2026-07-09T01:03:55.299250,17006837760,16352706560,654131200,3.8,13895204864,1004371968,1884602368,118898688,2479374336
2026-07-09T01:03:56.299527,17006837760,16351150080,655687680,3.9,13893648384,1004371968,1884602368,118898688,2479374336
2026-07-09T01:03:57.299809,17006837760,16351838208,654999552,3.9,13894336512,1004371968,1884602368,118898688,2479374336
2026-07-09T01:03:58.300091,17006837760,16352821248,654016512,3.8,13895319552,1004371968,1884602368,118898688,2479374336
2026-07-09T01:03:59.300429,17006837760,16352067584,654770176,3.9,13894565888,1004371968,1884602368,118898688,2479374336
2026-07-09T01:04:00.300773,17006837760,16350396416,656441344,3.9,13892894720,1004371968,1884602368,118898688,2479374336
2026-07-09T01:04:01.301111,17006837760,16348971008,657866752,3.9,13891469312,1004371968,1884602368,118898688,2479374336
2026-07-09T01:04:02.301467,17006837760,16348971008,657866752,3.9,13891469312,1004371968,1884602368,118898688,2479374336
2026-07-09T01:04:03.301824,17006837760,16348971008,657866752,3.9,13891469312,1004371968,1884602368,118898688,2479374336
2026-07-09T01:04:04.302187,17006837760,16350871552,655966208,3.9,13893369856,1004371968,1884602368,118898688,2479374336
2026-07-09T01:04:05.302552,17006837760,16350871552,655966208,3.9,13893369856,1004519424,1884602368,118898688,2479374336
2026-07-09T01:04:06.302917,17006837760,16351297536,655540224,3.9,13893795840,1004519424,1884602368,118898688,2479374336
2026-07-09T01:04:07.303294,17006837760,16352428032,654409728,3.8,13894926336,1004519424,1884602368,118898688,2479390720
2026-07-09T01:04:08.303636,17006837760,16352411648,654426112,3.8,13894909952,1004519424,1884602368,118898688,2479390720
2026-07-09T01:04:09.303972,17006837760,16353148928,653688832,3.8,13895647232,1004519424,1884602368,118898688,2479390720
2026-07-09T01:04:10.304269,17006837760,16354115584,652722176,3.8,13896613888,1004519424,1884602368,118898688,2479390720
2026-07-09T01:04:11.304552,17006837760,16353378304,653459456,3.8,13895876608,1004519424,1884602368,118898688,2479390720
2026-07-09T01:04:12.304838,17006837760,16353624064,653213696,3.8,13896122368,1004519424,1884602368,118898688,2479390720
2026-07-09T01:04:13.305113,17006837760,16353869824,652967936,3.8,13896368128,1004519424,1884602368,118898688,2479390720
2026-07-09T01:04:14.305393,17006837760,16354852864,651984896,3.8,13897351168,1004519424,1884602368,118898688,2479390720
2026-07-09T01:04:15.305799,17006837760,16354869248,651968512,3.8,13897367552,1004519424,1884602368,118898688,2479390720
2026-07-09T01:04:16.306144,17006837760,16354869248,651968512,3.8,13897367552,1004519424,1884602368,118898688,2479390720
2026-07-09T01:04:17.306425,17006837760,16355098624,651739136,3.8,13897596928,1004519424,1884602368,118898688,2479390720
2026-07-09T01:04:18.306706,17006837760,16355360768,651476992,3.8,13897859072,1004519424,1884602368,118898688,2479390720
2026-07-09T01:04:19.306985,17006837760,16355901440,650936320,3.8,13898399744,1004519424,1884602368,118898688,2479390720
2026-07-09T01:04:20.307261,17006837760,16355901440,650936320,3.8,13898399744,1004519424,1884602368,118898688,2479390720
2026-07-09T01:04:21.307651,17006837760,16355901440,650936320,3.8,13898399744,1004519424,1884602368,118898688,2479390720
2026-07-09T01:04:22.308181,17006837760,16355655680,651182080,3.8,13898153984,1004519424,1884602368,118898688,2479390720
2026-07-09T01:04:23.308747,17006837760,16355164160,651673600,3.8,13897662464,1004519424,1884602368,118898688,2479390720
2026-07-09T01:04:24.309209,17006837760,16355442688,651395072,3.8,13897940992,1004519424,1884602368,118898688,2479390720
2026-07-09T01:04:25.309854,17006837760,16355917824,650919936,3.8,13898416128,1004519424,1884602368,118898688,2479390720
2026-07-09T01:04:26.310356,17006837760,16355917824,650919936,3.8,13898416128,1004519424,1884602368,118898688,2479390720
2026-07-09T01:04:27.310879,17006837760,16355672064,651165696,3.8,13898170368,1004519424,1884602368,118898688,2479407104
2026-07-09T01:04:28.311344,17006837760,16355672064,651165696,3.8,13898170368,1004519424,1884602368,118898688,2479407104
2026-07-09T01:04:29.311708,17006837760,16354934784,651902976,3.8,13897433088,1004519424,1884602368,118898688,2479407104
2026-07-09T01:04:30.312186,17006837760,16355180544,651657216,3.8,13897678848,1004519424,1884602368,118898688,2479407104
2026-07-09T01:04:31.312635,17006837760,16355180544,651657216,3.8,13897678848,1004519424,1884602368,118898688,2479407104
2026-07-09T01:04:32.313158,17006837760,16355901440,650936320,3.8,13898399744,1004519424,1884602368,118898688,2479407104
2026-07-09T01:04:33.313441,17006837760,16355901440,650936320,3.8,13898399744,1004519424,1884602368,118898688,2479407104
2026-07-09T01:04:34.313724,17006837760,16355655680,651182080,3.8,13898153984,1004519424,1884602368,118898688,2479407104
2026-07-09T01:04:35.314006,17006837760,16354656256,652181504,3.8,13897154560,1004519424,1884602368,118898688,2479407104
2026-07-09T01:04:36.314283,17006837760,16354181120,652656640,3.8,13896679424,1004519424,1884602368,118898688,2479407104
2026-07-09T01:04:37.314624,17006837760,16354885632,651952128,3.8,13897383936,1004519424,1884602368,118898688,2479407104
2026-07-09T01:04:38.315070,17006837760,16355131392,651706368,3.8,13897629696,1004519424,1884602368,118898688,2479407104
2026-07-09T01:04:39.315810,17006837760,16355377152,651460608,3.8,13897875456,1004519424,1884602368,118898688,2479407104
2026-07-09T01:04:40.316092,17006837760,16355196928,651640832,3.8,13897695232,1004519424,1884602368,118898688,2479407104
2026-07-09T01:04:41.316435,17006837760,16354951168,651886592,3.8,13897449472,1004519424,1884602368,118898688,2479407104
2026-07-09T01:04:42.316713,17006837760,16355180544,651657216,3.8,13897678848,1004519424,1884602368,118898688,2479407104
2026-07-09T01:04:43.316990,17006837760,16355917824,650919936,3.8,13898416128,1004519424,1884602368,118898688,2479407104
2026-07-09T01:04:44.317367,17006837760,16355672064,651165696,3.8,13898170368,1004519424,1884602368,118898688,2479407104
2026-07-09T01:04:45.317811,17006837760,16355672064,651165696,3.8,13898170368,1004519424,1884602368,118898688,2479407104
2026-07-09T01:04:46.318185,17006837760,16355950592,650887168,3.8,13898432512,1004535808,1884618752,118898688,2479407104
2026-07-09T01:04:47.318480,17006837760,16354951168,651886592,3.8,13897433088,1004535808,1884618752,118898688,2479423488
2026-07-09T01:04:48.318761,17006837760,16352985088,653852672,3.8,13895467008,1004535808,1884618752,118898688,2479423488
2026-07-09T01:04:49.319097,17006837760,16353722368,653115392,3.8,13896204288,1004535808,1884618752,118898688,2479423488
2026-07-09T01:04:50.319460,17006837760,16353968128,652869632,3.8,13896450048,1004535808,1884618752,118898688,2479423488
2026-07-09T01:04:51.319849,17006837760,16354115584,652722176,3.8,13896581120,1004535808,1884635136,118898688,2479423488
2026-07-09T01:04:52.320307,17006837760,16354066432,652771328,3.8,13896531968,1004535808,1884635136,118898688,2479423488
2026-07-09T01:04:53.320642,17006837760,16353083392,653754368,3.8,13895548928,1004535808,1884635136,118898688,2479423488
2026-07-09T01:04:54.320924,17006837760,16353492992,653344768,3.8,13895958528,1004535808,1884635136,118898688,2479423488
2026-07-09T01:04:55.321205,17006837760,16354115584,652722176,3.8,13896581120,1004535808,1884635136,118898688,2479423488
2026-07-09T01:04:56.321551,17006837760,16353640448,653197312,3.8,13896105984,1004535808,1884635136,118898688,2479423488
2026-07-09T01:04:57.321890,17006837760,16353886208,652951552,3.8,13896351744,1004535808,1884635136,118898688,2479423488
2026-07-09T01:04:58.322234,17006837760,16354361344,652476416,3.8,13896826880,1004535808,1884635136,118898688,2479423488
2026-07-09T01:04:59.322676,17006837760,16353869824,652967936,3.8,13896335360,1004535808,1884635136,118898688,2479423488
2026-07-09T01:05:00.323026,17006837760,16352886784,653950976,3.8,13895352320,1004535808,1884635136,118898688,2479423488
2026-07-09T01:05:01.323372,17006837760,16341221376,665616384,3.9,13883686912,1004535808,1884635136,118898688,2479423488
2026-07-09T01:05:02.323675,17006837760,16341467136,665370624,3.9,13883932672,1004535808,1884635136,118898688,2479423488
2026-07-09T01:05:03.323953,17006837760,16341401600,665436160,3.9,13883867136,1004535808,1884635136,118898688,2479423488
2026-07-09T01:05:04.324286,17006837760,16342777856,664059904,3.9,13885243392,1004535808,1884635136,118898688,2479423488
2026-07-09T01:05:05.324598,17006837760,16344334336,662503424,3.9,13886799872,1004535808,1884635136,118898688,2479423488
2026-07-09T01:05:06.324878,17006837760,16347955200,658882560,3.9,13890420736,1004535808,1884635136,118898688,2479423488
2026-07-09T01:05:07.325217,17006837760,16348905472,657932288,3.9,13891371008,1004535808,1884635136,118898688,2479423488
2026-07-09T01:05:08.325562,17006837760,16349069312,657768448,3.9,13891534848,1004535808,1884635136,118898688,2479423488
2026-07-09T01:05:09.325903,17006837760,16350265344,656572416,3.9,13892730880,1004535808,1884635136,118898688,2479439872
2026-07-09T01:05:10.326337,17006837760,16350347264,656490496,3.9,13892812800,1004535808,1884635136,118898688,2479439872
2026-07-09T01:05:11.326698,17006837760,16350658560,656179200,3.9,13893124096,1004535808,1884635136,118898688,2479439872
2026-07-09T01:05:12.327060,17006837760,16352149504,654688256,3.8,13894615040,1004535808,1884635136,118898688,2479439872
2026-07-09T01:05:13.327400,17006837760,16352165888,654671872,3.8,13894631424,1004535808,1884635136,118898688,2479439872
2026-07-09T01:05:14.327744,17006837760,16351920128,654917632,3.9,13894385664,1004535808,1884635136,118898688,2479439872
2026-07-09T01:05:15.328169,17006837760,16352919552,653918208,3.8,13895385088,1004535808,1884635136,118898688,2479439872
2026-07-09T01:05:16.328600,17006837760,16353198080,653639680,3.8,13895663616,1004535808,1884635136,118898688,2479439872
2026-07-09T01:05:17.328958,17006837760,16353198080,653639680,3.8,13895647232,1004683264,1884651520,118898688,2479439872
2026-07-09T01:05:18.329417,17006837760,16353427456,653410304,3.8,13895876608,1004683264,1884651520,118898688,2479439872
2026-07-09T01:05:19.329745,17006837760,16354164736,652673024,3.8,13896613888,1004683264,1884651520,118898688,2479439872
2026-07-09T01:05:20.330018,17006837760,16354164736,652673024,3.8,13896613888,1004683264,1884651520,118898688,2479439872
2026-07-09T01:05:21.330293,17006837760,16354164736,652673024,3.8,13896613888,1004683264,1884651520,118898688,2479439872
2026-07-09T01:05:22.330657,17006837760,16355147776,651689984,3.8,13897580544,1004683264,1884667904,118898688,2479439872
2026-07-09T01:05:23.330971,17006837760,16354164736,652673024,3.8,13896597504,1004683264,1884667904,118898688,2479439872
2026-07-09T01:05:24.331311,17006837760,16354394112,652443648,3.8,13896826880,1004683264,1884667904,118898688,2479439872
2026-07-09T01:05:25.331619,17006837760,16354672640,652165120,3.8,13897105408,1004683264,1884667904,118898688,2479439872
2026-07-09T01:05:26.331975,17006837760,16355229696,651608064,3.8,13897662464,1004683264,1884667904,118898688,2479439872
2026-07-09T01:05:27.332314,17006837760,16355704832,651132928,3.8,13898137600,1004683264,1884667904,118898688,2479439872
2026-07-09T01:05:28.332661,17006837760,16355442688,651395072,3.8,13897875456,1004683264,1884667904,118898688,2479439872
2026-07-09T01:05:29.333009,17006837760,16355016704,651821056,3.8,13897449472,1004683264,1884667904,118898688,2479439872
2026-07-09T01:05:30.333428,17006837760,16355016704,651821056,3.8,13897449472,1004683264,1884667904,118898688,2479439872
2026-07-09T01:05:31.333814,17006837760,16355753984,651083776,3.8,13898186752,1004683264,1884667904,118898688,2479439872
2026-07-09T01:05:32.334150,17006837760,16355508224,651329536,3.8,13897940992,1004683264,1884667904,118898688,2479456256
2026-07-09T01:05:33.334601,17006837760,16355508224,651329536,3.8,13897940992,1004683264,1884667904,118898688,2479456256
2026-07-09T01:05:34.335072,17006837760,16355262464,651575296,3.8,13897695232,1004683264,1884667904,118898688,2479456256
2026-07-09T01:05:35.335389,17006837760,16355491840,651345920,3.8,13897924608,1004683264,1884667904,118898688,2479456256
2026-07-09T01:05:36.335662,17006837760,16355540992,651296768,3.8,13897973760,1004683264,1884667904,118898688,2479456256
2026-07-09T01:05:37.335993,17006837760,16355770368,651067392,3.8,13898203136,1004683264,1884667904,118898688,2479456256
2026-07-09T01:05:38.336323,17006837760,16355508224,651329536,3.8,13897940992,1004683264,1884667904,118898688,2479456256
2026-07-09T01:05:39.336670,17006837760,16355508224,651329536,3.8,13897940992,1004683264,1884667904,118898688,2479456256
2026-07-09T01:05:40.336951,17006837760,16355508224,651329536,3.8,13897940992,1004683264,1884667904,118898688,2479456256
2026-07-09T01:05:41.337273,17006837760,16355753984,651083776,3.8,13898186752,1004683264,1884667904,118898688,2479456256
2026-07-09T01:05:42.337557,17006837760,16355753984,651083776,3.8,13898186752,1004683264,1884667904,118898688,2479456256
2026-07-09T01:05:43.337871,17006837760,16355016704,651821056,3.8,13897449472,1004683264,1884667904,118898688,2479456256
2026-07-09T01:05:44.338241,17006837760,16355016704,651821056,3.8,13897449472,1004683264,1884667904,118898688,2479456256
2026-07-09T01:05:45.338689,17006837760,16355016704,651821056,3.8,13897449472,1004683264,1884667904,118898688,2479456256
2026-07-09T01:05:46.339081,17006837760,16355524608,651313152,3.8,13897957376,1004683264,1884667904,118898688,2479456256
2026-07-09T01:05:47.339368,17006837760,16355524608,651313152,3.8,13897957376,1004683264,1884667904,118898688,2479456256
2026-07-09T01:05:48.339647,17006837760,16355246080,651591680,3.8,13897678848,1004683264,1884667904,118898688,2479456256
2026-07-09T01:05:49.339922,17006837760,16355590144,651247616,3.8,13898022912,1004683264,1884667904,118898688,2479456256
2026-07-09T01:05:50.340203,17006837760,16355573760,651264000,3.8,13898006528,1004683264,1884667904,118898688,2479456256
2026-07-09T01:05:51.340583,17006837760,16355573760,651264000,3.8,13898006528,1004683264,1884667904,118898688,2479456256
2026-07-09T01:05:52.340928,17006837760,16355328000,651509760,3.8,13897760768,1004683264,1884667904,118898688,2479472640
2026-07-09T01:05:53.341414,17006837760,16354836480,652001280,3.8,13897269248,1004781568,1884667904,118898688,2479472640
2026-07-09T01:05:54.341803,17006837760,16354508800,652328960,3.8,13896941568,1004781568,1884667904,118898688,2479472640
2026-07-09T01:05:55.342110,17006837760,16355246080,651591680,3.8,13897678848,1004781568,1884667904,118898688,2479472640
2026-07-09T01:05:56.342392,17006837760,16355491840,651345920,3.8,13897924608,1004781568,1884667904,118898688,2479472640
2026-07-09T01:05:57.342676,17006837760,16355491840,651345920,3.8,13897924608,1004781568,1884667904,118898688,2479472640
2026-07-09T01:05:58.342966,17006837760,16355721216,651116544,3.8,13898153984,1004781568,1884667904,118898688,2479472640
2026-07-09T01:05:59.343248,17006837760,16355475456,651362304,3.8,13897908224,1004781568,1884667904,118898688,2479472640
2026-07-09T01:06:00.343570,17006837760,16354492416,652345344,3.8,13896925184,1004781568,1884667904,118898688,2479472640
2026-07-09T01:06:01.343959,17006837760,16354967552,651870208,3.8,13897400320,1004781568,1884667904,118898688,2479472640
2026-07-09T01:06:02.344354,17006837760,16355934208,650903552,3.8,13898366976,1004781568,1884667904,118898688,2479472640
2026-07-09T01:06:03.344691,17006837760,16347824128,659013632,3.9,13890256896,1004781568,1884667904,118898688,2479472640
2026-07-09T01:06:04.345077,17006837760,16346841088,659996672,3.9,13889273856,1004781568,1884667904,118898688,2479472640
2026-07-09T01:06:05.345486,17006837760,16349757440,657080320,3.9,13892190208,1004781568,1884667904,118898688,2479472640
2026-07-09T01:06:06.345882,17006837760,16350724096,656113664,3.9,13893156864,1004781568,1884667904,118898688,2479472640
2026-07-09T01:06:07.349478,17006837760,16349741056,657096704,3.9,13892173824,1004781568,1884667904,118898688,2479472640
2026-07-09T01:06:08.349801,17006837760,16350445568,656392192,3.9,13892878336,1004781568,1884667904,118898688,2479472640
2026-07-09T01:06:09.350083,17006837760,16352641024,654196736,3.8,13895073792,1004781568,1884667904,118898688,2479472640
2026-07-09T01:06:10.350378,17006837760,16351166464,655671296,3.9,13893599232,1004781568,1884667904,118898688,2479472640
2026-07-09T01:06:11.350656,17006837760,16350658560,656179200,3.9,13893091328,1004781568,1884667904,118898688,2479472640
2026-07-09T01:06:12.350977,17006837760,16352362496,654475264,3.8,13894795264,1004781568,1884667904,118898688,2479472640
2026-07-09T01:06:13.351366,17006837760,16353083392,653754368,3.8,13895516160,1004781568,1884667904,118898688,2479472640
2026-07-09T01:06:14.351752,17006837760,16353083392,653754368,3.8,13895516160,1004781568,1884667904,118898688,2479472640
2026-07-09T01:06:15.352144,17006837760,16353820672,653017088,3.8,13896253440,1004781568,1884667904,118898688,2479489024
2026-07-09T01:06:16.352554,17006837760,16354230272,652607488,3.8,13896663040,1004781568,1884667904,118898688,2479489024
2026-07-09T01:06:17.352898,17006837760,16353984512,652853248,3.8,13896417280,1004781568,1884667904,118898688,2479489024
2026-07-09T01:06:18.353177,17006837760,16355164160,651673600,3.8,13897596928,1004781568,1884667904,118898688,2479489024
2026-07-09T01:06:19.353483,17006837760,16354918400,651919360,3.8,13897351168,1004781568,1884667904,118898688,2479489024
2026-07-09T01:06:20.353763,17006837760,16354918400,651919360,3.8,13897351168,1004781568,1884667904,118898688,2479489024
2026-07-09T01:06:21.354042,17006837760,16355639296,651198464,3.8,13898072064,1004781568,1884667904,118898688,2479489024
2026-07-09T01:06:22.354353,17006837760,16355147776,651689984,3.8,13897580544,1004781568,1884667904,118898688,2479489024
2026-07-09T01:06:23.354703,17006837760,16354656256,652181504,3.8,13897089024,1004781568,1884667904,118898688,2479489024
2026-07-09T01:06:24.355039,17006837760,16354902016,651935744,3.8,13897334784,1004912640,1884667904,118898688,2479489024
2026-07-09T01:06:25.355381,17006837760,16354902016,651935744,3.8,13897334784,1004912640,1884667904,118898688,2479489024
2026-07-09T01:06:26.355817,17006837760,16355147776,651689984,3.8,13897580544,1004912640,1884667904,118898688,2479489024
2026-07-09T01:06:27.356203,17006837760,16355377152,651460608,3.8,13897809920,1004912640,1884667904,118898688,2479489024
2026-07-09T01:06:28.356538,17006837760,16355377152,651460608,3.8,13897809920,1004912640,1884667904,118898688,2479489024
2026-07-09T01:06:29.356922,17006837760,16355131392,651706368,3.8,13897564160,1004912640,1884667904,118898688,2479489024
2026-07-09T01:06:30.357350,17006837760,16355377152,651460608,3.8,13897809920,1004912640,1884667904,118898688,2479489024
2026-07-09T01:06:31.357850,17006837760,16355655680,651182080,3.8,13898088448,1004912640,1884667904,118898688,2479489024
2026-07-09T01:06:32.358128,17006837760,16353689600,653148160,3.8,13896122368,1004912640,1884667904,118898688,2479489024
2026-07-09T01:06:33.358402,17006837760,16353198080,653639680,3.8,13895630848,1004912640,1884667904,118898688,2479489024
2026-07-09T01:06:34.358677,17006837760,16351723520,655114240,3.9,13894156288,1004912640,1884667904,118898688,2479489024
2026-07-09T01:06:35.358953,17006837760,16351477760,655360000,3.9,13893910528,1004912640,1884667904,118898688,2479489024
2026-07-09T01:06:36.359372,17006837760,16353329152,653508608,3.8,13895761920,1004912640,1884667904,118898688,2479489024
2026-07-09T01:06:37.359981,17006837760,16353492992,653344768,3.8,13895925760,1004912640,1884667904,118898688,2479505408
2026-07-09T01:06:38.360473,17006837760,16352673792,654163968,3.8,13895106560,1004912640,1884667904,118898688,2479505408
2026-07-09T01:06:39.360802,17006837760,16353312768,653524992,3.8,13895745536,1004912640,1884667904,118898688,2479505408
2026-07-09T01:06:40.361078,17006837760,16353116160,653721600,3.8,13895548928,1004912640,1884667904,118898688,2479505408
2026-07-09T01:06:41.361365,17006837760,16352854016,653983744,3.8,13895286784,1004912640,1884667904,118898688,2479505408
2026-07-09T01:06:42.361682,17006837760,16351166464,655671296,3.9,13893599232,1004912640,1884667904,118898688,2479505408
2026-07-09T01:06:43.362069,17006837760,16351166464,655671296,3.9,13893599232,1004912640,1884667904,118898688,2479505408
2026-07-09T01:06:44.362460,17006837760,16352362496,654475264,3.8,13894795264,1004912640,1884667904,118898688,2479505408
2026-07-09T01:06:45.362855,17006837760,16352362496,654475264,3.8,13894795264,1004912640,1884667904,118898688,2479505408
2026-07-09T01:06:46.363196,17006837760,16352854016,653983744,3.8,13895286784,1004912640,1884667904,118898688,2479505408
2026-07-09T01:06:47.363528,17006837760,16353345536,653492224,3.8,13895778304,1004912640,1884667904,118898688,2479505408
2026-07-09T01:06:48.363866,17006837760,16353607680,653230080,3.8,13896040448,1004912640,1884667904,118898688,2479505408
2026-07-09T01:06:49.364260,17006837760,16352772096,654065664,3.8,13895204864,1004912640,1884667904,118898688,2479505408
2026-07-09T01:06:50.364654,17006837760,16353067008,653770752,3.8,13895499776,1004912640,1884667904,118898688,2479505408
2026-07-09T01:06:51.364989,17006837760,16353312768,653524992,3.8,13895745536,1004912640,1884667904,118898688,2479505408
2026-07-09T01:06:52.365388,17006837760,16353558528,653279232,3.8,13895991296,1004912640,1884667904,118898688,2479505408
2026-07-09T01:06:53.365726,17006837760,16353050624,653787136,3.8,13895483392,1004912640,1884667904,118898688,2479505408
2026-07-09T01:06:54.366083,17006837760,16353050624,653787136,3.8,13895483392,1005010944,1884667904,118898688,2479505408
2026-07-09T01:06:55.366422,17006837760,16353574912,653262848,3.8,13896007680,1005010944,1884667904,118898688,2479505408
2026-07-09T01:06:56.366749,17006837760,16350052352,656785408,3.9,13892485120,1005010944,1884667904,118898688,2479505408
2026-07-09T01:06:57.367077,17006837760,16348446720,658391040,3.9,13890879488,1005010944,1884667904,118898688,2479505408
2026-07-09T01:06:58.367425,17006837760,16348921856,657915904,3.9,13891354624,1005010944,1884667904,118898688,2479505408
2026-07-09T01:06:59.367939,17006837760,16349069312,657768448,3.9,13891502080,1005010944,1884667904,118898688,2479505408
2026-07-09T01:07:00.368501,17006837760,16349609984,657227776,3.9,13892042752,1005010944,1884667904,118898688,2479521792
2026-07-09T01:07:01.369298,17006837760,16346857472,659980288,3.9,13889290240,1005010944,1884667904,118898688,2479521792
2026-07-09T01:07:02.369878,17006837760,16347578368,659259392,3.9,13890011136,1005010944,1884667904,118898688,2479521792
2026-07-09T01:07:03.370209,17006837760,16349200384,657637376,3.9,13891633152,1005010944,1884667904,118898688,2479521792
2026-07-09T01:07:04.370509,17006837760,16349478912,657358848,3.9,13891911680,1005010944,1884667904,118898688,2479521792
2026-07-09T01:07:05.370833,17006837760,16348692480,658145280,3.9,13891125248,1005010944,1884667904,118898688,2479521792
2026-07-09T01:07:06.371166,17006837760,16350085120,656752640,3.9,13892517888,1005010944,1884667904,118898688,2479521792
2026-07-09T01:07:07.371500,17006837760,16351920128,654917632,3.9,13894352896,1005010944,1884667904,118898688,2479521792
2026-07-09T01:07:08.371793,17006837760,16351690752,655147008,3.9,13894123520,1005010944,1884667904,118898688,2479521792
2026-07-09T01:07:09.372070,17006837760,16352198656,654639104,3.8,13894631424,1005010944,1884667904,118898688,2479521792
2026-07-09T01:07:10.372351,17006837760,16352198656,654639104,3.8,13894631424,1005010944,1884667904,118898688,2479521792
2026-07-09T01:07:11.372633,17006837760,16350232576,656605184,3.9,13892665344,1005010944,1884667904,118898688,2479521792
2026-07-09T01:07:12.372910,17006837760,16351215616,655622144,3.9,13893648384,1005010944,1884667904,118898688,2479521792
2026-07-09T01:07:13.373297,17006837760,16351936512,654901248,3.9,13894369280,1005010944,1884667904,118898688,2479521792
2026-07-09T01:07:14.373685,17006837760,16352198656,654639104,3.8,13894631424,1005010944,1884667904,118898688,2479521792
2026-07-09T01:07:15.374025,17006837760,16352329728,654508032,3.8,13894762496,1005010944,1884667904,118898688,2479521792
2026-07-09T01:07:16.374357,17006837760,16352854016,653983744,3.8,13895286784,1005010944,1884667904,118898688,2479521792
2026-07-09T01:07:17.374693,17006837760,16353247232,653590528,3.8,13895680000,1005010944,1884667904,118898688,2479521792
2026-07-09T01:07:18.375058,17006837760,16353640448,653197312,3.8,13896073216,1005010944,1884667904,118898688,2479521792
2026-07-09T01:07:19.375383,17006837760,16350871552,655966208,3.9,13893304320,1005010944,1884667904,118898688,2479521792
2026-07-09T01:07:20.375657,17006837760,16350625792,656211968,3.9,13893058560,1005010944,1884667904,118898688,2479538176
2026-07-09T01:07:21.375934,17006837760,16350904320,655933440,3.9,13893337088,1005010944,1884667904,118898688,2479538176
2026-07-09T01:07:22.376209,17006837760,16350904320,655933440,3.9,13893337088,1005010944,1884667904,118898688,2479538176
2026-07-09T01:07:23.376509,17006837760,16350167040,656670720,3.9,13892599808,1005010944,1884667904,118898688,2479538176
2026-07-09T01:07:24.376828,17006837760,16351346688,655491072,3.9,13893779456,1005010944,1884667904,118898688,2479538176
2026-07-09T01:07:25.377216,17006837760,16352231424,654606336,3.8,13894664192,1005010944,1884667904,118898688,2479538176
2026-07-09T01:07:26.377569,17006837760,16352378880,654458880,3.8,13894811648,1005010944,1884667904,118898688,2479538176
2026-07-09T01:07:27.377953,17006837760,16352870400,653967360,3.8,13895303168,1005010944,1884667904,118898688,2479538176
2026-07-09T01:07:28.378337,17006837760,16353591296,653246464,3.8,13896024064,1005010944,1884667904,118898688,2479538176
2026-07-09T01:07:29.378813,17006837760,16353361920,653475840,3.8,13895794688,1005010944,1884667904,118898688,2479538176
2026-07-09T01:07:30.379135,17006837760,16353853440,652984320,3.8,13896286208,1005010944,1884667904,118898688,2479538176
2026-07-09T01:07:31.379412,17006837760,16354099200,652738560,3.8,13896531968,1005010944,1884667904,118898688,2479538176
2026-07-09T01:07:32.379696,17006837760,16354082816,652754944,3.8,13896515584,1005010944,1884667904,118898688,2479538176
2026-07-09T01:07:33.379972,17006837760,16353345536,653492224,3.8,13895778304,1005010944,1884667904,118898688,2479538176
2026-07-09T01:07:34.380297,17006837760,16353656832,653180928,3.8,13896089600,1005010944,1884667904,118898688,2479538176
2026-07-09T01:07:35.380631,17006837760,16352428032,654409728,3.8,13894860800,1005010944,1884667904,118898688,2479538176
2026-07-09T01:07:36.380985,17006837760,16352428032,654409728,3.8,13894860800,1005010944,1884667904,118898688,2479538176
2026-07-09T01:07:37.381335,17006837760,16352919552,653918208,3.8,13895352320,1005010944,1884667904,118898688,2479538176
2026-07-09T01:07:38.381631,17006837760,16353411072,653426688,3.8,13895843840,1005010944,1884667904,118898688,2479538176
2026-07-09T01:07:39.381910,17006837760,16353165312,653672448,3.8,13895598080,1005010944,1884667904,118898688,2479538176
2026-07-09T01:07:40.382225,17006837760,16353181696,653656064,3.8,13895598080,1005010944,1884684288,118898688,2479538176
2026-07-09T01:07:41.382553,17006837760,16352935936,653901824,3.8,13895352320,1005010944,1884684288,118898688,2479538176
2026-07-09T01:07:42.382882,17006837760,16353263616,653574144,3.8,13895680000,1005010944,1884684288,118898688,2479538176
2026-07-09T01:07:43.383346,17006837760,16345726976,661110784,3.9,13888143360,1005010944,1884684288,118898688,2479554560
2026-07-09T01:07:44.384045,17006837760,16346923008,659914752,3.9,13889339392,1005010944,1884684288,118898688,2479554560
2026-07-09T01:07:45.384531,17006837760,16348004352,658833408,3.9,13890420736,1005010944,1884684288,118898688,2479554560
2026-07-09T01:07:46.384807,17006837760,16348987392,657850368,3.9,13891403776,1005010944,1884684288,118898688,2479554560
2026-07-09T01:07:47.385078,17006837760,16349380608,657457152,3.9,13891796992,1005010944,1884684288,118898688,2479554560
2026-07-09T01:07:48.385411,17006837760,16350183424,656654336,3.9,13892599808,1005010944,1884684288,118898688,2479554560
2026-07-09T01:07:49.385750,17006837760,16351379456,655458304,3.9,13893795840,1005010944,1884684288,118898688,2479554560
2026-07-09T01:07:50.386072,17006837760,16352051200,654786560,3.9,13894467584,1005010944,1884684288,118898688,2479554560
2026-07-09T01:07:51.386461,17006837760,16352182272,654655488,3.8,13894598656,1005010944,1884684288,118898688,2479554560
2026-07-09T01:07:52.386808,17006837760,16352509952,654327808,3.8,13894926336,1005010944,1884684288,118898688,2479554560
2026-07-09T01:07:53.387202,17006837760,16352067584,654770176,3.9,13894483968,1005010944,1884684288,118898688,2479554560
2026-07-09T01:07:54.387580,17006837760,16352821248,654016512,3.8,13895237632,1005010944,1884684288,118898688,2479554560
2026-07-09T01:07:55.387916,17006837760,16352722944,654114816,3.8,13895139328,1005010944,1884684288,118898688,2479554560
2026-07-09T01:07:56.388250,17006837760,16353230848,653606912,3.8,13895565312,1005371392,1884766208,118898688,2479554560
2026-07-09T01:07:57.388634,17006837760,16353640448,653197312,3.8,13895974912,1005371392,1884766208,118898688,2479554560
2026-07-09T01:07:58.389027,17006837760,16354328576,652509184,3.8,13896663040,1005371392,1884766208,118898688,2479554560
2026-07-09T01:07:59.389379,17006837760,16353918976,652918784,3.8,13896253440,1005371392,1884766208,118898688,2479554560
2026-07-09T01:08:00.389728,17006837760,16352935936,653901824,3.8,13895270400,1005371392,1884766208,118898688,2479554560
2026-07-09T01:08:01.390060,17006837760,16351461376,655376384,3.9,13893795840,1005371392,1884766208,118898688,2479554560
2026-07-09T01:08:02.390389,17006837760,16352198656,654639104,3.8,13894533120,1005371392,1884766208,118898688,2479554560
2026-07-09T01:08:03.390718,17006837760,16344580096,662257664,3.9,13886914560,1005371392,1884766208,118898688,2479554560
2026-07-09T01:08:04.391051,17006837760,16343744512,663093248,3.9,13886078976,1005371392,1884766208,118898688,2479554560
2026-07-09T01:08:05.391391,17006837760,16345153536,661684224,3.9,13887488000,1005371392,1884766208,118898688,2479554560
2026-07-09T01:08:06.391802,17006837760,16346071040,660766720,3.9,13888405504,1005371392,1884766208,118898688,2479570944
2026-07-09T01:08:07.392203,17006837760,16347496448,659341312,3.9,13889830912,1005371392,1884766208,118898688,2479570944
2026-07-09T01:08:08.392633,17006837760,16347496448,659341312,3.9,13889830912,1005371392,1884766208,118898688,2479570944
2026-07-09T01:08:09.392912,17006837760,16348872704,657965056,3.9,13891207168,1005371392,1884766208,118898688,2479570944
2026-07-09T01:08:10.393245,17006837760,16349446144,657391616,3.9,13891780608,1005371392,1884766208,118898688,2479570944
2026-07-09T01:08:11.393524,17006837760,16349937664,656900096,3.9,13892272128,1005371392,1884766208,118898688,2479570944
2026-07-09T01:08:12.393862,17006837760,16351117312,655720448,3.9,13893451776,1005371392,1884766208,118898688,2479570944
2026-07-09T01:08:13.394235,17006837760,16351952896,654884864,3.9,13894287360,1005371392,1884766208,118898688,2479570944
2026-07-09T01:08:14.394565,17006837760,16352296960,654540800,3.8,13894631424,1005371392,1884766208,118898688,2479570944
2026-07-09T01:08:15.394842,17006837760,16352706560,654131200,3.8,13895041024,1005371392,1884766208,118898688,2479570944
2026-07-09T01:08:16.395129,17006837760,16352952320,653885440,3.8,13895286784,1005420544,1884766208,118898688,2479570944
2026-07-09T01:08:17.395431,17006837760,16351969280,654868480,3.9,13894303744,1005420544,1884766208,118898688,2479570944
2026-07-09T01:08:18.395774,17006837760,16351805440,655032320,3.9,13894139904,1005420544,1884766208,118898688,2479570944
2026-07-09T01:08:19.396119,17006837760,16352247808,654589952,3.8,13894582272,1005420544,1884766208,118898688,2479570944
2026-07-09T01:08:20.396463,17006837760,16352280576,654557184,3.8,13894615040,1005420544,1884766208,118898688,2479570944
2026-07-09T01:08:21.396801,17006837760,16351805440,655032320,3.9,13894139904,1005420544,1884766208,118898688,2479570944
2026-07-09T01:08:22.397163,17006837760,16352460800,654376960,3.8,13894795264,1005420544,1884766208,118898688,2479570944
2026-07-09T01:08:23.397543,17006837760,16352378880,654458880,3.8,13894713344,1005420544,1884766208,118898688,2479570944
2026-07-09T01:08:24.397822,17006837760,16352395264,654442496,3.8,13894729728,1005420544,1884766208,118898688,2479570944
2026-07-09T01:08:25.398104,17006837760,16352870400,653967360,3.8,13895204864,1005420544,1884766208,118898688,2479570944
2026-07-09T01:08:26.398387,17006837760,16353132544,653705216,3.8,13895467008,1005420544,1884766208,118898688,2479570944
2026-07-09T01:08:27.398722,17006837760,16353378304,653459456,3.8,13895712768,1005420544,1884766208,118898688,2479570944
2026-07-09T01:08:28.399140,17006837760,16353280000,653557760,3.8,13895598080,1005420544,1884766208,118898688,2479603712
2026-07-09T01:08:29.399520,17006837760,16353525760,653312000,3.8,13895843840,1005420544,1884766208,118898688,2479603712
2026-07-09T01:08:30.399854,17006837760,16353525760,653312000,3.8,13895843840,1005420544,1884766208,118898688,2479603712
2026-07-09T01:08:31.400138,17006837760,16354017280,652820480,3.8,13896335360,1005420544,1884766208,118898688,2479603712
2026-07-09T01:08:32.400418,17006837760,16354017280,652820480,3.8,13896335360,1005420544,1884766208,118898688,2479603712
2026-07-09T01:08:33.400704,17006837760,16354492416,652345344,3.8,13896810496,1005420544,1884766208,118898688,2479603712
2026-07-09T01:08:34.401036,17006837760,16353771520,653066240,3.8,13896089600,1005420544,1884766208,118898688,2479603712
2026-07-09T01:08:35.401385,17006837760,16353280000,653557760,3.8,13895598080,1005420544,1884766208,118898688,2479603712
2026-07-09T01:08:36.401770,17006837760,16353345536,653492224,3.8,13895663616,1005420544,1884766208,118898688,2479603712
2026-07-09T01:08:37.402113,17006837760,16353820672,653017088,3.8,13896138752,1005420544,1884766208,118898688,2479603712
2026-07-09T01:08:38.402461,17006837760,16353083392,653754368,3.8,13895401472,1005420544,1884766208,118898688,2479603712
2026-07-09T01:08:39.402875,17006837760,16353574912,653262848,3.8,13895892992,1005420544,1884766208,118898688,2479603712
2026-07-09T01:08:40.403214,17006837760,16354082816,652754944,3.8,13896400896,1005420544,1884766208,118898688,2479603712
2026-07-09T01:08:41.403497,17006837760,16353591296,653246464,3.8,13895909376,1005420544,1884766208,118898688,2479603712
2026-07-09T01:08:42.403781,17006837760,16353591296,653246464,3.8,13895909376,1005420544,1884766208,118898688,2479603712
2026-07-09T01:08:43.404065,17006837760,16354328576,652509184,3.8,13896646656,1005420544,1884766208,118898688,2479603712
2026-07-09T01:08:44.404391,17006837760,16354328576,652509184,3.8,13896646656,1005420544,1884766208,118898688,2479603712
2026-07-09T01:08:45.404723,17006837760,16354820096,652017664,3.8,13897138176,1005420544,1884766208,118898688,2479603712
2026-07-09T01:08:46.405070,17006837760,16354820096,652017664,3.8,13897138176,1005420544,1884766208,118898688,2479603712
2026-07-09T01:08:47.405691,17006837760,16354869248,651968512,3.8,13897187328,1005420544,1884766208,118898688,2479603712
2026-07-09T01:08:48.406227,17006837760,16353886208,652951552,3.8,13896204288,1005420544,1884766208,118898688,2479603712
2026-07-09T01:08:49.406615,17006837760,16352657408,654180352,3.8,13894975488,1005420544,1884766208,118898688,2479620096
2026-07-09T01:08:50.406899,17006837760,16352903168,653934592,3.8,13895221248,1005420544,1884766208,118898688,2479620096
2026-07-09T01:08:51.407204,17006837760,16352641024,654196736,3.8,13894959104,1005420544,1884766208,118898688,2479620096
2026-07-09T01:08:52.407521,17006837760,16350429184,656408576,3.9,13892747264,1005420544,1884766208,118898688,2479620096
2026-07-09T01:08:53.407907,17006837760,16350920704,655917056,3.9,13893238784,1005420544,1884766208,118898688,2479620096
2026-07-09T01:08:54.408262,17006837760,16352346112,654491648,3.8,13894664192,1005420544,1884766208,118898688,2479620096
2026-07-09T01:08:55.408613,17006837760,16352821248,654016512,3.8,13895139328,1005420544,1884766208,118898688,2479620096
2026-07-09T01:08:56.409005,17006837760,16353067008,653770752,3.8,13895385088,1005420544,1884766208,118898688,2479620096
2026-07-09T01:08:57.409738,17006837760,16353034240,653803520,3.8,13895352320,1005420544,1884766208,118898688,2479620096
2026-07-09T01:08:58.410025,17006837760,16353034240,653803520,3.8,13895352320,1005420544,1884766208,118898688,2479620096
2026-07-09T01:08:59.410307,17006837760,16352788480,654049280,3.8,13895106560,1005420544,1884766208,118898688,2479620096
2026-07-09T01:09:00.410592,17006837760,16346873856,659963904,3.9,13889191936,1005420544,1884766208,118898688,2479620096
2026-07-09T01:09:01.411004,17006837760,16346234880,660602880,3.9,13888552960,1005420544,1884766208,118898688,2479620096
2026-07-09T01:09:02.411550,17006837760,16346742784,660094976,3.9,13889060864,1005420544,1884766208,118898688,2479620096
2026-07-09T01:09:03.411873,17006837760,16348643328,658194432,3.9,13890961408,1005420544,1884766208,118898688,2479620096
2026-07-09T01:09:04.412161,17006837760,16348659712,658178048,3.9,13890977792,1005420544,1884766208,118898688,2479620096
2026-07-09T01:09:05.412452,17006837760,16349724672,657113088,3.9,13892042752,1005420544,1884766208,118898688,2479620096
2026-07-09T01:09:06.412738,17006837760,16350789632,656048128,3.9,13893107712,1005420544,1884766208,118898688,2479620096
2026-07-09T01:09:07.413073,17006837760,16350887936,655949824,3.9,13893206016,1005420544,1884766208,118898688,2479620096
2026-07-09T01:09:08.413460,17006837760,16351707136,655130624,3.9,13894025216,1005420544,1884766208,118898688,2479620096
2026-07-09T01:09:09.413818,17006837760,16352460800,654376960,3.8,13894778880,1005420544,1884766208,118898688,2479620096
2026-07-09T01:09:10.414218,17006837760,16351232000,655605760,3.9,13893550080,1005420544,1884766208,118898688,2479620096
2026-07-09T01:09:11.414632,17006837760,16350461952,656375808,3.9,13892780032,1005420544,1884766208,118898688,2479636480
2026-07-09T01:09:12.414997,17006837760,16350232576,656605184,3.9,13892550656,1005420544,1884766208,118898688,2479636480
2026-07-09T01:09:13.415348,17006837760,16350986240,655851520,3.9,13893304320,1005420544,1884766208,118898688,2479636480
2026-07-09T01:09:14.415734,17006837760,16350969856,655867904,3.9,13893287936,1005420544,1884766208,118898688,2479636480
2026-07-09T01:09:15.416076,17006837760,16352215040,654622720,3.8,13894533120,1005420544,1884766208,118898688,2479636480
2026-07-09T01:09:16.416418,17006837760,16352706560,654131200,3.8,13895024640,1005420544,1884766208,118898688,2479636480
2026-07-09T01:09:17.416763,17006837760,16352968704,653869056,3.8,13895286784,1005420544,1884766208,118898688,2479636480
2026-07-09T01:09:18.417102,17006837760,16353443840,653393920,3.8,13895761920,1005420544,1884766208,118898688,2479636480
2026-07-09T01:09:19.417492,17006837760,16354377728,652460032,3.8,13896695808,1005420544,1884766208,118898688,2479636480
2026-07-09T01:09:20.417837,17006837760,16354131968,652705792,3.8,13896450048,1005420544,1884766208,118898688,2479636480
2026-07-09T01:09:21.418128,17006837760,16354377728,652460032,3.8,13896695808,1005420544,1884766208,118898688,2479636480
2026-07-09T01:09:22.418413,17006837760,16351428608,655409152,3.9,13893746688,1005420544,1884766208,118898688,2479636480
2026-07-09T01:09:23.418694,17006837760,16350461952,656375808,3.9,13892780032,1005420544,1884766208,118898688,2479636480
2026-07-09T01:09:24.419031,17006837760,16351330304,655507456,3.9,13893648384,1005420544,1884766208,118898688,2479636480
2026-07-09T01:09:25.419621,17006837760,16351821824,655015936,3.9,13894139904,1005420544,1884766208,118898688,2479636480
2026-07-09T01:09:26.420179,17006837760,16352526336,654311424,3.8,13894844416,1005420544,1884766208,118898688,2479636480
2026-07-09T01:09:27.420496,17006837760,16352935936,653901824,3.8,13895254016,1005420544,1884766208,118898688,2479636480
2026-07-09T01:09:28.420774,17006837760,16353148928,653688832,3.8,13895417856,1005584384,1884815360,118898688,2479636480
2026-07-09T01:09:29.421054,17006837760,16353574912,653262848,3.8,13895843840,1005584384,1884815360,118898688,2479636480
2026-07-09T01:09:30.421369,17006837760,16353591296,653246464,3.8,13895860224,1005584384,1884815360,118898688,2479636480
2026-07-09T01:09:31.421738,17006837760,16354066432,652771328,3.8,13896335360,1005584384,1884815360,118898688,2479636480
2026-07-09T01:09:32.422132,17006837760,16354066432,652771328,3.8,13896335360,1005584384,1884815360,118898688,2479636480
2026-07-09T01:09:33.422473,17006837760,16353820672,653017088,3.8,13896089600,1005584384,1884815360,118898688,2479652864
2026-07-09T01:09:34.422856,17006837760,16353820672,653017088,3.8,13896089600,1005584384,1884815360,118898688,2479652864
2026-07-09T01:09:35.423157,17006837760,16353804288,653033472,3.8,13896073216,1005584384,1884815360,118898688,2479652864
2026-07-09T01:09:36.423435,17006837760,16354050048,652787712,3.8,13896318976,1005584384,1884815360,118898688,2479652864
2026-07-09T01:09:37.423713,17006837760,16354541568,652296192,3.8,13896810496,1005584384,1884815360,118898688,2479652864
2026-07-09T01:09:38.423990,17006837760,16354541568,652296192,3.8,13896810496,1005584384,1884815360,118898688,2479652864
2026-07-09T01:09:39.424267,17006837760,16354787328,652050432,3.8,13897056256,1005584384,1884815360,118898688,2479652864
2026-07-09T01:09:40.424619,17006837760,16354787328,652050432,3.8,13897056256,1005584384,1884815360,118898688,2479652864
2026-07-09T01:09:41.425053,17006837760,16354050048,652787712,3.8,13896318976,1005584384,1884815360,118898688,2479652864
2026-07-09T01:09:42.425327,17006837760,16354295808,652541952,3.8,13896564736,1005584384,1884815360,118898688,2479652864
2026-07-09T01:09:43.425605,17006837760,16354541568,652296192,3.8,13896810496,1005584384,1884815360,118898688,2479652864
2026-07-09T01:09:44.425885,17006837760,16354541568,652296192,3.8,13896810496,1005584384,1884815360,118898688,2479652864
2026-07-09T01:09:45.426215,17006837760,16354869248,651968512,3.8,13897138176,1005584384,1884815360,118898688,2479652864
2026-07-09T01:09:46.426577,17006837760,16354869248,651968512,3.8,13897138176,1005584384,1884815360,118898688,2479652864
2026-07-09T01:09:47.426921,17006837760,16354607104,652230656,3.8,13896876032,1005584384,1884815360,118898688,2479652864
2026-07-09T01:09:48.427275,17006837760,16354115584,652722176,3.8,13896384512,1005584384,1884815360,118898688,2479652864
2026-07-09T01:09:49.427616,17006837760,16354607104,652230656,3.8,13896876032,1005584384,1884815360,118898688,2479652864
2026-07-09T01:09:50.427950,17006837760,16355065856,651771904,3.8,13897334784,1005584384,1884815360,118898688,2479652864
2026-07-09T01:09:51.428305,17006837760,16355065856,651771904,3.8,13897334784,1005584384,1884815360,118898688,2479652864
2026-07-09T01:09:52.428647,17006837760,16355082240,651755520,3.8,13897351168,1005584384,1884815360,118898688,2479652864
2026-07-09T01:09:53.429029,17006837760,16350658560,656179200,3.9,13892927488,1005584384,1884815360,118898688,2479669248
2026-07-09T01:09:54.429375,17006837760,16350691328,656146432,3.9,13892960256,1005584384,1884815360,118898688,2479669248
2026-07-09T01:09:55.429725,17006837760,16351264768,655572992,3.9,13893533696,1005584384,1884815360,118898688,2479669248
2026-07-09T01:09:56.430058,17006837760,16351674368,655163392,3.9,13893943296,1005584384,1884815360,118898688,2479669248
2026-07-09T01:09:57.430442,17006837760,16352509952,654327808,3.8,13894778880,1005584384,1884815360,118898688,2479669248
2026-07-09T01:09:58.430829,17006837760,16352821248,654016512,3.8,13895090176,1005584384,1884815360,118898688,2479669248
2026-07-09T01:09:59.431152,17006837760,16352608256,654229504,3.8,13894877184,1005584384,1884815360,118898688,2479669248
2026-07-09T01:10:00.431431,17006837760,16352116736,654721024,3.8,13894385664,1005584384,1884815360,118898688,2479669248
2026-07-09T01:10:01.431717,17006837760,16350363648,656474112,3.9,13892632576,1005584384,1884815360,118898688,2479669248
2026-07-09T01:10:02.431994,17006837760,16347676672,659161088,3.9,13889945600,1005584384,1884815360,118898688,2479669248
2026-07-09T01:10:03.432331,17006837760,16346939392,659898368,3.9,13889208320,1005584384,1884815360,118898688,2479669248
2026-07-09T01:10:04.432631,17006837760,16347037696,659800064,3.9,13889306624,1005584384,1884815360,118898688,2479669248
2026-07-09T01:10:05.432915,17006837760,16349118464,657719296,3.9,13891387392,1005584384,1884815360,118898688,2479669248
2026-07-09T01:10:06.433192,17006837760,16349118464,657719296,3.9,13891387392,1005584384,1884815360,118898688,2479669248
2026-07-09T01:10:07.433477,17006837760,16350019584,656818176,3.9,13892288512,1005584384,1884815360,118898688,2479669248
2026-07-09T01:10:08.433756,17006837760,16351182848,655654912,3.9,13893451776,1005584384,1884815360,118898688,2479669248
2026-07-09T01:10:09.434070,17006837760,16351100928,655736832,3.9,13893369856,1005584384,1884815360,118898688,2479669248
2026-07-09T01:10:10.434404,17006837760,16351264768,655572992,3.9,13893533696,1005584384,1884815360,118898688,2479669248
2026-07-09T01:10:11.434757,17006837760,16351510528,655327232,3.9,13893779456,1005584384,1884815360,118898688,2479669248
2026-07-09T01:10:12.435157,17006837760,16351756288,655081472,3.9,13894025216,1005584384,1884815360,118898688,2479669248
2026-07-09T01:10:13.435544,17006837760,16351510528,655327232,3.9,13893779456,1005584384,1884815360,118898688,2479669248
2026-07-09T01:10:14.435934,17006837760,16352739328,654098432,3.8,13895008256,1005584384,1884815360,118898688,2479669248
2026-07-09T01:10:15.436415,17006837760,16352968704,653869056,3.8,13895237632,1005584384,1884815360,118898688,2479685632
2026-07-09T01:10:16.436801,17006837760,16352968704,653869056,3.8,13895237632,1005584384,1884815360,118898688,2479685632
2026-07-09T01:10:17.437076,17006837760,16353443840,653393920,3.8,13895712768,1005584384,1884815360,118898688,2479685632
2026-07-09T01:10:18.437358,17006837760,16353427456,653410304,3.8,13895696384,1005584384,1884815360,118898688,2479685632
2026-07-09T01:10:19.437632,17006837760,16353935360,652902400,3.8,13896204288,1005584384,1884815360,118898688,2479685632
2026-07-09T01:10:20.437969,17006837760,16354410496,652427264,3.8,13896679424,1005584384,1884815360,118898688,2479685632
2026-07-09T01:10:21.438341,17006837760,16354721792,652115968,3.8,13896990720,1005584384,1884815360,118898688,2479685632
2026-07-09T01:10:22.438672,17006837760,16354721792,652115968,3.8,13896990720,1005584384,1884815360,118898688,2479685632
2026-07-09T01:10:23.439009,17006837760,16353738752,653099008,3.8,13896007680,1005584384,1884815360,118898688,2479685632
2026-07-09T01:10:24.439347,17006837760,16353984512,652853248,3.8,13896253440,1005584384,1884815360,118898688,2479685632
2026-07-09T01:10:25.439676,17006837760,16354000896,652836864,3.8,13896269824,1005584384,1884815360,118898688,2479685632
2026-07-09T01:10:26.440006,17006837760,16354000896,652836864,3.8,13896269824,1005584384,1884815360,118898688,2479685632
2026-07-09T01:10:27.440360,17006837760,16354623488,652214272,3.8,13896892416,1005584384,1884815360,118898688,2479685632
2026-07-09T01:10:28.440695,17006837760,16355016704,651821056,3.8,13897285632,1005584384,1884815360,118898688,2479685632
2026-07-09T01:10:29.441034,17006837760,16354525184,652312576,3.8,13896794112,1005584384,1884815360,118898688,2479685632
2026-07-09T01:10:30.441395,17006837760,16354525184,652312576,3.8,13896794112,1005584384,1884815360,118898688,2479685632
2026-07-09T01:10:31.441742,17006837760,16354787328,652050432,3.8,13897056256,1005584384,1884815360,118898688,2479685632
2026-07-09T01:10:32.442089,17006837760,16354541568,652296192,3.8,13896810496,1005584384,1884815360,118898688,2479685632
2026-07-09T01:10:33.442387,17006837760,16354050048,652787712,3.8,13896318976,1005584384,1884815360,118898688,2479685632
2026-07-09T01:10:34.442667,17006837760,16354066432,652771328,3.8,13896335360,1005584384,1884815360,118898688,2479685632
2026-07-09T01:10:35.442944,17006837760,16353591296,653246464,3.8,13895860224,1005584384,1884815360,118898688,2479685632
2026-07-09T01:10:36.443226,17006837760,16353591296,653246464,3.8,13895860224,1005584384,1884815360,118898688,2479685632
2026-07-09T01:10:37.443507,17006837760,16354312192,652525568,3.8,13896581120,1005584384,1884815360,118898688,2479702016
2026-07-09T01:10:38.443828,17006837760,16354770944,652066816,3.8,13897039872,1005584384,1884815360,118898688,2479702016
2026-07-09T01:10:39.444152,17006837760,16354770944,652066816,3.8,13897039872,1005584384,1884815360,118898688,2479702016
2026-07-09T01:10:40.444572,17006837760,16354508800,652328960,3.8,13896777728,1005584384,1884815360,118898688,2479702016
2026-07-09T01:10:41.444909,17006837760,16354263040,652574720,3.8,13896531968,1005584384,1884815360,118898688,2479702016
2026-07-09T01:10:42.445305,17006837760,16354279424,652558336,3.8,13896548352,1005584384,1884815360,118898688,2479702016
2026-07-09T01:10:43.445658,17006837760,16354263040,652574720,3.8,13896531968,1005584384,1884815360,118898688,2479702016
2026-07-09T01:10:44.445936,17006837760,16354508800,652328960,3.8,13896777728,1005584384,1884815360,118898688,2479702016
2026-07-09T01:10:45.446212,17006837760,16354754560,652083200,3.8,13897023488,1005584384,1884815360,118898688,2479702016
2026-07-09T01:10:46.446491,17006837760,16354263040,652574720,3.8,13896531968,1005584384,1884815360,118898688,2479702016
2026-07-09T01:10:47.446999,17006837760,16354492416,652345344,3.8,13896761344,1005584384,1884815360,118898688,2479702016
2026-07-09T01:10:48.447696,17006837760,16354983936,651853824,3.8,13897252864,1005584384,1884815360,118898688,2479702016
2026-07-09T01:10:49.447973,17006837760,16354492416,652345344,3.8,13896761344,1005584384,1884815360,118898688,2479702016
2026-07-09T01:10:50.448316,17006837760,16354508800,652328960,3.8,13896777728,1005584384,1884815360,118898688,2479702016
2026-07-09T01:10:51.448657,17006837760,16354754560,652083200,3.8,13897023488,1005584384,1884815360,118898688,2479702016
2026-07-09T01:10:52.448936,17006837760,16354508800,652328960,3.8,13896777728,1005584384,1884815360,118898688,2479702016
2026-07-09T01:10:53.449277,17006837760,16353280000,653557760,3.8,13895548928,1005584384,1884815360,118898688,2479702016
2026-07-09T01:10:54.449627,17006837760,16353738752,653099008,3.8,13896007680,1005584384,1884815360,118898688,2479702016
2026-07-09T01:10:55.450340,17006837760,16354312192,652525568,3.8,13896581120,1005584384,1884815360,118898688,2479702016
2026-07-09T01:10:56.450657,17006837760,16354066432,652771328,3.8,13896335360,1005584384,1884815360,118898688,2479702016
2026-07-09T01:10:57.450943,17006837760,16354066432,652771328,3.8,13896335360,1005584384,1884815360,118898688,2479702016
2026-07-09T01:10:58.451240,17006837760,16354312192,652525568,3.8,13896581120,1005584384,1884815360,118898688,2479718400
2026-07-09T01:10:59.451571,17006837760,16354050048,652787712,3.8,13896318976,1005584384,1884815360,118898688,2479718400
2026-07-09T01:11:00.451959,17006837760,16353558528,653279232,3.8,13895827456,1005584384,1884815360,118898688,2479718400
2026-07-09T01:11:01.452350,17006837760,16352870400,653967360,3.8,13895139328,1005584384,1884815360,118898688,2479718400
2026-07-09T01:11:02.452745,17006837760,16350412800,656424960,3.9,13892681728,1005584384,1884815360,118898688,2479718400
2026-07-09T01:11:03.453050,17006837760,16351363072,655474688,3.9,13893632000,1005584384,1884815360,118898688,2479718400
2026-07-09T01:11:04.453383,17006837760,16352034816,654802944,3.9,13894303744,1005584384,1884815360,118898688,2479718400
2026-07-09T01:11:05.453668,17006837760,16352526336,654311424,3.8,13894795264,1005584384,1884815360,118898688,2479718400
2026-07-09T01:11:06.453953,17006837760,16352526336,654311424,3.8,13894795264,1005584384,1884815360,118898688,2479718400
2026-07-09T01:11:07.454229,17006837760,16353492992,653344768,3.8,13895761920,1005584384,1884815360,118898688,2479718400
2026-07-09T01:11:08.454555,17006837760,16353722368,653115392,3.8,13895991296,1005584384,1884815360,118898688,2479718400
2026-07-09T01:11:09.455015,17006837760,16354213888,652623872,3.8,13896482816,1005584384,1884815360,118898688,2479718400
2026-07-09T01:11:10.455354,17006837760,16353984512,652853248,3.8,13896253440,1005584384,1884815360,118898688,2479718400
2026-07-09T01:11:11.455781,17006837760,16354213888,652623872,3.8,13896482816,1005584384,1884815360,118898688,2479718400
2026-07-09T01:11:12.456225,17006837760,16354459648,652378112,3.8,13896728576,1005584384,1884815360,118898688,2479718400
2026-07-09T01:11:13.456664,17006837760,16354934784,651902976,3.8,13897203712,1005584384,1884815360,118898688,2479718400
2026-07-09T01:11:14.457139,17006837760,16354934784,651902976,3.8,13897203712,1005584384,1884815360,118898688,2479718400
2026-07-09T01:11:15.457458,17006837760,16354951168,651886592,3.8,13897220096,1005584384,1884815360,118898688,2479718400
2026-07-09T01:11:16.457807,17006837760,16354951168,651886592,3.8,13897220096,1005584384,1884815360,118898688,2479718400
2026-07-09T01:11:17.458117,17006837760,16354705408,652132352,3.8,13896974336,1005584384,1884815360,118898688,2479718400
2026-07-09T01:11:18.458457,17006837760,16354459648,652378112,3.8,13896728576,1005584384,1884815360,118898688,2479718400
2026-07-09T01:11:19.458750,17006837760,16353656832,653180928,3.8,13895925760,1005584384,1884815360,118898688,2479734784
2026-07-09T01:11:20.459023,17006837760,16353968128,652869632,3.8,13896237056,1005584384,1884815360,118898688,2479734784
2026-07-09T01:11:21.459297,17006837760,16354213888,652623872,3.8,13896482816,1005584384,1884815360,118898688,2479734784
2026-07-09T01:11:22.459586,17006837760,16354213888,652623872,3.8,13896482816,1005584384,1884815360,118898688,2479734784
2026-07-09T01:11:23.459870,17006837760,16353476608,653361152,3.8,13895745536,1005584384,1884815360,118898688,2479734784
2026-07-09T01:11:24.460147,17006837760,16353722368,653115392,3.8,13895991296,1005584384,1884815360,118898688,2479734784
2026-07-09T01:11:25.460435,17006837760,16354213888,652623872,3.8,13896482816,1005584384,1884815360,118898688,2479734784
2026-07-09T01:11:26.460716,17006837760,16354213888,652623872,3.8,13896482816,1005584384,1884815360,118898688,2479734784
2026-07-09T01:11:27.461056,17006837760,16354443264,652394496,3.8,13896712192,1005584384,1884815360,118898688,2479734784
2026-07-09T01:11:28.461436,17006837760,16353935360,652902400,3.8,13896204288,1005584384,1884815360,118898688,2479734784
2026-07-09T01:11:29.461801,17006837760,16353460224,653377536,3.8,13895729152,1005584384,1884815360,118898688,2479734784
2026-07-09T01:11:30.462150,17006837760,16353689600,653148160,3.8,13895958528,1005584384,1884815360,118898688,2479734784
2026-07-09T01:11:31.462481,17006837760,16353968128,652869632,3.8,13896204288,1005584384,1884848128,118898688,2479734784
2026-07-09T01:11:32.462825,17006837760,16353722368,653115392,3.8,13895958528,1005584384,1884848128,118898688,2479734784
2026-07-09T01:11:33.463181,17006837760,16353476608,653361152,3.8,13895712768,1005584384,1884848128,118898688,2479734784
2026-07-09T01:11:34.464286,17006837760,16352755712,654082048,3.8,13894991872,1005584384,1884848128,118898688,2479734784
2026-07-09T01:11:35.464597,17006837760,16351526912,655310848,3.9,13893763072,1005584384,1884848128,118898688,2479734784
2026-07-09T01:11:36.464878,17006837760,16352018432,654819328,3.9,13894254592,1005584384,1884848128,118898688,2479734784
2026-07-09T01:11:37.465156,17006837760,16350806016,656031744,3.9,13893042176,1005584384,1884848128,118898688,2479734784
2026-07-09T01:11:38.465438,17006837760,16351051776,655785984,3.9,13893287936,1005584384,1884848128,118898688,2479734784
2026-07-09T01:11:39.465778,17006837760,16352346112,654491648,3.8,13894582272,1005584384,1884848128,118898688,2479734784
2026-07-09T01:11:40.466099,17006837760,16350789632,656048128,3.9,13893025792,1005584384,1884848128,118898688,2479751168
2026-07-09T01:11:41.466395,17006837760,16351035392,655802368,3.9,13893271552,1005584384,1884848128,118898688,2479751168
2026-07-09T01:11:42.466672,17006837760,16352509952,654327808,3.8,13894746112,1005584384,1884848128,118898688,2479751168
2026-07-09T01:11:43.466947,17006837760,16352264192,654573568,3.8,13894500352,1005584384,1884848128,118898688,2479751168
2026-07-09T01:11:44.467223,17006837760,16352264192,654573568,3.8,13894500352,1005584384,1884848128,118898688,2479751168
2026-07-09T01:11:45.467554,17006837760,16352772096,654065664,3.8,13895008256,1005584384,1884848128,118898688,2479751168
2026-07-09T01:11:46.467918,17006837760,16351952896,654884864,3.9,13894189056,1005584384,1884848128,118898688,2479751168
2026-07-09T01:11:47.468287,17006837760,16351215616,655622144,3.9,13893451776,1005584384,1884848128,118898688,2479751168
2026-07-09T01:11:48.468622,17006837760,16351641600,655196160,3.9,13893877760,1005584384,1884848128,118898688,2479751168
2026-07-09T01:11:49.468958,17006837760,16352296960,654540800,3.8,13894533120,1005584384,1884848128,118898688,2479751168
2026-07-09T01:11:50.469329,17006837760,16353034240,653803520,3.8,13895270400,1005584384,1884848128,118898688,2479751168
2026-07-09T01:11:51.470696,17006837760,16353280000,653557760,3.8,13895516160,1005584384,1884848128,118898688,2479751168
2026-07-09T01:11:52.471014,17006837760,16351313920,655523840,3.9,13893550080,1005584384,1884848128,118898688,2479751168
2026-07-09T01:11:53.471306,17006837760,16351543296,655294464,3.9,13893779456,1005584384,1884848128,118898688,2479751168
2026-07-09T01:11:54.471592,17006837760,16351789056,655048704,3.9,13894025216,1005584384,1884848128,118898688,2479751168
2026-07-09T01:11:55.471878,17006837760,16352591872,654245888,3.8,13894828032,1005584384,1884848128,118898688,2479751168
2026-07-09T01:11:56.472204,17006837760,16352591872,654245888,3.8,13894828032,1005584384,1884848128,118898688,2479751168
2026-07-09T01:11:57.472543,17006837760,16352641024,654196736,3.8,13894877184,1005584384,1884848128,118898688,2479751168
2026-07-09T01:11:58.472844,17006837760,16351854592,654983168,3.9,13894090752,1005584384,1884848128,118898688,2479751168
2026-07-09T01:11:59.473128,17006837760,16352509952,654327808,3.8,13894746112,1005584384,1884848128,118898688,2479751168
2026-07-09T01:12:00.473431,17006837760,16350871552,655966208,3.9,13893107712,1005584384,1884848128,118898688,2479751168
2026-07-09T01:12:01.473724,17006837760,16345759744,661078016,3.9,13887963136,1005879296,1884880896,118898688,2479767552
2026-07-09T01:12:02.474009,17006837760,16344547328,662290432,3.9,13886750720,1005879296,1884880896,118898688,2479767552
2026-07-09T01:12:03.474335,17006837760,16345497600,661340160,3.9,13887700992,1005879296,1884880896,118898688,2479767552
2026-07-09T01:12:04.474717,17006837760,16346972160,659865600,3.9,13889175552,1005879296,1884880896,118898688,2479767552
2026-07-09T01:12:05.475085,17006837760,16347217920,659619840,3.9,13889421312,1005879296,1884880896,118898688,2479767552
2026-07-09T01:12:06.475440,17006837760,16348119040,658718720,3.9,13890322432,1005879296,1884880896,118898688,2479767552
2026-07-09T01:12:07.475786,17006837760,16350511104,656326656,3.9,13892714496,1005879296,1884880896,118898688,2479767552
2026-07-09T01:12:08.476150,17006837760,16350429184,656408576,3.9,13892632576,1005879296,1884880896,118898688,2479767552
2026-07-09T01:12:09.476509,17006837760,16350085120,656752640,3.9,13892288512,1005879296,1884880896,118898688,2479767552
2026-07-09T01:12:10.476853,17006837760,16350363648,656474112,3.9,13892567040,1005879296,1884880896,118898688,2479767552
2026-07-09T01:12:11.477309,17006837760,16349872128,656965632,3.9,13892075520,1005879296,1884880896,118898688,2479767552
2026-07-09T01:12:12.477586,17006837760,16350134272,656703488,3.9,13892337664,1005879296,1884880896,118898688,2479767552
2026-07-09T01:12:13.477866,17006837760,16351739904,655097856,3.9,13893943296,1005879296,1884880896,118898688,2479767552
2026-07-09T01:12:14.478146,17006837760,16352231424,654606336,3.8,13894434816,1005879296,1884880896,118898688,2479767552
2026-07-09T01:12:15.478416,17006837760,16352477184,654360576,3.8,13894680576,1005879296,1884880896,118898688,2479767552
2026-07-09T01:12:16.478828,17006837760,16352215040,654622720,3.8,13894418432,1005879296,1884880896,118898688,2479767552
2026-07-09T01:12:17.479182,17006837760,16352460800,654376960,3.8,13894664192,1005879296,1884880896,118898688,2479767552
2026-07-09T01:12:18.479521,17006837760,16352690176,654147584,3.8,13894893568,1005879296,1884880896,118898688,2479767552
2026-07-09T01:12:19.479912,17006837760,16352690176,654147584,3.8,13894893568,1005879296,1884880896,118898688,2479767552
2026-07-09T01:12:20.480265,17006837760,16353558528,653279232,3.8,13895761920,1005879296,1884880896,118898688,2479767552
2026-07-09T01:12:21.480607,17006837760,16353312768,653524992,3.8,13895516160,1005879296,1884880896,118898688,2479767552
2026-07-09T01:12:22.480903,17006837760,16352821248,654016512,3.8,13895024640,1005879296,1884880896,118898688,2479783936
2026-07-09T01:12:23.481190,17006837760,16352821248,654016512,3.8,13895024640,1005879296,1884880896,118898688,2479783936
2026-07-09T01:12:24.481523,17006837760,16353558528,653279232,3.8,13895761920,1005879296,1884880896,118898688,2479783936
2026-07-09T01:12:25.481862,17006837760,16354050048,652787712,3.8,13896253440,1005879296,1884880896,118898688,2479783936
2026-07-09T01:12:26.482164,17006837760,16353804288,653033472,3.8,13896007680,1005879296,1884880896,118898688,2479783936
2026-07-09T01:12:27.482441,17006837760,16353820672,653017088,3.8,13896007680,1005879296,1884897280,118898688,2479783936
2026-07-09T01:12:28.482719,17006837760,16353804288,653033472,3.8,13895991296,1005879296,1884897280,118898688,2479783936
2026-07-09T01:12:29.483110,17006837760,16353329152,653508608,3.8,13895516160,1005879296,1884897280,118898688,2479783936
2026-07-09T01:12:30.483387,17006837760,16353640448,653197312,3.8,13895827456,1005879296,1884897280,118898688,2479783936
2026-07-09T01:12:31.483718,17006837760,16354131968,652705792,3.8,13896318976,1005879296,1884897280,118898688,2479783936
2026-07-09T01:12:32.484022,17006837760,16353886208,652951552,3.8,13896073216,1005912064,1884897280,118898688,2479783936
2026-07-09T01:12:33.484304,17006837760,16353968128,652869632,3.8,13896155136,1005912064,1884897280,118898688,2479783936
2026-07-09T01:12:34.484594,17006837760,16353869824,652967936,3.8,13896056832,1005912064,1884897280,118898688,2479783936
2026-07-09T01:12:35.484879,17006837760,16353755136,653082624,3.8,13895811072,1006288896,1885028352,118898688,2479783936
2026-07-09T01:12:36.485155,17006837760,16353755136,653082624,3.8,13895811072,1006288896,1885028352,118898688,2479783936
2026-07-09T01:12:37.485436,17006837760,16354918400,651919360,3.8,13896974336,1006288896,1885028352,118898688,2479783936
2026-07-09T01:12:38.485718,17006837760,16354934784,651902976,3.8,13896990720,1006288896,1885028352,118898688,2479783936
2026-07-09T01:12:39.486016,17006837760,16354934784,651902976,3.8,13896990720,1006288896,1885028352,118898688,2479783936
2026-07-09T01:12:40.486311,17006837760,16354443264,652394496,3.8,13896499200,1006288896,1885028352,118898688,2479783936
2026-07-09T01:12:41.486603,17006837760,16353951744,652886016,3.8,13896007680,1006288896,1885028352,118898688,2479800320
2026-07-09T01:12:42.486945,17006837760,16354181120,652656640,3.8,13896237056,1006288896,1885028352,118898688,2479800320
2026-07-09T01:12:43.487309,17006837760,16351985664,654852096,3.9,13894041600,1006288896,1885028352,118898688,2479800320
2026-07-09T01:12:44.487673,17006837760,16351494144,655343616,3.9,13893550080,1006288896,1885028352,118898688,2479800320
2026-07-09T01:12:45.488097,17006837760,16351641600,655196160,3.9,13893697536,1006288896,1885028352,118898688,2479800320
2026-07-09T01:12:46.488374,17006837760,16351428608,655409152,3.9,13893484544,1006288896,1885028352,118898688,2479800320
2026-07-09T01:12:47.488658,17006837760,16351428608,655409152,3.9,13893484544,1006288896,1885028352,118898688,2479800320
2026-07-09T01:12:48.488944,17006837760,16352395264,654442496,3.8,13894451200,1006288896,1885028352,118898688,2479800320
2026-07-09T01:12:49.489227,17006837760,16352395264,654442496,3.8,13894451200,1006288896,1885028352,118898688,2479800320
2026-07-09T01:12:50.489568,17006837760,16351789056,655048704,3.9,13893844992,1006288896,1885028352,118898688,2479800320
2026-07-09T01:12:51.489867,17006837760,16352460800,654376960,3.8,13894516736,1006288896,1885028352,118898688,2479800320
2026-07-09T01:12:52.490155,17006837760,16351887360,654950400,3.9,13893943296,1006288896,1885028352,118898688,2479800320
2026-07-09T01:12:53.490442,17006837760,16351543296,655294464,3.9,13893599232,1006288896,1885028352,118898688,2479800320
2026-07-09T01:12:54.490720,17006837760,16351559680,655278080,3.9,13893615616,1006288896,1885028352,118898688,2479800320
2026-07-09T01:12:55.490997,17006837760,16352542720,654295040,3.8,13894598656,1006288896,1885028352,118898688,2479800320
2026-07-09T01:12:56.491318,17006837760,16352051200,654786560,3.9,13894107136,1006288896,1885028352,118898688,2479800320
2026-07-09T01:12:57.491680,17006837760,16352296960,654540800,3.8,13894352896,1006288896,1885028352,118898688,2479800320
2026-07-09T01:12:58.492042,17006837760,16351789056,655048704,3.9,13893844992,1006288896,1885028352,118898688,2479800320
2026-07-09T01:12:59.492405,17006837760,16351789056,655048704,3.9,13893844992,1006288896,1885028352,118898688,2479800320
2026-07-09T01:13:00.492767,17006837760,16351789056,655048704,3.9,13893844992,1006288896,1885028352,118898688,2479800320
2026-07-09T01:13:01.493145,17006837760,16347856896,658980864,3.9,13889912832,1006288896,1885028352,118898688,2479816704
2026-07-09T01:13:02.493511,17006837760,16348626944,658210816,3.9,13890682880,1006288896,1885028352,118898688,2479816704
2026-07-09T01:13:03.493865,17006837760,16347398144,659439616,3.9,13889454080,1006403584,1885028352,118898688,2479816704
2026-07-09T01:13:04.494176,17006837760,16347643904,659193856,3.9,13889699840,1006403584,1885028352,118898688,2479816704
2026-07-09T01:13:05.494460,17006837760,16349216768,657620992,3.9,13891272704,1006403584,1885028352,118898688,2479816704
2026-07-09T01:13:06.494750,17006837760,16349429760,657408000,3.9,13891485696,1006403584,1885028352,118898688,2479816704
2026-07-09T01:13:07.495032,17006837760,16350429184,656408576,3.9,13892485120,1006403584,1885028352,118898688,2479816704
2026-07-09T01:13:08.495315,17006837760,16350429184,656408576,3.9,13892485120,1006403584,1885028352,118898688,2479816704
2026-07-09T01:13:09.495651,17006837760,16351395840,655441920,3.9,13893451776,1006403584,1885028352,118898688,2479816704
2026-07-09T01:13:10.495960,17006837760,16351838208,654999552,3.9,13893894144,1006403584,1885028352,118898688,2479816704
2026-07-09T01:13:11.496231,17006837760,16351838208,654999552,3.9,13893894144,1006403584,1885028352,118898688,2479816704
2026-07-09T01:13:12.496518,17006837760,16351838208,654999552,3.9,13893894144,1006403584,1885028352,118898688,2479816704
2026-07-09T01:13:13.496869,17006837760,16353067008,653770752,3.8,13895122944,1006403584,1885028352,118898688,2479816704
2026-07-09T01:13:14.497150,17006837760,16353558528,653279232,3.8,13895614464,1006403584,1885028352,118898688,2479816704
2026-07-09T01:13:15.497489,17006837760,16354033664,652804096,3.8,13896089600,1006403584,1885028352,118898688,2479816704
2026-07-09T01:13:16.497802,17006837760,16353787904,653049856,3.8,13895843840,1006403584,1885028352,118898688,2479816704
2026-07-09T01:13:17.498089,17006837760,16353280000,653557760,3.8,13895335936,1006403584,1885028352,118898688,2479816704
2026-07-09T01:13:18.498366,17006837760,16353280000,653557760,3.8,13895335936,1006403584,1885028352,118898688,2479816704
2026-07-09T01:13:19.498641,17006837760,16354344960,652492800,3.8,13896400896,1006403584,1885028352,118898688,2479816704
2026-07-09T01:13:20.498921,17006837760,16354557952,652279808,3.8,13896613888,1006403584,1885028352,118898688,2479816704
2026-07-09T01:13:21.499268,17006837760,16354312192,652525568,3.8,13896368128,1006403584,1885028352,118898688,2479833088
2026-07-09T01:13:22.499635,17006837760,16354230272,652607488,3.8,13896286208,1006403584,1885028352,118898688,2479833088
2026-07-09T01:13:23.500004,17006837760,16353230848,653606912,3.8,13895286784,1006403584,1885028352,118898688,2479833088
2026-07-09T01:13:24.500356,17006837760,16353230848,653606912,3.8,13895286784,1006403584,1885028352,118898688,2479833088
2026-07-09T01:13:25.500659,17006837760,16353984512,652853248,3.8,13896040448,1006403584,1885028352,118898688,2479833088
2026-07-09T01:13:26.500947,17006837760,16353738752,653099008,3.8,13895794688,1006403584,1885028352,118898688,2479833088
2026-07-09T01:13:27.501231,17006837760,16353247232,653590528,3.8,13895303168,1006403584,1885028352,118898688,2479833088
2026-07-09T01:13:28.501521,17006837760,16353247232,653590528,3.8,13895303168,1006403584,1885028352,118898688,2479833088
2026-07-09T01:13:29.501808,17006837760,16353492992,653344768,3.8,13895548928,1006403584,1885028352,118898688,2479833088
2026-07-09T01:13:30.502110,17006837760,16353755136,653082624,3.8,13895811072,1006403584,1885028352,118898688,2479833088
2026-07-09T01:13:31.502389,17006837760,16354000896,652836864,3.8,13896056832,1006403584,1885028352,118898688,2479833088
2026-07-09T01:13:32.502667,17006837760,16354476032,652361728,3.8,13896531968,1006403584,1885028352,118898688,2479833088
2026-07-09T01:13:33.502947,17006837760,16354230272,652607488,3.8,13896286208,1006403584,1885028352,118898688,2479833088
2026-07-09T01:13:34.503235,17006837760,16354000896,652836864,3.8,13896040448,1006436352,1885044736,118898688,2479833088
2026-07-09T01:13:35.503601,17006837760,16353984512,652853248,3.8,13896024064,1006436352,1885044736,118898688,2479833088
2026-07-09T01:13:36.503932,17006837760,16353722368,653115392,3.8,13895761920,1006436352,1885044736,118898688,2479833088
2026-07-09T01:13:37.504425,17006837760,16353886208,652951552,3.8,13895925760,1006436352,1885044736,118898688,2479833088
2026-07-09T01:13:38.504771,17006837760,16354492416,652345344,3.8,13896531968,1006436352,1885044736,118898688,2479833088
2026-07-09T01:13:39.505122,17006837760,16354492416,652345344,3.8,13896531968,1006452736,1885044736,118898688,2479833088
2026-07-09T01:13:40.505471,17006837760,16354492416,652345344,3.8,13896531968,1006452736,1885044736,118898688,2479833088
2026-07-09T01:13:41.505837,17006837760,16353509376,653328384,3.8,13895548928,1006452736,1885044736,118898688,2479833088
2026-07-09T01:13:42.506248,17006837760,16352755712,654082048,3.8,13894795264,1006452736,1885044736,118898688,2479849472
2026-07-09T01:13:43.506623,17006837760,16351035392,655802368,3.9,13893074944,1006452736,1885044736,118898688,2479849472
2026-07-09T01:13:44.506977,17006837760,16351494144,655343616,3.9,13893533696,1006452736,1885044736,118898688,2479849472
2026-07-09T01:13:45.507347,17006837760,16351985664,654852096,3.9,13894025216,1006452736,1885044736,118898688,2479849472
2026-07-09T01:13:46.507703,17006837760,16351002624,655835136,3.9,13893042176,1006452736,1885044736,118898688,2479849472
2026-07-09T01:13:47.508056,17006837760,16351232000,655605760,3.9,13893271552,1006452736,1885044736,118898688,2479849472
2026-07-09T01:13:48.508416,17006837760,16351592448,655245312,3.9,13893632000,1006452736,1885044736,118898688,2479849472
2026-07-09T01:13:49.508766,17006837760,16352329728,654508032,3.8,13894369280,1006452736,1885044736,118898688,2479849472
2026-07-09T01:13:50.509121,17006837760,16352329728,654508032,3.8,13894369280,1006452736,1885044736,118898688,2479849472
2026-07-09T01:13:51.509464,17006837760,16352575488,654262272,3.8,13894615040,1006452736,1885044736,118898688,2479849472
2026-07-09T01:13:52.509827,17006837760,16351100928,655736832,3.9,13893140480,1006452736,1885044736,118898688,2479849472
2026-07-09T01:13:53.510221,17006837760,16351346688,655491072,3.9,13893386240,1006452736,1885044736,118898688,2479849472
2026-07-09T01:13:54.510595,17006837760,16351592448,655245312,3.9,13893632000,1006452736,1885044736,118898688,2479849472
2026-07-09T01:13:55.510939,17006837760,16352362496,654475264,3.8,13894402048,1006452736,1885044736,118898688,2479849472
2026-07-09T01:13:56.511298,17006837760,16351477760,655360000,3.9,13893517312,1006452736,1885044736,118898688,2479849472
2026-07-09T01:13:57.511692,17006837760,16351723520,655114240,3.9,13893763072,1006452736,1885044736,118898688,2479849472
2026-07-09T01:13:58.512043,17006837760,16351510528,655327232,3.9,13893550080,1006452736,1885044736,118898688,2479849472
2026-07-09T01:13:59.512398,17006837760,16351510528,655327232,3.9,13893550080,1006452736,1885044736,118898688,2479849472
2026-07-09T01:14:00.512719,17006837760,16348430336,658407424,3.9,13890469888,1006452736,1885044736,118898688,2479849472
2026-07-09T01:14:01.513004,17006837760,16349036544,657801216,3.9,13891076096,1006452736,1885044736,118898688,2479849472
2026-07-09T01:14:02.513302,17006837760,16349577216,657260544,3.9,13891616768,1006452736,1885044736,118898688,2479849472
2026-07-09T01:14:03.513587,17006837760,16349822976,657014784,3.9,13891862528,1006452736,1885044736,118898688,2479849472
2026-07-09T01:14:04.513883,17006837760,16349790208,657047552,3.9,13891829760,1006518272,1885044736,118898688,2479849472
2026-07-09T01:14:05.514244,17006837760,16349888512,656949248,3.9,13891928064,1006518272,1885044736,118898688,2479865856
2026-07-09T01:14:06.514607,17006837760,16350576640,656261120,3.9,13892616192,1006518272,1885044736,118898688,2479865856
2026-07-09T01:14:07.514906,17006837760,16349577216,657260544,3.9,13891616768,1006518272,1885044736,118898688,2479865856
2026-07-09T01:14:08.515240,17006837760,16349151232,657686528,3.9,13891190784,1006518272,1885044736,118898688,2479865856
2026-07-09T01:14:09.515524,17006837760,16350511104,656326656,3.9,13892550656,1006518272,1885044736,118898688,2479865856
2026-07-09T01:14:10.515813,17006837760,16351313920,655523840,3.9,13893353472,1006518272,1885044736,118898688,2479865856
2026-07-09T01:14:11.516099,17006837760,16352067584,654770176,3.9,13894107136,1006518272,1885044736,118898688,2479865856
2026-07-09T01:14:12.516501,17006837760,16352067584,654770176,3.9,13894107136,1006518272,1885044736,118898688,2479865856
2026-07-09T01:14:13.516859,17006837760,16353034240,653803520,3.8,13895073792,1006518272,1885044736,118898688,2479865856
2026-07-09T01:14:14.517208,17006837760,16353296384,653541376,3.8,13895319552,1006518272,1885061120,118898688,2479865856
2026-07-09T01:14:15.517570,17006837760,16353542144,653295616,3.8,13895565312,1006518272,1885061120,118898688,2479865856
2026-07-09T01:14:16.517946,17006837760,16352804864,654032896,3.8,13894828032,1006518272,1885061120,118898688,2479865856
2026-07-09T01:14:17.518300,17006837760,16353050624,653787136,3.8,13895073792,1006518272,1885061120,118898688,2479865856
2026-07-09T01:14:18.518655,17006837760,16353640448,653197312,3.8,13895663616,1006518272,1885061120,118898688,2479865856
2026-07-09T01:14:19.519014,17006837760,16353886208,652951552,3.8,13895909376,1006518272,1885061120,118898688,2479865856
2026-07-09T01:14:20.519365,17006837760,16354131968,652705792,3.8,13896155136,1006518272,1885061120,118898688,2479865856
2026-07-09T01:14:21.519721,17006837760,16354377728,652460032,3.8,13896400896,1006518272,1885061120,118898688,2479865856
2026-07-09T01:14:22.520097,17006837760,16353558528,653279232,3.8,13895581696,1006518272,1885061120,118898688,2479865856
2026-07-09T01:14:23.520447,17006837760,16353132544,653705216,3.8,13895155712,1006518272,1885061120,118898688,2479865856
2026-07-09T01:14:24.520813,17006837760,16353132544,653705216,3.8,13895155712,1006518272,1885061120,118898688,2479865856
2026-07-09T01:14:25.521171,17006837760,16352952320,653885440,3.8,13894975488,1006518272,1885061120,118898688,2479865856
2026-07-09T01:14:26.521545,17006837760,16352952320,653885440,3.8,13894975488,1006518272,1885061120,118898688,2479865856
2026-07-09T01:14:27.521898,17006837760,16352247808,654589952,3.8,13894270976,1006518272,1885061120,118898688,2479882240
2026-07-09T01:14:28.522270,17006837760,16352002048,654835712,3.9,13894025216,1006518272,1885061120,118898688,2479882240
2026-07-09T01:14:29.522625,17006837760,16352247808,654589952,3.8,13894270976,1006518272,1885061120,118898688,2479882240
2026-07-09T01:14:30.522979,17006837760,16352002048,654835712,3.9,13894025216,1006518272,1885061120,118898688,2479882240
2026-07-09T01:14:31.523329,17006837760,16352542720,654295040,3.8,13894565888,1006518272,1885061120,118898688,2479882240
2026-07-09T01:14:32.523637,17006837760,16352886784,653950976,3.8,13894909952,1006518272,1885061120,118898688,2479882240
2026-07-09T01:14:33.523924,17006837760,16352641024,654196736,3.8,13894664192,1006518272,1885061120,118898688,2479882240
2026-07-09T01:14:34.524213,17006837760,16353050624,653787136,3.8,13895073792,1006518272,1885061120,118898688,2479882240
2026-07-09T01:14:35.524499,17006837760,16353542144,653295616,3.8,13895565312,1006534656,1885061120,118898688,2479882240
2026-07-09T01:14:36.524782,17006837760,16353296384,653541376,3.8,13895319552,1006534656,1885061120,118898688,2479882240
2026-07-09T01:14:37.525066,17006837760,16353050624,653787136,3.8,13895073792,1006534656,1885061120,118898688,2479882240
2026-07-09T01:14:38.525355,17006837760,16353525760,653312000,3.8,13895548928,1006534656,1885061120,118898688,2479882240
2026-07-09T01:14:39.525638,17006837760,16353509376,653328384,3.8,13895532544,1006534656,1885061120,118898688,2479882240
2026-07-09T01:14:40.525992,17006837760,16353509376,653328384,3.8,13895532544,1006534656,1885061120,118898688,2479882240
2026-07-09T01:14:41.526348,17006837760,16353738752,653099008,3.8,13895761920,1006534656,1885061120,118898688,2479882240
2026-07-09T01:14:42.526760,17006837760,16353738752,653099008,3.8,13895761920,1006534656,1885061120,118898688,2479882240
2026-07-09T01:14:43.527112,17006837760,16354213888,652623872,3.8,13896237056,1006534656,1885061120,118898688,2479882240
2026-07-09T01:14:44.527471,17006837760,16354213888,652623872,3.8,13896237056,1006534656,1885061120,118898688,2479882240
2026-07-09T01:14:45.527777,17006837760,16354230272,652607488,3.8,13896253440,1006534656,1885061120,118898688,2479882240
2026-07-09T01:14:46.528065,17006837760,16352755712,654082048,3.8,13894778880,1006534656,1885061120,118898688,2479882240
2026-07-09T01:14:47.528351,17006837760,16352821248,654016512,3.8,13894844416,1006534656,1885061120,118898688,2479898624
2026-07-09T01:14:48.528636,17006837760,16352821248,654016512,3.8,13894844416,1006534656,1885061120,118898688,2479898624
2026-07-09T01:14:49.528922,17006837760,16353804288,653033472,3.8,13895827456,1006534656,1885061120,118898688,2479898624
2026-07-09T01:14:50.529277,17006837760,16353820672,653017088,3.8,13895827456,1006551040,1885077504,118898688,2479898624
2026-07-09T01:14:51.529647,17006837760,16353820672,653017088,3.8,13895827456,1006551040,1885077504,118898688,2479898624
2026-07-09T01:14:52.530019,17006837760,16354033664,652804096,3.8,13896040448,1006551040,1885077504,118898688,2479898624
2026-07-09T01:14:53.530383,17006837760,16353296384,653541376,3.8,13895303168,1006551040,1885077504,118898688,2479898624
2026-07-09T01:14:54.530737,17006837760,16352804864,654032896,3.8,13894811648,1006551040,1885077504,118898688,2479898624
2026-07-09T01:14:55.531108,17006837760,16351330304,655507456,3.9,13893337088,1006551040,1885077504,118898688,2479898624
2026-07-09T01:14:56.531481,17006837760,16351805440,655032320,3.9,13893812224,1006551040,1885077504,118898688,2479898624
2026-07-09T01:14:57.531839,17006837760,16352313344,654524416,3.8,13894320128,1006551040,1885077504,118898688,2479898624
2026-07-09T01:14:58.532196,17006837760,16351838208,654999552,3.9,13893844992,1006551040,1885077504,118898688,2479898624
2026-07-09T01:14:59.532571,17006837760,16351838208,654999552,3.9,13893844992,1006551040,1885077504,118898688,2479898624
2026-07-09T01:15:00.532940,17006837760,16349757440,657080320,3.9,13891764224,1006551040,1885077504,118898688,2479898624
2026-07-09T01:15:01.533326,17006837760,16349757440,657080320,3.9,13891764224,1006551040,1885077504,118898688,2479898624
2026-07-09T01:15:02.533671,17006837760,16349118464,657719296,3.9,13891125248,1006551040,1885077504,118898688,2479898624
2026-07-09T01:15:03.534034,17006837760,16350101504,656736256,3.9,13892108288,1006551040,1885077504,118898688,2479898624
2026-07-09T01:15:04.534405,17006837760,16351100928,655736832,3.9,13893107712,1006551040,1885077504,118898688,2479898624
2026-07-09T01:15:05.534776,17006837760,16351838208,654999552,3.9,13893844992,1006551040,1885077504,118898688,2479898624
2026-07-09T01:15:06.535143,17006837760,16352100352,654737408,3.8,13894090752,1006665728,1885093888,118898688,2479898624
2026-07-09T01:15:07.535514,17006837760,16352100352,654737408,3.8,13894090752,1006665728,1885093888,118898688,2479898624
2026-07-09T01:15:08.535884,17006837760,16353280000,653557760,3.8,13895270400,1006665728,1885093888,118898688,2479898624
2026-07-09T01:15:09.536258,17006837760,16353280000,653557760,3.8,13895270400,1006665728,1885093888,118898688,2479898624
2026-07-09T01:15:10.536622,17006837760,16351821824,655015936,3.9,13893812224,1006665728,1885093888,118898688,2479898624
2026-07-09T01:15:11.536991,17006837760,16352067584,654770176,3.9,13894057984,1006665728,1885093888,118898688,2479915008
2026-07-09T01:15:12.537320,17006837760,16351608832,655228928,3.9,13893599232,1006665728,1885093888,118898688,2479915008
2026-07-09T01:15:13.537600,17006837760,16351838208,654999552,3.9,13893828608,1006665728,1885093888,118898688,2479915008
2026-07-09T01:15:14.537885,17006837760,16351313920,655523840,3.9,13893304320,1006665728,1885093888,118898688,2479915008
2026-07-09T01:15:15.538239,17006837760,16351854592,654983168,3.9,13893844992,1006665728,1885093888,118898688,2479915008
2026-07-09T01:15:16.538595,17006837760,16351854592,654983168,3.9,13893844992,1006665728,1885093888,118898688,2479915008
2026-07-09T01:15:17.538926,17006837760,16352559104,654278656,3.8,13894549504,1006665728,1885093888,118898688,2479915008
2026-07-09T01:15:18.539274,17006837760,16353050624,653787136,3.8,13895041024,1006665728,1885093888,118898688,2479915008
2026-07-09T01:15:19.539623,17006837760,16353296384,653541376,3.8,13895286784,1006665728,1885093888,118898688,2479915008
2026-07-09T01:15:20.539994,17006837760,16352542720,654295040,3.8,13894533120,1006665728,1885093888,118898688,2479915008
2026-07-09T01:15:21.540369,17006837760,16352788480,654049280,3.8,13894778880,1006665728,1885093888,118898688,2479915008
2026-07-09T01:15:22.540730,17006837760,16353509376,653328384,3.8,13895499776,1006665728,1885093888,118898688,2479915008
2026-07-09T01:15:23.541085,17006837760,16353050624,653787136,3.8,13895041024,1006665728,1885093888,118898688,2479915008
2026-07-09T01:15:24.541443,17006837760,16353067008,653770752,3.8,13895057408,1006665728,1885093888,118898688,2479915008
2026-07-09T01:15:25.541796,17006837760,16353787904,653049856,3.8,13895778304,1006665728,1885093888,118898688,2479915008
2026-07-09T01:15:26.542149,17006837760,16354017280,652820480,3.8,13896007680,1006665728,1885093888,118898688,2479915008
2026-07-09T01:15:27.542456,17006837760,16354000896,652836864,3.8,13895991296,1006665728,1885093888,118898688,2479915008
2026-07-09T01:15:28.542729,17006837760,16353247232,653590528,3.8,13895237632,1006665728,1885093888,118898688,2479915008
2026-07-09T01:15:29.543001,17006837760,16353509376,653328384,3.8,13895499776,1006665728,1885093888,118898688,2479915008
2026-07-09T01:15:30.543280,17006837760,16353509376,653328384,3.8,13895499776,1006665728,1885093888,118898688,2479915008
2026-07-09T01:15:31.543566,17006837760,16354213888,652623872,3.8,13896204288,1006665728,1885093888,118898688,2479915008
2026-07-09T01:15:32.543907,17006837760,16353230848,653606912,3.8,13895221248,1006665728,1885093888,118898688,2479931392
2026-07-09T01:15:33.544276,17006837760,16352739328,654098432,3.8,13894729728,1006665728,1885093888,118898688,2479931392
2026-07-09T01:15:34.544644,17006837760,16353230848,653606912,3.8,13895221248,1006665728,1885093888,118898688,2479931392
2026-07-09T01:15:35.545003,17006837760,16353492992,653344768,3.8,13895483392,1006665728,1885093888,118898688,2479931392
2026-07-09T01:15:36.545313,17006837760,16353492992,653344768,3.8,13895483392,1006698496,1885093888,118898688,2479931392
2026-07-09T01:15:37.545598,17006837760,16353738752,653099008,3.8,13895729152,1006698496,1885093888,118898688,2479931392
2026-07-09T01:15:38.545883,17006837760,16353968128,652869632,3.8,13895958528,1006698496,1885093888,118898688,2479931392
2026-07-09T01:15:39.546157,17006837760,16353968128,652869632,3.8,13895958528,1006698496,1885093888,118898688,2479931392
2026-07-09T01:15:40.546517,17006837760,16353722368,653115392,3.8,13895712768,1006698496,1885093888,118898688,2479931392
2026-07-09T01:15:41.546936,17006837760,16352968704,653869056,3.8,13894959104,1006698496,1885093888,118898688,2479931392
2026-07-09T01:15:42.547290,17006837760,16352968704,653869056,3.8,13894959104,1006698496,1885093888,118898688,2479931392
2026-07-09T01:15:43.547644,17006837760,16352968704,653869056,3.8,13894959104,1006698496,1885093888,118898688,2479931392
2026-07-09T01:15:44.548011,17006837760,16352935936,653901824,3.8,13894926336,1006698496,1885093888,118898688,2479931392
2026-07-09T01:15:45.548375,17006837760,16353198080,653639680,3.8,13895188480,1006698496,1885093888,118898688,2479931392
2026-07-09T01:15:46.548747,17006837760,16352968704,653869056,3.8,13894959104,1006698496,1885093888,118898688,2479931392
2026-07-09T01:15:47.549112,17006837760,16353738752,653099008,3.8,13895729152,1006698496,1885093888,118898688,2479931392
2026-07-09T01:15:48.549467,17006837760,16353968128,652869632,3.8,13895958528,1006698496,1885093888,118898688,2479931392
2026-07-09T01:15:49.549831,17006837760,16353476608,653361152,3.8,13895467008,1006698496,1885093888,118898688,2479931392
2026-07-09T01:15:50.550198,17006837760,16353722368,653115392,3.8,13895712768,1006698496,1885093888,118898688,2479931392
2026-07-09T01:15:51.550562,17006837760,16354197504,652640256,3.8,13896187904,1006698496,1885093888,118898688,2479931392
2026-07-09T01:15:52.550890,17006837760,16353705984,653131776,3.8,13895696384,1006698496,1885093888,118898688,2479931392
2026-07-09T01:15:53.551172,17006837760,16352968704,653869056,3.8,13894959104,1006698496,1885093888,118898688,2479931392
2026-07-09T01:15:54.551454,17006837760,16353214464,653623296,3.8,13895204864,1006698496,1885093888,118898688,2479931392
2026-07-09T01:15:55.551736,17006837760,16353951744,652886016,3.8,13895942144,1006698496,1885093888,118898688,2479947776
2026-07-09T01:15:56.552014,17006837760,16353951744,652886016,3.8,13895942144,1006698496,1885093888,118898688,2479947776
2026-07-09T01:15:57.552405,17006837760,16354164736,652673024,3.8,13896155136,1006698496,1885093888,118898688,2479947776
2026-07-09T01:15:58.552782,17006837760,16353918976,652918784,3.8,13895909376,1006698496,1885093888,118898688,2479947776
2026-07-09T01:15:59.553144,17006837760,16353918976,652918784,3.8,13895909376,1006698496,1885093888,118898688,2479947776
2026-07-09T01:16:00.553509,17006837760,16352657408,654180352,3.8,13894647808,1006698496,1885093888,118898688,2479947776
2026-07-09T01:16:01.553855,17006837760,16351674368,655163392,3.9,13893664768,1006698496,1885093888,118898688,2479947776
2026-07-09T01:16:02.554193,17006837760,16351690752,655147008,3.9,13893664768,1006747648,1885110272,118898688,2479947776
2026-07-09T01:16:03.554553,17006837760,16351690752,655147008,3.9,13893664768,1006747648,1885110272,118898688,2479947776
2026-07-09T01:16:04.555020,17006837760,16352460800,654376960,3.8,13894434816,1006747648,1885110272,118898688,2479947776
2026-07-09T01:16:05.555362,17006837760,16352706560,654131200,3.8,13894680576,1006747648,1885110272,118898688,2479947776
2026-07-09T01:16:06.555738,17006837760,16352952320,653885440,3.8,13894926336,1006747648,1885110272,118898688,2479947776
2026-07-09T01:16:07.556081,17006837760,16353427456,653410304,3.8,13895401472,1006747648,1885110272,118898688,2479947776
2026-07-09T01:16:08.556348,17006837760,16353181696,653656064,3.8,13895155712,1006747648,1885110272,118898688,2479947776
2026-07-09T01:16:09.556674,17006837760,16353165312,653672448,3.8,13895139328,1006747648,1885110272,118898688,2479947776
2026-07-09T01:16:10.557000,17006837760,16353427456,653410304,3.8,13895401472,1006747648,1885110272,118898688,2479947776
2026-07-09T01:16:11.557233,17006837760,16353181696,653656064,3.8,13895155712,1006747648,1885110272,118898688,2479947776
2026-07-09T01:16:12.557545,17006837760,16353689600,653148160,3.8,13895663616,1006747648,1885110272,118898688,2479947776
2026-07-09T01:16:13.557948,17006837760,16353673216,653164544,3.8,13895647232,1006747648,1885110272,118898688,2479947776
2026-07-09T01:16:14.558283,17006837760,16353673216,653164544,3.8,13895647232,1006747648,1885110272,118898688,2479947776
2026-07-09T01:16:15.558582,17006837760,16354164736,652673024,3.8,13896138752,1006747648,1885110272,118898688,2479947776
2026-07-09T01:16:16.558861,17006837760,16353181696,653656064,3.8,13895155712,1006747648,1885110272,118898688,2479947776
2026-07-09T01:16:17.559100,17006837760,16352690176,654147584,3.8,13894664192,1006747648,1885110272,118898688,2479964160
2026-07-09T01:16:18.559327,17006837760,16352690176,654147584,3.8,13894664192,1006747648,1885110272,118898688,2479964160
2026-07-09T01:16:19.559558,17006837760,16353181696,653656064,3.8,13895155712,1006747648,1885110272,118898688,2479964160
2026-07-09T01:16:20.559843,17006837760,16353181696,653656064,3.8,13895155712,1006747648,1885110272,118898688,2479964160
2026-07-09T01:16:21.560135,17006837760,16353181696,653656064,3.8,13895155712,1006747648,1885110272,118898688,2479964160
2026-07-09T01:16:22.560416,17006837760,16352755712,654082048,3.8,13894729728,1006747648,1885110272,118898688,2479964160
2026-07-09T01:16:23.560653,17006837760,16352264192,654573568,3.8,13894238208,1006747648,1885110272,118898688,2479964160
2026-07-09T01:16:24.560924,17006837760,16352509952,654327808,3.8,13894483968,1006747648,1885110272,118898688,2479964160
2026-07-09T01:16:25.561152,17006837760,16353247232,653590528,3.8,13895221248,1006747648,1885110272,118898688,2479964160
2026-07-09T01:16:26.561436,17006837760,16353492992,653344768,3.8,13895467008,1006747648,1885110272,118898688,2479964160
2026-07-09T01:16:27.561748,17006837760,16353722368,653115392,3.8,13895696384,1006747648,1885110272,118898688,2479964160
2026-07-09T01:16:28.562035,17006837760,16352477184,654360576,3.8,13894451200,1006747648,1885110272,118898688,2479964160
2026-07-09T01:16:29.562273,17006837760,16352247808,654589952,3.8,13894221824,1006747648,1885110272,118898688,2479964160
2026-07-09T01:16:30.562500,17006837760,16352493568,654344192,3.8,13894467584,1006747648,1885110272,118898688,2479964160
2026-07-09T01:16:31.562730,17006837760,16352493568,654344192,3.8,13894467584,1006747648,1885110272,118898688,2479964160
2026-07-09T01:16:32.563028,17006837760,16352641024,654196736,3.8,13894615040,1006747648,1885110272,118898688,2479964160
2026-07-09T01:16:33.563313,17006837760,16353607680,653230080,3.8,13895581696,1006747648,1885110272,118898688,2479964160
2026-07-09T01:16:34.563631,17006837760,16352329728,654508032,3.8,13894303744,1006747648,1885110272,118898688,2479964160
2026-07-09T01:16:35.563887,17006837760,16351887360,654950400,3.9,13893861376,1006747648,1885110272,118898688,2479964160
2026-07-09T01:16:36.564112,17006837760,16351887360,654950400,3.9,13893861376,1006747648,1885110272,118898688,2479964160
2026-07-09T01:16:37.564336,17006837760,16351903744,654934016,3.9,13893877760,1006747648,1885110272,118898688,2479964160
2026-07-09T01:16:38.564575,17006837760,16351199232,655638528,3.9,13893140480,1006764032,1885143040,118898688,2479980544
2026-07-09T01:16:39.564805,17006837760,16351100928,655736832,3.9,13893042176,1006764032,1885143040,118898688,2479980544
2026-07-09T01:16:40.565095,17006837760,16351756288,655081472,3.9,13893697536,1006764032,1885143040,118898688,2479980544
2026-07-09T01:16:41.565408,17006837760,16352002048,654835712,3.9,13893943296,1006764032,1885143040,118898688,2479980544
2026-07-09T01:16:42.565762,17006837760,16352378880,654458880,3.8,13894320128,1006764032,1885143040,118898688,2479980544
2026-07-09T01:16:43.566001,17006837760,16352133120,654704640,3.8,13894074368,1006764032,1885143040,118898688,2479980544
2026-07-09T01:16:44.566239,17006837760,16352149504,654688256,3.8,13894090752,1006764032,1885143040,118898688,2479980544
2026-07-09T01:16:45.566543,17006837760,16352149504,654688256,3.8,13894090752,1006764032,1885143040,118898688,2479980544
2026-07-09T01:16:46.566783,17006837760,16351838208,654999552,3.9,13893779456,1006764032,1885143040,118898688,2479980544
2026-07-09T01:16:47.567076,17006837760,16351838208,654999552,3.9,13893779456,1006764032,1885143040,118898688,2479980544
2026-07-09T01:16:48.567390,17006837760,16352116736,654721024,3.8,13894057984,1006764032,1885143040,118898688,2479980544
2026-07-09T01:16:49.567770,17006837760,16351870976,654966784,3.9,13893812224,1006764032,1885143040,118898688,2479980544
2026-07-09T01:16:50.568062,17006837760,16352575488,654262272,3.8,13894516736,1006764032,1885143040,118898688,2479980544
2026-07-09T01:16:51.568300,17006837760,16352821248,654016512,3.8,13894762496,1006764032,1885143040,118898688,2479980544
2026-07-09T01:16:52.568546,17006837760,16353050624,653787136,3.8,13894991872,1006764032,1885143040,118898688,2479980544
2026-07-09T01:16:53.568780,17006837760,16352804864,654032896,3.8,13894746112,1006764032,1885143040,118898688,2479980544
2026-07-09T01:16:54.569122,17006837760,16352559104,654278656,3.8,13894500352,1006764032,1885143040,118898688,2479980544
2026-07-09T01:16:55.569496,17006837760,16353312768,653524992,3.8,13895254016,1006764032,1885143040,118898688,2479980544
2026-07-09T01:16:56.569907,17006837760,16353787904,653049856,3.8,13895729152,1006764032,1885143040,118898688,2479980544
2026-07-09T01:16:57.570190,17006837760,16353787904,653049856,3.8,13895729152,1006764032,1885143040,118898688,2479980544
2026-07-09T01:16:58.570444,17006837760,16353198080,653639680,3.8,13895139328,1006764032,1885143040,118898688,2479980544
2026-07-09T01:16:59.570683,17006837760,16352854016,653983744,3.8,13894795264,1006764032,1885143040,118898688,2479980544
2026-07-09T01:17:00.570919,17006837760,16352362496,654475264,3.8,13894303744,1006764032,1885143040,118898688,2479996928
2026-07-09T01:17:01.571165,17006837760,16352346112,654491648,3.8,13894287360,1006764032,1885143040,118898688,2479996928
2026-07-09T01:17:02.571459,17006837760,16320741376,686096384,4.0,13862584320,1006944256,1885241344,118898688,2479996928
2026-07-09T01:17:03.571770,17006837760,16320741376,686096384,4.0,13862584320,1006944256,1885241344,118898688,2479996928
2026-07-09T01:17:04.572096,17006837760,16324706304,682131456,4.0,13866549248,1006944256,1885241344,118898688,2479996928
2026-07-09T01:17:05.572406,17006837760,16326344704,680493056,4.0,13868187648,1006944256,1885241344,118898688,2479996928
2026-07-09T01:17:06.572726,17006837760,16328900608,677937152,4.0,13870743552,1006944256,1885241344,118898688,2479996928
2026-07-09T01:17:07.573049,17006837760,16332603392,674234368,4.0,13874446336,1006944256,1885241344,118898688,2479996928
2026-07-09T01:17:08.573373,17006837760,16334536704,672301056,4.0,13876379648,1006944256,1885241344,118898688,2479996928
2026-07-09T01:17:09.573680,17006837760,16336453632,670384128,3.9,13878296576,1006944256,1885241344,118898688,2479996928
2026-07-09T01:17:10.573979,17006837760,16338337792,668499968,3.9,13880180736,1006944256,1885241344,118898688,2479996928
2026-07-09T01:17:11.574223,17006837760,16338927616,667910144,3.9,13880770560,1006944256,1885241344,118898688,2479996928
2026-07-09T01:17:12.574467,17006837760,16340877312,665960448,3.9,13882720256,1006944256,1885241344,118898688,2479996928
2026-07-09T01:17:13.574703,17006837760,16342745088,664092672,3.9,13884588032,1006944256,1885241344,118898688,2479996928
2026-07-09T01:17:14.574933,17006837760,16343203840,663633920,3.9,13885046784,1006944256,1885241344,118898688,2479996928
2026-07-09T01:17:15.575229,17006837760,16344989696,661848064,3.9,13886832640,1006944256,1885241344,118898688,2479996928
2026-07-09T01:17:16.575499,17006837760,16345726976,661110784,3.9,13887569920,1006944256,1885241344,118898688,2479996928
2026-07-09T01:17:17.575739,17006837760,16346136576,660701184,3.9,13887979520,1006944256,1885241344,118898688,2479996928
2026-07-09T01:17:18.575972,17006837760,16346628096,660209664,3.9,13888471040,1006944256,1885241344,118898688,2479996928
2026-07-09T01:17:19.576208,17006837760,16348905472,657932288,3.9,13890748416,1006944256,1885241344,118898688,2479996928
2026-07-09T01:17:20.576517,17006837760,16349626368,657211392,3.9,13891469312,1006944256,1885241344,118898688,2479996928
2026-07-09T01:17:21.576797,17006837760,16350101504,656736256,3.9,13891944448,1006944256,1885241344,118898688,2479996928
2026-07-09T01:17:22.577118,17006837760,16351543296,655294464,3.9,13893386240,1006944256,1885241344,118898688,2479996928
2026-07-09T01:17:23.577457,17006837760,16351051776,655785984,3.9,13892894720,1006944256,1885241344,118898688,2480013312
2026-07-09T01:17:24.577823,17006837760,16351166464,655671296,3.9,13893009408,1006944256,1885241344,118898688,2480013312
2026-07-09T01:17:25.578134,17006837760,16352215040,654622720,3.8,13894057984,1006944256,1885241344,118898688,2480013312
2026-07-09T01:17:26.578438,17006837760,16352215040,654622720,3.8,13894057984,1006944256,1885241344,118898688,2480013312
2026-07-09T01:17:27.578734,17006837760,16352706560,654131200,3.8,13894549504,1006944256,1885241344,118898688,2480013312
2026-07-09T01:17:28.579076,17006837760,16352428032,654409728,3.8,13894270976,1006944256,1885241344,118898688,2480013312
2026-07-09T01:17:29.579383,17006837760,16352526336,654311424,3.8,13894369280,1006944256,1885241344,118898688,2480013312
2026-07-09T01:17:30.579690,17006837760,16352772096,654065664,3.8,13894615040,1006944256,1885241344,118898688,2480013312
2026-07-09T01:17:31.579995,17006837760,16353017856,653819904,3.8,13894860800,1006944256,1885241344,118898688,2480013312
2026-07-09T01:17:32.580290,17006837760,16353492992,653344768,3.8,13895335936,1006944256,1885241344,118898688,2480013312
2026-07-09T01:17:33.580576,17006837760,16353312768,653524992,3.8,13895155712,1006944256,1885241344,118898688,2480013312
2026-07-09T01:17:34.580885,17006837760,16352002048,654835712,3.9,13893844992,1006944256,1885241344,118898688,2480013312
2026-07-09T01:17:35.581200,17006837760,16352247808,654589952,3.8,13894090752,1006944256,1885241344,118898688,2480013312
2026-07-09T01:17:36.581502,17006837760,16352755712,654082048,3.8,13894598656,1006944256,1885241344,118898688,2480013312
2026-07-09T01:17:37.581795,17006837760,16352739328,654098432,3.8,13894582272,1006944256,1885241344,118898688,2480013312
2026-07-09T01:17:38.582088,17006837760,16352739328,654098432,3.8,13894582272,1006944256,1885241344,118898688,2480013312
2026-07-09T01:17:39.582368,17006837760,16352509952,654327808,3.8,13894336512,1006944256,1885257728,118898688,2480013312
2026-07-09T01:17:40.582626,17006837760,16352264192,654573568,3.8,13894090752,1006944256,1885257728,118898688,2480013312
2026-07-09T01:17:41.582864,17006837760,16352509952,654327808,3.8,13894336512,1006944256,1885257728,118898688,2480013312
2026-07-09T01:17:42.583094,17006837760,16353263616,653574144,3.8,13895090176,1006944256,1885257728,118898688,2480013312
2026-07-09T01:17:43.583323,17006837760,16353312768,653524992,3.8,13895139328,1006944256,1885257728,118898688,2480013312
2026-07-09T01:17:44.583615,17006837760,16353558528,653279232,3.8,13895385088,1006944256,1885257728,118898688,2480013312
2026-07-09T01:17:45.583923,17006837760,16353558528,653279232,3.8,13895385088,1006944256,1885257728,118898688,2480029696
2026-07-09T01:17:46.584215,17006837760,16353296384,653541376,3.8,13895122944,1006944256,1885257728,118898688,2480029696
2026-07-09T01:17:47.584466,17006837760,16353525760,653312000,3.8,13895352320,1006944256,1885257728,118898688,2480029696
2026-07-09T01:17:48.584712,17006837760,16354246656,652591104,3.8,13896073216,1006944256,1885257728,118898688,2480029696
2026-07-09T01:17:49.584960,17006837760,16354246656,652591104,3.8,13896073216,1006944256,1885257728,118898688,2480029696
2026-07-09T01:17:50.585202,17006837760,16354246656,652591104,3.8,13896073216,1006944256,1885257728,118898688,2480029696
2026-07-09T01:17:51.585509,17006837760,16354246656,652591104,3.8,13896073216,1006944256,1885257728,118898688,2480029696
2026-07-09T01:17:52.585794,17006837760,16354246656,652591104,3.8,13896073216,1006944256,1885257728,118898688,2480029696
2026-07-09T01:17:53.586041,17006837760,16353755136,653082624,3.8,13895581696,1006944256,1885257728,118898688,2480029696
2026-07-09T01:17:54.586290,17006837760,16353755136,653082624,3.8,13895581696,1006944256,1885257728,118898688,2480029696
2026-07-09T01:17:55.586613,17006837760,16353525760,653312000,3.8,13895352320,1006944256,1885257728,118898688,2480029696
2026-07-09T01:17:56.586935,17006837760,16353542144,653295616,3.8,13895368704,1006944256,1885257728,118898688,2480029696
2026-07-09T01:17:57.587314,17006837760,16353984512,652853248,3.8,13895811072,1006944256,1885257728,118898688,2480029696
2026-07-09T01:17:58.587655,17006837760,16353984512,652853248,3.8,13895811072,1006944256,1885257728,118898688,2480029696
2026-07-09T01:17:59.587987,17006837760,16353984512,652853248,3.8,13895811072,1006944256,1885257728,118898688,2480029696
2026-07-09T01:18:00.588326,17006837760,16353001472,653836288,3.8,13894828032,1006944256,1885257728,118898688,2480029696
2026-07-09T01:18:01.588650,17006837760,16353296384,653541376,3.8,13895122944,1006944256,1885257728,118898688,2480029696
2026-07-09T01:18:02.588983,17006837760,16353525760,653312000,3.8,13895352320,1006944256,1885257728,118898688,2480029696
2026-07-09T01:18:03.589263,17006837760,16352296960,654540800,3.8,13894123520,1006944256,1885257728,118898688,2480029696
2026-07-09T01:18:04.589514,17006837760,16352526336,654311424,3.8,13894352896,1006944256,1885257728,118898688,2480029696
2026-07-09T01:18:05.589766,17006837760,16353722368,653115392,3.8,13895548928,1006944256,1885257728,118898688,2480029696
2026-07-09T01:18:06.590013,17006837760,16353722368,653115392,3.8,13895548928,1006944256,1885257728,118898688,2480029696
2026-07-09T01:18:07.590260,17006837760,16352985088,653852672,3.8,13894811648,1006944256,1885257728,118898688,2480046080
2026-07-09T01:18:08.590503,17006837760,16352739328,654098432,3.8,13894565888,1006944256,1885257728,118898688,2480046080
2026-07-09T01:18:09.590754,17006837760,16353476608,653361152,3.8,13895303168,1006944256,1885257728,118898688,2480046080
2026-07-09T01:18:10.591004,17006837760,16353230848,653606912,3.8,13895057408,1006944256,1885257728,118898688,2480046080
2026-07-09T01:18:11.591250,17006837760,16353230848,653606912,3.8,13895057408,1006944256,1885257728,118898688,2480046080
2026-07-09T01:18:12.591493,17006837760,16353968128,652869632,3.8,13895794688,1006944256,1885257728,118898688,2480046080
2026-07-09T01:18:13.591793,17006837760,16353705984,653131776,3.8,13895532544,1006944256,1885257728,118898688,2480046080
2026-07-09T01:18:14.592055,17006837760,16353214464,653623296,3.8,13895041024,1006944256,1885257728,118898688,2480046080
2026-07-09T01:18:15.592297,17006837760,16353476608,653361152,3.8,13895303168,1006944256,1885257728,118898688,2480046080
2026-07-09T01:18:16.592544,17006837760,16353230848,653606912,3.8,13895057408,1006944256,1885257728,118898688,2480046080
2026-07-09T01:18:17.592792,17006837760,16353230848,653606912,3.8,13895057408,1006944256,1885257728,118898688,2480046080
2026-07-09T01:18:18.593034,17006837760,16353689600,653148160,3.8,13895516160,1006944256,1885257728,118898688,2480046080
2026-07-09T01:18:19.593287,17006837760,16353951744,652886016,3.8,13895778304,1006944256,1885257728,118898688,2480046080
2026-07-09T01:18:20.593526,17006837760,16353951744,652886016,3.8,13895778304,1006944256,1885257728,118898688,2480046080
2026-07-09T01:18:21.593763,17006837760,16353951744,652886016,3.8,13895778304,1006944256,1885257728,118898688,2480046080
2026-07-09T01:18:22.594015,17006837760,16352722944,654114816,3.8,13894549504,1006944256,1885257728,118898688,2480046080
2026-07-09T01:18:23.594268,17006837760,16352231424,654606336,3.8,13894057984,1006944256,1885257728,118898688,2480046080
2026-07-09T01:18:24.594572,17006837760,16353460224,653377536,3.8,13895286784,1006944256,1885257728,118898688,2480046080
2026-07-09T01:18:25.594900,17006837760,16352952320,653885440,3.8,13894778880,1006944256,1885257728,118898688,2480046080
2026-07-09T01:18:26.595170,17006837760,16352739328,654098432,3.8,13894549504,1006977024,1885274112,118898688,2480046080
2026-07-09T01:18:27.595413,17006837760,16353951744,652886016,3.8,13895761920,1006977024,1885274112,118898688,2480046080
2026-07-09T01:18:28.595662,17006837760,16353705984,653131776,3.8,13895516160,1006977024,1885274112,118898688,2480046080
2026-07-09T01:18:29.595916,17006837760,16352231424,654606336,3.8,13894041600,1006977024,1885274112,118898688,2480062464
2026-07-09T01:18:30.596152,17006837760,16352231424,654606336,3.8,13894041600,1006977024,1885274112,118898688,2480062464
2026-07-09T01:18:31.596428,17006837760,16353951744,652886016,3.8,13895761920,1006977024,1885274112,118898688,2480062464
2026-07-09T01:18:32.596715,17006837760,16352722944,654114816,3.8,13894533120,1006977024,1885274112,118898688,2480062464
2026-07-09T01:18:33.596972,17006837760,16352231424,654606336,3.8,13894041600,1006977024,1885274112,118898688,2480062464
2026-07-09T01:18:34.597216,17006837760,16352460800,654376960,3.8,13894270976,1006977024,1885274112,118898688,2480062464
2026-07-09T01:18:35.597475,17006837760,16352952320,653885440,3.8,13894762496,1006977024,1885274112,118898688,2480062464
2026-07-09T01:18:36.597793,17006837760,16352952320,653885440,3.8,13894762496,1006977024,1885274112,118898688,2480062464
2026-07-09T01:18:37.598114,17006837760,16353198080,653639680,3.8,13895008256,1006977024,1885274112,118898688,2480062464
2026-07-09T01:18:38.598406,17006837760,16353427456,653410304,3.8,13895237632,1006977024,1885274112,118898688,2480062464
2026-07-09T01:18:39.598650,17006837760,16353656832,653180928,3.8,13895467008,1006977024,1885274112,118898688,2480062464
2026-07-09T01:18:40.598896,17006837760,16351936512,654901248,3.9,13893746688,1006977024,1885274112,118898688,2480062464
2026-07-09T01:18:41.599142,17006837760,16352182272,654655488,3.8,13893992448,1006977024,1885274112,118898688,2480062464
2026-07-09T01:18:42.599390,17006837760,16352935936,653901824,3.8,13894746112,1006977024,1885274112,118898688,2480062464
2026-07-09T01:18:43.599687,17006837760,16352935936,653901824,3.8,13894746112,1006977024,1885274112,118898688,2480062464
2026-07-09T01:18:44.599992,17006837760,16353181696,653656064,3.8,13894991872,1006977024,1885274112,118898688,2480062464
2026-07-09T01:18:45.600301,17006837760,16353656832,653180928,3.8,13895467008,1006977024,1885274112,118898688,2480062464
2026-07-09T01:18:46.600613,17006837760,16352919552,653918208,3.8,13894729728,1006977024,1885274112,118898688,2480062464
2026-07-09T01:18:47.600883,17006837760,16353411072,653426688,3.8,13895221248,1006977024,1885274112,118898688,2480062464
2026-07-09T01:18:48.601120,17006837760,16353640448,653197312,3.8,13895450624,1006977024,1885274112,118898688,2480062464
2026-07-09T01:18:49.601372,17006837760,16352903168,653934592,3.8,13894713344,1006977024,1885274112,118898688,2480062464
2026-07-09T01:18:50.601615,17006837760,16352411648,654426112,3.8,13894221824,1006977024,1885274112,118898688,2480078848
2026-07-09T01:18:51.601859,17006837760,16352641024,654196736,3.8,13894451200,1006977024,1885274112,118898688,2480078848
2026-07-09T01:18:52.602158,17006837760,16352886784,653950976,3.8,13894696960,1006977024,1885274112,118898688,2480078848
2026-07-09T01:18:53.602477,17006837760,16351412224,655425536,3.9,13893222400,1006977024,1885274112,118898688,2480078848
2026-07-09T01:18:54.602787,17006837760,16351674368,655163392,3.9,13893484544,1006977024,1885274112,118898688,2480078848
2026-07-09T01:18:55.603051,17006837760,16352411648,654426112,3.8,13894221824,1006977024,1885274112,118898688,2480078848
2026-07-09T01:18:56.603292,17006837760,16351920128,654917632,3.9,13893730304,1006977024,1885274112,118898688,2480078848
2026-07-09T01:18:57.603610,17006837760,16352395264,654442496,3.8,13894205440,1006977024,1885274112,118898688,2480078848
2026-07-09T01:18:58.603855,17006837760,16352641024,654196736,3.8,13894451200,1006977024,1885274112,118898688,2480078848
2026-07-09T01:18:59.604084,17006837760,16352870400,653967360,3.8,13894680576,1006977024,1885274112,118898688,2480078848
2026-07-09T01:19:00.604375,17006837760,16351641600,655196160,3.9,13893451776,1006977024,1885274112,118898688,2480078848
2026-07-09T01:19:01.604694,17006837760,16351887360,654950400,3.9,13893697536,1007009792,1885274112,118898688,2480078848
2026-07-09T01:19:02.605002,17006837760,16352624640,654213120,3.8,13894434816,1007009792,1885274112,118898688,2480078848
2026-07-09T01:19:03.605318,17006837760,16351395840,655441920,3.9,13893206016,1007009792,1885274112,118898688,2480078848
2026-07-09T01:19:04.605589,17006837760,16351641600,655196160,3.9,13893451776,1007009792,1885274112,118898688,2480078848
2026-07-09T01:19:05.605829,17006837760,16352837632,654000128,3.8,13894647808,1007009792,1885274112,118898688,2480078848
2026-07-09T01:19:06.606059,17006837760,16349380608,657457152,3.9,13891190784,1007009792,1885274112,118898688,2480078848
2026-07-09T01:19:07.606285,17006837760,16348659712,658178048,3.9,13890469888,1007009792,1885274112,118898688,2480078848
2026-07-09T01:19:08.606511,17006837760,16349167616,657670144,3.9,13890977792,1007009792,1885274112,118898688,2480078848
2026-07-09T01:19:09.606800,17006837760,16350429184,656408576,3.9,13892239360,1007009792,1885274112,118898688,2480078848
2026-07-09T01:19:10.607116,17006837760,16350199808,656637952,3.9,13892009984,1007009792,1885274112,118898688,2480078848
2026-07-09T01:19:11.607426,17006837760,16350674944,656162816,3.9,13892485120,1007026176,1885274112,118898688,2480078848
2026-07-09T01:19:12.607733,17006837760,16351559680,655278080,3.9,13893369856,1007026176,1885274112,118898688,2480095232
2026-07-09T01:19:13.608027,17006837760,16352378880,654458880,3.8,13894189056,1007026176,1885274112,118898688,2480095232
2026-07-09T01:19:14.608311,17006837760,16352854016,653983744,3.8,13894664192,1007026176,1885274112,118898688,2480095232
2026-07-09T01:19:15.608606,17006837760,16352935936,653901824,3.8,13894746112,1007026176,1885274112,118898688,2480095232
2026-07-09T01:19:16.608913,17006837760,16352198656,654639104,3.8,13894008832,1007026176,1885274112,118915072,2480095232
2026-07-09T01:19:17.609216,17006837760,16352198656,654639104,3.8,13894008832,1007026176,1885274112,118915072,2480095232
2026-07-09T01:19:18.609529,17006837760,16352935936,653901824,3.8,13894746112,1007026176,1885274112,118915072,2480095232
2026-07-09T01:19:19.609834,17006837760,16353411072,653426688,3.8,13895221248,1007026176,1885274112,118915072,2480095232
2026-07-09T01:19:20.610140,17006837760,16352673792,654163968,3.8,13894483968,1007026176,1885274112,118915072,2480095232
2026-07-09T01:19:21.610441,17006837760,16352673792,654163968,3.8,13894483968,1007026176,1885274112,118915072,2480095232
2026-07-09T01:19:22.610750,17006837760,16353181696,653656064,3.8,13894991872,1007026176,1885274112,118915072,2480095232
2026-07-09T01:19:23.611053,17006837760,16352935936,653901824,3.8,13894746112,1007026176,1885274112,118915072,2480095232
2026-07-09T01:19:24.611481,17006837760,16353165312,653672448,3.8,13894975488,1007026176,1885274112,118915072,2480095232
2026-07-09T01:19:25.611784,17006837760,16353673216,653164544,3.8,13895483392,1007026176,1885274112,118915072,2480095232
2026-07-09T01:19:26.612081,17006837760,16353673216,653164544,3.8,13895483392,1007026176,1885274112,118915072,2480095232
2026-07-09T01:19:27.612328,17006837760,16353968128,652869632,3.8,13895778304,1007026176,1885274112,118915072,2480095232
2026-07-09T01:19:28.612557,17006837760,16353968128,652869632,3.8,13895778304,1007026176,1885274112,118915072,2480095232
2026-07-09T01:19:29.612785,17006837760,16353230848,653606912,3.8,13895041024,1007026176,1885274112,118915072,2480095232
2026-07-09T01:19:30.613009,17006837760,16353230848,653606912,3.8,13895041024,1007026176,1885274112,118915072,2480095232
2026-07-09T01:19:31.613243,17006837760,16353738752,653099008,3.8,13895548928,1007026176,1885274112,118915072,2480095232
2026-07-09T01:19:32.613524,17006837760,16353492992,653344768,3.8,13895303168,1007026176,1885274112,118915072,2480095232
2026-07-09T01:19:33.613827,17006837760,16353001472,653836288,3.8,13894811648,1007026176,1885274112,118915072,2480095232
2026-07-09T01:19:34.614128,17006837760,16352739328,654098432,3.8,13894549504,1007026176,1885274112,118915072,2480095232
2026-07-09T01:19:35.614418,17006837760,16352018432,654819328,3.9,13893828608,1007026176,1885274112,118915072,2480111616
2026-07-09T01:19:36.614719,17006837760,16352018432,654819328,3.9,13893828608,1007026176,1885274112,118931456,2480111616
2026-07-09T01:19:37.615012,17006837760,16352755712,654082048,3.8,13894549504,1007206400,1885290496,118931456,2480111616
2026-07-09T01:19:38.615305,17006837760,16353476608,653361152,3.8,13895270400,1007206400,1885290496,118931456,2480111616
2026-07-09T01:19:39.615603,17006837760,16353476608,653361152,3.8,13895270400,1007206400,1885290496,118931456,2480111616
2026-07-09T01:19:40.615909,17006837760,16353230848,653606912,3.8,13895024640,1007206400,1885290496,118931456,2480111616
2026-07-09T01:19:41.616214,17006837760,16353460224,653377536,3.8,13895254016,1007206400,1885290496,118931456,2480111616
2026-07-09T01:19:42.616502,17006837760,16353492992,653344768,3.8,13895254016,1007222784,1885323264,118931456,2480111616
2026-07-09T01:19:43.616798,17006837760,16352772096,654065664,3.8,13894533120,1007222784,1885323264,118931456,2480111616
2026-07-09T01:19:44.617091,17006837760,16351789056,655048704,3.9,13893550080,1007222784,1885323264,118931456,2480111616
2026-07-09T01:19:45.617397,17006837760,16352280576,654557184,3.8,13894041600,1007222784,1885323264,118931456,2480111616
2026-07-09T01:19:46.617651,17006837760,16352788480,654049280,3.8,13894549504,1007222784,1885323264,118931456,2480111616
2026-07-09T01:19:47.618001,17006837760,16352051200,654786560,3.9,13893812224,1007222784,1885323264,118931456,2480111616
2026-07-09T01:19:48.618227,17006837760,16352051200,654786560,3.9,13893812224,1007222784,1885323264,118931456,2480111616
2026-07-09T01:19:49.618453,17006837760,16352509952,654327808,3.8,13894270976,1007222784,1885323264,118931456,2480111616
2026-07-09T01:19:50.618681,17006837760,16352755712,654082048,3.8,13894516736,1007222784,1885323264,118931456,2480111616
2026-07-09T01:19:51.618962,17006837760,16352739328,654098432,3.8,13894500352,1007222784,1885323264,118931456,2480111616
2026-07-09T01:19:52.619267,17006837760,16353230848,653606912,3.8,13894991872,1007222784,1885323264,118931456,2480111616
2026-07-09T01:19:53.619561,17006837760,16352477184,654360576,3.8,13894238208,1007222784,1885323264,118931456,2480111616
2026-07-09T01:19:54.619858,17006837760,16352231424,654606336,3.8,13893992448,1007222784,1885323264,118931456,2480111616
2026-07-09T01:19:55.620159,17006837760,16353230848,653606912,3.8,13894991872,1007222784,1885323264,118931456,2480111616
2026-07-09T01:19:56.620440,17006837760,16353476608,653361152,3.8,13895237632,1007222784,1885323264,118931456,2480111616
2026-07-09T01:19:57.620733,17006837760,16353476608,653361152,3.8,13895237632,1007222784,1885323264,118931456,2480128000
2026-07-09T01:19:58.620985,17006837760,16353214464,653623296,3.8,13894975488,1007222784,1885323264,118931456,2480128000
2026-07-09T01:19:59.621209,17006837760,16353214464,653623296,3.8,13894975488,1007222784,1885323264,118931456,2480128000
2026-07-09T01:20:00.621523,17006837760,16352477184,654360576,3.8,13894238208,1007222784,1885323264,118931456,2480128000
2026-07-09T01:20:01.621753,17006837760,16351248384,655589376,3.9,13893009408,1007222784,1885323264,118931456,2480128000
2026-07-09T01:20:02.621986,17006837760,16351510528,655327232,3.9,13893271552,1007222784,1885323264,118931456,2480128000
2026-07-09T01:20:03.622278,17006837760,16352526336,654311424,3.8,13894287360,1007222784,1885323264,118931456,2480128000
2026-07-09T01:20:04.622533,17006837760,16352018432,654819328,3.9,13893779456,1007222784,1885323264,118931456,2480128000
2026-07-09T01:20:05.622763,17006837760,16351772672,655065088,3.9,13893533696,1007222784,1885323264,118931456,2480128000
2026-07-09T01:20:06.622990,17006837760,16352739328,654098432,3.8,13894500352,1007222784,1885323264,118931456,2480128000
2026-07-09T01:20:07.623221,17006837760,16353394688,653443072,3.8,13895155712,1007222784,1885323264,118931456,2480128000
2026-07-09T01:20:08.623452,17006837760,16352411648,654426112,3.8,13894172672,1007222784,1885323264,118931456,2480128000
2026-07-09T01:20:09.623734,17006837760,16352215040,654622720,3.8,13893976064,1007222784,1885323264,118931456,2480128000
2026-07-09T01:20:10.624048,17006837760,16352690176,654147584,3.8,13894451200,1007222784,1885323264,118931456,2480128000
2026-07-09T01:20:11.624348,17006837760,16353345536,653492224,3.8,13895106560,1007222784,1885323264,118931456,2480128000
2026-07-09T01:20:12.624655,17006837760,16353378304,653459456,3.8,13895139328,1007222784,1885323264,118931456,2480128000
2026-07-09T01:20:13.624941,17006837760,16353689600,653148160,3.8,13895450624,1007222784,1885323264,118931456,2480128000
2026-07-09T01:20:14.625206,17006837760,16353198080,653639680,3.8,13894959104,1007222784,1885323264,118931456,2480128000
2026-07-09T01:20:15.625461,17006837760,16352968704,653869056,3.8,13894729728,1007222784,1885323264,118931456,2480128000
2026-07-09T01:20:16.625688,17006837760,16352722944,654114816,3.8,13894483968,1007222784,1885323264,118931456,2480128000
2026-07-09T01:20:17.625971,17006837760,16352231424,654606336,3.8,13893992448,1007222784,1885323264,118931456,2480128000
2026-07-09T01:20:18.626285,17006837760,16352739328,654098432,3.8,13894500352,1007222784,1885323264,118931456,2480128000
2026-07-09T01:20:19.626892,17006837760,16352837632,654000128,3.8,13894598656,1007222784,1885323264,118931456,2480144384
2026-07-09T01:20:20.627315,17006837760,16352837632,654000128,3.8,13894598656,1007222784,1885323264,118931456,2480144384
2026-07-09T01:20:21.627609,17006837760,16353083392,653754368,3.8,13894844416,1007222784,1885323264,118931456,2480144384
2026-07-09T01:20:22.627895,17006837760,16352804864,654032896,3.8,13894565888,1007222784,1885323264,118931456,2480144384
2026-07-09T01:20:23.628177,17006837760,16352804864,654032896,3.8,13894565888,1007222784,1885323264,118931456,2480144384
2026-07-09T01:20:24.628454,17006837760,16353034240,653803520,3.8,13894795264,1007222784,1885323264,118931456,2480144384
2026-07-09T01:20:25.628793,17006837760,16353525760,653312000,3.8,13895286784,1007222784,1885323264,118931456,2480144384
2026-07-09T01:20:26.629154,17006837760,16353771520,653066240,3.8,13895532544,1007222784,1885323264,118931456,2480144384
2026-07-09T01:20:27.629524,17006837760,16353673216,653164544,3.8,13895434240,1007222784,1885323264,118931456,2480144384
2026-07-09T01:20:28.629888,17006837760,16352935936,653901824,3.8,13894696960,1007222784,1885323264,118931456,2480144384
2026-07-09T01:20:29.630255,17006837760,16353198080,653639680,3.8,13894959104,1007222784,1885323264,118931456,2480144384
2026-07-09T01:20:30.630617,17006837760,16353198080,653639680,3.8,13894959104,1007222784,1885323264,118931456,2480144384
2026-07-09T01:20:31.630973,17006837760,16353689600,653148160,3.8,13895450624,1007222784,1885323264,118931456,2480144384
2026-07-09T01:20:32.631332,17006837760,16353198080,653639680,3.8,13894959104,1007222784,1885323264,118931456,2480144384
2026-07-09T01:20:33.631635,17006837760,16353198080,653639680,3.8,13894959104,1007222784,1885323264,118931456,2480144384
2026-07-09T01:20:34.631912,17006837760,16352935936,653901824,3.8,13894696960,1007222784,1885323264,118931456,2480144384
2026-07-09T01:20:35.632196,17006837760,16352935936,653901824,3.8,13894696960,1007222784,1885323264,118931456,2480144384
2026-07-09T01:20:36.632482,17006837760,16352935936,653901824,3.8,13894696960,1007222784,1885323264,118931456,2480144384
2026-07-09T01:20:37.632761,17006837760,16352919552,653918208,3.8,13894680576,1007222784,1885323264,118931456,2480144384
2026-07-09T01:20:38.633097,17006837760,16352919552,653918208,3.8,13894680576,1007222784,1885323264,118931456,2480144384
2026-07-09T01:20:39.633445,17006837760,16352919552,653918208,3.8,13894680576,1007222784,1885323264,118931456,2480144384
2026-07-09T01:20:40.633804,17006837760,16351444992,655392768,3.9,13893206016,1007222784,1885323264,118931456,2480144384
2026-07-09T01:20:41.634164,17006837760,16347021312,659816448,3.9,13888782336,1007222784,1885323264,118931456,2480160768
2026-07-09T01:20:42.634520,17006837760,16346284032,660553728,3.9,13888045056,1007222784,1885323264,118931456,2480160768
2026-07-09T01:20:43.634829,17006837760,16347889664,658948096,3.9,13889617920,1007304704,1885356032,118931456,2480160768
2026-07-09T01:20:44.635110,17006837760,16347496448,659341312,3.9,13889224704,1007304704,1885356032,118931456,2480160768
2026-07-09T01:20:45.635388,17006837760,16347561984,659275776,3.9,13889290240,1007304704,1885356032,118931456,2480160768
2026-07-09T01:20:46.635678,17006837760,16349609984,657227776,3.9,13891338240,1007304704,1885356032,118931456,2480160768
2026-07-09T01:20:47.635966,17006837760,16350298112,656539648,3.9,13892026368,1007304704,1885356032,118931456,2480160768
2026-07-09T01:20:48.636302,17006837760,16350298112,656539648,3.9,13892026368,1007304704,1885356032,118931456,2480160768
2026-07-09T01:20:49.636655,17006837760,16351674368,655163392,3.9,13893402624,1007321088,1885356032,118931456,2480160768
2026-07-09T01:20:50.637055,17006837760,16351674368,655163392,3.9,13893402624,1007321088,1885356032,118931456,2480160768
2026-07-09T01:20:51.637434,17006837760,16350380032,656457728,3.9,13892108288,1007321088,1885356032,118931456,2480160768
2026-07-09T01:20:52.637806,17006837760,16350298112,656539648,3.9,13892026368,1007321088,1885356032,118931456,2480160768
2026-07-09T01:20:53.638122,17006837760,16350674944,656162816,3.9,13892403200,1007321088,1885356032,118931456,2480160768
2026-07-09T01:20:54.638400,17006837760,16350691328,656146432,3.9,13892419584,1007321088,1885356032,118931456,2480160768
2026-07-09T01:20:55.638678,17006837760,16350953472,655884288,3.9,13892681728,1007321088,1885356032,118931456,2480160768
2026-07-09T01:20:56.638959,17006837760,16351461376,655376384,3.9,13893189632,1007321088,1885356032,118931456,2480160768
2026-07-09T01:20:57.639237,17006837760,16351461376,655376384,3.9,13893189632,1007321088,1885356032,118931456,2480160768
2026-07-09T01:20:58.639661,17006837760,16351215616,655622144,3.9,13892943872,1007321088,1885356032,118931456,2480160768
2026-07-09T01:20:59.640029,17006837760,16351444992,655392768,3.9,13893173248,1007321088,1885356032,118931456,2480160768
2026-07-09T01:21:00.640395,17006837760,16350216192,656621568,3.9,13891944448,1007321088,1885356032,118931456,2480160768
2026-07-09T01:21:01.640704,17006837760,16350461952,656375808,3.9,13892190208,1007321088,1885356032,118931456,2480160768
2026-07-09T01:21:02.640987,17006837760,16350691328,656146432,3.9,13892419584,1007321088,1885356032,118931456,2480160768
2026-07-09T01:21:03.641277,17006837760,16349462528,657375232,3.9,13891190784,1007321088,1885356032,118931456,2480177152
2026-07-09T01:21:04.641644,17006837760,16348479488,658358272,3.9,13890207744,1007321088,1885356032,118931456,2480177152
2026-07-09T01:21:05.641937,17006837760,16348479488,658358272,3.9,13890207744,1007321088,1885356032,118931456,2480177152
2026-07-09T01:21:06.642218,17006837760,16349478912,657358848,3.9,13891207168,1007321088,1885356032,118931456,2480177152
2026-07-09T01:21:07.642495,17006837760,16350199808,656637952,3.9,13891928064,1007321088,1885356032,118931456,2480177152
2026-07-09T01:21:08.642774,17006837760,16350101504,656736256,3.9,13891829760,1007321088,1885356032,118931456,2480177152
2026-07-09T01:21:09.643064,17006837760,16350527488,656310272,3.9,13892255744,1007321088,1885356032,118931456,2480177152
2026-07-09T01:21:10.643354,17006837760,16350461952,656375808,3.9,13892190208,1007321088,1885356032,118931456,2480177152
2026-07-09T01:21:11.643700,17006837760,16349626368,657211392,3.9,13891354624,1007321088,1885356032,118931456,2480177152
2026-07-09T01:21:12.644005,17006837760,16350642176,656195584,3.9,13892370432,1007321088,1885356032,118931456,2480177152
2026-07-09T01:21:13.644284,17006837760,16351363072,655474688,3.9,13893091328,1007321088,1885356032,118931456,2480177152
2026-07-09T01:21:14.644566,17006837760,16351117312,655720448,3.9,13892845568,1007337472,1885356032,118931456,2480177152
2026-07-09T01:21:15.644846,17006837760,16349151232,657686528,3.9,13890879488,1007337472,1885356032,118931456,2480177152
2026-07-09T01:21:16.645138,17006837760,16349396992,657440768,3.9,13891125248,1007337472,1885356032,118931456,2480177152
2026-07-09T01:21:17.645489,17006837760,16349642752,657195008,3.9,13891371008,1007337472,1885356032,118931456,2480177152
2026-07-09T01:21:18.645855,17006837760,16349642752,657195008,3.9,13891371008,1007337472,1885356032,118931456,2480177152
2026-07-09T01:21:19.646194,17006837760,16350773248,656064512,3.9,13892501504,1007337472,1885356032,118931456,2480177152
2026-07-09T01:21:20.646496,17006837760,16351215616,655622144,3.9,13892943872,1007337472,1885356032,118931456,2480177152
2026-07-09T01:21:21.646789,17006837760,16351379456,655458304,3.9,13893107712,1007337472,1885356032,118931456,2480177152
2026-07-09T01:21:22.647088,17006837760,16351215616,655622144,3.9,13892943872,1007337472,1885356032,118931456,2480177152
2026-07-09T01:21:23.647370,17006837760,16349511680,657326080,3.9,13891239936,1007337472,1885356032,118931456,2480177152
2026-07-09T01:21:24.647645,17006837760,16349265920,657571840,3.9,13890994176,1007337472,1885356032,118931456,2480177152
2026-07-09T01:21:25.647991,17006837760,16350248960,656588800,3.9,13891977216,1007337472,1885356032,118931456,2480193536
2026-07-09T01:21:26.648293,17006837760,16350986240,655851520,3.9,13892714496,1007337472,1885356032,118931456,2480193536
2026-07-09T01:21:27.648567,17006837760,16351215616,655622144,3.9,13892943872,1007337472,1885356032,118931456,2480193536
2026-07-09T01:21:28.648857,17006837760,16350969856,655867904,3.9,13892698112,1007337472,1885356032,118931456,2480193536
2026-07-09T01:21:29.649145,17006837760,16351281152,655556608,3.9,13893009408,1007337472,1885356032,118931456,2480193536
2026-07-09T01:21:30.649505,17006837760,16351789056,655048704,3.9,13893517312,1007337472,1885356032,118931456,2480193536
2026-07-09T01:21:31.649923,17006837760,16352526336,654311424,3.8,13894254592,1007337472,1885356032,118931456,2480193536
2026-07-09T01:21:32.650285,17006837760,16348348416,658489344,3.9,13890076672,1007337472,1885356032,118931456,2480193536
2026-07-09T01:21:33.650760,17006837760,16348446720,658391040,3.9,13890174976,1007337472,1885356032,118931456,2480193536
2026-07-09T01:21:34.651130,17006837760,16347611136,659226624,3.9,13889339392,1007337472,1885356032,118931456,2480193536
2026-07-09T01:21:35.651504,17006837760,16347578368,659259392,3.9,13889306624,1007337472,1885356032,118931456,2480193536
2026-07-09T01:21:36.651864,17006837760,16347463680,659374080,3.9,13889191936,1007337472,1885356032,118931456,2480193536
2026-07-09T01:21:37.652212,17006837760,16348577792,658259968,3.9,13890306048,1007337472,1885356032,118931456,2480193536
2026-07-09T01:21:38.652564,17006837760,16349413376,657424384,3.9,13891141632,1007337472,1885356032,118931456,2480193536
2026-07-09T01:21:39.652925,17006837760,16349954048,656883712,3.9,13891682304,1007337472,1885356032,118931456,2480193536
2026-07-09T01:21:40.653308,17006837760,16350117888,656719872,3.9,13891846144,1007337472,1885356032,118931456,2480193536
2026-07-09T01:21:41.653664,17006837760,16350543872,656293888,3.9,13892272128,1007337472,1885356032,118931456,2480193536
2026-07-09T01:21:42.654022,17006837760,16350773248,656064512,3.9,13892501504,1007337472,1885356032,118931456,2480193536
2026-07-09T01:21:43.654385,17006837760,16350904320,655933440,3.9,13892632576,1007337472,1885356032,118931456,2480193536
2026-07-09T01:21:44.654741,17006837760,16350920704,655917056,3.9,13892648960,1007337472,1885356032,118931456,2480193536
2026-07-09T01:21:45.655207,17006837760,16350920704,655917056,3.9,13892648960,1007337472,1885356032,118931456,2480193536
2026-07-09T01:21:46.655572,17006837760,16350920704,655917056,3.9,13892648960,1007337472,1885356032,118931456,2480193536
2026-07-09T01:21:47.655943,17006837760,16350920704,655917056,3.9,13892648960,1007337472,1885356032,118931456,2480193536
2026-07-09T01:21:48.656312,17006837760,16350183424,656654336,3.9,13891911680,1007337472,1885356032,118931456,2480209920
2026-07-09T01:21:49.656695,17006837760,16351084544,655753216,3.9,13892812800,1007337472,1885356032,118931456,2480209920
2026-07-09T01:21:50.657056,17006837760,16351330304,655507456,3.9,13893058560,1007337472,1885356032,118931456,2480209920
2026-07-09T01:21:51.657431,17006837760,16350593024,656244736,3.9,13892321280,1007337472,1885356032,118931456,2480209920
2026-07-09T01:21:52.657748,17006837760,16350838784,655998976,3.9,13892567040,1007337472,1885356032,118931456,2480209920
2026-07-09T01:21:53.658037,17006837760,16351789056,655048704,3.9,13893517312,1007337472,1885356032,118931456,2480209920
2026-07-09T01:21:54.658315,17006837760,16351313920,655523840,3.9,13893042176,1007337472,1885356032,118931456,2480209920
2026-07-09T01:21:55.658594,17006837760,16351264768,655572992,3.9,13892960256,1007468544,1885388800,118931456,2480209920
2026-07-09T01:21:56.658880,17006837760,16351805440,655032320,3.9,13893500928,1007468544,1885388800,118931456,2480209920
2026-07-09T01:21:57.659213,17006837760,16352772096,654065664,3.8,13894467584,1007468544,1885388800,118931456,2480209920
2026-07-09T01:21:58.659577,17006837760,16352772096,654065664,3.8,13894467584,1007468544,1885388800,118931456,2480209920
2026-07-09T01:21:59.659945,17006837760,16352526336,654311424,3.8,13894221824,1007468544,1885388800,118931456,2480209920
2026-07-09T01:22:00.660312,17006837760,16351494144,655343616,3.9,13893189632,1007468544,1885388800,118931456,2480209920
2026-07-09T01:22:01.660620,17006837760,16350593024,656244736,3.9,13892288512,1007468544,1885388800,118931456,2480209920
2026-07-09T01:22:02.660903,17006837760,16351821824,655015936,3.9,13893517312,1007468544,1885388800,118931456,2480209920
2026-07-09T01:22:03.661187,17006837760,16351805440,655032320,3.9,13893500928,1007468544,1885388800,118931456,2480209920
2026-07-09T01:22:04.661495,17006837760,16350576640,656261120,3.9,13892272128,1007468544,1885388800,118931456,2480209920
2026-07-09T01:22:05.661786,17006837760,16350806016,656031744,3.9,13892501504,1007468544,1885388800,118931456,2480209920
2026-07-09T01:22:06.662071,17006837760,16352198656,654639104,3.8,13893894144,1007468544,1885388800,118931456,2480209920
2026-07-09T01:22:07.662351,17006837760,16352051200,654786560,3.9,13893746688,1007468544,1885388800,118931456,2480209920
2026-07-09T01:22:08.662721,17006837760,16351805440,655032320,3.9,13893500928,1007468544,1885388800,118931456,2480209920
2026-07-09T01:22:09.663007,17006837760,16352313344,654524416,3.8,13894008832,1007468544,1885388800,118931456,2480226304
2026-07-09T01:22:10.663298,17006837760,16352296960,654540800,3.8,13893992448,1007468544,1885388800,118931456,2480226304
2026-07-09T01:22:11.663645,17006837760,16350576640,656261120,3.9,13892272128,1007468544,1885388800,118931456,2480226304
2026-07-09T01:22:12.664009,17006837760,16350330880,656506880,3.9,13892026368,1007468544,1885388800,118931456,2480226304
2026-07-09T01:22:13.664371,17006837760,16351084544,655753216,3.9,13892780032,1007468544,1885388800,118931456,2480226304
2026-07-09T01:22:14.664669,17006837760,16351510528,655327232,3.9,13893206016,1007468544,1885388800,118931456,2480226304
2026-07-09T01:22:15.664945,17006837760,16351641600,655196160,3.9,13893337088,1007468544,1885388800,118931456,2480226304
2026-07-09T01:22:16.665321,17006837760,16351346688,655491072,3.9,13893042176,1007468544,1885388800,118931456,2480226304
2026-07-09T01:22:17.665614,17006837760,16351592448,655245312,3.9,13893287936,1007468544,1885388800,118931456,2480226304
2026-07-09T01:22:18.665894,17006837760,16351756288,655081472,3.9,13893451776,1007468544,1885388800,118931456,2480226304
2026-07-09T01:22:19.666233,17006837760,16352395264,654442496,3.8,13894090752,1007468544,1885388800,118931456,2480226304
2026-07-09T01:22:20.666604,17006837760,16352165888,654671872,3.8,13893861376,1007468544,1885388800,118931456,2480226304
2026-07-09T01:22:21.666954,17006837760,16352165888,654671872,3.8,13893861376,1007468544,1885388800,118931456,2480226304
2026-07-09T01:22:22.667304,17006837760,16348233728,658604032,3.9,13889929216,1007468544,1885388800,118931456,2480226304
2026-07-09T01:22:23.667648,17006837760,16348020736,658817024,3.9,13889716224,1007468544,1885388800,118931456,2480226304
2026-07-09T01:22:24.667946,17006837760,16348348416,658489344,3.9,13890043904,1007468544,1885388800,118931456,2480226304
2026-07-09T01:22:25.668221,17006837760,16348823552,658014208,3.9,13890519040,1007468544,1885388800,118931456,2480226304
2026-07-09T01:22:26.668506,17006837760,16349822976,657014784,3.9,13891502080,1007468544,1885405184,118931456,2480226304
2026-07-09T01:22:27.668785,17006837760,16349331456,657506304,3.9,13891010560,1007468544,1885405184,118931456,2480226304
2026-07-09T01:22:28.669066,17006837760,16349446144,657391616,3.9,13891125248,1007468544,1885405184,118931456,2480226304
2026-07-09T01:22:29.669480,17006837760,16350511104,656326656,3.9,13892190208,1007468544,1885405184,118931456,2480226304
2026-07-09T01:22:30.669938,17006837760,16344399872,662437888,3.9,13886078976,1007468544,1885405184,118931456,2480242688
2026-07-09T01:22:31.670304,17006837760,16344973312,661864448,3.9,13886652416,1007468544,1885405184,118931456,2480242688
2026-07-09T01:22:32.670665,17006837760,16346398720,660439040,3.9,13888077824,1007468544,1885405184,118931456,2480242688
2026-07-09T01:22:33.671021,17006837760,16346742784,660094976,3.9,13888421888,1007468544,1885405184,118931456,2480242688
2026-07-09T01:22:34.671384,17006837760,16347398144,659439616,3.9,13889077248,1007468544,1885405184,118931456,2480242688
2026-07-09T01:22:35.671749,17006837760,16346054656,660783104,3.9,13887733760,1007468544,1885405184,118931456,2480242688
2026-07-09T01:22:36.672102,17006837760,16346726400,660111360,3.9,13888405504,1007468544,1885405184,118931456,2480242688
2026-07-09T01:22:37.672476,17006837760,16339812352,667025408,3.9,13881491456,1007468544,1885405184,118931456,2480242688
2026-07-09T01:22:38.672835,17006837760,16341254144,665583616,3.9,13882933248,1007468544,1885405184,118931456,2480242688
2026-07-09T01:22:39.673142,17006837760,16342663168,664174592,3.9,13884342272,1007468544,1885405184,118931456,2480242688
2026-07-09T01:22:40.673425,17006837760,16343744512,663093248,3.9,13885423616,1007468544,1885405184,118931456,2480242688
2026-07-09T01:22:41.673713,17006837760,16342728704,664109056,3.9,13884407808,1007468544,1885405184,118931456,2480242688
2026-07-09T01:22:42.673992,17006837760,16343449600,663388160,3.9,13885128704,1007468544,1885405184,118931456,2480242688
2026-07-09T01:22:43.674268,17006837760,16344498176,662339584,3.9,13886177280,1007468544,1885405184,118931456,2480242688
2026-07-09T01:22:44.674608,17006837760,16345415680,661422080,3.9,13887094784,1007468544,1885405184,118931456,2480242688
2026-07-09T01:22:45.674976,17006837760,16345677824,661159936,3.9,13887356928,1007468544,1885405184,118931456,2480242688
2026-07-09T01:22:46.675348,17006837760,16346693632,660144128,3.9,13888372736,1007468544,1885405184,118931456,2480242688
2026-07-09T01:22:47.675721,17006837760,16347643904,659193856,3.9,13889323008,1007468544,1885405184,118931456,2480242688
2026-07-09T01:22:48.676202,17006837760,16348053504,658784256,3.9,13889732608,1007468544,1885405184,118931456,2480242688
2026-07-09T01:22:49.676552,17006837760,16348889088,657948672,3.9,13890568192,1007468544,1885405184,118931456,2480242688
2026-07-09T01:22:50.677011,17006837760,16349806592,657031168,3.9,13891485696,1007468544,1885405184,118931456,2480242688
2026-07-09T01:22:51.677468,17006837760,16349970432,656867328,3.9,13891649536,1007468544,1885405184,118931456,2480242688
2026-07-09T01:22:52.677939,17006837760,16350330880,656506880,3.9,13892009984,1007468544,1885405184,118931456,2480242688
2026-07-09T01:22:53.678422,17006837760,16350691328,656146432,3.9,13892370432,1007468544,1885405184,118931456,2480242688
2026-07-09T01:22:54.678757,17006837760,16349708288,657129472,3.9,13891387392,1007468544,1885405184,118931456,2480259072
2026-07-09T01:22:55.679038,17006837760,16350707712,656130048,3.9,13892386816,1007468544,1885405184,118931456,2480259072
2026-07-09T01:22:56.679315,17006837760,16351297536,655540224,3.9,13892960256,1007468544,1885421568,118931456,2480259072
2026-07-09T01:22:57.679662,17006837760,16351526912,655310848,3.9,13893189632,1007468544,1885421568,118931456,2480259072
2026-07-09T01:22:58.680013,17006837760,16350822400,656015360,3.9,13892485120,1007468544,1885421568,118931456,2480259072
2026-07-09T01:22:59.680366,17006837760,16351297536,655540224,3.9,13892960256,1007468544,1885421568,118931456,2480259072
2026-07-09T01:23:00.680693,17006837760,16350560256,656277504,3.9,13892222976,1007468544,1885421568,118931456,2480259072
2026-07-09T01:23:01.680976,17006837760,16350806016,656031744,3.9,13892468736,1007468544,1885421568,118931456,2480259072
2026-07-09T01:23:02.681268,17006837760,16351297536,655540224,3.9,13892960256,1007468544,1885421568,118931456,2480259072
2026-07-09T01:23:03.681548,17006837760,16352034816,654802944,3.9,13893697536,1007468544,1885421568,118931456,2480259072
2026-07-09T01:23:04.681910,17006837760,16351608832,655228928,3.9,13893271552,1007468544,1885421568,118931456,2480259072
2026-07-09T01:23:05.682286,17006837760,16349642752,657195008,3.9,13891305472,1007468544,1885421568,118931456,2480259072
2026-07-09T01:23:06.682596,17006837760,16350019584,656818176,3.9,13891682304,1007468544,1885421568,118931456,2480259072
2026-07-09T01:23:07.682873,17006837760,16350871552,655966208,3.9,13892534272,1007468544,1885421568,118931456,2480259072
2026-07-09T01:23:08.683153,17006837760,16350937088,655900672,3.9,13892599808,1007468544,1885421568,118931456,2480259072
2026-07-09T01:23:09.683431,17006837760,16351313920,655523840,3.9,13892976640,1007468544,1885421568,118931456,2480259072
2026-07-09T01:23:10.683725,17006837760,16351019008,655818752,3.9,13892681728,1007468544,1885421568,118931456,2480259072
2026-07-09T01:23:11.684064,17006837760,16350199808,656637952,3.9,13891862528,1007468544,1885421568,118931456,2480259072
2026-07-09T01:23:12.684428,17006837760,16350838784,655998976,3.9,13892501504,1007468544,1885421568,118931456,2480259072
2026-07-09T01:23:13.684796,17006837760,16352313344,654524416,3.8,13893976064,1007468544,1885421568,118931456,2480259072
2026-07-09T01:23:14.685149,17006837760,16352313344,654524416,3.8,13893976064,1007468544,1885421568,118931456,2480259072
2026-07-09T01:23:15.685501,17006837760,16351821824,655015936,3.9,13893484544,1007468544,1885421568,118931456,2480275456
2026-07-09T01:23:16.685872,17006837760,16347889664,658948096,3.9,13889552384,1007468544,1885421568,118931456,2480275456
2026-07-09T01:23:17.686187,17006837760,16348102656,658735104,3.9,13889650688,1007534080,1885536256,118931456,2480275456
2026-07-09T01:23:18.686470,17006837760,16348577792,658259968,3.9,13890125824,1007534080,1885536256,118931456,2480275456
2026-07-09T01:23:19.686750,17006837760,16349495296,657342464,3.9,13891043328,1007534080,1885536256,118931456,2480275456
2026-07-09T01:23:20.687031,17006837760,16349855744,656982016,3.9,13891403776,1007534080,1885536256,118931456,2480275456
2026-07-09T01:23:21.687313,17006837760,16350412800,656424960,3.9,13891960832,1007534080,1885536256,118931456,2480275456
2026-07-09T01:23:22.687597,17006837760,16350953472,655884288,3.9,13892501504,1007534080,1885536256,118931456,2480275456
2026-07-09T01:23:23.687870,17006837760,16350937088,655900672,3.9,13892485120,1007534080,1885536256,118931456,2480275456
2026-07-09T01:23:24.688163,17006837760,16343089152,663748608,3.9,13884637184,1007534080,1885536256,118931456,2480275456
2026-07-09T01:23:25.688449,17006837760,16341041152,665796608,3.9,13882589184,1007534080,1885536256,118931456,2480275456
2026-07-09T01:23:26.688730,17006837760,16342155264,664682496,3.9,13883703296,1007534080,1885536256,118931456,2480275456
2026-07-09T01:23:27.689076,17006837760,16343744512,663093248,3.9,13885276160,1007730688,1885552640,118931456,2480275456
2026-07-09T01:23:28.689403,17006837760,16343826432,663011328,3.9,13885358080,1007730688,1885552640,118931456,2480275456
2026-07-09T01:23:29.689686,17006837760,16344760320,662077440,3.9,13886291968,1007730688,1885552640,118931456,2480275456
2026-07-09T01:23:30.689965,17006837760,16346136576,660701184,3.9,13887668224,1007730688,1885552640,118931456,2480275456
2026-07-09T01:23:31.690244,17006837760,16347332608,659505152,3.9,13888864256,1007730688,1885552640,118931456,2480275456
2026-07-09T01:23:32.690523,17006837760,16347955200,658882560,3.9,13889486848,1007730688,1885552640,118931456,2480275456
2026-07-09T01:23:33.690807,17006837760,16348741632,658096128,3.9,13890273280,1007730688,1885552640,118931456,2480275456
2026-07-09T01:23:34.691086,17006837760,16348971008,657866752,3.9,13890502656,1007730688,1885552640,118931456,2480275456
2026-07-09T01:23:35.691369,17006837760,16349609984,657227776,3.9,13891141632,1007730688,1885552640,118931456,2480275456
2026-07-09T01:23:36.691645,17006837760,16350232576,656605184,3.9,13891764224,1007730688,1885552640,118931456,2480275456
2026-07-09T01:23:37.691924,17006837760,16349855744,656982016,3.9,13891387392,1007730688,1885552640,118931456,2480291840
2026-07-09T01:23:38.692270,17006837760,16350019584,656818176,3.9,13891551232,1007730688,1885552640,118931456,2480291840
2026-07-09T01:23:39.692633,17006837760,16350887936,655949824,3.9,13892419584,1007730688,1885552640,118931456,2480291840
2026-07-09T01:23:40.692944,17006837760,16350691328,656146432,3.9,13892222976,1007730688,1885552640,118931456,2480291840
2026-07-09T01:23:41.693318,17006837760,16350920704,655917056,3.9,13892452352,1007730688,1885552640,118931456,2480291840
2026-07-09T01:23:42.693684,17006837760,16351232000,655605760,3.9,13892763648,1007730688,1885552640,118931456,2480291840
2026-07-09T01:23:43.694039,17006837760,16347643904,659193856,3.9,13889175552,1007730688,1885552640,118931456,2480291840
2026-07-09T01:23:44.694399,17006837760,16347758592,659079168,3.9,13889290240,1007730688,1885552640,118931456,2480291840
2026-07-09T01:23:45.694811,17006837760,16348479488,658358272,3.9,13890011136,1007730688,1885552640,118931456,2480291840
2026-07-09T01:23:46.695175,17006837760,16348626944,658210816,3.9,13890158592,1007730688,1885552640,118931456,2480291840
2026-07-09T01:23:47.695542,17006837760,16348987392,657850368,3.9,13890519040,1007730688,1885552640,118931456,2480291840
2026-07-09T01:23:48.695845,17006837760,16350068736,656769024,3.9,13891600384,1007730688,1885552640,118931456,2480291840
2026-07-09T01:23:49.696124,17006837760,16351068160,655769600,3.9,13892599808,1007730688,1885552640,118931456,2480291840
2026-07-09T01:23:50.696408,17006837760,16351068160,655769600,3.9,13892599808,1007730688,1885552640,118931456,2480291840
2026-07-09T01:23:51.696690,17006837760,16351346688,655491072,3.9,13892878336,1007730688,1885552640,118931456,2480291840
2026-07-09T01:23:52.696978,17006837760,16351297536,655540224,3.9,13892829184,1007730688,1885552640,118931456,2480291840
2026-07-09T01:23:53.697338,17006837760,16351215616,655622144,3.9,13892747264,1007730688,1885552640,118931456,2480291840
2026-07-09T01:23:54.697762,17006837760,16351608832,655228928,3.9,13893140480,1007730688,1885552640,118931456,2480291840
2026-07-09T01:23:55.698059,17006837760,16351920128,654917632,3.9,13893451776,1007730688,1885552640,118931456,2480291840
2026-07-09T01:23:56.698341,17006837760,16352149504,654688256,3.8,13893681152,1007730688,1885552640,118931456,2480291840
2026-07-09T01:23:57.698623,17006837760,16352395264,654442496,3.8,13893926912,1007730688,1885552640,118931456,2480291840
2026-07-09T01:23:58.698932,17006837760,16351428608,655409152,3.9,13892943872,1007730688,1885569024,118931456,2480308224
2026-07-09T01:23:59.699217,17006837760,16350937088,655900672,3.9,13892452352,1007730688,1885569024,118931456,2480308224
2026-07-09T01:24:00.699558,17006837760,16350216192,656621568,3.9,13891731456,1007730688,1885569024,118931456,2480308224
2026-07-09T01:24:01.699927,17006837760,16338829312,668008448,3.9,13880344576,1007730688,1885569024,118931456,2480308224
2026-07-09T01:24:02.700349,17006837760,16341106688,665731072,3.9,13882621952,1007730688,1885569024,118931456,2480308224
2026-07-09T01:24:03.700637,17006837760,16342450176,664387584,3.9,13883965440,1007730688,1885569024,118931456,2480308224
2026-07-09T01:24:04.700924,17006837760,16342777856,664059904,3.9,13884293120,1007730688,1885569024,118931456,2480308224
2026-07-09T01:24:05.701211,17006837760,16343793664,663044096,3.9,13885308928,1007730688,1885569024,118931456,2480308224
2026-07-09T01:24:06.701504,17006837760,16345841664,660996096,3.9,13887356928,1007730688,1885569024,118931456,2480308224
2026-07-09T01:24:07.701844,17006837760,16346857472,659980288,3.9,13888372736,1007730688,1885569024,118931456,2480308224
2026-07-09T01:24:08.702206,17006837760,16347316224,659521536,3.9,13888831488,1007730688,1885569024,118931456,2480308224
2026-07-09T01:24:09.702579,17006837760,16348413952,658423808,3.9,13889929216,1007730688,1885569024,118931456,2480308224
2026-07-09T01:24:10.702890,17006837760,16348889088,657948672,3.9,13890404352,1007730688,1885569024,118931456,2480308224
2026-07-09T01:24:11.703195,17006837760,16348774400,658063360,3.9,13890289664,1007730688,1885569024,118931456,2480308224
2026-07-09T01:24:12.703485,17006837760,16349659136,657178624,3.9,13891174400,1007730688,1885569024,118931456,2480308224
2026-07-09T01:24:13.703776,17006837760,16336879616,669958144,3.9,13878394880,1007730688,1885569024,118931456,2480308224
2026-07-09T01:24:14.704137,17006837760,16337764352,669073408,3.9,13879279616,1007730688,1885569024,118931456,2480308224
2026-07-09T01:24:15.704577,17006837760,16339386368,667451392,3.9,13880901632,1007730688,1885569024,118931456,2480308224
2026-07-09T01:24:16.704944,17006837760,16339894272,666943488,3.9,13881409536,1007730688,1885569024,118931456,2480308224
2026-07-09T01:24:17.705324,17006837760,16341319680,665518080,3.9,13882834944,1007730688,1885569024,118931456,2480308224
2026-07-09T01:24:18.705633,17006837760,16341975040,664862720,3.9,13883490304,1007763456,1885569024,118931456,2480308224
2026-07-09T01:24:19.705910,17006837760,16342712320,664125440,3.9,13884227584,1007763456,1885569024,118931456,2480324608
2026-07-09T01:24:20.706187,17006837760,16345055232,661782528,3.9,13886570496,1007763456,1885569024,118931456,2480324608
2026-07-09T01:24:21.706533,17006837760,16345956352,660881408,3.9,13887471616,1007763456,1885569024,118931456,2480324608
2026-07-09T01:24:22.706819,17006837760,16346185728,660652032,3.9,13887700992,1007763456,1885569024,118931456,2480324608
2026-07-09T01:24:23.707164,17006837760,16347021312,659816448,3.9,13888536576,1007763456,1885569024,118931456,2480324608
2026-07-09T01:24:24.707519,17006837760,16348020736,658817024,3.9,13889536000,1007763456,1885569024,118931456,2480324608
2026-07-09T01:24:25.707900,17006837760,16348971008,657866752,3.9,13890486272,1007763456,1885569024,118931456,2480324608
2026-07-09T01:24:26.708202,17006837760,16350101504,656736256,3.9,13891616768,1007763456,1885569024,118931456,2480324608
2026-07-09T01:24:27.708552,17006837760,16341712896,665124864,3.9,13883228160,1007763456,1885569024,118931456,2480324608
2026-07-09T01:24:28.708901,17006837760,16335355904,671481856,3.9,13876871168,1007763456,1885569024,118931456,2480324608
2026-07-09T01:24:29.709186,17006837760,16336388096,670449664,3.9,13877903360,1007763456,1885569024,118931456,2480324608
2026-07-09T01:24:30.709478,17006837760,16338092032,668745728,3.9,13879607296,1007763456,1885569024,118931456,2480324608
2026-07-09T01:24:31.709841,17006837760,16339746816,667090944,3.9,13881262080,1007763456,1885569024,118931456,2480324608
2026-07-09T01:24:32.710140,17006837760,16341942272,664895488,3.9,13883457536,1007763456,1885569024,118931456,2480324608
2026-07-09T01:24:33.710422,17006837760,16341876736,664961024,3.9,13883392000,1007763456,1885569024,118931456,2480324608
2026-07-09T01:24:34.710698,17006837760,16342122496,664715264,3.9,13883637760,1007779840,1885569024,118931456,2480324608
2026-07-09T01:24:35.710985,17006837760,16342876160,663961600,3.9,13884375040,1007779840,1885569024,118931456,2480340992
2026-07-09T01:24:36.711259,17006837760,16343760896,663076864,3.9,13885259776,1007779840,1885569024,118931456,2480340992
2026-07-09T01:24:37.711599,17006837760,16345088000,661749760,3.9,13886586880,1007779840,1885569024,118931456,2480340992
2026-07-09T01:24:38.711948,17006837760,16346742784,660094976,3.9,13888241664,1007779840,1885569024,118931456,2480340992
2026-07-09T01:24:39.712398,17006837760,16346349568,660488192,3.9,13887848448,1007779840,1885569024,118931456,2480357376
2026-07-09T01:24:40.712809,17006837760,16347103232,659734528,3.9,13888602112,1007779840,1885569024,118931456,2480357376
2026-07-09T01:24:41.713101,17006837760,16347168768,659668992,3.9,13888667648,1007779840,1885569024,118931456,2480357376
2026-07-09T01:24:42.713389,17006837760,16347185152,659652608,3.9,13888684032,1007779840,1885569024,118931456,2480357376
2026-07-09T01:24:43.713665,17006837760,16347889664,658948096,3.9,13889388544,1007779840,1885569024,118931456,2480357376
2026-07-09T01:24:44.713945,17006837760,16349364224,657473536,3.9,13890863104,1007779840,1885569024,118931456,2480357376
2026-07-09T01:24:45.714224,17006837760,16350085120,656752640,3.9,13891584000,1007779840,1885569024,118931456,2480357376
2026-07-09T01:24:46.714508,17006837760,16350625792,656211968,3.9,13892124672,1007779840,1885569024,118931456,2480357376
2026-07-09T01:24:47.714847,17006837760,16350445568,656392192,3.9,13891944448,1007779840,1885569024,118931456,2480357376
2026-07-09T01:24:48.715127,17006837760,16350445568,656392192,3.9,13891944448,1007779840,1885569024,118931456,2480357376
2026-07-09T01:24:49.715411,17006837760,16351182848,655654912,3.9,13892681728,1007779840,1885569024,118931456,2480357376
2026-07-09T01:24:50.715759,17006837760,16351428608,655409152,3.9,13892927488,1007779840,1885569024,118931456,2480357376
2026-07-09T01:24:51.716065,17006837760,16351182848,655654912,3.9,13892681728,1007779840,1885569024,118931456,2480357376
2026-07-09T01:24:52.716350,17006837760,16351428608,655409152,3.9,13892927488,1007779840,1885569024,118931456,2480357376
2026-07-09T01:24:53.716636,17006837760,16351182848,655654912,3.9,13892681728,1007779840,1885569024,118931456,2480357376
2026-07-09T01:24:54.716918,17006837760,16350691328,656146432,3.9,13892190208,1007779840,1885569024,118931456,2480357376
2026-07-09T01:24:55.717200,17006837760,16351428608,655409152,3.9,13892927488,1007779840,1885569024,118931456,2480357376
2026-07-09T01:24:56.717547,17006837760,16351903744,654934016,3.9,13893402624,1007779840,1885569024,118931456,2480357376
2026-07-09T01:24:57.717854,17006837760,16351903744,654934016,3.9,13893402624,1007779840,1885569024,118931456,2480357376
2026-07-09T01:24:58.718136,17006837760,16352149504,654688256,3.8,13893648384,1007779840,1885569024,118931456,2480357376
2026-07-09T01:24:59.718424,17006837760,16351903744,654934016,3.9,13893402624,1007779840,1885569024,118931456,2480357376
2026-07-09T01:25:00.718711,17006837760,16333029376,673808384,4.0,13874528256,1007779840,1885569024,118931456,2480373760
2026-07-09T01:25:01.718989,17006837760,16334569472,672268288,4.0,13876068352,1007779840,1885569024,118931456,2480373760
2026-07-09T01:25:02.719330,17006837760,16337403904,669433856,3.9,13878902784,1007779840,1885569024,118931456,2480373760
