timestamp,total,available,used,percent,free,active,inactive,buffers,cached
2026-04-29T17:03:47.769780,17002643456,16302489600,700153856,4.1,15689940992,771981312,208994304,42549248,689045504
2026-04-29T17:03:48.776374,17002643456,16215080960,787562496,4.6,15600205824,801341440,209616896,42680320,691257344
2026-04-29T17:03:49.783634,17002643456,16156442624,846200832,5.0,15541567488,840957952,209616896,42680320,691257344
2026-04-29T17:03:50.785511,17002643456,16062578688,940064768,5.5,15447703552,938262528,209616896,42680320,691257344
2026-04-29T17:03:51.785861,17002643456,16055582720,947060736,5.6,15440576512,940179456,209616896,42680320,691388416
2026-04-29T17:03:52.787872,17002643456,15988310016,1014333440,6.0,15373303808,1034649600,209616896,42680320,691388416
2026-04-29T17:03:53.788459,17002643456,15730360320,1272283136,7.5,15081603072,1229438976,243367936,42680320,725483520
2026-04-29T17:03:54.788805,17002643456,15531507712,1471135744,8.7,14790623232,1413136384,335462400,42696704,817299456
2026-04-29T17:03:55.791321,17002643456,15438118912,1564524544,9.2,14664794112,1489731584,367558656,42696704,849756160
2026-04-29T17:03:56.794898,17002643456,15422390272,1580253184,9.3,14649065472,1518370816,367558656,42696704,849756160
2026-04-29T17:03:57.796875,17002643456,15387000832,1615642624,9.5,14613676032,1564082176,367558656,42696704,849756160
2026-04-29T17:03:58.800387,17002643456,15448555520,1554087936,9.1,14675230720,1252098048,367558656,42696704,849952768
2026-04-29T17:03:59.825718,17002643456,15357100032,1645543424,9.7,14579793920,1467351040,368164864,42696704,853753856
2026-04-29T17:04:00.848208,17002643456,15153446912,1849196544,10.9,14376108032,1797062656,368164864,42696704,853786624
2026-04-29T17:04:01.867284,17002643456,14966177792,2036465664,12.0,14188838912,2016559104,368164864,42696704,853786624
2026-04-29T17:04:02.969599,17002643456,14768422912,2234220544,13.1,13991084032,2083520512,368164864,42696704,853786624
2026-04-29T17:04:04.008247,17002643456,14622490624,2380152832,14.0,13845151744,2303082496,368164864,42696704,853786624
2026-04-29T17:04:05.028577,17002643456,14548271104,2454372352,14.4,13770932224,2311143424,368164864,42696704,853786624
2026-04-29T17:04:06.056681,17002643456,14486093824,2516549632,14.8,13708754944,2462580736,368164864,42696704,853786624
2026-04-29T17:04:07.072070,17002643456,14323892224,2678751232,15.8,13546553344,2662875136,368164864,42696704,853786624
2026-04-29T17:04:08.078534,17002643456,14201257984,2801385472,16.5,13423919104,2791145472,368164864,42696704,853786624
2026-04-29T17:04:09.082193,17002643456,13985972224,3016671232,17.7,13208633344,2983952384,368164864,42696704,853786624
2026-04-29T17:04:10.085550,17002643456,13984382976,3018260480,17.8,13207044096,2771189760,368164864,42696704,853786624
2026-04-29T17:04:11.086797,17002643456,13975535616,3027107840,17.8,13198196736,2795061248,368164864,42696704,853786624
2026-04-29T17:04:12.088640,17002643456,13985792000,3016851456,17.7,13208453120,2795061248,368164864,42696704,853786624
2026-04-29T17:04:13.090304,17002643456,13951746048,3050897408,17.9,13174407168,2866479104,368164864,42696704,853786624
2026-04-29T17:04:14.098691,17002643456,13896450048,3106193408,18.3,13119111168,2970271744,368164864,42696704,853786624
2026-04-29T17:04:15.106208,17002643456,13888552960,3114090496,18.3,13111214080,2904244224,368164864,42696704,853786624
2026-04-29T17:04:16.117088,17002643456,13903986688,3098656768,18.2,13126647808,2902753280,368164864,42696704,853786624
2026-04-29T17:04:17.129002,17002643456,13913260032,3089383424,18.2,13135921152,2984427520,368164864,42696704,853786624
2026-04-29T17:04:18.133557,17002643456,13913030656,3089612800,18.2,13135691776,2990522368,368164864,42696704,853786624
2026-04-29T17:04:19.139123,17002643456,14004420608,2998222848,17.6,13227081728,2989424640,368164864,42696704,853786624
2026-04-29T17:04:20.155766,17002643456,14007369728,2995273728,17.6,13230030848,2996830208,368164864,42696704,853786624
2026-04-29T17:04:21.166110,17002643456,13977583616,3025059840,17.8,13200244736,3035430912,368164864,42696704,853786624
2026-04-29T17:04:22.175928,17002643456,14032683008,2969960448,17.5,13255344128,2988228608,368164864,42696704,853786624
2026-04-29T17:04:23.177823,17002643456,14024835072,2977808384,17.5,13247496192,3014639616,368164864,42696704,853786624
2026-04-29T17:04:24.178985,17002643456,14024835072,2977808384,17.5,13247496192,3014639616,368164864,42696704,853786624
2026-04-29T17:04:25.180678,17002643456,14099267584,2903375872,17.1,13321928704,3002269696,368164864,42696704,853786624
2026-04-29T17:04:26.183358,17002643456,14018215936,2984427520,17.6,13240877056,3051831296,368164864,42696704,853786624
2026-04-29T17:04:27.187683,17002643456,14019887104,2982756352,17.5,13242548224,3051831296,368164864,42696704,853786624
2026-04-29T17:04:28.194873,17002643456,14006681600,2995961856,17.6,13229342720,3085828096,368164864,42696704,853786624
2026-04-29T17:04:29.203431,17002643456,13973405696,3029237760,17.8,13196066816,3135733760,368164864,42696704,853786624
2026-04-29T17:04:30.214639,17002643456,13980860416,3021783040,17.8,13203521536,3122970624,368164864,42696704,853786624
2026-04-29T17:04:31.229698,17002643456,13914750976,3087892480,18.2,13137412096,3198402560,368164864,42696704,853786624
2026-04-29T17:04:32.235211,17002643456,13826949120,3175694336,18.7,13049610240,3304554496,368164864,42696704,853786624
2026-04-29T17:04:33.249488,17002643456,13945159680,3057483776,18.0,13167820800,3147202560,368164864,42696704,853786624
2026-04-29T17:04:34.257819,17002643456,13883965440,3118678016,18.3,13106626560,3231514624,368164864,42696704,853786624
2026-04-29T17:04:35.265912,17002643456,13804339200,3198304256,18.8,13027000320,3280896000,368164864,42696704,853786624
2026-04-29T17:04:36.267643,17002643456,13706526720,3296116736,19.4,12929187840,3404169216,368164864,42696704,853786624
2026-04-29T17:04:37.270190,17002643456,13721387008,3281256448,19.3,12944048128,3351658496,368164864,42696704,853786624
2026-04-29T17:04:38.271450,17002643456,13871087616,3131555840,18.4,13093732352,3239411712,368164864,42696704,853803008
2026-04-29T17:04:39.274067,17002643456,13768638464,3234004992,19.0,12991283200,3239018496,368164864,42696704,853803008
2026-04-29T17:04:40.279180,17002643456,13744472064,3258171392,19.2,12967116800,3275128832,368164864,42696704,853803008
2026-04-29T17:04:41.283283,17002643456,13966278656,3036364800,17.9,13188923392,3033874432,368164864,42696704,853803008
2026-04-29T17:04:42.290124,17002643456,13916864512,3085778944,18.1,13139509248,3101982720,368164864,42696704,853803008
2026-04-29T17:04:43.305166,17002643456,13885652992,3116990464,18.3,13108297728,3220078592,368164864,42696704,853803008
2026-04-29T17:04:44.316934,17002643456,13872873472,3129769984,18.4,13095518208,3256647680,368164864,42696704,853803008
2026-04-29T17:04:45.327019,17002643456,14068088832,2934554624,17.3,13290733568,3003056128,368164864,42696704,853803008
2026-04-29T17:04:46.331339,17002643456,14042775552,2959867904,17.4,13265420288,3058925568,368164864,42696704,853803008
2026-04-29T17:04:47.343245,17002643456,13992394752,3010248704,17.7,13215039488,3116171264,368164864,42696704,853803008
2026-04-29T17:04:48.347934,17002643456,13965934592,3036708864,17.9,13188579328,3143663616,368164864,42696704,853803008
2026-04-29T17:04:49.350400,17002643456,14020575232,2982068224,17.5,13243219968,3089334272,368164864,42696704,853803008
2026-04-29T17:04:50.351687,17002643456,14106312704,2896330752,17.0,13328957440,3003957248,368164864,42696704,853803008
2026-04-29T17:04:51.353047,17002643456,14109917184,2892726272,17.0,13332561920,3003957248,368164864,42696704,853803008
2026-04-29T17:04:52.356680,17002643456,14119124992,2883518464,17.0,13341769728,3003957248,368164864,42696704,853803008
2026-04-29T17:04:53.362846,17002643456,14198652928,2803990528,16.5,13421297664,2911879168,368164864,42696704,853803008
2026-04-29T17:04:54.375911,17002643456,14155923456,2846720000,16.7,13378568192,2986442752,368164864,42696704,853803008
2026-04-29T17:04:55.386823,17002643456,14084571136,2918072320,17.2,13307215872,3059597312,368164864,42696704,853803008
2026-04-29T17:04:56.394889,17002643456,13951451136,3051192320,17.9,13174095872,3170058240,368164864,42696704,853803008
2026-04-29T17:04:57.408304,17002643456,13850640384,3152003072,18.5,13073285120,3248832512,368164864,42696704,853803008
2026-04-29T17:04:58.414659,17002643456,13955088384,3047555072,17.9,13177733120,3083862016,368164864,42696704,853803008
2026-04-29T17:04:59.420025,17002643456,13972865024,3029778432,17.8,13195509760,3083124736,368164864,42696704,853803008
2026-04-29T17:05:00.425396,17002643456,14029127680,2973515776,17.5,13251772416,3023536128,368164864,42696704,853803008
2026-04-29T17:05:01.438105,17002643456,13910671360,3091972096,18.2,13133316096,3169861632,368164864,42696704,853803008
2026-04-29T17:05:02.441394,17002643456,13812400128,3190243328,18.8,13035044864,3195387904,368164864,42696704,853803008
2026-04-29T17:05:03.442427,17002643456,13817479168,3185164288,18.7,13040123904,3195387904,368164864,42696704,853803008
2026-04-29T17:05:04.443656,17002643456,13824147456,3178496000,18.7,13046792192,3195387904,368164864,42696704,853803008
2026-04-29T17:05:05.447000,17002643456,13945487360,3057156096,18.0,13168132096,3034398720,368164864,42696704,853803008
2026-04-29T17:05:06.452079,17002643456,13960757248,3041886208,17.9,13183401984,3035447296,368164864,42696704,853803008
2026-04-29T17:05:07.454095,17002643456,13965377536,3037265920,17.9,13188022272,3152658432,368164864,42696704,853803008
2026-04-29T17:05:08.467259,17002643456,13910097920,3092545536,18.2,13132742656,3225714688,368164864,42696704,853819392
2026-04-29T17:05:09.473740,17002643456,13939916800,3062726656,18.0,13162561536,3170385920,368164864,42696704,853819392
2026-04-29T17:05:10.481829,17002643456,13908115456,3094528000,18.2,13130760192,3153084416,368164864,42696704,853819392
2026-04-29T17:05:11.492892,17002643456,13985087488,3017555968,17.7,13207732224,3063398400,368164864,42696704,853819392
2026-04-29T17:05:12.496942,17002643456,13970096128,3032547328,17.8,13192740864,3135127552,368164864,42696704,853819392
2026-04-29T17:05:13.505657,17002643456,13960511488,3042131968,17.9,13183156224,3165978624,368164864,42696704,853819392
2026-04-29T17:05:14.513504,17002643456,14109147136,2893496320,17.0,13331791872,3041542144,368164864,42696704,853819392
2026-04-29T17:05:15.515444,17002643456,14043086848,2959556608,17.4,13265731584,3079389184,368164864,42696704,853819392
2026-04-29T17:05:16.516439,17002643456,14042857472,2959785984,17.4,13265502208,3079389184,368164864,42696704,853819392
2026-04-29T17:05:17.517915,17002643456,14042857472,2959785984,17.4,13265502208,3079389184,368164864,42696704,853819392
2026-04-29T17:05:18.521205,17002643456,14032846848,2969796608,17.5,13255491584,3057254400,368164864,42696704,853819392
2026-04-29T17:05:19.528563,17002643456,14034649088,2967994368,17.5,13257293824,3062841344,368164864,42696704,853819392
2026-04-29T17:05:20.531099,17002643456,14005665792,2996977664,17.6,13228310528,3134521344,368164864,42696704,853819392
2026-04-29T17:05:21.539918,17002643456,13890650112,3111993344,18.3,13113294848,3247915008,368164864,42696704,853819392
2026-04-29T17:05:22.545463,17002643456,13843464192,3159179264,18.6,13066108928,3250503680,368164864,42696704,853819392
2026-04-29T17:05:23.553476,17002643456,13830684672,3171958784,18.7,13053329408,3256582144,368164864,42696704,853819392
2026-04-29T17:05:24.564439,17002643456,13975699456,3026944000,17.8,13198344192,3093561344,368164864,42696704,853819392
2026-04-29T17:05:25.580496,17002643456,13963165696,3039477760,17.9,13185810432,3083042816,368164864,42696704,853819392
2026-04-29T17:05:26.592106,17002643456,13957201920,3045441536,17.9,13179846656,3122331648,368164864,42696704,853819392
2026-04-29T17:05:27.596558,17002643456,13951057920,3051585536,17.9,13173702656,3143909376,368164864,42696704,853819392
2026-04-29T17:05:28.597856,17002643456,14006337536,2996305920,17.6,13228965888,3107799040,368164864,42696704,853835776
2026-04-29T17:05:29.598856,17002643456,14007648256,2994995200,17.6,13230276608,3107799040,368164864,42696704,853835776
2026-04-29T17:05:30.600331,17002643456,14114029568,2888613888,17.0,13336657920,3013836800,368164864,42696704,853835776
2026-04-29T17:05:31.602360,17002643456,14215790592,2786852864,16.4,13438418944,2962604032,368164864,42696704,853835776
2026-04-29T17:05:32.607663,17002643456,14010580992,2992062464,17.6,13233209344,3139698688,368164864,42696704,853835776
2026-04-29T17:05:33.610937,17002643456,14005813248,2996830208,17.6,13228441600,3107667968,368164864,42696704,853835776
2026-04-29T17:05:34.620571,17002643456,14139359232,2863284224,16.8,13361987584,2994307072,368164864,42696704,853835776
2026-04-29T17:05:35.631225,17002643456,14084653056,2917990400,17.2,13307281408,3086139392,368164864,42696704,853835776
2026-04-29T17:05:36.641530,17002643456,14031323136,2971320320,17.5,13253951488,3134767104,368164864,42696704,853835776
2026-04-29T17:05:37.654202,17002643456,13968162816,3034480640,17.8,13190791168,3196174336,368164864,42696704,853835776
2026-04-29T17:05:38.659798,17002643456,13898366976,3104276480,18.3,13120995328,3244670976,368164864,42696704,853835776
2026-04-29T17:05:39.665276,17002643456,13884112896,3118530560,18.3,13106741248,3264987136,368164864,42696704,853835776
2026-04-29T17:05:40.671096,17002643456,13881049088,3121594368,18.4,13103677440,3219750912,368164864,42696704,853835776
2026-04-29T17:05:41.672284,17002643456,14027767808,2974875648,17.5,13250396160,3064152064,368164864,42696704,853835776
2026-04-29T17:05:42.673289,17002643456,14031437824,2971205632,17.5,13254066176,3064152064,368164864,42696704,853835776
2026-04-29T17:05:43.674436,17002643456,14038581248,2964062208,17.4,13261209600,3031547904,368164864,42696704,853835776
2026-04-29T17:05:44.677619,17002643456,14030503936,2972139520,17.5,13253132288,3112779776,368164864,42696704,853835776
2026-04-29T17:05:45.680162,17002643456,13934657536,3067985920,18.0,13157285888,3249684480,368164864,42696704,853835776
2026-04-29T17:05:46.685660,17002643456,14038450176,2964193280,17.4,13261078528,3102867456,368164864,42696704,853835776
2026-04-29T17:05:47.691683,17002643456,14038450176,2964193280,17.4,13261078528,3102867456,368164864,42696704,853835776
2026-04-29T17:05:48.696841,17002643456,14041432064,2961211392,17.4,13264060416,3102916608,368164864,42696704,853835776
2026-04-29T17:05:49.708422,17002643456,13980729344,3021914112,17.8,13203357696,3174825984,368164864,42696704,853835776
2026-04-29T17:05:50.724197,17002643456,14020640768,2982002688,17.5,13243269120,3117268992,368164864,42696704,853835776
2026-04-29T17:05:51.734006,17002643456,14015102976,2987540480,17.6,13237731328,3138076672,368164864,42696704,853835776
2026-04-29T17:05:52.744432,17002643456,14016872448,2985771008,17.6,13239500800,3138076672,368164864,42696704,853835776
2026-04-29T17:05:53.751979,17002643456,14022361088,2980282368,17.5,13244989440,3138076672,368164864,42696704,853835776
2026-04-29T17:05:54.753413,17002643456,14049984512,2952658944,17.4,13272612864,3109945344,368164864,42696704,853835776
2026-04-29T17:05:55.754385,17002643456,14051819520,2950823936,17.4,13274447872,3109945344,368164864,42696704,853835776
2026-04-29T17:05:56.755855,17002643456,14147026944,2855616512,16.8,13369655296,3016310784,368164864,42696704,853835776
2026-04-29T17:05:57.758673,17002643456,14152368128,2850275328,16.8,13374996480,3016310784,368164864,42696704,853835776
2026-04-29T17:05:58.762574,17002643456,14146420736,2856222720,16.8,13369049088,3017310208,368164864,42696704,853835776
2026-04-29T17:05:59.769111,17002643456,14123876352,2878767104,16.9,13346504704,3044278272,368164864,42696704,853835776
2026-04-29T17:06:00.773285,17002643456,14074363904,2928279552,17.2,13296992256,3063922688,368164864,42696704,853835776
2026-04-29T17:06:01.778365,17002643456,14077820928,2924822528,17.2,13300449280,3057958912,368164864,42696704,853835776
2026-04-29T17:06:02.784846,17002643456,14069972992,2932670464,17.2,13292601344,3074637824,368164864,42696704,853835776
2026-04-29T17:06:03.795556,17002643456,14156300288,2846343168,16.7,13378928640,2990784512,368164864,42696704,853835776
2026-04-29T17:06:04.798981,17002643456,14105346048,2897297408,17.0,13327974400,3058401280,368164864,42696704,853835776
2026-04-29T17:06:05.813089,17002643456,14066286592,2936356864,17.3,13288898560,3093938176,368181248,42713088,853835776
2026-04-29T17:06:06.820698,17002643456,13936033792,3066609664,18.0,13158645760,3210772480,368181248,42713088,853835776
2026-04-29T17:06:07.822438,17002643456,13872644096,3129999360,18.4,13095256064,3202252800,368181248,42713088,853835776
2026-04-29T17:06:08.823456,17002643456,13873479680,3129163776,18.4,13096091648,3202252800,368181248,42713088,853835776
2026-04-29T17:06:09.824570,17002643456,13973749760,3028893696,17.8,13196361728,3106619392,368181248,42713088,853835776
2026-04-29T17:06:10.827196,17002643456,14119419904,2883223552,17.0,13342031872,2946908160,368181248,42713088,853835776
2026-04-29T17:06:11.830011,17002643456,14142930944,2859712512,16.8,13365542912,2918514688,368181248,42713088,853835776
2026-04-29T17:06:12.834797,17002643456,14158053376,2844590080,16.7,13380665344,2972237824,368181248,42713088,853835776
2026-04-29T17:06:13.843276,17002643456,14087766016,2914877440,17.1,13310377984,3071787008,368181248,42713088,853835776
2026-04-29T17:06:14.851199,17002643456,14058029056,2944614400,17.3,13280641024,3104768000,368181248,42713088,853835776
2026-04-29T17:06:15.858460,17002643456,14020313088,2982330368,17.5,13242925056,3110764544,368181248,42713088,853835776
2026-04-29T17:06:16.863811,17002643456,13966573568,3036069888,17.9,13189185536,3169386496,368181248,42713088,853835776
2026-04-29T17:06:17.879269,17002643456,13926170624,3076472832,18.1,13148782592,3238821888,368181248,42713088,853835776
2026-04-29T17:06:18.889836,17002643456,13878083584,3124559872,18.4,13100695552,3295739904,368181248,42713088,853835776
2026-04-29T17:06:19.893455,17002643456,13756448768,3246194688,19.1,12979060736,3373875200,368181248,42713088,853835776
2026-04-29T17:06:20.894893,17002643456,13967835136,3034808320,17.8,13190447104,3101949952,368181248,42713088,853835776
2026-04-29T17:06:21.895887,17002643456,13969129472,3033513984,17.8,13191741440,3101949952,368181248,42713088,853835776
2026-04-29T17:06:22.897057,17002643456,13972602880,3030040576,17.8,13195214848,3102261248,368181248,42713088,853835776
2026-04-29T17:06:23.901172,17002643456,14101741568,2900901888,17.1,13324353536,3007725568,368181248,42713088,853835776
2026-04-29T17:06:24.904129,17002643456,14107869184,2894774272,17.0,13330481152,3019571200,368181248,42713088,853835776
2026-04-29T17:06:25.907704,17002643456,14052392960,2950250496,17.4,13275004928,3117367296,368181248,42713088,853835776
2026-04-29T17:06:26.913811,17002643456,13938606080,3064037376,18.0,13161218048,3215409152,368181248,42713088,853835776
2026-04-29T17:06:27.923368,17002643456,13927792640,3074850816,18.1,13150404608,3197075456,368181248,42713088,853835776
2026-04-29T17:06:28.929480,17002643456,13896089600,3106553856,18.3,13118701568,3228073984,368181248,42713088,853835776
2026-04-29T17:06:29.944018,17002643456,14030487552,2972155904,17.5,13253099520,3097886720,368181248,42713088,853835776
2026-04-29T17:06:30.953915,17002643456,13983547392,3019096064,17.8,13206159360,3167174656,368181248,42713088,853835776
2026-04-29T17:06:31.957196,17002643456,13798490112,3204153344,18.8,13021102080,3338108928,368181248,42713088,853835776
2026-04-29T17:06:32.960766,17002643456,13652262912,3350380544,19.7,12874874880,3450699776,368181248,42713088,853835776
2026-04-29T17:06:33.965274,17002643456,13631619072,3371024384,19.8,12854231040,3394060288,368181248,42713088,853835776
2026-04-29T17:06:34.966264,17002643456,13634387968,3368255488,19.8,12856999936,3394060288,368181248,42713088,853835776
2026-04-29T17:06:35.968197,17002643456,13645070336,3357573120,19.7,12867682304,3394060288,368181248,42713088,853835776
2026-04-29T17:06:36.971485,17002643456,13675937792,3326705664,19.6,12898549760,3365699584,368181248,42713088,853835776
2026-04-29T17:06:37.979169,17002643456,13686751232,3315892224,19.5,12909363200,3365699584,368181248,42713088,853835776
2026-04-29T17:06:38.985618,17002643456,13889929216,3112714240,18.3,13112541184,3216146432,368181248,42713088,853835776
2026-04-29T17:06:39.990662,17002643456,14046953472,2955689984,17.4,13269565440,3068198912,368181248,42713088,853835776
2026-04-29T17:06:41.000786,17002643456,14000406528,3002236928,17.7,13223018496,3148169216,368181248,42713088,853835776
2026-04-29T17:06:42.012900,17002643456,13921026048,3081617408,18.1,13143638016,3224879104,368181248,42713088,853835776
2026-04-29T17:06:43.017572,17002643456,13887979520,3114663936,18.3,13110591488,3261612032,368181248,42713088,853835776
2026-04-29T17:06:44.028080,17002643456,13887733760,3114909696,18.3,13110345728,3262119936,368181248,42713088,853835776
2026-04-29T17:06:45.034487,17002643456,14084440064,2918203392,17.2,13307052032,3076374528,368181248,42713088,853835776
2026-04-29T17:06:46.041716,17002643456,14053965824,2948677632,17.3,13276577792,3099230208,368181248,42713088,853835776
2026-04-29T17:06:47.043451,17002643456,14053965824,2948677632,17.3,13276577792,3099738112,368181248,42713088,853835776
2026-04-29T17:06:48.044490,17002643456,14054899712,2947743744,17.3,13277511680,3099738112,368181248,42713088,853835776
2026-04-29T17:06:49.046580,17002643456,14059552768,2943090688,17.3,13282164736,3099738112,368181248,42713088,853835776
2026-04-29T17:06:50.049468,17002643456,14102052864,2900590592,17.1,13324664832,3068805120,368181248,42713088,853835776
2026-04-29T17:06:51.054256,17002643456,14106689536,2895953920,17.0,13329301504,3061841920,368181248,42713088,853835776
2026-04-29T17:06:52.056009,17002643456,14188019712,2814623744,16.6,13410631680,2976088064,368181248,42713088,853835776
2026-04-29T17:06:53.059479,17002643456,14187692032,2814951424,16.6,13410304000,2976382976,368181248,42713088,853835776
2026-04-29T17:06:54.068415,17002643456,14215659520,2786983936,16.4,13438271488,2964045824,368181248,42713088,853835776
2026-04-29T17:06:55.072884,17002643456,14169817088,2832826368,16.7,13392429056,3013738496,368181248,42713088,853835776
2026-04-29T17:06:56.081174,17002643456,14098055168,2904588288,17.1,13320667136,3093921792,368181248,42713088,853835776
2026-04-29T17:06:57.091804,17002643456,14090928128,2911715328,17.1,13313540096,3109158912,368181248,42713088,853835776
2026-04-29T17:06:58.098121,17002643456,13938556928,3064086528,18.0,13161168896,3229548544,368181248,42713088,853835776
2026-04-29T17:06:59.104004,17002643456,13828456448,3174187008,18.7,13051068416,3302735872,368181248,42713088,853835776
2026-04-29T17:07:00.106676,17002643456,13781762048,3220881408,18.9,13004374016,3320463360,368181248,42713088,853835776
2026-04-29T17:07:01.107667,17002643456,13781762048,3220881408,18.9,13004374016,3320463360,368181248,42713088,853835776
2026-04-29T17:07:02.109804,17002643456,13770702848,3231940608,19.0,12993314816,3290693632,368181248,42713088,853835776
2026-04-29T17:07:03.111776,17002643456,13771702272,3230941184,19.0,12994314240,3290693632,368181248,42713088,853835776
2026-04-29T17:07:04.114510,17002643456,13780582400,3222061056,19.0,13003194368,3290972160,368181248,42713088,853835776
2026-04-29T17:07:05.121134,17002643456,13859848192,3142795264,18.5,13082460160,3234365440,368181248,42713088,853835776
2026-04-29T17:07:06.130933,17002643456,13862551552,3140091904,18.5,13085163520,3242377216,368181248,42713088,853835776
2026-04-29T17:07:07.144042,17002643456,13876707328,3125936128,18.4,13099319296,3242377216,368181248,42713088,853835776
2026-04-29T17:07:08.153980,17002643456,13877133312,3125510144,18.4,13099745280,3264217088,368181248,42713088,853835776
2026-04-29T17:07:09.158413,17002643456,13879951360,3122692096,18.4,13102563328,3271835648,368181248,42713088,853835776
2026-04-29T17:07:10.165377,17002643456,13980205056,3022438400,17.8,13202817024,3182002176,368181248,42713088,853835776
2026-04-29T17:07:11.172253,17002643456,13947027456,3055616000,18.0,13169639424,3244982272,368181248,42713088,853835776
2026-04-29T17:07:12.175620,17002643456,13850443776,3152199680,18.5,13073055744,3318513664,368181248,42713088,853835776
2026-04-29T17:07:13.177167,17002643456,13998817280,3003826176,17.7,13221429248,3161718784,368181248,42713088,853835776
2026-04-29T17:07:14.182031,17002643456,14000750592,3001892864,17.7,13223362560,3161718784,368181248,42713088,853835776
2026-04-29T17:07:15.201714,17002643456,13853343744,3149299712,18.5,13075955712,3319906304,368181248,42713088,853835776
2026-04-29T17:07:16.268602,17002643456,13967802368,3034841088,17.8,13190414336,3188670464,368181248,42713088,853835776
2026-04-29T17:07:17.325714,17002643456,13959938048,3042705408,17.9,13182550016,3204333568,368181248,42713088,853835776
2026-04-29T17:07:18.350014,17002643456,13961347072,3041296384,17.9,13183959040,3188948992,368181248,42713088,853835776
2026-04-29T17:07:19.385584,17002643456,13947944960,3054698496,18.0,13170556928,3216883712,368181248,42713088,853835776
2026-04-29T17:07:20.403220,17002643456,13944324096,3058319360,18.0,13166936064,3193307136,368181248,42713088,853835776
2026-04-29T17:07:21.422112,17002643456,13902544896,3100098560,18.2,13125156864,3265626112,368181248,42713088,853835776
2026-04-29T17:07:22.426907,17002643456,13853147136,3149496320,18.5,13075759104,3330129920,368181248,42713088,853835776
2026-04-29T17:07:23.435360,17002643456,13841514496,3161128960,18.6,13064126464,3298770944,368181248,42713088,853835776
2026-04-29T17:07:24.445733,17002643456,13998440448,3004203008,17.7,13221052416,3121119232,368181248,42713088,853835776
2026-04-29T17:07:25.450369,17002643456,13988937728,3013705728,17.7,13211549696,3147268096,368181248,42713088,853835776
2026-04-29T17:07:26.451847,17002643456,13991952384,3010691072,17.7,13214564352,3151331328,368181248,42713088,853835776
2026-04-29T17:07:27.454167,17002643456,14001192960,3001450496,17.7,13223804928,3151380480,368181248,42713088,853835776
2026-04-29T17:07:28.457528,17002643456,14030405632,2972237824,17.5,13253017600,3121119232,368181248,42713088,853835776
2026-04-29T17:07:29.461931,17002643456,14030503936,2972139520,17.5,13253115904,3130785792,368181248,42713088,853835776
2026-04-29T17:07:30.470178,17002643456,14013923328,2988720128,17.6,13236535296,3165323264,368181248,42713088,853835776
2026-04-29T17:07:31.473682,17002643456,13947060224,3055583232,18.0,13169672192,3250339840,368181248,42713088,853835776
2026-04-29T17:07:32.486050,17002643456,13842857984,3159785472,18.6,13065469952,3329736704,368181248,42713088,853835776
2026-04-29T17:07:33.499060,17002643456,13842857984,3159785472,18.6,13065469952,3303194624,368181248,42713088,853835776
2026-04-29T17:07:34.517353,17002643456,14023311360,2979332096,17.5,13245923328,3099541504,368181248,42713088,853835776
2026-04-29T17:07:35.526181,17002643456,14023458816,2979184640,17.5,13246070784,3102343168,368181248,42713088,853835776
2026-04-29T17:07:36.540836,17002643456,14028554240,2974089216,17.5,13251166208,3116056576,368181248,42713088,853835776
2026-04-29T17:07:37.546040,17002643456,14013808640,2988834816,17.6,13236420608,3153133568,368181248,42713088,853835776
2026-04-29T17:07:38.548546,17002643456,13986545664,3016097792,17.7,13209157632,3180052480,368181248,42713088,853835776
2026-04-29T17:07:39.550180,17002643456,13985660928,3016982528,17.7,13208272896,3180052480,368181248,42713088,853835776
2026-04-29T17:07:40.551272,17002643456,13989380096,3013263360,17.7,13211992064,3180052480,368181248,42713088,853835776
2026-04-29T17:07:41.555947,17002643456,14043578368,2959065088,17.4,13266190336,3123216384,368181248,42713088,853835776
2026-04-29T17:07:42.560184,17002643456,14063058944,2939584512,17.3,13285670912,3135455232,368181248,42713088,853835776
2026-04-29T17:07:43.564924,17002643456,13905051648,3097591808,18.2,13127663616,3274686464,368181248,42713088,853835776
2026-04-29T17:07:44.577476,17002643456,13852459008,3150184448,18.5,13075070976,3292086272,368181248,42713088,853835776
2026-04-29T17:07:45.583593,17002643456,14030716928,2971926528,17.5,13253328896,3073884160,368181248,42713088,853835776
2026-04-29T17:07:46.595917,17002643456,14027309056,2975334400,17.5,13249921024,3091873792,368181248,42713088,853835776
2026-04-29T17:07:47.599982,17002643456,14031896576,2970746880,17.5,13254508544,3078291456,368181248,42713088,853835776
2026-04-29T17:07:48.604620,17002643456,14029258752,2973384704,17.5,13251870720,3104030720,368181248,42713088,853835776
2026-04-29T17:07:49.614826,17002643456,14052147200,2950496256,17.4,13274759168,3090055168,368181248,42713088,853835776
2026-04-29T17:07:50.619556,17002643456,14042316800,2960326656,17.4,13264928768,3128721408,368181248,42713088,853835776
2026-04-29T17:07:51.621340,17002643456,14013562880,2989080576,17.6,13236174848,3174268928,368181248,42713088,853835776
2026-04-29T17:07:52.622861,17002643456,14014545920,2988097536,17.6,13237157888,3174268928,368181248,42713088,853835776
2026-04-29T17:07:53.624390,17002643456,14015528960,2987114496,17.6,13238140928,3174268928,368181248,42713088,853835776
2026-04-29T17:07:54.629972,17002643456,13950124032,3052519424,18.0,13172736000,3249946624,368181248,42713088,853835776
2026-04-29T17:07:55.636856,17002643456,13809795072,3192848384,18.8,13032407040,3354050560,368181248,42713088,853835776
2026-04-29T17:07:56.644001,17002643456,13779075072,3223568384,19.0,13001687040,3317481472,368181248,42713088,853835776
2026-04-29T17:07:57.649625,17002643456,13971554304,3031089152,17.8,13194166272,3146678272,368181248,42713088,853835776
2026-04-29T17:07:58.666627,17002643456,13976829952,3025813504,17.8,13199441920,3178315776,368181248,42713088,853835776
2026-04-29T17:07:59.680232,17002643456,13969752064,3032891392,17.8,13192364032,3191013376,368181248,42713088,853835776
2026-04-29T17:08:00.689301,17002643456,13881524224,3121119232,18.4,13104136192,3288023040,368181248,42713088,853835776
2026-04-29T17:08:01.701016,17002643456,13868498944,3134144512,18.4,13091110912,3273211904,368181248,42713088,853835776
2026-04-29T17:08:02.710997,17002643456,13851049984,3151593472,18.5,13073661952,3292004352,368181248,42713088,853835776
2026-04-29T17:08:03.718418,17002643456,14018117632,2984525824,17.6,13240729600,3122085888,368181248,42713088,853835776
2026-04-29T17:08:04.719779,17002643456,13972553728,3030089728,17.8,13195165696,3178463232,368181248,42713088,853835776
2026-04-29T17:08:05.720807,17002643456,13972553728,3030089728,17.8,13195165696,3178463232,368181248,42713088,853835776
2026-04-29T17:08:06.722147,17002643456,13975666688,3026976768,17.8,13198278656,3151380480,368181248,42713088,853835776
2026-04-29T17:08:07.725838,17002643456,13981155328,3021488128,17.8,13203767296,3151609856,368181248,42713088,853835776
2026-04-29T17:08:08.729169,17002643456,13981827072,3020816384,17.8,13204439040,3129671680,368181248,42713088,853835776
2026-04-29T17:08:09.736655,17002643456,13985267712,3017375744,17.7,13207879680,3129671680,368181248,42713088,853835776
2026-04-29T17:08:10.745901,17002643456,13998391296,3004252160,17.7,13221003264,3130540032,368181248,42713088,853835776
2026-04-29T17:08:11.751718,17002643456,13974781952,3027861504,17.8,13197393920,3207168000,368181248,42713088,853835776
2026-04-29T17:08:12.765952,17002643456,13938409472,3064233984,18.0,13161021440,3239165952,368181248,42713088,853835776
2026-04-29T17:08:13.775974,17002643456,13866516480,3136126976,18.4,13089128448,3304914944,368181248,42713088,853835776
2026-04-29T17:08:14.787754,17002643456,13871857664,3130785792,18.4,13094469632,3284254720,368181248,42713088,853835776
2026-04-29T17:08:15.796527,17002643456,13841678336,3160965120,18.6,13064290304,3321331712,368181248,42713088,853835776
2026-04-29T17:08:16.799429,17002643456,13981220864,3021422592,17.8,13203832832,3160014848,368181248,42713088,853835776
2026-04-29T17:08:17.801321,17002643456,13971341312,3031302144,17.8,13193953280,3184852992,368181248,42713088,853835776
2026-04-29T17:08:18.802359,17002643456,13971341312,3031302144,17.8,13193953280,3184852992,368181248,42713088,853835776
2026-04-29T17:08:19.803899,17002643456,13985546240,3017097216,17.7,13208158208,3157409792,368181248,42713088,853835776
2026-04-29T17:08:20.808050,17002643456,13977567232,3025076224,17.8,13200179200,3183312896,368181248,42713088,853835776
2026-04-29T17:08:21.811875,17002643456,13963755520,3038887936,17.9,13186367488,3222765568,368181248,42713088,853835776
2026-04-29T17:08:22.818344,17002643456,13868433408,3134210048,18.4,13091045376,3288940544,368181248,42713088,853835776
2026-04-29T17:08:23.827696,17002643456,13846069248,3156574208,18.6,13068681216,3310780416,368181248,42713088,853835776
2026-04-29T17:08:24.834104,17002643456,14002634752,3000008704,17.6,13225246720,3178840064,368181248,42713088,853835776
2026-04-29T17:08:25.839616,17002643456,13967982592,3034660864,17.8,13190594560,3212869632,368181248,42713088,853835776
2026-04-29T17:08:26.849587,17002643456,13871890432,3130753024,18.4,13094502400,3301244928,368181248,42713088,853835776
2026-04-29T17:08:27.856579,17002643456,13851000832,3151642624,18.5,13073612800,3297574912,368181248,42713088,853835776
2026-04-29T17:08:28.863287,17002643456,13842644992,3159998464,18.6,13065256960,3315679232,368181248,42713088,853835776
2026-04-29T17:08:29.868077,17002643456,14025474048,2977169408,17.5,13248086016,3145023488,368181248,42713088,853835776
2026-04-29T17:08:30.869680,17002643456,14001143808,3001499648,17.7,13223755776,3170926592,368181248,42713088,853835776
2026-04-29T17:08:31.870708,17002643456,14001143808,3001499648,17.7,13223755776,3170926592,368181248,42713088,853835776
2026-04-29T17:08:32.872567,17002643456,14001274880,3001368576,17.7,13223886848,3170926592,368181248,42713088,853835776
2026-04-29T17:08:33.877571,17002643456,14004797440,2997846016,17.6,13227409408,3170926592,368181248,42713088,853835776
2026-04-29T17:08:34.882595,17002643456,13933051904,3069591552,18.1,13155663872,3250356224,368181248,42713088,853835776
2026-04-29T17:08:35.884386,17002643456,13769375744,3233267712,19.0,12991987712,3379986432,368181248,42713088,853835776
2026-04-29T17:08:36.887903,17002643456,13646495744,3356147712,19.7,12869107712,3475439616,368181248,42713088,853835776
2026-04-29T17:08:37.903818,17002643456,13560479744,3442163712,20.2,12783091712,3505979392,368181248,42713088,853852160
2026-04-29T17:08:38.919112,17002643456,13677363200,3325280256,19.6,12899975168,3376906240,368181248,42713088,853852160
2026-04-29T17:08:39.927592,17002643456,13823770624,3178872832,18.7,13046382592,3220750336,368181248,42713088,853852160
2026-04-29T17:08:40.937302,17002643456,13800456192,3202187264,18.8,13023068160,3284221952,368181248,42713088,853852160
2026-04-29T17:08:41.950857,17002643456,13776617472,3226025984,19.0,12999229440,3325362176,368181248,42713088,853852160
2026-04-29T17:08:42.958065,17002643456,13765197824,3237445632,19.0,12987809792,3344662528,368181248,42713088,853852160
2026-04-29T17:08:43.963838,17002643456,13964214272,3038429184,17.9,13186826240,3120234496,368181248,42713088,853852160
2026-04-29T17:08:44.964847,17002643456,13968932864,3033710592,17.8,13191544832,3120234496,368181248,42713088,853852160
2026-04-29T17:08:45.966579,17002643456,13978959872,3023683584,17.8,13201571840,3120234496,368181248,42713088,853852160
2026-04-29T17:08:46.970205,17002643456,13923074048,3079569408,18.1,13145686016,3229908992,368181248,42713088,853852160
2026-04-29T17:08:47.977252,17002643456,13746864128,3255779328,19.1,12969476096,3386015744,368181248,42713088,853852160
2026-04-29T17:08:48.983921,17002643456,13771603968,3231039488,19.0,12994215936,3364241408,368181248,42713088,853852160
2026-04-29T17:08:49.995346,17002643456,13761036288,3241607168,19.1,12983648256,3346546688,368181248,42713088,853852160
2026-04-29T17:08:51.008993,17002643456,13932134400,3070509056,18.1,13154746368,3165372416,368181248,42713088,853852160
2026-04-29T17:08:52.021939,17002643456,13919436800,3083206656,18.1,13142048768,3199516672,368181248,42713088,853852160
2026-04-29T17:08:53.033224,17002643456,13899284480,3103358976,18.3,13121896448,3238150144,368181248,42713088,853852160
2026-04-29T17:08:54.050380,17002643456,13876658176,3125985280,18.4,13099270144,3289055232,368181248,42713088,853852160
2026-04-29T17:08:55.060667,17002643456,13944389632,3058253824,18.0,13167001600,3182034944,368181248,42713088,853852160
2026-04-29T17:08:56.070539,17002643456,13932691456,3069952000,18.1,13155303424,3209641984,368181248,42713088,853852160
2026-04-29T17:08:57.075501,17002643456,14096416768,2906226688,17.1,13319028736,3037380608,368181248,42713088,853852160
2026-04-29T17:08:58.076676,17002643456,14094942208,2907701248,17.1,13317554176,3040935936,368181248,42713088,853852160
2026-04-29T17:08:59.078429,17002643456,14100545536,2902097920,17.1,13323157504,3040935936,368181248,42713088,853852160
2026-04-29T17:09:00.080492,17002643456,14105477120,2897166336,17.0,13328089088,3042459648,368181248,42713088,853852160
2026-04-29T17:09:01.086092,17002643456,14100561920,2902081536,17.1,13323173888,3048046592,368181248,42713088,853852160
2026-04-29T17:09:02.092375,17002643456,14092238848,2910404608,17.1,13314850816,3090366464,368181248,42713088,853852160
2026-04-29T17:09:03.100643,17002643456,14017970176,2984673280,17.6,13240582144,3154706432,368181248,42713088,853852160
2026-04-29T17:09:04.109080,17002643456,14004207616,2998435840,17.6,13226819584,3166830592,368181248,42713088,853852160
2026-04-29T17:09:05.113973,17002643456,13955301376,3047342080,17.9,13177913344,3213656064,368181248,42713088,853852160
2026-04-29T17:09:06.125491,17002643456,14110900224,2891743232,17.0,13333512192,2989768704,368181248,42713088,853852160
2026-04-29T17:09:07.142471,17002643456,14117650432,2884993024,17.0,13340262400,2966749184,368181248,42713088,853852160
2026-04-29T17:09:08.152483,17002643456,14162444288,2840199168,16.7,13385056256,2962145280,368181248,42713088,853852160
2026-04-29T17:09:09.155942,17002643456,14055538688,2947104768,17.3,13278150656,3064528896,368181248,42713088,853852160
2026-04-29T17:09:10.157433,17002643456,14150352896,2852290560,16.8,13372964864,2949414912,368181248,42713088,853852160
2026-04-29T17:09:11.158435,17002643456,14152335360,2850308096,16.8,13374947328,2949414912,368181248,42713088,853852160
2026-04-29T17:09:12.159687,17002643456,14188183552,2814459904,16.6,13410795520,2956640256,368181248,42713088,853852160
2026-04-29T17:09:13.162046,17002643456,14174912512,2827730944,16.6,13397524480,2974416896,368181248,42713088,853852160
2026-04-29T17:09:14.165835,17002643456,14174912512,2827730944,16.6,13397524480,2974416896,368181248,42713088,853852160
2026-04-29T17:09:15.171136,17002643456,14176845824,2825797632,16.6,13399457792,2955853824,368181248,42713088,853852160
2026-04-29T17:09:16.187568,17002643456,14076854272,2925789184,17.2,13299466240,3083780096,368181248,42713088,853852160
2026-04-29T17:09:17.194414,17002643456,13959151616,3043491840,17.9,13181763584,3184607232,368181248,42713088,853852160
2026-04-29T17:09:18.197082,17002643456,13839925248,3162718208,18.6,13062537216,3315204096,368181248,42713088,853852160
2026-04-29T17:09:19.206723,17002643456,13779992576,3222650880,19.0,13002604544,3283320832,368181248,42713088,853852160
2026-04-29T17:09:20.216151,17002643456,13771571200,3231072256,19.0,12994183168,3307700224,368181248,42713088,853852160
2026-04-29T17:09:21.220453,17002643456,13908672512,3093970944,18.2,13131284480,3121364992,368181248,42713088,853852160
2026-04-29T17:09:22.223491,17002643456,14129627136,2873016320,16.9,13352239104,2923986944,368181248,42713088,853852160
2026-04-29T17:09:23.230474,17002643456,14117404672,2885238784,17.0,13340016640,2959818752,368181248,42713088,853852160
2026-04-29T17:09:24.231473,17002643456,14120075264,2882568192,17.0,13342687232,2959818752,368181248,42713088,853852160
2026-04-29T17:09:25.233104,17002643456,14129168384,2873475072,16.9,13351780352,2959818752,368181248,42713088,853852160
2026-04-29T17:09:26.236177,17002643456,14113046528,2889596928,17.0,13335658496,3036463104,368181248,42713088,853852160
2026-04-29T17:09:27.239943,17002643456,14065860608,2936782848,17.3,13288472576,3085352960,368181248,42713088,853852160
2026-04-29T17:09:28.245222,17002643456,14119403520,2883239936,17.0,13342015488,3008135168,368181248,42713088,853852160
2026-04-29T17:09:29.252674,17002643456,13996769280,3005874176,17.7,13219381248,3122839552,368181248,42713088,853852160
2026-04-29T17:09:30.263148,17002643456,13953777664,3048865792,17.9,13176389632,3170582528,368181248,42713088,853852160
2026-04-29T17:09:31.272543,17002643456,13888897024,3113746432,18.3,13111508992,3214082048,368181248,42713088,853852160
2026-04-29T17:09:32.282652,17002643456,14027456512,2975186944,17.5,13250068480,2990555136,368181248,42713088,853852160
2026-04-29T17:09:33.290543,17002643456,14030323712,2972319744,17.5,13252935680,3013066752,368181248,42713088,853852160
2026-04-29T17:09:34.297547,17002643456,14165950464,2836692992,16.7,13388562432,2898640896,368181248,42713088,853852160
2026-04-29T17:09:35.299193,17002643456,14145552384,2857091072,16.8,13368164352,2999418880,368181248,42713088,853852160
2026-04-29T17:09:36.300834,17002643456,14127857664,2874785792,16.9,13350469632,3034972160,368181248,42713088,853852160
2026-04-29T17:09:37.301819,17002643456,14127857664,2874785792,16.9,13350469632,3034972160,368181248,42713088,853852160
2026-04-29T17:09:38.303629,17002643456,14209777664,2792865792,16.4,13432389632,2941976576,368181248,42713088,853852160
2026-04-29T17:09:39.307148,17002643456,14132363264,2870280192,16.9,13354975232,3038806016,368181248,42713088,853852160
2026-04-29T17:09:40.310644,17002643456,14066499584,2936143872,17.3,13289111552,3086745600,368181248,42713088,853852160
2026-04-29T17:09:41.315902,17002643456,14107066368,2895577088,17.0,13329678336,3035693056,368181248,42713088,853852160
2026-04-29T17:09:42.327943,17002643456,13994016768,3008626688,17.7,13216628736,3128147968,368181248,42713088,853852160
2026-04-29T17:09:43.335515,17002643456,13979516928,3023126528,17.8,13202128896,3149873152,368181248,42713088,853852160
2026-04-29T17:09:44.340355,17002643456,13929381888,3073261568,18.1,13151993856,3194077184,368181248,42713088,853852160
2026-04-29T17:09:45.346497,17002643456,13996720128,3005923328,17.7,13219332096,3075719168,368181248,42713088,853852160
2026-04-29T17:09:46.354052,17002643456,13974847488,3027795968,17.8,13197459456,3118874624,368181248,42713088,853852160
2026-04-29T17:09:47.360601,17002643456,13946339328,3056304128,18.0,13168951296,3163062272,368181248,42713088,853852160
2026-04-29T17:09:48.364845,17002643456,13892026368,3110617088,18.3,13114638336,3270180864,368181248,42713088,853852160
2026-04-29T17:09:49.368065,17002643456,13872578560,3130064896,18.4,13095190528,3223928832,368181248,42713088,853852160
2026-04-29T17:09:50.369081,17002643456,13872578560,3130064896,18.4,13095190528,3223928832,368181248,42713088,853852160
2026-04-29T17:09:51.370509,17002643456,13876903936,3125739520,18.4,13099515904,3223928832,368181248,42713088,853852160
2026-04-29T17:09:52.373080,17002643456,13795803136,3206840320,18.9,13018415104,3347496960,368181248,42713088,853852160
2026-04-29T17:09:53.380019,17002643456,13857980416,3144663040,18.5,13080592384,3253878784,368181248,42713088,853852160
2026-04-29T17:09:54.385789,17002643456,13945683968,3056959488,18.0,13168295936,3138240512,368181248,42713088,853852160
2026-04-29T17:09:55.397222,17002643456,14019985408,2982658048,17.5,13242597376,3069739008,368181248,42713088,853852160
2026-04-29T17:09:56.401927,17002643456,14060699648,2941943808,17.3,13283311616,3042721792,368181248,42713088,853852160
2026-04-29T17:09:57.409987,17002643456,14115913728,2886729728,17.0,13338525696,3031318528,368181248,42713088,853852160
2026-04-29T17:09:58.419850,17002643456,14084423680,2918219776,17.2,13307035648,3092840448,368181248,42713088,853852160
2026-04-29T17:09:59.426166,17002643456,14010728448,2991915008,17.6,13233340416,3141910528,368181248,42713088,853852160
2026-04-29T17:10:00.435921,17002643456,13989838848,3012804608,17.7,13212450816,3166158848,368181248,42713088,853852160
2026-04-29T17:10:01.439185,17002643456,14113914880,2888728576,17.0,13336526848,3045769216,368181248,42713088,853852160
2026-04-29T17:10:02.440246,17002643456,14094254080,2908389376,17.1,13316866048,3041574912,368181248,42713088,853852160
2026-04-29T17:10:03.441260,17002643456,14094254080,2908389376,17.1,13316866048,3041574912,368181248,42713088,853852160
2026-04-29T17:10:04.446353,17002643456,14089830400,2912813056,17.1,13312442368,3046653952,368181248,42713088,853852160
2026-04-29T17:10:05.449679,17002643456,13984841728,3017801728,17.7,13207453696,3182739456,368181248,42713088,853852160
2026-04-29T17:10:06.452566,17002643456,13901987840,3100655616,18.2,13124599808,3235790848,368181248,42713088,853852160
2026-04-29T17:10:07.458812,17002643456,14074363904,2928279552,17.2,13296975872,3024879616,368181248,42713088,853852160
2026-04-29T17:10:08.463563,17002643456,14079705088,2922938368,17.2,13302317056,2998976512,368181248,42713088,853852160
2026-04-29T17:10:09.469525,17002643456,14041612288,2961031168,17.4,13264224256,3072409600,368181248,42713088,853852160
2026-04-29T17:10:10.487888,17002643456,14013841408,2988802048,17.6,13236453376,3129802752,368181248,42713088,853852160
2026-04-29T17:10:11.492624,17002643456,13946748928,3055894528,18.0,13169360896,3177185280,368181248,42713088,853852160
2026-04-29T17:10:12.497457,17002643456,13946748928,3055894528,18.0,13169360896,3177185280,368181248,42713088,853852160
2026-04-29T17:10:13.505100,17002643456,14009286656,2993356800,17.6,13231898624,3107258368,368181248,42713088,853852160
2026-04-29T17:10:14.508812,17002643456,14020198400,2982445056,17.5,13242810368,3086598144,368181248,42713088,853852160
2026-04-29T17:10:15.510337,17002643456,14009253888,2993389568,17.6,13231865856,3096133632,368181248,42713088,853852160
2026-04-29T17:10:16.528570,17002643456,14011121664,2991521792,17.6,13233733632,3096133632,368181248,42713088,853852160
2026-04-29T17:10:17.577440,17002643456,14011990016,2990653440,17.6,13234601984,3119857664,368181248,42713088,853852160
2026-04-29T17:10:18.624993,17002643456,13849542656,3153100800,18.5,13072154624,3292413952,368181248,42713088,853852160
2026-04-29T17:10:19.663763,17002643456,13823492096,3179151360,18.7,13046104064,3339141120,368181248,42713088,853852160
2026-04-29T17:10:20.687687,17002643456,13997342720,3005300736,17.7,13219954688,3119857664,368181248,42713088,853852160
2026-04-29T17:10:21.720497,17002643456,13836386304,3166257152,18.6,13058981888,3302621184,368197632,42729472,853852160
2026-04-29T17:10:22.751308,17002643456,13778386944,3224256512,19.0,13000982528,3341762560,368197632,42729472,853852160
2026-04-29T17:10:23.756516,17002643456,13735133184,3267510272,19.2,12957728768,3337502720,368197632,42729472,853852160
2026-04-29T17:10:24.762754,17002643456,13734150144,3268493312,19.2,12956745728,3347234816,368197632,42729472,853852160
2026-04-29T17:10:25.765637,17002643456,13909540864,3093102592,18.2,13132136448,3148267520,368197632,42729472,853852160
2026-04-29T17:10:26.771099,17002643456,13920239616,3082403840,18.1,13142835200,3148283904,368197632,42729472,853852160
2026-04-29T17:10:27.778324,17002643456,13931937792,3070705664,18.1,13154533376,3157180416,368197632,42729472,853852160
2026-04-29T17:10:28.780037,17002643456,13954547712,3048095744,17.9,13177143296,3156672512,368197632,42729472,853852160
2026-04-29T17:10:29.782248,17002643456,13955940352,3046703104,17.9,13178535936,3156672512,368197632,42729472,853852160
2026-04-29T17:10:30.786291,17002643456,13963853824,3038789632,17.9,13186449408,3146940416,368197632,42729472,853852160
2026-04-29T17:10:31.790712,17002643456,14043512832,2959130624,17.4,13266108416,3085844480,368197632,42729472,853852160
2026-04-29T17:10:32.795710,17002643456,14046560256,2956083200,17.4,13269155840,3106586624,368197632,42729472,853852160
2026-04-29T17:10:33.808663,17002643456,14033846272,2968797184,17.5,13256441856,3119136768,368197632,42729472,853852160
2026-04-29T17:10:34.823673,17002643456,14104707072,2897936384,17.0,13327302656,3041198080,368197632,42729472,853852160
2026-04-29T17:10:35.835505,17002643456,14053113856,2949529600,17.3,13275709440,3116187648,368197632,42729472,853852160
2026-04-29T17:10:36.842931,17002643456,13988478976,3014164480,17.7,13211074560,3192373248,368197632,42729472,853852160
2026-04-29T17:10:37.868109,17002643456,13926547456,3076096000,18.1,13149143040,3242065920,368197632,42729472,853852160
2026-04-29T17:10:38.889137,17002643456,13916471296,3086172160,18.2,13139066880,3251208192,368197632,42729472,853852160
2026-04-29T17:10:39.895089,17002643456,14078738432,2923905024,17.2,13301334016,3068608512,368197632,42729472,853852160
2026-04-29T17:10:40.898974,17002643456,14078738432,2923905024,17.2,13301334016,3069755392,368197632,42729472,853852160
2026-04-29T17:10:41.900301,17002643456,14079311872,2923331584,17.2,13301907456,3069755392,368197632,42729472,853852160
2026-04-29T17:10:42.902220,17002643456,14081310720,2921332736,17.2,13303906304,3069755392,368197632,42729472,853852160
2026-04-29T17:10:43.903770,17002643456,14044119040,2958524416,17.4,13266714624,3142746112,368197632,42729472,853852160
2026-04-29T17:10:44.909172,17002643456,13933035520,3069607936,18.1,13155631104,3248062464,368197632,42729472,853852160
2026-04-29T17:10:45.914632,17002643456,13912473600,3090169856,18.2,13135069184,3240968192,368197632,42729472,853852160
2026-04-29T17:10:46.921885,17002643456,14088601600,2914041856,17.1,13311197184,3095379968,368197632,42729472,853852160
2026-04-29T17:10:47.932202,17002643456,14044610560,2958032896,17.4,13267206144,3149807616,368197632,42729472,853852160
2026-04-29T17:10:48.941718,17002643456,13961297920,3041345536,17.9,13183893504,3228024832,368197632,42729472,853852160
2026-04-29T17:10:49.956395,17002643456,13915734016,3086909440,18.2,13138329600,3195453440,368197632,42729472,853852160
2026-04-29T17:10:50.963634,17002643456,13909835776,3092807680,18.2,13132431360,3222175744,368197632,42729472,853852160
2026-04-29T17:10:51.970155,17002643456,14082899968,2919743488,17.2,13305495552,3049996288,368197632,42729472,853852160
2026-04-29T17:10:52.979407,17002643456,14092140544,2910502912,17.1,13314736128,3022880768,368197632,42729472,853852160
2026-04-29T17:10:53.981276,17002643456,14129610752,2873032704,16.9,13352206336,2996781056,368197632,42729472,853852160
2026-04-29T17:10:54.982474,17002643456,14132920320,2869723136,16.9,13355515904,2996781056,368197632,42729472,853852160
2026-04-29T17:10:55.983844,17002643456,14138310656,2864332800,16.8,13360906240,2996781056,368197632,42729472,853852160
2026-04-29T17:10:56.986299,17002643456,14171668480,2830974976,16.7,13394264064,2966093824,368197632,42729472,853852160
2026-04-29T17:10:57.991380,17002643456,14155202560,2847440896,16.7,13377798144,3027812352,368197632,42729472,853852160
2026-04-29T17:10:58.993106,17002643456,14023475200,2979168256,17.5,13246070784,3136765952,368197632,42729472,853852160
2026-04-29T17:11:00.004998,17002643456,13979729920,3022913536,17.8,13202325504,3182395392,368197632,42729472,853852160
2026-04-29T17:11:01.013698,17002643456,13967687680,3034955776,17.8,13190283264,3174596608,368197632,42729472,853852160
2026-04-29T17:11:02.024704,17002643456,13967687680,3034955776,17.8,13190283264,3174596608,368197632,42729472,853852160
2026-04-29T17:11:03.030668,17002643456,13977796608,3024846848,17.8,13200392192,3177578496,368197632,42729472,853852160
2026-04-29T17:11:04.041239,17002643456,14024015872,2978627584,17.5,13246611456,3113828352,368197632,42729472,853852160
2026-04-29T17:11:05.048013,17002643456,14045855744,2956787712,17.4,13268451328,3104129024,368197632,42729472,853852160
2026-04-29T17:11:06.059183,17002643456,14174568448,2828075008,16.6,13397164032,3006513152,368197632,42729472,853852160
2026-04-29T17:11:07.060461,17002643456,14121353216,2881290240,16.9,13343948800,3041165312,368197632,42729472,853852160
2026-04-29T17:11:08.061509,17002643456,14121353216,2881290240,16.9,13343948800,3041165312,368197632,42729472,853852160
2026-04-29T17:11:09.062984,17002643456,14121664512,2880978944,16.9,13344260096,3041165312,368197632,42729472,853852160
2026-04-29T17:11:10.065751,17002643456,14193573888,2809069568,16.5,13416169472,2949021696,368197632,42729472,853852160
2026-04-29T17:11:11.069870,17002643456,14137671680,2864971776,16.9,13360267264,3025043456,368197632,42729472,853852160
2026-04-29T17:11:12.080920,17002643456,13963296768,3039346688,17.9,13185892352,3160997888,368197632,42729472,853852160
2026-04-29T17:11:13.099751,17002643456,13866713088,3135930368,18.4,13089308672,3259727872,368197632,42729472,853852160
2026-04-29T17:11:14.104902,17002643456,13849182208,3153461248,18.5,13071777792,3185082368,368197632,42729472,853852160
2026-04-29T17:11:15.117749,17002643456,13844004864,3158638592,18.6,13066600448,3192963072,368197632,42729472,853852160
2026-04-29T17:11:16.130123,17002643456,13996457984,3006185472,17.7,13219053568,3071655936,368197632,42729472,853852160
2026-04-29T17:11:17.137433,17002643456,13992378368,3010265088,17.7,13214973952,3038347264,368197632,42729472,853852160
2026-04-29T17:11:18.160307,17002643456,13995442176,3007201280,17.7,13218037760,3069067264,368197632,42729472,853852160
2026-04-29T17:11:19.166818,17002643456,14014988288,2987655168,17.6,13237583872,3080699904,368197632,42729472,853852160
2026-04-29T17:11:20.169807,17002643456,14020706304,2981937152,17.5,13243301888,3080699904,368197632,42729472,853852160
2026-04-29T17:11:21.170813,17002643456,14027407360,2975236096,17.5,13250002944,3080699904,368197632,42729472,853852160
2026-04-29T17:11:22.172347,17002643456,14051016704,2951626752,17.4,13273612288,3080699904,368197632,42729472,853852160
2026-04-29T17:11:23.175070,17002643456,14056374272,2946269184,17.3,13278969856,3080699904,368197632,42729472,853852160
2026-04-29T17:11:24.179064,17002643456,14059487232,2943156224,17.3,13282082816,3080699904,368197632,42729472,853852160
2026-04-29T17:11:25.183636,17002643456,14060584960,2942058496,17.3,13283180544,3096133632,368197632,42729472,853852160
2026-04-29T17:11:26.188576,17002643456,14002225152,3000418304,17.6,13224820736,3172696064,368197632,42729472,853852160
2026-04-29T17:11:27.199298,17002643456,13921370112,3081273344,18.1,13143965696,3221422080,368197632,42729472,853852160
2026-04-29T17:11:28.206749,17002643456,13922254848,3080388608,18.1,13144850432,3221422080,368197632,42729472,853852160
2026-04-29T17:11:29.229458,17002643456,13900660736,3101982720,18.2,13123256320,3244457984,368197632,42729472,853852160
2026-04-29T17:11:30.234163,17002643456,14091878400,2910765056,17.1,13314473984,3057434624,368197632,42729472,853852160
2026-04-29T17:11:31.242176,17002643456,14091272192,2911371264,17.1,13313867776,3063889920,368197632,42729472,853852160
2026-04-29T17:11:32.252062,17002643456,14084816896,2917826560,17.2,13307412480,3083370496,368197632,42729472,853852160
2026-04-29T17:11:33.255486,17002643456,14085865472,2916777984,17.2,13308461056,3084976128,368197632,42729472,853852160
2026-04-29T17:11:34.256483,17002643456,14085898240,2916745216,17.2,13308493824,3084976128,368197632,42729472,853852160
2026-04-29T17:11:35.261108,17002643456,13938573312,3064070144,18.0,13161168896,3208085504,368197632,42729472,853852160
2026-04-29T17:11:36.263570,17002643456,14017462272,2985181184,17.6,13240057856,3121594368,368197632,42729472,853852160
2026-04-29T17:11:37.267658,17002643456,14012317696,2990325760,17.6,13234913280,3141140480,368197632,42729472,853852160
2026-04-29T17:11:38.275215,17002643456,13997309952,3005333504,17.7,13219905536,3150839808,368197632,42729472,853852160
2026-04-29T17:11:39.279490,17002643456,13990690816,3011952640,17.7,13213286400,3165044736,368197632,42729472,853852160
2026-04-29T17:11:40.289836,17002643456,14031912960,2970730496,17.5,13254508544,3066281984,368197632,42729472,853852160
2026-04-29T17:11:41.304338,17002643456,14038581248,2964062208,17.4,13261176832,3082518528,368197632,42729472,853852160
2026-04-29T17:11:42.311811,17002643456,14032273408,2970370048,17.5,13254868992,3097591808,368197632,42729472,853852160
2026-04-29T17:11:43.327685,17002643456,14094843904,2907799552,17.1,13317439488,3073982464,368197632,42729472,853852160
2026-04-29T17:11:44.334038,17002643456,14052081664,2950561792,17.4,13274677248,3138994176,368197632,42729472,853852160
2026-04-29T17:11:45.340059,17002643456,13872922624,3129720832,18.4,13095518208,3265036288,368197632,42729472,853852160
2026-04-29T17:11:46.343603,17002643456,13914079232,3088564224,18.2,13136674816,3174678528,368197632,42729472,853852160
2026-04-29T17:11:47.344615,17002643456,13914079232,3088564224,18.2,13136674816,3174678528,368197632,42729472,853852160
2026-04-29T17:11:48.346278,17002643456,13911736320,3090907136,18.2,13134315520,3174678528,368197632,42729472,853868544
2026-04-29T17:11:49.351821,17002643456,13987053568,3015589888,17.7,13209632768,3153330176,368197632,42729472,853868544
2026-04-29T17:11:50.356550,17002643456,13914308608,3088334848,18.2,13136887808,3221225472,368197632,42729472,853868544
2026-04-29T17:11:51.361145,17002643456,14028079104,2974564352,17.5,13250658304,3117924352,368197632,42729472,853868544
2026-04-29T17:11:52.365669,17002643456,13935427584,3067215872,18.0,13158006784,3202875392,368197632,42729472,853868544
2026-04-29T17:11:53.374827,17002643456,13868089344,3134554112,18.4,13090668544,3256713216,368197632,42729472,853868544
2026-04-29T17:11:54.382834,17002643456,13863829504,3138813952,18.5,13086408704,3234971648,368197632,42729472,853868544
2026-04-29T17:11:55.399689,17002643456,14013284352,2989359104,17.6,13235863552,3111190528,368197632,42729472,853868544
2026-04-29T17:11:56.409204,17002643456,13987201024,3015442432,17.7,13209780224,3134046208,368197632,42729472,853868544
2026-04-29T17:11:57.412293,17002643456,13871202304,3131441152,18.4,13093781504,3282255872,368197632,42729472,853868544
2026-04-29T17:11:58.423316,17002643456,13711458304,3291185152,19.4,12934037504,3388407808,368197632,42729472,853868544
2026-04-29T17:11:59.425962,17002643456,13780926464,3221716992,18.9,13003505664,3273850880,368197632,42729472,853868544
2026-04-29T17:12:00.426987,17002643456,13783498752,3219144704,18.9,13006077952,3273850880,368197632,42729472,853868544
2026-04-29T17:12:01.428820,17002643456,13929299968,3073343488,18.1,13151879168,3143254016,368197632,42729472,853868544
2026-04-29T17:12:02.431326,17002643456,13928546304,3074097152,18.1,13151125504,3143254016,368197632,42729472,853868544
2026-04-29T17:12:03.434444,17002643456,13896105984,3106537472,18.3,13118685184,3225927680,368197632,42729472,853868544
2026-04-29T17:12:04.438329,17002643456,14056783872,2945859584,17.3,13279363072,2994798592,368197632,42729472,853868544
2026-04-29T17:12:05.443118,17002643456,14132674560,2869968896,16.9,13355253760,2925035520,368197632,42729472,853868544
2026-04-29T17:12:06.447017,17002643456,14158233600,2844409856,16.7,13380812800,2914975744,368197632,42729472,853868544
2026-04-29T17:12:07.450476,17002643456,14136328192,2866315264,16.9,13358907392,3020931072,368197632,42729472,853868544
2026-04-29T17:12:08.459306,17002643456,14124040192,2878603264,16.9,13346619392,3053518848,368197632,42729472,853868544
2026-04-29T17:12:09.467337,17002643456,13961347072,3041296384,17.9,13183926272,3201286144,368197632,42729472,853868544
2026-04-29T17:12:10.479096,17002643456,13872381952,3130261504,18.4,13094961152,3288465408,368197632,42729472,853868544
2026-04-29T17:12:11.484156,17002643456,13819543552,3183099904,18.7,13042122752,3262218240,368197632,42729472,853868544
2026-04-29T17:12:12.485900,17002643456,13886128128,3116515328,18.3,13108707328,3145056256,368197632,42729472,853868544
2026-04-29T17:12:13.486916,17002643456,13891354624,3111288832,18.3,13113933824,3145056256,368197632,42729472,853868544
2026-04-29T17:12:14.488584,17002643456,13901168640,3101474816,18.2,13123747840,3145433088,368197632,42729472,853868544
2026-04-29T17:12:15.490567,17002643456,13986856960,3015786496,17.7,13209436160,3021373440,368197632,42729472,853868544
2026-04-29T17:12:16.494026,17002643456,13996769280,3005874176,17.7,13219348480,3030925312,368197632,42729472,853868544
2026-04-29T17:12:17.499501,17002643456,14029881344,2972762112,17.5,13252460544,3069231104,368197632,42729472,853868544
2026-04-29T17:12:18.504382,17002643456,14023983104,2978660352,17.5,13246562304,3080912896,368197632,42729472,853868544
2026-04-29T17:12:19.513121,17002643456,14023983104,2978660352,17.5,13246562304,3091578880,368197632,42729472,853868544
2026-04-29T17:12:20.515808,17002643456,14027292672,2975350784,17.5,13249871872,3092774912,368197632,42729472,853868544
2026-04-29T17:12:21.527107,17002643456,14129201152,2873442304,16.9,13351780352,3001892864,368197632,42729472,853868544
2026-04-29T17:12:22.533429,17002643456,14124040192,2878603264,16.9,13346619392,3024961536,368197632,42729472,853868544
2026-04-29T17:12:23.544736,17002643456,14106542080,2896101376,17.0,13329121280,3090857984,368197632,42729472,853868544
2026-04-29T17:12:24.550150,17002643456,14036664320,2965979136,17.4,13259243520,3140550656,368197632,42729472,853868544
2026-04-29T17:12:25.551690,17002643456,13980680192,3021963264,17.8,13203259392,3157966848,368197632,42729472,853868544
2026-04-29T17:12:26.552686,17002643456,13980680192,3021963264,17.8,13203259392,3157966848,368197632,42729472,853868544
2026-04-29T17:12:27.556281,17002643456,13968818176,3033825280,17.8,13191397376,3180298240,368197632,42729472,853868544
2026-04-29T17:12:28.559734,17002643456,14119600128,2883043328,17.0,13342179328,3035267072,368197632,42729472,853868544
2026-04-29T17:12:29.562527,17002643456,14160969728,2841673728,16.7,13383548928,3003744256,368197632,42729472,853868544
2026-04-29T17:12:30.565132,17002643456,14149222400,2853421056,16.8,13371801600,3018424320,368197632,42729472,853868544
2026-04-29T17:12:31.573644,17002643456,14072545280,2930098176,17.2,13295124480,3114418176,368197632,42729472,853868544
2026-04-29T17:12:32.581865,17002643456,14090027008,2912616448,17.1,13312606208,3085254656,368197632,42729472,853868544
2026-04-29T17:12:33.592062,17002643456,14047657984,2954985472,17.4,13270237184,3131965440,368197632,42729472,853868544
2026-04-29T17:12:34.607298,17002643456,14219902976,2782740480,16.4,13442482176,2934177792,368197632,42729472,853868544
2026-04-29T17:12:35.618002,17002643456,14219935744,2782707712,16.4,13442514944,2912550912,368197632,42729472,853868544
2026-04-29T17:12:36.624514,17002643456,14220328960,2782314496,16.4,13442908160,2927656960,368197632,42729472,853868544
2026-04-29T17:12:37.631936,17002643456,14221524992,2781118464,16.4,13444104192,2928672768,368197632,42729472,853868544
2026-04-29T17:12:38.633392,17002643456,14223523840,2779119616,16.3,13446103040,2959114240,368197632,42729472,853868544
2026-04-29T17:12:39.634410,17002643456,14223523840,2779119616,16.3,13446103040,2959114240,368197632,42729472,853868544
2026-04-29T17:12:40.635672,17002643456,14224687104,2777956352,16.3,13447266304,2959114240,368197632,42729472,853868544
2026-04-29T17:12:41.637571,17002643456,14221049856,2781593600,16.4,13443629056,2973466624,368197632,42729472,853868544
2026-04-29T17:12:42.639728,17002643456,14162313216,2840330240,16.7,13384892416,3032383488,368197632,42729472,853868544
2026-04-29T17:12:43.643674,17002643456,14116601856,2886041600,17.0,13339181056,3050323968,368197632,42729472,853868544
2026-04-29T17:12:44.650039,17002643456,14100135936,2902507520,17.1,13322715136,3076096000,368197632,42729472,853868544
2026-04-29T17:12:45.656403,17002643456,14035009536,2967633920,17.5,13257588736,3158540288,368197632,42729472,853868544
2026-04-29T17:12:46.665472,17002643456,13958578176,3044065280,17.9,13181157376,3189211136,368197632,42729472,853868544
2026-04-29T17:12:47.677471,17002643456,13930807296,3071836160,18.1,13153386496,3246112768,368197632,42729472,853868544
2026-04-29T17:12:48.685762,17002643456,13930807296,3071836160,18.1,13153386496,3246620672,368197632,42729472,853868544
2026-04-29T17:12:49.694029,17002643456,14176894976,2825748480,16.6,13399474176,2962030592,368197632,42729472,853868544
2026-04-29T17:12:50.699233,17002643456,14133886976,2868756480,16.9,13356466176,3034824704,368197632,42729472,853868544
2026-04-29T17:12:51.701525,17002643456,14095597568,2907045888,17.1,13318176768,3051126784,368197632,42729472,853868544
2026-04-29T17:12:52.702537,17002643456,14095597568,2907045888,17.1,13318176768,3051126784,368197632,42729472,853868544
2026-04-29T17:12:53.704818,17002643456,14095777792,2906865664,17.1,13318356992,3051126784,368197632,42729472,853868544
2026-04-29T17:12:54.708315,17002643456,13939228672,3063414784,18.0,13161807872,3227779072,368197632,42729472,853868544
2026-04-29T17:12:55.713112,17002643456,13825196032,3177447424,18.7,13047775232,3315040256,368197632,42729472,853868544
2026-04-29T17:12:56.718266,17002643456,13803044864,3199598592,18.8,13025624064,3298639872,368197632,42729472,853868544
2026-04-29T17:12:57.723387,17002643456,13731037184,3271606272,19.2,12953616384,3393765376,368197632,42729472,853868544
2026-04-29T17:12:58.737355,17002643456,13742587904,3260055552,19.2,12965167104,3370991616,368197632,42729472,853868544
2026-04-29T17:12:59.743664,17002643456,13776388096,3226255360,19.0,12998967296,3352805376,368197632,42729472,853868544
2026-04-29T17:13:00.755136,17002643456,13965672448,3036971008,17.9,13188251648,3167059968,368197632,42729472,853868544
2026-04-29T17:13:01.762213,17002643456,13954367488,3048275968,17.9,13176946688,3183050752,368197632,42729472,853868544
2026-04-29T17:13:02.778279,17002643456,13946011648,3056631808,18.0,13168590848,3211493376,368197632,42729472,853868544
2026-04-29T17:13:03.781026,17002643456,13942816768,3059826688,18.0,13165395968,3221143552,368197632,42729472,853868544
2026-04-29T17:13:04.783397,17002643456,13925859328,3076784128,18.1,13148438528,3246538752,368197632,42729472,853868544
2026-04-29T17:13:05.784402,17002643456,13925859328,3076784128,18.1,13148438528,3246538752,368197632,42729472,853868544
2026-04-29T17:13:06.785808,17002643456,13747208192,3255435264,19.1,12969787392,3430498304,368197632,42729472,853868544
2026-04-29T17:13:07.788175,17002643456,13734182912,3268460544,19.2,12956762112,3376005120,368197632,42729472,853868544
2026-04-29T17:13:08.797217,17002643456,13732741120,3269902336,19.2,12955320320,3383918592,368197632,42729472,853868544
2026-04-29T17:13:09.801096,17002643456,13807321088,3195322368,18.8,13029900288,3316203520,368197632,42729472,853868544
2026-04-29T17:13:10.806615,17002643456,13767016448,3235627008,19.0,12989595648,3395256320,368197632,42729472,853868544
2026-04-29T17:13:11.812327,17002643456,13755219968,3247423488,19.1,12977799168,3407429632,368197632,42729472,853868544
2026-04-29T17:13:12.815729,17002643456,13733888000,3268755456,19.2,12956467200,3442491392,368197632,42729472,853868544
2026-04-29T17:13:13.822289,17002643456,13890879488,3111763968,18.3,13113458688,3287531520,368197632,42729472,853868544
2026-04-29T17:13:14.836720,17002643456,13872693248,3129950208,18.4,13095272448,3314450432,368197632,42729472,853868544
2026-04-29T17:13:15.849056,17002643456,13889257472,3113385984,18.3,13111836672,3286876160,368197632,42729472,853868544
2026-04-29T17:13:16.853131,17002643456,13799555072,3203088384,18.8,13022134272,3361423360,368197632,42729472,853868544
2026-04-29T17:13:17.854456,17002643456,13783351296,3219292160,18.9,13005930496,3282452480,368197632,42729472,853868544
2026-04-29T17:13:18.855526,17002643456,13783498752,3219144704,18.9,13006077952,3282452480,368197632,42729472,853868544
2026-04-29T17:13:19.857633,17002643456,13904773120,3097870336,18.2,13127352320,3222814720,368197632,42729472,853868544
2026-04-29T17:13:20.859793,17002643456,13924909056,3077734400,18.1,13147488256,3177431040,368197632,42729472,853868544
2026-04-29T17:13:21.864278,17002643456,13928022016,3074621440,18.1,13150601216,3151036416,368197632,42729472,853868544
2026-04-29T17:13:22.868971,17002643456,13931626496,3071016960,18.1,13154205696,3151036416,368197632,42729472,853868544
2026-04-29T17:13:23.877678,17002643456,13958791168,3043852288,17.9,13181370368,3151036416,368197632,42729472,853868544
2026-04-29T17:13:24.886072,17002643456,14054998016,2947645440,17.3,13277577216,3101147136,368197632,42729472,853868544
2026-04-29T17:13:25.900730,17002643456,14041481216,2961162240,17.4,13264060416,3160571904,368197632,42729472,853868544
2026-04-29T17:13:26.907284,17002643456,13975371776,3027271680,17.8,13197950976,3190276096,368197632,42729472,853868544
2026-04-29T17:13:27.919827,17002643456,13963575296,3039068160,17.9,13186154496,3214147584,368197632,42729472,853868544
2026-04-29T17:13:28.927685,17002643456,13958660096,3043983360,17.9,13181239296,3226337280,368197632,42729472,853868544
2026-04-29T17:13:29.935678,17002643456,14044184576,2958458880,17.4,13266763776,3136372736,368197632,42729472,853868544
2026-04-29T17:13:30.937522,17002643456,14014447616,2988195840,17.6,13237026816,3175989248,368197632,42729472,853868544
2026-04-29T17:13:31.938511,17002643456,14014447616,2988195840,17.6,13237026816,3175989248,368197632,42729472,853868544
2026-04-29T17:13:32.940108,17002643456,14014840832,2987802624,17.6,13237420032,3175989248,368197632,42729472,853868544
2026-04-29T17:13:33.942002,17002643456,14091829248,2910814208,17.1,13314408448,3081764864,368197632,42729472,853868544
2026-04-29T17:13:34.945177,17002643456,14088634368,2914009088,17.1,13311213568,3096592384,368197632,42729472,853868544
2026-04-29T17:13:35.952831,17002643456,14016872448,2985771008,17.6,13239451648,3186409472,368197632,42729472,853868544
2026-04-29T17:13:36.962001,17002643456,13913899008,3088744448,18.2,13136478208,3276128256,368197632,42729472,853868544
2026-04-29T17:13:37.968373,17002643456,13885390848,3117252608,18.3,13107970048,3297460224,368197632,42729472,853868544
2026-04-29T17:13:38.980101,17002643456,13770375168,3232268288,19.0,12992954368,3357655040,368197632,42729472,853868544
2026-04-29T17:13:39.989094,17002643456,13823787008,3178856448,18.7,13046366208,3280814080,368197632,42729472,853868544
2026-04-29T17:13:41.000101,17002643456,13783334912,3219308544,18.9,13005914112,3371892736,368197632,42729472,853868544
2026-04-29T17:13:42.012938,17002643456,13740883968,3261759488,19.2,12963463168,3405529088,368197632,42729472,853868544
2026-04-29T17:13:43.015277,17002643456,13663469568,3339173888,19.6,12886048768,3527409664,368197632,42729472,853868544
2026-04-29T17:13:44.018677,17002643456,13888323584,3114319872,18.3,13110902784,3215966208,368197632,42729472,853868544
2026-04-29T17:13:45.019682,17002643456,13888323584,3114319872,18.3,13110902784,3215966208,368197632,42729472,853868544
2026-04-29T17:13:46.020998,17002643456,13892452352,3110191104,18.3,13115031552,3215966208,368197632,42729472,853868544
2026-04-29T17:13:47.022833,17002643456,13831798784,3170844672,18.6,13054377984,3321528320,368197632,42729472,853868544
2026-04-29T17:13:48.027849,17002643456,13780926464,3221716992,18.9,13003505664,3345432576,368197632,42729472,853868544
2026-04-29T17:13:49.030420,17002643456,13738409984,3264233472,19.2,12960989184,3358097408,368197632,42729472,853868544
2026-04-29T17:13:50.037440,17002643456,13929807872,3072835584,18.1,13152387072,3217375232,368197632,42729472,853868544
2026-04-29T17:13:51.046528,17002643456,13946601472,3056041984,18.0,13169180672,3195584512,368197632,42729472,853868544
2026-04-29T17:13:52.049280,17002643456,13954957312,3047686144,17.9,13177536512,3169796096,368197632,42729472,853868544
2026-04-29T17:13:53.065957,17002643456,13980205056,3022438400,17.8,13202784256,3113697280,368197632,42729472,853868544
2026-04-29T17:13:54.073472,17002643456,14024343552,2978299904,17.5,13246922752,3080912896,368197632,42729472,853868544
2026-04-29T17:13:55.082282,17002643456,14068318208,2934325248,17.3,13290897408,3077128192,368197632,42729472,853868544
2026-04-29T17:13:56.089212,17002643456,14087143424,2915500032,17.1,13309722624,3083862016,368197632,42729472,853868544
2026-04-29T17:13:57.091366,17002643456,14065762304,2936881152,17.3,13288341504,3112845312,368197632,42729472,853868544
2026-04-29T17:13:58.092399,17002643456,14065860608,2936782848,17.3,13288439808,3112845312,368197632,42729472,853868544
2026-04-29T17:13:59.093934,17002643456,14098956288,2903687168,17.1,13321535488,3095035904,368197632,42729472,853868544
2026-04-29T17:14:00.096516,17002643456,13957398528,3045244928,17.9,13179977728,3232333824,368197632,42729472,853868544
2026-04-29T17:14:01.104133,17002643456,13904314368,3098329088,18.2,13126893568,3276636160,368197632,42729472,853868544
2026-04-29T17:14:02.111087,17002643456,13946961920,3055681536,18.0,13169541120,3223519232,368197632,42729472,853868544
2026-04-29T17:14:03.116512,17002643456,13934919680,3067723776,18.0,13157498880,3248898048,368197632,42729472,853868544
2026-04-29T17:14:04.122126,17002643456,13937885184,3064758272,18.0,13160464384,3222061056,368197632,42729472,853868544
2026-04-29T17:14:05.131612,17002643456,13944373248,3058270208,18.0,13166952448,3222061056,368197632,42729472,853868544
2026-04-29T17:14:06.145495,17002643456,13945929728,3056713728,18.0,13168508928,3233742848,368197632,42729472,853868544
2026-04-29T17:14:07.148907,17002643456,13941751808,3060891648,18.0,13164331008,3236790272,368197632,42729472,853868544
2026-04-29T17:14:08.156937,17002643456,13829079040,3173564416,18.7,13051658240,3351265280,368197632,42729472,853868544
2026-04-29T17:14:09.161585,17002643456,13687521280,3315122176,19.5,12910100480,3463069696,368197632,42729472,853868544
2026-04-29T17:14:10.163194,17002643456,13723254784,3279388672,19.3,12945833984,3376742400,368197632,42729472,853868544
2026-04-29T17:14:11.164242,17002643456,13723254784,3279388672,19.3,12945833984,3376742400,368197632,42729472,853868544
2026-04-29T17:14:12.166668,17002643456,13725450240,3277193216,19.3,12948029440,3376742400,368197632,42729472,853868544
2026-04-29T17:14:13.168634,17002643456,13720518656,3282124800,19.3,12943097856,3441786880,368197632,42729472,853868544
2026-04-29T17:14:14.173887,17002643456,13628358656,3374284800,19.8,12850937856,3481698304,368197632,42729472,853868544
2026-04-29T17:14:15.179645,17002643456,13771096064,3231547392,19.0,12993675264,3229351936,368197632,42729472,853868544
2026-04-29T17:14:16.182218,17002643456,13891747840,3110895616,18.3,13114327040,3076931584,368197632,42729472,853868544
2026-04-29T17:14:17.185470,17002643456,13941424128,3061219328,18.0,13164003328,3052109824,368197632,42729472,853868544
2026-04-29T17:14:18.193651,17002643456,13941391360,3061252096,18.0,13163970560,3101704192,368197632,42729472,853868544
2026-04-29T17:14:19.200655,17002643456,13987774464,3014868992,17.7,13210353664,3053813760,368197632,42729472,853868544
2026-04-29T17:14:20.207054,17002643456,13983596544,3019046912,17.8,13206175744,3134521344,368197632,42729472,853868544
2026-04-29T17:14:21.211214,17002643456,13965901824,3036741632,17.9,13188481024,3203956736,368197632,42729472,853868544
2026-04-29T17:14:22.215374,17002643456,13864402944,3138240512,18.5,13086982144,3318743040,368197632,42729472,853868544
2026-04-29T17:14:23.218802,17002643456,13864452096,3138191360,18.5,13087031296,3259908096,368197632,42729472,853868544
2026-04-29T17:14:24.219808,17002643456,13864452096,3138191360,18.5,13087031296,3259908096,368197632,42729472,853868544
2026-04-29T17:14:25.223626,17002643456,13797212160,3205431296,18.9,13019791360,3332603904,368197632,42729472,853868544
2026-04-29T17:14:26.228658,17002643456,13797212160,3205431296,18.9,13019791360,3331129344,368197632,42729472,853868544
2026-04-29T17:14:27.237712,17002643456,13797605376,3205038080,18.9,13020184576,3274047488,368197632,42729472,853868544
2026-04-29T17:14:28.240964,17002643456,13833289728,3169353728,18.6,13055868928,3258859520,368197632,42729472,853868544
2026-04-29T17:14:29.245550,17002643456,14000095232,3002548224,17.7,13222674432,3107586048,368197632,42729472,853868544
2026-04-29T17:14:30.254135,17002643456,13967654912,3034988544,17.9,13190234112,3181035520,368197632,42729472,853868544
2026-04-29T17:14:31.260319,17002643456,13931462656,3071180800,18.1,13156073472,3225731072,368197632,42729472,853868544
2026-04-29T17:14:32.268711,17002643456,13885915136,3116728320,18.3,13108494336,3270410240,368197632,42729472,853868544
2026-04-29T17:14:33.277590,17002643456,13873463296,3129180160,18.4,13096042496,3261153280,368197632,42729472,853868544
2026-04-29T17:14:34.283026,17002643456,13864370176,3138273280,18.5,13086949376,3289530368,368197632,42729472,853868544
2026-04-29T17:14:35.285556,17002643456,13971243008,3031400448,17.8,13193822208,3176267776,368197632,42729472,853868544
2026-04-29T17:14:36.287305,17002643456,13961904128,3040739328,17.9,13184483328,3203989504,368197632,42729472,853868544
2026-04-29T17:14:37.303535,17002643456,13961904128,3040739328,17.9,13184483328,3203989504,368197632,42729472,853868544
2026-04-29T17:14:38.352770,17002643456,13954433024,3048210432,17.9,13177012224,3202875392,368197632,42729472,853868544
2026-04-29T17:14:39.395232,17002643456,13891403776,3111239680,18.3,13113982976,3278258176,368197632,42729472,853868544
2026-04-29T17:14:40.443640,17002643456,13834633216,3168010240,18.6,13057212416,3330572288,368197632,42729472,853868544
2026-04-29T17:14:41.449353,17002643456,13870956544,3131686912,18.4,13093535744,3244539904,368197632,42729472,853868544
2026-04-29T17:14:42.495749,17002643456,13747093504,3255549952,19.1,12969672704,3339026432,368197632,42729472,853868544
2026-04-29T17:14:43.501675,17002643456,13712687104,3289956352,19.3,12935266304,3420684288,368197632,42729472,853868544
2026-04-29T17:14:44.512788,17002643456,13854392320,3148251136,18.5,13076971520,3263119360,368197632,42729472,853868544
2026-04-29T17:14:45.524679,17002643456,13854932992,3147710464,18.5,13077512192,3267313664,368197632,42729472,853868544
2026-04-29T17:14:46.531755,17002643456,14029946880,2972696576,17.5,13252526080,3099394048,368197632,42729472,853868544
2026-04-29T17:14:47.541938,17002643456,14018576384,2984067072,17.6,13241155584,3123265536,368197632,42729472,853868544
2026-04-29T17:14:48.544602,17002643456,14015184896,2987458560,17.6,13237764096,3134439424,368197632,42729472,853868544
2026-04-29T17:14:49.545885,17002643456,13995524096,3007119360,17.7,13218103296,3159326720,368197632,42729472,853868544
2026-04-29T17:14:50.547333,17002643456,13996736512,3005906944,17.7,13219315712,3159326720,368197632,42729472,853868544
2026-04-29T17:14:51.550828,17002643456,14055424000,2947219456,17.3,13278003200,3092627456,368197632,42729472,853868544
2026-04-29T17:14:52.556163,17002643456,14086373376,2916270080,17.2,13308952576,3080601600,368197632,42729472,853868544
2026-04-29T17:14:53.562303,17002643456,13978468352,3024175104,17.8,13201047552,3197485056,368197632,42729472,853868544
2026-04-29T17:14:54.567171,17002643456,13887062016,3115581440,18.3,13109641216,3258826752,368197632,42729472,853868544
2026-04-29T17:14:55.583638,17002643456,13938081792,3064561664,18.0,13160660992,3113025536,368197632,42729472,853868544
2026-04-29T17:14:56.588639,17002643456,13905641472,3097001984,18.2,13128220672,3216900096,368197632,42729472,853868544
2026-04-29T17:14:57.596073,17002643456,13844447232,3158196224,18.6,13067026432,3307307008,368197632,42729472,853868544
2026-04-29T17:14:58.610818,17002643456,13785464832,3217178624,18.9,13008044032,3329867776,368197632,42729472,853868544
2026-04-29T17:14:59.626349,17002643456,13714931712,3287711744,19.3,12937510912,3404480512,368197632,42729472,853868544
2026-04-29T17:15:00.634196,17002643456,13718175744,3284467712,19.3,12940754944,3432431616,368197632,42729472,853868544
2026-04-29T17:15:01.637012,17002643456,13702938624,3299704832,19.4,12925517824,3401285632,368197632,42729472,853868544
2026-04-29T17:15:02.638321,17002643456,13694369792,3308273664,19.5,12916948992,3397206016,368197632,42729472,853868544
2026-04-29T17:15:03.639648,17002643456,13696253952,3306389504,19.4,12918833152,3397206016,368197632,42729472,853868544
2026-04-29T17:15:04.645926,17002643456,13795721216,3206922240,18.9,13018300416,3275751424,368197632,42729472,853868544
2026-04-29T17:15:05.650624,17002643456,13802700800,3199942656,18.8,13025280000,3275751424,368197632,42729472,853868544
2026-04-29T17:15:06.658220,17002643456,13807861760,3194781696,18.8,13030440960,3275751424,368197632,42729472,853868544
2026-04-29T17:15:07.662471,17002643456,13818462208,3184181248,18.7,13041041408,3275751424,368197632,42729472,853868544
2026-04-29T17:15:08.672646,17002643456,13925810176,3076833280,18.1,13148389376,3180150784,368197632,42729472,853868544
2026-04-29T17:15:09.683973,17002643456,13932789760,3069853696,18.1,13155368960,3180150784,368197632,42729472,853868544
2026-04-29T17:15:10.691884,17002643456,14035075072,2967568384,17.5,13257654272,3081715712,368197632,42729472,853868544
2026-04-29T17:15:11.706697,17002643456,14012465152,2990178304,17.6,13235044352,3146055680,368197632,42729472,853868544
2026-04-29T17:15:12.712495,17002643456,13952253952,3050389504,17.9,13174833152,3199811584,368197632,42729472,853868544
2026-04-29T17:15:13.723569,17002643456,13881475072,3121168384,18.4,13104054272,3308945408,368197632,42729472,853868544
2026-04-29T17:15:14.726574,17002643456,13845348352,3157295104,18.6,13067927552,3284631552,368197632,42729472,853868544
2026-04-29T17:15:15.727861,17002643456,13849264128,3153379328,18.5,13071843328,3284631552,368197632,42729472,853868544
2026-04-29T17:15:16.729261,17002643456,13950025728,3052617728,18.0,13172604928,3227893760,368197632,42729472,853868544
2026-04-29T17:15:17.733320,17002643456,13825802240,3176841216,18.7,13048381440,3232661504,368197632,42729472,853868544
2026-04-29T17:15:18.740007,17002643456,13844381696,3158261760,18.6,13066960896,3232661504,368197632,42729472,853868544
2026-04-29T17:15:19.745740,17002643456,13847855104,3154788352,18.6,13070434304,3256958976,368197632,42729472,853868544
2026-04-29T17:15:20.755067,17002643456,13849149440,3153494016,18.5,13071728640,3256958976,368197632,42729472,853868544
2026-04-29T17:15:21.762941,17002643456,13984022528,3018620928,17.8,13206601728,3160293376,368197632,42729472,853868544
2026-04-29T17:15:22.774965,17002643456,13953794048,3048849408,17.9,13176373248,3212443648,368197632,42729472,853868544
2026-04-29T17:15:23.783856,17002643456,13976436736,3026206720,17.8,13199015936,3193634816,368197632,42729472,853868544
2026-04-29T17:15:24.791822,17002643456,13888208896,3114434560,18.3,13110788096,3290578944,368197632,42729472,853868544
2026-04-29T17:15:25.798512,17002643456,13790150656,3212492800,18.9,13012729856,3395289088,368197632,42729472,853868544
2026-04-29T17:15:26.808939,17002643456,13721026560,3281616896,19.3,12943605760,3384033280,368197632,42729472,853868544
2026-04-29T17:15:27.813758,17002643456,13697187840,3305455616,19.4,12919767040,3383197696,368197632,42729472,853868544
2026-04-29T17:15:28.814872,17002643456,13696204800,3306438656,19.4,12918784000,3396911104,368197632,42729472,853868544
2026-04-29T17:15:29.816288,17002643456,13696204800,3306438656,19.4,12918784000,3396911104,368197632,42729472,853868544
2026-04-29T17:15:30.818956,17002643456,13768130560,3234512896,19.0,12990709760,3370467328,368197632,42729472,853868544
2026-04-29T17:15:31.823829,17002643456,13679411200,3323232256,19.5,12901990400,3488038912,368197632,42729472,853868544
2026-04-29T17:15:32.828940,17002643456,13891731456,3110912000,18.3,13114310656,3196420096,368197632,42729472,853868544
2026-04-29T17:15:33.838062,17002643456,13784137728,3218505728,18.9,13006716928,3328262144,368197632,42729472,853868544
2026-04-29T17:15:34.845895,17002643456,13685833728,3316809728,19.5,12908412928,3434414080,368197632,42729472,853868544
2026-04-29T17:15:35.858089,17002643456,13609893888,3392749568,20.0,12832473088,3490578432,368197632,42729472,853868544
2026-04-29T17:15:36.868492,17002643456,13665255424,3337388032,19.6,12887834624,3382132736,368197632,42729472,853868544
2026-04-29T17:15:37.872466,17002643456,13812760576,3189882880,18.8,13035339776,3234332672,368197632,42729472,853868544
2026-04-29T17:15:38.882369,17002643456,13981564928,3021078528,17.8,13204144128,3073294336,368197632,42729472,853868544
2026-04-29T17:15:39.890105,17002643456,13981990912,3020652544,17.8,13204570112,3095887872,368197632,42729472,853868544
2026-04-29T17:15:40.892386,17002643456,13935542272,3067101184,18.0,13158121472,3191914496,368197632,42729472,853868544
2026-04-29T17:15:41.893411,17002643456,13935542272,3067101184,18.0,13158121472,3191914496,368197632,42729472,853868544
2026-04-29T17:15:42.894712,17002643456,13935542272,3067101184,18.0,13158121472,3191914496,368197632,42729472,853868544
2026-04-29T17:15:43.897092,17002643456,13957824512,3044818944,17.9,13180403712,3162898432,368197632,42729472,853868544
2026-04-29T17:15:44.901942,17002643456,13963837440,3038806016,17.9,13186416640,3162898432,368197632,42729472,853868544
2026-04-29T17:15:45.908748,17002643456,13977862144,3024781312,17.8,13200441344,3139715072,368197632,42729472,853868544
2026-04-29T17:15:46.916083,17002643456,13976453120,3026190336,17.8,13199032320,3152707584,368197632,42729472,853868544
2026-04-29T17:15:47.921609,17002643456,13950189568,3052453888,18.0,13172768768,3234562048,368197632,42729472,853868544
2026-04-29T17:15:48.931906,17002643456,13850656768,3151986688,18.5,13073235968,3306110976,368197632,42729472,853868544
2026-04-29T17:15:49.943552,17002643456,13664616448,3338027008,19.6,12887195648,3469099008,368197632,42729472,853868544
2026-04-29T17:15:50.958603,17002643456,13594574848,3408068608,20.0,12817154048,3528146944,368197632,42729472,853868544
2026-04-29T17:15:51.969170,17002643456,13581303808,3421339648,20.1,12803883008,3554050048,368197632,42729472,853868544
2026-04-29T17:15:52.976430,17002643456,13804142592,3198500864,18.8,13026721792,3284828160,368197632,42729472,853868544
2026-04-29T17:15:53.978434,17002643456,13793280000,3209363456,18.9,13015859200,3312926720,368197632,42729472,853868544
2026-04-29T17:15:54.979424,17002643456,13794017280,3208626176,18.9,13016596480,3312926720,368197632,42729472,853868544
2026-04-29T17:15:55.980792,17002643456,13801996288,3200647168,18.8,13024575488,3286876160,368197632,42729472,853868544
2026-04-29T17:15:56.983997,17002643456,13893287936,3109355520,18.3,13115867136,3228975104,368197632,42729472,853868544
2026-04-29T17:15:57.994172,17002643456,13808009216,3194634240,18.8,13030588416,3346169856,368197632,42729472,853868544
2026-04-29T17:15:58.999436,17002643456,13790789632,3211853824,18.9,13013368832,3290415104,368197632,42729472,853868544
2026-04-29T17:16:00.004027,17002643456,13922549760,3080093696,18.1,13145128960,3161899008,368197632,42729472,853868544
2026-04-29T17:16:01.014451,17002643456,13907673088,3094970368,18.2,13130252288,3241787392,368197632,42729472,853868544
2026-04-29T17:16:02.018673,17002643456,13885554688,3117088768,18.3,13108133888,3265150976,368197632,42729472,853868544
2026-04-29T17:16:03.026208,17002643456,13790707712,3211935744,18.9,13013286912,3359621120,368197632,42729472,853868544
2026-04-29T17:16:04.035846,17002643456,13775962112,3226681344,19.0,12998541312,3381559296,368197632,42729472,853868544
2026-04-29T17:16:05.045787,17002643456,13774487552,3228155904,19.0,12997066752,3388162048,368197632,42729472,853868544
2026-04-29T17:16:06.052638,17002643456,13800505344,3202138112,18.8,13023084544,3360620544,368197632,42729472,853868544
2026-04-29T17:16:07.056058,17002643456,13800505344,3202138112,18.8,13023084544,3360620544,368197632,42729472,853868544
2026-04-29T17:16:08.057101,17002643456,13802258432,3200385024,18.8,13024837632,3360620544,368197632,42729472,853868544
2026-04-29T17:16:09.059045,17002643456,13809451008,3193192448,18.8,13032030208,3360620544,368197632,42729472,853868544
2026-04-29T17:16:10.062514,17002643456,13702955008,3299688448,19.4,12925534208,3445997568,368197632,42729472,853868544
2026-04-29T17:16:11.066073,17002643456,13610303488,3392339968,20.0,12832882688,3534356480,368197632,42729472,853868544
2026-04-29T17:16:12.070335,17002643456,13730136064,3272507392,19.2,12952715264,3396485120,368197632,42729472,853868544
2026-04-29T17:16:13.078168,17002643456,13679296512,3323346944,19.5,12901875712,3461496832,368197632,42729472,853868544
2026-04-29T17:16:14.088393,17002643456,13775732736,3226910720,19.0,12998311936,3339239424,368197632,42729472,853868544
2026-04-29T17:16:15.094497,17002643456,13741260800,3261382656,19.2,12963840000,3371237376,368197632,42729472,853868544
2026-04-29T17:16:16.107381,17002643456,13904510976,3098132480,18.2,13127090176,3162079232,368197632,42729472,853868544
2026-04-29T17:16:17.114744,17002643456,13905428480,3097214976,18.2,13128007680,3162079232,368197632,42729472,853868544
2026-04-29T17:16:18.132357,17002643456,13909327872,3093315584,18.2,13131907072,3162079232,368197632,42729472,853868544
2026-04-29T17:16:19.140144,17002643456,13924384768,3078258688,18.1,13146963968,3171090432,368197632,42729472,853868544
2026-04-29T17:16:20.142057,17002643456,13925777408,3076866048,18.1,13148356608,3191914496,368197632,42729472,853868544
2026-04-29T17:16:21.143021,17002643456,13926465536,3076177920,18.1,13149044736,3191914496,368197632,42729472,853868544
2026-04-29T17:16:22.144079,17002643456,13967048704,3035594752,17.9,13189627904,3172548608,368197632,42729472,853868544
2026-04-29T17:16:23.147521,17002643456,13895303168,3107340288,18.3,13117882368,3283288064,368197632,42729472,853868544
2026-04-29T17:16:24.152790,17002643456,13788643328,3214000128,18.9,13011222528,3369582592,368197632,42729472,853868544
2026-04-29T17:16:25.162145,17002643456,13756268544,3246374912,19.1,12978847744,3369041920,368197632,42729472,853868544
2026-04-29T17:16:26.166731,17002643456,13729431552,3273211904,19.3,12952010752,3380199424,368197632,42729472,853868544
2026-04-29T17:16:27.174061,17002643456,13687160832,3315482624,19.5,12909740032,3420585984,368197632,42729472,853868544
2026-04-29T17:16:28.189786,17002643456,13629407232,3373236224,19.8,12851986432,3498311680,368197632,42729472,853868544
2026-04-29T17:16:29.195066,17002643456,13737590784,3265052672,19.2,12960169984,3342778368,368197632,42729472,853868544
2026-04-29T17:16:30.201680,17002643456,13733036032,3269607424,19.2,12955615232,3364175872,368197632,42729472,853868544
2026-04-29T17:16:31.208059,17002643456,13919698944,3082944512,18.1,13142278144,3128295424,368197632,42729472,853868544
2026-04-29T17:16:32.212476,17002643456,13926498304,3076145152,18.1,13149077504,3141500928,368197632,42729472,853868544
2026-04-29T17:16:33.214506,17002643456,13919125504,3083517952,18.1,13141704704,3184164864,368197632,42729472,853868544
2026-04-29T17:16:34.215495,17002643456,13919125504,3083517952,18.1,13141704704,3184164864,368197632,42729472,853868544
2026-04-29T17:16:35.217256,17002643456,13966065664,3036577792,17.9,13188644864,3154608128,368197632,42729472,853868544
2026-04-29T17:16:36.220010,17002643456,14010417152,2992226304,17.6,13232996352,3129344000,368197632,42729472,853868544
2026-04-29T17:16:37.226971,17002643456,14017052672,2985590784,17.6,13239631872,3133521920,368197632,42729472,853868544
2026-04-29T17:16:38.236382,17002643456,13866156032,3136487424,18.4,13088735232,3306962944,368197632,42729472,853868544
2026-04-29T17:16:39.242426,17002643456,13673971712,3328671744,19.6,12896550912,3474096128,368197632,42729472,853868544
2026-04-29T17:16:40.249663,17002643456,13591887872,3410755584,20.1,12814467072,3498393600,368197632,42729472,853868544
2026-04-29T17:16:41.262738,17002643456,13585989632,3416653824,20.1,12808568832,3499737088,368197632,42729472,853868544
2026-04-29T17:16:42.270495,17002643456,13889159168,3113484288,18.3,13111738368,3117137920,368197632,42729472,853868544
2026-04-29T17:16:43.279144,17002643456,13886717952,3115925504,18.3,13109297152,3196321792,368197632,42729472,853868544
2026-04-29T17:16:44.289950,17002643456,13870252032,3132391424,18.4,13092831232,3243048960,368197632,42729472,853868544
2026-04-29T17:16:45.298397,17002643456,13788168192,3214475264,18.9,13010747392,3369009152,368197632,42729472,853868544
2026-04-29T17:16:46.300775,17002643456,13878673408,3123970048,18.4,13101252608,3254960128,368197632,42729472,853868544
2026-04-29T17:16:47.301740,17002643456,13880393728,3122249728,18.4,13102972928,3254960128,368197632,42729472,853868544
2026-04-29T17:16:48.302917,17002643456,13886275584,3116367872,18.3,13108854784,3233480704,368197632,42729472,853868544
2026-04-29T17:16:49.305292,17002643456,13907460096,3095183360,18.2,13130039296,3226173440,368197632,42729472,853868544
2026-04-29T17:16:50.310176,17002643456,13914439680,3088203776,18.2,13137018880,3229728768,368197632,42729472,853868544
2026-04-29T17:16:51.314546,17002643456,13866303488,3136339968,18.4,13088882688,3313860608,368197632,42729472,853868544
2026-04-29T17:16:52.318539,17002643456,13646102528,3356540928,19.7,12868681728,3491233792,368197632,42729472,853868544
2026-04-29T17:16:53.323383,17002643456,13601374208,3401269248,20.0,12823953408,3525509120,368197632,42729472,853868544
2026-04-29T17:16:54.329122,17002643456,13579501568,3423141888,20.1,12802080768,3558014976,368197632,42729472,853868544
2026-04-29T17:16:55.331460,17002643456,13902692352,3099951104,18.2,13125271552,3204530176,368197632,42729472,853868544
2026-04-29T17:16:56.343115,17002643456,13901266944,3101376512,18.2,13123846144,3198058496,368197632,42729472,853868544
2026-04-29T17:16:57.352263,17002643456,13866123264,3136520192,18.4,13088702464,3274932224,368197632,42729472,853868544
2026-04-29T17:16:58.360801,17002643456,13826801664,3175841792,18.7,13049380864,3326148608,368197632,42729472,853868544
2026-04-29T17:16:59.364586,17002643456,13808615424,3194028032,18.8,13031194624,3330211840,368197632,42729472,853868544
2026-04-29T17:17:00.365581,17002643456,13808615424,3194028032,18.8,13031194624,3330211840,368197632,42729472,853868544
2026-04-29T17:17:01.366687,17002643456,13810335744,3192307712,18.8,13032914944,3330211840,368197632,42729472,853868544
2026-04-29T17:17:02.371599,17002643456,13798424576,3204218880,18.8,13020610560,3336667136,368541696,43057152,853983232
2026-04-29T17:17:03.378952,17002643456,13797277696,3205365760,18.9,13019463680,3351396352,368541696,43057152,853983232
2026-04-29T17:17:04.382257,17002643456,13897957376,3104686080,18.3,13120143360,3266707456,368541696,43057152,853983232
2026-04-29T17:17:05.391982,17002643456,13799899136,3202744320,18.8,13022085120,3370827776,368541696,43057152,853983232
2026-04-29T17:17:06.401138,17002643456,13786136576,3216506880,18.9,13008322560,3354607616,368541696,43057152,853983232
2026-04-29T17:17:07.409245,17002643456,13751975936,3250667520,19.1,12974161920,3371876352,368541696,43057152,853983232
2026-04-29T17:17:08.414666,17002643456,13878263808,3124379648,18.4,13100449792,3239804928,368541696,43057152,853983232
2026-04-29T17:17:09.421309,17002643456,13818789888,3183853568,18.7,13040975872,3350609920,368541696,43057152,853983232
2026-04-29T17:17:10.430157,17002643456,13687554048,3315089408,19.5,12909740032,3464003584,368541696,43057152,853983232
2026-04-29T17:17:11.437046,17002643456,13603749888,3398893568,20.0,12825935872,3568680960,368541696,43057152,853983232
2026-04-29T17:17:12.439395,17002643456,13601243136,3401400320,20.0,12823429120,3418079232,368541696,43057152,853983232
2026-04-29T17:17:13.440440,17002643456,13607059456,3395584000,20.0,12829245440,3418079232,368541696,43057152,853983232
2026-04-29T17:17:14.442542,17002643456,13625950208,3376693248,19.9,12848136192,3418079232,368541696,43057152,853983232
2026-04-29T17:17:15.447297,17002643456,13721583616,3281059840,19.3,12943769600,3336142848,368541696,43057152,853983232
2026-04-29T17:17:16.451555,17002643456,13850329088,3152314368,18.5,13072515072,3290415104,368541696,43057152,853983232
2026-04-29T17:17:17.456406,17002643456,13834485760,3168157696,18.6,13056671744,3345776640,368541696,43057152,853983232
2026-04-29T17:17:18.462323,17002643456,13737115648,3265527808,19.2,12959301632,3447308288,368541696,43057152,853983232
2026-04-29T17:17:19.472113,17002643456,13763166208,3239477248,19.1,12985352192,3328458752,368541696,43057152,853983232
2026-04-29T17:17:20.484634,17002643456,13758070784,3244572672,19.1,12980256768,3356934144,368541696,43057152,853983232
2026-04-29T17:17:21.492070,17002643456,13992361984,3010281472,17.7,13214547968,3119382528,368541696,43057152,853983232
2026-04-29T17:17:22.496070,17002643456,13986463744,3016179712,17.7,13208649728,3152117760,368541696,43057152,853983232
2026-04-29T17:17:23.504848,17002643456,13946896384,3055747072,18.0,13169082368,3228352512,368541696,43057152,853983232
2026-04-29T17:17:24.517686,17002643456,13905117184,3097526272,18.2,13127303168,3283304448,368541696,43057152,853983232
2026-04-29T17:17:25.520096,17002643456,14031585280,2971058176,17.5,13253771264,3127705600,368541696,43057152,853983232
2026-04-29T17:17:26.521308,17002643456,14031585280,2971058176,17.5,13253771264,3127705600,368541696,43057152,853983232
2026-04-29T17:17:27.522405,17002643456,14020771840,2981871616,17.5,13242957824,3121561600,368541696,43057152,853983232
2026-04-29T17:17:28.526216,17002643456,13851934720,3150708736,18.5,13074120704,3305177088,368541696,43057152,853983232
2026-04-29T17:17:29.535569,17002643456,13793198080,3209445376,18.9,13015384064,3346415616,368541696,43057152,853983232
2026-04-29T17:17:30.540906,17002643456,13841661952,3160981504,18.6,13063847936,3236741120,368541696,43057152,853983232
2026-04-29T17:17:31.547627,17002643456,13912834048,3089809408,18.2,13135020032,3215441920,368541696,43057152,853983232
2026-04-29T17:17:32.556653,17002643456,13890568192,3112075264,18.3,13112754176,3227877376,368541696,43057152,853983232
2026-04-29T17:17:33.565520,17002643456,13857882112,3144761344,18.5,13080068096,3271131136,368541696,43057152,853983232
2026-04-29T17:17:34.573982,17002643456,13858766848,3143876608,18.5,13080952832,3272507392,368541696,43057152,853983232
2026-04-29T17:17:35.583423,17002643456,14029389824,2973253632,17.5,13251575808,3089235968,368541696,43057152,853983232
2026-04-29T17:17:36.589003,17002643456,14015627264,2987016192,17.6,13237813248,3121020928,368541696,43057152,853983232
2026-04-29T17:17:37.591566,17002643456,13985153024,3017490432,17.7,13207339008,3169468416,368541696,43057152,853983232
2026-04-29T17:17:38.593027,17002643456,13985251328,3017392128,17.7,13207437312,3169468416,368541696,43057152,853983232
2026-04-29T17:17:39.613628,17002643456,13985251328,3017392128,17.7,13207437312,3169468416,368541696,43057152,853983232
2026-04-29T17:17:40.624628,17002643456,13829455872,3173187584,18.7,13051641856,3343794176,368541696,43057152,853983232
2026-04-29T17:17:41.638350,17002643456,13829455872,3173187584,18.7,13051641856,3316301824,368541696,43057152,853983232
2026-04-29T17:17:42.648215,17002643456,13810286592,3192356864,18.8,13032472576,3336110080,368541696,43057152,853983232
2026-04-29T17:17:43.673344,17002643456,13734592512,3268050944,19.2,12956778496,3429793792,368541696,43057152,853983232
2026-04-29T17:17:44.685922,17002643456,13822869504,3179773952,18.7,13045055488,3341631488,368541696,43057152,853983232
2026-04-29T17:17:45.722674,17002643456,13822623744,3180019712,18.7,13044809728,3342073856,368541696,43057152,853983232
2026-04-29T17:17:46.739370,17002643456,13907525632,3095117824,18.2,13129711616,3255009280,368541696,43057152,853983232
2026-04-29T17:17:47.787347,17002643456,13909131264,3093512192,18.2,13131317248,3230597120,368541696,43057152,853983232
2026-04-29T17:17:48.845568,17002643456,13911425024,3091218432,18.2,13133611008,3205873664,368541696,43057152,853983232
2026-04-29T17:17:49.856026,17002643456,13916880896,3085762560,18.1,13139066880,3206234112,368541696,43057152,853983232
2026-04-29T17:17:50.859577,17002643456,13962035200,3040608256,17.9,13184221184,3178283008,368541696,43057152,853983232
2026-04-29T17:17:51.861312,17002643456,13964623872,3038019584,17.9,13186809856,3179298816,368541696,43057152,853983232
2026-04-29T17:17:52.862887,17002643456,13967392768,3035250688,17.9,13189578752,3179298816,368541696,43057152,853983232
2026-04-29T17:17:53.866703,17002643456,13962493952,3040149504,17.9,13184679936,3204186112,368541696,43057152,853983232
2026-04-29T17:17:54.875185,17002643456,13958529024,3044114432,17.9,13180715008,3200794624,368541696,43057152,853983232
2026-04-29T17:17:55.879860,17002643456,13857718272,3144925184,18.5,13079904256,3331588096,368541696,43057152,853983232
2026-04-29T17:17:56.886322,17002643456,13777895424,3224748032,19.0,13000081408,3388882944,368541696,43057152,853983232
2026-04-29T17:17:57.910014,17002643456,13819199488,3183443968,18.7,13041385472,3283304448,368541696,43057152,853983232
2026-04-29T17:17:58.920438,17002643456,13800357888,3202285568,18.8,13022543872,3288891392,368541696,43057152,853983232
2026-04-29T17:17:59.929894,17002643456,13761773568,3240869888,19.1,12983959552,3389358080,368541696,43057152,853983232
2026-04-29T17:18:00.937863,17002643456,13861339136,3141304320,18.5,13083525120,3266985984,368541696,43057152,853983232
2026-04-29T17:18:01.946033,17002643456,13835042816,3167600640,18.6,13057228800,3302146048,368541696,43057152,853983232
2026-04-29T17:18:02.957458,17002643456,13822754816,3179888640,18.7,13044940800,3321954304,368541696,43057152,853983232
2026-04-29T17:18:03.960337,17002643456,13841530880,3161112576,18.6,13063716864,3300245504,368541696,43057152,853983232
2026-04-29T17:18:04.962514,17002643456,13827801088,3174842368,18.7,13049987072,3328409600,368541696,43057152,853983232
2026-04-29T17:18:05.963770,17002643456,13828112384,3174531072,18.7,13050298368,3328753664,368541696,43057152,853983232
2026-04-29T17:18:06.965363,17002643456,13875789824,3126853632,18.4,13097975808,3273474048,368541696,43057152,853983232
2026-04-29T17:18:07.973351,17002643456,14049198080,2953445376,17.4,13271384064,3127787520,368541696,43057152,853983232
2026-04-29T17:18:08.976823,17002643456,13923614720,3079028736,18.1,13145800704,3258761216,368541696,43057152,853983232
2026-04-29T17:18:09.989629,17002643456,13845217280,3157426176,18.6,13067403264,3323412480,368541696,43057152,853983232
2026-04-29T17:18:10.994096,17002643456,13960724480,3041918976,17.9,13182910464,3170549760,368541696,43057152,853983232
2026-04-29T17:18:12.013003,17002643456,13961838592,3040804864,17.9,13184024576,3176644608,368541696,43057152,853983232
2026-04-29T17:18:13.024995,17002643456,13955399680,3047243776,17.9,13177585664,3169615872,368541696,43057152,853983232
2026-04-29T17:18:14.040984,17002643456,13958086656,3044556800,17.9,13180272640,3169615872,368541696,43057152,853983232
2026-04-29T17:18:15.046479,17002643456,13943308288,3059335168,18.0,13165494272,3211968512,368541696,43057152,853983232
2026-04-29T17:18:16.050232,17002643456,13891944448,3110699008,18.3,13114130432,3303391232,368541696,43057152,853983232
2026-04-29T17:18:17.052551,17002643456,13988544512,3014098944,17.7,13210730496,3162734592,368541696,43057152,853983232
2026-04-29T17:18:18.053649,17002643456,13988315136,3014328320,17.7,13210501120,3165847552,368541696,43057152,853983232
2026-04-29T17:18:19.056834,17002643456,13994983424,3007660032,17.7,13217169408,3171434496,368541696,43057152,853983232
2026-04-29T17:18:20.058180,17002643456,13944406016,3058237440,18.0,13166592000,3240542208,368541696,43057152,853983232
2026-04-29T17:18:21.067496,17002643456,13820952576,3181690880,18.7,13043138560,3317284864,368541696,43057152,853983232
2026-04-29T17:18:22.077846,17002643456,13924532224,3078111232,18.1,13146718208,3146121216,368541696,43057152,853983232
2026-04-29T17:18:23.088483,17002643456,14022656000,2979987456,17.5,13244841984,3088121856,368541696,43057152,853983232
2026-04-29T17:18:24.105446,17002643456,13974388736,3028254720,17.8,13196574720,3163684864,368541696,43057152,853983232
2026-04-29T17:18:25.122163,17002643456,13950304256,3052339200,18.0,13172490240,3192127488,368541696,43057152,853983232
2026-04-29T17:18:26.133155,17002643456,13878296576,3124346880,18.4,13100482560,3258957824,368541696,43057152,853983232
2026-04-29T17:18:27.138996,17002643456,13849296896,3153346560,18.5,13071482880,3294167040,368541696,43057152,853983232
2026-04-29T17:18:28.151815,17002643456,13837008896,3165634560,18.6,13059194880,3313975296,368541696,43057152,853983232
2026-04-29T17:18:29.159762,17002643456,14000816128,3001827328,17.7,13223002112,3139567616,368541696,43057152,853983232
2026-04-29T17:18:30.162826,17002643456,13970833408,3031810048,17.8,13193019392,3160391680,368541696,43057152,853983232
2026-04-29T17:18:31.163830,17002643456,13970833408,3031810048,17.8,13193019392,3160391680,368541696,43057152,853983232
2026-04-29T17:18:32.166012,17002643456,13972963328,3029680128,17.8,13195149312,3160391680,368541696,43057152,853983232
2026-04-29T17:18:33.169361,17002643456,13930463232,3072180224,18.1,13152649216,3218472960,368541696,43057152,853983232
2026-04-29T17:18:34.173592,17002643456,13732872192,3269771264,19.2,12955058176,3370500096,368541696,43057152,853983232
2026-04-29T17:18:35.178281,17002643456,13827948544,3174694912,18.7,13050134528,3272736768,368541696,43057152,853983232
2026-04-29T17:18:36.184265,17002643456,13801062400,3201581056,18.8,13023248384,3280683008,368541696,43057152,853983232
2026-04-29T17:18:37.204475,17002643456,13905215488,3097427968,18.2,13127401472,3121987584,368541696,43057152,853983232
2026-04-29T17:18:38.210631,17002643456,13908721664,3093921792,18.2,13130907648,3131883520,368541696,43057152,853983232
2026-04-29T17:18:39.215172,17002643456,13910802432,3091841024,18.2,13132988416,3149660160,368541696,43057152,853983232
2026-04-29T17:18:40.226967,17002643456,13914800128,3087843328,18.2,13136986112,3170336768,368541696,43057152,853983232
2026-04-29T17:18:41.239174,17002643456,13961003008,3041640448,17.9,13183188992,3162243072,368541696,43057152,853983232
2026-04-29T17:18:42.248422,17002643456,13905707008,3096936448,18.2,13127892992,3261284352,368541696,43057152,853983232
2026-04-29T17:18:43.250235,17002643456,13783564288,3219079168,18.9,13005750272,3331063808,368541696,43057152,853983232
2026-04-29T17:18:44.251282,17002643456,13783564288,3219079168,18.9,13005750272,3329998848,368541696,43057152,853983232
2026-04-29T17:18:45.253331,17002643456,13790904320,3211739136,18.9,13013090304,3329998848,368541696,43057152,853983232
2026-04-29T17:18:46.258628,17002643456,13938196480,3064446976,18.0,13160382464,3237822464,368541696,43057152,853983232
2026-04-29T17:18:47.263910,17002643456,13845053440,3157590016,18.6,13067239424,3314417664,368541696,43057152,853983232
2026-04-29T17:18:48.267229,17002643456,13889732608,3112910848,18.3,13111918592,3169779712,368541696,43057152,853983232
2026-04-29T17:18:49.274757,17002643456,13919518720,3083124736,18.1,13141704704,3140354048,368541696,43057152,853983232
2026-04-29T17:18:50.284102,17002643456,13926596608,3076046848,18.1,13148782592,3155066880,368541696,43057152,853983232
2026-04-29T17:18:51.290811,17002643456,13930463232,3072180224,18.1,13152649216,3175890944,368541696,43057152,853983232
2026-04-29T17:18:52.297514,17002643456,13887946752,3114696704,18.3,13110132736,3239428096,368541696,43057152,853983232
2026-04-29T17:18:53.313536,17002643456,13856980992,3145662464,18.5,13079166976,3258269696,368541696,43073536,853983232
2026-04-29T17:18:54.320038,17002643456,13854048256,3148595200,18.5,13076217856,3270180864,368558080,43073536,853983232
2026-04-29T17:18:55.328621,17002643456,13931053056,3071590400,18.1,13153222656,3224059904,368558080,43073536,853983232
2026-04-29T17:18:56.330479,17002643456,13923434496,3079208960,18.1,13145604096,3247423488,368558080,43073536,853983232
2026-04-29T17:18:57.331493,17002643456,13923434496,3079208960,18.1,13145604096,3247423488,368558080,43073536,853983232
2026-04-29T17:18:58.332958,17002643456,13930496000,3072147456,18.1,13152665600,3247587328,368558080,43073536,853999616
2026-04-29T17:18:59.338196,17002643456,13931429888,3071213568,18.1,13153599488,3247587328,368558080,43073536,853999616
2026-04-29T17:19:00.343204,17002643456,13933035520,3069607936,18.1,13155205120,3247833088,368558080,43073536,853999616
2026-04-29T17:19:01.347287,17002643456,13859799040,3142844416,18.5,13081968640,3322609664,368558080,43073536,853999616
2026-04-29T17:19:02.359403,17002643456,13805879296,3196764160,18.8,13028048896,3375431680,368558080,43073536,853999616
2026-04-29T17:19:03.369253,17002643456,13801111552,3201531904,18.8,13023281152,3348611072,368558080,43073536,853999616
2026-04-29T17:19:04.373702,17002643456,13767442432,3235201024,19.0,12989612032,3379838976,368558080,43073536,853999616
2026-04-29T17:19:05.393153,17002643456,13897318400,3105325056,18.3,13119488000,3249553408,368558080,43073536,853999616
2026-04-29T17:19:06.400416,17002643456,13871071232,3131572224,18.4,13093240832,3283419136,368558080,43073536,853999616
2026-04-29T17:19:07.405438,17002643456,13868515328,3134128128,18.4,13090684928,3293069312,368558080,43073536,853999616
2026-04-29T17:19:08.409698,17002643456,13989199872,3013443584,17.7,13211369472,3163766784,368558080,43073536,853999616
2026-04-29T17:19:09.411410,17002643456,13974224896,3028418560,17.8,13196394496,3190751232,368558080,43073536,853999616
2026-04-29T17:19:10.412434,17002643456,13974765568,3027877888,17.8,13196935168,3190751232,368558080,43073536,853999616
2026-04-29T17:19:11.413862,17002643456,13979860992,3022782464,17.8,13202030592,3190751232,368558080,43073536,853999616
2026-04-29T17:19:12.418672,17002643456,13983219712,3019423744,17.8,13205389312,3164618752,368558080,43073536,853999616
2026-04-29T17:19:13.425550,17002643456,13940752384,3061891072,18.0,13162921984,3250307072,368558080,43073536,853999616
2026-04-29T17:19:14.428168,17002643456,13793542144,3209101312,18.9,13015711744,3352576000,368558080,43073536,853999616
2026-04-29T17:19:15.436859,17002643456,13789609984,3213033472,18.9,13011779584,3330654208,368558080,43073536,853999616
2026-04-29T17:19:16.444391,17002643456,13944094720,3058548736,18.0,13166264320,3182477312,368558080,43073536,853999616
2026-04-29T17:19:17.456326,17002643456,13943668736,3058974720,18.0,13165838336,3188670464,368558080,43073536,853999616
2026-04-29T17:19:18.466914,17002643456,13946093568,3056549888,18.0,13168263168,3188670464,368558080,43073536,853999616
2026-04-29T17:19:19.483174,17002643456,14016675840,2985967616,17.6,13238845440,3169386496,368558080,43073536,853999616
2026-04-29T17:19:20.488725,17002643456,13966049280,3036594176,17.9,13188218880,3223732224,368558080,43073536,853999616
2026-04-29T17:19:21.496073,17002643456,13799915520,3202727936,18.8,13022085120,3356180480,368558080,43073536,853999616
2026-04-29T17:19:22.497857,17002643456,13782220800,3220422656,18.9,13004390400,3331948544,368558080,43073536,853999616
2026-04-29T17:19:23.498854,17002643456,13782220800,3220422656,18.9,13004390400,3331948544,368558080,43073536,853999616
2026-04-29T17:19:24.500168,17002643456,13783728128,3218915328,18.9,13005897728,3331948544,368558080,43073536,853999616
2026-04-29T17:19:25.502035,17002643456,13739737088,3262906368,19.2,12961906688,3413262336,368558080,43073536,853999616
2026-04-29T17:19:26.505603,17002643456,13657407488,3345235968,19.7,12879577088,3472670720,368558080,43073536,853999616
2026-04-29T17:19:27.516822,17002643456,13875429376,3127214080,18.4,13097598976,3250749440,368558080,43073536,853999616
2026-04-29T17:19:28.525034,17002643456,13923991552,3078651904,18.1,13146161152,3194486784,368558080,43073536,853999616
2026-04-29T17:19:29.534034,17002643456,13833699328,3168944128,18.6,13055868928,3323756544,368558080,43073536,853999616
2026-04-29T17:19:30.539763,17002643456,13748912128,3253731328,19.1,12971081728,3406315520,368558080,43073536,853999616
2026-04-29T17:19:31.549779,17002643456,13648396288,3354247168,19.7,12870565888,3483959296,368558080,43073536,853999616
2026-04-29T17:19:32.556255,17002643456,13606371328,3396272128,20.0,12828540928,3498065920,368558080,43073536,853999616
2026-04-29T17:19:33.561808,17002643456,13740425216,3262218240,19.2,12962594816,3280650240,368558080,43073536,853999616
2026-04-29T17:19:34.566953,17002643456,13846560768,3156082688,18.6,13068730368,3173023744,368558080,43073536,853999616
2026-04-29T17:19:35.568431,17002643456,13846724608,3155918848,18.6,13068894208,3226861568,368558080,43073536,853999616
2026-04-29T17:19:36.569444,17002643456,13846724608,3155918848,18.6,13068894208,3226861568,368558080,43073536,853999616
2026-04-29T17:19:37.571430,17002643456,13807239168,3195404288,18.8,13029408768,3355049984,368558080,43073536,853999616
2026-04-29T17:19:38.573916,17002643456,13916864512,3085778944,18.1,13139034112,3204612096,368558080,43073536,853999616
2026-04-29T17:19:39.581066,17002643456,13919436800,3083206656,18.1,13141606400,3204612096,368558080,43073536,853999616
2026-04-29T17:19:40.585911,17002643456,13981794304,3020849152,17.8,13203963904,3168927744,368558080,43073536,853999616
2026-04-29T17:19:41.593970,17002643456,13982597120,3020046336,17.8,13204766720,3168927744,368558080,43073536,853999616
2026-04-29T17:19:42.607902,17002643456,13942112256,3060531200,18.0,13164281856,3238625280,368558080,43073536,853999616
2026-04-29T17:19:43.621409,17002643456,13916061696,3086581760,18.2,13138231296,3264528384,368558080,43073536,853999616
2026-04-29T17:19:44.625104,17002643456,13816774656,3185868800,18.7,13038944256,3343335424,368558080,43073536,853999616
2026-04-29T17:19:45.635397,17002643456,13814562816,3188080640,18.8,13036732416,3344859136,368558080,43073536,853999616
2026-04-29T17:19:46.645764,17002643456,13729775616,3272867840,19.2,12951945216,3434807296,368558080,43073536,853999616
2026-04-29T17:19:47.649680,17002643456,13845774336,3156869120,18.6,13067943936,3276668928,368558080,43073536,853999616
2026-04-29T17:19:48.651206,17002643456,13840875520,3161767936,18.6,13063045120,3209904128,368558080,43073536,853999616
2026-04-29T17:19:49.652244,17002643456,13840875520,3161767936,18.6,13063045120,3209904128,368558080,43073536,853999616
2026-04-29T17:19:50.653451,17002643456,13805879296,3196764160,18.8,13028048896,3355459584,368558080,43073536,853999616
2026-04-29T17:19:51.657133,17002643456,13959364608,3043278848,17.9,13181534208,3149447168,368558080,43073536,853999616
2026-04-29T17:19:52.660207,17002643456,13958840320,3043803136,17.9,13181009920,3156705280,368558080,43073536,853999616
2026-04-29T17:19:53.667311,17002643456,14011269120,2991374336,17.6,13233438720,3103866880,368558080,43073536,853999616
2026-04-29T17:19:54.672950,17002643456,14032699392,2969944064,17.5,13254868992,3077210112,368558080,43073536,853999616
2026-04-29T17:19:55.681038,17002643456,14039973888,2962669568,17.4,13262143488,3078733824,368558080,43073536,853999616
2026-04-29T17:19:56.688925,17002643456,13990854656,3011788800,17.7,13213024256,3178741760,368558080,43073536,853999616
2026-04-29T17:19:57.696110,17002643456,13976600576,3026042880,17.8,13198770176,3184017408,368558080,43073536,853999616
2026-04-29T17:19:58.700747,17002643456,13791543296,3211100160,18.9,13013712896,3370516480,368558080,43073536,853999616
2026-04-29T17:19:59.708054,17002643456,13739933696,3262709760,19.2,12962103296,3398631424,368558080,43073536,853999616
2026-04-29T17:20:00.716640,17002643456,13728645120,3273998336,19.3,12950814720,3323379712,368558080,43073536,853999616
2026-04-29T17:20:01.718613,17002643456,13870776320,3131867136,18.4,13092945920,3216326656,368558080,43073536,853999616
2026-04-29T17:20:02.719603,17002643456,13872578560,3130064896,18.4,13094748160,3216326656,368558080,43073536,853999616
2026-04-29T17:20:03.721586,17002643456,13876035584,3126607872,18.4,13098205184,3216326656,368558080,43073536,853999616
2026-04-29T17:20:04.725369,17002643456,13906198528,3096444928,18.2,13128368128,3160391680,368558080,43073536,853999616
2026-04-29T17:20:05.730687,17002643456,13900496896,3102146560,18.2,13122666496,3188129792,368558080,43073536,853999616
2026-04-29T17:20:06.732894,17002643456,13854785536,3147857920,18.5,13076955136,3304275968,368558080,43073536,853999616
2026-04-29T17:20:07.738624,17002643456,13726547968,3276095488,19.3,12918947840,3456679936,369197056,43237376,883982336
2026-04-29T17:20:08.743903,17002643456,13683064832,3319578624,19.5,12833685504,3465969664,369197056,43352064,926203904
2026-04-29T17:20:09.758128,17002643456,13678264320,3324379136,19.6,12827541504,3462184960,369311744,43352064,926744576
2026-04-29T17:20:10.762495,17002643456,13843070976,3159572480,18.6,12992348160,3332915200,369311744,43352064,926744576
2026-04-29T17:20:11.769421,17002643456,13824884736,3177758720,18.7,12974161920,3374088192,369311744,43352064,926744576
2026-04-29T17:20:12.788769,17002643456,13773766656,3228876800,19.0,12923043840,3461365760,369311744,43352064,926744576
2026-04-29T17:20:13.794449,17002643456,13635174400,3367469056,19.8,12784435200,3577544704,369328128,43368448,926744576
2026-04-29T17:20:14.796597,17002643456,13757808640,3244834816,19.1,12907069440,3416129536,369328128,43368448,926744576
2026-04-29T17:20:15.797615,17002643456,13757808640,3244834816,19.1,12907069440,3416129536,369328128,43368448,926744576
2026-04-29T17:20:16.798810,17002643456,13756399616,3246243840,19.1,12905660416,3425435648,369328128,43368448,926744576
2026-04-29T17:20:17.801210,17002643456,13764706304,3237937152,19.0,12913967104,3406921728,369328128,43368448,926744576
2026-04-29T17:20:18.809168,17002643456,13759381504,3243261952,19.1,12908625920,3434971136,369328128,43368448,926760960
2026-04-29T17:20:19.814575,17002643456,13873119232,3129524224,18.4,13022363648,3320561664,369328128,43368448,926760960
2026-04-29T17:20:20.821255,17002643456,13825687552,3176955904,18.7,12974931968,3418013696,369328128,43368448,926760960
2026-04-29T17:20:21.828374,17002643456,13779484672,3223158784,19.0,12928729088,3461529600,369328128,43368448,926760960
2026-04-29T17:20:22.833533,17002643456,13663977472,3338665984,19.6,12813221888,3558752256,369328128,43368448,926760960
2026-04-29T17:20:23.840830,17002643456,13736902656,3265740800,19.2,12886147072,3463954432,369328128,43368448,926760960
2026-04-29T17:20:24.851260,17002643456,13737345024,3265298432,19.2,12886589440,3463954432,369328128,43368448,926760960
2026-04-29T17:20:25.862038,17002643456,13916291072,3086352384,18.2,13065535488,3245654016,369328128,43368448,926760960
2026-04-29T17:20:26.867361,17002643456,13915111424,3087532032,18.2,13064355840,3273752576,369328128,43368448,926760960
2026-04-29T17:20:27.872399,17002643456,13905526784,3097116672,18.2,13054771200,3297067008,369328128,43368448,926760960
2026-04-29T17:20:28.873499,17002643456,13906558976,3096084480,18.2,13055803392,3297067008,369328128,43368448,926760960
2026-04-29T17:20:29.875545,17002643456,13910294528,3092348928,18.2,13059538944,3297853440,369328128,43368448,926760960
2026-04-29T17:20:30.878461,17002643456,13978124288,3024519168,17.8,13127368704,3238723584,369328128,43368448,926760960
2026-04-29T17:20:31.881234,17002643456,13952040960,3050602496,17.9,13101285376,3303800832,369328128,43368448,926760960
2026-04-29T17:20:32.884803,17002643456,13688832000,3313811456,19.5,12838076416,3503357952,369328128,43368448,926760960
2026-04-29T17:20:33.890056,17002643456,13545308160,3457335296,20.3,12694552576,3618078720,369328128,43368448,926760960
2026-04-29T17:20:34.901014,17002643456,13545308160,3457335296,20.3,12694552576,3589210112,369328128,43368448,926760960
2026-04-29T17:20:35.910079,17002643456,13685096448,3317547008,19.5,12834340864,3434610688,369328128,43368448,926760960
2026-04-29T17:20:36.920112,17002643456,13879164928,3123478528,18.4,13028409344,3321511936,369328128,43368448,926760960
2026-04-29T17:20:37.926200,17002643456,13861224448,3141419008,18.5,13010468864,3365191680,369328128,43368448,926760960
2026-04-29T17:20:38.930544,17002643456,13777911808,3224731648,19.0,12927156224,3478011904,369328128,43368448,926760960
2026-04-29T17:20:39.939613,17002643456,13613006848,3389636608,19.9,12762251264,3593109504,369328128,43368448,926760960
2026-04-29T17:20:40.941542,17002643456,13694173184,3308470272,19.5,12843417600,3466248192,369328128,43368448,926760960
2026-04-29T17:20:41.942563,17002643456,13695090688,3307552768,19.5,12844335104,3466248192,369328128,43368448,926760960
2026-04-29T17:20:42.944175,17002643456,13697318912,3305324544,19.4,12846563328,3466248192,369328128,43368448,926760960
2026-04-29T17:20:43.948633,17002643456,13704249344,3298394112,19.4,12853493760,3466248192,369328128,43368448,926760960
2026-04-29T17:20:44.952432,17002643456,13696319488,3306323968,19.4,12845563904,3466248192,369328128,43368448,926760960
2026-04-29T17:20:45.955427,17002643456,13705723904,3296919552,19.4,12854968320,3438575616,369328128,43368448,926760960
2026-04-29T17:20:46.960943,17002643456,13710213120,3292430336,19.4,12859457536,3449454592,369328128,43368448,926760960
2026-04-29T17:20:47.970375,17002643456,13799538688,3203104768,18.8,12948783104,3353460736,369328128,43368448,926760960
2026-04-29T17:20:48.976559,17002643456,13802979328,3199664128,18.8,12952223744,3438903296,369328128,43368448,926760960
2026-04-29T17:20:49.984743,17002643456,13818429440,3184214016,18.7,12967673856,3424239616,369328128,43368448,926760960
2026-04-29T17:20:50.990472,17002643456,13749862400,3252781056,19.1,12899106816,3492298752,369328128,43368448,926760960
2026-04-29T17:20:51.997381,17002643456,13737082880,3265560576,19.2,12886327296,3498393600,369328128,43368448,926760960
2026-04-29T17:20:53.004598,17002643456,13862633472,3140009984,18.5,13011877888,3380117504,369328128,43368448,926760960
2026-04-29T17:20:54.005854,17002643456,13843955712,3158687744,18.6,12993200128,3403988992,369328128,43368448,926760960
2026-04-29T17:20:55.021059,17002643456,13843955712,3158687744,18.6,12993200128,3403988992,369328128,43368448,926760960
2026-04-29T17:20:56.032190,17002643456,13688815616,3313827840,19.5,12838060032,3550330880,369328128,43368448,926760960
2026-04-29T17:20:57.052570,17002643456,13683900416,3318743040,19.5,12833144832,3492102144,369328128,43368448,926760960
2026-04-29T17:20:58.063628,17002643456,13760249856,3242393600,19.1,12909494272,3404890112,369328128,43368448,926760960
2026-04-29T17:20:59.112018,17002643456,13745012736,3257630720,19.2,12894257152,3468083200,369328128,43368448,926760960
2026-04-29T17:21:00.189758,17002643456,13797507072,3205136384,18.9,12946751488,3394699264,369328128,43368448,926760960
2026-04-29T17:21:01.227322,17002643456,13768507392,3234136064,19.0,12917751808,3442589696,369328128,43368448,926760960
2026-04-29T17:21:02.237710,17002643456,13675610112,3327033344,19.6,12824854528,3551035392,369328128,43368448,926760960
2026-04-29T17:21:03.250673,17002643456,13648838656,3353804800,19.7,12798083072,3579150336,369328128,43368448,926760960
2026-04-29T17:21:04.255573,17002643456,13732593664,3270049792,19.2,12881838080,3485138944,369328128,43368448,926760960
2026-04-29T17:21:05.257225,17002643456,13764837376,3237806080,19.0,12914081792,3459612672,369328128,43368448,926760960
2026-04-29T17:21:06.263190,17002643456,13688897536,3313745920,19.5,12838141952,3549757440,369328128,43368448,926760960
2026-04-29T17:21:07.264508,17002643456,13713408000,3289235456,19.3,12862652416,3494445056,369328128,43368448,926760960
2026-04-29T17:21:08.268380,17002643456,13715406848,3287236608,19.3,12864651264,3466395648,369328128,43368448,926760960
2026-04-29T17:21:09.272122,17002643456,13709705216,3292938240,19.4,12858949632,3494002688,369328128,43368448,926760960
2026-04-29T17:21:10.276552,17002643456,13713342464,3289300992,19.3,12862586880,3494002688,369328128,43368448,926760960
2026-04-29T17:21:11.281254,17002643456,13709705216,3292938240,19.4,12858949632,3495804928,369328128,43368448,926760960
2026-04-29T17:21:12.285888,17002643456,13746077696,3256565760,19.2,12895322112,3495329792,369328128,43368448,926760960
2026-04-29T17:21:13.291796,17002643456,13686800384,3315843072,19.5,12836044800,3532275712,369328128,43368448,926760960
2026-04-29T17:21:14.301144,17002643456,13686898688,3315744768,19.5,12836143104,3536846848,369328128,43368448,926760960
2026-04-29T17:21:15.307888,17002643456,13725630464,3277012992,19.3,12874874880,3516858368,369328128,43368448,926760960
2026-04-29T17:21:16.314116,17002643456,13724745728,3277897728,19.3,12873990144,3529146368,369328128,43368448,926760960
2026-04-29T17:21:17.321879,17002643456,13769097216,3233546240,19.0,12918341632,3471884288,369328128,43368448,926760960
2026-04-29T17:21:18.326380,17002643456,13754826752,3247816704,19.1,12904071168,3468705792,369328128,43368448,926760960
2026-04-29T17:21:19.329976,17002643456,13748879360,3253764096,19.1,12898123776,3482976256,369328128,43368448,926760960
2026-04-29T17:21:20.332559,17002643456,13741146112,3261497344,19.2,12890390528,3480666112,369328128,43368448,926760960
2026-04-29T17:21:21.334401,17002643456,13771243520,3231399936,19.0,12920487936,3451912192,369328128,43368448,926760960
2026-04-29T17:21:22.340665,17002643456,13880950784,3121692672,18.4,13030195200,3358130176,369328128,43368448,926760960
2026-04-29T17:21:23.345299,17002643456,13748846592,3253796864,19.1,12898091008,3455139840,369328128,43368448,926760960
2026-04-29T17:21:24.352794,17002643456,13739016192,3263627264,19.2,12888260608,3449044992,369328128,43368448,926760960
2026-04-29T17:21:25.364929,17002643456,13859094528,3143548928,18.5,13008338944,3380379648,369328128,43368448,926760960
2026-04-29T17:21:26.374377,17002643456,13760544768,3242098688,19.1,12909789184,3452076032,369328128,43368448,926760960
2026-04-29T17:21:27.386424,17002643456,13762478080,3240165376,19.1,12911722496,3453517824,369328128,43368448,926760960
2026-04-29T17:21:28.409693,17002643456,13923401728,3079241728,18.1,13072646144,3234611200,369328128,43368448,926760960
2026-04-29T17:21:29.422861,17002643456,13921026048,3081617408,18.1,13070270464,3252273152,369328128,43368448,926760960
2026-04-29T17:21:30.439138,17002643456,13916618752,3086024704,18.2,13065863168,3279994880,369328128,43368448,926760960
2026-04-29T17:21:31.447263,17002643456,13852721152,3149922304,18.5,13001965568,3385638912,369328128,43368448,926760960
2026-04-29T17:21:32.450107,17002643456,13728612352,3274031104,19.3,12877856768,3512090624,369328128,43368448,926760960
2026-04-29T17:21:33.451182,17002643456,13703135232,3299508224,19.4,12852379648,3476406272,369328128,43368448,926760960
2026-04-29T17:21:34.452885,17002643456,13708115968,3294527488,19.4,12857360384,3476406272,369328128,43368448,926760960
2026-04-29T17:21:35.457515,17002643456,13885128704,3117514752,18.3,13034373120,3312713728,369328128,43368448,926760960
2026-04-29T17:21:36.464511,17002643456,13908426752,3094216704,18.2,13057671168,3286237184,369328128,43368448,926760960
2026-04-29T17:21:37.470454,17002643456,13911785472,3090857984,18.2,13061029888,3314417664,369328128,43368448,926760960
2026-04-29T17:21:38.479647,17002643456,13837320192,3165323264,18.6,12986564608,3363110912,369328128,43368448,926760960
2026-04-29T17:21:39.492445,17002643456,13785956352,3216687104,18.9,12935200768,3402219520,369328128,43368448,926760960
2026-04-29T17:21:40.502868,17002643456,13782171648,3220471808,18.9,12931416064,3418980352,369328128,43368448,926760960
2026-04-29T17:21:41.507845,17002643456,13843202048,3159441408,18.6,12992446464,3370991616,369328128,43368448,926760960
2026-04-29T17:21:42.513291,17002643456,13928857600,3073785856,18.1,13078102016,3281190912,369328128,43368448,926760960
2026-04-29T17:21:43.525801,17002643456,13918142464,3084500992,18.1,13067386880,3309076480,369328128,43368448,926760960
2026-04-29T17:21:44.532262,17002643456,13918371840,3084271616,18.1,13067616256,3287334912,369328128,43368448,926760960
2026-04-29T17:21:45.533686,17002643456,13851131904,3151511552,18.5,13000376320,3386720256,369328128,43368448,926760960
2026-04-29T17:21:46.534679,17002643456,13851197440,3151446016,18.5,13000441856,3383312384,369328128,43368448,926760960
2026-04-29T17:21:47.536153,17002643456,13851410432,3151233024,18.5,13000654848,3383312384,369328128,43368448,926760960
2026-04-29T17:21:48.537853,17002643456,13854785536,3147857920,18.5,13004029952,3379757056,369328128,43368448,926760960
2026-04-29T17:21:49.543150,17002643456,13766557696,3236085760,19.0,12915802112,3457744896,369328128,43368448,926760960
2026-04-29T17:21:50.551369,17002643456,13857079296,3145564160,18.5,13006323712,3315171328,369328128,43368448,926760960
2026-04-29T17:21:51.556010,17002643456,13857357824,3145285632,18.5,13006602240,3316367360,369328128,43368448,926760960
2026-04-29T17:21:52.559176,17002643456,13856768000,3145875456,18.5,13006012416,3341565952,369328128,43368448,926760960
2026-04-29T17:21:53.565172,17002643456,13860438016,3142205440,18.5,13009682432,3341565952,369328128,43368448,926760960
2026-04-29T17:21:54.581327,17002643456,13870104576,3132538880,18.4,13019348992,3342073856,369328128,43368448,926760960
2026-04-29T17:21:55.593068,17002643456,13904953344,3097690112,18.2,13054197760,3315761152,369328128,43368448,926760960
2026-04-29T17:21:56.602150,17002643456,13902839808,3099803648,18.2,13052084224,3343712256,369328128,43368448,926760960
2026-04-29T17:21:57.615372,17002643456,13897678848,3104964608,18.3,13046923264,3363012608,369328128,43368448,926760960
2026-04-29T17:21:58.618901,17002643456,13859979264,3142664192,18.5,13009223680,3416784896,369328128,43368448,926760960
2026-04-29T17:21:59.620128,17002643456,13852360704,3150282752,18.5,13001605120,3420340224,369328128,43368448,926760960
2026-04-29T17:22:00.622171,17002643456,13869596672,3133046784,18.4,13018841088,3390341120,369328128,43368448,926760960
2026-04-29T17:22:01.625395,17002643456,13852819456,3149824000,18.5,13002063872,3395223552,369328128,43368448,926760960
2026-04-29T17:22:02.628779,17002643456,13736329216,3266314240,19.2,12885573632,3476652032,369328128,43368448,926760960
2026-04-29T17:22:03.633190,17002643456,13692092416,3310551040,19.5,12841336832,3468984320,369328128,43368448,926760960
2026-04-29T17:22:04.647822,17002643456,13902200832,3100442624,18.2,13051445248,3277930496,369328128,43368448,926760960
2026-04-29T17:22:05.659136,17002643456,13900513280,3102130176,18.2,13049757696,3292676096,369328128,43368448,926760960
2026-04-29T17:22:06.670119,17002643456,13901299712,3101343744,18.2,13050544128,3317563392,369328128,43368448,926760960
2026-04-29T17:22:07.729066,17002643456,13914374144,3088269312,18.2,13063618560,3310419968,369328128,43368448,926760960
2026-04-29T17:22:08.735732,17002643456,13900873728,3101769728,18.2,13050118144,3361619968,369328128,43368448,926760960
2026-04-29T17:22:09.741560,17002643456,13861437440,3141206016,18.5,13010681856,3397763072,369328128,43368448,926760960
2026-04-29T17:22:10.756388,17002643456,13861847040,3140796416,18.5,13011091456,3400810496,369328128,43368448,926760960
2026-04-29T17:22:11.758542,17002643456,13920272384,3082371072,18.1,13069516800,3338059776,369328128,43368448,926760960
2026-04-29T17:22:12.761374,17002643456,13919780864,3082862592,18.1,13069025280,3341615104,369328128,43368448,926760960
2026-04-29T17:22:13.763237,17002643456,13940441088,3062202368,18.0,13089685504,3288088576,369328128,43368448,926760960
2026-04-29T17:22:14.767731,17002643456,13910802432,3091841024,18.2,13060046848,3356213248,369328128,43368448,926760960
2026-04-29T17:22:15.774356,17002643456,13788168192,3214475264,18.9,12937412608,3460038656,369328128,43368448,926760960
2026-04-29T17:22:16.777735,17002643456,13882228736,3120414720,18.4,13031473152,3348709376,369328128,43368448,926760960
2026-04-29T17:22:17.784714,17002643456,13960577024,3042066432,17.9,13109821440,3282534400,369328128,43368448,926760960
2026-04-29T17:22:18.799209,17002643456,13969784832,3032858624,17.8,13119029248,3224518656,369328128,43368448,926760960
2026-04-29T17:22:19.807763,17002643456,13959102464,3043540992,17.9,13108346880,3308535808,369328128,43368448,926760960
2026-04-29T17:22:20.814951,17002643456,13943619584,3059023872,18.0,13092864000,3329867776,369328128,43368448,926760960
2026-04-29T17:22:21.822196,17002643456,13843349504,3159293952,18.6,12992593920,3413852160,369328128,43368448,926760960
2026-04-29T17:22:22.833923,17002643456,13771948032,3230695424,19.0,12921192448,3451224064,369328128,43368448,926760960
2026-04-29T17:22:23.841967,17002643456,13925302272,3077341184,18.1,13074546688,3279454208,369328128,43368448,926760960
2026-04-29T17:22:24.843180,17002643456,13905444864,3097198592,18.2,13054689280,3332571136,369328128,43368448,926760960
2026-04-29T17:22:25.844187,17002643456,13908295680,3094347776,18.2,13057540096,3332571136,369328128,43368448,926760960
2026-04-29T17:22:26.845941,17002643456,13912850432,3089793024,18.2,13062094848,3332571136,369328128,43368448,926760960
2026-04-29T17:22:27.848814,17002643456,13907083264,3095560192,18.2,13056327680,3353395200,369328128,43368448,926760960
2026-04-29T17:22:28.851582,17002643456,13846380544,3156262912,18.6,12995624960,3372859392,369328128,43368448,926760960
2026-04-29T17:22:29.861350,17002643456,13934313472,3068329984,18.0,13083557888,3290152960,369328128,43368448,926760960
2026-04-29T17:22:30.865381,17002643456,13900283904,3102359552,18.2,13049528320,3368206336,369328128,43368448,926760960
2026-04-29T17:22:31.878873,17002643456,13857030144,3145613312,18.5,13006274560,3412393984,369328128,43368448,926760960
2026-04-29T17:22:32.896902,17002643456,13775437824,3227205632,19.0,12924682240,3480420352,369328128,43368448,926760960
2026-04-29T17:22:33.906567,17002643456,13759217664,3243425792,19.1,12908462080,3453517824,369328128,43368448,926760960
2026-04-29T17:22:34.911978,17002643456,13917339648,3085303808,18.1,13066584064,3275063296,369328128,43368448,926760960
2026-04-29T17:22:35.919593,17002643456,13920043008,3082600448,18.1,13069287424,3276636160,369328128,43368448,926760960
2026-04-29T17:22:36.927911,17002643456,13910409216,3092234240,18.2,13059653632,3292381184,369328128,43368448,926760960
2026-04-29T17:22:37.929600,17002643456,13884293120,3118350336,18.3,13033537536,3335553024,369328128,43368448,926760960
2026-04-29T17:22:38.930680,17002643456,13884784640,3117858816,18.3,13034029056,3335553024,369328128,43368448,926760960
2026-04-29T17:22:39.932674,17002643456,13885046784,3117596672,18.3,13034291200,3308191744,369328128,43368448,926760960
2026-04-29T17:22:40.937837,17002643456,13888421888,3114221568,18.3,13037666304,3308191744,369328128,43368448,926760960
2026-04-29T17:22:41.940112,17002643456,13897269248,3105374208,18.3,13046513664,3308191744,369328128,43368448,926760960
2026-04-29T17:22:42.947862,17002643456,13905346560,3097296896,18.2,13054590976,3309207552,369328128,43368448,926760960
2026-04-29T17:22:43.952184,17002643456,13915160576,3087482880,18.2,13064404992,3350642688,369328128,43368448,926760960
2026-04-29T17:22:44.960553,17002643456,13884932096,3117711360,18.3,13034176512,3383214080,369328128,43368448,926760960
2026-04-29T17:22:45.963733,17002643456,13779009536,3223633920,19.0,12928253952,3480092672,369328128,43368448,926760960
2026-04-29T17:22:46.971963,17002643456,13759348736,3243294720,19.1,12908593152,3456040960,369328128,43368448,926760960
2026-04-29T17:22:47.980910,17002643456,13740179456,3262464000,19.2,12889423872,3477504000,369328128,43368448,926760960
2026-04-29T17:22:48.992205,17002643456,13840039936,3162603520,18.6,12989284352,3376545792,369328128,43368448,926760960
2026-04-29T17:22:49.999845,17002643456,13775372288,3227271168,19.0,12924616704,3451502592,369328128,43368448,926760960
2026-04-29T17:22:51.002569,17002643456,13745487872,3257155584,19.2,12894732288,3427254272,369328128,43368448,926760960
2026-04-29T17:22:52.003569,17002643456,13746552832,3256090624,19.2,12895797248,3427254272,369328128,43368448,926760960
2026-04-29T17:22:53.005660,17002643456,13749583872,3253059584,19.1,12898828288,3427254272,369328128,43368448,926760960
2026-04-29T17:22:54.009100,17002643456,13796196352,3206447104,18.9,12945440768,3377053696,369328128,43368448,926760960
2026-04-29T17:22:55.011663,17002643456,13794230272,3208413184,18.9,12943474688,3384164352,369328128,43368448,926760960
2026-04-29T17:22:56.019913,17002643456,13850673152,3151970304,18.5,12999917568,3336978432,369328128,43368448,926760960
2026-04-29T17:22:57.022447,17002643456,13830029312,3172614144,18.7,12979273728,3382067200,369328128,43368448,926760960
2026-04-29T17:22:58.028045,17002643456,13842743296,3159900160,18.6,12991987712,3352870912,369328128,43368448,926760960
2026-04-29T17:22:59.042425,17002643456,13800734720,3201908736,18.8,12949979136,3433496576,369328128,43368448,926760960
2026-04-29T17:23:00.048308,17002643456,13880541184,3122102272,18.4,13029785600,3359391744,369328128,43368448,926760960
2026-04-29T17:23:01.057439,17002643456,13788872704,3213770752,18.9,12938117120,3458891776,369328128,43368448,926760960
2026-04-29T17:23:02.066362,17002643456,13665746944,3336896512,19.6,12814991360,3566387200,369328128,43368448,926760960
2026-04-29T17:23:03.073551,17002643456,13766557696,3236085760,19.0,12915802112,3414589440,369328128,43368448,926760960
2026-04-29T17:23:04.075310,17002643456,13762265088,3240378368,19.1,12911509504,3393208320,369328128,43368448,926760960
2026-04-29T17:23:05.076341,17002643456,13766311936,3236331520,19.0,12915556352,3393208320,369328128,43368448,926760960
2026-04-29T17:23:06.080057,17002643456,13819756544,3182886912,18.7,12969000960,3356459008,369328128,43368448,926760960
2026-04-29T17:23:07.082228,17002643456,13849739264,3152904192,18.5,12998983680,3328901120,369328128,43368448,926760960
2026-04-29T17:23:08.087468,17002643456,13850591232,3152052224,18.5,12999835648,3328901120,369328128,43368448,926760960
2026-04-29T17:23:09.091848,17002643456,13856112640,3146530816,18.5,13005357056,3330523136,369328128,43368448,926760960
2026-04-29T17:23:10.096886,17002643456,13860405248,3142238208,18.5,13009649664,3347005440,369328128,43368448,926760960
2026-04-29T17:23:11.104648,17002643456,13868859392,3133784064,18.4,13018103808,3333128192,369328128,43368448,926760960
2026-04-29T17:23:12.114990,17002643456,13941358592,3061284864,18.0,13090603008,3285942272,369328128,43368448,926760960
2026-04-29T17:23:13.125925,17002643456,13939294208,3063349248,18.0,13088538624,3287973888,369328128,43368448,926760960
2026-04-29T17:23:14.134717,17002643456,13942095872,3060547584,18.0,13091340288,3291529216,369328128,43368448,926760960
2026-04-29T17:23:15.144592,17002643456,13932724224,3069919232,18.1,13081968640,3338256384,369328128,43368448,926760960
2026-04-29T17:23:16.150462,17002643456,13856194560,3146448896,18.5,13005438976,3393273856,369328128,43368448,926760960
2026-04-29T17:23:17.152846,17002643456,13861961728,3140681728,18.5,13011206144,3356983296,369328128,43368448,926760960
2026-04-29T17:23:18.153900,17002643456,13861961728,3140681728,18.5,13011206144,3356983296,369328128,43368448,926760960
2026-04-29T17:23:19.155378,17002643456,13863731200,3138912256,18.5,13012975616,3356983296,369328128,43368448,926760960
2026-04-29T17:23:20.158029,17002643456,13724368896,3278274560,19.3,12873613312,3505029120,369328128,43368448,926760960
2026-04-29T17:23:21.162017,17002643456,13675970560,3326672896,19.6,12825214976,3554115584,369328128,43368448,926760960
2026-04-29T17:23:22.167111,17002643456,13647396864,3355246592,19.7,12796641280,3521839104,369328128,43368448,926760960
2026-04-29T17:23:23.172087,17002643456,13666729984,3335913472,19.6,12815974400,3472015360,369328128,43368448,926760960
2026-04-29T17:23:24.179661,17002643456,13680148480,3322494976,19.5,12829392896,3445555200,369328128,43368448,926760960
2026-04-29T17:23:25.186788,17002643456,13680721920,3321921536,19.5,12829966336,3481108480,369328128,43368448,926760960
2026-04-29T17:23:26.192149,17002643456,13714112512,3288530944,19.3,12863356928,3459809280,369328128,43368448,926760960
2026-04-29T17:23:27.203856,17002643456,13716324352,3286319104,19.3,12865568768,3478683648,369328128,43368448,926760960
2026-04-29T17:23:28.210278,17002643456,13716996096,3285647360,19.3,12866240512,3502047232,369328128,43368448,926760960
2026-04-29T17:23:29.217451,17002643456,13656047616,3346595840,19.7,12805292032,3597271040,369328128,43368448,926760960
2026-04-29T17:23:30.219338,17002643456,13704347648,3298295808,19.4,12853592064,3531751424,369328128,43368448,926760960
2026-04-29T17:23:31.220355,17002643456,13704347648,3298295808,19.4,12853592064,3531751424,369328128,43368448,926760960
2026-04-29T17:23:32.221540,17002643456,13722419200,3280224256,19.3,12871663616,3505848320,369328128,43368448,926760960
2026-04-29T17:23:33.226003,17002643456,13740376064,3262267392,19.2,12889620480,3479388160,369328128,43368448,926760960
2026-04-29T17:23:34.230802,17002643456,13739606016,3263037440,19.2,12888850432,3492003840,369328128,43368448,926760960
2026-04-29T17:23:35.235595,17002643456,13732724736,3269918720,19.2,12881969152,3505717248,369328128,43368448,926760960
2026-04-29T17:23:36.242072,17002643456,13734264832,3268378624,19.2,12883509248,3507748864,369328128,43368448,926760960
2026-04-29T17:23:37.248776,17002643456,13794426880,3208216576,18.9,12943671296,3449749504,369328128,43368448,926760960
2026-04-29T17:23:38.254143,17002643456,13848363008,3154280448,18.6,12997607424,3420225536,369328128,43368448,926760960
2026-04-29T17:23:39.261469,17002643456,13932118016,3070525440,18.1,13081362432,3323314176,369328128,43368448,926760960
2026-04-29T17:23:40.271977,17002643456,13902626816,3100016640,18.2,13051871232,3364143104,369328128,43368448,926760960
2026-04-29T17:23:41.276313,17002643456,13780975616,3221667840,18.9,12930220032,3450912768,369328128,43368448,926760960
2026-04-29T17:23:42.280904,17002643456,13736738816,3265904640,19.2,12885983232,3497443328,369328128,43368448,926760960
2026-04-29T17:23:43.282808,17002643456,13729366016,3273277440,19.3,12878610432,3492528128,369328128,43368448,926760960
2026-04-29T17:23:44.283796,17002643456,13729366016,3273277440,19.3,12878610432,3492528128,369328128,43368448,926760960
2026-04-29T17:23:45.285035,17002643456,13735460864,3267182592,19.2,12884705280,3469524992,369328128,43368448,926760960
2026-04-29T17:23:46.287893,17002643456,13688569856,3314073600,19.5,12837814272,3549249536,369328128,43368448,926760960
2026-04-29T17:23:47.293037,17002643456,13670498304,3332145152,19.6,12819742720,3564486656,369328128,43368448,926760960
2026-04-29T17:23:48.299541,17002643456,13823049728,3179593728,18.7,12972294144,3374039040,369328128,43368448,926760960
2026-04-29T17:23:49.305761,17002643456,13779468288,3223175168,19.0,12928712704,3431153664,369328128,43368448,926760960
2026-04-29T17:23:50.311698,17002643456,13774798848,3227844608,19.0,12924043264,3422552064,369328128,43368448,926760960
2026-04-29T17:23:51.323599,17002643456,13754712064,3247931392,19.1,12903956480,3446128640,369328128,43368448,926760960
2026-04-29T17:23:52.328082,17002643456,13867728896,3134914560,18.4,13016973312,3328917504,369328128,43368448,926760960
2026-04-29T17:23:53.339493,17002643456,13858308096,3144335360,18.5,13007552512,3365961728,369328128,43368448,926760960
2026-04-29T17:23:54.346756,17002643456,13772783616,3229859840,19.0,12922028032,3484139520,369328128,43368448,926760960
2026-04-29T17:23:55.356147,17002643456,13630734336,3371909120,19.8,12779978752,3589177344,369328128,43368448,926760960
2026-04-29T17:23:56.357415,17002643456,13708705792,3293937664,19.4,12857950208,3448225792,369328128,43368448,926760960
2026-04-29T17:23:57.359138,17002643456,13709000704,3293642752,19.4,12858245120,3448225792,369328128,43368448,926760960
2026-04-29T17:23:58.365673,17002643456,13711654912,3290988544,19.4,12860899328,3475144704,369328128,43368448,926760960
2026-04-29T17:23:59.407242,17002643456,13711638528,3291004928,19.4,12860882944,3500113920,369328128,43368448,926760960
2026-04-29T17:24:00.460086,17002643456,13699350528,3303292928,19.4,12848594944,3527639040,369328128,43368448,926760960
2026-04-29T17:24:01.519287,17002643456,13769736192,3232907264,19.0,12918980608,3457679360,369328128,43368448,926760960
2026-04-29T17:24:02.564108,17002643456,13890355200,3112288256,18.3,13039583232,3345629184,369344512,43384832,926760960
2026-04-29T17:24:03.573613,17002643456,13842923520,3159719936,18.6,12992151552,3409084416,369344512,43384832,926760960
2026-04-29T17:24:04.592623,17002643456,13791559680,3211083776,18.9,12940787712,3437690880,369344512,43384832,926760960
2026-04-29T17:24:05.624829,17002643456,13757644800,3244998656,19.1,12906872832,3485908992,369344512,43384832,926760960
2026-04-29T17:24:06.631447,17002643456,13753221120,3249422336,19.1,12902449152,3489464320,369344512,43384832,926760960
2026-04-29T17:24:07.635452,17002643456,13889568768,3113074688,18.3,13038796800,3330834432,369344512,43384832,926760960
2026-04-29T17:24:08.641725,17002643456,13857619968,3145023488,18.5,13006848000,3376365568,369344512,43384832,926760960
2026-04-29T17:24:09.643703,17002643456,13891010560,3111632896,18.3,13040238592,3316596736,369344512,43384832,926760960
2026-04-29T17:24:10.645455,17002643456,13891010560,3111632896,18.3,13040238592,3316596736,369344512,43384832,926760960
2026-04-29T17:24:11.652868,17002643456,13936771072,3065872384,18.0,13085999104,3258597376,369344512,43384832,926760960
2026-04-29T17:24:12.655418,17002643456,13860421632,3142221824,18.5,13009649664,3346956288,369344512,43384832,926760960
2026-04-29T17:24:13.662913,17002643456,13908787200,3093856256,18.2,13058015232,3318202368,369344512,43384832,926760960
2026-04-29T17:24:14.675549,17002643456,13827145728,3175497728,18.7,12976373760,3407609856,369344512,43384832,926760960
2026-04-29T17:24:15.686261,17002643456,13677477888,3325165568,19.6,12826705920,3520544768,369344512,43384832,926760960
2026-04-29T17:24:16.694602,17002643456,13677477888,3325165568,19.6,12826705920,3495378944,369344512,43384832,926760960
2026-04-29T17:24:17.701737,17002643456,13744259072,3258384384,19.2,12893487104,3399942144,369344512,43384832,926760960
2026-04-29T17:24:18.721869,17002643456,13834993664,3167649792,18.6,12984221696,3313451008,369344512,43384832,926760960
2026-04-29T17:24:19.727661,17002643456,13860569088,3142074368,18.5,13009797120,3305062400,369344512,43384832,926760960
2026-04-29T17:24:20.739418,17002643456,13817069568,3185573888,18.7,12966297600,3399352320,369344512,43384832,926760960
2026-04-29T17:24:21.742912,17002643456,13876150272,3126493184,18.4,13025378304,3311714304,369344512,43384832,926760960
2026-04-29T17:24:22.744091,17002643456,13877264384,3125379072,18.4,13026492416,3311714304,369344512,43384832,926760960
2026-04-29T17:24:23.745651,17002643456,13877264384,3125379072,18.4,13026492416,3316793344,369344512,43384832,926760960
2026-04-29T17:24:24.750540,17002643456,13936459776,3066183680,18.0,13085687808,3261497344,369344512,43384832,926760960
2026-04-29T17:24:25.757257,17002643456,13941751808,3060891648,18.0,13090979840,3262955520,369344512,43384832,926760960
2026-04-29T17:24:26.765923,17002643456,13928235008,3074408448,18.1,13077463040,3329064960,369344512,43384832,926760960
2026-04-29T17:24:27.774352,17002643456,13904396288,3098247168,18.2,13053624320,3349643264,369344512,43384832,926760960
2026-04-29T17:24:28.780656,17002643456,13956284416,3046359040,17.9,13105512448,3270967296,369344512,43384832,926760960
2026-04-29T17:24:29.789464,17002643456,13917945856,3084697600,18.1,13067173888,3325804544,369344512,43384832,926760960
2026-04-29T17:24:30.802527,17002643456,13832945664,3169697792,18.6,12982173696,3373940736,369344512,43384832,926760960
2026-04-29T17:24:31.810103,17002643456,13809074176,3193569280,18.8,12958302208,3407773696,369344512,43384832,926760960
2026-04-29T17:24:32.822392,17002643456,13826146304,3176497152,18.7,12975374336,3397337088,369344512,43384832,926760960
2026-04-29T17:24:33.827151,17002643456,13922336768,3080306688,18.1,13071564800,3293364224,369344512,43384832,926760960
2026-04-29T17:24:34.831447,17002643456,13890142208,3112501248,18.3,13039370240,3353034752,369344512,43384832,926760960
2026-04-29T17:24:35.833951,17002643456,13871464448,3131179008,18.4,13020692480,3375382528,369344512,43384832,926760960
2026-04-29T17:24:36.835218,17002643456,13874315264,3128328192,18.4,13023543296,3350003712,369344512,43384832,926760960
2026-04-29T17:24:37.841481,17002643456,13902954496,3099688960,18.2,13052182528,3319988224,369344512,43384832,926760960
2026-04-29T17:24:38.845778,17002643456,13913341952,3089301504,18.2,13062569984,3321249792,369344512,43384832,926760960
2026-04-29T17:24:39.849689,17002643456,13893255168,3109388288,18.3,13042483200,3367600128,369344512,43384832,926760960
2026-04-29T17:24:40.853549,17002643456,13847789568,3154853888,18.6,12997017600,3419389952,369344512,43384832,926760960
2026-04-29T17:24:41.861724,17002643456,13767180288,3235463168,19.0,12916408320,3489284096,369344512,43384832,926760960
2026-04-29T17:24:42.869638,17002643456,13749239808,3253403648,19.1,12898467840,3502997504,369344512,43384832,926760960
2026-04-29T17:24:43.886179,17002643456,13775519744,3227123712,19.0,12924747776,3450191872,369344512,43384832,926760960
2026-04-29T17:24:44.898289,17002643456,13770014720,3232628736,19.0,12919242752,3470704640,369344512,43384832,926760960
2026-04-29T17:24:45.904202,17002643456,13853949952,3148693504,18.5,13003177984,3361423360,369344512,43384832,926760960
2026-04-29T17:24:46.908372,17002643456,13877690368,3124953088,18.4,13026918400,3336781824,369344512,43384832,926760960
2026-04-29T17:24:47.912411,17002643456,13880082432,3122561024,18.4,13029310464,3337224192,369344512,43384832,926760960
2026-04-29T17:24:48.913453,17002643456,13880131584,3122511872,18.4,13029359616,3337224192,369344512,43384832,926760960
2026-04-29T17:24:49.914993,17002643456,13883457536,3119185920,18.3,13032685568,3310927872,369344512,43384832,926760960
2026-04-29T17:24:50.916826,17002643456,13852868608,3149774848,18.5,13002096640,3376349184,369344512,43384832,926760960
2026-04-29T17:24:51.920729,17002643456,13853753344,3148890112,18.5,13002981376,3376349184,369344512,43384832,926760960
2026-04-29T17:24:52.928804,17002643456,13855145984,3147497472,18.5,13004374016,3376349184,369344512,43384832,926760960
2026-04-29T17:24:53.942354,17002643456,13805305856,3197337600,18.8,12954533888,3442327552,369344512,43384832,926760960
2026-04-29T17:24:54.948213,17002643456,13789626368,3213017088,18.9,12938854400,3427975168,369344512,43384832,926760960
2026-04-29T17:24:55.958209,17002643456,13705428992,3297214464,19.4,12854657024,3476307968,369344512,43384832,926760960
2026-04-29T17:24:56.968637,17002643456,13696450560,3306192896,19.4,12845678592,3455549440,369344512,43384832,926760960
2026-04-29T17:24:57.975580,17002643456,13708345344,3294298112,19.4,12857573376,3449470976,369344512,43384832,926760960
2026-04-29T17:24:58.988372,17002643456,13858275328,3144368128,18.5,13007503360,3300212736,369344512,43384832,926760960
2026-04-29T17:25:00.003815,17002643456,13858537472,3144105984,18.5,13007765504,3340222464,369344512,43384832,926760960
2026-04-29T17:25:01.005529,17002643456,13848182784,3154460672,18.6,12997410816,3355344896,369344512,43384832,926760960
2026-04-29T17:25:02.006521,17002643456,13848674304,3153969152,18.5,12997902336,3355344896,369344512,43384832,926760960
2026-04-29T17:25:03.008818,17002643456,13867466752,3135176704,18.4,13016694784,3327852544,369344512,43384832,926760960
2026-04-29T17:25:04.011347,17002643456,13867532288,3135111168,18.4,13016760320,3352739840,369344512,43384832,926760960
2026-04-29T17:25:05.020789,17002643456,13786677248,3215966208,18.9,12935905280,3461578752,369344512,43384832,926760960
2026-04-29T17:25:06.028657,17002643456,13791379456,3211264000,18.9,12940607488,3431104512,369344512,43384832,926760960
2026-04-29T17:25:07.041577,17002643456,13788037120,3214606336,18.9,12937265152,3431104512,369344512,43384832,926760960
2026-04-29T17:25:08.047908,17002643456,13796442112,3206201344,18.9,12945670144,3405283328,369344512,43384832,926760960
2026-04-29T17:25:09.056552,17002643456,13814497280,3188146176,18.8,12963725312,3398844416,369344512,43384832,926760960
2026-04-29T17:25:10.067401,17002643456,13844480000,3158163456,18.6,12993708032,3368402944,369344512,43384832,926760960
2026-04-29T17:25:11.081532,17002643456,13822853120,3179790336,18.7,12972081152,3389227008,369344512,43384832,926760960
2026-04-29T17:25:12.087820,17002643456,13728972800,3273670656,19.3,12878200832,3480649728,369344512,43384832,926760960
2026-04-29T17:25:13.094349,17002643456,13663223808,3339419648,19.6,12812451840,3512991744,369344512,43384832,926760960
2026-04-29T17:25:14.096404,17002643456,13653639168,3349004288,19.7,12802867200,3506274304,369344512,43384832,926760960
2026-04-29T17:25:15.097409,17002643456,13653639168,3349004288,19.7,12802867200,3506274304,369344512,43384832,926760960
2026-04-29T17:25:16.099185,17002643456,13654851584,3347791872,19.7,12804079616,3538321408,369344512,43384832,926760960
2026-04-29T17:25:17.102256,17002643456,13654605824,3348037632,19.7,12803833856,3550806016,369344512,43384832,926760960
2026-04-29T17:25:18.105951,17002643456,13827686400,3174957056,18.7,12976914432,3380002816,369344512,43384832,926760960
2026-04-29T17:25:19.114040,17002643456,13822115840,3180527616,18.7,12971343872,3405316096,369344512,43384832,926760960
2026-04-29T17:25:20.117805,17002643456,13856636928,3146006528,18.5,13005864960,3376414720,369344512,43384832,926760960
2026-04-29T17:25:21.120110,17002643456,13925531648,3077111808,18.1,13074759680,3304243200,369344512,43384832,926760960
2026-04-29T17:25:22.127321,17002643456,13915455488,3087187968,18.2,13064683520,3337830400,369344512,43384832,926760960
2026-04-29T17:25:23.136727,17002643456,13825261568,3177381888,18.7,12974489600,3391275008,369344512,43384832,926760960
2026-04-29T17:25:24.147399,17002643456,13688373248,3314270208,19.5,12837601280,3522723840,369344512,43384832,926760960
2026-04-29T17:25:25.159904,17002643456,13633814528,3368828928,19.8,12783042560,3571138560,369344512,43384832,926760960
2026-04-29T17:25:26.168703,17002643456,13647675392,3354968064,19.7,12796903424,3508289536,369344512,43384832,926760960
2026-04-29T17:25:27.170936,17002643456,13787791360,3214852096,18.9,12937019392,3400171520,369344512,43384832,926760960
2026-04-29T17:25:28.171981,17002643456,13787791360,3214852096,18.9,12937019392,3400171520,369344512,43384832,926760960
2026-04-29T17:25:29.176805,17002643456,13788659712,3213983744,18.9,12937887744,3375693824,369344512,43384832,926760960
2026-04-29T17:25:30.178983,17002643456,13796163584,3206479872,18.9,12945391616,3375775744,369344512,43384832,926760960
2026-04-29T17:25:31.184252,17002643456,13802192896,3200450560,18.8,12951420928,3378577408,369344512,43384832,926760960
2026-04-29T17:25:32.188659,17002643456,13796950016,3205693440,18.9,12946178048,3400253440,369344512,43384832,926760960
2026-04-29T17:25:33.196854,17002643456,13680230400,3322413056,19.5,12829458432,3558096896,369344512,43384832,926760960
2026-04-29T17:25:34.203637,17002643456,13578731520,3423911936,20.1,12727959552,3627679744,369344512,43384832,926760960
2026-04-29T17:25:35.216765,17002643456,13560545280,3442098176,20.2,12709773312,3627876352,369344512,43384832,926760960
2026-04-29T17:25:36.222387,17002643456,13814743040,3187900416,18.7,12963971072,3373203456,369344512,43384832,926760960
2026-04-29T17:25:37.229607,17002643456,13832519680,3170123776,18.6,12981747712,3344007168,369344512,43384832,926760960
2026-04-29T17:25:38.250115,17002643456,13826867200,3175776256,18.7,12976095232,3375792128,369344512,43384832,926760960
2026-04-29T17:25:39.253542,17002643456,13805486080,3197157376,18.8,12954714112,3416539136,369344512,43384832,926760960
2026-04-29T17:25:40.257489,17002643456,13880213504,3122429952,18.4,13029441536,3370500096,369344512,43384832,926859264
