timestamp,total,available,used,percent,free,active,inactive,buffers,cached
2026-07-08T14:15:33.274264,17006837760,16352067584,654770176,3.9,14085668864,971800576,1703346176,79806464,2320678912
2026-07-08T14:15:34.274972,17006837760,16338714624,668123136,3.9,14072315904,985481216,1703346176,79806464,2320711680
2026-07-08T14:15:35.275293,17006837760,16338714624,668123136,3.9,14072315904,985481216,1703346176,79806464,2320711680
2026-07-08T14:15:36.275705,17006837760,16340434944,666402816,3.9,14074036224,985481216,1703346176,79822848,2320711680
2026-07-08T14:15:37.276486,17006837760,16342351872,664485888,3.9,14075953152,985481216,1703346176,79822848,2320711680
2026-07-08T14:15:38.276845,17006837760,16326164480,680673280,4.0,14059732992,1004929024,1703378944,79822848,2320728064
2026-07-08T14:15:39.277708,17006837760,16318054400,688783360,4.1,14051622912,1009500160,1703378944,79822848,2320728064
2026-07-08T14:15:40.278915,17006837760,16318791680,688046080,4.0,14052360192,1009500160,1703378944,79822848,2320728064
2026-07-08T14:15:41.279814,17006837760,16323198976,683638784,4.0,14056767488,1009500160,1703378944,79839232,2320826368
2026-07-08T14:15:42.280279,17006837760,16321527808,685309952,4.0,14055096320,1009500160,1703378944,79839232,2320842752
2026-07-08T14:15:43.280593,17006837760,16322445312,684392448,4.0,14056013824,1009500160,1703378944,79839232,2320842752
2026-07-08T14:15:44.281076,17006837760,16324837376,682000384,4.0,14058405888,1009500160,1703378944,79839232,2320842752
2026-07-08T14:15:45.281963,17006837760,16333258752,673579008,4.0,14066810880,1002913792,1703395328,79839232,2320842752
2026-07-08T14:15:46.282491,17006837760,16330735616,676102144,4.0,14064173056,1010155520,1703510016,79839232,2320842752
2026-07-08T14:15:47.283934,17006837760,16327065600,679772160,4.0,14060486656,1013186560,1703526400,79839232,2320875520
2026-07-08T14:15:48.285794,17006837760,16323313664,683524096,4.0,14056734720,1016741888,1703526400,79839232,2320875520
2026-07-08T14:15:49.286726,17006837760,16324362240,682475520,4.0,14057783296,1016741888,1703526400,79839232,2320875520
2026-07-08T14:15:50.287403,17006837760,16327000064,679837696,4.0,14060421120,1016741888,1703526400,79839232,2320891904
2026-07-08T14:15:51.287781,17006837760,16329064448,677773312,4.0,14062485504,1016741888,1703526400,79855616,2320891904
2026-07-08T14:15:52.288180,17006837760,16330096640,676741120,4.0,14063517696,1016741888,1703526400,79855616,2320891904
2026-07-08T14:15:53.288570,17006837760,16332619776,674217984,4.0,14066040832,1016741888,1703526400,79855616,2320891904
2026-07-08T14:15:54.288953,17006837760,16333340672,673497088,4.0,14066761728,1016741888,1703526400,79855616,2320891904
2026-07-08T14:15:55.289339,17006837760,16335093760,671744000,3.9,14068514816,1016741888,1703526400,79855616,2320908288
2026-07-08T14:15:56.289766,17006837760,16333094912,673742848,4.0,14066515968,1016741888,1703526400,79872000,2320908288
2026-07-08T14:15:57.290219,17006837760,16332816384,674021376,4.0,14066237440,1016741888,1703526400,79872000,2320908288
2026-07-08T14:15:58.290650,17006837760,16333832192,673005568,4.0,14067253248,1016741888,1703526400,79872000,2320908288
2026-07-08T14:15:59.291075,17006837760,16337059840,669777920,3.9,14070480896,1016741888,1703526400,79872000,2320908288
2026-07-08T14:16:00.291502,17006837760,16338092032,668745728,3.9,14071513088,1016741888,1703526400,79872000,2320924672
2026-07-08T14:16:01.291945,17006837760,16335650816,671186944,3.9,14069071872,1016741888,1703526400,79888384,2320924672
2026-07-08T14:16:02.293096,17006837760,16334438400,672399360,4.0,14067859456,1016758272,1703526400,79888384,2320924672
2026-07-08T14:16:03.293506,17006837760,16335175680,671662080,3.9,14068596736,1016758272,1703526400,79888384,2320924672
2026-07-08T14:16:04.293899,17006837760,16338272256,668565504,3.9,14071693312,1016758272,1703526400,79888384,2320924672
2026-07-08T14:16:05.294617,17006837760,16337043456,669794304,3.9,14070464512,1016758272,1703526400,79888384,2320941056
2026-07-08T14:16:06.295049,17006837760,16343859200,662978560,3.9,14077214720,1003569152,1703591936,79904768,2320941056
2026-07-08T14:16:07.295510,17006837760,16342810624,664027136,3.9,14076166144,1003683840,1703591936,79904768,2320941056
2026-07-08T14:16:08.295995,17006837760,16346185728,660652032,3.9,14079541248,1003683840,1703591936,79904768,2320941056
2026-07-08T14:16:09.296297,17006837760,16349184000,657653760,3.9,14082539520,1003683840,1703591936,79904768,2320957440
2026-07-08T14:16:10.296567,17006837760,16349872128,656965632,3.9,14083227648,1003683840,1703591936,79904768,2320957440
2026-07-08T14:16:11.296932,17006837760,16351805440,655032320,3.9,14085160960,1003683840,1703591936,79921152,2320957440
2026-07-08T14:16:12.297357,17006837760,16353509376,653328384,3.8,14086864896,1003683840,1703591936,79921152,2320957440
2026-07-08T14:16:13.298154,17006837760,16354852864,651984896,3.8,14088208384,1003683840,1703591936,79921152,2320957440
2026-07-08T14:16:14.298748,17006837760,16347103232,659734528,3.9,14080344064,1009664000,1703706624,79921152,2320973824
2026-07-08T14:16:15.299665,17006837760,16335503360,671334400,3.9,14068744192,1020837888,1703706624,79921152,2320973824
2026-07-08T14:16:16.301051,17006837760,16336748544,670089216,3.9,14069989376,1020837888,1703706624,79921152,2320973824
2026-07-08T14:16:17.301389,17006837760,16333799424,673038336,4.0,14067040256,1021853696,1703706624,79921152,2320990208
2026-07-08T14:16:18.301669,17006837760,16332849152,673988608,4.0,14066089984,1021853696,1703706624,79921152,2320990208
2026-07-08T14:16:19.301947,17006837760,16335126528,671711232,3.9,14068367360,1021853696,1703706624,79921152,2320990208
2026-07-08T14:16:20.302227,17006837760,16337125376,669712384,3.9,14070366208,1021853696,1703706624,79921152,2320990208
2026-07-08T14:16:21.302505,17006837760,16337993728,668844032,3.9,14071234560,1021853696,1703706624,79937536,2320990208
2026-07-08T14:16:22.302784,17006837760,16339599360,667238400,3.9,14072840192,1021853696,1703706624,79937536,2321006592
2026-07-08T14:16:23.303065,17006837760,16340025344,666812416,3.9,14073266176,1021853696,1703706624,79937536,2321006592
2026-07-08T14:16:24.304135,17006837760,16345759744,661078016,3.9,14078951424,1008893952,1703755776,79937536,2321006592
2026-07-08T14:16:25.304450,17006837760,16344301568,662536192,3.9,14077493248,1008893952,1703755776,79937536,2321006592
2026-07-08T14:16:26.304732,17006837760,16346841088,659996672,3.9,14080032768,1008893952,1703755776,79953920,2321022976
2026-07-08T14:16:27.305010,17006837760,16348069888,658767872,3.9,14081261568,1008893952,1703755776,79953920,2321121280
2026-07-08T14:16:28.305289,17006837760,16348807168,658030592,3.9,14081998848,1008893952,1703755776,79953920,2321121280
2026-07-08T14:16:29.305599,17006837760,16351313920,655523840,3.9,14084505600,1008893952,1703755776,79953920,2321121280
2026-07-08T14:16:30.305920,17006837760,16351346688,655491072,3.9,14084538368,1008893952,1703755776,79953920,2321121280
2026-07-08T14:16:31.306247,17006837760,16352706560,654131200,3.8,14085898240,1008893952,1703755776,79970304,2321137664
2026-07-08T14:16:32.306574,17006837760,16352935936,653901824,3.8,14085963776,1009172480,1703919616,79970304,2321235968
2026-07-08T14:16:33.309757,17006837760,16352952320,653885440,3.8,14085980160,1009172480,1703919616,79970304,2321235968
2026-07-08T14:16:34.310212,17006837760,16353460224,653377536,3.8,14086488064,1009172480,1703919616,79970304,2321235968
2026-07-08T14:16:35.310564,17006837760,16355426304,651411456,3.8,14088454144,1009172480,1703919616,79970304,2321235968
2026-07-08T14:16:36.310840,17006837760,16353198080,653639680,3.8,14086225920,1009172480,1703919616,79986688,2321350656
2026-07-08T14:16:37.311118,17006837760,16354033664,652804096,3.8,14087061504,1009172480,1703919616,79986688,2321350656
2026-07-08T14:16:38.311443,17006837760,16355459072,651378688,3.8,14088486912,1009172480,1703919616,79986688,2321350656
2026-07-08T14:16:39.312036,17006837760,16355688448,651149312,3.8,14088716288,1009172480,1703919616,79986688,2321350656
2026-07-08T14:16:40.312356,17006837760,16355442688,651395072,3.8,14088470528,1009172480,1703919616,79986688,2321367040
2026-07-08T14:16:41.312636,17006837760,16355901440,650936320,3.8,14088929280,1009172480,1703919616,80003072,2321367040
2026-07-08T14:16:42.312986,17006837760,16355983360,650854400,3.8,14088912896,1009221632,1704017920,80003072,2321367040
2026-07-08T14:16:43.313376,17006837760,16355491840,651345920,3.8,14088421376,1009221632,1704017920,80003072,2321367040
2026-07-08T14:16:44.313785,17006837760,16356491264,650346496,3.8,14089420800,1009221632,1704017920,80003072,2321367040
2026-07-08T14:16:45.314111,17006837760,16357048320,649789440,3.8,14089977856,1009221632,1704017920,80003072,2321383424
2026-07-08T14:16:46.314554,17006837760,16355803136,651034624,3.8,14088732672,1009221632,1704017920,80019456,2321383424
2026-07-08T14:16:47.314858,17006837760,16354820096,652017664,3.8,14087749632,1009221632,1704017920,80019456,2321383424
2026-07-08T14:16:48.315138,17006837760,16352591872,654245888,3.8,14085521408,1009221632,1704017920,80019456,2321481728
2026-07-08T14:16:49.315417,17006837760,16350412800,656424960,3.9,14083342336,1009221632,1704017920,80019456,2321498112
2026-07-08T14:16:50.315699,17006837760,16348446720,658391040,3.9,14081376256,1009221632,1704017920,80019456,2321498112
2026-07-08T14:16:51.316013,17006837760,16349331456,657506304,3.9,14082260992,1009221632,1704017920,80019456,2321498112
2026-07-08T14:16:52.316555,17006837760,16350494720,656343040,3.9,14083424256,1009221632,1704017920,80019456,2321498112
2026-07-08T14:16:53.316898,17006837760,16348282880,658554880,3.9,14081212416,1009221632,1704017920,80019456,2321498112
2026-07-08T14:16:54.317175,17006837760,16348626944,658210816,3.9,14081556480,1009221632,1704017920,80019456,2321514496
2026-07-08T14:16:55.317458,17006837760,16349233152,657604608,3.9,14082162688,1009221632,1704017920,80019456,2321629184
2026-07-08T14:16:56.317737,17006837760,16346841088,659996672,3.9,14079754240,1009221632,1704017920,80035840,2321760256
2026-07-08T14:16:57.318092,17006837760,16342417408,664420352,3.9,14074970112,1009369088,1704378368,80035840,2321760256
2026-07-08T14:16:58.318404,17006837760,16343138304,663699456,3.9,14075691008,1009369088,1704378368,80035840,2321776640
2026-07-08T14:16:59.318768,17006837760,16347136000,659701760,3.9,14079688704,1009369088,1704378368,80035840,2321891328
2026-07-08T14:17:00.319054,17006837760,16348643328,658194432,3.9,14081196032,1009369088,1704378368,80035840,2321891328
2026-07-08T14:17:01.319366,17006837760,16349347840,657489920,3.9,14081900544,1009369088,1704378368,80052224,2321891328
2026-07-08T14:17:02.319679,17006837760,16327966720,678871040,4.0,14060158976,1009860608,1704738816,80052224,2321989632
2026-07-08T14:17:03.320008,17006837760,16328081408,678756352,4.0,14060273664,1010139136,1704738816,80052224,2322006016
2026-07-08T14:17:04.320342,17006837760,16334864384,671973376,4.0,14067056640,1010139136,1704738816,80052224,2322006016
2026-07-08T14:17:05.320665,17006837760,16336961536,669876224,3.9,14069153792,1010139136,1704738816,80052224,2322006016
2026-07-08T14:17:06.321184,17006837760,16338173952,668663808,3.9,14070366208,1010139136,1704738816,80068608,2322006016
2026-07-08T14:17:07.325360,17006837760,16335798272,671039488,3.9,14067957760,1017217024,1704771584,80068608,2322022400
2026-07-08T14:17:08.325933,17006837760,16331866112,674971648,4.0,14064025600,1018740736,1704771584,80068608,2322022400
2026-07-08T14:17:09.326645,17006837760,16331702272,675135488,4.0,14063861760,1018740736,1704771584,80068608,2322022400
2026-07-08T14:17:10.327024,17006837760,16336027648,670810112,3.9,14068187136,1018740736,1704771584,80068608,2322022400
2026-07-08T14:17:11.327302,17006837760,16334569472,672268288,4.0,14066728960,1018740736,1704771584,80084992,2322137088
2026-07-08T14:17:12.327577,17006837760,16331227136,675610624,4.0,14063386624,1018740736,1704771584,80084992,2322137088
2026-07-08T14:17:13.327851,17006837760,16333324288,673513472,4.0,14065483776,1018740736,1704771584,80084992,2322235392
2026-07-08T14:17:14.328311,17006837760,16343072768,663764992,3.9,14075019264,1010614272,1704984576,80084992,2322235392
2026-07-08T14:17:15.329682,17006837760,16343285760,663552000,3.9,14075232256,1010614272,1704984576,80084992,2322251776
2026-07-08T14:17:16.329998,17006837760,16345743360,661094400,3.9,14077689856,1010614272,1704984576,80101376,2322251776
2026-07-08T14:17:17.330322,17006837760,16346087424,660750336,3.9,14078033920,1010614272,1704984576,80101376,2322251776
2026-07-08T14:17:18.330648,17006837760,16347152384,659685376,3.9,14079082496,1010663424,1705000960,80101376,2322251776
2026-07-08T14:17:19.331001,17006837760,16349134848,657702912,3.9,14081064960,1010663424,1705000960,80101376,2322251776
2026-07-08T14:17:20.331352,17006837760,16349822976,657014784,3.9,14081753088,1010663424,1705000960,80101376,2322366464
2026-07-08T14:17:21.331896,17006837760,16350035968,656801792,3.9,14081966080,1010663424,1705000960,80101376,2322366464
2026-07-08T14:17:22.332316,17006837760,16351412224,655425536,3.9,14083342336,1010663424,1705000960,80101376,2322366464
2026-07-08T14:17:23.332592,17006837760,16351510528,655327232,3.9,14083440640,1010663424,1705000960,80101376,2322464768
2026-07-08T14:17:24.332871,17006837760,16352378880,654458880,3.8,14084308992,1010663424,1705000960,80101376,2322595840
2026-07-08T14:17:25.333182,17006837760,16353656832,653180928,3.8,14085586944,1010663424,1705000960,80101376,2322595840
2026-07-08T14:17:26.333530,17006837760,16353902592,652935168,3.8,14085832704,1010663424,1705000960,80101376,2322595840
2026-07-08T14:17:27.334013,17006837760,16351887360,654950400,3.9,14083817472,1010663424,1705000960,80117760,2322710528
2026-07-08T14:17:28.334441,17006837760,16352067584,654770176,3.9,14083997696,1010663424,1705000960,80117760,2322710528
2026-07-08T14:17:29.335037,17006837760,16351821824,655015936,3.9,14083751936,1010663424,1705000960,80117760,2322857984
2026-07-08T14:17:30.335687,17006837760,16352280576,654557184,3.8,14084210688,1010663424,1705000960,80117760,2322972672
2026-07-08T14:17:31.336207,17006837760,16352264192,654573568,3.8,14084194304,1010663424,1705000960,80117760,2322972672
2026-07-08T14:17:32.336569,17006837760,16353771520,653066240,3.8,14085259264,1010679808,1705443328,80134144,2322972672
2026-07-08T14:17:33.336860,17006837760,16353280000,653557760,3.8,14084767744,1010679808,1705443328,80134144,2322989056
2026-07-08T14:17:34.337673,17006837760,16353132544,653705216,3.8,14084489216,1010696192,1705574400,80134144,2322989056
2026-07-08T14:17:35.338557,17006837760,16352247808,654589952,3.8,14083604480,1010696192,1705574400,80134144,2322989056
2026-07-08T14:17:36.338834,17006837760,16347824128,659013632,3.9,14079180800,1010696192,1705574400,80134144,2323103744
2026-07-08T14:17:37.339141,17006837760,16348299264,658538496,3.9,14079655936,1010696192,1705574400,80150528,2323120128
2026-07-08T14:17:38.339464,17006837760,16349249536,657588224,3.9,14080606208,1010696192,1705574400,80150528,2323120128
2026-07-08T14:17:39.339795,17006837760,16347103232,659734528,3.9,14078459904,1010696192,1705574400,80150528,2323120128
2026-07-08T14:17:40.340366,17006837760,16347332608,659505152,3.9,14078689280,1010696192,1705574400,80150528,2323120128
2026-07-08T14:17:41.340678,17006837760,16347529216,659308544,3.9,14078885888,1010696192,1705574400,80150528,2323120128
2026-07-08T14:17:42.340958,17006837760,16348692480,658145280,3.9,14080049152,1010696192,1705574400,80166912,2323136512
2026-07-08T14:17:43.341230,17006837760,16348151808,658685952,3.9,14079082496,1010778112,1706000384,80166912,2323234816
2026-07-08T14:17:44.341511,17006837760,16349609984,657227776,3.9,14080540672,1010778112,1706000384,80166912,2323234816
2026-07-08T14:17:45.341817,17006837760,16350806016,656031744,3.9,14081736704,1010778112,1706000384,80166912,2323234816
2026-07-08T14:17:46.342137,17006837760,16350986240,655851520,3.9,14081916928,1010778112,1706000384,80166912,2323251200
2026-07-08T14:17:47.342466,17006837760,16351625216,655212544,3.9,14082555904,1010778112,1706000384,80183296,2323365888
2026-07-08T14:17:48.345500,17006837760,16353132544,653705216,3.8,14084063232,1010778112,1706000384,80183296,2323365888
2026-07-08T14:17:49.345813,17006837760,16354344960,652492800,3.8,14085275648,1010778112,1706000384,80183296,2323365888
2026-07-08T14:17:50.346162,17006837760,16354754560,652083200,3.8,14085685248,1010778112,1706000384,80183296,2323365888
2026-07-08T14:17:51.346439,17006837760,16354836480,652001280,3.8,14085767168,1010778112,1706000384,80183296,2323382272
2026-07-08T14:17:52.346714,17006837760,16355295232,651542528,3.8,14086225920,1010778112,1706000384,80183296,2323382272
2026-07-08T14:17:53.347752,17006837760,16354918400,651919360,3.8,14085849088,1010778112,1706000384,80183296,2323382272
2026-07-08T14:17:54.348063,17006837760,16354754560,652083200,3.8,14085603328,1010843648,1706082304,80183296,2323382272
2026-07-08T14:17:55.348411,17006837760,16353722368,653115392,3.8,14084571136,1010843648,1706082304,80183296,2323398656
2026-07-08T14:17:56.348759,17006837760,16353296384,653541376,3.8,14084145152,1010843648,1706082304,80183296,2323398656
2026-07-08T14:17:57.349035,17006837760,16353542144,653295616,3.8,14084390912,1010843648,1706082304,80199680,2323398656
2026-07-08T14:17:58.349346,17006837760,16352542720,654295040,3.8,14083391488,1010843648,1706082304,80199680,2323398656
2026-07-08T14:17:59.349664,17006837760,16351559680,655278080,3.9,14082408448,1010843648,1706082304,80199680,2323398656
2026-07-08T14:18:00.349981,17006837760,16352067584,654770176,3.9,14082916352,1010843648,1706082304,80199680,2323415040
2026-07-08T14:18:01.353791,17006837760,16353378304,653459456,3.8,14084227072,1010843648,1706082304,80199680,2323415040
2026-07-08T14:18:02.354329,17006837760,16351264768,655572992,3.9,14082113536,1010843648,1706082304,80216064,2323415040
2026-07-08T14:18:03.354634,17006837760,16351379456,655458304,3.9,14082228224,1010843648,1706082304,80216064,2323415040
2026-07-08T14:18:04.354903,17006837760,16351559680,655278080,3.9,14082228224,1010892800,1706262528,80216064,2323431424
2026-07-08T14:18:05.355176,17006837760,16347807744,659030016,3.9,14078476288,1010892800,1706262528,80216064,2323529728
2026-07-08T14:18:06.355450,17006837760,16349249536,657588224,3.9,14079918080,1010892800,1706262528,80216064,2323529728
2026-07-08T14:18:07.355756,17006837760,16349200384,657637376,3.9,14079868928,1010892800,1706262528,80232448,2323529728
2026-07-08T14:18:08.356081,17006837760,16349937664,656900096,3.9,14080606208,1010892800,1706262528,80232448,2323529728
2026-07-08T14:18:09.356397,17006837760,16350904320,655933440,3.9,14081572864,1010892800,1706262528,80232448,2323546112
2026-07-08T14:18:10.356720,17006837760,16351395840,655441920,3.9,14082064384,1010892800,1706262528,80232448,2323546112
2026-07-08T14:18:11.357096,17006837760,16352526336,654311424,3.8,14083194880,1010892800,1706262528,80232448,2323546112
2026-07-08T14:18:12.357407,17006837760,16352919552,653918208,3.8,14083588096,1010892800,1706262528,80248832,2323546112
2026-07-08T14:18:13.357689,17006837760,16353624064,653213696,3.8,14084292608,1010892800,1706262528,80248832,2323562496
2026-07-08T14:18:14.357970,17006837760,16354197504,652640256,3.8,14084866048,1010892800,1706262528,80248832,2323562496
2026-07-08T14:18:15.358250,17006837760,16355147776,651689984,3.8,14085816320,1010892800,1706262528,80248832,2323562496
2026-07-08T14:18:16.358558,17006837760,16353656832,653180928,3.8,14084325376,1010892800,1706262528,80248832,2323562496
2026-07-08T14:18:17.358885,17006837760,16352673792,654163968,3.8,14083342336,1010892800,1706262528,80248832,2323562496
2026-07-08T14:18:18.359178,17006837760,16352444416,654393344,3.8,14083112960,1010892800,1706262528,80248832,2323578880
2026-07-08T14:18:19.359531,17006837760,16349446144,657391616,3.9,14080114688,1010892800,1706262528,80248832,2323578880
2026-07-08T14:18:20.359813,17006837760,16348954624,657883136,3.9,14079623168,1010892800,1706262528,80248832,2323578880
2026-07-08T14:18:21.360089,17006837760,16349462528,657375232,3.9,14080114688,1010892800,1706262528,80248832,2323709952
2026-07-08T14:18:22.360366,17006837760,16349708288,657129472,3.9,14080360448,1010892800,1706262528,80265216,2323709952
2026-07-08T14:18:23.360674,17006837760,16350412800,656424960,3.9,14081064960,1010892800,1706262528,80265216,2323726336
2026-07-08T14:18:24.360987,17006837760,16351297536,655540224,3.9,14081949696,1010892800,1706262528,80265216,2323726336
2026-07-08T14:18:25.361327,17006837760,16351936512,654901248,3.9,14082588672,1010892800,1706262528,80265216,2323726336
2026-07-08T14:18:26.361831,17006837760,16349560832,657276928,3.9,14079885312,1012088832,1706590208,80265216,2323726336
2026-07-08T14:18:27.367570,17006837760,16339271680,667566080,3.9,14069563392,1020690432,1706622976,80281600,2323742720
2026-07-08T14:18:28.368078,17006837760,16324329472,682508288,4.0,14054621184,1023737856,1706622976,80281600,2323742720
2026-07-08T14:18:29.368733,17006837760,16324558848,682278912,4.0,14054850560,1023737856,1706622976,80281600,2323742720
2026-07-08T14:18:30.369943,17006837760,16322592768,684244992,4.0,14052884480,1023737856,1706622976,80281600,2323742720
2026-07-08T14:18:31.370472,17006837760,16321413120,685424640,4.0,14051688448,1024229376,1706639360,80281600,2323873792
2026-07-08T14:18:32.370961,17006837760,16320987136,685850624,4.0,14051262464,1024229376,1706639360,80297984,2323873792
2026-07-08T14:18:33.371675,17006837760,16321003520,685834240,4.0,14051278848,1024229376,1706639360,80297984,2323873792
2026-07-08T14:18:34.372766,17006837760,16332488704,674349056,4.0,14062583808,1011712000,1706819584,80297984,2323873792
2026-07-08T14:18:35.373595,17006837760,16333733888,673103872,4.0,14063812608,1011728384,1706835968,80297984,2323890176
2026-07-08T14:18:36.374757,17006837760,16336715776,670121984,3.9,14066794496,1011728384,1706835968,80297984,2323890176
2026-07-08T14:18:37.375202,17006837760,16339353600,667484160,3.9,14069432320,1011728384,1706835968,80314368,2323890176
2026-07-08T14:18:38.375662,17006837760,16340467712,666370048,3.9,14070546432,1011728384,1706835968,80314368,2323890176
2026-07-08T14:18:39.376329,17006837760,16342188032,664649728,3.9,14072266752,1011728384,1706835968,80314368,2323890176
2026-07-08T14:18:40.376801,17006837760,16343973888,662863872,3.9,14074052608,1011728384,1706835968,80314368,2323906560
2026-07-08T14:18:41.377508,17006837760,16344711168,662126592,3.9,14074789888,1011728384,1706835968,80314368,2323906560
2026-07-08T14:18:42.377942,17006837760,16346185728,660652032,3.9,14076264448,1011728384,1706835968,80330752,2323906560
2026-07-08T14:18:43.378374,17006837760,16347430912,659406848,3.9,14077509632,1011728384,1706835968,80330752,2323906560
2026-07-08T14:18:44.378806,17006837760,16348168192,658669568,3.9,14078246912,1011728384,1706835968,80330752,2323922944
2026-07-08T14:18:45.379242,17006837760,16349413376,657424384,3.9,14079492096,1011728384,1706835968,80330752,2323922944
2026-07-08T14:18:46.379662,17006837760,16350806016,656031744,3.9,14080884736,1011728384,1706835968,80330752,2323922944
2026-07-08T14:18:47.380064,17006837760,16351051776,655785984,3.9,14081130496,1011728384,1706835968,80330752,2323922944
2026-07-08T14:18:48.380487,17006837760,16350806016,656031744,3.9,14080884736,1011728384,1706835968,80330752,2323922944
2026-07-08T14:18:49.380904,17006837760,16351461376,655376384,3.9,14081540096,1011728384,1706835968,80330752,2323939328
2026-07-08T14:18:50.384021,17006837760,16353165312,653672448,3.8,14083244032,1011728384,1706835968,80330752,2323939328
2026-07-08T14:18:51.384428,17006837760,16354033664,652804096,3.8,14084112384,1011728384,1706835968,80330752,2323939328
2026-07-08T14:18:52.384697,17006837760,16350920704,655917056,3.9,14080999424,1011728384,1706835968,80347136,2324037632
2026-07-08T14:18:53.384970,17006837760,16351969280,654868480,3.9,14082048000,1011728384,1706835968,80347136,2324037632
2026-07-08T14:18:54.385324,17006837760,16352034816,654802944,3.9,14082113536,1011728384,1706835968,80347136,2324054016
2026-07-08T14:18:55.385748,17006837760,16352100352,654737408,3.8,14082179072,1011728384,1706835968,80347136,2324054016
2026-07-08T14:18:56.388298,17006837760,16346431488,660406272,3.9,14076510208,1011728384,1706835968,80347136,2324054016
2026-07-08T14:18:57.388621,17006837760,16343564288,663273472,3.9,14073643008,1011728384,1706835968,80363520,2324054016
2026-07-08T14:18:58.389010,17006837760,16346480640,660357120,3.9,14076559360,1011728384,1706835968,80363520,2324070400
2026-07-08T14:18:59.389299,17006837760,16347955200,658882560,3.9,14078033920,1011728384,1706835968,80363520,2324070400
2026-07-08T14:19:00.389618,17006837760,16348364800,658472960,3.9,14078443520,1011728384,1706835968,80363520,2324070400
2026-07-08T14:19:01.390034,17006837760,16349970432,656867328,3.9,14080049152,1011728384,1706835968,80363520,2324070400
2026-07-08T14:19:02.393532,17006837760,16342827008,664010752,3.9,14072709120,1018134528,1707032576,80379904,2324086784
2026-07-08T14:19:03.394327,17006837760,16323903488,682934272,4.0,14053785600,1029308416,1707032576,80379904,2324086784
2026-07-08T14:19:04.394851,17006837760,16309174272,697663488,4.1,14039056384,1039466496,1707032576,80379904,2324086784
2026-07-08T14:19:05.397672,17006837760,16294690816,712146944,4.2,14024556544,1051131904,1707048960,80379904,2324103168
2026-07-08T14:19:06.398207,17006837760,16288858112,717979648,4.2,14018658304,1060798464,1707114496,80379904,2324103168
2026-07-08T14:19:07.398600,17006837760,16288858112,717979648,4.2,14018658304,1061814272,1707114496,80396288,2324103168
2026-07-08T14:19:08.399058,17006837760,16288956416,717881344,4.2,14018756608,1061814272,1707114496,80396288,2324103168
2026-07-08T14:19:09.399988,17006837760,16292216832,714620928,4.2,14021951488,1062256640,1707180032,80396288,2324217856
2026-07-08T14:19:10.400471,17006837760,16292265984,714571776,4.2,14022000640,1062256640,1707180032,80396288,2324217856
2026-07-08T14:19:11.401713,17006837760,16292921344,713916416,4.2,14022656000,1062256640,1707180032,80396288,2324217856
2026-07-08T14:19:12.402068,17006837760,16295657472,711180288,4.2,14025392128,1062256640,1707180032,80412672,2324217856
2026-07-08T14:19:13.402539,17006837760,16295821312,711016448,4.2,14025555968,1062256640,1707180032,80412672,2324234240
2026-07-08T14:19:14.403174,17006837760,16296968192,709869568,4.2,14026702848,1062256640,1707180032,80412672,2324234240
2026-07-08T14:19:15.403731,17006837760,16299507712,707330048,4.2,14029242368,1062256640,1707180032,80412672,2324234240
2026-07-08T14:19:16.404237,17006837760,16284450816,722386944,4.2,14014185472,1062256640,1707180032,80412672,2324234240
2026-07-08T14:19:17.404518,17006837760,16281403392,725434368,4.3,14011138048,1062256640,1707180032,80412672,2324250624
2026-07-08T14:19:18.404856,17006837760,16317087744,689750016,4.1,14046576640,1008041984,1707425792,80412672,2324250624
2026-07-08T14:19:19.405296,17006837760,16317530112,689307648,4.1,14047019008,1008041984,1707425792,80412672,2324250624
2026-07-08T14:19:20.405569,17006837760,16320970752,685867008,4.0,14050459648,1008041984,1707425792,80412672,2324250624
2026-07-08T14:19:21.405951,17006837760,16324165632,682672128,4.0,14053654528,1008041984,1707425792,80412672,2324267008
2026-07-08T14:19:22.406292,17006837760,16325443584,681394176,4.0,14054932480,1008041984,1707425792,80429056,2324267008
2026-07-08T14:19:23.406670,17006837760,16328687616,678150144,4.0,14058160128,1008533504,1707442176,80429056,2324267008
2026-07-08T14:19:24.407726,17006837760,16322789376,684048384,4.0,14052261888,1017675776,1707442176,80429056,2324267008
2026-07-08T14:19:25.408361,17006837760,16310501376,696336384,4.1,14039859200,1030766592,1707556864,80429056,2324381696
2026-07-08T14:19:26.408820,17006837760,16314744832,692092928,4.1,14044086272,1030766592,1707556864,80429056,2324512768
2026-07-08T14:19:27.409509,17006837760,16316055552,690782208,4.1,14045396992,1030766592,1707556864,80445440,2324512768
2026-07-08T14:19:28.410283,17006837760,16320135168,686702592,4.0,14049476608,1030766592,1707556864,80445440,2324512768
2026-07-08T14:19:29.410861,17006837760,16318431232,688406528,4.0,14047772672,1030766592,1707556864,80445440,2324529152
2026-07-08T14:19:30.413471,17006837760,16332619776,674217984,4.0,14061846528,1014415360,1707671552,80445440,2324529152
2026-07-08T14:19:31.413832,17006837760,16327131136,679706624,4.0,14056357888,1023049728,1707671552,80445440,2324529152
2026-07-08T14:19:32.414183,17006837760,16321282048,685555712,4.0,14050508800,1028128768,1707671552,80461824,2324545536
2026-07-08T14:19:33.414538,17006837760,16323084288,683753472,4.0,14052311040,1028128768,1707671552,80461824,2324545536
2026-07-08T14:19:34.415011,17006837760,16326754304,680083456,4.0,14055981056,1028128768,1707671552,80461824,2324545536
2026-07-08T14:19:35.415318,17006837760,16326017024,680820736,4.0,14055243776,1028128768,1707671552,80461824,2324545536
2026-07-08T14:19:36.415664,17006837760,16325378048,681459712,4.0,14054604800,1028505600,1707671552,80461824,2324561920
2026-07-08T14:19:37.415940,17006837760,16327229440,679608320,4.0,14056456192,1028505600,1707671552,80478208,2324561920
2026-07-08T14:19:38.416263,17006837760,16327229440,679608320,4.0,14056456192,1028505600,1707671552,80478208,2324561920
2026-07-08T14:19:39.416598,17006837760,16327671808,679165952,4.0,14056898560,1028505600,1707671552,80478208,2324660224
2026-07-08T14:19:40.416945,17006837760,16344711168,662126592,3.9,14073823232,1006485504,1707786240,80478208,2324660224
2026-07-08T14:19:41.417388,17006837760,16345006080,661831680,3.9,14074068992,1007960064,1707835392,80478208,2324774912
2026-07-08T14:19:42.417727,17006837760,16344596480,662241280,3.9,14073659392,1007960064,1707835392,80494592,2324774912
2026-07-08T14:19:43.418005,17006837760,16348004352,658833408,3.9,14077067264,1007960064,1707835392,80494592,2324774912
2026-07-08T14:19:44.418283,17006837760,16348495872,658341888,3.9,14077558784,1007960064,1707835392,80494592,2324873216
2026-07-08T14:19:45.418601,17006837760,16347693056,659144704,3.9,14076755968,1007960064,1707835392,80494592,2324889600
2026-07-08T14:19:46.418922,17006837760,16350527488,656310272,3.9,14079590400,1007960064,1707835392,80494592,2324889600
2026-07-08T14:19:47.419244,17006837760,16344858624,661979136,3.9,14073774080,1008041984,1707982848,80494592,2324889600
2026-07-08T14:19:48.419553,17006837760,16340533248,666304512,3.9,14069448704,1008041984,1707982848,80494592,2324889600
2026-07-08T14:19:49.419871,17006837760,16341975040,664862720,3.9,14070890496,1008041984,1707982848,80494592,2324889600
2026-07-08T14:19:50.420233,17006837760,16343040000,663797760,3.9,14071955456,1008041984,1707982848,80494592,2324905984
2026-07-08T14:19:51.420556,17006837760,16343990272,662847488,3.9,14072905728,1008041984,1707982848,80494592,2324905984
2026-07-08T14:19:52.420881,17006837760,16345841664,660996096,3.9,14074757120,1008041984,1707982848,80510976,2324905984
2026-07-08T14:19:53.421192,17006837760,16345890816,660946944,3.9,14074806272,1008041984,1707982848,80510976,2324905984
2026-07-08T14:19:54.421528,17006837760,16347332608,659505152,3.9,14076248064,1008041984,1707982848,80510976,2324905984
2026-07-08T14:19:55.421846,17006837760,16347594752,659243008,3.9,14076510208,1008041984,1707982848,80510976,2324922368
2026-07-08T14:19:56.422162,17006837760,16347103232,659734528,3.9,14076018688,1008041984,1707982848,80510976,2324922368
2026-07-08T14:19:57.422785,17006837760,16347676672,659161088,3.9,14076592128,1008041984,1707982848,80527360,2324922368
2026-07-08T14:19:58.423195,17006837760,16349003776,657833984,3.9,14077919232,1008041984,1707982848,80527360,2324922368
2026-07-08T14:19:59.423481,17006837760,16349134848,657702912,3.9,14078050304,1008041984,1707982848,80527360,2324938752
2026-07-08T14:20:00.423889,17006837760,16350609408,656228352,3.9,14079524864,1008041984,1707982848,80527360,2324938752
2026-07-08T14:20:01.425027,17006837760,16336683008,670154752,3.9,14065516544,1016987648,1708064768,80527360,2324938752
2026-07-08T14:20:02.426021,17006837760,16335994880,670842880,3.9,14064828416,1016987648,1708064768,80543744,2324938752
2026-07-08T14:20:03.426659,17006837760,16336683008,670154752,3.9,14065516544,1016987648,1708064768,80543744,2324955136
2026-07-08T14:20:04.426986,17006837760,16345169920,661667840,3.9,14073970688,1007616000,1708097536,80543744,2324955136
2026-07-08T14:20:05.427269,17006837760,16346415104,660422656,3.9,14075215872,1007616000,1708097536,80543744,2325053440
2026-07-08T14:20:06.427539,17006837760,16348889088,657948672,3.9,14077689856,1007616000,1708097536,80543744,2325053440
2026-07-08T14:20:07.427875,17006837760,16349528064,657309696,3.9,14078164992,1007681536,1708261376,80560128,2325069824
2026-07-08T14:20:08.428157,17006837760,16351084544,655753216,3.9,14079721472,1007681536,1708261376,80560128,2325069824
2026-07-08T14:20:09.428437,17006837760,16353509376,653328384,3.8,14082146304,1007681536,1708261376,80560128,2325069824
2026-07-08T14:20:10.428722,17006837760,16353984512,652853248,3.8,14082621440,1007681536,1708261376,80560128,2325069824
2026-07-08T14:20:11.429004,17006837760,16353460224,653377536,3.8,14082097152,1007681536,1708261376,80560128,2325069824
2026-07-08T14:20:12.429386,17006837760,16344334336,662503424,3.9,14072840192,1008156672,1708392448,80576512,2325086208
2026-07-08T14:20:13.429856,17006837760,16345350144,661487616,3.9,14073856000,1008156672,1708392448,80576512,2325086208
2026-07-08T14:20:14.430139,17006837760,16348790784,658046976,3.9,14077296640,1008156672,1708392448,80576512,2325086208
2026-07-08T14:20:15.430424,17006837760,16350183424,656654336,3.9,14078689280,1008156672,1708392448,80576512,2325086208
2026-07-08T14:20:16.430704,17006837760,16350576640,656261120,3.9,14079082496,1008156672,1708392448,80576512,2325102592
2026-07-08T14:20:17.431065,17006837760,16338731008,668106752,3.9,14067220480,1009172480,1708408832,80576512,2325102592
2026-07-08T14:20:18.431682,17006837760,16339402752,667435008,3.9,14067892224,1009172480,1708408832,80576512,2325102592
2026-07-08T14:20:19.431970,17006837760,16343531520,663306240,3.9,14072020992,1009172480,1708408832,80576512,2325102592
2026-07-08T14:20:20.432250,17006837760,16342286336,664551424,3.9,14070775808,1009172480,1708408832,80576512,2325102592
2026-07-08T14:20:21.432608,17006837760,16329490432,677347328,4.0,14057979904,1009172480,1708408832,80576512,2325217280
2026-07-08T14:20:22.432918,17006837760,16328572928,678264832,4.0,14057062400,1009172480,1708408832,80576512,2325217280
2026-07-08T14:20:23.433337,17006837760,16331800576,675037184,4.0,14060290048,1009172480,1708408832,80592896,2325217280
2026-07-08T14:20:24.433617,17006837760,16334487552,672350208,4.0,14062977024,1009172480,1708408832,80592896,2325217280
2026-07-08T14:20:25.433950,17006837760,16335503360,671334400,3.9,14063992832,1009172480,1708408832,80592896,2325233664
2026-07-08T14:20:26.434232,17006837760,16339451904,667385856,3.9,14067941376,1009172480,1708408832,80592896,2325233664
2026-07-08T14:20:27.434512,17006837760,16340811776,666025984,3.9,14069301248,1009172480,1708408832,80592896,2325233664
2026-07-08T14:20:28.434904,17006837760,16343564288,663273472,3.9,14072053760,1009172480,1708408832,80609280,2325233664
2026-07-08T14:20:29.435224,17006837760,16344793088,662044672,3.9,14073151488,1009287168,1708539904,80609280,2325250048
2026-07-08T14:20:30.435566,17006837760,16346185728,660652032,3.9,14074544128,1009287168,1708539904,80609280,2325250048
2026-07-08T14:20:31.435915,17006837760,16347987968,658849792,3.9,14076346368,1009287168,1708539904,80609280,2325250048
2026-07-08T14:20:32.436451,17006837760,16348725248,658112512,3.9,14077083648,1009287168,1708539904,80609280,2325364736
2026-07-08T14:20:33.436777,17006837760,16349626368,657211392,3.9,14077984768,1009287168,1708539904,80625664,2325364736
2026-07-08T14:20:34.437086,17006837760,16348643328,658194432,3.9,14077001728,1009287168,1708539904,80625664,2325495808
2026-07-08T14:20:35.437421,17006837760,16349249536,657588224,3.9,14077607936,1009287168,1708539904,80625664,2325495808
2026-07-08T14:20:36.437756,17006837760,16350363648,656474112,3.9,14078722048,1009287168,1708539904,80625664,2325495808
2026-07-08T14:20:37.438088,17006837760,16350199808,656637952,3.9,14078558208,1009287168,1708539904,80625664,2325495808
2026-07-08T14:20:38.441529,17006837760,16348512256,658325504,3.9,14076870656,1009483776,1708539904,80625664,2325512192
2026-07-08T14:20:39.441873,17006837760,16347480064,659357696,3.9,14075838464,1009483776,1708539904,80625664,2325512192
2026-07-08T14:20:40.442208,17006837760,16345989120,660848640,3.9,14074347520,1009483776,1708539904,80625664,2325626880
2026-07-08T14:20:41.442553,17006837760,16346087424,660750336,3.9,14074445824,1009483776,1708539904,80625664,2325626880
2026-07-08T14:20:42.442836,17006837760,16347480064,659357696,3.9,14075838464,1009483776,1708539904,80625664,2325626880
2026-07-08T14:20:43.443116,17006837760,16347742208,659095552,3.9,14076100608,1009483776,1708539904,80658432,2325643264
2026-07-08T14:20:44.443428,17006837760,16349380608,657457152,3.9,14077739008,1009483776,1708539904,80658432,2325643264
2026-07-08T14:20:45.443914,17006837760,16346431488,660406272,3.9,14074494976,1009696768,1708834816,80658432,2325643264
2026-07-08T14:20:46.444350,17006837760,16345202688,661635072,3.9,14073266176,1009696768,1708834816,80658432,2325643264
2026-07-08T14:20:47.444638,17006837760,16345432064,661405696,3.9,14073495552,1009696768,1708834816,80658432,2325757952
2026-07-08T14:20:48.444911,17006837760,16347430912,659406848,3.9,14075478016,1010057216,1708851200,80658432,2325757952
2026-07-08T14:20:49.445261,17006837760,16347430912,659406848,3.9,14075478016,1010057216,1708851200,80658432,2325757952
2026-07-08T14:20:50.445569,17006837760,16350773248,656064512,3.9,14078820352,1010057216,1708851200,80658432,2325757952
2026-07-08T14:20:51.445893,17006837760,16351772672,655065088,3.9,14079819776,1010057216,1708851200,80658432,2325757952
2026-07-08T14:20:52.446218,17006837760,16351035392,655802368,3.9,14079082496,1010057216,1708851200,80658432,2325774336
2026-07-08T14:20:53.446570,17006837760,16351232000,655605760,3.9,14079279104,1010057216,1708851200,80674816,2325774336
2026-07-08T14:20:54.446883,17006837760,16352165888,654671872,3.8,14080212992,1010057216,1708851200,80674816,2325774336
2026-07-08T14:20:55.447230,17006837760,16351182848,655654912,3.9,14079229952,1010057216,1708851200,80674816,2325872640
2026-07-08T14:20:56.447581,17006837760,16352395264,654442496,3.8,14080442368,1010057216,1708851200,80674816,2325889024
2026-07-08T14:20:57.447952,17006837760,16353476608,653361152,3.8,14081523712,1010057216,1708851200,80674816,2325889024
2026-07-08T14:20:58.448271,17006837760,16350937088,655900672,3.9,14078984192,1010565120,1708851200,80691200,2325889024
2026-07-08T14:20:59.448611,17006837760,16350527488,656310272,3.9,14078574592,1010565120,1708851200,80691200,2325889024
2026-07-08T14:21:00.448978,17006837760,16351313920,655523840,3.9,14079361024,1010565120,1708851200,80691200,2325889024
2026-07-08T14:21:01.449577,17006837760,16351117312,655720448,3.9,14079164416,1010565120,1708851200,80691200,2325905408
2026-07-08T14:21:02.449861,17006837760,16351313920,655523840,3.9,14079361024,1010565120,1708851200,80691200,2325905408
2026-07-08T14:21:03.450325,17006837760,16352706560,654131200,3.8,14080753664,1010565120,1708851200,80707584,2325905408
2026-07-08T14:21:04.451115,17006837760,16353542144,653295616,3.8,14081589248,1010565120,1708851200,80707584,2325905408
2026-07-08T14:21:05.451476,17006837760,16352165888,654671872,3.8,14080212992,1010565120,1708851200,80707584,2326020096
2026-07-08T14:21:06.451867,17006837760,16349216768,657620992,3.9,14077263872,1010565120,1708851200,80707584,2326020096
2026-07-08T14:21:07.453493,17006837760,16343826432,663011328,3.9,14071873536,1010565120,1708851200,80707584,2326020096
2026-07-08T14:21:08.453785,17006837760,16342351872,664485888,3.9,14070398976,1010565120,1708851200,80707584,2326020096
2026-07-08T14:21:09.454396,17006837760,16342319104,664518656,3.9,14070120448,1010778112,1709096960,80707584,2326020096
2026-07-08T14:21:10.454777,17006837760,16341549056,665288704,3.9,14069350400,1010778112,1709096960,80707584,2326036480
2026-07-08T14:21:11.455093,17006837760,16343973888,662863872,3.9,14071775232,1010778112,1709096960,80707584,2326036480
2026-07-08T14:21:12.456078,17006837760,16345251840,661585920,3.9,14073053184,1010778112,1709096960,80707584,2326036480
2026-07-08T14:21:13.461878,17006837760,16332308480,674529280,4.0,14059995136,1019297792,1709211648,80740352,2326036480
2026-07-08T14:21:14.462959,17006837760,16311336960,695500800,4.1,14039007232,1035534336,1709228032,80740352,2326052864
2026-07-08T14:21:15.463882,17006837760,16312336384,694501376,4.1,14040006656,1035534336,1709228032,80740352,2326151168
2026-07-08T14:21:16.464570,17006837760,16312090624,694747136,4.1,14039760896,1035534336,1709228032,80740352,2326151168
2026-07-08T14:21:17.466648,17006837760,16315777024,691060736,4.1,14043447296,1035534336,1709228032,80740352,2326265856
2026-07-08T14:21:18.467402,17006837760,16317300736,689537024,4.1,14044676096,1035747328,1709522944,80740352,2326364160
2026-07-08T14:21:19.467811,17006837760,16317022208,689815552,4.1,14044397568,1035747328,1709522944,80740352,2326364160
2026-07-08T14:21:20.468223,17006837760,16320282624,686555136,4.0,14047657984,1035747328,1709522944,80740352,2326364160
2026-07-08T14:21:21.468608,17006837760,16320937984,685899776,4.0,14048313344,1035747328,1709522944,80740352,2326364160
2026-07-08T14:21:22.469020,17006837760,16314859520,691978240,4.1,14042234880,1035747328,1709522944,80740352,2326380544
2026-07-08T14:21:23.469457,17006837760,16317513728,689324032,4.1,14044889088,1035747328,1709522944,80756736,2326380544
2026-07-08T14:21:24.469878,17006837760,16319004672,687833088,4.0,14046380032,1035747328,1709522944,80756736,2326380544
2026-07-08T14:21:25.470526,17006837760,16316186624,690651136,4.1,14043561984,1035747328,1709522944,80756736,2326380544
2026-07-08T14:21:26.471270,17006837760,16318791680,688046080,4.0,14046167040,1035747328,1709522944,80756736,2326380544
2026-07-08T14:21:27.472011,17006837760,16319807488,687030272,4.0,14047182848,1035747328,1709522944,80756736,2326396928
2026-07-08T14:21:28.472799,17006837760,16315777024,691060736,4.1,14043152384,1035747328,1709522944,80773120,2326396928
2026-07-08T14:21:29.473199,17006837760,16313499648,693338112,4.1,14040875008,1035747328,1709522944,80773120,2326396928
2026-07-08T14:21:30.473565,17006837760,16306946048,699891712,4.1,14034321408,1035747328,1709522944,80773120,2326396928
2026-07-08T14:21:31.473938,17006837760,16302292992,704544768,4.1,14029668352,1035747328,1709522944,80773120,2326413312
2026-07-08T14:21:32.474466,17006837760,16305520640,701317120,4.1,14032896000,1035747328,1709522944,80773120,2326413312
2026-07-08T14:21:33.474890,17006837760,16307535872,699301888,4.1,14034911232,1035747328,1709522944,80789504,2326413312
2026-07-08T14:21:34.475271,17006837760,16309403648,697434112,4.1,14036779008,1035747328,1709522944,80789504,2326511616
2026-07-08T14:21:35.476927,17006837760,16326672384,680165376,4.0,14053539840,1009319936,1710030848,80789504,2326511616
2026-07-08T14:21:36.477703,17006837760,16318365696,688472064,4.0,14045216768,1018953728,1710047232,80789504,2326528000
2026-07-08T14:21:37.479575,17006837760,16305815552,701022208,4.1,14032666624,1030635520,1710047232,80789504,2326528000
2026-07-08T14:21:38.479993,17006837760,16291102720,715735040,4.2,14017953792,1039269888,1710047232,80789504,2326528000
2026-07-08T14:21:39.480326,17006837760,16292118528,714719232,4.2,14018969600,1039351808,1710047232,80789504,2326544384
2026-07-08T14:21:40.481063,17006837760,16295657472,711180288,4.2,14022508544,1039351808,1710047232,80789504,2326544384
2026-07-08T14:21:41.482552,17006837760,16296361984,710475776,4.2,14023213056,1039351808,1710047232,80789504,2326544384
2026-07-08T14:21:42.483175,17006837760,16292757504,714080256,4.2,14019608576,1039351808,1710047232,80789504,2326642688
2026-07-08T14:21:43.484339,17006837760,16318791680,688046080,4.0,14045478912,1007796224,1710211072,80822272,2326675456
2026-07-08T14:21:44.485072,17006837760,16318201856,688635904,4.0,14044889088,1011859456,1710211072,80822272,2326675456
2026-07-08T14:21:45.485357,17006837760,16319463424,687374336,4.0,14046150656,1011859456,1710211072,80822272,2326675456
2026-07-08T14:21:46.485632,17006837760,16325918720,680919040,4.0,14052605952,1011859456,1710211072,80822272,2326675456
2026-07-08T14:21:47.485905,17006837760,16327344128,679493632,4.0,14054031360,1011859456,1710211072,80822272,2326691840
2026-07-08T14:21:48.486256,17006837760,16328687616,678150144,4.0,14055374848,1011859456,1710211072,80838656,2326691840
2026-07-08T14:21:49.486577,17006837760,16332292096,674545664,4.0,14058979328,1011859456,1710211072,80838656,2326691840
2026-07-08T14:21:50.486880,17006837760,16333832192,673005568,4.0,14060519424,1011859456,1710211072,80838656,2326691840
2026-07-08T14:21:51.487208,17006837760,16336355328,670482432,3.9,14063042560,1011859456,1710211072,80838656,2326691840
2026-07-08T14:21:52.487535,17006837760,16339271680,667566080,3.9,14065958912,1011859456,1710211072,80838656,2326708224
2026-07-08T14:21:53.487888,17006837760,16341237760,665600000,3.9,14067924992,1011859456,1710211072,80838656,2326708224
2026-07-08T14:21:54.488212,17006837760,16343040000,663797760,3.9,14069727232,1011859456,1710211072,80838656,2326708224
2026-07-08T14:21:55.488492,17006837760,16344924160,661913600,3.9,14071611392,1011859456,1710211072,80838656,2326708224
2026-07-08T14:21:56.488773,17006837760,16343957504,662880256,3.9,14070644736,1011859456,1710211072,80838656,2326724608
2026-07-08T14:21:57.489051,17006837760,16345186304,661651456,3.9,14071873536,1011859456,1710211072,80838656,2326724608
2026-07-08T14:21:58.489367,17006837760,16347463680,659374080,3.9,14074150912,1011859456,1710211072,80855040,2326724608
2026-07-08T14:21:59.489687,17006837760,16347414528,659423232,3.9,14074101760,1011859456,1710211072,80855040,2326724608
2026-07-08T14:22:00.490016,17006837760,16348430336,658407424,3.9,14075084800,1011892224,1710243840,80855040,2326724608
2026-07-08T14:22:01.490343,17006837760,16345448448,661389312,3.9,14072102912,1011892224,1710243840,80855040,2326740992
2026-07-08T14:22:02.490660,17006837760,16346742784,660094976,3.9,14073397248,1011892224,1710243840,80855040,2326740992
2026-07-08T14:22:03.492806,17006837760,16348184576,658653184,3.9,14074839040,1011892224,1710243840,80871424,2326740992
2026-07-08T14:22:04.493405,17006837760,16338419712,668418048,3.9,14065057792,1015939072,1710260224,80871424,2326740992
2026-07-08T14:22:05.493853,17006837760,16339468288,667369472,3.9,14066106368,1015939072,1710260224,80871424,2326757376
2026-07-08T14:22:06.494160,17006837760,16342073344,664764416,3.9,14068711424,1015939072,1710260224,80871424,2326872064
2026-07-08T14:22:07.494437,17006837760,16342204416,664633344,3.9,14068842496,1015939072,1710260224,80871424,2326872064
2026-07-08T14:22:08.494751,17006837760,16342417408,664420352,3.9,14069055488,1015939072,1710260224,80887808,2326872064
2026-07-08T14:22:09.495033,17006837760,16344317952,662519808,3.9,14070956032,1015939072,1710260224,80887808,2326872064
2026-07-08T14:22:10.495311,17006837760,16341860352,664977408,3.9,14068432896,1016037376,1710325760,80887808,2326888448
2026-07-08T14:22:11.495591,17006837760,16342286336,664551424,3.9,14068858880,1016037376,1710325760,80887808,2326888448
2026-07-08T14:22:12.498960,17006837760,16331735040,675102720,4.0,14058291200,1007960064,1710342144,80887808,2326888448
2026-07-08T14:22:13.499361,17006837760,16321511424,685326336,4.0,14048051200,1007960064,1710342144,80904192,2326904832
2026-07-08T14:22:14.499682,17006837760,16318808064,688029696,4.0,14045347840,1007960064,1710342144,80904192,2326921216
2026-07-08T14:22:15.500003,17006837760,16316203008,690634752,4.1,14042726400,1008451584,1710358528,80904192,2326921216
2026-07-08T14:22:16.500332,17006837760,16322281472,684556288,4.0,14048804864,1008451584,1710358528,80904192,2326921216
2026-07-08T14:22:17.500666,17006837760,16326803456,680034304,4.0,14053326848,1008451584,1710358528,80904192,2326921216
2026-07-08T14:22:18.501030,17006837760,16328294400,678543360,4.0,14054817792,1008451584,1710358528,80920576,2326921216
2026-07-08T14:22:19.501603,17006837760,16328687616,678150144,4.0,14055211008,1009467392,1710358528,80920576,2326937600
2026-07-08T14:22:20.501882,17006837760,16319283200,687554560,4.0,14045806592,1009467392,1710358528,80920576,2326937600
2026-07-08T14:22:21.502163,17006837760,16323444736,683393024,4.0,14049968128,1009467392,1710358528,80920576,2326937600
2026-07-08T14:22:22.502443,17006837760,16328163328,678674432,4.0,14054686720,1009467392,1710358528,80920576,2326937600
2026-07-08T14:22:23.502761,17006837760,16329916416,676921344,4.0,14056439808,1009467392,1710358528,80920576,2326953984
2026-07-08T14:22:24.503094,17006837760,16334389248,672448512,4.0,14060912640,1009467392,1710358528,80920576,2326953984
2026-07-08T14:22:25.503423,17006837760,16338059264,668778496,3.9,14064582656,1009467392,1710358528,80920576,2326953984
2026-07-08T14:22:26.503720,17006837760,16340238336,666599424,3.9,14066581504,1009549312,1710538752,80920576,2326953984
2026-07-08T14:22:27.503994,17006837760,16342614016,664223744,3.9,14068957184,1009549312,1710538752,80920576,2326953984
2026-07-08T14:22:28.504270,17006837760,16344530944,662306816,3.9,14070874112,1009549312,1710538752,80936960,2326970368
2026-07-08T14:22:29.504548,17006837760,16345284608,661553152,3.9,14071627776,1009549312,1710538752,80936960,2326970368
2026-07-08T14:22:30.504823,17006837760,16341630976,665206784,3.9,14067974144,1009549312,1710538752,80936960,2327085056
2026-07-08T14:22:31.505126,17006837760,16344924160,661913600,3.9,14071267328,1009549312,1710538752,80936960,2327085056
2026-07-08T14:22:32.505443,17006837760,16345219072,661618688,3.9,14071562240,1009549312,1710538752,80936960,2327216128
2026-07-08T14:22:33.505766,17006837760,16346120192,660717568,3.9,14072463360,1009549312,1710538752,80953344,2327216128
2026-07-08T14:22:34.506089,17006837760,16346398720,660439040,3.9,14072741888,1009549312,1710538752,80953344,2327216128
2026-07-08T14:22:35.506405,17006837760,16347561984,659275776,3.9,14073905152,1009549312,1710538752,80953344,2327216128
2026-07-08T14:22:36.506734,17006837760,16348905472,657932288,3.9,14075248640,1009549312,1710538752,80953344,2327216128
2026-07-08T14:22:37.507062,17006837760,16350560256,656277504,3.9,14076903424,1009549312,1710538752,80953344,2327232512
2026-07-08T14:22:38.507394,17006837760,16351625216,655212544,3.9,14077968384,1009549312,1710538752,80969728,2327216128
2026-07-08T14:22:39.507725,17006837760,16351838208,654999552,3.9,14078181376,1009549312,1710538752,80969728,2327232512
2026-07-08T14:22:40.508056,17006837760,16350298112,656539648,3.9,14076641280,1009549312,1710538752,80969728,2327347200
2026-07-08T14:22:41.508502,17006837760,16350429184,656408576,3.9,14076526592,1009598464,1710784512,80969728,2327347200
2026-07-08T14:22:42.508853,17006837760,16349642752,657195008,3.9,14075740160,1009598464,1710784512,80969728,2327363584
2026-07-08T14:22:43.509132,17006837760,16351117312,655720448,3.9,14077214720,1009598464,1710784512,80969728,2327363584
2026-07-08T14:22:44.509410,17006837760,16351281152,655556608,3.9,14077378560,1009598464,1710784512,80986112,2327363584
2026-07-08T14:22:45.509690,17006837760,16349069312,657768448,3.9,14075166720,1009598464,1710784512,80986112,2327363584
2026-07-08T14:22:46.510006,17006837760,16347856896,658980864,3.9,14073954304,1009598464,1710784512,80986112,2327379968
2026-07-08T14:22:47.513482,17006837760,16342073344,664764416,3.9,14067941376,1011908608,1711013888,80986112,2327379968
2026-07-08T14:22:48.513805,17006837760,16336093184,670744576,3.9,14061961216,1011908608,1711013888,80986112,2327379968
2026-07-08T14:22:49.514190,17006837760,16337043456,669794304,3.9,14062911488,1011908608,1711013888,81002496,2327379968
2026-07-08T14:22:50.514473,17006837760,16340107264,666730496,3.9,14065975296,1011908608,1711013888,81002496,2327379968
2026-07-08T14:22:51.514749,17006837760,16341778432,665059328,3.9,14067646464,1011908608,1711013888,81002496,2327396352
2026-07-08T14:22:52.515058,17006837760,16343236608,663601152,3.9,14069104640,1011908608,1711013888,81002496,2327396352
2026-07-08T14:22:53.515379,17006837760,16345989120,660848640,3.9,14071857152,1011908608,1711013888,81002496,2327396352
2026-07-08T14:22:54.515701,17006837760,16345923584,660914176,3.9,14071791616,1011908608,1711013888,81002496,2327396352
2026-07-08T14:22:55.516329,17006837760,16347136000,659701760,3.9,14073004032,1011908608,1711013888,81002496,2327412736
2026-07-08T14:22:56.516885,17006837760,16339189760,667648000,3.9,14064959488,1017397248,1711112192,81002496,2327412736
2026-07-08T14:22:57.517387,17006837760,16339697664,667140096,3.9,14065467392,1017397248,1711112192,81002496,2327412736
2026-07-08T14:22:58.517929,17006837760,16335634432,671203328,3.9,14061404160,1017397248,1711112192,81002496,2327412736
2026-07-08T14:22:59.518204,17006837760,16336945152,669892608,3.9,14062714880,1017397248,1711112192,81018880,2327429120
2026-07-08T14:23:00.518481,17006837760,16336846848,669990912,3.9,14062616576,1017397248,1711112192,81018880,2327429120
2026-07-08T14:23:01.518756,17006837760,16338141184,668696576,3.9,14063910912,1017397248,1711112192,81018880,2327429120
2026-07-08T14:23:02.519096,17006837760,16341303296,665534464,3.9,14067040256,1008648192,1711144960,81018880,2327429120
2026-07-08T14:23:03.519477,17006837760,16336535552,670302208,3.9,14062272512,1015250944,1711144960,81018880,2327445504
2026-07-08T14:23:04.520015,17006837760,16337453056,669384704,3.9,14063190016,1015250944,1711144960,81035264,2327445504
2026-07-08T14:23:05.520287,17006837760,16341893120,664944640,3.9,14067630080,1015250944,1711144960,81035264,2327445504
2026-07-08T14:23:06.520561,17006837760,16341827584,665010176,3.9,14067564544,1015250944,1711144960,81035264,2327445504
2026-07-08T14:23:07.520834,17006837760,16341139456,665698304,3.9,14066876416,1015250944,1711144960,81035264,2327445504
2026-07-08T14:23:08.521156,17006837760,16341221376,665616384,3.9,14066958336,1015250944,1711144960,81035264,2327461888
2026-07-08T14:23:09.521434,17006837760,16339959808,666877952,3.9,14065696768,1015250944,1711144960,81051648,2327461888
2026-07-08T14:23:10.521740,17006837760,16339959808,666877952,3.9,14065696768,1015250944,1711144960,81051648,2327461888
2026-07-08T14:23:11.522162,17006837760,16341860352,664977408,3.9,14067433472,1008779264,1711308800,81051648,2327560192
2026-07-08T14:23:12.522883,17006837760,16336470016,670367744,3.9,14062026752,1018920960,1711325184,81051648,2327576576
2026-07-08T14:23:13.523357,17006837760,16336470016,670367744,3.9,14062026752,1018920960,1711325184,81051648,2327576576
2026-07-08T14:23:14.523656,17006837760,16337453056,669384704,3.9,14063009792,1018920960,1711325184,81068032,2327576576
2026-07-08T14:23:15.523990,17006837760,16340844544,665993216,3.9,14066401280,1018920960,1711325184,81068032,2327576576
2026-07-08T14:23:16.524263,17006837760,16340385792,666451968,3.9,14065909760,1019379712,1711357952,81068032,2327592960
2026-07-08T14:23:17.524540,17006837760,16341123072,665714688,3.9,14066647040,1019379712,1711357952,81068032,2327592960
2026-07-08T14:23:18.524819,17006837760,16341958656,664879104,3.9,14067482624,1019379712,1711357952,81068032,2327592960
2026-07-08T14:23:19.525425,17006837760,16346988544,659849216,3.9,14072496128,1010974720,1711374336,81084416,2327592960
2026-07-08T14:23:20.526187,17006837760,16336617472,670220288,3.9,14062125056,1023574016,1711374336,81084416,2327609344
2026-07-08T14:23:21.526572,17006837760,16321396736,685441024,4.0,14046887936,1034223616,1711390720,81084416,2327609344
2026-07-08T14:23:22.526941,17006837760,16313778176,693059584,4.1,14039269376,1037778944,1711390720,81084416,2327609344
2026-07-08T14:23:23.527494,17006837760,16314744832,692092928,4.1,14040236032,1037778944,1711390720,81084416,2327609344
2026-07-08T14:23:24.527866,17006837760,16317857792,688979968,4.1,14043348992,1037778944,1711390720,81084416,2327625728
2026-07-08T14:23:25.528445,17006837760,16318496768,688340992,4.0,14043987968,1037778944,1711390720,81084416,2327625728
2026-07-08T14:23:26.529086,17006837760,16318676992,688160768,4.0,14044168192,1037778944,1711390720,81084416,2327625728
2026-07-08T14:23:27.529371,17006837760,16320675840,686161920,4.0,14046167040,1037778944,1711390720,81084416,2327625728
2026-07-08T14:23:28.530224,17006837760,16330833920,676003840,4.0,14056325120,1014415360,1711390720,81084416,2327642112
2026-07-08T14:23:29.531370,17006837760,16324247552,682590208,4.0,14049689600,1016102912,1711439872,81100800,2327642112
2026-07-08T14:23:30.532195,17006837760,16320200704,686637056,4.0,14045642752,1017118720,1711439872,81100800,2327642112
2026-07-08T14:23:31.533040,17006837760,16323739648,683098112,4.0,14049181696,1017118720,1711439872,81100800,2327642112
2026-07-08T14:23:32.533446,17006837760,16327360512,679477248,4.0,14052802560,1017118720,1711439872,81100800,2327658496
2026-07-08T14:23:33.535136,17006837760,16336551936,670285824,3.9,14061993984,1008238592,1711439872,81100800,2327658496
2026-07-08T14:23:34.535546,17006837760,16326148096,680689664,4.0,14051557376,1019117568,1711472640,81117184,2327658496
2026-07-08T14:23:35.536340,17006837760,16321265664,685572096,4.0,14046674944,1026736128,1711472640,81117184,2327658496
2026-07-08T14:23:36.537923,17006837760,16324575232,682262528,4.0,14049984512,1026736128,1711472640,81117184,2327674880
2026-07-08T14:23:37.538817,17006837760,16327229440,679608320,4.0,14052638720,1026736128,1711472640,81117184,2327674880
2026-07-08T14:23:38.541577,17006837760,16326885376,679952384,4.0,14052294656,1026736128,1711472640,81117184,2327674880
2026-07-08T14:23:39.542440,17006837760,16321232896,685604864,4.0,14046642176,1026736128,1711472640,81133568,2327674880
2026-07-08T14:23:40.542983,17006837760,16323149824,683687936,4.0,14048559104,1026736128,1711472640,81133568,2327691264
2026-07-08T14:23:41.543618,17006837760,16324984832,681852928,4.0,14050394112,1026736128,1711472640,81133568,2327691264
2026-07-08T14:23:42.544218,17006837760,16326721536,680116224,4.0,14052130816,1027096576,1711472640,81133568,2327691264
2026-07-08T14:23:43.544882,17006837760,16328769536,678068224,4.0,14054178816,1027096576,1711472640,81133568,2327691264
2026-07-08T14:23:44.545388,17006837760,16330276864,676560896,4.0,14055686144,1027096576,1711472640,81149952,2327691264
2026-07-08T14:23:45.545833,17006837760,16330702848,676134912,4.0,14056112128,1027096576,1711472640,81149952,2327707648
2026-07-08T14:23:46.546271,17006837760,16331964416,674873344,4.0,14057373696,1027096576,1711472640,81149952,2327707648
2026-07-08T14:23:47.546704,17006837760,16333684736,673153024,4.0,14059094016,1027096576,1711472640,81149952,2327707648
2026-07-08T14:23:48.547124,17006837760,16333586432,673251328,4.0,14058995712,1027096576,1711472640,81149952,2327707648
2026-07-08T14:23:49.547534,17006837760,16335110144,671727616,3.9,14060519424,1027096576,1711472640,81166336,2327707648
2026-07-08T14:23:50.547967,17006837760,16336912384,669925376,3.9,14062321664,1027096576,1711472640,81166336,2327724032
2026-07-08T14:23:51.548394,17006837760,16337403904,669433856,3.9,14062813184,1027096576,1711472640,81166336,2327724032
2026-07-08T14:23:52.551964,17006837760,16344940544,661897216,3.9,14070267904,1012088832,1711554560,81166336,2327724032
2026-07-08T14:23:53.552379,17006837760,16345792512,661045248,3.9,14071119872,1012088832,1711554560,81166336,2327724032
2026-07-08T14:23:54.552753,17006837760,16344662016,662175744,3.9,14069891072,1012105216,1711652864,81166336,2327855104
2026-07-08T14:23:55.553110,17006837760,16345563136,661274624,3.9,14070792192,1012105216,1711652864,81166336,2327953408
2026-07-08T14:23:56.553463,17006837760,16347168768,659668992,3.9,14072397824,1012105216,1711652864,81166336,2327953408
2026-07-08T14:23:57.557671,17006837760,16348200960,658636800,3.9,14073430016,1012105216,1711652864,81166336,2327953408
2026-07-08T14:23:58.558479,17006837760,16338714624,668123136,3.9,14063845376,1017085952,1711751168,81166336,2328068096
2026-07-08T14:23:59.559176,17006837760,16327409664,679428096,4.0,14052540416,1024704512,1711751168,81182720,2328068096
2026-07-08T14:24:00.559796,17006837760,16328081408,678756352,4.0,14053212160,1024704512,1711751168,81182720,2328068096
2026-07-08T14:24:01.560388,17006837760,16331603968,675233792,4.0,14056734720,1024704512,1711751168,81182720,2328068096
2026-07-08T14:24:02.560708,17006837760,16331603968,675233792,4.0,14056734720,1024704512,1711751168,81182720,2328084480
2026-07-08T14:24:03.560984,17006837760,16331603968,675233792,4.0,14056734720,1024704512,1711751168,81182720,2328084480
2026-07-08T14:24:04.561265,17006837760,16334110720,672727040,4.0,14059241472,1024704512,1711751168,81199104,2328084480
2026-07-08T14:24:05.561541,17006837760,16336486400,670351360,3.9,14061617152,1024704512,1711751168,81199104,2328084480
2026-07-08T14:24:06.561818,17006837760,16336486400,670351360,3.9,14061617152,1024704512,1711751168,81199104,2328084480
2026-07-08T14:24:07.562250,17006837760,16344645632,662192128,3.9,14069530624,1013366784,1711996928,81199104,2328100864
2026-07-08T14:24:08.564012,17006837760,16330571776,676265984,4.0,14055456768,1023016960,1711996928,81199104,2328100864
2026-07-08T14:24:09.565868,17006837760,16320512000,686325760,4.0,14045380608,1034174464,1712013312,81215488,2328100864
2026-07-08T14:24:10.566790,17006837760,16296230912,710606848,4.2,14021083136,1044824064,1712029696,81215488,2328117248
2026-07-08T14:24:11.567833,17006837760,16280879104,725958656,4.3,14005731328,1056505856,1712029696,81215488,2328117248
2026-07-08T14:24:12.568585,17006837760,16274522112,732315648,4.3,13999374336,1068187648,1712029696,81215488,2328117248
2026-07-08T14:24:13.569822,17006837760,16242589696,764248064,4.5,13967425536,1080410112,1712046080,81215488,2328133632
2026-07-08T14:24:14.570890,17006837760,16242343936,764493824,4.5,13967179776,1084981248,1712046080,81231872,2328133632
2026-07-08T14:24:15.571320,17006837760,16243212288,763625472,4.5,13968048128,1084981248,1712046080,81231872,2328133632
2026-07-08T14:24:16.571737,17006837760,16235020288,771817472,4.5,13959856128,1084981248,1712046080,81231872,2328133632
2026-07-08T14:24:17.572333,17006837760,16236134400,770703360,4.5,13960970240,1084981248,1712046080,81231872,2328150016
2026-07-08T14:24:18.572753,17006837760,16240492544,766345216,4.5,13965328384,1084981248,1712046080,81231872,2328150016
2026-07-08T14:24:19.573132,17006837760,16246292480,760545280,4.5,13971128320,1084981248,1712046080,81248256,2328150016
2026-07-08T14:24:20.573538,17006837760,16250011648,756826112,4.5,13974847488,1084981248,1712046080,81248256,2328150016
2026-07-08T14:24:21.573934,17006837760,16246046720,760791040,4.5,13970882560,1084981248,1712046080,81248256,2328166400
2026-07-08T14:24:22.574432,17006837760,16249896960,756940800,4.5,13974732800,1084981248,1712046080,81248256,2328166400
2026-07-08T14:24:23.574753,17006837760,16253501440,753336320,4.4,13978337280,1084981248,1712046080,81248256,2328166400
2026-07-08T14:24:24.575029,17006837760,16257531904,749305856,4.4,13982367744,1084981248,1712046080,81248256,2328166400
2026-07-08T14:24:25.575308,17006837760,16260022272,746815488,4.4,13984858112,1084981248,1712046080,81248256,2328182784
2026-07-08T14:24:26.575589,17006837760,16251027456,755810304,4.4,13975863296,1084981248,1712046080,81248256,2328281088
2026-07-08T14:24:27.575905,17006837760,16250159104,756678656,4.4,13974994944,1084981248,1712046080,81248256,2328281088
2026-07-08T14:24:28.576238,17006837760,16246079488,760758272,4.5,13970817024,1084981248,1712144384,81248256,2328281088
2026-07-08T14:24:29.576564,17006837760,16249749504,757088256,4.5,13974487040,1084981248,1712144384,81264640,2328281088
2026-07-08T14:24:30.576926,17006837760,16294625280,712212480,4.2,14019264512,1009352704,1712242688,81264640,2328297472
2026-07-08T14:24:31.577398,17006837760,16298164224,708673536,4.2,14022803456,1009352704,1712242688,81264640,2328297472
2026-07-08T14:24:32.577674,17006837760,16303521792,703315968,4.1,14028161024,1009352704,1712242688,81264640,2328297472
2026-07-08T14:24:33.577951,17006837760,16308469760,698368000,4.1,14033108992,1009352704,1712242688,81264640,2328297472
2026-07-08T14:24:34.578227,17006837760,16314318848,692518912,4.1,14038958080,1009352704,1712242688,81281024,2328313856
2026-07-08T14:24:35.578557,17006837760,16319561728,687276032,4.0,14044200960,1009352704,1712242688,81281024,2328313856
2026-07-08T14:24:36.579045,17006837760,16323133440,683704320,4.0,14047772672,1009352704,1712242688,81281024,2328313856
2026-07-08T14:24:37.579325,17006837760,16331767808,675069952,4.0,14056407040,1009352704,1712242688,81281024,2328313856
2026-07-08T14:24:38.579687,17006837760,16334782464,672055296,4.0,14059421696,1009352704,1712242688,81281024,2328330240
2026-07-08T14:24:39.579969,17006837760,16338976768,667860992,3.9,14063616000,1009352704,1712242688,81297408,2328330240
2026-07-08T14:24:40.580350,17006837760,16340271104,666566656,3.9,14064893952,1010352128,1712259072,81297408,2328330240
2026-07-08T14:24:41.580677,17006837760,16341630976,665206784,3.9,14066253824,1010352128,1712259072,81297408,2328330240
2026-07-08T14:24:42.580959,17006837760,16343105536,663732224,3.9,14067728384,1010352128,1712259072,81297408,2328330240
2026-07-08T14:24:43.581354,17006837760,16343941120,662896640,3.9,14068547584,1010352128,1712275456,81297408,2328346624
2026-07-08T14:24:44.581633,17006837760,16345120768,661716992,3.9,14069727232,1010352128,1712275456,81313792,2328346624
2026-07-08T14:24:45.581910,17006837760,16347758592,659079168,3.9,14072365056,1010352128,1712275456,81313792,2328346624
2026-07-08T14:24:46.582378,17006837760,16350085120,656752640,3.9,14074691584,1010352128,1712275456,81313792,2328346624
2026-07-08T14:24:47.582947,17006837760,16346791936,660045824,3.9,14071332864,1013334016,1712340992,81313792,2328363008
2026-07-08T14:24:48.583338,17006837760,16345956352,660881408,3.9,14070497280,1013334016,1712340992,81313792,2328363008
2026-07-08T14:24:49.583616,17006837760,16348004352,658833408,3.9,14072545280,1013334016,1712340992,81330176,2328363008
2026-07-08T14:24:50.583896,17006837760,16349396992,657440768,3.9,14073937920,1013334016,1712340992,81330176,2328363008
2026-07-08T14:24:51.584199,17006837760,16349528064,657309696,3.9,14074068992,1013334016,1712340992,81330176,2328363008
2026-07-08T14:24:52.584880,17006837760,16349020160,657817600,3.9,14073561088,1013334016,1712340992,81330176,2328379392
2026-07-08T14:24:53.585193,17006837760,16347889664,658948096,3.9,14072430592,1013334016,1712340992,81330176,2328379392
2026-07-08T14:24:54.585482,17006837760,16344006656,662831104,3.9,14068547584,1013334016,1712340992,81330176,2328477696
2026-07-08T14:24:55.585763,17006837760,16344989696,661848064,3.9,14069530624,1013334016,1712340992,81330176,2328477696
2026-07-08T14:24:56.586041,17006837760,16346464256,660373504,3.9,14071005184,1013334016,1712340992,81330176,2328477696
2026-07-08T14:24:57.586363,17006837760,16346251264,660586496,3.9,14070792192,1013334016,1712340992,81330176,2328494080
2026-07-08T14:24:58.586698,17006837760,16344498176,662339584,3.9,14069039104,1013334016,1712340992,81330176,2328494080
2026-07-08T14:24:59.586990,17006837760,16345956352,660881408,3.9,14070497280,1013334016,1712340992,81346560,2328494080
2026-07-08T14:25:00.587349,17006837760,16347922432,658915328,3.9,14072463360,1013334016,1712340992,81346560,2328494080
2026-07-08T14:25:01.587629,17006837760,16348397568,658440192,3.9,14072938496,1013334016,1712340992,81346560,2328510464
2026-07-08T14:25:02.587906,17006837760,16347725824,659111936,3.9,14072266752,1013334016,1712340992,81346560,2328510464
2026-07-08T14:25:03.588335,17006837760,16348463104,658374656,3.9,14073004032,1013334016,1712340992,81346560,2328510464
2026-07-08T14:25:04.589086,17006837760,16349216768,657620992,3.9,14073757696,1013743616,1712340992,81362944,2328510464
2026-07-08T14:25:05.589373,17006837760,16349216768,657620992,3.9,14073757696,1013743616,1712340992,81362944,2328526848
2026-07-08T14:25:06.589655,17006837760,16351019008,655818752,3.9,14075559936,1013743616,1712340992,81362944,2328526848
2026-07-08T14:25:07.589936,17006837760,16352559104,654278656,3.8,14077100032,1013743616,1712340992,81362944,2328526848
2026-07-08T14:25:08.590430,17006837760,16352575488,654262272,3.8,14077116416,1013743616,1712340992,81362944,2328526848
2026-07-08T14:25:09.590827,17006837760,16353083392,653754368,3.8,14077624320,1013743616,1712340992,81379328,2328526848
2026-07-08T14:25:10.591176,17006837760,16352002048,654835712,3.9,14076542976,1013743616,1712340992,81379328,2328543232
2026-07-08T14:25:11.591503,17006837760,16352002048,654835712,3.9,14076542976,1013743616,1712340992,81379328,2328543232
2026-07-08T14:25:12.591855,17006837760,16351543296,655294464,3.9,14076084224,1013743616,1712340992,81379328,2328543232
2026-07-08T14:25:13.592490,17006837760,16345989120,660848640,3.9,14070431744,1016184832,1712439296,81379328,2328543232
2026-07-08T14:25:14.592808,17006837760,16346234880,660602880,3.9,14070677504,1016184832,1712439296,81395712,2328576000
2026-07-08T14:25:15.593085,17006837760,16347414528,659423232,3.9,14071857152,1016184832,1712439296,81395712,2328576000
2026-07-08T14:25:16.593374,17006837760,16346431488,660406272,3.9,14070874112,1016184832,1712439296,81395712,2328576000
2026-07-08T14:25:17.593853,17006837760,16339058688,667779072,3.9,14063288320,1014185984,1712652288,81395712,2328576000
2026-07-08T14:25:18.594769,17006837760,16324919296,681918464,4.0,14049132544,1019248640,1712668672,81395712,2328592384
2026-07-08T14:25:19.595386,17006837760,16324444160,682393600,4.0,14048641024,1019740160,1712685056,81412096,2328592384
2026-07-08T14:25:20.595716,17006837760,16326115328,680722432,4.0,14050312192,1019740160,1712685056,81412096,2328592384
2026-07-08T14:25:21.595993,17006837760,16322756608,684081152,4.0,14046953472,1019740160,1712685056,81412096,2328592384
2026-07-08T14:25:22.596304,17006837760,16323870720,682967040,4.0,14048067584,1019740160,1712685056,81412096,2328608768
2026-07-08T14:25:23.596746,17006837760,16333029376,673808384,4.0,14057209856,1009041408,1712701440,81412096,2328608768
2026-07-08T14:25:24.597314,17006837760,16320757760,686080000,4.0,14044938240,1020215296,1712701440,81412096,2328608768
2026-07-08T14:25:25.598316,17006837760,16305029120,701808640,4.1,14029209600,1031389184,1712701440,81412096,2328608768
2026-07-08T14:25:26.598872,17006837760,16308273152,698564608,4.1,14032453632,1031389184,1712701440,81412096,2328625152
2026-07-08T14:25:27.599446,17006837760,16308305920,698531840,4.1,14032486400,1031389184,1712701440,81412096,2328625152
2026-07-08T14:25:28.600347,17006837760,16310075392,696762368,4.1,14034255872,1031389184,1712701440,81412096,2328625152
2026-07-08T14:25:29.600696,17006837760,16312598528,694239232,4.1,14036779008,1031389184,1712701440,81428480,2328625152
2026-07-08T14:25:30.600973,17006837760,16314007552,692830208,4.1,14038155264,1031864320,1712734208,81428480,2328641536
2026-07-08T14:25:31.601258,17006837760,16316366848,690470912,4.1,14040514560,1031864320,1712734208,81428480,2328641536
2026-07-08T14:25:32.605423,17006837760,16340434944,666402816,3.9,14064582656,1010630656,1712734208,81428480,2328641536
2026-07-08T14:25:33.605813,17006837760,16334192640,672645120,4.0,14058340352,1021296640,1712734208,81428480,2328641536
2026-07-08T14:25:34.606213,17006837760,16322838528,683999232,4.0,14046969856,1027883008,1712750592,81444864,2328657920
2026-07-08T14:25:35.606585,17006837760,16323690496,683147264,4.0,14047821824,1028308992,1712750592,81444864,2328657920
2026-07-08T14:25:36.606942,17006837760,16324034560,682803200,4.0,14048165888,1028308992,1712750592,81444864,2328657920
2026-07-08T14:25:37.607249,17006837760,16327376896,679460864,4.0,14051508224,1028308992,1712750592,81444864,2328657920
2026-07-08T14:25:38.607604,17006837760,16324673536,682164224,4.0,14048804864,1028308992,1712750592,81444864,2328674304
2026-07-08T14:25:39.607985,17006837760,16324673536,682164224,4.0,14048804864,1028308992,1712750592,81444864,2328674304
2026-07-08T14:25:40.608340,17006837760,16327606272,679231488,4.0,14051737600,1028308992,1712750592,81461248,2328674304
2026-07-08T14:25:41.608702,17006837760,16325459968,681377792,4.0,14049591296,1028308992,1712750592,81461248,2328674304
2026-07-08T14:25:42.608976,17006837760,16342351872,664485888,3.9,14066417664,1009975296,1712799744,81461248,2328707072
2026-07-08T14:25:43.609338,17006837760,16343121920,663715840,3.9,14067187712,1009975296,1712799744,81461248,2328707072
2026-07-08T14:25:44.609659,17006837760,16342466560,664371200,3.9,14066532352,1009975296,1712799744,81461248,2328707072
2026-07-08T14:25:45.610006,17006837760,16343744512,663093248,3.9,14067810304,1009991680,1712799744,81461248,2328805376
2026-07-08T14:25:46.610343,17006837760,16338632704,668205056,3.9,14062469120,1014333440,1713029120,81461248,2328903680
2026-07-08T14:25:47.610796,17006837760,16339173376,667664384,3.9,14063009792,1014333440,1713029120,81461248,2328920064
2026-07-08T14:25:48.611078,17006837760,16338714624,668123136,3.9,14062551040,1014333440,1713029120,81461248,2328920064
2026-07-08T14:25:49.611360,17006837760,16339779584,667058176,3.9,14063616000,1014333440,1713029120,81461248,2328920064
2026-07-08T14:25:50.611980,17006837760,16340074496,666763264,3.9,14063910912,1014333440,1713029120,81494016,2328920064
2026-07-08T14:25:51.613036,17006837760,16341467136,665370624,3.9,14065205248,1014743040,1713127424,81494016,2329051136
2026-07-08T14:25:52.613378,17006837760,16341565440,665272320,3.9,14065303552,1014743040,1713127424,81494016,2329051136
2026-07-08T14:25:53.613650,17006837760,16339238912,667598848,3.9,14062977024,1014743040,1713127424,81494016,2329051136
2026-07-08T14:25:54.614792,17006837760,16342171648,664666112,3.9,14065909760,1014743040,1713127424,81494016,2329051136
2026-07-08T14:25:55.615141,17006837760,16343629824,663207936,3.9,14067367936,1014743040,1713127424,81494016,2329067520
2026-07-08T14:25:56.615525,17006837760,16344760320,662077440,3.9,14068498432,1014743040,1713127424,81494016,2329067520
2026-07-08T14:25:57.615861,17006837760,16346152960,660684800,3.9,14069891072,1014743040,1713127424,81494016,2329067520
2026-07-08T14:25:58.616186,17006837760,16346562560,660275200,3.9,14070300672,1014743040,1713127424,81494016,2329067520
2026-07-08T14:25:59.617109,17006837760,16346316800,660520960,3.9,14070054912,1015250944,1713127424,81494016,2329067520
2026-07-08T14:26:00.617995,17006837760,16346365952,660471808,3.9,14070104064,1015250944,1713127424,81510400,2329083904
2026-07-08T14:26:01.618329,17006837760,16346873856,659963904,3.9,14070611968,1015250944,1713127424,81510400,2329083904
2026-07-08T14:26:02.621296,17006837760,16347414528,659423232,3.9,14071152640,1015250944,1713127424,81510400,2329083904
2026-07-08T14:26:03.621884,17006837760,16347955200,658882560,3.9,14071693312,1015250944,1713127424,81510400,2329083904
2026-07-08T14:26:04.622478,17006837760,16347398144,659439616,3.9,14071136256,1015250944,1713127424,81510400,2329214976
2026-07-08T14:26:05.622962,17006837760,16346693632,660144128,3.9,14070431744,1015250944,1713127424,81526784,2329214976
2026-07-08T14:26:06.623540,17006837760,16347676672,659161088,3.9,14071414784,1015250944,1713127424,81526784,2329214976
2026-07-08T14:26:07.626015,17006837760,16348200960,658636800,3.9,14071939072,1015250944,1713127424,81526784,2329214976
2026-07-08T14:26:08.628731,17006837760,16347758592,659079168,3.9,14071496704,1015250944,1713127424,81526784,2329231360
2026-07-08T14:26:09.632957,17006837760,16339255296,667582464,3.9,14062895104,1021427712,1713225728,81526784,2329231360
2026-07-08T14:26:10.633494,17006837760,16338829312,668008448,3.9,14062469120,1021444096,1713225728,81543168,2329231360
2026-07-08T14:26:11.634961,17006837760,16336879616,669958144,3.9,14060519424,1021444096,1713225728,81543168,2329231360
2026-07-08T14:26:12.635350,17006837760,16329687040,677150720,4.0,14053326848,1021444096,1713225728,81543168,2329247744
2026-07-08T14:26:13.635668,17006837760,16329916416,676921344,4.0,14053556224,1021444096,1713225728,81543168,2329247744
2026-07-08T14:26:14.635944,17006837760,16332816384,674021376,4.0,14056456192,1021444096,1713225728,81543168,2329247744
2026-07-08T14:26:15.636218,17006837760,16334258176,672579584,4.0,14057897984,1021444096,1713225728,81543168,2329247744
2026-07-08T14:26:16.636495,17006837760,16334061568,672776192,4.0,14057701376,1021444096,1713225728,81543168,2329247744
2026-07-08T14:26:17.636778,17006837760,16332390400,674447360,4.0,14056030208,1021444096,1713225728,81543168,2329264128
2026-07-08T14:26:18.637519,17006837760,16333864960,672972800,4.0,14057504768,1021444096,1713225728,81543168,2329264128
2026-07-08T14:26:19.639401,17006837760,16341532672,665305088,3.9,14065156096,1012858880,1713242112,81543168,2329264128
2026-07-08T14:26:20.639730,17006837760,16340664320,666173440,3.9,14064238592,1013334016,1713274880,81575936,2329280512
2026-07-08T14:26:21.640080,17006837760,16340795392,666042368,3.9,14064369664,1013334016,1713274880,81575936,2329296896
2026-07-08T14:26:22.640426,17006837760,16344825856,662011904,3.9,14068400128,1013334016,1713274880,81575936,2329296896
2026-07-08T14:26:23.640703,17006837760,16345300992,661536768,3.9,14068875264,1013334016,1713274880,81575936,2329296896
2026-07-08T14:26:24.641149,17006837760,16345300992,661536768,3.9,14068875264,1013334016,1713274880,81575936,2329296896
2026-07-08T14:26:25.644252,17006837760,16347774976,659062784,3.9,14071349248,1013334016,1713274880,81575936,2329296896
2026-07-08T14:26:26.644637,17006837760,16349167616,657670144,3.9,14072741888,1013334016,1713274880,81575936,2329313280
2026-07-08T14:26:27.644990,17006837760,16348676096,658161664,3.9,14072250368,1013334016,1713274880,81575936,2329411584
2026-07-08T14:26:28.645279,17006837760,16347955200,658882560,3.9,14071529472,1013334016,1713274880,81575936,2329411584
2026-07-08T14:26:29.646687,17006837760,16348692480,658145280,3.9,14072266752,1013334016,1713274880,81575936,2329509888
2026-07-08T14:26:30.647022,17006837760,16346464256,660373504,3.9,14070038528,1013334016,1713274880,81592320,2329624576
2026-07-08T14:26:31.647453,17006837760,16345530368,661307392,3.9,14069104640,1013334016,1713274880,81592320,2329624576
2026-07-08T14:26:32.647779,17006837760,16344940544,661897216,3.9,14068514816,1013334016,1713274880,81592320,2329624576
2026-07-08T14:26:33.648098,17006837760,16346611712,660226048,3.9,14069989376,1013645312,1713471488,81592320,2329624576
2026-07-08T14:26:34.648411,17006837760,16346169344,660668416,3.9,14069547008,1013645312,1713471488,81592320,2329640960
2026-07-08T14:26:35.648761,17006837760,16345923584,660914176,3.9,14069301248,1013645312,1713471488,81608704,2329640960
2026-07-08T14:26:36.649086,17006837760,16346906624,659931136,3.9,14070284288,1013645312,1713471488,81608704,2329640960
2026-07-08T14:26:37.649674,17006837760,16348512256,658325504,3.9,14071889920,1013645312,1713471488,81608704,2329640960
2026-07-08T14:26:38.652027,17006837760,16330473472,676364288,4.0,14053523456,1026015232,1713799168,81608704,2329657344
2026-07-08T14:26:39.652696,17006837760,16328245248,678592512,4.0,14051295232,1028046848,1713799168,81608704,2329657344
2026-07-08T14:26:40.653062,17006837760,16328278016,678559744,4.0,14051328000,1028046848,1713799168,81625088,2329657344
2026-07-08T14:26:41.653393,17006837760,16330604544,676233216,4.0,14053654528,1028046848,1713799168,81625088,2329657344
2026-07-08T14:26:42.653669,17006837760,16330850304,675987456,4.0,14053900288,1028046848,1713799168,81625088,2329673728
2026-07-08T14:26:43.653945,17006837760,16330571776,676265984,4.0,14053621760,1028046848,1713799168,81625088,2329673728
2026-07-08T14:26:44.654220,17006837760,16332128256,674709504,4.0,14055178240,1028046848,1713799168,81625088,2329673728
2026-07-08T14:26:45.654845,17006837760,16339927040,666910720,3.9,14062960640,1014415360,1713815552,81625088,2329673728
2026-07-08T14:26:46.655222,17006837760,16337108992,669728768,3.9,14060060672,1018707968,1713897472,81625088,2329690112
2026-07-08T14:26:47.655721,17006837760,16337387520,669450240,3.9,14060339200,1018707968,1713897472,81625088,2329690112
2026-07-08T14:26:48.656096,17006837760,16331898880,674938880,4.0,14054834176,1028849664,1713913856,81625088,2329690112
2026-07-08T14:26:49.656485,17006837760,16330424320,676413440,4.0,14053359616,1030881280,1713913856,81625088,2329788416
2026-07-08T14:26:50.657204,17006837760,16330424320,676413440,4.0,14053359616,1030881280,1713913856,81657856,2329804800
2026-07-08T14:26:51.658110,17006837760,16332881920,673955840,4.0,14055817216,1030881280,1713913856,81657856,2329804800
2026-07-08T14:26:52.658834,17006837760,16345350144,661487616,3.9,14068137984,1015562240,1714061312,81657856,2329804800
2026-07-08T14:26:53.659326,17006837760,16344858624,661979136,3.9,14067646464,1015562240,1714061312,81657856,2329804800
2026-07-08T14:26:54.659607,17006837760,16346529792,660307968,3.9,14069317632,1015562240,1714061312,81657856,2329821184
2026-07-08T14:26:55.659887,17006837760,16347824128,659013632,3.9,14070611968,1015562240,1714061312,81674240,2329821184
2026-07-08T14:26:56.660167,17006837760,16346677248,660160512,3.9,14069465088,1015562240,1714061312,81674240,2329919488
2026-07-08T14:26:57.660926,17006837760,16346988544,659849216,3.9,14069776384,1015562240,1714061312,81674240,2329919488
2026-07-08T14:26:58.661871,17006837760,16339959808,666877952,3.9,14062649344,1020035072,1714159616,81674240,2329935872
2026-07-08T14:26:59.662460,17006837760,16338731008,668106752,3.9,14061420544,1022066688,1714159616,81674240,2329935872
2026-07-08T14:27:00.663486,17006837760,16322707456,684130304,4.0,14045396992,1029177344,1714159616,81674240,2329935872
2026-07-08T14:27:01.664724,17006837760,16320823296,686014464,4.0,14043512832,1037811712,1714159616,81674240,2329952256
2026-07-08T14:27:02.665117,17006837760,16289153024,717684736,4.2,14011809792,1050984448,1714192384,81674240,2329952256
2026-07-08T14:27:03.665625,17006837760,16289382400,717455360,4.2,14012039168,1063682048,1714192384,81674240,2329952256
2026-07-08T14:27:04.666082,17006837760,16234315776,772521984,4.5,13956972544,1077297152,1714192384,81674240,2329952256
2026-07-08T14:27:05.666494,17006837760,16226238464,780599296,4.6,13948862464,1085390848,1714225152,81690624,2329968640
2026-07-08T14:27:06.666937,17006837760,16224272384,782565376,4.6,13946896384,1093517312,1714225152,81690624,2329968640
2026-07-08T14:27:07.668031,17006837760,16200826880,806010880,4.7,13923450880,1093517312,1714225152,81690624,2329968640
2026-07-08T14:27:08.668996,17006837760,16203481088,803356672,4.7,13926105088,1093517312,1714225152,81690624,2329968640
2026-07-08T14:27:09.669775,17006837760,16207773696,799064064,4.7,13930397696,1093517312,1714225152,81690624,2329985024
2026-07-08T14:27:10.670385,17006837760,16213327872,793509888,4.7,13935951872,1093517312,1714225152,81707008,2329985024
2026-07-08T14:27:11.670959,17006837760,16222126080,784711680,4.6,13944750080,1093517312,1714225152,81707008,2329985024
2026-07-08T14:27:12.671527,17006837760,16227680256,779157504,4.6,13950304256,1093517312,1714225152,81707008,2330001408
2026-07-08T14:27:13.672205,17006837760,16233594880,773242880,4.5,13956218880,1093517312,1714225152,81707008,2330099712
2026-07-08T14:27:14.672785,17006837760,16239312896,767524864,4.5,13961936896,1093517312,1714225152,81707008,2330099712
2026-07-08T14:27:15.673192,17006837760,16242753536,764084224,4.5,13965377536,1093517312,1714225152,81723392,2330198016
2026-07-08T14:27:16.673882,17006837760,16245555200,761282560,4.5,13968179200,1093517312,1714225152,81723392,2330312704
2026-07-08T14:27:17.674942,17006837760,16248750080,758087680,4.5,13971308544,1093517312,1714290688,81723392,2330312704
2026-07-08T14:27:18.675508,17006837760,16251437056,755400704,4.4,13973995520,1093517312,1714290688,81723392,2330312704
2026-07-08T14:27:19.676328,17006837760,16253812736,753025024,4.4,13976059904,1093713920,1714601984,81723392,2330329088
2026-07-08T14:27:20.677121,17006837760,16256303104,750534656,4.4,13978550272,1093713920,1714601984,81739776,2330329088
2026-07-08T14:27:21.677576,17006837760,16257859584,748978176,4.4,13980106752,1093713920,1714601984,81739776,2330329088
2026-07-08T14:27:22.678239,17006837760,16259563520,747274240,4.4,13981810688,1093713920,1714601984,81739776,2330329088
2026-07-08T14:27:23.678971,17006837760,16260841472,745996288,4.4,13983088640,1093713920,1714601984,81739776,2330345472
2026-07-08T14:27:24.679481,17006837760,16271687680,735150080,4.3,13993918464,1069154304,1714618368,81739776,2330345472
2026-07-08T14:27:25.680000,17006837760,16282845184,723992576,4.3,14005075968,1066876928,1714618368,81756160,2330345472
2026-07-08T14:27:26.680393,17006837760,16283189248,723648512,4.3,14005420032,1066876928,1714618368,81756160,2330345472
2026-07-08T14:27:27.680855,17006837760,16285646848,721190912,4.2,14007877632,1066876928,1714618368,81756160,2330361856
2026-07-08T14:27:28.681235,17006837760,16287809536,719028224,4.2,14010040320,1066876928,1714618368,81756160,2330361856
2026-07-08T14:27:29.681580,17006837760,16318791680,688046080,4.0,14040924160,1014349824,1714716672,81756160,2330361856
2026-07-08T14:27:30.683023,17006837760,16318791680,688046080,4.0,14040924160,1016889344,1714716672,81756160,2330361856
2026-07-08T14:27:31.683324,17006837760,16319332352,687505408,4.0,14041464832,1016889344,1714716672,81756160,2330378240
2026-07-08T14:27:32.683597,17006837760,16322854912,683982848,4.0,14044987392,1016889344,1714716672,81756160,2330378240
2026-07-08T14:27:33.683872,17006837760,16323592192,683245568,4.0,14045724672,1016889344,1714716672,81756160,2330476544
2026-07-08T14:27:34.684229,17006837760,16325804032,681033728,4.0,14047936512,1016889344,1714716672,81756160,2330476544
2026-07-08T14:27:35.684546,17006837760,16330883072,675954688,4.0,14053015552,1016889344,1714716672,81772544,2330492928
2026-07-08T14:27:36.684891,17006837760,16333160448,673677312,4.0,14055292928,1016889344,1714716672,81772544,2330492928
2026-07-08T14:27:37.685201,17006837760,16335437824,671399936,3.9,14057570304,1016889344,1714716672,81772544,2330492928
2026-07-08T14:27:38.685533,17006837760,16337453056,669384704,3.9,14059585536,1016889344,1714716672,81772544,2330492928
2026-07-08T14:27:39.685859,17006837760,16339058688,667779072,3.9,14061191168,1016889344,1714716672,81772544,2330492928
2026-07-08T14:27:40.689481,17006837760,16333045760,673792000,4.0,14055178240,1016889344,1714716672,81788928,2330509312
2026-07-08T14:27:41.689851,17006837760,16315187200,691650560,4.1,14037286912,1029554176,1714749440,81788928,2330509312
2026-07-08T14:27:42.690233,17006837760,16305815552,701022208,4.1,14027915264,1041743872,1714749440,81788928,2330509312
2026-07-08T14:27:43.690608,17006837760,16294658048,712179712,4.2,14016741376,1048330240,1714765824,81788928,2330525696
2026-07-08T14:27:44.690985,17006837760,16281436160,725401600,4.3,14003519488,1058488320,1714765824,81788928,2330525696
2026-07-08T14:27:45.691348,17006837760,16273195008,733642752,4.3,13995180032,1066516480,1714864128,81805312,2330624000
2026-07-08T14:27:46.691740,17006837760,16273195008,733642752,4.3,13995180032,1066516480,1714864128,81805312,2330640384
2026-07-08T14:27:47.693876,17006837760,16273457152,733380608,4.3,13995442176,1066516480,1714864128,81805312,2330640384
2026-07-08T14:27:48.694446,17006837760,16275062784,731774976,4.3,13996900352,1066532864,1715011584,81805312,2330640384
2026-07-08T14:27:49.694976,17006837760,16276176896,730660864,4.3,13998014464,1066532864,1715011584,81805312,2330640384
2026-07-08T14:27:50.695613,17006837760,16278798336,728039424,4.3,14000635904,1066532864,1715011584,81821696,2330656768
2026-07-08T14:27:51.696738,17006837760,16262578176,744259584,4.4,13984415744,1066532864,1715011584,81821696,2330656768
2026-07-08T14:27:52.697324,17006837760,16261251072,745586688,4.4,13983088640,1066532864,1715011584,81821696,2330656768
2026-07-08T14:27:53.698132,17006837760,16266100736,740737024,4.4,13987938304,1066532864,1715011584,81821696,2330656768
2026-07-08T14:27:54.702184,17006837760,16282173440,724664320,4.3,14003945472,1052606464,1715077120,81821696,2330673152
2026-07-08T14:27:55.704227,17006837760,16313597952,693239808,4.1,14035206144,1016971264,1715240960,81838080,2330771456
2026-07-08T14:27:56.709528,17006837760,16310697984,696139776,4.1,14032306176,1024081920,1715240960,81838080,2330771456
2026-07-08T14:27:57.710144,17006837760,16312483840,694353920,4.1,14034092032,1024081920,1715240960,81838080,2330968064
2026-07-08T14:27:58.710585,17006837760,16316760064,690077696,4.1,14038040576,1024262144,1715568640,81838080,2331099136
2026-07-08T14:27:59.710938,17006837760,16318431232,688406528,4.0,14039711744,1024262144,1715568640,81838080,2331099136
2026-07-08T14:28:00.711289,17006837760,16321298432,685539328,4.0,14042578944,1024262144,1715568640,81838080,2331099136
2026-07-08T14:28:01.711714,17006837760,16324755456,682082304,4.0,14046035968,1024262144,1715568640,81838080,2331213824
2026-07-08T14:28:02.712081,17006837760,16324804608,682033152,4.0,14046085120,1024262144,1715568640,81838080,2331230208
2026-07-08T14:28:03.713004,17006837760,16330063872,676773888,4.0,14051115008,1010647040,1715798016,81838080,2331344896
2026-07-08T14:28:04.713633,17006837760,16330915840,675921920,4.0,14051966976,1011662848,1715798016,81838080,2331344896
2026-07-08T14:28:05.714189,17006837760,16331538432,675299328,4.0,14052589568,1011662848,1715798016,81854464,2331459584
2026-07-08T14:28:06.714682,17006837760,16334618624,672219136,4.0,14055669760,1011662848,1715798016,81854464,2331475968
2026-07-08T14:28:07.715534,17006837760,16336896000,669941760,3.9,14057947136,1011662848,1715798016,81854464,2331475968
2026-07-08T14:28:08.715933,17006837760,16337764352,669073408,3.9,14058815488,1011662848,1715798016,81854464,2331590656
2026-07-08T14:28:09.717495,17006837760,16339664896,667172864,3.9,14060716032,1011662848,1715798016,81854464,2331590656
2026-07-08T14:28:10.717893,17006837760,16340975616,665862144,3.9,14061715456,1011875840,1716092928,81870848,2331738112
2026-07-08T14:28:11.718283,17006837760,16341680128,665157632,3.9,14062419968,1011875840,1716092928,81870848,2331754496
2026-07-08T14:28:12.718681,17006837760,16341549056,665288704,3.9,14062288896,1011875840,1716092928,81870848,2331754496
2026-07-08T14:28:13.720087,17006837760,16343793664,663044096,3.9,14064533504,1011875840,1716092928,81870848,2331754496
2026-07-08T14:28:14.720493,17006837760,16343859200,662978560,3.9,14064599040,1011875840,1716092928,81870848,2331754496
2026-07-08T14:28:15.720893,17006837760,16344776704,662061056,3.9,14065516544,1011875840,1716092928,81887232,2331754496
2026-07-08T14:28:16.721462,17006837760,16346087424,660750336,3.9,14066827264,1011875840,1716092928,81887232,2331787264
2026-07-08T14:28:17.725582,17006837760,16347430912,659406848,3.9,14068170752,1011875840,1716092928,81887232,2331787264
2026-07-08T14:28:18.725941,17006837760,16348626944,658210816,3.9,14069317632,1011924992,1716142080,81887232,2331787264
2026-07-08T14:28:19.726223,17006837760,16350576640,656261120,3.9,14071267328,1011924992,1716142080,81887232,2331787264
2026-07-08T14:28:20.726502,17006837760,16350461952,656375808,3.9,14071152640,1011924992,1716142080,81903616,2331803648
2026-07-08T14:28:21.726779,17006837760,16345415680,661422080,3.9,14066106368,1011924992,1716142080,81903616,2331803648
2026-07-08T14:28:22.727056,17006837760,16345186304,661651456,3.9,14065876992,1011924992,1716142080,81903616,2331803648
2026-07-08T14:28:23.730047,17006837760,16332374016,674463744,4.0,14052818944,1015742464,1716387840,81903616,2331918336
2026-07-08T14:28:24.730429,17006837760,16330407936,676429824,4.0,14050852864,1017774080,1716387840,81903616,2331918336
2026-07-08T14:28:25.730747,17006837760,16330883072,675954688,4.0,14051328000,1017774080,1716387840,81920000,2331934720
2026-07-08T14:28:26.731026,17006837760,16335650816,671186944,3.9,14056095744,1017774080,1716387840,81920000,2331934720
2026-07-08T14:28:27.731306,17006837760,16336437248,670400512,3.9,14056882176,1017774080,1716387840,81920000,2331934720
2026-07-08T14:28:28.731626,17006837760,16335421440,671416320,3.9,14055866368,1017774080,1716387840,81920000,2331934720
2026-07-08T14:28:29.731974,17006837760,16336404480,670433280,3.9,14056849408,1017774080,1716387840,81920000,2331934720
2026-07-08T14:28:30.733607,17006837760,16336093184,670744576,3.9,14056505344,1014497280,1716420608,81920000,2331951104
2026-07-08T14:28:31.734508,17006837760,16337289216,669548544,3.9,14057701376,1016528896,1716420608,81920000,2331951104
2026-07-08T14:28:32.735260,17006837760,16337207296,669630464,3.9,14057619456,1016528896,1716420608,81920000,2331951104
2026-07-08T14:28:33.735532,17006837760,16340402176,666435584,3.9,14060814336,1016528896,1716420608,81920000,2331967488
2026-07-08T14:28:34.735806,17006837760,16339812352,667025408,3.9,14060224512,1016889344,1716420608,81920000,2331967488
2026-07-08T14:28:35.736112,17006837760,16339812352,667025408,3.9,14060224512,1016889344,1716420608,81936384,2331967488
2026-07-08T14:28:36.736442,17006837760,16342466560,664371200,3.9,14062878720,1016889344,1716420608,81936384,2331967488
2026-07-08T14:28:37.736734,17006837760,16341729280,665108480,3.9,14062141440,1016889344,1716420608,81936384,2331967488
2026-07-08T14:28:38.737114,17006837760,16341729280,665108480,3.9,14062141440,1016889344,1716420608,81936384,2331983872
2026-07-08T14:28:39.737399,17006837760,16344268800,662568960,3.9,14064680960,1016889344,1716420608,81936384,2332098560
2026-07-08T14:28:40.737763,17006837760,16344645632,662192128,3.9,14065057792,1016889344,1716420608,81952768,2332098560
2026-07-08T14:28:41.738132,17006837760,16344891392,661946368,3.9,14065303552,1016889344,1716420608,81952768,2332098560
2026-07-08T14:28:42.738629,17006837760,16342695936,664141824,3.9,14063108096,1016889344,1716420608,81952768,2332114944
2026-07-08T14:28:43.738953,17006837760,16342450176,664387584,3.9,14062862336,1016889344,1716420608,81952768,2332114944
2026-07-08T14:28:44.739289,17006837760,16343400448,663437312,3.9,14063812608,1016889344,1716420608,81952768,2332114944
2026-07-08T14:28:45.739640,17006837760,16344416256,662421504,3.9,14064828416,1016889344,1716420608,81969152,2332114944
2026-07-08T14:28:46.739966,17006837760,16344711168,662126592,3.9,14065123328,1016889344,1716420608,81969152,2332114944
2026-07-08T14:28:47.740341,17006837760,16345382912,661454848,3.9,14065795072,1016889344,1716420608,81969152,2332131328
2026-07-08T14:28:48.740671,17006837760,16346513408,660324352,3.9,14066925568,1016889344,1716420608,81969152,2332131328
2026-07-08T14:28:49.741050,17006837760,16346693632,660144128,3.9,14067073024,1016889344,1716453376,81969152,2332131328
2026-07-08T14:28:50.741398,17006837760,16347398144,659439616,3.9,14067777536,1016889344,1716453376,81969152,2332131328
2026-07-08T14:28:51.741735,17006837760,16345726976,661110784,3.9,14066106368,1016889344,1716453376,81985536,2332147712
2026-07-08T14:28:52.742015,17006837760,16342089728,664748032,3.9,14062469120,1016889344,1716453376,81985536,2332147712
2026-07-08T14:28:53.742294,17006837760,16342925312,663912448,3.9,14063304704,1016889344,1716453376,81985536,2332147712
2026-07-08T14:28:54.743388,17006837760,16343384064,663453696,3.9,14063763456,1016889344,1716453376,81985536,2332147712
2026-07-08T14:28:55.744752,17006837760,16323624960,683212800,4.0,14043889664,1030635520,1716568064,81985536,2332164096
2026-07-08T14:28:56.745816,17006837760,16314368000,692469760,4.1,14034616320,1042300928,1716584448,82001920,2332164096
2026-07-08T14:28:57.746639,17006837760,16291266560,715571200,4.2,14011514880,1052459008,1716584448,82001920,2332164096
2026-07-08T14:28:58.747219,17006837760,16279470080,727367680,4.3,13999718400,1063124992,1716584448,82001920,2332164096
2026-07-08T14:28:59.747674,17006837760,16249995264,756842496,4.5,13970227200,1074348032,1716600832,82001920,2332180480
2026-07-08T14:29:00.748175,17006837760,16238329856,768507904,4.5,13958561792,1074348032,1716600832,82001920,2332180480
2026-07-08T14:29:01.748765,17006837760,16239722496,767115264,4.5,13959954432,1074348032,1716600832,82001920,2332180480
2026-07-08T14:29:02.749891,17006837760,16227418112,779419648,4.6,13947650048,1074348032,1716600832,82001920,2332196864
2026-07-08T14:29:03.750612,17006837760,16222404608,784433152,4.6,13942489088,1074724864,1716731904,82001920,2332442624
2026-07-08T14:29:04.751227,17006837760,16228466688,778371072,4.6,13948551168,1074724864,1716731904,82001920,2332442624
2026-07-08T14:29:05.751823,17006837760,16235085824,771751936,4.5,13955170304,1074724864,1716731904,82001920,2332442624
2026-07-08T14:29:06.752539,17006837760,16242343936,764493824,4.5,13962428416,1074724864,1716731904,82018304,2332459008
2026-07-08T14:29:07.753134,17006837760,16248881152,757956608,4.5,13968965632,1074724864,1716731904,82018304,2332459008
2026-07-08T14:29:08.754488,17006837760,16254287872,752549888,4.4,13974372352,1074724864,1716731904,82018304,2332573696
2026-07-08T14:29:09.754884,17006837760,16258908160,747929600,4.4,13978992640,1074724864,1716731904,82018304,2332573696
2026-07-08T14:29:10.755232,17006837760,16262889472,743948288,4.4,13982941184,1074855936,1716764672,82018304,2332590080
2026-07-08T14:29:11.755510,17006837760,16266428416,740409344,4.4,13986480128,1074855936,1716764672,82034688,2332590080
2026-07-08T14:29:12.755788,17006837760,16269328384,737509376,4.3,13989380096,1074855936,1716764672,82034688,2332590080
2026-07-08T14:29:13.756540,17006837760,16321904640,684933120,4.0,14041710592,1013415936,1717010432,82034688,2332590080
2026-07-08T14:29:14.757212,17006837760,16324575232,682262528,4.0,14044217344,1010843648,1717174272,82034688,2332590080
2026-07-08T14:29:15.757642,17006837760,16324771840,682065920,4.0,14044413952,1010843648,1717174272,82034688,2332606464
2026-07-08T14:29:16.757964,17006837760,16327868416,678969344,4.0,14047510528,1010843648,1717174272,82051072,2332606464
2026-07-08T14:29:17.758333,17006837760,16330309632,676528128,4.0,14049951744,1010843648,1717174272,82051072,2332606464
2026-07-08T14:29:18.758733,17006837760,16330457088,676380672,4.0,14050099200,1010843648,1717174272,82051072,2332606464
2026-07-08T14:29:19.759047,17006837760,16332668928,674168832,4.0,14052311040,1010843648,1717174272,82051072,2332606464
2026-07-08T14:29:20.759379,17006837760,16335323136,671514624,3.9,14054948864,1011253248,1717190656,82051072,2332622848
2026-07-08T14:29:21.759808,17006837760,16330194944,676642816,4.0,14049820672,1011253248,1717190656,82067456,2332737536
2026-07-08T14:29:22.760137,17006837760,16332898304,673939456,4.0,14052524032,1011253248,1717190656,82067456,2332737536
2026-07-08T14:29:23.760548,17006837760,16335192064,671645696,3.9,14054817792,1011253248,1717190656,82067456,2332737536
2026-07-08T14:29:24.760983,17006837760,16341483520,665354240,3.9,14061109248,1011253248,1717190656,82067456,2332753920
2026-07-08T14:29:25.761284,17006837760,16341975040,664862720,3.9,14061600768,1011253248,1717190656,82067456,2332753920
2026-07-08T14:29:26.761556,17006837760,16344498176,662339584,3.9,14064123904,1011253248,1717190656,82083840,2332753920
2026-07-08T14:29:27.761834,17006837760,16343891968,662945792,3.9,14063517696,1011253248,1717190656,82083840,2332753920
2026-07-08T14:29:28.762149,17006837760,16345022464,661815296,3.9,14064648192,1011253248,1717190656,82083840,2332753920
2026-07-08T14:29:29.762470,17006837760,16343973888,662863872,3.9,14063550464,1011712000,1717239808,82083840,2332770304
2026-07-08T14:29:30.762788,17006837760,16343154688,663683072,3.9,14062731264,1011712000,1717239808,82083840,2332770304
2026-07-08T14:29:31.763109,17006837760,16344039424,662798336,3.9,14063616000,1011712000,1717239808,82083840,2332770304
2026-07-08T14:29:32.763485,17006837760,16346447872,660389888,3.9,14066024448,1011712000,1717239808,82083840,2332770304
2026-07-08T14:29:33.763777,17006837760,16346284032,660553728,3.9,14065860608,1011712000,1717239808,82083840,2332786688
2026-07-08T14:29:34.764056,17006837760,16348430336,658407424,3.9,14068006912,1011712000,1717239808,82083840,2332786688
2026-07-08T14:29:35.764333,17006837760,16350298112,656539648,3.9,14069874688,1011712000,1717239808,82083840,2332786688
2026-07-08T14:29:36.764614,17006837760,16349921280,656916480,3.9,14069497856,1011712000,1717239808,82100224,2332786688
2026-07-08T14:29:37.764966,17006837760,16349954048,656883712,3.9,14069530624,1011712000,1717239808,82100224,2332786688
2026-07-08T14:29:38.765286,17006837760,16350920704,655917056,3.9,14070497280,1011712000,1717239808,82100224,2332803072
2026-07-08T14:29:39.765569,17006837760,16351641600,655196160,3.9,14071218176,1011712000,1717239808,82100224,2332803072
2026-07-08T14:29:40.765851,17006837760,16351510528,655327232,3.9,14071087104,1011712000,1717239808,82100224,2332803072
2026-07-08T14:29:41.766131,17006837760,16349609984,657227776,3.9,14069186560,1011712000,1717239808,82116608,2332803072
2026-07-08T14:29:42.766409,17006837760,16350347264,656490496,3.9,14069923840,1011712000,1717239808,82116608,2332819456
2026-07-08T14:29:43.766729,17006837760,16351477760,655360000,3.9,14071054336,1011712000,1717239808,82116608,2332819456
2026-07-08T14:29:44.767175,17006837760,16351494144,655343616,3.9,14071070720,1011712000,1717239808,82116608,2332819456
2026-07-08T14:29:45.767502,17006837760,16351281152,655556608,3.9,14070824960,1011990528,1717272576,82116608,2332819456
2026-07-08T14:29:46.767916,17006837760,16351035392,655802368,3.9,14070579200,1011990528,1717272576,82132992,2332819456
2026-07-08T14:29:47.768395,17006837760,16335929344,670908416,3.9,14055342080,1023033344,1717403648,82132992,2332835840
2026-07-08T14:29:48.768778,17006837760,16325672960,681164800,4.0,14045085696,1030651904,1717403648,82132992,2332835840
2026-07-08T14:29:49.769485,17006837760,16325148672,681689088,4.0,14044561408,1032175616,1717403648,82132992,2332950528
2026-07-08T14:29:50.769941,17006837760,16325181440,681656320,4.0,14044561408,1032175616,1717436416,82132992,2332966912
2026-07-08T14:29:51.770367,17006837760,16322183168,684654592,4.0,14041563136,1032175616,1717436416,82149376,2332966912
2026-07-08T14:29:52.770954,17006837760,16322183168,684654592,4.0,14041563136,1032175616,1717436416,82149376,2332966912
2026-07-08T14:29:53.771343,17006837760,16322560000,684277760,4.0,14041939968,1032175616,1717436416,82149376,2332966912
2026-07-08T14:29:54.771625,17006837760,16324329472,682508288,4.0,14043709440,1032175616,1717436416,82149376,2332966912
2026-07-08T14:29:55.772010,17006837760,16339992576,666845184,3.9,14059356160,1011122176,1717452800,82149376,2332983296
2026-07-08T14:29:56.773158,17006837760,16332537856,674299904,4.0,14051770368,1014398976,1717583872,82165760,2332983296
2026-07-08T14:29:57.773486,17006837760,16333553664,673284096,4.0,14052786176,1014398976,1717583872,82165760,2332983296
2026-07-08T14:29:58.773806,17006837760,16335814656,671023104,3.9,14055047168,1014398976,1717583872,82165760,2333114368
2026-07-08T14:29:59.774139,17006837760,16336388096,670449664,3.9,14055620608,1014398976,1717583872,82165760,2333130752
2026-07-08T14:30:00.774475,17006837760,16338092032,668745728,3.9,14057324544,1014398976,1717583872,82165760,2333130752
2026-07-08T14:30:01.774794,17006837760,16341794816,665042944,3.9,14061027328,1014398976,1717583872,82165760,2333130752
2026-07-08T14:30:02.775149,17006837760,16342859776,663977984,3.9,14062092288,1014398976,1717583872,82165760,2333130752
2026-07-08T14:30:03.775482,17006837760,16343187456,663650304,3.9,14062419968,1014398976,1717583872,82165760,2333130752
2026-07-08T14:30:04.775909,17006837760,16345219072,661618688,3.9,14064451584,1014398976,1717583872,82165760,2333147136
2026-07-08T14:30:05.776236,17006837760,16345792512,661045248,3.9,14065025024,1014398976,1717583872,82165760,2333147136
2026-07-08T14:30:06.776563,17006837760,16346480640,660357120,3.9,14065713152,1014398976,1717583872,82182144,2333163520
2026-07-08T14:30:07.776888,17006837760,16347561984,659275776,3.9,14066794496,1014398976,1717583872,82182144,2333163520
2026-07-08T14:30:08.777220,17006837760,16348774400,658063360,3.9,14068006912,1014398976,1717583872,82182144,2333163520
2026-07-08T14:30:09.777544,17006837760,16349003776,657833984,3.9,14068236288,1014398976,1717583872,82182144,2333179904
2026-07-08T14:30:10.777865,17006837760,16348823552,658014208,3.9,14068056064,1014398976,1717583872,82182144,2333179904
2026-07-08T14:30:11.781582,17006837760,16346595328,660242432,3.9,14065827840,1014906880,1717583872,82198528,2333179904
2026-07-08T14:30:12.782535,17006837760,16332046336,674791424,4.0,14051082240,1027407872,1717780480,82198528,2333179904
2026-07-08T14:30:13.783148,17006837760,16332374016,674463744,4.0,14051409920,1027407872,1717780480,82198528,2333196288
2026-07-08T14:30:14.784518,17006837760,16332374016,674463744,4.0,14051409920,1027407872,1717780480,82198528,2333196288
2026-07-08T14:30:15.785687,17006837760,16335355904,671481856,3.9,14054391808,1027407872,1717780480,82198528,2333196288
2026-07-08T14:30:16.786202,17006837760,16332423168,674414592,4.0,14051442688,1027670016,1717796864,82214912,2333196288
2026-07-08T14:30:17.787092,17006837760,16330686464,676151296,4.0,14049705984,1027670016,1717796864,82214912,2333442048
2026-07-08T14:30:18.787668,17006837760,16337354752,669483008,3.9,14055997440,1011728384,1718173696,82214912,2333442048
2026-07-08T14:30:19.788793,17006837760,16337420288,669417472,3.9,14056062976,1011728384,1718173696,82214912,2333442048
2026-07-08T14:30:20.789710,17006837760,16339927040,666910720,3.9,14058569728,1011728384,1718173696,82214912,2333442048
2026-07-08T14:30:21.790632,17006837760,16337666048,669171712,3.9,14056308736,1011974144,1718173696,82214912,2333442048
2026-07-08T14:30:22.791400,17006837760,16336896000,669941760,3.9,14055538688,1011974144,1718173696,82214912,2333458432
2026-07-08T14:30:23.791839,17006837760,16337010688,669827072,3.9,14055653376,1011974144,1718173696,82214912,2333458432
2026-07-08T14:30:24.792382,17006837760,16340795392,666042368,3.9,14059438080,1011974144,1718173696,82214912,2333458432
2026-07-08T14:30:25.792938,17006837760,16342564864,664272896,3.9,14061207552,1011974144,1718173696,82214912,2333458432
2026-07-08T14:30:26.795489,17006837760,16340647936,666189824,3.9,14059274240,1012973568,1718190080,82247680,2333474816
2026-07-08T14:30:27.795977,17006837760,16342466560,664371200,3.9,14061092864,1012973568,1718190080,82247680,2333474816
2026-07-08T14:30:28.796326,17006837760,16342237184,664600576,3.9,14060863488,1012973568,1718190080,82247680,2333474816
2026-07-08T14:30:29.796681,17006837760,16345776128,661061632,3.9,14064402432,1012973568,1718190080,82247680,2333474816
2026-07-08T14:30:30.797036,17006837760,16346890240,659947520,3.9,14065516544,1012973568,1718190080,82247680,2333474816
2026-07-08T14:30:31.797464,17006837760,16347627520,659210240,3.9,14066253824,1012973568,1718190080,82247680,2333491200
2026-07-08T14:30:32.797896,17006837760,16349036544,657801216,3.9,14067662848,1012973568,1718190080,82247680,2333491200
2026-07-08T14:30:33.801591,17006837760,16350478336,656359424,3.9,14069104640,1012973568,1718190080,82247680,2333491200
2026-07-08T14:30:34.802277,17006837760,16340418560,666419200,3.9,14059044864,1017544704,1718190080,82247680,2333491200
2026-07-08T14:30:35.802749,17006837760,16340418560,666419200,3.9,14059044864,1017544704,1718190080,82247680,2333507584
2026-07-08T14:30:36.803155,17006837760,16340516864,666320896,3.9,14059044864,1017937920,1718288384,82264064,2333622272
2026-07-08T14:30:37.803466,17006837760,16344481792,662355968,3.9,14063009792,1017937920,1718288384,82264064,2333622272
2026-07-08T14:30:38.804204,17006837760,16344662016,662175744,3.9,14063190016,1017937920,1718288384,82264064,2333622272
2026-07-08T14:30:39.807220,17006837760,16332144640,674693120,4.0,14050508800,1022541824,1718452224,82264064,2333638656
2026-07-08T14:30:40.807817,17006837760,16321839104,684998656,4.0,14040203264,1028636672,1718452224,82264064,2333638656
2026-07-08T14:30:41.808391,17006837760,16318840832,687996928,4.0,14037204992,1028636672,1718452224,82280448,2333638656
2026-07-08T14:30:42.808933,17006837760,16318840832,687996928,4.0,14037204992,1028636672,1718452224,82280448,2333638656
2026-07-08T14:30:43.809478,17006837760,16320593920,686243840,4.0,14038958080,1028636672,1718452224,82280448,2333655040
2026-07-08T14:30:44.809814,17006837760,16321609728,685228032,4.0,14039908352,1029079040,1718517760,82280448,2333753344
2026-07-08T14:30:45.810232,17006837760,16320937984,685899776,4.0,14039236608,1029079040,1718517760,82280448,2333753344
2026-07-08T14:30:46.813876,17006837760,16327000064,679837696,4.0,14045282304,1019002880,1718534144,82296832,2333753344
2026-07-08T14:30:47.814565,17006837760,16328032256,678805504,4.0,14046314496,1021034496,1718534144,82296832,2333769728
2026-07-08T14:30:48.814870,17006837760,16332079104,674758656,4.0,14050361344,1014661120,1718534144,82296832,2333769728
2026-07-08T14:30:49.815148,17006837760,16335765504,671072256,3.9,14054047744,1014661120,1718534144,82296832,2333769728
2026-07-08T14:30:50.815428,17006837760,16337207296,669630464,3.9,14055489536,1014661120,1718534144,82296832,2333769728
2026-07-08T14:30:51.815710,17006837760,16337403904,669433856,3.9,14055686144,1014661120,1718534144,82296832,2333769728
2026-07-08T14:30:52.816235,17006837760,16339861504,666976256,3.9,14058127360,1014661120,1718550528,82296832,2333786112
2026-07-08T14:30:53.816841,17006837760,16337567744,669270016,3.9,14055833600,1014661120,1718550528,82296832,2333786112
2026-07-08T14:30:54.817246,17006837760,16338108416,668729344,3.9,14056374272,1014661120,1718550528,82296832,2333786112
2026-07-08T14:30:55.817563,17006837760,16335372288,671465472,3.9,14053638144,1014661120,1718550528,82296832,2333786112
2026-07-08T14:30:56.817897,17006837760,16335437824,671399936,3.9,14053687296,1014661120,1718550528,82329600,2333818880
2026-07-08T14:30:57.818234,17006837760,16335716352,671121408,3.9,14053900288,1014710272,1718616064,82329600,2333933568
2026-07-08T14:30:58.818559,17006837760,16336535552,670302208,3.9,14054719488,1014710272,1718616064,82329600,2334064640
2026-07-08T14:30:59.818901,17006837760,16336977920,669859840,3.9,14055161856,1014710272,1718616064,82329600,2334064640
2026-07-08T14:31:00.819363,17006837760,16339648512,667189248,3.9,14057816064,1014710272,1718616064,82329600,2334228480
2026-07-08T14:31:01.819637,17006837760,16341336064,665501696,3.9,14059503616,1014710272,1718616064,82329600,2334228480
2026-07-08T14:31:02.819916,17006837760,16341008384,665829376,3.9,14059159552,1014710272,1718616064,82329600,2334359552
2026-07-08T14:31:03.820193,17006837760,16340664320,666173440,3.9,14058815488,1014710272,1718616064,82329600,2334474240
2026-07-08T14:31:04.820508,17006837760,16341696512,665141248,3.9,14059847680,1014710272,1718616064,82329600,2334474240
2026-07-08T14:31:05.820827,17006837760,16343089152,663748608,3.9,14061240320,1014710272,1718616064,82329600,2334490624
2026-07-08T14:31:06.821154,17006837760,16339599360,667238400,3.9,14057750528,1014710272,1718616064,82345984,2334490624
2026-07-08T14:31:07.822013,17006837760,16339795968,667041792,3.9,14057947136,1014710272,1718616064,82345984,2334490624
2026-07-08T14:31:08.822292,17006837760,16339959808,666877952,3.9,14058110976,1014710272,1718616064,82345984,2334490624
2026-07-08T14:31:09.822596,17006837760,16341762048,665075712,3.9,14059913216,1014710272,1718616064,82345984,2334507008
2026-07-08T14:31:10.822825,17006837760,16343302144,663535616,3.9,14061453312,1014710272,1718616064,82345984,2334507008
2026-07-08T14:31:11.823126,17006837760,16343334912,663502848,3.9,14061486080,1014710272,1718616064,82362368,2334507008
2026-07-08T14:31:12.823381,17006837760,16344809472,662028288,3.9,14062960640,1014710272,1718616064,82362368,2334507008
2026-07-08T14:31:13.823846,17006837760,16346562560,660275200,3.9,14064713728,1014710272,1718616064,82362368,2334507008
2026-07-08T14:31:14.825100,17006837760,16346644480,660193280,3.9,14064795648,1014710272,1718616064,82362368,2334523392
2026-07-08T14:31:15.825596,17006837760,16346824704,660013056,3.9,14064975872,1014710272,1718616064,82362368,2334523392
2026-07-08T14:31:16.825873,17006837760,16347250688,659587072,3.9,14064992256,1014808576,1719025664,82378752,2334523392
2026-07-08T14:31:17.826157,17006837760,16348250112,658587648,3.9,14065991680,1014808576,1719025664,82378752,2334523392
2026-07-08T14:31:18.826459,17006837760,16349036544,657801216,3.9,14066778112,1014808576,1719025664,82378752,2334539776
2026-07-08T14:31:19.826780,17006837760,16348119040,658718720,3.9,14065860608,1014808576,1719025664,82378752,2334539776
2026-07-08T14:31:20.827110,17006837760,16347676672,659161088,3.9,14065418240,1014808576,1719025664,82378752,2334670848
2026-07-08T14:31:21.827435,17006837760,16347447296,659390464,3.9,14065188864,1014808576,1719025664,82378752,2334670848
2026-07-08T14:31:22.827760,17006837760,16348184576,658653184,3.9,14065926144,1014808576,1719025664,82378752,2334670848
2026-07-08T14:31:23.828223,17006837760,16347824128,659013632,3.9,14065434624,1014824960,1719156736,82378752,2334687232
2026-07-08T14:31:24.828698,17006837760,16348315648,658522112,3.9,14065926144,1014824960,1719156736,82378752,2334687232
2026-07-08T14:31:25.829170,17006837760,16348790784,658046976,3.9,14066401280,1014824960,1719156736,82378752,2334687232
2026-07-08T14:31:26.829617,17006837760,16349052928,657784832,3.9,14066663424,1014824960,1719156736,82411520,2334687232
2026-07-08T14:31:27.829990,17006837760,16348807168,658030592,3.9,14066417664,1014824960,1719156736,82411520,2334687232
2026-07-08T14:31:28.830355,17006837760,16347906048,658931712,3.9,14065434624,1014857728,1719238656,82411520,2334703616
2026-07-08T14:31:29.830632,17006837760,16348758016,658079744,3.9,14066286592,1014857728,1719238656,82411520,2334703616
2026-07-08T14:31:30.830908,17006837760,16349265920,657571840,3.9,14066794496,1014857728,1719238656,82411520,2334703616
2026-07-08T14:31:31.831187,17006837760,16348545024,658292736,3.9,14066073600,1014857728,1719238656,82427904,2334703616
2026-07-08T14:31:32.831528,17006837760,16346546176,660291584,3.9,14063976448,1016283136,1719336960,82427904,2334720000
2026-07-08T14:31:33.832380,17006837760,16346660864,660176896,3.9,14064091136,1016283136,1719336960,82427904,2334720000
2026-07-08T14:31:34.832658,17006837760,16345923584,660914176,3.9,14063353856,1016283136,1719336960,82427904,2334720000
2026-07-08T14:31:35.832938,17006837760,16347643904,659193856,3.9,14065074176,1016283136,1719336960,82427904,2334834688
2026-07-08T14:31:36.833217,17006837760,16347889664,658948096,3.9,14065319936,1016283136,1719336960,82427904,2334834688
2026-07-08T14:31:37.833653,17006837760,16347889664,658948096,3.9,14065319936,1016283136,1719336960,82427904,2334851072
2026-07-08T14:31:38.833979,17006837760,16345759744,661078016,3.9,14063190016,1016283136,1719336960,82427904,2334851072
2026-07-08T14:31:39.834335,17006837760,16343056384,663781376,3.9,14060486656,1016283136,1719336960,82427904,2334851072
2026-07-08T14:31:40.834656,17006837760,16343302144,663535616,3.9,14060732416,1016283136,1719336960,82427904,2334851072
2026-07-08T14:31:41.834985,17006837760,16344072192,662765568,3.9,14061502464,1016283136,1719336960,82427904,2334867456
2026-07-08T14:31:42.835265,17006837760,16343089152,663748608,3.9,14060519424,1016283136,1719336960,82444288,2334867456
2026-07-08T14:31:43.835582,17006837760,16344252416,662585344,3.9,14061682688,1016283136,1719336960,82444288,2334867456
2026-07-08T14:31:44.837484,17006837760,16344465408,662372352,3.9,14061895680,1016283136,1719336960,82444288,2334867456
2026-07-08T14:31:45.837791,17006837760,16345530368,661307392,3.9,14062960640,1016283136,1719336960,82444288,2334867456
2026-07-08T14:31:46.838068,17006837760,16342335488,664502272,3.9,14059765760,1016283136,1719336960,82444288,2334998528
2026-07-08T14:31:47.838347,17006837760,16343302144,663535616,3.9,14060732416,1016283136,1719336960,82460672,2334998528
2026-07-08T14:31:48.838625,17006837760,16344776704,662061056,3.9,14062206976,1016283136,1719336960,82460672,2334998528
2026-07-08T14:31:49.838924,17006837760,16345350144,661487616,3.9,14062780416,1016283136,1719336960,82460672,2334998528
2026-07-08T14:31:50.839249,17006837760,16344186880,662650880,3.9,14061617152,1016283136,1719336960,82460672,2335014912
2026-07-08T14:31:51.839599,17006837760,16346054656,660783104,3.9,14063484928,1016283136,1719336960,82460672,2335014912
2026-07-08T14:31:52.839916,17006837760,16343826432,663011328,3.9,14061256704,1016283136,1719336960,82477056,2335129600
2026-07-08T14:31:53.840198,17006837760,16344186880,662650880,3.9,14061486080,1016463360,1719468032,82477056,2335129600
2026-07-08T14:31:54.840481,17006837760,16345088000,661749760,3.9,14062387200,1016463360,1719468032,82477056,2335129600
2026-07-08T14:31:55.840820,17006837760,16344252416,662585344,3.9,14061387776,1016578048,1719631872,82477056,2335145984
2026-07-08T14:31:56.841134,17006837760,16345366528,661471232,3.9,14062485504,1016578048,1719631872,82477056,2335277056
2026-07-08T14:31:57.841508,17006837760,16345317376,661520384,3.9,14062436352,1016578048,1719631872,82493440,2335408128
2026-07-08T14:31:58.841788,17006837760,16344809472,662028288,3.9,14061928448,1016578048,1719631872,82493440,2335408128
2026-07-08T14:31:59.842070,17006837760,16345055232,661782528,3.9,14062174208,1016578048,1719631872,82493440,2335424512
2026-07-08T14:32:00.842353,17006837760,16345645056,661192704,3.9,14062764032,1016578048,1719631872,82493440,2335424512
2026-07-08T14:32:01.842681,17006837760,16345628672,661209088,3.9,14062747648,1016578048,1719631872,82493440,2335424512
2026-07-08T14:32:02.843391,17006837760,16341925888,664911872,3.9,14058586112,1019674624,1720090624,82509824,2335424512
2026-07-08T14:32:03.843913,17006837760,16341368832,665468928,3.9,14058029056,1019674624,1720090624,82509824,2335440896
2026-07-08T14:32:04.844297,17006837760,16342171648,664666112,3.9,14058831872,1019969536,1720090624,82509824,2335440896
2026-07-08T14:32:05.844576,17006837760,16342171648,664666112,3.9,14058831872,1019969536,1720090624,82509824,2335440896
2026-07-08T14:32:06.844889,17006837760,16343646208,663191552,3.9,14060306432,1019969536,1720090624,82509824,2335440896
2026-07-08T14:32:07.845415,17006837760,16342646784,664190976,3.9,14059274240,1014022144,1720123392,82526208,2335440896
2026-07-08T14:32:08.845817,17006837760,16337502208,669335552,3.9,14053867520,1016299520,1720385536,82526208,2335457280
2026-07-08T14:32:09.846776,17006837760,16337502208,669335552,3.9,14053867520,1016299520,1720385536,82526208,2335457280
2026-07-08T14:32:10.847059,17006837760,16342253568,664584192,3.9,14058618880,1016299520,1720385536,82526208,2335571968
2026-07-08T14:32:11.847341,17006837760,16341516288,665321472,3.9,14057881600,1016299520,1720385536,82526208,2335571968
2026-07-08T14:32:12.847665,17006837760,16341319680,665518080,3.9,14057684992,1016299520,1720385536,82526208,2335588352
2026-07-08T14:32:13.847989,17006837760,16344367104,662470656,3.9,14060732416,1016299520,1720385536,82526208,2335588352
2026-07-08T14:32:14.848314,17006837760,16344612864,662224896,3.9,14060978176,1016299520,1720385536,82526208,2335588352
2026-07-08T14:32:15.848653,17006837760,16344596480,662241280,3.9,14060961792,1016299520,1720385536,82526208,2335588352
2026-07-08T14:32:16.848986,17006837760,16342499328,664338432,3.9,14058864640,1016299520,1720385536,82526208,2335588352
2026-07-08T14:32:17.849435,17006837760,16344563712,662274048,3.9,14060929024,1016299520,1720385536,82542592,2335604736
2026-07-08T14:32:18.849772,17006837760,16344580096,662257664,3.9,14060945408,1016299520,1720385536,82542592,2335604736
2026-07-08T14:32:19.850142,17006837760,16344793088,662044672,3.9,14060912640,1016561664,1720631296,82542592,2335719424
2026-07-08T14:32:20.850421,17006837760,16346234880,660602880,3.9,14062354432,1016561664,1720631296,82542592,2335719424
2026-07-08T14:32:21.850699,17006837760,16345006080,661831680,3.9,14061125632,1016561664,1720631296,82542592,2335735808
2026-07-08T14:32:22.851045,17006837760,16346267648,660570112,3.9,14062387200,1016561664,1720631296,82558976,2335735808
2026-07-08T14:32:23.852541,17006837760,16347037696,659800064,3.9,14063157248,1016561664,1720631296,82558976,2335735808
2026-07-08T14:32:24.852854,17006837760,16347299840,659537920,3.9,14063403008,1016594432,1720647680,82558976,2335735808
2026-07-08T14:32:25.853131,17006837760,16340631552,666206208,3.9,14056734720,1016594432,1720647680,82558976,2335752192
2026-07-08T14:32:26.853408,17006837760,16332554240,674283520,4.0,14048657408,1016594432,1720647680,82558976,2335850496
2026-07-08T14:32:27.853691,17006837760,16333324288,673513472,4.0,14049427456,1016594432,1720647680,82575360,2335850496
2026-07-08T14:32:28.854101,17006837760,16335618048,671219712,3.9,14051721216,1016594432,1720647680,82575360,2335850496
2026-07-08T14:32:29.854413,17006837760,16336011264,670826496,3.9,14052114432,1016594432,1720647680,82575360,2335850496
2026-07-08T14:32:30.854689,17006837760,16337436672,669401088,3.9,14053539840,1016594432,1720647680,82575360,2335866880
2026-07-08T14:32:31.854967,17006837760,16338911232,667926528,3.9,14055014400,1016594432,1720647680,82575360,2335866880
2026-07-08T14:32:32.855247,17006837760,16340402176,666435584,3.9,14056505344,1016594432,1720647680,82591744,2335866880
2026-07-08T14:32:33.857405,17006837760,16341549056,665288704,3.9,14057652224,1016594432,1720647680,82591744,2335866880
2026-07-08T14:32:34.857833,17006837760,16342843392,663994368,3.9,14058946560,1016594432,1720647680,82591744,2335883264
2026-07-08T14:32:35.858128,17006837760,16343416832,663420928,3.9,14059323392,1016905728,1720844288,82591744,2335997952
2026-07-08T14:32:36.858410,17006837760,16343203840,663633920,3.9,14059110400,1016905728,1720844288,82591744,2335997952
2026-07-08T14:32:37.858690,17006837760,16344104960,662732800,3.9,14060011520,1016905728,1720844288,82608128,2335997952
2026-07-08T14:32:38.859014,17006837760,16344268800,662568960,3.9,14060175360,1016905728,1720844288,82608128,2335997952
2026-07-08T14:32:39.859345,17006837760,16345710592,661127168,3.9,14061551616,1016938496,1720909824,82608128,2336014336
2026-07-08T14:32:40.859653,17006837760,16344924160,661913600,3.9,14060765184,1016938496,1720909824,82608128,2336014336
2026-07-08T14:32:41.859928,17006837760,16343187456,663650304,3.9,14059028480,1016938496,1720909824,82608128,2336014336
2026-07-08T14:32:42.860279,17006837760,16344842240,661995520,3.9,14060683264,1016938496,1720909824,82608128,2336014336
2026-07-08T14:32:43.860634,17006837760,16342466560,664371200,3.9,14058307584,1016938496,1720909824,82608128,2336030720
2026-07-08T14:32:44.861017,17006837760,16343318528,663519232,3.9,14059159552,1016938496,1720909824,82608128,2336030720
2026-07-08T14:32:45.861326,17006837760,16343531520,663306240,3.9,14059372544,1016938496,1720909824,82608128,2336030720
2026-07-08T14:32:46.861711,17006837760,16343072768,663764992,3.9,14058913792,1016938496,1720909824,82608128,2336030720
2026-07-08T14:32:47.865481,17006837760,16341893120,664944640,3.9,14057734144,1016938496,1720909824,82624512,2336030720
2026-07-08T14:32:48.865802,17006837760,16341401600,665436160,3.9,14057242624,1016938496,1720909824,82624512,2336047104
2026-07-08T14:32:49.866142,17006837760,16341467136,665370624,3.9,14057308160,1016938496,1720909824,82624512,2336047104
2026-07-08T14:32:50.866500,17006837760,16342990848,663846912,3.9,14058831872,1016938496,1720909824,82624512,2336047104
2026-07-08T14:32:51.869521,17006837760,16342253568,664584192,3.9,14058094592,1016938496,1720909824,82624512,2336047104
2026-07-08T14:32:52.869887,17006837760,16340107264,666730496,3.9,14055882752,1017888768,1720975360,82640896,2336063488
2026-07-08T14:32:53.870219,17006837760,16340107264,666730496,3.9,14055882752,1017888768,1720975360,82640896,2336178176
2026-07-08T14:32:54.870516,17006837760,16340729856,666107904,3.9,14056505344,1017888768,1720975360,82640896,2336178176
2026-07-08T14:32:55.870780,17006837760,16340025344,666812416,3.9,14055768064,1018085376,1721008128,82640896,2336178176
2026-07-08T14:32:56.871061,17006837760,16341417984,665419776,3.9,14057160704,1018085376,1721008128,82640896,2336194560
2026-07-08T14:32:57.871454,17006837760,16344580096,662257664,3.9,14060322816,1018085376,1721008128,82657280,2336194560
2026-07-08T14:32:58.872109,17006837760,16344334336,662503424,3.9,14060077056,1018085376,1721008128,82657280,2336194560
2026-07-08T14:32:59.873009,17006837760,16345759744,661078016,3.9,14061502464,1018085376,1721008128,82657280,2336194560
2026-07-08T14:33:00.873357,17006837760,16347987968,658849792,3.9,14063730688,1018085376,1721008128,82657280,2336194560
2026-07-08T14:33:01.876144,17006837760,16346988544,659849216,3.9,14062731264,1018085376,1721008128,82657280,2336210944
2026-07-08T14:33:02.876676,17006837760,16347316224,659521536,3.9,14063058944,1018085376,1721008128,82673664,2336210944
2026-07-08T14:33:03.877689,17006837760,16347840512,658997248,3.9,14063583232,1018085376,1721008128,82673664,2336210944
2026-07-08T14:33:04.878337,17006837760,16348807168,658030592,3.9,14064549888,1018085376,1721008128,82673664,2336210944
2026-07-08T14:33:05.879043,17006837760,16346497024,660340736,3.9,14062239744,1018085376,1721008128,82673664,2336309248
2026-07-08T14:33:06.879548,17006837760,16346497024,660340736,3.9,14062239744,1018085376,1721008128,82673664,2336325632
2026-07-08T14:33:07.880127,17006837760,16347037696,659800064,3.9,14062780416,1018085376,1721008128,82690048,2336325632
2026-07-08T14:33:08.881168,17006837760,16346513408,660324352,3.9,14062256128,1018085376,1721008128,82690048,2336325632
2026-07-08T14:33:09.886195,17006837760,16332177408,674660352,4.0,14047526912,1027342336,1721401344,82690048,2336342016
2026-07-08T14:33:10.887390,17006837760,16326279168,680558592,4.0,14041628672,1027342336,1721401344,82690048,2336342016
2026-07-08T14:33:11.887848,17006837760,16326279168,680558592,4.0,14041628672,1027342336,1721401344,82690048,2336342016
2026-07-08T14:33:12.888345,17006837760,16324231168,682606592,4.0,14039580672,1027342336,1721401344,82690048,2336342016
2026-07-08T14:33:13.888691,17006837760,16321232896,685604864,4.0,14036582400,1027342336,1721401344,82690048,2336358400
2026-07-08T14:33:14.889030,17006837760,16322609152,684228608,4.0,14037958656,1027342336,1721401344,82690048,2336358400
2026-07-08T14:33:15.889411,17006837760,16325263360,681574400,4.0,14040612864,1027342336,1721401344,82690048,2336358400
2026-07-08T14:33:16.889691,17006837760,16326131712,680706048,4.0,14041448448,1027735552,1721434112,82690048,2336358400
2026-07-08T14:33:17.893589,17006837760,16331980800,674856960,4.0,14047281152,1018019840,1721450496,82706432,2336358400
2026-07-08T14:33:18.893955,17006837760,16333799424,673038336,4.0,14049099776,1018019840,1721450496,82706432,2336374784
2026-07-08T14:33:19.894231,17006837760,16335208448,671629312,3.9,14050476032,1018101760,1721483264,82706432,2336374784
2026-07-08T14:33:20.894511,17006837760,16335798272,671039488,3.9,14051065856,1018101760,1721483264,82706432,2336374784
2026-07-08T14:33:21.894789,17006837760,16336273408,670564352,3.9,14051540992,1018101760,1721483264,82706432,2336374784
2026-07-08T14:33:22.895068,17006837760,16338092032,668745728,3.9,14053359616,1018101760,1721483264,82722816,2336391168
2026-07-08T14:33:23.895373,17006837760,16338092032,668745728,3.9,14053359616,1018101760,1721483264,82722816,2336391168
2026-07-08T14:33:24.895699,17006837760,16339468288,667369472,3.9,14054735872,1018101760,1721483264,82722816,2336391168
2026-07-08T14:33:25.896021,17006837760,16342597632,664240128,3.9,14057832448,1018134528,1721516032,82722816,2336391168
2026-07-08T14:33:26.896345,17006837760,16342106112,664731648,3.9,14057340928,1018134528,1721516032,82722816,2336391168
2026-07-08T14:33:27.896671,17006837760,16341860352,664977408,3.9,14057095168,1018134528,1721516032,82739200,2336407552
2026-07-08T14:33:28.896994,17006837760,16343498752,663339008,3.9,14058733568,1018134528,1721516032,82739200,2336407552
2026-07-08T14:33:29.897315,17006837760,16343252992,663584768,3.9,14058487808,1018134528,1721516032,82739200,2336505856
2026-07-08T14:33:30.897641,17006837760,16344170496,662667264,3.9,14059405312,1018134528,1721516032,82739200,2336505856
2026-07-08T14:33:31.897953,17006837760,16344907776,661929984,3.9,14060142592,1018134528,1721516032,82739200,2336505856
2026-07-08T14:33:32.898291,17006837760,16346349568,660488192,3.9,14061584384,1018134528,1721516032,82755584,2336522240
2026-07-08T14:33:33.898727,17006837760,16345612288,661225472,3.9,14060847104,1018134528,1721516032,82755584,2336522240
2026-07-08T14:33:34.900278,17006837760,16346103808,660733952,3.9,14061338624,1018134528,1721516032,82755584,2336522240
2026-07-08T14:33:35.900570,17006837760,16345350144,661487616,3.9,14060584960,1018134528,1721516032,82755584,2336522240
2026-07-08T14:33:36.900844,17006837760,16345825280,661012480,3.9,14061060096,1018134528,1721516032,82755584,2336538624
2026-07-08T14:33:37.901120,17006837760,16345448448,661389312,3.9,14060683264,1018134528,1721516032,82771968,2336538624
2026-07-08T14:33:38.901400,17006837760,16347152384,659685376,3.9,14062387200,1018134528,1721516032,82771968,2336538624
2026-07-08T14:33:39.901718,17006837760,16347414528,659423232,3.9,14062649344,1018134528,1721516032,82771968,2336538624
2026-07-08T14:33:40.902031,17006837760,16346169344,660668416,3.9,14061404160,1018134528,1721516032,82771968,2336555008
2026-07-08T14:33:41.902437,17006837760,16345530368,661307392,3.9,14060765184,1018134528,1721516032,82771968,2336555008
2026-07-08T14:33:42.902719,17006837760,16347152384,659685376,3.9,14062387200,1018134528,1721516032,82771968,2336555008
2026-07-08T14:33:43.903005,17006837760,16347627520,659210240,3.9,14062862336,1018134528,1721516032,82771968,2336555008
2026-07-08T14:33:44.903281,17006837760,16348348416,658489344,3.9,14063583232,1018134528,1721516032,82771968,2336555008
2026-07-08T14:33:45.903590,17006837760,16348823552,658014208,3.9,14064058368,1018134528,1721516032,82771968,2336571392
2026-07-08T14:33:46.903946,17006837760,16348577792,658259968,3.9,14063812608,1018134528,1721516032,82771968,2336571392
2026-07-08T14:33:47.904266,17006837760,16348086272,658751488,3.9,14063321088,1018134528,1721516032,82788352,2336571392
2026-07-08T14:33:48.904597,17006837760,16348086272,658751488,3.9,14063321088,1018134528,1721516032,82788352,2336571392
2026-07-08T14:33:49.904888,17006837760,16348135424,658702336,3.9,14063370240,1018134528,1721516032,82788352,2336587776
2026-07-08T14:33:50.905264,17006837760,16347381760,659456000,3.9,14062616576,1018134528,1721516032,82788352,2336686080
2026-07-08T14:33:51.905557,17006837760,16347742208,659095552,3.9,14062878720,1018167296,1721614336,82788352,2336686080
2026-07-08T14:33:52.905844,17006837760,16346497024,660340736,3.9,14061633536,1018167296,1721614336,82804736,2336686080
2026-07-08T14:33:53.906154,17006837760,16346726400,660111360,3.9,14061862912,1018167296,1721614336,82804736,2336686080
2026-07-08T14:33:54.906469,17006837760,16347381760,659456000,3.9,14062501888,1018167296,1721614336,82804736,2336718848
2026-07-08T14:33:55.906786,17006837760,16348659712,658178048,3.9,14063779840,1018167296,1721614336,82804736,2336718848
2026-07-08T14:33:56.907112,17006837760,16349331456,657506304,3.9,14064238592,1018216448,1721827328,82804736,2336718848
2026-07-08T14:33:57.907446,17006837760,16349085696,657752064,3.9,14063992832,1018216448,1721827328,82821120,2336702464
2026-07-08T14:33:58.909917,17006837760,16347119616,659718144,3.9,14062026752,1018216448,1721827328,82821120,2336718848
2026-07-08T14:33:59.911095,17006837760,16342220800,664616960,3.9,14057095168,1019707392,1721860096,82821120,2336735232
2026-07-08T14:34:00.911599,17006837760,16338698240,668139520,3.9,14053572608,1019707392,1721860096,82821120,2336833536
2026-07-08T14:34:01.911877,17006837760,16337272832,669564928,3.9,14052147200,1019707392,1721860096,82821120,2336931840
2026-07-08T14:34:02.912159,17006837760,16337666048,669171712,3.9,14052540416,1019707392,1721860096,82837504,2337030144
2026-07-08T14:34:03.912810,17006837760,16328343552,678494208,4.0,14043185152,1020690432,1721892864,82837504,2337046528
2026-07-08T14:34:04.913164,17006837760,16328671232,678166528,4.0,14043512832,1020690432,1721892864,82837504,2337046528
2026-07-08T14:34:05.913514,17006837760,16329359360,677478400,4.0,14044200960,1020690432,1721892864,82837504,2337046528
2026-07-08T14:34:06.913789,17006837760,16330260480,676577280,4.0,14045102080,1020690432,1721892864,82837504,2337144832
2026-07-08T14:34:07.914080,17006837760,16329605120,677232640,4.0,14044446720,1020690432,1721892864,82837504,2337161216
2026-07-08T14:34:08.914440,17006837760,16331816960,675020800,4.0,14046658560,1020690432,1721892864,82853888,2337161216
2026-07-08T14:34:09.914765,17006837760,16333225984,673611776,4.0,14047920128,1021050880,1722040320,82853888,2337259520
2026-07-08T14:34:10.917466,17006837760,16338960384,667877376,3.9,14053310464,1013465088,1722384384,82853888,2337259520
2026-07-08T14:34:11.917815,17006837760,16340074496,666763264,3.9,14054309888,1013858304,1722499072,82853888,2337374208
2026-07-08T14:34:12.918094,17006837760,16340713472,666124288,3.9,14054948864,1013858304,1722499072,82853888,2337374208
2026-07-08T14:34:13.918371,17006837760,16342548480,664289280,3.9,14056783872,1013858304,1722499072,82853888,2337505280
2026-07-08T14:34:14.918646,17006837760,16344072192,662765568,3.9,14058307584,1013858304,1722499072,82853888,2337505280
2026-07-08T14:34:15.918965,17006837760,16344416256,662421504,3.9,14058651648,1013858304,1722499072,82853888,2337505280
2026-07-08T14:34:16.920298,17006837760,16340041728,666796032,3.9,14054014976,1017774080,1722761216,82853888,2337636352
2026-07-08T14:34:17.920664,17006837760,16339304448,667533312,3.9,14053277696,1017774080,1722761216,82853888,2337636352
2026-07-08T14:34:18.921119,17006837760,16339058688,667779072,3.9,14053031936,1017774080,1722761216,82870272,2337636352
2026-07-08T14:34:19.921406,17006837760,16344449024,662388736,3.9,14058422272,1017774080,1722761216,82870272,2337636352
2026-07-08T14:34:20.921684,17006837760,16343695360,663142400,3.9,14057668608,1017774080,1722761216,82870272,2337652736
2026-07-08T14:34:21.921997,17006837760,16342958080,663879680,3.9,14056931328,1017774080,1722761216,82870272,2337652736
2026-07-08T14:34:22.922475,17006837760,16344809472,662028288,3.9,14058782720,1017774080,1722761216,82870272,2337652736
2026-07-08T14:34:23.923064,17006837760,16345628672,661209088,3.9,14059601920,1017774080,1722761216,82886656,2337652736
2026-07-08T14:34:24.923343,17006837760,16346120192,660717568,3.9,14060093440,1017774080,1722761216,82886656,2337669120
2026-07-08T14:34:25.923623,17006837760,16345071616,661766144,3.9,14059044864,1017774080,1722761216,82886656,2337669120
2026-07-08T14:34:26.923991,17006837760,16343089152,663748608,3.9,14057062400,1017774080,1722761216,82886656,2337669120
2026-07-08T14:34:27.924313,17006837760,16338944000,667893760,3.9,14052884480,1017856000,1722793984,82886656,2337669120
2026-07-08T14:34:28.924604,17006837760,16338714624,668123136,3.9,14052655104,1017856000,1722793984,82903040,2337669120
2026-07-08T14:34:29.924900,17006837760,16341188608,665649152,3.9,14055129088,1017856000,1722793984,82903040,2337685504
2026-07-08T14:34:30.925180,17006837760,16341909504,664928256,3.9,14055849984,1017856000,1722793984,82903040,2337685504
2026-07-08T14:34:31.925472,17006837760,16342155264,664682496,3.9,14056095744,1017856000,1722793984,82903040,2337685504
2026-07-08T14:34:32.926185,17006837760,16343531520,663306240,3.9,14057472000,1017856000,1722793984,82903040,2337685504
2026-07-08T14:34:33.926494,17006837760,16343924736,662913024,3.9,14057865216,1017856000,1722793984,82919424,2337701888
2026-07-08T14:34:34.926853,17006837760,16341942272,664895488,3.9,14055882752,1017856000,1722793984,82919424,2337816576
2026-07-08T14:34:35.927128,17006837760,16342450176,664387584,3.9,14056390656,1017856000,1722793984,82919424,2337816576
2026-07-08T14:34:36.927402,17006837760,16344432640,662405120,3.9,14058373120,1017856000,1722793984,82919424,2337816576
2026-07-08T14:34:37.927745,17006837760,16344907776,661929984,3.9,14058848256,1017856000,1722793984,82919424,2337816576
2026-07-08T14:34:38.928055,17006837760,16344399872,662437888,3.9,14058340352,1017856000,1722793984,82935808,2337832960
2026-07-08T14:34:39.928394,17006837760,16346054656,660783104,3.9,14059995136,1017856000,1722793984,82935808,2337832960
2026-07-08T14:34:40.928838,17006837760,16345497600,661340160,3.9,14059438080,1017856000,1722793984,82935808,2337832960
2026-07-08T14:34:41.929114,17006837760,16345251840,661585920,3.9,14059192320,1017856000,1722793984,82935808,2337832960
2026-07-08T14:34:42.929395,17006837760,16345481216,661356544,3.9,14059421696,1017856000,1722793984,82935808,2337832960
2026-07-08T14:34:43.929671,17006837760,16347594752,659243008,3.9,14061535232,1017856000,1722793984,82935808,2337849344
2026-07-08T14:34:44.930052,17006837760,16345939968,660897792,3.9,14059585536,1018068992,1723088896,82935808,2337947648
2026-07-08T14:34:45.930461,17006837760,16345448448,661389312,3.9,14059094016,1018068992,1723088896,82935808,2337947648
2026-07-08T14:34:46.930881,17006837760,16345186304,661651456,3.9,14058831872,1018068992,1723088896,82935808,2337947648
2026-07-08T14:34:47.931157,17006837760,16346087424,660750336,3.9,14059732992,1018068992,1723088896,82935808,2337964032
2026-07-08T14:34:48.931544,17006837760,16345661440,661176320,3.9,14059307008,1018068992,1723088896,82952192,2337964032
2026-07-08T14:34:49.931816,17006837760,16345366528,661471232,3.9,14059012096,1018068992,1723088896,82952192,2337964032
2026-07-08T14:34:50.932130,17006837760,16345432064,661405696,3.9,14059077632,1018068992,1723088896,82952192,2337964032
2026-07-08T14:34:51.932459,17006837760,16344465408,662372352,3.9,14058110976,1018068992,1723088896,82952192,2337980416
2026-07-08T14:34:52.932796,17006837760,16343236608,663601152,3.9,14056882176,1018068992,1723088896,82952192,2337980416
2026-07-08T14:34:53.933126,17006837760,16338141184,668696576,3.9,14051721216,1018527744,1723138048,82968576,2338111488
2026-07-08T14:34:54.933563,17006837760,16337911808,668925952,3.9,14051491840,1018527744,1723138048,82968576,2338111488
2026-07-08T14:34:55.934145,17006837760,16339845120,666992640,3.9,14053425152,1018527744,1723138048,82968576,2338127872
2026-07-08T14:34:56.934421,17006837760,16339828736,667009024,3.9,14053408768,1018527744,1723138048,82968576,2338127872
2026-07-08T14:34:57.934776,17006837760,16339320832,667516928,3.9,14052900864,1018527744,1723138048,82968576,2338127872
2026-07-08T14:34:58.935049,17006837760,16339451904,667385856,3.9,14052917248,1018609664,1723252736,82984960,2338127872
2026-07-08T14:34:59.935358,17006837760,16341024768,665812992,3.9,14054490112,1018609664,1723252736,82984960,2338127872
2026-07-08T14:35:00.935690,17006837760,16338894848,667942912,3.9,14052360192,1018609664,1723252736,82984960,2338144256
2026-07-08T14:35:01.936028,17006837760,16338812928,668024832,3.9,14052278272,1018609664,1723252736,82984960,2338144256
2026-07-08T14:35:02.936358,17006837760,16340959232,665878528,3.9,14054424576,1018609664,1723252736,82984960,2338144256
2026-07-08T14:35:03.936682,17006837760,16341221376,665616384,3.9,14054670336,1018609664,1723269120,83001344,2338144256
2026-07-08T14:35:04.937055,17006837760,16341794816,665042944,3.9,14055243776,1018609664,1723269120,83001344,2338144256
2026-07-08T14:35:05.937764,17006837760,16334012416,672825344,4.0,14047395840,1025654784,1723334656,83001344,2338160640
2026-07-08T14:35:06.938370,17006837760,16334258176,672579584,4.0,14047641600,1025654784,1723334656,83001344,2338160640
2026-07-08T14:35:07.938898,17006837760,16334258176,672579584,4.0,14047641600,1025654784,1723334656,83001344,2338160640
2026-07-08T14:35:08.939177,17006837760,16337453056,669384704,3.9,14050836480,1025654784,1723334656,83017728,2338160640
2026-07-08T14:35:09.939460,17006837760,16333307904,673529856,4.0,14046658560,1026129920,1723367424,83017728,2338177024
2026-07-08T14:35:10.939740,17006837760,16332324864,674512896,4.0,14045675520,1026129920,1723367424,83017728,2338177024
2026-07-08T14:35:11.940019,17006837760,16334290944,672546816,4.0,14047641600,1026129920,1723367424,83017728,2338291712
2026-07-08T14:35:12.940391,17006837760,16335683584,671154176,3.9,14048919552,1016872960,1723482112,83017728,2338291712
2026-07-08T14:35:13.941005,17006837760,16337551360,669286400,3.9,14050770944,1016905728,1723498496,83017728,2338308096
2026-07-08T14:35:14.941662,17006837760,16337551360,669286400,3.9,14050770944,1016905728,1723498496,83017728,2338308096
2026-07-08T14:35:15.942120,17006837760,16337551360,669286400,3.9,14050770944,1016905728,1723498496,83017728,2338308096
2026-07-08T14:35:16.942441,17006837760,16339271680,667566080,3.9,14052491264,1016905728,1723498496,83017728,2338308096
2026-07-08T14:35:17.942821,17006837760,16340271104,666566656,3.9,14053490688,1016905728,1723498496,83017728,2338324480
2026-07-08T14:35:18.943483,17006837760,16341008384,665829376,3.9,14054227968,1016905728,1723498496,83034112,2338324480
2026-07-08T14:35:19.943766,17006837760,16341745664,665092096,3.9,14054965248,1016905728,1723498496,83034112,2338455552
2026-07-08T14:35:20.944065,17006837760,16338649088,668188672,3.9,14051868672,1016905728,1723498496,83034112,2338570240
2026-07-08T14:35:21.945481,17006837760,16340975616,665862144,3.9,14054195200,1016905728,1723498496,83034112,2338570240
2026-07-08T14:35:22.946410,17006837760,16340942848,665894912,3.9,14054162432,1016905728,1723498496,83034112,2338586624
2026-07-08T14:35:23.946785,17006837760,16342401024,664436736,3.9,14055620608,1016905728,1723498496,83050496,2338586624
2026-07-08T14:35:24.947303,17006837760,16343121920,663715840,3.9,14056341504,1016905728,1723498496,83050496,2338586624
2026-07-08T14:35:25.947582,17006837760,16343482368,663355392,3.9,14056587264,1017298944,1723613184,83050496,2338701312
2026-07-08T14:35:26.947866,17006837760,16343613440,663224320,3.9,14056718336,1017298944,1723613184,83050496,2338717696
2026-07-08T14:35:27.948150,17006837760,16345300992,661536768,3.9,14058405888,1017298944,1723613184,83050496,2338717696
2026-07-08T14:35:28.948474,17006837760,16342515712,664322048,3.9,14055587840,1017298944,1723645952,83066880,2338717696
2026-07-08T14:35:29.948805,17006837760,16340926464,665911296,3.9,14053998592,1017298944,1723645952,83066880,2338832384
2026-07-08T14:35:30.949381,17006837760,16342188032,664649728,3.9,14055014400,1017397248,1723891712,83066880,2338947072
2026-07-08T14:35:31.950027,17006837760,16338173952,668663808,3.9,14050951168,1022427136,1723940864,83066880,2338963456
2026-07-08T14:35:32.953433,17006837760,16338599936,668237824,3.9,14051377152,1022427136,1723940864,83066880,2339078144
2026-07-08T14:35:33.953752,17006837760,16336371712,670466048,3.9,14049001472,1022443520,1724088320,83083264,2339078144
2026-07-08T14:35:34.956242,17006837760,16335683584,671154176,3.9,14048313344,1022443520,1724088320,83083264,2339078144
2026-07-08T14:35:35.956513,17006837760,16331554816,675282944,4.0,14044184576,1022443520,1724088320,83083264,2339094528
2026-07-08T14:35:36.957939,17006837760,16338845696,667992064,3.9,14051459072,1013596160,1724104704,83083264,2339094528
2026-07-08T14:35:37.958642,17006837760,16338436096,668401664,3.9,14051049472,1013596160,1724104704,83083264,2339323904
2026-07-08T14:35:38.959126,17006837760,16332718080,674119680,4.0,14044872704,1018265600,1724563456,83099648,2339323904
2026-07-08T14:35:39.960229,17006837760,16334422016,672415744,4.0,14046576640,1018265600,1724563456,83099648,2339454976
2026-07-08T14:35:40.962874,17006837760,16335634432,671203328,3.9,14047789056,1018265600,1724563456,83099648,2339454976
2026-07-08T14:35:41.964192,17006837760,16338042880,668794880,3.9,14050197504,1018265600,1724563456,83099648,2339454976
2026-07-08T14:35:42.964740,17006837760,16337797120,669040640,3.9,14049951744,1018265600,1724563456,83099648,2339454976
2026-07-08T14:35:43.965220,17006837760,16338223104,668614656,3.9,14050377728,1018265600,1724563456,83099648,2339454976
2026-07-08T14:35:44.965718,17006837760,16340713472,666124288,3.9,14052868096,1018265600,1724563456,83099648,2339471360
2026-07-08T14:35:45.966154,17006837760,16341696512,665141248,3.9,14053851136,1018265600,1724563456,83099648,2339471360
2026-07-08T14:35:46.966925,17006837760,16341778432,665059328,3.9,14053933056,1018265600,1724563456,83099648,2339471360
2026-07-08T14:35:47.967365,17006837760,16342253568,664584192,3.9,14054408192,1018265600,1724563456,83099648,2339471360
2026-07-08T14:35:48.967802,17006837760,16337829888,669007872,3.9,14049984512,1018265600,1724563456,83116032,2339487744
2026-07-08T14:35:49.968243,17006837760,16338550784,668286976,3.9,14050705408,1018265600,1724563456,83116032,2339487744
2026-07-08T14:35:50.968705,17006837760,16341270528,665567232,3.9,14053425152,1018265600,1724563456,83116032,2339487744
2026-07-08T14:35:51.969222,17006837760,16342351872,664485888,3.9,14054506496,1018265600,1724563456,83116032,2339487744
2026-07-08T14:35:52.970049,17006837760,16342351872,664485888,3.9,14054506496,1018265600,1724563456,83116032,2339487744
2026-07-08T14:35:53.970568,17006837760,16342466560,664371200,3.9,14054621184,1018265600,1724563456,83132416,2339504128
2026-07-08T14:35:54.970957,17006837760,16343498752,663339008,3.9,14055653376,1018265600,1724563456,83132416,2339504128
2026-07-08T14:35:55.971348,17006837760,16341434368,665403392,3.9,14053588992,1018265600,1724563456,83132416,2339618816
2026-07-08T14:35:56.971846,17006837760,16343203840,663633920,3.9,14055358464,1018265600,1724563456,83132416,2339618816
2026-07-08T14:35:57.972395,17006837760,16342401024,664436736,3.9,14054309888,1018527744,1724809216,83132416,2339618816
2026-07-08T14:35:58.972798,17006837760,16340942848,665894912,3.9,14052851712,1018527744,1724809216,83148800,2339749888
2026-07-08T14:35:59.973071,17006837760,16340697088,666140672,3.9,14052360192,1018576896,1725054976,83148800,2339749888
2026-07-08T14:36:00.973367,17006837760,16340566016,666271744,3.9,14052229120,1018576896,1725054976,83148800,2339864576
2026-07-08T14:36:01.973990,17006837760,16340647936,666189824,3.9,14052311040,1018576896,1725054976,83148800,2339979264
2026-07-08T14:36:02.974558,17006837760,16342630400,664207360,3.9,14054293504,1018576896,1725054976,83148800,2339995648
2026-07-08T14:36:03.974932,17006837760,16342204416,664633344,3.9,14053867520,1018576896,1725054976,83165184,2339995648
2026-07-08T14:36:04.976233,17006837760,16342024192,664813568,3.9,14053687296,1018576896,1725054976,83165184,2339995648
2026-07-08T14:36:05.976819,17006837760,16343023616,663814144,3.9,14054686720,1018576896,1725054976,83165184,2339995648
2026-07-08T14:36:06.977541,17006837760,16344039424,662798336,3.9,14055702528,1018576896,1725054976,83165184,2340012032
2026-07-08T14:36:07.977888,17006837760,16343793664,663044096,3.9,14055456768,1018576896,1725054976,83165184,2340012032
2026-07-08T14:36:08.978168,17006837760,16344285184,662552576,3.9,14055948288,1018576896,1725054976,83181568,2340012032
2026-07-08T14:36:09.978448,17006837760,16345677824,661159936,3.9,14057340928,1018609664,1725054976,83181568,2340012032
2026-07-08T14:36:10.978909,17006837760,16343285760,663552000,3.9,14054948864,1018609664,1725054976,83181568,2340126720
2026-07-08T14:36:11.979259,17006837760,16343384064,663453696,3.9,14055047168,1018609664,1725054976,83181568,2340143104
2026-07-08T14:36:12.979535,17006837760,16343400448,663437312,3.9,14055063552,1018609664,1725054976,83181568,2340143104
2026-07-08T14:36:13.979811,17006837760,16344743936,662093824,3.9,14056144896,1018855424,1725317120,83181568,2340257792
2026-07-08T14:36:14.980090,17006837760,16344743936,662093824,3.9,14056144896,1018855424,1725317120,83181568,2340257792
2026-07-08T14:36:15.980369,17006837760,16343547904,663289856,3.9,14054948864,1018855424,1725317120,83181568,2340274176
2026-07-08T14:36:16.981931,17006837760,16345006080,661831680,3.9,14056407040,1018855424,1725317120,83181568,2340274176
2026-07-08T14:36:17.982283,17006837760,16343531520,663306240,3.9,14054932480,1018855424,1725317120,83181568,2340388864
2026-07-08T14:36:18.982577,17006837760,16342515712,664322048,3.9,14053441536,1018888192,1725792256,83197952,2340388864
2026-07-08T14:36:19.982850,17006837760,16342876160,663961600,3.9,14053801984,1018888192,1725792256,83197952,2340388864
2026-07-08T14:36:20.983128,17006837760,16342908928,663928832,3.9,14053834752,1018888192,1725792256,83197952,2340405248
2026-07-08T14:36:21.983438,17006837760,16344023040,662814720,3.9,14054948864,1018888192,1725792256,83197952,2340405248
2026-07-08T14:36:22.983769,17006837760,16344334336,662503424,3.9,14055260160,1018888192,1725792256,83197952,2340405248
2026-07-08T14:36:23.987403,17006837760,16344596480,662241280,3.9,14055522304,1018888192,1725792256,83214336,2340405248
2026-07-08T14:36:24.987845,17006837760,16344596480,662241280,3.9,14055522304,1018888192,1725792256,83214336,2340421632
2026-07-08T14:36:25.988129,17006837760,16339648512,667189248,3.9,14050574336,1018888192,1725792256,83214336,2340536320
2026-07-08T14:36:26.988404,17006837760,16339337216,667500544,3.9,14050263040,1018888192,1725792256,83214336,2340536320
2026-07-08T14:36:27.988687,17006837760,16338518016,668319744,3.9,14049443840,1018888192,1725792256,83214336,2340536320
2026-07-08T14:36:28.989566,17006837760,16340402176,666435584,3.9,14051328000,1018888192,1725792256,83230720,2340552704
2026-07-08T14:36:29.990223,17006837760,16337944576,668893184,3.9,14048870400,1018888192,1725792256,83230720,2340552704
2026-07-08T14:36:30.990498,17006837760,16338599936,668237824,3.9,14049394688,1018904576,1725923328,83230720,2340552704
2026-07-08T14:36:31.990780,17006837760,16338780160,668057600,3.9,14049574912,1018904576,1725923328,83230720,2340552704
2026-07-08T14:36:32.991060,17006837760,16342188032,664649728,3.9,14052982784,1018904576,1725923328,83230720,2340552704
2026-07-08T14:36:33.991413,17006837760,16342286336,664551424,3.9,14053081088,1018904576,1725923328,83230720,2340552704
2026-07-08T14:36:34.991771,17006837760,16341532672,665305088,3.9,14052327424,1018904576,1725923328,83247104,2340569088
2026-07-08T14:36:35.992097,17006837760,16342745088,664092672,3.9,14053539840,1018904576,1725923328,83247104,2340569088
2026-07-08T14:36:36.992426,17006837760,16344285184,662552576,3.9,14055079936,1018904576,1725923328,83247104,2340569088
2026-07-08T14:36:37.992951,17006837760,16344285184,662552576,3.9,14055079936,1018904576,1725923328,83247104,2340585472
2026-07-08T14:36:38.993441,17006837760,16343547904,663289856,3.9,14054342656,1018904576,1725923328,83247104,2340585472
2026-07-08T14:36:39.993716,17006837760,16340844544,665993216,3.9,14051639296,1018904576,1725923328,83263488,2340700160
2026-07-08T14:36:40.993993,17006837760,16340811776,666025984,3.9,14051606528,1018904576,1725923328,83263488,2340700160
2026-07-08T14:36:41.994271,17006837760,16340582400,666255360,3.9,14051377152,1018904576,1725923328,83263488,2340700160
2026-07-08T14:36:42.994586,17006837760,16342237184,664600576,3.9,14053031936,1018904576,1725923328,83263488,2340716544
2026-07-08T14:36:43.994908,17006837760,16343220224,663617536,3.9,14054014976,1018904576,1725923328,83263488,2340716544
2026-07-08T14:36:44.995247,17006837760,16344154112,662683648,3.9,14054948864,1018904576,1725923328,83263488,2340716544
2026-07-08T14:36:45.995584,17006837760,16346169344,660668416,3.9,14056652800,1019019264,1726234624,83263488,2340716544
2026-07-08T14:36:46.995911,17006837760,16346382336,660455424,3.9,14056865792,1019019264,1726234624,83263488,2340716544
2026-07-08T14:36:47.996270,17006837760,16342695936,664141824,3.9,14053179392,1019019264,1726234624,83263488,2340732928
2026-07-08T14:36:48.996717,17006837760,16343678976,663158784,3.9,14054162432,1019019264,1726234624,83263488,2340732928
2026-07-08T14:36:49.997041,17006837760,16342925312,663912448,3.9,14053408768,1019019264,1726234624,83279872,2340732928
2026-07-08T14:36:50.997340,17006837760,16344367104,662470656,3.9,14054850560,1019019264,1726234624,83279872,2340732928
2026-07-08T14:36:51.997617,17006837760,16345202688,661635072,3.9,14055686144,1019019264,1726234624,83279872,2340749312
2026-07-08T14:36:52.997936,17006837760,16342499328,664338432,3.9,14052982784,1019019264,1726234624,83279872,2340749312
2026-07-08T14:36:53.998268,17006837760,16343236608,663601152,3.9,14053720064,1019019264,1726234624,83279872,2340749312
2026-07-08T14:36:54.998596,17006837760,16340992000,665845760,3.9,14051475456,1019019264,1726234624,83296256,2340749312
2026-07-08T14:36:55.998990,17006837760,16341286912,665550848,3.9,14051770368,1019019264,1726234624,83296256,2340765696
2026-07-08T14:36:56.999328,17006837760,16342286336,664551424,3.9,14052769792,1019019264,1726234624,83296256,2340765696
2026-07-08T14:36:57.999608,17006837760,16341630976,665206784,3.9,14052114432,1019019264,1726234624,83296256,2340765696
2026-07-08T14:36:58.999893,17006837760,16334962688,671875072,4.0,14045446144,1019019264,1726234624,83296256,2340765696
2026-07-08T14:37:00.000173,17006837760,16331882496,674955264,4.0,14042365952,1019019264,1726234624,83312640,2340765696
2026-07-08T14:37:01.000451,17006837760,16331767808,675069952,4.0,14042185728,1019215872,1726300160,83312640,2340896768
2026-07-08T14:37:02.002712,17006837760,16329998336,676839424,4.0,14040236032,1020051456,1726480384,83312640,2340896768
2026-07-08T14:37:03.003266,17006837760,16331046912,675790848,4.0,14041284608,1020051456,1726480384,83312640,2340896768
2026-07-08T14:37:04.003588,17006837760,16326180864,680656896,4.0,14036418560,1020051456,1726480384,83312640,2341011456
2026-07-08T14:37:05.003865,17006837760,16325296128,681541632,4.0,14035533824,1020051456,1726480384,83329024,2341027840
2026-07-08T14:37:06.004145,17006837760,16327147520,679690240,4.0,14037385216,1020051456,1726480384,83329024,2341027840
2026-07-08T14:37:07.004914,17006837760,16328376320,678461440,4.0,14038614016,1020051456,1726480384,83329024,2341027840
2026-07-08T14:37:08.005647,17006837760,16332636160,674201600,4.0,14042873856,1020051456,1726480384,83329024,2341027840
2026-07-08T14:37:09.006127,17006837760,16331915264,674922496,4.0,14042152960,1020051456,1726480384,83329024,2341044224
2026-07-08T14:37:10.006401,17006837760,16331931648,674906112,4.0,14042169344,1020051456,1726480384,83345408,2341044224
2026-07-08T14:37:11.006680,17006837760,16334012416,672825344,4.0,14044250112,1020051456,1726480384,83345408,2341044224
2026-07-08T14:37:12.006990,17006837760,16332292096,674545664,4.0,14042529792,1020051456,1726480384,83345408,2341044224
2026-07-08T14:37:13.007329,17006837760,16332980224,673857536,4.0,14043217920,1020051456,1726480384,83345408,2341044224
2026-07-08T14:37:14.007706,17006837760,16335175680,671662080,3.9,14045413376,1020051456,1726480384,83345408,2341060608
2026-07-08T14:37:15.008271,17006837760,16336093184,670744576,3.9,14046330880,1020051456,1726480384,83345408,2341060608
2026-07-08T14:37:16.008659,17006837760,16336584704,670253056,3.9,14046822400,1020051456,1726480384,83345408,2341060608
2026-07-08T14:37:17.008938,17006837760,16334880768,671956992,4.0,14045118464,1020051456,1726480384,83345408,2341060608
2026-07-08T14:37:18.009210,17006837760,16331145216,675692544,4.0,14041317376,1020493824,1726545920,83345408,2341191680
2026-07-08T14:37:19.009617,17006837760,16329588736,677249024,4.0,14039760896,1020493824,1726545920,83345408,2341191680
2026-07-08T14:37:20.009936,17006837760,16331964416,674873344,4.0,14042136576,1020493824,1726545920,83361792,2341191680
2026-07-08T14:37:21.010258,17006837760,16334323712,672514048,4.0,14044495872,1020493824,1726545920,83361792,2341191680
2026-07-08T14:37:22.010617,17006837760,16334356480,672481280,4.0,14044495872,1020493824,1726578688,83361792,2341191680
2026-07-08T14:37:23.010955,17006837760,16335978496,670859264,3.9,14046117888,1020493824,1726578688,83361792,2341208064
2026-07-08T14:37:24.011296,17006837760,16328998912,677838848,4.0,14039138304,1020493824,1726578688,83361792,2341322752
2026-07-08T14:37:25.011719,17006837760,16329916416,676921344,4.0,14040055808,1020493824,1726578688,83378176,2341322752
2026-07-08T14:37:26.011995,17006837760,16330752000,676085760,4.0,14040891392,1020493824,1726578688,83378176,2341322752
2026-07-08T14:37:27.012374,17006837760,16331964416,674873344,4.0,14042103808,1020493824,1726578688,83378176,2341339136
2026-07-08T14:37:28.012754,17006837760,16333635584,673202176,4.0,14043774976,1020493824,1726578688,83378176,2341339136
2026-07-08T14:37:29.013258,17006837760,16334716928,672120832,4.0,14044856320,1020493824,1726578688,83378176,2341339136
2026-07-08T14:37:30.013803,17006837760,16334487552,672350208,4.0,14044626944,1020493824,1726578688,83394560,2341470208
2026-07-08T14:37:31.014185,17006837760,16333717504,673120256,4.0,14043856896,1020493824,1726578688,83394560,2341584896
2026-07-08T14:37:32.014573,17006837760,16335536128,671301632,3.9,14045675520,1020493824,1726578688,83394560,2341601280
2026-07-08T14:37:33.014856,17006837760,16336519168,670318592,3.9,14046576640,1020657664,1726660608,83394560,2341601280
2026-07-08T14:37:34.015167,17006837760,16336601088,670236672,3.9,14046658560,1020657664,1726660608,83394560,2341601280
2026-07-08T14:37:35.015722,17006837760,16335896576,670941184,3.9,14045954048,1020657664,1726660608,83410944,2341699584
2026-07-08T14:37:36.016297,17006837760,16336502784,670334976,3.9,14046560256,1020657664,1726660608,83410944,2341715968
2026-07-08T14:37:37.016613,17006837760,16337698816,669138944,3.9,14047756288,1020657664,1726660608,83410944,2341830656
2026-07-08T14:37:38.016889,17006837760,16338780160,668057600,3.9,14048837632,1020657664,1726660608,83410944,2341830656
2026-07-08T14:37:39.017168,17006837760,16332374016,674463744,4.0,14042431488,1020657664,1726660608,83410944,2341830656
2026-07-08T14:37:40.017538,17006837760,16330899456,675938304,4.0,14040940544,1020657664,1726660608,83427328,2341978112
2026-07-08T14:37:41.018202,17006837760,16325820416,681017344,4.0,14035861504,1020657664,1726660608,83427328,2341978112
2026-07-08T14:37:42.018725,17006837760,16320544768,686292992,4.0,14030585856,1020657664,1726660608,83427328,2341978112
2026-07-08T14:37:43.019082,17006837760,16322560000,684277760,4.0,14032601088,1020657664,1726660608,83427328,2341978112
2026-07-08T14:37:44.019354,17006837760,16325574656,681263104,4.0,14035189760,1020739584,1727086592,83427328,2342092800
2026-07-08T14:37:45.019676,17006837760,16327852032,678985728,4.0,14037041152,1020821504,1727512576,83443712,2342109184
2026-07-08T14:37:46.019996,17006837760,16329015296,677822464,4.0,14038204416,1020821504,1727512576,83443712,2342109184
2026-07-08T14:37:47.020357,17006837760,16331014144,675823616,4.0,14040203264,1020821504,1727512576,83443712,2342109184
2026-07-08T14:37:48.020857,17006837760,16323411968,683425792,4.0,14032355328,1030225920,1727758336,83443712,2342109184
2026-07-08T14:37:49.021815,17006837760,16304390144,702447616,4.1,14013186048,1036173312,1727905792,83443712,2342125568
2026-07-08T14:37:50.023123,17006837760,16305979392,700858368,4.1,14014758912,1036664832,1727922176,83443712,2342240256
2026-07-08T14:37:51.024238,17006837760,16306896896,699940864,4.1,14015676416,1036664832,1727922176,83443712,2342354944
2026-07-08T14:37:52.025682,17006837760,16310550528,696287232,4.1,14019330048,1036664832,1727922176,83443712,2342354944
2026-07-08T14:37:53.026179,17006837760,16310927360,695910400,4.1,14019690496,1030242304,1727938560,83443712,2342371328
2026-07-08T14:37:54.026738,17006837760,16326164480,680673280,4.0,14034714624,1014628352,1728151552,83443712,2342371328
2026-07-08T14:37:55.027486,17006837760,16325001216,681836544,4.0,14033534976,1019723776,1728167936,83460096,2342371328
2026-07-08T14:37:56.028007,17006837760,16326688768,680148992,4.0,14035222528,1019723776,1728167936,83460096,2342502400
2026-07-08T14:37:57.028285,17006837760,16328425472,678412288,4.0,14036959232,1019723776,1728167936,83460096,2342518784
2026-07-08T14:37:58.028564,17006837760,16331112448,675725312,4.0,14039515136,1019854848,1728299008,83460096,2342518784
2026-07-08T14:37:59.028839,17006837760,16331407360,675430400,4.0,14039810048,1019854848,1728299008,83460096,2342518784
2026-07-08T14:38:00.029119,17006837760,16333586432,673251328,4.0,14041989120,1019854848,1728299008,83476480,2342518784
2026-07-08T14:38:01.029400,17006837760,16335912960,670924800,3.9,14044315648,1019854848,1728299008,83476480,2342535168
2026-07-08T14:38:02.029802,17006837760,16331358208,675479552,4.0,14039760896,1019854848,1728299008,83476480,2342535168
2026-07-08T14:38:03.030127,17006837760,16333275136,673562624,4.0,14041645056,1019871232,1728331776,83476480,2342535168
2026-07-08T14:38:04.030448,17006837760,16334225408,672612352,4.0,14042595328,1019871232,1728331776,83476480,2342535168
2026-07-08T14:38:05.030784,17006837760,16336158720,670679040,3.9,14044528640,1019871232,1728331776,83492864,2342535168
2026-07-08T14:38:06.031115,17006837760,16336568320,670269440,3.9,14044938240,1019871232,1728331776,83492864,2342551552
2026-07-08T14:38:07.031437,17006837760,16336191488,670646272,3.9,14044561408,1019871232,1728331776,83492864,2342551552
2026-07-08T14:38:08.032036,17006837760,16338108416,668729344,3.9,14046478336,1019871232,1728331776,83492864,2342551552
2026-07-08T14:38:09.032609,17006837760,16331997184,674840576,4.0,14040334336,1026441216,1728364544,83492864,2342551552
2026-07-08T14:38:10.032977,17006837760,16333438976,673398784,4.0,14041776128,1026441216,1728364544,83509248,2342567936
2026-07-08T14:38:11.033290,17006837760,16332455936,674381824,4.0,14040793088,1026441216,1728364544,83509248,2342567936
2026-07-08T14:38:12.033562,17006837760,16335011840,671825920,4.0,14043348992,1026441216,1728364544,83509248,2342567936
2026-07-08T14:38:13.033839,17006837760,16336142336,670695424,3.9,14044479488,1026441216,1728364544,83509248,2342567936
2026-07-08T14:38:14.034115,17006837760,16336142336,670695424,3.9,14044479488,1026441216,1728364544,83509248,2342584320
2026-07-08T14:38:15.034389,17006837760,16337174528,669663232,3.9,14045446144,1026883584,1728430080,83525632,2342584320
2026-07-08T14:38:16.034955,17006837760,16338976768,667860992,3.9,14047248384,1020657664,1728430080,83525632,2342584320
2026-07-08T14:38:17.035559,17006837760,16336027648,670810112,3.9,14044299264,1023705088,1728430080,83525632,2342584320
2026-07-08T14:38:18.036060,17006837760,16335552512,671285248,3.9,14043807744,1024196608,1728446464,83525632,2342600704
2026-07-08T14:38:19.036440,17006837760,16334569472,672268288,4.0,14042824704,1024196608,1728446464,83525632,2342600704
2026-07-08T14:38:20.036717,17006837760,16335470592,671367168,3.9,14043725824,1024196608,1728446464,83525632,2342600704
2026-07-08T14:38:21.036994,17006837760,16336863232,669974528,3.9,14045118464,1024196608,1728446464,83525632,2342600704
2026-07-08T14:38:22.037276,17006837760,16335699968,671137792,3.9,14043955200,1024196608,1728446464,83525632,2342600704
2026-07-08T14:38:23.037737,17006837760,16339189760,667648000,3.9,14047428608,1015169024,1728462848,83525632,2342617088
2026-07-08T14:38:24.038169,17006837760,16327802880,679034880,4.0,14036041728,1026342912,1728462848,83525632,2342617088
2026-07-08T14:38:25.038940,17006837760,16317890560,688947200,4.1,14026113024,1029390336,1728462848,83542016,2342731776
2026-07-08T14:38:26.039729,17006837760,16319627264,687210496,4.0,14027849728,1029390336,1728462848,83542016,2342748160
2026-07-08T14:38:27.040191,17006837760,16318398464,688439296,4.0,14026506240,1029783552,1728577536,83542016,2342748160
2026-07-08T14:38:28.040520,17006837760,16319102976,687734784,4.0,14027210752,1029783552,1728577536,83542016,2342748160
2026-07-08T14:38:29.040801,17006837760,16307830784,699006976,4.1,14015938560,1029783552,1728577536,83542016,2342748160
2026-07-08T14:38:30.041079,17006837760,16308289536,698548224,4.1,14016397312,1029783552,1728577536,83558400,2342748160
2026-07-08T14:38:31.041362,17006837760,16309698560,697139200,4.1,14017806336,1029783552,1728577536,83558400,2342862848
2026-07-08T14:38:32.041679,17006837760,16322101248,684736512,4.0,14029979648,1022312448,1728806912,83558400,2342961152
2026-07-08T14:38:33.042094,17006837760,16324263936,682573824,4.0,14032142336,1022754816,1728806912,83558400,2342961152
2026-07-08T14:38:34.042633,17006837760,16320987136,685850624,4.0,14028865536,1022754816,1728806912,83558400,2342961152
2026-07-08T14:38:35.042918,17006837760,16323166208,683671552,4.0,14031044608,1022754816,1728806912,83574784,2342977536
2026-07-08T14:38:36.043208,17006837760,16327262208,679575552,4.0,14035140608,1022754816,1728806912,83574784,2342977536
2026-07-08T14:38:37.043542,17006837760,16324313088,682524672,4.0,14032158720,1023623168,1728839680,83574784,2342977536
2026-07-08T14:38:38.044129,17006837760,16314580992,692256768,4.1,14022426624,1030733824,1728839680,83574784,2342977536
2026-07-08T14:38:39.044955,17006837760,16302555136,704282624,4.1,14010384384,1042399232,1728856064,83574784,2342993920
2026-07-08T14:38:40.047097,17006837760,16279224320,727613440,4.3,13987037184,1053556736,1728872448,83591168,2342993920
2026-07-08T14:38:41.049152,17006837760,16279404544,727433216,4.3,13987217408,1058127872,1728872448,83591168,2342993920
2026-07-08T14:38:42.053108,17006837760,16280256512,726581248,4.3,13988069376,1058127872,1728872448,83591168,2343010304
2026-07-08T14:38:43.053925,17006837760,16282140672,724697088,4.3,13989953536,1058127872,1728872448,83591168,2343108608
2026-07-08T14:38:44.057872,17006837760,16280010752,726827008,4.3,13987823616,1058127872,1728872448,83591168,2343108608
2026-07-08T14:38:45.058381,17006837760,16281452544,725385216,4.3,13989265408,1058127872,1728872448,83607552,2343108608
2026-07-08T14:38:46.059143,17006837760,16283566080,723271680,4.3,13991378944,1058127872,1728872448,83607552,2343124992
2026-07-08T14:38:47.059668,17006837760,16282828800,724008960,4.3,13990641664,1058127872,1728872448,83607552,2343124992
2026-07-08T14:38:48.060040,17006837760,16284893184,721944576,4.2,13992706048,1058127872,1728872448,83607552,2343124992
2026-07-08T14:38:49.060414,17006837760,16287072256,719765504,4.2,13994885120,1058127872,1728872448,83607552,2343124992
2026-07-08T14:38:50.061004,17006837760,16323149824,683687936,4.0,14030782464,1018331136,1729052672,83607552,2343141376
2026-07-08T14:38:51.061786,17006837760,16317546496,689291264,4.1,14025179136,1027473408,1729052672,83607552,2343141376
2026-07-08T14:38:52.064040,17006837760,16317054976,689782784,4.1,14024687616,1027473408,1729052672,83607552,2343141376
2026-07-08T14:38:53.064563,17006837760,16316022784,690814976,4.1,14023655424,1027473408,1729052672,83607552,2343141376
2026-07-08T14:38:54.064956,17006837760,16318234624,688603136,4.0,14025867264,1027473408,1729052672,83607552,2343157760
2026-07-08T14:38:55.065349,17006837760,16318988288,687849472,4.0,14026620928,1027473408,1729052672,83623936,2343157760
2026-07-08T14:38:56.066347,17006837760,16330489856,676347904,4.0,14038089728,1019559936,1729085440,83623936,2343157760
2026-07-08T14:38:57.069718,17006837760,16329015296,677822464,4.0,14036615168,1024131072,1729085440,83623936,2343157760
2026-07-08T14:38:58.070194,17006837760,16329293824,677543936,4.0,14036893696,1024131072,1729085440,83623936,2343174144
2026-07-08T14:38:59.072494,17006837760,16330194944,676642816,4.0,14037794816,1024131072,1729085440,83623936,2343174144
2026-07-08T14:39:00.072771,17006837760,16333242368,673595392,4.0,14040842240,1024131072,1729085440,83640320,2343174144
2026-07-08T14:39:01.073049,17006837760,16334061568,672776192,4.0,14041661440,1024131072,1729085440,83640320,2343174144
2026-07-08T14:39:02.073847,17006837760,16335765504,671072256,3.9,14043316224,1020035072,1729134592,83640320,2343190528
2026-07-08T14:39:03.076073,17006837760,16336683008,670154752,3.9,14044233728,1020198912,1729134592,83640320,2343190528
2026-07-08T14:39:04.076354,17006837760,16336928768,669908992,3.9,14044479488,1020313600,1729134592,83640320,2343190528
2026-07-08T14:39:05.076633,17006837760,16339435520,667402240,3.9,14046986240,1020313600,1729134592,83656704,2343190528
2026-07-08T14:39:06.077023,17006837760,16339189760,667648000,3.9,14046740480,1020313600,1729134592,83656704,2343206912
2026-07-08T14:39:07.077394,17006837760,16339091456,667746304,3.9,14045265920,1021345792,1730494464,83656704,2344648704
