timestamp,total,available,used,percent,free,active,inactive,buffers,cached
2026-07-09T01:59:44.901039,17006837760,16337813504,669024256,3.9,13876166656,972963840,1888550912,118947840,2483437568
2026-07-09T01:59:45.902075,17006837760,16318857216,687980544,4.0,13857210368,986578944,1888550912,118947840,2483470336
2026-07-09T01:59:46.902418,17006837760,16318857216,687980544,4.0,13857210368,986578944,1888550912,118947840,2483470336
2026-07-09T01:59:47.902984,17006837760,16323969024,682868736,4.0,13862322176,986578944,1888550912,118947840,2483470336
2026-07-09T01:59:48.903512,17006837760,16324247552,682590208,4.0,13862600704,986578944,1888550912,118947840,2483470336
2026-07-09T01:59:49.903852,17006837760,16305766400,701071360,4.1,13844119552,1000161280,1888550912,118947840,2483470336
2026-07-09T01:59:50.904121,17006837760,16303800320,703037440,4.1,13842153472,1002192896,1888550912,118947840,2483470336
2026-07-09T01:59:51.904389,17006837760,16303800320,703037440,4.1,13842153472,1002192896,1888550912,118947840,2483470336
2026-07-09T01:59:52.904763,17006837760,16306929664,699908096,4.1,13845282816,1002192896,1888550912,118947840,2483470336
2026-07-09T01:59:53.905195,17006837760,16306929664,699908096,4.1,13845282816,1002192896,1888550912,118947840,2483470336
2026-07-09T01:59:54.905661,17006837760,16308797440,698040320,4.1,13847150592,1002192896,1888550912,118947840,2483470336
2026-07-09T01:59:55.906000,17006837760,16313335808,693501952,4.1,13851688960,1002192896,1888550912,118947840,2483470336
2026-07-09T01:59:56.906414,17006837760,16314138624,692699136,4.1,13852491776,1002192896,1888550912,118947840,2483470336
2026-07-09T01:59:57.906831,17006837760,16314843136,691994624,4.1,13853196288,1002192896,1888550912,118947840,2483486720
2026-07-09T01:59:58.907223,17006837760,16317333504,689504256,4.1,13855686656,1002192896,1888550912,118947840,2483486720
2026-07-09T01:59:59.907592,17006837760,16318676992,688160768,4.0,13857030144,1002192896,1888550912,118947840,2483486720
2026-07-09T02:00:00.907978,17006837760,16320724992,686112768,4.0,13859078144,1002192896,1888550912,118947840,2483486720
2026-07-09T02:00:01.908602,17006837760,16325509120,681328640,4.0,13863862272,1002192896,1888550912,118947840,2483486720
2026-07-09T02:00:02.909176,17006837760,16328294400,678543360,4.0,13866647552,1002192896,1888550912,118947840,2483486720
2026-07-09T02:00:03.909721,17006837760,16331341824,675495936,4.0,13869694976,1002192896,1888550912,118947840,2483486720
2026-07-09T02:00:04.910189,17006837760,16333733888,673103872,4.0,13872087040,1002192896,1888550912,118947840,2483486720
2026-07-09T02:00:05.910902,17006837760,16338141184,668696576,3.9,13876494336,1002192896,1888550912,118947840,2483486720
2026-07-09T02:00:06.911518,17006837760,16340303872,666533888,3.9,13878657024,1002192896,1888550912,118947840,2483486720
2026-07-09T02:00:07.912317,17006837760,16342581248,664256512,3.9,13880934400,1002192896,1888550912,118947840,2483486720
2026-07-09T02:00:08.915755,17006837760,16345710592,661127168,3.9,13884063744,1002192896,1888550912,118947840,2483486720
2026-07-09T02:00:09.916339,17006837760,16347054080,659783680,3.9,13885407232,1002192896,1888550912,118947840,2483486720
2026-07-09T02:00:10.916971,17006837760,16348512256,658325504,3.9,13886865408,1002192896,1888550912,118947840,2483486720
2026-07-09T02:00:11.917489,17006837760,16348987392,657850368,3.9,13887340544,1002192896,1888550912,118947840,2483503104
2026-07-09T02:00:12.917924,17006837760,16349626368,657211392,3.9,13887979520,1002192896,1888550912,118947840,2483503104
2026-07-09T02:00:13.918386,17006837760,16349970432,656867328,3.9,13888307200,1002471424,1888567296,118947840,2483503104
2026-07-09T02:00:14.918835,17006837760,16350789632,656048128,3.9,13889126400,1002471424,1888567296,118947840,2483503104
2026-07-09T02:00:15.919285,17006837760,16351363072,655474688,3.9,13889699840,1002471424,1888567296,118947840,2483503104
2026-07-09T02:00:16.919733,17006837760,16351461376,655376384,3.9,13889798144,1002471424,1888567296,118947840,2483503104
2026-07-09T02:00:17.920148,17006837760,16352018432,654819328,3.9,13890355200,1002471424,1888567296,118947840,2483503104
2026-07-09T02:00:18.920529,17006837760,16350855168,655982592,3.9,13889175552,1002569728,1888583680,118947840,2483503104
2026-07-09T02:00:19.920904,17006837760,16350707712,656130048,3.9,13889028096,1002569728,1888583680,118947840,2483503104
2026-07-09T02:00:20.921496,17006837760,16349888512,656949248,3.9,13888208896,1002569728,1888583680,118947840,2483503104
2026-07-09T02:00:21.922048,17006837760,16349986816,656850944,3.9,13888307200,1002569728,1888583680,118947840,2483503104
2026-07-09T02:00:22.922487,17006837760,16351363072,655474688,3.9,13889683456,1002569728,1888583680,118947840,2483503104
2026-07-09T02:00:23.922922,17006837760,16352100352,654737408,3.8,13890420736,1002569728,1888583680,118947840,2483503104
2026-07-09T02:00:24.923381,17006837760,16352608256,654229504,3.8,13890928640,1002569728,1888583680,118947840,2483503104
2026-07-09T02:00:25.924260,17006837760,16353427456,653410304,3.8,13891747840,1002569728,1888583680,118947840,2483503104
2026-07-09T02:00:26.924684,17006837760,16352935936,653901824,3.8,13891256320,1002569728,1888583680,118947840,2483519488
2026-07-09T02:00:27.924956,17006837760,16353673216,653164544,3.8,13891993600,1002569728,1888583680,118947840,2483519488
2026-07-09T02:00:28.925230,17006837760,16354426880,652410880,3.8,13892747264,1002569728,1888583680,118947840,2483519488
2026-07-09T02:00:29.925521,17006837760,16353443840,653393920,3.8,13891764224,1002569728,1888583680,118947840,2483519488
2026-07-09T02:00:30.925910,17006837760,16353280000,653557760,3.8,13891600384,1002569728,1888583680,118947840,2483519488
2026-07-09T02:00:31.926357,17006837760,16351936512,654901248,3.9,13890256896,1002569728,1888583680,118947840,2483519488
2026-07-09T02:00:32.926797,17006837760,16352788480,654049280,3.8,13891108864,1002569728,1888583680,118947840,2483519488
2026-07-09T02:00:33.927243,17006837760,16354426880,652410880,3.8,13892747264,1002569728,1888583680,118947840,2483519488
2026-07-09T02:00:34.927707,17006837760,16354246656,652591104,3.8,13892567040,1002569728,1888583680,118947840,2483519488
2026-07-09T02:00:35.928254,17006837760,16353263616,653574144,3.8,13891584000,1002569728,1888583680,118947840,2483519488
2026-07-09T02:00:36.928724,17006837760,16353935360,652902400,3.8,13892255744,1002569728,1888583680,118947840,2483519488
2026-07-09T02:00:37.929004,17006837760,16355672064,651165696,3.8,13893992448,1002569728,1888583680,118947840,2483519488
2026-07-09T02:00:38.929291,17006837760,16355426304,651411456,3.8,13893746688,1002569728,1888583680,118947840,2483519488
2026-07-09T02:00:39.929569,17006837760,16355672064,651165696,3.8,13893992448,1002569728,1888583680,118947840,2483535872
2026-07-09T02:00:40.929957,17006837760,16355737600,651100160,3.8,13894057984,1002569728,1888583680,118947840,2483535872
2026-07-09T02:00:41.930399,17006837760,16355983360,650854400,3.8,13894303744,1002569728,1888583680,118947840,2483535872
2026-07-09T02:00:42.930856,17006837760,16355966976,650870784,3.8,13894287360,1002569728,1888583680,118947840,2483535872
2026-07-09T02:00:43.931263,17006837760,16356425728,650412032,3.8,13894746112,1002815488,1888583680,118947840,2483535872
2026-07-09T02:00:44.932136,17006837760,16356179968,650657792,3.8,13894500352,1002815488,1888583680,118947840,2483535872
2026-07-09T02:00:45.932891,17006837760,16355688448,651149312,3.8,13894008832,1002815488,1888583680,118947840,2483535872
2026-07-09T02:00:46.933252,17006837760,16355721216,651116544,3.8,13894041600,1002815488,1888583680,118947840,2483535872
2026-07-09T02:00:47.933535,17006837760,16355704832,651132928,3.8,13894025216,1002815488,1888583680,118947840,2483535872
2026-07-09T02:00:48.933818,17006837760,16355950592,650887168,3.8,13894270976,1002815488,1888583680,118947840,2483535872
2026-07-09T02:00:49.934114,17006837760,16356605952,650231808,3.8,13894926336,1002815488,1888583680,118947840,2483535872
2026-07-09T02:00:50.934461,17006837760,16356114432,650723328,3.8,13894434816,1002815488,1888583680,118947840,2483535872
2026-07-09T02:00:51.934766,17006837760,16356360192,650477568,3.8,13894680576,1002815488,1888583680,118947840,2483535872
2026-07-09T02:00:52.935044,17006837760,16356327424,650510336,3.8,13894647808,1002815488,1888583680,118947840,2483535872
2026-07-09T02:00:53.935327,17006837760,16356065280,650772480,3.8,13894385664,1002815488,1888583680,118947840,2483535872
2026-07-09T02:00:54.935679,17006837760,16355344384,651493376,3.8,13893648384,1002815488,1888600064,118947840,2483552256
2026-07-09T02:00:55.936031,17006837760,16355622912,651214848,3.8,13893926912,1002815488,1888600064,118947840,2483552256
2026-07-09T02:00:56.936444,17006837760,16355377152,651460608,3.8,13893681152,1002815488,1888600064,118947840,2483552256
2026-07-09T02:00:57.936803,17006837760,16355622912,651214848,3.8,13893926912,1002815488,1888600064,118947840,2483552256
2026-07-09T02:00:58.937103,17006837760,16355622912,651214848,3.8,13893926912,1002815488,1888600064,118947840,2483552256
2026-07-09T02:00:59.937396,17006837760,16356311040,650526720,3.8,13894615040,1002815488,1888600064,118947840,2483552256
2026-07-09T02:01:00.937677,17006837760,16354213888,652623872,3.8,13892517888,1002815488,1888600064,118947840,2483552256
2026-07-09T02:01:01.937961,17006837760,16351526912,655310848,3.9,13889830912,1002815488,1888600064,118947840,2483552256
2026-07-09T02:01:02.938238,17006837760,16352575488,654262272,3.8,13890879488,1002815488,1888600064,118947840,2483552256
2026-07-09T02:01:03.938566,17006837760,16353361920,653475840,3.8,13891665920,1002815488,1888600064,118947840,2483552256
2026-07-09T02:01:04.941073,17006837760,16354344960,652492800,3.8,13892648960,1002815488,1888600064,118947840,2483552256
2026-07-09T02:01:05.941357,17006837760,16355082240,651755520,3.8,13893386240,1002815488,1888600064,118947840,2483552256
2026-07-09T02:01:06.941631,17006837760,16355082240,651755520,3.8,13893386240,1002815488,1888600064,118947840,2483552256
2026-07-09T02:01:07.941909,17006837760,16354820096,652017664,3.8,13893124096,1002815488,1888600064,118947840,2483568640
2026-07-09T02:01:08.942341,17006837760,16354820096,652017664,3.8,13893124096,1002815488,1888600064,118947840,2483568640
2026-07-09T02:01:09.942771,17006837760,16355082240,651755520,3.8,13893386240,1002815488,1888600064,118947840,2483568640
2026-07-09T02:01:10.943048,17006837760,16355180544,651657216,3.8,13893484544,1002815488,1888600064,118947840,2483568640
2026-07-09T02:01:11.943325,17006837760,16355426304,651411456,3.8,13893730304,1002815488,1888600064,118947840,2483568640
2026-07-09T02:01:12.943603,17006837760,16355655680,651182080,3.8,13893959680,1002815488,1888600064,118947840,2483568640
2026-07-09T02:01:13.943959,17006837760,16356409344,650428416,3.8,13894713344,1002815488,1888600064,118947840,2483568640
2026-07-09T02:01:14.944303,17006837760,16356622336,650215424,3.8,13894926336,1002815488,1888600064,118947840,2483568640
2026-07-09T02:01:15.944670,17006837760,16356360192,650477568,3.8,13894664192,1002815488,1888600064,118947840,2483568640
2026-07-09T02:01:16.945032,17006837760,16355377152,651460608,3.8,13893681152,1002815488,1888600064,118947840,2483568640
2026-07-09T02:01:17.945408,17006837760,16355377152,651460608,3.8,13893681152,1002815488,1888600064,118947840,2483568640
2026-07-09T02:01:18.945792,17006837760,16355393536,651444224,3.8,13893697536,1002815488,1888600064,118947840,2483568640
2026-07-09T02:01:19.946602,17006837760,16356048896,650788864,3.8,13894352896,1002815488,1888600064,118947840,2483568640
2026-07-09T02:01:20.947178,17006837760,16356048896,650788864,3.8,13894352896,1002815488,1888600064,118947840,2483568640
2026-07-09T02:01:21.947454,17006837760,16355852288,650985472,3.8,13894107136,1003274240,1888649216,118947840,2483585024
2026-07-09T02:01:22.947732,17006837760,16355852288,650985472,3.8,13894107136,1003274240,1888649216,118947840,2483585024
2026-07-09T02:01:23.948047,17006837760,16356655104,650182656,3.8,13894909952,1003274240,1888649216,118947840,2483585024
2026-07-09T02:01:24.948380,17006837760,16356655104,650182656,3.8,13894909952,1003274240,1888649216,118947840,2483585024
2026-07-09T02:01:25.948732,17006837760,16357113856,649723904,3.8,13895368704,1003274240,1888649216,118947840,2483585024
2026-07-09T02:01:26.949034,17006837760,16357113856,649723904,3.8,13895368704,1003274240,1888649216,118947840,2483585024
2026-07-09T02:01:27.949334,17006837760,16357113856,649723904,3.8,13895368704,1003274240,1888649216,118947840,2483585024
2026-07-09T02:01:28.949623,17006837760,16356851712,649986048,3.8,13895106560,1003274240,1888649216,118947840,2483585024
2026-07-09T02:01:29.949896,17006837760,16354164736,652673024,3.8,13892419584,1003274240,1888649216,118947840,2483585024
2026-07-09T02:01:30.950171,17006837760,16354164736,652673024,3.8,13892419584,1003274240,1888649216,118947840,2483585024
2026-07-09T02:01:31.950504,17006837760,16354246656,652591104,3.8,13892501504,1003274240,1888649216,118947840,2483585024
2026-07-09T02:01:32.953504,17006837760,16354492416,652345344,3.8,13892747264,1003274240,1888649216,118947840,2483585024
2026-07-09T02:01:33.953823,17006837760,16354738176,652099584,3.8,13892993024,1003274240,1888649216,118947840,2483585024
2026-07-09T02:01:34.954095,17006837760,16354312192,652525568,3.8,13892567040,1003274240,1888649216,118947840,2483601408
2026-07-09T02:01:35.954363,17006837760,16353329152,653508608,3.8,13891584000,1003274240,1888649216,118947840,2483601408
2026-07-09T02:01:36.954693,17006837760,16353804288,653033472,3.8,13892059136,1003274240,1888649216,118947840,2483601408
2026-07-09T02:01:37.955076,17006837760,16355262464,651575296,3.8,13893517312,1003274240,1888649216,118947840,2483601408
2026-07-09T02:01:38.955415,17006837760,16355246080,651591680,3.8,13893500928,1003274240,1888649216,118947840,2483601408
2026-07-09T02:01:39.955741,17006837760,16355459072,651378688,3.8,13893713920,1003274240,1888649216,118947840,2483601408
2026-07-09T02:01:40.956032,17006837760,16354230272,652607488,3.8,13892485120,1003274240,1888649216,118947840,2483601408
2026-07-09T02:01:41.956419,17006837760,16354230272,652607488,3.8,13892485120,1003274240,1888649216,118947840,2483601408
2026-07-09T02:01:42.956747,17006837760,16355344384,651493376,3.8,13893599232,1003274240,1888649216,118947840,2483601408
2026-07-09T02:01:43.957018,17006837760,16355590144,651247616,3.8,13893844992,1003274240,1888649216,118947840,2483601408
2026-07-09T02:01:44.957305,17006837760,16354852864,651984896,3.8,13893107712,1003274240,1888649216,118947840,2483601408
2026-07-09T02:01:45.957620,17006837760,16354099200,652738560,3.8,13892354048,1003274240,1888649216,118947840,2483601408
2026-07-09T02:01:46.957913,17006837760,16354263040,652574720,3.8,13892517888,1003274240,1888649216,118947840,2483601408
2026-07-09T02:01:47.958190,17006837760,16354508800,652328960,3.8,13892763648,1003274240,1888649216,118947840,2483617792
2026-07-09T02:01:48.958466,17006837760,16355246080,651591680,3.8,13893500928,1003274240,1888649216,118947840,2483617792
2026-07-09T02:01:49.958746,17006837760,16355491840,651345920,3.8,13893746688,1003274240,1888649216,118947840,2483617792
2026-07-09T02:01:50.959026,17006837760,16355737600,651100160,3.8,13893992448,1003274240,1888649216,118947840,2483617792
2026-07-09T02:01:51.959359,17006837760,16354754560,652083200,3.8,13893009408,1003274240,1888649216,118947840,2483617792
2026-07-09T02:01:52.959718,17006837760,16354967552,651870208,3.8,13893222400,1003274240,1888649216,118947840,2483617792
2026-07-09T02:01:53.960036,17006837760,16355459072,651378688,3.8,13893713920,1003274240,1888649216,118947840,2483617792
2026-07-09T02:01:54.960315,17006837760,16355213312,651624448,3.8,13893468160,1003274240,1888649216,118947840,2483617792
2026-07-09T02:01:55.960594,17006837760,16355524608,651313152,3.8,13893779456,1003274240,1888649216,118947840,2483617792
2026-07-09T02:01:56.960872,17006837760,16355737600,651100160,3.8,13893992448,1003274240,1888649216,118947840,2483617792
2026-07-09T02:01:57.961151,17006837760,16355508224,651329536,3.8,13893763072,1003274240,1888649216,118947840,2483617792
2026-07-09T02:01:58.961494,17006837760,16353329152,653508608,3.8,13891584000,1003274240,1888649216,118947840,2483617792
2026-07-09T02:01:59.961842,17006837760,16353312768,653524992,3.8,13891567616,1003274240,1888649216,118947840,2483617792
2026-07-09T02:02:00.962213,17006837760,16352083968,654753792,3.8,13890338816,1003274240,1888649216,118947840,2483617792
2026-07-09T02:02:01.962537,17006837760,16350330880,656506880,3.9,13888585728,1003274240,1888649216,118947840,2483634176
2026-07-09T02:02:02.962818,17006837760,16350330880,656506880,3.9,13888585728,1003274240,1888649216,118947840,2483634176
2026-07-09T02:02:03.963098,17006837760,16351002624,655835136,3.9,13889257472,1003274240,1888649216,118947840,2483634176
2026-07-09T02:02:04.963378,17006837760,16352673792,654163968,3.8,13890928640,1003274240,1888649216,118947840,2483634176
2026-07-09T02:02:05.963716,17006837760,16353968128,652869632,3.8,13892206592,1003388928,1888665600,118947840,2483634176
2026-07-09T02:02:06.964030,17006837760,16353050624,653787136,3.8,13891289088,1003388928,1888665600,118947840,2483634176
2026-07-09T02:02:07.964309,17006837760,16351576064,655261696,3.9,13889814528,1003388928,1888665600,118947840,2483634176
2026-07-09T02:02:08.964588,17006837760,16351805440,655032320,3.9,13890043904,1003388928,1888665600,118947840,2483634176
2026-07-09T02:02:09.964866,17006837760,16352067584,654770176,3.9,13890306048,1003388928,1888665600,118947840,2483634176
2026-07-09T02:02:10.965143,17006837760,16353280000,653557760,3.8,13891518464,1003388928,1888665600,118947840,2483634176
2026-07-09T02:02:11.965481,17006837760,16353755136,653082624,3.8,13891993600,1003388928,1888665600,118947840,2483634176
2026-07-09T02:02:12.965946,17006837760,16354410496,652427264,3.8,13892648960,1003388928,1888665600,118947840,2483634176
2026-07-09T02:02:13.966303,17006837760,16355131392,651706368,3.8,13893369856,1003388928,1888665600,118947840,2483634176
2026-07-09T02:02:14.967142,17006837760,16352919552,653918208,3.8,13891158016,1003388928,1888665600,118947840,2483634176
2026-07-09T02:02:15.967746,17006837760,16350461952,656375808,3.9,13888684032,1003421696,1888681984,118947840,2483650560
2026-07-09T02:02:16.968021,17006837760,16350216192,656621568,3.9,13888438272,1003421696,1888681984,118947840,2483650560
2026-07-09T02:02:17.968297,17006837760,16350478336,656359424,3.9,13888700416,1003421696,1888681984,118947840,2483650560
2026-07-09T02:02:18.968572,17006837760,16351346688,655491072,3.9,13889568768,1003421696,1888681984,118947840,2483650560
2026-07-09T02:02:19.968899,17006837760,16351657984,655179776,3.9,13889880064,1003421696,1888681984,118947840,2483650560
2026-07-09T02:02:20.969268,17006837760,16352280576,654557184,3.8,13890502656,1003421696,1888681984,118947840,2483650560
2026-07-09T02:02:21.969631,17006837760,16352444416,654393344,3.8,13890666496,1003421696,1888681984,118947840,2483650560
2026-07-09T02:02:22.969995,17006837760,16352444416,654393344,3.8,13890666496,1003421696,1888681984,118947840,2483650560
2026-07-09T02:02:23.970359,17006837760,16352444416,654393344,3.8,13890666496,1003421696,1888681984,118947840,2483650560
2026-07-09T02:02:24.970664,17006837760,16348184576,658653184,3.9,13886357504,1004388352,1888731136,118947840,2483650560
2026-07-09T02:02:25.970944,17006837760,16349020160,657817600,3.9,13887193088,1004388352,1888731136,118947840,2483650560
2026-07-09T02:02:26.971225,17006837760,16349020160,657817600,3.9,13887193088,1004388352,1888731136,118947840,2483650560
2026-07-09T02:02:27.971507,17006837760,16350576640,656261120,3.9,13888749568,1004388352,1888731136,118947840,2483650560
2026-07-09T02:02:28.971787,17006837760,16351297536,655540224,3.9,13889470464,1004388352,1888731136,118947840,2483650560
2026-07-09T02:02:29.972152,17006837760,16349577216,657260544,3.9,13887750144,1004388352,1888731136,118947840,2483666944
2026-07-09T02:02:30.972569,17006837760,16349773824,657063936,3.9,13887946752,1004388352,1888731136,118947840,2483666944
2026-07-09T02:02:31.972907,17006837760,16351461376,655376384,3.9,13889634304,1004388352,1888731136,118947840,2483666944
2026-07-09T02:02:32.973184,17006837760,16352329728,654508032,3.8,13890502656,1004388352,1888731136,118947840,2483666944
2026-07-09T02:02:33.973472,17006837760,16352083968,654753792,3.8,13890256896,1004388352,1888731136,118947840,2483666944
2026-07-09T02:02:34.973749,17006837760,16351821824,655015936,3.9,13889994752,1004388352,1888731136,118947840,2483666944
2026-07-09T02:02:35.974025,17006837760,16352116736,654721024,3.8,13890289664,1004388352,1888731136,118947840,2483666944
2026-07-09T02:02:36.974362,17006837760,16351428608,655409152,3.9,13889601536,1004388352,1888731136,118947840,2483666944
2026-07-09T02:02:37.974720,17006837760,16351805440,655032320,3.9,13889978368,1004388352,1888731136,118947840,2483666944
2026-07-09T02:02:38.975066,17006837760,16352296960,654540800,3.8,13890469888,1004388352,1888731136,118947840,2483666944
2026-07-09T02:02:39.977485,17006837760,16349839360,656998400,3.9,13888012288,1004388352,1888731136,118947840,2483666944
2026-07-09T02:02:40.977876,17006837760,16349593600,657244160,3.9,13887766528,1004388352,1888731136,118947840,2483666944
2026-07-09T02:02:41.978198,17006837760,16349855744,656982016,3.9,13888012288,1004421120,1888747520,118947840,2483666944
2026-07-09T02:02:42.978478,17006837760,16349609984,657227776,3.9,13887766528,1004421120,1888747520,118947840,2483683328
2026-07-09T02:02:43.978755,17006837760,16350085120,656752640,3.9,13888241664,1004421120,1888747520,118947840,2483683328
2026-07-09T02:02:44.979089,17006837760,16350871552,655966208,3.9,13889028096,1004421120,1888747520,118947840,2483683328
2026-07-09T02:02:45.979561,17006837760,16351346688,655491072,3.9,13889503232,1004421120,1888747520,118947840,2483683328
2026-07-09T02:02:46.979899,17006837760,16351117312,655720448,3.9,13889273856,1004421120,1888747520,118947840,2483683328
2026-07-09T02:02:47.980211,17006837760,16351838208,654999552,3.9,13889994752,1004421120,1888747520,118947840,2483683328
2026-07-09T02:02:48.980488,17006837760,16351838208,654999552,3.9,13889994752,1004421120,1888747520,118947840,2483683328
2026-07-09T02:02:49.980764,17006837760,16352215040,654622720,3.8,13890371584,1004421120,1888747520,118947840,2483683328
2026-07-09T02:02:50.981090,17006837760,16352706560,654131200,3.8,13890863104,1004421120,1888747520,118947840,2483683328
2026-07-09T02:02:51.981431,17006837760,16352542720,654295040,3.8,13890699264,1004421120,1888747520,118947840,2483683328
2026-07-09T02:02:52.981821,17006837760,16352772096,654065664,3.8,13890928640,1004421120,1888747520,118947840,2483683328
2026-07-09T02:02:53.982175,17006837760,16353017856,653819904,3.8,13891174400,1004421120,1888747520,118947840,2483683328
2026-07-09T02:02:54.982527,17006837760,16353083392,653754368,3.8,13891239936,1004421120,1888747520,118947840,2483683328
2026-07-09T02:02:55.982870,17006837760,16353820672,653017088,3.8,13891977216,1004421120,1888747520,118947840,2483683328
2026-07-09T02:02:56.983212,17006837760,16351608832,655228928,3.9,13889765376,1004421120,1888747520,118947840,2483699712
2026-07-09T02:02:57.983565,17006837760,16351608832,655228928,3.9,13889765376,1004421120,1888747520,118947840,2483699712
2026-07-09T02:02:58.983925,17006837760,16350887936,655949824,3.9,13889044480,1004421120,1888747520,118947840,2483699712
2026-07-09T02:02:59.984269,17006837760,16351854592,654983168,3.9,13890011136,1004421120,1888747520,118947840,2483699712
2026-07-09T02:03:00.984620,17006837760,16344219648,662618112,3.9,13882376192,1004421120,1888747520,118947840,2483699712
2026-07-09T02:03:01.984983,17006837760,16344219648,662618112,3.9,13882376192,1004421120,1888747520,118947840,2483699712
2026-07-09T02:03:02.985337,17006837760,16344924160,661913600,3.9,13883080704,1004421120,1888747520,118947840,2483699712
2026-07-09T02:03:03.985632,17006837760,16344891392,661946368,3.9,13883047936,1004421120,1888747520,118947840,2483699712
2026-07-09T02:03:04.985917,17006837760,16343793664,663044096,3.9,13881950208,1004421120,1888747520,118947840,2483699712
2026-07-09T02:03:05.986195,17006837760,16343564288,663273472,3.9,13881720832,1004421120,1888747520,118947840,2483699712
2026-07-09T02:03:06.986524,17006837760,16345268224,661569536,3.9,13883424768,1004421120,1888747520,118947840,2483699712
2026-07-09T02:03:07.986876,17006837760,16345677824,661159936,3.9,13883834368,1004421120,1888747520,118947840,2483699712
2026-07-09T02:03:08.987292,17006837760,16347185152,659652608,3.9,13885341696,1004421120,1888747520,118947840,2483699712
2026-07-09T02:03:09.987764,17006837760,16347971584,658866176,3.9,13886128128,1004421120,1888747520,118947840,2483699712
2026-07-09T02:03:10.988044,17006837760,16347348992,659488768,3.9,13885505536,1004421120,1888747520,118947840,2483716096
2026-07-09T02:03:11.988321,17006837760,16348217344,658620416,3.9,13886373888,1004421120,1888747520,118947840,2483716096
2026-07-09T02:03:12.988596,17006837760,16349691904,657145856,3.9,13887848448,1004421120,1888747520,118947840,2483716096
2026-07-09T02:03:13.988925,17006837760,16350609408,656228352,3.9,13888765952,1004421120,1888747520,118947840,2483716096
2026-07-09T02:03:14.989362,17006837760,16350789632,656048128,3.9,13888946176,1004421120,1888747520,118947840,2483716096
2026-07-09T02:03:15.989749,17006837760,16351035392,655802368,3.9,13889191936,1004421120,1888747520,118947840,2483716096
2026-07-09T02:03:16.990121,17006837760,16352051200,654786560,3.9,13890207744,1004421120,1888747520,118947840,2483716096
2026-07-09T02:03:17.990494,17006837760,16352198656,654639104,3.8,13890355200,1004421120,1888747520,118947840,2483716096
2026-07-09T02:03:18.991091,17006837760,16352264192,654573568,3.8,13890387968,1004437504,1888780288,118947840,2483716096
2026-07-09T02:03:19.991694,17006837760,16353492992,653344768,3.8,13891616768,1004437504,1888780288,118947840,2483716096
2026-07-09T02:03:20.992033,17006837760,16353509376,653328384,3.8,13891633152,1004437504,1888780288,118947840,2483716096
2026-07-09T02:03:21.992311,17006837760,16353263616,653574144,3.8,13891387392,1004437504,1888780288,118947840,2483716096
2026-07-09T02:03:22.992669,17006837760,16353673216,653164544,3.8,13891796992,1004437504,1888780288,118947840,2483732480
2026-07-09T02:03:23.993017,17006837760,16353673216,653164544,3.8,13891796992,1004437504,1888780288,118947840,2483732480
2026-07-09T02:03:24.993375,17006837760,16353427456,653410304,3.8,13891551232,1004437504,1888780288,118947840,2483732480
2026-07-09T02:03:25.993687,17006837760,16353542144,653295616,3.8,13891665920,1004437504,1888780288,118947840,2483732480
2026-07-09T02:03:26.993970,17006837760,16352083968,654753792,3.8,13890207744,1004437504,1888780288,118947840,2483732480
2026-07-09T02:03:27.994252,17006837760,16352329728,654508032,3.8,13890453504,1004437504,1888780288,118947840,2483732480
2026-07-09T02:03:28.994532,17006837760,16352870400,653967360,3.8,13890994176,1004437504,1888780288,118947840,2483732480
2026-07-09T02:03:29.994813,17006837760,16352870400,653967360,3.8,13890994176,1004437504,1888780288,118947840,2483732480
2026-07-09T02:03:30.995132,17006837760,16353116160,653721600,3.8,13891239936,1004437504,1888780288,118947840,2483732480
2026-07-09T02:03:31.995427,17006837760,16354164736,652673024,3.8,13892288512,1004437504,1888780288,118947840,2483732480
2026-07-09T02:03:32.995747,17006837760,16354164736,652673024,3.8,13892288512,1004437504,1888780288,118947840,2483732480
2026-07-09T02:03:33.996020,17006837760,16354410496,652427264,3.8,13892534272,1004437504,1888780288,118947840,2483732480
2026-07-09T02:03:34.996296,17006837760,16354164736,652673024,3.8,13892288512,1004437504,1888780288,118947840,2483732480
2026-07-09T02:03:35.996569,17006837760,16352198656,654639104,3.8,13890322432,1004437504,1888780288,118947840,2483748864
2026-07-09T02:03:36.997089,17006837760,16352509952,654327808,3.8,13890633728,1004437504,1888780288,118947840,2483748864
2026-07-09T02:03:37.997506,17006837760,16352591872,654245888,3.8,13890715648,1004437504,1888780288,118947840,2483748864
2026-07-09T02:03:38.997882,17006837760,16352837632,654000128,3.8,13890961408,1004437504,1888780288,118947840,2483748864
2026-07-09T02:03:39.998192,17006837760,16353083392,653754368,3.8,13891207168,1004437504,1888780288,118947840,2483748864
2026-07-09T02:03:40.998469,17006837760,16352968704,653869056,3.8,13891092480,1004437504,1888780288,118947840,2483748864
2026-07-09T02:03:41.998750,17006837760,16353525760,653312000,3.8,13891649536,1004437504,1888780288,118947840,2483748864
2026-07-09T02:03:42.999077,17006837760,16353509376,653328384,3.8,13891633152,1004437504,1888780288,118947840,2483748864
2026-07-09T02:03:43.999489,17006837760,16352772096,654065664,3.8,13890895872,1004437504,1888780288,118947840,2483748864
2026-07-09T02:03:45.000040,17006837760,16353263616,653574144,3.8,13891387392,1004437504,1888780288,118947840,2483748864
2026-07-09T02:03:46.000524,17006837760,16353771520,653066240,3.8,13891895296,1004437504,1888780288,118947840,2483748864
2026-07-09T02:03:47.000862,17006837760,16353280000,653557760,3.8,13891403776,1004437504,1888780288,118947840,2483748864
2026-07-09T02:03:48.001206,17006837760,16354000896,652836864,3.8,13892124672,1004437504,1888780288,118947840,2483765248
2026-07-09T02:03:49.001634,17006837760,16353689600,653148160,3.8,13891796992,1004748800,1888796672,118947840,2483765248
2026-07-09T02:03:50.002000,17006837760,16353689600,653148160,3.8,13891796992,1004748800,1888796672,118947840,2483765248
2026-07-09T02:03:51.002352,17006837760,16354508800,652328960,3.8,13892616192,1004748800,1888796672,118947840,2483765248
2026-07-09T02:03:52.002695,17006837760,16354754560,652083200,3.8,13892861952,1004748800,1888796672,118947840,2483765248
2026-07-09T02:03:53.003144,17006837760,16352296960,654540800,3.8,13890404352,1004748800,1888796672,118947840,2483765248
2026-07-09T02:03:54.003533,17006837760,16352329728,654508032,3.8,13890404352,1004863488,1888829440,118947840,2483765248
2026-07-09T02:03:55.003826,17006837760,16352559104,654278656,3.8,13890633728,1004863488,1888829440,118947840,2483765248
2026-07-09T02:03:56.004103,17006837760,16353083392,653754368,3.8,13891158016,1004863488,1888829440,118947840,2483765248
2026-07-09T02:03:57.004383,17006837760,16351608832,655228928,3.9,13889683456,1004863488,1888829440,118947840,2483765248
2026-07-09T02:03:58.004658,17006837760,16351821824,655015936,3.9,13889896448,1004863488,1888829440,118947840,2483765248
2026-07-09T02:03:59.004939,17006837760,16351543296,655294464,3.9,13889617920,1004863488,1888829440,118947840,2483765248
2026-07-09T02:04:00.005295,17006837760,16351543296,655294464,3.9,13889617920,1004863488,1888829440,118947840,2483765248
2026-07-09T02:04:01.005690,17006837760,16350380032,656457728,3.9,13888454656,1004863488,1888829440,118947840,2483765248
2026-07-09T02:04:02.006049,17006837760,16350855168,655982592,3.9,13888929792,1004863488,1888829440,118947840,2483781632
2026-07-09T02:04:03.006417,17006837760,16351674368,655163392,3.9,13889748992,1004863488,1888829440,118947840,2483781632
2026-07-09T02:04:04.006781,17006837760,16351920128,654917632,3.9,13889994752,1004863488,1888829440,118947840,2483781632
2026-07-09T02:04:05.007123,17006837760,16352231424,654606336,3.8,13890306048,1004863488,1888829440,118947840,2483781632
2026-07-09T02:04:06.007478,17006837760,16352706560,654131200,3.8,13890781184,1004863488,1888829440,118947840,2483781632
2026-07-09T02:04:07.007867,17006837760,16351723520,655114240,3.9,13889798144,1004863488,1888829440,118947840,2483781632
2026-07-09T02:04:08.008221,17006837760,16351969280,654868480,3.9,13890043904,1004863488,1888829440,118947840,2483781632
2026-07-09T02:04:09.008565,17006837760,16352460800,654376960,3.8,13890535424,1004863488,1888829440,118947840,2483781632
2026-07-09T02:04:10.008899,17006837760,16352952320,653885440,3.8,13891026944,1004863488,1888829440,118947840,2483781632
2026-07-09T02:04:11.009353,17006837760,16353181696,653656064,3.8,13891256320,1004863488,1888829440,118947840,2483781632
2026-07-09T02:04:12.009776,17006837760,16353656832,653180928,3.8,13891731456,1004863488,1888829440,118947840,2483781632
2026-07-09T02:04:13.010059,17006837760,16354476032,652361728,3.8,13892550656,1004863488,1888829440,118947840,2483781632
2026-07-09T02:04:14.010342,17006837760,16355147776,651689984,3.8,13893222400,1004863488,1888829440,118947840,2483781632
2026-07-09T02:04:15.010805,17006837760,16355147776,651689984,3.8,13893222400,1004863488,1888829440,118947840,2483781632
2026-07-09T02:04:16.011124,17006837760,16354426880,652410880,3.8,13892501504,1004863488,1888829440,118947840,2483798016
2026-07-09T02:04:17.011462,17006837760,16352952320,653885440,3.8,13891026944,1004863488,1888829440,118947840,2483798016
2026-07-09T02:04:18.011766,17006837760,16353050624,653787136,3.8,13891125248,1004863488,1888829440,118947840,2483798016
2026-07-09T02:04:19.012045,17006837760,16353099776,653737984,3.8,13891141632,1005125632,1888862208,118947840,2483798016
2026-07-09T02:04:20.012392,17006837760,16353099776,653737984,3.8,13891141632,1005125632,1888862208,118947840,2483798016
2026-07-09T02:04:21.012668,17006837760,16353509376,653328384,3.8,13891551232,1005125632,1888862208,118947840,2483798016
2026-07-09T02:04:22.012946,17006837760,16354361344,652476416,3.8,13892403200,1005125632,1888862208,118947840,2483798016
2026-07-09T02:04:23.013294,17006837760,16352641024,654196736,3.8,13890682880,1005125632,1888862208,118947840,2483798016
2026-07-09T02:04:24.013653,17006837760,16352641024,654196736,3.8,13890682880,1005125632,1888862208,118947840,2483798016
2026-07-09T02:04:25.014010,17006837760,16353394688,653443072,3.8,13891436544,1005125632,1888862208,118947840,2483798016
2026-07-09T02:04:26.014477,17006837760,16353394688,653443072,3.8,13891436544,1005125632,1888862208,118947840,2483798016
2026-07-09T02:04:27.015028,17006837760,16352903168,653934592,3.8,13890945024,1005125632,1888862208,118947840,2483798016
2026-07-09T02:04:28.015310,17006837760,16353148928,653688832,3.8,13891190784,1005125632,1888862208,118947840,2483798016
2026-07-09T02:04:29.015589,17006837760,16353411072,653426688,3.8,13891452928,1005125632,1888862208,118947840,2483798016
2026-07-09T02:04:30.015866,17006837760,16352673792,654163968,3.8,13890715648,1005158400,1888862208,118947840,2483814400
2026-07-09T02:04:31.016228,17006837760,16353427456,653410304,3.8,13891469312,1005158400,1888862208,118947840,2483814400
2026-07-09T02:04:32.016659,17006837760,16354639872,652197888,3.8,13892681728,1005158400,1888862208,118947840,2483814400
2026-07-09T02:04:33.016936,17006837760,16354639872,652197888,3.8,13892681728,1005158400,1888862208,118947840,2483814400
2026-07-09T02:04:34.017339,17006837760,16355246080,651591680,3.8,13893287936,1005158400,1888862208,118947840,2483814400
2026-07-09T02:04:35.017647,17006837760,16354246656,652591104,3.8,13892288512,1005158400,1888862208,118947840,2483814400
2026-07-09T02:04:36.017929,17006837760,16354246656,652591104,3.8,13892288512,1005158400,1888862208,118947840,2483814400
2026-07-09T02:04:37.018247,17006837760,16354000896,652836864,3.8,13892042752,1005158400,1888862208,118947840,2483814400
2026-07-09T02:04:38.018661,17006837760,16354443264,652394496,3.8,13892485120,1005158400,1888862208,118947840,2483814400
2026-07-09T02:04:39.019007,17006837760,16354672640,652165120,3.8,13892714496,1005158400,1888862208,118947840,2483814400
2026-07-09T02:04:40.019280,17006837760,16354918400,651919360,3.8,13892960256,1005158400,1888862208,118947840,2483814400
2026-07-09T02:04:41.019555,17006837760,16354672640,652165120,3.8,13892714496,1005158400,1888862208,118947840,2483814400
2026-07-09T02:04:42.019834,17006837760,16354426880,652410880,3.8,13892468736,1005158400,1888862208,118947840,2483814400
2026-07-09T02:04:43.020234,17006837760,16353935360,652902400,3.8,13891977216,1005158400,1888862208,118947840,2483830784
2026-07-09T02:04:44.020555,17006837760,16354492416,652345344,3.8,13892534272,1005158400,1888862208,118947840,2483830784
2026-07-09T02:04:45.020838,17006837760,16354738176,652099584,3.8,13892780032,1005158400,1888862208,118947840,2483830784
2026-07-09T02:04:46.021123,17006837760,16355213312,651624448,3.8,13893255168,1005158400,1888862208,118947840,2483830784
2026-07-09T02:04:47.021476,17006837760,16354721792,652115968,3.8,13892763648,1005158400,1888862208,118947840,2483830784
2026-07-09T02:04:48.021786,17006837760,16353984512,652853248,3.8,13892026368,1005158400,1888862208,118947840,2483830784
2026-07-09T02:04:49.022183,17006837760,16354476032,652361728,3.8,13892517888,1005158400,1888862208,118947840,2483830784
2026-07-09T02:04:50.022609,17006837760,16354721792,652115968,3.8,13892763648,1005174784,1888862208,118947840,2483830784
2026-07-09T02:04:51.022991,17006837760,16354230272,652607488,3.8,13892272128,1005174784,1888862208,118947840,2483830784
2026-07-09T02:04:52.023331,17006837760,16354213888,652623872,3.8,13892255744,1005174784,1888862208,118947840,2483830784
2026-07-09T02:04:53.023666,17006837760,16353640448,653197312,3.8,13891682304,1005174784,1888862208,118947840,2483830784
2026-07-09T02:04:54.023975,17006837760,16353394688,653443072,3.8,13891436544,1005174784,1888862208,118947840,2483830784
2026-07-09T02:04:55.024325,17006837760,16352985088,653852672,3.8,13891026944,1005174784,1888862208,118947840,2483830784
2026-07-09T02:04:56.024671,17006837760,16352493568,654344192,3.8,13890535424,1005174784,1888862208,118947840,2483847168
2026-07-09T02:04:57.024950,17006837760,16352968704,653869056,3.8,13891010560,1005174784,1888862208,118947840,2483847168
2026-07-09T02:04:58.025227,17006837760,16353427456,653410304,3.8,13891469312,1005174784,1888862208,118947840,2483847168
2026-07-09T02:04:59.025589,17006837760,16352952320,653885440,3.8,13890994176,1005174784,1888862208,118947840,2483847168
2026-07-09T02:05:00.025882,17006837760,16352215040,654622720,3.8,13890256896,1005174784,1888862208,118947840,2483847168
2026-07-09T02:05:01.026154,17006837760,16352215040,654622720,3.8,13890256896,1005174784,1888862208,118947840,2483847168
2026-07-09T02:05:02.026428,17006837760,16352952320,653885440,3.8,13890994176,1005174784,1888862208,118947840,2483847168
2026-07-09T02:05:03.026701,17006837760,16352706560,654131200,3.8,13890748416,1005174784,1888862208,118947840,2483847168
2026-07-09T02:05:04.027027,17006837760,16352952320,653885440,3.8,13890994176,1005174784,1888862208,118947840,2483847168
2026-07-09T02:05:05.027453,17006837760,16353951744,652886016,3.8,13891960832,1005305856,1888894976,118947840,2483847168
2026-07-09T02:05:06.027806,17006837760,16353705984,653131776,3.8,13891715072,1005305856,1888894976,118947840,2483847168
2026-07-09T02:05:07.028155,17006837760,16353935360,652902400,3.8,13891944448,1005305856,1888894976,118947840,2483847168
2026-07-09T02:05:08.029628,17006837760,16353361920,653475840,3.8,13891371008,1005305856,1888894976,118947840,2483847168
2026-07-09T02:05:09.030152,17006837760,16354164736,652673024,3.8,13892173824,1005305856,1888894976,118947840,2483847168
2026-07-09T02:05:10.030449,17006837760,16353198080,653639680,3.8,13891207168,1005305856,1888894976,118947840,2483863552
2026-07-09T02:05:11.030732,17006837760,16352460800,654376960,3.8,13890469888,1005305856,1888894976,118947840,2483863552
2026-07-09T02:05:12.031013,17006837760,16352428032,654409728,3.8,13890437120,1005305856,1888894976,118947840,2483863552
2026-07-09T02:05:13.031294,17006837760,16352673792,654163968,3.8,13890682880,1005305856,1888894976,118947840,2483863552
2026-07-09T02:05:14.031633,17006837760,16353443840,653393920,3.8,13891452928,1005305856,1888894976,118947840,2483863552
2026-07-09T02:05:15.031938,17006837760,16354148352,652689408,3.8,13892157440,1005305856,1888894976,118947840,2483863552
2026-07-09T02:05:16.032222,17006837760,16354852864,651984896,3.8,13892861952,1005305856,1888894976,118947840,2483863552
2026-07-09T02:05:17.032508,17006837760,16354607104,652230656,3.8,13892616192,1005305856,1888894976,118947840,2483863552
2026-07-09T02:05:18.032854,17006837760,16354115584,652722176,3.8,13892124672,1005305856,1888894976,118947840,2483863552
2026-07-09T02:05:19.033135,17006837760,16353394688,653443072,3.8,13891403776,1005305856,1888894976,118947840,2483863552
2026-07-09T02:05:20.033513,17006837760,16352722944,654114816,3.8,13890732032,1005305856,1888894976,118947840,2483863552
2026-07-09T02:05:21.033856,17006837760,16351739904,655097856,3.9,13889748992,1005305856,1888894976,118947840,2483863552
2026-07-09T02:05:22.034422,17006837760,16351739904,655097856,3.9,13889748992,1005305856,1888894976,118947840,2483863552
2026-07-09T02:05:23.034944,17006837760,16352378880,654458880,3.8,13890387968,1005305856,1888894976,118947840,2483863552
2026-07-09T02:05:24.035291,17006837760,16351903744,654934016,3.9,13889912832,1005305856,1888894976,118947840,2483879936
2026-07-09T02:05:25.035568,17006837760,16352411648,654426112,3.8,13890420736,1005305856,1888894976,118947840,2483879936
2026-07-09T02:05:26.035847,17006837760,16352165888,654671872,3.8,13890174976,1005305856,1888894976,118947840,2483879936
2026-07-09T02:05:27.036216,17006837760,16351936512,654901248,3.9,13889945600,1005305856,1888894976,118947840,2483879936
2026-07-09T02:05:28.036782,17006837760,16352673792,654163968,3.8,13890682880,1005305856,1888894976,118947840,2483879936
2026-07-09T02:05:29.037187,17006837760,16353165312,653672448,3.8,13891174400,1005305856,1888894976,118947840,2483879936
2026-07-09T02:05:30.037538,17006837760,16353624064,653213696,3.8,13891633152,1005305856,1888894976,118947840,2483879936
2026-07-09T02:05:31.037814,17006837760,16353624064,653213696,3.8,13891633152,1005305856,1888894976,118947840,2483879936
2026-07-09T02:05:32.038093,17006837760,16354312192,652525568,3.8,13892321280,1005305856,1888894976,118947840,2483879936
2026-07-09T02:05:33.038427,17006837760,16354803712,652034048,3.8,13892812800,1005305856,1888894976,118947840,2483879936
2026-07-09T02:05:34.038772,17006837760,16353574912,653262848,3.8,13891584000,1005305856,1888894976,118947840,2483879936
2026-07-09T02:05:35.039108,17006837760,16351854592,654983168,3.9,13889863680,1005305856,1888894976,118947840,2483879936
2026-07-09T02:05:36.039441,17006837760,16351576064,655261696,3.9,13889585152,1005305856,1888894976,118947840,2483896320
2026-07-09T02:05:37.039817,17006837760,16351313920,655523840,3.9,13889323008,1005305856,1888894976,118947840,2483896320
2026-07-09T02:05:38.040173,17006837760,16352083968,654753792,3.8,13890093056,1005305856,1888894976,118947840,2483896320
2026-07-09T02:05:39.040521,17006837760,16351838208,654999552,3.9,13889847296,1005305856,1888894976,118947840,2483896320
2026-07-09T02:05:40.040856,17006837760,16351412224,655425536,3.9,13889421312,1005305856,1888894976,118947840,2483896320
2026-07-09T02:05:41.041189,17006837760,16351756288,655081472,3.9,13889765376,1005305856,1888894976,118947840,2483896320
2026-07-09T02:05:42.041529,17006837760,16352477184,654360576,3.8,13890469888,1005371392,1888911360,118947840,2483896320
2026-07-09T02:05:43.041906,17006837760,16352477184,654360576,3.8,13890469888,1005371392,1888911360,118947840,2483896320
2026-07-09T02:05:44.042249,17006837760,16353525760,653312000,3.8,13891518464,1005371392,1888911360,118947840,2483896320
2026-07-09T02:05:45.042633,17006837760,16353755136,653082624,3.8,13891747840,1005371392,1888911360,118947840,2483896320
2026-07-09T02:05:46.043044,17006837760,16352231424,654606336,3.8,13890224128,1005371392,1888911360,118947840,2483896320
2026-07-09T02:05:47.043430,17006837760,16351936512,654901248,3.9,13889929216,1005371392,1888911360,118947840,2483896320
2026-07-09T02:05:48.043765,17006837760,16351690752,655147008,3.9,13889683456,1005371392,1888911360,118947840,2483896320
2026-07-09T02:05:49.044099,17006837760,16351952896,654884864,3.9,13889945600,1005371392,1888911360,118947840,2483896320
2026-07-09T02:05:50.044479,17006837760,16352460800,654376960,3.8,13890453504,1005371392,1888911360,118947840,2483896320
2026-07-09T02:05:51.044847,17006837760,16351854592,654983168,3.9,13889847296,1005371392,1888911360,118947840,2483912704
2026-07-09T02:05:52.045215,17006837760,16352051200,654786560,3.9,13890043904,1005387776,1888911360,118947840,2483912704
2026-07-09T02:05:53.045662,17006837760,16352215040,654622720,3.8,13890207744,1005387776,1888911360,118947840,2483912704
2026-07-09T02:05:54.046072,17006837760,16353492992,653344768,3.8,13891485696,1005387776,1888911360,118947840,2483912704
2026-07-09T02:05:55.046350,17006837760,16353509376,653328384,3.8,13891502080,1005387776,1888911360,118947840,2483912704
2026-07-09T02:05:56.046730,17006837760,16353755136,653082624,3.8,13891747840,1005387776,1888911360,118947840,2483912704
2026-07-09T02:05:57.047205,17006837760,16354295808,652541952,3.8,13892288512,1005387776,1888911360,118947840,2483912704
2026-07-09T02:05:58.047596,17006837760,16354295808,652541952,3.8,13892288512,1005387776,1888911360,118947840,2483912704
2026-07-09T02:05:59.047913,17006837760,16353312768,653524992,3.8,13891305472,1005387776,1888911360,118947840,2483912704
2026-07-09T02:06:00.048201,17006837760,16353214464,653623296,3.8,13891207168,1005387776,1888911360,118947840,2483912704
2026-07-09T02:06:01.048477,17006837760,16351019008,655818752,3.9,13889011712,1005387776,1888911360,118947840,2483912704
2026-07-09T02:06:02.048808,17006837760,16351674368,655163392,3.9,13889667072,1005387776,1888911360,118947840,2483912704
2026-07-09T02:06:03.049155,17006837760,16352411648,654426112,3.8,13890404352,1005387776,1888911360,118947840,2483929088
2026-07-09T02:06:04.049521,17006837760,16352886784,653950976,3.8,13890879488,1005387776,1888911360,118947840,2483929088
2026-07-09T02:06:05.049869,17006837760,16352608256,654229504,3.8,13890600960,1005387776,1888911360,118947840,2483929088
2026-07-09T02:06:06.050248,17006837760,16353820672,653017088,3.8,13891813376,1005387776,1888911360,118947840,2483929088
2026-07-09T02:06:07.050595,17006837760,16354050048,652787712,3.8,13892042752,1005387776,1888911360,118947840,2483929088
2026-07-09T02:06:08.050956,17006837760,16353656832,653180928,3.8,13891649536,1005387776,1888911360,118947840,2483929088
2026-07-09T02:06:09.051250,17006837760,16353165312,653672448,3.8,13891158016,1005387776,1888911360,118947840,2483929088
2026-07-09T02:06:10.051531,17006837760,16353427456,653410304,3.8,13891420160,1005387776,1888911360,118947840,2483929088
2026-07-09T02:06:11.051807,17006837760,16353181696,653656064,3.8,13891174400,1005387776,1888911360,118947840,2483929088
2026-07-09T02:06:12.052184,17006837760,16353181696,653656064,3.8,13891174400,1005387776,1888911360,118947840,2483929088
2026-07-09T02:06:13.052460,17006837760,16353427456,653410304,3.8,13891420160,1005387776,1888911360,118947840,2483929088
2026-07-09T02:06:14.052774,17006837760,16354656256,652181504,3.8,13892648960,1005387776,1888911360,118947840,2483929088
2026-07-09T02:06:15.053152,17006837760,16354656256,652181504,3.8,13892648960,1005387776,1888911360,118947840,2483929088
2026-07-09T02:06:16.053487,17006837760,16354656256,652181504,3.8,13892648960,1005387776,1888911360,118947840,2483929088
2026-07-09T02:06:17.053816,17006837760,16353918976,652918784,3.8,13891895296,1005518848,1888927744,118947840,2483945472
2026-07-09T02:06:18.054240,17006837760,16352952320,653885440,3.8,13890928640,1005518848,1888927744,118947840,2483945472
2026-07-09T02:06:19.054910,17006837760,16353296384,653541376,3.8,13891272704,1005518848,1888927744,118947840,2483945472
2026-07-09T02:06:20.055419,17006837760,16354017280,652820480,3.8,13891993600,1005518848,1888927744,118947840,2483945472
2026-07-09T02:06:21.055698,17006837760,16353034240,653803520,3.8,13891010560,1005518848,1888927744,118947840,2483945472
2026-07-09T02:06:22.055978,17006837760,16352526336,654311424,3.8,13890486272,1005518848,1888944128,118947840,2483945472
2026-07-09T02:06:23.056260,17006837760,16351789056,655048704,3.9,13889748992,1005518848,1888944128,118947840,2483945472
2026-07-09T02:06:24.056584,17006837760,16352296960,654540800,3.8,13890256896,1005518848,1888944128,118947840,2483945472
2026-07-09T02:06:25.056928,17006837760,16352247808,654589952,3.8,13890207744,1005518848,1888944128,118947840,2483945472
2026-07-09T02:06:26.057328,17006837760,16352968704,653869056,3.8,13890928640,1005518848,1888944128,118947840,2483945472
2026-07-09T02:06:27.057713,17006837760,16352968704,653869056,3.8,13890928640,1005518848,1888944128,118947840,2483945472
2026-07-09T02:06:28.058075,17006837760,16353198080,653639680,3.8,13891158016,1005518848,1888944128,118947840,2483945472
2026-07-09T02:06:29.058478,17006837760,16353607680,653230080,3.8,13891567616,1005518848,1888944128,118947840,2483945472
2026-07-09T02:06:30.058758,17006837760,16353624064,653213696,3.8,13891584000,1005518848,1888944128,118947840,2483961856
2026-07-09T02:06:31.059107,17006837760,16353624064,653213696,3.8,13891584000,1005518848,1888944128,118947840,2483961856
2026-07-09T02:06:32.059452,17006837760,16354344960,652492800,3.8,13892304896,1005518848,1888944128,118947840,2483961856
2026-07-09T02:06:33.059783,17006837760,16354328576,652509184,3.8,13892288512,1005518848,1888944128,118947840,2483961856
2026-07-09T02:06:34.060125,17006837760,16354328576,652509184,3.8,13892288512,1005518848,1888944128,118947840,2483961856
2026-07-09T02:06:35.060425,17006837760,16354836480,652001280,3.8,13892796416,1005518848,1888944128,118947840,2483961856
2026-07-09T02:06:36.060707,17006837760,16354344960,652492800,3.8,13892304896,1005518848,1888944128,118947840,2483961856
2026-07-09T02:06:37.060991,17006837760,16353853440,652984320,3.8,13891813376,1005518848,1888944128,118947840,2483961856
2026-07-09T02:06:38.061328,17006837760,16354394112,652443648,3.8,13892354048,1005518848,1888944128,118947840,2483961856
2026-07-09T02:06:39.061608,17006837760,16354869248,651968512,3.8,13892829184,1005518848,1888944128,118947840,2483961856
2026-07-09T02:06:40.061979,17006837760,16354869248,651968512,3.8,13892829184,1005518848,1888944128,118947840,2483961856
2026-07-09T02:06:41.062323,17006837760,16354803712,652034048,3.8,13892763648,1005518848,1888944128,118947840,2483961856
2026-07-09T02:06:42.062623,17006837760,16354803712,652034048,3.8,13892763648,1005518848,1888944128,118947840,2483961856
2026-07-09T02:06:43.062905,17006837760,16354803712,652034048,3.8,13892763648,1005518848,1888944128,118947840,2483961856
2026-07-09T02:06:44.063252,17006837760,16354541568,652296192,3.8,13892501504,1005518848,1888944128,118947840,2483961856
2026-07-09T02:06:45.063530,17006837760,16353329152,653508608,3.8,13891289088,1005518848,1888944128,118947840,2483978240
2026-07-09T02:06:46.063812,17006837760,16352346112,654491648,3.8,13890306048,1005518848,1888944128,118947840,2483978240
2026-07-09T02:06:47.064128,17006837760,16352329728,654508032,3.8,13890289664,1005518848,1888944128,118947840,2483978240
2026-07-09T02:06:48.064506,17006837760,16352329728,654508032,3.8,13890289664,1005518848,1888944128,118947840,2483978240
2026-07-09T02:06:49.064894,17006837760,16353050624,653787136,3.8,13891010560,1005518848,1888944128,118947840,2483978240
2026-07-09T02:06:50.065249,17006837760,16353787904,653049856,3.8,13891747840,1005518848,1888944128,118947840,2483978240
2026-07-09T02:06:51.065641,17006837760,16353787904,653049856,3.8,13891747840,1005518848,1888944128,118947840,2483978240
2026-07-09T02:06:52.066044,17006837760,16353787904,653049856,3.8,13891747840,1005518848,1888944128,118947840,2483978240
2026-07-09T02:06:53.066431,17006837760,16351592448,655245312,3.9,13889536000,1005551616,1888960512,118947840,2483978240
2026-07-09T02:06:54.066773,17006837760,16351608832,655228928,3.9,13889552384,1005551616,1888960512,118947840,2483978240
2026-07-09T02:06:55.067111,17006837760,16352100352,654737408,3.8,13890043904,1005551616,1888960512,118947840,2483978240
2026-07-09T02:06:56.067459,17006837760,16352083968,654753792,3.8,13890027520,1005551616,1888960512,118947840,2483978240
2026-07-09T02:06:57.067878,17006837760,16352083968,654753792,3.8,13890027520,1005551616,1888960512,118947840,2483978240
2026-07-09T02:06:58.068446,17006837760,16352542720,654295040,3.8,13890486272,1005551616,1888960512,118947840,2483978240
2026-07-09T02:06:59.068724,17006837760,16351920128,654917632,3.9,13889863680,1005551616,1888960512,118947840,2483994624
2026-07-09T02:07:00.069003,17006837760,16351100928,655736832,3.9,13889044480,1005551616,1888960512,118947840,2483994624
2026-07-09T02:07:01.069295,17006837760,16350756864,656080896,3.9,13888700416,1005551616,1888960512,118947840,2483994624
2026-07-09T02:07:02.069590,17006837760,16350593024,656244736,3.9,13888536576,1005551616,1888960512,118947840,2483994624
2026-07-09T02:07:03.069956,17006837760,16351559680,655278080,3.9,13889503232,1005551616,1888960512,118947840,2483994624
2026-07-09T02:07:04.070443,17006837760,16351576064,655261696,3.9,13889519616,1005551616,1888960512,118947840,2483994624
2026-07-09T02:07:05.070786,17006837760,16352067584,654770176,3.9,13890011136,1005551616,1888960512,118947840,2483994624
2026-07-09T02:07:06.071135,17006837760,16352051200,654786560,3.9,13889994752,1005551616,1888960512,118947840,2483994624
2026-07-09T02:07:07.071413,17006837760,16352280576,654557184,3.8,13890224128,1005551616,1888960512,118947840,2483994624
2026-07-09T02:07:08.071737,17006837760,16352870400,653967360,3.8,13890813952,1005551616,1888960512,118947840,2483994624
2026-07-09T02:07:09.072071,17006837760,16353116160,653721600,3.8,13891059712,1005551616,1888960512,118947840,2483994624
2026-07-09T02:07:10.072411,17006837760,16352854016,653983744,3.8,13890797568,1005551616,1888960512,118947840,2483994624
2026-07-09T02:07:11.072770,17006837760,16350707712,656130048,3.9,13888651264,1005551616,1888960512,118947840,2483994624
2026-07-09T02:07:12.073130,17006837760,16351166464,655671296,3.9,13889110016,1005551616,1888960512,118947840,2483994624
2026-07-09T02:07:13.073485,17006837760,16351952896,654884864,3.9,13889896448,1005551616,1888960512,118947840,2484011008
2026-07-09T02:07:14.073764,17006837760,16352444416,654393344,3.8,13890387968,1005551616,1888960512,118947840,2484011008
2026-07-09T02:07:15.074043,17006837760,16352444416,654393344,3.8,13890387968,1005551616,1888960512,118947840,2484011008
2026-07-09T02:07:16.074331,17006837760,16351215616,655622144,3.9,13889159168,1005551616,1888960512,118947840,2484011008
2026-07-09T02:07:17.074705,17006837760,16351461376,655376384,3.9,13889404928,1005551616,1888960512,118947840,2484011008
2026-07-09T02:07:18.075063,17006837760,16352264192,654573568,3.8,13890207744,1005551616,1888960512,118947840,2484011008
2026-07-09T02:07:19.075712,17006837760,16352772096,654065664,3.8,13890715648,1005551616,1888960512,118947840,2484011008
2026-07-09T02:07:20.076331,17006837760,16352034816,654802944,3.9,13889978368,1005551616,1888960512,118947840,2484011008
2026-07-09T02:07:21.076682,17006837760,16353001472,653836288,3.8,13890945024,1005551616,1888960512,118947840,2484011008
2026-07-09T02:07:22.077035,17006837760,16353247232,653590528,3.8,13891190784,1005551616,1888960512,118947840,2484011008
2026-07-09T02:07:23.077384,17006837760,16353476608,653361152,3.8,13891420160,1005551616,1888960512,118947840,2484011008
2026-07-09T02:07:24.077760,17006837760,16353492992,653344768,3.8,13891436544,1005551616,1888960512,118947840,2484011008
2026-07-09T02:07:25.078101,17006837760,16353722368,653115392,3.8,13891665920,1005551616,1888960512,118947840,2484011008
2026-07-09T02:07:26.078471,17006837760,16353247232,653590528,3.8,13891190784,1005551616,1888960512,118947840,2484027392
2026-07-09T02:07:27.078864,17006837760,16353738752,653099008,3.8,13891682304,1005551616,1888960512,118947840,2484027392
2026-07-09T02:07:28.079325,17006837760,16353738752,653099008,3.8,13891682304,1005551616,1888960512,118947840,2484027392
2026-07-09T02:07:29.079763,17006837760,16353968128,652869632,3.8,13891911680,1005551616,1888960512,118947840,2484027392
2026-07-09T02:07:30.080041,17006837760,16353951744,652886016,3.8,13891895296,1005551616,1888960512,118947840,2484027392
2026-07-09T02:07:31.080320,17006837760,16354181120,652656640,3.8,13892124672,1005551616,1888960512,118947840,2484027392
2026-07-09T02:07:32.080599,17006837760,16354246656,652591104,3.8,13892190208,1005551616,1888960512,118947840,2484027392
2026-07-09T02:07:33.080917,17006837760,16354656256,652181504,3.8,13892599808,1005551616,1888960512,118947840,2484027392
2026-07-09T02:07:34.081270,17006837760,16354164736,652673024,3.8,13892108288,1005551616,1888960512,118947840,2484027392
2026-07-09T02:07:35.081655,17006837760,16354164736,652673024,3.8,13892108288,1005551616,1888960512,118947840,2484027392
2026-07-09T02:07:36.084110,17006837760,16354164736,652673024,3.8,13892108288,1005551616,1888960512,118947840,2484027392
2026-07-09T02:07:37.084479,17006837760,16354410496,652427264,3.8,13892354048,1005551616,1888960512,118947840,2484027392
2026-07-09T02:07:38.084857,17006837760,16354426880,652410880,3.8,13892370432,1005551616,1888960512,118947840,2484043776
2026-07-09T02:07:39.085191,17006837760,16353689600,653148160,3.8,13891633152,1005551616,1888960512,118947840,2484043776
2026-07-09T02:07:40.085490,17006837760,16353935360,652902400,3.8,13891878912,1005551616,1888960512,118947840,2484043776
2026-07-09T02:07:41.085806,17006837760,16350396416,656441344,3.9,13888339968,1005551616,1888960512,118947840,2484043776
2026-07-09T02:07:42.086138,17006837760,16348741632,658096128,3.9,13886685184,1005551616,1888960512,118947840,2484043776
2026-07-09T02:07:43.086489,17006837760,16348741632,658096128,3.9,13886685184,1005551616,1888960512,118947840,2484043776
2026-07-09T02:07:44.086820,17006837760,16350756864,656080896,3.9,13888700416,1005551616,1888960512,118947840,2484043776
2026-07-09T02:07:45.087458,17006837760,16350986240,655851520,3.9,13888929792,1005551616,1888960512,118947840,2484043776
2026-07-09T02:07:46.087941,17006837760,16350117888,656719872,3.9,13888061440,1005551616,1888960512,118947840,2484043776
2026-07-09T02:07:47.088378,17006837760,16350953472,655884288,3.9,13888897024,1005551616,1888960512,118947840,2484043776
2026-07-09T02:07:48.088661,17006837760,16351117312,655720448,3.9,13889060864,1005551616,1888960512,118947840,2484043776
2026-07-09T02:07:49.088937,17006837760,16352018432,654819328,3.9,13889961984,1005551616,1888960512,118947840,2484043776
2026-07-09T02:07:50.089391,17006837760,16352608256,654229504,3.8,13890551808,1005551616,1888960512,118947840,2484043776
2026-07-09T02:07:51.089844,17006837760,16352100352,654737408,3.8,13890043904,1005551616,1888960512,118947840,2484043776
2026-07-09T02:07:52.090179,17006837760,16351772672,655065088,3.9,13889716224,1005551616,1888960512,118947840,2484060160
2026-07-09T02:07:53.090463,17006837760,16350511104,656326656,3.9,13888454656,1005551616,1888960512,118947840,2484060160
2026-07-09T02:07:54.090741,17006837760,16349855744,656982016,3.9,13887717376,1005649920,1889042432,118947840,2484060160
2026-07-09T02:07:55.091024,17006837760,16350035968,656801792,3.9,13887897600,1005649920,1889042432,118947840,2484060160
2026-07-09T02:07:56.091389,17006837760,16349790208,657047552,3.9,13887651840,1005649920,1889042432,118947840,2484060160
2026-07-09T02:07:57.091727,17006837760,16351084544,655753216,3.9,13888946176,1005649920,1889042432,118947840,2484060160
2026-07-09T02:07:58.092061,17006837760,16350887936,655949824,3.9,13888749568,1005649920,1889042432,118947840,2484060160
2026-07-09T02:07:59.092394,17006837760,16351150080,655687680,3.9,13889011712,1005649920,1889042432,118947840,2484060160
2026-07-09T02:08:00.092731,17006837760,16349691904,657145856,3.9,13887553536,1005649920,1889042432,118947840,2484060160
2026-07-09T02:08:01.093068,17006837760,16349200384,657637376,3.9,13887062016,1005649920,1889042432,118947840,2484060160
2026-07-09T02:08:02.093420,17006837760,16349577216,657260544,3.9,13887438848,1005649920,1889042432,118947840,2484060160
2026-07-09T02:08:03.093757,17006837760,16350658560,656179200,3.9,13888520192,1005649920,1889042432,118947840,2484060160
2026-07-09T02:08:04.094104,17006837760,16350248960,656588800,3.9,13888110592,1005649920,1889042432,118947840,2484060160
2026-07-09T02:08:05.094458,17006837760,16348528640,658309120,3.9,13886390272,1005649920,1889042432,118947840,2484076544
2026-07-09T02:08:06.094791,17006837760,16349839360,656998400,3.9,13887700992,1005649920,1889042432,118947840,2484076544
2026-07-09T02:08:07.095150,17006837760,16350085120,656752640,3.9,13887946752,1005649920,1889042432,118947840,2484076544
2026-07-09T02:08:08.095478,17006837760,16351281152,655556608,3.9,13889142784,1005649920,1889042432,118947840,2484076544
2026-07-09T02:08:09.095776,17006837760,16351772672,655065088,3.9,13889634304,1005649920,1889042432,118947840,2484076544
2026-07-09T02:08:10.096055,17006837760,16350052352,656785408,3.9,13887913984,1005649920,1889042432,118947840,2484076544
2026-07-09T02:08:11.096332,17006837760,16347332608,659505152,3.9,13885194240,1005649920,1889042432,118947840,2484076544
2026-07-09T02:08:12.096679,17006837760,16347578368,659259392,3.9,13885440000,1005649920,1889042432,118947840,2484076544
2026-07-09T02:08:13.096958,17006837760,16348397568,658440192,3.9,13886259200,1005649920,1889042432,118947840,2484076544
2026-07-09T02:08:14.097309,17006837760,16349921280,656916480,3.9,13887782912,1005649920,1889042432,118947840,2484076544
2026-07-09T02:08:15.097851,17006837760,16350412800,656424960,3.9,13888274432,1005649920,1889042432,118947840,2484076544
2026-07-09T02:08:16.098486,17006837760,16350855168,655982592,3.9,13888716800,1005649920,1889042432,118947840,2484076544
2026-07-09T02:08:17.098765,17006837760,16350609408,656228352,3.9,13888471040,1005649920,1889042432,118947840,2484076544
2026-07-09T02:08:18.099044,17006837760,16350281728,656556032,3.9,13888143360,1005649920,1889042432,118947840,2484092928
2026-07-09T02:08:19.099366,17006837760,16350986240,655851520,3.9,13888847872,1005649920,1889042432,118947840,2484092928
2026-07-09T02:08:20.099720,17006837760,16351772672,655065088,3.9,13889634304,1005649920,1889042432,118947840,2484092928
2026-07-09T02:08:21.100064,17006837760,16352018432,654819328,3.9,13889880064,1005649920,1889042432,118947840,2484092928
2026-07-09T02:08:22.100448,17006837760,16352493568,654344192,3.8,13890355200,1005649920,1889042432,118947840,2484092928
2026-07-09T02:08:23.100789,17006837760,16352919552,653918208,3.8,13890781184,1005649920,1889042432,118947840,2484092928
2026-07-09T02:08:24.101165,17006837760,16352903168,653934592,3.8,13890764800,1005649920,1889042432,118947840,2484092928
2026-07-09T02:08:25.101635,17006837760,16352968704,653869056,3.8,13890764800,1005797376,1889107968,118947840,2484092928
2026-07-09T02:08:26.102063,17006837760,16351739904,655097856,3.9,13889536000,1005797376,1889107968,118947840,2484092928
2026-07-09T02:08:27.102453,17006837760,16351985664,654852096,3.9,13889781760,1005797376,1889107968,118947840,2484092928
2026-07-09T02:08:28.102960,17006837760,16352755712,654082048,3.8,13890551808,1005797376,1889107968,118947840,2484092928
2026-07-09T02:08:29.103381,17006837760,16352493568,654344192,3.8,13890289664,1005797376,1889107968,118947840,2484092928
2026-07-09T02:08:30.104148,17006837760,16352739328,654098432,3.8,13890535424,1005797376,1889107968,118947840,2484109312
2026-07-09T02:08:31.104475,17006837760,16353214464,653623296,3.8,13891010560,1005797376,1889107968,118947840,2484109312
2026-07-09T02:08:32.104758,17006837760,16353935360,652902400,3.8,13891731456,1005797376,1889107968,118947840,2484109312
2026-07-09T02:08:33.105041,17006837760,16354394112,652443648,3.8,13892190208,1005797376,1889107968,118947840,2484109312
2026-07-09T02:08:34.105377,17006837760,16354394112,652443648,3.8,13892190208,1005797376,1889107968,118947840,2484109312
2026-07-09T02:08:35.105726,17006837760,16353902592,652935168,3.8,13891698688,1005797376,1889107968,118947840,2484109312
2026-07-09T02:08:36.106076,17006837760,16352919552,653918208,3.8,13890715648,1005797376,1889107968,118947840,2484109312
2026-07-09T02:08:37.106414,17006837760,16353411072,653426688,3.8,13891207168,1005797376,1889107968,118947840,2484109312
2026-07-09T02:08:38.106759,17006837760,16353656832,653180928,3.8,13891452928,1005797376,1889107968,118947840,2484109312
2026-07-09T02:08:39.107118,17006837760,16353902592,652935168,3.8,13891698688,1005797376,1889107968,118947840,2484109312
2026-07-09T02:08:40.107463,17006837760,16353902592,652935168,3.8,13891698688,1005797376,1889107968,118947840,2484109312
2026-07-09T02:08:41.107800,17006837760,16353640448,653197312,3.8,13891436544,1005797376,1889107968,118947840,2484109312
2026-07-09T02:08:42.108136,17006837760,16353624064,653213696,3.8,13891420160,1005797376,1889107968,118947840,2484109312
2026-07-09T02:08:43.108508,17006837760,16353640448,653197312,3.8,13891436544,1005797376,1889107968,118947840,2484125696
2026-07-09T02:08:44.108860,17006837760,16354131968,652705792,3.8,13891928064,1005797376,1889107968,118947840,2484125696
2026-07-09T02:08:45.109202,17006837760,16354131968,652705792,3.8,13891928064,1005797376,1889107968,118947840,2484125696
2026-07-09T02:08:46.109560,17006837760,16353411072,653426688,3.8,13891190784,1005813760,1889124352,118947840,2484125696
2026-07-09T02:08:47.109931,17006837760,16349478912,657358848,3.9,13887258624,1005813760,1889124352,118947840,2484125696
2026-07-09T02:08:48.110255,17006837760,16349233152,657604608,3.9,13887012864,1005813760,1889124352,118947840,2484125696
2026-07-09T02:08:49.110542,17006837760,16349069312,657768448,3.9,13886849024,1005813760,1889124352,118947840,2484125696
2026-07-09T02:08:50.110826,17006837760,16349069312,657768448,3.9,13886849024,1005813760,1889124352,118947840,2484125696
2026-07-09T02:08:51.111107,17006837760,16349642752,657195008,3.9,13887422464,1005813760,1889124352,118947840,2484125696
2026-07-09T02:08:52.111438,17006837760,16349151232,657686528,3.9,13886930944,1005813760,1889124352,118947840,2484125696
2026-07-09T02:08:53.111737,17006837760,16348643328,658194432,3.9,13886423040,1005813760,1889124352,118947840,2484125696
2026-07-09T02:08:54.112021,17006837760,16349659136,657178624,3.9,13887438848,1005813760,1889124352,118947840,2484125696
2026-07-09T02:08:55.112305,17006837760,16350937088,655900672,3.9,13888716800,1005813760,1889124352,118947840,2484125696
2026-07-09T02:08:56.112587,17006837760,16351051776,655785984,3.9,13888831488,1005813760,1889124352,118947840,2484125696
2026-07-09T02:08:57.112941,17006837760,16351035392,655802368,3.9,13888815104,1005813760,1889124352,118947840,2484142080
2026-07-09T02:08:58.113388,17006837760,16351494144,655343616,3.9,13889273856,1005813760,1889124352,118947840,2484142080
2026-07-09T02:08:59.113726,17006837760,16351756288,655081472,3.9,13889536000,1005813760,1889124352,118947840,2484142080
2026-07-09T02:09:00.114074,17006837760,16351756288,655081472,3.9,13889536000,1005813760,1889124352,118947840,2484142080
2026-07-09T02:09:01.114418,17006837760,16350445568,656392192,3.9,13888225280,1005813760,1889124352,118947840,2484142080
2026-07-09T02:09:02.114775,17006837760,16349134848,657702912,3.9,13886914560,1005813760,1889124352,118947840,2484142080
2026-07-09T02:09:03.115118,17006837760,16348397568,658440192,3.9,13886177280,1005813760,1889124352,118947840,2484142080
2026-07-09T02:09:04.115423,17006837760,16348774400,658063360,3.9,13886554112,1005813760,1889124352,118947840,2484142080
2026-07-09T02:09:05.115702,17006837760,16349790208,657047552,3.9,13887569920,1005813760,1889124352,118947840,2484142080
2026-07-09T02:09:06.115977,17006837760,16351019008,655818752,3.9,13888798720,1005813760,1889124352,118947840,2484142080
2026-07-09T02:09:07.116256,17006837760,16351657984,655179776,3.9,13889437696,1005813760,1889124352,118947840,2484142080
2026-07-09T02:09:08.116538,17006837760,16351920128,654917632,3.9,13889699840,1005813760,1889124352,118947840,2484142080
2026-07-09T02:09:09.116900,17006837760,16352624640,654213120,3.8,13890404352,1005813760,1889124352,118947840,2484142080
2026-07-09T02:09:10.117197,17006837760,16349642752,657195008,3.9,13887422464,1005813760,1889124352,118947840,2484158464
2026-07-09T02:09:11.117485,17006837760,16347054080,659783680,3.9,13884768256,1006256128,1889189888,118947840,2484158464
2026-07-09T02:09:12.117764,17006837760,16347299840,659537920,3.9,13885014016,1006256128,1889189888,118947840,2484158464
2026-07-09T02:09:13.118115,17006837760,16347054080,659783680,3.9,13884768256,1006256128,1889189888,118947840,2484158464
2026-07-09T02:09:14.118477,17006837760,16347807744,659030016,3.9,13885521920,1006256128,1889189888,118947840,2484158464
2026-07-09T02:09:15.118810,17006837760,16348053504,658784256,3.9,13885767680,1006256128,1889189888,118947840,2484158464
2026-07-09T02:09:16.119195,17006837760,16349364224,657473536,3.9,13887078400,1006256128,1889189888,118947840,2484158464
2026-07-09T02:09:17.119517,17006837760,16349659136,657178624,3.9,13887373312,1006256128,1889189888,118947840,2484158464
2026-07-09T02:09:18.119811,17006837760,16350068736,656769024,3.9,13887782912,1006256128,1889189888,118947840,2484158464
2026-07-09T02:09:19.120160,17006837760,16350019584,656818176,3.9,13887733760,1006256128,1889189888,118947840,2484158464
2026-07-09T02:09:20.120507,17006837760,16351002624,655835136,3.9,13888716800,1006256128,1889189888,118947840,2484158464
2026-07-09T02:09:21.120906,17006837760,16351444992,655392768,3.9,13889159168,1006288896,1889189888,118947840,2484158464
2026-07-09T02:09:22.121282,17006837760,16351608832,655228928,3.9,13889323008,1006288896,1889189888,118947840,2484158464
2026-07-09T02:09:23.121629,17006837760,16344449024,662388736,3.9,13882163200,1006288896,1889189888,118947840,2484158464
2026-07-09T02:09:24.121962,17006837760,16342974464,663863296,3.9,13880688640,1006288896,1889189888,118947840,2484174848
2026-07-09T02:09:25.122437,17006837760,16343695360,663142400,3.9,13881409536,1006288896,1889189888,118947840,2484174848
2026-07-09T02:09:26.122927,17006837760,16345628672,661209088,3.9,13883326464,1006305280,1889206272,118947840,2484174848
2026-07-09T02:09:27.123207,17006837760,16346644480,660193280,3.9,13884342272,1006305280,1889206272,118947840,2484174848
2026-07-09T02:09:28.123486,17006837760,16347660288,659177472,3.9,13885358080,1006305280,1889206272,118947840,2484174848
2026-07-09T02:09:29.123763,17006837760,16348315648,658522112,3.9,13886013440,1006305280,1889206272,118947840,2484174848
2026-07-09T02:09:30.124348,17006837760,16348610560,658227200,3.9,13886308352,1006305280,1889206272,118947840,2484174848
2026-07-09T02:09:31.124681,17006837760,16348037120,658800640,3.9,13885734912,1006305280,1889206272,118947840,2484174848
2026-07-09T02:09:32.124961,17006837760,16348610560,658227200,3.9,13886308352,1006305280,1889206272,118947840,2484174848
2026-07-09T02:09:33.125253,17006837760,16349216768,657620992,3.9,13886914560,1006305280,1889206272,118947840,2484174848
2026-07-09T02:09:34.125536,17006837760,16349478912,657358848,3.9,13887176704,1006305280,1889206272,118947840,2484174848
2026-07-09T02:09:35.125913,17006837760,16348971008,657866752,3.9,13886668800,1006305280,1889206272,118947840,2484174848
2026-07-09T02:09:36.126253,17006837760,16349167616,657670144,3.9,13886865408,1006305280,1889206272,118947840,2484174848
2026-07-09T02:09:37.126551,17006837760,16348348416,658489344,3.9,13886046208,1006305280,1889206272,118947840,2484191232
2026-07-09T02:09:38.126829,17006837760,16349020160,657817600,3.9,13886717952,1006305280,1889206272,118947840,2484191232
2026-07-09T02:09:39.127108,17006837760,16349839360,656998400,3.9,13887537152,1006305280,1889206272,118947840,2484191232
2026-07-09T02:09:40.127437,17006837760,16350085120,656752640,3.9,13887782912,1006305280,1889206272,118947840,2484191232
2026-07-09T02:09:41.127723,17006837760,16350183424,656654336,3.9,13887881216,1006305280,1889206272,118947840,2484191232
2026-07-09T02:09:42.127995,17006837760,16350560256,656277504,3.9,13888258048,1006305280,1889206272,118947840,2484191232
2026-07-09T02:09:43.128265,17006837760,16350806016,656031744,3.9,13888503808,1006305280,1889206272,118947840,2484191232
2026-07-09T02:09:44.128544,17006837760,16352018432,654819328,3.9,13889716224,1006305280,1889206272,118947840,2484191232
2026-07-09T02:09:45.128823,17006837760,16352264192,654573568,3.8,13889961984,1006305280,1889206272,118947840,2484191232
2026-07-09T02:09:46.129164,17006837760,16352755712,654082048,3.8,13890453504,1006305280,1889206272,118947840,2484191232
2026-07-09T02:09:47.129540,17006837760,16350511104,656326656,3.9,13888208896,1006305280,1889206272,118947840,2484191232
2026-07-09T02:09:48.129901,17006837760,16350511104,656326656,3.9,13888208896,1006305280,1889206272,118947840,2484191232
2026-07-09T02:09:49.130246,17006837760,16351117312,655720448,3.9,13888815104,1006305280,1889206272,118947840,2484191232
2026-07-09T02:09:50.130586,17006837760,16351657984,655179776,3.9,13889355776,1006305280,1889206272,118947840,2484207616
2026-07-09T02:09:51.130868,17006837760,16351657984,655179776,3.9,13889355776,1006305280,1889206272,118947840,2484207616
2026-07-09T02:09:52.131149,17006837760,16352411648,654426112,3.8,13890109440,1006305280,1889206272,118947840,2484207616
2026-07-09T02:09:53.131427,17006837760,16352116736,654721024,3.8,13889814528,1006305280,1889206272,118947840,2484207616
2026-07-09T02:09:54.131710,17006837760,16352280576,654557184,3.8,13889978368,1006305280,1889206272,118947840,2484207616
2026-07-09T02:09:55.132037,17006837760,16352919552,653918208,3.8,13890617344,1006305280,1889206272,118947840,2484207616
2026-07-09T02:09:56.132392,17006837760,16352673792,654163968,3.8,13890371584,1006305280,1889206272,118947840,2484207616
2026-07-09T02:09:57.132741,17006837760,16352919552,653918208,3.8,13890617344,1006305280,1889206272,118947840,2484207616
2026-07-09T02:09:58.133108,17006837760,16352919552,653918208,3.8,13890617344,1006321664,1889206272,118947840,2484207616
2026-07-09T02:09:59.133440,17006837760,16353181696,653656064,3.8,13890879488,1006321664,1889206272,118947840,2484207616
2026-07-09T02:10:00.133751,17006837760,16352690176,654147584,3.8,13890387968,1006321664,1889206272,118947840,2484207616
2026-07-09T02:10:01.134053,17006837760,16349741056,657096704,3.9,13887438848,1006321664,1889206272,118947840,2484207616
2026-07-09T02:10:02.134347,17006837760,16348266496,658571264,3.9,13885964288,1006321664,1889206272,118947840,2484224000
2026-07-09T02:10:03.134628,17006837760,16348774400,658063360,3.9,13886472192,1006321664,1889206272,118947840,2484224000
2026-07-09T02:10:04.134908,17006837760,16350527488,656310272,3.9,13888225280,1006321664,1889206272,118947840,2484224000
2026-07-09T02:10:05.135237,17006837760,16349315072,657522688,3.9,13887012864,1006321664,1889206272,118947840,2484224000
2026-07-09T02:10:06.135595,17006837760,16349691904,657145856,3.9,13887389696,1006321664,1889206272,118947840,2484224000
2026-07-09T02:10:07.135966,17006837760,16350543872,656293888,3.9,13888241664,1006321664,1889206272,118947840,2484224000
2026-07-09T02:10:08.136351,17006837760,16352002048,654835712,3.9,13889699840,1006321664,1889206272,118947840,2484224000
2026-07-09T02:10:09.136884,17006837760,16352149504,654688256,3.8,13889847296,1006321664,1889206272,118947840,2484224000
2026-07-09T02:10:10.137168,17006837760,16351936512,654901248,3.9,13889634304,1006321664,1889206272,118947840,2484224000
2026-07-09T02:10:11.137449,17006837760,16351739904,655097856,3.9,13889437696,1006321664,1889206272,118947840,2484224000
2026-07-09T02:10:12.137733,17006837760,16351739904,655097856,3.9,13889437696,1006321664,1889206272,118947840,2484224000
2026-07-09T02:10:13.138068,17006837760,16351248384,655589376,3.9,13888946176,1006321664,1889206272,118947840,2484224000
2026-07-09T02:10:14.138424,17006837760,16351477760,655360000,3.9,13889175552,1006321664,1889206272,118947840,2484224000
2026-07-09T02:10:15.138777,17006837760,16348168192,658669568,3.9,13885865984,1006321664,1889206272,118947840,2484224000
2026-07-09T02:10:16.139118,17006837760,16348397568,658440192,3.9,13886095360,1006321664,1889206272,118947840,2484240384
2026-07-09T02:10:17.139491,17006837760,16348479488,658358272,3.9,13886177280,1006321664,1889206272,118947840,2484240384
2026-07-09T02:10:18.139845,17006837760,16348954624,657883136,3.9,13886652416,1006321664,1889206272,118947840,2484240384
2026-07-09T02:10:19.140182,17006837760,16350101504,656736256,3.9,13887799296,1006321664,1889206272,118947840,2484240384
2026-07-09T02:10:20.140548,17006837760,16350625792,656211968,3.9,13888323584,1006321664,1889206272,118947840,2484240384
2026-07-09T02:10:21.140864,17006837760,16350937088,655900672,3.9,13888634880,1006321664,1889206272,118947840,2484240384
2026-07-09T02:10:22.141143,17006837760,16350953472,655884288,3.9,13888651264,1006321664,1889206272,118947840,2484240384
2026-07-09T02:10:23.141423,17006837760,16350461952,656375808,3.9,13888159744,1006321664,1889206272,118947840,2484240384
2026-07-09T02:10:24.141701,17006837760,16351166464,655671296,3.9,13888864256,1006321664,1889206272,118947840,2484240384
2026-07-09T02:10:25.141981,17006837760,16351821824,655015936,3.9,13889519616,1006321664,1889206272,118947840,2484240384
2026-07-09T02:10:26.142262,17006837760,16351969280,654868480,3.9,13889667072,1006321664,1889206272,118947840,2484240384
2026-07-09T02:10:27.142543,17006837760,16352182272,654655488,3.8,13889880064,1006321664,1889206272,118947840,2484240384
2026-07-09T02:10:28.142819,17006837760,16352919552,653918208,3.8,13890600960,1006321664,1889222656,118947840,2484240384
2026-07-09T02:10:29.143111,17006837760,16353165312,653672448,3.8,13890846720,1006321664,1889222656,118947840,2484256768
2026-07-09T02:10:30.143392,17006837760,16351690752,655147008,3.9,13889372160,1006321664,1889222656,118947840,2484256768
2026-07-09T02:10:31.143761,17006837760,16352133120,654704640,3.8,13889814528,1006321664,1889222656,118947840,2484256768
2026-07-09T02:10:32.144135,17006837760,16352641024,654196736,3.8,13890322432,1006321664,1889222656,118947840,2484256768
2026-07-09T02:10:33.144503,17006837760,16353116160,653721600,3.8,13890797568,1006321664,1889222656,118947840,2484256768
2026-07-09T02:10:34.144853,17006837760,16353116160,653721600,3.8,13890797568,1006321664,1889222656,118947840,2484256768
2026-07-09T02:10:35.145193,17006837760,16352624640,654213120,3.8,13890306048,1006321664,1889222656,118947840,2484256768
2026-07-09T02:10:36.145560,17006837760,16353099776,653737984,3.8,13890781184,1006321664,1889222656,118947840,2484256768
2026-07-09T02:10:37.145947,17006837760,16352854016,653983744,3.8,13890535424,1006321664,1889222656,118947840,2484256768
2026-07-09T02:10:38.146274,17006837760,16353099776,653737984,3.8,13890781184,1006321664,1889222656,118947840,2484256768
2026-07-09T02:10:39.146555,17006837760,16353361920,653475840,3.8,13891043328,1006321664,1889222656,118947840,2484256768
2026-07-09T02:10:40.146835,17006837760,16353607680,653230080,3.8,13891289088,1006321664,1889222656,118947840,2484256768
2026-07-09T02:10:41.147116,17006837760,16353607680,653230080,3.8,13891289088,1006321664,1889222656,118947840,2484256768
2026-07-09T02:10:42.147445,17006837760,16353591296,653246464,3.8,13891272704,1006321664,1889222656,118947840,2484273152
2026-07-09T02:10:43.147810,17006837760,16353165312,653672448,3.8,13890846720,1006321664,1889222656,118947840,2484273152
2026-07-09T02:10:44.148114,17006837760,16353656832,653180928,3.8,13891338240,1006321664,1889222656,118947840,2484273152
2026-07-09T02:10:45.148394,17006837760,16353886208,652951552,3.8,13891567616,1006321664,1889222656,118947840,2484273152
2026-07-09T02:10:46.148673,17006837760,16354131968,652705792,3.8,13891813376,1006321664,1889222656,118947840,2484273152
2026-07-09T02:10:47.148954,17006837760,16353886208,652951552,3.8,13891567616,1006321664,1889222656,118947840,2484273152
2026-07-09T02:10:48.149234,17006837760,16353640448,653197312,3.8,13891321856,1006321664,1889222656,118947840,2484273152
2026-07-09T02:10:49.149578,17006837760,16353640448,653197312,3.8,13891321856,1006321664,1889222656,118947840,2484273152
2026-07-09T02:10:50.149973,17006837760,16354115584,652722176,3.8,13891796992,1006321664,1889222656,118947840,2484273152
2026-07-09T02:10:51.150311,17006837760,16354328576,652509184,3.8,13892009984,1006321664,1889222656,118947840,2484273152
2026-07-09T02:10:52.150666,17006837760,16354328576,652509184,3.8,13892009984,1006321664,1889222656,118947840,2484273152
2026-07-09T02:10:53.151003,17006837760,16345497600,661340160,3.9,13883179008,1006321664,1889222656,118947840,2484273152
2026-07-09T02:10:54.151341,17006837760,16346464256,660373504,3.9,13884145664,1006321664,1889222656,118947840,2484273152
2026-07-09T02:10:55.151671,17006837760,16347316224,659521536,3.9,13884997632,1006321664,1889222656,118947840,2484273152
2026-07-09T02:10:56.151973,17006837760,16347185152,659652608,3.9,13884866560,1006321664,1889222656,118947840,2484289536
2026-07-09T02:10:57.152251,17006837760,16344629248,662208512,3.9,13882310656,1006321664,1889222656,118947840,2484289536
2026-07-09T02:10:58.152531,17006837760,16344956928,661880832,3.9,13882638336,1006321664,1889222656,118947840,2484289536
2026-07-09T02:10:59.152811,17006837760,16344940544,661897216,3.9,13882556416,1006567424,1889288192,118947840,2484289536
2026-07-09T02:11:00.153090,17006837760,16345333760,661504000,3.9,13882949632,1006567424,1889288192,118947840,2484289536
2026-07-09T02:11:01.153437,17006837760,16346152960,660684800,3.9,13883768832,1006567424,1889288192,118947840,2484289536
2026-07-09T02:11:02.153790,17006837760,16347889664,658948096,3.9,13885505536,1006567424,1889288192,118947840,2484289536
2026-07-09T02:11:03.154131,17006837760,16348905472,657932288,3.9,13886521344,1006567424,1889288192,118947840,2484289536
2026-07-09T02:11:04.154440,17006837760,16349134848,657702912,3.9,13886750720,1006567424,1889288192,118947840,2484289536
2026-07-09T02:11:05.154725,17006837760,16349822976,657014784,3.9,13887438848,1006567424,1889288192,118947840,2484289536
2026-07-09T02:11:06.155006,17006837760,16351199232,655638528,3.9,13888815104,1006567424,1889288192,118947840,2484289536
2026-07-09T02:11:07.155282,17006837760,16350707712,656130048,3.9,13888323584,1006567424,1889288192,118947840,2484289536
2026-07-09T02:11:08.155571,17006837760,16350822400,656015360,3.9,13888438272,1006567424,1889288192,118947840,2484305920
2026-07-09T02:11:09.155962,17006837760,16350347264,656490496,3.9,13887963136,1006567424,1889288192,118947840,2484305920
2026-07-09T02:11:10.156300,17006837760,16345268224,661569536,3.9,13882884096,1006567424,1889288192,118947840,2484305920
2026-07-09T02:11:11.156600,17006837760,16333225984,673611776,4.0,13870841856,1006567424,1889288192,118947840,2484305920
2026-07-09T02:11:12.156891,17006837760,16333996032,672841728,4.0,13871611904,1006567424,1889288192,118947840,2484305920
2026-07-09T02:11:13.157182,17006837760,16332275712,674562048,4.0,13869891584,1006567424,1889288192,118947840,2484305920
2026-07-09T02:11:14.157468,17006837760,16334929920,671907840,4.0,13872545792,1006567424,1889288192,118947840,2484305920
2026-07-09T02:11:15.157742,17006837760,16336191488,670646272,3.9,13873807360,1006567424,1889288192,118947840,2484305920
2026-07-09T02:11:16.158159,17006837760,16338288640,668549120,3.9,13875904512,1006567424,1889288192,118947840,2484305920
2026-07-09T02:11:17.158462,17006837760,16340238336,666599424,3.9,13877854208,1006567424,1889288192,118947840,2484305920
2026-07-09T02:11:18.158735,17006837760,16341991424,664846336,3.9,13879607296,1006567424,1889288192,118947840,2484305920
2026-07-09T02:11:19.159078,17006837760,16343498752,663339008,3.9,13881114624,1006567424,1889288192,118947840,2484305920
2026-07-09T02:11:20.159362,17006837760,16345055232,661782528,3.9,13882671104,1006567424,1889288192,118947840,2484322304
2026-07-09T02:11:21.159644,17006837760,16345792512,661045248,3.9,13883408384,1006567424,1889288192,118947840,2484322304
2026-07-09T02:11:22.159924,17006837760,16346644480,660193280,3.9,13884260352,1006567424,1889288192,118947840,2484322304
2026-07-09T02:11:23.160205,17006837760,16347381760,659456000,3.9,13884997632,1006567424,1889288192,118947840,2484322304
2026-07-09T02:11:24.160489,17006837760,16348069888,658767872,3.9,13885685760,1006567424,1889288192,118947840,2484322304
2026-07-09T02:11:25.160772,17006837760,16348692480,658145280,3.9,13886308352,1006567424,1889288192,118947840,2484322304
2026-07-09T02:11:26.161044,17006837760,16349790208,657047552,3.9,13887406080,1006567424,1889288192,118947840,2484322304
2026-07-09T02:11:27.161363,17006837760,16348954624,657883136,3.9,13886570496,1006567424,1889288192,118947840,2484322304
2026-07-09T02:11:28.161686,17006837760,16350216192,656621568,3.9,13887832064,1006567424,1889288192,118947840,2484322304
2026-07-09T02:11:29.162038,17006837760,16350461952,656375808,3.9,13888077824,1006567424,1889288192,118947840,2484322304
2026-07-09T02:11:30.162343,17006837760,16349003776,657833984,3.9,13886603264,1006600192,1889304576,118947840,2484338688
2026-07-09T02:11:31.162615,17006837760,16349855744,656982016,3.9,13887455232,1006600192,1889304576,118947840,2484338688
2026-07-09T02:11:32.162888,17006837760,16350298112,656539648,3.9,13887897600,1006600192,1889304576,118947840,2484338688
2026-07-09T02:11:33.163161,17006837760,16350756864,656080896,3.9,13888356352,1006600192,1889304576,118947840,2484338688
2026-07-09T02:11:34.163439,17006837760,16350674944,656162816,3.9,13888274432,1006600192,1889304576,118947840,2484338688
2026-07-09T02:11:35.163806,17006837760,16350822400,656015360,3.9,13888421888,1006600192,1889304576,118947840,2484338688
2026-07-09T02:11:36.164110,17006837760,16351592448,655245312,3.9,13889191936,1006600192,1889304576,118947840,2484338688
2026-07-09T02:11:37.164394,17006837760,16351477760,655360000,3.9,13889077248,1006600192,1889304576,118947840,2484338688
2026-07-09T02:11:38.164678,17006837760,16351936512,654901248,3.9,13889536000,1006600192,1889304576,118947840,2484338688
2026-07-09T02:11:39.164964,17006837760,16352919552,653918208,3.8,13890519040,1006600192,1889304576,118947840,2484338688
2026-07-09T02:11:40.165336,17006837760,16352985088,653852672,3.8,13890584576,1006600192,1889304576,118947840,2484338688
2026-07-09T02:11:41.165724,17006837760,16351510528,655327232,3.9,13889110016,1006600192,1889304576,118947840,2484338688
2026-07-09T02:11:42.166094,17006837760,16351756288,655081472,3.9,13889355776,1006600192,1889304576,118947840,2484355072
2026-07-09T02:11:43.166437,17006837760,16352002048,654835712,3.9,13889601536,1006600192,1889304576,118947840,2484355072
2026-07-09T02:11:44.166775,17006837760,16352411648,654426112,3.8,13890011136,1006600192,1889304576,118947840,2484355072
2026-07-09T02:11:45.167114,17006837760,16352985088,653852672,3.8,13890568192,1006665728,1889320960,118947840,2484355072
2026-07-09T02:11:46.167450,17006837760,16352739328,654098432,3.8,13890322432,1006665728,1889320960,118947840,2484355072
2026-07-09T02:11:47.167795,17006837760,16352002048,654835712,3.9,13889585152,1006665728,1889320960,118947840,2484355072
2026-07-09T02:11:48.168169,17006837760,16352247808,654589952,3.8,13889830912,1006665728,1889320960,118947840,2484355072
2026-07-09T02:11:49.168467,17006837760,16352002048,654835712,3.9,13889585152,1006665728,1889320960,118947840,2484355072
2026-07-09T02:11:50.168736,17006837760,16352002048,654835712,3.9,13889585152,1006665728,1889320960,118947840,2484355072
2026-07-09T02:11:51.169015,17006837760,16352067584,654770176,3.9,13889650688,1006665728,1889320960,118947840,2484355072
2026-07-09T02:11:52.169299,17006837760,16353198080,653639680,3.8,13890781184,1006665728,1889320960,118947840,2484355072
2026-07-09T02:11:53.169575,17006837760,16352706560,654131200,3.8,13890289664,1006665728,1889320960,118947840,2484355072
2026-07-09T02:11:54.169938,17006837760,16351477760,655360000,3.9,13889060864,1006665728,1889320960,118947840,2484355072
2026-07-09T02:11:55.170365,17006837760,16351477760,655360000,3.9,13889060864,1006665728,1889320960,118947840,2484355072
2026-07-09T02:11:56.170641,17006837760,16351232000,655605760,3.9,13888815104,1006665728,1889320960,118947840,2484371456
2026-07-09T02:11:57.170919,17006837760,16351232000,655605760,3.9,13888815104,1006665728,1889320960,118947840,2484371456
2026-07-09T02:11:58.171197,17006837760,16351690752,655147008,3.9,13889273856,1006665728,1889320960,118947840,2484371456
2026-07-09T02:11:59.171500,17006837760,16350674944,656162816,3.9,13888258048,1006665728,1889320960,118947840,2484371456
2026-07-09T02:12:00.171784,17006837760,16349184000,657653760,3.9,13886767104,1006665728,1889320960,118947840,2484371456
2026-07-09T02:12:01.172065,17006837760,16347676672,659161088,3.9,13885161472,1006665728,1889419264,118947840,2484371456
2026-07-09T02:12:02.172346,17006837760,16348168192,658669568,3.9,13885652992,1006665728,1889419264,118947840,2484371456
2026-07-09T02:12:03.172621,17006837760,16349609984,657227776,3.9,13887094784,1006665728,1889419264,118947840,2484371456
2026-07-09T02:12:04.172901,17006837760,16350609408,656228352,3.9,13888094208,1006665728,1889419264,118947840,2484371456
2026-07-09T02:12:05.173178,17006837760,16350248960,656588800,3.9,13887733760,1006665728,1889419264,118947840,2484371456
2026-07-09T02:12:06.173533,17006837760,16350232576,656605184,3.9,13887717376,1006665728,1889419264,118947840,2484371456
2026-07-09T02:12:07.173828,17006837760,16350691328,656146432,3.9,13888176128,1006665728,1889419264,118947840,2484387840
2026-07-09T02:12:08.174108,17006837760,16351346688,655491072,3.9,13888831488,1006665728,1889419264,118947840,2484387840
2026-07-09T02:12:09.174393,17006837760,16351625216,655212544,3.9,13889110016,1006665728,1889419264,118947840,2484387840
2026-07-09T02:12:10.174669,17006837760,16351870976,654966784,3.9,13889355776,1006665728,1889419264,118947840,2484387840
2026-07-09T02:12:11.174951,17006837760,16350412800,656424960,3.9,13887897600,1006665728,1889419264,118947840,2484387840
2026-07-09T02:12:12.175228,17006837760,16350396416,656441344,3.9,13887881216,1006665728,1889419264,118947840,2484387840
2026-07-09T02:12:13.175506,17006837760,16351215616,655622144,3.9,13888700416,1006665728,1889419264,118947840,2484387840
2026-07-09T02:12:14.175784,17006837760,16351690752,655147008,3.9,13889175552,1006665728,1889419264,118947840,2484387840
2026-07-09T02:12:15.176066,17006837760,16352264192,654573568,3.8,13889748992,1006665728,1889419264,118947840,2484387840
2026-07-09T02:12:16.176347,17006837760,16352264192,654573568,3.8,13889748992,1006665728,1889419264,118947840,2484387840
2026-07-09T02:12:17.176626,17006837760,16352018432,654819328,3.9,13889503232,1006665728,1889419264,118947840,2484387840
2026-07-09T02:12:18.176902,17006837760,16352477184,654360576,3.8,13889961984,1006665728,1889419264,118947840,2484387840
2026-07-09T02:12:19.177180,17006837760,16352477184,654360576,3.8,13889961984,1006665728,1889419264,118947840,2484404224
2026-07-09T02:12:20.177517,17006837760,16352493568,654344192,3.8,13889961984,1006665728,1889435648,118947840,2484404224
2026-07-09T02:12:21.177864,17006837760,16352477184,654360576,3.8,13889945600,1006665728,1889435648,118947840,2484404224
2026-07-09T02:12:22.178202,17006837760,16352722944,654114816,3.8,13890191360,1006665728,1889435648,118947840,2484404224
2026-07-09T02:12:23.178547,17006837760,16351969280,654868480,3.9,13889437696,1006665728,1889435648,118947840,2484404224
2026-07-09T02:12:24.178839,17006837760,16351494144,655343616,3.9,13888962560,1006665728,1889435648,118947840,2484404224
2026-07-09T02:12:25.179116,17006837760,16352002048,654835712,3.9,13889470464,1006665728,1889435648,118947840,2484404224
2026-07-09T02:12:26.179393,17006837760,16351838208,654999552,3.9,13889306624,1006665728,1889435648,118947840,2484404224
2026-07-09T02:12:27.179671,17006837760,16351576064,655261696,3.9,13889044480,1006665728,1889435648,118947840,2484404224
2026-07-09T02:12:28.179947,17006837760,16351576064,655261696,3.9,13889044480,1006665728,1889435648,118947840,2484404224
2026-07-09T02:12:29.180285,17006837760,16351084544,655753216,3.9,13888552960,1006665728,1889435648,118947840,2484404224
2026-07-09T02:12:30.180626,17006837760,16352313344,654524416,3.8,13889781760,1006665728,1889435648,118947840,2484404224
2026-07-09T02:12:31.181007,17006837760,16352313344,654524416,3.8,13889781760,1006731264,1889435648,118947840,2484404224
2026-07-09T02:12:32.181399,17006837760,16353050624,653787136,3.8,13890519040,1006731264,1889435648,118947840,2484404224
2026-07-09T02:12:33.181736,17006837760,16353280000,653557760,3.8,13890748416,1006731264,1889435648,118947840,2484404224
2026-07-09T02:12:34.182075,17006837760,16353280000,653557760,3.8,13890748416,1006731264,1889435648,118947840,2484420608
2026-07-09T02:12:35.182420,17006837760,16353001472,653836288,3.8,13890469888,1006731264,1889435648,118947840,2484420608
2026-07-09T02:12:36.182748,17006837760,16351772672,655065088,3.9,13889241088,1006731264,1889435648,118947840,2484420608
2026-07-09T02:12:37.183096,17006837760,16351936512,654901248,3.9,13889404928,1006731264,1889435648,118947840,2484420608
2026-07-09T02:12:38.183402,17006837760,16352444416,654393344,3.8,13889912832,1006731264,1889435648,118947840,2484420608
2026-07-09T02:12:39.183679,17006837760,16352935936,653901824,3.8,13890404352,1006731264,1889435648,118947840,2484420608
2026-07-09T02:12:40.183953,17006837760,16352935936,653901824,3.8,13890404352,1006731264,1889435648,118947840,2484420608
2026-07-09T02:12:41.184306,17006837760,16352690176,654147584,3.8,13890158592,1006731264,1889435648,118947840,2484420608
2026-07-09T02:12:42.184661,17006837760,16352690176,654147584,3.8,13890158592,1006731264,1889435648,118947840,2484420608
2026-07-09T02:12:43.184950,17006837760,16352690176,654147584,3.8,13890158592,1006731264,1889435648,118947840,2484420608
2026-07-09T02:12:44.185232,17006837760,16353198080,653639680,3.8,13890666496,1006731264,1889435648,118947840,2484420608
2026-07-09T02:12:45.185518,17006837760,16353673216,653164544,3.8,13891141632,1006731264,1889435648,118947840,2484420608
2026-07-09T02:12:46.185794,17006837760,16353673216,653164544,3.8,13891141632,1006731264,1889435648,118947840,2484420608
2026-07-09T02:12:47.186070,17006837760,16351870976,654966784,3.9,13889339392,1006731264,1889435648,118947840,2484420608
2026-07-09T02:12:48.186386,17006837760,16351182848,655654912,3.9,13888651264,1006731264,1889435648,118947840,2484436992
2026-07-09T02:12:49.186702,17006837760,16350937088,655900672,3.9,13888405504,1006731264,1889435648,118947840,2484436992
2026-07-09T02:12:50.187005,17006837760,16351674368,655163392,3.9,13889142784,1006731264,1889435648,118947840,2484436992
2026-07-09T02:12:51.187284,17006837760,16351182848,655654912,3.9,13888651264,1006731264,1889435648,118947840,2484436992
2026-07-09T02:12:52.187564,17006837760,16351510528,655327232,3.9,13888978944,1006731264,1889435648,118947840,2484436992
2026-07-09T02:12:53.187842,17006837760,16351035392,655802368,3.9,13888503808,1006731264,1889435648,118947840,2484436992
2026-07-09T02:12:54.188120,17006837760,16351444992,655392768,3.9,13888913408,1006731264,1889435648,118947840,2484436992
2026-07-09T02:12:55.188441,17006837760,16351592448,655245312,3.9,13889060864,1006731264,1889435648,118947840,2484436992
2026-07-09T02:12:56.188781,17006837760,16352608256,654229504,3.8,13890076672,1006731264,1889435648,118947840,2484436992
2026-07-09T02:12:57.189081,17006837760,16352346112,654491648,3.8,13889814528,1006731264,1889435648,118947840,2484436992
2026-07-09T02:12:58.189354,17006837760,16351854592,654983168,3.9,13889323008,1006731264,1889435648,118947840,2484436992
2026-07-09T02:12:59.189643,17006837760,16351100928,655736832,3.9,13888569344,1006731264,1889435648,118947840,2484436992
2026-07-09T02:13:00.189926,17006837760,16351379456,655458304,3.9,13888847872,1006731264,1889435648,118947840,2484436992
2026-07-09T02:13:01.190205,17006837760,16348168192,658669568,3.9,13885636608,1006764032,1889435648,118947840,2484436992
2026-07-09T02:13:02.190551,17006837760,16347381760,659456000,3.9,13884833792,1006764032,1889435648,118947840,2484469760
2026-07-09T02:13:03.190940,17006837760,16348135424,658702336,3.9,13885587456,1006764032,1889435648,118947840,2484469760
2026-07-09T02:13:04.191294,17006837760,16349593600,657244160,3.9,13887045632,1006764032,1889435648,118947840,2484469760
2026-07-09T02:13:05.191635,17006837760,16345169920,661667840,3.9,13882621952,1006764032,1889435648,118947840,2484469760
2026-07-09T02:13:06.191978,17006837760,16345169920,661667840,3.9,13882621952,1006764032,1889435648,118947840,2484469760
2026-07-09T02:13:07.192322,17006837760,16348102656,658735104,3.9,13885554688,1006764032,1889435648,118947840,2484469760
2026-07-09T02:13:08.192655,17006837760,16349085696,657752064,3.9,13886537728,1006764032,1889435648,118947840,2484469760
2026-07-09T02:13:09.193005,17006837760,16349085696,657752064,3.9,13886537728,1006764032,1889435648,118947840,2484469760
2026-07-09T02:13:10.193328,17006837760,16350380032,656457728,3.9,13887832064,1006764032,1889435648,118947840,2484469760
2026-07-09T02:13:11.193605,17006837760,16350134272,656703488,3.9,13887586304,1006764032,1889435648,118947840,2484469760
2026-07-09T02:13:12.193881,17006837760,16350134272,656703488,3.9,13887586304,1006764032,1889435648,118947840,2484469760
2026-07-09T02:13:13.194159,17006837760,16351412224,655425536,3.9,13888864256,1006764032,1889435648,118947840,2484469760
2026-07-09T02:13:14.194433,17006837760,16352542720,654295040,3.8,13889994752,1006764032,1889435648,118947840,2484469760
2026-07-09T02:13:15.194754,17006837760,16352542720,654295040,3.8,13889994752,1006764032,1889435648,118947840,2484469760
2026-07-09T02:13:16.195047,17006837760,16353263616,653574144,3.8,13890715648,1006764032,1889435648,118947840,2484486144
2026-07-09T02:13:17.195343,17006837760,16352264192,654573568,3.8,13889716224,1006764032,1889435648,118947840,2484486144
2026-07-09T02:13:18.195631,17006837760,16352526336,654311424,3.8,13889978368,1006764032,1889435648,118947840,2484486144
2026-07-09T02:13:19.195916,17006837760,16352526336,654311424,3.8,13889978368,1006764032,1889435648,118947840,2484486144
2026-07-09T02:13:20.196205,17006837760,16353116160,653721600,3.8,13890568192,1006764032,1889435648,118947840,2484486144
2026-07-09T02:13:21.196483,17006837760,16353116160,653721600,3.8,13890568192,1006764032,1889435648,118947840,2484486144
2026-07-09T02:13:22.196760,17006837760,16353116160,653721600,3.8,13890568192,1006764032,1889435648,118947840,2484486144
2026-07-09T02:13:23.197045,17006837760,16352739328,654098432,3.8,13890191360,1006764032,1889435648,118947840,2484486144
2026-07-09T02:13:24.197329,17006837760,16351772672,655065088,3.9,13889224704,1006764032,1889435648,118947840,2484486144
2026-07-09T02:13:25.197631,17006837760,16351772672,655065088,3.9,13889224704,1006764032,1889435648,118947840,2484486144
2026-07-09T02:13:26.197960,17006837760,16351821824,655015936,3.9,13889273856,1006764032,1889435648,118947840,2484486144
2026-07-09T02:13:27.198284,17006837760,16351084544,655753216,3.9,13888536576,1006764032,1889435648,118947840,2484502528
2026-07-09T02:13:28.198561,17006837760,16351084544,655753216,3.9,13888536576,1006764032,1889435648,118947840,2484502528
2026-07-09T02:13:29.198840,17006837760,16351772672,655065088,3.9,13889224704,1006764032,1889435648,118947840,2484502528
2026-07-09T02:13:30.199117,17006837760,16352018432,654819328,3.9,13889470464,1006764032,1889435648,118947840,2484502528
2026-07-09T02:13:31.199470,17006837760,16352280576,654557184,3.8,13889732608,1006764032,1889435648,118947840,2484502528
2026-07-09T02:13:32.199870,17006837760,16351576064,655261696,3.9,13888995328,1006780416,1889468416,118947840,2484502528
2026-07-09T02:13:33.200214,17006837760,16351576064,655261696,3.9,13888995328,1006780416,1889468416,118947840,2484502528
2026-07-09T02:13:34.200517,17006837760,16351592448,655245312,3.9,13889011712,1006780416,1889468416,118947840,2484502528
2026-07-09T02:13:35.200795,17006837760,16350085120,656752640,3.9,13887504384,1006780416,1889468416,118947840,2484502528
2026-07-09T02:13:36.201074,17006837760,16350330880,656506880,3.9,13887750144,1006780416,1889468416,118947840,2484502528
2026-07-09T02:13:37.201363,17006837760,16350085120,656752640,3.9,13887504384,1006780416,1889468416,118947840,2484502528
2026-07-09T02:13:38.201636,17006837760,16350822400,656015360,3.9,13888241664,1006780416,1889468416,118947840,2484502528
2026-07-09T02:13:39.201957,17006837760,16350904320,655933440,3.9,13888323584,1006780416,1889468416,118947840,2484502528
2026-07-09T02:13:40.202296,17006837760,16351461376,655376384,3.9,13888880640,1006780416,1889468416,118947840,2484502528
2026-07-09T02:13:41.202647,17006837760,16347955200,658882560,3.9,13885374464,1006780416,1889468416,118947840,2484518912
2026-07-09T02:13:42.202996,17006837760,16348577792,658259968,3.9,13885997056,1006780416,1889468416,118947840,2484518912
2026-07-09T02:13:43.203355,17006837760,16349331456,657506304,3.9,13886750720,1006780416,1889468416,118947840,2484518912
2026-07-09T02:13:44.203641,17006837760,16350199808,656637952,3.9,13887619072,1006780416,1889468416,118947840,2484518912
2026-07-09T02:13:45.203917,17006837760,16350396416,656441344,3.9,13887815680,1006780416,1889468416,118947840,2484518912
2026-07-09T02:13:46.204194,17006837760,16350871552,655966208,3.9,13888290816,1006780416,1889468416,118947840,2484518912
2026-07-09T02:13:47.204470,17006837760,16350576640,656261120,3.9,13887995904,1006780416,1889468416,118947840,2484518912
2026-07-09T02:13:48.204750,17006837760,16348774400,658063360,3.9,13886193664,1006780416,1889468416,118947840,2484518912
2026-07-09T02:13:49.205145,17006837760,16348938240,657899520,3.9,13886357504,1006780416,1889468416,118947840,2484518912
2026-07-09T02:13:50.205494,17006837760,16349446144,657391616,3.9,13886865408,1006780416,1889468416,118947840,2484518912
2026-07-09T02:13:51.205849,17006837760,16350019584,656818176,3.9,13887438848,1006780416,1889468416,118947840,2484518912
2026-07-09T02:13:52.206209,17006837760,16350494720,656343040,3.9,13887913984,1006780416,1889468416,118947840,2484518912
2026-07-09T02:13:53.206553,17006837760,16349986816,656850944,3.9,13887406080,1006780416,1889468416,118947840,2484518912
2026-07-09T02:13:54.206846,17006837760,16350003200,656834560,3.9,13887422464,1006780416,1889468416,118947840,2484518912
2026-07-09T02:13:55.207139,17006837760,16347791360,659046400,3.9,13885210624,1006780416,1889468416,118947840,2484535296
2026-07-09T02:13:56.207417,17006837760,16348528640,658309120,3.9,13885947904,1006780416,1889468416,118947840,2484535296
2026-07-09T02:13:57.207694,17006837760,16349249536,657588224,3.9,13886668800,1006780416,1889468416,118947840,2484535296
2026-07-09T02:13:58.207974,17006837760,16349413376,657424384,3.9,13886832640,1006780416,1889468416,118947840,2484535296
2026-07-09T02:13:59.208310,17006837760,16346710016,660127744,3.9,13884129280,1006780416,1889468416,118947840,2484535296
2026-07-09T02:14:00.208653,17006837760,16340713472,666124288,3.9,13878132736,1006780416,1889468416,118947840,2484535296
2026-07-09T02:14:01.209001,17006837760,16337534976,669302784,3.9,13874954240,1006780416,1889468416,118947840,2484535296
2026-07-09T02:14:02.209361,17006837760,16338436096,668401664,3.9,13875855360,1006780416,1889468416,118947840,2484535296
2026-07-09T02:14:03.209709,17006837760,16338206720,668631040,3.9,13875625984,1006829568,1889468416,118947840,2484535296
2026-07-09T02:14:04.210077,17006837760,16340598784,666238976,3.9,13878018048,1006829568,1889468416,118947840,2484535296
2026-07-09T02:14:05.210444,17006837760,16341893120,664944640,3.9,13879312384,1006829568,1889468416,118947840,2484535296
2026-07-09T02:14:06.210796,17006837760,16342925312,663912448,3.9,13880344576,1006829568,1889468416,118947840,2484535296
2026-07-09T02:14:07.211155,17006837760,16342548480,664289280,3.9,13879967744,1006829568,1889468416,118947840,2484535296
2026-07-09T02:14:08.211447,17006837760,16342630400,664207360,3.9,13880049664,1006829568,1889468416,118947840,2484551680
2026-07-09T02:14:09.211725,17006837760,16343629824,663207936,3.9,13881049088,1006829568,1889468416,118947840,2484551680
2026-07-09T02:14:10.212002,17006837760,16344023040,662814720,3.9,13881442304,1006829568,1889468416,118947840,2484551680
2026-07-09T02:14:11.212282,17006837760,16345677824,661159936,3.9,13883097088,1006829568,1889468416,118947840,2484551680
2026-07-09T02:14:12.212561,17006837760,16345432064,661405696,3.9,13882851328,1006829568,1889468416,118947840,2484551680
2026-07-09T02:14:13.212890,17006837760,16346808320,660029440,3.9,13884227584,1006829568,1889468416,118947840,2484551680
2026-07-09T02:14:14.213252,17006837760,16347938816,658898944,3.9,13885358080,1006829568,1889468416,118947840,2484551680
2026-07-09T02:14:15.213616,17006837760,16348151808,658685952,3.9,13885571072,1006829568,1889468416,118947840,2484551680
2026-07-09T02:14:16.213975,17006837760,16349560832,657276928,3.9,13886980096,1006829568,1889468416,118947840,2484551680
2026-07-09T02:14:17.214278,17006837760,16347938816,658898944,3.9,13885358080,1006829568,1889468416,118947840,2484551680
2026-07-09T02:14:18.214560,17006837760,16347201536,659636224,3.9,13884620800,1006829568,1889468416,118947840,2484551680
2026-07-09T02:14:19.214841,17006837760,16347463680,659374080,3.9,13884882944,1006829568,1889468416,118947840,2484551680
2026-07-09T02:14:20.215122,17006837760,16348217344,658620416,3.9,13885636608,1006829568,1889468416,118947840,2484551680
2026-07-09T02:14:21.215396,17006837760,16348594176,658243584,3.9,13886013440,1006829568,1889468416,118947840,2484551680
2026-07-09T02:14:22.215746,17006837760,16348774400,658063360,3.9,13886193664,1006829568,1889468416,118947840,2484568064
2026-07-09T02:14:23.216103,17006837760,16348921856,657915904,3.9,13886341120,1006829568,1889468416,118947840,2484568064
2026-07-09T02:14:24.216437,17006837760,16350019584,656818176,3.9,13887438848,1006829568,1889468416,118947840,2484568064
2026-07-09T02:14:25.216782,17006837760,16350281728,656556032,3.9,13887700992,1006829568,1889468416,118947840,2484568064
2026-07-09T02:14:26.217149,17006837760,16350773248,656064512,3.9,13888192512,1006829568,1889468416,118947840,2484568064
2026-07-09T02:14:27.217458,17006837760,16350527488,656310272,3.9,13887946752,1006829568,1889468416,118947840,2484568064
2026-07-09T02:14:28.217839,17006837760,16350527488,656310272,3.9,13887946752,1006829568,1889468416,118947840,2484568064
2026-07-09T02:14:29.218194,17006837760,16350593024,656244736,3.9,13888012288,1006829568,1889468416,118947840,2484568064
2026-07-09T02:14:30.218551,17006837760,16351084544,655753216,3.9,13888503808,1006829568,1889468416,118947840,2484568064
2026-07-09T02:14:31.218976,17006837760,16351346688,655491072,3.9,13888765952,1006829568,1889468416,118947840,2484568064
2026-07-09T02:14:32.219398,17006837760,16352133120,654704640,3.8,13889552384,1006829568,1889468416,118947840,2484568064
2026-07-09T02:14:33.219696,17006837760,16352362496,654475264,3.8,13889781760,1006829568,1889468416,118947840,2484568064
2026-07-09T02:14:34.219977,17006837760,16352706560,654131200,3.8,13890027520,1006960640,1889566720,118947840,2484568064
2026-07-09T02:14:35.220256,17006837760,16352493568,654344192,3.8,13889814528,1006960640,1889566720,118947840,2484568064
2026-07-09T02:14:36.220535,17006837760,16351772672,655065088,3.9,13889093632,1006960640,1889566720,118947840,2484584448
2026-07-09T02:14:37.220811,17006837760,16350593024,656244736,3.9,13887913984,1006960640,1889566720,118947840,2484584448
2026-07-09T02:14:38.221162,17006837760,16350593024,656244736,3.9,13887913984,1006960640,1889566720,118947840,2484584448
2026-07-09T02:14:39.221513,17006837760,16351313920,655523840,3.9,13888634880,1006960640,1889566720,118947840,2484584448
2026-07-09T02:14:40.221817,17006837760,16350822400,656015360,3.9,13888143360,1006960640,1889566720,118947840,2484584448
2026-07-09T02:14:41.222097,17006837760,16350576640,656261120,3.9,13887897600,1006960640,1889566720,118947840,2484584448
2026-07-09T02:14:42.222380,17006837760,16351068160,655769600,3.9,13888389120,1006960640,1889566720,118947840,2484584448
2026-07-09T02:14:43.222663,17006837760,16351821824,655015936,3.9,13889142784,1006960640,1889566720,118947840,2484584448
2026-07-09T02:14:44.222939,17006837760,16352051200,654786560,3.9,13889372160,1006960640,1889566720,118947840,2484584448
2026-07-09T02:14:45.223266,17006837760,16352542720,654295040,3.8,13889863680,1006960640,1889566720,118947840,2484584448
2026-07-09T02:14:46.223610,17006837760,16353001472,653836288,3.8,13890322432,1006960640,1889566720,118947840,2484584448
2026-07-09T02:14:47.223957,17006837760,16352509952,654327808,3.8,13889830912,1006960640,1889566720,118947840,2484584448
2026-07-09T02:14:48.224260,17006837760,16352002048,654835712,3.9,13889323008,1006960640,1889566720,118947840,2484584448
2026-07-09T02:14:49.224540,17006837760,16351772672,655065088,3.9,13889093632,1006960640,1889566720,118947840,2484584448
2026-07-09T02:14:50.224815,17006837760,16352018432,654819328,3.9,13889339392,1006960640,1889566720,118947840,2484600832
2026-07-09T02:14:51.225089,17006837760,16352264192,654573568,3.8,13889585152,1006960640,1889566720,118947840,2484600832
2026-07-09T02:14:52.225393,17006837760,16352493568,654344192,3.8,13889814528,1006960640,1889566720,118947840,2484600832
2026-07-09T02:14:53.225788,17006837760,16352493568,654344192,3.8,13889814528,1006960640,1889566720,118947840,2484600832
2026-07-09T02:14:54.226140,17006837760,16352542720,654295040,3.8,13889863680,1006960640,1889566720,118947840,2484600832
2026-07-09T02:14:55.226436,17006837760,16352542720,654295040,3.8,13889863680,1006960640,1889566720,118947840,2484600832
2026-07-09T02:14:56.226715,17006837760,16352559104,654278656,3.8,13889880064,1006960640,1889566720,118947840,2484600832
2026-07-09T02:14:57.226949,17006837760,16350347264,656490496,3.9,13887668224,1006960640,1889566720,118947840,2484600832
2026-07-09T02:14:58.227182,17006837760,16350347264,656490496,3.9,13887668224,1006960640,1889566720,118947840,2484600832
2026-07-09T02:14:59.227466,17006837760,16350347264,656490496,3.9,13887668224,1006960640,1889566720,118947840,2484600832
2026-07-09T02:15:00.227795,17006837760,16349364224,657473536,3.9,13886685184,1006960640,1889566720,118947840,2484600832
2026-07-09T02:15:01.228170,17006837760,16346431488,660406272,3.9,13883752448,1006960640,1889566720,118947840,2484600832
2026-07-09T02:15:02.228405,17006837760,16347578368,659259392,3.9,13884899328,1006960640,1889566720,118947840,2484600832
2026-07-09T02:15:03.228712,17006837760,16348561408,658276352,3.9,13885865984,1006960640,1889566720,118947840,2484633600
2026-07-09T02:15:04.228996,17006837760,16347561984,659275776,3.9,13884833792,1007009792,1889599488,118947840,2484633600
2026-07-09T02:15:05.229284,17006837760,16348250112,658587648,3.9,13885521920,1007009792,1889599488,118947840,2484633600
2026-07-09T02:15:06.229613,17006837760,16348659712,658178048,3.9,13885931520,1007009792,1889599488,118947840,2484633600
2026-07-09T02:15:07.229989,17006837760,16350511104,656326656,3.9,13887782912,1007009792,1889599488,118947840,2484633600
2026-07-09T02:15:08.230367,17006837760,16350494720,656343040,3.9,13887766528,1007009792,1889599488,118947840,2484633600
2026-07-09T02:15:09.230601,17006837760,16350511104,656326656,3.9,13887782912,1007009792,1889599488,118947840,2484633600
2026-07-09T02:15:10.230883,17006837760,16350986240,655851520,3.9,13888258048,1007009792,1889599488,118947840,2484633600
2026-07-09T02:15:11.231105,17006837760,16350740480,656097280,3.9,13888012288,1007009792,1889599488,118947840,2484633600
2026-07-09T02:15:12.231329,17006837760,16350740480,656097280,3.9,13888012288,1007009792,1889599488,118947840,2484633600
2026-07-09T02:15:13.231606,17006837760,16351952896,654884864,3.9,13889224704,1007009792,1889599488,118947840,2484633600
2026-07-09T02:15:14.231884,17006837760,16352428032,654409728,3.8,13889699840,1007009792,1889599488,118947840,2484633600
2026-07-09T02:15:15.232118,17006837760,16352428032,654409728,3.8,13889699840,1007009792,1889599488,118947840,2484633600
2026-07-09T02:15:16.232339,17006837760,16351690752,655147008,3.9,13888962560,1007009792,1889599488,118947840,2484649984
2026-07-09T02:15:17.232561,17006837760,16351592448,655245312,3.9,13888864256,1007009792,1889599488,118947840,2484649984
2026-07-09T02:15:18.232778,17006837760,16351592448,655245312,3.9,13888864256,1007009792,1889599488,118947840,2484649984
2026-07-09T02:15:19.233064,17006837760,16352198656,654639104,3.8,13889470464,1007009792,1889599488,118947840,2484649984
2026-07-09T02:15:20.233359,17006837760,16352542720,654295040,3.8,13889814528,1007009792,1889599488,118947840,2484649984
2026-07-09T02:15:21.233647,17006837760,16352542720,654295040,3.8,13889814528,1007009792,1889599488,118947840,2484649984
2026-07-09T02:15:22.233891,17006837760,16352296960,654540800,3.8,13889568768,1007009792,1889599488,118947840,2484649984
2026-07-09T02:15:23.234113,17006837760,16352051200,654786560,3.9,13889323008,1007009792,1889599488,118947840,2484649984
2026-07-09T02:15:24.234335,17006837760,16351559680,655278080,3.9,13888831488,1007009792,1889599488,118947840,2484649984
2026-07-09T02:15:25.234555,17006837760,16351789056,655048704,3.9,13889060864,1007009792,1889599488,118947840,2484649984
2026-07-09T02:15:26.234823,17006837760,16352493568,654344192,3.8,13889765376,1007009792,1889599488,118947840,2484649984
2026-07-09T02:15:27.235125,17006837760,16352493568,654344192,3.8,13889765376,1007009792,1889599488,118947840,2484649984
2026-07-09T02:15:28.235430,17006837760,16352722944,654114816,3.8,13889994752,1007009792,1889599488,118947840,2484649984
2026-07-09T02:15:29.235713,17006837760,16352968704,653869056,3.8,13890240512,1007009792,1889599488,118947840,2484649984
2026-07-09T02:15:30.235950,17006837760,16351641600,655196160,3.9,13888913408,1007009792,1889599488,118947840,2484666368
2026-07-09T02:15:31.236170,17006837760,16351641600,655196160,3.9,13888913408,1007009792,1889599488,118947840,2484666368
2026-07-09T02:15:32.236387,17006837760,16351969280,654868480,3.9,13889241088,1007009792,1889599488,118947840,2484666368
2026-07-09T02:15:33.236607,17006837760,16352477184,654360576,3.8,13889748992,1007009792,1889599488,118947840,2484666368
2026-07-09T02:15:34.236824,17006837760,16352477184,654360576,3.8,13889748992,1007009792,1889599488,118947840,2484666368
2026-07-09T02:15:35.237100,17006837760,16352477184,654360576,3.8,13889748992,1007009792,1889599488,118947840,2484666368
2026-07-09T02:15:36.237405,17006837760,16352247808,654589952,3.8,13889503232,1007075328,1889615872,118947840,2484666368
2026-07-09T02:15:37.237634,17006837760,16352002048,654835712,3.9,13889257472,1007075328,1889615872,118947840,2484666368
2026-07-09T02:15:38.237856,17006837760,16351756288,655081472,3.9,13889011712,1007075328,1889615872,118947840,2484666368
2026-07-09T02:15:39.238073,17006837760,16351756288,655081472,3.9,13889011712,1007075328,1889615872,118947840,2484666368
2026-07-09T02:15:40.238290,17006837760,16351264768,655572992,3.9,13888520192,1007075328,1889615872,118947840,2484666368
2026-07-09T02:15:41.238565,17006837760,16351264768,655572992,3.9,13888520192,1007075328,1889615872,118947840,2484666368
2026-07-09T02:15:42.238852,17006837760,16351019008,655818752,3.9,13888274432,1007075328,1889615872,118947840,2484666368
2026-07-09T02:15:43.239130,17006837760,16351264768,655572992,3.9,13888520192,1007075328,1889615872,118947840,2484666368
2026-07-09T02:15:44.239411,17006837760,16352313344,654524416,3.8,13889568768,1007075328,1889615872,118947840,2484666368
2026-07-09T02:15:45.239709,17006837760,16351805440,655032320,3.9,13889060864,1007075328,1889615872,118947840,2484682752
2026-07-09T02:15:46.239996,17006837760,16352051200,654786560,3.9,13889306624,1007075328,1889615872,118947840,2484682752
2026-07-09T02:15:47.240292,17006837760,16351166464,655671296,3.9,13888421888,1007075328,1889615872,118947840,2484682752
2026-07-09T02:15:48.240590,17006837760,16351428608,655409152,3.9,13888684032,1007075328,1889615872,118947840,2484682752
2026-07-09T02:15:49.240879,17006837760,16351428608,655409152,3.9,13888684032,1007075328,1889615872,118947840,2484682752
2026-07-09T02:15:50.241114,17006837760,16352247808,654589952,3.8,13889503232,1007075328,1889615872,118947840,2484682752
2026-07-09T02:15:51.241344,17006837760,16351756288,655081472,3.9,13888995328,1007222784,1889632256,118947840,2484682752
2026-07-09T02:15:52.241561,17006837760,16351756288,655081472,3.9,13888995328,1007222784,1889632256,118947840,2484682752
2026-07-09T02:15:53.241778,17006837760,16351264768,655572992,3.9,13888503808,1007222784,1889632256,118947840,2484682752
2026-07-09T02:15:54.242053,17006837760,16351248384,655589376,3.9,13888487424,1007222784,1889632256,118947840,2484682752
2026-07-09T02:15:55.242294,17006837760,16351002624,655835136,3.9,13888241664,1007222784,1889632256,118947840,2484682752
2026-07-09T02:15:56.242515,17006837760,16351494144,655343616,3.9,13888733184,1007222784,1889632256,118947840,2484682752
2026-07-09T02:15:57.242735,17006837760,16351756288,655081472,3.9,13888995328,1007222784,1889632256,118947840,2484682752
2026-07-09T02:15:58.242955,17006837760,16351985664,654852096,3.9,13889224704,1007222784,1889632256,118947840,2484699136
2026-07-09T02:15:59.243174,17006837760,16352215040,654622720,3.8,13889454080,1007222784,1889632256,118947840,2484699136
2026-07-09T02:16:00.243460,17006837760,16350904320,655933440,3.9,13888143360,1007222784,1889632256,118947840,2484699136
2026-07-09T02:16:01.243764,17006837760,16349184000,657653760,3.9,13886423040,1007222784,1889632256,118947840,2484699136
2026-07-09T02:16:02.244064,17006837760,16349184000,657653760,3.9,13886423040,1007222784,1889632256,118947840,2484699136
2026-07-09T02:16:03.244359,17006837760,16349904896,656932864,3.9,13887143936,1007222784,1889632256,118947840,2484699136
2026-07-09T02:16:04.244659,17006837760,16350380032,656457728,3.9,13887619072,1007222784,1889632256,118947840,2484699136
2026-07-09T02:16:05.244958,17006837760,16348413952,658423808,3.9,13885652992,1007222784,1889632256,118947840,2484699136
2026-07-09T02:16:06.245271,17006837760,16349609984,657227776,3.9,13886849024,1007239168,1889632256,118947840,2484699136
2026-07-09T02:16:07.245512,17006837760,16349151232,657686528,3.9,13886390272,1007239168,1889632256,118947840,2484699136
2026-07-09T02:16:08.245734,17006837760,16349659136,657178624,3.9,13886898176,1007239168,1889632256,118947840,2484699136
2026-07-09T02:16:09.245959,17006837760,16349904896,656932864,3.9,13887143936,1007239168,1889632256,118947840,2484699136
2026-07-09T02:16:10.246177,17006837760,16350232576,656605184,3.9,13887471616,1007239168,1889632256,118947840,2484699136
2026-07-09T02:16:11.246396,17006837760,16350822400,656015360,3.9,13888061440,1007239168,1889632256,118947840,2484699136
2026-07-09T02:16:12.246658,17006837760,16350543872,656293888,3.9,13887782912,1007239168,1889632256,118947840,2484715520
2026-07-09T02:16:13.246921,17006837760,16351494144,655343616,3.9,13888733184,1007239168,1889632256,118947840,2484715520
2026-07-09T02:16:14.247153,17006837760,16352215040,654622720,3.8,13889454080,1007239168,1889632256,118947840,2484715520
2026-07-09T02:16:15.247371,17006837760,16351969280,654868480,3.9,13889208320,1007239168,1889632256,118947840,2484715520
2026-07-09T02:16:16.247594,17006837760,16351985664,654852096,3.9,13889224704,1007239168,1889632256,118947840,2484715520
2026-07-09T02:16:17.247816,17006837760,16351232000,655605760,3.9,13888471040,1007239168,1889632256,118947840,2484715520
2026-07-09T02:16:18.248034,17006837760,16351264768,655572992,3.9,13888503808,1007239168,1889632256,118947840,2484715520
2026-07-09T02:16:19.248310,17006837760,16351264768,655572992,3.9,13888503808,1007239168,1889632256,118947840,2484715520
2026-07-09T02:16:20.248615,17006837760,16352247808,654589952,3.8,13889486848,1007239168,1889632256,118947840,2484715520
2026-07-09T02:16:21.248921,17006837760,16351510528,655327232,3.9,13888749568,1007239168,1889632256,118947840,2484715520
2026-07-09T02:16:22.249206,17006837760,16351510528,655327232,3.9,13888749568,1007239168,1889632256,118947840,2484715520
2026-07-09T02:16:23.249514,17006837760,16351510528,655327232,3.9,13888749568,1007239168,1889632256,118947840,2484715520
2026-07-09T02:16:24.249792,17006837760,16351363072,655474688,3.9,13888602112,1007239168,1889632256,118947840,2484715520
2026-07-09T02:16:25.250023,17006837760,16351363072,655474688,3.9,13888602112,1007239168,1889632256,118947840,2484715520
2026-07-09T02:16:26.250276,17006837760,16351346688,655491072,3.9,13888585728,1007239168,1889632256,118947840,2484731904
2026-07-09T02:16:27.250552,17006837760,16350363648,656474112,3.9,13887602688,1007239168,1889632256,118947840,2484731904
2026-07-09T02:16:28.250827,17006837760,16350363648,656474112,3.9,13887602688,1007239168,1889632256,118947840,2484731904
2026-07-09T02:16:29.251155,17006837760,16350609408,656228352,3.9,13887848448,1007239168,1889632256,118947840,2484731904
2026-07-09T02:16:30.251440,17006837760,16350609408,656228352,3.9,13887848448,1007239168,1889632256,118947840,2484731904
2026-07-09T02:16:31.251671,17006837760,16349380608,657457152,3.9,13886619648,1007239168,1889632256,118947840,2484731904
2026-07-09T02:16:32.251906,17006837760,16349888512,656949248,3.9,13887127552,1007239168,1889632256,118947840,2484731904
2026-07-09T02:16:33.252127,17006837760,16349986816,656850944,3.9,13887225856,1007239168,1889632256,118947840,2484731904
2026-07-09T02:16:34.252348,17006837760,16350461952,656375808,3.9,13887700992,1007239168,1889632256,118947840,2484731904
2026-07-09T02:16:35.252629,17006837760,16349937664,656900096,3.9,13887176704,1007239168,1889632256,118947840,2484731904
2026-07-09T02:16:36.252925,17006837760,16350429184,656408576,3.9,13887668224,1007239168,1889632256,118947840,2484731904
2026-07-09T02:16:37.253222,17006837760,16350986240,655851520,3.9,13888159744,1007452160,1889697792,118947840,2484731904
2026-07-09T02:16:38.253538,17006837760,16351215616,655622144,3.9,13888389120,1007452160,1889697792,118947840,2484731904
2026-07-09T02:16:39.253836,17006837760,16351215616,655622144,3.9,13888389120,1007452160,1889697792,118947840,2484731904
2026-07-09T02:16:40.254134,17006837760,16351707136,655130624,3.9,13888880640,1007452160,1889697792,118947840,2484748288
2026-07-09T02:16:41.254376,17006837760,16352165888,654671872,3.8,13889339392,1007452160,1889697792,118947840,2484748288
2026-07-09T02:16:42.254596,17006837760,16352641024,654196736,3.8,13889814528,1007452160,1889697792,118947840,2484748288
2026-07-09T02:16:43.254880,17006837760,16352886784,653950976,3.8,13890060288,1007452160,1889697792,118947840,2484748288
2026-07-09T02:16:44.255101,17006837760,16352886784,653950976,3.8,13890060288,1007452160,1889697792,118947840,2484748288
2026-07-09T02:16:45.255322,17006837760,16352886784,653950976,3.8,13890060288,1007452160,1889697792,118947840,2484748288
2026-07-09T02:16:46.255543,17006837760,16353148928,653688832,3.8,13890322432,1007452160,1889697792,118947840,2484748288
2026-07-09T02:16:47.255784,17006837760,16351559680,655278080,3.9,13888733184,1007452160,1889697792,118947840,2484748288
2026-07-09T02:16:48.256018,17006837760,16351084544,655753216,3.9,13888258048,1007452160,1889697792,118947840,2484748288
2026-07-09T02:16:49.256242,17006837760,16351313920,655523840,3.9,13888487424,1007452160,1889697792,118947840,2484748288
2026-07-09T02:16:50.256460,17006837760,16351805440,655032320,3.9,13888978944,1007452160,1889697792,118947840,2484748288
2026-07-09T02:16:51.256753,17006837760,16352051200,654786560,3.9,13889224704,1007452160,1889697792,118947840,2484748288
2026-07-09T02:16:52.256987,17006837760,16352051200,654786560,3.9,13889224704,1007452160,1889697792,118947840,2484748288
2026-07-09T02:16:53.257206,17006837760,16352018432,654819328,3.9,13889191936,1007452160,1889697792,118947840,2484748288
2026-07-09T02:16:54.257455,17006837760,16351526912,655310848,3.9,13888700416,1007452160,1889697792,118947840,2484764672
2026-07-09T02:16:55.257671,17006837760,16351281152,655556608,3.9,13888454656,1007452160,1889697792,118947840,2484764672
2026-07-09T02:16:56.257934,17006837760,16352034816,654802944,3.9,13889208320,1007452160,1889697792,118947840,2484764672
2026-07-09T02:16:57.258167,17006837760,16351297536,655540224,3.9,13888471040,1007452160,1889697792,118947840,2484764672
2026-07-09T02:16:58.258385,17006837760,16351543296,655294464,3.9,13888716800,1007452160,1889697792,118947840,2484764672
2026-07-09T02:16:59.258603,17006837760,16351297536,655540224,3.9,13888471040,1007452160,1889697792,118947840,2484764672
2026-07-09T02:17:00.258825,17006837760,16350085120,656752640,3.9,13887258624,1007452160,1889697792,118947840,2484764672
2026-07-09T02:17:01.259045,17006837760,16350593024,656244736,3.9,13887766528,1007452160,1889697792,118947840,2484764672
2026-07-09T02:17:02.259321,17006837760,16326131712,680706048,4.0,13863256064,1007632384,1889746944,118947840,2484764672
2026-07-09T02:17:03.259609,17006837760,16323674112,683163648,4.0,13860732928,1007714304,1889812480,118947840,2484764672
2026-07-09T02:17:04.259836,17006837760,16323674112,683163648,4.0,13860732928,1007714304,1889812480,118947840,2484764672
2026-07-09T02:17:05.260053,17006837760,16328589312,678248448,4.0,13865648128,1007714304,1889812480,118947840,2484764672
2026-07-09T02:17:06.260271,17006837760,16330473472,676364288,4.0,13867532288,1007714304,1889812480,118947840,2484764672
2026-07-09T02:17:07.260575,17006837760,16332095488,674742272,4.0,13869154304,1007714304,1889812480,118947840,2484781056
2026-07-09T02:17:08.260864,17006837760,16331849728,674988032,4.0,13868908544,1007714304,1889812480,118947840,2484781056
2026-07-09T02:17:09.261149,17006837760,16336355328,670482432,3.9,13873414144,1007714304,1889812480,118947840,2484781056
2026-07-09T02:17:10.261410,17006837760,16338550784,668286976,3.9,13875609600,1007714304,1889812480,118947840,2484781056
2026-07-09T02:17:11.261647,17006837760,16338059264,668778496,3.9,13875118080,1007714304,1889812480,118947840,2484781056
2026-07-09T02:17:12.261917,17006837760,16342007808,664829952,3.9,13879066624,1007714304,1889812480,118947840,2484781056
2026-07-09T02:17:13.262140,17006837760,16343810048,663027712,3.9,13880868864,1007714304,1889812480,118947840,2484781056
2026-07-09T02:17:14.262361,17006837760,16344055808,662781952,3.9,13881114624,1007714304,1889812480,118947840,2484781056
2026-07-09T02:17:15.262583,17006837760,16345825280,661012480,3.9,13882884096,1007714304,1889812480,118947840,2484781056
2026-07-09T02:17:16.262817,17006837760,16346923008,659914752,3.9,13883981824,1007714304,1889812480,118947840,2484781056
2026-07-09T02:17:17.263045,17006837760,16346431488,660406272,3.9,13883490304,1007714304,1889812480,118947840,2484781056
2026-07-09T02:17:18.263320,17006837760,16347906048,658931712,3.9,13884964864,1007714304,1889812480,118947840,2484781056
2026-07-09T02:17:19.263536,17006837760,16348135424,658702336,3.9,13885194240,1007714304,1889812480,118947840,2484781056
2026-07-09T02:17:20.263800,17006837760,16348463104,658374656,3.9,13885521920,1007714304,1889812480,118947840,2484797440
2026-07-09T02:17:21.264093,17006837760,16349773824,657063936,3.9,13886832640,1007714304,1889812480,118947840,2484797440
2026-07-09T02:17:22.264388,17006837760,16350281728,656556032,3.9,13887340544,1007714304,1889812480,118947840,2484797440
2026-07-09T02:17:23.264684,17006837760,16350789632,656048128,3.9,13887848448,1007714304,1889812480,118947840,2484797440
2026-07-09T02:17:24.264981,17006837760,16350789632,656048128,3.9,13887848448,1007714304,1889812480,118947840,2484797440
2026-07-09T02:17:25.265288,17006837760,16351035392,655802368,3.9,13888094208,1007714304,1889812480,118947840,2484797440
2026-07-09T02:17:26.265506,17006837760,16352149504,654688256,3.8,13889208320,1007714304,1889812480,118947840,2484797440
2026-07-09T02:17:27.265727,17006837760,16352165888,654671872,3.8,13889224704,1007714304,1889812480,118947840,2484797440
2026-07-09T02:17:28.265947,17006837760,16352165888,654671872,3.8,13889224704,1007714304,1889812480,118947840,2484797440
2026-07-09T02:17:29.266200,17006837760,16352657408,654180352,3.8,13889716224,1007714304,1889812480,118947840,2484797440
2026-07-09T02:17:30.266469,17006837760,16352411648,654426112,3.8,13889470464,1007714304,1889812480,118947840,2484797440
2026-07-09T02:17:31.266747,17006837760,16352657408,654180352,3.8,13889716224,1007714304,1889812480,118947840,2484797440
2026-07-09T02:17:32.266986,17006837760,16353148928,653688832,3.8,13890207744,1007714304,1889812480,118947840,2484797440
2026-07-09T02:17:33.267211,17006837760,16350986240,655851520,3.9,13888045056,1007714304,1889812480,118947840,2484797440
2026-07-09T02:17:34.267434,17006837760,16349757440,657080320,3.9,13886816256,1007714304,1889812480,118947840,2484813824
2026-07-09T02:17:35.267720,17006837760,16350248960,656588800,3.9,13887307776,1007714304,1889812480,118947840,2484813824
2026-07-09T02:17:36.267937,17006837760,16350494720,656343040,3.9,13887553536,1007714304,1889812480,118947840,2484813824
2026-07-09T02:17:37.268200,17006837760,16350150656,656687104,3.9,13887209472,1007714304,1889812480,118947840,2484813824
2026-07-09T02:17:38.268480,17006837760,16350347264,656490496,3.9,13887389696,1007714304,1889828864,118947840,2484813824
2026-07-09T02:17:39.268775,17006837760,16350347264,656490496,3.9,13887389696,1007714304,1889828864,118947840,2484813824
2026-07-09T02:17:40.269070,17006837760,16350593024,656244736,3.9,13887635456,1007714304,1889828864,118947840,2484813824
2026-07-09T02:17:41.269340,17006837760,16350658560,656179200,3.9,13887700992,1007714304,1889828864,118947840,2484813824
2026-07-09T02:17:42.269571,17006837760,16350642176,656195584,3.9,13887684608,1007714304,1889828864,118947840,2484813824
2026-07-09T02:17:43.269788,17006837760,16350642176,656195584,3.9,13887684608,1007714304,1889828864,118947840,2484813824
2026-07-09T02:17:44.270010,17006837760,16350609408,656228352,3.9,13887651840,1007714304,1889828864,118947840,2484813824
2026-07-09T02:17:45.270228,17006837760,16351133696,655704064,3.9,13888176128,1007714304,1889828864,118947840,2484813824
2026-07-09T02:17:46.270500,17006837760,16351379456,655458304,3.9,13888421888,1007714304,1889828864,118947840,2484813824
2026-07-09T02:17:47.270792,17006837760,16350887936,655949824,3.9,13887930368,1007714304,1889828864,118947840,2484813824
2026-07-09T02:17:48.271085,17006837760,16350642176,656195584,3.9,13887684608,1007714304,1889828864,118947840,2484830208
2026-07-09T02:17:49.271364,17006837760,16350887936,655949824,3.9,13887930368,1007714304,1889828864,118947840,2484830208
2026-07-09T02:17:50.271637,17006837760,16352165888,654671872,3.8,13889208320,1007714304,1889828864,118947840,2484830208
2026-07-09T02:17:51.271926,17006837760,16352411648,654426112,3.8,13889454080,1007714304,1889828864,118947840,2484830208
2026-07-09T02:17:52.272219,17006837760,16352411648,654426112,3.8,13889454080,1007714304,1889828864,118947840,2484830208
2026-07-09T02:17:53.273115,17006837760,16351887360,654950400,3.9,13888929792,1007714304,1889828864,118947840,2484830208
2026-07-09T02:17:54.273755,17006837760,16350117888,656719872,3.9,13887160320,1007714304,1889828864,118947840,2484830208
2026-07-09T02:17:55.274159,17006837760,16348381184,658456576,3.9,13885423616,1007714304,1889828864,118947840,2484830208
2026-07-09T02:17:56.274595,17006837760,16347152384,659685376,3.9,13884194816,1007714304,1889828864,118947840,2484830208
2026-07-09T02:17:57.274932,17006837760,16347856896,658980864,3.9,13884899328,1007714304,1889828864,118947840,2484830208
2026-07-09T02:17:58.275533,17006837760,16349233152,657604608,3.9,13886275584,1007714304,1889828864,118947840,2484830208
2026-07-09T02:17:59.275896,17006837760,16349233152,657604608,3.9,13886275584,1007714304,1889828864,118947840,2484830208
2026-07-09T02:18:00.276365,17006837760,16348184576,658653184,3.9,13885227008,1007714304,1889828864,118947840,2484830208
2026-07-09T02:18:01.277038,17006837760,16348184576,658653184,3.9,13885227008,1007714304,1889828864,118947840,2484846592
2026-07-09T02:18:02.277442,17006837760,16349511680,657326080,3.9,13886554112,1007714304,1889828864,118947840,2484846592
2026-07-09T02:18:03.277864,17006837760,16349986816,656850944,3.9,13887029248,1007714304,1889828864,118947840,2484846592
2026-07-09T02:18:04.278497,17006837760,16350019584,656818176,3.9,13887062016,1007714304,1889828864,118947840,2484846592
2026-07-09T02:18:05.279100,17006837760,16350003200,656834560,3.9,13887045632,1007714304,1889828864,118947840,2484846592
2026-07-09T02:18:06.279776,17006837760,16351494144,655343616,3.9,13888536576,1007714304,1889828864,118947840,2484846592
2026-07-09T02:18:07.280589,17006837760,16351232000,655605760,3.9,13888274432,1007714304,1889828864,118947840,2484846592
2026-07-09T02:18:08.281687,17006837760,16351232000,655605760,3.9,13888274432,1007714304,1889828864,118947840,2484846592
2026-07-09T02:18:09.282362,17006837760,16351477760,655360000,3.9,13888520192,1007730688,1889828864,118947840,2484846592
2026-07-09T02:18:10.283339,17006837760,16351723520,655114240,3.9,13888765952,1007730688,1889828864,118947840,2484846592
2026-07-09T02:18:11.284320,17006837760,16350740480,656097280,3.9,13887782912,1007730688,1889828864,118947840,2484846592
2026-07-09T02:18:12.284906,17006837760,16351494144,655343616,3.9,13888536576,1007730688,1889828864,118947840,2484846592
2026-07-09T02:18:13.285386,17006837760,16351985664,654852096,3.9,13889028096,1007730688,1889828864,118947840,2484846592
2026-07-09T02:18:14.285774,17006837760,16352231424,654606336,3.8,13889273856,1007730688,1889828864,118947840,2484846592
2026-07-09T02:18:15.286188,17006837760,16352215040,654622720,3.8,13889257472,1007730688,1889828864,118947840,2484846592
2026-07-09T02:18:16.286574,17006837760,16352215040,654622720,3.8,13889257472,1007730688,1889828864,118947840,2484862976
2026-07-09T02:18:17.286945,17006837760,16351707136,655130624,3.9,13888749568,1007730688,1889828864,118947840,2484862976
2026-07-09T02:18:18.287427,17006837760,16351756288,655081472,3.9,13888798720,1007730688,1889828864,118947840,2484862976
2026-07-09T02:18:19.288080,17006837760,16352477184,654360576,3.8,13889519616,1007730688,1889828864,118947840,2484862976
2026-07-09T02:18:20.288558,17006837760,16352722944,654114816,3.8,13889765376,1007730688,1889828864,118947840,2484862976
2026-07-09T02:18:21.289016,17006837760,16352722944,654114816,3.8,13889765376,1007730688,1889828864,118947840,2484862976
2026-07-09T02:18:22.289479,17006837760,16353001472,653836288,3.8,13890043904,1007730688,1889828864,118947840,2484862976
2026-07-09T02:18:23.289901,17006837760,16353001472,653836288,3.8,13890043904,1007730688,1889828864,118947840,2484862976
2026-07-09T02:18:24.290317,17006837760,16352755712,654082048,3.8,13889798144,1007730688,1889828864,118947840,2484862976
2026-07-09T02:18:25.290713,17006837760,16352821248,654016512,3.8,13889863680,1007730688,1889828864,118947840,2484862976
2026-07-09T02:18:26.291108,17006837760,16352002048,654835712,3.9,13889044480,1007730688,1889828864,118947840,2484862976
2026-07-09T02:18:27.291512,17006837760,16351756288,655081472,3.9,13888798720,1007730688,1889828864,118947840,2484862976
2026-07-09T02:18:28.291954,17006837760,16352018432,654819328,3.9,13889060864,1007730688,1889828864,118947840,2484862976
2026-07-09T02:18:29.292432,17006837760,16351494144,655343616,3.9,13888536576,1007730688,1889828864,118947840,2484879360
2026-07-09T02:18:30.292861,17006837760,16351739904,655097856,3.9,13888782336,1007730688,1889828864,118947840,2484879360
2026-07-09T02:18:31.293330,17006837760,16352215040,654622720,3.8,13889257472,1007730688,1889828864,118947840,2484879360
2026-07-09T02:18:32.293765,17006837760,16352460800,654376960,3.8,13889503232,1007730688,1889828864,118947840,2484879360
2026-07-09T02:18:33.294219,17006837760,16352788480,654049280,3.8,13889830912,1007730688,1889828864,118947840,2484879360
2026-07-09T02:18:34.294674,17006837760,16352804864,654032896,3.8,13889847296,1007730688,1889828864,118947840,2484879360
2026-07-09T02:18:35.295022,17006837760,16351739904,655097856,3.9,13888782336,1007730688,1889828864,118947840,2484879360
2026-07-09T02:18:36.295298,17006837760,16351494144,655343616,3.9,13888536576,1007730688,1889828864,118947840,2484879360
2026-07-09T02:18:37.295563,17006837760,16351789056,655048704,3.9,13888831488,1007730688,1889828864,118947840,2484879360
2026-07-09T02:18:38.295828,17006837760,16352034816,654802944,3.9,13889077248,1007730688,1889828864,118947840,2484879360
2026-07-09T02:18:39.296092,17006837760,16352296960,654540800,3.8,13889339392,1007730688,1889828864,118947840,2484879360
2026-07-09T02:18:40.297551,17006837760,16352329728,654508032,3.8,13889339392,1007747072,1889861632,118947840,2484879360
2026-07-09T02:18:41.298031,17006837760,16352329728,654508032,3.8,13889339392,1007747072,1889861632,118947840,2484879360
2026-07-09T02:18:42.298284,17006837760,16352083968,654753792,3.8,13889093632,1007747072,1889861632,118947840,2484895744
2026-07-09T02:18:43.298512,17006837760,16351592448,655245312,3.9,13888602112,1007747072,1889861632,118947840,2484895744
2026-07-09T02:18:44.301723,17006837760,16351838208,654999552,3.9,13888847872,1007747072,1889861632,118947840,2484895744
2026-07-09T02:18:45.302020,17006837760,16352083968,654753792,3.8,13889093632,1007747072,1889861632,118947840,2484895744
2026-07-09T02:18:46.302270,17006837760,16352329728,654508032,3.8,13889339392,1007747072,1889861632,118947840,2484895744
2026-07-09T02:18:47.302488,17006837760,16351772672,655065088,3.9,13888782336,1007747072,1889861632,118947840,2484895744
2026-07-09T02:18:48.302709,17006837760,16352231424,654606336,3.8,13889241088,1007747072,1889861632,118947840,2484895744
2026-07-09T02:18:49.307725,17006837760,16352444416,654393344,3.8,13889454080,1007747072,1889861632,118947840,2484895744
2026-07-09T02:18:50.307931,17006837760,16352444416,654393344,3.8,13889454080,1007747072,1889861632,118947840,2484895744
2026-07-09T02:18:51.308196,17006837760,16352690176,654147584,3.8,13889699840,1007747072,1889861632,118947840,2484895744
2026-07-09T02:18:52.308559,17006837760,16352444416,654393344,3.8,13889454080,1007747072,1889861632,118947840,2484895744
2026-07-09T02:18:53.308845,17006837760,16352444416,654393344,3.8,13889454080,1007747072,1889861632,118947840,2484895744
2026-07-09T02:18:54.310625,17006837760,16352903168,653934592,3.8,13889912832,1007747072,1889861632,118947840,2484895744
2026-07-09T02:18:55.311172,17006837760,16352919552,653918208,3.8,13889929216,1007747072,1889861632,118947840,2484895744
2026-07-09T02:18:56.311547,17006837760,16352673792,654163968,3.8,13889683456,1007747072,1889861632,118947840,2484912128
2026-07-09T02:18:57.311856,17006837760,16352428032,654409728,3.8,13889437696,1007747072,1889861632,118947840,2484912128
2026-07-09T02:18:58.312136,17006837760,16352411648,654426112,3.8,13889421312,1007747072,1889861632,118947840,2484912128
2026-07-09T02:18:59.312469,17006837760,16352165888,654671872,3.8,13889175552,1007747072,1889861632,118947840,2484912128
2026-07-09T02:19:00.312750,17006837760,16352149504,654688256,3.8,13889159168,1007747072,1889861632,118947840,2484912128
2026-07-09T02:19:01.313026,17006837760,16350969856,655867904,3.9,13887963136,1007763456,1889878016,118947840,2484912128
2026-07-09T02:19:02.313373,17006837760,16348758016,658079744,3.9,13885751296,1007763456,1889878016,118947840,2484912128
2026-07-09T02:19:03.313729,17006837760,16350707712,656130048,3.9,13887700992,1007763456,1889878016,118947840,2484912128
2026-07-09T02:19:04.314145,17006837760,16351461376,655376384,3.9,13888454656,1007763456,1889878016,118947840,2484912128
2026-07-09T02:19:05.314419,17006837760,16350478336,656359424,3.9,13887471616,1007763456,1889878016,118947840,2484912128
2026-07-09T02:19:06.314694,17006837760,16351608832,655228928,3.9,13888602112,1007763456,1889878016,118947840,2484912128
2026-07-09T02:19:07.315045,17006837760,16352100352,654737408,3.8,13889093632,1007763456,1889878016,118947840,2484912128
2026-07-09T02:19:08.315320,17006837760,16351412224,655425536,3.9,13888405504,1007763456,1889878016,118947840,2484912128
2026-07-09T02:19:09.315804,17006837760,16351936512,654901248,3.9,13888929792,1007763456,1889878016,118947840,2484912128
2026-07-09T02:19:10.316197,17006837760,16352690176,654147584,3.8,13889667072,1007763456,1889894400,118947840,2484912128
2026-07-09T02:19:11.316475,17006837760,16350969856,655867904,3.9,13887946752,1007763456,1889894400,118947840,2484928512
2026-07-09T02:19:12.316755,17006837760,16350003200,656834560,3.9,13886980096,1007763456,1889894400,118947840,2484928512
2026-07-09T02:19:13.317034,17006837760,16351477760,655360000,3.9,13888454656,1007763456,1889894400,118947840,2484928512
2026-07-09T02:19:14.317320,17006837760,16351707136,655130624,3.9,13888684032,1007763456,1889894400,118947840,2484928512
2026-07-09T02:19:15.317657,17006837760,16352182272,654655488,3.8,13889159168,1007763456,1889894400,118947840,2484928512
2026-07-09T02:19:16.318001,17006837760,16352411648,654426112,3.8,13889388544,1007763456,1889894400,118947840,2484928512
2026-07-09T02:19:17.318357,17006837760,16351920128,654917632,3.9,13888897024,1007763456,1889894400,118947840,2484928512
2026-07-09T02:19:18.318714,17006837760,16352165888,654671872,3.8,13889142784,1007763456,1889894400,118947840,2484928512
2026-07-09T02:19:19.319017,17006837760,16352673792,654163968,3.8,13889650688,1007763456,1889894400,118947840,2484928512
2026-07-09T02:19:20.319293,17006837760,16352182272,654655488,3.8,13889159168,1007763456,1889894400,118947840,2484928512
2026-07-09T02:19:21.319568,17006837760,16351657984,655179776,3.9,13888634880,1007763456,1889894400,118947840,2484928512
2026-07-09T02:19:22.319843,17006837760,16352149504,654688256,3.8,13889126400,1007763456,1889894400,118947840,2484928512
2026-07-09T02:19:23.320119,17006837760,16351641600,655196160,3.9,13888618496,1007763456,1889894400,118947840,2484928512
2026-07-09T02:19:24.320455,17006837760,16351395840,655441920,3.9,13888372736,1007763456,1889894400,118947840,2484944896
2026-07-09T02:19:25.320801,17006837760,16351395840,655441920,3.9,13888372736,1007763456,1889894400,118947840,2484944896
2026-07-09T02:19:26.321159,17006837760,16352624640,654213120,3.8,13889601536,1007763456,1889894400,118947840,2484944896
2026-07-09T02:19:27.321525,17006837760,16352133120,654704640,3.8,13889110016,1007763456,1889894400,118947840,2484944896
2026-07-09T02:19:28.321866,17006837760,16352378880,654458880,3.8,13889355776,1007763456,1889894400,118947840,2484944896
2026-07-09T02:19:29.325497,17006837760,16351625216,655212544,3.9,13888602112,1007763456,1889894400,118947840,2484944896
2026-07-09T02:19:30.325830,17006837760,16350887936,655949824,3.9,13887864832,1007763456,1889894400,118947840,2484944896
2026-07-09T02:19:31.326127,17006837760,16351133696,655704064,3.9,13888110592,1007763456,1889894400,118947840,2484944896
2026-07-09T02:19:32.326427,17006837760,16351690752,655147008,3.9,13888667648,1007763456,1889894400,118947840,2484944896
2026-07-09T02:19:33.326718,17006837760,16351936512,654901248,3.9,13888913408,1007763456,1889894400,118947840,2484944896
2026-07-09T02:19:34.327124,17006837760,16351674368,655163392,3.9,13888651264,1007763456,1889894400,118947840,2484944896
2026-07-09T02:19:35.327588,17006837760,16349954048,656883712,3.9,13886930944,1007763456,1889894400,118947840,2484944896
2026-07-09T02:19:36.327930,17006837760,16350511104,656326656,3.9,13887422464,1008140288,1889959936,118947840,2484944896
2026-07-09T02:19:37.328311,17006837760,16349675520,657162240,3.9,13886586880,1008140288,1889959936,118947840,2484944896
2026-07-09T02:19:38.328642,17006837760,16348954624,657883136,3.9,13885865984,1008140288,1889959936,118947840,2484961280
2026-07-09T02:19:39.329016,17006837760,16349462528,657375232,3.9,13886373888,1008140288,1889959936,118947840,2484961280
2026-07-09T02:19:40.329301,17006837760,16349691904,657145856,3.9,13886603264,1008140288,1889959936,118947840,2484961280
2026-07-09T02:19:41.329575,17006837760,16350658560,656179200,3.9,13887569920,1008140288,1889959936,118947840,2484961280
2026-07-09T02:19:42.329914,17006837760,16351150080,655687680,3.9,13888061440,1008140288,1889959936,118947840,2484961280
2026-07-09T02:19:43.330239,17006837760,16350904320,655933440,3.9,13887815680,1008140288,1889959936,118947840,2484961280
2026-07-09T02:19:44.330516,17006837760,16351625216,655212544,3.9,13888536576,1008140288,1889959936,118947840,2484961280
2026-07-09T02:19:45.330861,17006837760,16351395840,655441920,3.9,13888307200,1008140288,1889959936,118947840,2484961280
2026-07-09T02:19:46.331195,17006837760,16351395840,655441920,3.9,13888307200,1008140288,1889959936,118947840,2484961280
2026-07-09T02:19:47.331590,17006837760,16350674944,656162816,3.9,13887586304,1008140288,1889959936,118947840,2484961280
2026-07-09T02:19:48.331888,17006837760,16351166464,655671296,3.9,13888077824,1008140288,1889959936,118947840,2484961280
2026-07-09T02:19:49.332225,17006837760,16351412224,655425536,3.9,13888323584,1008140288,1889959936,118947840,2484961280
2026-07-09T02:19:50.332565,17006837760,16351264768,655572992,3.9,13888176128,1008140288,1889959936,118947840,2484961280
2026-07-09T02:19:51.332913,17006837760,16351232000,655605760,3.9,13888143360,1008140288,1889959936,118947840,2484977664
2026-07-09T02:19:52.333203,17006837760,16350658560,656179200,3.9,13887569920,1008140288,1889959936,118947840,2484977664
2026-07-09T02:19:53.333570,17006837760,16349675520,657162240,3.9,13886586880,1008140288,1889959936,118947840,2484977664
2026-07-09T02:19:54.333927,17006837760,16349675520,657162240,3.9,13886586880,1008140288,1889959936,118947840,2484977664
2026-07-09T02:19:55.334275,17006837760,16350429184,656408576,3.9,13887340544,1008140288,1889959936,118947840,2484977664
2026-07-09T02:19:56.334767,17006837760,16350937088,655900672,3.9,13887848448,1008140288,1889959936,118947840,2484977664
2026-07-09T02:19:57.335154,17006837760,16349954048,656883712,3.9,13886865408,1008140288,1889959936,118947840,2484977664
2026-07-09T02:19:58.335431,17006837760,16350117888,656719872,3.9,13887029248,1008140288,1889959936,118947840,2484977664
2026-07-09T02:19:59.335780,17006837760,16349396992,657440768,3.9,13886308352,1008140288,1889959936,118947840,2484977664
2026-07-09T02:20:00.336133,17006837760,16347938816,658898944,3.9,13884850176,1008140288,1889959936,118947840,2484977664
2026-07-09T02:20:01.336471,17006837760,16347037696,659800064,3.9,13883949056,1008140288,1889959936,118947840,2484977664
2026-07-09T02:20:02.336775,17006837760,16348774400,658063360,3.9,13885685760,1008140288,1889959936,118947840,2484977664
2026-07-09T02:20:03.337542,17006837760,16349249536,657588224,3.9,13886160896,1008140288,1889959936,118947840,2484977664
2026-07-09T02:20:04.338123,17006837760,16348512256,658325504,3.9,13885423616,1008140288,1889959936,118947840,2484977664
2026-07-09T02:20:05.338418,17006837760,16349478912,657358848,3.9,13886390272,1008140288,1889959936,118947840,2484994048
2026-07-09T02:20:06.338694,17006837760,16350674944,656162816,3.9,13887586304,1008140288,1889959936,118947840,2484994048
2026-07-09T02:20:07.339036,17006837760,16349200384,657637376,3.9,13886111744,1008140288,1889959936,118947840,2484994048
2026-07-09T02:20:08.339388,17006837760,16348217344,658620416,3.9,13885128704,1008140288,1889959936,118947840,2484994048
2026-07-09T02:20:09.339829,17006837760,16349691904,657145856,3.9,13886603264,1008140288,1889959936,118947840,2484994048
2026-07-09T02:20:10.340281,17006837760,16349184000,657653760,3.9,13886095360,1008140288,1889959936,118947840,2484994048
2026-07-09T02:20:11.340635,17006837760,16348954624,657883136,3.9,13885865984,1008140288,1889959936,118947840,2484994048
2026-07-09T02:20:12.340978,17006837760,16349462528,657375232,3.9,13886357504,1008173056,1889976320,118947840,2484994048
2026-07-09T02:20:13.341341,17006837760,16349937664,656900096,3.9,13886832640,1008173056,1889976320,118947840,2484994048
2026-07-09T02:20:14.341697,17006837760,16350674944,656162816,3.9,13887569920,1008173056,1889976320,118947840,2484994048
2026-07-09T02:20:15.342041,17006837760,16350920704,655917056,3.9,13887815680,1008173056,1889976320,118947840,2484994048
2026-07-09T02:20:16.342382,17006837760,16351166464,655671296,3.9,13888061440,1008173056,1889976320,118947840,2484994048
2026-07-09T02:20:17.342732,17006837760,16350429184,656408576,3.9,13887324160,1008173056,1889976320,118947840,2484994048
2026-07-09T02:20:18.343085,17006837760,16350691328,656146432,3.9,13887586304,1008173056,1889976320,118947840,2484994048
2026-07-09T02:20:19.343439,17006837760,16350429184,656408576,3.9,13887324160,1008173056,1889976320,118947840,2485010432
2026-07-09T02:20:20.343799,17006837760,16350429184,656408576,3.9,13887324160,1008173056,1889976320,118947840,2485010432
2026-07-09T02:20:21.344154,17006837760,16348921856,657915904,3.9,13885816832,1008173056,1889976320,118947840,2485010432
2026-07-09T02:20:22.344562,17006837760,16349396992,657440768,3.9,13886291968,1008173056,1889976320,118947840,2485010432
2026-07-09T02:20:23.344911,17006837760,16348905472,657932288,3.9,13885800448,1008173056,1889976320,118947840,2485010432
2026-07-09T02:20:24.345184,17006837760,16348168192,658669568,3.9,13885063168,1008173056,1889976320,118947840,2485010432
2026-07-09T02:20:25.345491,17006837760,16348610560,658227200,3.9,13885505536,1008173056,1889976320,118947840,2485010432
2026-07-09T02:20:26.345764,17006837760,16350576640,656261120,3.9,13887471616,1008173056,1889976320,118947840,2485010432
2026-07-09T02:20:27.346043,17006837760,16350576640,656261120,3.9,13887471616,1008173056,1889976320,118947840,2485010432
2026-07-09T02:20:28.346380,17006837760,16349282304,657555456,3.9,13886177280,1008173056,1889976320,118947840,2485010432
2026-07-09T02:20:29.346730,17006837760,16350019584,656818176,3.9,13886914560,1008173056,1889976320,118947840,2485010432
2026-07-09T02:20:30.347161,17006837760,16351215616,655622144,3.9,13888110592,1008173056,1889976320,118947840,2485010432
2026-07-09T02:20:31.347659,17006837760,16351461376,655376384,3.9,13888356352,1008173056,1889976320,118947840,2485010432
2026-07-09T02:20:32.348003,17006837760,16350724096,656113664,3.9,13887619072,1008173056,1889976320,118947840,2485010432
2026-07-09T02:20:33.348316,17006837760,16349528064,657309696,3.9,13886423040,1008173056,1889976320,118947840,2485026816
2026-07-09T02:20:34.348617,17006837760,16349036544,657801216,3.9,13885931520,1008173056,1889976320,118947840,2485026816
2026-07-09T02:20:35.348900,17006837760,16348774400,658063360,3.9,13885669376,1008173056,1889976320,118947840,2485026816
2026-07-09T02:20:36.349182,17006837760,16348020736,658817024,3.9,13884915712,1008173056,1889976320,118947840,2485026816
2026-07-09T02:20:37.349513,17006837760,16345677824,661159936,3.9,13882572800,1008173056,1889976320,118947840,2485026816
2026-07-09T02:20:38.349954,17006837760,16345579520,661258240,3.9,13882474496,1008173056,1889976320,118947840,2485026816
2026-07-09T02:20:39.350295,17006837760,16347742208,659095552,3.9,13884637184,1008173056,1889976320,118947840,2485026816
2026-07-09T02:20:40.350638,17006837760,16348168192,658669568,3.9,13885063168,1008173056,1889976320,118947840,2485026816
2026-07-09T02:20:41.353529,17006837760,16348545024,658292736,3.9,13885440000,1008173056,1889976320,118947840,2485026816
2026-07-09T02:20:42.353880,17006837760,16347578368,659259392,3.9,13884473344,1008271360,1889976320,118947840,2485026816
2026-07-09T02:20:43.354266,17006837760,16346578944,660258816,3.9,13883473920,1008271360,1889976320,118947840,2485026816
2026-07-09T02:20:44.354558,17006837760,16348381184,658456576,3.9,13885276160,1008271360,1889976320,118947840,2485026816
2026-07-09T02:20:45.354837,17006837760,16348200960,658636800,3.9,13885095936,1008271360,1889976320,118947840,2485026816
2026-07-09T02:20:46.355121,17006837760,16347709440,659128320,3.9,13884604416,1008271360,1889976320,118947840,2485043200
2026-07-09T02:20:47.355462,17006837760,16349691904,657145856,3.9,13886537728,1008320512,1890025472,118947840,2485043200
2026-07-09T02:20:48.355821,17006837760,16349708288,657129472,3.9,13886554112,1008320512,1890025472,118947840,2485043200
2026-07-09T02:20:49.356576,17006837760,16348938240,657899520,3.9,13885784064,1008320512,1890025472,118947840,2485043200
2026-07-09T02:20:50.357073,17006837760,16346988544,659849216,3.9,13883834368,1008320512,1890025472,118947840,2485043200
2026-07-09T02:20:51.357366,17006837760,16348479488,658358272,3.9,13885325312,1008320512,1890025472,118947840,2485043200
2026-07-09T02:20:52.357645,17006837760,16349708288,657129472,3.9,13886554112,1008320512,1890025472,118947840,2485043200
2026-07-09T02:20:53.357933,17006837760,16349708288,657129472,3.9,13886554112,1008320512,1890025472,118947840,2485043200
2026-07-09T02:20:54.358275,17006837760,16350445568,656392192,3.9,13887291392,1008320512,1890025472,118947840,2485043200
2026-07-09T02:20:55.358637,17006837760,16350445568,656392192,3.9,13887291392,1008320512,1890025472,118947840,2485043200
2026-07-09T02:20:56.359005,17006837760,16350199808,656637952,3.9,13887045632,1008320512,1890025472,118947840,2485043200
2026-07-09T02:20:57.359370,17006837760,16351920128,654917632,3.9,13888765952,1008320512,1890025472,118947840,2485043200
2026-07-09T02:20:58.359726,17006837760,16350429184,656408576,3.9,13887275008,1008320512,1890025472,118947840,2485043200
2026-07-09T02:20:59.360031,17006837760,16350183424,656654336,3.9,13887029248,1008320512,1890025472,118947840,2485043200
2026-07-09T02:21:00.360313,17006837760,16351477760,655360000,3.9,13888323584,1008320512,1890025472,118947840,2485059584
2026-07-09T02:21:01.360597,17006837760,16350740480,656097280,3.9,13887586304,1008320512,1890025472,118947840,2485059584
2026-07-09T02:21:02.360884,17006837760,16350248960,656588800,3.9,13887094784,1008320512,1890025472,118947840,2485059584
2026-07-09T02:21:03.361167,17006837760,16350478336,656359424,3.9,13887324160,1008320512,1890025472,118947840,2485059584
2026-07-09T02:21:04.361488,17006837760,16350969856,655867904,3.9,13887815680,1008320512,1890025472,118947840,2485059584
2026-07-09T02:21:05.361844,17006837760,16350478336,656359424,3.9,13887324160,1008320512,1890025472,118947840,2485059584
2026-07-09T02:21:06.362202,17006837760,16350658560,656179200,3.9,13887504384,1008320512,1890025472,118947840,2485059584
2026-07-09T02:21:07.362554,17006837760,16350724096,656113664,3.9,13887569920,1008320512,1890025472,118947840,2485059584
2026-07-09T02:21:08.362903,17006837760,16351363072,655474688,3.9,13888208896,1008320512,1890025472,118947840,2485059584
2026-07-09T02:21:09.363371,17006837760,16350871552,655966208,3.9,13887717376,1008320512,1890025472,118947840,2485059584
2026-07-09T02:21:10.363737,17006837760,16350380032,656457728,3.9,13887225856,1008320512,1890025472,118947840,2485059584
2026-07-09T02:21:11.364079,17006837760,16350134272,656703488,3.9,13886980096,1008320512,1890025472,118947840,2485059584
2026-07-09T02:21:12.364538,17006837760,16350134272,656703488,3.9,13886980096,1008320512,1890025472,118947840,2485059584
2026-07-09T02:21:13.365044,17006837760,16350953472,655884288,3.9,13887733760,1008402432,1890091008,118947840,2485075968
2026-07-09T02:21:14.365580,17006837760,16350461952,656375808,3.9,13887242240,1008402432,1890091008,118947840,2485075968
2026-07-09T02:21:15.365867,17006837760,16351444992,655392768,3.9,13888225280,1008402432,1890091008,118947840,2485075968
2026-07-09T02:21:16.366151,17006837760,16350953472,655884288,3.9,13887733760,1008402432,1890091008,118947840,2485075968
2026-07-09T02:21:17.366435,17006837760,16349970432,656867328,3.9,13886750720,1008402432,1890091008,118947840,2485075968
2026-07-09T02:21:18.366809,17006837760,16350216192,656621568,3.9,13886996480,1008402432,1890091008,118947840,2485075968
2026-07-09T02:21:19.367163,17006837760,16351723520,655114240,3.9,13888503808,1008402432,1890091008,118947840,2485075968
2026-07-09T02:21:20.367526,17006837760,16351723520,655114240,3.9,13888503808,1008402432,1890091008,118947840,2485075968
2026-07-09T02:21:21.367898,17006837760,16351969280,654868480,3.9,13888749568,1008402432,1890091008,118947840,2485075968
2026-07-09T02:21:22.368209,17006837760,16352133120,654704640,3.8,13888913408,1008402432,1890091008,118947840,2485075968
2026-07-09T02:21:23.368490,17006837760,16351150080,655687680,3.9,13887930368,1008402432,1890091008,118947840,2485075968
2026-07-09T02:21:24.368771,17006837760,16351150080,655687680,3.9,13887930368,1008402432,1890091008,118947840,2485075968
2026-07-09T02:21:25.369122,17006837760,16351494144,655343616,3.9,13888274432,1008402432,1890091008,118947840,2485075968
2026-07-09T02:21:26.369404,17006837760,16351248384,655589376,3.9,13888028672,1008402432,1890091008,118947840,2485075968
2026-07-09T02:21:27.369739,17006837760,16350511104,656326656,3.9,13887291392,1008402432,1890091008,118947840,2485092352
2026-07-09T02:21:28.370061,17006837760,16350756864,656080896,3.9,13887537152,1008402432,1890091008,118947840,2485092352
2026-07-09T02:21:29.370340,17006837760,16350281728,656556032,3.9,13887062016,1008402432,1890091008,118947840,2485092352
2026-07-09T02:21:30.370623,17006837760,16350281728,656556032,3.9,13887062016,1008402432,1890091008,118947840,2485092352
2026-07-09T02:21:31.370913,17006837760,16350674944,656162816,3.9,13887455232,1008402432,1890091008,118947840,2485092352
2026-07-09T02:21:32.371258,17006837760,16350412800,656424960,3.9,13887193088,1008402432,1890091008,118947840,2485092352
2026-07-09T02:21:33.371562,17006837760,16350674944,656162816,3.9,13887455232,1008402432,1890091008,118947840,2485092352
2026-07-09T02:21:34.371839,17006837760,16351625216,655212544,3.9,13888405504,1008402432,1890091008,118947840,2485092352
2026-07-09T02:21:35.372123,17006837760,16350150656,656687104,3.9,13886930944,1008402432,1890091008,118947840,2485092352
2026-07-09T02:21:36.372403,17006837760,16350380032,656457728,3.9,13887160320,1008402432,1890091008,118947840,2485092352
2026-07-09T02:21:37.372752,17006837760,16350691328,656146432,3.9,13887471616,1008402432,1890091008,118947840,2485092352
2026-07-09T02:21:38.373080,17006837760,16350199808,656637952,3.9,13886980096,1008402432,1890091008,118947840,2485092352
2026-07-09T02:21:39.374031,17006837760,16349954048,656883712,3.9,13886734336,1008402432,1890091008,118947840,2485092352
2026-07-09T02:21:40.374421,17006837760,16350445568,656392192,3.9,13887225856,1008402432,1890091008,118947840,2485092352
2026-07-09T02:21:41.374703,17006837760,16349954048,656883712,3.9,13886734336,1008402432,1890091008,118947840,2485108736
2026-07-09T02:21:42.374987,17006837760,16349954048,656883712,3.9,13886734336,1008402432,1890091008,118947840,2485108736
2026-07-09T02:21:43.375272,17006837760,16350674944,656162816,3.9,13887455232,1008402432,1890091008,118947840,2485108736
2026-07-09T02:21:44.375554,17006837760,16350920704,655917056,3.9,13887684608,1008484352,1890107392,118947840,2485108736
2026-07-09T02:21:45.375929,17006837760,16350937088,655900672,3.9,13887700992,1008484352,1890107392,118947840,2485108736
2026-07-09T02:21:46.376268,17006837760,16351657984,655179776,3.9,13888421888,1008484352,1890107392,118947840,2485108736
2026-07-09T02:21:47.376625,17006837760,16351084544,655753216,3.9,13887848448,1008484352,1890107392,118947840,2485108736
2026-07-09T02:21:48.376971,17006837760,16351084544,655753216,3.9,13887848448,1008484352,1890107392,118947840,2485108736
2026-07-09T02:21:49.377545,17006837760,16351920128,654917632,3.9,13888684032,1008484352,1890107392,118947840,2485108736
2026-07-09T02:21:50.377995,17006837760,16351920128,654917632,3.9,13888684032,1008484352,1890107392,118947840,2485108736
2026-07-09T02:21:51.378280,17006837760,16351199232,655638528,3.9,13887963136,1008484352,1890107392,118947840,2485108736
2026-07-09T02:21:52.378559,17006837760,16351428608,655409152,3.9,13888192512,1008484352,1890107392,118947840,2485108736
2026-07-09T02:21:53.378837,17006837760,16351592448,655245312,3.9,13888356352,1008484352,1890107392,118947840,2485108736
2026-07-09T02:21:54.379111,17006837760,16351838208,654999552,3.9,13888602112,1008484352,1890107392,118947840,2485108736
2026-07-09T02:21:55.379388,17006837760,16351576064,655261696,3.9,13888339968,1008484352,1890107392,118947840,2485125120
2026-07-09T02:21:56.379660,17006837760,16351576064,655261696,3.9,13888339968,1008484352,1890107392,118947840,2485125120
2026-07-09T02:21:57.379929,17006837760,16352296960,654540800,3.8,13889060864,1008484352,1890107392,118947840,2485125120
2026-07-09T02:21:58.380204,17006837760,16352051200,654786560,3.9,13888815104,1008484352,1890107392,118947840,2485125120
2026-07-09T02:21:59.380475,17006837760,16351576064,655261696,3.9,13888323584,1008484352,1890123776,118947840,2485125120
2026-07-09T02:22:00.380862,17006837760,16351117312,655720448,3.9,13887864832,1008484352,1890123776,118947840,2485125120
2026-07-09T02:22:01.381202,17006837760,16348643328,658194432,3.9,13885390848,1008484352,1890123776,118947840,2485125120
2026-07-09T02:22:02.381567,17006837760,16347168768,659668992,3.9,13883916288,1008484352,1890123776,118947840,2485125120
2026-07-09T02:22:03.381939,17006837760,16348889088,657948672,3.9,13885636608,1008484352,1890123776,118947840,2485125120
2026-07-09T02:22:04.382298,17006837760,16349134848,657702912,3.9,13885882368,1008484352,1890123776,118947840,2485125120
2026-07-09T02:22:05.382577,17006837760,16348069888,658767872,3.9,13884817408,1008484352,1890123776,118947840,2485125120
2026-07-09T02:22:06.382857,17006837760,16348561408,658276352,3.9,13885308928,1008484352,1890123776,118947840,2485125120
2026-07-09T02:22:07.383133,17006837760,16348626944,658210816,3.9,13885374464,1008484352,1890123776,118947840,2485125120
2026-07-09T02:22:08.383410,17006837760,16348381184,658456576,3.9,13885128704,1008484352,1890123776,118947840,2485141504
2026-07-09T02:22:09.383684,17006837760,16349380608,657457152,3.9,13886128128,1008484352,1890123776,118947840,2485141504
2026-07-09T02:22:10.383961,17006837760,16349609984,657227776,3.9,13886357504,1008484352,1890123776,118947840,2485141504
2026-07-09T02:22:11.384286,17006837760,16349609984,657227776,3.9,13886357504,1008484352,1890123776,118947840,2485141504
2026-07-09T02:22:12.384641,17006837760,16350740480,656097280,3.9,13887488000,1008484352,1890123776,118947840,2485141504
2026-07-09T02:22:13.385064,17006837760,16351035392,655802368,3.9,13887782912,1008484352,1890123776,118947840,2485141504
2026-07-09T02:22:14.385518,17006837760,16351264768,655572992,3.9,13888012288,1008484352,1890123776,118947840,2485141504
2026-07-09T02:22:15.385989,17006837760,16350789632,656048128,3.9,13887504384,1008533504,1890156544,118947840,2485141504
2026-07-09T02:22:16.386266,17006837760,16350789632,656048128,3.9,13887504384,1008533504,1890156544,118947840,2485141504
2026-07-09T02:22:17.386542,17006837760,16349806592,657031168,3.9,13886521344,1008533504,1890156544,118947840,2485141504
2026-07-09T02:22:18.386926,17006837760,16350642176,656195584,3.9,13887356928,1008533504,1890156544,118947840,2485141504
2026-07-09T02:22:19.387283,17006837760,16350789632,656048128,3.9,13887504384,1008533504,1890156544,118947840,2485141504
2026-07-09T02:22:20.387694,17006837760,16350281728,656556032,3.9,13886996480,1008533504,1890156544,118947840,2485141504
2026-07-09T02:22:21.388173,17006837760,16350052352,656785408,3.9,13886767104,1008533504,1890156544,118947840,2485157888
2026-07-09T02:22:22.388451,17006837760,16350281728,656556032,3.9,13886996480,1008533504,1890156544,118947840,2485157888
2026-07-09T02:22:23.388807,17006837760,16349790208,657047552,3.9,13886504960,1008533504,1890156544,118947840,2485157888
2026-07-09T02:22:24.389164,17006837760,16350035968,656801792,3.9,13886750720,1008533504,1890156544,118947840,2485157888
2026-07-09T02:22:25.389524,17006837760,16350773248,656064512,3.9,13887488000,1008533504,1890156544,118947840,2485157888
2026-07-09T02:22:26.389840,17006837760,16351248384,655589376,3.9,13887963136,1008533504,1890156544,118947840,2485157888
2026-07-09T02:22:27.390129,17006837760,16351248384,655589376,3.9,13887963136,1008533504,1890156544,118947840,2485157888
2026-07-09T02:22:28.390404,17006837760,16351248384,655589376,3.9,13887963136,1008533504,1890156544,118947840,2485157888
2026-07-09T02:22:29.390681,17006837760,16351248384,655589376,3.9,13887963136,1008533504,1890156544,118947840,2485157888
2026-07-09T02:22:30.390961,17006837760,16351772672,655065088,3.9,13888487424,1008533504,1890156544,118947840,2485157888
2026-07-09T02:22:31.391239,17006837760,16352018432,654819328,3.9,13888733184,1008533504,1890156544,118947840,2485157888
2026-07-09T02:22:32.391578,17006837760,16352018432,654819328,3.9,13888733184,1008533504,1890156544,118947840,2485157888
2026-07-09T02:22:33.391919,17006837760,16352018432,654819328,3.9,13888733184,1008533504,1890156544,118947840,2485157888
2026-07-09T02:22:34.392293,17006837760,16351756288,655081472,3.9,13888471040,1008533504,1890156544,118947840,2485157888
2026-07-09T02:22:35.392691,17006837760,16350035968,656801792,3.9,13886750720,1008533504,1890156544,118947840,2485174272
2026-07-09T02:22:36.393001,17006837760,16349544448,657293312,3.9,13886259200,1008533504,1890156544,118947840,2485174272
2026-07-09T02:22:37.393287,17006837760,16349282304,657555456,3.9,13885997056,1008533504,1890156544,118947840,2485174272
2026-07-09T02:22:38.393562,17006837760,16349282304,657555456,3.9,13885997056,1008533504,1890156544,118947840,2485174272
2026-07-09T02:22:39.393882,17006837760,16349790208,657047552,3.9,13886504960,1008533504,1890156544,118947840,2485174272
2026-07-09T02:22:40.394217,17006837760,16350265344,656572416,3.9,13886980096,1008533504,1890156544,118947840,2485174272
2026-07-09T02:22:41.394551,17006837760,16350494720,656343040,3.9,13887209472,1008533504,1890156544,118947840,2485174272
2026-07-09T02:22:42.394969,17006837760,16351199232,655638528,3.9,13887913984,1008533504,1890156544,118947840,2485174272
2026-07-09T02:22:43.395313,17006837760,16351674368,655163392,3.9,13888389120,1008533504,1890156544,118947840,2485174272
2026-07-09T02:22:44.395589,17006837760,16351903744,654934016,3.9,13888618496,1008533504,1890156544,118947840,2485174272
2026-07-09T02:22:45.395858,17006837760,16351903744,654934016,3.9,13888618496,1008533504,1890156544,118947840,2485174272
2026-07-09T02:22:46.396208,17006837760,16351657984,655179776,3.9,13888372736,1008533504,1890156544,118947840,2485174272
2026-07-09T02:22:47.396533,17006837760,16350412800,656424960,3.9,13887127552,1008533504,1890156544,118947840,2485174272
2026-07-09T02:22:48.396868,17006837760,16348938240,657899520,3.9,13885652992,1008533504,1890156544,118947840,2485190656
2026-07-09T02:22:49.397320,17006837760,16350199808,656637952,3.9,13886914560,1008533504,1890156544,118947840,2485190656
2026-07-09T02:22:50.398073,17006837760,16350691328,656146432,3.9,13887406080,1008533504,1890156544,118947840,2485190656
2026-07-09T02:22:51.398396,17006837760,16350445568,656392192,3.9,13887160320,1008533504,1890156544,118947840,2485190656
2026-07-09T02:22:52.398678,17006837760,16350445568,656392192,3.9,13887160320,1008533504,1890156544,118947840,2485190656
2026-07-09T02:22:53.398961,17006837760,16351166464,655671296,3.9,13887881216,1008533504,1890156544,118947840,2485190656
2026-07-09T02:22:54.399240,17006837760,16351166464,655671296,3.9,13887881216,1008533504,1890156544,118947840,2485190656
2026-07-09T02:22:55.399603,17006837760,16351395840,655441920,3.9,13888110592,1008533504,1890156544,118947840,2485190656
2026-07-09T02:22:56.399985,17006837760,16351870976,654966784,3.9,13888585728,1008533504,1890156544,118947840,2485190656
2026-07-09T02:22:57.400343,17006837760,16350887936,655949824,3.9,13887602688,1008533504,1890156544,118947840,2485190656
2026-07-09T02:22:58.400742,17006837760,16350887936,655949824,3.9,13887602688,1008533504,1890156544,118947840,2485190656
2026-07-09T02:22:59.401150,17006837760,16350887936,655949824,3.9,13887602688,1008533504,1890156544,118947840,2485190656
2026-07-09T02:23:00.401430,17006837760,16348921856,657915904,3.9,13885636608,1008533504,1890156544,118947840,2485190656
2026-07-09T02:23:01.401709,17006837760,16348430336,658407424,3.9,13885145088,1008533504,1890156544,118947840,2485207040
2026-07-09T02:23:02.401988,17006837760,16349626368,657211392,3.9,13886341120,1008533504,1890156544,118947840,2485207040
2026-07-09T02:23:03.402335,17006837760,16350576640,656261120,3.9,13887291392,1008533504,1890156544,118947840,2485207040
2026-07-09T02:23:04.402716,17006837760,16350330880,656506880,3.9,13887045632,1008533504,1890156544,118947840,2485207040
2026-07-09T02:23:05.403083,17006837760,16349593600,657244160,3.9,13886308352,1008533504,1890156544,118947840,2485207040
2026-07-09T02:23:06.403758,17006837760,16350085120,656752640,3.9,13886799872,1008533504,1890156544,118947840,2485207040
2026-07-09T02:23:07.404449,17006837760,16350101504,656736256,3.9,13886816256,1008533504,1890156544,118947840,2485207040
2026-07-09T02:23:08.404815,17006837760,16350101504,656736256,3.9,13886816256,1008533504,1890156544,118947840,2485207040
2026-07-09T02:23:09.405151,17006837760,16350347264,656490496,3.9,13887062016,1008533504,1890156544,118947840,2485207040
2026-07-09T02:23:10.405506,17006837760,16350838784,655998976,3.9,13887553536,1008533504,1890156544,118947840,2485207040
2026-07-09T02:23:11.405961,17006837760,16349839360,656998400,3.9,13886554112,1008615424,1890156544,118947840,2485207040
2026-07-09T02:23:12.406261,17006837760,16349593600,657244160,3.9,13886308352,1008615424,1890156544,118947840,2485207040
2026-07-09T02:23:13.406556,17006837760,16350347264,656490496,3.9,13887062016,1008615424,1890156544,118947840,2485223424
2026-07-09T02:23:14.406897,17006837760,16350330880,656506880,3.9,13887045632,1008615424,1890156544,118947840,2485223424
2026-07-09T02:23:15.407175,17006837760,16350576640,656261120,3.9,13887291392,1008615424,1890156544,118947840,2485223424
2026-07-09T02:23:16.407456,17006837760,16350887936,655949824,3.9,13887537152,1008746496,1890222080,118947840,2485223424
2026-07-09T02:23:17.407788,17006837760,16350625792,656211968,3.9,13887275008,1008746496,1890222080,118947840,2485223424
2026-07-09T02:23:18.408118,17006837760,16350150656,656687104,3.9,13886799872,1008746496,1890222080,118947840,2485223424
2026-07-09T02:23:19.408402,17006837760,16350642176,656195584,3.9,13887291392,1008746496,1890222080,118947840,2485223424
2026-07-09T02:23:20.408683,17006837760,16350674944,656162816,3.9,13887324160,1008746496,1890222080,118947840,2485223424
2026-07-09T02:23:21.409042,17006837760,16350674944,656162816,3.9,13887324160,1008746496,1890222080,118947840,2485223424
2026-07-09T02:23:22.409476,17006837760,16351133696,655704064,3.9,13887782912,1008746496,1890222080,118947840,2485223424
2026-07-09T02:23:23.409890,17006837760,16350887936,655949824,3.9,13887537152,1008746496,1890222080,118947840,2485223424
2026-07-09T02:23:24.410376,17006837760,16350150656,656687104,3.9,13886799872,1008746496,1890222080,118947840,2485223424
2026-07-09T02:23:25.410658,17006837760,16348921856,657915904,3.9,13885571072,1008746496,1890222080,118947840,2485239808
2026-07-09T02:23:26.410934,17006837760,16349872128,656965632,3.9,13886521344,1008746496,1890222080,118947840,2485239808
2026-07-09T02:23:27.411214,17006837760,16350117888,656719872,3.9,13886767104,1008746496,1890222080,118947840,2485239808
2026-07-09T02:23:28.411551,17006837760,16350117888,656719872,3.9,13886767104,1008746496,1890222080,118947840,2485239808
2026-07-09T02:23:29.412143,17006837760,16349822976,657014784,3.9,13886472192,1008746496,1890222080,118947840,2485239808
2026-07-09T02:23:30.412632,17006837760,16350314496,656523264,3.9,13886963712,1008746496,1890222080,118947840,2485239808
2026-07-09T02:23:31.412913,17006837760,16350806016,656031744,3.9,13887455232,1008746496,1890222080,118947840,2485239808
2026-07-09T02:23:32.413192,17006837760,16350806016,656031744,3.9,13887455232,1008746496,1890222080,118947840,2485239808
2026-07-09T02:23:33.413475,17006837760,16351363072,655474688,3.9,13888012288,1008746496,1890222080,118947840,2485239808
2026-07-09T02:23:34.413805,17006837760,16335732736,671105024,3.9,13871726592,1009172480,1890828288,118947840,2485895168
