timestamp,total,available,used,percent,free,active,inactive,buffers,cached
2026-07-08T17:41:18.346387,17006837760,16345038848,661798912,3.9,13980811264,971423744,1793851392,112033792,2392653824
2026-07-08T17:41:19.346995,17006837760,16335683584,671154176,3.9,13971456000,986021888,1793851392,112033792,2392686592
2026-07-08T17:41:20.347292,17006837760,16335683584,671154176,3.9,13971456000,986021888,1793851392,112033792,2392686592
2026-07-08T17:41:21.348006,17006837760,16337420288,669417472,3.9,13973159936,986497024,1793884160,112066560,2392686592
2026-07-08T17:41:22.348452,17006837760,16338206720,668631040,3.9,13973946368,986497024,1793884160,112066560,2392686592
2026-07-08T17:41:23.348721,17006837760,16319283200,687554560,4.0,13955022848,1001832448,1793884160,112066560,2392686592
2026-07-08T17:41:24.349061,17006837760,16319283200,687554560,4.0,13955022848,1001832448,1793884160,112066560,2392686592
2026-07-08T17:41:25.349345,17006837760,16320462848,686374912,4.0,13956202496,1001832448,1793884160,112066560,2392686592
2026-07-08T17:41:26.349714,17006837760,16325623808,681213952,4.0,13961363456,1001832448,1793884160,112082944,2392686592
2026-07-08T17:41:27.350103,17006837760,16325623808,681213952,4.0,13961363456,1001832448,1793884160,112082944,2392686592
2026-07-08T17:41:28.350503,17006837760,16326311936,680525824,4.0,13962051584,1001832448,1793884160,112082944,2392686592
2026-07-08T17:41:29.350851,17006837760,16321642496,685195264,4.0,13957382144,1001832448,1793884160,112082944,2392686592
2026-07-08T17:41:30.351174,17006837760,16322723840,684113920,4.0,13958463488,1001832448,1793884160,112082944,2392702976
2026-07-08T17:41:31.351719,17006837760,16324067328,682770432,4.0,13959806976,1001832448,1793884160,112082944,2392702976
2026-07-08T17:41:32.352011,17006837760,16326033408,680804352,4.0,13961773056,1001832448,1793884160,112082944,2392702976
2026-07-08T17:41:33.352357,17006837760,16325050368,681787392,4.0,13960790016,1001832448,1793884160,112082944,2392702976
2026-07-08T17:41:34.354303,17006837760,16324853760,681984000,4.0,13960593408,1001832448,1793884160,112082944,2392702976
2026-07-08T17:41:35.355027,17006837760,16311812096,695025664,4.1,13947551744,1001832448,1793884160,112082944,2392702976
2026-07-08T17:41:36.355886,17006837760,16313597952,693239808,4.1,13949337600,1001832448,1793884160,112099328,2392702976
2026-07-08T17:41:37.356506,17006837760,16314515456,692322304,4.1,13950255104,1001832448,1793884160,112099328,2392702976
2026-07-08T17:41:38.357156,17006837760,16323657728,683180032,4.0,13959397376,1001832448,1793884160,112099328,2392702976
2026-07-08T17:41:39.358284,17006837760,16326410240,680427520,4.0,13962149888,1001832448,1793884160,112099328,2392702976
2026-07-08T17:41:40.358890,17006837760,16330620928,676216832,4.0,13966360576,1001832448,1793884160,112099328,2392702976
2026-07-08T17:41:41.360154,17006837760,16319938560,686899200,4.0,13955678208,1001832448,1793884160,112115712,2392719360
2026-07-08T17:41:42.360620,17006837760,16321626112,685211648,4.0,13957365760,1001832448,1793884160,112115712,2392719360
2026-07-08T17:41:43.361230,17006837760,16309387264,697450496,4.1,13945126912,1001832448,1793884160,112115712,2392719360
2026-07-08T17:41:44.361981,17006837760,16316579840,690257920,4.1,13952319488,1001832448,1793884160,112115712,2392719360
2026-07-08T17:41:45.362647,17006837760,16326983680,679854080,4.0,13962723328,1001832448,1793884160,112115712,2392719360
2026-07-08T17:41:46.363186,17006837760,16333979648,672858112,4.0,13969719296,1001832448,1793884160,112132096,2392719360
2026-07-08T17:41:47.363626,17006837760,16336404480,670433280,3.9,13972045824,1002045440,1793982464,112132096,2392719360
2026-07-08T17:41:48.364083,17006837760,16336945152,669892608,3.9,13972586496,1002045440,1793982464,112132096,2392719360
2026-07-08T17:41:49.364534,17006837760,16339451904,667385856,3.9,13975093248,1002045440,1793982464,112132096,2392719360
2026-07-08T17:41:50.364992,17006837760,16341729280,665108480,3.9,13977370624,1002045440,1793982464,112132096,2392719360
2026-07-08T17:41:51.365479,17006837760,16343023616,663814144,3.9,13978664960,1002045440,1793982464,112132096,2392719360
2026-07-08T17:41:52.365880,17006837760,16344629248,662208512,3.9,13980254208,1002045440,1793998848,112148480,2392719360
2026-07-08T17:41:53.366263,17006837760,16346054656,660783104,3.9,13981679616,1002045440,1793998848,112148480,2392735744
2026-07-08T17:41:54.367189,17006837760,16348037120,658800640,3.9,13983662080,1002045440,1793998848,112148480,2392735744
2026-07-08T17:41:55.367537,17006837760,16349184000,657653760,3.9,13984808960,1002045440,1793998848,112148480,2392735744
2026-07-08T17:41:56.369139,17006837760,16350248960,656588800,3.9,13985873920,1002045440,1793998848,112148480,2392735744
2026-07-08T17:41:57.369583,17006837760,16350101504,656736256,3.9,13985726464,1002045440,1793998848,112164864,2392735744
2026-07-08T17:41:58.371199,17006837760,16350756864,656080896,3.9,13986381824,1002045440,1793998848,112164864,2392735744
2026-07-08T17:41:59.371629,17006837760,16351608832,655228928,3.9,13987233792,1002045440,1793998848,112164864,2392735744
2026-07-08T17:42:00.371942,17006837760,16351821824,655015936,3.9,13987446784,1002045440,1793998848,112164864,2392735744
2026-07-08T17:42:01.372218,17006837760,16350314496,656523264,3.9,13985939456,1002045440,1793998848,112164864,2392735744
2026-07-08T17:42:02.372493,17006837760,16352100352,654737408,3.8,13987725312,1002045440,1793998848,112164864,2392735744
2026-07-08T17:42:03.372771,17006837760,16352854016,653983744,3.8,13988478976,1002045440,1793998848,112164864,2392735744
2026-07-08T17:42:04.373265,17006837760,16350674944,656162816,3.9,13986299904,1002045440,1793998848,112164864,2392752128
2026-07-08T17:42:05.373970,17006837760,16349069312,657768448,3.9,13984694272,1002045440,1793998848,112164864,2392752128
2026-07-08T17:42:06.374566,17006837760,16350576640,656261120,3.9,13986201600,1002045440,1793998848,112164864,2392752128
2026-07-08T17:42:07.375130,17006837760,16351592448,655245312,3.9,13987217408,1002045440,1793998848,112181248,2392752128
2026-07-08T17:42:08.375530,17006837760,16351903744,654934016,3.9,13987528704,1002045440,1793998848,112181248,2392752128
2026-07-08T17:42:09.375829,17006837760,16353116160,653721600,3.8,13988741120,1002045440,1793998848,112181248,2392752128
2026-07-08T17:42:10.376117,17006837760,16352378880,654458880,3.8,13988003840,1002045440,1793998848,112181248,2392752128
2026-07-08T17:42:11.376398,17006837760,16352231424,654606336,3.8,13987856384,1002045440,1793998848,112181248,2392752128
2026-07-08T17:42:12.376676,17006837760,16352755712,654082048,3.8,13988380672,1002045440,1793998848,112197632,2392752128
2026-07-08T17:42:13.376957,17006837760,16353984512,652853248,3.8,13989609472,1002045440,1793998848,112197632,2392752128
2026-07-08T17:42:14.377338,17006837760,16354197504,652640256,3.8,13989822464,1002045440,1793998848,112197632,2392752128
2026-07-08T17:42:15.377703,17006837760,16354918400,651919360,3.8,13990543360,1002045440,1793998848,112197632,2392752128
2026-07-08T17:42:16.378069,17006837760,16355180544,651657216,3.8,13990805504,1002045440,1793998848,112197632,2392768512
2026-07-08T17:42:17.378420,17006837760,16354197504,652640256,3.8,13989806080,1002471424,1794015232,112214016,2392768512
2026-07-08T17:42:18.378808,17006837760,16354181120,652656640,3.8,13989789696,1002471424,1794015232,112214016,2392768512
2026-07-08T17:42:19.379135,17006837760,16354230272,652607488,3.8,13989838848,1002471424,1794015232,112214016,2392768512
2026-07-08T17:42:20.379409,17006837760,16355033088,651804672,3.8,13990641664,1002471424,1794015232,112214016,2392768512
2026-07-08T17:42:21.379687,17006837760,16354557952,652279808,3.8,13990166528,1002471424,1794015232,112214016,2392768512
2026-07-08T17:42:22.379964,17006837760,16354574336,652263424,3.8,13990182912,1002471424,1794015232,112230400,2392768512
2026-07-08T17:42:23.380314,17006837760,16354328576,652509184,3.8,13989937152,1002471424,1794015232,112230400,2392768512
2026-07-08T17:42:24.380658,17006837760,16354787328,652050432,3.8,13990395904,1002471424,1794015232,112230400,2392768512
2026-07-08T17:42:25.380957,17006837760,16355524608,651313152,3.8,13991133184,1002471424,1794015232,112230400,2392768512
2026-07-08T17:42:26.381233,17006837760,16354770944,652066816,3.8,13990379520,1002471424,1794015232,112230400,2392768512
2026-07-08T17:42:27.381594,17006837760,16353296384,653541376,3.8,13988904960,1002471424,1794015232,112246784,2392768512
2026-07-08T17:42:28.381942,17006837760,16355016704,651821056,3.8,13990625280,1002471424,1794015232,112246784,2392784896
2026-07-08T17:42:29.382224,17006837760,16353050624,653787136,3.8,13988659200,1002471424,1794015232,112246784,2392784896
2026-07-08T17:42:30.382567,17006837760,16353050624,653787136,3.8,13988659200,1002471424,1794015232,112246784,2392784896
2026-07-08T17:42:31.383182,17006837760,16355295232,651542528,3.8,13990903808,1002471424,1794015232,112246784,2392784896
2026-07-08T17:42:32.383715,17006837760,16352968704,653869056,3.8,13988577280,1002471424,1794015232,112246784,2392784896
2026-07-08T17:42:33.384006,17006837760,16352329728,654508032,3.8,13987938304,1002520576,1794015232,112246784,2392784896
2026-07-08T17:42:34.384410,17006837760,16352722944,654114816,3.8,13988331520,1002520576,1794015232,112246784,2392784896
2026-07-08T17:42:35.384768,17006837760,16352755712,654082048,3.8,13988364288,1002520576,1794015232,112246784,2392784896
2026-07-08T17:42:36.385130,17006837760,16353247232,653590528,3.8,13988855808,1002520576,1794015232,112246784,2392784896
2026-07-08T17:42:37.385450,17006837760,16353968128,652869632,3.8,13989576704,1002520576,1794015232,112263168,2392784896
2026-07-08T17:42:38.385760,17006837760,16355426304,651411456,3.8,13991034880,1002520576,1794015232,112263168,2392784896
2026-07-08T17:42:39.386039,17006837760,16355737600,651100160,3.8,13991346176,1002520576,1794015232,112263168,2392801280
2026-07-08T17:42:40.386394,17006837760,16356212736,650625024,3.8,13991821312,1002520576,1794015232,112263168,2392801280
2026-07-08T17:42:41.386745,17006837760,16356442112,650395648,3.8,13992050688,1002520576,1794015232,112263168,2392801280
2026-07-08T17:42:42.387101,17006837760,16357343232,649494528,3.8,13992951808,1002520576,1794015232,112279552,2392801280
2026-07-08T17:42:43.387462,17006837760,16355704832,651132928,3.8,13991313408,1002520576,1794015232,112279552,2392801280
2026-07-08T17:42:44.387806,17006837760,16353738752,653099008,3.8,13989347328,1002520576,1794015232,112279552,2392801280
2026-07-08T17:42:45.388149,17006837760,16353722368,653115392,3.8,13989330944,1002520576,1794015232,112279552,2392801280
2026-07-08T17:42:46.388504,17006837760,16354459648,652378112,3.8,13990068224,1002520576,1794015232,112279552,2392801280
2026-07-08T17:42:47.388846,17006837760,16354951168,651886592,3.8,13990559744,1002520576,1794015232,112295936,2392801280
2026-07-08T17:42:48.389201,17006837760,16355590144,651247616,3.8,13991034880,1002586112,1794179072,112295936,2392801280
2026-07-08T17:42:49.389577,17006837760,16355590144,651247616,3.8,13991034880,1002586112,1794179072,112295936,2392801280
2026-07-08T17:42:50.389950,17006837760,16357523456,649314304,3.8,13992968192,1002586112,1794179072,112295936,2392801280
2026-07-08T17:42:51.390299,17006837760,16356704256,650133504,3.8,13992148992,1002586112,1794179072,112295936,2392817664
2026-07-08T17:42:52.390699,17006837760,16352313344,654524416,3.8,13987725312,1003061248,1794211840,112312320,2392817664
2026-07-08T17:42:53.391127,17006837760,16351068160,655769600,3.9,13986480128,1003061248,1794211840,112312320,2392817664
2026-07-08T17:42:54.391495,17006837760,16351002624,655835136,3.9,13986414592,1003061248,1794211840,112312320,2392817664
2026-07-08T17:42:55.391774,17006837760,16351576064,655261696,3.9,13986988032,1003061248,1794211840,112312320,2392817664
2026-07-08T17:42:56.392052,17006837760,16351772672,655065088,3.9,13987184640,1003061248,1794211840,112312320,2392817664
2026-07-08T17:42:57.392383,17006837760,16352247808,654589952,3.8,13987659776,1003061248,1794211840,112328704,2392817664
2026-07-08T17:42:58.392726,17006837760,16353492992,653344768,3.8,13988904960,1003061248,1794211840,112328704,2392817664
2026-07-08T17:42:59.393206,17006837760,16353853440,652984320,3.8,13989265408,1003061248,1794211840,112328704,2392817664
2026-07-08T17:43:00.393635,17006837760,16354852864,651984896,3.8,13990264832,1003061248,1794211840,112328704,2392817664
2026-07-08T17:43:01.393911,17006837760,16355360768,651476992,3.8,13990772736,1003061248,1794211840,112328704,2392817664
2026-07-08T17:43:02.394237,17006837760,16355606528,651231232,3.8,13991018496,1003061248,1794211840,112328704,2392834048
2026-07-08T17:43:03.394533,17006837760,16356900864,649936896,3.8,13992312832,1003061248,1794211840,112328704,2392834048
2026-07-08T17:43:04.394847,17006837760,16357441536,649396224,3.8,13992853504,1003061248,1794211840,112328704,2392834048
2026-07-08T17:43:05.395213,17006837760,16357277696,649560064,3.8,13992689664,1003061248,1794211840,112328704,2392834048
2026-07-08T17:43:06.395530,17006837760,16357982208,648855552,3.8,13993394176,1003061248,1794211840,112328704,2392834048
2026-07-08T17:43:07.395882,17006837760,16358227968,648609792,3.8,13993639936,1003061248,1794211840,112328704,2392834048
2026-07-08T17:43:08.396162,17006837760,16358031360,648806400,3.8,13993394176,1003143168,1794260992,112345088,2392834048
2026-07-08T17:43:09.396446,17006837760,16357457920,649379840,3.8,13992820736,1003143168,1794260992,112345088,2392834048
2026-07-08T17:43:10.396726,17006837760,16357343232,649494528,3.8,13992706048,1003143168,1794260992,112345088,2392834048
2026-07-08T17:43:11.397044,17006837760,16357867520,648970240,3.8,13993230336,1003143168,1794260992,112345088,2392834048
2026-07-08T17:43:12.397416,17006837760,16358342656,648495104,3.8,13993705472,1003143168,1794260992,112345088,2392834048
2026-07-08T17:43:13.398105,17006837760,16358326272,648511488,3.8,13993689088,1003143168,1794260992,112361472,2392834048
2026-07-08T17:43:14.398500,17006837760,16357097472,649740288,3.8,13992460288,1003143168,1794260992,112361472,2392850432
2026-07-08T17:43:15.398780,17006837760,16357326848,649510912,3.8,13992689664,1003143168,1794260992,112361472,2392850432
2026-07-08T17:43:16.399060,17006837760,16357113856,649723904,3.8,13992476672,1003143168,1794260992,112361472,2392850432
2026-07-08T17:43:17.399342,17006837760,16357081088,649756672,3.8,13992443904,1003143168,1794260992,112361472,2392850432
2026-07-08T17:43:18.399675,17006837760,16356671488,650166272,3.8,13992017920,1003143168,1794260992,112377856,2392866816
2026-07-08T17:43:19.400113,17006837760,16355360768,651476992,3.8,13990625280,1003143168,1794342912,112377856,2392866816
2026-07-08T17:43:20.400611,17006837760,16355360768,651476992,3.8,13990625280,1003143168,1794342912,112377856,2392866816
2026-07-08T17:43:21.400964,17006837760,16357081088,649756672,3.8,13992345600,1003143168,1794342912,112377856,2392866816
2026-07-08T17:43:22.401249,17006837760,16356540416,650297344,3.8,13991804928,1003143168,1794342912,112377856,2392866816
2026-07-08T17:43:23.401531,17006837760,16355065856,651771904,3.8,13990330368,1003143168,1794342912,112394240,2392866816
2026-07-08T17:43:24.401806,17006837760,16356343808,650493952,3.8,13991608320,1003143168,1794342912,112394240,2392866816
2026-07-08T17:43:25.402147,17006837760,16356409344,650428416,3.8,13991673856,1003143168,1794342912,112394240,2392883200
2026-07-08T17:43:26.402571,17006837760,16356425728,650412032,3.8,13991690240,1003143168,1794342912,112394240,2392883200
2026-07-08T17:43:27.403029,17006837760,16353198080,653639680,3.8,13988462592,1003143168,1794342912,112394240,2392883200
2026-07-08T17:43:28.403309,17006837760,16352460800,654376960,3.8,13987725312,1003143168,1794342912,112410624,2392883200
2026-07-08T17:43:29.403588,17006837760,16354541568,652296192,3.8,13989806080,1003143168,1794342912,112410624,2392883200
2026-07-08T17:43:30.403873,17006837760,16355049472,651788288,3.8,13990313984,1003143168,1794342912,112410624,2392883200
2026-07-08T17:43:31.404158,17006837760,16355540992,651296768,3.8,13990805504,1003143168,1794342912,112410624,2392883200
2026-07-08T17:43:32.404570,17006837760,16356900864,649936896,3.8,13992165376,1003143168,1794342912,112410624,2392883200
2026-07-08T17:43:33.404925,17006837760,16354934784,651902976,3.8,13990199296,1003143168,1794342912,112410624,2392883200
2026-07-08T17:43:34.405223,17006837760,16353935360,652902400,3.8,13989199872,1003143168,1794342912,112410624,2392883200
2026-07-08T17:43:35.405511,17006837760,16354230272,652607488,3.8,13989494784,1003143168,1794342912,112410624,2392883200
2026-07-08T17:43:36.405788,17006837760,16354967552,651870208,3.8,13990232064,1003143168,1794342912,112410624,2392883200
2026-07-08T17:43:37.406064,17006837760,16356163584,650674176,3.8,13991428096,1003143168,1794342912,112410624,2392899584
2026-07-08T17:43:38.406343,17006837760,16355950592,650887168,3.8,13991215104,1003143168,1794342912,112427008,2392899584
2026-07-08T17:43:39.406621,17006837760,16356655104,650182656,3.8,13991919616,1003143168,1794342912,112427008,2392899584
2026-07-08T17:43:40.406904,17006837760,16357113856,649723904,3.8,13992378368,1003143168,1794342912,112427008,2392899584
2026-07-08T17:43:41.407186,17006837760,16356130816,650706944,3.8,13991395328,1003143168,1794342912,112427008,2392899584
2026-07-08T17:43:42.407466,17006837760,16354410496,652427264,3.8,13989675008,1003143168,1794342912,112427008,2392899584
2026-07-08T17:43:43.407745,17006837760,16353689600,653148160,3.8,13988954112,1003143168,1794342912,112443392,2392899584
2026-07-08T17:43:44.408084,17006837760,16352952320,653885440,3.8,13988216832,1003290624,1794342912,112443392,2392899584
2026-07-08T17:43:45.408448,17006837760,16350986240,655851520,3.9,13986250752,1003290624,1794342912,112443392,2392899584
2026-07-08T17:43:46.408810,17006837760,16351739904,655097856,3.9,13987004416,1003290624,1794342912,112443392,2392899584
2026-07-08T17:43:47.409176,17006837760,16353263616,653574144,3.8,13988528128,1003290624,1794342912,112443392,2392899584
2026-07-08T17:43:48.409489,17006837760,16352034816,654802944,3.9,13987299328,1003290624,1794342912,112459776,2392915968
2026-07-08T17:43:49.409771,17006837760,16352051200,654786560,3.9,13987299328,1003732992,1794359296,112459776,2392915968
2026-07-08T17:43:50.410049,17006837760,16352526336,654311424,3.8,13987774464,1003732992,1794359296,112459776,2392915968
2026-07-08T17:43:51.410328,17006837760,16354574336,652263424,3.8,13989822464,1003732992,1794359296,112459776,2392915968
2026-07-08T17:43:52.410608,17006837760,16354574336,652263424,3.8,13989822464,1003732992,1794359296,112459776,2392915968
2026-07-08T17:43:53.410949,17006837760,16353083392,653754368,3.8,13988331520,1003732992,1794359296,112476160,2392915968
2026-07-08T17:43:54.411298,17006837760,16353820672,653017088,3.8,13989068800,1003732992,1794359296,112476160,2392915968
2026-07-08T17:43:55.411786,17006837760,16354557952,652279808,3.8,13989806080,1003732992,1794359296,112476160,2392915968
2026-07-08T17:43:56.412273,17006837760,16354803712,652034048,3.8,13990051840,1003732992,1794359296,112476160,2392915968
2026-07-08T17:43:57.412712,17006837760,16353492992,653344768,3.8,13988708352,1004716032,1794392064,112476160,2392915968
2026-07-08T17:43:58.413058,17006837760,16353492992,653344768,3.8,13988708352,1004716032,1794392064,112492544,2392915968
2026-07-08T17:43:59.413451,17006837760,16352346112,654491648,3.8,13987561472,1004716032,1794392064,112492544,2392915968
2026-07-08T17:44:00.413833,17006837760,16352526336,654311424,3.8,13987741696,1004716032,1794392064,112492544,2392932352
2026-07-08T17:44:01.414212,17006837760,16353722368,653115392,3.8,13988937728,1004716032,1794392064,112492544,2392932352
2026-07-08T17:44:02.414652,17006837760,16354803712,652034048,3.8,13990019072,1004716032,1794392064,112492544,2392932352
2026-07-08T17:44:03.415158,17006837760,16355016704,651821056,3.8,13990232064,1004716032,1794392064,112492544,2392932352
2026-07-08T17:44:04.415458,17006837760,16355901440,650936320,3.8,13991116800,1004716032,1794392064,112492544,2392932352
2026-07-08T17:44:05.415738,17006837760,16352444416,654393344,3.8,13987659776,1004716032,1794392064,112492544,2392932352
2026-07-08T17:44:06.416010,17006837760,16352280576,654557184,3.8,13987495936,1004716032,1794392064,112492544,2392932352
2026-07-08T17:44:07.416363,17006837760,16350593024,656244736,3.9,13985808384,1004716032,1794392064,112492544,2392932352
2026-07-08T17:44:08.416706,17006837760,16350085120,656752640,3.9,13985300480,1004716032,1794392064,112492544,2392932352
2026-07-08T17:44:09.417118,17006837760,16349741056,657096704,3.9,13984956416,1004716032,1794392064,112508928,2392932352
2026-07-08T17:44:10.417573,17006837760,16347709440,659128320,3.9,13982924800,1004716032,1794392064,112508928,2392932352
2026-07-08T17:44:11.417924,17006837760,16348037120,658800640,3.9,13983252480,1004716032,1794392064,112508928,2392932352
2026-07-08T17:44:12.421489,17006837760,16350085120,656752640,3.9,13985300480,1004716032,1794392064,112508928,2392948736
2026-07-08T17:44:13.421888,17006837760,16350511104,656326656,3.9,13985726464,1004716032,1794392064,112508928,2392948736
2026-07-08T17:44:14.422206,17006837760,16349396992,657440768,3.9,13984612352,1004716032,1794392064,112525312,2392948736
2026-07-08T17:44:15.422541,17006837760,16351264768,655572992,3.9,13986480128,1004716032,1794392064,112525312,2392948736
2026-07-08T17:44:16.422823,17006837760,16352034816,654802944,3.9,13987250176,1004716032,1794392064,112525312,2392948736
2026-07-08T17:44:17.423160,17006837760,16352264192,654573568,3.8,13987479552,1004716032,1794392064,112525312,2392948736
2026-07-08T17:44:18.423510,17006837760,16353214464,653623296,3.8,13988429824,1004716032,1794392064,112525312,2392948736
2026-07-08T17:44:19.423865,17006837760,16352919552,653918208,3.8,13988134912,1004716032,1794392064,112541696,2392948736
2026-07-08T17:44:20.424240,17006837760,16353083392,653754368,3.8,13988298752,1004830720,1794392064,112541696,2392948736
2026-07-08T17:44:21.424564,17006837760,16354181120,652656640,3.8,13989396480,1004830720,1794392064,112541696,2392948736
2026-07-08T17:44:22.424928,17006837760,16354951168,651886592,3.8,13990166528,1004830720,1794392064,112541696,2392948736
2026-07-08T17:44:23.425247,17006837760,16351346688,655491072,3.9,13986562048,1004830720,1794392064,112541696,2392965120
2026-07-08T17:44:24.425522,17006837760,16351576064,655261696,3.9,13986791424,1004830720,1794392064,112558080,2392965120
2026-07-08T17:44:25.425848,17006837760,16353853440,652984320,3.8,13989068800,1004830720,1794392064,112558080,2392965120
2026-07-08T17:44:26.426223,17006837760,16352116736,654721024,3.8,13987332096,1004830720,1794392064,112558080,2392965120
2026-07-08T17:44:27.426740,17006837760,16352362496,654475264,3.8,13987577856,1004830720,1794392064,112558080,2392965120
2026-07-08T17:44:28.427121,17006837760,16354115584,652722176,3.8,13989330944,1004830720,1794392064,112558080,2392965120
2026-07-08T17:44:29.427504,17006837760,16353132544,653705216,3.8,13988347904,1004830720,1794392064,112574464,2392965120
2026-07-08T17:44:30.427883,17006837760,16353443840,653393920,3.8,13988659200,1004830720,1794392064,112574464,2392965120
2026-07-08T17:44:31.428248,17006837760,16354410496,652427264,3.8,13989625856,1004830720,1794392064,112574464,2392965120
2026-07-08T17:44:32.428635,17006837760,16354410496,652427264,3.8,13989625856,1004830720,1794392064,112574464,2392965120
2026-07-08T17:44:33.429022,17006837760,16353165312,653672448,3.8,13988380672,1004830720,1794392064,112574464,2392965120
2026-07-08T17:44:34.429405,17006837760,16352231424,654606336,3.8,13987446784,1004830720,1794392064,112574464,2392965120
2026-07-08T17:44:35.429776,17006837760,16352493568,654344192,3.8,13987708928,1004830720,1794392064,112574464,2392981504
2026-07-08T17:44:36.433533,17006837760,16352903168,653934592,3.8,13988118528,1004830720,1794392064,112574464,2392981504
2026-07-08T17:44:37.433879,17006837760,16350937088,655900672,3.9,13986152448,1004830720,1794392064,112574464,2392981504
2026-07-08T17:44:38.434160,17006837760,16350445568,656392192,3.9,13985660928,1004830720,1794392064,112574464,2392981504
2026-07-08T17:44:39.434439,17006837760,16350707712,656130048,3.9,13985923072,1004830720,1794392064,112590848,2392981504
2026-07-08T17:44:40.434718,17006837760,16351920128,654917632,3.9,13987135488,1004830720,1794392064,112590848,2392981504
2026-07-08T17:44:41.434996,17006837760,16352657408,654180352,3.8,13987872768,1004830720,1794392064,112590848,2392981504
2026-07-08T17:44:42.435278,17006837760,16353148928,653688832,3.8,13988364288,1004830720,1794392064,112590848,2392981504
2026-07-08T17:44:43.435573,17006837760,16354607104,652230656,3.8,13989822464,1004830720,1794392064,112590848,2392981504
2026-07-08T17:44:44.435878,17006837760,16355065856,651771904,3.8,13990281216,1004830720,1794392064,112607232,2392981504
2026-07-08T17:44:45.436185,17006837760,16355524608,651313152,3.8,13990739968,1004830720,1794392064,112607232,2392981504
2026-07-08T17:44:46.436490,17006837760,16355770368,651067392,3.8,13990985728,1004830720,1794392064,112607232,2392981504
2026-07-08T17:44:47.436824,17006837760,16354885632,651952128,3.8,13990100992,1004830720,1794392064,112607232,2392997888
2026-07-08T17:44:48.437473,17006837760,16355147776,651689984,3.8,13990363136,1004830720,1794392064,112607232,2392997888
2026-07-08T17:44:49.437882,17006837760,16355049472,651788288,3.8,13990264832,1004830720,1794392064,112623616,2392997888
2026-07-08T17:44:50.438330,17006837760,16355049472,651788288,3.8,13990264832,1004830720,1794392064,112623616,2392997888
2026-07-08T17:44:51.438875,17006837760,16354361344,652476416,3.8,13989543936,1004929024,1794424832,112623616,2392997888
2026-07-08T17:44:52.439238,17006837760,16354115584,652722176,3.8,13989298176,1004929024,1794424832,112623616,2392997888
2026-07-08T17:44:53.439665,17006837760,16355000320,651837440,3.8,13990182912,1004929024,1794424832,112623616,2392997888
2026-07-08T17:44:54.439997,17006837760,16354017280,652820480,3.8,13989199872,1004929024,1794424832,112640000,2392997888
2026-07-08T17:44:55.440341,17006837760,16354328576,652509184,3.8,13989511168,1004929024,1794424832,112640000,2392997888
2026-07-08T17:44:56.440621,17006837760,16354820096,652017664,3.8,13989724160,1004945408,1794703360,112640000,2393014272
2026-07-08T17:44:57.440899,17006837760,16355295232,651542528,3.8,13990199296,1004945408,1794703360,112640000,2393014272
2026-07-08T17:44:58.441226,17006837760,16355786752,651051008,3.8,13990690816,1004945408,1794703360,112640000,2393014272
2026-07-08T17:44:59.441670,17006837760,16353574912,653262848,3.8,13988478976,1004945408,1794703360,112656384,2393014272
2026-07-08T17:45:00.441945,17006837760,16352837632,654000128,3.8,13987741696,1004945408,1794703360,112656384,2393014272
2026-07-08T17:45:01.442285,17006837760,16354394112,652443648,3.8,13989298176,1004945408,1794703360,112656384,2393014272
2026-07-08T17:45:02.442616,17006837760,16354885632,651952128,3.8,13989789696,1004945408,1794703360,112656384,2393014272
2026-07-08T17:45:03.442935,17006837760,16353165312,653672448,3.8,13988069376,1004945408,1794703360,112656384,2393014272
2026-07-08T17:45:04.443271,17006837760,16351182848,655654912,3.9,13986086912,1004945408,1794703360,112656384,2393014272
2026-07-08T17:45:05.443563,17006837760,16350707712,656130048,3.9,13985611776,1004945408,1794703360,112656384,2393014272
2026-07-08T17:45:06.443841,17006837760,16349233152,657604608,3.9,13984137216,1004945408,1794703360,112656384,2393014272
2026-07-08T17:45:07.444114,17006837760,16351199232,655638528,3.9,13986103296,1004945408,1794703360,112656384,2393030656
2026-07-08T17:45:08.444391,17006837760,16351199232,655638528,3.9,13986103296,1004945408,1794703360,112656384,2393030656
2026-07-08T17:45:09.444668,17006837760,16352280576,654557184,3.8,13987184640,1004945408,1794703360,112672768,2393030656
2026-07-08T17:45:10.445002,17006837760,16352935936,653901824,3.8,13987840000,1004945408,1794703360,112672768,2393030656
2026-07-08T17:45:11.445398,17006837760,16351608832,655228928,3.9,13986512896,1004945408,1794703360,112672768,2393030656
2026-07-08T17:45:12.445886,17006837760,16352100352,654737408,3.8,13987004416,1004945408,1794703360,112672768,2393030656
2026-07-08T17:45:13.446206,17006837760,16352509952,654327808,3.8,13987414016,1004945408,1794703360,112672768,2393030656
2026-07-08T17:45:14.446486,17006837760,16350576640,656261120,3.9,13985480704,1004945408,1794703360,112689152,2393030656
2026-07-08T17:45:15.446879,17006837760,16351281152,655556608,3.9,13986185216,1004945408,1794703360,112689152,2393030656
2026-07-08T17:45:16.447218,17006837760,16353198080,653639680,3.8,13988102144,1004945408,1794703360,112689152,2393030656
2026-07-08T17:45:17.447567,17006837760,16353198080,653639680,3.8,13988102144,1004945408,1794703360,112689152,2393047040
2026-07-08T17:45:18.447947,17006837760,16353476608,653361152,3.8,13988380672,1004945408,1794703360,112689152,2393047040
2026-07-08T17:45:19.448275,17006837760,16354443264,652394496,3.8,13989347328,1004945408,1794703360,112689152,2393047040
2026-07-08T17:45:20.448555,17006837760,16354394112,652443648,3.8,13989298176,1004945408,1794703360,112705536,2393047040
2026-07-08T17:45:21.448834,17006837760,16353886208,652951552,3.8,13988790272,1004945408,1794703360,112705536,2393047040
2026-07-08T17:45:22.449259,17006837760,16354197504,652640256,3.8,13989036032,1005125632,1794768896,112705536,2393047040
2026-07-08T17:45:23.449721,17006837760,16353705984,653131776,3.8,13988544512,1005125632,1794768896,112705536,2393047040
2026-07-08T17:45:24.450112,17006837760,16351739904,655097856,3.9,13986578432,1005125632,1794768896,112705536,2393047040
2026-07-08T17:45:25.450462,17006837760,16351494144,655343616,3.9,13986332672,1005125632,1794768896,112721920,2393047040
2026-07-08T17:45:26.450809,17006837760,16353214464,653623296,3.8,13988052992,1005125632,1794768896,112721920,2393047040
2026-07-08T17:45:27.453537,17006837760,16354476032,652361728,3.8,13989314560,1005125632,1794768896,112721920,2393047040
2026-07-08T17:45:28.453946,17006837760,16353247232,653590528,3.8,13988085760,1005125632,1794768896,112721920,2393063424
2026-07-08T17:45:29.454228,17006837760,16353902592,652935168,3.8,13988741120,1005125632,1794768896,112721920,2393063424
2026-07-08T17:45:30.454518,17006837760,16352673792,654163968,3.8,13987512320,1005125632,1794768896,112738304,2393063424
2026-07-08T17:45:31.454797,17006837760,16352182272,654655488,3.8,13987020800,1005125632,1794768896,112738304,2393063424
2026-07-08T17:45:32.455071,17006837760,16354148352,652689408,3.8,13988986880,1005125632,1794768896,112738304,2393063424
2026-07-08T17:45:33.455409,17006837760,16354607104,652230656,3.8,13989445632,1005125632,1794768896,112738304,2393063424
2026-07-08T17:45:34.455769,17006837760,16353624064,653213696,3.8,13988462592,1005125632,1794768896,112738304,2393063424
2026-07-08T17:45:35.456111,17006837760,16353837056,653000704,3.8,13988675584,1005125632,1794768896,112738304,2393063424
2026-07-08T17:45:36.456458,17006837760,16354754560,652083200,3.8,13989593088,1005125632,1794768896,112738304,2393063424
2026-07-08T17:45:37.456816,17006837760,16354852864,651984896,3.8,13989593088,1005158400,1794867200,112738304,2393063424
2026-07-08T17:45:38.457175,17006837760,16354852864,651984896,3.8,13989593088,1005158400,1794867200,112738304,2393063424
2026-07-08T17:45:39.457585,17006837760,16356065280,650772480,3.8,13990805504,1005158400,1794867200,112738304,2393063424
2026-07-08T17:45:40.457930,17006837760,16355328000,651509760,3.8,13990068224,1005158400,1794867200,112754688,2393079808
2026-07-08T17:45:41.458266,17006837760,16354099200,652738560,3.8,13988839424,1005158400,1794867200,112754688,2393079808
2026-07-08T17:45:42.458601,17006837760,16354557952,652279808,3.8,13989298176,1005158400,1794867200,112754688,2393079808
2026-07-08T17:45:43.458934,17006837760,16355311616,651526144,3.8,13990051840,1005158400,1794867200,112754688,2393079808
2026-07-08T17:45:44.459226,17006837760,16355557376,651280384,3.8,13990297600,1005158400,1794867200,112754688,2393079808
2026-07-08T17:45:45.459501,17006837760,16355622912,651214848,3.8,13990363136,1005158400,1794867200,112771072,2393079808
2026-07-08T17:45:46.459791,17006837760,16355246080,651591680,3.8,13989986304,1005158400,1794867200,112771072,2393079808
2026-07-08T17:45:47.460071,17006837760,16353771520,653066240,3.8,13988511744,1005158400,1794867200,112771072,2393079808
2026-07-08T17:45:48.461500,17006837760,16354017280,652820480,3.8,13988757504,1005158400,1794867200,112771072,2393079808
2026-07-08T17:45:49.461881,17006837760,16352804864,654032896,3.8,13987545088,1005158400,1794867200,112771072,2393079808
2026-07-08T17:45:50.462224,17006837760,16351903744,654934016,3.9,13986643968,1005158400,1794867200,112787456,2393079808
2026-07-08T17:45:51.462518,17006837760,16350183424,656654336,3.9,13984923648,1005158400,1794867200,112787456,2393096192
2026-07-08T17:45:52.462806,17006837760,16348594176,658243584,3.9,13983318016,1005289472,1794883584,112787456,2393096192
2026-07-08T17:45:53.463194,17006837760,16345219072,661618688,3.9,13979942912,1005289472,1794883584,112787456,2393096192
2026-07-08T17:45:54.463502,17006837760,16344104960,662732800,3.9,13978828800,1005289472,1794883584,112787456,2393096192
2026-07-08T17:45:55.463812,17006837760,16346005504,660832256,3.9,13980729344,1005289472,1794883584,112803840,2393096192
2026-07-08T17:45:56.464170,17006837760,16347561984,659275776,3.9,13982285824,1005289472,1794883584,112803840,2393096192
2026-07-08T17:45:57.464541,17006837760,16349069312,657768448,3.9,13983793152,1005289472,1794883584,112803840,2393096192
2026-07-08T17:45:58.465014,17006837760,16350232576,656605184,3.9,13984956416,1005289472,1794883584,112803840,2393096192
2026-07-08T17:45:59.465468,17006837760,16350560256,656277504,3.9,13985284096,1005289472,1794883584,112803840,2393096192
2026-07-08T17:46:00.465781,17006837760,16350871552,655966208,3.9,13985595392,1005289472,1794883584,112820224,2393096192
2026-07-08T17:46:01.466058,17006837760,16352247808,654589952,3.8,13986971648,1005289472,1794883584,112820224,2393096192
2026-07-08T17:46:02.466334,17006837760,16353083392,653754368,3.8,13987807232,1005289472,1794883584,112820224,2393096192
2026-07-08T17:46:03.466627,17006837760,16353083392,653754368,3.8,13987807232,1005289472,1794883584,112820224,2393112576
2026-07-08T17:46:04.466983,17006837760,16353312768,653524992,3.8,13988036608,1005289472,1794883584,112820224,2393112576
2026-07-08T17:46:05.467302,17006837760,16353968128,652869632,3.8,13988691968,1005289472,1794883584,112820224,2393112576
2026-07-08T17:46:06.467582,17006837760,16354476032,652361728,3.8,13989199872,1005289472,1794883584,112820224,2393112576
2026-07-08T17:46:07.467944,17006837760,16354902016,651935744,3.8,13989625856,1005289472,1794883584,112820224,2393112576
2026-07-08T17:46:08.468260,17006837760,16355393536,651444224,3.8,13990117376,1005289472,1794883584,112820224,2393112576
2026-07-08T17:46:09.468588,17006837760,16355393536,651444224,3.8,13990117376,1005289472,1794883584,112820224,2393112576
2026-07-08T17:46:10.468943,17006837760,16355393536,651444224,3.8,13990117376,1005289472,1794883584,112836608,2393112576
2026-07-08T17:46:11.469560,17006837760,16355393536,651444224,3.8,13990117376,1005289472,1794883584,112836608,2393112576
2026-07-08T17:46:12.470092,17006837760,16355639296,651198464,3.8,13990363136,1005289472,1794883584,112836608,2393112576
2026-07-08T17:46:13.470387,17006837760,16354787328,652050432,3.8,13989462016,1005338624,1794932736,112836608,2393128960
2026-07-08T17:46:14.470693,17006837760,16352821248,654016512,3.8,13987495936,1005338624,1794932736,112836608,2393128960
2026-07-08T17:46:15.470983,17006837760,16352067584,654770176,3.9,13986742272,1005338624,1794932736,112836608,2393128960
2026-07-08T17:46:16.471432,17006837760,16352133120,654704640,3.8,13986807808,1005338624,1794932736,112852992,2393128960
2026-07-08T17:46:17.471840,17006837760,16352411648,654426112,3.8,13987086336,1005338624,1794932736,112852992,2393128960
2026-07-08T17:46:18.472120,17006837760,16354148352,652689408,3.8,13988823040,1005338624,1794932736,112852992,2393128960
2026-07-08T17:46:19.472400,17006837760,16353640448,653197312,3.8,13988315136,1005338624,1794932736,112852992,2393128960
2026-07-08T17:46:20.472744,17006837760,16354115584,652722176,3.8,13988790272,1005338624,1794932736,112852992,2393128960
2026-07-08T17:46:21.473122,17006837760,16353673216,653164544,3.8,13988347904,1005338624,1794932736,112869376,2393128960
2026-07-08T17:46:22.473518,17006837760,16354164736,652673024,3.8,13988839424,1005338624,1794932736,112869376,2393128960
2026-07-08T17:46:23.474038,17006837760,16354230272,652607488,3.8,13988839424,1005387776,1794998272,112869376,2393128960
2026-07-08T17:46:24.474405,17006837760,16354230272,652607488,3.8,13988839424,1005387776,1794998272,112869376,2393128960
2026-07-08T17:46:25.474792,17006837760,16355442688,651395072,3.8,13990051840,1005387776,1794998272,112869376,2393145344
2026-07-08T17:46:26.475194,17006837760,16355688448,651149312,3.8,13990297600,1005387776,1794998272,112885760,2393145344
2026-07-08T17:46:27.475519,17006837760,16355426304,651411456,3.8,13990035456,1005387776,1794998272,112885760,2393145344
2026-07-08T17:46:28.475843,17006837760,16355426304,651411456,3.8,13990035456,1005387776,1794998272,112885760,2393145344
2026-07-08T17:46:29.476161,17006837760,16352231424,654606336,3.8,13986840576,1005387776,1794998272,112885760,2393145344
2026-07-08T17:46:30.476474,17006837760,16352460800,654376960,3.8,13987069952,1005387776,1794998272,112885760,2393145344
2026-07-08T17:46:31.476792,17006837760,16354508800,652328960,3.8,13989117952,1005387776,1794998272,112902144,2393145344
2026-07-08T17:46:32.477143,17006837760,16354246656,652591104,3.8,13988855808,1005387776,1794998272,112902144,2393145344
2026-07-08T17:46:33.477471,17006837760,16354000896,652836864,3.8,13988610048,1005387776,1794998272,112902144,2393145344
2026-07-08T17:46:34.477796,17006837760,16354672640,652165120,3.8,13989281792,1005387776,1794998272,112902144,2393145344
2026-07-08T17:46:35.478108,17006837760,16355164160,651673600,3.8,13989773312,1005387776,1794998272,112902144,2393145344
2026-07-08T17:46:36.478404,17006837760,16352952320,653885440,3.8,13987561472,1005387776,1794998272,112918528,2393161728
2026-07-08T17:46:37.478798,17006837760,16352968704,653869056,3.8,13987577856,1005387776,1794998272,112918528,2393161728
2026-07-08T17:46:38.479220,17006837760,16353935360,652902400,3.8,13988544512,1005387776,1794998272,112918528,2393161728
2026-07-08T17:46:39.479697,17006837760,16353935360,652902400,3.8,13988544512,1005387776,1794998272,112918528,2393161728
2026-07-08T17:46:40.480078,17006837760,16353689600,653148160,3.8,13988298752,1005387776,1794998272,112918528,2393161728
2026-07-08T17:46:41.480510,17006837760,16354377728,652460032,3.8,13988986880,1005387776,1794998272,112918528,2393161728
2026-07-08T17:46:42.481007,17006837760,16352428032,654409728,3.8,13987037184,1005387776,1794998272,112918528,2393161728
2026-07-08T17:46:43.481319,17006837760,16352559104,654278656,3.8,13987168256,1005387776,1794998272,112918528,2393161728
2026-07-08T17:46:44.481627,17006837760,16353673216,653164544,3.8,13988282368,1005387776,1794998272,112918528,2393161728
2026-07-08T17:46:45.481942,17006837760,16354148352,652689408,3.8,13988757504,1005387776,1794998272,112918528,2393161728
2026-07-08T17:46:46.482244,17006837760,16354541568,652296192,3.8,13989150720,1005387776,1794998272,112934912,2393161728
2026-07-08T17:46:47.482647,17006837760,16353558528,653279232,3.8,13988167680,1005387776,1794998272,112934912,2393161728
2026-07-08T17:46:48.482937,17006837760,16352313344,654524416,3.8,13986922496,1005387776,1794998272,112934912,2393178112
2026-07-08T17:46:49.483231,17006837760,16353443840,653393920,3.8,13987971072,1005387776,1795080192,112934912,2393178112
2026-07-08T17:46:50.483512,17006837760,16353443840,653393920,3.8,13987971072,1005387776,1795080192,112934912,2393178112
2026-07-08T17:46:51.483883,17006837760,16353705984,653131776,3.8,13988233216,1005387776,1795080192,112951296,2393178112
2026-07-08T17:46:52.484276,17006837760,16354672640,652165120,3.8,13989199872,1005387776,1795080192,112951296,2393178112
2026-07-08T17:46:53.484634,17006837760,16355655680,651182080,3.8,13990182912,1005387776,1795080192,112951296,2393178112
2026-07-08T17:46:54.485047,17006837760,16355737600,651100160,3.8,13990182912,1005387776,1795162112,112951296,2393178112
2026-07-08T17:46:55.485383,17006837760,16355983360,650854400,3.8,13990428672,1005387776,1795162112,112951296,2393178112
2026-07-08T17:46:56.485762,17006837760,16356229120,650608640,3.8,13990674432,1005387776,1795162112,112967680,2393178112
2026-07-08T17:46:57.486044,17006837760,16355491840,651345920,3.8,13989937152,1005387776,1795162112,112967680,2393178112
2026-07-08T17:46:58.486323,17006837760,16355229696,651608064,3.8,13989675008,1005387776,1795162112,112967680,2393178112
2026-07-08T17:46:59.486603,17006837760,16354476032,652361728,3.8,13988921344,1005387776,1795162112,112967680,2393194496
2026-07-08T17:47:00.486920,17006837760,16354476032,652361728,3.8,13988921344,1005387776,1795162112,112967680,2393194496
2026-07-08T17:47:01.487372,17006837760,16353755136,653082624,3.8,13988200448,1005387776,1795162112,112984064,2393194496
2026-07-08T17:47:02.487917,17006837760,16353247232,653590528,3.8,13987692544,1005387776,1795162112,112984064,2393194496
2026-07-08T17:47:03.488355,17006837760,16352493568,654344192,3.8,13986938880,1005387776,1795162112,112984064,2393194496
2026-07-08T17:47:04.488728,17006837760,16353214464,653623296,3.8,13987659776,1005387776,1795162112,112984064,2393194496
2026-07-08T17:47:05.489122,17006837760,16353345536,653492224,3.8,13987790848,1005387776,1795162112,112984064,2393194496
2026-07-08T17:47:06.489538,17006837760,16349659136,657178624,3.9,13984104448,1005387776,1795162112,113000448,2393194496
2026-07-08T17:47:07.489870,17006837760,16344514560,662323200,3.9,13978959872,1005387776,1795162112,113000448,2393194496
2026-07-08T17:47:08.490215,17006837760,16342745088,664092672,3.9,13977190400,1005387776,1795162112,113000448,2393194496
2026-07-08T17:47:09.490571,17006837760,16343187456,663650304,3.9,13977632768,1005387776,1795162112,113000448,2393194496
2026-07-08T17:47:10.491030,17006837760,16345710592,661127168,3.9,13980155904,1005387776,1795162112,113000448,2393210880
2026-07-08T17:47:11.491378,17006837760,16346824704,660013056,3.9,13981270016,1005387776,1795162112,113000448,2393210880
2026-07-08T17:47:12.491757,17006837760,16349134848,657702912,3.9,13983580160,1005387776,1795162112,113000448,2393210880
2026-07-08T17:47:13.492149,17006837760,16350724096,656113664,3.9,13985169408,1005387776,1795162112,113000448,2393210880
2026-07-08T17:47:14.492564,17006837760,16351215616,655622144,3.9,13985660928,1005387776,1795162112,113000448,2393210880
2026-07-08T17:47:15.492968,17006837760,16352133120,654704640,3.8,13986578432,1005387776,1795162112,113000448,2393210880
2026-07-08T17:47:16.493355,17006837760,16350707712,656130048,3.9,13985153024,1005387776,1795162112,113016832,2393194496
2026-07-08T17:47:17.493721,17006837760,16350429184,656408576,3.9,13984874496,1005387776,1795162112,113016832,2393210880
2026-07-08T17:47:18.494107,17006837760,16352329728,654508032,3.8,13986775040,1005387776,1795162112,113016832,2393210880
2026-07-08T17:47:19.494476,17006837760,16352722944,654114816,3.8,13987168256,1005387776,1795162112,113016832,2393210880
2026-07-08T17:47:20.494839,17006837760,16352624640,654213120,3.8,13987069952,1005387776,1795162112,113016832,2393210880
2026-07-08T17:47:21.495252,17006837760,16354033664,652804096,3.8,13988478976,1005387776,1795162112,113016832,2393210880
2026-07-08T17:47:22.495859,17006837760,16354263040,652574720,3.8,13988708352,1005387776,1795162112,113033216,2393227264
2026-07-08T17:47:23.496243,17006837760,16353771520,653066240,3.8,13988216832,1005387776,1795162112,113033216,2393227264
2026-07-08T17:47:24.496920,17006837760,16354246656,652591104,3.8,13988691968,1005387776,1795162112,113033216,2393227264
2026-07-08T17:47:25.497524,17006837760,16355475456,651362304,3.8,13989920768,1005420544,1795162112,113033216,2393227264
2026-07-08T17:47:26.497923,17006837760,16351297536,655540224,3.9,13985742848,1005420544,1795162112,113033216,2393227264
2026-07-08T17:47:27.498252,17006837760,16349052928,657784832,3.9,13983498240,1005420544,1795162112,113049600,2393227264
2026-07-08T17:47:28.498559,17006837760,16350658560,656179200,3.9,13985103872,1005420544,1795162112,113049600,2393227264
2026-07-08T17:47:29.498897,17006837760,16351821824,655015936,3.9,13986267136,1005420544,1795162112,113049600,2393227264
2026-07-08T17:47:30.499255,17006837760,16352313344,654524416,3.8,13986758656,1005420544,1795162112,113049600,2393227264
2026-07-08T17:47:31.499622,17006837760,16351821824,655015936,3.9,13986267136,1005420544,1795162112,113049600,2393227264
2026-07-08T17:47:32.499934,17006837760,16353034240,653803520,3.8,13987479552,1005420544,1795162112,113065984,2393243648
2026-07-08T17:47:33.500228,17006837760,16354230272,652607488,3.8,13988675584,1005420544,1795162112,113065984,2393243648
2026-07-08T17:47:34.500515,17006837760,16353738752,653099008,3.8,13988184064,1005420544,1795162112,113065984,2393243648
2026-07-08T17:47:35.500880,17006837760,16353509376,653328384,3.8,13987954688,1005420544,1795162112,113065984,2393243648
2026-07-08T17:47:36.501230,17006837760,16354738176,652099584,3.8,13989183488,1005420544,1795162112,113065984,2393243648
2026-07-08T17:47:37.501518,17006837760,16354246656,652591104,3.8,13988691968,1005420544,1795162112,113082368,2393243648
2026-07-08T17:47:38.501797,17006837760,16354574336,652263424,3.8,13989019648,1005420544,1795162112,113082368,2393243648
2026-07-08T17:47:39.502071,17006837760,16355049472,651788288,3.8,13989494784,1005420544,1795162112,113082368,2393243648
2026-07-08T17:47:40.502354,17006837760,16355180544,651657216,3.8,13989625856,1005420544,1795162112,113082368,2393243648
2026-07-08T17:47:41.502634,17006837760,16355672064,651165696,3.8,13990117376,1005420544,1795162112,113082368,2393243648
2026-07-08T17:47:42.502946,17006837760,16355917824,650919936,3.8,13990363136,1005420544,1795162112,113082368,2393243648
2026-07-08T17:47:43.503307,17006837760,16356081664,650756096,3.8,13990526976,1005420544,1795162112,113082368,2393243648
2026-07-08T17:47:44.503651,17006837760,16356196352,650641408,3.8,13990641664,1005420544,1795162112,113082368,2393260032
2026-07-08T17:47:45.503986,17006837760,16355704832,651132928,3.8,13990150144,1005420544,1795162112,113082368,2393260032
2026-07-08T17:47:46.504365,17006837760,16355688448,651149312,3.8,13990133760,1005420544,1795162112,113082368,2393260032
2026-07-08T17:47:47.504718,17006837760,16355672064,651165696,3.8,13990100992,1005420544,1795162112,113098752,2393276416
2026-07-08T17:47:48.505092,17006837760,16355737600,651100160,3.8,13990166528,1005420544,1795162112,113098752,2393276416
2026-07-08T17:47:49.505432,17006837760,16355983360,650854400,3.8,13990412288,1005420544,1795162112,113098752,2393276416
2026-07-08T17:47:50.505760,17006837760,16355983360,650854400,3.8,13990412288,1005420544,1795162112,113098752,2393276416
2026-07-08T17:47:51.506089,17006837760,16353280000,653557760,3.8,13987708928,1005420544,1795162112,113098752,2393276416
2026-07-08T17:47:52.506562,17006837760,16352542720,654295040,3.8,13986971648,1005420544,1795162112,113115136,2393276416
2026-07-08T17:47:53.507383,17006837760,16351870976,654966784,3.9,13986299904,1005420544,1795162112,113115136,2393276416
2026-07-08T17:47:54.507665,17006837760,16352362496,654475264,3.8,13986791424,1005420544,1795162112,113115136,2393276416
2026-07-08T17:47:55.507961,17006837760,16350396416,656441344,3.9,13984628736,1005469696,1795358720,113115136,2393292800
2026-07-08T17:47:56.508274,17006837760,16350724096,656113664,3.9,13984956416,1005469696,1795358720,113115136,2393292800
2026-07-08T17:47:57.508614,17006837760,16351674368,655163392,3.9,13985906688,1005469696,1795358720,113131520,2393292800
2026-07-08T17:47:58.508959,17006837760,16352641024,654196736,3.8,13986873344,1005469696,1795358720,113131520,2393292800
2026-07-08T17:47:59.509355,17006837760,16352870400,653967360,3.8,13987102720,1005469696,1795358720,113131520,2393292800
2026-07-08T17:48:00.509691,17006837760,16353673216,653164544,3.8,13987889152,1005469696,1795375104,113131520,2393292800
2026-07-08T17:48:01.509979,17006837760,16353427456,653410304,3.8,13987643392,1005469696,1795375104,113131520,2393292800
2026-07-08T17:48:02.510254,17006837760,16352935936,653901824,3.8,13987151872,1005469696,1795375104,113147904,2393292800
2026-07-08T17:48:03.510532,17006837760,16354131968,652705792,3.8,13988347904,1005469696,1795375104,113147904,2393292800
2026-07-08T17:48:04.510822,17006837760,16354148352,652689408,3.8,13988364288,1005469696,1795375104,113147904,2393292800
2026-07-08T17:48:05.511108,17006837760,16354148352,652689408,3.8,13988364288,1005469696,1795375104,113147904,2393292800
2026-07-08T17:48:06.511443,17006837760,16354869248,651968512,3.8,13989085184,1005469696,1795375104,113147904,2393292800
2026-07-08T17:48:07.512004,17006837760,16354213888,652623872,3.8,13988429824,1005469696,1795375104,113164288,2393309184
2026-07-08T17:48:08.512467,17006837760,16352985088,653852672,3.8,13987201024,1005469696,1795375104,113164288,2393309184
2026-07-08T17:48:09.512748,17006837760,16354213888,652623872,3.8,13988429824,1005469696,1795375104,113164288,2393309184
2026-07-08T17:48:10.513042,17006837760,16354934784,651902976,3.8,13989150720,1005469696,1795375104,113164288,2393309184
2026-07-08T17:48:11.513336,17006837760,16353460224,653377536,3.8,13987676160,1005469696,1795375104,113164288,2393309184
2026-07-08T17:48:12.513650,17006837760,16354361344,652476416,3.8,13988577280,1005469696,1795375104,113164288,2393309184
2026-07-08T17:48:13.513988,17006837760,16355196928,651640832,3.8,13989412864,1005469696,1795375104,113164288,2393309184
2026-07-08T17:48:14.514320,17006837760,16355196928,651640832,3.8,13989412864,1005469696,1795375104,113164288,2393309184
2026-07-08T17:48:15.514612,17006837760,16354951168,651886592,3.8,13989167104,1005469696,1795375104,113164288,2393309184
2026-07-08T17:48:16.514902,17006837760,16354590720,652247040,3.8,13988806656,1005469696,1795375104,113164288,2393309184
2026-07-08T17:48:17.515190,17006837760,16354590720,652247040,3.8,13988806656,1005469696,1795375104,113180672,2393309184
2026-07-08T17:48:18.515469,17006837760,16353853440,652984320,3.8,13988069376,1005469696,1795375104,113180672,2393309184
2026-07-08T17:48:19.515745,17006837760,16353804288,653033472,3.8,13988020224,1005469696,1795375104,113180672,2393325568
2026-07-08T17:48:20.516060,17006837760,16354131968,652705792,3.8,13988347904,1005469696,1795375104,113180672,2393325568
2026-07-08T17:48:21.516392,17006837760,16354803712,652034048,3.8,13989019648,1005469696,1795375104,113180672,2393325568
2026-07-08T17:48:22.516761,17006837760,16355049472,651788288,3.8,13989265408,1005469696,1795375104,113197056,2393325568
2026-07-08T17:48:23.517141,17006837760,16353574912,653262848,3.8,13987790848,1005469696,1795375104,113197056,2393325568
2026-07-08T17:48:24.517515,17006837760,16353574912,653262848,3.8,13987790848,1005469696,1795375104,113197056,2393325568
2026-07-08T17:48:25.517857,17006837760,16352182272,654655488,3.8,13986398208,1005469696,1795375104,113197056,2393325568
2026-07-08T17:48:26.518228,17006837760,16352215040,654622720,3.8,13986398208,1005502464,1795407872,113197056,2393325568
2026-07-08T17:48:27.518566,17006837760,16353198080,653639680,3.8,13987381248,1005502464,1795407872,113213440,2393325568
2026-07-08T17:48:28.518900,17006837760,16353935360,652902400,3.8,13988118528,1005502464,1795407872,113213440,2393325568
2026-07-08T17:48:29.519242,17006837760,16352460800,654376960,3.8,13986643968,1005502464,1795407872,113213440,2393325568
2026-07-08T17:48:30.519536,17006837760,16353689600,653148160,3.8,13987872768,1005502464,1795407872,113213440,2393325568
2026-07-08T17:48:31.519812,17006837760,16354918400,651919360,3.8,13989101568,1005502464,1795407872,113213440,2393341952
2026-07-08T17:48:32.520089,17006837760,16353935360,652902400,3.8,13988118528,1005502464,1795407872,113213440,2393341952
2026-07-08T17:48:33.520422,17006837760,16353935360,652902400,3.8,13988118528,1005502464,1795407872,113229824,2393341952
2026-07-08T17:48:34.520712,17006837760,16355065856,651771904,3.8,13989249024,1005502464,1795407872,113229824,2393341952
2026-07-08T17:48:35.521088,17006837760,16355295232,651542528,3.8,13989478400,1005502464,1795407872,113229824,2393341952
2026-07-08T17:48:36.521476,17006837760,16355262464,651575296,3.8,13989347328,1005551616,1795506176,113229824,2393341952
2026-07-08T17:48:37.521804,17006837760,16350609408,656228352,3.9,13984694272,1005551616,1795506176,113229824,2393341952
2026-07-08T17:48:38.522104,17006837760,16347938816,658898944,3.9,13982023680,1005551616,1795506176,113246208,2393341952
2026-07-08T17:48:39.522418,17006837760,16350134272,656703488,3.9,13984219136,1005551616,1795506176,113246208,2393341952
2026-07-08T17:48:40.522732,17006837760,16351870976,654966784,3.9,13985955840,1005551616,1795506176,113246208,2393341952
2026-07-08T17:48:41.523184,17006837760,16352100352,654737408,3.8,13986185216,1005551616,1795506176,113246208,2393341952
2026-07-08T17:48:42.523709,17006837760,16353574912,653262848,3.8,13987659776,1005551616,1795506176,113246208,2393341952
2026-07-08T17:48:43.524130,17006837760,16355278848,651558912,3.8,13989216256,1005912064,1795653632,113246208,2393358336
2026-07-08T17:48:44.524501,17006837760,16355278848,651558912,3.8,13989216256,1005912064,1795653632,113246208,2393358336
2026-07-08T17:48:45.524959,17006837760,16355049472,651788288,3.8,13988986880,1005912064,1795653632,113246208,2393358336
2026-07-08T17:48:46.525351,17006837760,16354312192,652525568,3.8,13988249600,1005912064,1795653632,113246208,2393358336
2026-07-08T17:48:47.525631,17006837760,16353574912,653262848,3.8,13987512320,1005912064,1795653632,113246208,2393358336
2026-07-08T17:48:48.525918,17006837760,16349888512,656949248,3.9,13983825920,1005912064,1795653632,113262592,2393358336
2026-07-08T17:48:49.526203,17006837760,16350134272,656703488,3.9,13984071680,1005912064,1795653632,113262592,2393358336
2026-07-08T17:48:50.526537,17006837760,16350625792,656211968,3.9,13984563200,1005912064,1795653632,113262592,2393358336
2026-07-08T17:48:51.526873,17006837760,16352411648,654426112,3.8,13986349056,1005912064,1795653632,113262592,2393358336
2026-07-08T17:48:52.527226,17006837760,16351674368,655163392,3.9,13985611776,1005912064,1795653632,113262592,2393358336
2026-07-08T17:48:53.527589,17006837760,16352182272,654655488,3.8,13986119680,1005912064,1795653632,113278976,2393358336
2026-07-08T17:48:54.527880,17006837760,16352395264,654442496,3.8,13986332672,1005912064,1795653632,113278976,2393374720
2026-07-08T17:48:55.528158,17006837760,16352870400,653967360,3.8,13986807808,1005912064,1795653632,113278976,2393374720
2026-07-08T17:48:56.528434,17006837760,16352886784,653950976,3.8,13986824192,1005912064,1795653632,113278976,2393374720
2026-07-08T17:48:57.528774,17006837760,16352460800,654376960,3.8,13986332672,1005944832,1795719168,113278976,2393374720
2026-07-08T17:48:58.529136,17006837760,16352215040,654622720,3.8,13986086912,1005944832,1795719168,113295360,2393374720
2026-07-08T17:48:59.529529,17006837760,16353673216,653164544,3.8,13987545088,1005944832,1795719168,113295360,2393374720
2026-07-08T17:49:00.529921,17006837760,16354410496,652427264,3.8,13988282368,1005944832,1795719168,113295360,2393374720
2026-07-08T17:49:01.530409,17006837760,16354902016,651935744,3.8,13988773888,1005944832,1795719168,113295360,2393374720
2026-07-08T17:49:02.530879,17006837760,16355377152,651460608,3.8,13989249024,1005944832,1795719168,113295360,2393374720
2026-07-08T17:49:03.531157,17006837760,16354623488,652214272,3.8,13988495360,1005944832,1795719168,113311744,2393374720
2026-07-08T17:49:04.531444,17006837760,16354541568,652296192,3.8,13988413440,1005944832,1795719168,113311744,2393374720
2026-07-08T17:49:05.531726,17006837760,16354541568,652296192,3.8,13988413440,1005944832,1795719168,113311744,2393391104
2026-07-08T17:49:06.532060,17006837760,16354541568,652296192,3.8,13988413440,1005944832,1795719168,113311744,2393391104
2026-07-08T17:49:07.532442,17006837760,16355491840,651345920,3.8,13989363712,1005944832,1795719168,113311744,2393391104
2026-07-08T17:49:08.532777,17006837760,16355721216,651116544,3.8,13989593088,1005944832,1795719168,113328128,2393391104
2026-07-08T17:49:09.533142,17006837760,16355229696,651608064,3.8,13989101568,1005944832,1795719168,113328128,2393391104
2026-07-08T17:49:10.533675,17006837760,16355475456,651362304,3.8,13989347328,1005944832,1795719168,113328128,2393391104
2026-07-08T17:49:11.534003,17006837760,16354459648,652378112,3.8,13988331520,1005944832,1795719168,113328128,2393391104
2026-07-08T17:49:12.534283,17006837760,16354476032,652361728,3.8,13988331520,1006223360,1795735552,113328128,2393391104
2026-07-08T17:49:13.534566,17006837760,16353689600,653148160,3.8,13987545088,1006223360,1795735552,113328128,2393391104
2026-07-08T17:49:14.534887,17006837760,16346316800,660520960,3.9,13980172288,1006223360,1795735552,113328128,2393391104
2026-07-08T17:49:15.535232,17006837760,16346169344,660668416,3.9,13980024832,1006223360,1795735552,113328128,2393407488
2026-07-08T17:49:16.535570,17006837760,16348168192,658669568,3.9,13982023680,1006223360,1795735552,113328128,2393407488
2026-07-08T17:49:17.535909,17006837760,16347725824,659111936,3.9,13981581312,1006223360,1795735552,113328128,2393407488
2026-07-08T17:49:18.536269,17006837760,16347742208,659095552,3.9,13981597696,1006223360,1795735552,113344512,2393407488
2026-07-08T17:49:19.536632,17006837760,16349036544,657801216,3.9,13982892032,1006223360,1795735552,113344512,2393407488
2026-07-08T17:49:20.536915,17006837760,16348282880,658554880,3.9,13982138368,1006223360,1795735552,113344512,2393407488
2026-07-08T17:49:21.537201,17006837760,16348971008,657866752,3.9,13982826496,1006223360,1795735552,113344512,2393407488
2026-07-08T17:49:22.537499,17006837760,16350167040,656670720,3.9,13984022528,1006223360,1795735552,113344512,2393407488
2026-07-08T17:49:23.537910,17006837760,16350822400,656015360,3.9,13984677888,1006223360,1795735552,113360896,2393407488
2026-07-08T17:49:24.538320,17006837760,16350969856,655867904,3.9,13984825344,1006223360,1795735552,113360896,2393407488
2026-07-08T17:49:25.538779,17006837760,16352428032,654409728,3.8,13986283520,1006223360,1795735552,113360896,2393407488
2026-07-08T17:49:26.539056,17006837760,16352886784,653950976,3.8,13986742272,1006223360,1795735552,113360896,2393423872
2026-07-08T17:49:27.539334,17006837760,16352903168,653934592,3.8,13986758656,1006223360,1795735552,113360896,2393423872
2026-07-08T17:49:28.539687,17006837760,16353361920,653475840,3.8,13987217408,1006223360,1795735552,113360896,2393423872
2026-07-08T17:49:29.540060,17006837760,16353361920,653475840,3.8,13987217408,1006223360,1795735552,113377280,2393423872
2026-07-08T17:49:30.540411,17006837760,16353591296,653246464,3.8,13987446784,1006223360,1795735552,113377280,2393423872
2026-07-08T17:49:31.540758,17006837760,16354967552,651870208,3.8,13988823040,1006223360,1795735552,113377280,2393423872
2026-07-08T17:49:32.541096,17006837760,16354230272,652607488,3.8,13988085760,1006223360,1795735552,113377280,2393423872
2026-07-08T17:49:33.541452,17006837760,16354557952,652279808,3.8,13988413440,1006223360,1795735552,113377280,2393423872
2026-07-08T17:49:34.541793,17006837760,16354557952,652279808,3.8,13988413440,1006223360,1795735552,113393664,2393423872
2026-07-08T17:49:35.542150,17006837760,16355229696,651608064,3.8,13989085184,1006223360,1795735552,113393664,2393423872
2026-07-08T17:49:36.542538,17006837760,16355475456,651362304,3.8,13989330944,1006223360,1795735552,113393664,2393423872
2026-07-08T17:49:37.542882,17006837760,16355229696,651608064,3.8,13989085184,1006223360,1795735552,113393664,2393423872
2026-07-08T17:49:38.543262,17006837760,16355475456,651362304,3.8,13989330944,1006223360,1795735552,113393664,2393440256
2026-07-08T17:49:39.543616,17006837760,16355475456,651362304,3.8,13989330944,1006223360,1795735552,113410048,2393440256
2026-07-08T17:49:40.543987,17006837760,16352772096,654065664,3.8,13986627584,1006223360,1795735552,113410048,2393440256
2026-07-08T17:49:41.544362,17006837760,16352493568,654344192,3.8,13986349056,1006223360,1795735552,113410048,2393440256
2026-07-08T17:49:42.544677,17006837760,16352034816,654802944,3.9,13985890304,1006223360,1795735552,113410048,2393440256
2026-07-08T17:49:43.545026,17006837760,16352772096,654065664,3.8,13986627584,1006223360,1795735552,113410048,2393440256
2026-07-08T17:49:44.545319,17006837760,16350068736,656769024,3.9,13983924224,1006223360,1795735552,113410048,2393440256
2026-07-08T17:49:45.545600,17006837760,16349806592,657031168,3.9,13983662080,1006223360,1795735552,113410048,2393440256
2026-07-08T17:49:46.545944,17006837760,16349806592,657031168,3.9,13983662080,1006223360,1795735552,113410048,2393440256
2026-07-08T17:49:47.546308,17006837760,16350052352,656785408,3.9,13983907840,1006223360,1795735552,113410048,2393440256
2026-07-08T17:49:48.546768,17006837760,16351395840,655441920,3.9,13985185792,1006272512,1795801088,113410048,2393440256
2026-07-08T17:49:49.547251,17006837760,16350642176,656195584,3.9,13984432128,1006272512,1795801088,113426432,2393456640
2026-07-08T17:49:50.547531,17006837760,16351117312,655720448,3.9,13984907264,1006272512,1795801088,113426432,2393456640
2026-07-08T17:49:51.547809,17006837760,16353755136,653082624,3.8,13987545088,1006272512,1795801088,113426432,2393456640
2026-07-08T17:49:52.548184,17006837760,16353755136,653082624,3.8,13987545088,1006272512,1795801088,113426432,2393456640
2026-07-08T17:49:53.548526,17006837760,16353263616,653574144,3.8,13987053568,1006272512,1795801088,113426432,2393456640
2026-07-08T17:49:54.548864,17006837760,16353951744,652886016,3.8,13987741696,1006272512,1795801088,113442816,2393456640
2026-07-08T17:49:55.549211,17006837760,16354689024,652148736,3.8,13988478976,1006272512,1795801088,113442816,2393456640
2026-07-08T17:49:56.549599,17006837760,16354443264,652394496,3.8,13988233216,1006272512,1795801088,113442816,2393456640
2026-07-08T17:49:57.549977,17006837760,16353460224,653377536,3.8,13987250176,1006272512,1795801088,113442816,2393456640
2026-07-08T17:49:58.550363,17006837760,16352755712,654082048,3.8,13986512896,1006272512,1795833856,113442816,2393456640
2026-07-08T17:49:59.550789,17006837760,16351051776,655785984,3.9,13984808960,1006272512,1795833856,113459200,2393473024
2026-07-08T17:50:00.551188,17006837760,16351789056,655048704,3.9,13985546240,1006272512,1795833856,113459200,2393473024
2026-07-08T17:50:01.551578,17006837760,16352296960,654540800,3.8,13986054144,1006272512,1795833856,113459200,2393473024
2026-07-08T17:50:02.552089,17006837760,16353509376,653328384,3.8,13987266560,1006272512,1795833856,113459200,2393473024
2026-07-08T17:50:03.552506,17006837760,16354082816,652754944,3.8,13987840000,1006272512,1795833856,113459200,2393473024
2026-07-08T17:50:04.552994,17006837760,16351215616,655622144,3.9,13984972800,1006272512,1795833856,113475584,2393473024
2026-07-08T17:50:05.553291,17006837760,16350232576,656605184,3.9,13983989760,1006272512,1795833856,113475584,2393473024
2026-07-08T17:50:06.553571,17006837760,16350003200,656834560,3.9,13983760384,1006272512,1795833856,113475584,2393473024
2026-07-08T17:50:07.553912,17006837760,16350838784,655998976,3.9,13984595968,1006272512,1795833856,113475584,2393473024
2026-07-08T17:50:08.554251,17006837760,16351838208,654999552,3.9,13985595392,1006272512,1795833856,113475584,2393473024
2026-07-08T17:50:09.554592,17006837760,16348889088,657948672,3.9,13982646272,1006272512,1795833856,113491968,2393489408
2026-07-08T17:50:10.554951,17006837760,16348381184,658456576,3.9,13982138368,1006272512,1795833856,113491968,2393489408
2026-07-08T17:50:11.555288,17006837760,16350117888,656719872,3.9,13983875072,1006272512,1795833856,113491968,2393489408
2026-07-08T17:50:12.555660,17006837760,16352083968,654753792,3.8,13985841152,1006272512,1795833856,113491968,2393489408
2026-07-08T17:50:13.556001,17006837760,16352378880,654458880,3.8,13986136064,1006272512,1795833856,113491968,2393489408
2026-07-08T17:50:14.556385,17006837760,16351838208,654999552,3.9,13985595392,1006272512,1795833856,113491968,2393489408
2026-07-08T17:50:15.556736,17006837760,16348987392,657850368,3.9,13982744576,1006272512,1795833856,113491968,2393489408
2026-07-08T17:50:16.557094,17006837760,16350330880,656506880,3.9,13984088064,1006272512,1795833856,113491968,2393489408
2026-07-08T17:50:17.557449,17006837760,16350871552,655966208,3.9,13984628736,1006272512,1795833856,113491968,2393489408
2026-07-08T17:50:18.557783,17006837760,16350822400,656015360,3.9,13984579584,1006272512,1795833856,113491968,2393489408
2026-07-08T17:50:19.558172,17006837760,16349986816,656850944,3.9,13983744000,1006272512,1795833856,113508352,2393489408
2026-07-08T17:50:20.558469,17006837760,16350822400,656015360,3.9,13984579584,1006272512,1795833856,113508352,2393489408
2026-07-08T17:50:21.558752,17006837760,16351559680,655278080,3.9,13985316864,1006272512,1795833856,113508352,2393505792
2026-07-08T17:50:22.559035,17006837760,16351215616,655622144,3.9,13984972800,1006272512,1795833856,113508352,2393505792
2026-07-08T17:50:23.559321,17006837760,16351232000,655605760,3.9,13984989184,1006272512,1795833856,113508352,2393505792
2026-07-08T17:50:24.559608,17006837760,16352198656,654639104,3.8,13985955840,1006272512,1795833856,113524736,2393505792
2026-07-08T17:50:25.559889,17006837760,16352903168,653934592,3.8,13986660352,1006272512,1795833856,113524736,2393505792
2026-07-08T17:50:26.560172,17006837760,16353378304,653459456,3.8,13987135488,1006272512,1795833856,113524736,2393505792
2026-07-08T17:50:27.560461,17006837760,16354082816,652754944,3.8,13987840000,1006272512,1795833856,113524736,2393505792
2026-07-08T17:50:28.560753,17006837760,16353099776,653737984,3.8,13986856960,1006272512,1795833856,113524736,2393505792
2026-07-08T17:50:29.561042,17006837760,16351526912,655310848,3.9,13985136640,1006583808,1795981312,113541120,2393505792
2026-07-08T17:50:30.561369,17006837760,16351526912,655310848,3.9,13985136640,1006583808,1795981312,113541120,2393505792
2026-07-08T17:50:31.561808,17006837760,16353574912,653262848,3.8,13987184640,1006583808,1795981312,113541120,2393505792
2026-07-08T17:50:32.562154,17006837760,16353574912,653262848,3.8,13987184640,1006583808,1795981312,113541120,2393522176
2026-07-08T17:50:33.562493,17006837760,16350380032,656457728,3.9,13983989760,1006583808,1795981312,113541120,2393522176
2026-07-08T17:50:34.562851,17006837760,16351051776,655785984,3.9,13984661504,1006583808,1795981312,113541120,2393522176
2026-07-08T17:50:35.563215,17006837760,16351297536,655540224,3.9,13984907264,1006583808,1795981312,113557504,2393522176
2026-07-08T17:50:36.563575,17006837760,16351543296,655294464,3.9,13985153024,1006583808,1795981312,113557504,2393522176
2026-07-08T17:50:37.563882,17006837760,16351821824,655015936,3.9,13985431552,1006583808,1795981312,113557504,2393522176
2026-07-08T17:50:38.564232,17006837760,16352067584,654770176,3.9,13985677312,1006583808,1795981312,113557504,2393522176
2026-07-08T17:50:39.564583,17006837760,16349839360,656998400,3.9,13983449088,1006583808,1795981312,113557504,2393522176
2026-07-08T17:50:40.564870,17006837760,16349085696,657752064,3.9,13982695424,1006583808,1795981312,113573888,2393522176
2026-07-08T17:50:41.565202,17006837760,16349577216,657260544,3.9,13983186944,1006583808,1795981312,113573888,2393522176
2026-07-08T17:50:42.565541,17006837760,16351526912,655310848,3.9,13985136640,1006583808,1795981312,113573888,2393522176
2026-07-08T17:50:43.565829,17006837760,16352002048,654835712,3.9,13985611776,1006583808,1795981312,113573888,2393522176
2026-07-08T17:50:44.566197,17006837760,16352378880,654458880,3.8,13985972224,1006583808,1795981312,113573888,2393554944
2026-07-08T17:50:45.566553,17006837760,16352608256,654229504,3.8,13986201600,1006583808,1795981312,113573888,2393554944
2026-07-08T17:50:46.566847,17006837760,16352591872,654245888,3.8,13986185216,1006583808,1795981312,113573888,2393554944
2026-07-08T17:50:47.567154,17006837760,16353067008,653770752,3.8,13986660352,1006583808,1795981312,113573888,2393554944
2026-07-08T17:50:48.567479,17006837760,16353067008,653770752,3.8,13986660352,1006583808,1795981312,113573888,2393554944
2026-07-08T17:50:49.567845,17006837760,16353935360,652902400,3.8,13987528704,1006583808,1795981312,113573888,2393554944
2026-07-08T17:50:50.568124,17006837760,16353181696,653656064,3.8,13986775040,1006583808,1795981312,113590272,2393554944
2026-07-08T17:50:51.568403,17006837760,16353935360,652902400,3.8,13987528704,1006583808,1795981312,113590272,2393554944
2026-07-08T17:50:52.568758,17006837760,16352935936,653901824,3.8,13986529280,1006583808,1795981312,113590272,2393554944
2026-07-08T17:50:53.569117,17006837760,16352935936,653901824,3.8,13986529280,1006583808,1795981312,113590272,2393554944
2026-07-08T17:50:54.569453,17006837760,16352968704,653869056,3.8,13986529280,1006600192,1796014080,113590272,2393554944
2026-07-08T17:50:55.569825,17006837760,16353476608,653361152,3.8,13987037184,1006600192,1796014080,113606656,2393571328
2026-07-08T17:50:56.570207,17006837760,16351559680,655278080,3.9,13985120256,1006600192,1796014080,113606656,2393571328
2026-07-08T17:50:57.570553,17006837760,16350576640,656261120,3.9,13984137216,1006600192,1796014080,113606656,2393571328
2026-07-08T17:50:58.570856,17006837760,16350986240,655851520,3.9,13984546816,1006600192,1796014080,113606656,2393571328
2026-07-08T17:50:59.571137,17006837760,16351215616,655622144,3.9,13984776192,1006600192,1796014080,113606656,2393571328
2026-07-08T17:51:00.571417,17006837760,16350625792,656211968,3.9,13984169984,1006600192,1796030464,113623040,2393571328
2026-07-08T17:51:01.571695,17006837760,16350937088,655900672,3.9,13984481280,1006600192,1796030464,113623040,2393571328
2026-07-08T17:51:02.571971,17006837760,16352378880,654458880,3.8,13985923072,1006600192,1796030464,113623040,2393571328
2026-07-08T17:51:03.572340,17006837760,16352886784,653950976,3.8,13986430976,1006600192,1796030464,113623040,2393571328
2026-07-08T17:51:04.572854,17006837760,16352886784,653950976,3.8,13986430976,1006600192,1796030464,113623040,2393571328
2026-07-08T17:51:05.573214,17006837760,16353869824,652967936,3.8,13987414016,1006600192,1796030464,113639424,2393571328
2026-07-08T17:51:06.573500,17006837760,16353624064,653213696,3.8,13987168256,1006600192,1796030464,113639424,2393587712
2026-07-08T17:51:07.573780,17006837760,16354344960,652492800,3.8,13987889152,1006600192,1796030464,113639424,2393587712
2026-07-08T17:51:08.574123,17006837760,16354902016,651935744,3.8,13988446208,1006600192,1796030464,113639424,2393587712
2026-07-08T17:51:09.574449,17006837760,16354164736,652673024,3.8,13987708928,1006600192,1796030464,113639424,2393587712
2026-07-08T17:51:10.574745,17006837760,16353820672,653017088,3.8,13987364864,1006600192,1796030464,113655808,2393587712
2026-07-08T17:51:11.575030,17006837760,16354426880,652410880,3.8,13987971072,1006600192,1796030464,113655808,2393587712
2026-07-08T17:51:12.575325,17006837760,16353689600,653148160,3.8,13987233792,1006600192,1796030464,113655808,2393587712
2026-07-08T17:51:13.575654,17006837760,16354443264,652394496,3.8,13987987456,1006600192,1796030464,113655808,2393587712
2026-07-08T17:51:14.576012,17006837760,16354951168,651886592,3.8,13988495360,1006600192,1796030464,113655808,2393587712
2026-07-08T17:51:15.576430,17006837760,16353968128,652869632,3.8,13987512320,1006600192,1796030464,113655808,2393587712
2026-07-08T17:51:16.576775,17006837760,16353689600,653148160,3.8,13987233792,1006600192,1796030464,113655808,2393587712
2026-07-08T17:51:17.577091,17006837760,16353689600,653148160,3.8,13987233792,1006600192,1796030464,113655808,2393604096
2026-07-08T17:51:18.577409,17006837760,16354443264,652394496,3.8,13987987456,1006600192,1796030464,113655808,2393604096
2026-07-08T17:51:19.577768,17006837760,16354344960,652492800,3.8,13987889152,1006600192,1796030464,113655808,2393604096
2026-07-08T17:51:20.578109,17006837760,16354099200,652738560,3.8,13987643392,1006600192,1796030464,113672192,2393604096
2026-07-08T17:51:21.578455,17006837760,16352395264,654442496,3.8,13985939456,1006600192,1796030464,113672192,2393604096
2026-07-08T17:51:22.578845,17006837760,16350412800,656424960,3.9,13983956992,1006600192,1796030464,113672192,2393604096
2026-07-08T17:51:23.579243,17006837760,16349921280,656916480,3.9,13983465472,1006600192,1796030464,113672192,2393604096
2026-07-08T17:51:24.579763,17006837760,16350887936,655949824,3.9,13984432128,1006600192,1796030464,113672192,2393604096
2026-07-08T17:51:25.580033,17006837760,16351494144,655343616,3.9,13984759808,1006747648,1796308992,113688576,2393604096
2026-07-08T17:51:26.580308,17006837760,16351494144,655343616,3.9,13984759808,1006747648,1796308992,113688576,2393604096
2026-07-08T17:51:27.580588,17006837760,16352935936,653901824,3.8,13986201600,1006747648,1796308992,113688576,2393620480
2026-07-08T17:51:28.580921,17006837760,16352673792,654163968,3.8,13985939456,1006747648,1796308992,113688576,2393620480
2026-07-08T17:51:29.581282,17006837760,16352657408,654180352,3.8,13985923072,1006747648,1796308992,113688576,2393620480
2026-07-08T17:51:30.581642,17006837760,16353083392,653754368,3.8,13986332672,1006747648,1796325376,113704960,2393620480
2026-07-08T17:51:31.581985,17006837760,16352690176,654147584,3.8,13985939456,1006747648,1796325376,113704960,2393620480
2026-07-08T17:51:32.582354,17006837760,16353181696,653656064,3.8,13986430976,1006747648,1796325376,113704960,2393620480
2026-07-08T17:51:33.582807,17006837760,16353656832,653180928,3.8,13986906112,1006747648,1796325376,113704960,2393620480
2026-07-08T17:51:34.583100,17006837760,16352673792,654163968,3.8,13985923072,1006747648,1796325376,113704960,2393620480
2026-07-08T17:51:35.583418,17006837760,16353165312,653672448,3.8,13986414592,1006747648,1796325376,113704960,2393620480
2026-07-08T17:51:36.583734,17006837760,16353722368,653115392,3.8,13986971648,1006747648,1796325376,113721344,2393620480
2026-07-08T17:51:37.584096,17006837760,16352903168,653934592,3.8,13986152448,1006747648,1796325376,113721344,2393620480
2026-07-08T17:51:38.584503,17006837760,16353148928,653688832,3.8,13986398208,1006747648,1796325376,113721344,2393636864
2026-07-08T17:51:39.584911,17006837760,16353607680,653230080,3.8,13986856960,1006747648,1796325376,113721344,2393636864
2026-07-08T17:51:40.585428,17006837760,16353116160,653721600,3.8,13986365440,1006747648,1796325376,113721344,2393636864
2026-07-08T17:51:41.585922,17006837760,16353165312,653672448,3.8,13986414592,1006747648,1796325376,113737728,2393636864
2026-07-08T17:51:42.586266,17006837760,16352542720,654295040,3.8,13985792000,1006747648,1796325376,113737728,2393636864
2026-07-08T17:51:43.586572,17006837760,16353345536,653492224,3.8,13986594816,1006747648,1796325376,113737728,2393636864
2026-07-08T17:51:44.586945,17006837760,16354082816,652754944,3.8,13987332096,1006747648,1796325376,113737728,2393636864
2026-07-08T17:51:45.587317,17006837760,16352608256,654229504,3.8,13985857536,1006747648,1796325376,113737728,2393636864
2026-07-08T17:51:46.587634,17006837760,16352034816,654802944,3.9,13985284096,1006747648,1796325376,113754112,2393636864
2026-07-08T17:51:47.587994,17006837760,16352509952,654327808,3.8,13985759232,1006747648,1796325376,113754112,2393636864
2026-07-08T17:51:48.588368,17006837760,16353017856,653819904,3.8,13986267136,1006747648,1796325376,113754112,2393636864
2026-07-08T17:51:49.588721,17006837760,16352509952,654327808,3.8,13985759232,1006747648,1796325376,113754112,2393653248
2026-07-08T17:51:50.589204,17006837760,16351035392,655802368,3.9,13984284672,1006747648,1796325376,113754112,2393653248
2026-07-08T17:51:51.589682,17006837760,16348577792,658259968,3.9,13981827072,1006747648,1796325376,113754112,2393653248
2026-07-08T17:51:52.590026,17006837760,16349331456,657506304,3.9,13982580736,1006747648,1796325376,113754112,2393653248
2026-07-08T17:51:53.590375,17006837760,16350806016,656031744,3.9,13984055296,1006747648,1796325376,113754112,2393653248
2026-07-08T17:51:54.590678,17006837760,16351543296,655294464,3.9,13984792576,1006747648,1796325376,113754112,2393653248
2026-07-08T17:51:55.590956,17006837760,16352264192,654573568,3.8,13985513472,1006747648,1796325376,113754112,2393653248
2026-07-08T17:51:56.591237,17006837760,16352509952,654327808,3.8,13985693696,1006764032,1796390912,113770496,2393653248
2026-07-08T17:51:57.591521,17006837760,16352821248,654016512,3.8,13986004992,1006764032,1796390912,113770496,2393653248
2026-07-08T17:51:58.591807,17006837760,16353542144,653295616,3.8,13986725888,1006764032,1796390912,113770496,2393653248
2026-07-08T17:51:59.592179,17006837760,16352067584,654770176,3.9,13985251328,1006764032,1796390912,113770496,2393653248
2026-07-08T17:52:00.592479,17006837760,16352542720,654295040,3.8,13985726464,1006764032,1796390912,113770496,2393653248
2026-07-08T17:52:01.592785,17006837760,16352182272,654655488,3.8,13985333248,1006764032,1796423680,113786880,2393669632
2026-07-08T17:52:02.593066,17006837760,16352198656,654639104,3.8,13985349632,1006764032,1796423680,113786880,2393669632
2026-07-08T17:52:03.593353,17006837760,16352460800,654376960,3.8,13985611776,1006764032,1796423680,113786880,2393669632
2026-07-08T17:52:04.593647,17006837760,16352739328,654098432,3.8,13985890304,1006764032,1796423680,113786880,2393669632
2026-07-08T17:52:05.594026,17006837760,16353034240,653803520,3.8,13986185216,1006764032,1796423680,113786880,2393669632
2026-07-08T17:52:06.594373,17006837760,16352149504,654688256,3.8,13985300480,1006764032,1796423680,113803264,2393669632
2026-07-08T17:52:07.594728,17006837760,16352133120,654704640,3.8,13985284096,1006764032,1796423680,113803264,2393669632
2026-07-08T17:52:08.595093,17006837760,16352378880,654458880,3.8,13985529856,1006764032,1796423680,113803264,2393669632
2026-07-08T17:52:09.595481,17006837760,16353361920,653475840,3.8,13986512896,1006764032,1796423680,113803264,2393669632
2026-07-08T17:52:10.595789,17006837760,16353361920,653475840,3.8,13986512896,1006764032,1796423680,113803264,2393669632
2026-07-08T17:52:11.596067,17006837760,16352870400,653967360,3.8,13986021376,1006764032,1796423680,113819648,2393669632
2026-07-08T17:52:12.596346,17006837760,16352919552,653918208,3.8,13986070528,1006764032,1796423680,113819648,2393686016
2026-07-08T17:52:13.596636,17006837760,16351707136,655130624,3.9,13984858112,1006764032,1796423680,113819648,2393686016
2026-07-08T17:52:14.596923,17006837760,16350478336,656359424,3.9,13983629312,1006764032,1796423680,113819648,2393686016
2026-07-08T17:52:15.597263,17006837760,16349495296,657342464,3.9,13982646272,1006764032,1796423680,113819648,2393686016
2026-07-08T17:52:16.597613,17006837760,16347938816,658898944,3.9,13981089792,1006764032,1796423680,113836032,2393686016
2026-07-08T17:52:17.597915,17006837760,16348413952,658423808,3.9,13981564928,1006764032,1796423680,113836032,2393686016
2026-07-08T17:52:18.598194,17006837760,16348430336,658407424,3.9,13981581312,1006764032,1796423680,113836032,2393686016
2026-07-08T17:52:19.598476,17006837760,16350724096,656113664,3.9,13983875072,1006764032,1796423680,113836032,2393686016
2026-07-08T17:52:20.598758,17006837760,16349986816,656850944,3.9,13983137792,1006764032,1796423680,113836032,2393686016
2026-07-08T17:52:21.599041,17006837760,16351166464,655671296,3.9,13984317440,1006764032,1796423680,113836032,2393686016
2026-07-08T17:52:22.599380,17006837760,16351395840,655441920,3.9,13984546816,1006764032,1796423680,113836032,2393686016
2026-07-08T17:52:23.599740,17006837760,16352985088,653852672,3.8,13986136064,1006764032,1796423680,113836032,2393702400
2026-07-08T17:52:24.600123,17006837760,16352493568,654344192,3.8,13985644544,1006764032,1796423680,113836032,2393702400
2026-07-08T17:52:25.600475,17006837760,16351789056,655048704,3.9,13984940032,1006764032,1796423680,113836032,2393702400
2026-07-08T17:52:26.600826,17006837760,16352509952,654327808,3.8,13985660928,1006764032,1796423680,113836032,2393702400
2026-07-08T17:52:27.601218,17006837760,16352804864,654032896,3.8,13985906688,1006845952,1796472832,113852416,2393702400
2026-07-08T17:52:28.601587,17006837760,16350117888,656719872,3.9,13983219712,1006845952,1796472832,113852416,2393702400
2026-07-08T17:52:29.601889,17006837760,16348430336,658407424,3.9,13981532160,1006845952,1796472832,113852416,2393702400
2026-07-08T17:52:30.602178,17006837760,16348971008,657866752,3.9,13982072832,1006845952,1796472832,113852416,2393702400
2026-07-08T17:52:31.602453,17006837760,16350003200,656834560,3.9,13983105024,1006845952,1796472832,113852416,2393702400
2026-07-08T17:52:32.602729,17006837760,16350330880,656506880,3.9,13983432704,1006895104,1796472832,113868800,2393702400
2026-07-08T17:52:33.603007,17006837760,16350560256,656277504,3.9,13983662080,1006895104,1796472832,113868800,2393702400
2026-07-08T17:52:34.603322,17006837760,16351133696,655704064,3.9,13984235520,1006895104,1796472832,113868800,2393718784
2026-07-08T17:52:35.603678,17006837760,16351428608,655409152,3.9,13984530432,1006895104,1796472832,113868800,2393718784
2026-07-08T17:52:36.604016,17006837760,16351805440,655032320,3.9,13984907264,1006895104,1796472832,113868800,2393718784
2026-07-08T17:52:37.604312,17006837760,16349364224,657473536,3.9,13982466048,1006895104,1796472832,113885184,2393718784
2026-07-08T17:52:38.604590,17006837760,16348381184,658456576,3.9,13981483008,1006895104,1796472832,113885184,2393718784
2026-07-08T17:52:39.604870,17006837760,16348872704,657965056,3.9,13981974528,1006895104,1796472832,113885184,2393718784
2026-07-08T17:52:40.605150,17006837760,16348135424,658702336,3.9,13981237248,1006895104,1796472832,113885184,2393718784
2026-07-08T17:52:41.605425,17006837760,16347611136,659226624,3.9,13980712960,1006895104,1796472832,113885184,2393718784
2026-07-08T17:52:42.605743,17006837760,16348102656,658735104,3.9,13981204480,1006895104,1796472832,113901568,2393718784
2026-07-08T17:52:43.606085,17006837760,16349806592,657031168,3.9,13982908416,1006895104,1796472832,113901568,2393718784
2026-07-08T17:52:44.606380,17006837760,16349806592,657031168,3.9,13982908416,1006895104,1796472832,113901568,2393735168
2026-07-08T17:52:45.606658,17006837760,16350543872,656293888,3.9,13983645696,1006895104,1796472832,113901568,2393735168
2026-07-08T17:52:46.606944,17006837760,16352002048,654835712,3.9,13985103872,1006895104,1796472832,113901568,2393735168
2026-07-08T17:52:47.607231,17006837760,16351756288,655081472,3.9,13984858112,1006895104,1796472832,113917952,2393735168
2026-07-08T17:52:48.607507,17006837760,16352247808,654589952,3.8,13985349632,1006895104,1796472832,113917952,2393735168
2026-07-08T17:52:49.607902,17006837760,16353280000,653557760,3.8,13986381824,1006895104,1796472832,113917952,2393735168
2026-07-08T17:52:50.608453,17006837760,16353738752,653099008,3.8,13986840576,1006895104,1796472832,113917952,2393735168
2026-07-08T17:52:51.608759,17006837760,16353722368,653115392,3.8,13986824192,1006895104,1796472832,113917952,2393735168
2026-07-08T17:52:52.609054,17006837760,16353148928,653688832,3.8,13986250752,1006895104,1796472832,113917952,2393735168
2026-07-08T17:52:53.609354,17006837760,16353394688,653443072,3.8,13986496512,1006895104,1796472832,113917952,2393735168
2026-07-08T17:52:54.609640,17006837760,16353886208,652951552,3.8,13986988032,1006895104,1796472832,113917952,2393751552
2026-07-08T17:52:55.609927,17006837760,16352837632,654000128,3.8,13985939456,1006895104,1796472832,113917952,2393751552
2026-07-08T17:52:56.610212,17006837760,16352624640,654213120,3.8,13985726464,1006895104,1796472832,113917952,2393751552
2026-07-08T17:52:57.610501,17006837760,16351690752,655147008,3.9,13984792576,1006895104,1796472832,113934336,2393751552
2026-07-08T17:52:58.610825,17006837760,16350248960,656588800,3.9,13983350784,1006895104,1796472832,113934336,2393751552
2026-07-08T17:52:59.611115,17006837760,16350740480,656097280,3.9,13983842304,1006895104,1796472832,113934336,2393751552
2026-07-08T17:53:00.611394,17006837760,16350724096,656113664,3.9,13983825920,1006895104,1796472832,113934336,2393751552
2026-07-08T17:53:01.611670,17006837760,16351789056,655048704,3.9,13984890880,1006895104,1796472832,113934336,2393751552
2026-07-08T17:53:02.611946,17006837760,16352116736,654721024,3.8,13985185792,1006927872,1796505600,113950720,2393751552
2026-07-08T17:53:03.612234,17006837760,16349675520,657162240,3.9,13982744576,1006927872,1796505600,113950720,2393767936
2026-07-08T17:53:04.612563,17006837760,16348430336,658407424,3.9,13981499392,1006927872,1796505600,113950720,2393767936
2026-07-08T17:53:05.612915,17006837760,16349675520,657162240,3.9,13982744576,1006927872,1796505600,113950720,2393767936
2026-07-08T17:53:06.613311,17006837760,16351379456,655458304,3.9,13984448512,1006927872,1796505600,113950720,2393767936
2026-07-08T17:53:07.613670,17006837760,16351117312,655720448,3.9,13984169984,1006927872,1796505600,113967104,2393784320
2026-07-08T17:53:08.613984,17006837760,16349364224,657473536,3.9,13982416896,1006927872,1796505600,113967104,2393784320
2026-07-08T17:53:09.614277,17006837760,16348282880,658554880,3.9,13981335552,1006927872,1796505600,113967104,2393784320
2026-07-08T17:53:10.614564,17006837760,16348037120,658800640,3.9,13981089792,1006927872,1796505600,113967104,2393784320
2026-07-08T17:53:11.614839,17006837760,16348282880,658554880,3.9,13981335552,1006927872,1796505600,113967104,2393784320
2026-07-08T17:53:12.615114,17006837760,16349085696,657752064,3.9,13982138368,1006927872,1796505600,113983488,2393800704
2026-07-08T17:53:13.615519,17006837760,16349577216,657260544,3.9,13982629888,1006927872,1796505600,113983488,2393800704
2026-07-08T17:53:14.615860,17006837760,16350576640,656261120,3.9,13983629312,1006927872,1796505600,113983488,2393800704
2026-07-08T17:53:15.616197,17006837760,16350461952,656375808,3.9,13983514624,1006927872,1796505600,113983488,2393800704
2026-07-08T17:53:16.616549,17006837760,16350265344,656572416,3.9,13983318016,1006927872,1796505600,113983488,2393800704
2026-07-08T17:53:17.616900,17006837760,16351248384,655589376,3.9,13984301056,1006927872,1796505600,113999872,2393800704
2026-07-08T17:53:18.617262,17006837760,16351248384,655589376,3.9,13984301056,1006927872,1796505600,113999872,2393800704
2026-07-08T17:53:19.617607,17006837760,16350773248,656064512,3.9,13983825920,1006927872,1796505600,113999872,2393800704
2026-07-08T17:53:20.617949,17006837760,16351739904,655097856,3.9,13984792576,1006927872,1796505600,113999872,2393800704
2026-07-08T17:53:21.618253,17006837760,16352493568,654344192,3.8,13985546240,1006927872,1796505600,113999872,2393800704
2026-07-08T17:53:22.618537,17006837760,16350281728,656556032,3.9,13983334400,1006927872,1796505600,113999872,2393800704
2026-07-08T17:53:23.618821,17006837760,16351002624,655835136,3.9,13984055296,1006927872,1796505600,113999872,2393800704
2026-07-08T17:53:24.619100,17006837760,16351444992,655392768,3.9,13984497664,1006927872,1796505600,113999872,2393817088
2026-07-08T17:53:25.619382,17006837760,16350281728,656556032,3.9,13983334400,1006927872,1796505600,113999872,2393817088
2026-07-08T17:53:26.619754,17006837760,16351002624,655835136,3.9,13984055296,1006927872,1796505600,113999872,2393817088
2026-07-08T17:53:27.620051,17006837760,16351559680,655278080,3.9,13984612352,1006927872,1796505600,113999872,2393817088
2026-07-08T17:53:28.620418,17006837760,16347332608,659505152,3.9,13980385280,1006927872,1796505600,114016256,2393817088
2026-07-08T17:53:29.620700,17006837760,16346267648,660570112,3.9,13979320320,1006927872,1796505600,114016256,2393817088
2026-07-08T17:53:30.620982,17006837760,16346775552,660062208,3.9,13979828224,1006927872,1796505600,114016256,2393817088
2026-07-08T17:53:31.621342,17006837760,16348168192,658669568,3.9,13981220864,1006927872,1796505600,114016256,2393817088
2026-07-08T17:53:32.621734,17006837760,16347856896,658980864,3.9,13980909568,1006927872,1796505600,114016256,2393817088
2026-07-08T17:53:33.622056,17006837760,16348528640,658309120,3.9,13981532160,1006977024,1796554752,114032640,2393817088
2026-07-08T17:53:34.622334,17006837760,16348725248,658112512,3.9,13981728768,1006977024,1796554752,114032640,2393833472
2026-07-08T17:53:35.622611,17006837760,16350494720,656343040,3.9,13983498240,1006977024,1796554752,114032640,2393833472
2026-07-08T17:53:36.623005,17006837760,16350740480,656097280,3.9,13983744000,1006977024,1796554752,114032640,2393833472
2026-07-08T17:53:37.623281,17006837760,16351543296,655294464,3.9,13984546816,1006977024,1796554752,114032640,2393833472
2026-07-08T17:53:38.623565,17006837760,16351952896,654884864,3.9,13984776192,1007157248,1796734976,114049024,2393833472
2026-07-08T17:53:39.623947,17006837760,16351952896,654884864,3.9,13984776192,1007157248,1796734976,114049024,2393833472
2026-07-08T17:53:40.624335,17006837760,16351936512,654901248,3.9,13984759808,1007157248,1796734976,114049024,2393833472
2026-07-08T17:53:41.624643,17006837760,16353771520,653066240,3.8,13986594816,1007157248,1796734976,114049024,2393833472
2026-07-08T17:53:42.624962,17006837760,16353525760,653312000,3.8,13986349056,1007157248,1796734976,114049024,2393833472
2026-07-08T17:53:43.625419,17006837760,16353509376,653328384,3.8,13986332672,1007157248,1796734976,114065408,2393833472
2026-07-08T17:53:44.625780,17006837760,16354508800,652328960,3.8,13987332096,1007157248,1796734976,114065408,2393849856
2026-07-08T17:53:45.626105,17006837760,16354508800,652328960,3.8,13987332096,1007157248,1796734976,114065408,2393849856
2026-07-08T17:53:46.626451,17006837760,16353984512,652853248,3.8,13986807808,1007157248,1796734976,114065408,2393849856
2026-07-08T17:53:47.626795,17006837760,16353804288,653033472,3.8,13986627584,1007157248,1796734976,114065408,2393849856
2026-07-08T17:53:48.627098,17006837760,16352788480,654049280,3.8,13985611776,1007157248,1796734976,114081792,2393849856
2026-07-08T17:53:49.627378,17006837760,16353132544,653705216,3.8,13985955840,1007157248,1796734976,114081792,2393849856
2026-07-08T17:53:50.627662,17006837760,16351412224,655425536,3.9,13984235520,1007157248,1796734976,114081792,2393849856
2026-07-08T17:53:51.627950,17006837760,16348200960,658636800,3.9,13981024256,1007157248,1796734976,114081792,2393849856
2026-07-08T17:53:52.628239,17006837760,16349184000,657653760,3.9,13982007296,1007157248,1796734976,114081792,2393849856
2026-07-08T17:53:53.628565,17006837760,16349429760,657408000,3.9,13982253056,1007157248,1796734976,114081792,2393849856
2026-07-08T17:53:54.628916,17006837760,16348692480,658145280,3.9,13981515776,1007157248,1796734976,114081792,2393849856
2026-07-08T17:53:55.629294,17006837760,16346808320,660029440,3.9,13979631616,1007157248,1796734976,114081792,2393866240
2026-07-08T17:53:56.629682,17006837760,16347807744,659030016,3.9,13980631040,1007157248,1796734976,114081792,2393866240
2026-07-08T17:53:57.629966,17006837760,16349085696,657752064,3.9,13981908992,1007157248,1796734976,114081792,2393866240
2026-07-08T17:53:58.630240,17006837760,16340008960,666828800,3.9,13972832256,1007157248,1796734976,114098176,2393866240
2026-07-08T17:53:59.630607,17006837760,16340959232,665878528,3.9,13973782528,1007157248,1796734976,114098176,2393866240
2026-07-08T17:54:00.630916,17006837760,16342777856,664059904,3.9,13975601152,1007157248,1796734976,114098176,2393866240
2026-07-08T17:54:01.631288,17006837760,16344645632,662192128,3.9,13977468928,1007157248,1796734976,114098176,2393866240
2026-07-08T17:54:02.631652,17006837760,16346120192,660717568,3.9,13978943488,1007157248,1796734976,114098176,2393866240
2026-07-08T17:54:03.632013,17006837760,16347234304,659603456,3.9,13980057600,1007157248,1796734976,114114560,2393866240
2026-07-08T17:54:04.632382,17006837760,16347840512,658997248,3.9,13980663808,1007173632,1796734976,114114560,2393866240
2026-07-08T17:54:05.632732,17006837760,16348889088,657948672,3.9,13981712384,1007173632,1796734976,114114560,2393866240
2026-07-08T17:54:06.633116,17006837760,16350068736,656769024,3.9,13982892032,1007173632,1796734976,114114560,2393866240
2026-07-08T17:54:07.633505,17006837760,16351019008,655818752,3.9,13983842304,1007173632,1796734976,114114560,2393882624
2026-07-08T17:54:08.633954,17006837760,16351150080,655687680,3.9,13983973376,1007173632,1796734976,114130944,2393882624
2026-07-08T17:54:09.634301,17006837760,16351248384,655589376,3.9,13984071680,1007173632,1796734976,114130944,2393882624
2026-07-08T17:54:10.634597,17006837760,16350265344,656572416,3.9,13983088640,1007173632,1796734976,114130944,2393882624
2026-07-08T17:54:11.634862,17006837760,16349282304,657555456,3.9,13982105600,1007173632,1796734976,114130944,2393882624
2026-07-08T17:54:12.635215,17006837760,16350003200,656834560,3.9,13982826496,1007173632,1796734976,114130944,2393882624
2026-07-08T17:54:13.635493,17006837760,16351019008,655818752,3.9,13983842304,1007173632,1796734976,114147328,2393882624
2026-07-08T17:54:14.635770,17006837760,16351395840,655441920,3.9,13984088064,1007239168,1796866048,114147328,2393882624
2026-07-08T17:54:15.636100,17006837760,16350724096,656113664,3.9,13983416320,1007239168,1796866048,114147328,2393882624
2026-07-08T17:54:16.636400,17006837760,16350461952,656375808,3.9,13983154176,1007239168,1796866048,114147328,2393882624
2026-07-08T17:54:17.636692,17006837760,16349724672,657113088,3.9,13982416896,1007239168,1796866048,114147328,2393882624
2026-07-08T17:54:18.636980,17006837760,16350412800,656424960,3.9,13983105024,1007239168,1796866048,114163712,2393899008
2026-07-08T17:54:19.637268,17006837760,16350920704,655917056,3.9,13983612928,1007239168,1796866048,114163712,2393899008
2026-07-08T17:54:20.637566,17006837760,16346988544,659849216,3.9,13979680768,1007239168,1796866048,114163712,2393899008
2026-07-08T17:54:21.637923,17006837760,16348168192,658669568,3.9,13980860416,1007239168,1796866048,114163712,2393899008
2026-07-08T17:54:22.638318,17006837760,16348626944,658210816,3.9,13981319168,1007239168,1796866048,114163712,2393899008
2026-07-08T17:54:23.638623,17006837760,16349265920,657571840,3.9,13981958144,1007239168,1796866048,114163712,2393899008
2026-07-08T17:54:24.638904,17006837760,16350101504,656736256,3.9,13982793728,1007239168,1796866048,114163712,2393899008
2026-07-08T17:54:25.639219,17006837760,16352182272,654655488,3.8,13984874496,1007239168,1796866048,114163712,2393899008
2026-07-08T17:54:26.639521,17006837760,16352690176,654147584,3.8,13985382400,1007239168,1796866048,114163712,2393899008
2026-07-08T17:54:27.639909,17006837760,16352362496,654475264,3.8,13985054720,1007239168,1796866048,114163712,2393899008
2026-07-08T17:54:28.640255,17006837760,16352411648,654426112,3.8,13985103872,1007239168,1796866048,114163712,2393899008
2026-07-08T17:54:29.640653,17006837760,16351870976,654966784,3.9,13984563200,1007239168,1796866048,114180096,2393899008
2026-07-08T17:54:30.640966,17006837760,16351297536,655540224,3.9,13983989760,1007239168,1796866048,114180096,2393915392
2026-07-08T17:54:31.641336,17006837760,16351657984,655179776,3.9,13984350208,1007239168,1796866048,114180096,2393915392
2026-07-08T17:54:32.641612,17006837760,16351903744,654934016,3.9,13984595968,1007239168,1796866048,114180096,2393915392
2026-07-08T17:54:33.641892,17006837760,16352657408,654180352,3.8,13985349632,1007239168,1796866048,114180096,2393915392
2026-07-08T17:54:34.642175,17006837760,16352641024,654196736,3.8,13985333248,1007239168,1796866048,114196480,2393915392
2026-07-08T17:54:35.642541,17006837760,16352428032,654409728,3.8,13985087488,1007239168,1796898816,114196480,2393915392
2026-07-08T17:54:36.642886,17006837760,16353165312,653672448,3.8,13985824768,1007239168,1796898816,114196480,2393915392
2026-07-08T17:54:37.643351,17006837760,16353165312,653672448,3.8,13985824768,1007239168,1796898816,114196480,2393915392
2026-07-08T17:54:38.643725,17006837760,16353165312,653672448,3.8,13985824768,1007239168,1796898816,114196480,2393915392
2026-07-08T17:54:39.644075,17006837760,16349954048,656883712,3.9,13982613504,1007239168,1796898816,114212864,2393915392
2026-07-08T17:54:40.644419,17006837760,16349216768,657620992,3.9,13981876224,1007239168,1796898816,114212864,2393915392
2026-07-08T17:54:41.645210,17006837760,16346759168,660078592,3.9,13979418624,1007239168,1796898816,114212864,2393915392
2026-07-08T17:54:42.645845,17006837760,16347971584,658866176,3.9,13980631040,1007239168,1796898816,114212864,2393931776
2026-07-08T17:54:43.646196,17006837760,16347824128,659013632,3.9,13980483584,1007239168,1796898816,114212864,2393931776
2026-07-08T17:54:44.646518,17006837760,16347824128,659013632,3.9,13980483584,1007239168,1796898816,114229248,2393931776
2026-07-08T17:54:45.646839,17006837760,16349036544,657801216,3.9,13981696000,1007239168,1796898816,114229248,2393931776
2026-07-08T17:54:46.647183,17006837760,16349511680,657326080,3.9,13982171136,1007239168,1796898816,114229248,2393931776
2026-07-08T17:54:47.647468,17006837760,16350003200,656834560,3.9,13982662656,1007239168,1796898816,114229248,2393931776
2026-07-08T17:54:48.647744,17006837760,16352182272,654655488,3.8,13984841728,1007239168,1796898816,114229248,2393931776
2026-07-08T17:54:49.649024,17006837760,16352444416,654393344,3.8,13985103872,1007239168,1796898816,114245632,2393931776
2026-07-08T17:54:50.649498,17006837760,16351821824,655015936,3.9,13984366592,1007304704,1797013504,114245632,2393931776
2026-07-08T17:54:51.650058,17006837760,16349396992,657440768,3.9,13981925376,1007304704,1797013504,114245632,2393964544
2026-07-08T17:54:52.650562,17006837760,16349855744,656982016,3.9,13982384128,1007304704,1797013504,114245632,2393964544
2026-07-08T17:54:53.651449,17006837760,16350576640,656261120,3.9,13983105024,1007304704,1797013504,114245632,2393964544
2026-07-08T17:54:54.652168,17006837760,16351330304,655507456,3.9,13983858688,1007304704,1797013504,114245632,2393964544
2026-07-08T17:54:55.653613,17006837760,16351576064,655261696,3.9,13984104448,1007304704,1797013504,114245632,2393964544
2026-07-08T17:54:56.654219,17006837760,16352083968,654753792,3.8,13984612352,1007304704,1797013504,114245632,2393964544
2026-07-08T17:54:57.654915,17006837760,16352788480,654049280,3.8,13985316864,1007304704,1797013504,114245632,2393964544
2026-07-08T17:54:58.657554,17006837760,16352772096,654065664,3.8,13985300480,1007304704,1797013504,114245632,2393964544
2026-07-08T17:54:59.657954,17006837760,16352739328,654098432,3.8,13985267712,1007304704,1797013504,114262016,2393964544
2026-07-08T17:55:00.658317,17006837760,16351510528,655327232,3.9,13984038912,1007304704,1797013504,114262016,2393964544
2026-07-08T17:55:01.658688,17006837760,16349642752,657195008,3.9,13982171136,1007304704,1797013504,114262016,2393980928
2026-07-08T17:55:02.659090,17006837760,16350134272,656703488,3.9,13982662656,1007304704,1797013504,114262016,2393980928
2026-07-08T17:55:03.659654,17006837760,16348397568,658440192,3.9,13980925952,1007304704,1797013504,114262016,2393980928
2026-07-08T17:55:04.660167,17006837760,16348413952,658423808,3.9,13980942336,1007304704,1797013504,114278400,2393980928
2026-07-08T17:55:05.661003,17006837760,16349396992,657440768,3.9,13981892608,1007337472,1797046272,114278400,2393980928
2026-07-08T17:55:06.661430,17006837760,16350380032,656457728,3.9,13982875648,1007337472,1797046272,114278400,2393980928
2026-07-08T17:55:07.661855,17006837760,16350134272,656703488,3.9,13982629888,1007337472,1797046272,114278400,2393980928
2026-07-08T17:55:08.662763,17006837760,16350838784,655998976,3.9,13983334400,1007337472,1797046272,114278400,2393980928
2026-07-08T17:55:09.663113,17006837760,16349118464,657719296,3.9,13981614080,1007337472,1797046272,114294784,2393980928
2026-07-08T17:55:10.663803,17006837760,16348381184,658456576,3.9,13980876800,1007337472,1797046272,114294784,2393980928
2026-07-08T17:55:11.664199,17006837760,16349364224,657473536,3.9,13981859840,1007337472,1797046272,114294784,2393980928
2026-07-08T17:55:12.664741,17006837760,16351313920,655523840,3.9,13983809536,1007337472,1797046272,114294784,2393980928
2026-07-08T17:55:13.665167,17006837760,16351068160,655769600,3.9,13983563776,1007337472,1797046272,114294784,2393997312
2026-07-08T17:55:14.665613,17006837760,16351559680,655278080,3.9,13984055296,1007337472,1797046272,114311168,2393997312
2026-07-08T17:55:15.666050,17006837760,16352296960,654540800,3.8,13984792576,1007337472,1797046272,114311168,2393997312
2026-07-08T17:55:16.666970,17006837760,16353017856,653819904,3.8,13985513472,1007337472,1797046272,114311168,2393997312
2026-07-08T17:55:17.667389,17006837760,16353247232,653590528,3.8,13985742848,1007337472,1797046272,114311168,2393997312
2026-07-08T17:55:18.667668,17006837760,16352755712,654082048,3.8,13985251328,1007337472,1797046272,114311168,2393997312
2026-07-08T17:55:19.667939,17006837760,16353230848,653606912,3.8,13985726464,1007337472,1797046272,114327552,2393997312
2026-07-08T17:55:20.668212,17006837760,16353443840,653393920,3.8,13985939456,1007337472,1797046272,114327552,2393997312
2026-07-08T17:55:21.669367,17006837760,16352722944,654114816,3.8,13985218560,1007337472,1797046272,114327552,2393997312
2026-07-08T17:55:22.669794,17006837760,16352854016,653983744,3.8,13985349632,1007337472,1797046272,114327552,2393997312
2026-07-08T17:55:23.670243,17006837760,16353574912,653262848,3.8,13986070528,1007337472,1797046272,114327552,2393997312
2026-07-08T17:55:24.670711,17006837760,16353574912,653262848,3.8,13986070528,1007337472,1797046272,114327552,2393997312
2026-07-08T17:55:25.671154,17006837760,16353820672,653017088,3.8,13986316288,1007337472,1797046272,114327552,2393997312
2026-07-08T17:55:26.671489,17006837760,16351559680,655278080,3.9,13983924224,1007419392,1797177344,114327552,2394013696
2026-07-08T17:55:27.671768,17006837760,16348135424,658702336,3.9,13980499968,1007419392,1797177344,114327552,2394013696
2026-07-08T17:55:28.672046,17006837760,16347398144,659439616,3.9,13979762688,1007419392,1797177344,114327552,2394013696
2026-07-08T17:55:29.672327,17006837760,16348889088,657948672,3.9,13981253632,1007419392,1797177344,114343936,2394013696
2026-07-08T17:55:30.674304,17006837760,16349626368,657211392,3.9,13981990912,1007419392,1797177344,114343936,2394013696
2026-07-08T17:55:31.674634,17006837760,16350429184,656408576,3.9,13982793728,1007419392,1797177344,114343936,2394013696
2026-07-08T17:55:32.674977,17006837760,16351150080,655687680,3.9,13983514624,1007419392,1797177344,114343936,2394013696
2026-07-08T17:55:33.675322,17006837760,16350920704,655917056,3.9,13983285248,1007419392,1797177344,114343936,2394013696
2026-07-08T17:55:34.675735,17006837760,16349970432,656867328,3.9,13982334976,1007419392,1797177344,114343936,2394013696
2026-07-08T17:55:35.676411,17006837760,16349724672,657113088,3.9,13982089216,1007419392,1797177344,114360320,2394013696
2026-07-08T17:55:36.676755,17006837760,16349560832,657276928,3.9,13981827072,1007468544,1797275648,114360320,2394013696
2026-07-08T17:55:37.677101,17006837760,16350380032,656457728,3.9,13982646272,1007468544,1797275648,114360320,2394030080
2026-07-08T17:55:38.677456,17006837760,16352542720,654295040,3.8,13984808960,1007468544,1797275648,114360320,2394030080
2026-07-08T17:55:39.677793,17006837760,16352051200,654786560,3.9,13984317440,1007468544,1797275648,114360320,2394030080
2026-07-08T17:55:40.678265,17006837760,16351805440,655032320,3.9,13984071680,1007468544,1797275648,114376704,2394030080
2026-07-08T17:55:41.680358,17006837760,16352526336,654311424,3.8,13984792576,1007468544,1797275648,114376704,2394030080
2026-07-08T17:55:42.680697,17006837760,16352231424,654606336,3.8,13984497664,1007468544,1797275648,114376704,2394030080
2026-07-08T17:55:43.680978,17006837760,16352526336,654311424,3.8,13984792576,1007468544,1797275648,114376704,2394030080
2026-07-08T17:55:44.681268,17006837760,16352854016,653983744,3.8,13985120256,1007468544,1797275648,114376704,2394030080
2026-07-08T17:55:45.681599,17006837760,16353099776,653737984,3.8,13985366016,1007468544,1797275648,114393088,2394030080
2026-07-08T17:55:46.681950,17006837760,16352116736,654721024,3.8,13984382976,1007468544,1797275648,114393088,2394030080
2026-07-08T17:55:47.682302,17006837760,16352116736,654721024,3.8,13984382976,1007468544,1797275648,114393088,2394030080
2026-07-08T17:55:48.682654,17006837760,16352804864,654032896,3.8,13985071104,1007468544,1797275648,114393088,2394046464
2026-07-08T17:55:49.682953,17006837760,16351100928,655736832,3.9,13983367168,1007468544,1797275648,114393088,2394046464
2026-07-08T17:55:50.683234,17006837760,16348626944,658210816,3.9,13980893184,1007468544,1797275648,114409472,2394046464
2026-07-08T17:55:51.683516,17006837760,16348381184,658456576,3.9,13980647424,1007468544,1797275648,114409472,2394046464
2026-07-08T17:55:52.683794,17006837760,16348397568,658440192,3.9,13980663808,1007468544,1797275648,114409472,2394046464
2026-07-08T17:55:53.684072,17006837760,16347889664,658948096,3.9,13980155904,1007468544,1797275648,114409472,2394046464
2026-07-08T17:55:54.684395,17006837760,16349380608,657457152,3.9,13981646848,1007468544,1797275648,114409472,2394046464
2026-07-08T17:55:55.684752,17006837760,16350969856,655867904,3.9,13983236096,1007468544,1797275648,114409472,2394046464
2026-07-08T17:55:56.685161,17006837760,16350724096,656113664,3.9,13982990336,1007468544,1797275648,114409472,2394046464
2026-07-08T17:55:57.685525,17006837760,16351690752,655147008,3.9,13983956992,1007468544,1797275648,114409472,2394046464
2026-07-08T17:55:58.685864,17006837760,16352296960,654540800,3.8,13984563200,1007468544,1797275648,114409472,2394046464
2026-07-08T17:55:59.686215,17006837760,16352051200,654786560,3.9,13984317440,1007468544,1797275648,114409472,2394046464
2026-07-08T17:56:00.686572,17006837760,16351510528,655327232,3.9,13983776768,1007468544,1797275648,114425856,2394062848
2026-07-08T17:56:01.686932,17006837760,16350445568,656392192,3.9,13982711808,1007468544,1797275648,114425856,2394062848
2026-07-08T17:56:02.687273,17006837760,16350658560,656179200,3.9,13982924800,1007468544,1797275648,114425856,2394062848
2026-07-08T17:56:03.687626,17006837760,16350904320,655933440,3.9,13983170560,1007468544,1797275648,114425856,2394062848
2026-07-08T17:56:04.687983,17006837760,16351133696,655704064,3.9,13983399936,1007468544,1797275648,114425856,2394062848
2026-07-08T17:56:05.688839,17006837760,16351969280,654868480,3.9,13984235520,1007468544,1797275648,114442240,2394062848
2026-07-08T17:56:06.689349,17006837760,16352215040,654622720,3.8,13984481280,1007468544,1797275648,114442240,2394062848
2026-07-08T17:56:07.689625,17006837760,16352296960,654540800,3.8,13984481280,1007501312,1797357568,114442240,2394062848
2026-07-08T17:56:08.689903,17006837760,16352067584,654770176,3.9,13984251904,1007501312,1797357568,114442240,2394062848
2026-07-08T17:56:09.690182,17006837760,16353001472,653836288,3.8,13985185792,1007501312,1797357568,114442240,2394062848
2026-07-08T17:56:10.690510,17006837760,16352018432,654819328,3.9,13984202752,1007501312,1797357568,114458624,2394062848
2026-07-08T17:56:11.690847,17006837760,16352526336,654311424,3.8,13984710656,1007501312,1797357568,114458624,2394062848
2026-07-08T17:56:12.691158,17006837760,16352034816,654802944,3.9,13984219136,1007501312,1797357568,114458624,2394079232
2026-07-08T17:56:13.691437,17006837760,16352509952,654327808,3.8,13984694272,1007501312,1797357568,114458624,2394079232
2026-07-08T17:56:14.691720,17006837760,16352018432,654819328,3.9,13984202752,1007501312,1797357568,114458624,2394079232
2026-07-08T17:56:15.692023,17006837760,16351772672,655065088,3.9,13983956992,1007501312,1797357568,114475008,2394079232
2026-07-08T17:56:16.692331,17006837760,16349315072,657522688,3.9,13981499392,1007501312,1797357568,114475008,2394079232
2026-07-08T17:56:17.692688,17006837760,16349822976,657014784,3.9,13982007296,1007501312,1797357568,114475008,2394079232
2026-07-08T17:56:18.693041,17006837760,16351215616,655622144,3.9,13983399936,1007501312,1797357568,114475008,2394079232
2026-07-08T17:56:19.693427,17006837760,16350969856,655867904,3.9,13983154176,1007501312,1797357568,114475008,2394079232
2026-07-08T17:56:20.694218,17006837760,16350969856,655867904,3.9,13983154176,1007501312,1797357568,114491392,2394079232
2026-07-08T17:56:21.694601,17006837760,16351035392,655802368,3.9,13983219712,1007501312,1797357568,114491392,2394079232
2026-07-08T17:56:22.694911,17006837760,16352460800,654376960,3.8,13984645120,1007501312,1797357568,114491392,2394079232
2026-07-08T17:56:23.695205,17006837760,16352722944,654114816,3.8,13984907264,1007501312,1797357568,114491392,2394079232
2026-07-08T17:56:24.695493,17006837760,16352673792,654163968,3.8,13984858112,1007501312,1797357568,114491392,2394095616
2026-07-08T17:56:25.695768,17006837760,16353181696,653656064,3.8,13985366016,1007501312,1797357568,114491392,2394095616
2026-07-08T17:56:26.696163,17006837760,16354082816,652754944,3.8,13986267136,1007501312,1797357568,114491392,2394095616
2026-07-08T17:56:27.696506,17006837760,16354082816,652754944,3.8,13986267136,1007501312,1797357568,114491392,2394095616
2026-07-08T17:56:28.696863,17006837760,16354082816,652754944,3.8,13986267136,1007501312,1797357568,114491392,2394095616
2026-07-08T17:56:29.697302,17006837760,16353083392,653754368,3.8,13985267712,1007501312,1797357568,114491392,2394095616
2026-07-08T17:56:30.697694,17006837760,16352346112,654491648,3.8,13984530432,1007501312,1797357568,114491392,2394095616
2026-07-08T17:56:31.698082,17006837760,16351526912,655310848,3.9,13983711232,1007501312,1797357568,114507776,2394095616
2026-07-08T17:56:32.698361,17006837760,16352034816,654802944,3.9,13984219136,1007501312,1797357568,114507776,2394095616
2026-07-08T17:56:33.698701,17006837760,16352624640,654213120,3.8,13984808960,1007501312,1797357568,114507776,2394095616
2026-07-08T17:56:34.699028,17006837760,16351395840,655441920,3.9,13983580160,1007501312,1797357568,114507776,2394095616
2026-07-08T17:56:35.699306,17006837760,16351379456,655458304,3.9,13983563776,1007501312,1797357568,114507776,2394112000
2026-07-08T17:56:36.699587,17006837760,16351838208,654999552,3.9,13984022528,1007501312,1797357568,114524160,2394112000
2026-07-08T17:56:37.699870,17006837760,16352264192,654573568,3.8,13984333824,1007534080,1797472256,114524160,2394112000
2026-07-08T17:56:38.700186,17006837760,16352264192,654573568,3.8,13984333824,1007534080,1797472256,114524160,2394112000
2026-07-08T17:56:39.700536,17006837760,16349069312,657768448,3.9,13981138944,1007534080,1797472256,114524160,2394112000
2026-07-08T17:56:40.700945,17006837760,16348725248,658112512,3.9,13980794880,1007534080,1797472256,114524160,2394112000
2026-07-08T17:56:41.701275,17006837760,16347512832,659324928,3.9,13979582464,1007534080,1797472256,114524160,2394112000
2026-07-08T17:56:42.701555,17006837760,16348512256,658325504,3.9,13980581888,1007779840,1797472256,114524160,2394112000
2026-07-08T17:56:43.701832,17006837760,16348577792,658259968,3.9,13980647424,1007779840,1797472256,114524160,2394112000
2026-07-08T17:56:44.702126,17006837760,16349069312,657768448,3.9,13981138944,1007779840,1797472256,114524160,2394112000
2026-07-08T17:56:45.702499,17006837760,16348364800,658472960,3.9,13980434432,1007779840,1797472256,114524160,2394128384
2026-07-08T17:56:46.702891,17006837760,16347873280,658964480,3.9,13979942912,1007779840,1797472256,114524160,2394128384
2026-07-08T17:56:47.703226,17006837760,16347873280,658964480,3.9,13979942912,1007779840,1797472256,114524160,2394128384
2026-07-08T17:56:48.703534,17006837760,16349806592,657031168,3.9,13981876224,1007779840,1797472256,114524160,2394128384
2026-07-08T17:56:49.703844,17006837760,16350642176,656195584,3.9,13982711808,1007779840,1797472256,114524160,2394128384
2026-07-08T17:56:50.704138,17006837760,16351117312,655720448,3.9,13983186944,1007779840,1797472256,114524160,2394128384
2026-07-08T17:56:51.704463,17006837760,16352100352,654737408,3.8,13984169984,1007779840,1797472256,114524160,2394128384
2026-07-08T17:56:52.704818,17006837760,16352559104,654278656,3.8,13984628736,1007779840,1797472256,114524160,2394128384
2026-07-08T17:56:53.705195,17006837760,16352313344,654524416,3.8,13984382976,1007779840,1797472256,114524160,2394128384
2026-07-08T17:56:54.705577,17006837760,16352673792,654163968,3.8,13984743424,1007779840,1797472256,114524160,2394128384
2026-07-08T17:56:55.705868,17006837760,16352903168,653934592,3.8,13984972800,1007779840,1797472256,114524160,2394128384
2026-07-08T17:56:56.706145,17006837760,16353624064,653213696,3.8,13985693696,1007779840,1797472256,114524160,2394128384
2026-07-08T17:56:57.706573,17006837760,16353132544,653705216,3.8,13985202176,1007779840,1797472256,114524160,2394144768
2026-07-08T17:56:58.706942,17006837760,16351887360,654950400,3.9,13983956992,1007779840,1797472256,114524160,2394144768
2026-07-08T17:56:59.707334,17006837760,16351100928,655736832,3.9,13983170560,1007779840,1797472256,114524160,2394144768
2026-07-08T17:57:00.707712,17006837760,16351264768,655572992,3.9,13983334400,1007779840,1797472256,114524160,2394144768
2026-07-08T17:57:01.708350,17006837760,16352002048,654835712,3.9,13984071680,1007779840,1797472256,114524160,2394144768
2026-07-08T17:57:02.708872,17006837760,16352231424,654606336,3.8,13984301056,1007779840,1797472256,114524160,2394144768
2026-07-08T17:57:03.709187,17006837760,16352231424,654606336,3.8,13984301056,1007779840,1797472256,114524160,2394144768
2026-07-08T17:57:04.709499,17006837760,16352231424,654606336,3.8,13984301056,1007779840,1797472256,114524160,2394144768
2026-07-08T17:57:05.709897,17006837760,16351494144,655343616,3.9,13983563776,1007779840,1797472256,114524160,2394144768
2026-07-08T17:57:06.710206,17006837760,16351264768,655572992,3.9,13983334400,1007779840,1797472256,114524160,2394144768
2026-07-08T17:57:07.710556,17006837760,16352657408,654180352,3.8,13984727040,1007779840,1797472256,114524160,2394144768
2026-07-08T17:57:08.710880,17006837760,16352198656,654639104,3.8,13984235520,1007828992,1797505024,114524160,2394161152
2026-07-08T17:57:09.711185,17006837760,16352444416,654393344,3.8,13984481280,1007828992,1797505024,114524160,2394161152
2026-07-08T17:57:10.711490,17006837760,16352411648,654426112,3.8,13984448512,1007828992,1797505024,114524160,2394161152
2026-07-08T17:57:11.711883,17006837760,16352870400,653967360,3.8,13984907264,1007828992,1797505024,114540544,2394161152
2026-07-08T17:57:12.712272,17006837760,16353116160,653721600,3.8,13985153024,1007828992,1797505024,114540544,2394161152
2026-07-08T17:57:13.712640,17006837760,16353837056,653000704,3.8,13985873920,1007828992,1797505024,114540544,2394161152
2026-07-08T17:57:14.713009,17006837760,16353574912,653262848,3.8,13985611776,1007828992,1797505024,114540544,2394161152
2026-07-08T17:57:15.713383,17006837760,16353673216,653164544,3.8,13985710080,1007828992,1797505024,114540544,2394161152
2026-07-08T17:57:16.713770,17006837760,16352198656,654639104,3.8,13984235520,1007828992,1797505024,114556928,2394161152
2026-07-08T17:57:17.714152,17006837760,16351952896,654884864,3.9,13983989760,1007828992,1797505024,114556928,2394161152
2026-07-08T17:57:18.714524,17006837760,16352493568,654344192,3.8,13984497664,1007943680,1797537792,114556928,2394161152
2026-07-08T17:57:19.714888,17006837760,16352739328,654098432,3.8,13984743424,1007943680,1797537792,114556928,2394161152
2026-07-08T17:57:20.715231,17006837760,16352739328,654098432,3.8,13984743424,1007943680,1797537792,114556928,2394161152
2026-07-08T17:57:21.715545,17006837760,16353214464,653623296,3.8,13985202176,1007943680,1797537792,114556928,2394193920
2026-07-08T17:57:22.715875,17006837760,16352477184,654360576,3.8,13984464896,1007943680,1797537792,114573312,2394193920
2026-07-08T17:57:23.716247,17006837760,16352722944,654114816,3.8,13984710656,1007943680,1797537792,114573312,2394193920
2026-07-08T17:57:24.716527,17006837760,16353198080,653639680,3.8,13985185792,1007943680,1797537792,114573312,2394193920
2026-07-08T17:57:25.716804,17006837760,16353689600,653148160,3.8,13985677312,1007943680,1797537792,114573312,2394193920
2026-07-08T17:57:26.717280,17006837760,16353935360,652902400,3.8,13985923072,1007943680,1797537792,114573312,2394193920
2026-07-08T17:57:27.717818,17006837760,16353902592,652935168,3.8,13985890304,1007943680,1797537792,114589696,2394193920
2026-07-08T17:57:28.718097,17006837760,16352673792,654163968,3.8,13984661504,1007943680,1797537792,114589696,2394193920
2026-07-08T17:57:29.718377,17006837760,16352903168,653934592,3.8,13984890880,1007943680,1797537792,114589696,2394193920
2026-07-08T17:57:30.718654,17006837760,16351395840,655441920,3.9,13983383552,1007943680,1797537792,114589696,2394193920
2026-07-08T17:57:31.718932,17006837760,16347758592,659079168,3.9,13979746304,1007943680,1797537792,114589696,2394193920
2026-07-08T17:57:32.719260,17006837760,16345546752,661291008,3.9,13977534464,1007943680,1797537792,114589696,2394210304
2026-07-08T17:57:33.719593,17006837760,16345137152,661700608,3.9,13977124864,1007943680,1797537792,114589696,2394210304
2026-07-08T17:57:34.719923,17006837760,16345497600,661340160,3.9,13977485312,1007943680,1797537792,114589696,2394210304
2026-07-08T17:57:35.720270,17006837760,16347348992,659488768,3.9,13979336704,1007943680,1797537792,114589696,2394210304
2026-07-08T17:57:36.720620,17006837760,16347906048,658931712,3.9,13979893760,1007943680,1797537792,114589696,2394210304
2026-07-08T17:57:37.720961,17006837760,16348250112,658587648,3.9,13980237824,1007943680,1797537792,114606080,2394210304
2026-07-08T17:57:38.721313,17006837760,16348479488,658358272,3.9,13980467200,1007943680,1797537792,114606080,2394210304
2026-07-08T17:57:39.721619,17006837760,16349331456,657506304,3.9,13981122560,1008205824,1797734400,114606080,2394210304
2026-07-08T17:57:40.721913,17006837760,16349773824,657063936,3.9,13981564928,1008205824,1797734400,114606080,2394210304
2026-07-08T17:57:41.722190,17006837760,16350920704,655917056,3.9,13982711808,1008205824,1797734400,114606080,2394210304
2026-07-08T17:57:42.722469,17006837760,16351035392,655802368,3.9,13982826496,1008205824,1797734400,114622464,2394210304
2026-07-08T17:57:43.722748,17006837760,16352002048,654835712,3.9,13983793152,1008205824,1797734400,114622464,2394210304
2026-07-08T17:57:44.723064,17006837760,16352477184,654360576,3.8,13984268288,1008205824,1797734400,114622464,2394226688
2026-07-08T17:57:45.723394,17006837760,16352952320,653885440,3.8,13984743424,1008205824,1797734400,114622464,2394226688
2026-07-08T17:57:46.723688,17006837760,16352952320,653885440,3.8,13984743424,1008205824,1797734400,114622464,2394226688
2026-07-08T17:57:47.723967,17006837760,16351707136,655130624,3.9,13983498240,1008205824,1797734400,114638848,2394226688
2026-07-08T17:57:48.724244,17006837760,16350986240,655851520,3.9,13982777344,1008205824,1797734400,114638848,2394226688
2026-07-08T17:57:49.724527,17006837760,16350494720,656343040,3.9,13982285824,1008205824,1797734400,114638848,2394226688
2026-07-08T17:57:50.724807,17006837760,16351461376,655376384,3.9,13983252480,1008205824,1797734400,114638848,2394226688
2026-07-08T17:57:51.725145,17006837760,16350724096,656113664,3.9,13982515200,1008205824,1797734400,114638848,2394226688
2026-07-08T17:57:52.725490,17006837760,16349986816,656850944,3.9,13981777920,1008205824,1797734400,114655232,2394226688
2026-07-08T17:57:53.725831,17006837760,16350953472,655884288,3.9,13982744576,1008205824,1797734400,114655232,2394226688
2026-07-08T17:57:54.726162,17006837760,16351510528,655327232,3.9,13983236096,1008205824,1797799936,114655232,2394226688
2026-07-08T17:57:55.726513,17006837760,16352002048,654835712,3.9,13983727616,1008205824,1797799936,114655232,2394226688
2026-07-08T17:57:56.727075,17006837760,16351264768,655572992,3.9,13982990336,1008205824,1797799936,114655232,2394243072
2026-07-08T17:57:57.727738,17006837760,16350576640,656261120,3.9,13982302208,1008205824,1797799936,114671616,2394243072
2026-07-08T17:57:58.728019,17006837760,16345661440,661176320,3.9,13977387008,1008205824,1797799936,114671616,2394243072
2026-07-08T17:57:59.728300,17006837760,16345874432,660963328,3.9,13977600000,1008205824,1797799936,114671616,2394243072
2026-07-08T17:58:00.728580,17006837760,16347922432,658915328,3.9,13979648000,1008205824,1797799936,114671616,2394243072
2026-07-08T17:58:01.728917,17006837760,16348430336,658407424,3.9,13980155904,1008205824,1797799936,114671616,2394243072
2026-07-08T17:58:02.729784,17006837760,16348446720,658391040,3.9,13980172288,1008205824,1797799936,114671616,2394243072
2026-07-08T17:58:03.730186,17006837760,16349921280,656916480,3.9,13981646848,1008205824,1797799936,114671616,2394243072
2026-07-08T17:58:04.730495,17006837760,16349380608,657457152,3.9,13981106176,1008205824,1797799936,114671616,2394243072
2026-07-08T17:58:05.730772,17006837760,16350281728,656556032,3.9,13982007296,1008205824,1797799936,114671616,2394243072
2026-07-08T17:58:06.731048,17006837760,16351903744,654934016,3.9,13983629312,1008205824,1797799936,114671616,2394243072
2026-07-08T17:58:07.731363,17006837760,16350183424,656654336,3.9,13981908992,1008205824,1797799936,114671616,2394259456
2026-07-08T17:58:08.731706,17006837760,16349970432,656867328,3.9,13981696000,1008205824,1797799936,114671616,2394259456
2026-07-08T17:58:09.732065,17006837760,16347299840,659537920,3.9,13979009024,1008238592,1797816320,114671616,2394259456
2026-07-08T17:58:10.732574,17006837760,16346578944,660258816,3.9,13978288128,1008238592,1797816320,114671616,2394259456
2026-07-08T17:58:11.732916,17006837760,16348053504,658784256,3.9,13979762688,1008238592,1797816320,114671616,2394259456
2026-07-08T17:58:12.733263,17006837760,16349052928,657784832,3.9,13980762112,1008238592,1797816320,114688000,2394259456
2026-07-08T17:58:13.733558,17006837760,16349757440,657080320,3.9,13981466624,1008238592,1797816320,114688000,2394259456
2026-07-08T17:58:14.733833,17006837760,16349020160,657817600,3.9,13980729344,1008238592,1797816320,114688000,2394259456
2026-07-08T17:58:15.734112,17006837760,16348037120,658800640,3.9,13979746304,1008238592,1797816320,114688000,2394259456
2026-07-08T17:58:16.734394,17006837760,16349020160,657817600,3.9,13980729344,1008238592,1797816320,114688000,2394259456
2026-07-08T17:58:17.734673,17006837760,16349036544,657801216,3.9,13980745728,1008238592,1797816320,114704384,2394259456
2026-07-08T17:58:18.734948,17006837760,16348790784,658046976,3.9,13980499968,1008238592,1797816320,114704384,2394275840
2026-07-08T17:58:19.735276,17006837760,16348708864,658128896,3.9,13980418048,1008238592,1797816320,114704384,2394275840
2026-07-08T17:58:20.735573,17006837760,16350871552,655966208,3.9,13982580736,1008238592,1797816320,114704384,2394275840
2026-07-08T17:58:21.735885,17006837760,16351117312,655720448,3.9,13982826496,1008238592,1797816320,114704384,2394275840
2026-07-08T17:58:22.736179,17006837760,16350609408,656228352,3.9,13982318592,1008238592,1797816320,114720768,2394275840
2026-07-08T17:58:23.736551,17006837760,16349331456,657506304,3.9,13981040640,1008238592,1797816320,114720768,2394275840
2026-07-08T17:58:24.736872,17006837760,16345776128,661061632,3.9,13977485312,1008238592,1797816320,114720768,2394275840
2026-07-08T17:58:25.737147,17006837760,16346988544,659849216,3.9,13978697728,1008238592,1797816320,114720768,2394275840
2026-07-08T17:58:26.737421,17006837760,16349085696,657752064,3.9,13980794880,1008238592,1797816320,114720768,2394275840
2026-07-08T17:58:27.737696,17006837760,16348839936,657997824,3.9,13980549120,1008238592,1797816320,114720768,2394275840
2026-07-08T17:58:28.738077,17006837760,16348725248,658112512,3.9,13980434432,1008238592,1797816320,114720768,2394275840
2026-07-08T17:58:29.738357,17006837760,16348741632,658096128,3.9,13980450816,1008238592,1797816320,114720768,2394275840
2026-07-08T17:58:30.738635,17006837760,16348430336,658407424,3.9,13980123136,1008238592,1797816320,114720768,2394308608
2026-07-08T17:58:31.738915,17006837760,16349806592,657031168,3.9,13981499392,1008238592,1797816320,114720768,2394308608
2026-07-08T17:58:32.739191,17006837760,16350773248,656064512,3.9,13982466048,1008238592,1797816320,114720768,2394308608
2026-07-08T17:58:33.739521,17006837760,16350773248,656064512,3.9,13982466048,1008238592,1797816320,114720768,2394308608
2026-07-08T17:58:34.739944,17006837760,16350773248,656064512,3.9,13982466048,1008238592,1797816320,114720768,2394308608
2026-07-08T17:58:35.740338,17006837760,16351576064,655261696,3.9,13983203328,1008254976,1797881856,114720768,2394308608
2026-07-08T17:58:36.740631,17006837760,16351576064,655261696,3.9,13983203328,1008254976,1797881856,114720768,2394308608
2026-07-08T17:58:37.740939,17006837760,16351805440,655032320,3.9,13983432704,1008254976,1797881856,114720768,2394308608
2026-07-08T17:58:38.741315,17006837760,16351952896,654884864,3.9,13983580160,1008254976,1797881856,114737152,2394308608
2026-07-08T17:58:39.741703,17006837760,16351707136,655130624,3.9,13983334400,1008254976,1797881856,114737152,2394308608
2026-07-08T17:58:40.742036,17006837760,16351969280,654868480,3.9,13983580160,1008254976,1797898240,114737152,2394308608
2026-07-08T17:58:41.742397,17006837760,16351952896,654884864,3.9,13983563776,1008254976,1797898240,114737152,2394308608
2026-07-08T17:58:42.745497,17006837760,16351690752,655147008,3.9,13983301632,1008254976,1797898240,114737152,2394324992
2026-07-08T17:58:43.745816,17006837760,16352264192,654573568,3.8,13983875072,1008254976,1797898240,114737152,2394324992
2026-07-08T17:58:44.746088,17006837760,16353001472,653836288,3.8,13984612352,1008254976,1797898240,114737152,2394324992
2026-07-08T17:58:45.746363,17006837760,16353247232,653590528,3.8,13984858112,1008254976,1797898240,114737152,2394324992
2026-07-08T17:58:46.746642,17006837760,16351510528,655327232,3.9,13983121408,1008254976,1797898240,114737152,2394324992
2026-07-08T17:58:47.746980,17006837760,16345907200,660930560,3.9,13977518080,1008254976,1797898240,114737152,2394324992
2026-07-08T17:58:48.747317,17006837760,16346136576,660701184,3.9,13977747456,1008254976,1797898240,114737152,2394324992
2026-07-08T17:58:49.747625,17006837760,16346284032,660553728,3.9,13977894912,1008254976,1797898240,114737152,2394324992
2026-07-08T17:58:50.747934,17006837760,16346529792,660307968,3.9,13978140672,1008254976,1797898240,114737152,2394324992
2026-07-08T17:58:51.748229,17006837760,16347168768,659668992,3.9,13978779648,1008254976,1797898240,114737152,2394324992
2026-07-08T17:58:52.748574,17006837760,16348725248,658112512,3.9,13980336128,1008254976,1797898240,114737152,2394324992
2026-07-08T17:58:53.749048,17006837760,16349036544,657801216,3.9,13980647424,1008254976,1797898240,114753536,2394341376
2026-07-08T17:58:54.749400,17006837760,16349544448,657293312,3.9,13981155328,1008254976,1797898240,114753536,2394341376
2026-07-08T17:58:55.749754,17006837760,16350543872,656293888,3.9,13982154752,1008254976,1797898240,114753536,2394341376
2026-07-08T17:58:56.750193,17006837760,16350035968,656801792,3.9,13981646848,1008254976,1797898240,114753536,2394341376
2026-07-08T17:58:57.750544,17006837760,16350281728,656556032,3.9,13981892608,1008254976,1797898240,114753536,2394341376
2026-07-08T17:58:58.750843,17006837760,16349478912,657358848,3.9,13981089792,1008254976,1797898240,114769920,2394341376
2026-07-08T17:58:59.751138,17006837760,16347267072,659570688,3.9,13978877952,1008254976,1797898240,114769920,2394341376
2026-07-08T17:59:00.751482,17006837760,16347365376,659472384,3.9,13978976256,1008254976,1797898240,114769920,2394341376
2026-07-08T17:59:01.751909,17006837760,16347725824,659111936,3.9,13979336704,1008254976,1797898240,114769920,2394341376
2026-07-08T17:59:02.752276,17006837760,16348495872,658341888,3.9,13980106752,1008254976,1797898240,114769920,2394341376
2026-07-08T17:59:03.752625,17006837760,16348741632,658096128,3.9,13980352512,1008254976,1797898240,114769920,2394341376
2026-07-08T17:59:04.753223,17006837760,16346218496,660619264,3.9,13977829376,1008254976,1797898240,114769920,2394341376
2026-07-08T17:59:05.753689,17006837760,16346382336,660455424,3.9,13977993216,1008254976,1797898240,114769920,2394357760
2026-07-08T17:59:06.753920,17006837760,16346628096,660209664,3.9,13978238976,1008254976,1797898240,114769920,2394357760
2026-07-08T17:59:07.754153,17006837760,16346693632,660144128,3.9,13978304512,1008254976,1797898240,114769920,2394357760
2026-07-08T17:59:08.754383,17006837760,16346693632,660144128,3.9,13978304512,1008254976,1797898240,114786304,2394341376
2026-07-08T17:59:09.754660,17006837760,16346284032,660553728,3.9,13977894912,1008254976,1797898240,114786304,2394357760
2026-07-08T17:59:10.754973,17006837760,16346529792,660307968,3.9,13978140672,1008254976,1797898240,114786304,2394357760
2026-07-08T17:59:11.755278,17006837760,16346447872,660389888,3.9,13977927680,1008451584,1798029312,114786304,2394357760
2026-07-08T17:59:12.755586,17006837760,16347414528,659423232,3.9,13978894336,1008451584,1798029312,114786304,2394357760
2026-07-08T17:59:13.755839,17006837760,16348577792,658259968,3.9,13980057600,1008451584,1798029312,114786304,2394357760
2026-07-08T17:59:14.756067,17006837760,16348266496,658571264,3.9,13979746304,1008451584,1798029312,114786304,2394357760
2026-07-08T17:59:15.756298,17006837760,16345956352,660881408,3.9,13977436160,1008451584,1798029312,114786304,2394374144
2026-07-08T17:59:16.756633,17006837760,16346071040,660766720,3.9,13977550848,1008451584,1798029312,114786304,2394374144
2026-07-08T17:59:17.756865,17006837760,16347070464,659767296,3.9,13978550272,1008451584,1798029312,114786304,2394374144
2026-07-08T17:59:18.757149,17006837760,16347136000,659701760,3.9,13978615808,1008451584,1798029312,114802688,2394374144
2026-07-08T17:59:19.757456,17006837760,16346169344,660668416,3.9,13977649152,1008451584,1798029312,114802688,2394374144
2026-07-08T17:59:20.757750,17006837760,16346218496,660619264,3.9,13977698304,1008451584,1798029312,114802688,2394374144
2026-07-08T17:59:21.758033,17006837760,16347709440,659128320,3.9,13979189248,1008451584,1798029312,114802688,2394374144
2026-07-08T17:59:22.758327,17006837760,16344973312,661864448,3.9,13976453120,1008451584,1798029312,114802688,2394374144
2026-07-08T17:59:23.758631,17006837760,16346152960,660684800,3.9,13977632768,1008451584,1798029312,114802688,2394374144
2026-07-08T17:59:24.758989,17006837760,16347267072,659570688,3.9,13978746880,1008451584,1798029312,114802688,2394374144
2026-07-08T17:59:25.759290,17006837760,16347987968,658849792,3.9,13979467776,1008451584,1798029312,114802688,2394374144
2026-07-08T17:59:26.759589,17006837760,16348250112,658587648,3.9,13979729920,1008451584,1798029312,114802688,2394374144
2026-07-08T17:59:27.759891,17006837760,16349069312,657768448,3.9,13980549120,1008451584,1798029312,114802688,2394374144
2026-07-08T17:59:28.760204,17006837760,16349364224,657473536,3.9,13980844032,1008451584,1798029312,114802688,2394390528
2026-07-08T17:59:29.760503,17006837760,16349888512,656949248,3.9,13981368320,1008451584,1798029312,114802688,2394390528
2026-07-08T17:59:30.760755,17006837760,16350347264,656490496,3.9,13981827072,1008451584,1798029312,114802688,2394390528
2026-07-08T17:59:31.760983,17006837760,16350806016,656031744,3.9,13982285824,1008451584,1798029312,114802688,2394390528
2026-07-08T17:59:32.761209,17006837760,16350494720,656343040,3.9,13981974528,1008451584,1798029312,114802688,2394390528
2026-07-08T17:59:33.761440,17006837760,16351133696,655704064,3.9,13982613504,1008451584,1798029312,114802688,2394390528
2026-07-08T17:59:34.761667,17006837760,16351526912,655310848,3.9,13983006720,1008451584,1798029312,114802688,2394390528
2026-07-08T17:59:35.761940,17006837760,16351035392,655802368,3.9,13982515200,1008451584,1798029312,114802688,2394390528
2026-07-08T17:59:36.762189,17006837760,16351526912,655310848,3.9,13983006720,1008451584,1798029312,114802688,2394390528
2026-07-08T17:59:37.762419,17006837760,16352067584,654770176,3.9,13983547392,1008451584,1798029312,114802688,2394390528
2026-07-08T17:59:38.762653,17006837760,16349593600,657244160,3.9,13981073408,1008451584,1798029312,114802688,2394390528
2026-07-08T17:59:39.762995,17006837760,16348659712,658178048,3.9,13980139520,1008451584,1798029312,114819072,2394406912
2026-07-08T17:59:40.763224,17006837760,16348643328,658194432,3.9,13980123136,1008451584,1798029312,114819072,2394406912
2026-07-08T17:59:41.763500,17006837760,16349331456,657506304,3.9,13980811264,1008451584,1798029312,114819072,2394406912
2026-07-08T17:59:42.763807,17006837760,16349396992,657440768,3.9,13980811264,1008451584,1798094848,114819072,2394406912
2026-07-08T17:59:43.764113,17006837760,16350068736,656769024,3.9,13981483008,1008451584,1798094848,114819072,2394406912
2026-07-08T17:59:44.764366,17006837760,16351232000,655605760,3.9,13982646272,1008451584,1798094848,114819072,2394406912
2026-07-08T17:59:45.764693,17006837760,16351969280,654868480,3.9,13983383552,1008451584,1798094848,114819072,2394406912
2026-07-08T17:59:46.764973,17006837760,16350740480,656097280,3.9,13982154752,1008451584,1798094848,114819072,2394406912
2026-07-08T17:59:47.765198,17006837760,16350543872,656293888,3.9,13981925376,1008697344,1798127616,114819072,2394406912
2026-07-08T17:59:48.765434,17006837760,16350871552,655966208,3.9,13982253056,1008697344,1798127616,114819072,2394406912
2026-07-08T17:59:49.765710,17006837760,16351100928,655736832,3.9,13982482432,1008697344,1798127616,114835456,2394406912
2026-07-08T17:59:50.766010,17006837760,16351592448,655245312,3.9,13982973952,1008697344,1798127616,114835456,2394406912
2026-07-08T17:59:51.766303,17006837760,16350855168,655982592,3.9,13982236672,1008697344,1798127616,114835456,2394423296
2026-07-08T17:59:52.766588,17006837760,16351592448,655245312,3.9,13982973952,1008697344,1798127616,114835456,2394423296
2026-07-08T17:59:53.766871,17006837760,16351920128,654917632,3.9,13983301632,1008697344,1798127616,114835456,2394423296
2026-07-08T17:59:54.767163,17006837760,16352034816,654802944,3.9,13983416320,1008697344,1798127616,114835456,2394423296
2026-07-08T17:59:55.767548,17006837760,16352722944,654114816,3.8,13984104448,1008697344,1798127616,114835456,2394423296
2026-07-08T17:59:56.767775,17006837760,16353165312,653672448,3.8,13984546816,1008697344,1798127616,114835456,2394423296
2026-07-08T17:59:57.768001,17006837760,16353165312,653672448,3.8,13984546816,1008697344,1798127616,114835456,2394423296
2026-07-08T17:59:58.768227,17006837760,16351412224,655425536,3.9,13982793728,1008697344,1798127616,114835456,2394423296
2026-07-08T17:59:59.768580,17006837760,16347234304,659603456,3.9,13978615808,1008697344,1798127616,114851840,2394423296
2026-07-08T18:00:00.768908,17006837760,16345268224,661569536,3.9,13976649728,1008697344,1798127616,114851840,2394423296
2026-07-08T18:00:01.769201,17006837760,16342908928,663928832,3.9,13974290432,1008697344,1798127616,114851840,2394423296
2026-07-08T18:00:02.769492,17006837760,16343269376,663568384,3.9,13974650880,1008697344,1798127616,114851840,2394439680
2026-07-08T18:00:03.769791,17006837760,16342040576,664797184,3.9,13973422080,1008697344,1798127616,114851840,2394439680
2026-07-08T18:00:04.770159,17006837760,16343154688,663683072,3.9,13974536192,1008697344,1798127616,114851840,2394439680
2026-07-08T18:00:05.770459,17006837760,16345432064,661405696,3.9,13976813568,1008697344,1798127616,114851840,2394439680
2026-07-08T18:00:06.771018,17006837760,16345923584,660914176,3.9,13977305088,1008697344,1798127616,114851840,2394439680
2026-07-08T18:00:07.771354,17006837760,16346169344,660668416,3.9,13977550848,1008697344,1798127616,114851840,2394439680
2026-07-08T18:00:08.771636,17006837760,16347267072,659570688,3.9,13978648576,1008697344,1798127616,114851840,2394439680
2026-07-08T18:00:09.771915,17006837760,16348790784,658046976,3.9,13980172288,1008697344,1798127616,114851840,2394439680
2026-07-08T18:00:10.772210,17006837760,16349528064,657309696,3.9,13980909568,1008697344,1798127616,114851840,2394439680
2026-07-08T18:00:11.772570,17006837760,16349528064,657309696,3.9,13980909568,1008697344,1798127616,114851840,2394439680
2026-07-08T18:00:12.772957,17006837760,16350396416,656441344,3.9,13981777920,1008697344,1798127616,114851840,2394439680
2026-07-08T18:00:13.773314,17006837760,16350969856,655867904,3.9,13982351360,1008713728,1798127616,114851840,2394439680
2026-07-08T18:00:14.773630,17006837760,16349380608,657457152,3.9,13980762112,1008713728,1798127616,114851840,2394456064
2026-07-08T18:00:15.773938,17006837760,16349773824,657063936,3.9,13981155328,1008713728,1798127616,114851840,2394456064
2026-07-08T18:00:16.774247,17006837760,16350724096,656113664,3.9,13982105600,1008713728,1798127616,114851840,2394456064
2026-07-08T18:00:17.774628,17006837760,16349986816,656850944,3.9,13981368320,1008713728,1798127616,114851840,2394456064
2026-07-08T18:00:18.774927,17006837760,16349986816,656850944,3.9,13981368320,1008713728,1798127616,114851840,2394456064
2026-07-08T18:00:19.775208,17006837760,16350281728,656556032,3.9,13981663232,1008713728,1798127616,114851840,2394456064
2026-07-08T18:00:20.775550,17006837760,16349544448,657293312,3.9,13980925952,1008713728,1798127616,114868224,2394456064
2026-07-08T18:00:21.775832,17006837760,16349790208,657047552,3.9,13981171712,1008713728,1798127616,114868224,2394456064
2026-07-08T18:00:22.776114,17006837760,16348561408,658276352,3.9,13979942912,1008713728,1798127616,114868224,2394456064
2026-07-08T18:00:23.776481,17006837760,16349052928,657784832,3.9,13980434432,1008713728,1798127616,114868224,2394456064
2026-07-08T18:00:24.776869,17006837760,16347824128,659013632,3.9,13979205632,1008713728,1798127616,114868224,2394456064
2026-07-08T18:00:25.777230,17006837760,16345841664,660996096,3.9,13977223168,1008713728,1798127616,114868224,2394472448
2026-07-08T18:00:26.777606,17006837760,16343629824,663207936,3.9,13975011328,1008713728,1798127616,114868224,2394472448
2026-07-08T18:00:27.777999,17006837760,16344596480,662241280,3.9,13975977984,1008713728,1798127616,114868224,2394472448
2026-07-08T18:00:28.778358,17006837760,16346546176,660291584,3.9,13977927680,1008730112,1798127616,114868224,2394472448
2026-07-08T18:00:29.778663,17006837760,16346300416,660537344,3.9,13977681920,1008730112,1798127616,114868224,2394472448
2026-07-08T18:00:30.779004,17006837760,16346464256,660373504,3.9,13977845760,1008730112,1798127616,114884608,2394472448
2026-07-08T18:00:31.779286,17006837760,16347447296,659390464,3.9,13978828800,1008730112,1798127616,114884608,2394472448
2026-07-08T18:00:32.779565,17006837760,16347627520,659210240,3.9,13979009024,1008730112,1798127616,114884608,2394472448
2026-07-08T18:00:33.779925,17006837760,16348282880,658554880,3.9,13979664384,1008730112,1798127616,114884608,2394472448
2026-07-08T18:00:34.780337,17006837760,16348299264,658538496,3.9,13979680768,1008730112,1798127616,114884608,2394472448
2026-07-08T18:00:35.780681,17006837760,16348053504,658784256,3.9,13979435008,1008730112,1798127616,114884608,2394472448
2026-07-08T18:00:36.780978,17006837760,16348463104,658374656,3.9,13979844608,1008730112,1798127616,114884608,2394472448
2026-07-08T18:00:37.781262,17006837760,16347299840,659537920,3.9,13978681344,1008730112,1798127616,114884608,2394488832
2026-07-08T18:00:38.781554,17006837760,16347774976,659062784,3.9,13979156480,1008730112,1798127616,114884608,2394488832
2026-07-08T18:00:39.781833,17006837760,16347348992,659488768,3.9,13978730496,1008730112,1798127616,114884608,2394488832
2026-07-08T18:00:40.782113,17006837760,16348577792,658259968,3.9,13979959296,1008730112,1798127616,114900992,2394488832
2026-07-08T18:00:41.782450,17006837760,16349069312,657768448,3.9,13980450816,1008730112,1798127616,114900992,2394488832
2026-07-08T18:00:42.782778,17006837760,16349822976,657014784,3.9,13981204480,1008730112,1798127616,114900992,2394488832
2026-07-08T18:00:43.783066,17006837760,16350740480,656097280,3.9,13982056448,1008812032,1798193152,114900992,2394488832
2026-07-08T18:00:44.783344,17006837760,16350986240,655851520,3.9,13982302208,1008812032,1798193152,114900992,2394488832
2026-07-08T18:00:45.783629,17006837760,16350986240,655851520,3.9,13982302208,1008812032,1798193152,114917376,2394488832
2026-07-08T18:00:46.783986,17006837760,16351707136,655130624,3.9,13983023104,1008812032,1798193152,114917376,2394488832
2026-07-08T18:00:47.784320,17006837760,16352018432,654819328,3.9,13983334400,1008812032,1798193152,114917376,2394488832
2026-07-08T18:00:48.784696,17006837760,16352018432,654819328,3.9,13983334400,1008812032,1798193152,114917376,2394488832
2026-07-08T18:00:49.785093,17006837760,16352018432,654819328,3.9,13983334400,1008812032,1798193152,114917376,2394505216
2026-07-08T18:00:50.785438,17006837760,16351789056,655048704,3.9,13983105024,1008812032,1798193152,114933760,2394505216
2026-07-08T18:00:51.785736,17006837760,16350806016,656031744,3.9,13982121984,1008812032,1798193152,114933760,2394505216
2026-07-08T18:00:52.786017,17006837760,16350068736,656769024,3.9,13981384704,1008812032,1798193152,114933760,2394505216
2026-07-08T18:00:53.786299,17006837760,16349806592,657031168,3.9,13981122560,1008812032,1798193152,114933760,2394505216
2026-07-08T18:00:54.786579,17006837760,16349806592,657031168,3.9,13981122560,1008812032,1798193152,114933760,2394505216
2026-07-08T18:00:55.786857,17006837760,16351543296,655294464,3.9,13982859264,1008812032,1798193152,114933760,2394505216
2026-07-08T18:00:56.787178,17006837760,16350511104,656326656,3.9,13981827072,1008812032,1798193152,114933760,2394505216
2026-07-08T18:00:57.787562,17006837760,16350265344,656572416,3.9,13981581312,1008812032,1798193152,114933760,2394505216
2026-07-08T18:00:58.787912,17006837760,16350019584,656818176,3.9,13981335552,1008812032,1798193152,114933760,2394505216
2026-07-08T18:00:59.788271,17006837760,16350527488,656310272,3.9,13981843456,1008812032,1798193152,114933760,2394505216
2026-07-08T18:01:00.788579,17006837760,16350756864,656080896,3.9,13982072832,1008812032,1798193152,114950144,2394505216
2026-07-08T18:01:01.788935,17006837760,16349036544,657801216,3.9,13980352512,1008812032,1798193152,114950144,2394521600
2026-07-08T18:01:02.789276,17006837760,16350265344,656572416,3.9,13981581312,1008812032,1798193152,114950144,2394521600
2026-07-08T18:01:03.789556,17006837760,16352215040,654622720,3.8,13983531008,1008812032,1798193152,114950144,2394521600
2026-07-08T18:01:04.789838,17006837760,16351805440,655032320,3.9,13983039488,1008828416,1798275072,114950144,2394521600
2026-07-08T18:01:05.790158,17006837760,16352559104,654278656,3.8,13983793152,1008828416,1798275072,114950144,2394521600
2026-07-08T18:01:06.790539,17006837760,16352608256,654229504,3.8,13983842304,1008828416,1798275072,114950144,2394521600
2026-07-08T18:01:07.790923,17006837760,16352854016,653983744,3.8,13984088064,1008828416,1798275072,114950144,2394521600
2026-07-08T18:01:08.791264,17006837760,16352362496,654475264,3.8,13983596544,1008828416,1798275072,114950144,2394521600
2026-07-08T18:01:09.791563,17006837760,16351379456,655458304,3.9,13982613504,1008828416,1798275072,114950144,2394521600
2026-07-08T18:01:10.791845,17006837760,16350887936,655949824,3.9,13982121984,1008828416,1798275072,114966528,2394521600
2026-07-08T18:01:11.792124,17006837760,16352083968,654753792,3.8,13983318016,1008828416,1798275072,114966528,2394521600
2026-07-08T18:01:12.792403,17006837760,16351838208,654999552,3.9,13983072256,1008828416,1798275072,114966528,2394537984
2026-07-08T18:01:13.792688,17006837760,16351592448,655245312,3.9,13982826496,1008828416,1798275072,114966528,2394537984
2026-07-08T18:01:14.792972,17006837760,16351608832,655228928,3.9,13982826496,1008828416,1798291456,114966528,2394537984
2026-07-08T18:01:15.793265,17006837760,16351363072,655474688,3.9,13982580736,1008828416,1798291456,114966528,2394537984
2026-07-08T18:01:16.793552,17006837760,16351379456,655458304,3.9,13982597120,1008828416,1798291456,114966528,2394537984
2026-07-08T18:01:17.793833,17006837760,16351625216,655212544,3.9,13982842880,1008828416,1798291456,114966528,2394537984
2026-07-08T18:01:18.794113,17006837760,16352100352,654737408,3.8,13983318016,1008828416,1798291456,114966528,2394537984
2026-07-08T18:01:19.794441,17006837760,16352100352,654737408,3.8,13983318016,1008828416,1798291456,114966528,2394537984
2026-07-08T18:01:20.794746,17006837760,16352116736,654721024,3.8,13983334400,1008828416,1798291456,114966528,2394537984
2026-07-08T18:01:21.795084,17006837760,16351625216,655212544,3.9,13982842880,1008828416,1798291456,114982912,2394537984
2026-07-08T18:01:22.795363,17006837760,16351870976,654966784,3.9,13983088640,1008828416,1798291456,114982912,2394537984
2026-07-08T18:01:23.795720,17006837760,16352133120,654704640,3.8,13983350784,1008828416,1798291456,114982912,2394554368
2026-07-08T18:01:24.796000,17006837760,16352133120,654704640,3.8,13983350784,1008828416,1798291456,114982912,2394554368
2026-07-08T18:01:25.796366,17006837760,16352608256,654229504,3.8,13983825920,1008828416,1798291456,114982912,2394554368
2026-07-08T18:01:26.796752,17006837760,16352083968,654753792,3.8,13983301632,1008828416,1798291456,114999296,2394554368
2026-07-08T18:01:27.797140,17006837760,16352083968,654753792,3.8,13983301632,1008828416,1798291456,114999296,2394554368
2026-07-08T18:01:28.797500,17006837760,16352083968,654753792,3.8,13983301632,1008828416,1798291456,114999296,2394554368
2026-07-08T18:01:29.797844,17006837760,16351330304,655507456,3.9,13982547968,1008828416,1798291456,114999296,2394554368
2026-07-08T18:01:30.798142,17006837760,16351330304,655507456,3.9,13982547968,1008828416,1798291456,114999296,2394554368
2026-07-08T18:01:31.798496,17006837760,16350593024,656244736,3.9,13981810688,1008828416,1798291456,114999296,2394554368
2026-07-08T18:01:32.798857,17006837760,16350593024,656244736,3.9,13981810688,1008828416,1798291456,114999296,2394554368
2026-07-08T18:01:33.799183,17006837760,16351543296,655294464,3.9,13982760960,1008828416,1798291456,114999296,2394554368
2026-07-08T18:01:34.799479,17006837760,16351821824,655015936,3.9,13983039488,1008828416,1798291456,114999296,2394554368
2026-07-08T18:01:35.799808,17006837760,16351330304,655507456,3.9,13982547968,1008828416,1798291456,114999296,2394570752
2026-07-08T18:01:36.800149,17006837760,16350822400,656015360,3.9,13982040064,1008828416,1798291456,114999296,2394570752
2026-07-08T18:01:37.800428,17006837760,16351297536,655540224,3.9,13982515200,1008828416,1798291456,114999296,2394570752
2026-07-08T18:01:38.800710,17006837760,16349085696,657752064,3.9,13980303360,1008828416,1798291456,114999296,2394570752
2026-07-08T18:01:39.801031,17006837760,16349085696,657752064,3.9,13980303360,1008828416,1798291456,114999296,2394570752
2026-07-08T18:01:40.801372,17006837760,16346677248,660160512,3.9,13977845760,1008910336,1798340608,114999296,2394570752
2026-07-08T18:01:41.801824,17006837760,16346791936,660045824,3.9,13977960448,1008910336,1798340608,115015680,2394570752
2026-07-08T18:01:42.802183,17006837760,16348758016,658079744,3.9,13979926528,1008910336,1798340608,115015680,2394570752
2026-07-08T18:01:43.802531,17006837760,16349511680,657326080,3.9,13980680192,1008910336,1798340608,115015680,2394570752
2026-07-08T18:01:44.802877,17006837760,16350232576,656605184,3.9,13981401088,1008910336,1798340608,115015680,2394570752
2026-07-08T18:01:45.803209,17006837760,16350511104,656326656,3.9,13981646848,1008926720,1798373376,115015680,2394570752
2026-07-08T18:01:46.803592,17006837760,16351477760,655360000,3.9,13982613504,1008926720,1798373376,115015680,2394570752
2026-07-08T18:01:47.804018,17006837760,16351952896,654884864,3.9,13983088640,1008926720,1798373376,115015680,2394587136
2026-07-08T18:01:48.804401,17006837760,16352198656,654639104,3.8,13983334400,1008926720,1798373376,115015680,2394587136
2026-07-08T18:01:49.804783,17006837760,16352444416,654393344,3.8,13983580160,1008926720,1798373376,115015680,2394587136
2026-07-08T18:01:50.805082,17006837760,16352198656,654639104,3.8,13983334400,1008926720,1798373376,115015680,2394587136
2026-07-08T18:01:51.805370,17006837760,16352428032,654409728,3.8,13983563776,1008926720,1798373376,115015680,2394587136
2026-07-08T18:01:52.805657,17006837760,16352165888,654671872,3.8,13983301632,1008926720,1798373376,115015680,2394587136
2026-07-08T18:01:53.805936,17006837760,16351674368,655163392,3.9,13982810112,1008926720,1798373376,115015680,2394587136
2026-07-08T18:01:54.806260,17006837760,16351674368,655163392,3.9,13982810112,1008926720,1798373376,115015680,2394587136
2026-07-08T18:01:55.806720,17006837760,16352641024,654196736,3.8,13983776768,1008926720,1798373376,115015680,2394587136
2026-07-08T18:01:56.807110,17006837760,16352903168,653934592,3.8,13984038912,1008926720,1798373376,115015680,2394587136
2026-07-08T18:01:57.807449,17006837760,16352903168,653934592,3.8,13984038912,1008926720,1798373376,115015680,2394587136
2026-07-08T18:01:58.807832,17006837760,16352657408,654180352,3.8,13983793152,1008926720,1798373376,115015680,2394587136
2026-07-08T18:01:59.808131,17006837760,16352641024,654196736,3.8,13983776768,1008926720,1798373376,115015680,2394603520
2026-07-08T18:02:00.808415,17006837760,16352395264,654442496,3.8,13983531008,1008926720,1798373376,115015680,2394603520
2026-07-08T18:02:01.808695,17006837760,16353165312,653672448,3.8,13984301056,1008926720,1798373376,115015680,2394603520
2026-07-08T18:02:02.809089,17006837760,16353411072,653426688,3.8,13984546816,1008926720,1798373376,115015680,2394603520
2026-07-08T18:02:03.809761,17006837760,16351690752,655147008,3.9,13982826496,1008926720,1798373376,115015680,2394603520
2026-07-08T18:02:04.810273,17006837760,16351690752,655147008,3.9,13982826496,1008926720,1798373376,115015680,2394603520
2026-07-08T18:02:05.810776,17006837760,16352444416,654393344,3.8,13983580160,1008926720,1798373376,115015680,2394603520
2026-07-08T18:02:06.811156,17006837760,16351215616,655622144,3.9,13982351360,1008926720,1798373376,115032064,2394587136
2026-07-08T18:02:07.811540,17006837760,16350707712,656130048,3.9,13981843456,1008926720,1798373376,115032064,2394603520
2026-07-08T18:02:08.811841,17006837760,16351002624,655835136,3.9,13982138368,1008926720,1798373376,115032064,2394603520
2026-07-08T18:02:09.812196,17006837760,16351461376,655376384,3.9,13982597120,1008926720,1798373376,115032064,2394603520
2026-07-08T18:02:10.812498,17006837760,16350724096,656113664,3.9,13981859840,1008926720,1798373376,115032064,2394619904
2026-07-08T18:02:11.812781,17006837760,16351199232,655638528,3.9,13982334976,1008926720,1798373376,115032064,2394619904
2026-07-08T18:02:12.813065,17006837760,16351444992,655392768,3.9,13982580736,1008926720,1798373376,115032064,2394619904
2026-07-08T18:02:13.813748,17006837760,16350724096,656113664,3.9,13981859840,1008926720,1798373376,115032064,2394619904
2026-07-08T18:02:14.814596,17006837760,16349085696,657752064,3.9,13980221440,1008926720,1798373376,115032064,2394619904
2026-07-08T18:02:15.814877,17006837760,16349298688,657539072,3.9,13980434432,1008926720,1798373376,115032064,2394619904
2026-07-08T18:02:16.815155,17006837760,16350298112,656539648,3.9,13981417472,1008992256,1798389760,115048448,2394619904
2026-07-08T18:02:17.815435,17006837760,16349315072,657522688,3.9,13980434432,1008992256,1798389760,115048448,2394619904
2026-07-08T18:02:18.815761,17006837760,16350052352,656785408,3.9,13981171712,1008992256,1798389760,115048448,2394619904
2026-07-08T18:02:19.816097,17006837760,16350773248,656064512,3.9,13981892608,1008992256,1798389760,115048448,2394619904
2026-07-08T18:02:20.816530,17006837760,16350281728,656556032,3.9,13981401088,1008992256,1798389760,115048448,2394619904
2026-07-08T18:02:21.816978,17006837760,16350773248,656064512,3.9,13981892608,1008992256,1798389760,115048448,2394619904
2026-07-08T18:02:22.817497,17006837760,16351019008,655818752,3.9,13982138368,1008992256,1798389760,115048448,2394636288
2026-07-08T18:02:23.817776,17006837760,16351019008,655818752,3.9,13982138368,1008992256,1798389760,115048448,2394636288
2026-07-08T18:02:24.818053,17006837760,16350265344,656572416,3.9,13981384704,1008992256,1798389760,115048448,2394636288
2026-07-08T18:02:25.818331,17006837760,16350969856,655867904,3.9,13982089216,1008992256,1798389760,115048448,2394636288
2026-07-08T18:02:26.818624,17006837760,16351461376,655376384,3.9,13982580736,1008992256,1798389760,115064832,2394636288
2026-07-08T18:02:27.818935,17006837760,16352428032,654409728,3.8,13983547392,1008992256,1798389760,115064832,2394636288
2026-07-08T18:02:28.819271,17006837760,16352182272,654655488,3.8,13983301632,1008992256,1798389760,115064832,2394636288
2026-07-08T18:02:29.819720,17006837760,16352182272,654655488,3.8,13983301632,1008992256,1798389760,115064832,2394636288
2026-07-08T18:02:30.820125,17006837760,16351182848,655654912,3.9,13982302208,1008992256,1798389760,115064832,2394636288
2026-07-08T18:02:31.820423,17006837760,16348823552,658014208,3.9,13979942912,1008992256,1798389760,115081216,2394636288
2026-07-08T18:02:32.820758,17006837760,16348594176,658243584,3.9,13979713536,1008992256,1798389760,115081216,2394636288
2026-07-08T18:02:33.821117,17006837760,16350068736,656769024,3.9,13981188096,1008992256,1798389760,115081216,2394652672
2026-07-08T18:02:34.821404,17006837760,16350838784,655998976,3.9,13981958144,1008992256,1798389760,115081216,2394652672
2026-07-08T18:02:35.821684,17006837760,16351068160,655769600,3.9,13982187520,1008992256,1798389760,115081216,2394652672
2026-07-08T18:02:36.822021,17006837760,16351559680,655278080,3.9,13982679040,1008992256,1798389760,115097600,2394652672
2026-07-08T18:02:37.822367,17006837760,16352526336,654311424,3.8,13983645696,1008992256,1798389760,115097600,2394652672
2026-07-08T18:02:38.822701,17006837760,16352051200,654786560,3.9,13983170560,1008992256,1798389760,115097600,2394652672
2026-07-08T18:02:39.823086,17006837760,16352755712,654082048,3.8,13983875072,1008992256,1798389760,115097600,2394652672
2026-07-08T18:02:40.823477,17006837760,16352280576,654557184,3.8,13983399936,1008992256,1798389760,115097600,2394652672
2026-07-08T18:02:41.823831,17006837760,16352034816,654802944,3.9,13983154176,1008992256,1798389760,115097600,2394652672
2026-07-08T18:02:42.824220,17006837760,16352362496,654475264,3.8,13983481856,1008992256,1798389760,115097600,2394652672
2026-07-08T18:02:43.824609,17006837760,16352722944,654114816,3.8,13983842304,1008992256,1798389760,115097600,2394652672
2026-07-08T18:02:44.825000,17006837760,16352722944,654114816,3.8,13983842304,1008992256,1798389760,115097600,2394652672
2026-07-08T18:02:45.825602,17006837760,16352477184,654360576,3.8,13983596544,1008992256,1798389760,115097600,2394669056
2026-07-08T18:02:46.825933,17006837760,16351592448,655245312,3.9,13982613504,1009123328,1798488064,115097600,2394669056
2026-07-08T18:02:47.826213,17006837760,16351346688,655491072,3.9,13982367744,1009123328,1798488064,115113984,2394669056
2026-07-08T18:02:48.826488,17006837760,16351100928,655736832,3.9,13982121984,1009123328,1798488064,115113984,2394669056
2026-07-08T18:02:49.826768,17006837760,16351608832,655228928,3.9,13982629888,1009123328,1798488064,115113984,2394669056
2026-07-08T18:02:50.827153,17006837760,16352100352,654737408,3.8,13983121408,1009123328,1798488064,115113984,2394669056
2026-07-08T18:02:51.827519,17006837760,16352673792,654163968,3.8,13983612928,1009172480,1798569984,115113984,2394669056
2026-07-08T18:02:52.827910,17006837760,16352673792,654163968,3.8,13983612928,1009172480,1798569984,115113984,2394669056
2026-07-08T18:02:53.828264,17006837760,16350216192,656621568,3.9,13981155328,1009172480,1798569984,115113984,2394669056
2026-07-08T18:02:54.828564,17006837760,16348971008,657866752,3.9,13979910144,1009172480,1798569984,115113984,2394669056
2026-07-08T18:02:55.828845,17006837760,16347955200,658882560,3.9,13978894336,1009172480,1798569984,115113984,2394669056
2026-07-08T18:02:56.829199,17006837760,16348151808,658685952,3.9,13979090944,1009172480,1798569984,115113984,2394685440
2026-07-08T18:02:57.829555,17006837760,16348413952,658423808,3.9,13979353088,1009172480,1798569984,115113984,2394685440
2026-07-08T18:02:58.829904,17006837760,16348921856,657915904,3.9,13979860992,1009172480,1798569984,115113984,2394685440
2026-07-08T18:02:59.830337,17006837760,16349413376,657424384,3.9,13980352512,1009172480,1798569984,115113984,2394685440
2026-07-08T18:03:00.830666,17006837760,16348905472,657932288,3.9,13979844608,1009172480,1798569984,115113984,2394685440
2026-07-08T18:03:01.830947,17006837760,16349151232,657686528,3.9,13980090368,1009172480,1798569984,115113984,2394685440
2026-07-08T18:03:02.831295,17006837760,16349642752,657195008,3.9,13980581888,1009172480,1798569984,115113984,2394685440
2026-07-08T18:03:03.831574,17006837760,16350609408,656228352,3.9,13981548544,1009172480,1798569984,115113984,2394685440
2026-07-08T18:03:04.831916,17006837760,16349888512,656949248,3.9,13980827648,1009172480,1798569984,115113984,2394685440
2026-07-08T18:03:05.832213,17006837760,16349626368,657211392,3.9,13980565504,1009172480,1798569984,115113984,2394685440
2026-07-08T18:03:06.832542,17006837760,16343252992,663584768,3.9,13974192128,1009172480,1798569984,115113984,2394685440
2026-07-08T18:03:07.832874,17006837760,16343482368,663355392,3.9,13974421504,1009172480,1798569984,115113984,2394701824
2026-07-08T18:03:08.833204,17006837760,16344924160,661913600,3.9,13975863296,1009172480,1798569984,115113984,2394701824
2026-07-08T18:03:09.833541,17006837760,16344186880,662650880,3.9,13975126016,1009172480,1798569984,115113984,2394701824
2026-07-08T18:03:10.833909,17006837760,16345399296,661438464,3.9,13976338432,1009172480,1798569984,115113984,2394701824
2026-07-08T18:03:11.834364,17006837760,16347365376,659472384,3.9,13978304512,1009172480,1798569984,115113984,2394701824
2026-07-08T18:03:12.834748,17006837760,16347824128,659013632,3.9,13978763264,1009172480,1798569984,115113984,2394701824
2026-07-08T18:03:13.835024,17006837760,16347791360,659046400,3.9,13978730496,1009172480,1798569984,115113984,2394701824
2026-07-08T18:03:14.835380,17006837760,16349036544,657801216,3.9,13979975680,1009172480,1798569984,115113984,2394701824
2026-07-08T18:03:15.835660,17006837760,16349511680,657326080,3.9,13980450816,1009172480,1798569984,115113984,2394701824
2026-07-08T18:03:16.835941,17006837760,16349757440,657080320,3.9,13980696576,1009172480,1798569984,115113984,2394701824
2026-07-08T18:03:17.836311,17006837760,16349298688,657539072,3.9,13980205056,1009172480,1798602752,115113984,2394701824
2026-07-08T18:03:18.836687,17006837760,16348545024,658292736,3.9,13979451392,1009172480,1798602752,115113984,2394701824
2026-07-08T18:03:19.837023,17006837760,16348561408,658276352,3.9,13979467776,1009172480,1798602752,115113984,2394718208
2026-07-08T18:03:20.837368,17006837760,16348561408,658276352,3.9,13979467776,1009172480,1798602752,115113984,2394718208
2026-07-08T18:03:21.837713,17006837760,16349052928,657784832,3.9,13979959296,1009172480,1798602752,115113984,2394718208
2026-07-08T18:03:22.838013,17006837760,16349347840,657489920,3.9,13980221440,1009254400,1798635520,115113984,2394718208
2026-07-08T18:03:23.838290,17006837760,16350314496,656523264,3.9,13981188096,1009254400,1798635520,115113984,2394718208
2026-07-08T18:03:24.838633,17006837760,16351772672,655065088,3.9,13982646272,1009254400,1798635520,115113984,2394718208
2026-07-08T18:03:25.838992,17006837760,16352051200,654786560,3.9,13982924800,1009254400,1798635520,115113984,2394718208
2026-07-08T18:03:26.839271,17006837760,16351395840,655441920,3.9,13982269440,1009254400,1798635520,115113984,2394718208
2026-07-08T18:03:27.839616,17006837760,16350658560,656179200,3.9,13981532160,1009254400,1798635520,115130368,2394718208
2026-07-08T18:03:28.839937,17006837760,16349167616,657670144,3.9,13980041216,1009254400,1798635520,115130368,2394718208
2026-07-08T18:03:29.840215,17006837760,16346726400,660111360,3.9,13977600000,1009254400,1798635520,115130368,2394718208
2026-07-08T18:03:30.840558,17006837760,16347217920,659619840,3.9,13978091520,1009254400,1798635520,115130368,2394734592
2026-07-08T18:03:31.840838,17006837760,16349167616,657670144,3.9,13980041216,1009254400,1798635520,115130368,2394734592
2026-07-08T18:03:32.841177,17006837760,16348856320,657981440,3.9,13979729920,1009254400,1798635520,115146752,2394734592
2026-07-08T18:03:33.843199,17006837760,16349347840,657489920,3.9,13980221440,1009254400,1798635520,115146752,2394734592
2026-07-08T18:03:34.843509,17006837760,16350314496,656523264,3.9,13981188096,1009254400,1798635520,115146752,2394734592
2026-07-08T18:03:35.843789,17006837760,16350314496,656523264,3.9,13981188096,1009254400,1798635520,115146752,2394734592
2026-07-08T18:03:36.844064,17006837760,16350560256,656277504,3.9,13981433856,1009254400,1798635520,115146752,2394734592
2026-07-08T18:03:37.844343,17006837760,16351264768,655572992,3.9,13982138368,1009254400,1798635520,115163136,2394734592
2026-07-08T18:03:38.845529,17006837760,16351772672,655065088,3.9,13982646272,1009254400,1798635520,115163136,2394734592
2026-07-08T18:03:39.845877,17006837760,16352018432,654819328,3.9,13982892032,1009254400,1798635520,115163136,2394734592
2026-07-08T18:03:40.846164,17006837760,16351412224,655425536,3.9,13982285824,1009254400,1798635520,115163136,2394734592
2026-07-08T18:03:41.846443,17006837760,16351641600,655196160,3.9,13982515200,1009254400,1798635520,115163136,2394734592
2026-07-08T18:03:42.846737,17006837760,16350904320,655933440,3.9,13981777920,1009254400,1798635520,115163136,2394750976
2026-07-08T18:03:43.847069,17006837760,16349691904,657145856,3.9,13980565504,1009254400,1798635520,115163136,2394750976
2026-07-08T18:03:44.847410,17006837760,16349904896,656932864,3.9,13980778496,1009254400,1798635520,115163136,2394750976
2026-07-08T18:03:45.847836,17006837760,16347856896,658980864,3.9,13978730496,1009254400,1798635520,115163136,2394750976
2026-07-08T18:03:46.848409,17006837760,16348479488,658358272,3.9,13979353088,1009254400,1798635520,115163136,2394750976
2026-07-08T18:03:47.848740,17006837760,16350216192,656621568,3.9,13981089792,1009254400,1798635520,115163136,2394750976
2026-07-08T18:03:48.849125,17006837760,16348200960,658636800,3.9,13978877952,1009516544,1798832128,115163136,2394750976
2026-07-08T18:03:49.849406,17006837760,16348200960,658636800,3.9,13978877952,1009516544,1798832128,115163136,2394750976
2026-07-08T18:03:50.849826,17006837760,16349184000,657653760,3.9,13979860992,1009516544,1798832128,115163136,2394750976
2026-07-08T18:03:51.850303,17006837760,16349167616,657670144,3.9,13979844608,1009516544,1798832128,115163136,2394750976
2026-07-08T18:03:52.850637,17006837760,16348708864,658128896,3.9,13979385856,1009516544,1798832128,115163136,2394750976
2026-07-08T18:03:53.850997,17006837760,16348217344,658620416,3.9,13978894336,1009516544,1798832128,115179520,2394767360
2026-07-08T18:03:54.851327,17006837760,16349167616,657670144,3.9,13979844608,1009516544,1798832128,115179520,2394767360
2026-07-08T18:03:55.851605,17006837760,16348905472,657932288,3.9,13979582464,1009516544,1798832128,115179520,2394767360
2026-07-08T18:03:56.851883,17006837760,16350380032,656457728,3.9,13981057024,1009516544,1798832128,115179520,2394767360
2026-07-08T18:03:57.852228,17006837760,16351363072,655474688,3.9,13982040064,1009516544,1798832128,115179520,2394767360
2026-07-08T18:03:58.852616,17006837760,16351133696,655704064,3.9,13981810688,1009516544,1798832128,115195904,2394767360
2026-07-08T18:03:59.852927,17006837760,16351625216,655212544,3.9,13982302208,1009516544,1798832128,115195904,2394767360
2026-07-08T18:04:00.853219,17006837760,16351133696,655704064,3.9,13981810688,1009516544,1798832128,115195904,2394767360
2026-07-08T18:04:01.853506,17006837760,16350969856,655867904,3.9,13981646848,1009516544,1798832128,115195904,2394767360
2026-07-08T18:04:02.853787,17006837760,16350887936,655949824,3.9,13981564928,1009516544,1798832128,115195904,2394767360
2026-07-08T18:04:03.854061,17006837760,16351346688,655491072,3.9,13982023680,1009516544,1798832128,115212288,2394767360
2026-07-08T18:04:04.854411,17006837760,16351084544,655753216,3.9,13981761536,1009516544,1798832128,115212288,2394783744
2026-07-08T18:04:05.854762,17006837760,16351297536,655540224,3.9,13981974528,1009516544,1798832128,115212288,2394783744
2026-07-08T18:04:06.855130,17006837760,16351543296,655294464,3.9,13982220288,1009516544,1798832128,115212288,2394783744
2026-07-08T18:04:07.855518,17006837760,16352247808,654589952,3.8,13982924800,1009516544,1798832128,115212288,2394783744
2026-07-08T18:04:08.855984,17006837760,16352722944,654114816,3.8,13983399936,1009516544,1798832128,115212288,2394783744
2026-07-08T18:04:09.856268,17006837760,16352952320,653885440,3.8,13983629312,1009516544,1798832128,115212288,2394783744
2026-07-08T18:04:10.856552,17006837760,16350986240,655851520,3.9,13981663232,1009516544,1798832128,115212288,2394783744
2026-07-08T18:04:11.856873,17006837760,16350986240,655851520,3.9,13981663232,1009516544,1798832128,115212288,2394783744
2026-07-08T18:04:12.857231,17006837760,16350986240,655851520,3.9,13981663232,1009516544,1798832128,115212288,2394783744
2026-07-08T18:04:13.857596,17006837760,16349970432,656867328,3.9,13980647424,1009516544,1798832128,115212288,2394783744
2026-07-08T18:04:14.858078,17006837760,16348741632,658096128,3.9,13979418624,1009516544,1798832128,115212288,2394783744
2026-07-08T18:04:15.858423,17006837760,16348528640,658309120,3.9,13979205632,1009516544,1798832128,115212288,2394800128
2026-07-08T18:04:16.858704,17006837760,16350199808,656637952,3.9,13980876800,1009516544,1798832128,115212288,2394800128
2026-07-08T18:04:17.858987,17006837760,16350183424,656654336,3.9,13980860416,1009516544,1798832128,115212288,2394800128
2026-07-08T18:04:18.859270,17006837760,16350806016,656031744,3.9,13981351936,1009598464,1798963200,115228672,2394800128
2026-07-08T18:04:19.859586,17006837760,16351084544,655753216,3.9,13981630464,1009598464,1798963200,115228672,2394800128
2026-07-08T18:04:20.859936,17006837760,16350838784,655998976,3.9,13981384704,1009598464,1798963200,115228672,2394800128
2026-07-08T18:04:21.860272,17006837760,16351805440,655032320,3.9,13982351360,1009598464,1798963200,115228672,2394800128
2026-07-08T18:04:22.860657,17006837760,16352034816,654802944,3.9,13982580736,1009598464,1798963200,115228672,2394800128
2026-07-08T18:04:23.861182,17006837760,16352034816,654802944,3.9,13982580736,1009598464,1798963200,115228672,2394800128
2026-07-08T18:04:24.861522,17006837760,16352264192,654573568,3.8,13982810112,1009598464,1798963200,115228672,2394800128
2026-07-08T18:04:25.861805,17006837760,16352067584,654770176,3.9,13982613504,1009598464,1798963200,115228672,2394816512
2026-07-08T18:04:26.862086,17006837760,16352067584,654770176,3.9,13982613504,1009598464,1798963200,115228672,2394816512
2026-07-08T18:04:27.862453,17006837760,16352083968,654753792,3.8,13982629888,1009598464,1798963200,115228672,2394816512
2026-07-08T18:04:28.862813,17006837760,16351789056,655048704,3.9,13982302208,1009614848,1798995968,115228672,2394816512
2026-07-08T18:04:29.863154,17006837760,16351789056,655048704,3.9,13982302208,1009614848,1798995968,115228672,2394816512
2026-07-08T18:04:30.863549,17006837760,16352034816,654802944,3.9,13982547968,1009614848,1798995968,115228672,2394816512
2026-07-08T18:04:31.863883,17006837760,16352755712,654082048,3.8,13983268864,1009614848,1798995968,115228672,2394816512
2026-07-08T18:04:32.864163,17006837760,16352509952,654327808,3.8,13983023104,1009614848,1798995968,115228672,2394816512
2026-07-08T18:04:33.864444,17006837760,16352985088,653852672,3.8,13983498240,1009614848,1798995968,115228672,2394816512
2026-07-08T18:04:34.864724,17006837760,16352722944,654114816,3.8,13983236096,1009614848,1798995968,115228672,2394816512
2026-07-08T18:04:35.865093,17006837760,16350756864,656080896,3.9,13981270016,1009614848,1798995968,115228672,2394816512
2026-07-08T18:04:36.865479,17006837760,16349282304,657555456,3.9,13979795456,1009614848,1798995968,115228672,2394832896
2026-07-08T18:04:37.866215,17006837760,16346808320,660029440,3.9,13977321472,1009614848,1798995968,115228672,2394832896
2026-07-08T18:04:38.866711,17006837760,16346316800,660520960,3.9,13976829952,1009614848,1798995968,115228672,2394832896
2026-07-08T18:04:39.867143,17006837760,16346546176,660291584,3.9,13977059328,1009614848,1798995968,115228672,2394832896
2026-07-08T18:04:40.867577,17006837760,16347037696,659800064,3.9,13977550848,1009614848,1798995968,115228672,2394832896
2026-07-08T18:04:41.867854,17006837760,16347758592,659079168,3.9,13978271744,1009614848,1798995968,115228672,2394832896
2026-07-08T18:04:42.868134,17006837760,16349331456,657506304,3.9,13979844608,1009614848,1798995968,115228672,2394832896
2026-07-08T18:04:43.868429,17006837760,16350527488,656310272,3.9,13981040640,1009614848,1798995968,115228672,2394832896
2026-07-08T18:04:44.868712,17006837760,16350773248,656064512,3.9,13981286400,1009614848,1798995968,115228672,2394832896
2026-07-08T18:04:45.869014,17006837760,16351248384,655589376,3.9,13981761536,1009614848,1798995968,115228672,2394832896
2026-07-08T18:04:46.869362,17006837760,16351002624,655835136,3.9,13981515776,1009614848,1798995968,115228672,2394849280
2026-07-08T18:04:47.869708,17006837760,16351248384,655589376,3.9,13981761536,1009614848,1798995968,115228672,2394849280
2026-07-08T18:04:48.870080,17006837760,16350740480,656097280,3.9,13981253632,1009614848,1798995968,115228672,2394849280
2026-07-08T18:04:49.870443,17006837760,16350986240,655851520,3.9,13981483008,1009647616,1799012352,115228672,2394849280
2026-07-08T18:04:50.870778,17006837760,16349528064,657309696,3.9,13980024832,1009647616,1799012352,115228672,2394849280
2026-07-08T18:04:51.871058,17006837760,16350248960,656588800,3.9,13980745728,1009647616,1799012352,115228672,2394849280
2026-07-08T18:04:52.871338,17006837760,16350756864,656080896,3.9,13981253632,1009647616,1799012352,115228672,2394849280
2026-07-08T18:04:53.871619,17006837760,16350756864,656080896,3.9,13981253632,1009647616,1799012352,115228672,2394849280
2026-07-08T18:04:54.871939,17006837760,16350756864,656080896,3.9,13981253632,1009647616,1799012352,115228672,2394849280
2026-07-08T18:04:55.872330,17006837760,16351657984,655179776,3.9,13982154752,1009647616,1799012352,115228672,2394849280
2026-07-08T18:04:56.872654,17006837760,16352362496,654475264,3.8,13982859264,1009647616,1799012352,115228672,2394865664
2026-07-08T18:04:57.872952,17006837760,16352362496,654475264,3.8,13982859264,1009647616,1799012352,115228672,2394865664
2026-07-08T18:04:58.873260,17006837760,16351395840,655441920,3.9,13981892608,1009647616,1799012352,115228672,2394865664
2026-07-08T18:04:59.873561,17006837760,16351608832,655228928,3.9,13982105600,1009647616,1799012352,115228672,2394865664
2026-07-08T18:05:00.873883,17006837760,16350609408,656228352,3.9,13981106176,1009647616,1799012352,115228672,2394865664
2026-07-08T18:05:01.874244,17006837760,16351100928,655736832,3.9,13981597696,1009647616,1799012352,115228672,2394865664
2026-07-08T18:05:02.874600,17006837760,16350347264,656490496,3.9,13980844032,1009647616,1799012352,115228672,2394865664
2026-07-08T18:05:03.874879,17006837760,16350363648,656474112,3.9,13980860416,1009647616,1799012352,115228672,2394865664
2026-07-08T18:05:04.875161,17006837760,16350101504,656736256,3.9,13980598272,1009647616,1799012352,115228672,2394865664
2026-07-08T18:05:05.875443,17006837760,16351084544,655753216,3.9,13981581312,1009647616,1799012352,115228672,2394865664
2026-07-08T18:05:06.875815,17006837760,16351313920,655523840,3.9,13981810688,1009647616,1799012352,115228672,2394865664
