timestamp,total,available,used,percent,free,active,inactive,buffers,cached
2026-07-13T19:31:33.768517,17006837760,16347676672,659161088,3.9,14187315200,890847232,1672658944,53379072,2240086016
2026-07-13T19:31:34.769045,17006837760,16337731584,669106176,3.9,14177370112,904314880,1672658944,53379072,2240118784
2026-07-13T19:31:35.769363,17006837760,16337731584,669106176,3.9,14177370112,904314880,1672658944,53379072,2240118784
2026-07-13T19:31:36.769632,17006837760,16342695936,664141824,3.9,14182334464,904314880,1672658944,53395456,2240118784
2026-07-13T19:31:37.769903,17006837760,16328671232,678166528,4.0,14168309760,904314880,1672658944,53395456,2240118784
2026-07-13T19:31:38.770421,17006837760,16310255616,696582144,4.1,14149877760,919961600,1672675328,53395456,2240118784
2026-07-13T19:31:39.770736,17006837760,16308781056,698056704,4.1,14148403200,921993216,1672675328,53395456,2240118784
2026-07-13T19:31:40.771089,17006837760,16308781056,698056704,4.1,14148403200,921993216,1672675328,53395456,2240135168
2026-07-13T19:31:41.771475,17006837760,16313286656,693551104,4.1,14152908800,921993216,1672675328,53411840,2240135168
2026-07-13T19:31:42.771800,17006837760,16313286656,693551104,4.1,14152908800,921993216,1672675328,53411840,2240135168
2026-07-13T19:31:43.772132,17006837760,16304439296,702398464,4.1,14144061440,921993216,1672675328,53411840,2240135168
2026-07-13T19:31:44.772477,17006837760,16307830784,699006976,4.1,14147452928,921993216,1672675328,53411840,2240135168
2026-07-13T19:31:45.773584,17006837760,16310386688,696451072,4.1,14150008832,921993216,1672675328,53411840,2240135168
2026-07-13T19:31:46.774409,17006837760,16310501376,696336384,4.1,14150123520,921993216,1672675328,53428224,2240151552
2026-07-13T19:31:47.775104,17006837760,16320004096,686833664,4.0,14159626240,921993216,1672675328,53428224,2240151552
2026-07-13T19:31:48.776149,17006837760,16321495040,685342720,4.0,14161117184,922501120,1672675328,53428224,2240151552
2026-07-13T19:31:49.776428,17006837760,16328048640,678789120,4.0,14167670784,922501120,1672675328,53428224,2240151552
2026-07-13T19:31:50.777825,17006837760,16333832192,673005568,4.0,14173454336,922501120,1672675328,53428224,2240151552
2026-07-13T19:31:51.778178,17006837760,16336715776,670121984,3.9,14176337920,922501120,1672675328,53428224,2240151552
2026-07-13T19:31:52.778599,17006837760,16340467712,666370048,3.9,14180040704,922861568,1672724480,53428224,2240151552
2026-07-13T19:31:53.778900,17006837760,16344186880,662650880,3.9,14183759872,922861568,1672724480,53428224,2240167936
2026-07-13T19:31:54.779252,17006837760,16349364224,657473536,3.9,14188937216,922861568,1672724480,53428224,2240167936
2026-07-13T19:31:55.779578,17006837760,16350363648,656474112,3.9,14189936640,922861568,1672724480,53428224,2240167936
2026-07-13T19:31:56.779926,17006837760,16344973312,661864448,3.9,14184546304,922861568,1672724480,53444608,2240167936
2026-07-13T19:31:57.780514,17006837760,16347774976,659062784,3.9,14187347968,922861568,1672724480,53444608,2240167936
2026-07-13T19:31:58.780885,17006837760,16350674944,656162816,3.9,14190247936,922861568,1672724480,53444608,2240167936
2026-07-13T19:31:59.781230,17006837760,16352018432,654819328,3.9,14191591424,922861568,1672724480,53444608,2240167936
2026-07-13T19:32:00.781595,17006837760,16350429184,656408576,3.9,14190002176,922861568,1672724480,53444608,2240184320
2026-07-13T19:32:01.781932,17006837760,16345088000,661749760,3.9,14184660992,922861568,1672724480,53460992,2240184320
2026-07-13T19:32:02.782367,17006837760,16347365376,659472384,3.9,14186905600,923205632,1672757248,53460992,2240184320
2026-07-13T19:32:03.782742,17006837760,16349216768,657620992,3.9,14188756992,923205632,1672757248,53460992,2240184320
2026-07-13T19:32:04.783972,17006837760,16351444992,655392768,3.9,14190985216,923205632,1672757248,53460992,2240184320
2026-07-13T19:32:05.784331,17006837760,16354885632,651952128,3.8,14194425856,923205632,1672757248,53460992,2240184320
2026-07-13T19:32:06.784636,17006837760,16356327424,650510336,3.8,14195867648,923205632,1672757248,53477376,2240184320
2026-07-13T19:32:07.784919,17006837760,16357326848,649510912,3.8,14196867072,923205632,1672757248,53477376,2240200704
2026-07-13T19:32:08.785246,17006837760,16358539264,648298496,3.8,14198079488,923205632,1672757248,53477376,2240200704
2026-07-13T19:32:09.785607,17006837760,16360423424,646414336,3.8,14199963648,923205632,1672757248,53477376,2240200704
2026-07-13T19:32:10.786388,17006837760,16361177088,645660672,3.8,14200717312,923205632,1672757248,53477376,2240200704
2026-07-13T19:32:11.787405,17006837760,16361111552,645726208,3.8,14200651776,923205632,1672757248,53493760,2240200704
2026-07-13T19:32:12.787949,17006837760,16362504192,644333568,3.8,14202044416,923205632,1672757248,53493760,2240200704
2026-07-13T19:32:13.788413,17006837760,16362651648,644186112,3.8,14202191872,923205632,1672757248,53493760,2240217088
2026-07-13T19:32:14.788993,17006837760,16364601344,642236416,3.8,14204141568,923205632,1672757248,53493760,2240217088
2026-07-13T19:32:15.789457,17006837760,16362160128,644677632,3.8,14201683968,925728768,1672773632,53493760,2240217088
2026-07-13T19:32:16.789780,17006837760,16362405888,644431872,3.8,14201929728,925728768,1672773632,53510144,2240217088
2026-07-13T19:32:17.790058,17006837760,16363634688,643203072,3.8,14203158528,925728768,1672773632,53510144,2240217088
2026-07-13T19:32:18.790334,17006837760,16366370816,640466944,3.8,14205894656,925728768,1672773632,53510144,2240217088
2026-07-13T19:32:19.790645,17006837760,16365666304,641171456,3.8,14205190144,925728768,1672773632,53510144,2240233472
2026-07-13T19:32:20.790975,17006837760,16366551040,640286720,3.8,14206074880,925728768,1672773632,53510144,2240233472
2026-07-13T19:32:21.791421,17006837760,16367697920,639139840,3.8,14207221760,925728768,1672773632,53510144,2240233472
2026-07-13T19:32:22.791869,17006837760,16367943680,638894080,3.8,14207467520,925728768,1672773632,53510144,2240233472
2026-07-13T19:32:23.792299,17006837760,16368680960,638156800,3.8,14208204800,925728768,1672773632,53510144,2240233472
2026-07-13T19:32:24.792696,17006837760,16364683264,642154496,3.8,14204076032,921403392,1672904704,53510144,2240233472
2026-07-13T19:32:25.793040,17006837760,16363077632,643760128,3.8,14202470400,921403392,1672904704,53510144,2240233472
2026-07-13T19:32:26.793527,17006837760,16361947136,644890624,3.8,14201323520,921403392,1672904704,53526528,2240282624
2026-07-13T19:32:27.793850,17006837760,16363307008,643530752,3.8,14202683392,921403392,1672904704,53526528,2240282624
2026-07-13T19:32:28.794128,17006837760,16364011520,642826240,3.8,14203371520,921403392,1672921088,53526528,2240282624
2026-07-13T19:32:29.794460,17006837760,16363831296,643006464,3.8,14203191296,921403392,1672921088,53526528,2240282624
2026-07-13T19:32:30.795082,17006837760,16363470848,643366912,3.8,14202830848,921403392,1672921088,53526528,2240282624
2026-07-13T19:32:31.795498,17006837760,16364470272,642367488,3.8,14203830272,921403392,1672921088,53526528,2240282624
2026-07-13T19:32:32.795845,17006837760,16365944832,640892928,3.8,14205304832,921403392,1672921088,53542912,2240282624
2026-07-13T19:32:33.797165,17006837760,16366223360,640614400,3.8,14205550592,921632768,1672953856,53542912,2240299008
2026-07-13T19:32:34.798902,17006837760,16366469120,640368640,3.8,14205796352,921632768,1672953856,53542912,2240299008
2026-07-13T19:32:35.799178,17006837760,16368451584,638386176,3.8,14207778816,921632768,1672953856,53542912,2240299008
2026-07-13T19:32:36.799461,17006837760,16368320512,638517248,3.8,14207647744,921632768,1672953856,53542912,2240299008
2026-07-13T19:32:37.799743,17006837760,16368058368,638779392,3.8,14207385600,921632768,1672953856,53559296,2240299008
2026-07-13T19:32:38.800093,17006837760,16370335744,636502016,3.7,14209662976,921632768,1672953856,53559296,2240299008
2026-07-13T19:32:39.800398,17006837760,16370565120,636272640,3.7,14209892352,921632768,1672953856,53559296,2240299008
2026-07-13T19:32:40.800792,17006837760,16370073600,636764160,3.7,14209400832,921632768,1672953856,53559296,2240315392
2026-07-13T19:32:41.801072,17006837760,16371286016,635551744,3.7,14210613248,921632768,1672953856,53559296,2240315392
2026-07-13T19:32:42.801357,17006837760,16371777536,635060224,3.7,14211104768,921632768,1672953856,53575680,2240315392
2026-07-13T19:32:43.801747,17006837760,16369795072,637042688,3.7,14209122304,921632768,1672953856,53575680,2240315392
2026-07-13T19:32:44.802066,17006837760,16368812032,638025728,3.8,14208139264,921632768,1672953856,53575680,2240315392
2026-07-13T19:32:45.802475,17006837760,16369532928,637304832,3.7,14208860160,921632768,1672953856,53575680,2240315392
2026-07-13T19:32:46.802816,17006837760,16369041408,637796352,3.8,14208368640,921632768,1672953856,53575680,2240331776
2026-07-13T19:32:47.803243,17006837760,16368893952,637943808,3.8,14208221184,921632768,1672953856,53592064,2240331776
2026-07-13T19:32:48.803557,17006837760,16369418240,637419520,3.7,14208745472,921632768,1672953856,53592064,2240331776
2026-07-13T19:32:49.803833,17006837760,16369876992,636960768,3.7,14209204224,921632768,1672953856,53592064,2240331776
2026-07-13T19:32:50.804111,17006837760,16370171904,636665856,3.7,14209499136,921632768,1672953856,53592064,2240331776
2026-07-13T19:32:51.804695,17006837760,16369041408,637796352,3.8,14208368640,921632768,1672953856,53592064,2240331776
2026-07-13T19:32:52.806190,17006837760,16368107520,638730240,3.8,14207434752,921632768,1672953856,53592064,2240331776
2026-07-13T19:32:53.806533,17006837760,16366485504,640352256,3.8,14205812736,921632768,1672953856,53592064,2240348160
2026-07-13T19:32:54.806839,17006837760,16367648768,639188992,3.8,14206976000,921632768,1672953856,53592064,2240348160
2026-07-13T19:32:55.807117,17006837760,16368599040,638238720,3.8,14207926272,921632768,1672953856,53592064,2240348160
2026-07-13T19:32:56.807490,17006837760,16368599040,638238720,3.8,14207926272,921632768,1672953856,53592064,2240348160
2026-07-13T19:32:57.808027,17006837760,16368582656,638255104,3.8,14207909888,921632768,1672953856,53608448,2240348160
2026-07-13T19:32:58.808374,17006837760,16369893376,636944384,3.7,14209220608,921632768,1672953856,53608448,2240348160
2026-07-13T19:32:59.808647,17006837760,16370597888,636239872,3.7,14209925120,921632768,1672953856,53608448,2240348160
2026-07-13T19:33:00.808923,17006837760,16370122752,636715008,3.7,14209449984,921632768,1672953856,53608448,2240364544
2026-07-13T19:33:01.809192,17006837760,16369352704,637485056,3.7,14208679936,921632768,1672953856,53608448,2240364544
2026-07-13T19:33:02.809567,17006837760,16370335744,636502016,3.7,14209662976,921632768,1672953856,53624832,2240364544
2026-07-13T19:33:03.809905,17006837760,16369876992,636960768,3.7,14209171456,921747456,1672986624,53624832,2240364544
2026-07-13T19:33:04.810240,17006837760,16370155520,636682240,3.7,14209449984,921747456,1672986624,53624832,2240364544
2026-07-13T19:33:05.810590,17006837760,16370499584,636338176,3.7,14209794048,921747456,1672986624,53624832,2240364544
2026-07-13T19:33:06.813717,17006837760,16371728384,635109376,3.7,14211022848,921747456,1672986624,53624832,2240364544
2026-07-13T19:33:07.814155,17006837760,16363454464,643383296,3.8,14202699776,926269440,1673035776,53641216,2240380928
2026-07-13T19:33:08.814464,17006837760,16363454464,643383296,3.8,14202699776,926269440,1673035776,53641216,2240380928
2026-07-13T19:33:09.814816,17006837760,16363192320,643645440,3.8,14202437632,926662656,1673035776,53641216,2240380928
2026-07-13T19:33:10.815096,17006837760,16364634112,642203648,3.8,14203879424,926662656,1673035776,53641216,2240380928
2026-07-13T19:33:11.815518,17006837760,16363651072,643186688,3.8,14202896384,926662656,1673035776,53641216,2240380928
2026-07-13T19:33:12.815845,17006837760,16365273088,641564672,3.8,14204518400,926662656,1673035776,53657600,2240380928
2026-07-13T19:33:13.816888,17006837760,16359325696,647512064,3.8,14198538240,923320320,1673068544,53657600,2240397312
2026-07-13T19:33:14.817196,17006837760,16350330880,656506880,3.9,14189428736,921681920,1673183232,53657600,2240397312
2026-07-13T19:33:15.817672,17006837760,16349888512,656949248,3.9,14188986368,921681920,1673183232,53657600,2240397312
2026-07-13T19:33:16.817978,17006837760,16356196352,650641408,3.8,14195294208,921681920,1673183232,53657600,2240397312
2026-07-13T19:33:17.818254,17006837760,16356540416,650297344,3.8,14195638272,921681920,1673183232,53673984,2240397312
2026-07-13T19:33:18.818584,17006837760,16357261312,649576448,3.8,14196359168,921681920,1673183232,53673984,2240397312
2026-07-13T19:33:19.820231,17006837760,16360767488,646070272,3.8,14199865344,921681920,1673183232,53673984,2240397312
2026-07-13T19:33:20.820708,17006837760,16362422272,644415488,3.8,14201520128,921681920,1673183232,53673984,2240413696
2026-07-13T19:33:21.821051,17006837760,16362078208,644759552,3.8,14201176064,921681920,1673183232,53673984,2240413696
2026-07-13T19:33:22.821601,17006837760,16364535808,642301952,3.8,14203633664,921681920,1673183232,53673984,2240413696
2026-07-13T19:33:23.822890,17006837760,16367058944,639778816,3.8,14206156800,921681920,1673183232,53673984,2240413696
2026-07-13T19:33:24.823164,17006837760,16367321088,639516672,3.8,14206418944,921681920,1673183232,53673984,2240413696
2026-07-13T19:33:25.823479,17006837760,16368533504,638304256,3.8,14207631360,921681920,1673183232,53673984,2240413696
2026-07-13T19:33:26.823810,17006837760,16369926144,636911616,3.7,14209024000,921681920,1673183232,53673984,2240413696
2026-07-13T19:33:27.824206,17006837760,16370663424,636174336,3.7,14209761280,921681920,1673183232,53690368,2240430080
2026-07-13T19:33:28.824742,17006837760,16371646464,635191296,3.7,14210744320,921681920,1673183232,53690368,2240430080
2026-07-13T19:33:29.825068,17006837760,16370417664,636420096,3.7,14209515520,921681920,1673183232,53690368,2240430080
2026-07-13T19:33:30.825554,17006837760,16371122176,635715584,3.7,14210220032,921681920,1673183232,53690368,2240430080
2026-07-13T19:33:31.825832,17006837760,16371122176,635715584,3.7,14210220032,921681920,1673183232,53690368,2240430080
2026-07-13T19:33:32.826153,17006837760,16370941952,635895808,3.7,14210039808,921681920,1673183232,53706752,2240430080
2026-07-13T19:33:33.826495,17006837760,16369008640,637829120,3.8,14208106496,921681920,1673183232,53706752,2240446464
2026-07-13T19:33:34.827038,17006837760,16369729536,637108224,3.7,14208811008,922107904,1673199616,53706752,2240446464
2026-07-13T19:33:35.827318,17006837760,16368451584,638386176,3.8,14207533056,922107904,1673199616,53706752,2240446464
2026-07-13T19:33:36.827814,17006837760,16368599040,638238720,3.8,14207680512,922107904,1673199616,53706752,2240446464
2026-07-13T19:33:37.828530,17006837760,16369238016,637599744,3.7,14208319488,922107904,1673199616,53723136,2240446464
2026-07-13T19:33:38.828920,17006837760,16369467392,637370368,3.7,14208548864,922107904,1673199616,53723136,2240446464
2026-07-13T19:33:39.829387,17006837760,16369500160,637337600,3.7,14208581632,922107904,1673199616,53723136,2240462848
2026-07-13T19:33:40.830598,17006837760,16370106368,636731392,3.7,14209187840,922107904,1673199616,53723136,2240462848
2026-07-13T19:33:41.831204,17006837760,16370663424,636174336,3.7,14209744896,922107904,1673199616,53723136,2240462848
2026-07-13T19:33:42.831487,17006837760,16371318784,635518976,3.7,14210400256,922107904,1673199616,53739520,2240462848
2026-07-13T19:33:43.831767,17006837760,16370106368,636731392,3.7,14209187840,922107904,1673199616,53739520,2240462848
2026-07-13T19:33:44.832045,17006837760,16370352128,636485632,3.7,14209433600,922107904,1673199616,53739520,2240462848
2026-07-13T19:33:45.832735,17006837760,16370368512,636469248,3.7,14209433600,922140672,1673216000,53739520,2240479232
2026-07-13T19:33:46.833188,17006837760,16370614272,636223488,3.7,14209679360,922140672,1673216000,53739520,2240479232
2026-07-13T19:33:47.833878,17006837760,16371580928,635256832,3.7,14210646016,922140672,1673216000,53755904,2240479232
2026-07-13T19:33:48.834300,17006837760,16371810304,635027456,3.7,14210875392,922140672,1673216000,53755904,2240479232
2026-07-13T19:33:49.834673,17006837760,16371073024,635764736,3.7,14210138112,922140672,1673216000,53755904,2240479232
2026-07-13T19:33:50.834957,17006837760,16370647040,636190720,3.7,14209712128,922140672,1673216000,53755904,2240479232
2026-07-13T19:33:51.835240,17006837760,16371171328,635666432,3.7,14210236416,922140672,1673216000,53755904,2240495616
2026-07-13T19:33:52.836268,17006837760,16372121600,634716160,3.7,14211186688,922140672,1673216000,53755904,2240495616
2026-07-13T19:33:53.836584,17006837760,16371630080,635207680,3.7,14210695168,922140672,1673216000,53755904,2240495616
2026-07-13T19:33:54.836976,17006837760,16372449280,634388480,3.7,14211514368,922140672,1673216000,53755904,2240495616
2026-07-13T19:33:55.837262,17006837760,16372252672,634585088,3.7,14211317760,922140672,1673216000,53755904,2240495616
2026-07-13T19:33:56.837625,17006837760,16373186560,633651200,3.7,14212251648,922140672,1673216000,53755904,2240495616
2026-07-13T19:33:57.837985,17006837760,16373563392,633274368,3.7,14212612096,922140672,1673216000,53772288,2240512000
2026-07-13T19:33:58.838338,17006837760,16373317632,633520128,3.7,14212366336,922140672,1673216000,53772288,2240528384
2026-07-13T19:33:59.838675,17006837760,16373317632,633520128,3.7,14212366336,922140672,1673216000,53772288,2240528384
2026-07-13T19:34:00.839029,17006837760,16374005760,632832000,3.7,14213054464,922140672,1673216000,53772288,2240528384
2026-07-13T19:34:01.840658,17006837760,16369827840,637009920,3.7,14208876544,922140672,1673216000,53772288,2240528384
2026-07-13T19:34:02.841762,17006837760,16368648192,638189568,3.8,14207696896,922140672,1673216000,53788672,2240528384
2026-07-13T19:34:03.842057,17006837760,16368402432,638435328,3.8,14207451136,922140672,1673216000,53788672,2240528384
2026-07-13T19:34:04.842334,17006837760,16365486080,641351680,3.8,14204534784,922140672,1673216000,53788672,2240544768
2026-07-13T19:34:05.842611,17006837760,16364830720,642007040,3.8,14203813888,922189824,1673281536,53788672,2240544768
2026-07-13T19:34:06.842936,17006837760,16365158400,641679360,3.8,14204141568,922189824,1673281536,53788672,2240544768
2026-07-13T19:34:07.843368,17006837760,16364781568,642056192,3.8,14203764736,922189824,1673281536,53805056,2240544768
2026-07-13T19:34:08.844376,17006837760,16366125056,640712704,3.8,14205108224,922189824,1673281536,53805056,2240544768
2026-07-13T19:34:09.844757,17006837760,16366157824,640679936,3.8,14205140992,922189824,1673281536,53805056,2240544768
2026-07-13T19:34:10.845532,17006837760,16364912640,641925120,3.8,14203879424,923189248,1673297920,53805056,2240544768
2026-07-13T19:34:11.846020,17006837760,16362995712,643842048,3.8,14201962496,923189248,1673297920,53805056,2240561152
2026-07-13T19:34:12.846303,17006837760,16362356736,644481024,3.8,14201323520,923189248,1673297920,53821440,2240561152
2026-07-13T19:34:13.846587,17006837760,16364011520,642826240,3.8,14202978304,923189248,1673297920,53821440,2240561152
2026-07-13T19:34:14.846862,17006837760,16364683264,642154496,3.8,14203650048,923189248,1673297920,53821440,2240561152
2026-07-13T19:34:15.847175,17006837760,16365895680,640942080,3.8,14204862464,923189248,1673297920,53821440,2240561152
2026-07-13T19:34:16.847511,17006837760,16367255552,639582208,3.8,14206222336,923189248,1673297920,53821440,2240561152
2026-07-13T19:34:17.847800,17006837760,16367239168,639598592,3.8,14206205952,923189248,1673297920,53837824,2240577536
2026-07-13T19:34:18.848150,17006837760,16367730688,639107072,3.8,14206697472,923189248,1673297920,53837824,2240577536
2026-07-13T19:34:19.848431,17006837760,16363962368,642875392,3.8,14202929152,923189248,1673297920,53837824,2240577536
2026-07-13T19:34:20.848711,17006837760,16364453888,642383872,3.8,14203420672,923189248,1673297920,53837824,2240577536
2026-07-13T19:34:21.848987,17006837760,16364257280,642580480,3.8,14203224064,923189248,1673297920,53837824,2240577536
2026-07-13T19:34:22.849312,17006837760,16365322240,641515520,3.8,14204289024,923189248,1673297920,53837824,2240577536
2026-07-13T19:34:23.849645,17006837760,16366731264,640106496,3.8,14205698048,923189248,1673297920,53837824,2240577536
2026-07-13T19:34:24.849982,17006837760,16366059520,640778240,3.8,14205026304,923189248,1673297920,53837824,2240593920
2026-07-13T19:34:25.853542,17006837760,16348987392,657850368,3.9,14187888640,923713536,1673363456,53837824,2240593920
2026-07-13T19:34:26.853946,17006837760,16347496448,659341312,3.9,14186397696,926760960,1673363456,53837824,2240593920
2026-07-13T19:34:27.854351,17006837760,16343957504,662880256,3.9,14182858752,929808384,1673363456,53837824,2240593920
2026-07-13T19:34:28.855156,17006837760,16347594752,659243008,3.9,14186496000,929808384,1673363456,53854208,2240593920
2026-07-13T19:34:29.855484,17006837760,16347414528,659423232,3.9,14186315776,929808384,1673363456,53854208,2240593920
2026-07-13T19:34:30.856216,17006837760,16350494720,656343040,3.9,14189395968,929808384,1673363456,53854208,2240610304
2026-07-13T19:34:31.857363,17006837760,16348250112,658587648,3.9,14187151360,929808384,1673363456,53854208,2240610304
2026-07-13T19:34:32.857691,17006837760,16349085696,657752064,3.9,14187986944,929808384,1673363456,53854208,2240610304
2026-07-13T19:34:33.858094,17006837760,16351150080,655687680,3.9,14189936640,922959872,1673478144,53870592,2240610304
2026-07-13T19:34:34.858793,17006837760,16350953472,655884288,3.9,14189740032,923975680,1673478144,53870592,2240610304
2026-07-13T19:34:35.859120,17006837760,16352591872,654245888,3.8,14191378432,923975680,1673478144,53870592,2240610304
2026-07-13T19:34:36.859473,17006837760,16350855168,655982592,3.9,14189641728,924221440,1673478144,53870592,2240626688
2026-07-13T19:34:37.859805,17006837760,16352133120,654704640,3.8,14190919680,924221440,1673478144,53870592,2240626688
2026-07-13T19:34:38.860147,17006837760,16355426304,651411456,3.8,14194212864,924221440,1673478144,53886976,2240626688
2026-07-13T19:34:39.860494,17006837760,16357900288,648937472,3.8,14196686848,924221440,1673478144,53886976,2240626688
2026-07-13T19:34:40.860822,17006837760,16358162432,648675328,3.8,14196948992,924221440,1673478144,53886976,2240626688
2026-07-13T19:34:41.861142,17006837760,16357015552,649822208,3.8,14195802112,924221440,1673478144,53886976,2240626688
2026-07-13T19:34:42.861560,17006837760,16358735872,648101888,3.8,14197522432,924221440,1673478144,53886976,2240626688
2026-07-13T19:34:43.861983,17006837760,16356409344,650428416,3.8,14195179520,924712960,1673494528,53903360,2240643072
2026-07-13T19:34:44.862322,17006837760,16357998592,648839168,3.8,14196768768,924712960,1673494528,53903360,2240643072
2026-07-13T19:34:45.862673,17006837760,16360292352,646545408,3.8,14199062528,924712960,1673494528,53903360,2240643072
2026-07-13T19:34:46.863005,17006837760,16361848832,644988928,3.8,14200619008,924712960,1673494528,53903360,2240643072
2026-07-13T19:34:47.863354,17006837760,16363585536,643252224,3.8,14202355712,924712960,1673494528,53903360,2240643072
2026-07-13T19:34:48.863701,17006837760,16364257280,642580480,3.8,14203027456,924712960,1673494528,53919744,2240643072
2026-07-13T19:34:49.864235,17006837760,16362127360,644710400,3.8,14200897536,924712960,1673494528,53919744,2240659456
2026-07-13T19:34:50.865434,17006837760,16362782720,644055040,3.8,14201552896,924712960,1673494528,53919744,2240659456
2026-07-13T19:34:51.865770,17006837760,16363257856,643579904,3.8,14202028032,924712960,1673494528,53919744,2240659456
2026-07-13T19:34:52.866049,17006837760,16364306432,642531328,3.8,14203076608,924712960,1673494528,53919744,2240659456
2026-07-13T19:34:53.866330,17006837760,16362553344,644284416,3.8,14201323520,924712960,1673494528,53919744,2240659456
2026-07-13T19:34:54.866682,17006837760,16363503616,643334144,3.8,14202273792,924712960,1673494528,53919744,2240659456
2026-07-13T19:34:55.867140,17006837760,16359555072,647282688,3.8,14198325248,924712960,1673494528,53919744,2240659456
2026-07-13T19:34:56.867487,17006837760,16354066432,652771328,3.8,14192836608,924712960,1673494528,53919744,2240675840
2026-07-13T19:34:57.867768,17006837760,16356229120,650608640,3.8,14194999296,924712960,1673494528,53919744,2240675840
2026-07-13T19:34:58.868047,17006837760,16357965824,648871936,3.8,14196736000,924712960,1673494528,53936128,2240675840
2026-07-13T19:34:59.868363,17006837760,16359833600,647004160,3.8,14198603776,924712960,1673494528,53936128,2240675840
2026-07-13T19:35:00.868773,17006837760,16359948288,646889472,3.8,14198718464,924712960,1673494528,53936128,2240675840
2026-07-13T19:35:01.869358,17006837760,16355753984,651083776,3.8,14194311168,926121984,1673707520,53936128,2240675840
2026-07-13T19:35:02.870189,17006837760,16353951744,652886016,3.8,14192476160,930152448,1673740288,53936128,2240692224
2026-07-13T19:35:03.870923,17006837760,16347987968,658849792,3.9,14186496000,934707200,1673756672,53952512,2240692224
2026-07-13T19:35:04.871883,17006837760,16345382912,661454848,3.9,14183890944,938770432,1673756672,53952512,2240692224
2026-07-13T19:35:05.872529,17006837760,16345694208,661143552,3.9,14184202240,938770432,1673756672,53952512,2240692224
2026-07-13T19:35:06.873067,17006837760,16343957504,662880256,3.9,14182465536,938868736,1673756672,53952512,2240692224
2026-07-13T19:35:07.873450,17006837760,16341336064,665501696,3.9,14179844096,938868736,1673756672,53952512,2240708608
2026-07-13T19:35:08.874034,17006837760,16343269376,663568384,3.9,14181777408,938868736,1673756672,53968896,2240708608
2026-07-13T19:35:09.874332,17006837760,16345055232,661782528,3.9,14183563264,938868736,1673756672,53968896,2240708608
2026-07-13T19:35:10.874732,17006837760,16357867520,648970240,3.8,14196342784,927629312,1673789440,53968896,2240708608
2026-07-13T19:35:11.875129,17006837760,16357867520,648970240,3.8,14196342784,927629312,1673789440,53968896,2240708608
2026-07-13T19:35:12.875601,17006837760,16357474304,649363456,3.8,14195949568,927629312,1673789440,53968896,2240708608
2026-07-13T19:35:13.875879,17006837760,16358342656,648495104,3.8,14196817920,927629312,1673789440,53985280,2240724992
2026-07-13T19:35:14.876165,17006837760,16359489536,647348224,3.8,14197964800,927629312,1673789440,53985280,2240724992
2026-07-13T19:35:15.876437,17006837760,16361439232,645398528,3.8,14199914496,927629312,1673789440,53985280,2240724992
2026-07-13T19:35:16.876841,17006837760,16362700800,644136960,3.8,14201176064,927629312,1673789440,53985280,2240724992
2026-07-13T19:35:17.877226,17006837760,16363520000,643317760,3.8,14201995264,927629312,1673789440,53985280,2240724992
2026-07-13T19:35:18.877580,17006837760,16364699648,642138112,3.8,14203174912,927629312,1673789440,54001664,2240724992
2026-07-13T19:35:19.877914,17006837760,16363913216,642924544,3.8,14202388480,927629312,1673789440,54001664,2240741376
2026-07-13T19:35:20.878189,17006837760,16364093440,642744320,3.8,14202568704,927629312,1673789440,54001664,2240741376
2026-07-13T19:35:21.878464,17006837760,16364568576,642269184,3.8,14203043840,927629312,1673789440,54001664,2240741376
2026-07-13T19:35:22.879312,17006837760,16364716032,642121728,3.8,14203191296,927629312,1673789440,54001664,2240741376
2026-07-13T19:35:23.880876,17006837760,16362995712,643842048,3.8,14201470976,927629312,1673789440,54001664,2240741376
2026-07-13T19:35:24.881469,17006837760,16356655104,650182656,3.8,14195081216,931643392,1673838592,54001664,2240741376
2026-07-13T19:35:25.882249,17006837760,16356179968,650657792,3.8,14194589696,933658624,1673854976,54001664,2240757760
2026-07-13T19:35:26.882740,17006837760,16356179968,650657792,3.8,14194589696,934166528,1673854976,54001664,2240757760
2026-07-13T19:35:27.883021,17006837760,16357900288,648937472,3.8,14196310016,934166528,1673854976,54001664,2240757760
2026-07-13T19:35:28.883300,17006837760,16358817792,648019968,3.8,14197227520,934166528,1673854976,54018048,2240757760
2026-07-13T19:35:29.883839,17006837760,16359276544,647561216,3.8,14197653504,925057024,1673887744,54018048,2240757760
2026-07-13T19:35:30.885120,17006837760,16354377728,652460032,3.8,14192738304,931135488,1673904128,54018048,2240774144
2026-07-13T19:35:31.886400,17006837760,16352165888,654671872,3.8,14190526464,931135488,1673904128,54018048,2240774144
2026-07-13T19:35:32.886794,17006837760,16351920128,654917632,3.9,14190280704,931135488,1673904128,54018048,2240774144
2026-07-13T19:35:33.887144,17006837760,16354492416,652345344,3.8,14192852992,931135488,1673904128,54034432,2240774144
2026-07-13T19:35:34.887422,17006837760,16356737024,650100736,3.8,14195097600,931135488,1673904128,54034432,2240774144
2026-07-13T19:35:35.887705,17006837760,16357130240,649707520,3.8,14195490816,931135488,1673904128,54034432,2240774144
2026-07-13T19:35:36.887987,17006837760,16358899712,647938048,3.8,14197260288,931135488,1673904128,54034432,2240790528
2026-07-13T19:35:37.888308,17006837760,16357670912,649166848,3.8,14196031488,931201024,1673904128,54034432,2240790528
2026-07-13T19:35:38.888625,17006837760,16357376000,649461760,3.8,14195736576,931201024,1673904128,54050816,2240790528
2026-07-13T19:35:39.889100,17006837760,16358932480,647905280,3.8,14197243904,922599424,1673953280,54050816,2240790528
2026-07-13T19:35:40.889434,17006837760,16350412800,656424960,3.9,14188724224,923615232,1673953280,54050816,2240790528
2026-07-13T19:35:41.889776,17006837760,16349364224,657473536,3.9,14187675648,924123136,1673953280,54050816,2240790528
2026-07-13T19:35:42.890128,17006837760,16353230848,653606912,3.8,14191542272,924123136,1673953280,54050816,2240790528
2026-07-13T19:35:43.890408,17006837760,16354607104,652230656,3.8,14192902144,924139520,1673969664,54067200,2240806912
2026-07-13T19:35:44.890723,17006837760,16355737600,651100160,3.8,14194032640,924139520,1673969664,54067200,2240806912
2026-07-13T19:35:45.891068,17006837760,16359047168,647790592,3.8,14197342208,924139520,1673969664,54067200,2240806912
2026-07-13T19:35:46.891353,17006837760,16360783872,646053888,3.8,14199078912,924139520,1673969664,54067200,2240806912
2026-07-13T19:35:47.891770,17006837760,16358375424,648462336,3.8,14196670464,924139520,1673969664,54067200,2240806912
2026-07-13T19:35:48.892104,17006837760,16359063552,647774208,3.8,14197358592,924139520,1673969664,54067200,2240806912
2026-07-13T19:35:49.892464,17006837760,16358703104,648134656,3.8,14196998144,924139520,1673969664,54083584,2240806912
2026-07-13T19:35:50.892803,17006837760,16360292352,646545408,3.8,14198587392,924139520,1673969664,54083584,2240806912
2026-07-13T19:35:51.893131,17006837760,16361390080,645447680,3.8,14199685120,924139520,1673969664,54083584,2240806912
2026-07-13T19:35:52.893467,17006837760,16362782720,644055040,3.8,14201077760,924139520,1673969664,54083584,2240806912
2026-07-13T19:35:53.893798,17006837760,16360865792,645971968,3.8,14199160832,924139520,1673969664,54083584,2240806912
2026-07-13T19:35:54.894138,17006837760,16361472000,645365760,3.8,14199767040,924139520,1673969664,54083584,2240823296
2026-07-13T19:35:55.894473,17006837760,16361783296,645054464,3.8,14200078336,924139520,1673969664,54083584,2240823296
2026-07-13T19:35:56.894981,17006837760,16363126784,643710976,3.8,14201421824,924139520,1673969664,54083584,2240823296
2026-07-13T19:35:57.895315,17006837760,16363896832,642940928,3.8,14202191872,924139520,1673969664,54083584,2240823296
2026-07-13T19:35:58.895593,17006837760,16364519424,642318336,3.8,14202814464,924139520,1673969664,54083584,2240823296
2026-07-13T19:35:59.896479,17006837760,16363470848,643366912,3.8,14201765888,924139520,1673969664,54099968,2240823296
2026-07-13T19:36:00.896888,17006837760,16359374848,647462912,3.8,14197669888,924139520,1673969664,54099968,2240839680
2026-07-13T19:36:01.897203,17006837760,16357195776,649641984,3.8,14195490816,927186944,1673969664,54099968,2240839680
2026-07-13T19:36:02.897468,17006837760,16357834752,649003008,3.8,14196129792,927186944,1673969664,54099968,2240839680
2026-07-13T19:36:03.897748,17006837760,16359817216,647020544,3.8,14198112256,927186944,1673969664,54099968,2240839680
2026-07-13T19:36:04.898085,17006837760,16360734720,646103040,3.8,14199029760,927186944,1673969664,54116352,2240839680
2026-07-13T19:36:05.898519,17006837760,16362307584,644530176,3.8,14200602624,927186944,1673969664,54116352,2240839680
2026-07-13T19:36:06.899187,17006837760,16362717184,644120576,3.8,14201012224,927186944,1673969664,54116352,2240856064
2026-07-13T19:36:07.899557,17006837760,16363257856,643579904,3.8,14201552896,927186944,1673969664,54116352,2240856064
2026-07-13T19:36:08.901449,17006837760,16364011520,642826240,3.8,14202306560,927498240,1673969664,54116352,2240856064
2026-07-13T19:36:09.901783,17006837760,16363765760,643072000,3.8,14202060800,927498240,1673969664,54132736,2240856064
2026-07-13T19:36:10.902128,17006837760,16363094016,643743744,3.8,14201389056,927498240,1673969664,54132736,2240856064
2026-07-13T19:36:11.902562,17006837760,16362110976,644726784,3.8,14200406016,927498240,1673969664,54132736,2240856064
2026-07-13T19:36:12.903247,17006837760,16362831872,644005888,3.8,14201126912,927498240,1673969664,54132736,2240856064
2026-07-13T19:36:13.903961,17006837760,16362192896,644644864,3.8,14200389632,927825920,1674067968,54132736,2240872448
2026-07-13T19:36:14.904266,17006837760,16362602496,644235264,3.8,14200799232,927825920,1674067968,54149120,2240872448
2026-07-13T19:36:15.904549,17006837760,16364486656,642351104,3.8,14202683392,927825920,1674067968,54149120,2240872448
2026-07-13T19:36:16.904828,17006837760,16365600768,641236992,3.8,14203797504,927825920,1674067968,54149120,2240872448
2026-07-13T19:36:17.905111,17006837760,16365371392,641466368,3.8,14203568128,927825920,1674067968,54149120,2240872448
2026-07-13T19:36:18.905468,17006837760,16365846528,640991232,3.8,14204043264,927825920,1674067968,54149120,2240872448
2026-07-13T19:36:19.906206,17006837760,16366665728,640172032,3.8,14204862464,927825920,1674067968,54165504,2240872448
2026-07-13T19:36:20.907407,17006837760,16365191168,641646592,3.8,14203387904,927825920,1674067968,54165504,2240888832
2026-07-13T19:36:21.907717,17006837760,16361193472,645644288,3.8,14199390208,927825920,1674067968,54165504,2240888832
2026-07-13T19:36:22.908043,17006837760,16362668032,644169728,3.8,14200864768,927825920,1674067968,54165504,2240888832
2026-07-13T19:36:23.908334,17006837760,16359424000,647413760,3.8,14197620736,927825920,1674067968,54165504,2240888832
2026-07-13T19:36:24.908616,17006837760,16359718912,647118848,3.8,14197915648,927825920,1674067968,54181888,2240888832
2026-07-13T19:36:25.908895,17006837760,16360488960,646348800,3.8,14198685696,927825920,1674067968,54181888,2240888832
2026-07-13T19:36:26.909170,17006837760,16361160704,645677056,3.8,14199357440,927825920,1674067968,54181888,2240905216
2026-07-13T19:36:27.909597,17006837760,16362160128,644677632,3.8,14200356864,927825920,1674067968,54181888,2240905216
2026-07-13T19:36:28.910189,17006837760,16363110400,643727360,3.8,14201307136,927825920,1674067968,54181888,2240905216
2026-07-13T19:36:29.910544,17006837760,16362717184,644120576,3.8,14200913920,927825920,1674067968,54181888,2240905216
2026-07-13T19:36:30.911855,17006837760,16362766336,644071424,3.8,14200963072,927825920,1674067968,54181888,2240905216
2026-07-13T19:36:31.912213,17006837760,16362946560,643891200,3.8,14201143296,927825920,1674067968,54181888,2240905216
2026-07-13T19:36:32.912698,17006837760,16359948288,646889472,3.8,14198145024,927825920,1674067968,54181888,2240921600
2026-07-13T19:36:33.913145,17006837760,16355328000,651509760,3.8,14193524736,927825920,1674067968,54181888,2240921600
2026-07-13T19:36:34.913485,17006837760,16356163584,650674176,3.8,14194360320,927825920,1674067968,54198272,2240921600
2026-07-13T19:36:35.913823,17006837760,16357228544,649609216,3.8,14195425280,927825920,1674067968,54198272,2240921600
2026-07-13T19:36:36.914267,17006837760,16358670336,648167424,3.8,14196867072,927825920,1674067968,54198272,2240921600
2026-07-13T19:36:37.915658,17006837760,16358752256,648085504,3.8,14196948992,927825920,1674067968,54198272,2240921600
2026-07-13T19:36:38.915998,17006837760,16355885056,650952704,3.8,14193917952,924434432,1674231808,54198272,2240937984
2026-07-13T19:36:39.916387,17006837760,16355557376,651280384,3.8,14193590272,924434432,1674231808,54214656,2240937984
2026-07-13T19:36:40.916668,17006837760,16359194624,647643136,3.8,14197227520,924434432,1674231808,54214656,2240937984
2026-07-13T19:36:41.916950,17006837760,16360243200,646594560,3.8,14198276096,924434432,1674231808,54214656,2240937984
2026-07-13T19:36:42.917228,17006837760,16360816640,646021120,3.8,14198849536,924434432,1674231808,54214656,2240937984
2026-07-13T19:36:43.917566,17006837760,16363012096,643825664,3.8,14201044992,924434432,1674231808,54214656,2240937984
2026-07-13T19:36:44.917865,17006837760,16364404736,642433024,3.8,14202437632,924434432,1674231808,54231040,2240937984
2026-07-13T19:36:45.918144,17006837760,16363208704,643629056,3.8,14201241600,924434432,1674231808,54231040,2240954368
2026-07-13T19:36:46.918432,17006837760,16364978176,641859584,3.8,14203011072,924434432,1674231808,54231040,2240954368
2026-07-13T19:36:47.918715,17006837760,16365223936,641613824,3.8,14203256832,924434432,1674231808,54231040,2240954368
2026-07-13T19:36:48.919136,17006837760,16365715456,641122304,3.8,14203748352,924434432,1674231808,54231040,2240954368
2026-07-13T19:36:49.919500,17006837760,16366583808,640253952,3.8,14204616704,924434432,1674231808,54247424,2240954368
2026-07-13T19:36:50.919832,17006837760,16366518272,640319488,3.8,14204551168,924434432,1674231808,54247424,2240954368
2026-07-13T19:36:51.920158,17006837760,16365174784,641662976,3.8,14203207680,924434432,1674231808,54247424,2240970752
2026-07-13T19:36:52.920751,17006837760,16364191744,642646016,3.8,14202224640,924434432,1674231808,54247424,2240970752
2026-07-13T19:36:53.921230,17006837760,16363945984,642891776,3.8,14201978880,924434432,1674231808,54247424,2240970752
2026-07-13T19:36:54.921696,17006837760,16364945408,641892352,3.8,14202978304,924434432,1674231808,54263808,2240970752
2026-07-13T19:36:55.922015,17006837760,16365404160,641433600,3.8,14203437056,924434432,1674231808,54263808,2240970752
2026-07-13T19:36:56.922298,17006837760,16366190592,640647168,3.8,14204223488,924434432,1674231808,54263808,2240970752
2026-07-13T19:36:57.922618,17006837760,16366682112,640155648,3.8,14204715008,924434432,1674231808,54263808,2240970752
2026-07-13T19:36:58.922954,17006837760,16367140864,639696896,3.8,14205140992,924909568,1674264576,54263808,2240987136
2026-07-13T19:36:59.923250,17006837760,16366665728,640172032,3.8,14204665856,924909568,1674264576,54263808,2240987136
2026-07-13T19:37:00.923532,17006837760,16366682112,640155648,3.8,14204682240,924909568,1674264576,54263808,2240987136
2026-07-13T19:37:01.924580,17006837760,16366764032,640073728,3.8,14204764160,924909568,1674264576,54263808,2240987136
2026-07-13T19:37:02.924947,17006837760,16368025600,638812160,3.8,14206025728,924909568,1674264576,54263808,2240987136
2026-07-13T19:37:03.925225,17006837760,16368254976,638582784,3.8,14206255104,924909568,1674264576,54263808,2240987136
2026-07-13T19:37:04.925562,17006837760,16368910336,637927424,3.8,14206910464,924909568,1674264576,54280192,2241003520
2026-07-13T19:37:05.926095,17006837760,16368451584,638386176,3.8,14206451712,924909568,1674264576,54280192,2241003520
2026-07-13T19:37:06.926454,17006837760,16368467968,638369792,3.8,14206468096,924909568,1674264576,54280192,2241003520
2026-07-13T19:37:07.926733,17006837760,16368943104,637894656,3.8,14206943232,924909568,1674264576,54280192,2241003520
2026-07-13T19:37:08.927010,17006837760,16368697344,638140416,3.8,14206697472,924909568,1674264576,54280192,2241003520
2026-07-13T19:37:09.927265,17006837760,16369041408,637796352,3.8,14206959616,925040640,1674346496,54296576,2241003520
2026-07-13T19:37:10.927545,17006837760,16369631232,637206528,3.7,14207549440,925040640,1674346496,54296576,2241003520
2026-07-13T19:37:11.928023,17006837760,16368156672,638681088,3.8,14206074880,925040640,1674346496,54296576,2241019904
2026-07-13T19:37:12.928575,17006837760,16362586112,644251648,3.8,14200422400,929021952,1674428416,54296576,2241019904
2026-07-13T19:37:13.929208,17006837760,16353738752,653099008,3.8,14191575040,932577280,1674428416,54296576,2241019904
2026-07-13T19:37:14.929849,17006837760,16353247232,653590528,3.8,14191083520,932577280,1674428416,54312960,2241019904
2026-07-13T19:37:15.930116,17006837760,16354967552,651870208,3.8,14192803840,932577280,1674428416,54312960,2241019904
2026-07-13T19:37:16.930393,17006837760,16358047744,648790016,3.8,14195884032,932577280,1674428416,54312960,2241019904
2026-07-13T19:37:17.930743,17006837760,16358293504,648544256,3.8,14196129792,932577280,1674428416,54312960,2241036288
2026-07-13T19:37:18.931016,17006837760,16359096320,647741440,3.8,14196932608,932577280,1674428416,54312960,2241036288
2026-07-13T19:37:19.931300,17006837760,16356671488,650166272,3.8,14194491392,932986880,1674444800,54312960,2241036288
2026-07-13T19:37:20.931582,17006837760,16356786176,650051584,3.8,14194606080,932986880,1674444800,54329344,2241036288
2026-07-13T19:37:21.931904,17006837760,16353492992,653344768,3.8,14191312896,932986880,1674444800,54329344,2241036288
2026-07-13T19:37:22.932250,17006837760,16353542144,653295616,3.8,14191362048,932986880,1674444800,54329344,2241036288
2026-07-13T19:37:23.932601,17006837760,16354279424,652558336,3.8,14192099328,932986880,1674444800,54329344,2241036288
2026-07-13T19:37:24.932934,17006837760,16351412224,655425536,3.9,14189232128,932986880,1674444800,54329344,2241052672
2026-07-13T19:37:25.933285,17006837760,16352952320,653885440,3.8,14190772224,932986880,1674444800,54345728,2241052672
2026-07-13T19:37:26.933631,17006837760,16353296384,653541376,3.8,14191116288,932986880,1674444800,54345728,2241052672
2026-07-13T19:37:27.933967,17006837760,16355049472,651788288,3.8,14192869376,932986880,1674444800,54345728,2241052672
2026-07-13T19:37:28.934288,17006837760,16356818944,650018816,3.8,14194638848,932986880,1674444800,54345728,2241052672
2026-07-13T19:37:29.934618,17006837760,16357425152,649412608,3.8,14195245056,932986880,1674444800,54345728,2241052672
2026-07-13T19:37:30.934954,17006837760,16356507648,650330112,3.8,14194327552,932986880,1674444800,54345728,2241069056
2026-07-13T19:37:31.935290,17006837760,16356540416,650297344,3.8,14194360320,932986880,1674444800,54345728,2241069056
2026-07-13T19:37:32.935668,17006837760,16356540416,650297344,3.8,14194360320,932986880,1674444800,54345728,2241069056
2026-07-13T19:37:33.935996,17006837760,16356982784,649854976,3.8,14194802688,932986880,1674444800,54345728,2241069056
2026-07-13T19:37:34.936468,17006837760,16351707136,655130624,3.9,14189461504,923779072,1674510336,54345728,2241069056
2026-07-13T19:37:35.936840,17006837760,16349413376,657424384,3.9,14187151360,928333824,1674526720,54362112,2241069056
2026-07-13T19:37:36.937343,17006837760,16348135424,658702336,3.9,14185857024,930349056,1674543104,54362112,2241085440
2026-07-13T19:37:37.938241,17006837760,16347611136,659226624,3.9,14185332736,932380672,1674543104,54362112,2241085440
2026-07-13T19:37:38.938838,17006837760,16348626944,658210816,3.9,14186348544,932380672,1674543104,54362112,2241085440
2026-07-13T19:37:39.939313,17006837760,16347054080,659783680,3.9,14184775680,932380672,1674543104,54362112,2241085440
2026-07-13T19:37:40.939590,17006837760,16348610560,658227200,3.9,14186315776,932790272,1674559488,54378496,2241085440
2026-07-13T19:37:41.939939,17006837760,16350134272,656703488,3.9,14187839488,932790272,1674559488,54378496,2241101824
2026-07-13T19:37:42.940339,17006837760,16350593024,656244736,3.9,14188265472,924860416,1674592256,54378496,2241101824
2026-07-13T19:37:43.940641,17006837760,16351133696,655704064,3.9,14188806144,924860416,1674592256,54378496,2241101824
2026-07-13T19:37:44.940952,17006837760,16351723520,655114240,3.9,14189395968,924860416,1674592256,54378496,2241101824
2026-07-13T19:37:45.941394,17006837760,16355573760,651264000,3.8,14193246208,924860416,1674592256,54394880,2241118208
2026-07-13T19:37:46.941719,17006837760,16357130240,649707520,3.8,14194802688,924860416,1674592256,54394880,2241118208
2026-07-13T19:37:47.943389,17006837760,16358014976,648822784,3.8,14195687424,924860416,1674592256,54394880,2241118208
2026-07-13T19:37:48.943692,17006837760,16361046016,645791744,3.8,14198718464,924860416,1674592256,54394880,2241134592
2026-07-13T19:37:49.943962,17006837760,16361832448,645005312,3.8,14199504896,924860416,1674592256,54394880,2241134592
2026-07-13T19:37:50.944235,17006837760,16362799104,644038656,3.8,14200438784,925270016,1674625024,54411264,2241134592
2026-07-13T19:37:51.944506,17006837760,16363667456,643170304,3.8,14201307136,925270016,1674625024,54411264,2241134592
2026-07-13T19:37:52.944857,17006837760,16364552192,642285568,3.8,14202191872,925270016,1674625024,54411264,2241134592
2026-07-13T19:37:53.945728,17006837760,16366272512,640565248,3.8,14203912192,925270016,1674625024,54411264,2241134592
2026-07-13T19:37:54.946857,17006837760,16367026176,639811584,3.8,14204665856,925270016,1674625024,54411264,2241150976
2026-07-13T19:37:55.947547,17006837760,16367321088,639516672,3.8,14204960768,925270016,1674625024,54427648,2241150976
2026-07-13T19:37:56.948376,17006837760,16363012096,643825664,3.8,14200651776,925270016,1674625024,54427648,2241150976
2026-07-13T19:37:57.949023,17006837760,16364208128,642629632,3.8,14201847808,925270016,1674625024,54427648,2241150976
2026-07-13T19:37:58.949368,17006837760,16364355584,642482176,3.8,14201995264,925270016,1674625024,54427648,2241150976
2026-07-13T19:37:59.949753,17006837760,16359129088,647708672,3.8,14196768768,925270016,1674625024,54427648,2241150976
2026-07-13T19:38:00.950195,17006837760,16359751680,647086080,3.8,14197391360,925270016,1674625024,54427648,2241150976
2026-07-13T19:38:01.950567,17006837760,16360701952,646135808,3.8,14198341632,925270016,1674625024,54427648,2241167360
2026-07-13T19:38:02.951620,17006837760,16356556800,650280960,3.8,14194180096,925433856,1674641408,54427648,2241167360
2026-07-13T19:38:03.951929,17006837760,16355049472,651788288,3.8,14192640000,926924800,1674674176,54427648,2241167360
2026-07-13T19:38:04.952214,17006837760,16356163584,650674176,3.8,14193754112,926924800,1674674176,54427648,2241167360
2026-07-13T19:38:05.953213,17006837760,16358375424,648462336,3.8,14195965952,926924800,1674674176,54444032,2241167360
2026-07-13T19:38:06.953575,17006837760,16360865792,645971968,3.8,14198456320,926924800,1674674176,54444032,2241167360
2026-07-13T19:38:07.953872,17006837760,16360767488,646070272,3.8,14198358016,926924800,1674674176,54444032,2241183744
2026-07-13T19:38:08.954300,17006837760,16362274816,644562944,3.8,14199865344,926924800,1674674176,54444032,2241183744
2026-07-13T19:38:09.954626,17006837760,16363814912,643022848,3.8,14201405440,926924800,1674674176,54444032,2241183744
2026-07-13T19:38:10.954957,17006837760,16364634112,642203648,3.8,14202208256,927236096,1674690560,54460416,2241183744
2026-07-13T19:38:11.955254,17006837760,16364748800,642088960,3.8,14202322944,927236096,1674690560,54460416,2241183744
2026-07-13T19:38:12.955535,17006837760,16364486656,642351104,3.8,14202060800,927236096,1674690560,54460416,2241183744
2026-07-13T19:38:13.955813,17006837760,16364863488,641974272,3.8,14202437632,927236096,1674690560,54460416,2241183744
2026-07-13T19:38:14.956165,17006837760,16364371968,642465792,3.8,14201946112,927236096,1674690560,54460416,2241200128
2026-07-13T19:38:15.956438,17006837760,16365436928,641400832,3.8,14203011072,927236096,1674690560,54476800,2241200128
2026-07-13T19:38:16.956768,17006837760,16367321088,639516672,3.8,14204895232,927236096,1674690560,54476800,2241200128
2026-07-13T19:38:17.957126,17006837760,16366829568,640008192,3.8,14204403712,927236096,1674690560,54476800,2241200128
2026-07-13T19:38:18.957431,17006837760,16367058944,639778816,3.8,14204633088,927236096,1674690560,54476800,2241200128
2026-07-13T19:38:19.957770,17006837760,16366977024,639860736,3.8,14204551168,927236096,1674690560,54476800,2241200128
2026-07-13T19:38:20.958045,17006837760,16365256704,641581056,3.8,14202830848,927236096,1674690560,54493184,2241200128
2026-07-13T19:38:21.958317,17006837760,16364273664,642564096,3.8,14201847808,927236096,1674690560,54493184,2241216512
2026-07-13T19:38:22.958629,17006837760,16364027904,642809856,3.8,14201602048,927236096,1674690560,54493184,2241216512
2026-07-13T19:38:23.958960,17006837760,16363995136,642842624,3.8,14201569280,927236096,1674690560,54493184,2241216512
2026-07-13T19:38:24.959311,17006837760,16363274240,643563520,3.8,14200848384,927236096,1674690560,54493184,2241216512
2026-07-13T19:38:25.959621,17006837760,16363618304,643219456,3.8,14201192448,927236096,1674690560,54509568,2241216512
2026-07-13T19:38:26.959970,17006837760,16364879872,641957888,3.8,14202437632,927301632,1674706944,54509568,2241216512
2026-07-13T19:38:27.960246,17006837760,16364388352,642449408,3.8,14201946112,927301632,1674706944,54509568,2241232896
2026-07-13T19:38:28.960593,17006837760,16365125632,641712128,3.8,14202683392,927301632,1674706944,54509568,2241232896
2026-07-13T19:38:29.960956,17006837760,16366911488,639926272,3.8,14204469248,927301632,1674706944,54509568,2241232896
2026-07-13T19:38:30.961301,17006837760,16366010368,640827392,3.8,14203568128,927301632,1674706944,54509568,2241232896
2026-07-13T19:38:31.961642,17006837760,16366239744,640598016,3.8,14203797504,927301632,1674706944,54509568,2241232896
2026-07-13T19:38:32.961979,17006837760,16366239744,640598016,3.8,14203797504,927301632,1674706944,54509568,2241232896
2026-07-13T19:38:33.962374,17006837760,16366239744,640598016,3.8,14203797504,927301632,1674706944,54509568,2241249280
2026-07-13T19:38:34.962745,17006837760,16367157248,639680512,3.8,14204715008,927301632,1674706944,54509568,2241249280
2026-07-13T19:38:35.963078,17006837760,16367894528,638943232,3.8,14205452288,927301632,1674706944,54525952,2241232896
2026-07-13T19:38:36.963411,17006837760,16368123904,638713856,3.8,14205681664,927301632,1674706944,54525952,2241249280
2026-07-13T19:38:37.963744,17006837760,16367861760,638976000,3.8,14205419520,927301632,1674706944,54525952,2241249280
2026-07-13T19:38:38.964074,17006837760,16368599040,638238720,3.8,14206156800,927301632,1674706944,54525952,2241249280
2026-07-13T19:38:39.964410,17006837760,16367845376,638992384,3.8,14205403136,927301632,1674706944,54525952,2241249280
2026-07-13T19:38:40.964708,17006837760,16366223360,640614400,3.8,14203781120,927301632,1674706944,54542336,2241265664
2026-07-13T19:38:41.964991,17006837760,16364519424,642318336,3.8,14202044416,927367168,1674739712,54542336,2241265664
2026-07-13T19:38:42.965267,17006837760,16364290048,642547712,3.8,14201815040,927367168,1674739712,54542336,2241265664
2026-07-13T19:38:43.965552,17006837760,16364208128,642629632,3.8,14201733120,927367168,1674739712,54542336,2241265664
2026-07-13T19:38:44.965829,17006837760,16364699648,642138112,3.8,14202224640,927367168,1674739712,54542336,2241265664
2026-07-13T19:38:45.969554,17006837760,16364699648,642138112,3.8,14202224640,927367168,1674739712,54558720,2241265664
2026-07-13T19:38:46.969891,17006837760,16362520576,644317184,3.8,14200045568,927367168,1674739712,54558720,2241282048
2026-07-13T19:38:47.970242,17006837760,16363618304,643219456,3.8,14201143296,927367168,1674739712,54558720,2241282048
2026-07-13T19:38:48.970528,17006837760,16363110400,643727360,3.8,14200635392,927367168,1674739712,54558720,2241282048
2026-07-13T19:38:49.970804,17006837760,16363159552,643678208,3.8,14200684544,927367168,1674739712,54558720,2241282048
2026-07-13T19:38:50.971087,17006837760,16363651072,643186688,3.8,14201176064,927367168,1674739712,54575104,2241282048
2026-07-13T19:38:51.971393,17006837760,16365207552,641630208,3.8,14202732544,927367168,1674739712,54575104,2241282048
2026-07-13T19:38:52.971806,17006837760,16366256128,640581632,3.8,14203781120,927367168,1674739712,54575104,2241282048
2026-07-13T19:38:53.972244,17006837760,16366977024,639860736,3.8,14204502016,927367168,1674739712,54575104,2241282048
2026-07-13T19:38:54.973141,17006837760,16367190016,639647744,3.8,14204715008,927367168,1674739712,54575104,2241298432
2026-07-13T19:38:55.977685,17006837760,16363421696,643416064,3.8,14200946688,927367168,1674739712,54591488,2241298432
2026-07-13T19:38:56.978217,17006837760,16362471424,644366336,3.8,14199996416,927367168,1674739712,54591488,2241298432
2026-07-13T19:38:57.978500,17006837760,16362471424,644366336,3.8,14199996416,927367168,1674739712,54591488,2241298432
2026-07-13T19:38:58.978792,17006837760,16362209280,644628480,3.8,14199734272,927367168,1674739712,54591488,2241298432
2026-07-13T19:38:59.979113,17006837760,16357523456,649314304,3.8,14195048448,927367168,1674739712,54591488,2241298432
2026-07-13T19:39:00.979445,17006837760,16355278848,651558912,3.8,14192803840,927367168,1674739712,54591488,2241314816
2026-07-13T19:39:01.982443,17006837760,16357195776,649641984,3.8,14194720768,927367168,1674739712,54591488,2241314816
2026-07-13T19:39:02.983432,17006837760,16357654528,649183232,3.8,14195015680,927465472,1674903552,54591488,2241314816
2026-07-13T19:39:03.983697,17006837760,16355524608,651313152,3.8,14192885760,927465472,1674903552,54591488,2241314816
2026-07-13T19:39:04.984023,17006837760,16358031360,648806400,3.8,14195392512,927465472,1674903552,54591488,2241314816
2026-07-13T19:39:05.984297,17006837760,16357949440,648888320,3.8,14195310592,927465472,1674903552,54591488,2241331200
2026-07-13T19:39:06.984683,17006837760,16359735296,647102464,3.8,14197096448,927465472,1674903552,54607872,2241331200
2026-07-13T19:39:07.985070,17006837760,16360243200,646594560,3.8,14197604352,927465472,1674903552,54607872,2241331200
2026-07-13T19:39:08.985542,17006837760,16361783296,645054464,3.8,14199144448,927465472,1674903552,54607872,2241331200
2026-07-13T19:39:09.985912,17006837760,16363225088,643612672,3.8,14200586240,927465472,1674903552,54607872,2241331200
2026-07-13T19:39:10.986981,17006837760,16364044288,642793472,3.8,14201405440,927465472,1674903552,54607872,2241331200
2026-07-13T19:39:11.987474,17006837760,16365158400,641679360,3.8,14202519552,927465472,1674903552,54624256,2241331200
2026-07-13T19:39:12.987764,17006837760,16366190592,640647168,3.8,14203518976,927629312,1674936320,54624256,2241347584
2026-07-13T19:39:13.988041,17006837760,16365682688,641155072,3.8,14203011072,927629312,1674936320,54624256,2241347584
2026-07-13T19:39:14.988316,17006837760,16364208128,642629632,3.8,14201536512,927629312,1674936320,54624256,2241347584
2026-07-13T19:39:15.988693,17006837760,16365469696,641368064,3.8,14202798080,927629312,1674936320,54624256,2241347584
2026-07-13T19:39:16.989050,17006837760,16366305280,640532480,3.8,14203633664,927629312,1674936320,54640640,2241347584
2026-07-13T19:39:17.989440,17006837760,16365797376,641040384,3.8,14203125760,927629312,1674936320,54640640,2241347584
2026-07-13T19:39:18.990261,17006837760,16362455040,644382720,3.8,14199685120,928546816,1675034624,54640640,2241363968
2026-07-13T19:39:19.991705,17006837760,16359014400,647823360,3.8,14196244480,931594240,1675034624,54640640,2241363968
2026-07-13T19:39:20.992470,17006837760,16353607680,653230080,3.8,14190837760,936165376,1675034624,54640640,2241363968
2026-07-13T19:39:21.992873,17006837760,16353837056,653000704,3.8,14191067136,936165376,1675034624,54657024,2241363968
2026-07-13T19:39:22.993650,17006837760,16354410496,652427264,3.8,14191640576,936165376,1675034624,54657024,2241363968
2026-07-13T19:39:23.993937,17006837760,16352722944,654114816,3.8,14189953024,936165376,1675034624,54657024,2241363968
2026-07-13T19:39:24.994229,17006837760,16352002048,654835712,3.9,14189232128,936165376,1675034624,54657024,2241380352
2026-07-13T19:39:25.994508,17006837760,16351510528,655327232,3.9,14188740608,936165376,1675034624,54657024,2241380352
2026-07-13T19:39:26.994794,17006837760,16351903744,654934016,3.9,14189133824,936165376,1675034624,54673408,2241380352
2026-07-13T19:39:27.996532,17006837760,16351821824,655015936,3.9,14188953600,925548544,1675132928,54673408,2241380352
2026-07-13T19:39:28.997731,17006837760,16351592448,655245312,3.9,14188724224,927580160,1675132928,54673408,2241380352
2026-07-13T19:39:29.998231,17006837760,16351936512,654901248,3.9,14189068288,927580160,1675132928,54673408,2241396736
2026-07-13T19:39:30.998504,17006837760,16352624640,654213120,3.8,14189756416,927580160,1675132928,54673408,2241396736
2026-07-13T19:39:31.998781,17006837760,16354410496,652427264,3.8,14191542272,927580160,1675132928,54673408,2241396736
2026-07-13T19:39:33.002060,17006837760,16354803712,652034048,3.8,14191935488,927580160,1675132928,54673408,2241396736
2026-07-13T19:39:34.004040,17006837760,16357425152,649412608,3.8,14194556928,930627584,1675132928,54673408,2241396736
2026-07-13T19:39:35.004385,17006837760,16360980480,645857280,3.8,14198095872,924057600,1675149312,54673408,2241396736
2026-07-13T19:39:36.004660,17006837760,16361029632,645808128,3.8,14198145024,924057600,1675149312,54673408,2241413120
2026-07-13T19:39:37.005428,17006837760,16362815488,644022272,3.8,14199930880,924057600,1675149312,54689792,2241413120
2026-07-13T19:39:38.005736,17006837760,16363208704,643629056,3.8,14200307712,924057600,1675165696,54689792,2241413120
2026-07-13T19:39:39.006033,17006837760,16364109824,642727936,3.8,14201208832,924057600,1675165696,54689792,2241413120
2026-07-13T19:39:40.006426,17006837760,16366501888,640335872,3.8,14203600896,924057600,1675165696,54689792,2241413120
2026-07-13T19:39:41.007134,17006837760,16367239168,639598592,3.8,14204338176,924057600,1675165696,54689792,2241413120
2026-07-13T19:39:42.007696,17006837760,16367648768,639188992,3.8,14204747776,924057600,1675165696,54706176,2241429504
2026-07-13T19:39:43.008532,17006837760,16368123904,638713856,3.8,14205222912,924057600,1675165696,54706176,2241429504
2026-07-13T19:39:44.008872,17006837760,16367665152,639172608,3.8,14204731392,924057600,1675198464,54706176,2241429504
2026-07-13T19:39:45.009212,17006837760,16368156672,638681088,3.8,14205222912,924057600,1675198464,54706176,2241429504
2026-07-13T19:39:46.009610,17006837760,16368533504,638304256,3.8,14205599744,924057600,1675198464,54706176,2241429504
2026-07-13T19:39:47.009967,17006837760,16369778688,637059072,3.7,14206844928,924057600,1675198464,54722560,2241429504
2026-07-13T19:39:48.010309,17006837760,16370270208,636567552,3.7,14207336448,924057600,1675198464,54722560,2241429504
2026-07-13T19:39:49.010640,17006837760,16370401280,636436480,3.7,14207467520,924057600,1675198464,54722560,2241445888
2026-07-13T19:39:50.010984,17006837760,16370614272,636223488,3.7,14207680512,924057600,1675198464,54722560,2241445888
2026-07-13T19:39:51.011636,17006837760,16365633536,641204224,3.8,14202683392,924549120,1675214848,54722560,2241445888
2026-07-13T19:39:52.012032,17006837760,16366059520,640778240,3.8,14203109376,924549120,1675214848,54738944,2241445888
2026-07-13T19:39:53.012373,17006837760,16366305280,640532480,3.8,14203355136,924549120,1675214848,54738944,2241445888
2026-07-13T19:39:54.012693,17006837760,16369238016,637599744,3.7,14206287872,924549120,1675214848,54738944,2241445888
2026-07-13T19:39:55.012976,17006837760,16369631232,637206528,3.7,14206681088,924549120,1675214848,54738944,2241445888
2026-07-13T19:39:56.013316,17006837760,16369385472,637452288,3.7,14206435328,924549120,1675214848,54738944,2241462272
2026-07-13T19:39:57.013702,17006837760,16364765184,642072576,3.8,14201749504,926515200,1675280384,54755328,2241462272
2026-07-13T19:39:58.014362,17006837760,16363503616,643334144,3.8,14200487936,930070528,1675280384,54755328,2241462272
2026-07-13T19:39:59.014758,17006837760,16363012096,643825664,3.8,14199996416,930070528,1675280384,54755328,2241462272
2026-07-13T19:40:00.015115,17006837760,16363012096,643825664,3.8,14199996416,930070528,1675280384,54755328,2241462272
2026-07-13T19:40:01.015388,17006837760,16364027904,642809856,3.8,14201012224,930070528,1675280384,54755328,2241478656
2026-07-13T19:40:02.015671,17006837760,16363536384,643301376,3.8,14200520704,930070528,1675280384,54755328,2241478656
2026-07-13T19:40:03.015951,17006837760,16361570304,645267456,3.8,14198554624,930070528,1675280384,54755328,2241478656
2026-07-13T19:40:04.016232,17006837760,16359636992,647200768,3.8,14196621312,930070528,1675280384,54755328,2241478656
2026-07-13T19:40:05.016510,17006837760,16359899136,646938624,3.8,14196883456,930070528,1675280384,54755328,2241478656
2026-07-13T19:40:06.016859,17006837760,16353542144,653295616,3.8,14190510080,927793152,1675296768,54755328,2241478656
2026-07-13T19:40:07.017781,17006837760,16349888512,656949248,3.9,14186807296,927973376,1675345920,54771712,2241478656
2026-07-13T19:40:08.021819,17006837760,16343990272,662847488,3.9,14180892672,931004416,1675362304,54771712,2241495040
2026-07-13T19:40:09.022387,17006837760,16340975616,665862144,3.9,14177878016,935067648,1675362304,54771712,2241495040
2026-07-13T19:40:10.022789,17006837760,16338173952,668663808,3.9,14175076352,938622976,1675362304,54771712,2241495040
2026-07-13T19:40:11.024033,17006837760,16327229440,679608320,4.0,14164131840,943194112,1675362304,54771712,2241495040
2026-07-13T19:40:12.024700,17006837760,16329310208,677527552,4.0,14166179840,946716672,1675395072,54788096,2241511424
2026-07-13T19:40:13.025585,17006837760,16323510272,683327488,4.0,14160379904,949764096,1675395072,54788096,2241511424
2026-07-13T19:40:14.026040,17006837760,16323837952,682999808,4.0,14160707584,949780480,1675395072,54788096,2241511424
2026-07-13T19:40:15.026618,17006837760,16326688768,680148992,4.0,14163558400,949780480,1675395072,54788096,2241511424
2026-07-13T19:40:16.027176,17006837760,16329097216,677740544,4.0,14165966848,949780480,1675395072,54788096,2241511424
2026-07-13T19:40:17.027452,17006837760,16331243520,675594240,4.0,14168113152,949780480,1675395072,54804480,2241511424
2026-07-13T19:40:18.028264,17006837760,16331816960,675020800,4.0,14168686592,949780480,1675395072,54804480,2241527808
2026-07-13T19:40:19.028820,17006837760,16314515456,692322304,4.1,14151385088,949780480,1675395072,54804480,2241527808
2026-07-13T19:40:20.029467,17006837760,16317136896,689700864,4.1,14154006528,949780480,1675395072,54804480,2241527808
2026-07-13T19:40:21.030549,17006837760,16319299584,687538176,4.0,14156169216,949780480,1675395072,54804480,2241527808
2026-07-13T19:40:22.031102,17006837760,16323739648,683098112,4.0,14160609280,949780480,1675395072,54820864,2241527808
2026-07-13T19:40:23.031432,17006837760,16327196672,679641088,4.0,14164066304,949780480,1675395072,54820864,2241527808
2026-07-13T19:40:24.031759,17006837760,16328818688,678019072,4.0,14165688320,949780480,1675395072,54820864,2241544192
2026-07-13T19:40:25.032282,17006837760,16329850880,676986880,4.0,14166720512,949780480,1675395072,54820864,2241544192
2026-07-13T19:40:26.032951,17006837760,16331177984,675659776,4.0,14168047616,949780480,1675395072,54820864,2241544192
2026-07-13T19:40:27.033284,17006837760,16332881920,673955840,4.0,14169751552,949780480,1675395072,54837248,2241544192
2026-07-13T19:40:28.033611,17006837760,16334110720,672727040,4.0,14170980352,949780480,1675395072,54837248,2241544192
2026-07-13T19:40:29.034977,17006837760,16354033664,652804096,3.8,14190837760,924975104,1675460608,54837248,2241544192
2026-07-13T19:40:30.035318,17006837760,16354983936,651853824,3.8,14191788032,924975104,1675460608,54837248,2241544192
2026-07-13T19:40:31.035597,17006837760,16355098624,651739136,3.8,14191902720,924975104,1675460608,54837248,2241560576
2026-07-13T19:40:32.035947,17006837760,16357130240,649707520,3.8,14193934336,924975104,1675460608,54837248,2241560576
2026-07-13T19:40:33.036277,17006837760,16358391808,648445952,3.8,14195195904,924975104,1675460608,54837248,2241560576
2026-07-13T19:40:34.036711,17006837760,16359276544,647561216,3.8,14196080640,924975104,1675460608,54837248,2241560576
2026-07-13T19:40:35.037059,17006837760,16362618880,644218880,3.8,14199422976,924975104,1675460608,54837248,2241560576
2026-07-13T19:40:36.037429,17006837760,16362962944,643874816,3.8,14199767040,924975104,1675460608,54837248,2241560576
2026-07-13T19:40:37.037711,17006837760,16363700224,643137536,3.8,14200504320,924975104,1675460608,54853632,2241576960
2026-07-13T19:40:38.037994,17006837760,16365731840,641105920,3.8,14202535936,924975104,1675460608,54853632,2241576960
2026-07-13T19:40:39.038274,17006837760,16365715456,641122304,3.8,14202519552,924975104,1675460608,54853632,2241576960
2026-07-13T19:40:40.038593,17006837760,16365748224,641089536,3.8,14202552320,924975104,1675460608,54853632,2241576960
2026-07-13T19:40:41.041337,17006837760,16367763456,639074304,3.8,14204567552,924975104,1675460608,54853632,2241576960
2026-07-13T19:40:42.041721,17006837760,16367501312,639336448,3.8,14204305408,924975104,1675460608,54870016,2241576960
2026-07-13T19:40:43.042476,17006837760,16368205824,638631936,3.8,14205009920,924975104,1675460608,54870016,2241576960
2026-07-13T19:40:44.043001,17006837760,16367960064,638877696,3.8,14204764160,924975104,1675460608,54870016,2241593344
2026-07-13T19:40:45.043339,17006837760,16368746496,638091264,3.8,14205501440,925220864,1675509760,54870016,2241593344
2026-07-13T19:40:46.043640,17006837760,16365256704,641581056,3.8,14202011648,925220864,1675509760,54870016,2241593344
2026-07-13T19:40:47.043907,17006837760,16365436928,641400832,3.8,14202191872,925220864,1675509760,54870016,2241593344
2026-07-13T19:40:48.044185,17006837760,16365846528,640991232,3.8,14202601472,925220864,1675509760,54886400,2241593344
2026-07-13T19:40:49.044455,17006837760,16368238592,638599168,3.8,14204993536,925220864,1675509760,54886400,2241593344
2026-07-13T19:40:50.044731,17006837760,16367828992,639008768,3.8,14204567552,925663232,1675526144,54886400,2241593344
2026-07-13T19:40:51.045102,17006837760,16367091712,639746048,3.8,14203830272,925663232,1675526144,54886400,2241609728
2026-07-13T19:40:52.045440,17006837760,16366501888,640335872,3.8,14203240448,925663232,1675526144,54886400,2241609728
2026-07-13T19:40:53.045716,17006837760,16368451584,638386176,3.8,14205190144,925663232,1675526144,54902784,2241609728
2026-07-13T19:40:54.046000,17006837760,16368205824,638631936,3.8,14204944384,925663232,1675526144,54902784,2241609728
2026-07-13T19:40:55.046283,17006837760,16367730688,639107072,3.8,14204469248,925663232,1675526144,54902784,2241609728
2026-07-13T19:40:56.046569,17006837760,16368205824,638631936,3.8,14204944384,925663232,1675526144,54902784,2241609728
2026-07-13T19:40:57.046933,17006837760,16367845376,638992384,3.8,14204583936,925663232,1675526144,54902784,2241626112
2026-07-13T19:40:58.047234,17006837760,16368435200,638402560,3.8,14205173760,925663232,1675526144,54919168,2241626112
2026-07-13T19:40:59.047588,17006837760,16367943680,638894080,3.8,14204682240,925663232,1675526144,54919168,2241626112
2026-07-13T19:41:00.047876,17006837760,16368435200,638402560,3.8,14205173760,925663232,1675526144,54919168,2241626112
2026-07-13T19:41:01.048173,17006837760,16369188864,637648896,3.7,14205927424,925663232,1675526144,54919168,2241626112
2026-07-13T19:41:02.048642,17006837760,16368680960,638156800,3.8,14205419520,925663232,1675526144,54919168,2241626112
2026-07-13T19:41:03.049150,17006837760,16368189440,638648320,3.8,14204911616,926138368,1675542528,54919168,2241642496
2026-07-13T19:41:04.050535,17006837760,16368435200,638402560,3.8,14205157376,926138368,1675542528,54919168,2241642496
2026-07-13T19:41:05.050932,17006837760,16370106368,636731392,3.7,14206828544,926138368,1675542528,54919168,2241642496
2026-07-13T19:41:06.051266,17006837760,16370106368,636731392,3.7,14206828544,926138368,1675542528,54919168,2241642496
2026-07-13T19:41:07.051568,17006837760,16369680384,637157376,3.7,14206402560,926138368,1675542528,54919168,2241642496
2026-07-13T19:41:08.051849,17006837760,16367943680,638894080,3.8,14204665856,926138368,1675542528,54935552,2241642496
2026-07-13T19:41:09.052126,17006837760,16367681536,639156224,3.8,14204403712,926138368,1675542528,54935552,2241658880
2026-07-13T19:41:10.052399,17006837760,16369139712,637698048,3.7,14205861888,926138368,1675542528,54935552,2241658880
2026-07-13T19:41:11.052698,17006837760,16369876992,636960768,3.7,14206599168,926138368,1675542528,54935552,2241658880
2026-07-13T19:41:12.053067,17006837760,16363487232,643350528,3.8,14200160256,926597120,1675591680,54935552,2241658880
2026-07-13T19:41:13.053351,17006837760,16359505920,647331840,3.8,14196178944,926597120,1675591680,54951936,2241658880
2026-07-13T19:41:14.053731,17006837760,16358375424,648462336,3.8,14195048448,926597120,1675591680,54951936,2241658880
2026-07-13T19:41:15.054035,17006837760,16359309312,647528448,3.8,14195965952,926597120,1675591680,54951936,2241691648
2026-07-13T19:41:16.054492,17006837760,16359899136,646938624,3.8,14196473856,926662656,1675673600,54951936,2241691648
2026-07-13T19:41:17.054784,17006837760,16355278848,651558912,3.8,14191837184,929185792,1675689984,54951936,2241691648
2026-07-13T19:41:18.055382,17006837760,16356458496,650379264,3.8,14193016832,929185792,1675689984,54968320,2241691648
2026-07-13T19:41:19.055810,17006837760,16353837056,653000704,3.8,14190395392,929185792,1675689984,54968320,2241691648
2026-07-13T19:41:20.056076,17006837760,16356556800,650280960,3.8,14193115136,929185792,1675689984,54968320,2241691648
2026-07-13T19:41:21.056347,17006837760,16356802560,650035200,3.8,14193360896,929185792,1675689984,54968320,2241691648
2026-07-13T19:41:22.056779,17006837760,16357556224,649281536,3.8,14194114560,929185792,1675689984,54968320,2241708032
2026-07-13T19:41:23.061771,17006837760,16352641024,654196736,3.8,14189166592,930168832,1675722752,54984704,2241708032
2026-07-13T19:41:24.065355,17006837760,16351707136,655130624,3.9,14188232704,933216256,1675722752,54984704,2241708032
2026-07-13T19:41:25.065655,17006837760,16352837632,654000128,3.8,14189363200,933216256,1675722752,54984704,2241708032
2026-07-13T19:41:26.065935,17006837760,16351543296,655294464,3.9,14188068864,933265408,1675722752,54984704,2241708032
2026-07-13T19:41:27.066222,17006837760,16347480064,659357696,3.9,14184005632,933265408,1675722752,54984704,2241724416
2026-07-13T19:41:28.066501,17006837760,16348151808,658685952,3.9,14184677376,933265408,1675722752,55001088,2241724416
2026-07-13T19:41:29.066783,17006837760,16350117888,656719872,3.9,14186643456,933265408,1675722752,55001088,2241724416
2026-07-13T19:41:30.067062,17006837760,16351920128,654917632,3.9,14188445696,933265408,1675722752,55001088,2241724416
2026-07-13T19:41:31.069541,17006837760,16348528640,658309120,3.9,14184988672,925892608,1675788288,55001088,2241724416
2026-07-13T19:41:32.069934,17006837760,16345645056,661192704,3.9,14182088704,930201600,1675804672,55001088,2241724416
2026-07-13T19:41:33.070366,17006837760,16347348992,659488768,3.9,14183792640,931217408,1675804672,55017472,2241740800
2026-07-13T19:41:34.070691,17006837760,16348332032,658505728,3.9,14184775680,931217408,1675804672,55017472,2241740800
2026-07-13T19:41:35.070963,17006837760,16348758016,658079744,3.9,14185201664,931217408,1675804672,55017472,2241740800
2026-07-13T19:41:36.071234,17006837760,16352657408,654180352,3.8,14189101056,931217408,1675804672,55017472,2241740800
2026-07-13T19:41:37.071576,17006837760,16353542144,653295616,3.8,14189985792,931217408,1675804672,55017472,2241740800
2026-07-13T19:41:38.071910,17006837760,16354115584,652722176,3.8,14190559232,931217408,1675804672,55017472,2241740800
2026-07-13T19:41:39.072267,17006837760,16356720640,650117120,3.8,14193164288,931217408,1675804672,55017472,2241740800
2026-07-13T19:41:40.072684,17006837760,16363323392,643514368,3.8,14199767040,923648000,1675804672,55017472,2241757184
2026-07-13T19:41:41.076780,17006837760,16363847680,642990080,3.8,14200242176,923975680,1675853824,55017472,2241757184
2026-07-13T19:41:42.077205,17006837760,16363307008,643530752,3.8,14199701504,923975680,1675853824,55017472,2241757184
2026-07-13T19:41:43.077471,17006837760,16365469696,641368064,3.8,14201864192,923975680,1675853824,55033856,2241757184
2026-07-13T19:41:44.081249,17006837760,16361979904,644857856,3.8,14198374400,924483584,1675853824,55033856,2241757184
2026-07-13T19:41:45.082128,17006837760,16362143744,644694016,3.8,14198521856,926416896,1675870208,55033856,2241757184
2026-07-13T19:41:46.082642,17006837760,16362422272,644415488,3.8,14198784000,926875648,1675886592,55033856,2241773568
2026-07-13T19:41:47.082919,17006837760,16363094016,643743744,3.8,14199455744,926875648,1675886592,55033856,2241773568
2026-07-13T19:41:48.083197,17006837760,16363339776,643497984,3.8,14199701504,926875648,1675886592,55050240,2241773568
2026-07-13T19:41:49.083706,17006837760,16365223936,641613824,3.8,14201585664,926875648,1675886592,55050240,2241773568
2026-07-13T19:41:50.084416,17006837760,16365223936,641613824,3.8,14201585664,926875648,1675886592,55050240,2241773568
2026-07-13T19:41:51.085035,17006837760,16365043712,641794048,3.8,14201405440,926875648,1675886592,55050240,2241773568
2026-07-13T19:41:52.085551,17006837760,16365338624,641499136,3.8,14201700352,926875648,1675886592,55050240,2241773568
2026-07-13T19:41:53.085969,17006837760,16366403584,640434176,3.8,14202765312,926875648,1675886592,55066624,2241789952
2026-07-13T19:41:54.086275,17006837760,16366403584,640434176,3.8,14202765312,926875648,1675886592,55066624,2241789952
2026-07-13T19:41:55.086587,17006837760,16366649344,640188416,3.8,14203011072,926875648,1675886592,55066624,2241789952
2026-07-13T19:41:56.086865,17006837760,16366616576,640221184,3.8,14202978304,926875648,1675886592,55066624,2241789952
2026-07-13T19:41:57.087208,17006837760,16366616576,640221184,3.8,14202978304,926875648,1675886592,55066624,2241789952
2026-07-13T19:41:58.087516,17006837760,16366239744,640598016,3.8,14202601472,926875648,1675886592,55083008,2241789952
2026-07-13T19:41:59.087841,17006837760,16366321664,640516096,3.8,14202683392,926875648,1675886592,55083008,2241806336
2026-07-13T19:42:00.088170,17006837760,16364093440,642744320,3.8,14200455168,926875648,1675886592,55083008,2241806336
2026-07-13T19:42:01.088583,17006837760,16363372544,643465216,3.8,14199734272,926875648,1675886592,55083008,2241806336
2026-07-13T19:42:02.088902,17006837760,16362389504,644448256,3.8,14198751232,927121408,1675886592,55083008,2241806336
2026-07-13T19:42:03.089185,17006837760,16363372544,643465216,3.8,14199734272,927121408,1675886592,55099392,2241806336
2026-07-13T19:42:04.089468,17006837760,16363831296,643006464,3.8,14200193024,927121408,1675886592,55099392,2241806336
2026-07-13T19:42:05.089744,17006837760,16365010944,641826816,3.8,14201339904,927596544,1675919360,55099392,2241822720
2026-07-13T19:42:06.090135,17006837760,16365879296,640958464,3.8,14202208256,927596544,1675919360,55099392,2241822720
2026-07-13T19:42:07.090538,17006837760,16366370816,640466944,3.8,14202699776,927596544,1675919360,55099392,2241822720
2026-07-13T19:42:08.092349,17006837760,16359981056,646856704,3.8,14196310016,929628160,1675919360,55099392,2241822720
2026-07-13T19:42:09.092679,17006837760,16360914944,645922816,3.8,14197243904,929628160,1675919360,55099392,2241822720
2026-07-13T19:42:10.092961,17006837760,16361160704,645677056,3.8,14197489664,929628160,1675919360,55099392,2241822720
2026-07-13T19:42:11.093272,17006837760,16363847680,642990080,3.8,14200176640,929628160,1675919360,55099392,2241839104
2026-07-13T19:42:12.093640,17006837760,16362995712,643842048,3.8,14199324672,929628160,1675919360,55099392,2241839104
2026-07-13T19:42:13.094107,17006837760,16362520576,644317184,3.8,14198849536,929628160,1675919360,55115776,2241839104
2026-07-13T19:42:14.094546,17006837760,16363044864,643792896,3.8,14199373824,929628160,1675919360,55115776,2241839104
2026-07-13T19:42:15.094890,17006837760,16364142592,642695168,3.8,14200471552,929628160,1675919360,55115776,2241839104
2026-07-13T19:42:16.096596,17006837760,16363913216,642924544,3.8,14200242176,929628160,1675919360,55115776,2241839104
2026-07-13T19:42:17.097044,17006837760,16364961792,641875968,3.8,14201208832,929693696,1676001280,55115776,2241839104
2026-07-13T19:42:18.097561,17006837760,16365699072,641138688,3.8,14201946112,929693696,1676001280,55132160,2241855488
2026-07-13T19:42:19.097838,17006837760,16365699072,641138688,3.8,14201946112,929693696,1676001280,55132160,2241855488
2026-07-13T19:42:20.098117,17006837760,16364355584,642482176,3.8,14200602624,929693696,1676001280,55132160,2241855488
2026-07-13T19:42:21.098396,17006837760,16365322240,641515520,3.8,14201569280,929693696,1676001280,55132160,2241855488
2026-07-13T19:42:22.098774,17006837760,16365584384,641253376,3.8,14201831424,929693696,1676001280,55132160,2241855488
2026-07-13T19:42:23.099240,17006837760,16365584384,641253376,3.8,14201831424,929693696,1676001280,55148544,2241855488
2026-07-13T19:42:24.099805,17006837760,16365830144,641007616,3.8,14202077184,929693696,1676001280,55148544,2241871872
2026-07-13T19:42:25.100089,17006837760,16364847104,641990656,3.8,14201094144,929693696,1676001280,55148544,2241871872
2026-07-13T19:42:26.100367,17006837760,16365322240,641515520,3.8,14201569280,929693696,1676001280,55148544,2241871872
2026-07-13T19:42:27.100624,17006837760,16365158400,641679360,3.8,14201405440,929693696,1676001280,55148544,2241871872
2026-07-13T19:42:28.100962,17006837760,16364748800,642088960,3.8,14200995840,929693696,1676001280,55148544,2241871872
2026-07-13T19:42:29.101295,17006837760,16363765760,643072000,3.8,14200012800,929693696,1676001280,55164928,2241871872
2026-07-13T19:42:30.101624,17006837760,16363798528,643039232,3.8,14200045568,929693696,1676001280,55164928,2241888256
2026-07-13T19:42:31.101952,17006837760,16365240320,641597440,3.8,14201487360,929693696,1676001280,55164928,2241888256
2026-07-13T19:42:32.102279,17006837760,16364830720,642007040,3.8,14201077760,929693696,1676001280,55164928,2241888256
2026-07-13T19:42:33.102599,17006837760,16363585536,643252224,3.8,14199832576,929693696,1676001280,55164928,2241888256
2026-07-13T19:42:34.102930,17006837760,16362897408,643940352,3.8,14199144448,929693696,1676001280,55181312,2241888256
2026-07-13T19:42:35.103333,17006837760,16365158400,641679360,3.8,14201405440,929693696,1676001280,55181312,2241888256
2026-07-13T19:42:36.104845,17006837760,16361668608,645169152,3.8,14197915648,929693696,1676001280,55181312,2241888256
2026-07-13T19:42:37.105299,17006837760,16351510528,655327232,3.9,14187642880,931610624,1676115968,55181312,2241904640
2026-07-13T19:42:38.105745,17006837760,16349691904,657145856,3.9,14185824256,931758080,1676115968,55181312,2241904640
2026-07-13T19:42:39.106224,17006837760,16350642176,656195584,3.9,14186774528,931758080,1676115968,55181312,2241904640
2026-07-13T19:42:40.106661,17006837760,16353394688,653443072,3.8,14189527040,931758080,1676115968,55181312,2241904640
2026-07-13T19:42:41.106973,17006837760,16353722368,653115392,3.8,14189854720,931758080,1676115968,55181312,2241904640
2026-07-13T19:42:42.107253,17006837760,16354672640,652165120,3.8,14190804992,931758080,1676115968,55181312,2241921024
2026-07-13T19:42:43.107531,17006837760,16356474880,650362880,3.8,14192607232,931758080,1676115968,55181312,2241921024
2026-07-13T19:42:44.107883,17006837760,16354869248,651968512,3.8,14190952448,926597120,1676165120,55197696,2241937408
2026-07-13T19:42:45.108431,17006837760,16348512256,658325504,3.9,14184579072,928743424,1676181504,55197696,2241937408
2026-07-13T19:42:46.108967,17006837760,16350412800,656424960,3.9,14186479616,928743424,1676181504,55197696,2241937408
2026-07-13T19:42:47.109512,17006837760,16341172224,665665536,3.9,14177222656,931528704,1676197888,55197696,2241953792
2026-07-13T19:42:48.109924,17006837760,16341450752,665387008,3.9,14177484800,931971072,1676214272,55197696,2241953792
2026-07-13T19:42:49.110208,17006837760,16343891968,662945792,3.9,14179926016,931971072,1676214272,55214080,2241953792
2026-07-13T19:42:50.112842,17006837760,16341909504,664928256,3.9,14177943552,925171712,1676214272,55214080,2241953792
2026-07-13T19:42:51.113171,17006837760,16340959232,665878528,3.9,14176976896,925827072,1676230656,55214080,2241953792
2026-07-13T19:42:52.113447,17006837760,16342695936,664141824,3.9,14178713600,925827072,1676230656,55214080,2241953792
2026-07-13T19:42:53.113760,17006837760,16347791360,659046400,3.9,14183792640,926318592,1676247040,55214080,2241970176
2026-07-13T19:42:54.114041,17006837760,16350380032,656457728,3.9,14186381312,926318592,1676247040,55230464,2241970176
2026-07-13T19:42:55.114279,17006837760,16352034816,654802944,3.9,14188036096,926318592,1676247040,55230464,2241970176
2026-07-13T19:42:56.114684,17006837760,16355311616,651526144,3.8,14191312896,926318592,1676247040,55230464,2241970176
2026-07-13T19:42:57.115078,17006837760,16356065280,650772480,3.8,14192066560,926318592,1676247040,55230464,2241970176
2026-07-13T19:42:58.115487,17006837760,16354607104,652230656,3.8,14190608384,927842304,1676247040,55230464,2241970176
2026-07-13T19:42:59.115929,17006837760,16346955776,659881984,3.9,14182957056,933429248,1676247040,55246848,2241970176
2026-07-13T19:43:00.116543,17006837760,16338878464,667959296,3.9,14174863360,938491904,1676263424,55246848,2241986560
2026-07-13T19:43:01.117743,17006837760,16336175104,670662656,3.9,14172160000,941031424,1676263424,55246848,2241986560
2026-07-13T19:43:02.118456,17006837760,16335863808,670973952,3.9,14171848704,945094656,1676263424,55246848,2241986560
2026-07-13T19:43:03.118973,17006837760,16335290368,671547392,3.9,14171275264,948142080,1676263424,55246848,2241986560
2026-07-13T19:43:04.121437,17006837760,16332095488,674742272,4.0,14168080384,953729024,1676263424,55263232,2242002944
2026-07-13T19:43:05.122132,17006837760,16332144640,674693120,4.0,14168129536,953729024,1676263424,55263232,2242002944
2026-07-13T19:43:06.123070,17006837760,16332767232,674070528,4.0,14168752128,953729024,1676263424,55263232,2242002944
2026-07-13T19:43:07.123492,17006837760,16334733312,672104448,4.0,14170718208,953729024,1676263424,55263232,2242002944
2026-07-13T19:43:08.123812,17006837760,16335405056,671432704,3.9,14171389952,953729024,1676263424,55263232,2242002944
2026-07-13T19:43:09.124053,17006837760,16336781312,670056448,3.9,14172766208,953729024,1676263424,55263232,2242002944
2026-07-13T19:43:10.124397,17006837760,16359948288,646889472,3.8,14195933184,926203904,1676263424,55263232,2242019328
2026-07-13T19:43:11.124793,17006837760,16359948288,646889472,3.8,14195933184,926203904,1676263424,55263232,2242019328
2026-07-13T19:43:12.125135,17006837760,16361750528,645087232,3.8,14197735424,926203904,1676263424,55263232,2242019328
2026-07-13T19:43:13.125482,17006837760,16363012096,643825664,3.8,14198996992,926203904,1676263424,55263232,2242019328
2026-07-13T19:43:14.125860,17006837760,16363061248,643776512,3.8,14199046144,926203904,1676263424,55279616,2242019328
2026-07-13T19:43:15.126260,17006837760,16357998592,648839168,3.8,14193901568,930185216,1676345344,55279616,2242019328
2026-07-13T19:43:16.126648,17006837760,16355524608,651313152,3.8,14191427584,934756352,1676345344,55279616,2242035712
2026-07-13T19:43:17.127221,17006837760,16351297536,655540224,3.9,14187184128,938295296,1676361728,55279616,2242035712
2026-07-13T19:43:18.127870,17006837760,16349085696,657752064,3.9,14184972288,939819008,1676361728,55279616,2242035712
2026-07-13T19:43:19.128408,17006837760,16349085696,657752064,3.9,14184972288,939819008,1676361728,55296000,2242035712
2026-07-13T19:43:20.128742,17006837760,16349085696,657752064,3.9,14184972288,939819008,1676361728,55296000,2242035712
2026-07-13T19:43:21.129020,17006837760,16351936512,654901248,3.9,14187823104,939819008,1676361728,55296000,2242035712
2026-07-13T19:43:22.129530,17006837760,16351199232,655638528,3.9,14187085824,939819008,1676361728,55296000,2242052096
2026-07-13T19:43:23.130626,17006837760,16349233152,657604608,3.9,14185119744,939819008,1676361728,55296000,2242052096
2026-07-13T19:43:24.131322,17006837760,16349462528,657375232,3.9,14185332736,939819008,1676361728,55312384,2242068480
2026-07-13T19:43:25.131676,17006837760,16350642176,656195584,3.9,14186512384,939819008,1676361728,55312384,2242068480
2026-07-13T19:43:26.131995,17006837760,16350986240,655851520,3.9,14186856448,939819008,1676361728,55312384,2242068480
2026-07-13T19:43:27.132459,17006837760,16360112128,646725632,3.8,14195965952,924401664,1676378112,55312384,2242068480
2026-07-13T19:43:28.132835,17006837760,16345464832,661372928,3.9,14181269504,926253056,1676427264,55312384,2242084864
2026-07-13T19:43:29.133109,17006837760,16346333184,660504576,3.9,14182137856,926253056,1676427264,55328768,2242084864
2026-07-13T19:43:30.133470,17006837760,16347611136,659226624,3.9,14183415808,926253056,1676427264,55328768,2242084864
2026-07-13T19:43:31.133750,17006837760,16351739904,655097856,3.9,14187544576,926253056,1676427264,55328768,2242084864
2026-07-13T19:43:32.134130,17006837760,16352837632,654000128,3.8,14188642304,926253056,1676427264,55328768,2242084864
2026-07-13T19:43:33.134451,17006837760,16350380032,656457728,3.9,14186184704,926253056,1676427264,55328768,2242084864
2026-07-13T19:43:34.134735,17006837760,16352247808,654589952,3.8,14188052480,926253056,1676427264,55345152,2242084864
2026-07-13T19:43:35.135006,17006837760,16353329152,653508608,3.8,14189133824,926253056,1676427264,55345152,2242101248
2026-07-13T19:43:36.135416,17006837760,16355737600,651100160,3.8,14191542272,926253056,1676427264,55345152,2242101248
2026-07-13T19:43:37.135738,17006837760,16356704256,650133504,3.8,14192508928,926253056,1676427264,55345152,2242101248
2026-07-13T19:43:38.136816,17006837760,16356851712,649986048,3.8,14192656384,926253056,1676427264,55345152,2242101248
2026-07-13T19:43:39.138219,17006837760,16346841088,659996672,3.9,14182580224,930758656,1676492800,55345152,2242101248
2026-07-13T19:43:40.139275,17006837760,16342581248,664256512,3.9,14178304000,934297600,1676509184,55345152,2242117632
2026-07-13T19:43:41.143665,17006837760,16340254720,666583040,3.9,14175977472,937345024,1676509184,55345152,2242117632
2026-07-13T19:43:42.144520,17006837760,16327606272,679231488,4.0,14163329024,946487296,1676509184,55345152,2242117632
2026-07-13T19:43:43.146210,17006837760,16319741952,687095808,4.0,14155464704,947503104,1676509184,55345152,2242117632
2026-07-13T19:43:44.146592,17006837760,16321560576,685277184,4.0,14157283328,947503104,1676509184,55361536,2242117632
2026-07-13T19:43:45.147351,17006837760,16326918144,679919616,4.0,14162640896,947503104,1676509184,55361536,2242134016
2026-07-13T19:43:46.148112,17006837760,16342106112,664731648,3.9,14177828864,927186944,1676509184,55361536,2242134016
2026-07-13T19:43:47.148494,17006837760,16338567168,668270592,3.9,14174257152,927072256,1676541952,55361536,2242134016
2026-07-13T19:43:48.148887,17006837760,16335667200,671170560,3.9,14171357184,929103872,1676541952,55361536,2242134016
2026-07-13T19:43:49.149675,17006837760,16337944576,668893184,3.9,14173618176,929284096,1676558336,55377920,2242134016
2026-07-13T19:43:50.149968,17006837760,16341975040,664862720,3.9,14177648640,929284096,1676558336,55377920,2242150400
2026-07-13T19:43:51.150306,17006837760,16344121344,662716416,3.9,14179778560,929775616,1676574720,55377920,2242150400
2026-07-13T19:43:52.150660,17006837760,16346775552,660062208,3.9,14182432768,929775616,1676574720,55377920,2242150400
2026-07-13T19:43:53.150999,17006837760,16350986240,655851520,3.9,14186643456,929775616,1676574720,55377920,2242150400
2026-07-13T19:43:54.151366,17006837760,16346546176,660291584,3.9,14182203392,929775616,1676574720,55394304,2242150400
2026-07-13T19:43:55.151844,17006837760,16347480064,659357696,3.9,14183137280,929775616,1676574720,55394304,2242150400
2026-07-13T19:43:56.152201,17006837760,16347758592,659079168,3.9,14183415808,929775616,1676574720,55394304,2242166784
2026-07-13T19:43:57.152479,17006837760,16349773824,657063936,3.9,14185431040,929775616,1676574720,55394304,2242166784
2026-07-13T19:43:58.152794,17006837760,16351870976,654966784,3.9,14187528192,929775616,1676574720,55394304,2242166784
2026-07-13T19:43:59.153402,17006837760,16353771520,653066240,3.8,14189428736,929775616,1676574720,55410688,2242166784
2026-07-13T19:44:00.154645,17006837760,16355426304,651411456,3.8,14191083520,929775616,1676574720,55410688,2242166784
2026-07-13T19:44:01.154982,17006837760,16354361344,652476416,3.8,14190018560,929775616,1676574720,55410688,2242166784
2026-07-13T19:44:02.155276,17006837760,16355082240,651755520,3.8,14190739456,929775616,1676574720,55410688,2242166784
2026-07-13T19:44:03.155634,17006837760,16357113856,649723904,3.8,14192771072,929775616,1676574720,55410688,2242183168
2026-07-13T19:44:04.155986,17006837760,16358113280,648724480,3.8,14193770496,929775616,1676574720,55427072,2242183168
2026-07-13T19:44:05.156647,17006837760,16358473728,648364032,3.8,14194130944,929775616,1676574720,55427072,2242183168
2026-07-13T19:44:06.157135,17006837760,16359424000,647413760,3.8,14195081216,929775616,1676574720,55427072,2242183168
2026-07-13T19:44:07.157568,17006837760,16360669184,646168576,3.8,14196326400,929775616,1676574720,55427072,2242183168
2026-07-13T19:44:08.158209,17006837760,16359964672,646873088,3.8,14195621888,929775616,1676574720,55427072,2242183168
2026-07-13T19:44:09.158739,17006837760,16358801408,648036352,3.8,14194393088,930217984,1676640256,55427072,2242199552
2026-07-13T19:44:10.159059,17006837760,16359047168,647790592,3.8,14194638848,930217984,1676640256,55427072,2242199552
2026-07-13T19:44:11.159388,17006837760,16359309312,647528448,3.8,14194900992,930217984,1676640256,55427072,2242199552
2026-07-13T19:44:12.159725,17006837760,16361062400,645775360,3.8,14196654080,930217984,1676640256,55427072,2242199552
2026-07-13T19:44:13.160049,17006837760,16360783872,646053888,3.8,14196375552,930217984,1676640256,55427072,2242199552
2026-07-13T19:44:14.160390,17006837760,16360357888,646479872,3.8,14195949568,930217984,1676640256,55443456,2242199552
2026-07-13T19:44:15.160904,17006837760,16362078208,644759552,3.8,14197669888,930217984,1676640256,55443456,2242199552
2026-07-13T19:44:16.161379,17006837760,16360112128,646725632,3.8,14195703808,930217984,1676640256,55443456,2242215936
2026-07-13T19:44:17.161655,17006837760,16360833024,646004736,3.8,14196424704,930217984,1676640256,55443456,2242215936
2026-07-13T19:44:18.161976,17006837760,16361193472,645644288,3.8,14196785152,930217984,1676640256,55443456,2242215936
2026-07-13T19:44:19.162252,17006837760,16362012672,644825088,3.8,14197604352,930217984,1676640256,55459840,2242215936
2026-07-13T19:44:20.162633,17006837760,16363012096,643825664,3.8,14198603776,930217984,1676640256,55459840,2242215936
2026-07-13T19:44:21.163459,17006837760,16362831872,644005888,3.8,14198423552,930217984,1676640256,55459840,2242215936
2026-07-13T19:44:22.163774,17006837760,16363110400,643727360,3.8,14198702080,930217984,1676640256,55459840,2242232320
2026-07-13T19:44:23.164093,17006837760,16364650496,642187264,3.8,14200242176,930217984,1676640256,55459840,2242232320
2026-07-13T19:44:24.164444,17006837760,16364650496,642187264,3.8,14200160256,930643968,1676722176,55476224,2242232320
2026-07-13T19:44:25.164792,17006837760,16364044288,642793472,3.8,14199554048,930643968,1676722176,55476224,2242232320
2026-07-13T19:44:26.165552,17006837760,16363438080,643399680,3.8,14198931456,931086336,1676738560,55476224,2242232320
2026-07-13T19:44:27.166647,17006837760,16362422272,644415488,3.8,14197915648,931086336,1676738560,55476224,2242232320
2026-07-13T19:44:28.167967,17006837760,16363012096,643825664,3.8,14198505472,931086336,1676738560,55476224,2242232320
2026-07-13T19:44:29.168274,17006837760,16363274240,643563520,3.8,14198767616,931086336,1676738560,55476224,2242248704
2026-07-13T19:44:30.168863,17006837760,16363274240,643563520,3.8,14198767616,931086336,1676738560,55492608,2242248704
2026-07-13T19:44:31.169332,17006837760,16363520000,643317760,3.8,14199013376,931086336,1676738560,55492608,2242248704
2026-07-13T19:44:32.169608,17006837760,16363880448,642957312,3.8,14199373824,931086336,1676738560,55492608,2242248704
2026-07-13T19:44:33.170244,17006837760,16364126208,642711552,3.8,14199619584,931086336,1676738560,55492608,2242248704
2026-07-13T19:44:34.170876,17006837760,16364617728,642220032,3.8,14200111104,931086336,1676738560,55492608,2242248704
2026-07-13T19:44:35.172650,17006837760,16363405312,643432448,3.8,14198898688,931086336,1676738560,55508992,2242248704
2026-07-13T19:44:36.172960,17006837760,16363634688,643203072,3.8,14199128064,931086336,1676738560,55508992,2242265088
2026-07-13T19:44:37.173235,17006837760,16364617728,642220032,3.8,14200111104,931086336,1676738560,55508992,2242265088
2026-07-13T19:44:38.173559,17006837760,16364617728,642220032,3.8,14200111104,931086336,1676738560,55508992,2242265088
2026-07-13T19:44:39.174045,17006837760,16365338624,641499136,3.8,14200832000,931086336,1676738560,55508992,2242265088
2026-07-13T19:44:40.174428,17006837760,16365404160,641433600,3.8,14200897536,931086336,1676738560,55508992,2242265088
2026-07-13T19:44:41.174756,17006837760,16366518272,640319488,3.8,14202011648,931086336,1676738560,55508992,2242265088
2026-07-13T19:44:42.175081,17006837760,16365355008,641482752,3.8,14200848384,931086336,1676738560,55508992,2242265088
2026-07-13T19:44:43.175407,17006837760,16363847680,642990080,3.8,14199341056,931086336,1676738560,55508992,2242281472
2026-07-13T19:44:44.175731,17006837760,16362848256,643989504,3.8,14198341632,931086336,1676738560,55508992,2242281472
2026-07-13T19:44:45.176170,17006837760,16363143168,643694592,3.8,14198636544,931086336,1676738560,55525376,2242281472
2026-07-13T19:44:46.176642,17006837760,16363634688,643203072,3.8,14199128064,931086336,1676738560,55525376,2242281472
2026-07-13T19:44:47.177256,17006837760,16364109824,642727936,3.8,14199603200,931086336,1676738560,55525376,2242281472
2026-07-13T19:44:48.177667,17006837760,16365371392,641466368,3.8,14200864768,931086336,1676738560,55525376,2242281472
2026-07-13T19:44:49.177940,17006837760,16364060672,642777088,3.8,14199554048,931086336,1676738560,55525376,2242297856
2026-07-13T19:44:50.178218,17006837760,16360800256,646037504,3.8,14196293632,931086336,1676738560,55541760,2242297856
2026-07-13T19:44:51.178492,17006837760,16360800256,646037504,3.8,14196293632,931119104,1676738560,55541760,2242297856
2026-07-13T19:44:52.178793,17006837760,16362078208,644759552,3.8,14197571584,931119104,1676738560,55541760,2242297856
2026-07-13T19:44:53.180361,17006837760,16355737600,651100160,3.8,14191116288,932528128,1676853248,55541760,2242297856
2026-07-13T19:44:54.180887,17006837760,16352296960,654540800,3.8,14187675648,937607168,1676853248,55541760,2242297856
2026-07-13T19:44:55.181476,17006837760,16342499328,664338432,3.9,14177845248,942145536,1676886016,55558144,2242314240
2026-07-13T19:44:56.182050,17006837760,16338550784,668286976,3.9,14173896704,945192960,1676886016,55558144,2242314240
2026-07-13T19:44:57.182588,17006837760,16332652544,674185216,4.0,14167998464,948240384,1676886016,55558144,2242314240
2026-07-13T19:44:58.183128,17006837760,16333193216,673644544,4.0,14168539136,949256192,1676886016,55558144,2242314240
2026-07-13T19:44:59.183527,17006837760,16333193216,673644544,4.0,14168539136,949256192,1676886016,55558144,2242330624
2026-07-13T19:45:00.184628,17006837760,16326017024,680820736,4.0,14161362944,949256192,1676886016,55574528,2242330624
2026-07-13T19:45:01.184977,17006837760,16328212480,678625280,4.0,14163558400,949714944,1676886016,55574528,2242330624
2026-07-13T19:45:02.185255,17006837760,16329244672,677593088,4.0,14164590592,949714944,1676886016,55574528,2242330624
2026-07-13T19:45:03.185545,17006837760,16328196096,678641664,4.0,14163542016,949714944,1676886016,55574528,2242330624
2026-07-13T19:45:04.186155,17006837760,16345006080,661831680,3.9,14180319232,930840576,1676918784,55574528,2242330624
2026-07-13T19:45:05.187117,17006837760,16346103808,660733952,3.9,14181416960,930840576,1676918784,55590912,2242330624
2026-07-13T19:45:06.187396,17006837760,16347414528,659423232,3.9,14182727680,930840576,1676918784,55590912,2242347008
2026-07-13T19:45:07.187671,17006837760,16348545024,658292736,3.9,14183858176,930840576,1676918784,55590912,2242347008
2026-07-13T19:45:08.188022,17006837760,16350855168,655982592,3.9,14186168320,930840576,1676918784,55590912,2242347008
2026-07-13T19:45:09.188355,17006837760,16352739328,654098432,3.8,14188052480,930840576,1676918784,55590912,2242347008
2026-07-13T19:45:10.188698,17006837760,16355016704,651821056,3.8,14190329856,930840576,1676918784,55590912,2242347008
2026-07-13T19:45:11.189906,17006837760,16355983360,650854400,3.8,14191296512,930840576,1676918784,55590912,2242347008
2026-07-13T19:45:12.190335,17006837760,16356376576,650461184,3.8,14191689728,930840576,1676918784,55590912,2242363392
2026-07-13T19:45:13.190570,17006837760,16357097472,649740288,3.8,14192410624,930840576,1676918784,55590912,2242363392
2026-07-13T19:45:14.190795,17006837760,16358031360,648806400,3.8,14193344512,930840576,1676918784,55590912,2242363392
2026-07-13T19:45:15.191015,17006837760,16358768640,648069120,3.8,14194081792,930840576,1676918784,55607296,2242363392
2026-07-13T19:45:16.191274,17006837760,16360488960,646348800,3.8,14195802112,930840576,1676918784,55607296,2242363392
2026-07-13T19:45:17.191562,17006837760,16361373696,645464064,3.8,14196686848,930840576,1676918784,55607296,2242363392
2026-07-13T19:45:18.191951,17006837760,16361848832,644988928,3.8,14197161984,930840576,1676918784,55607296,2242363392
2026-07-13T19:45:19.192369,17006837760,16362340352,644497408,3.8,14197653504,930840576,1676918784,55607296,2242363392
2026-07-13T19:45:20.192709,17006837760,16361537536,645300224,3.8,14196850688,930840576,1676918784,55623680,2242363392
2026-07-13T19:45:21.193000,17006837760,16362586112,644251648,3.8,14197866496,930873344,1676951552,55623680,2242363392
2026-07-13T19:45:22.193348,17006837760,16362946560,643891200,3.8,14198226944,930873344,1676951552,55623680,2242363392
2026-07-13T19:45:23.193624,17006837760,16363028480,643809280,3.8,14198308864,930873344,1676951552,55623680,2242379776
2026-07-13T19:45:24.193905,17006837760,16363700224,643137536,3.8,14198980608,930873344,1676951552,55623680,2242379776
2026-07-13T19:45:25.194188,17006837760,16363929600,642908160,3.8,14199209984,930873344,1676951552,55640064,2242379776
2026-07-13T19:45:26.194567,17006837760,16364191744,642646016,3.8,14199472128,930873344,1676951552,55640064,2242379776
2026-07-13T19:45:27.194943,17006837760,16364208128,642629632,3.8,14199488512,930873344,1676951552,55640064,2242379776
2026-07-13T19:45:28.195259,17006837760,16364437504,642400256,3.8,14199717888,930873344,1676951552,55640064,2242379776
2026-07-13T19:45:29.195588,17006837760,16364470272,642367488,3.8,14199750656,930873344,1676951552,55640064,2242379776
2026-07-13T19:45:30.195976,17006837760,16364470272,642367488,3.8,14199750656,930873344,1676951552,55656448,2242379776
2026-07-13T19:45:31.196337,17006837760,16364683264,642154496,3.8,14199963648,930873344,1676951552,55656448,2242396160
2026-07-13T19:45:32.196619,17006837760,16364421120,642416640,3.8,14199701504,930873344,1676951552,55656448,2242396160
2026-07-13T19:45:33.196902,17006837760,16363929600,642908160,3.8,14199209984,930873344,1676951552,55656448,2242396160
2026-07-13T19:45:34.197412,17006837760,16363929600,642908160,3.8,14199209984,930873344,1676951552,55656448,2242396160
2026-07-13T19:45:35.197750,17006837760,16364388352,642449408,3.8,14199668736,930873344,1676951552,55672832,2242396160
2026-07-13T19:45:36.198303,17006837760,16363421696,643416064,3.8,14198702080,930873344,1676951552,55672832,2242396160
2026-07-13T19:45:37.198897,17006837760,16363159552,643678208,3.8,14198439936,930889728,1676951552,55672832,2242412544
2026-07-13T19:45:38.199263,17006837760,16361439232,645398528,3.8,14196719616,930889728,1676951552,55672832,2242412544
2026-07-13T19:45:39.199596,17006837760,16362176512,644661248,3.8,14197456896,930889728,1676951552,55672832,2242412544
2026-07-13T19:45:40.199978,17006837760,16363372544,643465216,3.8,14198652928,930889728,1676951552,55672832,2242412544
2026-07-13T19:45:41.200356,17006837760,16363372544,643465216,3.8,14198652928,930889728,1676951552,55672832,2242412544
2026-07-13T19:45:42.200693,17006837760,16363618304,643219456,3.8,14198898688,930889728,1676951552,55672832,2242412544
2026-07-13T19:45:43.201038,17006837760,16363667456,643170304,3.8,14198947840,930889728,1676951552,55672832,2242412544
2026-07-13T19:45:44.206153,17006837760,16362438656,644399104,3.8,14197719040,930889728,1676951552,55672832,2242428928
2026-07-13T19:45:45.206742,17006837760,16358555648,648282112,3.8,14193786880,931348480,1677000704,55689216,2242428928
2026-07-13T19:45:46.207347,17006837760,16356802560,650035200,3.8,14192033792,934395904,1677000704,55689216,2242428928
2026-07-13T19:45:47.207730,17006837760,16356802560,650035200,3.8,14192033792,934395904,1677000704,55689216,2242428928
2026-07-13T19:45:48.208043,17006837760,16356294656,650543104,3.8,14191525888,934395904,1677000704,55689216,2242428928
2026-07-13T19:45:49.208322,17006837760,16356163584,650674176,3.8,14191394816,934395904,1677000704,55689216,2242461696
2026-07-13T19:45:50.208600,17006837760,16355164160,651673600,3.8,14190395392,934395904,1677000704,55705600,2242461696
2026-07-13T19:45:51.208877,17006837760,16355639296,651198464,3.8,14190870528,934395904,1677000704,55705600,2242461696
2026-07-13T19:45:52.209154,17006837760,16356229120,650608640,3.8,14191362048,934625280,1677099008,55705600,2242461696
2026-07-13T19:45:53.209817,17006837760,16349413376,657424384,3.9,14184497152,927645696,1677148160,55705600,2242461696
2026-07-13T19:45:54.210288,17006837760,16347168768,659668992,3.9,14182252544,927645696,1677148160,55705600,2242461696
2026-07-13T19:45:55.210628,17006837760,16351510528,655327232,3.9,14186594304,927645696,1677148160,55721984,2242461696
2026-07-13T19:45:56.210963,17006837760,16353181696,653656064,3.8,14188265472,927645696,1677148160,55721984,2242478080
2026-07-13T19:45:57.211547,17006837760,16353771520,653066240,3.8,14188855296,927645696,1677148160,55721984,2242478080
2026-07-13T19:45:58.211881,17006837760,16357654528,649183232,3.8,14192738304,927645696,1677148160,55721984,2242478080
2026-07-13T19:45:59.212754,17006837760,16358227968,648609792,3.8,14193311744,927645696,1677148160,55721984,2242478080
2026-07-13T19:46:00.213352,17006837760,16355000320,651837440,3.8,14190084096,927645696,1677148160,55738368,2242478080
2026-07-13T19:46:01.213685,17006837760,16353427456,653410304,3.8,14188511232,927645696,1677148160,55738368,2242478080
2026-07-13T19:46:02.214653,17006837760,16355377152,651460608,3.8,14190460928,927645696,1677148160,55738368,2242478080
2026-07-13T19:46:03.215500,17006837760,16357261312,649576448,3.8,14192345088,927645696,1677148160,55738368,2242494464
2026-07-13T19:46:04.215974,17006837760,16358391808,648445952,3.8,14193475584,927645696,1677148160,55738368,2242494464
2026-07-13T19:46:05.216467,17006837760,16358014976,648822784,3.8,14193098752,927645696,1677148160,55754752,2242494464
2026-07-13T19:46:06.216802,17006837760,16360882176,645955584,3.8,14195965952,927645696,1677148160,55754752,2242494464
2026-07-13T19:46:07.217139,17006837760,16359391232,647446528,3.8,14194475008,927645696,1677148160,55754752,2242494464
2026-07-13T19:46:08.217481,17006837760,16359604224,647233536,3.8,14194688000,927645696,1677148160,55754752,2242494464
2026-07-13T19:46:09.219342,17006837760,16361766912,645070848,3.8,14196850688,927645696,1677148160,55754752,2242494464
2026-07-13T19:46:10.220280,17006837760,16351264768,655572992,3.9,14186266624,932659200,1677213696,55754752,2242527232
2026-07-13T19:46:11.231616,17006837760,16349790208,657047552,3.9,14184792064,932659200,1677213696,55771136,2242527232
2026-07-13T19:46:12.231897,17006837760,16351608832,655228928,3.9,14186594304,932708352,1677230080,55771136,2242527232
2026-07-13T19:46:13.232177,17006837760,16347987968,658849792,3.9,14182973440,932708352,1677230080,55771136,2242527232
2026-07-13T19:46:14.232502,17006837760,16347660288,659177472,3.9,14182645760,932708352,1677230080,55771136,2242527232
2026-07-13T19:46:15.232848,17006837760,16350560256,656277504,3.9,14185545728,932708352,1677230080,55771136,2242543616
2026-07-13T19:46:16.233164,17006837760,16351821824,655015936,3.9,14186741760,925597696,1677295616,55771136,2242543616
2026-07-13T19:46:17.233520,17006837760,16353116160,653721600,3.8,14188036096,925597696,1677295616,55771136,2242543616
2026-07-13T19:46:18.233784,17006837760,16355770368,651067392,3.8,14190690304,925597696,1677295616,55771136,2242543616
2026-07-13T19:46:19.234052,17006837760,16358522880,648314880,3.8,14193442816,925597696,1677295616,55771136,2242543616
2026-07-13T19:46:20.234325,17006837760,16359325696,647512064,3.8,14194245632,925597696,1677295616,55771136,2242543616
2026-07-13T19:46:21.235579,17006837760,16361275392,645562368,3.8,14196195328,925597696,1677295616,55787520,2242543616
2026-07-13T19:46:22.235939,17006837760,16362307584,644530176,3.8,14197227520,925597696,1677295616,55787520,2242560000
2026-07-13T19:46:23.236267,17006837760,16362307584,644530176,3.8,14197227520,925859840,1677295616,55787520,2242560000
2026-07-13T19:46:24.236563,17006837760,16359899136,646938624,3.8,14194819072,926367744,1677295616,55787520,2242560000
2026-07-13T19:46:25.236954,17006837760,16360882176,645955584,3.8,14195802112,926367744,1677295616,55787520,2242560000
2026-07-13T19:46:26.237240,17006837760,16362815488,644022272,3.8,14197735424,926367744,1677295616,55803904,2242560000
2026-07-13T19:46:27.237523,17006837760,16363307008,643530752,3.8,14198226944,926367744,1677295616,55803904,2242560000
2026-07-13T19:46:28.237795,17006837760,16365060096,641777664,3.8,14199980032,926367744,1677295616,55803904,2242560000
2026-07-13T19:46:29.238112,17006837760,16365010944,641826816,3.8,14199930880,926367744,1677295616,55803904,2242576384
2026-07-13T19:46:30.238444,17006837760,16365502464,641335296,3.8,14200422400,926367744,1677295616,55803904,2242576384
2026-07-13T19:46:31.238811,17006837760,16366338048,640499712,3.8,14201257984,926367744,1677295616,55820288,2242576384
2026-07-13T19:46:32.239388,17006837760,16362913792,643923968,3.8,14197784576,927334400,1677344768,55820288,2242576384
2026-07-13T19:46:33.239908,17006837760,16361930752,644907008,3.8,14196801536,927334400,1677344768,55820288,2242576384
2026-07-13T19:46:34.240174,17006837760,16362405888,644431872,3.8,14197276672,927334400,1677344768,55820288,2242576384
2026-07-13T19:46:35.240455,17006837760,16363847680,642990080,3.8,14198718464,927334400,1677344768,55820288,2242592768
2026-07-13T19:46:36.240789,17006837760,16364175360,642662400,3.8,14199046144,927334400,1677344768,55836672,2242592768
2026-07-13T19:46:37.241242,17006837760,16354312192,652525568,3.8,14189166592,931381248,1677361152,55836672,2242592768
2026-07-13T19:46:38.245521,17006837760,16348692480,658145280,3.9,14183546880,933412864,1677361152,55836672,2242592768
2026-07-13T19:46:39.245846,17006837760,16349200384,657637376,3.9,14184005632,933871616,1677410304,55836672,2242592768
2026-07-13T19:46:40.246124,17006837760,16351117312,655720448,3.9,14185922560,933871616,1677410304,55836672,2242592768
2026-07-13T19:46:41.246617,17006837760,16351248384,655589376,3.9,14186053632,933871616,1677410304,55853056,2242609152
2026-07-13T19:46:42.246902,17006837760,16352460800,654376960,3.8,14187266048,933871616,1677410304,55853056,2242609152
2026-07-13T19:46:43.247678,17006837760,16350609408,656228352,3.9,14185365504,926498816,1677459456,55853056,2242609152
2026-07-13T19:46:44.248073,17006837760,16347561984,659275776,3.9,14182318080,931069952,1677459456,55853056,2242609152
2026-07-13T19:46:45.248396,17006837760,16349806592,657031168,3.9,14184562688,931069952,1677459456,55853056,2242609152
2026-07-13T19:46:46.248714,17006837760,16352968704,653869056,3.8,14187724800,931069952,1677459456,55869440,2242625536
2026-07-13T19:46:47.249047,17006837760,16354770944,652066816,3.8,14189527040,931069952,1677459456,55869440,2242625536
2026-07-13T19:46:48.249391,17006837760,16356278272,650559488,3.8,14191017984,931528704,1677475840,55869440,2242625536
2026-07-13T19:46:49.249723,17006837760,16357720064,649117696,3.8,14192459776,931528704,1677475840,55869440,2242625536
2026-07-13T19:46:50.253576,17006837760,16357130240,649707520,3.8,14191869952,931528704,1677475840,55869440,2242625536
2026-07-13T19:46:51.254136,17006837760,16358113280,648724480,3.8,14192852992,931528704,1677475840,55869440,2242625536
2026-07-13T19:46:52.254491,17006837760,16359112704,647725056,3.8,14193852416,931528704,1677475840,55869440,2242625536
2026-07-13T19:46:53.255644,17006837760,16355213312,651624448,3.8,14189920256,931545088,1677508608,55869440,2242641920
2026-07-13T19:46:54.256008,17006837760,16355819520,651018240,3.8,14190526464,931545088,1677508608,55869440,2242641920
2026-07-13T19:46:55.256338,17006837760,16358080512,648757248,3.8,14192787456,931545088,1677508608,55869440,2242641920
2026-07-13T19:46:56.256741,17006837760,16358309888,648527872,3.8,14193016832,931545088,1677508608,55902208,2242641920
2026-07-13T19:46:57.257033,17006837760,16356048896,650788864,3.8,14190739456,928202752,1677524992,55902208,2242641920
2026-07-13T19:46:58.257351,17006837760,16356900864,649936896,3.8,14191591424,928202752,1677524992,55902208,2242641920
2026-07-13T19:46:59.257624,17006837760,16360538112,646299648,3.8,14195228672,928202752,1677524992,55902208,2242658304
2026-07-13T19:47:00.259132,17006837760,16359718912,647118848,3.8,14194409472,928202752,1677524992,55902208,2242658304
2026-07-13T19:47:01.259511,17006837760,16358752256,648085504,3.8,14193442816,928202752,1677524992,55902208,2242658304
2026-07-13T19:47:02.259964,17006837760,16360783872,646053888,3.8,14195474432,928202752,1677524992,55902208,2242658304
2026-07-13T19:47:03.260368,17006837760,16362635264,644202496,3.8,14197325824,928202752,1677524992,55902208,2242658304
2026-07-13T19:47:04.260668,17006837760,16362356736,644481024,3.8,14197047296,928202752,1677524992,55902208,2242658304
2026-07-13T19:47:05.260954,17006837760,16362455040,644382720,3.8,14197145600,928202752,1677524992,55902208,2242658304
2026-07-13T19:47:06.261306,17006837760,16364519424,642318336,3.8,14199209984,928202752,1677524992,55918592,2242674688
2026-07-13T19:47:07.261553,17006837760,16365010944,641826816,3.8,14199701504,928202752,1677524992,55918592,2242674688
2026-07-13T19:47:08.261822,17006837760,16364961792,641875968,3.8,14199652352,928202752,1677524992,55918592,2242674688
2026-07-13T19:47:09.262097,17006837760,16365928448,640909312,3.8,14200619008,928202752,1677524992,55918592,2242674688
2026-07-13T19:47:10.262418,17006837760,16366895104,639942656,3.8,14201585664,928202752,1677524992,55918592,2242674688
2026-07-13T19:47:11.265529,17006837760,16362225664,644612096,3.8,14196916224,928202752,1677524992,55934976,2242674688
2026-07-13T19:47:12.265837,17006837760,16361816064,645021696,3.8,14196506624,928202752,1677524992,55934976,2242691072
2026-07-13T19:47:13.266114,17006837760,16363487232,643350528,3.8,14198177792,928202752,1677524992,55934976,2242691072
2026-07-13T19:47:14.266432,17006837760,16363552768,643284992,3.8,14198243328,928202752,1677524992,55934976,2242691072
2026-07-13T19:47:15.266709,17006837760,16363798528,643039232,3.8,14198489088,928202752,1677524992,55934976,2242691072
2026-07-13T19:47:16.266979,17006837760,16365010944,641826816,3.8,14199701504,928202752,1677524992,55951360,2242691072
2026-07-13T19:47:17.267257,17006837760,16365486080,641351680,3.8,14200176640,928202752,1677524992,55951360,2242691072
2026-07-13T19:47:18.267534,17006837760,16366190592,640647168,3.8,14200881152,928202752,1677524992,55951360,2242691072
2026-07-13T19:47:19.267853,17006837760,16366190592,640647168,3.8,14200881152,928202752,1677524992,55951360,2242707456
2026-07-13T19:47:20.268182,17006837760,16364716032,642121728,3.8,14199406592,928202752,1677524992,55951360,2242707456
2026-07-13T19:47:21.268782,17006837760,16365731840,641105920,3.8,14200422400,928202752,1677524992,55951360,2242707456
2026-07-13T19:47:22.269082,17006837760,16366469120,640368640,3.8,14201159680,928202752,1677524992,55951360,2242707456
2026-07-13T19:47:23.269372,17006837760,16365748224,641089536,3.8,14200438784,928202752,1677524992,55951360,2242707456
2026-07-13T19:47:24.273511,17006837760,16366403584,640434176,3.8,14201077760,928677888,1677541376,55951360,2242707456
2026-07-13T19:47:25.273891,17006837760,16366403584,640434176,3.8,14201077760,928677888,1677541376,55951360,2242707456
2026-07-13T19:47:26.274215,17006837760,16366387200,640450560,3.8,14201061376,928677888,1677541376,55984128,2242723840
2026-07-13T19:47:27.274587,17006837760,16366403584,640434176,3.8,14201077760,928677888,1677541376,55984128,2242723840
2026-07-13T19:47:28.274855,17006837760,16367828992,639008768,3.8,14202503168,928677888,1677541376,55984128,2242723840
2026-07-13T19:47:29.275224,17006837760,16367927296,638910464,3.8,14202503168,928841728,1677639680,55984128,2242723840
2026-07-13T19:47:30.276717,17006837760,16363995136,642842624,3.8,14198571008,928841728,1677639680,55984128,2242723840
2026-07-13T19:47:31.276981,17006837760,16364224512,642613248,3.8,14198800384,928841728,1677639680,56000512,2242723840
2026-07-13T19:47:32.277219,17006837760,16366026752,640811008,3.8,14200602624,928841728,1677639680,56000512,2242740224
2026-07-13T19:47:33.277450,17006837760,16365535232,641302528,3.8,14200111104,928841728,1677639680,56000512,2242740224
2026-07-13T19:47:34.277759,17006837760,16366272512,640565248,3.8,14200848384,928841728,1677639680,56000512,2242740224
2026-07-13T19:47:35.278897,17006837760,16367452160,639385600,3.8,14202028032,928841728,1677639680,56000512,2242740224
2026-07-13T19:47:36.279315,17006837760,16367697920,639139840,3.8,14202273792,928841728,1677639680,56016896,2242740224
2026-07-13T19:47:37.281206,17006837760,16367697920,639139840,3.8,14202273792,928841728,1677639680,56016896,2242740224
2026-07-13T19:47:38.281620,17006837760,16368173056,638664704,3.8,14202748928,928841728,1677639680,56016896,2242740224
2026-07-13T19:47:39.282756,17006837760,16365961216,640876544,3.8,14200537088,928841728,1677639680,56016896,2242756608
2026-07-13T19:47:40.283139,17006837760,16366190592,640647168,3.8,14200766464,928841728,1677639680,56016896,2242756608
2026-07-13T19:47:41.283497,17006837760,16366944256,639893504,3.8,14201520128,928841728,1677639680,56016896,2242756608
2026-07-13T19:47:42.283803,17006837760,16366944256,639893504,3.8,14201520128,928841728,1677639680,56016896,2242756608
2026-07-13T19:47:43.284065,17006837760,16366190592,640647168,3.8,14200766464,928841728,1677639680,56016896,2242756608
2026-07-13T19:47:44.284294,17006837760,16365256704,641581056,3.8,14199832576,928841728,1677639680,56016896,2242756608
2026-07-13T19:47:45.284522,17006837760,16364535808,642301952,3.8,14199111680,928841728,1677639680,56016896,2242772992
2026-07-13T19:47:46.284753,17006837760,16364781568,642056192,3.8,14199357440,928841728,1677639680,56016896,2242772992
2026-07-13T19:47:47.285013,17006837760,16365518848,641318912,3.8,14200094720,928841728,1677639680,56033280,2242772992
2026-07-13T19:47:48.285301,17006837760,16365043712,641794048,3.8,14199619584,928841728,1677639680,56033280,2242772992
2026-07-13T19:47:49.285546,17006837760,16365535232,641302528,3.8,14200111104,928841728,1677639680,56033280,2242772992
2026-07-13T19:47:50.285892,17006837760,16363798528,643039232,3.8,14198374400,928841728,1677639680,56033280,2242772992
2026-07-13T19:47:51.286171,17006837760,16364519424,642318336,3.8,14199095296,928841728,1677639680,56033280,2242772992
2026-07-13T19:47:52.286813,17006837760,16363847680,642990080,3.8,14198423552,928841728,1677639680,56049664,2242789376
2026-07-13T19:47:53.287240,17006837760,16363864064,642973696,3.8,14198439936,928841728,1677639680,56049664,2242789376
2026-07-13T19:47:54.287822,17006837760,16364847104,641990656,3.8,14199422976,928841728,1677639680,56049664,2242789376
2026-07-13T19:47:55.288190,17006837760,16365305856,641531904,3.8,14199881728,928841728,1677639680,56049664,2242789376
2026-07-13T19:47:56.288533,17006837760,16363372544,643465216,3.8,14197948416,928841728,1677639680,56049664,2242789376
2026-07-13T19:47:57.288843,17006837760,16360587264,646250496,3.8,14195163136,928841728,1677639680,56066048,2242789376
2026-07-13T19:47:58.289129,17006837760,16359653376,647184384,3.8,14194229248,928841728,1677639680,56066048,2242805760
2026-07-13T19:47:59.289397,17006837760,16359178240,647659520,3.8,14193754112,928841728,1677639680,56066048,2242805760
2026-07-13T19:48:00.289629,17006837760,16358555648,648282112,3.8,14193033216,928858112,1677737984,56066048,2242805760
2026-07-13T19:48:01.289928,17006837760,16355508224,651329536,3.8,14189985792,928858112,1677737984,56066048,2242805760
2026-07-13T19:48:02.290200,17006837760,16355344384,651493376,3.8,14189821952,928858112,1677737984,56082432,2242805760
2026-07-13T19:48:03.290498,17006837760,16357343232,649494528,3.8,14191820800,928858112,1677737984,56082432,2242805760
2026-07-13T19:48:04.293550,17006837760,16358899712,647938048,3.8,14193377280,928858112,1677737984,56082432,2242805760
2026-07-13T19:48:05.293932,17006837760,16354164736,652673024,3.8,14188593152,929316864,1677787136,56082432,2242822144
2026-07-13T19:48:06.294427,17006837760,16355639296,651198464,3.8,14189969408,929693696,1677885440,56082432,2242822144
2026-07-13T19:48:07.294664,17006837760,16355491840,651345920,3.8,14189821952,929693696,1677885440,56098816,2242822144
2026-07-13T19:48:08.294894,17006837760,16353771520,653066240,3.8,14188101632,929693696,1677885440,56098816,2242822144
2026-07-13T19:48:09.295122,17006837760,16355295232,651542528,3.8,14189625344,929693696,1677885440,56098816,2242822144
2026-07-13T19:48:10.295384,17006837760,16355885056,650952704,3.8,14190215168,929693696,1677885440,56098816,2242822144
2026-07-13T19:48:11.295671,17006837760,16357720064,649117696,3.8,14192050176,929693696,1677885440,56098816,2242822144
2026-07-13T19:48:12.295958,17006837760,16357949440,648888320,3.8,14192279552,929693696,1677885440,56098816,2242838528
2026-07-13T19:48:13.296238,17006837760,16358113280,648724480,3.8,14192443392,929693696,1677885440,56098816,2242838528
2026-07-13T19:48:14.296516,17006837760,16358195200,648642560,3.8,14192525312,929693696,1677885440,56098816,2242838528
2026-07-13T19:48:15.297138,17006837760,16359260160,647577600,3.8,14193590272,929693696,1677885440,56098816,2242838528
2026-07-13T19:48:16.297419,17006837760,16360947712,645890048,3.8,14195277824,929693696,1677885440,56098816,2242838528
2026-07-13T19:48:17.297758,17006837760,16361046016,645791744,3.8,14195376128,929693696,1677885440,56115200,2242838528
2026-07-13T19:48:18.298039,17006837760,16361226240,645611520,3.8,14195556352,929693696,1677885440,56115200,2242854912
2026-07-13T19:48:19.298266,17006837760,16362700800,644136960,3.8,14197030912,929693696,1677885440,56115200,2242854912
2026-07-13T19:48:20.298832,17006837760,16362749952,644087808,3.8,14197080064,929693696,1677885440,56115200,2242854912
2026-07-13T19:48:21.299250,17006837760,16362405888,644431872,3.8,14196736000,929693696,1677885440,56115200,2242854912
2026-07-13T19:48:22.299611,17006837760,16361537536,645300224,3.8,14195818496,930152448,1677934592,56131584,2242854912
2026-07-13T19:48:23.299885,17006837760,16362029056,644808704,3.8,14196310016,930152448,1677934592,56131584,2242854912
2026-07-13T19:48:24.300160,17006837760,16362520576,644317184,3.8,14196801536,930152448,1677934592,56131584,2242854912
2026-07-13T19:48:25.300573,17006837760,16362045440,644792320,3.8,14196326400,930152448,1677934592,56131584,2242871296
2026-07-13T19:48:26.301065,17006837760,16362045440,644792320,3.8,14196326400,930152448,1677934592,56131584,2242871296
2026-07-13T19:48:27.301394,17006837760,16362291200,644546560,3.8,14196572160,930152448,1677934592,56147968,2242871296
2026-07-13T19:48:28.301775,17006837760,16361324544,645513216,3.8,14195605504,930152448,1677934592,56147968,2242871296
2026-07-13T19:48:29.302042,17006837760,16362061824,644775936,3.8,14196342784,930152448,1677934592,56147968,2242871296
2026-07-13T19:48:30.302420,17006837760,16364093440,642744320,3.8,14198374400,930152448,1677934592,56147968,2242871296
2026-07-13T19:48:31.302742,17006837760,16362471424,644366336,3.8,14196719616,930201600,1677967360,56147968,2242887680
2026-07-13T19:48:32.303020,17006837760,16359505920,647331840,3.8,14193754112,930201600,1677967360,56164352,2242887680
2026-07-13T19:48:33.303292,17006837760,16361701376,645136384,3.8,14195949568,930201600,1677967360,56164352,2242887680
2026-07-13T19:48:34.303631,17006837760,16360980480,645857280,3.8,14195228672,930201600,1677967360,56164352,2242887680
2026-07-13T19:48:35.304097,17006837760,16361209856,645627904,3.8,14195458048,930201600,1677967360,56164352,2242887680
2026-07-13T19:48:36.305641,17006837760,16362602496,644235264,3.8,14196850688,930201600,1677967360,56164352,2242887680
2026-07-13T19:48:37.305969,17006837760,16363061248,643776512,3.8,14197309440,930201600,1677967360,56180736,2242887680
2026-07-13T19:48:38.306315,17006837760,16360669184,646168576,3.8,14194917376,930201600,1677967360,56180736,2242904064
2026-07-13T19:48:39.306592,17006837760,16361619456,645218304,3.8,14195867648,930201600,1677967360,56180736,2242904064
2026-07-13T19:48:40.306874,17006837760,16363077632,643760128,3.8,14197325824,930201600,1677967360,56180736,2242904064
2026-07-13T19:48:41.307223,17006837760,16362569728,644268032,3.8,14196817920,930201600,1677967360,56180736,2242904064
2026-07-13T19:48:42.307817,17006837760,16361734144,645103616,3.8,14195982336,930201600,1677967360,56180736,2242904064
2026-07-13T19:48:43.308170,17006837760,16363012096,643825664,3.8,14197260288,930201600,1677967360,56180736,2242904064
2026-07-13T19:48:44.309510,17006837760,16358834176,648003584,3.8,14193082368,930201600,1677967360,56180736,2242904064
2026-07-13T19:48:45.309824,17006837760,16359079936,647757824,3.8,14193328128,930201600,1677967360,56180736,2242920448
2026-07-13T19:48:46.310169,17006837760,16361242624,645595136,3.8,14195490816,930201600,1677967360,56180736,2242920448
2026-07-13T19:48:47.310504,17006837760,16360488960,646348800,3.8,14194737152,930201600,1677967360,56197120,2242920448
2026-07-13T19:48:48.310828,17006837760,16359538688,647299072,3.8,14193786880,930201600,1677967360,56197120,2242920448
2026-07-13T19:48:49.311482,17006837760,16361357312,645480448,3.8,14195605504,930201600,1677967360,56197120,2242920448
2026-07-13T19:48:50.312054,17006837760,16359784448,647053312,3.8,14194032640,930201600,1677967360,56197120,2242920448
2026-07-13T19:48:51.312401,17006837760,16358899712,647938048,3.8,14193147904,930201600,1677967360,56197120,2242936832
2026-07-13T19:48:52.313707,17006837760,16361177088,645660672,3.8,14195425280,930201600,1677967360,56213504,2242936832
2026-07-13T19:48:53.314088,17006837760,16361979904,644857856,3.8,14196228096,930201600,1677967360,56213504,2242936832
2026-07-13T19:48:54.314407,17006837760,16360013824,646823936,3.8,14194262016,930201600,1677967360,56213504,2242936832
2026-07-13T19:48:55.314930,17006837760,16361177088,645660672,3.8,14195425280,930201600,1677967360,56213504,2242936832
2026-07-13T19:48:56.315526,17006837760,16362422272,644415488,3.8,14196670464,930201600,1677967360,56213504,2242936832
2026-07-13T19:48:57.316006,17006837760,16361684992,645152768,3.8,14195933184,930201600,1677967360,56229888,2242936832
2026-07-13T19:48:58.316372,17006837760,16361324544,645513216,3.8,14195572736,930201600,1677967360,56229888,2242953216
2026-07-13T19:48:59.316885,17006837760,16362979328,643858432,3.8,14197227520,930201600,1677967360,56229888,2242953216
2026-07-13T19:49:00.317177,17006837760,16361226240,645611520,3.8,14195474432,930201600,1677967360,56229888,2242953216
2026-07-13T19:49:01.317469,17006837760,16360210432,646627328,3.8,14194458624,930201600,1677967360,56229888,2242953216
2026-07-13T19:49:02.319143,17006837760,16360128512,646709248,3.8,14194212864,930529280,1678131200,56246272,2242953216
2026-07-13T19:49:03.319462,17006837760,16361127936,645709824,3.8,14195212288,930529280,1678131200,56246272,2242953216
2026-07-13T19:49:04.319801,17006837760,16361242624,645595136,3.8,14195326976,930529280,1678131200,56246272,2242953216
2026-07-13T19:49:05.320100,17006837760,16362471424,644366336,3.8,14196555776,930529280,1678131200,56246272,2242969600
2026-07-13T19:49:06.320382,17006837760,16361504768,645332992,3.8,14195589120,930529280,1678131200,56246272,2242969600
2026-07-13T19:49:07.320667,17006837760,16362143744,644694016,3.8,14196228096,930529280,1678131200,56262656,2242969600
2026-07-13T19:49:08.320944,17006837760,16362405888,644431872,3.8,14196490240,930529280,1678131200,56262656,2242969600
2026-07-13T19:49:09.321314,17006837760,16362815488,644022272,3.8,14196899840,930529280,1678131200,56262656,2242969600
2026-07-13T19:49:10.321696,17006837760,16361324544,645513216,3.8,14195408896,930529280,1678131200,56262656,2242969600
2026-07-13T19:49:11.322047,17006837760,16361422848,645414912,3.8,14195507200,930529280,1678131200,56262656,2242969600
2026-07-13T19:49:12.322432,17006837760,16360177664,646660096,3.8,14194245632,930807808,1678147584,56262656,2242985984
2026-07-13T19:49:13.322805,17006837760,16360652800,646184960,3.8,14194720768,930807808,1678147584,56262656,2242985984
2026-07-13T19:49:14.323887,17006837760,16362602496,644235264,3.8,14196670464,930807808,1678147584,56262656,2242985984
2026-07-13T19:49:15.324408,17006837760,16362356736,644481024,3.8,14196424704,930807808,1678147584,56262656,2242985984
2026-07-13T19:49:16.324696,17006837760,16363094016,643743744,3.8,14197161984,930807808,1678147584,56262656,2242985984
2026-07-13T19:49:17.324977,17006837760,16362864640,643973120,3.8,14196932608,930807808,1678147584,56279040,2242985984
2026-07-13T19:49:18.325258,17006837760,16361603072,645234688,3.8,14195671040,930807808,1678147584,56279040,2242985984
2026-07-13T19:49:19.325889,17006837760,16361357312,645480448,3.8,14195425280,930807808,1678147584,56279040,2243002368
2026-07-13T19:49:20.326373,17006837760,16359915520,646922240,3.8,14193983488,930807808,1678147584,56279040,2243002368
2026-07-13T19:49:21.326725,17006837760,16360652800,646184960,3.8,14194720768,930807808,1678147584,56279040,2243002368
2026-07-13T19:49:22.327058,17006837760,16360980480,645857280,3.8,14195048448,930807808,1678147584,56279040,2243002368
2026-07-13T19:49:23.327395,17006837760,16361504768,645332992,3.8,14195572736,930807808,1678147584,56295424,2243002368
2026-07-13T19:49:24.327965,17006837760,16362586112,644251648,3.8,14196654080,930807808,1678147584,56295424,2243002368
2026-07-13T19:49:25.328339,17006837760,16362831872,644005888,3.8,14196899840,930807808,1678147584,56295424,2243002368
2026-07-13T19:49:26.328745,17006837760,16362962944,643874816,3.8,14197030912,930807808,1678147584,56295424,2243018752
2026-07-13T19:49:27.329132,17006837760,16363683840,643153920,3.8,14197751808,930807808,1678147584,56295424,2243018752
2026-07-13T19:49:28.329500,17006837760,16363700224,643137536,3.8,14197768192,930807808,1678147584,56311808,2243018752
2026-07-13T19:49:29.329832,17006837760,16363192320,643645440,3.8,14197260288,930807808,1678147584,56311808,2243018752
2026-07-13T19:49:30.330171,17006837760,16364388352,642449408,3.8,14198456320,930807808,1678147584,56311808,2243018752
2026-07-13T19:49:31.330760,17006837760,16364879872,641957888,3.8,14198947840,930807808,1678147584,56311808,2243018752
2026-07-13T19:49:32.331167,17006837760,16362733568,644104192,3.8,14196736000,931086336,1678213120,56311808,2243035136
2026-07-13T19:49:33.331690,17006837760,16363225088,643612672,3.8,14197227520,931086336,1678213120,56328192,2243035136
2026-07-13T19:49:34.331974,17006837760,16364339200,642498560,3.8,14198341632,931086336,1678213120,56328192,2243035136
2026-07-13T19:49:35.332248,17006837760,16364896256,641941504,3.8,14198898688,931086336,1678213120,56328192,2243035136
2026-07-13T19:49:36.332566,17006837760,16363175936,643661824,3.8,14197178368,931086336,1678213120,56328192,2243035136
2026-07-13T19:49:37.332861,17006837760,16363667456,643170304,3.8,14197669888,931086336,1678213120,56328192,2243035136
2026-07-13T19:49:38.333703,17006837760,16364879872,641957888,3.8,14198882304,931086336,1678213120,56344576,2243035136
2026-07-13T19:49:39.334060,17006837760,16364158976,642678784,3.8,14198161408,931086336,1678213120,56344576,2243051520
2026-07-13T19:49:40.334340,17006837760,16364699648,642138112,3.8,14198702080,931086336,1678213120,56344576,2243051520
2026-07-13T19:49:41.334623,17006837760,16365748224,641089536,3.8,14199750656,931086336,1678213120,56344576,2243051520
2026-07-13T19:49:42.334950,17006837760,16365748224,641089536,3.8,14199750656,931086336,1678213120,56344576,2243051520
2026-07-13T19:49:43.335291,17006837760,16366190592,640647168,3.8,14200143872,931266560,1678262272,56344576,2243051520
2026-07-13T19:49:44.335630,17006837760,16364224512,642613248,3.8,14198177792,931266560,1678262272,56344576,2243051520
2026-07-13T19:49:45.336073,17006837760,16364470272,642367488,3.8,14198423552,931266560,1678262272,56344576,2243051520
2026-07-13T19:49:46.337307,17006837760,16364142592,642695168,3.8,14198095872,931266560,1678262272,56344576,2243067904
2026-07-13T19:49:47.337586,17006837760,16363503616,643334144,3.8,14197456896,931266560,1678262272,56344576,2243067904
2026-07-13T19:49:48.337868,17006837760,16363962368,642875392,3.8,14197915648,931266560,1678262272,56360960,2243067904
2026-07-13T19:49:49.338420,17006837760,16364912640,641925120,3.8,14198865920,931266560,1678262272,56360960,2243067904
2026-07-13T19:49:50.338946,17006837760,16363913216,642924544,3.8,14197866496,931266560,1678262272,56360960,2243067904
2026-07-13T19:49:51.339288,17006837760,16363913216,642924544,3.8,14197866496,931266560,1678262272,56360960,2243067904
2026-07-13T19:49:52.339626,17006837760,16364716032,642121728,3.8,14198669312,931266560,1678262272,56360960,2243084288
2026-07-13T19:49:53.339964,17006837760,16364716032,642121728,3.8,14198669312,931266560,1678262272,56377344,2243084288
2026-07-13T19:49:54.340297,17006837760,16364273664,642564096,3.8,14198226944,931266560,1678262272,56377344,2243084288
2026-07-13T19:49:55.340715,17006837760,16364765184,642072576,3.8,14198718464,931266560,1678262272,56377344,2243084288
2026-07-13T19:49:56.341265,17006837760,16364027904,642809856,3.8,14197981184,931266560,1678262272,56377344,2243084288
2026-07-13T19:49:57.341610,17006837760,16364273664,642564096,3.8,14198226944,931266560,1678262272,56377344,2243084288
2026-07-13T19:49:58.341894,17006837760,16363536384,643301376,3.8,14197489664,931266560,1678262272,56393728,2243084288
2026-07-13T19:49:59.342177,17006837760,16360587264,646250496,3.8,14194540544,931266560,1678262272,56393728,2243100672
2026-07-13T19:50:00.342510,17006837760,16357212160,649625600,3.8,14191165440,931266560,1678262272,56393728,2243100672
2026-07-13T19:50:01.344837,17006837760,16357310464,649527296,3.8,14191263744,931266560,1678262272,56393728,2243100672
2026-07-13T19:50:02.345200,17006837760,16358342656,648495104,3.8,14192295936,931266560,1678262272,56393728,2243100672
2026-07-13T19:50:03.345525,17006837760,16358227968,648609792,3.8,14192066560,931381248,1678376960,56393728,2243100672
2026-07-13T19:50:04.345806,17006837760,16357965824,648871936,3.8,14191804416,931381248,1678376960,56393728,2243133440
2026-07-13T19:50:05.346091,17006837760,16359784448,647053312,3.8,14193623040,931381248,1678376960,56393728,2243133440
2026-07-13T19:50:06.346414,17006837760,16360488960,646348800,3.8,14194327552,931381248,1678376960,56393728,2243133440
2026-07-13T19:50:07.346706,17006837760,16362192896,644644864,3.8,14196031488,931381248,1678376960,56393728,2243133440
2026-07-13T19:50:08.347136,17006837760,16361521152,645316608,3.8,14195359744,931381248,1678376960,56426496,2243133440
2026-07-13T19:50:09.347449,17006837760,16362012672,644825088,3.8,14195851264,931381248,1678376960,56426496,2243133440
2026-07-13T19:50:10.347726,17006837760,16362733568,644104192,3.8,14196572160,931381248,1678376960,56426496,2243133440
2026-07-13T19:50:11.348004,17006837760,16362733568,644104192,3.8,14196572160,931381248,1678376960,56426496,2243149824
2026-07-13T19:50:12.348327,17006837760,16362979328,643858432,3.8,14196817920,931381248,1678376960,56426496,2243149824
2026-07-13T19:50:13.348716,17006837760,16362881024,643956736,3.8,14196588544,931512320,1678508032,56442880,2243149824
2026-07-13T19:50:14.349239,17006837760,16363044864,643792896,3.8,14196752384,931512320,1678508032,56442880,2243149824
2026-07-13T19:50:15.349528,17006837760,16363536384,643301376,3.8,14197243904,931512320,1678508032,56442880,2243149824
2026-07-13T19:50:16.349883,17006837760,16363995136,642842624,3.8,14197702656,931512320,1678508032,56442880,2243149824
2026-07-13T19:50:17.350166,17006837760,16364240896,642596864,3.8,14197948416,931512320,1678508032,56442880,2243166208
2026-07-13T19:50:18.350551,17006837760,16363765760,643072000,3.8,14197473280,931512320,1678508032,56459264,2243166208
2026-07-13T19:50:19.350841,17006837760,16363929600,642908160,3.8,14197637120,931512320,1678508032,56459264,2243166208
2026-07-13T19:50:20.351117,17006837760,16361717760,645120000,3.8,14195425280,931512320,1678508032,56459264,2243166208
2026-07-13T19:50:21.351396,17006837760,16362422272,644415488,3.8,14196129792,931512320,1678508032,56459264,2243166208
2026-07-13T19:50:22.351669,17006837760,16362995712,643842048,3.8,14196703232,931512320,1678508032,56459264,2243166208
2026-07-13T19:50:23.354037,17006837760,16360112128,646725632,3.8,14193754112,931561472,1678573568,56475648,2243182592
2026-07-13T19:50:24.354691,17006837760,16359522304,647315456,3.8,14193164288,931561472,1678573568,56475648,2243182592
2026-07-13T19:50:25.355023,17006837760,16360914944,645922816,3.8,14194556928,931561472,1678573568,56475648,2243182592
2026-07-13T19:50:26.355344,17006837760,16362045440,644792320,3.8,14195687424,931561472,1678573568,56475648,2243182592
2026-07-13T19:50:27.355635,17006837760,16362684416,644153344,3.8,14196326400,931561472,1678573568,56475648,2243182592
2026-07-13T19:50:28.355915,17006837760,16362455040,644382720,3.8,14196097024,931561472,1678573568,56508416,2243182592
2026-07-13T19:50:29.356244,17006837760,16363651072,643186688,3.8,14197293056,931561472,1678573568,56508416,2243182592
2026-07-13T19:50:30.356635,17006837760,16363405312,643432448,3.8,14197047296,931561472,1678573568,56508416,2243198976
2026-07-13T19:50:31.356908,17006837760,16363405312,643432448,3.8,14197047296,931561472,1678573568,56508416,2243198976
2026-07-13T19:50:32.357181,17006837760,16363421696,643416064,3.8,14197063680,931561472,1678573568,56508416,2243198976
2026-07-13T19:50:33.357493,17006837760,16362717184,644120576,3.8,14196359168,931561472,1678573568,56524800,2243198976
2026-07-13T19:50:34.357815,17006837760,16362602496,644235264,3.8,14196244480,931561472,1678573568,56524800,2243198976
2026-07-13T19:50:35.358148,17006837760,16363601920,643235840,3.8,14197243904,931561472,1678573568,56524800,2243198976
2026-07-13T19:50:36.359526,17006837760,16364093440,642744320,3.8,14197735424,931561472,1678573568,56524800,2243215360
2026-07-13T19:50:37.359855,17006837760,16362291200,644546560,3.8,14195933184,931561472,1678573568,56524800,2243215360
2026-07-13T19:50:38.360132,17006837760,16362471424,644366336,3.8,14196113408,931561472,1678573568,56541184,2243215360
2026-07-13T19:50:39.360412,17006837760,16362717184,644120576,3.8,14196359168,931561472,1678573568,56541184,2243215360
2026-07-13T19:50:40.360692,17006837760,16363438080,643399680,3.8,14197080064,931561472,1678573568,56541184,2243215360
2026-07-13T19:50:41.361686,17006837760,16364158976,642678784,3.8,14197800960,931561472,1678573568,56541184,2243215360
2026-07-13T19:50:42.362166,17006837760,16364158976,642678784,3.8,14197800960,931561472,1678573568,56541184,2243215360
2026-07-13T19:50:43.362445,17006837760,16361209856,645627904,3.8,14194851840,931561472,1678573568,56541184,2243231744
2026-07-13T19:50:44.362931,17006837760,16360718336,646119424,3.8,14194360320,931561472,1678573568,56541184,2243231744
2026-07-13T19:50:45.363396,17006837760,16359735296,647102464,3.8,14193377280,931561472,1678573568,56541184,2243231744
2026-07-13T19:50:46.363673,17006837760,16360931328,645906432,3.8,14194573312,931561472,1678573568,56541184,2243231744
2026-07-13T19:50:47.363989,17006837760,16360931328,645906432,3.8,14194573312,931561472,1678573568,56541184,2243231744
2026-07-13T19:50:48.364313,17006837760,16360931328,645906432,3.8,14194573312,931561472,1678573568,56557568,2243231744
2026-07-13T19:50:49.365085,17006837760,16361422848,645414912,3.8,14195064832,931561472,1678573568,56557568,2243248128
2026-07-13T19:50:50.365541,17006837760,16362143744,644694016,3.8,14195785728,931561472,1678573568,56557568,2243248128
2026-07-13T19:50:51.365892,17006837760,16362979328,643858432,3.8,14196621312,931561472,1678573568,56557568,2243248128
2026-07-13T19:50:52.366257,17006837760,16363044864,643792896,3.8,14196686848,931561472,1678573568,56557568,2243248128
2026-07-13T19:50:53.367664,17006837760,16361373696,645464064,3.8,14195015680,931561472,1678573568,56573952,2243248128
2026-07-13T19:50:54.367964,17006837760,16361668608,645169152,3.8,14195310592,931561472,1678573568,56573952,2243248128
2026-07-13T19:50:55.369554,17006837760,16362700800,644136960,3.8,14196342784,931561472,1678573568,56573952,2243248128
2026-07-13T19:50:56.370542,17006837760,16361226240,645611520,3.8,14194868224,931561472,1678573568,56573952,2243264512
2026-07-13T19:50:57.370865,17006837760,16361226240,645611520,3.8,14194868224,931561472,1678573568,56573952,2243264512
2026-07-13T19:50:58.371204,17006837760,16362668032,644169728,3.8,14196310016,931561472,1678573568,56590336,2243264512
2026-07-13T19:50:59.371930,17006837760,16363241472,643596288,3.8,14196801536,931561472,1678655488,56590336,2243264512
2026-07-13T19:51:00.373596,17006837760,16361275392,645562368,3.8,14194835456,931561472,1678655488,56590336,2243264512
2026-07-13T19:51:01.374304,17006837760,16361242624,645595136,3.8,14194802688,931561472,1678655488,56590336,2243264512
2026-07-13T19:51:02.374621,17006837760,16350740480,656097280,3.9,14184251392,933036032,1678704640,56590336,2243280896
2026-07-13T19:51:03.375126,17006837760,16351772672,655065088,3.9,14185283584,933036032,1678704640,56590336,2243280896
2026-07-13T19:51:04.383421,17006837760,16353247232,653590528,3.8,14186758144,933167104,1678704640,56606720,2243280896
2026-07-13T19:51:05.383849,17006837760,16349560832,657276928,3.9,14183071744,933167104,1678704640,56606720,2243280896
2026-07-13T19:51:06.384329,17006837760,16345399296,661438464,3.9,14178910208,933167104,1678704640,56606720,2243280896
2026-07-13T19:51:07.384675,17006837760,16346169344,660668416,3.9,14179680256,933167104,1678704640,56606720,2243280896
2026-07-13T19:51:08.385054,17006837760,16347938816,658898944,3.9,14181449728,933167104,1678704640,56606720,2243280896
2026-07-13T19:51:09.385422,17006837760,16348528640,658309120,3.9,14182039552,933167104,1678704640,56623104,2243297280
2026-07-13T19:51:10.385728,17006837760,16350855168,655982592,3.9,14184366080,933167104,1678704640,56623104,2243297280
2026-07-13T19:51:11.386247,17006837760,16351674368,655163392,3.9,14185185280,933167104,1678704640,56623104,2243297280
2026-07-13T19:51:12.386655,17006837760,16351395840,655441920,3.9,14184906752,933167104,1678704640,56623104,2243297280
2026-07-13T19:51:13.386937,17006837760,16348102656,658735104,3.9,14181613568,933167104,1678704640,56623104,2243297280
2026-07-13T19:51:14.387214,17006837760,16347906048,658931712,3.9,14181416960,933167104,1678704640,56623104,2243297280
2026-07-13T19:51:15.387496,17006837760,16349577216,657260544,3.9,14183088128,933167104,1678704640,56623104,2243313664
2026-07-13T19:51:16.387781,17006837760,16350609408,656228352,3.9,14184120320,933167104,1678704640,56623104,2243313664
2026-07-13T19:51:17.388062,17006837760,16351707136,655130624,3.9,14185218048,933167104,1678704640,56623104,2243313664
2026-07-13T19:51:18.388345,17006837760,16353361920,653475840,3.8,14186872832,933167104,1678704640,56623104,2243313664
2026-07-13T19:51:19.388675,17006837760,16352673792,654163968,3.8,14186184704,933167104,1678704640,56639488,2243313664
2026-07-13T19:51:20.388978,17006837760,16360144896,646692864,3.8,14193639424,925794304,1678721024,56639488,2243313664
2026-07-13T19:51:21.389257,17006837760,16361521152,645316608,3.8,14195015680,925794304,1678721024,56639488,2243313664
2026-07-13T19:51:22.389547,17006837760,16363569152,643268608,3.8,14197063680,925794304,1678721024,56639488,2243330048
2026-07-13T19:51:23.389828,17006837760,16363323392,643514368,3.8,14196817920,925794304,1678721024,56639488,2243330048
2026-07-13T19:51:24.390112,17006837760,16363667456,643170304,3.8,14197161984,925794304,1678721024,56655872,2243330048
2026-07-13T19:51:25.390435,17006837760,16363126784,643710976,3.8,14196621312,925794304,1678721024,56655872,2243330048
2026-07-13T19:51:26.390775,17006837760,16364503040,642334720,3.8,14197997568,925794304,1678721024,56655872,2243330048
2026-07-13T19:51:27.391104,17006837760,16356425728,650412032,3.8,14189740032,928661504,1678901248,56655872,2243330048
2026-07-13T19:51:28.391464,17006837760,16354934784,651902976,3.8,14188249088,931201024,1678901248,56655872,2243346432
2026-07-13T19:51:29.391946,17006837760,16356212736,650625024,3.8,14189527040,931201024,1678901248,56672256,2243346432
2026-07-13T19:51:30.392226,17006837760,16357687296,649150464,3.8,14190985216,931610624,1678917632,56672256,2243346432
2026-07-13T19:51:31.392510,17006837760,16356704256,650133504,3.8,14190002176,931610624,1678917632,56672256,2243346432
2026-07-13T19:51:32.392866,17006837760,16358555648,648282112,3.8,14191853568,931610624,1678917632,56672256,2243346432
2026-07-13T19:51:33.393258,17006837760,16360226816,646610944,3.8,14193524736,931610624,1678917632,56672256,2243346432
2026-07-13T19:51:34.393771,17006837760,16360243200,646594560,3.8,14193541120,931610624,1678917632,56688640,2243346432
2026-07-13T19:51:35.394339,17006837760,16360521728,646316032,3.8,14193819648,931610624,1678917632,56688640,2243362816
2026-07-13T19:51:36.394795,17006837760,16360800256,646037504,3.8,14194098176,931610624,1678917632,56688640,2243362816
2026-07-13T19:51:37.395083,17006837760,16359899136,646938624,3.8,14193197056,931610624,1678917632,56688640,2243362816
2026-07-13T19:51:38.395411,17006837760,16359440384,647397376,3.8,14192738304,931610624,1678917632,56688640,2243362816
2026-07-13T19:51:39.395772,17006837760,16359440384,647397376,3.8,14192738304,931610624,1678917632,56705024,2243362816
2026-07-13T19:51:40.396104,17006837760,16361029632,645808128,3.8,14194327552,931610624,1678917632,56705024,2243362816
2026-07-13T19:51:41.396450,17006837760,16360505344,646332416,3.8,14193803264,931610624,1678917632,56705024,2243379200
2026-07-13T19:51:42.396790,17006837760,16360505344,646332416,3.8,14193803264,931610624,1678917632,56705024,2243379200
2026-07-13T19:51:43.397145,17006837760,16361242624,645595136,3.8,14194540544,931610624,1678917632,56705024,2243379200
2026-07-13T19:51:44.397497,17006837760,16361717760,645120000,3.8,14195015680,931610624,1678917632,56705024,2243379200
2026-07-13T19:51:45.398551,17006837760,16361701376,645136384,3.8,14194999296,931610624,1678917632,56705024,2243379200
2026-07-13T19:51:46.398919,17006837760,16362717184,644120576,3.8,14196015104,931610624,1678917632,56705024,2243379200
2026-07-13T19:51:47.399356,17006837760,16362946560,643891200,3.8,14196244480,931610624,1678917632,56705024,2243379200
2026-07-13T19:51:48.399682,17006837760,16363208704,643629056,3.8,14196424704,932036608,1678999552,56705024,2243395584
2026-07-13T19:51:49.400145,17006837760,16361226240,645611520,3.8,14194442240,932036608,1678999552,56721408,2243395584
2026-07-13T19:51:50.400687,17006837760,16359899136,646938624,3.8,14193115136,932036608,1678999552,56721408,2243395584
2026-07-13T19:51:51.401027,17006837760,16353361920,653475840,3.8,14186577920,932036608,1678999552,56721408,2243395584
2026-07-13T19:51:52.401315,17006837760,16348758016,658079744,3.9,14181974016,932036608,1678999552,56721408,2243395584
2026-07-13T19:51:53.401588,17006837760,16350396416,656441344,3.9,14183612416,932036608,1678999552,56721408,2243395584
2026-07-13T19:51:54.401947,17006837760,16351182848,655654912,3.9,14184398848,932036608,1678999552,56737792,2243411968
2026-07-13T19:51:55.402275,17006837760,16350838784,655998976,3.9,14184054784,932036608,1678999552,56737792,2243411968
2026-07-13T19:51:56.402679,17006837760,16352837632,654000128,3.8,14186053632,932036608,1678999552,56737792,2243411968
2026-07-13T19:51:57.403184,17006837760,16354787328,652050432,3.8,14188003328,932036608,1678999552,56737792,2243411968
2026-07-13T19:51:58.404866,17006837760,16355901440,650936320,3.8,14189117440,932036608,1678999552,56737792,2243411968
2026-07-13T19:51:59.405200,17006837760,16356327424,650510336,3.8,14189543424,932036608,1678999552,56754176,2243411968
2026-07-13T19:52:00.405487,17006837760,16357310464,649527296,3.8,14190526464,932036608,1678999552,56754176,2243411968
2026-07-13T19:52:01.405785,17006837760,16357130240,649707520,3.8,14190247936,932151296,1679097856,56754176,2243428352
2026-07-13T19:52:02.406358,17006837760,16358047744,648790016,3.8,14191165440,932151296,1679097856,56754176,2243428352
2026-07-13T19:52:03.406904,17006837760,16358866944,647970816,3.8,14191984640,932151296,1679097856,56754176,2243428352
2026-07-13T19:52:04.407227,17006837760,16359243776,647593984,3.8,14192361472,932151296,1679097856,56770560,2243428352
2026-07-13T19:52:05.407585,17006837760,16359522304,647315456,3.8,14192640000,932151296,1679097856,56770560,2243428352
2026-07-13T19:52:06.408043,17006837760,16360570880,646266880,3.8,14193688576,932151296,1679097856,56770560,2243428352
2026-07-13T19:52:07.408520,17006837760,16360079360,646758400,3.8,14193180672,932151296,1679097856,56770560,2243461120
2026-07-13T19:52:08.408798,17006837760,16360570880,646266880,3.8,14193672192,932151296,1679097856,56770560,2243461120
2026-07-13T19:52:09.409076,17006837760,16351281152,655556608,3.9,14184382464,932151296,1679097856,56786944,2243461120
2026-07-13T19:52:10.409368,17006837760,16352428032,654409728,3.8,14185529344,932151296,1679097856,56786944,2243461120
2026-07-13T19:52:11.409648,17006837760,16354983936,651853824,3.8,14188085248,932151296,1679097856,56786944,2243461120
2026-07-13T19:52:12.413611,17006837760,16355966976,650870784,3.8,14189068288,932151296,1679097856,56786944,2243461120
2026-07-13T19:52:13.414156,17006837760,16355147776,651689984,3.8,14188249088,932151296,1679097856,56786944,2243477504
2026-07-13T19:52:14.414467,17006837760,16355475456,651362304,3.8,14188576768,932151296,1679097856,56803328,2243477504
2026-07-13T19:52:15.414747,17006837760,16356474880,650362880,3.8,14189576192,932151296,1679097856,56803328,2243477504
2026-07-13T19:52:16.415027,17006837760,16358129664,648708096,3.8,14191230976,932151296,1679097856,56803328,2243477504
2026-07-13T19:52:17.415332,17006837760,16359243776,647593984,3.8,14192345088,932151296,1679097856,56803328,2243477504
2026-07-13T19:52:18.415775,17006837760,16359866368,646971392,3.8,14192967680,932151296,1679097856,56803328,2243477504
2026-07-13T19:52:19.416117,17006837760,16361193472,645644288,3.8,14194294784,932151296,1679097856,56803328,2243477504
2026-07-13T19:52:20.416494,17006837760,16360439808,646397952,3.8,14193541120,932151296,1679097856,56803328,2243493888
2026-07-13T19:52:21.416829,17006837760,16360226816,646610944,3.8,14193311744,932151296,1679114240,56803328,2243493888
2026-07-13T19:52:22.417110,17006837760,16360177664,646660096,3.8,14193262592,932151296,1679114240,56803328,2243493888
2026-07-13T19:52:23.417395,17006837760,16360882176,645955584,3.8,14193967104,932151296,1679114240,56803328,2243493888
2026-07-13T19:52:24.421538,17006837760,16361275392,645562368,3.8,14194360320,932151296,1679114240,56819712,2243493888
2026-07-13T19:52:25.421902,17006837760,16360325120,646512640,3.8,14193410048,932151296,1679114240,56819712,2243493888
2026-07-13T19:52:26.422545,17006837760,16361062400,645775360,3.8,14194147328,932151296,1679114240,56819712,2243510272
2026-07-13T19:52:27.422934,17006837760,16361619456,645218304,3.8,14194704384,932151296,1679114240,56819712,2243510272
2026-07-13T19:52:28.423289,17006837760,16361865216,644972544,3.8,14194950144,932151296,1679114240,56819712,2243510272
2026-07-13T19:52:29.423902,17006837760,16362110976,644726784,3.8,14195195904,932151296,1679114240,56836096,2243510272
2026-07-13T19:52:30.425456,17006837760,16362356736,644481024,3.8,14195441664,932151296,1679114240,56836096,2243510272
2026-07-13T19:52:31.426057,17006837760,16360095744,646742016,3.8,14193180672,932184064,1679114240,56836096,2243510272
2026-07-13T19:52:32.426502,17006837760,16360079360,646758400,3.8,14193164288,932184064,1679114240,56836096,2243526656
2026-07-13T19:52:33.427847,17006837760,16360325120,646512640,3.8,14193410048,932184064,1679114240,56836096,2243526656
2026-07-13T19:52:34.428202,17006837760,16360062976,646774784,3.8,14193147904,932184064,1679114240,56852480,2243526656
2026-07-13T19:52:35.428537,17006837760,16360308736,646529024,3.8,14193393664,932184064,1679114240,56852480,2243526656
2026-07-13T19:52:36.428870,17006837760,16361226240,645611520,3.8,14194311168,932184064,1679114240,56852480,2243526656
2026-07-13T19:52:37.429205,17006837760,16361275392,645562368,3.8,14194360320,932184064,1679114240,56852480,2243526656
2026-07-13T19:52:38.429548,17006837760,16361439232,645398528,3.8,14194524160,932184064,1679114240,56852480,2243526656
2026-07-13T19:52:39.429879,17006837760,16360112128,646725632,3.8,14193197056,932184064,1679114240,56868864,2243543040
2026-07-13T19:52:40.430220,17006837760,16360390656,646447104,3.8,14193475584,932184064,1679114240,56868864,2243543040
2026-07-13T19:52:41.430559,17006837760,16360144896,646692864,3.8,14193229824,932184064,1679114240,56868864,2243543040
2026-07-13T19:52:42.430893,17006837760,16360390656,646447104,3.8,14193475584,932184064,1679114240,56868864,2243543040
2026-07-13T19:52:43.432188,17006837760,16360390656,646447104,3.8,14193475584,932184064,1679114240,56868864,2243543040
2026-07-13T19:52:44.432497,17006837760,16360456192,646381568,3.8,14193541120,932184064,1679114240,56868864,2243543040
2026-07-13T19:52:45.433160,17006837760,16359964672,646873088,3.8,14193049600,932184064,1679114240,56885248,2243559424
2026-07-13T19:52:46.433568,17006837760,16361881600,644956160,3.8,14194966528,932184064,1679114240,56885248,2243559424
2026-07-13T19:52:47.433843,17006837760,16362127360,644710400,3.8,14195212288,932184064,1679114240,56885248,2243559424
2026-07-13T19:52:48.434158,17006837760,16362618880,644218880,3.8,14195703808,932184064,1679114240,56885248,2243559424
2026-07-13T19:52:49.434490,17006837760,16362340352,644497408,3.8,14195425280,932184064,1679114240,56885248,2243559424
2026-07-13T19:52:50.434822,17006837760,16362094592,644743168,3.8,14195179520,932184064,1679114240,56885248,2243559424
2026-07-13T19:52:51.435163,17006837760,16362405888,644431872,3.8,14195490816,932184064,1679114240,56885248,2243559424
2026-07-13T19:52:52.435461,17006837760,16362405888,644431872,3.8,14195490816,932184064,1679114240,56885248,2243575808
2026-07-13T19:52:53.436131,17006837760,16362160128,644677632,3.8,14195245056,932184064,1679114240,56885248,2243575808
2026-07-13T19:52:54.437323,17006837760,16362651648,644186112,3.8,14195736576,932184064,1679114240,56885248,2243575808
2026-07-13T19:52:55.437686,17006837760,16362160128,644677632,3.8,14195212288,932659200,1679147008,56901632,2243575808
2026-07-13T19:52:56.437963,17006837760,16361668608,645169152,3.8,14194720768,932659200,1679147008,56901632,2243575808
2026-07-13T19:52:57.438828,17006837760,16359931904,646905856,3.8,14192738304,932675584,1679392768,56901632,2243575808
2026-07-13T19:52:58.439305,17006837760,16359931904,646905856,3.8,14192738304,932675584,1679392768,56901632,2243592192
2026-07-13T19:52:59.439856,17006837760,16360947712,645890048,3.8,14193754112,932675584,1679392768,56901632,2243592192
2026-07-13T19:53:00.440459,17006837760,16359964672,646873088,3.8,14192771072,932675584,1679392768,56918016,2243592192
2026-07-13T19:53:01.441787,17006837760,16358637568,648200192,3.8,14191443968,932675584,1679392768,56918016,2243592192
2026-07-13T19:53:02.442261,17006837760,16359096320,647741440,3.8,14191886336,932790272,1679409152,56918016,2243592192
2026-07-13T19:53:03.442881,17006837760,16359489536,647348224,3.8,14192279552,932790272,1679409152,56918016,2243592192
2026-07-13T19:53:04.443536,17006837760,16360128512,646709248,3.8,14192918528,932790272,1679409152,56918016,2243608576
2026-07-13T19:53:05.444112,17006837760,16359260160,647577600,3.8,14192050176,932790272,1679409152,56934400,2243608576
2026-07-13T19:53:06.444437,17006837760,16358522880,648314880,3.8,14191312896,932790272,1679409152,56934400,2243608576
2026-07-13T19:53:07.444710,17006837760,16359276544,647561216,3.8,14192066560,932790272,1679409152,56934400,2243608576
2026-07-13T19:53:08.445018,17006837760,16359276544,647561216,3.8,14192066560,932790272,1679409152,56934400,2243608576
2026-07-13T19:53:09.445425,17006837760,16358014976,648822784,3.8,14190804992,932790272,1679409152,56934400,2243608576
2026-07-13T19:53:10.446330,17006837760,16358555648,648282112,3.8,14191345664,932790272,1679409152,56950784,2243608576
2026-07-13T19:53:11.446664,17006837760,16359292928,647544832,3.8,14192082944,932790272,1679409152,56950784,2243624960
2026-07-13T19:53:12.446941,17006837760,16359800832,647036928,3.8,14192590848,932790272,1679409152,56950784,2243624960
2026-07-13T19:53:13.447221,17006837760,16359047168,647790592,3.8,14191837184,932790272,1679409152,56950784,2243624960
2026-07-13T19:53:14.447545,17006837760,16359784448,647053312,3.8,14192574464,932790272,1679409152,56950784,2243624960
2026-07-13T19:53:15.447853,17006837760,16359555072,647282688,3.8,14192345088,932790272,1679409152,56967168,2243624960
2026-07-13T19:53:16.448179,17006837760,16359555072,647282688,3.8,14192345088,932790272,1679409152,56967168,2243624960
2026-07-13T19:53:17.448514,17006837760,16359866368,646971392,3.8,14192656384,932790272,1679409152,56967168,2243624960
2026-07-13T19:53:18.448876,17006837760,16360357888,646479872,3.8,14193147904,932790272,1679409152,56967168,2243641344
2026-07-13T19:53:19.450387,17006837760,16358211584,648626176,3.8,14191001600,932790272,1679409152,56967168,2243641344
2026-07-13T19:53:20.450727,17006837760,16358883328,647954432,3.8,14191673344,932790272,1679409152,56967168,2243641344
2026-07-13T19:53:21.451009,17006837760,16358621184,648216576,3.8,14191411200,932790272,1679409152,56967168,2243641344
2026-07-13T19:53:22.451285,17006837760,16360079360,646758400,3.8,14192869376,932790272,1679409152,56967168,2243641344
2026-07-13T19:53:23.451507,17006837760,16359833600,647004160,3.8,14192623616,932790272,1679409152,56967168,2243641344
2026-07-13T19:53:24.452207,17006837760,16359981056,646856704,3.8,14192771072,932790272,1679409152,56967168,2243641344
2026-07-13T19:53:25.452767,17006837760,16359915520,646922240,3.8,14192705536,932790272,1679409152,56983552,2243641344
2026-07-13T19:53:26.453297,17006837760,16359915520,646922240,3.8,14192705536,932790272,1679409152,56983552,2243657728
2026-07-13T19:53:27.453582,17006837760,16359309312,647528448,3.8,14192099328,932790272,1679409152,56983552,2243657728
2026-07-13T19:53:28.454164,17006837760,16360570880,646266880,3.8,14193360896,932790272,1679409152,56983552,2243657728
2026-07-13T19:53:29.454444,17006837760,16361062400,645775360,3.8,14193852416,932790272,1679409152,56983552,2243657728
2026-07-13T19:53:30.455295,17006837760,16359096320,647741440,3.8,14191886336,932790272,1679409152,56999936,2243657728
2026-07-13T19:53:31.455674,17006837760,16356851712,649986048,3.8,14189641728,932790272,1679409152,56999936,2243657728
2026-07-13T19:53:32.456524,17006837760,16352935936,653901824,3.8,14185725952,932790272,1679409152,56999936,2243674112
2026-07-13T19:53:33.457074,17006837760,16351526912,655310848,3.9,14184300544,932806656,1679425536,56999936,2243674112
2026-07-13T19:53:34.457386,17006837760,16352509952,654327808,3.8,14185283584,932806656,1679425536,56999936,2243674112
2026-07-13T19:53:35.458516,17006837760,16354312192,652525568,3.8,14187085824,932806656,1679425536,57016320,2243674112
2026-07-13T19:53:36.459283,17006837760,16353837056,653000704,3.8,14186610688,932806656,1679425536,57016320,2243674112
2026-07-13T19:53:37.460657,17006837760,16350232576,656605184,3.9,14183006208,932806656,1679425536,57016320,2243674112
2026-07-13T19:53:38.460963,17006837760,16349921280,656916480,3.9,14182694912,932806656,1679425536,57016320,2243690496
2026-07-13T19:53:39.461247,17006837760,16350183424,656654336,3.9,14182957056,932806656,1679425536,57016320,2243690496
2026-07-13T19:53:40.462379,17006837760,16352329728,654508032,3.8,14185103360,932806656,1679425536,57032704,2243690496
2026-07-13T19:53:41.462752,17006837760,16353673216,653164544,3.8,14186446848,932806656,1679425536,57032704,2243690496
2026-07-13T19:53:42.463371,17006837760,16351592448,655245312,3.9,14184366080,932806656,1679425536,57032704,2243690496
2026-07-13T19:53:43.464446,17006837760,16347774976,659062784,3.9,14180401152,935706624,1679572992,57032704,2243690496
2026-07-13T19:53:44.465071,17006837760,16345612288,661225472,3.9,14178222080,939245568,1679589376,57032704,2243706880
2026-07-13T19:53:45.465628,17006837760,16345366528,661471232,3.9,14177976320,939245568,1679589376,57049088,2243706880
2026-07-13T19:53:46.466081,17006837760,16346333184,660504576,3.9,14178942976,939245568,1679589376,57049088,2243706880
2026-07-13T19:53:47.466354,17006837760,16348823552,658014208,3.9,14181433344,939245568,1679589376,57049088,2243706880
2026-07-13T19:53:48.466626,17006837760,16349380608,657457152,3.9,14181990400,939245568,1679589376,57049088,2243706880
2026-07-13T19:53:49.467664,17006837760,16348332032,658505728,3.9,14180941824,939245568,1679589376,57049088,2243706880
2026-07-13T19:53:50.468659,17006837760,16341843968,664993792,3.9,14174306304,931659776,1679736832,57049088,2243723264
2026-07-13T19:53:51.469071,17006837760,16341876736,664961024,3.9,14174339072,931659776,1679736832,57049088,2243723264
2026-07-13T19:53:52.469402,17006837760,16346628096,660209664,3.9,14179090432,931659776,1679736832,57049088,2243723264
2026-07-13T19:53:53.469729,17006837760,16347824128,659013632,3.9,14180286464,931659776,1679736832,57049088,2243723264
2026-07-13T19:53:54.470080,17006837760,16348037120,658800640,3.9,14180499456,931659776,1679736832,57049088,2243723264
2026-07-13T19:53:55.470401,17006837760,16352854016,653983744,3.8,14185316352,931659776,1679736832,57065472,2243723264
2026-07-13T19:53:56.470783,17006837760,16352854016,653983744,3.8,14185316352,931659776,1679736832,57065472,2243739648
2026-07-13T19:53:57.471141,17006837760,16353918976,652918784,3.8,14186381312,931659776,1679736832,57065472,2243739648
2026-07-13T19:53:58.471420,17006837760,16356605952,650231808,3.8,14189068288,931659776,1679736832,57065472,2243739648
2026-07-13T19:53:59.471703,17006837760,16356753408,650084352,3.8,14189215744,931659776,1679736832,57065472,2243739648
2026-07-13T19:54:00.471987,17006837760,16357982208,648855552,3.8,14190444544,931659776,1679736832,57081856,2243739648
2026-07-13T19:54:01.472304,17006837760,16359276544,647561216,3.8,14191738880,931659776,1679736832,57081856,2243739648
2026-07-13T19:54:02.472702,17006837760,16359276544,647561216,3.8,14191738880,931659776,1679736832,57081856,2243739648
2026-07-13T19:54:03.475986,17006837760,16356442112,650395648,3.8,14188904448,931659776,1679736832,57081856,2243756032
2026-07-13T19:54:04.479182,17006837760,16352362496,654475264,3.8,14184759296,933265408,1679802368,57081856,2243756032
2026-07-13T19:54:05.479684,17006837760,16352935936,653901824,3.8,14185332736,933265408,1679802368,57098240,2243756032
2026-07-13T19:54:06.480032,17006837760,16353427456,653410304,3.8,14185824256,933265408,1679802368,57098240,2243756032
2026-07-13T19:54:07.480381,17006837760,16356130816,650706944,3.8,14188527616,933265408,1679802368,57098240,2243756032
2026-07-13T19:54:08.481334,17006837760,16355262464,651575296,3.8,14187659264,933265408,1679802368,57098240,2243772416
2026-07-13T19:54:09.481698,17006837760,16356098048,650739712,3.8,14188478464,933412864,1679818752,57098240,2243772416
2026-07-13T19:54:10.482027,17006837760,16355328000,651509760,3.8,14187708416,933412864,1679818752,57114624,2243772416
2026-07-13T19:54:11.485650,17006837760,16355868672,650969088,3.8,14188249088,933412864,1679818752,57114624,2243772416
2026-07-13T19:54:12.485973,17006837760,16355147776,651689984,3.8,14187528192,933920768,1679818752,57114624,2243772416
2026-07-13T19:54:13.486252,17006837760,16348430336,658407424,3.9,14180810752,933920768,1679818752,57114624,2243772416
2026-07-13T19:54:14.486577,17006837760,16350085120,656752640,3.9,14182465536,933920768,1679818752,57114624,2243788800
2026-07-13T19:54:15.486858,17006837760,16351346688,655491072,3.9,14183694336,934395904,1679851520,57131008,2243788800
2026-07-13T19:54:16.487175,17006837760,16352313344,654524416,3.8,14184660992,934395904,1679851520,57131008,2243788800
2026-07-13T19:54:17.487503,17006837760,16354721792,652115968,3.8,14187069440,934395904,1679851520,57131008,2243788800
2026-07-13T19:54:18.487928,17006837760,16355524608,651313152,3.8,14187872256,934395904,1679851520,57131008,2243788800
2026-07-13T19:54:19.488561,17006837760,16351608832,655228928,3.9,14183956480,935411712,1679851520,57131008,2243788800
2026-07-13T19:54:20.489080,17006837760,16349265920,657571840,3.9,14181597184,932347904,1679867904,57131008,2243805184
2026-07-13T19:54:21.489552,17006837760,16349577216,657260544,3.9,14181892096,929087488,1679884288,57131008,2243805184
2026-07-13T19:54:22.491318,17006837760,16348119040,658718720,3.9,14180433920,929087488,1679884288,57131008,2243805184
2026-07-13T19:54:23.491661,17006837760,16348168192,658669568,3.9,14180483072,929087488,1679884288,57131008,2243805184
2026-07-13T19:54:24.492077,17006837760,16348889088,657948672,3.9,14181203968,929087488,1679884288,57131008,2243805184
2026-07-13T19:54:25.492410,17006837760,16351002624,655835136,3.9,14183317504,929087488,1679884288,57147392,2243805184
2026-07-13T19:54:26.492996,17006837760,16352870400,653967360,3.8,14185185280,929120256,1679884288,57147392,2243821568
2026-07-13T19:54:27.494727,17006837760,16342892544,663945216,3.9,14175158272,932872192,1679933440,57147392,2243821568
2026-07-13T19:54:28.495296,17006837760,16344072192,662765568,3.9,14176337920,932872192,1679933440,57147392,2243821568
2026-07-13T19:54:29.495655,17006837760,16349757440,657080320,3.9,14182023168,932872192,1679933440,57147392,2243821568
2026-07-13T19:54:30.495994,17006837760,16349954048,656883712,3.9,14182219776,932872192,1679933440,57163776,2243821568
2026-07-13T19:54:31.496517,17006837760,16351248384,655589376,3.9,14183514112,932872192,1679933440,57163776,2243821568
2026-07-13T19:54:32.496914,17006837760,16351985664,654852096,3.9,14184235008,933363712,1679949824,57163776,2243837952
2026-07-13T19:54:33.497320,17006837760,16348332032,658505728,3.9,14180548608,936886272,1679982592,57163776,2243837952
2026-07-13T19:54:34.501601,17006837760,16340467712,666370048,3.9,14172684288,942178304,1679982592,57163776,2243837952
2026-07-13T19:54:35.501971,17006837760,16339746816,667090944,3.9,14171963392,947765248,1679982592,57163776,2243837952
2026-07-13T19:54:36.502944,17006837760,16339271680,667566080,3.9,14171471872,948764672,1679998976,57180160,2243837952
2026-07-13T19:54:37.505980,17006837760,16336814080,670023680,3.9,14169014272,948764672,1679998976,57180160,2243854336
2026-07-13T19:54:38.506483,17006837760,16339828736,667009024,3.9,14172028928,948764672,1679998976,57180160,2243854336
2026-07-13T19:54:39.506762,17006837760,16338370560,668467200,3.9,14170570752,948764672,1679998976,57180160,2243854336
2026-07-13T19:54:40.507046,17006837760,16353886208,652951552,3.8,14186086400,931266560,1679998976,57180160,2243854336
2026-07-13T19:54:41.507322,17006837760,16355344384,651493376,3.8,14187544576,931266560,1679998976,57196544,2243854336
2026-07-13T19:54:42.507769,17006837760,16356327424,650510336,3.8,14188527616,931266560,1679998976,57196544,2243870720
2026-07-13T19:54:43.508095,17006837760,16356179968,650657792,3.8,14188380160,931266560,1679998976,57196544,2243870720
2026-07-13T19:54:44.508428,17006837760,16357687296,649150464,3.8,14189871104,931282944,1680015360,57196544,2243870720
2026-07-13T19:54:45.509035,17006837760,16350609408,656228352,3.9,14182793216,932495360,1680015360,57196544,2243870720
2026-07-13T19:54:46.510152,17006837760,16348676096,658161664,3.9,14180859904,935542784,1680015360,57212928,2243870720
2026-07-13T19:54:47.510474,17006837760,16348479488,658358272,3.9,14180663296,935542784,1680015360,57212928,2243870720
2026-07-13T19:54:48.511281,17006837760,16351264768,655572992,3.9,14183448576,935542784,1680015360,57212928,2243870720
2026-07-13T19:54:49.511616,17006837760,16351297536,655540224,3.9,14183481344,935542784,1680015360,57212928,2243870720
2026-07-13T19:54:50.511965,17006837760,16351133696,655704064,3.9,14183317504,935542784,1680015360,57212928,2243887104
2026-07-13T19:54:51.512267,17006837760,16353083392,653754368,3.8,14185267200,935542784,1680015360,57212928,2243887104
2026-07-13T19:54:52.512550,17006837760,16348266496,658571264,3.9,14180384768,929284096,1680080896,57212928,2243887104
2026-07-13T19:54:53.512908,17006837760,16348053504,658784256,3.9,14180171776,929284096,1680080896,57212928,2243887104
2026-07-13T19:54:54.513222,17006837760,16351707136,655130624,3.9,14183825408,929284096,1680080896,57212928,2243887104
2026-07-13T19:54:55.513510,17006837760,16347758592,659079168,3.9,14179876864,929284096,1680080896,57212928,2243887104
2026-07-13T19:54:56.513820,17006837760,16348430336,658407424,3.9,14180548608,929284096,1680080896,57229312,2243887104
2026-07-13T19:54:57.514325,17006837760,16347660288,659177472,3.9,14179745792,932806656,1680113664,57229312,2243903488
2026-07-13T19:54:58.514691,17006837760,16348086272,658751488,3.9,14180171776,932806656,1680113664,57229312,2243903488
2026-07-13T19:54:59.515048,17006837760,16348233728,658604032,3.9,14180319232,932806656,1680113664,57229312,2243903488
2026-07-13T19:55:00.515321,17006837760,16352690176,654147584,3.8,14184775680,932806656,1680113664,57229312,2243903488
2026-07-13T19:55:01.515606,17006837760,16353443840,653393920,3.8,14185529344,932806656,1680113664,57245696,2243903488
2026-07-13T19:55:02.515880,17006837760,16348790784,658046976,3.9,14179909632,933593088,1681063936,57245696,2244952064
