timestamp,total,available,used,percent,free,active,inactive,buffers,cached
2026-06-23T21:31:14.703311,17006837760,16382885888,623951872,3.7,13916045312,953499648,1857191936,104841216,2502524928
2026-06-23T21:31:15.704158,17006837760,16215605248,791232512,4.7,13748486144,1045774336,1857454080,104955904,2502524928
2026-06-23T21:31:16.704400,17006837760,16215605248,791232512,4.7,13748486144,1045774336,1857454080,104955904,2502524928
2026-06-23T21:31:17.705063,17006837760,16203595776,803241984,4.7,13736443904,1058078720,1857486848,104955904,2502557696
2026-06-23T21:31:18.705718,17006837760,16203595776,803241984,4.7,13736443904,1058078720,1857486848,104955904,2502574080
2026-06-23T21:31:19.706278,17006837760,16209281024,797556736,4.7,13742129152,1058078720,1857486848,104955904,2502590464
2026-06-23T21:31:20.706591,17006837760,16212410368,794427392,4.7,13745258496,1058078720,1857486848,104972288,2502590464
2026-06-23T21:31:21.714984,17006837760,16209182720,797655040,4.7,13741981696,1088602112,1857536000,104972288,2502590464
2026-06-23T21:31:22.716971,17006837760,16181936128,824901632,4.9,13714718720,1108525056,1857552384,104972288,2502606848
2026-06-23T21:31:23.717707,17006837760,16183558144,823279616,4.8,13716340736,1108525056,1857552384,104972288,2502623232
2026-06-23T21:31:24.720354,17006837760,16195633152,811204608,4.8,13728415744,1108525056,1857552384,104972288,2502639616
2026-06-23T21:31:25.720750,17006837760,16202137600,804700160,4.7,13734920192,1108525056,1857552384,104972288,2502656000
2026-06-23T21:31:26.721144,17006837760,16205758464,801079296,4.7,13738541056,1097695232,1857552384,104972288,2502656000
2026-06-23T21:31:27.721592,17006837760,16208314368,798523392,4.7,13741096960,1097695232,1857552384,104972288,2502672384
2026-06-23T21:31:28.721932,17006837760,16217948160,788889600,4.6,13750730752,1097695232,1857552384,104972288,2502688768
2026-06-23T21:31:29.723919,17006837760,16216932352,789905408,4.6,13749633024,1101611008,1857634304,104972288,2502688768
2026-06-23T21:31:30.725352,17006837760,16215048192,791789568,4.7,13747716096,1112866816,1857667072,104988672,2502705152
2026-06-23T21:31:31.734153,17006837760,16199368704,807469056,4.7,13732036608,1132249088,1857667072,104988672,2502705152
2026-06-23T21:31:32.738321,17006837760,16188637184,818200576,4.8,13721321472,1137311744,1857683456,104988672,2502688768
2026-06-23T21:31:33.742921,17006837760,16190504960,816332800,4.8,13723189248,1137311744,1857683456,104988672,2502705152
2026-06-23T21:31:34.745732,17006837760,16198402048,808435712,4.8,13731086336,1137819648,1857683456,104988672,2502721536
2026-06-23T21:31:35.746403,17006837760,16203251712,803586048,4.7,13735936000,1137819648,1857683456,105005056,2502721536
2026-06-23T21:31:36.749035,17006837760,16208117760,798720000,4.7,13740802048,1137819648,1857683456,105005056,2502737920
2026-06-23T21:31:37.749948,17006837760,16206446592,800391168,4.7,13739130880,1137819648,1857683456,105005056,2502754304
2026-06-23T21:31:38.753828,17006837760,16209510400,797327360,4.7,13742161920,1138294784,1857716224,105005056,2502754304
2026-06-23T21:31:39.754618,17006837760,16228532224,778305536,4.6,13761167360,1126629376,1857732608,105005056,2502770688
2026-06-23T21:31:40.758893,17006837760,16235036672,771801088,4.5,13767622656,1127006208,1857781760,105021440,2502787072
2026-06-23T21:31:41.759906,17006837760,16233250816,773586944,4.5,13765836800,1127006208,1857781760,105021440,2502787072
2026-06-23T21:31:42.760240,17006837760,16234889216,771948544,4.5,13767475200,1127006208,1857781760,105021440,2502803456
2026-06-23T21:31:43.760734,17006837760,16234807296,772030464,4.5,13767393280,1127170048,1857781760,105021440,2502819840
2026-06-23T21:31:44.761476,17006837760,16232611840,774225920,4.6,13765132288,1127612416,1857847296,105021440,2502819840
2026-06-23T21:31:45.761865,17006837760,16233611264,773226496,4.5,13766131712,1127612416,1857847296,105037824,2502836224
2026-06-23T21:31:46.762268,17006837760,16236494848,770342912,4.5,13769015296,1127612416,1857847296,105037824,2502852608
2026-06-23T21:31:47.763713,17006837760,16237920256,768917504,4.5,13770440704,1127612416,1857847296,105037824,2502852608
2026-06-23T21:31:48.764056,17006837760,16239656960,767180800,4.5,13772177408,1127612416,1857847296,105037824,2502868992
2026-06-23T21:31:49.766497,17006837760,16242737152,764100608,4.5,13775257600,1127612416,1857847296,105037824,2502868992
2026-06-23T21:31:50.769637,17006837760,16263839744,742998016,4.4,13796294656,1106444288,1857912832,105054208,2502885376
2026-06-23T21:31:51.770190,17006837760,16263806976,743030784,4.4,13796261888,1106444288,1857912832,105054208,2502901760
2026-06-23T21:31:52.770613,17006837760,16265347072,741490688,4.4,13797785600,1106935808,1857929216,105054208,2502901760
2026-06-23T21:31:53.771086,17006837760,16268427264,738410496,4.3,13800865792,1107443712,1857929216,105054208,2502918144
2026-06-23T21:31:54.771895,17006837760,16270655488,736182272,4.3,13803094016,1107443712,1857929216,105054208,2502934528
2026-06-23T21:31:55.772979,17006837760,16269541376,737296384,4.3,13801979904,1107443712,1857929216,105054208,2502934528
2026-06-23T21:31:56.773413,17006837760,16268886016,737951744,4.3,13801324544,1107443712,1857929216,105054208,2502950912
2026-06-23T21:31:57.774255,17006837760,16269787136,737050624,4.3,13802176512,1107902464,1857978368,105054208,2502967296
2026-06-23T21:31:58.775592,17006837760,16266641408,740196352,4.4,13798981632,1111506944,1858027520,105054208,2502967296
2026-06-23T21:31:59.777488,17006837760,16256106496,750731264,4.4,13788430336,1122205696,1858043904,105054208,2502983680
2026-06-23T21:32:00.777968,17006837760,16236527616,770310144,4.5,13768835072,1136656384,1858043904,105070592,2503016448
2026-06-23T21:32:01.780210,17006837760,16236560384,770277376,4.5,13768835072,1137131520,1858076672,105070592,2503016448
2026-06-23T21:32:02.799204,17006837760,16237166592,769671168,4.5,13769441280,1137131520,1858076672,105070592,2503032832
2026-06-23T21:32:03.799970,17006837760,16237707264,769130496,4.5,13769981952,1137639424,1858076672,105070592,2503049216
2026-06-23T21:32:04.800892,17006837760,16236478464,770359296,4.5,13768753152,1137639424,1858076672,105070592,2503049216
2026-06-23T21:32:05.804556,17006837760,16235184128,771653632,4.5,13767458816,1137639424,1858076672,105086976,2503065600
2026-06-23T21:32:06.805429,17006837760,16237543424,769294336,4.5,13769785344,1130840064,1858109440,105086976,2503081984
2026-06-23T21:32:07.806797,17006837760,16261742592,745095168,4.4,13793951744,1109508096,1858142208,105086976,2503081984
2026-06-23T21:32:08.821248,17006837760,16271917056,734920704,4.3,13804109824,1101398016,1858158592,105086976,2503098368
2026-06-23T21:32:09.821923,17006837760,16267378688,739459072,4.3,13799555072,1111228416,1858174976,105086976,2503114752
2026-06-23T21:32:10.822513,17006837760,16266641408,740196352,4.4,13798817792,1111228416,1858174976,105103360,2503114752
2026-06-23T21:32:11.822949,17006837760,16269082624,737755136,4.3,13801259008,1111228416,1858174976,105103360,2503131136
2026-06-23T21:32:12.823298,17006837760,16278159360,728678400,4.3,13810319360,1104396288,1858191360,105103360,2503147520
2026-06-23T21:32:13.823645,17006837760,16275701760,731136000,4.3,13807861760,1104396288,1858191360,105103360,2503163904
2026-06-23T21:32:14.825237,17006837760,16276963328,729874432,4.3,13809106944,1104740352,1858207744,105103360,2503163904
2026-06-23T21:32:15.827511,17006837760,16277897216,728940544,4.3,13810040832,1104740352,1858207744,105119744,2503180288
2026-06-23T21:32:16.827976,17006837760,16280092672,726745088,4.3,13812236288,1104740352,1858207744,105119744,2503180288
2026-06-23T21:32:17.828721,17006837760,16280633344,726204416,4.3,13812776960,1104740352,1858207744,105119744,2503196672
2026-06-23T21:32:18.829585,17006837760,16271802368,735035392,4.3,13803847680,1111556096,1858306048,105119744,2503213056
2026-06-23T21:32:19.833708,17006837760,16271802368,735035392,4.3,13803847680,1111556096,1858306048,105119744,2503213056
2026-06-23T21:32:20.835917,17006837760,16267755520,739082240,4.3,13799800832,1112064000,1858306048,105136128,2503229440
2026-06-23T21:32:21.837185,17006837760,16268443648,738394112,4.3,13800488960,1112064000,1858306048,105136128,2503245824
2026-06-23T21:32:22.837530,17006837760,16269197312,737640448,4.3,13801226240,1112555520,1858322432,105136128,2503245824
2026-06-23T21:32:23.838149,17006837760,16270426112,736411648,4.3,13802455040,1112555520,1858322432,105136128,2503262208
2026-06-23T21:32:24.844704,17006837760,16268345344,738492416,4.3,13800325120,1114423296,1858371584,105136128,2503278592
2026-06-23T21:32:25.848226,17006837760,16267870208,738967552,4.3,13799833600,1114570752,1858387968,105136128,2503278592
2026-06-23T21:32:26.848628,17006837760,16268476416,738361344,4.3,13800439808,1114570752,1858387968,105136128,2503294976
2026-06-23T21:32:27.848912,17006837760,16270753792,736083968,4.3,13802700800,1115570176,1858404352,105136128,2503311360
2026-06-23T21:32:28.849983,17006837760,16268541952,738295808,4.3,13800488960,1115570176,1858404352,105136128,2503311360
2026-06-23T21:32:29.850345,17006837760,16269492224,737345536,4.3,13801439232,1115570176,1858404352,105136128,2503327744
2026-06-23T21:32:30.851025,17006837760,16267886592,738951168,4.3,13799833600,1115570176,1858404352,105152512,2503344128
2026-06-23T21:32:31.852721,17006837760,16264249344,742588416,4.4,13796147200,1116094464,1858453504,105152512,2503344128
2026-06-23T21:32:32.853344,17006837760,16264855552,741982208,4.4,13796753408,1116094464,1858453504,105152512,2503360512
2026-06-23T21:32:33.853667,17006837760,16264626176,742211584,4.4,13796524032,1116094464,1858453504,105152512,2503376896
2026-06-23T21:32:34.855563,17006837760,16267116544,739721216,4.3,13799014400,1116094464,1858453504,105152512,2503376896
2026-06-23T21:32:35.855947,17006837760,16268115968,738721792,4.3,13800013824,1116094464,1858453504,105168896,2503393280
2026-06-23T21:32:36.856966,17006837760,16268869632,737968128,4.3,13800767488,1116094464,1858453504,105168896,2503393280
2026-06-23T21:32:37.857860,17006837760,16267706368,739131392,4.3,13799555072,1116553216,1858502656,105168896,2503409664
2026-06-23T21:32:38.868075,17006837760,16266756096,740081664,4.4,13798572032,1116717056,1858535424,105168896,2503426048
2026-06-23T21:32:39.869412,17006837760,16268869632,737968128,4.3,13800669184,1117208576,1858551808,105168896,2503426048
2026-06-23T21:32:40.869675,17006837760,16263446528,743391232,4.4,13795246080,1117208576,1858551808,105185280,2503442432
2026-06-23T21:32:41.870042,17006837760,16261611520,745226240,4.4,13793378304,1117683712,1858584576,105185280,2503458816
2026-06-23T21:32:42.871200,17006837760,16261267456,745570304,4.4,13792985088,1117913088,1858633728,105185280,2503458816
2026-06-23T21:32:43.872858,17006837760,16257449984,749387776,4.4,13789151232,1120436224,1858650112,105185280,2503475200
2026-06-23T21:32:44.877916,17006837760,16242933760,763904000,4.5,13774618624,1120976896,1858666496,105185280,2503491584
2026-06-23T21:32:45.878413,17006837760,16244752384,762085376,4.5,13776437248,1120976896,1858666496,105201664,2503491584
2026-06-23T21:32:46.879765,17006837760,16246652928,760184832,4.5,13778337792,1120976896,1858666496,105201664,2503507968
2026-06-23T21:32:47.880468,17006837760,16251289600,755548160,4.4,13782974464,1120976896,1858666496,105201664,2503524352
2026-06-23T21:32:48.882711,17006837760,16253288448,753549312,4.4,13784956928,1121468416,1858682880,105201664,2503524352
2026-06-23T21:32:49.883239,17006837760,16254238720,752599040,4.4,13785907200,1121468416,1858682880,105201664,2503540736
2026-06-23T21:32:50.883945,17006837760,16256286720,750551040,4.4,13787955200,1121468416,1858682880,105218048,2503557120
2026-06-23T21:32:51.886283,17006837760,16258957312,747880448,4.4,13790625792,1121468416,1858682880,105218048,2503557120
2026-06-23T21:32:52.895030,17006837760,16257400832,749436928,4.4,13789069312,1121468416,1858682880,105218048,2503573504
2026-06-23T21:32:53.905003,17006837760,16245784576,761053184,4.5,13777354752,1133559808,1858781184,105218048,2503573504
2026-06-23T21:32:54.912874,17006837760,16222044160,784793600,4.6,13753532416,1148928000,1858797568,105218048,2503655424
2026-06-23T21:32:55.913554,17006837760,16220078080,786759680,4.6,13751566336,1149108224,1858797568,105218048,2503671808
2026-06-23T21:32:56.923746,17006837760,16226664448,780173312,4.6,13758136320,1140916224,1858813952,105218048,2503671808
2026-06-23T21:32:57.928169,17006837760,16230727680,776110080,4.6,13762199552,1141424128,1858813952,105218048,2503688192
2026-06-23T21:32:58.930686,17006837760,16231383040,775454720,4.6,13762838528,1141915648,1858830336,105218048,2503704576
2026-06-23T21:32:59.931152,17006837760,16228155392,778682368,4.6,13759610880,1141915648,1858830336,105218048,2503704576
2026-06-23T21:33:00.932623,17006837760,16251256832,755580928,4.4,13782663168,1121091584,1858879488,105234432,2503720960
2026-06-23T21:33:01.935255,17006837760,16239968256,766869504,4.5,13771358208,1134542848,1858879488,105234432,2503753728
2026-06-23T21:33:02.937277,17006837760,16239968256,766869504,4.5,13771358208,1134542848,1858879488,105234432,2503770112
2026-06-23T21:33:03.938788,17006837760,16240345088,766492672,4.5,13771735040,1134542848,1858879488,105234432,2503770112
2026-06-23T21:33:04.946760,17006837760,16245915648,760922112,4.5,13777305600,1134542848,1858879488,105234432,2503786496
2026-06-23T21:33:05.947688,17006837760,16252551168,754286592,4.4,13783924736,1126678528,1858895872,105250816,2503802880
2026-06-23T21:33:06.948334,17006837760,16252911616,753926144,4.4,13784285184,1126678528,1858895872,105250816,2503802880
2026-06-23T21:33:07.949731,17006837760,16250208256,756629504,4.4,13781499904,1132150784,1858977792,105250816,2503819264
2026-06-23T21:33:08.953608,17006837760,16246030336,760807424,4.5,13777321984,1134657536,1858977792,105250816,2503819264
2026-06-23T21:33:09.960431,17006837760,16244424704,762413056,4.5,13775716352,1134657536,1858977792,105250816,2503835648
2026-06-23T21:33:10.961620,17006837760,16249192448,757645312,4.5,13780467712,1127776256,1858977792,105267200,2503868416
2026-06-23T21:33:11.962146,17006837760,16250699776,756137984,4.4,13781975040,1127776256,1858977792,105267200,2503884800
2026-06-23T21:33:12.962514,17006837760,16249356288,757481472,4.5,13780615168,1127890944,1858994176,105267200,2503884800
2026-06-23T21:33:13.964921,17006837760,16250748928,756088832,4.4,13782007808,1127890944,1858994176,105267200,2503901184
2026-06-23T21:33:14.968283,17006837760,16248471552,758366208,4.5,13779697664,1128955904,1859026944,105267200,2503901184
2026-06-23T21:33:15.969497,17006837760,16254844928,751992832,4.4,13786021888,1123074048,1859076096,105283584,2503901184
2026-06-23T21:33:16.988639,17006837760,16253370368,753467392,4.4,13784547328,1123106816,1859076096,105283584,2503933952
2026-06-23T21:33:18.007280,17006837760,16250454016,756383744,4.4,13781598208,1128398848,1859108864,105283584,2503933952
2026-06-23T21:33:19.007826,17006837760,16249487360,757350400,4.5,13780615168,1131757568,1859125248,105283584,2503950336
2026-06-23T21:33:20.008875,17006837760,16249487360,757350400,4.5,13780615168,1131757568,1859125248,105283584,2503950336
2026-06-23T21:33:21.009377,17006837760,16251650048,755187712,4.4,13782761472,1132249088,1859141632,105299968,2503966720
2026-06-23T21:33:22.013513,17006837760,16256008192,750829568,4.4,13787119616,1124155392,1859141632,105299968,2503983104
2026-06-23T21:33:23.014853,17006837760,16250535936,756301824,4.4,13781614592,1130463232,1859174400,105299968,2503999488
2026-06-23T21:33:24.016130,17006837760,16250535936,756301824,4.4,13781614592,1130971136,1859174400,105299968,2503999488
2026-06-23T21:33:25.016761,17006837760,16255451136,751386624,4.4,13786513408,1123565568,1859190784,105299968,2504015872
2026-06-23T21:33:26.021154,17006837760,16266133504,740704256,4.4,13797195776,1114832896,1859190784,105299968,2504032256
2026-06-23T21:33:27.021670,17006837760,16265281536,741556224,4.4,13796343808,1114832896,1859190784,105299968,2504032256
2026-06-23T21:33:28.023276,17006837760,16266362880,740474880,4.4,13797425152,1114832896,1859190784,105299968,2504048640
2026-06-23T21:33:29.033259,17006837760,16265265152,741572608,4.4,13796311040,1116160000,1859207168,105299968,2504065024
2026-06-23T21:33:30.040378,17006837760,16257892352,748945408,4.4,13788938240,1122304000,1859207168,105299968,2504065024
2026-06-23T21:33:31.046807,17006837760,16255434752,751403008,4.4,13786480640,1122533376,1859207168,105316352,2504081408
2026-06-23T21:33:32.049855,17006837760,16257056768,749780992,4.4,13788102656,1122533376,1859207168,105316352,2504097792
2026-06-23T21:33:33.050322,17006837760,16257564672,749273088,4.4,13788610560,1122533376,1859207168,105316352,2504097792
2026-06-23T21:33:34.051109,17006837760,16258547712,748290048,4.4,13789593600,1122533376,1859207168,105316352,2504114176
2026-06-23T21:33:35.052554,17006837760,16259366912,747470848,4.4,13790330880,1122959360,1859289088,105316352,2504130560
2026-06-23T21:33:36.052972,17006837760,16258859008,747978752,4.4,13789822976,1122959360,1859289088,105332736,2504130560
2026-06-23T21:33:37.055657,17006837760,16256270336,750567424,4.4,13787234304,1126498304,1859289088,105332736,2504146944
2026-06-23T21:33:38.062105,17006837760,16253140992,753696768,4.4,13784104960,1126498304,1859289088,105332736,2504146944
2026-06-23T21:33:39.062876,17006837760,16253206528,753631232,4.4,13784104960,1126940672,1859354624,105332736,2504163328
2026-06-23T21:33:40.064040,17006837760,16254926848,751910912,4.4,13785825280,1126940672,1859354624,105332736,2504179712
2026-06-23T21:33:41.065063,17006837760,16256385024,750452736,4.4,13787283456,1126940672,1859354624,105349120,2504179712
2026-06-23T21:33:42.067736,17006837760,16256401408,750436352,4.4,13787299840,1126940672,1859354624,105349120,2504196096
2026-06-23T21:33:43.068370,17006837760,16255401984,751435776,4.4,13786251264,1128087552,1859403776,105349120,2504212480
2026-06-23T21:33:44.068937,17006837760,16254894080,751943680,4.4,13785743360,1128087552,1859403776,105349120,2504212480
2026-06-23T21:33:45.070772,17006837760,16256434176,750403584,4.4,13787283456,1128087552,1859403776,105349120,2504228864
2026-06-23T21:33:46.073087,17006837760,16259006464,747831296,4.4,13789855744,1128087552,1859403776,105349120,2504245248
2026-06-23T21:33:47.073846,17006837760,16259170304,747667456,4.4,13789970432,1128595456,1859452928,105349120,2504245248
2026-06-23T21:33:48.074268,17006837760,16259678208,747159552,4.4,13790478336,1128595456,1859452928,105349120,2504261632
2026-06-23T21:33:49.074890,17006837760,16256450560,750387200,4.4,13787250688,1128595456,1859452928,105349120,2504278016
2026-06-23T21:33:50.075500,17006837760,16258531328,748306432,4.4,13789331456,1128595456,1859452928,105349120,2504278016
2026-06-23T21:33:51.078749,17006837760,16253861888,752975872,4.4,13784629248,1128824832,1859485696,105381888,2504261632
2026-06-23T21:33:52.091577,17006837760,16248733696,758104064,4.5,13779419136,1135099904,1859567616,105381888,2504294400
2026-06-23T21:33:53.098819,17006837760,16246030336,760807424,4.5,13776715776,1135099904,1859567616,105381888,2504310784
2026-06-23T21:33:54.099383,17006837760,16245047296,761790464,4.5,13775732736,1135099904,1859567616,105381888,2504327168
2026-06-23T21:33:55.099809,17006837760,16255008768,751828992,4.4,13785677824,1126973440,1859584000,105381888,2504343552
2026-06-23T21:33:56.100399,17006837760,16254042112,752795648,4.4,13784711168,1126973440,1859584000,105381888,2504343552
2026-06-23T21:33:57.101709,17006837760,16251617280,755220480,4.4,13782286336,1126973440,1859584000,105381888,2504359936
2026-06-23T21:33:58.102550,17006837760,16253796352,753041408,4.4,13784465408,1126973440,1859584000,105381888,2504376320
2026-06-23T21:33:59.104882,17006837760,16254287872,752549888,4.4,13784956928,1126973440,1859584000,105381888,2504376320
2026-06-23T21:34:00.105162,17006837760,16254779392,752058368,4.4,13785448448,1126973440,1859584000,105381888,2504392704
2026-06-23T21:34:01.107864,17006837760,16251158528,755679232,4.4,13781745664,1130053632,1859665920,105398272,2504392704
2026-06-23T21:34:02.108274,17006837760,16249683968,757153792,4.5,13780271104,1130053632,1859665920,105398272,2504409088
2026-06-23T21:34:03.108939,17006837760,16249683968,757153792,4.5,13780271104,1130053632,1859665920,105398272,2504425472
2026-06-23T21:34:04.109840,17006837760,16254369792,752467968,4.4,13784956928,1130053632,1859665920,105398272,2504425472
2026-06-23T21:34:05.110457,17006837760,16255254528,751583232,4.4,13785841664,1130053632,1859665920,105398272,2504441856
2026-06-23T21:34:06.110978,17006837760,16254304256,752533504,4.4,13784891392,1130053632,1859665920,105414656,2504458240
2026-06-23T21:34:07.111418,17006837760,16256368640,750469120,4.4,13786955776,1130053632,1859665920,105414656,2504458240
2026-06-23T21:34:08.118804,17006837760,16252764160,754073600,4.4,13783285760,1131429888,1859731456,105414656,2504474624
2026-06-23T21:34:09.119963,17006837760,16255123456,751714304,4.4,13785645056,1124646912,1859731456,105414656,2504491008
2026-06-23T21:34:10.120978,17006837760,16253485056,753352704,4.4,13783990272,1125138432,1859747840,105414656,2504491008
2026-06-23T21:34:11.121473,17006837760,16254959616,751878144,4.4,13785399296,1125466112,1859813376,105431040,2504507392
2026-06-23T21:34:12.122347,17006837760,16256270336,750567424,4.4,13786710016,1125466112,1859813376,105431040,2504507392
2026-06-23T21:34:13.123019,17006837760,16254550016,752287744,4.4,13784989696,1125466112,1859813376,105431040,2504523776
2026-06-23T21:34:14.123357,17006837760,16254287872,752549888,4.4,13784727552,1125466112,1859813376,105431040,2504540160
2026-06-23T21:34:15.123788,17006837760,16256712704,750125056,4.4,13787152384,1125466112,1859813376,105431040,2504540160
2026-06-23T21:34:16.127540,17006837760,16255385600,751452160,4.4,13785776128,1126940672,1859862528,105431040,2504556544
2026-06-23T21:34:17.130558,17006837760,16239984640,766853120,4.5,13770358784,1140244480,1859878912,105431040,2504556544
2026-06-23T21:34:18.136976,17006837760,16223059968,783777792,4.6,13753417728,1151025152,1859895296,105431040,2504572928
2026-06-23T21:34:19.140358,17006837760,16179527680,827310080,4.9,13709885440,1170866176,1859895296,105431040,2504572928
2026-06-23T21:34:20.140946,17006837760,16176627712,830210048,4.9,13706969088,1172373504,1859911680,105431040,2504589312
2026-06-23T21:34:21.148543,17006837760,16178020352,828817408,4.9,13708361728,1172373504,1859911680,105463808,2504589312
2026-06-23T21:34:22.152210,17006837760,16184033280,822804480,4.8,13714374656,1172373504,1859911680,105463808,2504622080
2026-06-23T21:34:23.157562,17006837760,16174432256,832405504,4.9,13704740864,1172848640,1859944448,105463808,2504622080
2026-06-23T21:34:24.162172,17006837760,16176660480,830177280,4.9,13706969088,1172848640,1859944448,105463808,2504638464
2026-06-23T21:34:25.164388,17006837760,16178495488,828342272,4.9,13708804096,1172848640,1859944448,105463808,2504654848
2026-06-23T21:34:26.179373,17006837760,16193650688,813187072,4.8,13723893760,1165770752,1860009984,105463808,2504654848
2026-06-23T21:34:27.189714,17006837760,16200744960,806092800,4.7,13730971648,1157201920,1860009984,105463808,2504687616
2026-06-23T21:34:28.193884,17006837760,16215293952,791543808,4.7,13745504256,1148141568,1860026368,105463808,2504704000
2026-06-23T21:34:29.197625,17006837760,16219734016,787103744,4.6,13749944320,1148141568,1860026368,105463808,2504704000
2026-06-23T21:34:30.215188,17006837760,16222289920,784547840,4.6,13752500224,1148141568,1860026368,105463808,2504720384
2026-06-23T21:34:31.215747,17006837760,16236216320,770621440,4.5,13766410240,1139310592,1860042752,105480192,2504736768
2026-06-23T21:34:32.216213,17006837760,16248766464,758071296,4.5,13778960384,1127743488,1860042752,105480192,2504736768
2026-06-23T21:34:33.216554,17006837760,16249667584,757170176,4.5,13779861504,1127743488,1860042752,105480192,2504753152
2026-06-23T21:34:34.216968,17006837760,16251961344,754876416,4.4,13782155264,1127743488,1860042752,105480192,2504769536
2026-06-23T21:34:35.217479,17006837760,16252813312,754024448,4.4,13782974464,1128218624,1860075520,105480192,2504769536
2026-06-23T21:34:36.220643,17006837760,16254074880,752762880,4.4,13784236032,1128218624,1860075520,105496576,2504785920
2026-06-23T21:34:37.221333,17006837760,16253009920,753827840,4.4,13783171072,1128218624,1860075520,105496576,2504802304
2026-06-23T21:34:38.221857,17006837760,16252469248,754368512,4.4,13782597632,1129037824,1860108288,105496576,2504802304
2026-06-23T21:34:39.222374,17006837760,16250880000,755957760,4.4,13781008384,1129037824,1860108288,105496576,2504818688
2026-06-23T21:34:40.223891,17006837760,16254713856,752123904,4.4,13784842240,1129037824,1860108288,105496576,2504818688
2026-06-23T21:34:41.224249,17006837760,16252747776,754089984,4.4,13782876160,1129037824,1860108288,105512960,2504835072
2026-06-23T21:34:42.226143,17006837760,16248684544,758153216,4.5,13778714624,1131986944,1860206592,105512960,2504851456
2026-06-23T21:34:43.234391,17006837760,16245456896,761380864,4.5,13775470592,1133494272,1860222976,105512960,2504851456
2026-06-23T21:34:44.235338,17006837760,16246652928,760184832,4.5,13776666624,1133494272,1860222976,105512960,2504867840
2026-06-23T21:34:45.236184,17006837760,16250093568,756744192,4.4,13780107264,1133494272,1860222976,105512960,2504884224
2026-06-23T21:34:46.237062,17006837760,16250093568,756744192,4.4,13780107264,1133494272,1860222976,105512960,2504884224
2026-06-23T21:34:47.237909,17006837760,16248373248,758464512,4.5,13778386944,1134002176,1860222976,105512960,2504900608
2026-06-23T21:34:48.240992,17006837760,16243163136,763674624,4.5,13773111296,1135345664,1860288512,105512960,2504900608
2026-06-23T21:34:49.252008,17006837760,16234184704,772653056,4.5,13764100096,1143390208,1860304896,105512960,2504933376
2026-06-23T21:34:50.253364,17006837760,16235200512,771637248,4.5,13765115904,1143390208,1860304896,105512960,2504949760
2026-06-23T21:34:51.254227,17006837760,16239296512,767541248,4.5,13769211904,1143390208,1860304896,105545728,2504949760
2026-06-23T21:34:52.256031,17006837760,16247947264,758890496,4.5,13777829888,1128497152,1860337664,105545728,2504966144
2026-06-23T21:34:53.256965,17006837760,16248209408,758628352,4.5,13778092032,1128497152,1860337664,105545728,2504982528
2026-06-23T21:34:54.259335,17006837760,16241475584,765362176,4.5,13771309056,1132740608,1860386816,105545728,2504982528
2026-06-23T21:34:55.265221,17006837760,16222765056,784072704,4.6,13752582144,1149747200,1860403200,105545728,2504998912
2026-06-23T21:34:56.270926,17006837760,16199909376,806928384,4.7,13729726464,1168326656,1860403200,105545728,2505015296
2026-06-23T21:34:57.282505,17006837760,16188391424,818446336,4.8,13718192128,1182973952,1860419584,105545728,2505015296
2026-06-23T21:34:58.302656,17006837760,16164077568,842760192,5.0,13693861888,1194606592,1860435968,105545728,2505031680
2026-06-23T21:34:59.305643,17006837760,16134373376,872464384,5.1,13664157696,1212612608,1860435968,105545728,2505031680
2026-06-23T21:35:00.323298,17006837760,16113729536,893108224,5.3,13643497472,1221525504,1860452352,105545728,2505048064
2026-06-23T21:35:01.336051,17006837760,16103456768,903380992,5.3,13633208320,1236959232,1860468736,105562112,2505048064
2026-06-23T21:35:02.348200,17006837760,16075538432,931299328,5.5,13605273600,1249132544,1860485120,105562112,2505064448
2026-06-23T21:35:03.363213,17006837760,16049324032,957513728,5.6,13579059200,1269956608,1860485120,105562112,2505064448
2026-06-23T21:35:04.367852,17006837760,16053780480,953057280,5.6,13583515648,1273249792,1860485120,105562112,2505080832
2026-06-23T21:35:05.375360,17006837760,16060399616,946438144,5.6,13590118400,1273741312,1860501504,105562112,2505097216
2026-06-23T21:35:06.386552,17006837760,16066117632,940720128,5.5,13595836416,1273741312,1860501504,105578496,2505097216
2026-06-23T21:35:07.390651,17006837760,16066166784,940670976,5.5,13595885568,1273741312,1860501504,105578496,2505113600
2026-06-23T21:35:08.394887,17006837760,16073293824,933543936,5.5,13602996224,1274200064,1860517888,105578496,2505129984
2026-06-23T21:35:09.398780,17006837760,16075079680,931758080,5.5,13604732928,1277640704,1860567040,105578496,2505129984
2026-06-23T21:35:10.409933,17006837760,16069558272,937279488,5.5,13599195136,1286782976,1860583424,105578496,2505146368
2026-06-23T21:35:11.418505,17006837760,16070672384,936165376,5.5,13600309248,1286782976,1860583424,105594880,2505162752
2026-06-23T21:35:12.427114,17006837760,16077504512,929333248,5.5,13607141376,1286782976,1860583424,105594880,2505162752
2026-06-23T21:35:13.433386,17006837760,16080453632,926384128,5.4,13610074112,1287077888,1860599808,105594880,2505179136
2026-06-23T21:35:14.435519,17006837760,16082042880,924794880,5.4,13611663360,1287077888,1860599808,105594880,2505195520
2026-06-23T21:35:15.444649,17006837760,16085303296,921534464,5.4,13614923776,1287077888,1860599808,105594880,2505195520
2026-06-23T21:35:16.457627,17006837760,16086368256,920469504,5.4,13615955968,1287553024,1860632576,105594880,2505211904
2026-06-23T21:35:17.458822,17006837760,16085778432,921059328,5.4,13615366144,1288044544,1860632576,105594880,2505211904
2026-06-23T21:35:18.466321,17006837760,16086237184,920600576,5.4,13615824896,1288044544,1860632576,105594880,2505228288
2026-06-23T21:35:19.472767,17006837760,16086597632,920240128,5.4,13616168960,1288093696,1860648960,105594880,2505244672
2026-06-23T21:35:20.475241,17006837760,16086843392,919994368,5.4,13616414720,1288093696,1860648960,105594880,2505244672
2026-06-23T21:35:21.478085,17006837760,16088285184,918552576,5.4,13617856512,1288093696,1860648960,105627648,2505261056
2026-06-23T21:35:22.479925,17006837760,16088268800,918568960,5.4,13617807360,1288142848,1860681728,105627648,2505277440
2026-06-23T21:35:23.481524,17006837760,16087384064,919453696,5.4,13616840704,1289158656,1860763648,105627648,2505277440
2026-06-23T21:35:24.492894,17006837760,16084811776,922025984,5.4,13614268416,1293533184,1860763648,105627648,2505293824
2026-06-23T21:35:25.497106,17006837760,16069443584,937394176,5.5,13598883840,1306542080,1860780032,105627648,2505293824
2026-06-23T21:35:26.513052,17006837760,16070246400,936591360,5.5,13599653888,1298300928,1860796416,105627648,2505326592
2026-06-23T21:35:27.513633,17006837760,16068132864,938704896,5.5,13597540352,1300332544,1860796416,105627648,2505326592
2026-06-23T21:35:28.519664,17006837760,16069935104,936902656,5.5,13599342592,1300332544,1860796416,105627648,2505342976
2026-06-23T21:35:29.522502,17006837760,16072720384,934117376,5.5,13602127872,1300332544,1860796416,105627648,2505359360
2026-06-23T21:35:30.530991,17006837760,16072540160,934297600,5.5,13601947648,1300332544,1860796416,105627648,2505375744
2026-06-23T21:35:31.538283,17006837760,16073064448,933773312,5.5,13602471936,1300709376,1860796416,105644032,2505375744
2026-06-23T21:35:32.561680,17006837760,16067362816,939474944,5.5,13596704768,1306738688,1860861952,105644032,2505392128
2026-06-23T21:35:33.569172,17006837760,16061104128,945733632,5.6,13590429696,1314586624,1860878336,105644032,2505392128
2026-06-23T21:35:34.572033,17006837760,16045506560,961331200,5.7,13574832128,1323220992,1860878336,105644032,2505408512
2026-06-23T21:35:35.572990,17006837760,16037658624,969179136,5.7,13566967808,1333821440,1860894720,105644032,2505408512
2026-06-23T21:35:36.577403,17006837760,16037789696,969048064,5.7,13567098880,1334837248,1860894720,105660416,2505408512
2026-06-23T21:35:37.584982,17006837760,16039854080,966983680,5.7,13569163264,1334837248,1860894720,105660416,2505441280
2026-06-23T21:35:38.585836,17006837760,16043540480,963297280,5.7,13572849664,1334837248,1860894720,105660416,2505441280
2026-06-23T21:35:39.590040,17006837760,16042016768,964820992,5.7,13571325952,1334837248,1860894720,105660416,2505457664
2026-06-23T21:35:40.592342,17006837760,16042704896,964132864,5.7,13571997696,1335328768,1860911104,105660416,2505457664
2026-06-23T21:35:41.594944,17006837760,16045244416,961593344,5.7,13574537216,1335328768,1860911104,105676800,2505474048
2026-06-23T21:35:42.602132,17006837760,16042459136,964378624,5.7,13571751936,1335328768,1860911104,105676800,2505490432
2026-06-23T21:35:43.603123,17006837760,16041148416,965689344,5.7,13570441216,1335328768,1860911104,105676800,2505490432
2026-06-23T21:35:44.605037,17006837760,16042164224,964673536,5.7,13571457024,1335328768,1860911104,105676800,2505506816
2026-06-23T21:35:45.730601,17006837760,16042098688,964739072,5.7,13571325952,1335672832,1860976640,105676800,2505523200
2026-06-23T21:35:46.733529,17006837760,16042983424,963854336,5.7,13572194304,1336098816,1860993024,105676800,2505523200
2026-06-23T21:35:47.735765,17006837760,16045096960,961740800,5.7,13574258688,1336557568,1861042176,105676800,2505539584
2026-06-23T21:35:48.737291,17006837760,16046424064,960413696,5.6,13575585792,1336557568,1861042176,105676800,2505539584
2026-06-23T21:35:49.741617,17006837760,16044638208,962199552,5.7,13573799936,1336639488,1861042176,105676800,2505555968
2026-06-23T21:35:50.742642,17006837760,16041377792,965459968,5.7,13570523136,1336639488,1861042176,105676800,2505588736
2026-06-23T21:35:51.758032,17006837760,16043098112,963739648,5.7,13572243456,1336639488,1861042176,105709568,2505588736
2026-06-23T21:35:52.762848,17006837760,16041705472,965132288,5.7,13570850816,1336639488,1861042176,105709568,2505605120
2026-06-23T21:35:53.771224,17006837760,16043212800,963624960,5.7,13572308992,1337098240,1861091328,105709568,2505621504
2026-06-23T21:35:54.773481,17006837760,16045195264,961642496,5.7,13574291456,1337212928,1861091328,105709568,2505621504
2026-06-23T21:35:55.792786,17006837760,16044474368,962363392,5.7,13573570560,1337212928,1861091328,105709568,2505637888
2026-06-23T21:35:56.799285,17006837760,16043311104,963526656,5.7,13572407296,1337212928,1861091328,105709568,2505637888
2026-06-23T21:35:57.810206,17006837760,16038936576,967901184,5.7,13568032768,1337212928,1861091328,105709568,2505654272
2026-06-23T21:35:58.815112,17006837760,16040558592,966279168,5.7,13569654784,1337212928,1861091328,105709568,2505670656
2026-06-23T21:35:59.818865,17006837760,16041820160,965017600,5.7,13570867200,1337671680,1861140480,105709568,2505670656
2026-06-23T21:36:00.820516,17006837760,16032792576,974045184,5.7,13561839616,1337671680,1861140480,105709568,2505687040
2026-06-23T21:36:01.824079,17006837760,16025452544,981385216,5.8,13554499584,1337671680,1861140480,105725952,2505703424
2026-06-23T21:36:02.824992,17006837760,16027156480,979681280,5.8,13556187136,1338163200,1861156864,105725952,2505703424
2026-06-23T21:36:03.828388,17006837760,16027680768,979156992,5.8,13556711424,1338163200,1861156864,105725952,2505719808
2026-06-23T21:36:04.844656,17006837760,16028647424,978190336,5.8,13557678080,1338163200,1861156864,105725952,2505736192
2026-06-23T21:36:05.848303,17006837760,16031121408,975716352,5.7,13560070144,1338507264,1861238784,105725952,2505736192
2026-06-23T21:36:06.849260,17006837760,16032366592,974471168,5.7,13561315328,1338507264,1861238784,105742336,2505752576
2026-06-23T21:36:07.850087,17006837760,16033972224,972865536,5.7,13562920960,1338507264,1861238784,105742336,2505752576
2026-06-23T21:36:08.853706,17006837760,16034234368,972603392,5.7,13563183104,1338507264,1861238784,105742336,2505768960
2026-06-23T21:36:09.866451,17006837760,16028123136,978714624,5.8,13557006336,1339441152,1861304320,105742336,2505768960
2026-06-23T21:36:10.871037,17006837760,16029515776,977321984,5.7,13558349824,1339867136,1861353472,105742336,2505785344
2026-06-23T21:36:11.901792,17006837760,16030679040,976158720,5.7,13559513088,1339867136,1861353472,105758720,2505801728
2026-06-23T21:36:12.902424,17006837760,16034217984,972619776,5.7,13563019264,1340342272,1861386240,105758720,2505801728
2026-06-23T21:36:13.910194,17006837760,16033988608,972849152,5.7,13562789888,1340342272,1861386240,105758720,2505818112
2026-06-23T21:36:14.913278,17006837760,16028499968,978337792,5.8,13557301248,1340342272,1861386240,105758720,2505818112
2026-06-23T21:36:15.915352,17006837760,16026042368,980795392,5.8,13554843648,1340342272,1861386240,105758720,2505834496
2026-06-23T21:36:16.918348,17006837760,16031301632,975536128,5.7,13560102912,1340342272,1861386240,105775104,2505850880
2026-06-23T21:36:17.921963,17006837760,16033775616,973062144,5.7,13562576896,1340342272,1861386240,105775104,2505850880
2026-06-23T21:36:18.923167,17006837760,16035676160,971161600,5.7,13564477440,1340342272,1861386240,105775104,2505867264
2026-06-23T21:36:19.924078,17006837760,16035332096,971505664,5.7,13564100608,1341145088,1861419008,105775104,2505883648
2026-06-23T21:36:20.926624,17006837760,16032727040,974110720,5.7,13561495552,1341145088,1861419008,105775104,2505883648
2026-06-23T21:36:21.928608,17006837760,16034578432,972259328,5.7,13563346944,1341145088,1861419008,105791488,2505900032
2026-06-23T21:36:22.940874,17006837760,16035528704,971309056,5.7,13564248064,1341669376,1861468160,105791488,2505916416
2026-06-23T21:36:23.946062,17006837760,16035561472,971276288,5.7,13564280832,1341669376,1861468160,105791488,2505916416
2026-06-23T21:36:24.948596,17006837760,16034398208,972439552,5.7,13563117568,1341669376,1861468160,105791488,2505932800
2026-06-23T21:36:25.949817,17006837760,16036872192,969965568,5.7,13565591552,1341669376,1861468160,105791488,2505949184
2026-06-23T21:36:26.968983,17006837760,16036626432,970211328,5.7,13565345792,1341669376,1861468160,105807872,2505965568
2026-06-23T21:36:27.970399,17006837760,16035840000,970997760,5.7,13564477440,1342242816,1861550080,105807872,2505965568
2026-06-23T21:36:28.975624,17006837760,16034643968,972193792,5.7,13563265024,1342242816,1861550080,105807872,2505998336
2026-06-23T21:36:29.977383,17006837760,16033824768,973012992,5.7,13562445824,1342242816,1861550080,105807872,2505998336
2026-06-23T21:36:30.982413,17006837760,16035217408,971620352,5.7,13563805696,1342619648,1861582848,105807872,2506014720
2026-06-23T21:36:31.983032,17006837760,16035921920,970915840,5.7,13564510208,1342619648,1861582848,105807872,2506031104
2026-06-23T21:36:32.986823,17006837760,16035282944,971554816,5.7,13563871232,1342619648,1861582848,105807872,2506047488
2026-06-23T21:36:33.993906,17006837760,16037396480,969441280,5.7,13565935616,1343078400,1861632000,105807872,2506047488
2026-06-23T21:36:34.995846,17006837760,16036954112,969883648,5.7,13565493248,1343078400,1861632000,105807872,2506162176
2026-06-23T21:36:36.010111,17006837760,16037036032,969801728,5.7,13565575168,1343078400,1861632000,105807872,2506178560
2026-06-23T21:36:37.029654,17006837760,16038871040,967966720,5.7,13567410176,1343078400,1861632000,105824256,2506178560
2026-06-23T21:36:38.036437,17006837760,16037855232,968982528,5.7,13566345216,1343864832,1861681152,105824256,2506194944
2026-06-23T21:36:39.042637,17006837760,16032579584,974258176,5.7,13560938496,1344241664,1861812224,105824256,2506211328
2026-06-23T21:36:40.044265,17006837760,16033103872,973733888,5.7,13561462784,1344241664,1861812224,105824256,2506227712
2026-06-23T21:36:41.060510,17006837760,16036134912,970702848,5.7,13564493824,1344372736,1861812224,105824256,2506227712
2026-06-23T21:36:42.071763,17006837760,16035151872,971685888,5.7,13563510784,1344372736,1861812224,105840640,2506244096
2026-06-23T21:36:43.072904,17006837760,16033939456,972898304,5.7,13562298368,1344372736,1861812224,105840640,2506260480
2026-06-23T21:36:44.074121,17006837760,16040148992,966688768,5.7,13568475136,1337163776,1861844992,105840640,2506276864
2026-06-23T21:36:45.080555,17006837760,16139599872,867237888,5.1,13667876864,1214824448,1861894144,105840640,2506293248
2026-06-23T21:36:46.088457,17006837760,16140943360,865894400,5.1,13669171200,1217101824,1861943296,105840640,2506293248
2026-06-23T21:36:47.110205,17006837760,16141205504,865632256,5.1,13669433344,1217118208,1861943296,105857024,2506309632
2026-06-23T21:36:48.114820,17006837760,16141942784,864894976,5.1,13670170624,1217118208,1861943296,105857024,2506326016
2026-06-23T21:36:49.121306,17006837760,16146759680,860078080,5.1,13674987520,1217118208,1861943296,105857024,2506342400
2026-06-23T21:36:50.121717,17006837760,16147415040,859422720,5.1,13675642880,1217118208,1861943296,105857024,2506342400
2026-06-23T21:36:51.123329,17006837760,16148037632,858800128,5.0,13676199936,1217314816,1862008832,105857024,2506358784
2026-06-23T21:36:52.131355,17006837760,16145793024,861044736,5.1,13673938944,1222688768,1862025216,105873408,2506342400
2026-06-23T21:36:53.133876,17006837760,16146710528,860127232,5.1,13674823680,1224687616,1862057984,105873408,2506375168
2026-06-23T21:36:54.134297,17006837760,16141664256,865173504,5.1,13669777408,1224687616,1862057984,105873408,2506391552
2026-06-23T21:36:55.139763,17006837760,16143958016,862879744,5.1,13672071168,1224687616,1862057984,105873408,2506407936
2026-06-23T21:36:56.140353,17006837760,16144449536,862388224,5.1,13672562688,1224687616,1862057984,105873408,2506407936
2026-06-23T21:36:57.141459,17006837760,16147333120,859504640,5.1,13675446272,1225195520,1862057984,105889792,2506424320
2026-06-23T21:36:58.144218,17006837760,16147972096,858865664,5.1,13676085248,1225195520,1862057984,105889792,2506440704
2026-06-23T21:36:59.144627,17006837760,16147988480,858849280,5.1,13676101632,1225195520,1862057984,105889792,2506440704
2026-06-23T21:37:00.153644,17006837760,16148774912,858062848,5.0,13676855296,1225719808,1862090752,105889792,2506457088
2026-06-23T21:37:01.161365,17006837760,16149643264,857194496,5.0,13677690880,1226309632,1862123520,105889792,2506457088
2026-06-23T21:37:02.163310,17006837760,16147890176,858947584,5.1,13675937792,1226309632,1862123520,105889792,2506473472
2026-06-23T21:37:03.164993,17006837760,16147742720,859095040,5.1,13675790336,1226309632,1862123520,105889792,2506489856
2026-06-23T21:37:04.166265,17006837760,16150593536,856244224,5.0,13678641152,1226309632,1862123520,105889792,2506489856
2026-06-23T21:37:05.166614,17006837760,16151003136,855834624,5.0,13679050752,1226309632,1862123520,105889792,2506506240
2026-06-23T21:37:06.171474,17006837760,16152199168,854638592,5.0,13680181248,1226752000,1862189056,105889792,2506522624
2026-06-23T21:37:07.175449,17006837760,16153673728,853164032,5.0,13681655808,1226752000,1862189056,105906176,2506522624
2026-06-23T21:37:08.194537,17006837760,16153411584,853426176,5.0,13681377280,1227227136,1862205440,105906176,2506539008
2026-06-23T21:37:09.195548,17006837760,16153198592,853639168,5.0,13681131520,1227702272,1862238208,105906176,2506539008
2026-06-23T21:37:10.196277,17006837760,16153198592,853639168,5.0,13681131520,1227702272,1862238208,105906176,2506555392
2026-06-23T21:37:11.196782,17006837760,16155361280,851476480,5.0,13683294208,1227767808,1862238208,105906176,2506571776
2026-06-23T21:37:12.203881,17006837760,16153575424,853262336,5.0,13681508352,1227767808,1862238208,105922560,2506571776
2026-06-23T21:37:13.204883,17006837760,16154542080,852295680,5.0,13682475008,1227767808,1862238208,105922560,2506588160
2026-06-23T21:37:14.205212,17006837760,16153329664,853508096,5.0,13681262592,1227767808,1862238208,105922560,2506604544
2026-06-23T21:37:15.224527,17006837760,16154296320,852541440,5.0,13682212864,1227866112,1862254592,105922560,2506604544
2026-06-23T21:37:16.238155,17006837760,16154427392,852410368,5.0,13682343936,1227866112,1862254592,105922560,2506620928
2026-06-23T21:37:17.239127,17006837760,16156999680,849838080,5.0,13684916224,1227866112,1862254592,105938944,2506637312
2026-06-23T21:37:18.239656,17006837760,16154607616,852230144,5.0,13682491392,1228341248,1862287360,105938944,2506637312
2026-06-23T21:37:19.247092,17006837760,16153706496,853131264,5.0,13681508352,1228767232,1862369280,105938944,2506653696
2026-06-23T21:37:20.247969,17006837760,16156000256,850837504,5.0,13683802112,1228767232,1862369280,105938944,2506653696
2026-06-23T21:37:21.251543,17006837760,16157310976,849526784,5.0,13685096448,1229258752,1862385664,105938944,2506670080
2026-06-23T21:37:22.260696,17006837760,16148496384,858341376,5.0,13676249088,1233092608,1862418432,105955328,2506670080
2026-06-23T21:37:23.263536,17006837760,16133554176,873283584,5.1,13661274112,1243594752,1862451200,105955328,2506686464
2026-06-23T21:37:24.274977,17006837760,16124723200,882114560,5.2,13652443136,1248509952,1862451200,105955328,2506686464
2026-06-23T21:37:25.299855,17006837760,16114417664,892420096,5.2,13642121216,1259667456,1862467584,105955328,2506702848
2026-06-23T21:37:26.303382,17006837760,16100917248,905920512,5.3,13628620800,1268908032,1862467584,105955328,2506702848
2026-06-23T21:37:27.305535,17006837760,16100917248,905920512,5.3,13628620800,1268908032,1862467584,105971712,2506719232
2026-06-23T21:37:28.316159,17006837760,16105848832,900988928,5.3,13633536000,1269399552,1862483968,105971712,2506735616
2026-06-23T21:37:29.329815,17006837760,16105947136,900890624,5.3,13633634304,1269399552,1862483968,105971712,2506735616
2026-06-23T21:37:30.330798,17006837760,16106848256,899989504,5.3,13634535424,1269907456,1862483968,105971712,2506752000
2026-06-23T21:37:31.339453,17006837760,16107978752,898859008,5.3,13635633152,1270382592,1862516736,105971712,2506768384
2026-06-23T21:37:32.340155,17006837760,16109076480,897761280,5.3,13636730880,1270382592,1862516736,105971712,2506768384
2026-06-23T21:37:33.355475,17006837760,16109568000,897269760,5.3,13637222400,1270382592,1862516736,105971712,2506784768
2026-06-23T21:37:34.368393,17006837760,16106995712,899842048,5.3,13634650112,1270382592,1862516736,105971712,2506784768
2026-06-23T21:37:35.370085,17006837760,16132177920,874659840,5.1,13659799552,1238712320,1862549504,105971712,2506801152
2026-06-23T21:37:36.370527,17006837760,16135454720,871383040,5.1,13663076352,1238712320,1862549504,105971712,2506817536
2026-06-23T21:37:37.371080,17006837760,16136224768,870612992,5.1,13663846400,1238712320,1862549504,105988096,2506833920
2026-06-23T21:37:38.375150,17006837760,16137699328,869138432,5.1,13665320960,1238712320,1862549504,105988096,2506833920
2026-06-23T21:37:39.375596,17006837760,16140042240,866795520,5.1,13667663872,1238712320,1862549504,105988096,2506850304
2026-06-23T21:37:40.375971,17006837760,16141123584,865714176,5.1,13668712448,1239121920,1862582272,105988096,2506866688
2026-06-23T21:37:41.380952,17006837760,16139042816,867794944,5.1,13666631680,1239121920,1862582272,105988096,2506866688
2026-06-23T21:37:42.381337,17006837760,16140632064,866205696,5.1,13668220928,1239121920,1862582272,106004480,2506883072
2026-06-23T21:37:43.381649,17006837760,16141484032,865353728,5.1,13669072896,1239121920,1862582272,106004480,2506883072
2026-06-23T21:37:44.384043,17006837760,16143925248,862912512,5.1,13671514112,1239121920,1862582272,106004480,2506899456
2026-06-23T21:37:45.391013,17006837760,16144760832,862076928,5.1,13672267776,1239547904,1862664192,106004480,2506915840
2026-06-23T21:37:46.394436,17006837760,16154738688,852099072,5.0,13682180096,1225883648,1862729728,106004480,2506915840
2026-06-23T21:37:47.396430,17006837760,16153034752,853803008,5.0,13680459776,1228357632,1862746112,106020864,2506932224
2026-06-23T21:37:48.404962,17006837760,16140025856,866811904,5.1,13667434496,1238728704,1862762496,106020864,2506932224
2026-06-23T21:37:49.407685,17006837760,16128000000,878837760,5.2,13655392256,1249230848,1862778880,106020864,2506948608
2026-06-23T21:37:50.416593,17006837760,16109813760,897024000,5.3,13637206016,1263075328,1862778880,106020864,2506948608
2026-06-23T21:37:51.433772,17006837760,16094593024,912244736,5.4,13621968896,1273298944,1862795264,106020864,2506964992
2026-06-23T21:37:52.448402,17006837760,16084795392,922042368,5.4,13612154880,1281294336,1862811648,106037248,2506964992
2026-06-23T21:37:53.453232,17006837760,16072998912,933838848,5.5,13600358400,1288536064,1862811648,106037248,2506981376
2026-06-23T21:37:54.458567,17006837760,16061710336,945127424,5.6,13589053440,1295319040,1862828032,106037248,2506981376
2026-06-23T21:37:55.463355,17006837760,16061710336,945127424,5.6,13589053440,1295319040,1862828032,106037248,2506997760
2026-06-23T21:37:56.466784,17006837760,16066494464,940343296,5.5,13593837568,1295826944,1862828032,106037248,2506997760
2026-06-23T21:37:57.468271,17006837760,16060710912,946126848,5.6,13588021248,1296302080,1862860800,106053632,2507014144
2026-06-23T21:37:58.479939,17006837760,16053944320,952893440,5.6,13581254656,1296302080,1862860800,106053632,2507030528
2026-06-23T21:37:59.493543,17006837760,16059416576,947421184,5.6,13586726912,1296367616,1862860800,106053632,2507030528
2026-06-23T21:38:00.494683,17006837760,16061808640,945029120,5.6,13589102592,1296793600,1862877184,106053632,2507046912
2026-06-23T21:38:01.502060,17006837760,16063741952,943095808,5.5,13591019520,1296941056,1862893568,106053632,2507046912
2026-06-23T21:38:02.506487,17006837760,16069378048,937459712,5.5,13596655616,1296941056,1862893568,106053632,2507063296
2026-06-23T21:38:03.524044,17006837760,16072343552,934494208,5.5,13599621120,1296941056,1862893568,106053632,2507079680
2026-06-23T21:38:04.526856,17006837760,16074637312,932200448,5.5,13601914880,1296941056,1862893568,106053632,2507079680
2026-06-23T21:38:05.528209,17006837760,16078127104,928710656,5.5,13605404672,1296941056,1862893568,106053632,2507096064
2026-06-23T21:38:06.532035,17006837760,16078209024,928628736,5.5,13605486592,1296941056,1862893568,106053632,2507112448
2026-06-23T21:38:07.534197,17006837760,16098574336,908263424,5.3,13625802752,1277100032,1862942720,106070016,2507112448
2026-06-23T21:38:08.539593,17006837760,16099246080,907591680,5.3,13626458112,1277100032,1862942720,106070016,2507145216
2026-06-23T21:38:09.544395,17006837760,16101982208,904855552,5.3,13629194240,1277100032,1862942720,106070016,2507145216
2026-06-23T21:38:10.548945,17006837760,16104046592,902791168,5.3,13631258624,1277100032,1862942720,106070016,2507161600
2026-06-23T21:38:11.550036,17006837760,16104456192,902381568,5.3,13631635456,1277575168,1862975488,106070016,2507177984
2026-06-23T21:38:12.555839,17006837760,16117923840,888913920,5.2,13645037568,1264041984,1863041024,106086400,2507177984
2026-06-23T21:38:13.560848,17006837760,16111845376,894992384,5.3,13638959104,1264041984,1863041024,106086400,2507194368
2026-06-23T21:38:14.562805,17006837760,16109600768,897236992,5.3,13636714496,1264041984,1863041024,106086400,2507194368
2026-06-23T21:38:15.564480,17006837760,16110813184,896024576,5.3,13637910528,1264041984,1863041024,106086400,2507243520
2026-06-23T21:38:16.564908,17006837760,16111747072,895090688,5.3,13638844416,1264041984,1863041024,106086400,2507243520
2026-06-23T21:38:17.574488,17006837760,16133472256,873365504,5.1,13660520448,1238024192,1863090176,106102784,2507259904
2026-06-23T21:38:18.577326,17006837760,16135061504,871776256,5.1,13662109696,1238024192,1863090176,106102784,2507276288
2026-06-23T21:38:19.577715,17006837760,16140107776,866729984,5.1,13667155968,1238024192,1863090176,106102784,2507292672
2026-06-23T21:38:20.603509,17006837760,16139960320,866877440,5.1,13666959360,1238663168,1863139328,106102784,2507292672
2026-06-23T21:38:21.610849,17006837760,16129343488,877494272,5.2,13656309760,1246691328,1863172096,106102784,2507292672
2026-06-23T21:38:22.614662,17006837760,16125919232,880918528,5.2,13652885504,1252360192,1863172096,106102784,2507309056
2026-06-23T21:38:23.621224,17006837760,16127049728,879788032,5.2,13653999616,1252999168,1863188480,106102784,2507325440
2026-06-23T21:38:24.624889,17006837760,16128212992,878624768,5.2,13655162880,1245724672,1863188480,106102784,2507325440
2026-06-23T21:38:25.625338,17006837760,16131227648,875610112,5.1,13658177536,1245724672,1863188480,106102784,2507341824
2026-06-23T21:38:26.644240,17006837760,16132947968,873889792,5.1,13659897856,1245724672,1863188480,106102784,2507341824
2026-06-23T21:38:27.649340,17006837760,16133308416,873529344,5.1,13660258304,1245724672,1863188480,106135552,2507358208
2026-06-23T21:38:28.649837,17006837760,16133881856,872955904,5.1,13660831744,1245724672,1863188480,106135552,2507374592
2026-06-23T21:38:29.650254,17006837760,16133980160,872857600,5.1,13660930048,1245724672,1863188480,106135552,2507390976
2026-06-23T21:38:30.660054,17006837760,16139010048,867827712,5.1,13665845248,1239613440,1863303168,106135552,2507390976
2026-06-23T21:38:31.667670,17006837760,16136552448,870285312,5.1,13663387648,1244594176,1863303168,106135552,2507407360
2026-06-23T21:38:32.668223,17006837760,16136077312,870760448,5.1,13662896128,1245085696,1863319552,106151936,2507407360
2026-06-23T21:38:33.668618,17006837760,16138616832,868220928,5.1,13665435648,1238515712,1863319552,106151936,2507423744
2026-06-23T21:38:34.675348,17006837760,16140271616,866566144,5.1,13667090432,1238515712,1863319552,106151936,2507440128
2026-06-23T21:38:35.676105,17006837760,16139288576,867549184,5.1,13666107392,1238515712,1863319552,106151936,2507440128
2026-06-23T21:38:36.676552,17006837760,16138911744,867926016,5.1,13665697792,1238827008,1863352320,106151936,2507456512
2026-06-23T21:38:37.686872,17006837760,16139632640,867205120,5.1,13666353152,1241251840,1863417856,106168320,2507472896
2026-06-23T21:38:38.692812,17006837760,16138403840,868433920,5.1,13665124352,1243791360,1863417856,106168320,2507472896
2026-06-23T21:38:39.698043,17006837760,16136437760,870400000,5.1,13663158272,1243791360,1863417856,106168320,2507489280
2026-06-23T21:38:40.702813,17006837760,16145514496,861323264,5.1,13672235008,1236680704,1863417856,106168320,2507505664
2026-06-23T21:38:41.703119,17006837760,16146251776,860585984,5.1,13672972288,1236680704,1863417856,106168320,2507505664
2026-06-23T21:38:42.703659,17006837760,16149266432,857571328,5.0,13675986944,1236680704,1863417856,106184704,2507522048
2026-06-23T21:38:43.704919,17006837760,16148152320,858685440,5.0,13674872832,1236680704,1863417856,106184704,2507538432
2026-06-23T21:38:44.705884,17006837760,16148234240,858603520,5.0,13674954752,1236680704,1863417856,106184704,2507538432
2026-06-23T21:38:45.709053,17006837760,16146825216,860012544,5.1,13673463808,1239138304,1863499776,106184704,2507538432
2026-06-23T21:38:46.720558,17006837760,16146087936,860749824,5.1,13672726528,1239138304,1863499776,106184704,2507554816
2026-06-23T21:38:47.721955,17006837760,16149364736,857473024,5.0,13676003328,1239138304,1863499776,106184704,2507571200
2026-06-23T21:38:48.722502,17006837760,16144711680,862126080,5.1,13671350272,1239138304,1863499776,106184704,2507587584
2026-06-23T21:38:49.731493,17006837760,16143237120,863600640,5.1,13669875712,1239138304,1863499776,106184704,2507587584
2026-06-23T21:38:50.731926,17006837760,16144203776,862633984,5.1,13670842368,1239138304,1863499776,106184704,2507603968
2026-06-23T21:38:51.732592,17006837760,16143466496,863371264,5.1,13670105088,1239138304,1863499776,106184704,2507620352
2026-06-23T21:38:52.733183,17006837760,16141762560,865075200,5.1,13668384768,1239629824,1863516160,106201088,2507620352
2026-06-23T21:38:53.735043,17006837760,16140894208,865943552,5.1,13667450880,1240399872,1863581696,106201088,2507636736
2026-06-23T21:38:54.735807,17006837760,16140419072,866418688,5.1,13666959360,1240891392,1863598080,106201088,2507636736
2026-06-23T21:38:55.743629,17006837760,16142139392,864698368,5.1,13668679680,1240891392,1863598080,106201088,2507653120
2026-06-23T21:38:56.744085,17006837760,16141271040,865566720,5.1,13667811328,1240891392,1863598080,106201088,2507669504
2026-06-23T21:38:57.745187,17006837760,16142450688,864387072,5.1,13668990976,1240891392,1863598080,106217472,2507669504
2026-06-23T21:38:58.746041,17006837760,16142663680,864174080,5.1,13669187584,1240956928,1863614464,106217472,2507685888
2026-06-23T21:38:59.751714,17006837760,16141172736,865665024,5.1,13667696640,1240956928,1863614464,106217472,2507702272
2026-06-23T21:39:00.760532,17006837760,16140812288,866025472,5.1,13667336192,1240956928,1863614464,106217472,2507702272
2026-06-23T21:39:01.772128,17006837760,16140795904,866041856,5.1,13667237888,1241694208,1863696384,106217472,2507718656
2026-06-23T21:39:02.776036,17006837760,16140353536,866484224,5.1,13666795520,1241694208,1863696384,106233856,2507718656
2026-06-23T21:39:03.785408,17006837760,16139845632,866992128,5.1,13666287616,1241694208,1863696384,106233856,2507735040
2026-06-23T21:39:04.788688,17006837760,16141254656,865583104,5.1,13667696640,1241694208,1863696384,106233856,2507751424
2026-06-23T21:39:05.789220,17006837760,16141697024,865140736,5.1,13668139008,1241694208,1863696384,106233856,2507751424
2026-06-23T21:39:06.794146,17006837760,16142237696,864600064,5.1,13668679680,1241694208,1863696384,106233856,2507767808
2026-06-23T21:39:07.805537,17006837760,16138354688,868483072,5.1,13664714752,1243971584,1863778304,106250240,2507784192
2026-06-23T21:39:08.811247,17006837760,16133931008,872906752,5.1,13660291072,1244479488,1863778304,106250240,2507784192
2026-06-23T21:39:09.814833,17006837760,16132587520,874250240,5.1,13658914816,1244954624,1863811072,106250240,2507800576
2026-06-23T21:39:10.818792,17006837760,16134602752,872235008,5.1,13660930048,1244954624,1863811072,106250240,2507800576
2026-06-23T21:39:11.819669,17006837760,16137175040,869662720,5.1,13663502336,1244954624,1863811072,106250240,2507816960
2026-06-23T21:39:12.826226,17006837760,16136798208,870039552,5.1,13663125504,1244954624,1863811072,106266624,2507833344
2026-06-23T21:39:13.827399,17006837760,16137601024,869236736,5.1,13663928320,1244954624,1863811072,106266624,2507833344
2026-06-23T21:39:14.833345,17006837760,16138813440,868024320,5.1,13665140736,1244954624,1863811072,106266624,2507849728
2026-06-23T21:39:15.833735,17006837760,16140795904,866041856,5.1,13667123200,1244954624,1863811072,106266624,2507866112
2026-06-23T21:39:16.838160,17006837760,16139272192,867565568,5.1,13665550336,1245724672,1863860224,106266624,2507866112
2026-06-23T21:39:17.889026,17006837760,16134914048,871923712,5.1,13661126656,1246674944,1863925760,106266624,2507882496
2026-06-23T21:39:18.889908,17006837760,16131981312,874856448,5.1,13658193920,1248854016,1863925760,106266624,2507882496
2026-06-23T21:39:19.898818,17006837760,16131784704,875053056,5.1,13657980928,1249361920,1863925760,106266624,2507915264
2026-06-23T21:39:20.905113,17006837760,16132767744,874070016,5.1,13658963968,1249361920,1863925760,106266624,2507915264
2026-06-23T21:39:21.911722,17006837760,16135602176,871235584,5.1,13661798400,1249869824,1863925760,106266624,2507931648
2026-06-23T21:39:22.917277,17006837760,16135012352,871825408,5.1,13661208576,1249869824,1863925760,106283008,2507948032
2026-06-23T21:39:23.919029,17006837760,16134242304,872595456,5.1,13660438528,1249869824,1863925760,106283008,2507948032
2026-06-23T21:39:24.922403,17006837760,16134848512,871989248,5.1,13661011968,1249935360,1863958528,106283008,2507964416
2026-06-23T21:39:25.927504,17006837760,16130408448,876429312,5.2,13656539136,1253638144,1863991296,106283008,2507980800
2026-06-23T21:39:26.950670,17006837760,16129458176,877379584,5.2,13655556096,1254375424,1864024064,106283008,2507980800
2026-06-23T21:39:27.954191,17006837760,16127754240,879083520,5.2,13653852160,1254375424,1864024064,106299392,2507980800
2026-06-23T21:39:28.955947,17006837760,16129212416,877625344,5.2,13655310336,1254375424,1864024064,106299392,2507997184
2026-06-23T21:39:29.957512,17006837760,16136732672,870105088,5.1,13662814208,1245577216,1864040448,106299392,2508013568
2026-06-23T21:39:30.958051,17006837760,16137502720,869335040,5.1,13663584256,1245577216,1864040448,106299392,2508013568
2026-06-23T21:39:31.960445,17006837760,16137338880,869498880,5.1,13663420416,1245577216,1864040448,106299392,2508029952
2026-06-23T21:39:32.965892,17006837760,16138797056,868040704,5.1,13664878592,1245577216,1864040448,106315776,2508046336
2026-06-23T21:39:33.966237,17006837760,16138682368,868155392,5.1,13664714752,1246052352,1864073216,106315776,2508079104
2026-06-23T21:39:34.979552,17006837760,16138420224,868417536,5.1,13664452608,1246052352,1864073216,106315776,2508079104
2026-06-23T21:39:35.994549,17006837760,16132063232,874774528,5.1,13658013696,1249837056,1864155136,106315776,2508095488
2026-06-23T21:39:36.999589,17006837760,16122249216,884588544,5.2,13648199680,1255260160,1864155136,106315776,2508095488
2026-06-23T21:39:38.004533,17006837760,16121053184,885784576,5.2,13647003648,1256407040,1864155136,106332160,2508111872
2026-06-23T21:39:39.009111,17006837760,16119513088,887324672,5.2,13645430784,1257897984,1864187904,106332160,2508111872
2026-06-23T21:39:40.010532,17006837760,16121643008,885194752,5.2,13647560704,1257897984,1864187904,106332160,2508128256
2026-06-23T21:39:41.025443,17006837760,16122986496,883851264,5.2,13648904192,1257897984,1864187904,106332160,2508144640
2026-06-23T21:39:42.039538,17006837760,16125198336,881639424,5.2,13651116032,1257897984,1864187904,106332160,2508144640
2026-06-23T21:39:43.041455,17006837760,16130932736,875905024,5.2,13656850432,1250770944,1864187904,106348544,2508128256
2026-06-23T21:39:44.042087,17006837760,16130260992,876576768,5.2,13656178688,1250770944,1864187904,106348544,2508177408
2026-06-23T21:39:45.050326,17006837760,16128180224,878657536,5.2,13654016000,1252786176,1864269824,106348544,2508177408
2026-06-23T21:39:46.057000,17006837760,16124002304,882835456,5.2,13649838080,1255489536,1864269824,106348544,2508193792
2026-06-23T21:39:47.062144,17006837760,16122544128,884293632,5.2,13648363520,1259274240,1864286208,106348544,2508193792
2026-06-23T21:39:48.066062,17006837760,16118333440,888504320,5.2,13644152832,1263583232,1864286208,106348544,2508193792
2026-06-23T21:39:49.093434,17006837760,16108355584,898482176,5.3,13634158592,1272823808,1864302592,106348544,2508210176
2026-06-23T21:39:50.112400,17006837760,16094347264,912490496,5.4,13620150272,1280688128,1864302592,106348544,2508210176
2026-06-23T21:39:51.120103,17006837760,16084205568,922632192,5.4,13610008576,1288273920,1864302592,106348544,2508226560
2026-06-23T21:39:52.121769,17006837760,16076619776,930217984,5.5,13602406400,1293336576,1864318976,106348544,2508226560
2026-06-23T21:39:53.123132,17006837760,16075685888,931151872,5.5,13601472512,1294860288,1864318976,106364928,2508242944
2026-06-23T21:39:54.127398,17006837760,16077406208,929431552,5.5,13603192832,1294860288,1864318976,106364928,2508242944
2026-06-23T21:39:55.131972,17006837760,16080748544,926089216,5.4,13606502400,1294991360,1864351744,106364928,2508259328
2026-06-23T21:39:56.137630,17006837760,16081108992,925728768,5.4,13606862848,1294991360,1864351744,106364928,2508275712
2026-06-23T21:39:57.141324,17006837760,16082042880,924794880,5.4,13607796736,1295499264,1864351744,106364928,2508275712
2026-06-23T21:39:58.142044,17006837760,16083402752,923435008,5.4,13609156608,1295499264,1864351744,106397696,2508292096
2026-06-23T21:39:59.143163,17006837760,16074375168,932462592,5.5,13600129024,1296007168,1864351744,106397696,2508308480
2026-06-23T21:40:00.165234,17006837760,16071737344,935100416,5.5,13597442048,1296105472,1864400896,106397696,2508308480
2026-06-23T21:40:01.176172,17006837760,16071409664,935428096,5.5,13597081600,1296793600,1864433664,106397696,2508308480
2026-06-23T21:40:02.178312,17006837760,16070426624,936411136,5.5,13596065792,1297170432,1864466432,106397696,2508324864
2026-06-23T21:40:03.183290,17006837760,16085942272,920895488,5.4,13611581440,1282015232,1864466432,106414080,2508324864
2026-06-23T21:40:04.187827,17006837760,16084549632,922288128,5.4,13610188800,1282015232,1864466432,106414080,2508341248
2026-06-23T21:40:05.197659,17006837760,16087449600,919388160,5.4,13613088768,1282015232,1864466432,106414080,2508357632
2026-06-23T21:40:06.208608,17006837760,16091250688,915587072,5.4,13616889856,1282015232,1864466432,106414080,2508357632
2026-06-23T21:40:07.212276,17006837760,16093462528,913375232,5.4,13619085312,1282162688,1864482816,106414080,2508374016
2026-06-23T21:40:08.220535,17006837760,16092577792,914259968,5.4,13618135040,1283342336,1864548352,106430464,2508374016
2026-06-23T21:40:09.223303,17006837760,16090546176,916291584,5.4,13616103424,1287405568,1864548352,106430464,2508390400
2026-06-23T21:40:10.232279,17006837760,16087957504,918880256,5.4,13613498368,1292402688,1864564736,106430464,2508390400
2026-06-23T21:40:11.243773,17006837760,16074735616,932102144,5.5,13600276480,1303379968,1864564736,106430464,2508390400
2026-06-23T21:40:12.250278,17006837760,16074833920,932003840,5.5,13600374784,1303379968,1864564736,106430464,2508406784
2026-06-23T21:40:13.250886,17006837760,16081207296,925630464,5.4,13606748160,1303379968,1864564736,106430464,2508423168
2026-06-23T21:40:14.253174,17006837760,16080224256,926613504,5.4,13605765120,1303887872,1864564736,106430464,2508423168
2026-06-23T21:40:15.253572,17006837760,16079028224,927809536,5.5,13604569088,1303887872,1864564736,106430464,2508439552
2026-06-23T21:40:16.273170,17006837760,16079814656,927023104,5.5,13605355520,1303887872,1864564736,106430464,2508439552
2026-06-23T21:40:17.275300,17006837760,16077160448,929677312,5.5,13602684928,1304379392,1864581120,106430464,2508455936
2026-06-23T21:40:18.275804,17006837760,16076881920,929955840,5.5,13602373632,1304854528,1864613888,106446848,2508472320
2026-06-23T21:40:19.294848,17006837760,16078880768,927956992,5.5,13604372480,1304854528,1864613888,106446848,2508472320
2026-06-23T21:40:20.297520,17006837760,16078635008,928202752,5.5,13604126720,1304854528,1864613888,106446848,2508488704
2026-06-23T21:40:21.303200,17006837760,16077684736,929153024,5.5,13603176448,1304854528,1864613888,106446848,2508488704
2026-06-23T21:40:22.311352,17006837760,16084353024,922484736,5.4,13609828352,1295859712,1864630272,106446848,2508505088
2026-06-23T21:40:23.312310,17006837760,16080158720,926679040,5.4,13605617664,1295859712,1864630272,106463232,2508537856
2026-06-23T21:40:24.319270,17006837760,16081780736,925057024,5.4,13607239680,1295859712,1864630272,106463232,2508554240
2026-06-23T21:40:25.321508,17006837760,16077635584,929202176,5.5,13603061760,1296334848,1864663040,106463232,2508570624
2026-06-23T21:40:26.329057,17006837760,16079060992,927776768,5.5,13604421632,1296678912,1864728576,106463232,2508587008
2026-06-23T21:40:27.330181,17006837760,16089382912,917454848,5.4,13614694400,1280688128,1864777728,106463232,2508587008
2026-06-23T21:40:28.339320,17006837760,16101851136,904986624,5.3,13627162624,1267367936,1864777728,106479616,2508603392
2026-06-23T21:40:29.341972,17006837760,16103997440,902840320,5.3,13629308928,1267367936,1864777728,106479616,2508603392
2026-06-23T21:40:30.345405,17006837760,16119447552,887390208,5.2,13644742656,1252245504,1864794112,106479616,2508619776
2026-06-23T21:40:31.349568,17006837760,16118726656,888111104,5.2,13644021760,1252245504,1864794112,106479616,2508636160
2026-06-23T21:40:32.356198,17006837760,16120545280,886292480,5.2,13645840384,1252245504,1864794112,106479616,2508652544
2026-06-23T21:40:33.366894,17006837760,16121462784,885374976,5.2,13646675968,1252999168,1864876032,106496000,2508652544
2026-06-23T21:40:34.374451,17006837760,16118054912,888782848,5.2,13643268096,1260716032,1864876032,106496000,2508668928
2026-06-23T21:40:35.394039,17006837760,16114761728,892076032,5.2,13639958528,1265893376,1864892416,106496000,2508668928
2026-06-23T21:40:36.400624,17006837760,16113631232,893206528,5.3,13638828032,1269612544,1864892416,106496000,2508668928
2026-06-23T21:40:37.429068,17006837760,16104538112,902299648,5.3,13629734912,1275609088,1864892416,106496000,2508685312
2026-06-23T21:40:38.434104,17006837760,16104112128,902725632,5.3,13629308928,1275609088,1864892416,106512384,2508685312
2026-06-23T21:40:39.436307,17006837760,16107929600,898908160,5.3,13633110016,1276100608,1864908800,106512384,2508701696
2026-06-23T21:40:40.451964,17006837760,16102539264,904298496,5.3,13627703296,1276592128,1864925184,106512384,2508718080
2026-06-23T21:40:41.452563,17006837760,16102539264,904298496,5.3,13627703296,1276592128,1864925184,106512384,2508718080
2026-06-23T21:40:42.461927,17006837760,16102670336,904167424,5.3,13627834368,1276592128,1864925184,106512384,2508734464
2026-06-23T21:40:43.468709,17006837760,16103931904,902905856,5.3,13629095936,1276592128,1864925184,106512384,2508734464
2026-06-23T21:40:44.471170,17006837760,16109666304,897171456,5.3,13634797568,1264189440,1864957952,106512384,2508750848
2026-06-23T21:40:45.476570,17006837760,16110845952,895991808,5.3,13635977216,1264746496,1864957952,106512384,2508767232
2026-06-23T21:40:46.490751,17006837760,16117153792,889683968,5.2,13642235904,1264254976,1865007104,106512384,2508767232
2026-06-23T21:40:47.495243,17006837760,16114941952,891895808,5.2,13640024064,1266515968,1865007104,106512384,2508783616
2026-06-23T21:40:48.505245,17006837760,16100737024,906100736,5.3,13625786368,1277313024,1865039872,106528768,2508783616
2026-06-23T21:40:49.526335,17006837760,16093855744,912982016,5.4,13618905088,1285685248,1865039872,106528768,2508800000
2026-06-23T21:40:50.537723,17006837760,16076177408,930660352,5.5,13601210368,1296318464,1865056256,106528768,2508800000
2026-06-23T21:40:51.545706,17006837760,16068313088,938524672,5.5,13593346048,1304444928,1865056256,106528768,2508800000
2026-06-23T21:40:52.550652,17006837760,16054550528,952287232,5.6,13579567104,1316978688,1865072640,106528768,2508816384
2026-06-23T21:40:53.608483,17006837760,16049668096,957169664,5.6,13574668288,1326678016,1865089024,106545152,2508816384
2026-06-23T21:40:54.624961,17006837760,16033693696,973144064,5.7,13558693888,1333018624,1865089024,106545152,2508832768
2026-06-23T21:40:55.633648,17006837760,16023404544,983433216,5.8,13548388352,1342767104,1865105408,106545152,2508832768
2026-06-23T21:40:56.643404,17006837760,16017031168,989806592,5.8,13542014976,1346666496,1865105408,106545152,2508832768
2026-06-23T21:40:57.672631,17006837760,16013017088,993820672,5.8,13538000896,1353400320,1865105408,106545152,2508849152
2026-06-23T21:40:58.715424,17006837760,16012984320,993853440,5.8,13537935360,1354416128,1865138176,106561536,2508849152
2026-06-23T21:40:59.730980,17006837760,16001318912,1005518848,5.9,13526269952,1362051072,1865138176,106561536,2508849152
2026-06-23T21:41:00.749028,17006837760,15998664704,1008173056,5.9,13523599360,1370882048,1865154560,106561536,2508865536
2026-06-23T21:41:01.790166,17006837760,15994470400,1012367360,6.0,13519405056,1376436224,1865154560,106561536,2508865536
2026-06-23T21:41:02.796218,17006837760,15980052480,1026785280,6.0,13504970752,1386594304,1865170944,106561536,2508881920
2026-06-23T21:41:03.799942,17006837760,15978610688,1028227072,6.0,13503528960,1388118016,1865170944,106577920,2508881920
2026-06-23T21:41:04.802266,17006837760,15979806720,1027031040,6.0,13504724992,1388118016,1865170944,106577920,2508898304
2026-06-23T21:41:05.804230,17006837760,15983296512,1023541248,6.0,13508214784,1388625920,1865170944,106577920,2508914688
2026-06-23T21:41:06.810049,17006837760,15984230400,1022607360,6.0,13509115904,1389101056,1865203712,106577920,2508914688
2026-06-23T21:41:07.811675,17006837760,15986311168,1020526592,6.0,13511196672,1389101056,1865203712,106577920,2508931072
2026-06-23T21:41:08.816441,17006837760,15989145600,1017692160,6.0,13514031104,1389101056,1865203712,106594304,2508931072
2026-06-23T21:41:09.821499,17006837760,15986425856,1020411904,6.0,13511311360,1389101056,1865203712,106594304,2508947456
2026-06-23T21:41:10.828824,17006837760,15984689152,1022148608,6.0,13509574656,1389101056,1865203712,106594304,2508947456
2026-06-23T21:41:11.834749,17006837760,15980478464,1026359296,6.0,13505331200,1389838336,1865236480,106594304,2508963840
2026-06-23T21:41:12.837103,17006837760,15981477888,1025359872,6.0,13506330624,1389838336,1865236480,106594304,2508980224
2026-06-23T21:41:13.854626,17006837760,15982985216,1023852544,6.0,13507837952,1389838336,1865236480,106594304,2508980224
2026-06-23T21:41:14.867899,17006837760,15986081792,1020755968,6.0,13510934528,1389838336,1865236480,106594304,2508996608
2026-06-23T21:41:15.869355,17006837760,15987130368,1019707392,6.0,13511933952,1390297088,1865285632,106594304,2509012992
2026-06-23T21:41:16.884825,17006837760,15988064256,1018773504,6.0,13512867840,1390297088,1865285632,106594304,2509012992
2026-06-23T21:41:17.909049,17006837760,15989620736,1017217024,6.0,13514424320,1390297088,1865285632,106594304,2509029376
2026-06-23T21:41:18.910424,17006837760,15989112832,1017724928,6.0,13513916416,1390297088,1865285632,106610688,2509029376
2026-06-23T21:41:19.912835,17006837760,15987884032,1018953728,6.0,13512605696,1390723072,1865367552,106610688,2509045760
2026-06-23T21:41:20.922262,17006837760,15988146176,1018691584,6.0,13512867840,1390723072,1865367552,106610688,2509045760
2026-06-23T21:41:21.925326,17006837760,15988129792,1018707968,6.0,13512851456,1390723072,1865367552,106610688,2509062144
2026-06-23T21:41:22.929276,17006837760,15987539968,1019297792,6.0,13512261632,1390723072,1865367552,106610688,2509078528
2026-06-23T21:41:23.935272,17006837760,15988129792,1018707968,6.0,13512851456,1390723072,1865367552,106627072,2509078528
2026-06-23T21:41:24.936803,17006837760,15989997568,1016840192,6.0,13514653696,1391820800,1865433088,106627072,2509094912
2026-06-23T21:41:25.946412,17006837760,15988621312,1018216448,6.0,13513277440,1391820800,1865433088,106627072,2509094912
2026-06-23T21:41:26.951184,17006837760,15987851264,1018986496,6.0,13512507392,1391820800,1865433088,106627072,2509111296
2026-06-23T21:41:27.951814,17006837760,15988097024,1018740736,6.0,13512753152,1391886336,1865433088,106627072,2509127680
2026-06-23T21:41:28.953725,17006837760,15983575040,1023262720,6.0,13508231168,1391886336,1865433088,106659840,2509127680
2026-06-23T21:41:29.956497,17006837760,15989604352,1017233408,6.0,13514260480,1383759872,1865433088,106659840,2509144064
2026-06-23T21:41:30.959100,17006837760,15993176064,1013661696,6.0,13517766656,1380253696,1865498624,106659840,2509144064
2026-06-23T21:41:31.979953,17006837760,15992274944,1014562816,6.0,13516816384,1381203968,1865547776,106659840,2509160448
2026-06-23T21:41:32.994512,17006837760,15994945536,1011892224,5.9,13519486976,1381203968,1865547776,106659840,2509176832
2026-06-23T21:41:34.008205,17006837760,15998107648,1008730112,5.9,13522649088,1381203968,1865547776,106676224,2509176832
2026-06-23T21:41:35.011818,17006837760,15986638848,1020198912,6.0,13511180288,1381203968,1865547776,106676224,2509193216
2026-06-23T21:41:36.027115,17006837760,15987245056,1019592704,6.0,13511737344,1381662720,1865596928,106676224,2509209600
2026-06-23T21:41:37.051279,17006837760,15991209984,1015627776,6.0,13515702272,1381875712,1865596928,106676224,2509209600
2026-06-23T21:41:38.073260,17006837760,15991816192,1015021568,6.0,13516308480,1381875712,1865596928,106676224,2509225984
2026-06-23T21:41:39.074635,17006837760,15993765888,1013071872,6.0,13518258176,1381875712,1865596928,106692608,2509225984
2026-06-23T21:41:40.075040,17006837760,15996321792,1010515968,5.9,13520814080,1381875712,1865596928,106692608,2509242368
2026-06-23T21:41:41.078530,17006837760,15996338176,1010499584,5.9,13520830464,1381875712,1865596928,106692608,2509258752
2026-06-23T21:41:42.081540,17006837760,15998484480,1008353280,5.9,13522976768,1381875712,1865596928,106692608,2509275136
2026-06-23T21:41:43.088273,17006837760,16000729088,1006108672,5.9,13525188608,1382285312,1865629696,106692608,2509275136
2026-06-23T21:41:44.098896,17006837760,16000548864,1006288896,5.9,13525008384,1382285312,1865629696,106708992,2509291520
2026-06-23T21:41:45.099906,17006837760,16001056768,1005780992,5.9,13525516288,1382285312,1865629696,106708992,2509291520
2026-06-23T21:41:46.103646,17006837760,16002842624,1003995136,5.9,13527302144,1382285312,1865629696,106708992,2509307904
2026-06-23T21:41:47.104692,17006837760,16001794048,1005043712,5.9,13526171648,1382711296,1865711616,106708992,2509324288
2026-06-23T21:41:48.114459,17006837760,16007708672,999129088,5.9,13532086272,1373175808,1865711616,106708992,2509340672
2026-06-23T21:41:49.115804,17006837760,16006742016,1000095744,5.9,13531103232,1373323264,1865728000,106708992,2509340672
2026-06-23T21:41:50.117434,17006837760,16007331840,999505920,5.9,13531693056,1373323264,1865728000,106708992,2509357056
2026-06-23T21:41:51.119969,17006837760,16007725056,999112704,5.9,13532086272,1373323264,1865728000,106708992,2509357056
2026-06-23T21:41:52.126822,17006837760,16008036352,998801408,5.9,13532381184,1373814784,1865744384,106708992,2509373440
2026-06-23T21:41:53.141438,17006837760,16008511488,998326272,5.9,13532823552,1374289920,1865777152,106708992,2509389824
2026-06-23T21:41:54.143733,17006837760,16009003008,997834752,5.9,13533315072,1374322688,1865777152,106725376,2509406208
2026-06-23T21:41:55.146035,17006837760,16010870784,995966976,5.9,13535166464,1374519296,1865793536,106725376,2509406208
2026-06-23T21:41:56.147692,17006837760,16011591680,995246080,5.9,13535887360,1374519296,1865793536,106725376,2509422592
2026-06-23T21:41:57.149952,17006837760,16046014464,960823296,5.6,13570310144,1324367872,1865793536,106725376,2509438976
2026-06-23T21:41:58.160406,17006837760,16034103296,972734464,5.7,13558300672,1333248000,1865891840,106725376,2509438976
2026-06-23T21:41:59.173621,17006837760,16031137792,975699968,5.7,13555335168,1335263232,1865891840,106741760,2509455360
2026-06-23T21:42:00.183596,17006837760,16040624128,966213632,5.7,13564805120,1325252608,1865908224,106741760,2509455360
2026-06-23T21:42:01.186197,17006837760,16042639360,964198400,5.7,13566820352,1325252608,1865908224,106741760,2509471744
2026-06-23T21:42:02.188430,17006837760,16042459136,964378624,5.7,13566623744,1325694976,1865924608,106741760,2509488128
2026-06-23T21:42:03.195244,17006837760,16071606272,935231488,5.5,13595738112,1297350656,1865957376,106741760,2509504512
2026-06-23T21:42:04.205549,17006837760,16072359936,934477824,5.5,13596491776,1297350656,1865957376,106758144,2509504512
2026-06-23T21:42:05.206559,17006837760,16076619776,930217984,5.5,13600751616,1297350656,1865957376,106758144,2509520896
2026-06-23T21:42:06.218149,17006837760,16105504768,901332992,5.3,13629636608,1258635264,1865957376,106758144,2509537280
2026-06-23T21:42:07.219523,17006837760,16103997440,902840320,5.3,13628080128,1263157248,1866006528,106758144,2509537280
2026-06-23T21:42:08.224143,17006837760,16102391808,904445952,5.3,13626474496,1267040256,1866006528,106758144,2509553664
2026-06-23T21:42:09.253910,17006837760,16101130240,905707520,5.3,13625180160,1270677504,1866039296,106774528,2509553664
2026-06-23T21:42:10.268428,17006837760,16101572608,905265152,5.3,13625589760,1271152640,1866072064,106774528,2509570048
2026-06-23T21:42:11.274561,17006837760,16106143744,900694016,5.3,13630160896,1271152640,1866072064,106774528,2509570048
2026-06-23T21:42:12.282014,17006837760,16104816640,902021120,5.3,13628833792,1271152640,1866072064,106774528,2509586432
2026-06-23T21:42:13.285256,17006837760,16105979904,900857856,5.3,13629997056,1271152640,1866072064,106774528,2509602816
2026-06-23T21:42:14.320488,17006837760,16107028480,899809280,5.3,13631012864,1271627776,1866104832,106790912,2509602816
2026-06-23T21:42:15.329316,17006837760,16103096320,903741440,5.3,13627064320,1272119296,1866121216,106790912,2509602816
2026-06-23T21:42:16.341717,17006837760,16091054080,915783680,5.4,13615022080,1280999424,1866121216,106790912,2509619200
2026-06-23T21:42:17.350290,17006837760,16091217920,915619840,5.4,13615185920,1280999424,1866121216,106790912,2509619200
2026-06-23T21:42:18.356228,17006837760,16096083968,910753792,5.4,13620051968,1280999424,1866121216,106790912,2509635584
2026-06-23T21:42:19.356849,17006837760,16096837632,910000128,5.4,13620805632,1280999424,1866121216,106790912,2509651968
2026-06-23T21:42:20.359050,17006837760,16101228544,905609216,5.3,13625180160,1273528320,1866137600,106790912,2509651968
2026-06-23T21:42:21.360682,17006837760,16111370240,895467520,5.3,13635321856,1264091136,1866137600,106790912,2509668352
2026-06-23T21:42:22.363518,17006837760,16111190016,895647744,5.3,13635076096,1264648192,1866203136,106790912,2509684736
2026-06-23T21:42:23.387265,17006837760,16104079360,902758400,5.3,13627965440,1274871808,1866203136,106790912,2509684736
2026-06-23T21:42:24.403715,17006837760,16098426880,908410880,5.3,13622312960,1280196608,1866203136,106807296,2509684736
2026-06-23T21:42:25.405281,17006837760,16083959808,922877952,5.4,13607813120,1290747904,1866235904,106807296,2509701120
2026-06-23T21:42:26.433932,17006837760,16078012416,928825344,5.5,13601865728,1296842752,1866235904,106807296,2509701120
2026-06-23T21:42:27.454600,17006837760,16072179712,934658048,5.5,13596033024,1302413312,1866235904,106807296,2509701120
2026-06-23T21:42:28.461729,17006837760,16072179712,934658048,5.5,13596033024,1302413312,1866235904,106807296,2509717504
2026-06-23T21:42:29.465272,17006837760,16077225984,929611776,5.5,13601079296,1302495232,1866235904,106823680,2509733888
2026-06-23T21:42:30.469004,17006837760,16076800000,930037760,5.5,13600653312,1302495232,1866235904,106823680,2509733888
2026-06-23T21:42:31.485149,17006837760,16079847424,926990336,5.5,13603700736,1302495232,1866235904,106823680,2509750272
2026-06-23T21:42:32.490938,17006837760,16079716352,927121408,5.5,13603569664,1303003136,1866235904,106823680,2509750272
2026-06-23T21:42:33.493981,17006837760,16086138880,920698880,5.4,13609975808,1292107776,1866252288,106823680,2509766656
2026-06-23T21:42:34.498047,17006837760,16091103232,915734528,5.4,13614923776,1284423680,1866268672,106856448,2509766656
2026-06-23T21:42:35.503395,17006837760,16092168192,914669568,5.4,13615988736,1284423680,1866268672,106856448,2509783040
2026-06-23T21:42:36.505900,17006837760,16106668032,900169728,5.3,13630390272,1268187136,1866366976,106856448,2509799424
2026-06-23T21:42:37.508011,17006837760,16106668032,900169728,5.3,13630390272,1271463936,1866366976,106856448,2509799424
2026-06-23T21:42:38.517560,17006837760,16101523456,905314304,5.3,13625229312,1280098304,1866383360,106856448,2509799424
2026-06-23T21:42:39.522494,17006837760,16095887360,910950400,5.4,13619576832,1286356992,1866383360,106889216,2509832192
2026-06-23T21:42:40.542311,17006837760,16079912960,926924800,5.5,13603602432,1301200896,1866383360,106889216,2509832192
2026-06-23T21:42:41.556780,17006837760,16065953792,940883968,5.5,13589594112,1309720576,1866432512,106889216,2509832192
2026-06-23T21:42:42.561373,17006837760,16061775872,945061888,5.6,13585416192,1310228480,1866432512,106889216,2509848576
2026-06-23T21:42:43.567862,17006837760,16061267968,945569792,5.6,13584908288,1310228480,1866432512,106889216,2509864960
2026-06-23T21:42:44.579390,17006837760,16063299584,943538176,5.5,13586923520,1310474240,1866448896,106889216,2509864960
2026-06-23T21:42:45.605211,17006837760,16065691648,941146112,5.5,13589315584,1310474240,1866448896,106889216,2509881344
2026-06-23T21:42:46.622373,17006837760,16066658304,940179456,5.5,13590282240,1310474240,1866448896,106889216,2509881344
2026-06-23T21:42:47.640839,17006837760,16067477504,939360256,5.5,13591101440,1310474240,1866448896,106889216,2509897728
2026-06-23T21:42:48.647193,17006837760,16077406208,929431552,5.5,13601013760,1302626304,1866465280,106889216,2509897728
2026-06-23T21:42:49.652571,17006837760,16075505664,931332096,5.5,13599031296,1303134208,1866530816,106921984,2509930496
2026-06-23T21:42:50.657866,17006837760,16090316800,916520960,5.4,13613842432,1280671744,1866530816,106921984,2509946880
2026-06-23T21:42:51.671768,17006837760,16090857472,915980288,5.4,13614366720,1284145152,1866547200,106921984,2509946880
2026-06-23T21:42:52.673450,17006837760,16090365952,916471808,5.4,13613875200,1284145152,1866547200,106921984,2509963264
2026-06-23T21:42:53.676329,17006837760,16091873280,914964480,5.4,13615382528,1284145152,1866547200,106921984,2509963264
2026-06-23T21:42:54.679239,17006837760,16095297536,911540224,5.4,13618790400,1284259840,1866563584,106938368,2509979648
2026-06-23T21:42:55.694850,17006837760,16091496448,915341312,5.4,13614956544,1287356416,1866596352,106938368,2509996032
2026-06-23T21:42:56.718162,17006837760,16087171072,919666688,5.4,13610598400,1292484608,1866629120,106938368,2509996032
2026-06-23T21:42:57.738221,17006837760,16086925312,919912448,5.4,13610352640,1292484608,1866629120,106938368,2510012416
2026-06-23T21:42:58.744787,17006837760,16096444416,910393344,5.4,13619871744,1283702784,1866629120,106938368,2510012416
2026-06-23T21:42:59.758088,17006837760,16097460224,909377536,5.3,13620854784,1283833856,1866661888,106954752,2510028800
2026-06-23T21:43:00.762154,17006837760,16109223936,897613824,5.3,13632618496,1271545856,1866661888,106954752,2510045184
2026-06-23T21:43:01.788237,17006837760,16107503616,899334144,5.3,13630865408,1275559936,1866694656,106954752,2510045184
2026-06-23T21:43:02.790724,17006837760,16108453888,898383872,5.3,13631815680,1275559936,1866694656,106954752,2510061568
2026-06-23T21:43:03.792783,17006837760,16112730112,894107648,5.3,13636091904,1268350976,1866694656,106954752,2510061568
2026-06-23T21:43:04.801466,17006837760,16112336896,894500864,5.3,13635698688,1268350976,1866694656,106971136,2510077952
2026-06-23T21:43:05.817878,17006837760,16110829568,896008192,5.3,13634142208,1272430592,1866743808,106971136,2510094336
2026-06-23T21:43:06.819646,17006837760,16110108672,896729088,5.3,13633404928,1274101760,1866760192,106971136,2510094336
2026-06-23T21:43:07.824056,17006837760,16110108672,896729088,5.3,13633404928,1274101760,1866760192,106971136,2510110720
2026-06-23T21:43:08.824508,17006837760,16113172480,893665280,5.3,13636468736,1274101760,1866760192,106971136,2510110720
2026-06-23T21:43:09.836109,17006837760,16111927296,894910464,5.3,13635223552,1274101760,1866760192,107003904,2510127104
2026-06-23T21:43:10.838028,17006837760,16109256704,897581056,5.3,13632536576,1274609664,1866776576,107003904,2510143488
2026-06-23T21:43:11.839591,17006837760,16110600192,896237568,5.3,13633880064,1274609664,1866776576,107003904,2510143488
2026-06-23T21:43:12.869452,17006837760,16113106944,893730816,5.3,13636337664,1275068416,1866825728,107003904,2510176256
2026-06-23T21:43:13.872503,17006837760,16109469696,897368064,5.3,13632651264,1277411328,1866874880,107003904,2510176256
2026-06-23T21:43:14.876741,17006837760,16102604800,904232960,5.3,13625769984,1280409600,1866891264,107020288,2510176256
2026-06-23T21:43:15.880212,17006837760,16102113280,904724480,5.3,13625278464,1280409600,1866891264,107020288,2510192640
2026-06-23T21:43:16.904451,17006837760,16107995136,898842624,5.3,13631160320,1273839616,1866891264,107020288,2510209024
2026-06-23T21:43:17.907526,17006837760,16103342080,903495680,5.3,13626490880,1277378560,1866907648,107020288,2510209024
2026-06-23T21:43:18.908780,17006837760,16096952320,909885440,5.4,13620101120,1277378560,1866907648,107020288,2510225408
2026-06-23T21:43:19.925061,17006837760,16097460224,909377536,5.3,13620609024,1277722624,1866907648,107036672,2510241792
2026-06-23T21:43:20.947636,17006837760,16093298688,913539072,5.4,13616414720,1281753088,1866940416,107036672,2510241792
2026-06-23T21:43:21.984204,17006837760,16092495872,914341888,5.4,13615579136,1283915776,1866973184,107036672,2510241792
2026-06-23T21:43:22.986366,17006837760,16086155264,920682496,5.4,13609222144,1291665408,1866989568,107036672,2510258176
2026-06-23T21:43:23.998951,17006837760,16083288064,923549696,5.4,13606354944,1294090240,1866989568,107036672,2510258176
2026-06-23T21:43:25.001802,17006837760,16083501056,923336704,5.4,13606567936,1294090240,1866989568,107053056,2510274560
2026-06-23T21:43:26.002241,17006837760,16084369408,922468352,5.4,13607436288,1294090240,1866989568,107053056,2510274560
2026-06-23T21:43:27.013020,17006837760,16100081664,906756096,5.3,13623148544,1275772928,1866989568,107053056,2510290944
2026-06-23T21:43:28.022964,17006837760,16099803136,907034624,5.3,13622870016,1275772928,1866989568,107053056,2510307328
2026-06-23T21:43:29.038894,17006837760,16100229120,906608640,5.3,13623296000,1275772928,1866989568,107053056,2510307328
2026-06-23T21:43:30.052317,17006837760,16102653952,904183808,5.3,13625671680,1276231680,1867038720,107069440,2510323712
2026-06-23T21:43:31.052886,17006837760,16103768064,903069696,5.3,13626785792,1276231680,1867038720,107069440,2510340096
2026-06-23T21:43:32.055533,17006837760,16105373696,901464064,5.3,13628391424,1276231680,1867038720,107069440,2510340096
2026-06-23T21:43:33.056319,17006837760,16105783296,901054464,5.3,13628751872,1278083072,1867087872,107069440,2510356480
2026-06-23T21:43:34.062275,17006837760,16101031936,905805824,5.3,13623967744,1280638976,1867120640,107069440,2510356480
2026-06-23T21:43:35.064837,17006837760,16101769216,905068544,5.3,13624705024,1281654784,1867120640,107069440,2510372864
2026-06-23T21:43:36.069984,17006837760,16101539840,905297920,5.3,13624459264,1282146304,1867137024,107069440,2510372864
2026-06-23T21:43:37.080546,17006837760,16102785024,904052736,5.3,13625688064,1282637824,1867153408,107069440,2510389248
2026-06-23T21:43:38.085336,17006837760,16103292928,903544832,5.3,13626195968,1283145728,1867153408,107069440,2510405632
2026-06-23T21:43:39.096484,17006837760,16102440960,904396800,5.3,13625344000,1283145728,1867153408,107069440,2510422016
2026-06-23T21:43:40.098733,17006837760,16102490112,904347648,5.3,13625393152,1283145728,1867153408,107085824,2510422016
2026-06-23T21:43:41.133340,17006837760,16098377728,908460032,5.3,13621215232,1283801088,1867202560,107085824,2510454784
2026-06-23T21:43:42.137651,17006837760,16096411648,910426112,5.4,13619249152,1283850240,1867202560,107085824,2510454784
2026-06-23T21:43:43.150170,17006837760,16096378880,910458880,5.4,13619216384,1283850240,1867202560,107085824,2510471168
2026-06-23T21:43:44.161612,17006837760,16098295808,908541952,5.3,13621133312,1283850240,1867202560,107085824,2510471168
2026-06-23T21:43:45.171868,17006837760,16097558528,909279232,5.3,13620396032,1283850240,1867202560,107102208,2510487552
2026-06-23T21:43:46.195912,17006837760,16098492416,908345344,5.3,13621329920,1283866624,1867202560,107102208,2510487552
2026-06-23T21:43:47.211747,17006837760,16096018432,910819328,5.4,13618839552,1284292608,1867218944,107102208,2510503936
2026-06-23T21:43:48.232920,17006837760,16098787328,908050432,5.3,13621608448,1284292608,1867218944,107102208,2510520320
2026-06-23T21:43:49.233277,17006837760,16099278848,907558912,5.3,13622099968,1284292608,1867218944,107134976,2510520320
2026-06-23T21:43:50.233685,17006837760,16099999744,906838016,5.3,13622820864,1284292608,1867218944,107134976,2510536704
2026-06-23T21:43:51.234982,17006837760,16093151232,913686528,5.4,13615939584,1284767744,1867251712,107134976,2510553088
2026-06-23T21:43:52.235439,17006837760,16093872128,912965632,5.4,13616660480,1284767744,1867251712,107134976,2510553088
2026-06-23T21:43:53.236241,17006837760,16096772096,910065664,5.4,13619478528,1285193728,1867333632,107134976,2510569472
2026-06-23T21:43:54.249567,17006837760,16097558528,909279232,5.3,13620264960,1285193728,1867333632,107134976,2510585856
2026-06-23T21:43:55.251474,17006837760,16098639872,908197888,5.3,13621346304,1285193728,1867333632,107134976,2510585856
2026-06-23T21:43:56.257705,17006837760,16092774400,914063360,5.4,13615415296,1287159808,1867399168,107134976,2510585856
2026-06-23T21:43:57.261595,17006837760,16089497600,917340160,5.4,13612138496,1287159808,1867399168,107134976,2510602240
2026-06-23T21:43:58.268436,17006837760,16088727552,918110208,5.4,13611352064,1289420800,1867415552,107134976,2510602240
2026-06-23T21:43:59.289751,17006837760,16080371712,926466048,5.4,13602996224,1293500416,1867415552,107134976,2510602240
2026-06-23T21:44:00.318513,17006837760,16071819264,935018496,5.5,13594411008,1300938752,1867448320,107151360,2510618624
2026-06-23T21:44:01.327157,17006837760,16065757184,941080576,5.5,13588348928,1301266432,1867448320,107151360,2510618624
2026-06-23T21:44:02.327613,17006837760,16064577536,942260224,5.5,13587169280,1301266432,1867448320,107151360,2510635008
2026-06-23T21:44:03.340738,17006837760,16067117056,939720704,5.5,13589708800,1301266432,1867448320,107151360,2510635008
2026-06-23T21:44:04.360959,17006837760,16070230016,936607744,5.5,13592821760,1301266432,1867448320,107167744,2510651392
2026-06-23T21:44:05.364520,17006837760,16072671232,934166528,5.5,13595230208,1301741568,1867481088,107167744,2510667776
2026-06-23T21:44:06.370304,17006837760,16075063296,931774464,5.5,13597622272,1301741568,1867481088,107167744,2510667776
2026-06-23T21:44:07.371835,17006837760,16090972160,915865600,5.4,13613514752,1288798208,1867497472,107167744,2510684160
2026-06-23T21:44:08.396075,17006837760,16094199808,912637952,5.4,13616709632,1282686976,1867530240,107167744,2510684160
2026-06-23T21:44:09.415381,17006837760,16091250688,915587072,5.4,13613760512,1285783552,1867530240,107167744,2510700544
2026-06-23T21:44:10.424797,17006837760,16088465408,918372352,5.4,13610958848,1286668288,1867546624,107184128,2510700544
2026-06-23T21:44:11.452197,17006837760,16088301568,918536192,5.4,13610778624,1287274496,1867563008,107184128,2510716928
2026-06-23T21:44:12.461682,17006837760,16089530368,917307392,5.4,13612007424,1290551296,1867563008,107184128,2510716928
2026-06-23T21:44:13.480085,17006837760,16081420288,925417472,5.4,13603897344,1299251200,1867563008,107184128,2510716928
2026-06-23T21:44:14.496892,17006837760,16072114176,934723584,5.5,13594558464,1306935296,1867595776,107184128,2510733312
2026-06-23T21:44:15.513492,17006837760,16070410240,936427520,5.5,13592854528,1308835840,1867595776,107184128,2510733312
2026-06-23T21:44:16.519987,17006837760,16054681600,952156160,5.6,13577125888,1316012032,1867595776,107184128,2510733312
2026-06-23T21:44:17.523236,17006837760,16045604864,961232896,5.7,13568032768,1324597248,1867612160,107184128,2510749696
2026-06-23T21:44:18.542497,17006837760,16045604864,961232896,5.7,13568032768,1324597248,1867612160,107184128,2510749696
2026-06-23T21:44:19.545007,17006837760,16052109312,954728448,5.6,13574537216,1324597248,1867612160,107216896,2510749696
2026-06-23T21:44:20.567111,17006837760,16049963008,956874752,5.6,13572341760,1325056000,1867661312,107216896,2510782464
2026-06-23T21:44:21.569705,17006837760,16050438144,956399616,5.6,13572800512,1325498368,1867677696,107216896,2510782464
2026-06-23T21:44:22.573015,17006837760,16049717248,957120512,5.6,13572079616,1326006272,1867677696,107216896,2510782464
2026-06-23T21:44:23.588556,17006837760,16048373760,958464000,5.6,13570736128,1326006272,1867677696,107216896,2510798848
2026-06-23T21:44:24.594860,17006837760,16050110464,956727296,5.6,13572472832,1326006272,1867677696,107216896,2510815232
2026-06-23T21:44:25.601042,17006837760,16051175424,955662336,5.6,13573537792,1326006272,1867677696,107216896,2510815232
2026-06-23T21:44:26.601768,17006837760,16063987712,942850048,5.5,13586333696,1313112064,1867694080,107216896,2510831616
2026-06-23T21:44:27.604278,17006837760,16064020480,942817280,5.5,13586366464,1313112064,1867694080,107216896,2510831616
2026-06-23T21:44:28.624810,17006837760,16073523200,933314560,5.5,13595869184,1305624576,1867694080,107216896,2510848000
2026-06-23T21:44:29.637194,17006837760,16072540160,934297600,5.5,13594869760,1307230208,1867710464,107233280,2510848000
2026-06-23T21:44:30.657577,17006837760,16072359936,934477824,5.5,13594624000,1308377088,1867776000,107233280,2510864384
2026-06-23T21:44:31.691747,17006837760,16063315968,943521792,5.5,13585580032,1317781504,1867776000,107233280,2510864384
2026-06-23T21:44:32.713619,17006837760,16059645952,947191808,5.6,13581910016,1319485440,1867776000,107233280,2510880768
2026-06-23T21:44:33.718278,17006837760,16058925056,947912704,5.6,13581172736,1320173568,1867792384,107233280,2510880768
2026-06-23T21:44:34.753345,17006837760,16059219968,947617792,5.6,13581467648,1320173568,1867792384,107249664,2510880768
2026-06-23T21:44:35.761319,17006837760,16064331776,942505984,5.5,13586579456,1320206336,1867792384,107249664,2510897152
2026-06-23T21:44:36.785408,17006837760,16058712064,948125696,5.6,13580926976,1325760512,1867825152,107249664,2510897152
2026-06-23T21:44:37.808279,17006837760,16051339264,955498496,5.6,13573554176,1331970048,1867825152,107249664,2510897152
2026-06-23T21:44:38.864788,17006837760,16037101568,969736192,5.7,13559316480,1341440000,1867825152,107249664,2510913536
2026-06-23T21:44:39.879960,17006837760,16034430976,972406784,5.7,13556629504,1343913984,1867841536,107266048,2510913536
2026-06-23T21:44:40.933575,17006837760,16031989760,974848000,5.7,13554171904,1345421312,1867857920,107266048,2510913536
2026-06-23T21:44:41.964293,17006837760,16031186944,975650816,5.7,13553369088,1346273280,1867857920,107266048,2510929920
2026-06-23T21:44:42.994270,17006837760,16023715840,983121920,5.8,13545881600,1352187904,1867874304,107266048,2510929920
2026-06-23T21:44:44.030558,17006837760,16010199040,996638720,5.9,13532364800,1357283328,1867874304,107266048,2510929920
2026-06-23T21:44:45.061900,17006837760,16006021120,1000816640,5.9,13528186880,1361854464,1867874304,107266048,2510946304
2026-06-23T21:44:46.098730,17006837760,15993503744,1013334016,6.0,13515653120,1370931200,1867890688,107266048,2510946304
2026-06-23T21:44:47.126464,17006837760,15981953024,1024884736,6.0,13504102400,1379745792,1867890688,107266048,2510946304
2026-06-23T21:44:48.151033,17006837760,15974842368,1031995392,6.1,13496975360,1385332736,1867907072,107266048,2510962688
2026-06-23T21:44:49.155477,17006837760,15972401152,1034436608,6.1,13494534144,1390247936,1867907072,107266048,2510962688
2026-06-23T21:44:50.172380,17006837760,15971074048,1035763712,6.1,13493190656,1393967104,1867907072,107298816,2510979072
2026-06-23T21:44:51.202679,17006837760,15968059392,1038778368,6.1,13490126848,1397489664,1867956224,107298816,2510995456
2026-06-23T21:44:52.212132,17006837760,15959457792,1047379968,6.2,13481525248,1409433600,1867956224,107298816,2510995456
2026-06-23T21:44:53.236681,17006837760,15948939264,1057898496,6.2,13471006720,1417560064,1867956224,107298816,2510995456
2026-06-23T21:44:54.260165,17006837760,15943057408,1063780352,6.3,13465124864,1424703488,1867956224,107298816,2511011840
2026-06-23T21:44:55.268671,17006837760,15930048512,1076789248,6.3,13452099584,1438121984,1867972608,107298816,2511011840
2026-06-23T21:44:56.278242,17006837760,15930556416,1076281344,6.3,13452607488,1438121984,1867972608,107298816,2511028224
2026-06-23T21:44:57.283470,17006837760,15933685760,1073152000,6.3,13455736832,1438121984,1867972608,107298816,2511028224
2026-06-23T21:44:58.286739,17006837760,15937175552,1069662208,6.3,13459193856,1438597120,1868005376,107298816,2511044608
2026-06-23T21:44:59.314047,17006837760,15936995328,1069842432,6.3,13459013632,1438597120,1868005376,107298816,2511044608
2026-06-23T21:45:00.327434,17006837760,15937060864,1069776896,6.3,13459062784,1438597120,1868005376,107315200,2511077376
2026-06-23T21:45:01.342597,17006837760,15939174400,1067663360,6.3,13461176320,1438597120,1868005376,107315200,2511093760
2026-06-23T21:45:02.384385,17006837760,15940403200,1066434560,6.3,13462355968,1439105024,1868054528,107315200,2511093760
2026-06-23T21:45:03.392169,17006837760,15937683456,1069154304,6.3,13459636224,1439727616,1868054528,107315200,2511093760
2026-06-23T21:45:04.416534,17006837760,15938338816,1068498944,6.3,13460291584,1439842304,1868054528,107315200,2511110144
2026-06-23T21:45:05.444915,17006837760,15938846720,1067991040,6.3,13460783104,1441349632,1868070912,107331584,2511110144
2026-06-23T21:45:06.457766,17006837760,15938617344,1068220416,6.3,13460553728,1441857536,1868070912,107331584,2511126528
2026-06-23T21:45:07.467450,17006837760,15941320704,1065517056,6.3,13463257088,1441857536,1868070912,107331584,2511126528
2026-06-23T21:45:08.473853,17006837760,15939190784,1067646976,6.3,13461127168,1441857536,1868070912,107331584,2511142912
2026-06-23T21:45:09.476431,17006837760,15939698688,1067139072,6.3,13461635072,1441857536,1868070912,107331584,2511142912
2026-06-23T21:45:10.485498,17006837760,15941189632,1065648128,6.3,13463126016,1441857536,1868070912,107347968,2511159296
2026-06-23T21:45:11.499802,17006837760,15941664768,1065172992,6.3,13463601152,1441857536,1868070912,107347968,2511159296
2026-06-23T21:45:12.501891,17006837760,15940517888,1066319872,6.3,13462421504,1442922496,1868103680,107347968,2511175680
2026-06-23T21:45:13.534353,17006837760,15949676544,1057161216,6.2,13471580160,1429045248,1868103680,107347968,2511175680
2026-06-23T21:45:14.581625,17006837760,15948120064,1058717696,6.2,13470007296,1430863872,1868120064,107347968,2511175680
2026-06-23T21:45:15.635656,17006837760,15933227008,1073610752,6.3,13455048704,1436516352,1868185600,107347968,2511192064
2026-06-23T21:45:16.661739,17006837760,15935324160,1071513600,6.3,13457145856,1437024256,1868185600,107347968,2511192064
2026-06-23T21:45:17.670084,17006837760,15934930944,1071906816,6.3,13456752640,1439219712,1868185600,107347968,2511192064
2026-06-23T21:45:18.674862,17006837760,15927951360,1078886400,6.3,13449756672,1446625280,1868201984,107347968,2511208448
2026-06-23T21:45:19.686160,17006837760,15915909120,1090928640,6.4,13437714432,1456373760,1868201984,107347968,2511208448
2026-06-23T21:45:20.709194,17006837760,15915810816,1091026944,6.4,13437616128,1457799168,1868201984,107380736,2511208448
2026-06-23T21:45:21.745022,17006837760,15904522240,1102315520,6.5,13426294784,1465073664,1868234752,107380736,2511224832
2026-06-23T21:45:22.747550,17006837760,15900573696,1106264064,6.5,13422329856,1471578112,1868251136,107380736,2511224832
2026-06-23T21:45:23.748607,17006837760,15901114368,1105723392,6.5,13422870528,1471578112,1868251136,107380736,2511241216
2026-06-23T21:45:24.759340,17006837760,15903621120,1103216640,6.5,13425377280,1471578112,1868251136,107380736,2511241216
2026-06-23T21:45:25.764263,17006837760,15905177600,1101660160,6.5,13426933760,1471578112,1868251136,107380736,2511257600
2026-06-23T21:45:26.765073,17006837760,15904997376,1101840384,6.5,13426753536,1471578112,1868251136,107380736,2511257600
2026-06-23T21:45:27.765474,17006837760,15904997376,1101840384,6.5,13426753536,1471578112,1868251136,107380736,2511273984
2026-06-23T21:45:28.768422,17006837760,15907241984,1099595776,6.5,13428981760,1472069632,1868267520,107380736,2511273984
2026-06-23T21:45:29.774640,17006837760,15907012608,1099825152,6.5,13428752384,1472069632,1868267520,107380736,2511290368
2026-06-23T21:45:30.780712,17006837760,15906963456,1099874304,6.5,13428703232,1472069632,1868267520,107397120,2511306752
2026-06-23T21:45:31.785497,17006837760,15909666816,1097170944,6.5,13431406592,1472069632,1868267520,107397120,2511306752
2026-06-23T21:45:32.807165,17006837760,15910273024,1096564736,6.4,13431963648,1472528384,1868316672,107397120,2511323136
2026-06-23T21:45:33.830486,17006837760,15911567360,1095270400,6.4,13433257984,1472528384,1868316672,107397120,2511323136
2026-06-23T21:45:34.841464,17006837760,15913205760,1093632000,6.4,13434896384,1472528384,1868316672,107397120,2511339520
2026-06-23T21:45:35.857924,17006837760,15913304064,1093533696,6.4,13434994688,1472528384,1868316672,107413504,2511339520
2026-06-23T21:45:36.862047,17006837760,15911813120,1095024640,6.4,13433454592,1473069056,1868349440,107413504,2511372288
2026-06-23T21:45:37.869552,17006837760,15910977536,1095860224,6.4,13432602624,1473445888,1868365824,107413504,2511372288
2026-06-23T21:45:38.891953,17006837760,15910502400,1096335360,6.4,13432127488,1473445888,1868365824,107413504,2511372288
2026-06-23T21:45:39.903470,17006837760,15912042496,1094795264,6.4,13433667584,1473445888,1868365824,107413504,2511388672
2026-06-23T21:45:40.914758,17006837760,15914106880,1092730880,6.4,13435731968,1473445888,1868365824,107429888,2511405056
2026-06-23T21:45:41.917376,17006837760,15914303488,1092534272,6.4,13435928576,1473445888,1868365824,107429888,2511405056
2026-06-23T21:45:42.922779,17006837760,15913877504,1092960256,6.4,13435469824,1473921024,1868398592,107429888,2511421440
2026-06-23T21:45:43.923160,17006837760,15909093376,1097744384,6.5,13430685696,1473921024,1868398592,107429888,2511437824
2026-06-23T21:45:44.941133,17006837760,15907209216,1099628544,6.5,13428719616,1474592768,1868480512,107429888,2511437824
2026-06-23T21:45:45.961509,17006837760,15906226176,1100611584,6.5,13427736576,1474592768,1868480512,107429888,2511437824
2026-06-23T21:45:46.970154,17006837760,15908847616,1097990144,6.5,13430358016,1474592768,1868480512,107429888,2511454208
2026-06-23T21:45:47.990599,17006837760,15910600704,1096237056,6.4,13432111104,1474592768,1868480512,107429888,2511454208
2026-06-23T21:45:49.017084,17006837760,15910830080,1096007680,6.4,13432324096,1475051520,1868496896,107429888,2511470592
2026-06-23T21:45:50.028048,17006837760,15910223872,1096613888,6.4,13431717888,1475051520,1868496896,107429888,2511486976
2026-06-23T21:45:51.045376,17006837760,15918792704,1088045056,6.4,13440237568,1463320576,1868546048,107462656,2511486976
2026-06-23T21:45:52.061770,17006837760,15931310080,1075527680,6.3,13452754944,1449721856,1868546048,107462656,2511503360
2026-06-23T21:45:53.096522,17006837760,15959719936,1047117824,6.2,13481115648,1421918208,1868595200,107462656,2511503360
2026-06-23T21:45:54.122289,17006837760,15953084416,1053753344,6.2,13474480128,1428406272,1868595200,107462656,2511503360
2026-06-23T21:45:55.124063,17006837760,15944728576,1062109184,6.2,13466124288,1435009024,1868595200,107462656,2511519744
2026-06-23T21:45:56.135982,17006837760,15940747264,1066090496,6.3,13462142976,1435009024,1868595200,107479040,2511519744
2026-06-23T21:45:57.146916,17006837760,15928147968,1078689792,6.3,13449510912,1441579008,1868627968,107479040,2511519744
2026-06-23T21:45:58.175574,17006837760,15921512448,1085325312,6.4,13442875392,1448837120,1868627968,107479040,2511536128
2026-06-23T21:45:59.201589,17006837760,15913402368,1093435392,6.4,13434765312,1452457984,1868627968,107479040,2511536128
2026-06-23T21:46:00.222077,17006837760,15910354944,1096482816,6.4,13431717888,1456881664,1868627968,107495424,2511536128
2026-06-23T21:46:01.247779,17006837760,15912386560,1094451200,6.4,13433749504,1457897472,1868627968,107495424,2511552512
2026-06-23T21:46:02.287570,17006837760,15915991040,1090846720,6.4,13437304832,1458356224,1868677120,107495424,2511552512
2026-06-23T21:46:03.301498,17006837760,15918759936,1088077824,6.4,13440073728,1458356224,1868677120,107495424,2511552512
2026-06-23T21:46:04.310594,17006837760,15914680320,1092157440,6.4,13435994112,1458438144,1868677120,107495424,2511552512
2026-06-23T21:46:05.356768,17006837760,15912648704,1094189056,6.4,13433929728,1458946048,1868709888,107511808,2511568896
2026-06-23T21:46:06.365336,17006837760,15912665088,1094172672,6.4,13433946112,1459159040,1868709888,107511808,2511568896
2026-06-23T21:46:07.377128,17006837760,15901261824,1105575936,6.5,13422542848,1461092352,1868709888,107511808,2511568896
2026-06-23T21:46:08.395201,17006837760,15890268160,1116569600,6.6,13411549184,1465434112,1868709888,107511808,2511585280
2026-06-23T21:46:09.414672,17006837760,15890366464,1116471296,6.6,13411631104,1468727296,1868726272,107511808,2511585280
2026-06-23T21:46:10.419016,17006837760,15883075584,1123762176,6.6,13404340224,1473019904,1868726272,107511808,2511585280
2026-06-23T21:46:11.421861,17006837760,15884910592,1121927168,6.6,13406175232,1474035712,1868726272,107511808,2511601664
2026-06-23T21:46:12.428026,17006837760,15887384576,1119453184,6.6,13408649216,1474543616,1868726272,107511808,2511601664
2026-06-23T21:46:13.435641,17006837760,15892135936,1114701824,6.6,13413400576,1474543616,1868726272,107511808,2511618048
2026-06-23T21:46:14.439180,17006837760,15907684352,1099153408,6.5,13428948992,1463009280,1868726272,107511808,2511618048
2026-06-23T21:46:15.450318,17006837760,15910649856,1096187904,6.4,13431914496,1463009280,1868726272,107528192,2511634432
2026-06-23T21:46:16.472630,17006837760,15912468480,1094369280,6.4,13433716736,1463320576,1868742656,107528192,2511634432
2026-06-23T21:46:17.505261,17006837760,15906799616,1100038144,6.5,13427982336,1468694528,1868808192,107528192,2511650816
2026-06-23T21:46:18.537134,17006837760,15905931264,1100906496,6.5,13427113984,1468694528,1868808192,107528192,2511650816
2026-06-23T21:46:19.544080,17006837760,15902359552,1104478208,6.5,13423542272,1474297856,1868808192,107528192,2511650816
2026-06-23T21:46:20.562129,17006837760,15904079872,1102757888,6.5,13425262592,1474297856,1868808192,107544576,2511667200
2026-06-23T21:46:21.580810,17006837760,15903244288,1103593472,6.5,13424427008,1474297856,1868808192,107544576,2511667200
2026-06-23T21:46:22.588859,17006837760,15906816000,1100021760,6.5,13427998720,1474297856,1868808192,107544576,2511683584
2026-06-23T21:46:23.607448,17006837760,15908618240,1098219520,6.5,13429784576,1474789376,1868824576,107544576,2511699968
2026-06-23T21:46:24.612268,17006837760,15907651584,1099186176,6.5,13428801536,1475280896,1868840960,107544576,2511699968
2026-06-23T21:46:25.633978,17006837760,15907667968,1099169792,6.5,13428801536,1476280320,1868857344,107560960,2511716352
2026-06-23T21:46:26.635284,17006837760,15907946496,1098891264,6.5,13429080064,1476280320,1868857344,107560960,2511716352
2026-06-23T21:46:27.659116,17006837760,15905865728,1100972032,6.5,13426950144,1478000640,1868906496,107560960,2511732736
2026-06-23T21:46:28.675224,17006837760,15903178752,1103659008,6.5,13424246784,1480032256,1868922880,107560960,2511732736
2026-06-23T21:46:29.683056,17006837760,15902195712,1104642048,6.5,13423263744,1480343552,1868922880,107560960,2511732736
2026-06-23T21:46:30.705565,17006837760,15901130752,1105707008,6.5,13422198784,1480851456,1868922880,107577344,2511732736
2026-06-23T21:46:31.724003,17006837760,15899410432,1107427328,6.5,13420478464,1481359360,1868922880,107577344,2511749120
2026-06-23T21:46:32.735309,17006837760,15901179904,1105657856,6.5,13422247936,1481867264,1868922880,107577344,2511765504
2026-06-23T21:46:33.737813,17006837760,15901622272,1105215488,6.5,13422673920,1482358784,1868939264,107577344,2511765504
2026-06-23T21:46:34.743619,17006837760,15900639232,1106198528,6.5,13421690880,1482866688,1868939264,107577344,2511781888
2026-06-23T21:46:35.744248,17006837760,15901933568,1104904192,6.5,13422985216,1482866688,1868939264,107593728,2511781888
2026-06-23T21:46:36.746435,17006837760,15902212096,1104625664,6.5,13423230976,1483341824,1868972032,107593728,2511798272
2026-06-23T21:46:37.749826,17006837760,15899803648,1107034112,6.5,13420822528,1483849728,1868972032,107593728,2511798272
2026-06-23T21:46:38.787130,17006837760,15900016640,1106821120,6.5,13421035520,1483849728,1868972032,107593728,2511814656
2026-06-23T21:46:39.794373,17006837760,15901245440,1105592320,6.5,13422264320,1483849728,1868972032,107593728,2511814656
2026-06-23T21:46:40.808866,17006837760,15900704768,1106132992,6.5,13421723648,1483849728,1868972032,107610112,2511831040
2026-06-23T21:46:41.812217,17006837760,15901392896,1105444864,6.5,13422346240,1484472320,1869037568,107610112,2511831040
2026-06-23T21:46:42.823741,17006837760,15899688960,1107148800,6.5,13420642304,1484636160,1869037568,107610112,2511847424
2026-06-23T21:46:43.831940,17006837760,15899197440,1107640320,6.5,13420150784,1484636160,1869037568,107610112,2511847424
2026-06-23T21:46:44.834110,17006837760,15900295168,1106542592,6.5,13421248512,1484636160,1869037568,107610112,2511863808
2026-06-23T21:46:45.874214,17006837760,15899000832,1107836928,6.5,13419937792,1484636160,1869037568,107610112,2511896576
2026-06-23T21:46:46.884750,17006837760,15898263552,1108574208,6.5,13419200512,1484636160,1869037568,107610112,2511896576
2026-06-23T21:46:47.893607,17006837760,15900327936,1106509824,6.5,13421264896,1484636160,1869037568,107610112,2511912960
2026-06-23T21:46:48.911945,17006837760,15901491200,1105346560,6.5,13422428160,1484636160,1869037568,107610112,2511912960
2026-06-23T21:46:49.918281,17006837760,15901179904,1105657856,6.5,13422051328,1485602816,1869103104,107610112,2511929344
2026-06-23T21:46:50.931632,17006837760,15902310400,1104527360,6.5,13423181824,1485602816,1869103104,107642880,2511929344
2026-06-23T21:46:51.960657,17006837760,15902654464,1104183296,6.5,13423525888,1485602816,1869103104,107642880,2511945728
2026-06-23T21:46:52.979040,17006837760,15903571968,1103265792,6.5,13424443392,1485602816,1869103104,107642880,2511962112
2026-06-23T21:46:53.980491,17006837760,15898034176,1108803584,6.5,13418905600,1485602816,1869103104,107642880,2511962112
2026-06-23T21:46:54.986570,17006837760,15895576576,1111261184,6.5,13416448000,1485602816,1869103104,107642880,2511978496
2026-06-23T21:46:56.005717,17006837760,15895445504,1111392256,6.5,13416316928,1485602816,1869103104,107659264,2511994880
2026-06-23T21:46:57.016035,17006837760,15897739264,1109098496,6.5,13418528768,1486028800,1869185024,107659264,2511994880
2026-06-23T21:46:58.016513,17006837760,15897706496,1109131264,6.5,13418446848,1486487552,1869234176,107659264,2512011264
2026-06-23T21:46:59.018506,17006837760,15897935872,1108901888,6.5,13418676224,1486487552,1869234176,107659264,2512011264
2026-06-23T21:47:00.025813,17006837760,15899410432,1107427328,6.5,13420150784,1486569472,1869234176,107659264,2512027648
2026-06-23T21:47:01.030658,17006837760,15895625728,1111212032,6.5,13416366080,1486569472,1869234176,107675648,2512044032
2026-06-23T21:47:02.047192,17006837760,15895412736,1111425024,6.5,13416153088,1486569472,1869234176,107675648,2512044032
2026-06-23T21:47:03.062229,17006837760,15892971520,1113866240,6.5,13413662720,1487028224,1869283328,107675648,2512060416
2026-06-23T21:47:04.083567,17006837760,15894937600,1111900160,6.5,13415628800,1487028224,1869283328,107675648,2512060416
2026-06-23T21:47:05.102265,17006837760,15895216128,1111621632,6.5,13415874560,1487372288,1869316096,107675648,2512076800
2026-06-23T21:47:06.119663,17006837760,15894986752,1111851008,6.5,13415628800,1487863808,1869332480,107692032,2512076800
2026-06-23T21:47:07.132353,17006837760,15895494656,1111343104,6.5,13416120320,1488011264,1869348864,107692032,2512093184
2026-06-23T21:47:08.142775,17006837760,15896199168,1110638592,6.5,13416824832,1488011264,1869348864,107692032,2512093184
2026-06-23T21:47:09.148403,17006837760,15897395200,1109442560,6.5,13418020864,1488011264,1869348864,107692032,2512109568
2026-06-23T21:47:10.173049,17006837760,15897722880,1109114880,6.5,13418348544,1488011264,1869348864,107692032,2512109568
2026-06-23T21:47:11.176786,17006837760,15897755648,1109082112,6.5,13418348544,1488486400,1869381632,107692032,2512125952
2026-06-23T21:47:12.187775,17006837760,15897231360,1109606400,6.5,13417824256,1488486400,1869381632,107692032,2512125952
2026-06-23T21:47:13.189049,17006837760,15898902528,1107935232,6.5,13419495424,1488486400,1869381632,107692032,2512142336
2026-06-23T21:47:14.190833,17006837760,15897198592,1109639168,6.5,13417758720,1488863232,1869414400,107692032,2512158720
2026-06-23T21:47:15.220185,17006837760,15894052864,1112784896,6.5,13414563840,1489321984,1869463552,107692032,2512158720
2026-06-23T21:47:16.243087,17006837760,15894315008,1112522752,6.5,13414809600,1489469440,1869479936,107708416,2512158720
2026-06-23T21:47:17.255836,17006837760,15897624576,1109213184,6.5,13418119168,1489469440,1869479936,107708416,2512175104
2026-06-23T21:47:18.269433,17006837760,15899279360,1107558400,6.5,13419773952,1489469440,1869479936,107708416,2512191488
2026-06-23T21:47:19.280121,17006837760,15898050560,1108787200,6.5,13418545152,1489469440,1869479936,107708416,2512191488
2026-06-23T21:47:20.306286,17006837760,15897427968,1109409792,6.5,13417922560,1489469440,1869479936,107708416,2512207872
2026-06-23T21:47:21.325609,17006837760,15896444928,1110392832,6.5,13416939520,1489469440,1869479936,107724800,2512207872
2026-06-23T21:47:22.343098,17006837760,15896756224,1110081536,6.5,13417250816,1489469440,1869479936,107724800,2512224256
2026-06-23T21:47:23.356155,17006837760,15899230208,1107607552,6.5,13419708416,1489944576,1869496320,107724800,2512240640
2026-06-23T21:47:24.358747,17006837760,15897968640,1108869120,6.5,13418397696,1490403328,1869545472,107724800,2512240640
2026-06-23T21:47:25.370892,17006837760,15896625152,1110212608,6.5,13417054208,1490403328,1869545472,107724800,2512257024
2026-06-23T21:47:26.381887,17006837760,15895642112,1111195648,6.5,13416071168,1490403328,1869545472,107741184,2512257024
2026-06-23T21:47:27.382637,17006837760,15896346624,1110491136,6.5,13416726528,1490862080,1869594624,107741184,2512273408
2026-06-23T21:47:28.390389,17006837760,15897640960,1109196800,6.5,13418020864,1490993152,1869594624,107741184,2512289792
2026-06-23T21:47:29.403765,17006837760,15896379392,1110458368,6.5,13416759296,1490993152,1869594624,107741184,2512289792
2026-06-23T21:47:30.407663,17006837760,15896657920,1110179840,6.5,13417037824,1490993152,1869594624,107741184,2512306176
2026-06-23T21:47:31.424009,17006837760,15897919488,1108918272,6.5,13418299392,1490993152,1869594624,107757568,2512306176
2026-06-23T21:47:32.443292,17006837760,15894462464,1112375296,6.5,13414842368,1490993152,1869594624,107757568,2512322560
2026-06-23T21:47:33.462128,17006837760,15890808832,1116028928,6.6,13411139584,1491451904,1869643776,107757568,2512338944
2026-06-23T21:47:34.464201,17006837760,15890497536,1116340224,6.6,13410828288,1491451904,1869643776,107757568,2512338944
2026-06-23T21:47:35.467160,17006837760,15891660800,1115176960,6.6,13411991552,1491451904,1869643776,107757568,2512355328
2026-06-23T21:47:36.474113,17006837760,15889760256,1117077504,6.6,13410025472,1491910656,1869692928,107773952,2512388096
2026-06-23T21:47:37.508392,17006837760,15889612800,1117224960,6.6,13409878016,1491992576,1869692928,107773952,2512388096
2026-06-23T21:47:38.527678,17006837760,15891775488,1115062272,6.6,13412007936,1492484096,1869725696,107773952,2512388096
2026-06-23T21:47:39.539402,17006837760,15886024704,1120813056,6.6,13406257152,1492484096,1869725696,107773952,2512404480
2026-06-23T21:47:40.550154,17006837760,15885778944,1121058816,6.6,13406011392,1492484096,1869725696,107773952,2512420864
2026-06-23T21:47:41.567568,17006837760,15888302080,1118535680,6.6,13408534528,1492484096,1869725696,107773952,2512420864
2026-06-23T21:47:42.623173,17006837760,15890825216,1116012544,6.6,13411057664,1492484096,1869725696,107773952,2512437248
2026-06-23T21:47:43.646375,17006837760,15890628608,1116209152,6.6,13410811904,1492795392,1869774848,107773952,2512437248
2026-06-23T21:47:44.648827,17006837760,15889547264,1117290496,6.6,13409697792,1493385216,1869807616,107773952,2512437248
2026-06-23T21:47:45.658961,17006837760,15890530304,1116307456,6.6,13410680832,1495105536,1869807616,107773952,2512453632
2026-06-23T21:47:46.680340,17006837760,15887826944,1119010816,6.6,13407977472,1495597056,1869807616,107790336,2512453632
2026-06-23T21:47:47.710374,17006837760,15889055744,1117782016,6.6,13409189888,1495744512,1869824000,107790336,2512453632
2026-06-23T21:47:48.723785,17006837760,15887941632,1118896128,6.6,13408075776,1496858624,1869824000,107790336,2512470016
2026-06-23T21:47:49.729341,17006837760,15888220160,1118617600,6.6,13408321536,1497268224,1869856768,107790336,2512470016
2026-06-23T21:47:50.746765,17006837760,15886827520,1120010240,6.6,13406928896,1498808320,1869856768,107790336,2512470016
2026-06-23T21:47:51.762754,17006837760,15884140544,1122697216,6.6,13404241920,1499807744,1869856768,107806720,2512486400
2026-06-23T21:47:52.785636,17006837760,15881715712,1125122048,6.6,13401784320,1502674944,1869889536,107806720,2512486400
2026-06-23T21:47:53.794762,17006837760,15876571136,1130266624,6.6,13396639744,1505312768,1869889536,107806720,2512486400
2026-06-23T21:47:54.807204,17006837760,15875096576,1131741184,6.7,13395165184,1505312768,1869889536,107806720,2512486400
2026-06-23T21:47:55.839787,17006837760,15876472832,1130364928,6.6,13396541440,1506050048,1869889536,107806720,2512502784
2026-06-23T21:47:56.851680,17006837760,15872065536,1134772224,6.7,13392134144,1508442112,1869889536,107823104,2512502784
2026-06-23T21:47:57.860765,17006837760,15867379712,1139458048,6.7,13387415552,1513177088,1869922304,107823104,2512502784
2026-06-23T21:47:58.879620,17006837760,15867133952,1139703808,6.7,13387169792,1513177088,1869922304,107823104,2512519168
2026-06-23T21:47:59.924680,17006837760,15860858880,1145978880,6.7,13380894720,1515814912,1869922304,107823104,2512519168
2026-06-23T21:48:00.954953,17006837760,15856058368,1150779392,6.8,13376077824,1518845952,1869938688,107823104,2512519168
2026-06-23T21:48:01.969220,17006837760,15856418816,1150418944,6.8,13376438272,1519075328,1869938688,107839488,2512519168
2026-06-23T21:48:02.982362,17006837760,15858941952,1147895808,6.7,13378961408,1519075328,1869938688,107839488,2512535552
2026-06-23T21:48:03.984659,17006837760,15860989952,1145847808,6.7,13381009408,1519075328,1869938688,107839488,2512551936
2026-06-23T21:48:04.992057,17006837760,15863693312,1143144448,6.7,13383712768,1519075328,1869938688,107839488,2512551936
2026-06-23T21:48:06.039255,17006837760,15861170176,1145667584,6.7,13381173248,1519534080,1869955072,107839488,2512568320
2026-06-23T21:48:07.041326,17006837760,15858892800,1147944960,6.7,13378863104,1520009216,1869987840,107855872,2512568320
2026-06-23T21:48:08.042520,17006837760,15859564544,1147273216,6.7,13379534848,1520009216,1869987840,107855872,2512584704
2026-06-23T21:48:09.053242,17006837760,15861465088,1145372672,6.7,13381435392,1520009216,1869987840,107855872,2512584704
2026-06-23T21:48:10.065106,17006837760,15863660544,1143177216,6.7,13383630848,1520009216,1869987840,107855872,2512601088
2026-06-23T21:48:11.078045,17006837760,15864348672,1142489088,6.7,13384318976,1520009216,1869987840,107855872,2512601088
2026-06-23T21:48:12.078703,17006837760,15865298944,1141538816,6.7,13385252864,1520107520,1870004224,107855872,2512617472
2026-06-23T21:48:13.107793,17006837760,15864823808,1142013952,6.7,13384712192,1520877568,1870069760,107855872,2512617472
2026-06-23T21:48:14.112717,17006837760,15864086528,1142751232,6.7,13383974912,1520893952,1870069760,107855872,2512617472
2026-06-23T21:48:15.118706,17006837760,15864725504,1142112256,6.7,13384613888,1520893952,1870069760,107855872,2512633856
2026-06-23T21:48:16.147592,17006837760,15862398976,1144438784,6.7,13382287360,1520893952,1870069760,107855872,2512650240
2026-06-23T21:48:17.160114,17006837760,15861825536,1145012224,6.7,13381713920,1520893952,1870069760,107872256,2512650240
2026-06-23T21:48:18.172544,17006837760,15869607936,1137229824,6.7,13389463552,1509326848,1870102528,107872256,2512666624
2026-06-23T21:48:19.179590,17006837760,15870853120,1135984640,6.7,13390692352,1509818368,1870118912,107872256,2512666624
2026-06-23T21:48:20.191792,17006837760,15870640128,1136197632,6.7,13390479360,1509818368,1870118912,107872256,2512683008
2026-06-23T21:48:21.192730,17006837760,15873245184,1133592576,6.7,13393084416,1509818368,1870118912,107872256,2512683008
2026-06-23T21:48:22.209422,17006837760,15873392640,1133445120,6.7,13393215488,1509965824,1870135296,107888640,2512699392
2026-06-23T21:48:23.210911,17006837760,15879077888,1127759872,6.6,13398867968,1503019008,1870168064,107888640,2512699392
2026-06-23T21:48:24.235260,17006837760,15879405568,1127432192,6.6,13399179264,1503019008,1870168064,107888640,2512732160
2026-06-23T21:48:25.250165,17006837760,15880421376,1126416384,6.6,13400195072,1503019008,1870168064,107888640,2512732160
2026-06-23T21:48:26.267382,17006837760,15879667712,1127170048,6.6,13399441408,1503019008,1870168064,107888640,2512748544
2026-06-23T21:48:27.273128,17006837760,15880224768,1126612992,6.6,13399998464,1503019008,1870168064,107905024,2512748544
2026-06-23T21:48:28.273767,17006837760,15882960896,1123876864,6.6,13402734592,1503019008,1870168064,107905024,2512764928
2026-06-23T21:48:29.290648,17006837760,15880716288,1126121472,6.6,13400489984,1503019008,1870168064,107905024,2512781312
2026-06-23T21:48:30.311187,17006837760,15878569984,1128267776,6.6,13398278144,1503461376,1870233600,107905024,2512781312
2026-06-23T21:48:31.330130,17006837760,15879553024,1127284736,6.6,13399261184,1503461376,1870233600,107905024,2512797696
2026-06-23T21:48:32.341275,17006837760,15881863168,1124974592,6.6,13401571328,1503461376,1870233600,107921408,2512814080
2026-06-23T21:48:33.342735,17006837760,15881781248,1125056512,6.6,13401489408,1503461376,1870233600,107921408,2512814080
2026-06-23T21:48:34.358870,17006837760,15879847936,1126989824,6.6,13399523328,1503739904,1870266368,107921408,2512830464
2026-06-23T21:48:35.362245,17006837760,15880601600,1126236160,6.6,13400244224,1504165888,1870299136,107921408,2512830464
2026-06-23T21:48:36.369324,17006837760,15881682944,1125154816,6.6,13401325568,1504165888,1870299136,107921408,2512846848
2026-06-23T21:48:37.387057,17006837760,15881420800,1125416960,6.6,13401063424,1504165888,1870299136,107937792,2512846848
2026-06-23T21:48:38.405609,17006837760,15881093120,1125744640,6.6,13400735744,1504165888,1870299136,107937792,2512863232
2026-06-23T21:48:39.407601,17006837760,15881060352,1125777408,6.6,13400702976,1504165888,1870299136,107937792,2512879616
2026-06-23T21:48:40.409413,17006837760,15882518528,1124319232,6.6,13402161152,1504165888,1870299136,107937792,2512879616
2026-06-23T21:48:41.427407,17006837760,15880749056,1126088704,6.6,13400358912,1504641024,1870331904,107937792,2512896000
2026-06-23T21:48:42.445683,17006837760,15880601600,1126236160,6.6,13400211456,1504641024,1870331904,107937792,2512912384
2026-06-23T21:48:43.464772,17006837760,15882338304,1124499456,6.6,13401948160,1504641024,1870331904,107937792,2512912384
2026-06-23T21:48:44.488628,17006837760,15879815168,1127022592,6.6,13399408640,1505132544,1870348288,107937792,2512928768
2026-06-23T21:48:45.502336,17006837760,15874949120,1131888640,6.7,13394493440,1505558528,1870397440,107937792,2512928768
2026-06-23T21:48:46.506887,17006837760,15876702208,1130135552,6.6,13396246528,1505558528,1870397440,107937792,2512945152
2026-06-23T21:48:47.515460,17006837760,15878422528,1128415232,6.6,13397966848,1505558528,1870397440,107954176,2512961536
2026-06-23T21:48:48.521103,17006837760,15877505024,1129332736,6.6,13397049344,1505558528,1870397440,107954176,2512961536
2026-06-23T21:48:49.539803,17006837760,15877816320,1129021440,6.6,13397360640,1505591296,1870397440,107954176,2512977920
2026-06-23T21:48:50.548751,17006837760,15879208960,1127628800,6.6,13398720512,1506000896,1870430208,107954176,2512977920
2026-06-23T21:48:51.572044,17006837760,15876063232,1130774528,6.6,13395542016,1506476032,1870462976,107954176,2512994304
2026-06-23T21:48:52.574839,17006837760,15875784704,1131053056,6.7,13395214336,1506820096,1870512128,107970560,2512994304
2026-06-23T21:48:53.593603,17006837760,15875833856,1131003904,6.7,13395263488,1506820096,1870512128,107970560,2513010688
2026-06-23T21:48:54.610649,17006837760,15874899968,1131937792,6.7,13394329600,1506820096,1870512128,107970560,2513010688
2026-06-23T21:48:55.627886,17006837760,15869476864,1137360896,6.7,13388906496,1506820096,1870512128,107970560,2513027072
2026-06-23T21:48:56.631051,17006837760,15871164416,1135673344,6.7,13390594048,1506820096,1870512128,107970560,2513043456
2026-06-23T21:48:57.634415,17006837760,15870836736,1136001024,6.7,13390217216,1507196928,1870561280,107986944,2513043456
2026-06-23T21:48:58.639289,17006837760,15871508480,1135329280,6.7,13390888960,1507196928,1870561280,107986944,2513059840
2026-06-23T21:48:59.650596,17006837760,15873032192,1133805568,6.7,13392412672,1507196928,1870561280,107986944,2513076224
2026-06-23T21:49:00.692785,17006837760,15869083648,1137754112,6.7,13388398592,1507753984,1870626816,107986944,2513076224
2026-06-23T21:49:01.738537,17006837760,15866839040,1139998720,6.7,13386137600,1508130816,1870643200,107986944,2513076224
2026-06-23T21:49:02.746952,17006837760,15866134528,1140703232,6.7,13385416704,1508655104,1870659584,108003328,2513092608
2026-06-23T21:49:03.758626,17006837760,15867805696,1139032064,6.7,13387087872,1508655104,1870659584,108003328,2513092608
2026-06-23T21:49:04.785558,17006837760,15870033920,1136803840,6.7,13389316096,1508655104,1870659584,108003328,2513092608
2026-06-23T21:49:05.834500,17006837760,15872638976,1134198784,6.7,13391904768,1509179392,1870675968,108003328,2513108992
2026-06-23T21:49:06.880455,17006837760,15871279104,1135558656,6.7,13390528512,1509638144,1870675968,108019712,2513125376
2026-06-23T21:49:07.902412,17006837760,15870148608,1136689152,6.7,13389398016,1509785600,1870675968,108019712,2513125376
2026-06-23T21:49:08.904945,17006837760,15869755392,1137082368,6.7,13389004800,1509785600,1870675968,108019712,2513141760
2026-06-23T21:49:09.907475,17006837760,15870640128,1136197632,6.7,13389889536,1509785600,1870675968,108019712,2513141760
2026-06-23T21:49:10.930825,17006837760,15871688704,1135149056,6.7,13390938112,1509785600,1870675968,108019712,2513158144
2026-06-23T21:49:11.938766,17006837760,15873015808,1133821952,6.7,13392265216,1509785600,1870675968,108036096,2513174528
2026-06-23T21:49:12.950198,17006837760,15873294336,1133543424,6.7,13392510976,1510260736,1870708736,108036096,2513174528
2026-06-23T21:49:13.970520,17006837760,15873277952,1133559808,6.7,13392494592,1510260736,1870708736,108036096,2513190912
2026-06-23T21:49:14.987502,17006837760,15871934464,1134903296,6.7,13391151104,1510260736,1870708736,108036096,2513190912
2026-06-23T21:49:15.998172,17006837760,15871606784,1135230976,6.7,13390823424,1510260736,1870708736,108036096,2513207296
2026-06-23T21:49:17.002857,17006837760,15868362752,1138475008,6.7,13387563008,1510588416,1870725120,108052480,2513190912
2026-06-23T21:49:18.004347,17006837760,15868805120,1138032640,6.7,13388005376,1510588416,1870725120,108052480,2513223680
2026-06-23T21:49:19.016906,17006837760,15869149184,1137688576,6.7,13388283904,1511030784,1870790656,108052480,2513223680
2026-06-23T21:49:20.038066,17006837760,15871688704,1135149056,6.7,13390823424,1511030784,1870790656,108052480,2513240064
2026-06-23T21:49:21.055451,17006837760,15868461056,1138376704,6.7,13387546624,1511489536,1870839808,108052480,2513240064
2026-06-23T21:49:22.057464,17006837760,15868166144,1138671616,6.7,13387251712,1511489536,1870839808,108052480,2513256448
2026-06-23T21:49:23.063401,17006837760,15869788160,1137049600,6.7,13388873728,1511489536,1870839808,108052480,2513272832
2026-06-23T21:49:24.078995,17006837760,15873048576,1133789184,6.7,13392134144,1511489536,1870839808,108052480,2513272832
2026-06-23T21:49:25.080505,17006837760,15873654784,1133182976,6.7,13392740352,1511489536,1870839808,108052480,2513289216
2026-06-23T21:49:26.081438,17006837760,15871901696,1134936064,6.7,13390987264,1511489536,1870839808,108052480,2513289216
2026-06-23T21:49:27.091098,17006837760,15874359296,1132478464,6.7,13393444864,1511489536,1870839808,108068864,2513289216
2026-06-23T21:49:28.093331,17006837760,15874867200,1131970560,6.7,13393952768,1511489536,1870839808,108068864,2513321984
2026-06-23T21:49:29.098251,17006837760,15876341760,1130496000,6.6,13395427328,1511571456,1870839808,108068864,2513321984
2026-06-23T21:49:30.114566,17006837760,15875997696,1130840064,6.6,13395083264,1511571456,1870839808,108068864,2513338368
2026-06-23T21:49:31.117937,17006837760,15873753088,1133084672,6.7,13392838656,1511571456,1870839808,108068864,2513354752
2026-06-23T21:49:32.136837,17006837760,15874375680,1132462080,6.7,13393461248,1511571456,1870839808,108101632,2513354752
2026-06-23T21:49:33.140523,17006837760,15868739584,1138098176,6.7,13387825152,1511571456,1870839808,108101632,2513371136
2026-06-23T21:49:34.145786,17006837760,15867674624,1139163136,6.7,13386596352,1512423424,1871003648,108101632,2513371136
2026-06-23T21:49:35.179228,17006837760,15867592704,1139245056,6.7,13386514432,1512439808,1871003648,108101632,2513387520
2026-06-23T21:49:36.207728,17006837760,15866216448,1140621312,6.7,13385138176,1512439808,1871003648,108101632,2513387520
2026-06-23T21:49:37.230387,17006837760,15863808000,1143029760,6.7,13382680576,1513127936,1871052800,108118016,2513387520
2026-06-23T21:49:38.238195,17006837760,15861858304,1144979456,6.7,13380714496,1513816064,1871069184,108118016,2513387520
2026-06-23T21:49:39.240240,17006837760,15862054912,1144782848,6.7,13380894720,1515864064,1871085568,108118016,2513403904
2026-06-23T21:49:40.260631,17006837760,15862235136,1144602624,6.7,13381074944,1515864064,1871085568,108118016,2513403904
2026-06-23T21:49:41.271280,17006837760,15865020416,1141817344,6.7,13383860224,1516371968,1871085568,108118016,2513420288
2026-06-23T21:49:42.295413,17006837760,15866314752,1140523008,6.7,13385154560,1516371968,1871085568,108134400,2513420288
2026-06-23T21:49:43.317576,17006837760,15867199488,1139638272,6.7,13386039296,1516371968,1871085568,108134400,2513436672
2026-06-23T21:49:44.340389,17006837760,15863791616,1143046144,6.7,13382631424,1516371968,1871085568,108134400,2513453056
2026-06-23T21:49:45.348397,17006837760,15864037376,1142800384,6.7,13382877184,1516371968,1871085568,108134400,2513453056
2026-06-23T21:49:46.371828,17006837760,15863726080,1143111680,6.7,13382483968,1517305856,1871167488,108134400,2513469440
2026-06-23T21:49:47.421489,17006837760,15865069568,1141768192,6.7,13383827456,1517305856,1871167488,108134400,2513469440
2026-06-23T21:49:48.455343,17006837760,15866888192,1139949568,6.7,13385646080,1517305856,1871167488,108134400,2513485824
2026-06-23T21:49:49.458965,17006837760,15867805696,1139032064,6.7,13386563584,1517305856,1871167488,108134400,2513485824
2026-06-23T21:49:50.465964,17006837760,15867314176,1139523584,6.7,13386072064,1517305856,1871167488,108134400,2513502208
2026-06-23T21:49:51.483964,17006837760,15867494400,1139343360,6.7,13386219520,1517780992,1871200256,108134400,2513518592
2026-06-23T21:49:52.492287,17006837760,15867478016,1139359744,6.7,13386203136,1517780992,1871200256,108150784,2513518592
2026-06-23T21:49:53.500177,17006837760,15867461632,1139376128,6.7,13386170368,1518272512,1871216640,108150784,2513534976
2026-06-23T21:49:54.538035,17006837760,15865266176,1141571584,6.7,13383974912,1518272512,1871216640,108150784,2513551360
2026-06-23T21:49:55.571940,17006837760,15865053184,1141784576,6.7,13383761920,1518272512,1871216640,108150784,2513551360
2026-06-23T21:49:56.580931,17006837760,15864856576,1141981184,6.7,13383565312,1518600192,1871216640,108150784,2513567744
2026-06-23T21:49:57.597193,17006837760,15864627200,1142210560,6.7,13383319552,1518600192,1871216640,108167168,2513584128
2026-06-23T21:49:58.599553,17006837760,15867346944,1139490816,6.7,13386039296,1518600192,1871216640,108167168,2513600512
2026-06-23T21:49:59.600493,17006837760,15864037376,1142800384,6.7,13382664192,1518977024,1871282176,108167168,2513600512
2026-06-23T21:50:00.610166,17006837760,15861579776,1145257984,6.7,13380206592,1518977024,1871282176,108167168,2513616896
2026-06-23T21:50:01.626708,17006837760,15860695040,1146142720,6.7,13379305472,1518977024,1871282176,108167168,2513649664
2026-06-23T21:50:02.628240,17006837760,15859892224,1146945536,6.7,13378502656,1518977024,1871282176,108183552,2513649664
2026-06-23T21:50:03.640763,17006837760,15859564544,1147273216,6.7,13378174976,1518977024,1871282176,108183552,2513666048
2026-06-23T21:50:04.661765,17006837760,15860154368,1146683392,6.7,13378682880,1519894528,1871364096,108183552,2513666048
2026-06-23T21:50:05.695236,17006837760,15860006912,1146830848,6.7,13378535424,1519894528,1871364096,108183552,2513666048
2026-06-23T21:50:06.706088,17006837760,15859204096,1147633664,6.7,13377732608,1519943680,1871364096,108183552,2513682432
2026-06-23T21:50:07.719374,17006837760,15860809728,1146028032,6.7,13379338240,1519943680,1871364096,108199936,2513682432
2026-06-23T21:50:08.732464,17006837760,15860793344,1146044416,6.7,13379321856,1519943680,1871364096,108199936,2513698816
2026-06-23T21:50:09.758104,17006837760,15862513664,1144324096,6.7,13381025792,1519976448,1871380480,108199936,2513698816
2026-06-23T21:50:10.758857,17006837760,15863562240,1143275520,6.7,13382074368,1519976448,1871380480,108199936,2513715200
2026-06-23T21:50:11.770179,17006837760,15864184832,1142652928,6.7,13382696960,1519976448,1871380480,108199936,2513715200
2026-06-23T21:50:12.803608,17006837760,15864659968,1142177792,6.7,13383122944,1520484352,1871429632,108216320,2513731584
2026-06-23T21:50:13.836757,17006837760,15865036800,1141800960,6.7,13383483392,1520893952,1871446016,108216320,2513731584
2026-06-23T21:50:14.859342,17006837760,15864594432,1142243328,6.7,13383041024,1520910336,1871446016,108216320,2513731584
2026-06-23T21:50:15.876298,17006837760,15867117568,1139720192,6.7,13385564160,1520926720,1871446016,108216320,2513747968
2026-06-23T21:50:16.894458,17006837760,15865462784,1141374976,6.7,13383860224,1521893376,1871495168,108216320,2513747968
2026-06-23T21:50:17.906496,17006837760,15861792768,1145044992,6.7,13380190208,1521909760,1871495168,108216320,2513747968
2026-06-23T21:50:18.932865,17006837760,15863021568,1143816192,6.7,13381419008,1521909760,1871495168,108216320,2513764352
2026-06-23T21:50:19.935763,17006837760,15862939648,1143898112,6.7,13381337088,1522417664,1871495168,108216320,2513764352
2026-06-23T21:50:20.957007,17006837760,15862366208,1144471552,6.7,13380763648,1522417664,1871495168,108216320,2513780736
2026-06-23T21:50:21.977796,17006837760,15862366208,1144471552,6.7,13380763648,1522925568,1871495168,108216320,2513780736
2026-06-23T21:50:23.004919,17006837760,15864119296,1142718464,6.7,13382516736,1522925568,1871495168,108232704,2513797120
2026-06-23T21:50:24.010277,17006837760,15864299520,1142538240,6.7,13382696960,1522925568,1871495168,108232704,2513797120
2026-06-23T21:50:25.023544,17006837760,15863742464,1143095296,6.7,13382123520,1523204096,1871511552,108232704,2513813504
2026-06-23T21:50:26.030708,17006837760,15856959488,1149878272,6.8,13375291392,1523843072,1871560704,108232704,2513813504
2026-06-23T21:50:27.050146,17006837760,15852584960,1154252800,6.8,13370900480,1524105216,1871577088,108232704,2513829888
2026-06-23T21:50:28.064574,17006837760,15853010944,1153826816,6.8,13371326464,1524121600,1871577088,108249088,2513829888
2026-06-23T21:50:29.086802,17006837760,15852716032,1154121728,6.8,13371015168,1524121600,1871593472,108249088,2513829888
2026-06-23T21:50:30.092203,17006837760,15854141440,1152696320,6.8,13372440576,1524137984,1871593472,108249088,2513846272
2026-06-23T21:50:31.125389,17006837760,15854665728,1152172032,6.8,13372932096,1524613120,1871626240,108249088,2513846272
2026-06-23T21:50:32.153234,17006837760,15855501312,1151336448,6.8,13373767680,1524613120,1871626240,108249088,2513862656
2026-06-23T21:50:33.155483,17006837760,15856304128,1150533632,6.8,13374570496,1524613120,1871626240,108265472,2513862656
2026-06-23T21:50:34.172442,17006837760,15856058368,1150779392,6.8,13374324736,1524613120,1871626240,108265472,2513879040
2026-06-23T21:50:35.187411,17006837760,15857631232,1149206528,6.8,13375897600,1524613120,1871626240,108265472,2513895424
2026-06-23T21:50:36.206354,17006837760,15859466240,1147371520,6.7,13377732608,1524678656,1871626240,108265472,2513895424
2026-06-23T21:50:37.228447,17006837760,15858450432,1148387328,6.8,13376667648,1525268480,1871675392,108265472,2513895424
2026-06-23T21:50:38.246903,17006837760,15858237440,1148600320,6.8,13376454656,1525268480,1871675392,108281856,2513911808
2026-06-23T21:50:39.262506,17006837760,15860727808,1146109952,6.7,13378945024,1525268480,1871675392,108281856,2513911808
2026-06-23T21:50:40.264569,17006837760,15858761728,1148076032,6.8,13376978944,1525268480,1871675392,108281856,2513928192
2026-06-23T21:50:41.278546,17006837760,15855435776,1151401984,6.8,13373620224,1525743616,1871708160,108281856,2513928192
2026-06-23T21:50:42.299717,17006837760,15854551040,1152286720,6.8,13372735488,1525743616,1871708160,108281856,2513944576
2026-06-23T21:50:43.301070,17006837760,15854878720,1151959040,6.8,13373063168,1525743616,1871708160,108298240,2513960960
2026-06-23T21:50:44.304096,17006837760,15857827840,1149009920,6.8,13376012288,1525743616,1871708160,108298240,2513960960
2026-06-23T21:50:45.333108,17006837760,15857893376,1148944384,6.8,13375995904,1526038528,1871790080,108298240,2513977344
2026-06-23T21:50:46.350397,17006837760,15857025024,1149812736,6.8,13375111168,1526267904,1871806464,108298240,2513977344
2026-06-23T21:50:47.356000,17006837760,15857221632,1149616128,6.8,13375307776,1526267904,1871806464,108298240,2513993728
2026-06-23T21:50:48.364614,17006837760,15857795072,1149042688,6.8,13375881216,1526267904,1871806464,108314624,2513993728
2026-06-23T21:50:49.382359,17006837760,15857057792,1149779968,6.8,13375143936,1526267904,1871806464,108314624,2514010112
2026-06-23T21:50:50.401223,17006837760,15857385472,1149452288,6.8,13375438848,1526579200,1871839232,108314624,2514026496
2026-06-23T21:50:51.417739,17006837760,15858368512,1148469248,6.8,13376421888,1526579200,1871839232,108314624,2514026496
2026-06-23T21:50:52.434097,17006837760,15859482624,1147355136,6.7,13377536000,1526579200,1871839232,108314624,2514042880
2026-06-23T21:50:53.449907,17006837760,15859286016,1147551744,6.7,13377339392,1526579200,1871839232,108331008,2514059264
2026-06-23T21:50:54.454954,17006837760,15859875840,1146961920,6.7,13377929216,1527087104,1871839232,108331008,2514059264
2026-06-23T21:50:55.474946,17006837760,15853813760,1153024000,6.8,13371801600,1527644160,1871904768,108331008,2514059264
2026-06-23T21:50:56.477516,17006837760,15854190592,1152647168,6.8,13372178432,1527644160,1871904768,108331008,2514075648
2026-06-23T21:50:57.480441,17006837760,15854993408,1151844352,6.8,13372981248,1527644160,1871904768,108331008,2514075648
2026-06-23T21:50:58.482643,17006837760,15852814336,1154023424,6.8,13370802176,1527644160,1871904768,108347392,2514092032
2026-06-23T21:50:59.502143,17006837760,15851798528,1155039232,6.8,13369786368,1527644160,1871904768,108347392,2514108416
2026-06-23T21:51:00.510060,17006837760,15852437504,1154400256,6.8,13370408960,1528102912,1871921152,108347392,2514108416
2026-06-23T21:51:01.538083,17006837760,15854010368,1152827392,6.8,13371981824,1528102912,1871921152,108347392,2514124800
2026-06-23T21:51:02.549362,17006837760,15840559104,1166278656,6.9,13358530560,1532018688,1871921152,108347392,2514124800
2026-06-23T21:51:03.558757,17006837760,15838658560,1168179200,6.9,13356613632,1532198912,1871921152,108363776,2514157568
2026-06-23T21:51:04.574286,17006837760,15840428032,1166409728,6.9,13358333952,1532313600,1871970304,108363776,2514157568
2026-06-23T21:51:05.598183,17006837760,15842852864,1163984896,6.8,13360758784,1532313600,1871970304,108363776,2514173952
2026-06-23T21:51:06.602656,17006837760,15844900864,1161936896,6.8,13362790400,1532395520,1871986688,108363776,2514173952
2026-06-23T21:51:07.604156,17006837760,15846113280,1160724480,6.8,13364002816,1532395520,1871986688,108363776,2514190336
2026-06-23T21:51:08.609761,17006837760,15847800832,1159036928,6.8,13365624832,1532837888,1872052224,108396544,2514190336
2026-06-23T21:51:09.629377,17006837760,15846588416,1160249344,6.8,13364412416,1532837888,1872052224,108396544,2514206720
2026-06-23T21:51:10.648928,17006837760,15847030784,1159806976,6.8,13364854784,1532837888,1872052224,108396544,2514223104
2026-06-23T21:51:11.666516,17006837760,15847915520,1158922240,6.8,13365723136,1533116416,1872068608,108396544,2514223104
2026-06-23T21:51:12.668186,17006837760,15849095168,1157742592,6.8,13366902784,1533116416,1872068608,108396544,2514239488
2026-06-23T21:51:13.669782,17006837760,15848865792,1157971968,6.8,13366673408,1533116416,1872068608,108412928,2514255872
2026-06-23T21:51:14.691492,17006837760,15845507072,1161330688,6.8,13363314688,1533116416,1872068608,108412928,2514255872
2026-06-23T21:51:15.711927,17006837760,15844638720,1162199040,6.8,13362380800,1533558784,1872134144,108412928,2514272256
2026-06-23T21:51:16.731478,17006837760,15844638720,1162199040,6.8,13362364416,1533902848,1872150528,108412928,2514288640
2026-06-23T21:51:17.732344,17006837760,15846621184,1160216576,6.8,13364346880,1533902848,1872150528,108412928,2514288640
2026-06-23T21:51:18.736075,17006837760,15846195200,1160642560,6.8,13363855360,1534427136,1872216064,108429312,2514288640
2026-06-23T21:51:19.739841,17006837760,15845933056,1160904704,6.8,13363593216,1534427136,1872216064,108429312,2514305024
2026-06-23T21:51:20.741695,17006837760,15847424000,1159413760,6.8,13365084160,1534427136,1872216064,108429312,2514305024
2026-06-23T21:51:21.758969,17006837760,15847538688,1159299072,6.8,13365198848,1534427136,1872216064,108429312,2514321408
2026-06-23T21:51:22.776655,17006837760,15847047168,1159790592,6.8,13364707328,1534427136,1872216064,108429312,2514337792
2026-06-23T21:51:23.787435,17006837760,15848734720,1158103040,6.8,13366362112,1534902272,1872248832,108445696,2514337792
2026-06-23T21:51:24.807836,17006837760,15850110976,1156726784,6.8,13367738368,1534902272,1872248832,108445696,2514354176
2026-06-23T21:51:25.846186,17006837760,15850799104,1156038656,6.8,13368410112,1535131648,1872265216,108445696,2514354176
2026-06-23T21:51:26.872857,17006837760,15848161280,1158676480,6.8,13365772288,1535131648,1872265216,108445696,2514370560
2026-06-23T21:51:27.875204,17006837760,15847866368,1158971392,6.8,13365477376,1535131648,1872265216,108445696,2514370560
2026-06-23T21:51:28.876802,17006837760,15847571456,1159266304,6.8,13365182464,1535131648,1872265216,108445696,2514386944
2026-06-23T21:51:29.892207,17006837760,15844294656,1162543104,6.8,13361905664,1535131648,1872265216,108445696,2514403328
2026-06-23T21:51:30.909710,17006837760,15842852864,1163984896,6.8,13360431104,1535606784,1872297984,108445696,2514403328
2026-06-23T21:51:31.931081,17006837760,15844147200,1162690560,6.8,13361725440,1535606784,1872297984,108445696,2514419712
2026-06-23T21:51:32.951377,17006837760,15844573184,1162264576,6.8,13362151424,1535606784,1872297984,108445696,2514419712
2026-06-23T21:51:33.968932,17006837760,15842672640,1164165120,6.8,13360250880,1535606784,1872297984,108462080,2514436096
2026-06-23T21:51:34.988226,17006837760,15843524608,1163313152,6.8,13361037312,1536049152,1872363520,108462080,2514452480
2026-06-23T21:51:36.005253,17006837760,15844425728,1162412032,6.8,13361938432,1536049152,1872363520,108462080,2514452480
2026-06-23T21:51:37.021116,17006837760,15845277696,1161560064,6.8,13362741248,1536507904,1872412672,108462080,2514468864
2026-06-23T21:51:38.062774,17006837760,15846703104,1160134656,6.8,13364166656,1536507904,1872412672,108478464,2514485248
2026-06-23T21:51:39.077877,17006837760,15846391808,1160445952,6.8,13363838976,1536688128,1872429056,108478464,2514485248
2026-06-23T21:51:40.102109,17006837760,15848128512,1158709248,6.8,13365575680,1536688128,1872429056,108478464,2514485248
2026-06-23T21:51:41.109166,17006837760,15848292352,1158545408,6.8,13365706752,1537163264,1872461824,108478464,2514501632
2026-06-23T21:51:42.126543,17006837760,15849996288,1156841472,6.8,13367410688,1537163264,1872461824,108478464,2514518016
2026-06-23T21:51:43.145924,17006837760,15850815488,1156022272,6.8,13368229888,1537163264,1872461824,108494848,2514518016
2026-06-23T21:51:44.163443,17006837760,15849684992,1157152768,6.8,13367099392,1537163264,1872461824,108494848,2514534400
2026-06-23T21:51:45.177990,17006837760,15847915520,1158922240,6.8,13365329920,1537163264,1872461824,108494848,2514550784
2026-06-23T21:51:46.188278,17006837760,15845130240,1161707520,6.8,13362511872,1537425408,1872494592,108494848,2514550784
2026-06-23T21:51:47.223891,17006837760,15846326272,1160511488,6.8,13363675136,1537900544,1872527360,108494848,2514567168
2026-06-23T21:51:48.230207,17006837760,15846998016,1159839744,6.8,13364330496,1538392064,1872543744,108511232,2514567168
2026-06-23T21:51:49.244977,17006837760,15846260736,1160577024,6.8,13363593216,1538392064,1872543744,108511232,2514583552
2026-06-23T21:51:50.263067,17006837760,15849259008,1157578752,6.8,13366591488,1538392064,1872543744,108511232,2514583552
2026-06-23T21:51:51.270328,17006837760,15847849984,1158987776,6.8,13365149696,1538752512,1872576512,108511232,2514599936
2026-06-23T21:51:52.316018,17006837760,15846473728,1160364032,6.8,13363757056,1538818048,1872592896,108511232,2514599936
2026-06-23T21:51:53.330488,17006837760,15844196352,1162641408,6.8,13361446912,1539293184,1872625664,108527616,2514599936
2026-06-23T21:51:54.335685,17006837760,15838822400,1168015360,6.9,13356072960,1539293184,1872625664,108527616,2514616320
2026-06-23T21:51:55.374176,17006837760,15838068736,1168769024,6.9,13355319296,1539293184,1872625664,108527616,2514632704
2026-06-23T21:51:56.384822,17006837760,15839739904,1167097856,6.9,13356990464,1539293184,1872625664,108527616,2514632704
2026-06-23T21:51:57.406932,17006837760,15841148928,1165688832,6.9,13358399488,1539293184,1872625664,108527616,2514649088
2026-06-23T21:51:58.410128,17006837760,15841787904,1165049856,6.9,13359038464,1539293184,1872625664,108544000,2514649088
2026-06-23T21:51:59.412593,17006837760,15843393536,1163444224,6.8,13360627712,1539784704,1872642048,108544000,2514665472
2026-06-23T21:52:00.446513,17006837760,15842885632,1163952128,6.8,13360070656,1539997696,1872691200,108544000,2514665472
2026-06-23T21:52:01.456705,17006837760,15840641024,1166196736,6.9,13357793280,1540145152,1872723968,108544000,2514681856
2026-06-23T21:52:02.484447,17006837760,15841116160,1165721600,6.9,13358268416,1540161536,1872723968,108544000,2514681856
2026-06-23T21:52:03.490525,17006837760,15842066432,1164771328,6.8,13359202304,1540653056,1872740352,108544000,2514698240
2026-06-23T21:52:04.521790,17006837760,15842328576,1164509184,6.8,13359464448,1540653056,1872740352,108544000,2514698240
2026-06-23T21:52:05.534245,17006837760,15845048320,1161789440,6.8,13362184192,1540653056,1872740352,108544000,2514714624
2026-06-23T21:52:06.551101,17006837760,15844818944,1162018816,6.8,13361954816,1540653056,1872740352,108544000,2514714624
2026-06-23T21:52:07.553776,17006837760,15841869824,1164967936,6.8,13359005696,1540653056,1872740352,108544000,2514731008
2026-06-23T21:52:08.562274,17006837760,15844671488,1162166272,6.8,13361807360,1540653056,1872740352,108560384,2514731008
2026-06-23T21:52:09.583666,17006837760,15845441536,1161396224,6.8,13362544640,1540718592,1872773120,108560384,2514747392
2026-06-23T21:52:10.589878,17006837760,15844507648,1162330112,6.8,13361561600,1541406720,1872822272,108560384,2514747392
2026-06-23T21:52:11.605430,17006837760,15844524032,1162313728,6.8,13361577984,1541406720,1872822272,108560384,2514747392
2026-06-23T21:52:12.615532,17006837760,15844720640,1162117120,6.8,13361774592,1541406720,1872822272,108560384,2514763776
2026-06-23T21:52:13.616256,17006837760,15845130240,1161707520,6.8,13362184192,1541406720,1872822272,108576768,2514763776
2026-06-23T21:52:14.645138,17006837760,15844212736,1162625024,6.8,13361250304,1541898240,1872838656,108576768,2514780160
2026-06-23T21:52:15.661372,17006837760,15841722368,1165115392,6.9,13358759936,1541898240,1872838656,108576768,2514796544
2026-06-23T21:52:16.678841,17006837760,15843180544,1163657216,6.8,13360218112,1541898240,1872838656,108576768,2514796544
2026-06-23T21:52:17.680831,17006837760,15845179392,1161658368,6.8,13362200576,1541914624,1872855040,108576768,2514812928
2026-06-23T21:52:18.686538,17006837760,15845343232,1161494528,6.8,13362364416,1541914624,1872855040,108593152,2514829312
2026-06-23T21:52:19.706850,17006837760,15844638720,1162199040,6.8,13361659904,1541914624,1872855040,108593152,2514829312
2026-06-23T21:52:20.726656,17006837760,15844360192,1162477568,6.8,13361381376,1541914624,1872855040,108593152,2514845696
2026-06-23T21:52:21.753605,17006837760,15844622336,1162215424,6.8,13361594368,1542471680,1872904192,108593152,2514845696
2026-06-23T21:52:22.770119,17006837760,15841591296,1165246464,6.9,13358546944,1542553600,1872920576,108593152,2514862080
2026-06-23T21:52:23.781883,17006837760,15839461376,1167376384,6.9,13356417024,1542553600,1872920576,108609536,2514862080
2026-06-23T21:52:24.784193,17006837760,15841591296,1165246464,6.9,13358546944,1542553600,1872920576,108609536,2514878464
2026-06-23T21:52:25.796021,17006837760,15840804864,1166032896,6.9,13357760512,1542553600,1872920576,108609536,2514878464
2026-06-23T21:52:26.816313,17006837760,15841083392,1165754368,6.9,13358006272,1543028736,1872953344,108609536,2514894848
2026-06-23T21:52:27.837225,17006837760,15841804288,1165033472,6.9,13358727168,1543028736,1872953344,108609536,2514911232
2026-06-23T21:52:28.842937,17006837760,15840133120,1166704640,6.9,13357006848,1543405568,1873002496,108625920,2514911232
2026-06-23T21:52:29.844257,17006837760,15840739328,1166098432,6.9,13357596672,1543602176,1873018880,108625920,2514911232
2026-06-23T21:52:30.860847,17006837760,15841951744,1164886016,6.8,13358809088,1543602176,1873018880,108625920,2514927616
2026-06-23T21:52:31.880025,17006837760,15844196352,1162641408,6.8,13361053696,1543602176,1873018880,108625920,2514927616
2026-06-23T21:52:32.900977,17006837760,15839690752,1167147008,6.9,13356548096,1543634944,1873018880,108625920,2514944000
2026-06-23T21:52:33.921893,17006837760,15838494720,1168343040,6.9,13355319296,1544110080,1873051648,108625920,2514960384
2026-06-23T21:52:34.940557,17006837760,15840526336,1166311424,6.9,13357350912,1544110080,1873051648,108625920,2514960384
2026-06-23T21:52:35.971900,17006837760,15839608832,1167228928,6.9,13356400640,1544470528,1873084416,108625920,2514976768
2026-06-23T21:52:37.027142,17006837760,15839215616,1167622144,6.9,13355991040,1544765440,1873100800,108625920,2514976768
2026-06-23T21:52:38.042136,17006837760,15838674944,1168162816,6.9,13355450368,1544765440,1873100800,108625920,2514993152
2026-06-23T21:52:39.046212,17006837760,15838543872,1168293888,6.9,13355319296,1544765440,1873100800,108642304,2514993152
2026-06-23T21:52:40.058767,17006837760,15841542144,1165295616,6.9,13358301184,1544765440,1873100800,108642304,2515025920
2026-06-23T21:52:41.079026,17006837760,15839559680,1167278080,6.9,13356318720,1544765440,1873100800,108642304,2515025920
2026-06-23T21:52:42.117441,17006837760,15839592448,1167245312,6.9,13356318720,1545027584,1873133568,108642304,2515042304
2026-06-23T21:52:43.167872,17006837760,15840624640,1166213120,6.9,13357301760,1545568256,1873182720,108642304,2515042304
2026-06-23T21:52:44.184836,17006837760,15836200960,1170636800,6.9,13352878080,1545568256,1873182720,108658688,2515058688
2026-06-23T21:52:45.193592,17006837760,15837593600,1169244160,6.9,13354270720,1545568256,1873182720,108658688,2515058688
2026-06-23T21:52:46.202408,17006837760,15838330880,1168506880,6.9,13355008000,1545568256,1873182720,108658688,2515075072
2026-06-23T21:52:47.215224,17006837760,15839068160,1167769600,6.9,13355745280,1545568256,1873182720,108658688,2515075072
2026-06-23T21:52:48.228248,17006837760,15837216768,1169620992,6.9,13353893888,1545814016,1873182720,108658688,2515091456
2026-06-23T21:52:49.249262,17006837760,15836102656,1170735104,6.9,13352779776,1545814016,1873182720,108675072,2515107840
2026-06-23T21:52:50.267993,17006837760,15840739328,1166098432,6.9,13357416448,1545814016,1873182720,108675072,2515107840
2026-06-23T21:52:51.284968,17006837760,15838887936,1167949824,6.9,13355450368,1546633216,1873297408,108675072,2515124224
2026-06-23T21:52:52.307665,17006837760,15838887936,1167949824,6.9,13355450368,1546633216,1873297408,108675072,2515124224
2026-06-23T21:52:53.321512,17006837760,15840051200,1166786560,6.9,13356613632,1546633216,1873297408,108691456,2515124224
2026-06-23T21:52:54.344602,17006837760,15841280000,1165557760,6.9,13357842432,1546633216,1873297408,108691456,2515156992
2026-06-23T21:52:55.365924,17006837760,15840296960,1166540800,6.9,13356859392,1546633216,1873297408,108691456,2515156992
2026-06-23T21:52:56.381691,17006837760,15841492992,1165344768,6.9,13358055424,1546633216,1873297408,108691456,2515173376
2026-06-23T21:52:57.383229,17006837760,15841017856,1165819904,6.9,13357580288,1546633216,1873297408,108691456,2515173376
2026-06-23T21:52:58.411117,17006837760,15841116160,1165721600,6.9,13357645824,1547075584,1873330176,108707840,2515189760
2026-06-23T21:52:59.466393,17006837760,15840641024,1166196736,6.9,13357154304,1547075584,1873346560,108707840,2515189760
2026-06-23T21:53:00.523692,17006837760,15838674944,1168162816,6.9,13355188224,1547108352,1873346560,108707840,2515189760
2026-06-23T21:53:01.529032,17006837760,15839477760,1167360000,6.9,13355958272,1547649024,1873379328,108707840,2515206144
2026-06-23T21:53:02.553056,17006837760,15837724672,1169113088,6.9,13354205184,1547649024,1873379328,108707840,2515206144
2026-06-23T21:53:03.578705,17006837760,15839903744,1166934016,6.9,13356367872,1547943936,1873395712,108724224,2515222528
2026-06-23T21:53:04.600504,17006837760,15839756288,1167081472,6.9,13356220416,1547943936,1873395712,108724224,2515222528
2026-06-23T21:53:05.625696,17006837760,15836594176,1170243584,6.9,13353009152,1548402688,1873444864,108724224,2515238912
2026-06-23T21:53:06.672844,17006837760,15836217344,1170620416,6.9,13352632320,1548500992,1873444864,108724224,2515238912
2026-06-23T21:53:07.695984,17006837760,15838101504,1168736256,6.9,13354516480,1548500992,1873444864,108724224,2515255296
2026-06-23T21:53:08.707077,17006837760,15838281728,1168556032,6.9,13354696704,1548500992,1873444864,108740608,2515255296
2026-06-23T21:53:09.734884,17006837760,15837003776,1169833984,6.9,13353402368,1548877824,1873461248,108740608,2515255296
2026-06-23T21:53:10.739774,17006837760,15835365376,1171472384,6.9,13351763968,1548877824,1873461248,108740608,2515271680
2026-06-23T21:53:11.742898,17006837760,15837446144,1169391616,6.9,13353844736,1548877824,1873461248,108740608,2515271680
2026-06-23T21:53:12.758587,17006837760,15838347264,1168490496,6.9,13354745856,1548877824,1873461248,108740608,2515288064
2026-06-23T21:53:13.776136,17006837760,15835201536,1171636224,6.9,13351550976,1549336576,1873510400,108756992,2515304448
2026-06-23T21:53:14.794754,17006837760,15834595328,1172242432,6.9,13350944768,1549336576,1873510400,108756992,2515304448
2026-06-23T21:53:15.814622,17006837760,15835594752,1171243008,6.9,13351944192,1549336576,1873510400,108756992,2515320832
2026-06-23T21:53:16.817222,17006837760,15835267072,1171570688,6.9,13351616512,1549336576,1873510400,108756992,2515337216
2026-06-23T21:53:17.827274,17006837760,15830417408,1176420352,6.9,13346766848,1549336576,1873510400,108756992,2515337216
2026-06-23T21:53:18.843033,17006837760,15832989696,1173848064,6.9,13349289984,1549795328,1873559552,108756992,2515353600
2026-06-23T21:53:19.851386,17006837760,15834087424,1172750336,6.9,13350371328,1549844480,1873575936,108756992,2515353600
2026-06-23T21:53:20.853739,17006837760,15832137728,1174700032,6.9,13348421632,1550057472,1873575936,108756992,2515353600
2026-06-23T21:53:21.868500,17006837760,15833677824,1173159936,6.9,13349961728,1550057472,1873575936,108756992,2515369984
2026-06-23T21:53:22.895376,17006837760,15831859200,1174978560,6.9,13348093952,1550516224,1873625088,108756992,2515369984
2026-06-23T21:53:23.920751,17006837760,15833333760,1173504000,6.9,13349568512,1550516224,1873625088,108773376,2515386368
2026-06-23T21:53:24.961188,17006837760,15829680128,1177157632,6.9,13345914880,1550516224,1873625088,108773376,2515402752
2026-06-23T21:53:25.979944,17006837760,15826812928,1180024832,6.9,13343047680,1550516224,1873625088,108773376,2515402752
2026-06-23T21:53:26.998391,17006837760,15827320832,1179516928,6.9,13343555584,1550516224,1873625088,108773376,2515419136
2026-06-23T21:53:28.020001,17006837760,15828631552,1178206208,6.9,13344866304,1550516224,1873625088,108773376,2515435520
2026-06-23T21:53:29.023811,17006837760,15826485248,1180352512,6.9,13342654464,1550843904,1873674240,108789760,2515451904
2026-06-23T21:53:30.055246,17006837760,15828140032,1178697728,6.9,13344309248,1550843904,1873674240,108789760,2515451904
2026-06-23T21:53:31.088159,17006837760,15829286912,1177550848,6.9,13345423360,1551286272,1873707008,108789760,2515451904
2026-06-23T21:53:32.115221,17006837760,15831810048,1175027712,6.9,13347946496,1551302656,1873707008,108789760,2515468288
2026-06-23T21:53:33.128164,17006837760,15831613440,1175224320,6.9,13347749888,1551319040,1873707008,108789760,2515468288
2026-06-23T21:53:34.166077,17006837760,15832760320,1174077440,6.9,13348864000,1551548416,1873739776,108806144,2515468288
2026-06-23T21:53:35.200394,17006837760,15832219648,1174618112,6.9,13348323328,1552089088,1873739776,108806144,2515468288
2026-06-23T21:53:36.204271,17006837760,15832924160,1173913600,6.9,13349027840,1552089088,1873739776,108806144,2515484672
2026-06-23T21:53:37.207067,17006837760,15834578944,1172258816,6.9,13350682624,1552089088,1873739776,108806144,2515484672
2026-06-23T21:53:38.235041,17006837760,15835185152,1171652608,6.9,13351288832,1552089088,1873739776,108806144,2515501056
2026-06-23T21:53:39.243033,17006837760,15835136000,1171701760,6.9,13351206912,1552564224,1873772544,108822528,2515517440
2026-06-23T21:53:40.270223,17006837760,15836626944,1170210816,6.9,13352697856,1552564224,1873772544,108822528,2515517440
2026-06-23T21:53:41.270731,17006837760,15836413952,1170423808,6.9,13352484864,1552564224,1873772544,108822528,2515533824
2026-06-23T21:53:42.287248,17006837760,15835889664,1170948096,6.9,13351960576,1552564224,1873772544,108822528,2515533824
2026-06-23T21:53:43.306064,17006837760,15835774976,1171062784,6.9,13351845888,1552564224,1873772544,108822528,2515550208
2026-06-23T21:53:44.329730,17006837760,15834873856,1171963904,6.9,13350879232,1553514496,1873838080,108822528,2515566592
2026-06-23T21:53:45.359247,17006837760,15832449024,1174388736,6.9,13348421632,1553940480,1873870848,108822528,2515566592
2026-06-23T21:53:46.396592,17006837760,15830089728,1176748032,6.9,13346062336,1553940480,1873870848,108822528,2515566592
2026-06-23T21:53:47.406113,17006837760,15831760896,1175076864,6.9,13347733504,1553940480,1873870848,108822528,2515582976
2026-06-23T21:53:48.420440,17006837760,15834169344,1172668416,6.9,13350141952,1553940480,1873870848,108822528,2515582976
2026-06-23T21:53:49.454236,17006837760,15833464832,1173372928,6.9,13349404672,1554415616,1873903616,108838912,2515599360
2026-06-23T21:53:50.465144,17006837760,15831728128,1175109632,6.9,13347667968,1554415616,1873903616,108838912,2515615744
2026-06-23T21:53:51.486164,17006837760,15834185728,1172652032,6.9,13350125568,1554415616,1873903616,108838912,2515615744
2026-06-23T21:53:52.487353,17006837760,15834136576,1172701184,6.9,13350076416,1554415616,1873903616,108838912,2515632128
2026-06-23T21:53:53.496097,17006837760,15832121344,1174716416,6.9,13348061184,1554415616,1873903616,108838912,2515632128
2026-06-23T21:53:54.520218,17006837760,15828402176,1178435584,6.9,13344342016,1554415616,1873903616,108855296,2515648512
2026-06-23T21:53:55.540346,17006837760,15829598208,1177239552,6.9,13345538048,1554415616,1873903616,108855296,2515664896
2026-06-23T21:53:56.558949,17006837760,15834939392,1171898368,6.9,13350862848,1547403264,1873920000,108855296,2515681280
2026-06-23T21:53:57.575638,17006837760,15835103232,1171734528,6.9,13351026688,1547403264,1873920000,108855296,2515681280
2026-06-23T21:53:58.593821,17006837760,15836659712,1170178048,6.9,13352583168,1547403264,1873920000,108855296,2515697664
2026-06-23T21:53:59.613572,17006837760,15839985664,1166852096,6.9,13355909120,1547403264,1873920000,108871680,2515697664
2026-06-23T21:54:00.615102,17006837760,15839150080,1167687680,6.9,13355040768,1547878400,1873952768,108871680,2515714048
2026-06-23T21:54:01.624409,17006837760,15836659712,1170178048,6.9,13352550400,1547878400,1873952768,108871680,2515730432
2026-06-23T21:54:02.626509,17006837760,15837396992,1169440768,6.9,13353287680,1547878400,1873952768,108871680,2515730432
2026-06-23T21:54:03.629888,17006837760,15838838784,1167998976,6.9,13354729472,1547878400,1873952768,108871680,2515746816
2026-06-23T21:54:04.648271,17006837760,15832580096,1174257664,6.9,13348356096,1548763136,1874067456,108871680,2515746816
2026-06-23T21:54:05.658389,17006837760,15833186304,1173651456,6.9,13348962304,1548763136,1874067456,108871680,2515763200
2026-06-23T21:54:06.666054,17006837760,15834415104,1172422656,6.9,13350191104,1548763136,1874067456,108871680,2515763200
2026-06-23T21:54:07.667786,17006837760,15827304448,1179533312,6.9,13343064064,1548763136,1874067456,108871680,2515795968
2026-06-23T21:54:08.670740,17006837760,15828320256,1178517504,6.9,13344079872,1548763136,1874067456,108871680,2515812352
2026-06-23T21:54:09.676701,17006837760,15830925312,1175912448,6.9,13346684928,1548763136,1874067456,108904448,2515812352
2026-06-23T21:54:10.711828,17006837760,15831646208,1175191552,6.9,13347373056,1548779520,1874100224,108904448,2515828736
2026-06-23T21:54:11.736813,17006837760,15833415680,1173422080,6.9,13349076992,1549713408,1874165760,108904448,2515828736
2026-06-23T21:54:12.744204,17006837760,15832023040,1174814720,6.9,13347684352,1549713408,1874165760,108904448,2515845120
2026-06-23T21:54:13.767896,17006837760,15833006080,1173831680,6.9,13348667392,1549713408,1874165760,108904448,2515845120
2026-06-23T21:54:14.783358,17006837760,15832350720,1174487040,6.9,13348012032,1549713408,1874165760,108904448,2515861504
2026-06-23T21:54:15.804018,17006837760,15831121920,1175715840,6.9,13346783232,1549713408,1874165760,108904448,2515877888
2026-06-23T21:54:16.821247,17006837760,15833268224,1173569536,6.9,13348880384,1550172160,1874214912,108904448,2515877888
2026-06-23T21:54:17.856958,17006837760,15834972160,1171865600,6.9,13350584320,1550172160,1874214912,108904448,2515894272
2026-06-23T21:54:18.891995,17006837760,15832907776,1173929984,6.9,13348519936,1550172160,1874214912,108904448,2515894272
2026-06-23T21:54:19.912220,17006837760,15831089152,1175748608,6.9,13346701312,1550172160,1874214912,108920832,2515910656
2026-06-23T21:54:20.935565,17006837760,15830155264,1176682496,6.9,13345718272,1550778368,1874264064,108920832,2515910656
2026-06-23T21:54:21.953325,17006837760,15830417408,1176420352,6.9,13345964032,1551040512,1874280448,108920832,2515927040
2026-06-23T21:54:22.956329,17006837760,15831842816,1174994944,6.9,13347389440,1551040512,1874280448,108920832,2515927040
2026-06-23T21:54:23.963464,17006837760,15834251264,1172586496,6.9,13349797888,1551040512,1874280448,108937216,2515943424
2026-06-23T21:54:24.982598,17006837760,15832776704,1174061056,6.9,13348323328,1551040512,1874280448,108937216,2515959808
2026-06-23T21:54:26.005064,17006837760,15830089728,1176748032,6.9,13345587200,1551499264,1874329600,108937216,2515959808
2026-06-23T21:54:27.019188,17006837760,15830384640,1176453120,6.9,13345882112,1551499264,1874329600,108937216,2515976192
2026-06-23T21:54:28.024483,17006837760,15831597056,1175240704,6.9,13347094528,1551499264,1874329600,108937216,2515992576
2026-06-23T21:54:29.033271,17006837760,15834316800,1172520960,6.9,13349814272,1551499264,1874329600,108953600,2515992576
2026-06-23T21:54:30.053435,17006837760,15833006080,1173831680,6.9,13348454400,1551958016,1874378752,108953600,2516008960
2026-06-23T21:54:31.072581,17006837760,15833202688,1173635072,6.9,13348651008,1551958016,1874378752,108953600,2516025344
2026-06-23T21:54:32.096481,17006837760,15834431488,1172406272,6.9,13349879808,1551958016,1874378752,108953600,2516025344
2026-06-23T21:54:33.145403,17006837760,15834562560,1172275200,6.9,13349961728,1552629760,1874427904,108953600,2516025344
2026-06-23T21:54:34.182471,17006837760,15832858624,1173979136,6.9,13348241408,1552875520,1874444288,108953600,2516041728
2026-06-23T21:54:35.185387,17006837760,15829827584,1177010176,6.9,13345210368,1554399232,1874444288,108953600,2516041728
2026-06-23T21:54:36.195878,17006837760,15829843968,1176993792,6.9,13345226752,1554464768,1874444288,108953600,2516041728
2026-06-23T21:54:37.216232,17006837760,15831384064,1175453696,6.9,13346766848,1554464768,1874444288,108953600,2516058112
2026-06-23T21:54:38.218620,17006837760,15832498176,1174339584,6.9,13347880960,1554464768,1874444288,108953600,2516058112
2026-06-23T21:54:39.241264,17006837760,15832875008,1173962752,6.9,13348257792,1554464768,1874444288,108986368,2516074496
2026-06-23T21:54:40.254050,17006837760,15832498176,1174339584,6.9,13347799040,1555267584,1874526208,108986368,2516074496
2026-06-23T21:54:41.256912,17006837760,15831531520,1175306240,6.9,13346832384,1555775488,1874526208,108986368,2516090880
2026-06-23T21:54:42.264895,17006837760,15831285760,1175552000,6.9,13346586624,1555775488,1874526208,108986368,2516090880
2026-06-23T21:54:43.274901,17006837760,15826829312,1180008448,6.9,13342130176,1556299776,1874526208,108986368,2516090880
2026-06-23T21:54:44.295412,17006837760,15827304448,1179533312,6.9,13342605312,1556299776,1874526208,108986368,2516107264
2026-06-23T21:54:45.296088,17006837760,15828877312,1177960448,6.9,13344178176,1556299776,1874526208,108986368,2516107264
2026-06-23T21:54:46.307306,17006837760,15827927040,1178910720,6.9,13343195136,1556807680,1874558976,108986368,2516123648
2026-06-23T21:54:47.312833,17006837760,15828172800,1178664960,6.9,13343440896,1556807680,1874558976,108986368,2516123648
2026-06-23T21:54:48.317736,17006837760,15833120768,1173716992,6.9,13348388864,1556807680,1874558976,108986368,2516140032
2026-06-23T21:54:49.334308,17006837760,15829925888,1176911872,6.9,13345193984,1556807680,1874558976,109019136,2516156416
2026-06-23T21:54:50.355640,17006837760,15827763200,1179074560,6.9,13342998528,1557282816,1874591744,109019136,2516156416
2026-06-23T21:54:51.385914,17006837760,15824142336,1182695424,7.0,13339328512,1557905408,1874640896,109019136,2516172800
2026-06-23T21:54:52.394821,17006837760,15825747968,1181089792,6.9,13340934144,1557921792,1874640896,109019136,2516172800
2026-06-23T21:54:53.397827,17006837760,15825371136,1181466624,6.9,13340557312,1557921792,1874640896,109019136,2516189184
2026-06-23T21:54:54.413588,17006837760,15824076800,1182760960,7.0,13339230208,1558396928,1874673664,109051904,2516189184
2026-06-23T21:54:55.432293,17006837760,15824764928,1182072832,7.0,13339918336,1558396928,1874673664,109051904,2516205568
2026-06-23T21:54:56.451096,17006837760,15825321984,1181515776,6.9,13340459008,1558659072,1874690048,109051904,2516221952
2026-06-23T21:54:57.468507,17006837760,15825960960,1180876800,6.9,13341097984,1558659072,1874690048,109051904,2516221952
2026-06-23T21:54:58.492608,17006837760,15826780160,1180057600,6.9,13341884416,1558675456,1874722816,109051904,2516221952
2026-06-23T21:54:59.510693,17006837760,15825813504,1181024256,6.9,13340917760,1558790144,1874722816,109068288,2516238336
2026-06-23T21:55:00.529590,17006837760,15825567744,1181270016,6.9,13340622848,1559298048,1874771968,109068288,2516238336
2026-06-23T21:55:01.539501,17006837760,15814262784,1192574976,7.0,13329317888,1559298048,1874771968,109068288,2516238336
2026-06-23T21:55:02.543473,17006837760,15816589312,1190248448,7.0,13331644416,1559298048,1874771968,109068288,2516254720
2026-06-23T21:55:03.549286,17006837760,15819194368,1187643392,7.0,13334249472,1559298048,1874771968,109068288,2516254720
2026-06-23T21:55:04.569129,17006837760,15819702272,1187135488,7.0,13334757376,1559298048,1874771968,109084672,2516271104
2026-06-23T21:55:05.590485,17006837760,15820177408,1186660352,7.0,13335232512,1559298048,1874771968,109084672,2516287488
2026-06-23T21:55:06.613073,17006837760,15821373440,1185464320,7.0,13336428544,1559298048,1874771968,109084672,2516287488
2026-06-23T21:55:07.650855,17006837760,15821111296,1185726464,7.0,13336166400,1559298048,1874771968,109084672,2516303872
2026-06-23T21:55:08.667071,17006837760,15819866112,1186971648,7.0,13334872064,1559887872,1874821120,109084672,2516303872
2026-06-23T21:55:09.668723,17006837760,15818948608,1187889152,7.0,13333921792,1560363008,1874853888,109084672,2516320256
2026-06-23T21:55:10.673041,17006837760,15819472896,1187364864,7.0,13334446080,1560363008,1874853888,109084672,2516320256
2026-06-23T21:55:11.688784,17006837760,15819964416,1186873344,7.0,13334937600,1560363008,1874853888,109084672,2516336640
2026-06-23T21:55:12.707356,17006837760,15821438976,1185398784,7.0,13336412160,1560363008,1874853888,109084672,2516336640
2026-06-23T21:55:13.709990,17006837760,15822422016,1184415744,7.0,13337395200,1560363008,1874853888,109084672,2516353024
2026-06-23T21:55:14.729099,17006837760,15823929344,1182908416,7.0,13338886144,1560363008,1874870272,109101056,2516353024
2026-06-23T21:55:15.757256,17006837760,15823486976,1183350784,7.0,13338443776,1560363008,1874870272,109101056,2516369408
2026-06-23T21:55:16.760302,17006837760,15823470592,1183367168,7.0,13338427392,1560363008,1874870272,109101056,2516369408
2026-06-23T21:55:17.769455,17006837760,15824175104,1182662656,7.0,13339131904,1560363008,1874870272,109101056,2516385792
2026-06-23T21:55:18.793237,17006837760,15826157568,1180680192,6.9,13341114368,1560363008,1874870272,109101056,2516385792
2026-06-23T21:55:19.815521,17006837760,15825666048,1181171712,6.9,13340622848,1560363008,1874870272,109117440,2516402176
2026-06-23T21:55:20.842318,17006837760,15826894848,1179942912,6.9,13341818880,1560838144,1874903040,109117440,2516418560
2026-06-23T21:55:21.869567,17006837760,15824945152,1181892608,6.9,13339869184,1560838144,1874903040,109117440,2516418560
2026-06-23T21:55:22.887648,17006837760,15824158720,1182679040,7.0,13339082752,1560838144,1874903040,109117440,2516418560
2026-06-23T21:55:23.889608,17006837760,15825649664,1181188096,6.9,13340540928,1561313280,1874935808,109117440,2516434944
2026-06-23T21:55:24.903422,17006837760,15824928768,1181908992,6.9,13339820032,1561313280,1874935808,109133824,2516451328
2026-06-23T21:55:25.916245,17006837760,15823880192,1182957568,7.0,13338771456,1561313280,1874935808,109133824,2516451328
2026-06-23T21:55:26.938473,17006837760,15825485824,1181351936,6.9,13340311552,1562165248,1875001344,109133824,2516467712
2026-06-23T21:55:27.946680,17006837760,15825731584,1181106176,6.9,13340557312,1562165248,1875001344,109133824,2516467712
2026-06-23T21:55:28.948814,17006837760,15822290944,1184546816,7.0,13337116672,1562165248,1875001344,109133824,2516484096
2026-06-23T21:55:29.977989,17006837760,15825436672,1181401088,6.9,13340246016,1562165248,1875001344,109150208,2516516864
2026-06-23T21:55:31.028269,17006837760,15824240640,1182597120,7.0,13339017216,1562656768,1875034112,109150208,2516516864
2026-06-23T21:55:32.042567,17006837760,15825715200,1181122560,6.9,13340491776,1562656768,1875034112,109150208,2516533248
2026-06-23T21:55:33.043193,17006837760,15823978496,1182859264,7.0,13338755072,1562656768,1875034112,109150208,2516533248
2026-06-23T21:55:34.050547,17006837760,15825223680,1181614080,6.9,13339951104,1563115520,1875083264,109150208,2516549632
2026-06-23T21:55:35.061651,17006837760,15825256448,1181581312,6.9,13339983872,1563115520,1875083264,109166592,2516549632
2026-06-23T21:55:36.095512,17006837760,15824666624,1182171136,7.0,13339394048,1563115520,1875083264,109166592,2516566016
2026-06-23T21:55:37.134039,17006837760,15823470592,1183367168,7.0,13338198016,1563197440,1875083264,109166592,2516566016
2026-06-23T21:55:38.165371,17006837760,15819784192,1187053568,7.0,13334511616,1563705344,1875083264,109166592,2516582400
2026-06-23T21:55:39.171938,17006837760,15819358208,1187479552,7.0,13334085632,1563705344,1875083264,109166592,2516582400
2026-06-23T21:55:40.180451,17006837760,15822700544,1184137216,7.0,13337427968,1563705344,1875083264,109182976,2516598784
2026-06-23T21:55:41.184143,17006837760,15821406208,1185431552,7.0,13336133632,1563705344,1875083264,109182976,2516598784
2026-06-23T21:55:42.206515,17006837760,15823175680,1183662080,7.0,13337853952,1564164096,1875132416,109182976,2516615168
2026-06-23T21:55:43.210129,17006837760,15825158144,1181679616,6.9,13339836416,1564164096,1875132416,109182976,2516631552
2026-06-23T21:55:44.228656,17006837760,15823273984,1183563776,7.0,13337952256,1564164096,1875132416,109182976,2516631552
2026-06-23T21:55:45.255041,17006837760,15819390976,1187446784,7.0,13334036480,1564639232,1875165184,109199360,2516647936
2026-06-23T21:55:46.255979,17006837760,15818522624,1188315136,7.0,13333168128,1564639232,1875165184,109199360,2516647936
2026-06-23T21:55:47.258140,17006837760,15819096064,1187741696,7.0,13333741568,1564639232,1875165184,109199360,2516664320
2026-06-23T21:55:48.267701,17006837760,15820537856,1186299904,7.0,13335183360,1564639232,1875165184,109199360,2516664320
2026-06-23T21:55:49.299206,17006837760,15812706304,1194131456,7.0,13327335424,1565032448,1875181568,109199360,2516680704
2026-06-23T21:55:50.301088,17006837760,15808315392,1198522368,7.0,13322944512,1565032448,1875181568,109199360,2516680704
2026-06-23T21:55:51.312677,17006837760,15812149248,1194688512,7.0,13326778368,1565032448,1875181568,109199360,2516697088
2026-06-23T21:55:52.314724,17006837760,15813230592,1193607168,7.0,13327859712,1565032448,1875181568,109199360,2516697088
2026-06-23T21:55:53.321376,17006837760,15813771264,1193066496,7.0,13328367616,1565507584,1875214336,109199360,2516713472
2026-06-23T21:55:54.329188,17006837760,15815196672,1191641088,7.0,13329793024,1565507584,1875214336,109199360,2516713472
2026-06-23T21:55:55.334728,17006837760,15817687040,1189150720,7.0,13332135936,1565868032,1875361792,109215744,2516729856
2026-06-23T21:55:56.339193,17006837760,15818260480,1188577280,7.0,13332709376,1565868032,1875361792,109215744,2516746240
2026-06-23T21:55:57.341397,17006837760,15820210176,1186627584,7.0,13334609920,1566326784,1875410944,109215744,2516746240
2026-06-23T21:55:58.355790,17006837760,15819014144,1187823616,7.0,13333413888,1566326784,1875410944,109215744,2516762624
2026-06-23T21:55:59.365303,17006837760,15818489856,1188347904,7.0,13332889600,1566326784,1875410944,109215744,2516762624
2026-06-23T21:56:00.369869,17006837760,15816458240,1190379520,7.0,13330857984,1566326784,1875410944,109232128,2516779008
2026-06-23T21:56:01.382946,17006837760,15816409088,1190428672,7.0,13330776064,1566801920,1875443712,109232128,2516779008
2026-06-23T21:56:02.424639,17006837760,15814262784,1192574976,7.0,13328629760,1566834688,1875443712,109232128,2516779008
2026-06-23T21:56:03.438760,17006837760,15815589888,1191247872,7.0,13329956864,1566834688,1875443712,109232128,2516795392
2026-06-23T21:56:04.449790,17006837760,15815606272,1191231488,7.0,13329973248,1566834688,1875443712,109232128,2516795392
2026-06-23T21:56:05.490556,17006837760,15813591040,1193246720,7.0,13327941632,1567440896,1875460096,109248512,2516795392
2026-06-23T21:56:06.513308,17006837760,15811395584,1195442176,7.0,13325729792,1567440896,1875460096,109248512,2516828160
2026-06-23T21:56:07.527757,17006837760,15810494464,1196343296,7.0,13324828672,1567440896,1875460096,109248512,2516828160
2026-06-23T21:56:08.539247,17006837760,15805874176,1200963584,7.1,13320208384,1567490048,1875460096,109248512,2516828160
2026-06-23T21:56:09.545417,17006837760,15805792256,1201045504,7.1,13320126464,1567490048,1875460096,109248512,2516844544
2026-06-23T21:56:10.554728,17006837760,15809511424,1197326336,7.0,13323845632,1567490048,1875460096,109264896,2516844544
2026-06-23T21:56:11.555805,17006837760,15810985984,1195851776,7.0,13325221888,1567899648,1875558400,109264896,2516860928
2026-06-23T21:56:12.560716,17006837760,15810035712,1196802048,7.0,13324271616,1567899648,1875558400,109264896,2516877312
2026-06-23T21:56:13.573790,17006837760,15812083712,1194754048,7.0,13326319616,1567899648,1875558400,109264896,2516877312
2026-06-23T21:56:14.577044,17006837760,15811379200,1195458560,7.0,13325582336,1568374784,1875591168,109264896,2516893696
2026-06-23T21:56:15.606509,17006837760,15809937408,1196900352,7.0,13324140544,1568456704,1875591168,109281280,2516893696
2026-06-23T21:56:16.654822,17006837760,15806726144,1200111616,7.1,13320912896,1569832960,1875607552,109281280,2516893696
2026-06-23T21:56:17.693171,17006837760,15807315968,1199521792,7.1,13321502720,1570373632,1875607552,109281280,2516910080
2026-06-23T21:56:18.711990,17006837760,15807184896,1199652864,7.1,13321355264,1570504704,1875623936,109281280,2516910080
2026-06-23T21:56:19.730784,17006837760,15811592192,1195245568,7.0,13325762560,1570504704,1875623936,109281280,2516926464
2026-06-23T21:56:20.735525,17006837760,15811166208,1195671552,7.0,13325336576,1570504704,1875623936,109297664,2516926464
2026-06-23T21:56:21.737182,17006837760,15810002944,1196834816,7.0,13324156928,1570996224,1875640320,109297664,2516942848
2026-06-23T21:56:22.757949,17006837760,15812575232,1194262528,7.0,13326729216,1570996224,1875640320,109297664,2516942848
2026-06-23T21:56:23.796591,17006837760,15810363392,1196474368,7.0,13324500992,1571209216,1875656704,109297664,2516959232
2026-06-23T21:56:24.823446,17006837760,15809495040,1197342720,7.0,13323632640,1571225600,1875656704,109297664,2516959232
2026-06-23T21:56:25.827377,17006837760,15812853760,1193984000,7.0,13326991360,1571225600,1875656704,109314048,2516975616
2026-06-23T21:56:26.833791,17006837760,15813459968,1193377792,7.0,13327597568,1571225600,1875656704,109314048,2516975616
2026-06-23T21:56:27.844799,17006837760,15814934528,1191903232,7.0,13329072128,1571225600,1875656704,109314048,2516992000
2026-06-23T21:56:28.870551,17006837760,15814508544,1192329216,7.0,13328646144,1571225600,1875656704,109314048,2516992000
2026-06-23T21:56:29.879051,17006837760,15814082560,1192755200,7.0,13328154624,1571667968,1875722240,109314048,2517008384
2026-06-23T21:56:30.913696,17006837760,15813951488,1192886272,7.0,13328023552,1571667968,1875722240,109346816,2517008384
2026-06-23T21:56:31.934853,17006837760,15814574080,1192263680,7.0,13328613376,1571979264,1875755008,109346816,2517024768
2026-06-23T21:56:32.937826,17006837760,15815589888,1191247872,7.0,13329580032,1572438016,1875804160,109346816,2517024768
2026-06-23T21:56:33.962318,17006837760,15815589888,1191247872,7.0,13329580032,1572470784,1875804160,109346816,2517041152
2026-06-23T21:56:34.994630,17006837760,15815983104,1190854656,7.0,13329973248,1572470784,1875804160,109363200,2517041152
2026-06-23T21:56:36.008964,17006837760,15815966720,1190871040,7.0,13329956864,1572470784,1875804160,109363200,2517057536
2026-06-23T21:56:37.020204,17006837760,15815671808,1191165952,7.0,13329612800,1572929536,1875853312,109363200,2517073920
2026-06-23T21:56:38.026954,17006837760,15816179712,1190658048,7.0,13330120704,1572929536,1875853312,109363200,2517073920
2026-06-23T21:56:39.030246,17006837760,15816409088,1190428672,7.0,13330350080,1572929536,1875853312,109363200,2517090304
2026-06-23T21:56:40.032331,17006837760,15816884224,1189953536,7.0,13330825216,1572929536,1875853312,109379584,2517090304
2026-06-23T21:56:41.067759,17006837760,15816916992,1189920768,7.0,13330808832,1573388288,1875902464,109379584,2517106688
2026-06-23T21:56:42.069304,17006837760,15815458816,1191378944,7.0,13329350656,1573388288,1875902464,109379584,2517106688
2026-06-23T21:56:43.073186,17006837760,15811313664,1195524096,7.0,13325189120,1573978112,1875918848,109379584,2517106688
2026-06-23T21:56:44.089189,17006837760,15812001792,1194835968,7.0,13325877248,1573978112,1875918848,109379584,2517106688
2026-06-23T21:56:45.094378,17006837760,15810510848,1196326912,7.0,13324386304,1574141952,1875918848,109379584,2517123072
2026-06-23T21:56:46.100140,17006837760,15811624960,1195212800,7.0,13325500416,1574141952,1875918848,109379584,2517123072
2026-06-23T21:56:47.135655,17006837760,15812296704,1194541056,7.0,13326172160,1574141952,1875918848,109379584,2517139456
2026-06-23T21:56:48.137079,17006837760,15810232320,1196605440,7.0,13324107776,1574141952,1875918848,109379584,2517139456
2026-06-23T21:56:49.157372,17006837760,15810969600,1195868160,7.0,13324845056,1574141952,1875918848,109379584,2517155840
2026-06-23T21:56:50.180996,17006837760,15810674688,1196163072,7.0,13324550144,1574141952,1875918848,109395968,2517155840
2026-06-23T21:56:51.182559,17006837760,15809003520,1197834240,7.0,13322813440,1574912000,1875984384,109395968,2517172224
2026-06-23T21:56:52.184642,17006837760,15808282624,1198555136,7.0,13322076160,1574961152,1876000768,109395968,2517172224
2026-06-23T21:56:53.200129,17006837760,15807758336,1199079424,7.1,13321551872,1574961152,1876000768,109395968,2517188608
2026-06-23T21:56:54.244642,17006837760,15809363968,1197473792,7.0,13323157504,1574961152,1876000768,109395968,2517188608
2026-06-23T21:56:55.274892,17006837760,15808380928,1198456832,7.0,13322174464,1574961152,1876000768,109412352,2517188608
2026-06-23T21:56:56.280692,17006837760,15810707456,1196130304,7.0,13324500992,1574961152,1876000768,109412352,2517204992
2026-06-23T21:56:57.288057,17006837760,15801876480,1204961280,7.1,13315637248,1575387136,1876033536,109412352,2517204992
2026-06-23T21:56:58.291570,17006837760,15802138624,1204699136,7.1,13315899392,1575387136,1876033536,109412352,2517204992
2026-06-23T21:56:59.293001,17006837760,15806349312,1200488448,7.1,13320110080,1575387136,1876033536,109412352,2517221376
2026-06-23T21:57:00.298605,17006837760,15804923904,1201913856,7.1,13318684672,1575387136,1876033536,109428736,2517237760
2026-06-23T21:57:01.317434,17006837760,15807528960,1199308800,7.1,13321289728,1575387136,1876033536,109428736,2517237760
2026-06-23T21:57:02.339177,17006837760,15809019904,1197817856,7.0,13322780672,1575387136,1876033536,109428736,2517254144
2026-06-23T21:57:03.361072,17006837760,15808528384,1198309376,7.0,13322223616,1575829504,1876099072,109428736,2517254144
2026-06-23T21:57:04.385140,17006837760,15811772416,1195065344,7.0,13325451264,1576009728,1876115456,109428736,2517270528
2026-06-23T21:57:05.409688,17006837760,15812706304,1194131456,7.0,13326385152,1576009728,1876115456,109445120,2517286912
2026-06-23T21:57:06.430249,17006837760,15812345856,1194491904,7.0,13326024704,1576009728,1876115456,109445120,2517286912
2026-06-23T21:57:07.455748,17006837760,15810265088,1196572672,7.0,13323943936,1576009728,1876115456,109445120,2517303296
2026-06-23T21:57:08.470931,17006837760,15810527232,1196310528,7.0,13324156928,1576468480,1876164608,109445120,2517303296
2026-06-23T21:57:09.501445,17006837760,15812280320,1194557440,7.0,13325893632,1576648704,1876180992,109445120,2517319680
2026-06-23T21:57:10.502818,17006837760,15810560000,1196277760,7.0,13324173312,1576648704,1876180992,109461504,2517336064
2026-06-23T21:57:11.522255,17006837760,15812231168,1194606592,7.0,13325844480,1576648704,1876180992,109461504,2517336064
2026-06-23T21:57:12.540794,17006837760,15811641344,1195196416,7.0,13325238272,1576910848,1876197376,109461504,2517352448
2026-06-23T21:57:13.573835,17006837760,15810691072,1196146688,7.0,13324255232,1577402368,1876230144,109461504,2517352448
2026-06-23T21:57:14.598119,17006837760,15810920448,1195917312,7.0,13324484608,1577402368,1876230144,109461504,2517368832
2026-06-23T21:57:15.604883,17006837760,15813214208,1193623552,7.0,13326778368,1577402368,1876230144,109477888,2517368832
2026-06-23T21:57:16.606813,17006837760,15810805760,1196032000,7.0,13324369920,1577402368,1876230144,109477888,2517385216
2026-06-23T21:57:17.630505,17006837760,15808856064,1197981696,7.0,13322387456,1577877504,1876262912,109477888,2517385216
2026-06-23T21:57:18.653895,17006837760,15808626688,1198211072,7.0,13322141696,1578041344,1876279296,109477888,2517401600
2026-06-23T21:57:19.678428,17006837760,15808921600,1197916160,7.0,13322436608,1578041344,1876279296,109477888,2517401600
2026-06-23T21:57:20.705276,17006837760,15808249856,1198587904,7.0,13321764864,1578041344,1876279296,109477888,2517417984
2026-06-23T21:57:21.723474,17006837760,15809331200,1197506560,7.0,13322829824,1578532864,1876295680,109477888,2517417984
2026-06-23T21:57:22.744920,17006837760,15808610304,1198227456,7.0,13322092544,1578532864,1876295680,109477888,2517450752
2026-06-23T21:57:23.755245,17006837760,15807840256,1198997504,7.1,13321322496,1578532864,1876295680,109477888,2517467136
2026-06-23T21:57:24.773927,17006837760,15807070208,1199767552,7.1,13320552448,1578565632,1876295680,109477888,2517467136
2026-06-23T21:57:25.815132,17006837760,15802122240,1204715520,7.1,13315522560,1579089920,1876377600,109494272,2517467136
2026-06-23T21:57:26.833061,17006837760,15802138624,1204699136,7.1,13315538944,1579089920,1876377600,109494272,2517483520
2026-06-23T21:57:27.836327,17006837760,15804694528,1202143232,7.1,13318094848,1579089920,1876377600,109494272,2517483520
2026-06-23T21:57:28.854223,17006837760,15806201856,1200635904,7.1,13319602176,1579089920,1876377600,109494272,2517499904
2026-06-23T21:57:29.871510,17006837760,15802679296,1204158464,7.1,13316046848,1579565056,1876410368,109494272,2517499904
2026-06-23T21:57:30.877514,17006837760,15802859520,1203978240,7.1,13316227072,1579565056,1876410368,109510656,2517516288
2026-06-23T21:57:31.935777,17006837760,15799189504,1207648256,7.1,13312557056,1579581440,1876410368,109510656,2517516288
2026-06-23T21:57:32.968780,17006837760,15798599680,1208238080,7.1,13311967232,1579581440,1876410368,109510656,2517516288
2026-06-23T21:57:33.970438,17006837760,15800844288,1205993472,7.1,13314211840,1579581440,1876410368,109510656,2517532672
2026-06-23T21:57:34.999375,17006837760,15801729024,1205108736,7.1,13315047424,1580072960,1876459520,109510656,2517532672
2026-06-23T21:57:36.027230,17006837760,15802318848,1204518912,7.1,13315637248,1580072960,1876459520,109527040,2517549056
2026-06-23T21:57:37.040116,17006837760,15800434688,1206403072,7.1,13313753088,1580072960,1876459520,109527040,2517565440
2026-06-23T21:57:38.079018,17006837760,15802531840,1204305920,7.1,13315850240,1580072960,1876459520,109527040,2517565440
2026-06-23T21:57:39.098814,17006837760,15795994624,1210843136,7.1,13309263872,1580531712,1876508672,109527040,2517565440
2026-06-23T21:57:40.124826,17006837760,15797207040,1209630720,7.1,13310476288,1580531712,1876508672,109527040,2517581824
2026-06-23T21:57:41.155188,17006837760,15795716096,1211121664,7.1,13308985344,1580531712,1876508672,109543424,2517581824
2026-06-23T21:57:42.169925,17006837760,15796338688,1210499072,7.1,13309607936,1580531712,1876508672,109543424,2517598208
2026-06-23T21:57:43.188284,17006837760,15799287808,1207549952,7.1,13312557056,1580531712,1876508672,109543424,2517598208
2026-06-23T21:57:44.202038,17006837760,15800582144,1206255616,7.1,13313818624,1581006848,1876541440,109543424,2517614592
2026-06-23T21:57:45.209334,17006837760,15801286656,1205551104,7.1,13314523136,1581006848,1876541440,109543424,2517630976
2026-06-23T21:57:46.230270,17006837760,15802925056,1203912704,7.1,13316161536,1581105152,1876541440,109543424,2517630976
2026-06-23T21:57:47.244593,17006837760,15784230912,1222606848,7.2,13297451008,1581219840,1876557824,109543424,2517630976
2026-06-23T21:57:48.256542,17006837760,15786147840,1220689920,7.2,13299351552,1581711360,1876574208,109543424,2517647360
2026-06-23T21:57:49.257224,17006837760,15782723584,1224114176,7.2,13295927296,1581711360,1876574208,109543424,2517647360
2026-06-23T21:57:50.271195,17006837760,15788900352,1217937408,7.2,13302087680,1581907968,1876590592,109559808,2517663744
2026-06-23T21:57:51.283086,17006837760,15790374912,1216462848,7.2,13303562240,1581907968,1876590592,109559808,2517663744
2026-06-23T21:57:52.308597,17006837760,15791767552,1215070208,7.1,13304954880,1581907968,1876590592,109559808,2517680128
2026-06-23T21:57:53.310549,17006837760,15791161344,1215676416,7.1,13304348672,1581907968,1876590592,109559808,2517680128
2026-06-23T21:57:54.312947,17006837760,15794077696,1212760064,7.1,13307215872,1582366720,1876639744,109559808,2517696512
2026-06-23T21:57:55.324168,17006837760,15793340416,1213497344,7.1,13306478592,1582366720,1876639744,109576192,2517696512
2026-06-23T21:57:56.328298,17006837760,15796436992,1210400768,7.1,13309575168,1582383104,1876639744,109576192,2517712896
2026-06-23T21:57:57.330651,17006837760,15797960704,1208877056,7.1,13311082496,1582399488,1876656128,109576192,2517712896
2026-06-23T21:57:58.348897,17006837760,15799058432,1207779328,7.1,13312147456,1582874624,1876688896,109576192,2517712896
2026-06-23T21:57:59.372286,17006837760,15800401920,1206435840,7.1,13313490944,1582874624,1876688896,109576192,2517729280
2026-06-23T21:58:00.402124,17006837760,15800467456,1206370304,7.1,13313556480,1582874624,1876688896,109592576,2517729280
2026-06-23T21:58:01.435753,17006837760,15801663488,1205174272,7.1,13314752512,1582874624,1876688896,109592576,2517745664
2026-06-23T21:58:02.463611,17006837760,15802744832,1204092928,7.1,13315833856,1582874624,1876688896,109592576,2517745664
2026-06-23T21:58:03.478954,17006837760,15802679296,1204158464,7.1,13315735552,1583349760,1876721664,109592576,2517762048
2026-06-23T21:58:04.496508,17006837760,15801368576,1205469184,7.1,13314408448,1583464448,1876738048,109592576,2517762048
2026-06-23T21:58:05.526129,17006837760,15800156160,1206681600,7.1,13313163264,1583644672,1876770816,109592576,2517778432
2026-06-23T21:58:06.542536,17006837760,15801581568,1205256192,7.1,13314588672,1583644672,1876770816,109592576,2517778432
2026-06-23T21:58:07.575417,17006837760,15802957824,1203879936,7.1,13315964928,1583644672,1876770816,109592576,2517794816
2026-06-23T21:58:08.602210,17006837760,15802712064,1204125696,7.1,13315719168,1583644672,1876770816,109592576,2517794816
2026-06-23T21:58:09.616321,17006837760,15801040896,1205796864,7.1,13314048000,1583644672,1876770816,109592576,2517811200
2026-06-23T21:58:10.620098,17006837760,15799287808,1207549952,7.1,13312262144,1584119808,1876803584,109625344,2517811200
2026-06-23T21:58:11.637353,17006837760,15798763520,1208074240,7.1,13311770624,1584119808,1876803584,109625344,2517794816
2026-06-23T21:58:12.678153,17006837760,15796060160,1210777600,7.1,13309067264,1584168960,1876803584,109625344,2517794816
2026-06-23T21:58:13.689772,17006837760,15796977664,1209860096,7.1,13309984768,1584168960,1876803584,109625344,2517811200
2026-06-23T21:58:14.714672,17006837760,15793307648,1213530112,7.1,13306314752,1584168960,1876803584,109625344,2517811200
2026-06-23T21:58:15.715798,17006837760,15794307072,1212530688,7.1,13307281408,1584644096,1876836352,109625344,2517827584
2026-06-23T21:58:16.736835,17006837760,15796469760,1210368000,7.1,13309444096,1584644096,1876836352,109625344,2517827584
2026-06-23T21:58:17.760377,17006837760,15796797440,1210040320,7.1,13309689856,1585020928,1876901888,109625344,2517860352
2026-06-23T21:58:18.768082,17006837760,15796682752,1210155008,7.1,13309575168,1585020928,1876901888,109625344,2517860352
2026-06-23T21:58:19.792307,17006837760,15795437568,1211400192,7.1,13308329984,1585020928,1876901888,109625344,2517860352
2026-06-23T21:58:20.798310,17006837760,15797452800,1209384960,7.1,13310312448,1585020928,1876934656,109641728,2517876736
2026-06-23T21:58:21.800130,17006837760,15798452224,1208385536,7.1,13311311872,1585020928,1876934656,109641728,2517893120
2026-06-23T21:58:22.801546,17006837760,15798960128,1207877632,7.1,13311803392,1585512448,1876951040,109641728,2517893120
2026-06-23T21:58:23.804960,17006837760,15800778752,1206059008,7.1,13313622016,1585512448,1876951040,109641728,2517893120
2026-06-23T21:58:24.809728,17006837760,15803187200,1203650560,7.1,13316030464,1585512448,1876951040,109641728,2517909504
2026-06-23T21:58:25.821237,17006837760,15802695680,1204142080,7.1,13315538944,1585512448,1876951040,109658112,2517925888
2026-06-23T21:58:26.838591,17006837760,15802204160,1204633600,7.1,13315047424,1585512448,1876951040,109658112,2517925888
2026-06-23T21:58:27.854582,17006837760,15801565184,1205272576,7.1,13314408448,1585512448,1876951040,109658112,2517942272
2026-06-23T21:58:28.857400,17006837760,15802318848,1204518912,7.1,13315162112,1585512448,1876951040,109658112,2517942272
2026-06-23T21:58:29.890882,17006837760,15801532416,1205305344,7.1,13314375680,1585512448,1876951040,109658112,2517958656
2026-06-23T21:58:30.965473,17006837760,15799549952,1207287808,7.1,13312344064,1585971200,1877000192,109674496,2517958656
2026-06-23T21:58:31.992164,17006837760,15800778752,1206059008,7.1,13313572864,1585971200,1877000192,109674496,2517958656
2026-06-23T21:58:33.015744,17006837760,15802056704,1204781056,7.1,13314850816,1585971200,1877000192,109674496,2517975040
2026-06-23T21:58:34.027447,17006837760,15798878208,1207959552,7.1,13311672320,1585971200,1877000192,109674496,2517975040
2026-06-23T21:58:35.043014,17006837760,15799599104,1207238656,7.1,13312393216,1585971200,1877000192,109674496,2517991424
2026-06-23T21:58:36.053801,17006837760,15799468032,1207369728,7.1,13312229376,1586446336,1877032960,109674496,2517991424
2026-06-23T21:58:37.059080,17006837760,15798272000,1208565760,7.1,13311000576,1586446336,1877065728,109674496,2518007808
2026-06-23T21:58:38.059783,17006837760,15799238656,1207599104,7.1,13311967232,1586446336,1877065728,109674496,2518007808
2026-06-23T21:58:39.063066,17006837760,15802122240,1204715520,7.1,13314850816,1586446336,1877065728,109674496,2518024192
2026-06-23T21:58:40.075416,17006837760,15801417728,1205420032,7.1,13314113536,1586921472,1877098496,109674496,2518024192
2026-06-23T21:58:41.103383,17006837760,15798566912,1208270848,7.1,13311262720,1586921472,1877098496,109707264,2518040576
2026-06-23T21:58:42.120994,17006837760,15799025664,1207812096,7.1,13311721472,1586921472,1877098496,109707264,2518056960
2026-06-23T21:58:43.122620,17006837760,15798272000,1208565760,7.1,13310935040,1586921472,1877131264,109707264,2518056960
2026-06-23T21:58:44.144354,17006837760,15785148416,1221689344,7.2,13297778688,1587396608,1877164032,109707264,2518056960
2026-06-23T21:58:45.145524,17006837760,15785148416,1221689344,7.2,13297778688,1587396608,1877164032,109707264,2518073344
2026-06-23T21:58:46.166236,17006837760,15785738240,1221099520,7.2,13298368512,1587396608,1877164032,109707264,2518073344
2026-06-23T21:58:47.184746,17006837760,15788539904,1218297856,7.2,13301170176,1587396608,1877164032,109707264,2518089728
2026-06-23T21:58:48.198739,17006837760,15790669824,1216167936,7.2,13303250944,1587855360,1877213184,109707264,2518106112
2026-06-23T21:58:49.200008,17006837760,15793160192,1213677568,7.1,13305741312,1587855360,1877213184,109707264,2518106112
2026-06-23T21:58:50.204040,17006837760,15793963008,1212874752,7.1,13306544128,1587937280,1877213184,109707264,2518106112
2026-06-23T21:58:51.216650,17006837760,15793405952,1213431808,7.1,13305970688,1588248576,1877229568,109723648,2518122496
2026-06-23T21:58:52.254276,17006837760,15793176576,1213661184,7.1,13305708544,1588576256,1877262336,109723648,2518122496
2026-06-23T21:58:53.267507,17006837760,15792095232,1214742528,7.1,13304627200,1589100544,1877262336,109723648,2518122496
2026-06-23T21:58:54.268753,17006837760,15789047808,1217789952,7.2,13301579776,1589100544,1877262336,109723648,2518138880
2026-06-23T21:58:55.289682,17006837760,15791374336,1215463424,7.1,13303906304,1589100544,1877262336,109723648,2518138880
2026-06-23T21:58:56.327645,17006837760,15791882240,1214955520,7.1,13304381440,1589575680,1877295104,109740032,2518155264
2026-06-23T21:58:57.344443,17006837760,15791636480,1215201280,7.1,13304135680,1589575680,1877295104,109740032,2518155264
2026-06-23T21:58:58.369182,17006837760,15795748864,1211088896,7.1,13308248064,1589575680,1877295104,109740032,2518171648
2026-06-23T21:58:59.396119,17006837760,15795585024,1211252736,7.1,13308035072,1590034432,1877344256,109740032,2518171648
2026-06-23T21:59:00.423181,17006837760,15794847744,1211990016,7.1,13307297792,1590034432,1877344256,109740032,2518188032
2026-06-23T21:59:01.425745,17006837760,15795257344,1211580416,7.1,13307707392,1590149120,1877344256,109756416,2518188032
2026-06-23T21:59:02.465620,17006837760,15790637056,1216200704,7.2,13303087104,1590149120,1877344256,109756416,2518188032
2026-06-23T21:59:03.485692,17006837760,15788310528,1218527232,7.2,13300760576,1590149120,1877344256,109756416,2518204416
2026-06-23T21:59:04.518515,17006837760,15788834816,1218002944,7.2,13301284864,1590657024,1877344256,109756416,2518204416
2026-06-23T21:59:05.532543,17006837760,15789981696,1216856064,7.2,13302431744,1590657024,1877344256,109756416,2518220800
2026-06-23T21:59:06.544103,17006837760,15788883968,1217953792,7.2,13301334016,1590657024,1877344256,109756416,2518237184
2026-06-23T21:59:07.552580,17006837760,15788359680,1218478080,7.2,13300776960,1591050240,1877377024,109756416,2518237184
2026-06-23T21:59:08.560708,17006837760,15789654016,1217183744,7.2,13302071296,1591050240,1877377024,109756416,2518253568
2026-06-23T21:59:09.574050,17006837760,15786000384,1220837376,7.2,13298368512,1591492608,1877426176,109756416,2518253568
2026-06-23T21:59:10.579282,17006837760,15779676160,1227161600,7.2,13292027904,1591853056,1877442560,109756416,2518253568
2026-06-23T21:59:11.589200,17006837760,15780380672,1226457088,7.2,13292732416,1591853056,1877442560,109789184,2518269952
2026-06-23T21:59:12.604529,17006837760,15781904384,1224933376,7.2,13294256128,1591853056,1877442560,109789184,2518269952
2026-06-23T21:59:13.629198,17006837760,15784673280,1222164480,7.2,13297025024,1591853056,1877442560,109789184,2518286336
2026-06-23T21:59:14.652436,17006837760,15787491328,1219346432,7.2,13299843072,1591853056,1877442560,109789184,2518302720
2026-06-23T21:59:15.687798,17006837760,15785967616,1220870144,7.2,13298270208,1592131584,1877491712,109789184,2518302720
2026-06-23T21:59:16.723062,17006837760,15787016192,1219821568,7.2,13299286016,1592606720,1877524480,109805568,2518302720
2026-06-23T21:59:17.732127,17006837760,15787098112,1219739648,7.2,13299367936,1592606720,1877524480,109805568,2518319104
2026-06-23T21:59:18.769913,17006837760,15788408832,1218428928,7.2,13300678656,1592606720,1877524480,109805568,2518319104
2026-06-23T21:59:19.791069,17006837760,15788130304,1218707456,7.2,13300400128,1592606720,1877524480,109805568,2518335488
2026-06-23T21:59:20.809011,17006837760,15788244992,1218592768,7.2,13300514816,1592606720,1877524480,109805568,2518351872
2026-06-23T21:59:21.835197,17006837760,15791128576,1215709184,7.1,13303398400,1592606720,1877524480,109821952,2518351872
2026-06-23T21:59:22.855416,17006837760,15790751744,1216086016,7.2,13303021568,1592606720,1877524480,109821952,2518368256
2026-06-23T21:59:23.912316,17006837760,15792177152,1214660608,7.1,13304430592,1592721408,1877540864,109821952,2518368256
2026-06-23T21:59:24.922990,17006837760,15793913856,1212923904,7.1,13306118144,1593180160,1877590016,109821952,2518368256
2026-06-23T21:59:25.936125,17006837760,15792685056,1214152704,7.1,13304889344,1593180160,1877590016,109821952,2518384640
2026-06-23T21:59:26.958657,17006837760,15791046656,1215791104,7.1,13303250944,1593180160,1877590016,109838336,2518384640
2026-06-23T21:59:27.975377,17006837760,15790096384,1216741376,7.2,13302300672,1593180160,1877590016,109838336,2518401024
2026-06-23T21:59:28.988781,17006837760,15789555712,1217282048,7.2,13301760000,1593180160,1877590016,109838336,2518401024
2026-06-23T21:59:29.997922,17006837760,15789948928,1216888832,7.2,13302153216,1593180160,1877590016,109838336,2518417408
2026-06-23T21:59:31.020109,17006837760,15788507136,1218330624,7.2,13300678656,1593655296,1877622784,109838336,2518417408
2026-06-23T21:59:32.034514,17006837760,15787802624,1219035136,7.2,13299941376,1593688064,1877639168,109838336,2518450176
2026-06-23T21:59:33.051030,17006837760,15786213376,1220624384,7.2,13298352128,1593688064,1877639168,109838336,2518450176
2026-06-23T21:59:34.061970,17006837760,15785164800,1221672960,7.2,13297303552,1593688064,1877639168,109838336,2518466560
2026-06-23T21:59:35.063510,17006837760,15787065344,1219772416,7.2,13299171328,1594163200,1877671936,109838336,2518466560
2026-06-23T21:59:36.091268,17006837760,15786393600,1220444160,7.2,13298450432,1594621952,1877721088,109838336,2518482944
2026-06-23T21:59:37.118077,17006837760,15786459136,1220378624,7.2,13298515968,1594621952,1877721088,109854720,2518482944
2026-06-23T21:59:38.144592,17006837760,15789277184,1217560576,7.2,13301317632,1594851328,1877737472,109854720,2518499328
2026-06-23T21:59:39.168764,17006837760,15789293568,1217544192,7.2,13301317632,1595031552,1877753856,109854720,2518499328
2026-06-23T21:59:40.201308,17006837760,15790522368,1216315392,7.2,13302530048,1595146240,1877770240,109854720,2518499328
2026-06-23T21:59:41.233641,17006837760,15788949504,1217888256,7.2,13300957184,1595146240,1877770240,109854720,2518515712
2026-06-23T21:59:42.270889,17006837760,15787999232,1218838528,7.2,13299974144,1596669952,1877803008,109871104,2518515712
2026-06-23T21:59:43.275439,17006837760,15788572672,1218265088,7.2,13300547584,1596669952,1877803008,109871104,2518532096
2026-06-23T21:59:44.294946,17006837760,15793176576,1213661184,7.1,13305151488,1596669952,1877803008,109871104,2518532096
2026-06-23T21:59:45.314926,17006837760,15791063040,1215774720,7.1,13303037952,1596669952,1877803008,109871104,2518548480
2026-06-23T21:59:46.338954,17006837760,15789195264,1217642496,7.2,13301170176,1596669952,1877803008,109887488,2518548480
2026-06-23T21:59:47.343098,17006837760,15787851776,1218985984,7.2,13299793920,1597145088,1877835776,109887488,2518564864
2026-06-23T21:59:48.366498,17006837760,15788376064,1218461696,7.2,13300285440,1597243392,1877868544,109887488,2518564864
2026-06-23T21:59:49.410724,17006837760,15788130304,1218707456,7.2,13300039680,1597652992,1877868544,109887488,2518564864
2026-06-23T21:59:50.432852,17006837760,15787311104,1219526656,7.2,13299220480,1597652992,1877868544,109887488,2518564864
2026-06-23T21:59:51.453038,17006837760,15786737664,1220100096,7.2,13298614272,1597734912,1877884928,109903872,2518597632
2026-06-23T21:59:52.463950,17006837760,15786246144,1220591616,7.2,13298122752,1597734912,1877884928,109903872,2518597632
2026-06-23T21:59:53.477372,17006837760,15787687936,1219149824,7.2,13299564544,1597734912,1877884928,109903872,2518614016
2026-06-23T21:59:54.483825,17006837760,15788949504,1217888256,7.2,13300826112,1597734912,1877884928,109903872,2518614016
2026-06-23T21:59:55.484530,17006837760,15784067072,1222770688,7.2,13295943680,1597734912,1877884928,109903872,2518630400
2026-06-23T21:59:56.509549,17006837760,15784755200,1222082560,7.2,13296599040,1598210048,1877917696,109920256,2518630400
2026-06-23T21:59:57.513082,17006837760,15782592512,1224245248,7.2,13294436352,1598210048,1877917696,109920256,2518646784
2026-06-23T21:59:58.533757,17006837760,15783100416,1223737344,7.2,13294944256,1598210048,1877917696,109920256,2518663168
2026-06-23T21:59:59.569923,17006837760,15783690240,1223147520,7.2,13295501312,1598881792,1877950464,109920256,2518663168
2026-06-23T22:00:00.610440,17006837760,15781134336,1225703424,7.2,13292945408,1598881792,1877950464,109920256,2518663168
2026-06-23T22:00:01.626321,17006837760,15779004416,1227833344,7.2,13290815488,1598881792,1877950464,109920256,2518663168
2026-06-23T22:00:02.636804,17006837760,15782100992,1224736768,7.2,13293912064,1598881792,1877950464,109920256,2518663168
2026-06-23T22:00:03.690042,17006837760,15783002112,1223835648,7.2,13294764032,1598947328,1877999616,109920256,2518679552
2026-06-23T22:00:04.693103,17006837760,15782641664,1224196096,7.2,13294403584,1598947328,1877999616,109920256,2518679552
2026-06-23T22:00:05.703187,17006837760,15782215680,1224622080,7.2,13293977600,1598980096,1877999616,109920256,2518679552
2026-06-23T22:00:06.717822,17006837760,15781724160,1225113600,7.2,13293486080,1598980096,1877999616,109936640,2518679552
2026-06-23T22:00:07.739083,17006837760,15782625280,1224212480,7.2,13294387200,1598996480,1877999616,109936640,2518695936
2026-06-23T22:00:08.764393,17006837760,15782772736,1224065024,7.2,13294518272,1599471616,1878016000,109936640,2518695936
2026-06-23T22:00:09.792856,17006837760,15777808384,1229029376,7.2,13289553920,1599979520,1878016000,109936640,2518695936
2026-06-23T22:00:10.820383,17006837760,15772286976,1234550784,7.3,13284032512,1599979520,1878016000,109936640,2518695936
2026-06-23T22:00:11.838124,17006837760,15775481856,1231355904,7.2,13287227392,1599979520,1878016000,109953024,2518712320
2026-06-23T22:00:12.842587,17006837760,15773040640,1233797120,7.3,13284786176,1599979520,1878016000,109953024,2518712320
2026-06-23T22:00:13.865147,17006837760,15774433280,1232404480,7.2,13286178816,1599979520,1878016000,109953024,2518728704
2026-06-23T22:00:14.880075,17006837760,15776825344,1230012416,7.2,13288570880,1599979520,1878016000,109953024,2518728704
2026-06-23T22:00:15.892214,17006837760,15779315712,1227522048,7.2,13291061248,1599979520,1878016000,109953024,2518745088
2026-06-23T22:00:16.895704,17006837760,15768289280,1238548480,7.3,13280034816,1599979520,1878016000,109969408,2518745088
2026-06-23T22:00:17.926396,17006837760,15770042368,1236795392,7.3,13281787904,1599979520,1878016000,109969408,2518761472
2026-06-23T22:00:18.953815,17006837760,15771860992,1234976768,7.3,13283508224,1600684032,1878114304,109969408,2518761472
2026-06-23T22:00:19.990006,17006837760,15771271168,1235566592,7.3,13282902016,1600684032,1878114304,109969408,2518777856
2026-06-23T22:00:21.000126,17006837760,15774236672,1232601088,7.2,13285867520,1600700416,1878114304,109969408,2518777856
2026-06-23T22:00:22.031043,17006837760,15776382976,1230454784,7.2,13288013824,1600700416,1878114304,109985792,2518794240
2026-06-23T22:00:23.057780,17006837760,15777054720,1229783040,7.2,13288685568,1600700416,1878114304,109985792,2518794240
2026-06-23T22:00:24.075831,17006837760,15778873344,1227964416,7.2,13290487808,1601191936,1878130688,109985792,2518810624
2026-06-23T22:00:25.079749,17006837760,15780118528,1226719232,7.2,13291732992,1601191936,1878130688,109985792,2518810624
2026-06-23T22:00:26.084113,17006837760,15779725312,1227112448,7.2,13291339776,1601191936,1878130688,109985792,2518827008
2026-06-23T22:00:27.094169,17006837760,15775907840,1230929920,7.2,13287522304,1601191936,1878130688,110002176,2518827008
2026-06-23T22:00:28.098116,17006837760,15775793152,1231044608,7.2,13287374848,1601667072,1878163456,110002176,2518843392
2026-06-23T22:00:29.100365,17006837760,15777726464,1229111296,7.2,13289259008,1601732608,1878212608,110002176,2518843392
2026-06-23T22:00:30.107154,17006837760,15778693120,1228144640,7.2,13290225664,1601732608,1878212608,110002176,2518859776
2026-06-23T22:00:31.152949,17006837760,15781117952,1225719808,7.2,13292650496,1601732608,1878212608,110002176,2518859776
2026-06-23T22:00:32.172809,17006837760,15780954112,1225883648,7.2,13292486656,1601732608,1878212608,110002176,2518876160
2026-06-23T22:00:33.177166,17006837760,15780642816,1226194944,7.2,13292175360,1601732608,1878212608,110002176,2518876160
2026-06-23T22:00:34.201969,17006837760,15780823040,1226014720,7.2,13292322816,1602207744,1878245376,110002176,2518892544
2026-06-23T22:00:35.223006,17006837760,15782543360,1224294400,7.2,13294043136,1602207744,1878245376,110002176,2518892544
2026-06-23T22:00:36.240502,17006837760,15784443904,1222393856,7.2,13295943680,1602207744,1878245376,110002176,2518908928
2026-06-23T22:00:37.265902,17006837760,15783149568,1223688192,7.2,13294600192,1602666496,1878294528,110018560,2518925312
2026-06-23T22:00:38.293262,17006837760,15783624704,1223213056,7.2,13295075328,1602666496,1878294528,110018560,2518925312
2026-06-23T22:00:39.312820,17006837760,15780937728,1225900032,7.2,13292371968,1602928640,1878310912,110018560,2518925312
2026-06-23T22:00:40.319404,17006837760,15779971072,1226866688,7.2,13291388928,1603387392,1878327296,110018560,2518941696
2026-06-23T22:00:41.326589,17006837760,15773466624,1233371136,7.3,13284868096,1603567616,1878343680,110018560,2518941696
2026-06-23T22:00:42.335042,17006837760,15769632768,1237204992,7.3,13281017856,1603682304,1878343680,110051328,2518958080
2026-06-23T22:00:43.373296,17006837760,15769239552,1237598208,7.3,13280624640,1603715072,1878343680,110051328,2518958080
2026-06-23T22:00:44.395717,17006837760,15765962752,1240875008,7.3,13277315072,1603731456,1878376448,110051328,2518958080
2026-06-23T22:00:45.413619,17006837760,15766274048,1240563712,7.3,13277626368,1604091904,1878376448,110051328,2518974464
2026-06-23T22:00:46.425439,17006837760,15768158208,1238679552,7.3,13279494144,1604583424,1878392832,110051328,2518974464
2026-06-23T22:00:47.439349,17006837760,15770927104,1235910656,7.3,13282263040,1604583424,1878392832,110067712,2518990848
2026-06-23T22:00:48.444441,17006837760,15773728768,1233108992,7.3,13285064704,1604583424,1878392832,110067712,2518990848
2026-06-23T22:00:49.465375,17006837760,15775137792,1231699968,7.2,13286473728,1604583424,1878392832,110067712,2519007232
2026-06-23T22:00:50.490441,17006837760,15774695424,1232142336,7.2,13286031360,1604583424,1878392832,110067712,2519007232
2026-06-23T22:00:51.510173,17006837760,15774990336,1231847424,7.2,13286277120,1605042176,1878441984,110067712,2519023616
2026-06-23T22:00:52.535334,17006837760,15775907840,1230929920,7.2,13287194624,1605042176,1878441984,110084096,2519023616
2026-06-23T22:00:53.553646,17006837760,15777054720,1229783040,7.2,13288308736,1605042176,1878474752,110084096,2519040000
2026-06-23T22:00:54.585611,17006837760,15774482432,1232355328,7.2,13285736448,1605058560,1878474752,110084096,2519040000
2026-06-23T22:00:55.624619,17006837760,15773810688,1233027072,7.3,13285064704,1605435392,1878474752,110084096,2519040000
2026-06-23T22:00:56.669351,17006837760,15773483008,1233354752,7.3,13284737024,1605435392,1878474752,110084096,2519056384
2026-06-23T22:00:57.726064,17006837760,15766880256,1239957504,7.3,13278117888,1605910528,1878491136,110084096,2519056384
2026-06-23T22:00:58.757709,17006837760,15764996096,1241841664,7.3,13276217344,1606008832,1878507520,110084096,2519056384
2026-06-23T22:00:59.776294,17006837760,15764733952,1242103808,7.3,13275955200,1606008832,1878507520,110084096,2519056384
2026-06-23T22:01:00.814399,17006837760,15766061056,1240776704,7.3,13277282304,1606008832,1878507520,110084096,2519072768
2026-06-23T22:01:01.833352,17006837760,15770664960,1236172800,7.3,13281886208,1606008832,1878507520,110084096,2519072768
2026-06-23T22:01:02.844622,17006837760,15769780224,1237057536,7.3,13280985088,1606500352,1878523904,110100480,2519089152
2026-06-23T22:01:03.854050,17006837760,15770845184,1235992576,7.3,13282050048,1606500352,1878523904,110100480,2519105536
2026-06-23T22:01:04.868449,17006837760,15773990912,1232846848,7.2,13285195776,1606500352,1878523904,110100480,2519105536
2026-06-23T22:01:05.885675,17006837760,15772680192,1234157568,7.3,13283885056,1606500352,1878523904,110100480,2519121920
2026-06-23T22:01:06.898147,17006837760,15773466624,1233371136,7.3,13284638720,1606975488,1878556672,110100480,2519121920
2026-06-23T22:01:07.903047,17006837760,15773466624,1233371136,7.3,13284638720,1607467008,1878556672,110116864,2519121920
2026-06-23T22:01:08.928939,17006837760,15770664960,1236172800,7.3,13281837056,1607467008,1878556672,110116864,2519138304
2026-06-23T22:01:09.958419,17006837760,15771009024,1235828736,7.3,13282164736,1607745536,1878573056,110116864,2519138304
2026-06-23T22:01:10.991010,17006837760,15771942912,1234894848,7.3,13283098624,1607745536,1878573056,110116864,2519138304
2026-06-23T22:01:12.023468,17006837760,15770664960,1236172800,7.3,13281820672,1607761920,1878573056,110116864,2519138304
2026-06-23T22:01:13.065987,17006837760,15768125440,1238712320,7.3,13279281152,1608351744,1878573056,110133248,2519154688
2026-06-23T22:01:14.078667,17006837760,15766175744,1240662016,7.3,13277331456,1608794112,1878573056,110133248,2519154688
2026-06-23T22:01:15.080488,17006837760,15765438464,1241399296,7.3,13276512256,1610907648,1878654976,110133248,2519154688
2026-06-23T22:01:16.097122,17006837760,15765192704,1241645056,7.3,13276266496,1610907648,1878654976,110133248,2519154688
2026-06-23T22:01:17.101820,17006837760,15765045248,1241792512,7.3,13276119040,1610907648,1878654976,110149632,2519154688
2026-06-23T22:01:18.146285,17006837760,15770533888,1236303872,7.3,13281607680,1610907648,1878654976,110149632,2519171072
2026-06-23T22:01:19.168101,17006837760,15770910720,1235927040,7.3,13281984512,1610907648,1878654976,110149632,2519187456
2026-06-23T22:01:20.182804,17006837760,15771992064,1234845696,7.3,13283065856,1610907648,1878654976,110149632,2519187456
2026-06-23T22:01:21.201382,17006837760,15771090944,1235746816,7.3,13282131968,1611382784,1878687744,110149632,2519203840
2026-06-23T22:01:22.224998,17006837760,15778463744,1228374016,7.2,13289504768,1603813376,1878687744,110166016,2519220224
2026-06-23T22:01:23.246478,17006837760,15779446784,1227390976,7.2,13290487808,1603813376,1878687744,110166016,2519220224
2026-06-23T22:01:24.274452,17006837760,15781560320,1225277440,7.2,13292601344,1603813376,1878687744,110166016,2519236608
2026-06-23T22:01:25.299102,17006837760,15775924224,1230913536,7.2,13286948864,1603928064,1878704128,110166016,2519236608
2026-06-23T22:01:26.340635,17006837760,15773450240,1233387520,7.3,13284442112,1605632000,1878736896,110166016,2519236608
2026-06-23T22:01:27.388753,17006837760,15771582464,1235255296,7.3,13282541568,1606172672,1878769664,110166016,2519236608
2026-06-23T22:01:28.434967,17006837760,15770533888,1236303872,7.3,13281492992,1606189056,1878769664,110166016,2519252992
2026-06-23T22:01:29.436029,17006837760,15764815872,1242021888,7.3,13275774976,1606516736,1878769664,110166016,2519252992
2026-06-23T22:01:30.446925,17006837760,15766421504,1240416256,7.3,13277380608,1606516736,1878769664,110166016,2519252992
2026-06-23T22:01:31.447389,17006837760,15768076288,1238761472,7.3,13279035392,1606516736,1878769664,110166016,2519269376
2026-06-23T22:01:32.466658,17006837760,15768993792,1237843968,7.3,13279952896,1606516736,1878769664,110182400,2519269376
2026-06-23T22:01:33.488543,17006837760,15769993216,1236844544,7.3,13280903168,1606975488,1878818816,110182400,2519285760
2026-06-23T22:01:34.512117,17006837760,15772008448,1234829312,7.3,13282918400,1606975488,1878818816,110182400,2519285760
2026-06-23T22:01:35.527511,17006837760,15773270016,1233567744,7.3,13284179968,1606991872,1878818816,110182400,2519302144
2026-06-23T22:01:36.563589,17006837760,15771811840,1235025920,7.3,13282705408,1608056832,1878835200,110182400,2519302144
2026-06-23T22:01:37.598703,17006837760,15768076288,1238761472,7.3,13278969856,1610268672,1878835200,110198784,2519302144
2026-06-23T22:01:38.639577,17006837760,15766355968,1240481792,7.3,13277216768,1610760192,1878867968,110198784,2519302144
2026-06-23T22:01:39.655289,17006837760,15762948096,1243889664,7.3,13273808896,1611415552,1878867968,110198784,2519318528
2026-06-23T22:01:40.686778,17006837760,15763800064,1243037696,7.3,13274660864,1611464704,1878867968,110198784,2519318528
2026-06-23T22:01:41.717584,17006837760,15767257088,1239580672,7.3,13278101504,1611956224,1878884352,110198784,2519318528
2026-06-23T22:01:42.748152,17006837760,15767633920,1239203840,7.3,13278478336,1612120064,1878884352,110215168,2519318528
2026-06-23T22:01:43.766567,17006837760,15769976832,1236860928,7.3,13280821248,1612120064,1878884352,110215168,2519318528
2026-06-23T22:01:44.790250,17006837760,15770468352,1236369408,7.3,13281312768,1612169216,1878884352,110215168,2519334912
2026-06-23T22:01:45.812780,17006837760,15769894912,1236942848,7.3,13280739328,1612169216,1878884352,110215168,2519334912
2026-06-23T22:01:46.857511,17006837760,15769976832,1236860928,7.3,13280804864,1612218368,1878900736,110215168,2519334912
2026-06-23T22:01:47.866236,17006837760,15771533312,1235304448,7.3,13282344960,1612660736,1878917120,110231552,2519334912
2026-06-23T22:01:48.887293,17006837760,15768141824,1238695936,7.3,13278937088,1613709312,1878933504,110231552,2519351296
2026-06-23T22:01:49.933837,17006837760,15763226624,1243611136,7.3,13274021888,1618378752,1878933504,110231552,2519351296
2026-06-23T22:01:51.015863,17006837760,15761522688,1245315072,7.3,13272301568,1619951616,1878949888,110231552,2519351296
2026-06-23T22:01:52.039516,17006837760,15756623872,1250213888,7.4,13267402752,1621393408,1878949888,110231552,2519351296
2026-06-23T22:01:53.047003,17006837760,15754903552,1251934208,7.4,13265682432,1623375872,1878949888,110247936,2519351296
2026-06-23T22:01:54.061056,17006837760,15754674176,1252163584,7.4,13265436672,1623801856,1878966272,110247936,2519367680
2026-06-23T22:01:55.090600,17006837760,15757213696,1249624064,7.3,13267959808,1623916544,1878982656,110247936,2519367680
2026-06-23T22:01:56.091869,17006837760,15758196736,1248641024,7.3,13268942848,1624686592,1878982656,110247936,2519367680
2026-06-23T22:01:57.105295,17006837760,15757967360,1248870400,7.3,13268713472,1624686592,1878982656,110247936,2519384064
2026-06-23T22:01:58.124920,17006837760,15759196160,1247641600,7.3,13269942272,1624686592,1878982656,110247936,2519384064
2026-06-23T22:01:59.152130,17006837760,15766323200,1240514560,7.3,13277069312,1617428480,1878982656,110247936,2519400448
2026-06-23T22:02:00.173652,17006837760,15766306816,1240530944,7.3,13277052928,1617428480,1878982656,110247936,2519400448
2026-06-23T22:02:01.198481,17006837760,15767748608,1239089152,7.3,13278494720,1617428480,1878982656,110247936,2519400448
2026-06-23T22:02:02.207736,17006837760,15768649728,1238188032,7.3,13279346688,1617887232,1879031808,110247936,2519416832
2026-06-23T22:02:03.261359,17006837760,15774302208,1232535552,7.2,13284982784,1609760768,1879048192,110264320,2519416832
2026-06-23T22:02:04.279694,17006837760,15772712960,1234124800,7.3,13283393536,1611218944,1879048192,110264320,2519433216
2026-06-23T22:02:05.298742,17006837760,15774220288,1232617472,7.2,13284900864,1611218944,1879048192,110264320,2519433216
2026-06-23T22:02:06.301686,17006837760,15776268288,1230569472,7.2,13286948864,1611218944,1879048192,110264320,2519449600
2026-06-23T22:02:07.324231,17006837760,15775039488,1231798272,7.2,13285687296,1611694080,1879080960,110264320,2519449600
2026-06-23T22:02:08.346727,17006837760,15773155328,1233682432,7.3,13283803136,1611694080,1879080960,110280704,2519465984
2026-06-23T22:02:09.376502,17006837760,15775465472,1231372288,7.2,13286113280,1611694080,1879080960,110280704,2519465984
2026-06-23T22:02:10.404345,17006837760,15777054720,1229783040,7.2,13287702528,1611694080,1879080960,110280704,2519482368
2026-06-23T22:02:11.435845,17006837760,15776382976,1230454784,7.2,13286981632,1612267520,1879130112,110280704,2519482368
2026-06-23T22:02:12.453314,17006837760,15770730496,1236107264,7.3,13281329152,1613299712,1879130112,110280704,2519482368
2026-06-23T22:02:13.458872,17006837760,15769206784,1237630976,7.3,13279789056,1614315520,1879146496,110313472,2519482368
2026-06-23T22:02:14.484211,17006837760,15762063360,1244774400,7.3,13272629248,1618493440,1879162880,110313472,2519498752
2026-06-23T22:02:15.538264,17006837760,15761588224,1245249536,7.3,13272154112,1619017728,1879162880,110313472,2519498752
2026-06-23T22:02:16.572717,17006837760,15761653760,1245184000,7.3,13272219648,1619394560,1879162880,110313472,2519498752
2026-06-23T22:02:17.574734,17006837760,15763210240,1243627520,7.3,13273759744,1620312064,1879179264,110313472,2519498752
2026-06-23T22:02:18.583415,17006837760,15764209664,1242628096,7.3,13274759168,1620312064,1879179264,110329856,2519515136
2026-06-23T22:02:19.629168,17006837760,15765618688,1241219072,7.3,13276168192,1620312064,1879179264,110329856,2519515136
2026-06-23T22:02:20.638423,17006837760,15767896064,1238941696,7.3,13278445568,1620312064,1879179264,110329856,2519531520
2026-06-23T22:02:21.639001,17006837760,15766126592,1240711168,7.3,13276676096,1620312064,1879179264,110329856,2519531520
2026-06-23T22:02:22.694120,17006837760,15767650304,1239187456,7.3,13278167040,1615986688,1879212032,110329856,2519547904
2026-06-23T22:02:23.713836,17006837760,15766978560,1239859200,7.3,13277478912,1615986688,1879228416,110346240,2519547904
2026-06-23T22:02:24.737401,17006837760,15765127168,1241710592,7.3,13275594752,1616429056,1879261184,110346240,2519547904
2026-06-23T22:02:25.757139,17006837760,15759015936,1247821824,7.3,13269483520,1616707584,1879261184,110346240,2519547904
2026-06-23T22:02:26.761610,17006837760,15753625600,1253212160,7.4,13264093184,1617330176,1879261184,110346240,2519564288
2026-06-23T22:02:27.762600,17006837760,15755558912,1251278848,7.4,13266026496,1617330176,1879261184,110346240,2519564288
2026-06-23T22:02:28.763109,17006837760,15763947520,1242890240,7.3,13274398720,1609777152,1879277568,110346240,2519580672
2026-06-23T22:02:29.766684,17006837760,15765585920,1241251840,7.3,13276037120,1609777152,1879277568,110346240,2519580672
2026-06-23T22:02:30.800845,17006837760,15779397632,1227440128,7.2,13289832448,1601994752,1879293952,110346240,2519580672
2026-06-23T22:02:31.825822,17006837760,15774285824,1232551936,7.2,13282213888,1605337088,1881735168,110346240,2522284032
