timestamp,total,available,used,percent,free,active,inactive,buffers,cached
2026-04-26T15:50:07.536612,17002643456,16311533568,691109888,4.1,15699148800,771375104,208928768,42500096,688865280
2026-04-26T15:50:08.538370,17002643456,16281845760,720797696,4.2,15666888704,800784384,209813504,42598400,691388416
2026-04-26T15:50:09.538759,17002643456,16243015680,759627776,4.5,15628058624,840908800,209813504,42598400,691388416
2026-04-26T15:50:10.539341,17002643456,16144711680,857931776,5.0,15529754624,948797440,209813504,42598400,691388416
2026-04-26T15:50:11.541005,17002643456,16139436032,863207424,5.1,15524347904,940867584,209813504,42598400,691519488
2026-04-26T15:50:12.541940,17002643456,16056369152,946274304,5.6,15441281024,1040924672,209813504,42598400,691519488
2026-04-26T15:50:13.542312,17002643456,15823552512,1179090944,6.9,15173402624,1232666624,244875264,42614784,726908928
2026-04-26T15:50:14.542677,17002643456,15616540672,1386102784,8.2,14874558464,1416151040,336674816,42614784,818708480
2026-04-26T15:50:15.543681,17002643456,15568961536,1433681920,8.4,14795915264,1489584128,367411200,42614784,849510400
2026-04-26T15:50:16.547807,17002643456,15513911296,1488732160,8.8,14740865024,1510408192,367411200,42614784,849510400
2026-04-26T15:50:17.548860,17002643456,15506046976,1496596480,8.8,14733000704,1538572288,367411200,42614784,849510400
2026-04-26T15:50:18.549187,17002643456,15585935360,1416708096,8.3,14812872704,1232633856,367427584,42614784,849510400
2026-04-26T15:50:19.550447,17002643456,15505883136,1496760320,8.8,14728822784,1446412288,368033792,42614784,853524480
2026-04-26T15:50:20.551997,17002643456,15338061824,1664581632,9.8,14560968704,1655881728,368033792,42614784,853557248
2026-04-26T15:50:21.554080,17002643456,15194537984,1808105472,10.6,14417444864,1860616192,368033792,42614784,853557248
2026-04-26T15:50:22.554650,17002643456,15004860416,1997783040,11.7,14227767296,2083930112,368033792,42614784,853557248
2026-04-26T15:50:23.555574,17002643456,14826192896,2176450560,12.8,14049099776,2111782912,368033792,42614784,853557248
2026-04-26T15:50:24.557784,17002643456,14620491776,2382151680,14.0,13843398656,2343403520,368033792,42614784,853557248
2026-04-26T15:50:25.560093,17002643456,14574567424,2428076032,14.3,13797474304,2348302336,368033792,42614784,853557248
2026-04-26T15:50:26.567208,17002643456,14574567424,2428076032,14.3,13797474304,2327347200,368033792,42614784,853557248
2026-04-26T15:50:27.585827,17002643456,14577418240,2425225216,14.3,13800325120,2327347200,368033792,42614784,853573632
2026-04-26T15:50:28.588926,17002643456,14516731904,2485911552,14.6,13739638784,2487762944,368033792,42614784,853573632
2026-04-26T15:50:29.590315,17002643456,14150926336,2851717120,16.8,13373702144,2895282176,368033792,42614784,853704704
2026-04-26T15:50:30.591486,17002643456,14085554176,2917089280,17.2,13308329984,2963341312,368033792,42614784,853704704
2026-04-26T15:50:31.592543,17002643456,14085554176,2917089280,17.2,13308329984,2963341312,368033792,42614784,853704704
2026-04-26T15:50:32.604134,17002643456,14087274496,2915368960,17.1,13310050304,2963341312,368033792,42614784,853704704
2026-04-26T15:50:33.618489,17002643456,14106066944,2896576512,17.0,13328842752,2776432640,368033792,42614784,853704704
2026-04-26T15:50:34.634807,17002643456,14109032448,2893611008,17.0,13331808256,2748940288,368033792,42614784,853704704
2026-04-26T15:50:35.656171,17002643456,14128496640,2874146816,16.9,13351272448,2748940288,368033792,42614784,853704704
2026-04-26T15:50:36.687692,17002643456,14158266368,2844377088,16.7,13381042176,2748940288,368033792,42614784,853704704
2026-04-26T15:50:37.706384,17002643456,14181908480,2820734976,16.6,13404684288,2748940288,368033792,42614784,853704704
2026-04-26T15:50:38.708576,17002643456,14211891200,2790752256,16.4,13434667008,2748448768,368033792,42614784,853704704
2026-04-26T15:50:39.709928,17002643456,14223015936,2779627520,16.3,13445791744,2748448768,368033792,42614784,853704704
2026-04-26T15:50:40.711820,17002643456,14246215680,2756427776,16.2,13468991488,2748448768,368033792,42614784,853704704
2026-04-26T15:50:41.713561,17002643456,14220197888,2782445568,16.4,13442973696,2852700160,368033792,42614784,853704704
2026-04-26T15:50:42.715025,17002643456,13876871168,3125772288,18.4,13099646976,3162537984,368033792,42614784,853704704
2026-04-26T15:50:43.716304,17002643456,13876871168,3125772288,18.4,13099646976,3162537984,368033792,42614784,853704704
2026-04-26T15:50:44.717811,17002643456,13876871168,3125772288,18.4,13099646976,3162537984,368033792,42614784,853704704
2026-04-26T15:50:45.739569,17002643456,13876871168,3125772288,18.4,13099646976,3162537984,368033792,42614784,853704704
2026-04-26T15:50:46.742715,17002643456,13852852224,3149791232,18.5,13075628032,3165077504,368033792,42614784,853704704
2026-04-26T15:50:47.747170,17002643456,14135296000,2867347456,16.9,13358071808,2914926592,368033792,42614784,853704704
2026-04-26T15:50:48.749982,17002643456,14152679424,2849964032,16.8,13375455232,2914500608,368033792,42614784,853704704
2026-04-26T15:50:49.751593,17002643456,14339276800,2663366656,15.7,13562052608,2781577216,368033792,42614784,853704704
2026-04-26T15:50:50.754437,17002643456,14339276800,2663366656,15.7,13562052608,2781577216,368033792,42614784,853704704
2026-04-26T15:50:51.756674,17002643456,14321336320,2681307136,15.8,13544112128,2799353856,368033792,42614784,853704704
2026-04-26T15:50:52.758767,17002643456,14174109696,2828533760,16.6,13396885504,2898395136,368033792,42614784,853704704
2026-04-26T15:50:53.762178,17002643456,14052687872,2949955584,17.3,13275463680,3058024448,368033792,42614784,853704704
2026-04-26T15:50:54.763707,17002643456,14033764352,2968879104,17.5,13256540160,3089661952,368033792,42614784,853704704
2026-04-26T15:50:55.764892,17002643456,13768589312,3234054144,19.0,12991365120,3317202944,368033792,42614784,853704704
2026-04-26T15:50:56.766020,17002643456,13768589312,3234054144,19.0,12991365120,3317202944,368033792,42614784,853704704
2026-04-26T15:50:57.767569,17002643456,13768589312,3234054144,19.0,12991365120,3317202944,368033792,42614784,853704704
2026-04-26T15:50:58.770883,17002643456,13772029952,3230613504,19.0,12994805760,3317202944,368033792,42614784,853704704
2026-04-26T15:50:59.773551,17002643456,13884112896,3118530560,18.3,13106888704,3158736896,368033792,42614784,853704704
2026-04-26T15:51:00.776161,17002643456,13776355328,3226288128,19.0,12999131136,3204890624,368033792,42614784,853704704
2026-04-26T15:51:01.777737,17002643456,13807616000,3195027456,18.8,13030391808,3258417152,368033792,42614784,853704704
2026-04-26T15:51:02.780361,17002643456,13808074752,3194568704,18.8,13030850560,3258417152,368033792,42614784,853704704
2026-04-26T15:51:03.783135,17002643456,13811204096,3191439360,18.8,13033979904,3258417152,368033792,42614784,853704704
2026-04-26T15:51:04.785882,17002643456,13920370688,3082272768,18.1,13143146496,3140583424,368033792,42614784,853704704
2026-04-26T15:51:05.787696,17002643456,14083948544,2918694912,17.2,13306724352,2976989184,368033792,42614784,853704704
2026-04-26T15:51:06.790618,17002643456,14094663680,2907979776,17.1,13317439488,2976989184,368033792,42614784,853704704
2026-04-26T15:51:07.793657,17002643456,14114570240,2888073216,17.0,13337346048,2977038336,368033792,42614784,853704704
2026-04-26T15:51:08.795112,17002643456,14120206336,2882437120,17.0,13342982144,2977038336,368033792,42614784,853704704
2026-04-26T15:51:09.796289,17002643456,14126202880,2876440576,16.9,13348978688,2977038336,368033792,42614784,853704704
2026-04-26T15:51:10.797883,17002643456,14138327040,2864316416,16.8,13361102848,2977038336,368033792,42614784,853704704
2026-04-26T15:51:11.800713,17002643456,14149156864,2853486592,16.8,13371932672,2982100992,368033792,42614784,853704704
2026-04-26T15:51:12.804731,17002643456,14151663616,2850979840,16.8,13374423040,2982100992,368033792,42614784,853721088
2026-04-26T15:51:13.807841,17002643456,14158151680,2844491776,16.7,13380911104,2982100992,368033792,42614784,853737472
2026-04-26T15:51:14.809725,17002643456,14187249664,2815393792,16.6,13410009088,2982592512,368033792,42614784,853737472
2026-04-26T15:51:15.811599,17002643456,14187249664,2815393792,16.6,13410009088,2982592512,368033792,42614784,853737472
2026-04-26T15:51:16.813852,17002643456,14221672448,2780971008,16.4,13444431872,2951184384,368033792,42614784,853737472
2026-04-26T15:51:17.817302,17002643456,14228979712,2773663744,16.3,13451739136,2951184384,368033792,42614784,853737472
2026-04-26T15:51:18.819840,17002643456,14068989952,2933653504,17.3,13291749376,3110453248,368033792,42614784,853737472
2026-04-26T15:51:19.822927,17002643456,14068989952,2933653504,17.3,13291749376,3110453248,368033792,42614784,853737472
2026-04-26T15:51:20.824838,17002643456,14108868608,2893774848,17.0,13331628032,3071787008,368033792,42614784,853737472
2026-04-26T15:51:21.827388,17002643456,13773406208,3229237248,19.0,12996165632,3333341184,368033792,42614784,853737472
2026-04-26T15:51:22.828673,17002643456,13773406208,3229237248,19.0,12996165632,3333341184,368033792,42614784,853737472
2026-04-26T15:51:23.830208,17002643456,13773406208,3229237248,19.0,12996165632,3333341184,368033792,42614784,853737472
2026-04-26T15:51:24.833606,17002643456,13760380928,3242262528,19.1,12983140352,3351625728,368033792,42614784,853737472
2026-04-26T15:51:25.838335,17002643456,13616365568,3386277888,19.9,12839124992,3453239296,368033792,42614784,853737472
2026-04-26T15:51:26.840032,17002643456,13599637504,3403005952,20.0,12822396928,3480862720,368033792,42614784,853737472
2026-04-26T15:51:27.842396,17002643456,14013071360,2989572096,17.6,13235830784,3097690112,368033792,42614784,853737472
2026-04-26T15:51:28.845500,17002643456,14016544768,2986098688,17.6,13239304192,3097690112,368033792,42614784,853737472
2026-04-26T15:51:29.852352,17002643456,13899137024,3103506432,18.3,13121896448,3203170304,368033792,42614784,853737472
2026-04-26T15:51:30.857789,17002643456,13885374464,3117268992,18.3,13108133888,3237134336,368033792,42614784,853737472
2026-04-26T15:51:31.861648,17002643456,13852688384,3149955072,18.5,13075447808,3290628096,368033792,42614784,853737472
2026-04-26T15:51:32.863436,17002643456,13849493504,3153149952,18.5,13072252928,3256631296,368033792,42614784,853737472
2026-04-26T15:51:33.864735,17002643456,13837451264,3165192192,18.6,13060210688,3256631296,368033792,42614784,853737472
2026-04-26T15:51:34.866153,17002643456,13801668608,3200974848,18.8,13024428032,3318202368,368033792,42614784,853737472
2026-04-26T15:51:35.867436,17002643456,13801668608,3200974848,18.8,13024428032,3318202368,368033792,42614784,853737472
2026-04-26T15:51:36.868937,17002643456,13801668608,3200974848,18.8,13024428032,3318202368,368033792,42614784,853737472
2026-04-26T15:51:37.871189,17002643456,13803520000,3199123456,18.8,13026279424,3318202368,368033792,42614784,853737472
2026-04-26T15:51:38.873755,17002643456,13859143680,3143499776,18.5,13081903104,3259547648,368033792,42614784,853737472
2026-04-26T15:51:39.877497,17002643456,13866598400,3136045056,18.4,13089357824,3261792256,368033792,42614784,853737472
2026-04-26T15:51:40.880169,17002643456,13962346496,3040296960,17.9,13185105920,3194650624,368033792,42614784,853737472
2026-04-26T15:51:41.882421,17002643456,13895303168,3107340288,18.3,13118062592,3258155008,368033792,42614784,853737472
2026-04-26T15:51:42.885584,17002643456,13841907712,3160735744,18.6,13064667136,3292020736,368033792,42614784,853737472
2026-04-26T15:51:43.887986,17002643456,13833895936,3168747520,18.6,13056655360,3323183104,368033792,42614784,853737472
2026-04-26T15:51:44.890248,17002643456,13900840960,3101802496,18.2,13123600384,3202940928,368033792,42614784,853737472
2026-04-26T15:51:45.893797,17002643456,14100086784,2902556672,17.1,13322846208,3015294976,368033792,42614784,853737472
2026-04-26T15:51:46.895887,17002643456,13998145536,3004497920,17.7,13220904960,3158147072,368033792,42614784,853737472
2026-04-26T15:51:47.897424,17002643456,13720535040,3282108416,19.3,12943294464,3413491712,368033792,42614784,853737472
2026-04-26T15:51:48.898743,17002643456,13720535040,3282108416,19.3,12943294464,3413491712,368033792,42614784,853737472
2026-04-26T15:51:49.900282,17002643456,13720535040,3282108416,19.3,12943294464,3413491712,368033792,42614784,853737472
2026-04-26T15:51:50.902226,17002643456,13722255360,3280388096,19.3,12945014784,3363192832,368033792,42614784,853737472
2026-04-26T15:51:51.905154,17002643456,13724712960,3277930496,19.3,12947472384,3324952576,368033792,42614784,853737472
2026-04-26T15:51:52.908922,17002643456,13724712960,3277930496,19.3,12947472384,3330031616,368033792,42614784,853737472
2026-04-26T15:51:53.911097,17002643456,13726433280,3276210176,19.3,12949192704,3330031616,368033792,42614784,853737472
2026-04-26T15:51:54.913026,17002643456,13887979520,3114663936,18.3,13110738944,3198369792,368033792,42614784,853737472
2026-04-26T15:51:55.914711,17002643456,13891354624,3111288832,18.3,13114114048,3198369792,368033792,42614784,853737472
2026-04-26T15:51:56.918212,17002643456,13923926016,3078717440,18.1,13146685440,3226206208,368033792,42614784,853737472
2026-04-26T15:51:57.922233,17002643456,13930250240,3072393216,18.1,13153009664,3225944064,368033792,42614784,853737472
2026-04-26T15:51:58.923935,17002643456,13794836480,3207806976,18.9,13017595904,3348905984,368033792,42614784,853737472
2026-04-26T15:51:59.925712,17002643456,13773193216,3229450240,19.0,12995952640,3337748480,368033792,42614784,853737472
2026-04-26T15:52:00.927253,17002643456,13535789056,3466854400,20.4,12758548480,3477487616,368033792,42614784,853737472
2026-04-26T15:52:01.928395,17002643456,13538131968,3464511488,20.4,12760891392,3477487616,368033792,42614784,853737472
2026-04-26T15:52:02.929914,17002643456,13538131968,3464511488,20.4,12760891392,3477487616,368033792,42614784,853737472
2026-04-26T15:52:03.931545,17002643456,13547978752,3454664704,20.3,12770738176,3477487616,368033792,42614784,853737472
2026-04-26T15:52:04.933408,17002643456,13549699072,3452944384,20.3,12772458496,3477487616,368033792,42614784,853737472
2026-04-26T15:52:05.935156,17002643456,13565444096,3437199360,20.2,12788203520,3477487616,368033792,42614784,853737472
2026-04-26T15:52:06.937720,17002643456,13685653504,3316989952,19.5,12908412928,3346694144,368033792,42614784,853737472
2026-04-26T15:52:07.940456,17002643456,13717078016,3285565440,19.3,12939837440,3347382272,368033792,42614784,853737472
2026-04-26T15:52:08.942685,17002643456,13921943552,3080699904,18.1,13144702976,3161587712,368033792,42614784,853737472
2026-04-26T15:52:09.946249,17002643456,13931806720,3070836736,18.1,13154566144,3161587712,368033792,42614784,853737472
2026-04-26T15:52:10.948303,17002643456,13945012224,3057631232,18.0,13167771648,3161587712,368033792,42614784,853737472
2026-04-26T15:52:11.950883,17002643456,13931347968,3071295488,18.1,13154107392,3227385856,368033792,42614784,853737472
2026-04-26T15:52:12.954823,17002643456,13795442688,3207200768,18.9,13018202112,3349037056,368033792,42614784,853737472
2026-04-26T15:52:13.956889,17002643456,13534691328,3467952128,20.4,12757450752,3546054656,368033792,42614784,853737472
2026-04-26T15:52:14.958218,17002643456,13534691328,3467952128,20.4,12757450752,3546054656,368033792,42614784,853737472
2026-04-26T15:52:15.959750,17002643456,13534691328,3467952128,20.4,12757450752,3546054656,368033792,42614784,853737472
2026-04-26T15:52:16.962446,17002643456,13536755712,3465887744,20.4,12759515136,3546054656,368033792,42614784,853737472
2026-04-26T15:52:17.965325,17002643456,13844496384,3158147072,18.6,13067239424,3167076352,368033792,42614784,853753856
2026-04-26T15:52:18.967694,17002643456,13838827520,3163815936,18.6,13061570560,3196551168,368033792,42614784,853753856
2026-04-26T15:52:19.970016,17002643456,13842464768,3160178688,18.6,13065207808,3196551168,368033792,42614784,853753856
2026-04-26T15:52:20.971927,17002643456,13862060032,3140583424,18.5,13084803072,3196551168,368033792,42614784,853753856
2026-04-26T15:52:21.973410,17002643456,13889421312,3113222144,18.3,13112164352,3204202496,368033792,42614784,853753856
2026-04-26T15:52:22.975562,17002643456,13882359808,3120283648,18.4,13105102848,3232907264,368033792,42614784,853753856
2026-04-26T15:52:23.979027,17002643456,13882687488,3119955968,18.3,13105430528,3232907264,368033792,42614784,853753856
2026-04-26T15:52:24.981885,17002643456,13945847808,3056795648,18.0,13168590848,3195158528,368033792,42614784,853753856
2026-04-26T15:52:25.983906,17002643456,13953204224,3049439232,17.9,13175947264,3195158528,368033792,42614784,853753856
2026-04-26T15:52:26.985119,17002643456,13771030528,3231612928,19.0,12993773568,3386556416,368033792,42614784,853753856
2026-04-26T15:52:27.986469,17002643456,13771030528,3231612928,19.0,12993773568,3386556416,368033792,42614784,853753856
2026-04-26T15:52:28.988050,17002643456,13771030528,3231612928,19.0,12993773568,3386556416,368033792,42614784,853753856
2026-04-26T15:52:29.990401,17002643456,13777993728,3224649728,19.0,13000736768,3357507584,368033792,42614784,853753856
2026-04-26T15:52:30.993390,17002643456,13783171072,3219472384,18.9,13005914112,3357507584,368033792,42614784,853753856
2026-04-26T15:52:31.995176,17002643456,13787987968,3214655488,18.9,13010731008,3357507584,368033792,42614784,853753856
2026-04-26T15:52:32.997202,17002643456,13998522368,3004121088,17.7,13221265408,3167109120,368033792,42614784,853753856
2026-04-26T15:52:33.998869,17002643456,14002323456,3000320000,17.6,13225066496,3167109120,368033792,42614784,853753856
2026-04-26T15:52:35.001146,17002643456,13942947840,3059695616,18.0,13165690880,3231825920,368033792,42614784,853753856
2026-04-26T15:52:36.003150,17002643456,13871595520,3131047936,18.4,13094338560,3283238912,368033792,42614784,853753856
2026-04-26T15:52:37.004914,17002643456,13872971776,3129671680,18.4,13095714816,3283238912,368033792,42614784,853753856
2026-04-26T15:52:38.007044,17002643456,13932265472,3070377984,18.1,13155008512,3198861312,368033792,42614784,853753856
2026-04-26T15:52:39.009843,17002643456,13897187328,3105456128,18.3,13119930368,3235102720,368033792,42614784,853753856
2026-04-26T15:52:40.012068,17002643456,13679198208,3323445248,19.5,12901941248,3463479296,368033792,42614784,853753856
2026-04-26T15:52:41.013240,17002643456,13679198208,3323445248,19.5,12901941248,3463479296,368033792,42614784,853753856
2026-04-26T15:52:42.014780,17002643456,13679198208,3323445248,19.5,12901941248,3463479296,368033792,42614784,853753856
2026-04-26T15:52:43.016554,17002643456,13682638848,3320004608,19.5,12905381888,3463479296,368033792,42614784,853753856
2026-04-26T15:52:44.018762,17002643456,13711327232,3291316224,19.4,12934070272,3398156288,368033792,42614784,853753856
2026-04-26T15:52:45.021785,17002643456,13717618688,3285024768,19.3,12940361728,3398156288,368033792,42614784,853753856
2026-04-26T15:52:46.023206,17002643456,13719339008,3283304448,19.3,12942082048,3398156288,368033792,42614784,853753856
2026-04-26T15:52:47.024889,17002643456,13729136640,3273506816,19.3,12951879680,3398156288,368033792,42614784,853753856
2026-04-26T15:52:48.026480,17002643456,13793869824,3208773632,18.9,13016612864,3365699584,368033792,42614784,853753856
2026-04-26T15:52:49.028211,17002643456,13784252416,3218391040,18.9,13006995456,3395862528,368033792,42614784,853753856
2026-04-26T15:52:50.030268,17002643456,13784776704,3217866752,18.9,13007519744,3395862528,368033792,42614784,853753856
2026-04-26T15:52:51.031624,17002643456,13786742784,3215900672,18.9,13009485824,3395862528,368033792,42614784,853753856
2026-04-26T15:52:52.033643,17002643456,13791281152,3211362304,18.9,13014024192,3395911680,368033792,42614784,853753856
2026-04-26T15:52:53.035314,17002643456,13793492992,3209150464,18.9,13016236032,3395911680,368033792,42614784,853753856
2026-04-26T15:52:54.036417,17002643456,13795885056,3206758400,18.9,13018628096,3395911680,368033792,42614784,853753856
2026-04-26T15:52:55.037497,17002643456,13800390656,3202252800,18.8,13023133696,3395911680,368033792,42614784,853753856
2026-04-26T15:52:56.039084,17002643456,13804634112,3198009344,18.8,13027377152,3395911680,368033792,42614784,853753856
2026-04-26T15:52:57.041674,17002643456,13807992832,3194650624,18.8,13030735872,3395911680,368033792,42614784,853753856
2026-04-26T15:52:58.043510,17002643456,13729349632,3273293824,19.3,12952092672,3467395072,368033792,42614784,853753856
2026-04-26T15:52:59.045606,17002643456,13693517824,3309125632,19.5,12916260864,3467411456,368033792,42614784,853753856
2026-04-26T15:53:00.047789,17002643456,13625180160,3377463296,19.9,12847923200,3512664064,368033792,42614784,853753856
2026-04-26T15:53:01.049474,17002643456,13625180160,3377463296,19.9,12847923200,3512664064,368033792,42614784,853753856
2026-04-26T15:53:02.051248,17002643456,13626769408,3375874048,19.9,12849512448,3513024512,368033792,42614784,853753856
2026-04-26T15:53:03.053817,17002643456,13768982528,3233660928,19.0,12991725568,3391897600,368033792,42614784,853753856
2026-04-26T15:53:04.055796,17002643456,13769981952,3232661504,19.0,12992724992,3391897600,368033792,42614784,853753856
2026-04-26T15:53:05.058422,17002643456,13606109184,3396534272,20.0,12828852224,3575922688,368033792,42614784,853753856
2026-04-26T15:53:06.059676,17002643456,13285638144,3717005312,21.9,12508381184,3769221120,368033792,42614784,853753856
2026-04-26T15:53:07.060750,17002643456,13285638144,3717005312,21.9,12508381184,3769221120,368033792,42614784,853753856
2026-04-26T15:53:08.061863,17002643456,13296680960,3705962496,21.8,12519424000,3769221120,368033792,42614784,853753856
2026-04-26T15:53:09.063412,17002643456,13313277952,3689365504,21.7,12536020992,3769221120,368033792,42614784,853753856
2026-04-26T15:53:10.065792,17002643456,13322665984,3679977472,21.6,12545409024,3769221120,368033792,42614784,853753856
2026-04-26T15:53:11.067677,17002643456,13331120128,3671523328,21.6,12553863168,3769221120,368033792,42614784,853753856
2026-04-26T15:53:12.069923,17002643456,13640548352,3362095104,19.8,12863291392,3443326976,368033792,42614784,853753856
2026-04-26T15:53:13.071816,17002643456,13651656704,3350986752,19.7,12874399744,3443359744,368033792,42614784,853753856
2026-04-26T15:53:14.073483,17002643456,13659537408,3343106048,19.7,12882280448,3443359744,368033792,42614784,853753856
2026-04-26T15:53:15.075060,17002643456,13653917696,3348725760,19.7,12876660736,3477815296,368033792,42614784,853753856
2026-04-26T15:53:16.076354,17002643456,13641433088,3361210368,19.8,12864176128,3513073664,368033792,42614784,853753856
2026-04-26T15:53:17.078355,17002643456,13643317248,3359326208,19.8,12866060288,3513073664,368033792,42614784,853753856
2026-04-26T15:53:18.080117,17002643456,13650624512,3352018944,19.7,12873351168,3513073664,368050176,42631168,853753856
2026-04-26T15:53:19.081401,17002643456,13592870912,3409772544,20.1,12815597568,3584819200,368050176,42631168,853753856
2026-04-26T15:53:20.082939,17002643456,13592870912,3409772544,20.1,12815597568,3584819200,368050176,42631168,853753856
2026-04-26T15:53:21.084435,17002643456,13592870912,3409772544,20.1,12815597568,3584819200,368050176,42631168,853753856
2026-04-26T15:53:22.086331,17002643456,13601718272,3400925184,20.0,12824444928,3585097728,368050176,42631168,853753856
2026-04-26T15:53:23.088162,17002643456,13601308672,3401334784,20.0,12824035328,3586621440,368050176,42631168,853753856
2026-04-26T15:53:24.090156,17002643456,13628325888,3374317568,19.8,12851052544,3551199232,368050176,42631168,853753856
2026-04-26T15:53:25.093511,17002643456,13570260992,3432382464,20.2,12792987648,3588030464,368050176,42631168,853753856
2026-04-26T15:53:26.096233,17002643456,13623427072,3379216384,19.9,12846153728,3515088896,368050176,42631168,853753856
2026-04-26T15:53:27.099318,17002643456,13632339968,3370303488,19.8,12855066624,3515088896,368050176,42631168,853753856
2026-04-26T15:53:28.100586,17002643456,13637500928,3365142528,19.8,12860227584,3515088896,368050176,42631168,853753856
2026-04-26T15:53:29.103458,17002643456,13638696960,3363946496,19.8,12861423616,3515088896,368050176,42631168,853753856
2026-04-26T15:53:30.105359,17002643456,13652508672,3350134784,19.7,12875235328,3515088896,368050176,42631168,853753856
2026-04-26T15:53:31.106734,17002643456,13656408064,3346235392,19.7,12879134720,3515138048,368050176,42631168,853753856
2026-04-26T15:53:32.107916,17002643456,13656408064,3346235392,19.7,12879134720,3515138048,368050176,42631168,853753856
2026-04-26T15:53:33.109002,17002643456,13661650944,3340992512,19.6,12884377600,3515138048,368050176,42631168,853753856
2026-04-26T15:53:34.110077,17002643456,13668270080,3334373376,19.6,12890996736,3515138048,368050176,42631168,853753856
2026-04-26T15:53:35.111764,17002643456,13673578496,3329064960,19.6,12896305152,3515138048,368050176,42631168,853753856
2026-04-26T15:53:36.115201,17002643456,13739065344,3263578112,19.2,12961792000,3448766464,368050176,42631168,853753856
2026-04-26T15:53:37.117528,17002643456,13745143808,3257499648,19.2,12967870464,3448766464,368050176,42631168,853753856
2026-04-26T15:53:38.119777,17002643456,13748273152,3254370304,19.1,12970999808,3448766464,368050176,42631168,853753856
2026-04-26T15:53:39.121771,17002643456,13754679296,3247964160,19.1,12977405952,3448766464,368050176,42631168,853753856
2026-04-26T15:53:40.123663,17002643456,13759660032,3242983424,19.1,12982386688,3448766464,368050176,42631168,853753856
2026-04-26T15:53:41.125480,17002643456,13760086016,3242557440,19.1,12982812672,3448766464,368050176,42631168,853753856
2026-04-26T15:53:42.127575,17002643456,13762609152,3240034304,19.1,12985335808,3448766464,368050176,42631168,853753856
2026-04-26T15:53:43.130023,17002643456,13763985408,3238658048,19.0,12986712064,3448766464,368050176,42631168,853753856
2026-04-26T15:53:44.132086,17002643456,13604814848,3397828608,20.0,12827541504,3600924672,368050176,42631168,853753856
2026-04-26T15:53:45.133956,17002643456,13486735360,3515908096,20.7,12709462016,3560488960,368050176,42631168,853753856
2026-04-26T15:53:46.135055,17002643456,13489471488,3513171968,20.7,12712198144,3560488960,368050176,42631168,853753856
2026-04-26T15:53:47.136132,17002643456,13495025664,3507617792,20.6,12717752320,3560488960,368050176,42631168,853753856
2026-04-26T15:53:48.137544,17002643456,13552189440,3450454016,20.3,12774916096,3494690816,368050176,42631168,853753856
2026-04-26T15:53:49.139610,17002643456,13597163520,3405479936,20.0,12819890176,3496165376,368050176,42631168,853753856
2026-04-26T15:53:50.141715,17002643456,13597605888,3405037568,20.0,12820332544,3496165376,368050176,42631168,853753856
2026-04-26T15:53:51.144261,17002643456,13703446528,3299196928,19.4,12926173184,3429138432,368050176,42631168,853753856
2026-04-26T15:53:52.146712,17002643456,13724680192,3277963264,19.3,12947406848,3395567616,368050176,42631168,853753856
2026-04-26T15:53:53.148644,17002643456,13729792000,3272851456,19.2,12952518656,3395567616,368050176,42631168,853753856
2026-04-26T15:53:54.150374,17002643456,13713309696,3289333760,19.3,12936036352,3435331584,368050176,42631168,853753856
2026-04-26T15:53:55.152640,17002643456,13669662720,3332980736,19.6,12892389376,3483041792,368050176,42631168,853753856
2026-04-26T15:53:56.155827,17002643456,13656326144,3346317312,19.7,12879052800,3513237504,368050176,42631168,853753856
2026-04-26T15:53:57.157410,17002643456,13656522752,3346120704,19.7,12879249408,3513368576,368050176,42631168,853753856
2026-04-26T15:53:58.159199,17002643456,13657751552,3344891904,19.7,12880478208,3513368576,368050176,42631168,853753856
2026-04-26T15:53:59.160768,17002643456,13662502912,3340140544,19.6,12885229568,3513368576,368050176,42631168,853753856
2026-04-26T15:54:00.162316,17002643456,13663240192,3339403264,19.6,12885966848,3513368576,368050176,42631168,853753856
2026-04-26T15:54:01.163957,17002643456,13664927744,3337715712,19.6,12887654400,3513368576,368050176,42631168,853753856
2026-04-26T15:54:02.165608,17002643456,13657096192,3345547264,19.7,12879822848,3513876480,368050176,42631168,853753856
2026-04-26T15:54:03.167107,17002643456,13699956736,3302686720,19.4,12922683392,3468230656,368050176,42631168,853753856
2026-04-26T15:54:04.168615,17002643456,13653098496,3349544960,19.7,12875825152,3515006976,368050176,42631168,853753856
2026-04-26T15:54:05.170323,17002643456,13653344256,3349299200,19.7,12876070912,3483156480,368050176,42631168,853753856
2026-04-26T15:54:06.171628,17002643456,13648183296,3354460160,19.7,12870909952,3483156480,368050176,42631168,853753856
2026-04-26T15:54:07.173052,17002643456,13705953280,3296690176,19.4,12928679936,3417096192,368050176,42631168,853753856
2026-04-26T15:54:08.175342,17002643456,13716848640,3285794816,19.3,12939575296,3417096192,368050176,42631168,853753856
2026-04-26T15:54:09.177829,17002643456,13725597696,3277045760,19.3,12948324352,3417096192,368050176,42631168,853753856
2026-04-26T15:54:10.180300,17002643456,13732560896,3270082560,19.2,12955287552,3417096192,368050176,42631168,853753856
2026-04-26T15:54:11.181722,17002643456,13737279488,3265363968,19.2,12960006144,3417096192,368050176,42631168,853753856
2026-04-26T15:54:12.183266,17002643456,13742637056,3260006400,19.2,12965363712,3417096192,368050176,42631168,853753856
2026-04-26T15:54:13.184783,17002643456,13746012160,3256631296,19.2,12968738816,3417096192,368050176,42631168,853753856
2026-04-26T15:54:14.186789,17002643456,13756284928,3246358528,19.1,12979011584,3417096192,368050176,42631168,853753856
2026-04-26T15:54:15.188628,17002643456,13764034560,3238608896,19.0,12986761216,3417096192,368050176,42631168,853753856
2026-04-26T15:54:16.191469,17002643456,13772734464,3229908992,19.0,12995461120,3417096192,368050176,42631168,853753856
2026-04-26T15:54:17.193951,17002643456,13777895424,3224748032,19.0,13000622080,3417096192,368050176,42631168,853753856
2026-04-26T15:54:18.195282,17002643456,13783646208,3218997248,18.9,13006372864,3417096192,368050176,42631168,853753856
2026-04-26T15:54:19.197350,17002643456,13787627520,3215015936,18.9,13010354176,3417096192,368050176,42631168,853753856
2026-04-26T15:54:20.198995,17002643456,13773127680,3229515776,19.0,12995854336,3448979456,368050176,42631168,853753856
2026-04-26T15:54:21.202237,17002643456,13773127680,3229515776,19.0,12995854336,3448979456,368050176,42631168,853753856
2026-04-26T15:54:22.204254,17002643456,13779288064,3223355392,19.0,13002014720,3448979456,368050176,42631168,853753856
2026-04-26T15:54:23.206276,17002643456,13776338944,3226304512,19.0,12999065600,3449274368,368050176,42631168,853753856
2026-04-26T15:54:24.207720,17002643456,13546307584,3456335872,20.3,12769034240,3607904256,368050176,42631168,853753856
2026-04-26T15:54:25.209256,17002643456,13546307584,3456335872,20.3,12769034240,3607904256,368050176,42631168,853753856
2026-04-26T15:54:26.210767,17002643456,13546307584,3456335872,20.3,12769034240,3607904256,368050176,42631168,853753856
2026-04-26T15:54:27.213491,17002643456,13554024448,3448619008,20.3,12776751104,3607904256,368050176,42631168,853753856
2026-04-26T15:54:28.215982,17002643456,13691600896,3311042560,19.5,12914327552,3447291904,368050176,42631168,853753856
2026-04-26T15:54:29.218067,17002643456,13697024000,3305619456,19.4,12919750656,3447291904,368050176,42631168,853753856
2026-04-26T15:54:30.220815,17002643456,13710065664,3292577792,19.4,12932792320,3447291904,368050176,42631168,853753856
2026-04-26T15:54:31.223046,17002643456,13718601728,3284041728,19.3,12941328384,3447291904,368050176,42631168,853753856
2026-04-26T15:54:32.224589,17002643456,13718519808,3284123648,19.3,12941246464,3447291904,368050176,42631168,853753856
2026-04-26T15:54:33.226064,17002643456,13707247616,3295395840,19.4,12929974272,3479240704,368050176,42631168,853753856
2026-04-26T15:54:34.227763,17002643456,13576503296,3426140160,20.2,12799229952,3581444096,368050176,42631168,853753856
2026-04-26T15:54:35.229970,17002643456,13576503296,3426140160,20.2,12799229952,3581444096,368050176,42631168,853753856
2026-04-26T15:54:36.231952,17002643456,13583712256,3418931200,20.1,12806438912,3581444096,368050176,42631168,853753856
2026-04-26T15:54:37.234519,17002643456,13583712256,3418931200,20.1,12806438912,3581444096,368050176,42631168,853753856
2026-04-26T15:54:38.235657,17002643456,13584384000,3418259456,20.1,12807110656,3581444096,368050176,42631168,853753856
2026-04-26T15:54:39.236766,17002643456,13586792448,3415851008,20.1,12809519104,3581444096,368050176,42631168,853753856
2026-04-26T15:54:40.238532,17002643456,13595492352,3407151104,20.0,12818219008,3581444096,368050176,42631168,853753856
2026-04-26T15:54:41.241462,17002643456,13599129600,3403513856,20.0,12821856256,3581444096,368050176,42631168,853753856
2026-04-26T15:54:42.243930,17002643456,13605191680,3397451776,20.0,12827918336,3581444096,368050176,42631168,853753856
2026-04-26T15:54:43.245283,17002643456,13607256064,3395387392,20.0,12829982720,3581444096,368050176,42631168,853753856
2026-04-26T15:54:44.247281,17002643456,13608091648,3394551808,20.0,12830818304,3581444096,368050176,42631168,853753856
2026-04-26T15:54:45.249427,17002643456,13728251904,3274391552,19.3,12950978560,3448619008,368050176,42631168,853753856
2026-04-26T15:54:46.251040,17002643456,13732560896,3270082560,19.2,12955287552,3448619008,368050176,42631168,853753856
2026-04-26T15:54:47.253730,17002643456,13776568320,3226075136,19.0,12999294976,3417702400,368050176,42631168,853753856
2026-04-26T15:54:48.255394,17002643456,13778812928,3223830528,19.0,13001539584,3417702400,368050176,42631168,853753856
2026-04-26T15:54:49.258171,17002643456,13775110144,3227533312,19.0,12997836800,3417702400,368050176,42631168,853753856
2026-04-26T15:54:50.259448,17002643456,13771833344,3230810112,19.0,12994560000,3417702400,368050176,42631168,853753856
2026-04-26T15:54:51.260532,17002643456,13775683584,3226959872,19.0,12998410240,3417702400,368050176,42631168,853753856
2026-04-26T15:54:52.261644,17002643456,13776797696,3225845760,19.0,12999524352,3417702400,368050176,42631168,853753856
2026-04-26T15:54:53.263448,17002643456,13780516864,3222126592,19.0,13003243520,3417702400,368050176,42631168,853753856
2026-04-26T15:54:54.265361,17002643456,13784170496,3218472960,18.9,13006897152,3417702400,368050176,42631168,853753856
2026-04-26T15:54:55.266832,17002643456,13788594176,3214049280,18.9,13011320832,3417702400,368050176,42631168,853753856
2026-04-26T15:54:56.268277,17002643456,13791412224,3211231232,18.9,13014138880,3417702400,368050176,42631168,853753856
2026-04-26T15:54:57.270406,17002643456,13794197504,3208445952,18.9,13016924160,3417702400,368050176,42631168,853753856
2026-04-26T15:54:58.272346,17002643456,13798686720,3203956736,18.8,13021413376,3417702400,368050176,42631168,853753856
2026-04-26T15:54:59.273761,17002643456,13800407040,3202236416,18.8,13023133696,3417702400,368050176,42631168,853753856
2026-04-26T15:55:00.275067,17002643456,13802946560,3199696896,18.8,13025673216,3417702400,368050176,42631168,853753856
2026-04-26T15:55:01.277099,17002643456,13805273088,3197370368,18.8,13027999744,3417702400,368050176,42631168,853753856
2026-04-26T15:55:02.279465,17002643456,13788561408,3214082048,18.9,13011288064,3422584832,368050176,42631168,853753856
2026-04-26T15:55:03.280938,17002643456,13585563648,3417079808,20.1,12808290304,3608199168,368050176,42631168,853753856
2026-04-26T15:55:04.282508,17002643456,13585563648,3417079808,20.1,12808290304,3608199168,368050176,42631168,853753856
2026-04-26T15:55:05.284013,17002643456,13587283968,3415359488,20.1,12810010624,3608199168,368050176,42631168,853753856
2026-04-26T15:55:06.285888,17002643456,13588692992,3413950464,20.1,12811419648,3608199168,368050176,42631168,853753856
2026-04-26T15:55:07.288207,17002643456,13591707648,3410935808,20.1,12814434304,3608199168,368050176,42631168,853753856
2026-04-26T15:55:08.290374,17002643456,13754433536,3248209920,19.1,12977160192,3417964544,368050176,42631168,853753856
2026-04-26T15:55:09.292210,17002643456,13756547072,3246096384,19.1,12979273728,3417964544,368050176,42631168,853753856
2026-04-26T15:55:10.295207,17002643456,13761904640,3240738816,19.1,12984631296,3417964544,368050176,42631168,853753856
2026-04-26T15:55:11.298060,17002643456,13763395584,3239247872,19.1,12986122240,3417964544,368050176,42631168,853753856
2026-04-26T15:55:12.299992,17002643456,13736001536,3266641920,19.2,12958728192,3460169728,368050176,42631168,853753856
2026-04-26T15:55:13.301682,17002643456,13656178688,3346464768,19.7,12878905344,3484139520,368050176,42631168,853753856
2026-04-26T15:55:14.305393,17002643456,13656178688,3346464768,19.7,12878905344,3484139520,368050176,42631168,853753856
2026-04-26T15:55:15.307038,17002643456,13647216640,3355426816,19.7,12869943296,3484155904,368050176,42631168,853753856
2026-04-26T15:55:16.309148,17002643456,13620674560,3381968896,19.9,12843401216,3542892544,368050176,42631168,853753856
2026-04-26T15:55:17.310699,17002643456,13622558720,3380084736,19.9,12845285376,3542892544,368050176,42631168,853753856
2026-04-26T15:55:18.312263,17002643456,13627932672,3374710784,19.8,12850659328,3542892544,368050176,42631168,853753856
2026-04-26T15:55:19.314271,17002643456,13630062592,3372580864,19.8,12852789248,3542892544,368050176,42631168,853753856
2026-04-26T15:55:20.316748,17002643456,13607829504,3394813952,20.0,12830556160,3543498752,368050176,42631168,853753856
2026-04-26T15:55:21.319110,17002643456,13610369024,3392274432,20.0,12833095680,3543498752,368050176,42631168,853753856
2026-04-26T15:55:22.321089,17002643456,13618118656,3384524800,19.9,12840845312,3543498752,368050176,42631168,853753856
2026-04-26T15:55:23.323491,17002643456,13625327616,3377315840,19.9,12848054272,3543547904,368050176,42631168,853753856
2026-04-26T15:55:24.325339,17002643456,13718798336,3283845120,19.3,12941524992,3472031744,368050176,42631168,853753856
2026-04-26T15:55:25.326657,17002643456,13677772800,3324870656,19.6,12900499456,3490758656,368050176,42631168,853753856
2026-04-26T15:55:26.328198,17002643456,13663649792,3338993664,19.6,12886376448,3490758656,368050176,42631168,853753856
2026-04-26T15:55:27.329530,17002643456,13668024320,3334619136,19.6,12890750976,3490758656,368050176,42631168,853753856
2026-04-26T15:55:28.331066,17002643456,13671137280,3331506176,19.6,12893863936,3490758656,368050176,42631168,853753856
2026-04-26T15:55:29.332653,17002643456,13612646400,3389997056,19.9,12835373056,3562684416,368050176,42631168,853753856
2026-04-26T15:55:30.334210,17002643456,13612646400,3389997056,19.9,12835373056,3562684416,368050176,42631168,853753856
2026-04-26T15:55:31.335709,17002643456,13614317568,3388325888,19.9,12837044224,3562684416,368050176,42631168,853753856
2026-04-26T15:55:32.337981,17002643456,13617758208,3384885248,19.9,12840484864,3557556224,368050176,42631168,853753856
2026-04-26T15:55:33.339938,17002643456,13682589696,3320053760,19.5,12905316352,3490807808,368050176,42631168,853753856
2026-04-26T15:55:34.341762,17002643456,13692928000,3309715456,19.5,12915654656,3499786240,368050176,42631168,853753856
2026-04-26T15:55:35.343896,17002643456,13625589760,3377053696,19.9,12848316416,3485286400,368050176,42631168,853753856
2026-04-26T15:55:36.345518,17002643456,13623869440,3378774016,19.9,12846596096,3515138048,368050176,42631168,853753856
2026-04-26T15:55:37.347242,17002643456,13624410112,3378233344,19.9,12847136768,3515138048,368050176,42631168,853753856
2026-04-26T15:55:38.349460,17002643456,13632077824,3370565632,19.8,12854804480,3515138048,368050176,42631168,853753856
2026-04-26T15:55:39.351230,17002643456,13670170624,3332472832,19.6,12892897280,3485286400,368050176,42631168,853753856
2026-04-26T15:55:40.353909,17002643456,13662552064,3340091392,19.6,12885278720,3514712064,368050176,42631168,853753856
2026-04-26T15:55:41.355958,17002643456,13662994432,3339649024,19.6,12885721088,3515154432,368050176,42631168,853753856
2026-04-26T15:55:42.357219,17002643456,13665714176,3336929280,19.6,12888440832,3515154432,368050176,42631168,853753856
2026-04-26T15:55:43.358822,17002643456,13669597184,3333046272,19.6,12892323840,3515154432,368050176,42631168,853753856
2026-04-26T15:55:44.360331,17002643456,13670612992,3332030464,19.6,12893339648,3515154432,368050176,42631168,853753856
2026-04-26T15:55:45.362504,17002643456,13674430464,3328212992,19.6,12897157120,3515154432,368050176,42631168,853753856
2026-04-26T15:55:46.365003,17002643456,13679722496,3322920960,19.5,12902449152,3515154432,368050176,42631168,853753856
2026-04-26T15:55:47.370826,17002643456,13683507200,3319136256,19.5,12906233856,3515154432,368050176,42631168,853753856
2026-04-26T15:55:48.372799,17002643456,13709606912,3293036544,19.4,12932333568,3492347904,368050176,42631168,853753856
2026-04-26T15:55:49.376202,17002643456,13633208320,3369435136,19.8,12855934976,3526983680,368050176,42631168,853753856
2026-04-26T15:55:50.378099,17002643456,13560119296,3442524160,20.2,12782845952,3549642752,368050176,42631168,853753856
2026-04-26T15:55:51.380048,17002643456,13566607360,3436036096,20.2,12789334016,3549642752,368050176,42631168,853753856
2026-04-26T15:55:52.383835,17002643456,13579124736,3423518720,20.1,12801851392,3549642752,368050176,42631168,853753856
2026-04-26T15:55:53.385380,17002643456,13666795520,3335847936,19.6,12889522176,3482927104,368050176,42631168,853753856
2026-04-26T15:55:54.388387,17002643456,13648330752,3354312704,19.7,12871057408,3517562880,368050176,42631168,853753856
2026-04-26T15:55:55.389724,17002643456,13504806912,3497836544,20.6,12727533568,3674308608,368050176,42631168,853753856
2026-04-26T15:55:56.391247,17002643456,13504806912,3497836544,20.6,12727533568,3674308608,368050176,42631168,853753856
2026-04-26T15:55:57.392807,17002643456,13503578112,3499065344,20.6,12726304768,3674308608,368050176,42631168,853753856
2026-04-26T15:55:58.394927,17002643456,13504806912,3497836544,20.6,12727533568,3674308608,368050176,42631168,853753856
2026-04-26T15:55:59.398272,17002643456,13507018752,3495624704,20.6,12729745408,3674308608,368050176,42631168,853753856
2026-04-26T15:56:00.400516,17002643456,13685784576,3316858880,19.5,12908511232,3483320320,368050176,42631168,853753856
2026-04-26T15:56:01.402630,17002643456,13688471552,3314171904,19.5,12911198208,3483320320,368050176,42631168,853753856
2026-04-26T15:56:02.404330,17002643456,13695369216,3307274240,19.5,12918095872,3483320320,368050176,42631168,853753856
2026-04-26T15:56:03.406207,17002643456,13697892352,3304751104,19.4,12920619008,3483320320,368050176,42631168,853753856
2026-04-26T15:56:04.409362,17002643456,13701496832,3301146624,19.4,12924223488,3483320320,368050176,42631168,853753856
2026-04-26T15:56:05.412538,17002643456,13656408064,3346235392,19.7,12879134720,3540123648,368050176,42631168,853753856
2026-04-26T15:56:06.415576,17002643456,13561544704,3441098752,20.2,12784271360,3616325632,368050176,42631168,853753856
2026-04-26T15:56:07.417376,17002643456,13560807424,3441836032,20.2,12783534080,3617865728,368050176,42631168,853753856
2026-04-26T15:56:08.419279,17002643456,13512884224,3489759232,20.5,12735610880,3680026624,368050176,42631168,853753856
2026-04-26T15:56:09.420841,17002643456,13512884224,3489759232,20.5,12735610880,3680026624,368050176,42631168,853753856
2026-04-26T15:56:10.422361,17002643456,13516308480,3486334976,20.5,12739035136,3680026624,368050176,42631168,853753856
2026-04-26T15:56:11.424342,17002643456,13517914112,3484729344,20.5,12740640768,3680026624,368050176,42631168,853753856
2026-04-26T15:56:12.426027,17002643456,13633257472,3369385984,19.8,12855984128,3543056384,368050176,42631168,853753856
2026-04-26T15:56:13.428012,17002643456,13547241472,3455401984,20.3,12769968128,3619209216,368050176,42631168,853753856
2026-04-26T15:56:14.429507,17002643456,13606862848,3395780608,20.0,12829589504,3564077056,368050176,42631168,853753856
2026-04-26T15:56:15.431341,17002643456,13531414528,3471228928,20.4,12754141184,3618275328,368050176,42631168,853753856
2026-04-26T15:56:16.433272,17002643456,13531414528,3471228928,20.4,12754141184,3618275328,368050176,42631168,853753856
2026-04-26T15:56:17.434852,17002643456,13538492416,3464151040,20.4,12761219072,3618275328,368050176,42631168,853753856
2026-04-26T15:56:18.436934,17002643456,13589774336,3412869120,20.1,12812500992,3584770048,368050176,42631168,853753856
2026-04-26T15:56:19.442351,17002643456,13576257536,3426385920,20.2,12798984192,3614375936,368050176,42631168,853753856
2026-04-26T15:56:20.445425,17002643456,13576355840,3426287616,20.2,12799082496,3614375936,368050176,42631168,853753856
2026-04-26T15:56:21.446683,17002643456,13545668608,3456974848,20.3,12768395264,3615653888,368050176,42631168,853753856
2026-04-26T15:56:22.448225,17002643456,13545668608,3456974848,20.3,12768395264,3615653888,368050176,42631168,853753856
2026-04-26T15:56:23.449739,17002643456,13545668608,3456974848,20.3,12768395264,3615653888,368050176,42631168,853753856
2026-04-26T15:56:24.452285,17002643456,13661814784,3340828672,19.6,12884541440,3483058176,368050176,42631168,853753856
2026-04-26T15:56:25.453801,17002643456,13667762176,3334881280,19.6,12890488832,3483058176,368050176,42631168,853753856
2026-04-26T15:56:26.455534,17002643456,13671661568,3330981888,19.6,12894388224,3483058176,368050176,42631168,853753856
2026-04-26T15:56:27.457492,17002643456,13677953024,3324690432,19.6,12900679680,3483058176,368050176,42631168,853753856
2026-04-26T15:56:28.459421,17002643456,13684752384,3317891072,19.5,12907479040,3483058176,368050176,42631168,853753856
2026-04-26T15:56:29.461085,17002643456,13689683968,3312959488,19.5,12912410624,3483058176,368050176,42631168,853753856
2026-04-26T15:56:30.465563,17002643456,13696729088,3305914368,19.4,12919455744,3483058176,368050176,42631168,853753856
2026-04-26T15:56:31.466882,17002643456,13702709248,3299934208,19.4,12925435904,3483058176,368050176,42631168,853753856
2026-04-26T15:56:32.470161,17002643456,13707411456,3295232000,19.4,12930138112,3483058176,368050176,42631168,853753856
2026-04-26T15:56:33.472433,17002643456,13623640064,3379003392,19.9,12846366720,3573809152,368050176,42631168,853753856
2026-04-26T15:56:34.474576,17002643456,13448183808,3554459648,20.9,12670910464,3708747776,368050176,42631168,853753856
2026-04-26T15:56:35.476123,17002643456,13448183808,3554459648,20.9,12670910464,3708747776,368050176,42631168,853753856
2026-04-26T15:56:36.477652,17002643456,13445971968,3556671488,20.9,12668698624,3708747776,368050176,42631168,853753856
2026-04-26T15:56:37.480540,17002643456,13422821376,3579822080,21.1,12645548032,3708747776,368050176,42631168,853753856
2026-04-26T15:56:38.482381,17002643456,13410058240,3592585216,21.1,12632784896,3677143040,368050176,42631168,853753856
2026-04-26T15:56:39.484940,17002643456,13321371648,3681271808,21.7,12544098304,3778789376,368050176,42631168,853753856
2026-04-26T15:56:40.487009,17002643456,13263372288,3739271168,22.0,12486098944,3842113536,368050176,42631168,853753856
2026-04-26T15:56:41.489875,17002643456,13503578112,3499065344,20.6,12726304768,3589488640,368050176,42631168,853753856
2026-04-26T15:56:42.491488,17002643456,13512949760,3489693696,20.5,12735676416,3589488640,368050176,42631168,853753856
2026-04-26T15:56:43.493334,17002643456,13646970880,3355672576,19.7,12869697536,3455647744,368050176,42631168,853753856
2026-04-26T15:56:44.497334,17002643456,13652443136,3350200320,19.7,12875169792,3455647744,368050176,42631168,853753856
2026-04-26T15:56:45.499484,17002643456,13651427328,3351216128,19.7,12874153984,3477667840,368050176,42631168,853753856
2026-04-26T15:56:46.501619,17002643456,13569310720,3433332736,20.2,12792037376,3592732672,368050176,42631168,853753856
2026-04-26T15:56:47.502989,17002643456,13438861312,3563782144,21.0,12661587968,3707551744,368050176,42631168,853753856
2026-04-26T15:56:48.504490,17002643456,13438861312,3563782144,21.0,12661587968,3707551744,368050176,42631168,853753856
2026-04-26T15:56:49.506053,17002643456,13438369792,3564273664,21.0,12661096448,3707551744,368050176,42631168,853753856
2026-04-26T15:56:50.509455,17002643456,13439844352,3562799104,21.0,12662571008,3707551744,368050176,42631168,853753856
2026-04-26T15:56:51.510854,17002643456,13687848960,3314794496,19.5,12910575616,3448029184,368050176,42631168,853753856
2026-04-26T15:56:52.512625,17002643456,13683425280,3319218176,19.5,12906151936,3449438208,368050176,42631168,853753856
2026-04-26T15:56:53.514249,17002643456,13683425280,3319218176,19.5,12906151936,3449438208,368050176,42631168,853753856
2026-04-26T15:56:54.516589,17002643456,13691584512,3311058944,19.5,12914311168,3449438208,368050176,42631168,853753856
2026-04-26T15:56:55.519131,17002643456,13648297984,3354345472,19.7,12871024640,3521593344,368050176,42631168,853753856
2026-04-26T15:56:56.521219,17002643456,13569900544,3432742912,20.2,12792627200,3583721472,368050176,42631168,853753856
2026-04-26T15:56:57.524212,17002643456,13555892224,3446751232,20.3,12778618880,3583737856,368050176,42631168,853753856
2026-04-26T15:56:58.526428,17002643456,13559070720,3443572736,20.3,12781797376,3583737856,368050176,42631168,853753856
2026-04-26T15:56:59.528049,17002643456,13449707520,3552935936,20.9,12672434176,3723788288,368050176,42631168,853753856
2026-04-26T15:57:00.529595,17002643456,13301760000,3700883456,21.8,12524486656,3846930432,368050176,42631168,853753856
2026-04-26T15:57:01.531144,17002643456,13300776960,3701866496,21.8,12523503616,3846930432,368050176,42631168,853753856
2026-04-26T15:57:02.532653,17002643456,13296615424,3706028032,21.8,12519342080,3846930432,368050176,42631168,853753856
2026-04-26T15:57:03.534952,17002643456,13299564544,3703078912,21.8,12522291200,3846930432,368050176,42631168,853753856
2026-04-26T15:57:04.540242,17002643456,13303185408,3699458048,21.8,12525912064,3846930432,368050176,42631168,853753856
2026-04-26T15:57:05.541494,17002643456,13356613632,3646029824,21.4,12579340288,3795042304,368050176,42631168,853753856
2026-04-26T15:57:06.543158,17002643456,13539016704,3463626752,20.4,12761743360,3517087744,368050176,42631168,853753856
2026-04-26T15:57:07.545678,17002643456,13537869824,3464773632,20.4,12760596480,3547136000,368050176,42631168,853753856
2026-04-26T15:57:08.547545,17002643456,13544587264,3458056192,20.3,12767313920,3585966080,368050176,42631168,853753856
2026-04-26T15:57:09.550378,17002643456,13550043136,3452600320,20.3,12772769792,3592814592,368050176,42631168,853753856
2026-04-26T15:57:10.554678,17002643456,13518094336,3484549120,20.5,12740820992,3614687232,368050176,42631168,853753856
2026-04-26T15:57:11.556777,17002643456,13518766080,3483877376,20.5,12741492736,3583868928,368050176,42631168,853753856
2026-04-26T15:57:12.558960,17002643456,13525106688,3477536768,20.5,12747833344,3583868928,368050176,42631168,853753856
2026-04-26T15:57:13.560323,17002643456,13529137152,3473506304,20.4,12751863808,3583868928,368050176,42631168,853753856
2026-04-26T15:57:14.561914,17002643456,13532266496,3470376960,20.4,12754993152,3583868928,368050176,42631168,853753856
2026-04-26T15:57:15.563432,17002643456,13532266496,3470376960,20.4,12754993152,3583868928,368050176,42631168,853753856
2026-04-26T15:57:16.565398,17002643456,13542916096,3459727360,20.3,12765642752,3583868928,368050176,42631168,853753856
2026-04-26T15:57:17.566788,17002643456,13548093440,3454550016,20.3,12770820096,3583868928,368050176,42631168,853753856
2026-04-26T15:57:18.569747,17002643456,13554941952,3447701504,20.3,12777668608,3583868928,368050176,42631168,853753856
2026-04-26T15:57:19.573418,17002643456,13614694400,3387949056,19.9,12837421056,3568877568,368050176,42631168,853753856
2026-04-26T15:57:20.575491,17002643456,13642858496,3359784960,19.8,12865585152,3527262208,368050176,42631168,853753856
2026-04-26T15:57:21.577827,17002643456,13643776000,3358867456,19.8,12866502656,3527262208,368050176,42631168,853753856
2026-04-26T15:57:22.579929,17002643456,13633454080,3369189376,19.8,12856180736,3558834176,368050176,42631168,853753856
2026-04-26T15:57:23.581397,17002643456,13699284992,3303358464,19.4,12922011648,3483090944,368050176,42631168,853753856
2026-04-26T15:57:24.583210,17002643456,13704462336,3298181120,19.4,12927188992,3483090944,368050176,42631168,853753856
2026-04-26T15:57:25.585107,17002643456,13448970240,3553673216,20.9,12671696896,3722608640,368050176,42631168,853753856
2026-04-26T15:57:26.587368,17002643456,13463994368,3538649088,20.8,12686721024,3629678592,368050176,42631168,853753856
2026-04-26T15:57:27.588968,17002643456,13470187520,3532455936,20.8,12692914176,3629678592,368050176,42631168,853753856
2026-04-26T15:57:28.590582,17002643456,13470187520,3532455936,20.8,12692914176,3629678592,368050176,42631168,853753856
2026-04-26T15:57:29.592673,17002643456,13481852928,3520790528,20.7,12704579584,3629711360,368050176,42631168,853753856
2026-04-26T15:57:30.597742,17002643456,13491240960,3511402496,20.7,12713967616,3597516800,368050176,42631168,853753856
2026-04-26T15:57:31.599006,17002643456,13500170240,3502473216,20.6,12722896896,3597516800,368050176,42631168,853753856
2026-04-26T15:57:32.600953,17002643456,13735067648,3267575808,19.2,12957794304,3398385664,368050176,42631168,853753856
2026-04-26T15:57:33.602926,17002643456,13739966464,3262676992,19.2,12962693120,3398385664,368050176,42647552,853753856
2026-04-26T15:57:34.604505,17002643456,13747503104,3255140352,19.1,12970229760,3398385664,368050176,42647552,853753856
2026-04-26T15:57:35.606806,17002643456,13679476736,3323166720,19.5,12902187008,3519496192,368066560,42647552,853753856
2026-04-26T15:57:36.608836,17002643456,13666762752,3335880704,19.6,12889473024,3492298752,368066560,42647552,853753856
2026-04-26T15:57:37.613808,17002643456,13654130688,3348512768,19.7,12876840960,3522248704,368066560,42647552,853753856
2026-04-26T15:57:38.616267,17002643456,13655064576,3347578880,19.7,12877774848,3525181440,368066560,42647552,853753856
2026-04-26T15:57:39.619224,17002643456,13595131904,3407511552,20.0,12817842176,3596058624,368066560,42647552,853753856
2026-04-26T15:57:40.620757,17002643456,13595131904,3407511552,20.0,12817842176,3596058624,368066560,42647552,853753856
2026-04-26T15:57:41.622277,17002643456,13595131904,3407511552,20.0,12817842176,3596058624,368066560,42647552,853753856
2026-04-26T15:57:42.624140,17002643456,13603815424,3398828032,20.0,12826525696,3564568576,368066560,42647552,853753856
2026-04-26T15:57:43.625711,17002643456,13586120704,3416522752,20.1,12808830976,3595042816,368066560,42647552,853753856
2026-04-26T15:57:44.627060,17002643456,13578240000,3424403456,20.1,12800950272,3587653632,368066560,42647552,853753856
2026-04-26T15:57:45.629681,17002643456,13598605312,3404038144,20.0,12821315584,3523575808,368066560,42647552,853753856
2026-04-26T15:57:46.632387,17002643456,13646921728,3355721728,19.7,12869632000,3493101568,368066560,42647552,853753856
2026-04-26T15:57:47.634235,17002643456,13663780864,3338862592,19.6,12886491136,3492757504,368066560,42647552,853753856
2026-04-26T15:57:48.635548,17002643456,13663322112,3339321344,19.6,12886032384,3492773888,368066560,42647552,853753856
2026-04-26T15:57:49.637627,17002643456,13643890688,3358752768,19.8,12866600960,3523756032,368066560,42647552,853753856
2026-04-26T15:57:50.639838,17002643456,13647347712,3355295744,19.7,12870057984,3523756032,368066560,42647552,853753856
2026-04-26T15:57:51.641451,17002643456,13651492864,3351150592,19.7,12874203136,3523821568,368066560,42647552,853753856
2026-04-26T15:57:52.643853,17002643456,13589331968,3413311488,20.1,12812042240,3582214144,368066560,42647552,853753856
2026-04-26T15:57:53.644962,17002643456,13591052288,3411591168,20.1,12813762560,3582214144,368066560,42647552,853753856
2026-04-26T15:57:54.646070,17002643456,13591052288,3411591168,20.1,12813762560,3582214144,368066560,42647552,853753856
2026-04-26T15:57:55.647940,17002643456,13596164096,3406479360,20.0,12818874368,3582214144,368066560,42647552,853753856
2026-04-26T15:57:56.649341,17002643456,13718962176,3283681280,19.3,12941672448,3457499136,368066560,42647552,853753856
2026-04-26T15:57:57.650661,17002643456,13718290432,3284353024,19.3,12941000704,3457499136,368066560,42647552,853753856
2026-04-26T15:57:58.652629,17002643456,13629161472,3373481984,19.8,12851871744,3566288896,368066560,42647552,853753856
2026-04-26T15:57:59.654242,17002643456,13657079808,3345563648,19.7,12879790080,3524673536,368066560,42647552,853753856
2026-04-26T15:58:00.657274,17002643456,13658505216,3344138240,19.7,12881215488,3524673536,368066560,42647552,853753856
2026-04-26T15:58:01.658922,17002643456,13666140160,3336503296,19.6,12888850432,3524673536,368066560,42647552,853753856
2026-04-26T15:58:02.661152,17002643456,13717471232,3285172224,19.3,12940181504,3457597440,368066560,42647552,853753856
2026-04-26T15:58:03.662699,17002643456,13717471232,3285172224,19.3,12940181504,3457597440,368066560,42647552,853753856
2026-04-26T15:58:04.665266,17002643456,13377863680,3624779776,21.3,12600573952,3750887424,368066560,42647552,853753856
2026-04-26T15:58:05.666492,17002643456,13392609280,3610034176,21.2,12615319552,3691626496,368066560,42647552,853753856
2026-04-26T15:58:06.667587,17002643456,13400047616,3602595840,21.2,12622757888,3691626496,368066560,42647552,853753856
2026-04-26T15:58:07.668764,17002643456,13412171776,3590471680,21.1,12634882048,3691626496,368066560,42647552,853753856
2026-04-26T15:58:08.670533,17002643456,13432012800,3570630656,21.0,12654723072,3691626496,368066560,42647552,853753856
2026-04-26T15:58:09.673242,17002643456,13441957888,3560685568,20.9,12664668160,3691626496,368066560,42647552,853753856
2026-04-26T15:58:10.675282,17002643456,13449150464,3553492992,20.9,12671860736,3691626496,368066560,42647552,853753856
2026-04-26T15:58:11.677631,17002643456,13749977088,3252666368,19.1,12972687360,3429744640,368066560,42647552,853753856
2026-04-26T15:58:12.680278,17002643456,13751304192,3251339264,19.1,12974014464,3429744640,368066560,42647552,853753856
2026-04-26T15:58:13.683135,17002643456,13753466880,3249176576,19.1,12976177152,3429744640,368066560,42647552,853753856
2026-04-26T15:58:14.685590,17002643456,13599997952,3402645504,20.0,12822708224,3571433472,368066560,42647552,853753856
2026-04-26T15:58:15.688470,17002643456,13616070656,3386572800,19.9,12838780928,3523985408,368066560,42647552,853753856
2026-04-26T15:58:16.689925,17002643456,13619953664,3382689792,19.9,12842663936,3523985408,368066560,42647552,853753856
2026-04-26T15:58:17.691654,17002643456,13623328768,3379314688,19.9,12846039040,3527294976,368066560,42647552,853753856
2026-04-26T15:58:18.693606,17002643456,13596049408,3406594048,20.0,12818759680,3583000576,368066560,42647552,853753856
2026-04-26T15:58:19.695161,17002643456,13596114944,3406528512,20.0,12818825216,3583000576,368066560,42647552,853753856
2026-04-26T15:58:20.696683,17002643456,13597900800,3404742656,20.0,12820611072,3583000576,368066560,42647552,853753856
2026-04-26T15:58:21.698726,17002643456,13642235904,3360407552,19.8,12864946176,3525869568,368066560,42647552,853753856
2026-04-26T15:58:22.700949,17002643456,13581025280,3421618176,20.1,12803735552,3591241728,368066560,42647552,853753856
2026-04-26T15:58:23.703073,17002643456,13550338048,3452305408,20.3,12773048320,3592273920,368066560,42647552,853753856
2026-04-26T15:58:24.705265,17002643456,13563117568,3439525888,20.2,12785827840,3595304960,368066560,42647552,853753856
2026-04-26T15:58:25.707484,17002643456,13603782656,3398860800,20.0,12826492928,3526279168,368066560,42647552,853753856
2026-04-26T15:58:26.709151,17002643456,13603782656,3398860800,20.0,12826492928,3526279168,368066560,42647552,853753856
2026-04-26T15:58:27.711448,17002643456,13612007424,3390636032,19.9,12834717696,3526279168,368066560,42647552,853753856
2026-04-26T15:58:28.713656,17002643456,13595000832,3407642624,20.0,12817711104,3575513088,368066560,42647552,853753856
2026-04-26T15:58:29.715511,17002643456,13591707648,3410935808,20.1,12814417920,3593601024,368066560,42647552,853753856
2026-04-26T15:58:30.717520,17002643456,13550419968,3452223488,20.3,12773130240,3629989888,368066560,42647552,853753856
2026-04-26T15:58:31.719162,17002643456,13493649408,3508994048,20.6,12716359680,3665772544,368066560,42647552,853753856
2026-04-26T15:58:32.720699,17002643456,13493649408,3508994048,20.6,12716359680,3665772544,368066560,42647552,853753856
2026-04-26T15:58:33.722252,17002643456,13493649408,3508994048,20.6,12716359680,3665772544,368066560,42647552,853753856
2026-04-26T15:58:34.724116,17002643456,13497090048,3505553408,20.6,12719800320,3665772544,368066560,42647552,853753856
2026-04-26T15:58:35.725436,17002643456,13635944448,3366699008,19.8,12858654720,3532029952,368066560,42647552,853753856
2026-04-26T15:58:36.727732,17002643456,13647036416,3355607040,19.7,12869746688,3508682752,368066560,42647552,853753856
2026-04-26T15:58:37.730213,17002643456,13699547136,3303096320,19.4,12922257408,3455860736,368066560,42647552,853753856
2026-04-26T15:58:38.733422,17002643456,13710196736,3292446720,19.4,12932907008,3434774528,368066560,42647552,853753856
2026-04-26T15:58:39.735701,17002643456,13626146816,3376496640,19.9,12848857088,3573301248,368066560,42647552,853753856
2026-04-26T15:58:40.737580,17002643456,13656637440,3346006016,19.7,12879347712,3524575232,368066560,42647552,853753856
2026-04-26T15:58:41.740423,17002643456,13656817664,3345825792,19.7,12879527936,3524575232,368066560,42647552,853753856
2026-04-26T15:58:42.741953,17002643456,13661847552,3340795904,19.6,12884557824,3524575232,368066560,42647552,853753856
2026-04-26T15:58:43.743676,17002643456,13476544512,3526098944,20.7,12699254784,3703144448,368066560,42647552,853753856
2026-04-26T15:58:44.745817,17002643456,13391020032,3611623424,21.2,12613730304,3749871616,368066560,42647552,853753856
2026-04-26T15:58:45.747347,17002643456,13391020032,3611623424,21.2,12613730304,3749871616,368066560,42647552,853753856
2026-04-26T15:58:46.748847,17002643456,13391020032,3611623424,21.2,12613730304,3749871616,368066560,42647552,853753856
2026-04-26T15:58:47.750918,17002643456,13324337152,3678306304,21.6,12547047424,3797204992,368066560,42647552,853753856
2026-04-26T15:58:48.752968,17002643456,13353566208,3649077248,21.5,12576276480,3756556288,368066560,42647552,853753856
2026-04-26T15:58:49.756166,17002643456,13313130496,3689512960,21.7,12535840768,3800137728,368066560,42647552,853753856
2026-04-26T15:58:50.758276,17002643456,13287571456,3715072000,21.8,12510281728,3817897984,368066560,42647552,853753856
2026-04-26T15:58:51.761968,17002643456,13550256128,3452387328,20.3,12772966400,3565273088,368066560,42647552,853753856
2026-04-26T15:58:52.763825,17002643456,13551697920,3450945536,20.3,12774408192,3534471168,368066560,42647552,853753856
2026-04-26T15:58:53.765902,17002643456,13554483200,3448160256,20.3,12777193472,3534471168,368066560,42647552,853753856
2026-04-26T15:58:54.767531,17002643456,13563871232,3438772224,20.2,12786581504,3538255872,368066560,42647552,853753856
2026-04-26T15:58:55.769094,17002643456,13594624000,3408019456,20.0,12817334272,3533881344,368066560,42647552,853753856
2026-04-26T15:58:56.771304,17002643456,13645185024,3357458432,19.7,12867895296,3519315968,368066560,42647552,853753856
2026-04-26T15:58:57.772745,17002643456,13615939584,3386703872,19.9,12838649856,3554131968,368066560,42647552,853753856
2026-04-26T15:58:58.774324,17002643456,13615939584,3386703872,19.9,12838649856,3554131968,368066560,42647552,853753856
2026-04-26T15:58:59.775847,17002643456,13615939584,3386703872,19.9,12838649856,3554131968,368066560,42647552,853753856
2026-04-26T15:59:00.777423,17002643456,13551435776,3451207680,20.3,12774146048,3614048256,368066560,42647552,853753856
2026-04-26T15:59:01.778908,17002643456,13579780096,3422863360,20.1,12802490368,3564584960,368066560,42647552,853753856
2026-04-26T15:59:02.780959,17002643456,13579780096,3422863360,20.1,12802490368,3564584960,368066560,42647552,853753856
2026-04-26T15:59:03.782926,17002643456,13648560128,3354083328,19.7,12871270400,3491643392,368066560,42647552,853753856
2026-04-26T15:59:04.785758,17002643456,13616398336,3386245120,19.9,12839108608,3564404736,368066560,42647552,853753856
2026-04-26T15:59:05.787934,17002643456,13663764480,3338878976,19.6,12886474752,3491594240,368066560,42647552,853753856
2026-04-26T15:59:06.790022,17002643456,13664927744,3337715712,19.6,12887638016,3491594240,368066560,42647552,853753856
2026-04-26T15:59:07.792224,17002643456,13660241920,3342401536,19.7,12882952192,3503669248,368066560,42647552,853753856
2026-04-26T15:59:08.795071,17002643456,13642317824,3360325632,19.8,12865028096,3522969600,368066560,42647552,853753856
2026-04-26T15:59:09.796979,17002643456,13615775744,3386867712,19.9,12838486016,3555229696,368066560,42647552,853753856
2026-04-26T15:59:10.799041,17002643456,13577437184,3425206272,20.1,12800147456,3590750208,368066560,42647552,853753856
2026-04-26T15:59:11.800555,17002643456,13577437184,3425206272,20.1,12800147456,3590750208,368066560,42647552,853753856
2026-04-26T15:59:12.802046,17002643456,13577437184,3425206272,20.1,12800147456,3590750208,368066560,42647552,853753856
2026-04-26T15:59:13.804134,17002643456,13579583488,3423059968,20.1,12802293760,3590750208,368066560,42647552,853753856
2026-04-26T15:59:14.806546,17002643456,13693534208,3309109248,19.5,12916244480,3457662976,368066560,42647552,853753856
2026-04-26T15:59:15.808368,17002643456,13697007616,3305635840,19.4,12919717888,3457662976,368066560,42647552,853753856
2026-04-26T15:59:16.813439,17002643456,13703184384,3299459072,19.4,12925894656,3457662976,368066560,42647552,853753856
2026-04-26T15:59:17.814684,17002643456,13711261696,3291381760,19.4,12933971968,3457662976,368066560,42647552,853753856
2026-04-26T15:59:18.815908,17002643456,13752107008,3250536448,19.1,12974817280,3425583104,368066560,42647552,853753856
2026-04-26T15:59:19.817832,17002643456,13636960256,3365683200,19.8,12859670528,3542958080,368066560,42647552,853753856
2026-04-26T15:59:20.819858,17002643456,13603536896,3399106560,20.0,12826247168,3567009792,368066560,42647552,853753856
2026-04-26T15:59:21.821433,17002643456,13593706496,3408936960,20.0,12816416768,3589865472,368066560,42647552,853753856
2026-04-26T15:59:22.824065,17002643456,13593706496,3408936960,20.0,12816416768,3589914624,368066560,42647552,853753856
2026-04-26T15:59:23.825266,17002643456,13716848640,3285794816,19.3,12939558912,3456417792,368066560,42647552,853753856
2026-04-26T15:59:24.826303,17002643456,13720289280,3282354176,19.3,12942999552,3456417792,368066560,42647552,853753856
2026-04-26T15:59:25.827317,17002643456,13721124864,3281518592,19.3,12943835136,3456417792,368066560,42647552,853753856
2026-04-26T15:59:26.828604,17002643456,13749665792,3252977664,19.1,12972376064,3425648640,368066560,42647552,853753856
2026-04-26T15:59:27.830932,17002643456,13753597952,3249045504,19.1,12976308224,3425648640,368066560,42647552,853753856
2026-04-26T15:59:28.832706,17002643456,13644922880,3357720576,19.7,12867633152,3543040000,368066560,42647552,853753856
2026-04-26T15:59:29.836034,17002643456,13605994496,3396648960,20.0,12828704768,3566665728,368066560,42647552,853753856
2026-04-26T15:59:30.837856,17002643456,13641613312,3361030144,19.8,12864323584,3501867008,368066560,42647552,853753856
2026-04-26T15:59:31.843158,17002643456,13631537152,3371106304,19.8,12854247424,3492823040,368066560,42647552,853753856
2026-04-26T15:59:32.847128,17002643456,13631717376,3370926080,19.8,12854427648,3492823040,368066560,42647552,853753856
2026-04-26T15:59:33.849259,17002643456,13706362880,3296280576,19.4,12929073152,3425746944,368066560,42647552,853753856
2026-04-26T15:59:34.851277,17002643456,13712441344,3290202112,19.4,12935151616,3425746944,368066560,42647552,853753856
2026-04-26T15:59:35.853788,17002643456,13409026048,3593617408,21.1,12631736320,3745169408,368066560,42647552,853753856
2026-04-26T15:59:36.854870,17002643456,13494648832,3507994624,20.6,12717359104,3614752768,368066560,42647552,853753856
2026-04-26T15:59:37.855938,17002643456,13494943744,3507699712,20.6,12717654016,3614752768,368066560,42647552,853753856
2026-04-26T15:59:38.857075,17002643456,13494943744,3507699712,20.6,12717654016,3614752768,368066560,42647552,853753856
2026-04-26T15:59:39.859477,17002643456,13508149248,3494494208,20.6,12730859520,3614752768,368066560,42647552,853753856
2026-04-26T15:59:40.861353,17002643456,13517324288,3485319168,20.5,12740034560,3614752768,368066560,42647552,853753856
2026-04-26T15:59:41.863828,17002643456,13524680704,3477962752,20.5,12747390976,3614752768,368066560,42647552,853753856
2026-04-26T15:59:42.865571,17002643456,13535379456,3467264000,20.4,12758089728,3614752768,368066560,42647552,853753856
2026-04-26T15:59:43.867173,17002643456,13541539840,3461103616,20.4,12764250112,3614752768,368066560,42647552,853753856
2026-04-26T15:59:44.870486,17002643456,13589610496,3413032960,20.1,12812320768,3558998016,368066560,42647552,853753856
2026-04-26T15:59:45.873591,17002643456,13610893312,3391750144,19.9,12833603584,3548086272,368066560,42647552,853753856
2026-04-26T15:59:46.874830,17002643456,13609893888,3392749568,20.0,12832604160,3554623488,368066560,42647552,853753856
2026-04-26T15:59:47.876550,17002643456,13599784960,3402858496,20.0,12822495232,3581034496,368066560,42647552,853753856
2026-04-26T15:59:48.878440,17002643456,13424328704,3578314752,21.0,12647038976,3760095232,368066560,42647552,853753856
2026-04-26T15:59:49.880061,17002643456,13369769984,3632873472,21.4,12592480256,3807330304,368066560,42647552,853753856
2026-04-26T15:59:50.881536,17002643456,13365837824,3636805632,21.4,12588548096,3807330304,368066560,42647552,853753856
2026-04-26T15:59:51.882985,17002643456,13365837824,3636805632,21.4,12588548096,3807330304,368066560,42647552,853753856
2026-04-26T15:59:52.885120,17002643456,13576585216,3426058240,20.2,12799295488,3550412800,368066560,42647552,853753856
2026-04-26T15:59:53.886695,17002643456,13578027008,3424616448,20.1,12800737280,3556294656,368066560,42647552,853753856
2026-04-26T15:59:54.888185,17002643456,13648609280,3354034176,19.7,12871319552,3482173440,368066560,42647552,853753856
2026-04-26T15:59:55.890521,17002643456,13628276736,3374366720,19.8,12850987008,3541696512,368066560,42647552,853753856
2026-04-26T15:59:56.892936,17002643456,13662060544,3340582912,19.6,12884770816,3500834816,368066560,42647552,853753856
2026-04-26T15:59:57.896382,17002643456,13647314944,3355328512,19.7,12870025216,3522674688,368066560,42647552,853753856
2026-04-26T15:59:58.898553,17002643456,13647314944,3355328512,19.7,12870025216,3522674688,368066560,42647552,853753856
2026-04-26T15:59:59.900937,17002643456,13649035264,3353608192,19.7,12871745536,3522674688,368066560,42647552,853753856
2026-04-26T16:00:00.904207,17002643456,13654196224,3348447232,19.7,12876906496,3522674688,368066560,42647552,853753856
2026-04-26T16:00:01.905942,17002643456,13648838656,3353804800,19.7,12871548928,3534536704,368066560,42647552,853753856
2026-04-26T16:00:02.907812,17002643456,13606944768,3395698688,20.0,12829655040,3581771776,368066560,42647552,853753856
2026-04-26T16:00:03.909314,17002643456,13606944768,3395698688,20.0,12829655040,3581771776,368066560,42647552,853753856
2026-04-26T16:00:04.910785,17002643456,13606944768,3395698688,20.0,12829655040,3581771776,368066560,42647552,853753856
2026-04-26T16:00:05.912768,17002643456,13612072960,3390570496,19.9,12834783232,3581771776,368066560,42647552,853753856
2026-04-26T16:00:06.915027,17002643456,13667942400,3334701056,19.6,12890652672,3523674112,368066560,42647552,853753856
2026-04-26T16:00:07.916913,17002643456,13668777984,3333865472,19.6,12891488256,3523674112,368066560,42647552,853753856
2026-04-26T16:00:08.919709,17002643456,13674987520,3327655936,19.6,12897697792,3523674112,368066560,42647552,853753856
2026-04-26T16:00:09.921740,17002643456,13676937216,3325706240,19.6,12899647488,3523674112,368066560,42647552,853753856
2026-04-26T16:00:10.923943,17002643456,13587759104,3414884352,20.1,12810469376,3595714560,368066560,42647552,853753856
2026-04-26T16:00:11.925513,17002643456,13558513664,3444129792,20.3,12781223936,3588997120,368066560,42647552,853753856
2026-04-26T16:00:12.927000,17002643456,13558513664,3444129792,20.3,12781223936,3588997120,368066560,42647552,853753856
2026-04-26T16:00:13.928643,17002643456,13558677504,3443965952,20.3,12781387776,3589734400,368066560,42647552,853753856
2026-04-26T16:00:14.931196,17002643456,13393133568,3609509888,21.2,12615843840,3769434112,368066560,42647552,853753856
2026-04-26T16:00:15.932568,17002643456,13336608768,3666034688,21.6,12559319040,3817684992,368066560,42647552,853753856
2026-04-26T16:00:16.934077,17002643456,13336608768,3666034688,21.6,12559319040,3817684992,368066560,42647552,853753856
2026-04-26T16:00:17.935600,17002643456,13328744448,3673899008,21.6,12551454720,3817684992,368066560,42647552,853753856
2026-04-26T16:00:18.937244,17002643456,13432373248,3570270208,21.0,12655083520,3685826560,368066560,42647552,853753856
2026-04-26T16:00:19.938897,17002643456,13437091840,3565551616,21.0,12659802112,3685826560,368066560,42647552,853753856
2026-04-26T16:00:20.940737,17002643456,13663993856,3338649600,19.6,12886704128,3433644032,368066560,42647552,853753856
2026-04-26T16:00:21.942732,17002643456,13566787584,3435855872,20.2,12789497856,3556638720,368066560,42647552,853753856
2026-04-26T16:00:22.944624,17002643456,13549830144,3452813312,20.3,12772540416,3574218752,368066560,42647552,853753856
2026-04-26T16:00:23.947046,17002643456,13549830144,3452813312,20.3,12772540416,3574218752,368066560,42647552,853753856
2026-04-26T16:00:24.948455,17002643456,13549830144,3452813312,20.3,12772540416,3574218752,368066560,42647552,853753856
2026-04-26T16:00:25.950416,17002643456,13664468992,3338174464,19.6,12887179264,3440672768,368066560,42647552,853753856
2026-04-26T16:00:26.954805,17002643456,13667352576,3335290880,19.6,12890062848,3441065984,368066560,42647552,853753856
2026-04-26T16:00:27.957005,17002643456,13369393152,3633250304,21.4,12592103424,3799089152,368066560,42647552,853753856
2026-04-26T16:00:28.958240,17002643456,13567967232,3434676224,20.2,12790677504,3521560576,368066560,42647552,853753856
2026-04-26T16:00:29.959731,17002643456,13567967232,3434676224,20.2,12790677504,3521560576,368066560,42647552,853753856
2026-04-26T16:00:30.961214,17002643456,13567967232,3434676224,20.2,12790677504,3521560576,368066560,42647552,853753856
2026-04-26T16:00:31.964030,17002643456,13643874304,3358769152,19.8,12866584576,3454730240,368066560,42647552,853753856
2026-04-26T16:00:32.966590,17002643456,13658898432,3343745024,19.7,12881608704,3422273536,368066560,42647552,853753856
2026-04-26T16:00:33.968855,17002643456,13674479616,3328163840,19.6,12897189888,3422273536,368066560,42647552,853753856
2026-04-26T16:00:34.971257,17002643456,13685309440,3317334016,19.5,12908019712,3422273536,368066560,42647552,853753856
2026-04-26T16:00:35.972864,17002643456,13696598016,3306045440,19.4,12919308288,3422273536,368066560,42647552,853753856
2026-04-26T16:00:36.975910,17002643456,13713637376,3289006080,19.3,12936347648,3422273536,368066560,42647552,853753856
2026-04-26T16:00:37.977454,17002643456,13724188672,3278454784,19.3,12946898944,3422273536,368066560,42647552,853753856
2026-04-26T16:00:38.979561,17002643456,13734264832,3268378624,19.2,12956975104,3422273536,368066560,42647552,853753856
2026-04-26T16:00:39.981602,17002643456,13742850048,3259793408,19.2,12965560320,3422273536,368066560,42647552,853753856
2026-04-26T16:00:40.984643,17002643456,13613154304,3389489152,19.9,12835864576,3570286592,368066560,42647552,853753856
2026-04-26T16:00:41.985969,17002643456,13570883584,3431759872,20.2,12793593856,3612950528,368066560,42647552,853753856
2026-04-26T16:00:42.987462,17002643456,13570883584,3431759872,20.2,12793593856,3612950528,368066560,42647552,853753856
2026-04-26T16:00:43.988931,17002643456,13570883584,3431759872,20.2,12793593856,3612950528,368066560,42647552,853753856
2026-04-26T16:00:44.990858,17002643456,13560070144,3442573312,20.2,12782780416,3621584896,368066560,42647552,853753856
2026-04-26T16:00:45.993527,17002643456,13543849984,3458793472,20.3,12766560256,3643932672,368066560,42647552,853753856
2026-04-26T16:00:46.996079,17002643456,13543849984,3458793472,20.3,12766560256,3643932672,368066560,42647552,853753856
2026-04-26T16:00:47.997886,17002643456,13543358464,3459284992,20.3,12766068736,3643932672,368066560,42647552,853753856
2026-04-26T16:00:48.999520,17002643456,13547372544,3455270912,20.3,12770082816,3644948480,368066560,42647552,853753856
2026-04-26T16:00:50.001983,17002643456,13547732992,3454910464,20.3,12770443264,3644948480,368066560,42647552,853753856
2026-04-26T16:00:51.003777,17002643456,13720059904,3282583552,19.3,12942770176,3453632512,368066560,42647552,853753856
2026-04-26T16:00:52.008385,17002643456,13726203904,3276439552,19.3,12948914176,3453632512,368066560,42647552,853753856
2026-04-26T16:00:53.010508,17002643456,13615153152,3387490304,19.9,12837863424,3544350720,368066560,42647552,853753856
2026-04-26T16:00:54.012636,17002643456,13576323072,3426320384,20.2,12799033344,3598434304,368066560,42647552,853753856
2026-04-26T16:00:55.013877,17002643456,13540196352,3462447104,20.4,12762906624,3633823744,368066560,42647552,853753856
2026-04-26T16:00:56.015342,17002643456,13540196352,3462447104,20.4,12762906624,3633823744,368066560,42647552,853753856
2026-04-26T16:00:57.016804,17002643456,13540196352,3462447104,20.4,12762906624,3633823744,368066560,42647552,853753856
2026-04-26T16:00:58.018696,17002643456,13543342080,3459301376,20.3,12766052352,3633823744,368066560,42647552,853770240
2026-04-26T16:00:59.020508,17002643456,13545799680,3456843776,20.3,12768509952,3633823744,368066560,42647552,853770240
2026-04-26T16:01:00.022672,17002643456,13686423552,3316219904,19.5,12909133824,3501129728,368066560,42647552,853770240
2026-04-26T16:01:01.024189,17002643456,13691469824,3311173632,19.5,12914180096,3501129728,368066560,42647552,853770240
2026-04-26T16:01:02.025865,17002643456,13747175424,3255468032,19.1,12969885696,3429236736,368066560,42647552,853770240
2026-04-26T16:01:03.027754,17002643456,13643776000,3358867456,19.8,12866486272,3544596480,368066560,42647552,853770240
2026-04-26T16:01:04.030150,17002643456,13670907904,3331735552,19.6,12893618176,3495510016,368066560,42647552,853770240
2026-04-26T16:01:05.033045,17002643456,13672202240,3330441216,19.6,12894912512,3495510016,368066560,42647552,853770240
2026-04-26T16:01:06.035220,17002643456,13663584256,3339059200,19.6,12886294528,3503718400,368066560,42647552,853770240
2026-04-26T16:01:07.037479,17002643456,13656883200,3345760256,19.7,12879593472,3525853184,368066560,42647552,853770240
2026-04-26T16:01:08.038725,17002643456,13656883200,3345760256,19.7,12879593472,3525853184,368066560,42647552,853770240
2026-04-26T16:01:09.040248,17002643456,13659570176,3343073280,19.7,12882280448,3525853184,368066560,42647552,853770240
2026-04-26T16:01:10.041748,17002643456,13666156544,3336486912,19.6,12888866816,3525853184,368066560,42647552,853770240
2026-04-26T16:01:11.043271,17002643456,13667106816,3335536640,19.6,12889817088,3525853184,368066560,42647552,853770240
2026-04-26T16:01:12.045163,17002643456,13672775680,3329867776,19.6,12895485952,3525853184,368066560,42647552,853770240
2026-04-26T16:01:13.047561,17002643456,13592330240,3410313216,20.1,12815040512,3599859712,368066560,42647552,853770240
2026-04-26T16:01:14.049218,17002643456,13619970048,3382673408,19.9,12842680320,3526803456,368066560,42647552,853770240
2026-04-26T16:01:15.050956,17002643456,13619970048,3382673408,19.9,12842680320,3526803456,368066560,42647552,853770240
2026-04-26T16:01:16.053025,17002643456,13641613312,3361030144,19.8,12864323584,3495985152,368066560,42647552,853770240
2026-04-26T16:01:17.056292,17002643456,13711392768,3291250688,19.4,12934103040,3429384192,368066560,42647552,853770240
2026-04-26T16:01:18.058170,17002643456,13713391616,3289251840,19.3,12936101888,3429384192,368066560,42647552,853770240
2026-04-26T16:01:19.059679,17002643456,13719748608,3282894848,19.3,12942458880,3429384192,368066560,42647552,853770240
2026-04-26T16:01:20.061869,17002643456,13720666112,3281977344,19.3,12943376384,3429400576,368066560,42647552,853770240
2026-04-26T16:01:21.063059,17002643456,13721190400,3281453056,19.3,12943900672,3429400576,368066560,42647552,853770240
2026-04-26T16:01:22.064106,17002643456,13730168832,3272474624,19.2,12952879104,3429400576,368066560,42647552,853770240
2026-04-26T16:01:23.065145,17002643456,13737705472,3264937984,19.2,12960415744,3429400576,368066560,42647552,853770240
2026-04-26T16:01:24.067992,17002643456,13745143808,3257499648,19.2,12967854080,3429400576,368066560,42647552,853770240
2026-04-26T16:01:25.070124,17002643456,13749469184,3253174272,19.1,12972179456,3429400576,368066560,42647552,853770240
2026-04-26T16:01:26.072295,17002643456,13758873600,3243769856,19.1,12981583872,3429400576,368066560,42647552,853770240
2026-04-26T16:01:27.074703,17002643456,13762969600,3239673856,19.1,12985679872,3429400576,368066560,42647552,853770240
2026-04-26T16:01:28.076183,17002643456,13769326592,3233316864,19.0,12992036864,3429400576,368066560,42647552,853770240
2026-04-26T16:01:29.077946,17002643456,13772718080,3229925376,19.0,12995428352,3429400576,368066560,42647552,853770240
2026-04-26T16:01:30.080556,17002643456,13777813504,3224829952,19.0,13000523776,3429400576,368066560,42647552,853770240
2026-04-26T16:01:31.082336,17002643456,13780975616,3221667840,18.9,13003685888,3429400576,368066560,42647552,853770240
2026-04-26T16:01:32.085570,17002643456,13629112320,3373531136,19.8,12851822592,3545333760,368066560,42647552,853770240
2026-04-26T16:01:33.087073,17002643456,13573816320,3428827136,20.2,12796526592,3599089664,368066560,42647552,853770240
2026-04-26T16:01:34.088487,17002643456,13550714880,3451928576,20.3,12773425152,3634675712,368066560,42647552,853770240
2026-04-26T16:01:35.089560,17002643456,13550714880,3451928576,20.3,12773425152,3634675712,368066560,42647552,853770240
2026-04-26T16:01:36.090646,17002643456,13550714880,3451928576,20.3,12773425152,3634675712,368066560,42647552,853770240
2026-04-26T16:01:37.092945,17002643456,13554122752,3448520704,20.3,12776833024,3634675712,368066560,42647552,853770240
2026-04-26T16:01:38.094879,17002643456,13548371968,3454271488,20.3,12771082240,3619160064,368066560,42647552,853770240
2026-04-26T16:01:39.096426,17002643456,13528137728,3474505728,20.4,12750848000,3526590464,368066560,42647552,853770240
2026-04-26T16:01:40.098648,17002643456,13550092288,3452551168,20.3,12772802560,3526590464,368066560,42647552,853770240
2026-04-26T16:01:41.100535,17002643456,13665796096,3336847360,19.6,12888506368,3460382720,368066560,42647552,853770240
2026-04-26T16:01:42.102292,17002643456,13667237888,3335405568,19.6,12889948160,3460382720,368066560,42647552,853770240
2026-04-26T16:01:43.104094,17002643456,13672398848,3330244608,19.6,12895109120,3460382720,368066560,42647552,853770240
2026-04-26T16:01:44.108633,17002643456,13604814848,3397828608,20.0,12827525120,3564552192,368066560,42647552,853770240
2026-04-26T16:01:45.111573,17002643456,13596573696,3406069760,20.0,12819283968,3530391552,368066560,42647552,853770240
2026-04-26T16:01:46.113713,17002643456,13599064064,3403579392,20.0,12821774336,3530391552,368066560,42647552,853770240
2026-04-26T16:01:47.114842,17002643456,13579403264,3423240192,20.1,12802113536,3588734976,368066560,42647552,853770240
2026-04-26T16:01:48.115928,17002643456,13579403264,3423240192,20.1,12802113536,3588734976,368066560,42647552,853770240
2026-04-26T16:01:49.116999,17002643456,13583433728,3419209728,20.1,12806144000,3588734976,368066560,42647552,853770240
2026-04-26T16:01:50.119028,17002643456,13588545536,3414097920,20.1,12811255808,3588734976,368066560,42647552,853770240
2026-04-26T16:01:51.120596,17002643456,13613678592,3388964864,19.9,12836388864,3589292032,368066560,42647552,853770240
2026-04-26T16:01:52.125561,17002643456,13567229952,3435413504,20.2,12789940224,3596337152,368066560,42647552,853770240
2026-04-26T16:01:53.126830,17002643456,13639024640,3363618816,19.8,12861734912,3552165888,368066560,42647552,853770240
2026-04-26T16:01:54.129594,17002643456,13584711680,3417931776,20.1,12807421952,3606511616,368066560,42647552,853770240
2026-04-26T16:01:55.133541,17002643456,13584711680,3417931776,20.1,12807421952,3606511616,368066560,42647552,853770240
2026-04-26T16:01:56.135586,17002643456,13591183360,3411460096,20.1,12813893632,3606511616,368066560,42647552,853770240
2026-04-26T16:01:57.137675,17002643456,13699809280,3302834176,19.4,12922519552,3477389312,368066560,42647552,853770240
2026-04-26T16:01:58.139038,17002643456,13700579328,3302064128,19.4,12923289600,3477389312,368066560,42647552,853770240
2026-04-26T16:01:59.140865,17002643456,13703938048,3298705408,19.4,12926648320,3477602304,368066560,42647552,853770240
2026-04-26T16:02:00.142071,17002643456,13649133568,3353509888,19.7,12871843840,3540140032,368066560,42647552,853770240
2026-04-26T16:02:01.143135,17002643456,13649133568,3353509888,19.7,12871843840,3540140032,368066560,42647552,853770240
2026-04-26T16:02:02.144206,17002643456,13649133568,3353509888,19.7,12871843840,3540140032,368066560,42647552,853770240
2026-04-26T16:02:03.146074,17002643456,13652574208,3350069248,19.7,12875284480,3540140032,368066560,42647552,853770240
2026-04-26T16:02:04.147434,17002643456,13655785472,3346857984,19.7,12878495744,3540140032,368066560,42647552,853770240
2026-04-26T16:02:05.149824,17002643456,13707280384,3295363072,19.4,12929990656,3477848064,368066560,42647552,853770240
2026-04-26T16:02:06.151830,17002643456,13709918208,3292725248,19.4,12932628480,3477848064,368066560,42647552,853770240
2026-04-26T16:02:07.153215,17002643456,13716537344,3286106112,19.3,12939247616,3477848064,368066560,42647552,853770240
2026-04-26T16:02:08.155234,17002643456,13719355392,3283288064,19.3,12942065664,3477848064,368066560,42647552,853770240
2026-04-26T16:02:09.156968,17002643456,13724352512,3278290944,19.3,12947062784,3477848064,368066560,42647552,853770240
2026-04-26T16:02:10.159579,17002643456,13750861824,3251781632,19.1,12973572096,3446538240,368066560,42647552,853770240
2026-04-26T16:02:11.163509,17002643456,13728497664,3274145792,19.3,12951207936,3476324352,368066560,42647552,853770240
2026-04-26T16:02:12.165413,17002643456,13557088256,3445555200,20.3,12779798528,3621486592,368066560,42647552,853770240
2026-04-26T16:02:13.167295,17002643456,13451526144,3551117312,20.9,12674236416,3704111104,368066560,42647552,853770240
2026-04-26T16:02:14.168793,17002643456,13451526144,3551117312,20.9,12674236416,3704111104,368066560,42647552,853770240
2026-04-26T16:02:15.170289,17002643456,13453246464,3549396992,20.9,12675956736,3704111104,368066560,42647552,853770240
2026-04-26T16:02:16.172426,17002643456,13449084928,3553558528,20.9,12671795200,3673374720,368066560,42647552,853770240
2026-04-26T16:02:17.173986,17002643456,13691076608,3311566848,19.5,12913786880,3419029504,368066560,42647552,853770240
2026-04-26T16:02:18.176960,17002643456,13666254848,3336388608,19.6,12888965120,3441655808,368066560,42647552,853770240
2026-04-26T16:02:19.178944,17002643456,13668122624,3334520832,19.6,12890832896,3452190720,368066560,42647552,853770240
2026-04-26T16:02:20.181075,17002643456,13649936384,3352707072,19.7,12872646656,3473522688,368066560,42647552,853770240
2026-04-26T16:02:21.182939,17002643456,13654130688,3348512768,19.7,12876840960,3473522688,368066560,42647552,853770240
2026-04-26T16:02:22.184531,17002643456,13666435072,3336208384,19.6,12889145344,3473522688,368066560,42647552,853770240
2026-04-26T16:02:23.188099,17002643456,13706100736,3296542720,19.4,12928811008,3442704384,368066560,42647552,853770240
2026-04-26T16:02:24.189795,17002643456,13713850368,3288793088,19.3,12936560640,3442704384,368066560,42647552,853770240
2026-04-26T16:02:25.192130,17002643456,13713358848,3289284608,19.3,12936069120,3474014208,368066560,42647552,853770240
2026-04-26T16:02:26.194145,17002643456,13680181248,3322462208,19.5,12902891520,3514548224,368066560,42647552,853770240
2026-04-26T16:02:27.195608,17002643456,13680181248,3322462208,19.5,12902891520,3514548224,368066560,42647552,853770240
2026-04-26T16:02:28.197121,17002643456,13682884608,3319758848,19.5,12905594880,3514548224,368066560,42647552,853770240
2026-04-26T16:02:29.198979,17002643456,13684097024,3318546432,19.5,12906807296,3514548224,368066560,42647552,853770240
2026-04-26T16:02:30.200732,17002643456,13686685696,3315957760,19.5,12909395968,3514548224,368066560,42647552,853770240
2026-04-26T16:02:31.202474,17002643456,13682540544,3320102912,19.5,12905250816,3515564032,368066560,42647552,853770240
2026-04-26T16:02:32.205683,17002643456,13738180608,3264462848,19.2,12960890880,3443081216,368066560,42647552,853770240
2026-04-26T16:02:33.207776,17002643456,13627834368,3374809088,19.8,12850544640,3558162432,368066560,42647552,853770240
2026-04-26T16:02:34.209663,17002643456,13654949888,3347693568,19.7,12877660160,3516645376,368066560,42647552,853770240
2026-04-26T16:02:35.211586,17002643456,13656195072,3346448384,19.7,12878905344,3516645376,368066560,42647552,853770240
2026-04-26T16:02:36.213447,17002643456,13659799552,3342843904,19.7,12882509824,3528146944,368066560,42647552,853770240
2026-04-26T16:02:37.215900,17002643456,13721010176,3281633280,19.3,12943720448,3475226624,368066560,42647552,853770240
2026-04-26T16:02:38.217932,17002643456,13719207936,3283435520,19.3,12941918208,3479633920,368066560,42663936,853770240
2026-04-26T16:02:39.219039,17002643456,13664419840,3338223616,19.6,12887113728,3539025920,368082944,42663936,853770240
2026-04-26T16:02:40.220079,17002643456,13664419840,3338223616,19.6,12887113728,3539025920,368082944,42663936,853770240
2026-04-26T16:02:41.221106,17002643456,13666140160,3336503296,19.6,12888834048,3539025920,368082944,42663936,853770240
2026-04-26T16:02:42.222502,17002643456,13667860480,3334782976,19.6,12890554368,3539025920,368082944,42663936,853770240
2026-04-26T16:02:43.225804,17002643456,13671071744,3331571712,19.6,12893765632,3539320832,368082944,42663936,853770240
2026-04-26T16:02:44.227922,17002643456,13595131904,3407511552,20.0,12817825792,3589849088,368082944,42663936,853770240
2026-04-26T16:02:45.229823,17002643456,13565640704,3437002752,20.2,12788334592,3609493504,368082944,42663936,853770240
2026-04-26T16:02:46.231719,17002643456,13565640704,3437002752,20.2,12788334592,3609493504,368082944,42663936,853770240
2026-04-26T16:02:47.233511,17002643456,13570670592,3431972864,20.2,12793364480,3577380864,368082944,42663936,853770240
2026-04-26T16:02:48.236504,17002643456,13569343488,3433299968,20.2,12792037376,3585376256,368082944,42663936,853770240
2026-04-26T16:02:49.238338,17002643456,13558546432,3444097024,20.3,12781240320,3607216128,368082944,42663936,853770240
2026-04-26T16:02:50.240705,17002643456,13561069568,3441573888,20.2,12783763456,3607216128,368082944,42663936,853770240
2026-04-26T16:02:51.242601,17002643456,13570965504,3431677952,20.2,12793659392,3608543232,368082944,42663936,853770240
2026-04-26T16:02:52.243754,17002643456,13574766592,3427876864,20.2,12797460480,3608543232,368082944,42663936,853770240
2026-04-26T16:02:53.244790,17002643456,13577175040,3425468416,20.1,12799868928,3608543232,368082944,42663936,853770240
2026-04-26T16:02:54.245852,17002643456,13581975552,3420667904,20.1,12804669440,3608543232,368082944,42663936,853770240
2026-04-26T16:02:55.247798,17002643456,13586464768,3416178688,20.1,12809158656,3608543232,368082944,42663936,853770240
2026-04-26T16:02:56.249567,17002643456,13590806528,3411836928,20.1,12813500416,3609051136,368082944,42663936,853770240
2026-04-26T16:02:57.251794,17002643456,13595230208,3407413248,20.0,12817924096,3609051136,368082944,42663936,853770240
2026-04-26T16:02:58.253840,17002643456,13709017088,3293626368,19.4,12931710976,3476373504,368082944,42663936,853770240
2026-04-26T16:02:59.255587,17002643456,13713047552,3289595904,19.3,12935741440,3476373504,368082944,42663936,853770240
2026-04-26T16:03:00.257438,17002643456,13717618688,3285024768,19.3,12940312576,3476373504,368082944,42663936,853770240
2026-04-26T16:03:01.260024,17002643456,13720715264,3281928192,19.3,12943409152,3476373504,368082944,42663936,853770240
2026-04-26T16:03:02.262064,17002643456,13724139520,3278503936,19.3,12946833408,3476373504,368082944,42663936,853770240
2026-04-26T16:03:03.263452,17002643456,13727399936,3275243520,19.3,12950093824,3476373504,368082944,42663936,853770240
2026-04-26T16:03:04.264715,17002643456,13360087040,3642556416,21.4,12582780928,3782344704,368082944,42663936,853770240
2026-04-26T16:03:05.266178,17002643456,13549240320,3453403136,20.3,12771934208,3556376576,368082944,42663936,853770240
2026-04-26T16:03:06.267670,17002643456,13549240320,3453403136,20.3,12771934208,3556376576,368082944,42663936,853770240
2026-04-26T16:03:07.269136,17002643456,13549240320,3453403136,20.3,12771934208,3556376576,368082944,42663936,853770240
2026-04-26T16:03:08.271797,17002643456,13553483776,3449159680,20.3,12776177664,3556966400,368082944,42663936,853770240
2026-04-26T16:03:09.273852,17002643456,13662535680,3340107776,19.6,12885229568,3491872768,368082944,42663936,853770240
2026-04-26T16:03:10.282592,17002643456,13721042944,3281600512,19.3,12943736832,3423993856,368082944,42663936,853770240
2026-04-26T16:03:11.284480,17002643456,13727170560,3275472896,19.3,12949864448,3430825984,368082944,42663936,853770240
2026-04-26T16:03:12.286731,17002643456,13713309696,3289333760,19.3,12936003584,3454697472,368082944,42663936,853770240
2026-04-26T16:03:13.289612,17002643456,13716062208,3286581248,19.3,12938756096,3454697472,368082944,42663936,853770240
2026-04-26T16:03:14.291133,17002643456,13729415168,3273228288,19.3,12952109056,3454697472,368082944,42663936,853770240
2026-04-26T16:03:15.293128,17002643456,13733527552,3269115904,19.2,12956221440,3454697472,368082944,42663936,853770240
2026-04-26T16:03:16.295068,17002643456,13735116800,3267526656,19.2,12957810688,3454697472,368082944,42663936,853770240
2026-04-26T16:03:17.297535,17002643456,13538295808,3464347648,20.4,12760989696,3633233920,368082944,42663936,853770240
2026-04-26T16:03:18.298746,17002643456,13460144128,3542499328,20.8,12682838016,3684024320,368082944,42663936,853770240
2026-04-26T16:03:19.300267,17002643456,13460144128,3542499328,20.8,12682838016,3684024320,368082944,42663936,853770240
2026-04-26T16:03:20.301760,17002643456,13458178048,3544465408,20.8,12680871936,3684024320,368082944,42663936,853770240
2026-04-26T16:03:21.304105,17002643456,13450117120,3552526336,20.9,12672811008,3684024320,368082944,42663936,853770240
2026-04-26T16:03:22.305688,17002643456,13450723328,3551920128,20.9,12673417216,3684024320,368082944,42663936,853770240
2026-04-26T16:03:23.307801,17002643456,13454639104,3548004352,20.9,12677332992,3684024320,368082944,42663936,853770240
2026-04-26T16:03:24.310375,17002643456,13465583616,3537059840,20.8,12688277504,3684024320,368082944,42663936,853770240
2026-04-26T16:03:25.312986,17002643456,13414039552,3588603904,21.1,12636733440,3745628160,368082944,42663936,853770240
2026-04-26T16:03:26.314814,17002643456,13425442816,3577200640,21.0,12648136704,3696607232,368082944,42663936,853770240
2026-04-26T16:03:27.316582,17002643456,13429309440,3573334016,21.0,12652003328,3696607232,368082944,42663936,853770240
2026-04-26T16:03:28.321473,17002643456,13495238656,3507404800,20.6,12717932544,3630415872,368082944,42663936,853770240
2026-04-26T16:03:29.323076,17002643456,13420003328,3582640128,21.1,12642697216,3745628160,368082944,42663936,853770240
2026-04-26T16:03:30.325192,17002643456,13365936128,3636707328,21.4,12588630016,3800432640,368082944,42663936,853770240
2026-04-26T16:03:31.326443,17002643456,13338411008,3664232448,21.6,12561104896,3835478016,368082944,42663936,853770240
2026-04-26T16:03:32.327929,17002643456,13338411008,3664232448,21.6,12561104896,3835478016,368082944,42663936,853770240
2026-04-26T16:03:33.329406,17002643456,13340131328,3662512128,21.5,12562825216,3835478016,368082944,42663936,853770240
2026-04-26T16:03:34.331424,17002643456,13344456704,3658186752,21.5,12567150592,3835478016,368082944,42663936,853770240
2026-04-26T16:03:35.333340,17002643456,13543178240,3459465216,20.3,12765872128,3630465024,368082944,42663936,853770240
2026-04-26T16:03:36.335039,17002643456,13734084608,3268558848,19.2,12956778496,3438559232,368082944,42663936,853770240
2026-04-26T16:03:37.337425,17002643456,13724499968,3278143488,19.3,12947193856,3461922816,368082944,42663936,853770240
2026-04-26T16:03:38.338910,17002643456,13725188096,3277455360,19.3,12947881984,3461922816,368082944,42663936,853770240
2026-04-26T16:03:39.341328,17002643456,13732282368,3270361088,19.2,12954976256,3461922816,368082944,42663936,853770240
2026-04-26T16:03:40.344608,17002643456,13733232640,3269410816,19.2,12955926528,3461922816,368082944,42663936,853770240
2026-04-26T16:03:41.348115,17002643456,13734592512,3268050944,19.2,12957286400,3461922816,368082944,42663936,853770240
2026-04-26T16:03:42.350402,17002643456,13740965888,3261677568,19.2,12963659776,3461922816,368082944,42663936,853770240
2026-04-26T16:03:43.352036,17002643456,13530595328,3472048128,20.4,12753289216,3636117504,368082944,42663936,853770240
2026-04-26T16:03:44.353274,17002643456,13492256768,3510386688,20.6,12714950656,3691479040,368082944,42663936,853770240
2026-04-26T16:03:45.354749,17002643456,13492256768,3510386688,20.6,12714950656,3691479040,368082944,42663936,853770240
2026-04-26T16:03:46.356206,17002643456,13495664640,3506978816,20.6,12718358528,3691479040,368082944,42663936,853770240
2026-04-26T16:03:47.358418,17002643456,13497384960,3505258496,20.6,12720078848,3691479040,368082944,42663936,853770240
2026-04-26T16:03:48.360450,17002643456,13720518656,3282124800,19.3,12943212544,3437395968,368082944,42663936,853770240
2026-04-26T16:03:49.362398,17002643456,13704298496,3298344960,19.4,12926992384,3465265152,368082944,42663936,853770240
2026-04-26T16:03:50.364594,17002643456,13629440000,3373203456,19.8,12852133888,3549872128,368082944,42663936,853770240
2026-04-26T16:03:51.367091,17002643456,13589135360,3413508096,20.1,12811829248,3567714304,368082944,42663936,853770240
2026-04-26T16:03:52.368774,17002643456,13581025280,3421618176,20.1,12803719168,3567747072,368082944,42663936,853770240
2026-04-26T16:03:53.370399,17002643456,13579862016,3422781440,20.1,12802555904,3574923264,368082944,42663936,853770240
2026-04-26T16:03:54.373453,17002643456,13560201216,3442442240,20.2,12782895104,3598794752,368082944,42663936,853770240
2026-04-26T16:03:55.375294,17002643456,13694828544,3307814912,19.5,12917522432,3465953280,368082944,42663936,853770240
2026-04-26T16:03:56.376939,17002643456,13555679232,3446964224,20.3,12778373120,3613736960,368082944,42663936,853770240
2026-04-26T16:03:57.378674,17002643456,13520535552,3482107904,20.5,12743229440,3656908800,368082944,42663936,853770240
2026-04-26T16:03:58.380300,17002643456,13517963264,3484680192,20.5,12740313088,3655073792,368394240,42975232,853852160
2026-04-26T16:03:59.381782,17002643456,13519208448,3483435008,20.5,12741541888,3657482240,368394240,42975232,853852160
2026-04-26T16:04:00.383340,17002643456,13518962688,3483680768,20.5,12741296128,3657482240,368394240,42975232,853868544
2026-04-26T16:04:01.385713,17002643456,13525090304,3477553152,20.5,12747423744,3657482240,368394240,42975232,853868544
2026-04-26T16:04:02.387326,17002643456,13525893120,3476750336,20.4,12748226560,3657482240,368394240,42975232,853868544
2026-04-26T16:04:03.388894,17002643456,13703053312,3299590144,19.4,12925386752,3466166272,368394240,42975232,853868544
2026-04-26T16:04:04.390696,17002643456,13708541952,3294101504,19.4,12930875392,3466166272,368394240,42975232,853868544
2026-04-26T16:04:05.392555,17002643456,13712162816,3290480640,19.4,12934496256,3466166272,368394240,42975232,853868544
2026-04-26T16:04:06.394373,17002643456,13714505728,3288137728,19.3,12936839168,3466166272,368394240,42975232,853868544
2026-04-26T16:04:07.396005,17002643456,13593378816,3409264640,20.1,12815712256,3584065536,368394240,42975232,853868544
2026-04-26T16:04:08.398942,17002643456,13613580288,3389063168,19.9,12835913728,3533340672,368394240,42975232,853868544
2026-04-26T16:04:09.400945,17002643456,13504905216,3497738240,20.6,12727238656,3678273536,368394240,42975232,853868544
2026-04-26T16:04:10.402515,17002643456,13669744640,3332898816,19.6,12892078080,3466280960,368394240,42975232,853868544
2026-04-26T16:04:11.403536,17002643456,13671170048,3331473408,19.6,12893503488,3466280960,368394240,42975232,853868544
2026-04-26T16:04:12.404553,17002643456,13672890368,3329753088,19.6,12895223808,3466280960,368394240,42975232,853868544
2026-04-26T16:04:13.406233,17002643456,13589135360,3413508096,20.1,12811468800,3581509632,368394240,42975232,853868544
2026-04-26T16:04:14.409446,17002643456,13626703872,3375939584,19.9,12849037312,3532488704,368394240,42975232,853868544
2026-04-26T16:04:15.410902,17002643456,13627097088,3375546368,19.9,12849430528,3532488704,368394240,42975232,853868544
2026-04-26T16:04:16.412538,17002643456,13634502656,3368140800,19.8,12856836096,3532488704,368394240,42975232,853868544
2026-04-26T16:04:17.415508,17002643456,13580926976,3421716480,20.1,12803260416,3605938176,368394240,42975232,853868544
2026-04-26T16:04:18.417773,17002643456,13614923776,3387719680,19.9,12837257216,3532947456,368394240,42975232,853868544
2026-04-26T16:04:19.420105,17002643456,13615464448,3387179008,19.9,12837797888,3532947456,368394240,42975232,853868544
2026-04-26T16:04:20.421421,17002643456,13623328768,3379314688,19.9,12845662208,3532947456,368394240,42975232,853868544
2026-04-26T16:04:21.423447,17002643456,13568606208,3434037248,20.2,12790939648,3605102592,368394240,42975232,853868544
2026-04-26T16:04:22.424787,17002643456,13439172608,3563470848,21.0,12661506048,3715825664,368394240,42975232,853868544
2026-04-26T16:04:23.426095,17002643456,13418037248,3584606208,21.1,12640370688,3758997504,368394240,42975232,853868544
2026-04-26T16:04:24.427122,17002643456,13418037248,3584606208,21.1,12640370688,3758997504,368394240,42975232,853868544
2026-04-26T16:04:25.428192,17002643456,13421477888,3581165568,21.1,12643811328,3758997504,368394240,42975232,853868544
2026-04-26T16:04:26.430289,17002643456,13424918528,3577724928,21.0,12647251968,3758997504,368394240,42975232,853868544
2026-04-26T16:04:27.431944,17002643456,13678870528,3323772928,19.5,12901203968,3445325824,368394240,42975232,853868544
2026-04-26T16:04:28.434591,17002643456,13674659840,3327983616,19.6,12896993280,3465641984,368394240,42975232,853868544
2026-04-26T16:04:29.437204,17002643456,13681213440,3321430016,19.5,12903546880,3465641984,368394240,42975232,853868544
2026-04-26T16:04:30.438507,17002643456,13692682240,3309961216,19.5,12915015680,3465641984,368394240,42975232,853868544
2026-04-26T16:04:31.440765,17002643456,13601079296,3401564160,20.0,12823412736,3583410176,368394240,42975232,853868544
2026-04-26T16:04:32.442992,17002643456,13642825728,3359817728,19.8,12865159168,3533160448,368394240,42975232,853868544
2026-04-26T16:04:33.444761,17002643456,13640613888,3362029568,19.8,12862947328,3510075392,368394240,42975232,853868544
2026-04-26T16:04:34.446114,17002643456,13628571648,3374071808,19.8,12850905088,3532423168,368394240,42975232,853868544
2026-04-26T16:04:35.447928,17002643456,13445971968,3556671488,20.9,12668305408,3709829120,368394240,42975232,853868544
2026-04-26T16:04:36.449622,17002643456,13442138112,3560505344,20.9,12664471552,3690397696,368394240,42975232,853868544
2026-04-26T16:04:37.451160,17002643456,13448003584,3554639872,20.9,12670337024,3690397696,368394240,42975232,853868544
2026-04-26T16:04:38.452702,17002643456,13457358848,3545284608,20.9,12679692288,3690397696,368394240,42975232,853868544
2026-04-26T16:04:39.455391,17002643456,13463633920,3539009536,20.8,12685967360,3690397696,368394240,42975232,853868544
2026-04-26T16:04:40.457701,17002643456,13468401664,3534241792,20.8,12690735104,3690397696,368394240,42975232,853868544
2026-04-26T16:04:41.460607,17002643456,13476839424,3525804032,20.7,12699172864,3690397696,368394240,42975232,853868544
2026-04-26T16:04:42.462292,17002643456,13705199616,3297443840,19.4,12927533056,3437985792,368394240,42975232,853868544
2026-04-26T16:04:43.464490,17002643456,13709262848,3293380608,19.4,12931596288,3437985792,368394240,42975232,853868544
2026-04-26T16:04:44.466189,17002643456,13721485312,3281158144,19.3,12943818752,3437985792,368394240,42975232,853868544
2026-04-26T16:04:45.469648,17002643456,13727612928,3275030528,19.3,12949946368,3438493696,368394240,42975232,853868544
2026-04-26T16:04:46.471290,17002643456,13706969088,3295674368,19.4,12929302528,3462692864,368394240,42975232,853868544
2026-04-26T16:04:47.473915,17002643456,13576388608,3426254848,20.2,12798722048,3580657664,368394240,42975232,853868544
2026-04-26T16:04:48.475686,17002643456,13550583808,3452059648,20.3,12772917248,3597189120,368394240,42975232,853868544
2026-04-26T16:04:49.476970,17002643456,13661667328,3340976128,19.6,12884000768,3463348224,368394240,42975232,853868544
2026-04-26T16:04:50.478502,17002643456,13677084672,3325558784,19.6,12899418112,3463348224,368394240,42975232,853868544
2026-04-26T16:04:51.480010,17002643456,13682884608,3319758848,19.5,12905218048,3463348224,368394240,42975232,853868544
2026-04-26T16:04:52.482486,17002643456,13600702464,3401940992,20.0,12823035904,3579150336,368394240,42975232,853868544
2026-04-26T16:04:53.485223,17002643456,13577846784,3424796672,20.1,12800180224,3596943360,368394240,42975232,853868544
2026-04-26T16:04:54.489411,17002643456,13577846784,3424796672,20.1,12800180224,3596943360,368394240,42975232,853868544
2026-04-26T16:04:55.490656,17002643456,13692862464,3309780992,19.5,12915195904,3463380992,368394240,42975232,853868544
2026-04-26T16:04:56.492018,17002643456,13696319488,3306323968,19.4,12918652928,3463380992,368394240,42975232,853868544
2026-04-26T16:04:57.493998,17002643456,13701382144,3301261312,19.4,12923715584,3463380992,368394240,42975232,853868544
2026-04-26T16:04:58.495978,17002643456,13710360576,3292282880,19.4,12932694016,3463380992,368394240,42975232,853868544
2026-04-26T16:04:59.498367,17002643456,13717028864,3285614592,19.3,12939362304,3463380992,368394240,42975232,853868544
2026-04-26T16:05:00.499790,17002643456,13609680896,3392962560,20.0,12832014336,3578986496,368394240,42975232,853868544
2026-04-26T16:05:01.501739,17002643456,13613481984,3389161472,19.9,12835815424,3566698496,368394240,42975232,853868544
2026-04-26T16:05:02.503144,17002643456,13580058624,3422584832,20.1,12802392064,3601793024,368394240,42975232,853868544
2026-04-26T16:05:03.504638,17002643456,13580058624,3422584832,20.1,12802392064,3601793024,368394240,42975232,853868544
2026-04-26T16:05:04.506123,17002643456,13581778944,3420864512,20.1,12804112384,3601793024,368394240,42975232,853868544
2026-04-26T16:05:05.508914,17002643456,13585219584,3417423872,20.1,12807553024,3601793024,368394240,42975232,853868544
2026-04-26T16:05:06.510416,17002643456,13645791232,3356852224,19.7,12868124672,3498852352,368394240,42975232,853868544
2026-04-26T16:05:07.512575,17002643456,13648756736,3353886720,19.7,12871073792,3498852352,368394240,42975232,853884928
2026-04-26T16:05:08.514655,17002643456,13658357760,3344285696,19.7,12880674816,3498852352,368394240,42975232,853884928
2026-04-26T16:05:09.517131,17002643456,13663567872,3339075584,19.6,12885884928,3498852352,368394240,42975232,853884928
2026-04-26T16:05:10.520257,17002643456,13661372416,3341271040,19.7,12883689472,3548479488,368394240,42975232,853884928
2026-04-26T16:05:11.522498,17002643456,13616398336,3386245120,19.9,12838715392,3565895680,368394240,42975232,853884928
2026-04-26T16:05:12.525136,17002643456,13613203456,3389440000,19.9,12835520512,3577135104,368394240,42975232,853884928
2026-04-26T16:05:13.527593,17002643456,13604601856,3398041600,20.0,12826918912,3593388032,368394240,42975232,853884928
2026-04-26T16:05:14.529435,17002643456,13603618816,3399024640,20.0,12825935872,3593601024,368394240,42975232,853884928
2026-04-26T16:05:15.530721,17002643456,13606961152,3395682304,20.0,12829278208,3593601024,368394240,42975232,853884928
2026-04-26T16:05:16.532218,17002643456,13608501248,3394142208,20.0,12830818304,3593601024,368394240,42975232,853884928
2026-04-26T16:05:17.533760,17002643456,13610156032,3392487424,20.0,12832473088,3593601024,368394240,42975232,853884928
2026-04-26T16:05:18.537452,17002643456,13610893312,3391750144,19.9,12833210368,3593601024,368394240,42975232,853884928
2026-04-26T16:05:19.539885,17002643456,13612204032,3390439424,19.9,12834521088,3593601024,368394240,42975232,853884928
2026-04-26T16:05:20.542196,17002643456,13605076992,3397566464,20.0,12827394048,3597647872,368394240,42975232,853884928
2026-04-26T16:05:21.543832,17002643456,13605371904,3397271552,20.0,12827688960,3597647872,368394240,42975232,853884928
2026-04-26T16:05:22.545130,17002643456,13591019520,3411623936,20.1,12813336576,3590340608,368394240,42975232,853884928
2026-04-26T16:05:23.547529,17002643456,13669400576,3333242880,19.6,12891717632,3486433280,368394240,42975232,853884928
2026-04-26T16:05:24.549415,17002643456,13656866816,3345776640,19.7,12879183872,3508273152,368394240,42975232,853884928
2026-04-26T16:05:25.551085,17002643456,13658161152,3344482304,19.7,12880478208,3508273152,368394240,42975232,853884928
2026-04-26T16:05:26.552779,17002643456,13719257088,3283386368,19.3,12941574144,3455729664,368394240,42975232,853884928
2026-04-26T16:05:27.554410,17002643456,13570785280,3431858176,20.2,12793102336,3604021248,368394240,42975232,853884928
2026-04-26T16:05:28.555598,17002643456,13541785600,3460857856,20.4,12764102656,3647193088,368394240,42975232,853884928
2026-04-26T16:05:29.557097,17002643456,13541785600,3460857856,20.4,12764102656,3647193088,368394240,42975232,853884928
2026-04-26T16:05:30.558584,17002643456,13543424000,3459219456,20.3,12765741056,3647193088,368394240,42975232,853884928
2026-04-26T16:05:31.560169,17002643456,13723648000,3278995456,19.3,12945965056,3456253952,368394240,42975232,853884928
2026-04-26T16:05:32.562067,17002643456,13723156480,3279486976,19.3,12945473536,3456253952,368394240,42975232,853884928
2026-04-26T16:05:33.564061,17002643456,13726351360,3276292096,19.3,12948668416,3456253952,368394240,42975232,853884928
2026-04-26T16:05:34.566850,17002643456,13729431552,3273211904,19.3,12951748608,3456253952,368394240,42975232,853884928
2026-04-26T16:05:35.569678,17002643456,13730070528,3272572928,19.2,12952387584,3456253952,368394240,42975232,853884928
2026-04-26T16:05:36.571756,17002643456,13735870464,3266772992,19.2,12958187520,3456253952,368394240,42975232,853884928
2026-04-26T16:05:37.573355,17002643456,13610532864,3392110592,20.0,12832849920,3579248640,368394240,42975232,853884928
2026-04-26T16:05:38.575775,17002643456,13550075904,3452567552,20.3,12772392960,3601465344,368394240,42975232,853884928
2026-04-26T16:05:39.577385,17002643456,13684604928,3318038528,19.5,12906921984,3463987200,368394240,42975232,853884928
2026-04-26T16:05:40.578784,17002643456,13333905408,3668738048,21.6,12556222464,3783180288,368394240,42975232,853884928
2026-04-26T16:05:41.580907,17002643456,13586972672,3415670784,20.1,12809289728,3456794624,368394240,42975232,853884928
2026-04-26T16:05:42.582383,17002643456,13586972672,3415670784,20.1,12809289728,3456794624,368394240,42975232,853884928
2026-04-26T16:05:43.583839,17002643456,13593542656,3409100800,20.1,12815859712,3456794624,368394240,42975232,853884928
2026-04-26T16:05:44.585379,17002643456,13650558976,3352084480,19.7,12872876032,3435429888,368394240,42975232,853884928
2026-04-26T16:05:45.587017,17002643456,13568065536,3434577920,20.2,12790382592,3579723776,368394240,42975232,853884928
2026-04-26T16:05:46.589316,17002643456,13549142016,3453501440,20.3,12771459072,3530194944,368394240,42975232,853884928
2026-04-26T16:05:47.591703,17002643456,13555351552,3447291904,20.3,12777668608,3578773504,368394240,42975232,853884928
2026-04-26T16:05:48.593665,17002643456,13537165312,3465478144,20.4,12759482368,3596910592,368394240,42975232,853884928
2026-04-26T16:05:49.595618,17002643456,13537165312,3465478144,20.4,12759482368,3596910592,368394240,42975232,853884928
2026-04-26T16:05:50.597554,17002643456,13582254080,3420389376,20.1,12804571136,3572793344,368394240,42975232,853884928
2026-04-26T16:05:51.600252,17002643456,13588840448,3413803008,20.1,12811157504,3569745920,368394240,42975232,853884928
2026-04-26T16:05:52.601862,17002643456,13661962240,3340681216,19.6,12884279296,3500425216,368394240,42975232,853884928
2026-04-26T16:05:53.604298,17002643456,13656817664,3345825792,19.7,12879134720,3510943744,368394240,42975232,853884928
2026-04-26T16:05:54.605718,17002643456,13610860544,3391782912,19.9,12833177600,3558178816,368394240,42975232,853884928
2026-04-26T16:05:55.607244,17002643456,13604962304,3397681152,20.0,12827279360,3558178816,368394240,42975232,853884928
2026-04-26T16:05:56.608764,17002643456,13608402944,3394240512,20.0,12830720000,3558178816,368394240,42975232,853884928
2026-04-26T16:05:57.613683,17002643456,13675610112,3327033344,19.6,12897927168,3491921920,368394240,42975232,853884928
2026-04-26T16:05:58.615014,17002643456,13668532224,3334111232,19.6,12890849280,3500048384,368394240,42975232,853884928
2026-04-26T16:05:59.616938,17002643456,13672497152,3330146304,19.6,12894814208,3464757248,368394240,42975232,853884928
2026-04-26T16:06:00.619177,17002643456,13678297088,3324346368,19.6,12900614144,3464757248,368394240,42975232,853884928
2026-04-26T16:06:01.620818,17002643456,13698416640,3304226816,19.4,12920733696,3433791488,368394240,42975232,853884928
2026-04-26T16:06:02.622410,17002643456,13645643776,3356999680,19.7,12867960832,3551625216,368394240,42975232,853884928
2026-04-26T16:06:03.624616,17002643456,13616398336,3386245120,19.9,12838715392,3567632384,368394240,42975232,853884928
2026-04-26T16:06:04.627554,17002643456,13614432256,3388211200,19.9,12836749312,3577872384,368394240,42975232,853884928
2026-04-26T16:06:05.628984,17002643456,13600178176,3402465280,20.0,12822495232,3597172736,368394240,42975232,853884928
2026-04-26T16:06:06.632363,17002643456,13599686656,3402956800,20.0,12822003712,3597647872,368394240,42975232,853884928
2026-04-26T16:06:07.634012,17002643456,13718552576,3284090880,19.3,12940869632,3463987200,368394240,42975232,853884928
2026-04-26T16:06:08.635098,17002643456,13719027712,3283615744,19.3,12941344768,3463987200,368394240,42975232,853884928
2026-04-26T16:06:09.636157,17002643456,13723254784,3279388672,19.3,12945571840,3463987200,368394240,42975232,853884928
2026-04-26T16:06:10.637442,17002643456,13724499968,3278143488,19.3,12946817024,3463987200,368394240,42975232,853884928
2026-04-26T16:06:11.639665,17002643456,13746487296,3256156160,19.2,12968804352,3443523584,368394240,42975232,853884928
2026-04-26T16:06:12.641770,17002643456,13730267136,3272376320,19.2,12952584192,3463331840,368394240,42975232,853884928
2026-04-26T16:06:13.643720,17002643456,13730267136,3272376320,19.2,12952584192,3463331840,368394240,42975232,853884928
2026-04-26T16:06:14.645648,17002643456,13737623552,3265019904,19.2,12959940608,3463331840,368394240,42975232,853884928
2026-04-26T16:06:15.647679,17002643456,13738246144,3264397312,19.2,12960563200,3463331840,368394240,42975232,853884928
2026-04-26T16:06:16.649291,17002643456,13740097536,3262545920,19.2,12962414592,3463331840,368394240,42975232,853884928
2026-04-26T16:06:17.651845,17002643456,13769981952,3232661504,19.0,12992299008,3433906176,368394240,42975232,853884928
2026-04-26T16:06:18.654148,17002643456,13773438976,3229204480,19.0,12995756032,3433906176,368394240,42975232,853884928
2026-04-26T16:06:19.655822,17002643456,13774782464,3227860992,19.0,12997099520,3433906176,368394240,42975232,853884928
2026-04-26T16:06:20.657049,17002643456,13777158144,3225485312,19.0,12999475200,3433906176,368394240,42975232,853884928
2026-04-26T16:06:21.658131,17002643456,13778305024,3224338432,19.0,13000622080,3433906176,368394240,42975232,853884928
2026-04-26T16:06:22.659211,17002643456,13780615168,3222028288,19.0,13002932224,3433906176,368394240,42975232,853884928
2026-04-26T16:06:23.661524,17002643456,13782253568,3220389888,18.9,13004570624,3433906176,368394240,42975232,853884928
2026-04-26T16:06:24.663998,17002643456,13784006656,3218636800,18.9,13006323712,3433906176,368394240,42975232,853884928
2026-04-26T16:06:25.665912,17002643456,13784694784,3217948672,18.9,13007011840,3433906176,368394240,42975232,853884928
2026-04-26T16:06:26.667848,17002643456,13786267648,3216375808,18.9,13008584704,3433906176,368394240,42975232,853884928
2026-04-26T16:06:27.670196,17002643456,13787496448,3215147008,18.9,13009813504,3433906176,368394240,42975232,853884928
2026-04-26T16:06:28.672702,17002643456,13786447872,3216195584,18.9,13008764928,3434020864,368394240,42975232,853884928
2026-04-26T16:06:29.674976,17002643456,13787676672,3214966784,18.9,13009993728,3434020864,368394240,42975232,853884928
2026-04-26T16:06:30.677827,17002643456,13790806016,3211837440,18.9,13013123072,3434020864,368394240,42975232,853884928
2026-04-26T16:06:31.679741,17002643456,13791789056,3210854400,18.9,13014106112,3434020864,368394240,42975232,853884928
2026-04-26T16:06:32.681574,17002643456,13589757952,3412885504,20.1,12812075008,3581493248,368394240,42975232,853884928
2026-04-26T16:06:33.682850,17002643456,13559775232,3442868224,20.2,12782092288,3625172992,368394240,42975232,853884928
2026-04-26T16:06:34.684335,17002643456,13559545856,3443097600,20.3,12781862912,3625172992,368394240,42975232,853884928
2026-04-26T16:06:35.685817,17002643456,13561266176,3441377280,20.2,12783583232,3625172992,368394240,42975232,853884928
2026-04-26T16:06:36.688867,17002643456,13558366208,3444277248,20.3,12780683264,3634610176,368394240,42975232,853884928
2026-04-26T16:06:37.690833,17002643456,13709934592,3292708864,19.4,12932251648,3464429568,368394240,42975232,853884928
2026-04-26T16:06:38.692654,17002643456,13707886592,3294756864,19.4,12930203648,3464429568,368394240,42975232,853884928
2026-04-26T16:06:39.695479,17002643456,13707313152,3295330304,19.4,12929630208,3464429568,368394240,42975232,853884928
2026-04-26T16:06:40.697398,17002643456,13710016512,3292626944,19.4,12932333568,3464429568,368394240,42975232,853884928
2026-04-26T16:06:41.699783,17002643456,13578420224,3424223232,20.1,12800737280,3591405568,368394240,42975232,853884928
2026-04-26T16:06:42.702013,17002643456,13555318784,3447324672,20.3,12777635840,3597860864,368394240,42975232,853884928
2026-04-26T16:06:43.704338,17002643456,13555318784,3447324672,20.3,12777635840,3597860864,368394240,42975232,853884928
2026-04-26T16:06:44.706506,17002643456,13559087104,3443556352,20.3,12781404160,3598450688,368394240,42975232,853884928
2026-04-26T16:06:45.709201,17002643456,13561430016,3441213440,20.2,12783747072,3598991360,368394240,42975232,853884928
2026-04-26T16:06:46.710398,17002643456,13566197760,3436445696,20.2,12788514816,3598991360,368394240,42975232,853884928
2026-04-26T16:06:47.711917,17002643456,13571670016,3430973440,20.2,12793987072,3598991360,368394240,42975232,853884928
2026-04-26T16:06:48.713465,17002643456,13573554176,3429089280,20.2,12795871232,3598991360,368394240,42975232,853884928
2026-04-26T16:06:49.715185,17002643456,13597278208,3405365248,20.0,12819595264,3575988224,368394240,42975232,853884928
2026-04-26T16:06:50.716807,17002643456,13585973248,3416670208,20.1,12808290304,3597828096,368394240,42975232,853884928
2026-04-26T16:06:51.718629,17002643456,13586989056,3415654400,20.1,12809306112,3597828096,368394240,42975232,853884928
2026-04-26T16:06:52.720192,17002643456,13623132160,3379511296,19.9,12845449216,3567616000,368394240,42975232,853884928
2026-04-26T16:06:53.722453,17002643456,13599604736,3403038720,20.0,12821921792,3580952576,368394240,42975232,853884928
2026-04-26T16:06:54.724453,17002643456,13575520256,3427123200,20.2,12797837312,3567239168,368394240,42975232,853884928
2026-04-26T16:06:55.728264,17002643456,13568147456,3434496000,20.2,12790464512,3585277952,368394240,42975232,853884928
2026-04-26T16:06:56.730865,17002643456,13564952576,3437690880,20.2,12787269632,3597467648,368394240,42975232,853884928
2026-04-26T16:06:57.733048,17002643456,13677543424,3325100032,19.6,12899860480,3465396224,368394240,42975232,853884928
2026-04-26T16:06:58.734976,17002643456,13564624896,3438018560,20.2,12786941952,3614015488,368394240,42975232,853884928
2026-04-26T16:06:59.737043,17002643456,13545455616,3457187840,20.3,12767772672,3656679424,368394240,42975232,853884928
2026-04-26T16:07:00.738521,17002643456,13545455616,3457187840,20.3,12767772672,3656679424,368394240,42975232,853884928
2026-04-26T16:07:01.739974,17002643456,13545455616,3457187840,20.3,12767772672,3656679424,368394240,42975232,853884928
2026-04-26T16:07:02.742543,17002643456,13560594432,3442049024,20.2,12782911488,3598073856,368394240,42975232,853884928
2026-04-26T16:07:03.744344,17002643456,13562150912,3440492544,20.2,12784467968,3598090240,368394240,42975232,853884928
2026-04-26T16:07:04.746243,17002643456,13574291456,3428352000,20.2,12796608512,3598090240,368394240,42975232,853884928
2026-04-26T16:07:05.748390,17002643456,13582401536,3420241920,20.1,12804718592,3598090240,368394240,42975232,853884928
2026-04-26T16:07:06.749981,17002643456,13714358272,3288285184,19.3,12936675328,3466182656,368394240,42975232,853884928
2026-04-26T16:07:07.751187,17002643456,13714751488,3287891968,19.3,12937068544,3466182656,368394240,42975232,853884928
2026-04-26T16:07:08.754373,17002643456,13719142400,3283501056,19.3,12941459456,3466182656,368394240,42975232,853884928
2026-04-26T16:07:09.756501,17002643456,13735968768,3266674688,19.2,12958285824,3456811008,368394240,42975232,853884928
2026-04-26T16:07:10.759326,17002643456,13731053568,3271589888,19.2,12953370624,3464429568,368394240,42975232,853884928
2026-04-26T16:07:11.761549,17002643456,13732085760,3270557696,19.2,12954402816,3464527872,368394240,42975232,853884928
2026-04-26T16:07:12.762681,17002643456,13739278336,3263365120,19.2,12961595392,3464527872,368394240,42975232,853884928
2026-04-26T16:07:13.763738,17002643456,13743407104,3259236352,19.2,12965724160,3464527872,368394240,42975232,853884928
2026-04-26T16:07:14.764776,17002643456,13748568064,3254075392,19.1,12970885120,3464527872,368394240,42975232,853884928
2026-04-26T16:07:15.768242,17002643456,13779566592,3223076864,19.0,13001883648,3434889216,368394240,42975232,853884928
2026-04-26T16:07:16.770797,17002643456,13784317952,3218325504,18.9,13006635008,3434889216,368394240,42975232,853884928
2026-04-26T16:07:17.772735,17002643456,13785530368,3217113088,18.9,13007847424,3434889216,368394240,42975232,853884928
2026-04-26T16:07:18.774241,17002643456,13769998336,3232645120,19.0,12992315392,3455451136,368394240,42975232,853884928
2026-04-26T16:07:19.775751,17002643456,13555941376,3446702080,20.3,12778258432,3601235968,368394240,42975232,853884928
2026-04-26T16:07:20.777678,17002643456,13623803904,3378839552,19.9,12846120960,3535896576,368394240,42975232,853884928
2026-04-26T16:07:21.779712,17002643456,13623803904,3378839552,19.9,12846120960,3535896576,368394240,42975232,853884928
2026-04-26T16:07:22.781401,17002643456,13630652416,3371991040,19.8,12852969472,3535896576,368394240,42975232,853884928
2026-04-26T16:07:23.783148,17002643456,13671137280,3331506176,19.6,12893454336,3469688832,368394240,42975232,853884928
2026-04-26T16:07:24.784778,17002643456,13553418240,3449225216,20.3,12775735296,3620552704,368394240,42975232,853884928
2026-04-26T16:07:25.786752,17002643456,13516554240,3486089216,20.5,12738871296,3660169216,368394240,42975232,853884928
2026-04-26T16:07:26.787802,17002643456,13516554240,3486089216,20.5,12738871296,3660169216,368394240,42975232,853884928
2026-04-26T16:07:27.788923,17002643456,13519699968,3482943488,20.5,12742017024,3660169216,368394240,42975232,853884928
2026-04-26T16:07:28.793476,17002643456,13519978496,3482664960,20.5,12742295552,3660169216,368394240,42975232,853884928
2026-04-26T16:07:29.795130,17002643456,13520519168,3482124288,20.5,12742836224,3660169216,368394240,42975232,853884928
2026-04-26T16:07:30.796635,17002643456,13692813312,3309830144,19.5,12915130368,3469688832,368394240,42975232,853884928
2026-04-26T16:07:31.798104,17002643456,13696581632,3306061824,19.4,12918898688,3469688832,368394240,42975232,853884928
2026-04-26T16:07:32.800166,17002643456,13700382720,3302260736,19.4,12922699776,3469688832,368394240,42975232,853884928
2026-04-26T16:07:33.801998,17002643456,13703692288,3298951168,19.4,12926009344,3469688832,368394240,42975232,853884928
2026-04-26T16:07:34.803928,17002643456,13708623872,3294019584,19.4,12930940928,3469688832,368394240,42975232,853884928
2026-04-26T16:07:35.809490,17002643456,13712900096,3289743360,19.3,12935217152,3469688832,368394240,42975232,853884928
2026-04-26T16:07:36.811609,17002643456,13579255808,3423387648,20.1,12801572864,3606609920,368394240,42975232,853884928
2026-04-26T16:07:37.813583,17002643456,13621460992,3381182464,19.9,12843778048,3572498432,368394240,42975232,853884928
2026-04-26T16:07:38.815763,17002643456,13583368192,3419275264,20.1,12805685248,3608297472,368394240,42975232,853884928
2026-04-26T16:07:39.816802,17002643456,13583368192,3419275264,20.1,12805685248,3608297472,368394240,42975232,853884928
2026-04-26T16:07:40.817826,17002643456,13585088512,3417554944,20.1,12807405568,3608297472,368394240,42975232,853884928
2026-04-26T16:07:41.819559,17002643456,13588283392,3414360064,20.1,12810600448,3602857984,368394240,42975232,853884928
2026-04-26T16:07:42.821468,17002643456,13589905408,3412738048,20.1,12812222464,3602857984,368394240,42975232,853884928
2026-04-26T16:07:43.824036,17002643456,13648412672,3354230784,19.7,12870729728,3536650240,368394240,42975232,853884928
2026-04-26T16:07:44.825365,17002643456,13651869696,3350773760,19.7,12874186752,3536650240,368394240,42975232,853884928
2026-04-26T16:07:45.826690,17002643456,13710802944,3291840512,19.4,12933120000,3469869056,368394240,42975232,853884928
2026-04-26T16:07:46.829431,17002643456,13580615680,3422027776,20.1,12802932736,3611344896,368394240,42975232,853884928
2026-04-26T16:07:47.831043,17002643456,13580615680,3422027776,20.1,12802932736,3602792448,368394240,42975232,853884928
2026-04-26T16:07:48.832620,17002643456,13580615680,3422027776,20.1,12802932736,3602792448,368394240,42975232,853884928
2026-04-26T16:07:49.834026,17002643456,13568229376,3434414080,20.2,12790546432,3630104576,368394240,42975232,853884928
2026-04-26T16:07:50.835575,17002643456,13383909376,3618734080,21.3,12606226432,3794075648,368394240,42975232,853884928
2026-04-26T16:07:51.836900,17002643456,13368180736,3634462720,21.4,12590497792,3825565696,368394240,42975232,853884928
2026-04-26T16:07:52.837932,17002643456,13368180736,3634462720,21.4,12590497792,3825565696,368394240,42975232,853884928
2026-04-26T16:07:53.838995,17002643456,13369851904,3632791552,21.4,12592168960,3825565696,368394240,42975232,853884928
2026-04-26T16:07:54.841185,17002643456,13374619648,3628023808,21.3,12596936704,3825565696,368394240,42975232,853884928
2026-04-26T16:07:55.843053,17002643456,13633454080,3369189376,19.8,12855771136,3501785088,368394240,42975232,853884928
2026-04-26T16:07:56.845761,17002643456,13636812800,3365830656,19.8,12859129856,3501785088,368394240,42975232,853884928
2026-04-26T16:07:57.847956,17002643456,13642612736,3360030720,19.8,12864929792,3501785088,368394240,42975232,853884928
2026-04-26T16:07:58.850711,17002643456,13646135296,3356508160,19.7,12868452352,3501785088,368394240,42975232,853884928
2026-04-26T16:07:59.852295,17002643456,13653426176,3349217280,19.7,12875743232,3501785088,368394240,42975232,853884928
2026-04-26T16:08:00.854639,17002643456,13656997888,3345645568,19.7,12879314944,3501785088,368394240,42975232,853884928
2026-04-26T16:08:01.856017,17002643456,13662945280,3339698176,19.6,12885262336,3501785088,368394240,42975232,853884928
2026-04-26T16:08:02.857151,17002643456,13667008512,3335634944,19.6,12889325568,3501785088,368394240,42975232,853884928
2026-04-26T16:08:03.858363,17002643456,13457080320,3545563136,20.9,12679397376,3694706688,368394240,42975232,853884928
2026-04-26T16:08:04.859733,17002643456,13422673920,3579969536,21.1,12644990976,3725688832,368394240,42975232,853884928
2026-04-26T16:08:05.861203,17002643456,13422673920,3579969536,21.1,12644990976,3725688832,368394240,42975232,853884928
2026-04-26T16:08:06.862674,17002643456,13424394240,3578249216,21.0,12646711296,3725688832,368394240,42975232,853884928
2026-04-26T16:08:07.864406,17002643456,13242531840,3760111616,22.1,12464848896,3861430272,368394240,42975232,853884928
2026-04-26T16:08:08.866331,17002643456,13400178688,3602464768,21.2,12622495744,3668738048,368394240,42975232,853884928
2026-04-26T16:08:09.869500,17002643456,13400178688,3602464768,21.2,12622495744,3668738048,368394240,42975232,853884928
2026-04-26T16:08:10.873459,17002643456,13452951552,3549691904,20.9,12675268608,3670851584,368394240,42975232,853884928
2026-04-26T16:08:11.877511,17002643456,13486882816,3515760640,20.7,12709199872,3602087936,368394240,42975232,853884928
2026-04-26T16:08:12.879407,17002643456,13488062464,3514580992,20.7,12710379520,3602087936,368394240,42975232,853884928
2026-04-26T16:08:13.904842,17002643456,13497597952,3505045504,20.6,12719915008,3602087936,368394240,42975232,853884928
2026-04-26T16:08:14.927401,17002643456,13549502464,3453140992,20.3,12771819520,3535880192,368394240,42975232,853884928
2026-04-26T16:08:15.935533,17002643456,13557874688,3444768768,20.3,12780191744,3535880192,368394240,42975232,853884928
2026-04-26T16:08:16.937868,17002643456,13188743168,3813900288,22.4,12411060224,3914956800,368394240,42975232,853884928
2026-04-26T16:08:17.939717,17002643456,13373554688,3629088768,21.3,12595871744,3660693504,368394240,42975232,853884928
2026-04-26T16:08:18.940778,17002643456,13373554688,3629088768,21.3,12595871744,3660693504,368394240,42975232,853884928
2026-04-26T16:08:19.950430,17002643456,13379256320,3623387136,21.3,12601573376,3660693504,368394240,42975232,853884928
2026-04-26T16:08:20.971856,17002643456,13552631808,3450011648,20.3,12774948864,3528245248,368394240,42975232,853884928
2026-04-26T16:08:21.986452,17002643456,13552631808,3450011648,20.3,12774948864,3528261632,368394240,42975232,853884928
2026-04-26T16:08:23.007868,17002643456,13555990528,3446652928,20.3,12778307584,3528261632,368394240,42975232,853884928
2026-04-26T16:08:24.018439,17002643456,13563559936,3439083520,20.2,12785876992,3528261632,368394240,42975232,853884928
2026-04-26T16:08:25.020257,17002643456,13574144000,3428499456,20.2,12796461056,3528261632,368394240,42975232,853884928
2026-04-26T16:08:26.021926,17002643456,13581991936,3420651520,20.1,12804308992,3528261632,368394240,42975232,853884928
2026-04-26T16:08:27.023360,17002643456,13478936576,3523706880,20.7,12701253632,3666067456,368394240,42975232,853884928
2026-04-26T16:08:28.027792,17002643456,13600473088,3402170368,20.0,12822790144,3543760896,368394240,42975232,853884928
2026-04-26T16:08:29.030758,17002643456,13600718848,3401924608,20.0,12823035904,3532226560,368394240,42975232,853884928
2026-04-26T16:08:30.031879,17002643456,13562167296,3440476160,20.2,12784484352,3597598720,368394240,42975232,853884928
2026-04-26T16:08:31.032911,17002643456,13562167296,3440476160,20.2,12784484352,3597598720,368394240,42975232,853884928
2026-04-26T16:08:32.033940,17002643456,13562527744,3440115712,20.2,12784844800,3597598720,368394240,42975232,853884928
2026-04-26T16:08:33.042451,17002643456,13565362176,3437281280,20.2,12787679232,3597598720,368394240,42975232,853884928
2026-04-26T16:08:34.046144,17002643456,13570834432,3431809024,20.2,12793151488,3597598720,368394240,42975232,853884928
2026-04-26T16:08:35.051891,17002643456,13572866048,3429777408,20.2,12795183104,3597598720,368394240,42975232,853884928
2026-04-26T16:08:36.055653,17002643456,13479460864,3523182592,20.7,12701777920,3669966848,368394240,42975232,853884928
2026-04-26T16:08:37.057318,17002643456,13482377216,3520266240,20.7,12704694272,3668967424,368394240,42975232,853884928
2026-04-26T16:08:38.060303,17002643456,13485277184,3517366272,20.7,12707594240,3668967424,368394240,42975232,853884928
2026-04-26T16:08:39.063234,17002643456,13491437568,3511205888,20.7,12713754624,3668967424,368394240,42975232,853884928
2026-04-26T16:08:40.066565,17002643456,13493714944,3508928512,20.6,12716032000,3668967424,368394240,42975232,853884928
2026-04-26T16:08:41.070729,17002643456,13498400768,3504242688,20.6,12720717824,3668967424,368394240,42975232,853884928
2026-04-26T16:08:42.073013,17002643456,13505560576,3497082880,20.6,12727877632,3668983808,368394240,42975232,853884928
2026-04-26T16:08:43.075097,17002643456,13506101248,3496542208,20.6,12728418304,3668983808,368394240,42975232,853884928
2026-04-26T16:08:44.076392,17002643456,13508706304,3493937152,20.5,12731023360,3668983808,368394240,42975232,853884928
2026-04-26T16:08:45.077914,17002643456,13515276288,3487367168,20.5,12737593344,3668983808,368394240,42975232,853884928
2026-04-26T16:08:46.079605,17002643456,13519634432,3483009024,20.5,12741951488,3668983808,368394240,42975232,853884928
2026-04-26T16:08:47.084511,17002643456,13526859776,3475783680,20.4,12749176832,3668983808,368394240,42975232,853884928
2026-04-26T16:08:48.086290,17002643456,13530185728,3472457728,20.4,12752502784,3668983808,368394240,42975232,853884928
2026-04-26T16:08:49.089460,17002643456,13625802752,3376840704,19.9,12848119808,3548790784,368394240,42975232,853884928
2026-04-26T16:08:50.091662,17002643456,13560020992,3442622464,20.2,12782338048,3602284544,368394240,42975232,853884928
2026-04-26T16:08:51.096755,17002643456,13561004032,3441639424,20.2,12783321088,3602284544,368394240,42975232,853884928
2026-04-26T16:08:52.099504,17002643456,13563887616,3438755840,20.2,12786204672,3602284544,368394240,42975232,853884928
2026-04-26T16:08:53.101465,17002643456,13609041920,3393601536,20.0,12831358976,3536175104,368394240,42975232,853884928
2026-04-26T16:08:54.104033,17002643456,13614628864,3388014592,19.9,12836945920,3536175104,368394240,42975232,853884928
2026-04-26T16:08:55.107131,17002643456,13580910592,3421732864,20.1,12803227648,3606167552,368394240,42975232,853884928
2026-04-26T16:08:56.108922,17002643456,13448806400,3553837056,20.9,12671123456,3661004800,368394240,42975232,853884928
2026-04-26T16:08:57.110111,17002643456,13448806400,3553837056,20.9,12671123456,3661004800,368394240,42975232,853884928
2026-04-26T16:08:58.111682,17002643456,13449494528,3553148928,20.9,12671811584,3661004800,368394240,42975232,853884928
2026-04-26T16:08:59.113937,17002643456,13465255936,3537387520,20.8,12687572992,3661004800,368394240,42975232,853884928
2026-04-26T16:09:00.116134,17002643456,13477445632,3525197824,20.7,12699762688,3661004800,368394240,42975232,853884928
2026-04-26T16:09:01.119278,17002643456,13465436160,3537207296,20.8,12687753216,3661004800,368394240,42975232,853884928
2026-04-26T16:09:02.121017,17002643456,13474873344,3527770112,20.7,12697190400,3661004800,368394240,42975232,853884928
2026-04-26T16:09:03.123751,17002643456,13592870912,3409772544,20.1,12815187968,3528556544,368394240,42975232,853884928
2026-04-26T16:09:04.125545,17002643456,13600702464,3401940992,20.0,12823019520,3528556544,368394240,42975232,853884928
2026-04-26T16:09:05.127466,17002643456,13612171264,3390472192,19.9,12834488320,3528556544,368394240,42975232,853884928
2026-04-26T16:09:06.129289,17002643456,13618544640,3384098816,19.9,12840861696,3528589312,368394240,42975232,853884928
2026-04-26T16:09:07.131888,17002643456,13563199488,3439443968,20.2,12785516544,3602530304,368394240,42975232,853884928
2026-04-26T16:09:08.135494,17002643456,13570736128,3431907328,20.2,12793053184,3602530304,368394240,42975232,853884928
2026-04-26T16:09:09.136854,17002643456,13508067328,3494576128,20.6,12730384384,3678896128,368394240,42975232,853884928
2026-04-26T16:09:10.138021,17002643456,13508067328,3494576128,20.6,12730384384,3678896128,368394240,42975232,853884928
2026-04-26T16:09:11.139544,17002643456,13508067328,3494576128,20.6,12730384384,3678896128,368394240,42975232,853884928
2026-04-26T16:09:12.141770,17002643456,13511655424,3490988032,20.5,12733972480,3678896128,368394240,42975232,853884928
2026-04-26T16:09:13.144989,17002643456,13516128256,3486515200,20.5,12738445312,3678896128,368394240,42975232,853884928
2026-04-26T16:09:14.146805,17002643456,13523337216,3479306240,20.5,12745654272,3668951040,368394240,42975232,853884928
2026-04-26T16:09:15.150044,17002643456,13587857408,3414786048,20.1,12810174464,3602743296,368394240,42975232,853884928
2026-04-26T16:09:16.151721,17002643456,13453918208,3548725248,20.9,12676235264,3735683072,368394240,42975232,853884928
2026-04-26T16:09:17.153491,17002643456,13453918208,3548725248,20.9,12676235264,3735683072,368394240,42975232,853884928
2026-04-26T16:09:18.157642,17002643456,13460750336,3541893120,20.8,12683067392,3735683072,368394240,42975232,853884928
2026-04-26T16:09:19.159712,17002643456,13460750336,3541893120,20.8,12683067392,3735683072,368394240,42975232,853884928
2026-04-26T16:09:20.162372,17002643456,13460750336,3541893120,20.8,12683067392,3735683072,368394240,42975232,853884928
2026-04-26T16:09:21.166020,17002643456,13459685376,3542958080,20.8,12682002432,3735699456,368394240,42975232,853884928
2026-04-26T16:09:22.167511,17002643456,13401686016,3600957440,21.2,12624003072,3794124800,368394240,42975232,853884928
2026-04-26T16:09:23.168627,17002643456,13393821696,3608821760,21.2,12616138752,3794124800,368394240,42975232,853884928
2026-04-26T16:09:24.169721,17002643456,13396590592,3606052864,21.2,12618907648,3794124800,368394240,42975232,853884928
2026-04-26T16:09:25.171541,17002643456,13398605824,3604037632,21.2,12620922880,3794124800,368394240,42975232,853884928
2026-04-26T16:09:26.176835,17002643456,13530038272,3472605184,20.4,12752355328,3661545472,368394240,42975232,853884928
2026-04-26T16:09:27.179178,17002643456,13531529216,3471114240,20.4,12753846272,3661545472,368394240,42975232,853884928
2026-04-26T16:09:28.181827,17002643456,13531873280,3470770176,20.4,12754190336,3661545472,368394240,42975232,853884928
2026-04-26T16:09:29.184720,17002643456,13536624640,3466018816,20.4,12758941696,3661545472,368394240,42975232,853884928
2026-04-26T16:09:30.186666,17002643456,13539360768,3463282688,20.4,12761677824,3661545472,368394240,42975232,853884928
2026-04-26T16:09:31.188452,17002643456,13544308736,3458334720,20.3,12766625792,3661545472,368394240,42975232,853884928
2026-04-26T16:09:32.193572,17002643456,13548093440,3454550016,20.3,12770410496,3661545472,368394240,42975232,853884928
2026-04-26T16:09:33.196654,17002643456,13550370816,3452272640,20.3,12772687872,3661545472,368394240,42975232,853884928
2026-04-26T16:09:34.199023,17002643456,13443039232,3559604224,20.9,12665356288,3734945792,368394240,42975232,853884928
2026-04-26T16:09:35.200487,17002643456,13330219008,3672424448,21.6,12552536064,3787046912,368394240,42975232,853884928
2026-04-26T16:09:36.201610,17002643456,13330219008,3672424448,21.6,12552536064,3787046912,368394240,42975232,853884928
2026-04-26T16:09:37.202679,17002643456,13333659648,3668983808,21.6,12555976704,3787046912,368394240,42975232,853884928
2026-04-26T16:09:38.204533,17002643456,13337264128,3665379328,21.6,12559581184,3787046912,368394240,42975232,853884928
2026-04-26T16:09:39.206506,17002643456,13391396864,3611246592,21.2,12613713920,3721052160,368394240,42975232,853884928
2026-04-26T16:09:40.208669,17002643456,13393805312,3608838144,21.2,12616122368,3721052160,368394240,42975232,853884928
2026-04-26T16:09:41.213102,17002643456,13401145344,3601498112,21.2,12623462400,3721052160,368394240,42975232,853884928
2026-04-26T16:09:42.217056,17002643456,13538066432,3464577024,20.4,12760383488,3598761984,368394240,42975232,853884928
2026-04-26T16:09:43.219613,17002643456,13540753408,3461890048,20.4,12763070464,3598761984,368394240,42975232,853884928
2026-04-26T16:09:44.222224,17002643456,13549191168,3453452288,20.3,12771508224,3598761984,368394240,42975232,853884928
2026-04-26T16:09:45.224595,17002643456,13572341760,3430301696,20.2,12794658816,3595370496,368394240,42975232,853884928
2026-04-26T16:09:46.229177,17002643456,13432258560,3570384896,21.0,12654575616,3735961600,368394240,42975232,853884928
2026-04-26T16:09:47.230956,17002643456,13432258560,3570384896,21.0,12654575616,3735994368,368394240,42975232,853884928
2026-04-26T16:09:48.232342,17002643456,13387530240,3615113216,21.3,12609847296,3798941696,368394240,42975232,853884928
2026-04-26T16:09:49.233690,17002643456,13387530240,3615113216,21.3,12609847296,3798941696,368394240,42975232,853884928
2026-04-26T16:09:50.235222,17002643456,13385564160,3617079296,21.3,12607881216,3798941696,368394240,42975232,853884928
2026-04-26T16:09:51.237657,17002643456,13561004032,3441639424,20.2,12783321088,3613343744,368394240,42975232,853884928
2026-04-26T16:09:52.241449,17002643456,13404946432,3597697024,21.2,12627263488,3736010752,368394240,42975232,853884928
2026-04-26T16:09:53.243816,17002643456,13404946432,3597697024,21.2,12627263488,3736010752,368394240,42975232,853884928
2026-04-26T16:09:54.246044,17002643456,13545455616,3457187840,20.3,12767772672,3603120128,368394240,42975232,853884928
2026-04-26T16:09:55.249698,17002643456,13545455616,3457187840,20.3,12767772672,3603120128,368394240,42975232,853884928
2026-04-26T16:09:56.251538,17002643456,13545455616,3457187840,20.3,12767772672,3603120128,368394240,42975232,853884928
2026-04-26T16:09:57.254502,17002643456,13547126784,3455516672,20.3,12769443840,3603152896,368394240,42975232,853884928
2026-04-26T16:09:58.257542,17002643456,13436305408,3566338048,21.0,12658622464,3736092672,368394240,42975232,853884928
2026-04-26T16:09:59.261773,17002643456,13561774080,3440869376,20.2,12784091136,3603185664,368394240,42975232,853884928
2026-04-26T16:10:00.263631,17002643456,13573439488,3429203968,20.2,12795756544,3603185664,368394240,42975232,853884928
2026-04-26T16:10:01.265125,17002643456,13382975488,3619667968,21.3,12605292544,3793682432,368394240,42975232,853884928
2026-04-26T16:10:02.266453,17002643456,13382975488,3619667968,21.3,12605292544,3793682432,368394240,42975232,853884928
2026-04-26T16:10:03.267957,17002643456,13382975488,3619667968,21.3,12605292544,3793682432,368394240,42975232,853884928
2026-04-26T16:10:04.273637,17002643456,13387890688,3614752768,21.3,12610207744,3794108416,368394240,42975232,853884928
2026-04-26T16:10:05.277419,17002643456,13212663808,3789979648,22.3,12434980864,3927654400,368394240,42975232,853884928
2026-04-26T16:10:06.278888,17002643456,13212663808,3789979648,22.3,12434980864,3927654400,368394240,42975232,853884928
2026-04-26T16:10:07.280342,17002643456,13334937600,3667705856,21.6,12557254656,3794747392,368394240,42975232,853884928
2026-04-26T16:10:08.282217,17002643456,13522026496,3480616960,20.5,12744343552,3603251200,368394240,42975232,853884928
2026-04-26T16:10:09.284102,17002643456,13522223104,3480420352,20.5,12744540160,3603251200,368394240,42975232,853884928
2026-04-26T16:10:10.286050,17002643456,13525090304,3477553152,20.5,12747407360,3603251200,368394240,42975232,853884928
2026-04-26T16:10:11.288713,17002643456,13532971008,3469672448,20.4,12755288064,3603251200,368394240,42975232,853884928
2026-04-26T16:10:12.292062,17002643456,13537099776,3465543680,20.4,12759416832,3603251200,368394240,42975232,853884928
2026-04-26T16:10:13.293770,17002643456,13482278912,3520364544,20.7,12704595968,3686203392,368394240,42975232,853884928
2026-04-26T16:10:14.295322,17002643456,13266518016,3736125440,22.0,12488835072,3794812928,368394240,42975232,853884928
2026-04-26T16:10:15.296476,17002643456,13270073344,3732570112,22.0,12492390400,3794812928,368394240,42975232,853884928
2026-04-26T16:10:16.298001,17002643456,13278265344,3724378112,21.9,12500582400,3794812928,368394240,42975232,853884928
2026-04-26T16:10:17.300289,17002643456,13289963520,3712679936,21.8,12512280576,3794812928,368394240,42975232,853884928
2026-04-26T16:10:18.303321,17002643456,13300858880,3701784576,21.8,12523175936,3794812928,368394240,42975232,853884928
2026-04-26T16:10:19.305680,17002643456,13311541248,3691102208,21.7,12533858304,3794812928,368394240,42975232,853884928
2026-04-26T16:10:20.307440,17002643456,13320486912,3682156544,21.7,12542803968,3794812928,368394240,42975232,853884928
2026-04-26T16:10:21.308782,17002643456,13519945728,3482697728,20.5,12742262784,3595681792,368394240,42975232,853884928
2026-04-26T16:10:22.310985,17002643456,13527498752,3475144704,20.4,12749815808,3595681792,368394240,42975232,853884928
2026-04-26T16:10:23.313475,17002643456,13535559680,3467083776,20.4,12757876736,3595681792,368394240,42975232,853884928
2026-04-26T16:10:24.315930,17002643456,13555171328,3447472128,20.3,12777488384,3597549568,368394240,42975232,853884928
2026-04-26T16:10:25.317934,17002643456,13444087808,3558555648,20.9,12666404864,3738861568,368394240,42975232,853884928
2026-04-26T16:10:26.319781,17002643456,13443104768,3559538688,20.9,12665421824,3738861568,368394240,42975232,853884928
2026-04-26T16:10:27.321930,17002643456,13396901888,3605741568,21.2,12619218944,3797696512,368394240,42975232,853884928
2026-04-26T16:10:28.323056,17002643456,13396901888,3605741568,21.2,12619218944,3797696512,368394240,42975232,853884928
2026-04-26T16:10:29.324178,17002643456,13396901888,3605741568,21.2,12619218944,3797696512,368394240,42975232,853884928
2026-04-26T16:10:30.325646,17002643456,13401948160,3600695296,21.2,12624265216,3797696512,368394240,42975232,853884928
2026-04-26T16:10:31.327434,17002643456,13452574720,3550068736,20.9,12674891776,3738877952,368394240,42975232,853884928
2026-04-26T16:10:32.329813,17002643456,13538459648,3464183808,20.4,12760776704,3619127296,368394240,42975232,853884928
2026-04-26T16:10:33.331446,17002643456,13407469568,3595173888,21.1,12629786624,3738828800,368394240,42975232,853884928
2026-04-26T16:10:34.333685,17002643456,13407862784,3594780672,21.1,12630179840,3738828800,368394240,42975232,853884928
2026-04-26T16:10:35.336332,17002643456,13412253696,3590389760,21.1,12634570752,3738828800,368394240,42975232,853884928
2026-04-26T16:10:36.339009,17002643456,13565100032,3437543424,20.2,12787417088,3606036480,368394240,42975232,853884928
2026-04-26T16:10:37.341137,17002643456,13566377984,3436265472,20.2,12788695040,3606036480,368394240,42975232,853884928
2026-04-26T16:10:38.342981,17002643456,13568507904,3434135552,20.2,12790824960,3606036480,368394240,42975232,853884928
2026-04-26T16:10:39.345613,17002643456,13573537792,3429105664,20.2,12795854848,3606052864,368394240,42975232,853884928
2026-04-26T16:10:40.346892,17002643456,13521436672,3481206784,20.5,12743753728,3668738048,368394240,42975232,853884928
2026-04-26T16:10:41.348008,17002643456,13521436672,3481206784,20.5,12743753728,3668738048,368394240,42975232,853884928
2026-04-26T16:10:42.349081,17002643456,13521502208,3481141248,20.5,12743819264,3668738048,368394240,42975232,853884928
2026-04-26T16:10:43.350850,17002643456,13525057536,3477585920,20.5,12747374592,3668738048,368394240,42975232,853884928
2026-04-26T16:10:44.352568,17002643456,13529382912,3473260544,20.4,12751699968,3668738048,368394240,42975232,853884928
2026-04-26T16:10:45.355308,17002643456,13530824704,3471818752,20.4,12753141760,3668738048,368394240,42975232,853884928
2026-04-26T16:10:46.357472,17002643456,13586595840,3416047616,20.1,12808912896,3606102016,368394240,42975232,853884928
2026-04-26T16:10:47.358925,17002643456,13590511616,3412131840,20.1,12812828672,3606102016,368394240,42975232,853884928
2026-04-26T16:10:48.360841,17002643456,13593018368,3409625088,20.1,12815335424,3606102016,368394240,42975232,853884928
2026-04-26T16:10:49.363407,17002643456,13597179904,3405463552,20.0,12819496960,3606102016,368394240,42975232,853884928
2026-04-26T16:10:50.364674,17002643456,13601374208,3401269248,20.0,12823691264,3606102016,368394240,42975232,853884928
2026-04-26T16:10:51.366565,17002643456,13603635200,3399008256,20.0,12825952256,3606102016,368394240,42975232,853884928
2026-04-26T16:10:52.368739,17002643456,13601521664,3401121792,20.0,12823838720,3606118400,368394240,42975232,853884928
2026-04-26T16:10:53.370028,17002643456,13355024384,3647619072,21.5,12577341440,3799597056,368394240,42975232,853884928
2026-04-26T16:10:54.371147,17002643456,13339295744,3663347712,21.5,12561612800,3799597056,368394240,42975232,853884928
2026-04-26T16:10:55.372234,17002643456,13339295744,3663347712,21.5,12561612800,3799597056,368394240,42975232,853884928
2026-04-26T16:10:56.374011,17002643456,13342736384,3659907072,21.5,12565053440,3799597056,368394240,42975232,853884928
2026-04-26T16:10:57.375468,17002643456,13576716288,3425927168,20.1,12799033344,3545874432,368394240,42975232,853884928
2026-04-26T16:10:58.377384,17002643456,13573767168,3428876288,20.2,12796084224,3569582080,368394240,42975232,853884928
2026-04-26T16:10:59.380063,17002643456,13574881280,3427762176,20.2,12797198336,3569582080,368394240,42975232,853884928
2026-04-26T16:11:00.382054,17002643456,13584236544,3418406912,20.1,12806553600,3569582080,368394240,42975232,853884928
2026-04-26T16:11:01.384331,17002643456,13591298048,3411345408,20.1,12813615104,3569582080,368394240,42975232,853884928
2026-04-26T16:11:02.388872,17002643456,13598212096,3404431360,20.0,12820529152,3569582080,368394240,42975232,853884928
2026-04-26T16:11:03.392681,17002643456,13607534592,3395108864,20.0,12829851648,3569582080,368394240,42975232,853884928
2026-04-26T16:11:04.394727,17002643456,13610942464,3391700992,19.9,12833259520,3571236864,368394240,42975232,853884928
2026-04-26T16:11:05.396245,17002643456,13537214464,3465428992,20.4,12759531520,3637460992,368394240,42975232,853884928
2026-04-26T16:11:06.398567,17002643456,13530349568,3472293888,20.4,12752666624,3643473920,368394240,42975232,853884928
2026-04-26T16:11:07.399690,17002643456,13530841088,3471802368,20.4,12753158144,3643473920,368394240,42975232,853884928
2026-04-26T16:11:08.400795,17002643456,13532381184,3470262272,20.4,12754698240,3643473920,368394240,42991616,853884928
2026-04-26T16:11:09.402146,17002643456,13581434880,3421208576,20.1,12803735552,3597352960,368410624,42991616,853884928
2026-04-26T16:11:10.405381,17002643456,13536280576,3466362880,20.4,12758581248,3578724352,368410624,42991616,853884928
2026-04-26T16:11:11.409292,17002643456,13510443008,3492200448,20.5,12732743680,3666591744,368410624,42991616,853884928
2026-04-26T16:11:12.411388,17002643456,13511901184,3490742272,20.5,12734201856,3659202560,368410624,42991616,853884928
2026-04-26T16:11:13.413603,17002643456,13558054912,3444588544,20.3,12780355584,3617521664,368410624,42991616,853884928
2026-04-26T16:11:14.415803,17002643456,13428047872,3574595584,21.0,12650348544,3725623296,368410624,42991616,853884928
2026-04-26T16:11:15.417774,17002643456,13428047872,3574595584,21.0,12650348544,3725623296,368410624,42991616,853884928
2026-04-26T16:11:16.420080,17002643456,13431128064,3571515392,21.0,12653428736,3725623296,368410624,42991616,853884928
2026-04-26T16:11:17.424222,17002643456,13542342656,3460300800,20.4,12764643328,3593027584,368410624,42991616,853884928
2026-04-26T16:11:18.428003,17002643456,13541769216,3460874240,20.4,12764069888,3593043968,368410624,42991616,853884928
2026-04-26T16:11:19.429204,17002643456,13547225088,3455418368,20.3,12769525760,3599089664,368410624,42991616,853884928
2026-04-26T16:11:20.430513,17002643456,13548945408,3453698048,20.3,12771246080,3599089664,368410624,42991616,853884928
2026-04-26T16:11:21.432012,17002643456,13551960064,3450683392,20.3,12774260736,3599089664,368410624,42991616,853884928
2026-04-26T16:11:22.434652,17002643456,13559906304,3442737152,20.2,12782206976,3599089664,368410624,42991616,853884928
2026-04-26T16:11:23.436924,17002643456,13569327104,3433316352,20.2,12791627776,3593109504,368410624,42991616,853884928
2026-04-26T16:11:24.440613,17002643456,13569097728,3433545728,20.2,12791398400,3593125888,368410624,42991616,853884928
2026-04-26T16:11:25.442442,17002643456,13459980288,3542663168,20.8,12682280960,3726032896,368410624,42991616,853884928
2026-04-26T16:11:26.444277,17002643456,13459980288,3542663168,20.8,12682280960,3726032896,368410624,42991616,853884928
2026-04-26T16:11:27.446639,17002643456,13463420928,3539222528,20.8,12685721600,3726032896,368410624,42991616,853884928
2026-04-26T16:11:28.448577,17002643456,13553664000,3448979456,20.3,12775964672,3621502976,368410624,42991616,853884928
2026-04-26T16:11:29.451040,17002643456,13514309632,3488333824,20.5,12736610304,3621781504,368410624,42991616,853884928
2026-04-26T16:11:30.452592,17002643456,13465665536,3536977920,20.8,12687966208,3659710464,368410624,42991616,853884928
2026-04-26T16:11:31.455863,17002643456,13465665536,3536977920,20.8,12687966208,3659710464,368410624,42991616,853884928
2026-04-26T16:11:32.457317,17002643456,13481328640,3521314816,20.7,12703629312,3659710464,368410624,42991616,853884928
2026-04-26T16:11:33.458575,17002643456,13481541632,3521101824,20.7,12703842304,3659710464,368410624,42991616,853884928
2026-04-26T16:11:34.460052,17002643456,13482770432,3519873024,20.7,12705071104,3659710464,368410624,42991616,853884928
2026-04-26T16:11:35.462528,17002643456,13564706816,3437936640,20.2,12787007488,3593191424,368410624,42991616,853884928
2026-04-26T16:11:36.464906,17002643456,13572603904,3430039552,20.2,12794904576,3593191424,368410624,42991616,853884928
2026-04-26T16:11:37.466820,17002643456,13577076736,3425566720,20.1,12799377408,3593191424,368410624,42991616,853884928
2026-04-26T16:11:38.469512,17002643456,13591396352,3411247104,20.1,12813697024,3599908864,368410624,42991616,853884928
2026-04-26T16:11:39.471282,17002643456,13441236992,3561406464,20.9,12663537664,3726819328,368410624,42991616,853884928
2026-04-26T16:11:40.472857,17002643456,13441236992,3561406464,20.9,12663537664,3726819328,368410624,42991616,853884928
2026-04-26T16:11:41.478351,17002643456,13441417216,3561226240,20.9,12663717888,3726819328,368410624,42991616,853884928
2026-04-26T16:11:42.480148,17002643456,13557956608,3444686848,20.3,12780257280,3593273344,368410624,42991616,853884928
2026-04-26T16:11:43.482117,17002643456,13559349248,3443294208,20.3,12781649920,3593273344,368410624,42991616,853884928
2026-04-26T16:11:44.483623,17002643456,13498957824,3503685632,20.6,12721258496,3690561536,368410624,42991616,853884928
2026-04-26T16:11:45.485401,17002643456,13425737728,3576905728,21.0,12648038400,3628253184,368410624,42991616,853884928
2026-04-26T16:11:46.486887,17002643456,13425737728,3576905728,21.0,12648038400,3628253184,368410624,42991616,853884928
2026-04-26T16:11:47.488451,17002643456,13429194752,3573448704,21.0,12651495424,3628253184,368410624,42991616,853884928
2026-04-26T16:11:48.490971,17002643456,13440499712,3562143744,21.0,12662800384,3628253184,368410624,42991616,853884928
2026-04-26T16:11:49.492497,17002643456,13451689984,3550953472,20.9,12673990656,3628269568,368410624,42991616,853884928
2026-04-26T16:11:50.495173,17002643456,13461389312,3541254144,20.8,12683689984,3628269568,368410624,42991616,853884928
2026-04-26T16:11:51.497102,17002643456,13473447936,3529195520,20.8,12695748608,3628269568,368410624,42991616,853884928
2026-04-26T16:11:52.499461,17002643456,13544570880,3458072576,20.3,12766871552,3561455616,368410624,42991616,853884928
2026-04-26T16:11:53.501324,17002643456,13551763456,3450880000,20.3,12774064128,3561455616,368410624,42991616,853884928
2026-04-26T16:11:54.503932,17002643456,13561692160,3440951296,20.2,12783992832,3561455616,368410624,42991616,853884928
2026-04-26T16:11:55.505457,17002643456,13566640128,3436003328,20.2,12788940800,3584557056,368410624,42991616,853884928
2026-04-26T16:11:56.507178,17002643456,13473742848,3528900608,20.8,12696043520,3705257984,368410624,42991616,853884928
2026-04-26T16:11:57.508485,17002643456,13473742848,3528900608,20.8,12696043520,3705257984,368410624,42991616,853884928
2026-04-26T16:11:58.510073,17002643456,13288439808,3714203648,21.8,12510740480,3896066048,368410624,42991616,853950464
