timestamp,total,available,used,percent,free,active,inactive,buffers,cached
2026-07-08T16:13:05.405797,17006837760,16336994304,669843456,3.9,13992411136,973160448,1774567424,99336192,2385494016
2026-07-08T16:13:06.406228,17006837760,16324214784,682622976,4.0,13979631616,985235456,1774567424,99336192,2385526784
2026-07-08T16:13:07.406515,17006837760,16323969024,682868736,4.0,13979385856,986759168,1774567424,99336192,2385526784
2026-07-08T16:13:08.406943,17006837760,16324952064,681885696,4.0,13980368896,986759168,1774567424,99352576,2385526784
2026-07-08T16:13:09.407490,17006837760,16326361088,680476672,4.0,13981777920,986759168,1774567424,99352576,2385526784
2026-07-08T16:13:10.407974,17006837760,16306470912,700366848,4.1,13961871360,997965824,1774583808,99352576,2385526784
2026-07-08T16:13:11.408343,17006837760,16303521792,703315968,4.1,13958922240,999997440,1774583808,99352576,2385526784
2026-07-08T16:13:12.408614,17006837760,16303636480,703201280,4.1,13959036928,999997440,1774583808,99352576,2385526784
2026-07-08T16:13:13.409164,17006837760,16303554560,703283200,4.1,13958955008,999997440,1774583808,99368960,2385526784
2026-07-08T16:13:14.409648,17006837760,16258842624,747995136,4.4,13914243072,999997440,1774583808,99368960,2385526784
2026-07-08T16:13:15.410123,17006837760,16257466368,749371392,4.4,13912866816,999997440,1774583808,99368960,2385526784
2026-07-08T16:13:16.410570,17006837760,16260579328,746258432,4.4,13915979776,999997440,1774583808,99368960,2385526784
2026-07-08T16:13:17.411000,17006837760,16262873088,743964672,4.4,13918273536,999997440,1774583808,99368960,2385526784
2026-07-08T16:13:18.411781,17006837760,16267837440,739000320,4.3,13923221504,1000996864,1774600192,99368960,2385526784
2026-07-08T16:13:19.412242,17006837760,16268869632,737968128,4.3,13924253696,1000996864,1774600192,99385344,2385526784
2026-07-08T16:13:20.412593,17006837760,16276832256,730005504,4.3,13932216320,1000996864,1774600192,99385344,2385526784
2026-07-08T16:13:21.413003,17006837760,16291381248,715456512,4.2,13946765312,1000996864,1774600192,99385344,2385526784
2026-07-08T16:13:22.413652,17006837760,16298131456,708706304,4.2,13953515520,1000996864,1774600192,99385344,2385526784
2026-07-08T16:13:23.415017,17006837760,16307224576,699613184,4.1,13962608640,1000996864,1774600192,99385344,2385526784
2026-07-08T16:13:24.417989,17006837760,16307716096,699121664,4.1,13963100160,1000996864,1774600192,99385344,2385526784
2026-07-08T16:13:25.418679,17006837760,16314073088,692764672,4.1,13969457152,1000996864,1774600192,99385344,2385526784
2026-07-08T16:13:26.419175,17006837760,16320266240,686571520,4.0,13975650304,1000996864,1774600192,99385344,2385526784
2026-07-08T16:13:27.419821,17006837760,16325230592,681607168,4.0,13980614656,1000996864,1774600192,99385344,2385543168
2026-07-08T16:13:28.420433,17006837760,16325722112,681115648,4.0,13981106176,1000996864,1774600192,99385344,2385543168
2026-07-08T16:13:29.421061,17006837760,16329080832,677756928,4.0,13984464896,1000996864,1774600192,99401728,2385543168
2026-07-08T16:13:30.421661,17006837760,16329572352,677265408,4.0,13984956416,1000996864,1774600192,99401728,2385543168
2026-07-08T16:13:31.422159,17006837760,16330997760,675840000,4.0,13986381824,1000996864,1774600192,99401728,2385543168
2026-07-08T16:13:32.423152,17006837760,16334667776,672169984,4.0,13990051840,1000996864,1774600192,99401728,2385543168
2026-07-08T16:13:33.424149,17006837760,16336814080,670023680,3.9,13992165376,1001340928,1774632960,99401728,2385543168
2026-07-08T16:13:34.424591,17006837760,16339271680,667566080,3.9,13994622976,1001340928,1774632960,99418112,2385543168
2026-07-08T16:13:35.425398,17006837760,16341696512,665141248,3.9,13997047808,1001340928,1774632960,99418112,2385543168
2026-07-08T16:13:36.425844,17006837760,16344137728,662700032,3.9,13999489024,1001340928,1774632960,99418112,2385543168
2026-07-08T16:13:37.426436,17006837760,16346218496,660619264,3.9,14001569792,1001340928,1774632960,99418112,2385543168
2026-07-08T16:13:38.427448,17006837760,16348332032,658505728,3.9,14003683328,1001340928,1774632960,99418112,2385543168
2026-07-08T16:13:39.427886,17006837760,16348528640,658309120,3.9,14003863552,1001766912,1774649344,99434496,2385543168
2026-07-08T16:13:40.428784,17006837760,16349347840,657489920,3.9,14004682752,1001766912,1774649344,99434496,2385543168
2026-07-08T16:13:41.429212,17006837760,16351510528,655327232,3.9,14006845440,1001766912,1774649344,99434496,2385543168
2026-07-08T16:13:42.430037,17006837760,16350527488,656310272,3.9,14005862400,1001766912,1774649344,99434496,2385543168
2026-07-08T16:13:43.430458,17006837760,16352100352,654737408,3.8,14007435264,1001766912,1774649344,99434496,2385543168
2026-07-08T16:13:44.431073,17006837760,16353968128,652869632,3.8,14009303040,1001766912,1774649344,99450880,2385543168
2026-07-08T16:13:45.431788,17006837760,16353476608,653361152,3.8,14008811520,1001766912,1774649344,99450880,2385543168
2026-07-08T16:13:46.432457,17006837760,16355213312,651624448,3.8,14010548224,1001766912,1774649344,99450880,2385543168
2026-07-08T16:13:47.433616,17006837760,16355704832,651132928,3.8,14011039744,1001766912,1774649344,99450880,2385543168
2026-07-08T16:13:48.433901,17006837760,16354967552,651870208,3.8,14010302464,1001766912,1774649344,99450880,2385543168
2026-07-08T16:13:49.434184,17006837760,16356278272,650559488,3.8,14011613184,1001766912,1774649344,99467264,2385543168
2026-07-08T16:13:50.434465,17006837760,16356556800,650280960,3.8,14011875328,1001766912,1774649344,99467264,2385575936
2026-07-08T16:13:51.434745,17006837760,16357146624,649691136,3.8,14012465152,1001766912,1774649344,99467264,2385575936
2026-07-08T16:13:52.435131,17006837760,16357867520,648970240,3.8,14013186048,1001766912,1774649344,99467264,2385575936
2026-07-08T16:13:53.435581,17006837760,16357425152,649412608,3.8,14012743680,1001766912,1774649344,99467264,2385575936
2026-07-08T16:13:54.436062,17006837760,16358260736,648577024,3.8,14013579264,1001766912,1774649344,99467264,2385575936
2026-07-08T16:13:55.436656,17006837760,16359129088,647708672,3.8,14014447616,1001766912,1774649344,99467264,2385575936
2026-07-08T16:13:56.437022,17006837760,16359489536,647348224,3.8,14014808064,1001766912,1774649344,99467264,2385575936
2026-07-08T16:13:57.437331,17006837760,16358785024,648052736,3.8,14014103552,1001766912,1774649344,99467264,2385575936
2026-07-08T16:13:58.437612,17006837760,16359030784,647806976,3.8,14014349312,1001766912,1774649344,99467264,2385575936
2026-07-08T16:13:59.437894,17006837760,16358785024,648052736,3.8,14014103552,1001766912,1774649344,99467264,2385575936
2026-07-08T16:14:00.438174,17006837760,16358539264,648298496,3.8,14013857792,1001766912,1774649344,99483648,2385575936
2026-07-08T16:14:01.438456,17006837760,16358785024,648052736,3.8,14014103552,1001766912,1774649344,99483648,2385575936
2026-07-08T16:14:02.438786,17006837760,16359276544,647561216,3.8,14014595072,1001766912,1774649344,99483648,2385575936
2026-07-08T16:14:03.439145,17006837760,16359276544,647561216,3.8,14014595072,1001766912,1774649344,99483648,2385575936
2026-07-08T16:14:04.439510,17006837760,16359129088,647708672,3.8,14014365696,1001963520,1774731264,99483648,2385575936
2026-07-08T16:14:05.439878,17006837760,16356917248,649920512,3.8,14012153856,1001963520,1774731264,99500032,2385575936
2026-07-08T16:14:06.440182,17006837760,16355966976,650870784,3.8,14011203584,1001963520,1774731264,99500032,2385575936
2026-07-08T16:14:07.440462,17006837760,16356327424,650510336,3.8,14011564032,1001963520,1774731264,99500032,2385575936
2026-07-08T16:14:08.440739,17006837760,16357392384,649445376,3.8,14012628992,1001963520,1774731264,99500032,2385575936
2026-07-08T16:14:09.441022,17006837760,16357228544,649609216,3.8,14012448768,1001963520,1774747648,99500032,2385575936
2026-07-08T16:14:10.441349,17006837760,16357228544,649609216,3.8,14012448768,1001963520,1774747648,99516416,2385575936
2026-07-08T16:14:11.441740,17006837760,16356950016,649887744,3.8,14012170240,1001963520,1774747648,99516416,2385575936
2026-07-08T16:14:12.442204,17006837760,16358162432,648675328,3.8,14013382656,1001963520,1774747648,99516416,2385592320
2026-07-08T16:14:13.442656,17006837760,16357425152,649412608,3.8,14012645376,1001963520,1774747648,99516416,2385592320
2026-07-08T16:14:14.443016,17006837760,16357376000,649461760,3.8,14012596224,1001963520,1774747648,99516416,2385592320
2026-07-08T16:14:15.443353,17006837760,16357130240,649707520,3.8,14012350464,1001963520,1774747648,99532800,2385592320
2026-07-08T16:14:16.443832,17006837760,16358014976,648822784,3.8,14013235200,1001963520,1774747648,99532800,2385592320
2026-07-08T16:14:17.444179,17006837760,16357736448,649101312,3.8,14012956672,1001963520,1774747648,99532800,2385592320
2026-07-08T16:14:18.444534,17006837760,16357785600,649052160,3.8,14013005824,1001963520,1774747648,99532800,2385592320
2026-07-08T16:14:19.445408,17006837760,16357982208,648855552,3.8,14013202432,1001963520,1774747648,99532800,2385592320
2026-07-08T16:14:20.445829,17006837760,16357736448,649101312,3.8,14012956672,1001963520,1774747648,99549184,2385592320
2026-07-08T16:14:21.446107,17006837760,16358211584,648626176,3.8,14013431808,1001963520,1774747648,99549184,2385592320
2026-07-08T16:14:22.446458,17006837760,16358932480,647905280,3.8,14014152704,1001963520,1774747648,99549184,2385592320
2026-07-08T16:14:23.446806,17006837760,16356720640,650117120,3.8,14011940864,1001963520,1774747648,99549184,2385592320
2026-07-08T16:14:24.447143,17006837760,16356720640,650117120,3.8,14011940864,1001963520,1774747648,99549184,2385592320
2026-07-08T16:14:25.447553,17006837760,16357801984,649035776,3.8,14013022208,1001963520,1774747648,99565568,2385592320
2026-07-08T16:14:26.448020,17006837760,16357818368,649019392,3.8,14013038592,1001963520,1774747648,99565568,2385592320
2026-07-08T16:14:27.448374,17006837760,16358293504,648544256,3.8,14013513728,1001963520,1774747648,99565568,2385592320
2026-07-08T16:14:28.448845,17006837760,16358752256,648085504,3.8,14013972480,1001963520,1774747648,99565568,2385592320
2026-07-08T16:14:29.449205,17006837760,16357769216,649068544,3.8,14012989440,1001963520,1774747648,99565568,2385592320
2026-07-08T16:14:30.449674,17006837760,16358244352,648593408,3.8,14013464576,1001963520,1774747648,99565568,2385592320
2026-07-08T16:14:31.450805,17006837760,16358752256,648085504,3.8,14013972480,1001963520,1774747648,99565568,2385592320
2026-07-08T16:14:32.451183,17006837760,16356540416,650297344,3.8,14011760640,1001963520,1774747648,99565568,2385592320
2026-07-08T16:14:33.451518,17006837760,16355704832,651132928,3.8,14010925056,1001963520,1774747648,99565568,2385592320
2026-07-08T16:14:34.451795,17006837760,16355098624,651739136,3.8,14010073088,1001963520,1774747648,99565568,2385608704
2026-07-08T16:14:35.452076,17006837760,16354181120,652656640,3.8,14009368576,1001979904,1774780416,99565568,2385608704
2026-07-08T16:14:36.452454,17006837760,16353460224,653377536,3.8,14008647680,1001979904,1774780416,99598336,2385608704
2026-07-08T16:14:37.452808,17006837760,16353968128,652869632,3.8,14009155584,1001979904,1774780416,99598336,2385608704
2026-07-08T16:14:38.453162,17006837760,16355704832,651132928,3.8,14010892288,1001979904,1774780416,99598336,2385608704
2026-07-08T16:14:39.453519,17006837760,16355950592,650887168,3.8,14011138048,1001979904,1774780416,99598336,2385608704
2026-07-08T16:14:40.454086,17006837760,16356474880,650362880,3.8,14011645952,1002061824,1774796800,99598336,2385608704
2026-07-08T16:14:41.461482,17006837760,16356229120,650608640,3.8,14011400192,1002061824,1774796800,99598336,2385608704
2026-07-08T16:14:42.461860,17006837760,16356933632,649904128,3.8,14012104704,1002061824,1774796800,99598336,2385608704
2026-07-08T16:14:43.462134,17006837760,16355966976,650870784,3.8,14011138048,1002061824,1774796800,99598336,2385608704
2026-07-08T16:14:44.462409,17006837760,16356917248,649920512,3.8,14012088320,1002061824,1774796800,99598336,2385608704
2026-07-08T16:14:45.462685,17006837760,16357408768,649428992,3.8,14012579840,1002061824,1774796800,99598336,2385608704
2026-07-08T16:14:46.463130,17006837760,16356917248,649920512,3.8,14012088320,1002061824,1774796800,99614720,2385608704
2026-07-08T16:14:47.463486,17006837760,16356671488,650166272,3.8,14011842560,1002061824,1774796800,99614720,2385608704
2026-07-08T16:14:48.463786,17006837760,16357392384,649445376,3.8,14012563456,1002061824,1774796800,99614720,2385608704
2026-07-08T16:14:49.464061,17006837760,16357900288,648937472,3.8,14013071360,1002061824,1774796800,99614720,2385608704
2026-07-08T16:14:50.464335,17006837760,16357654528,649183232,3.8,14012825600,1002061824,1774796800,99614720,2385608704
2026-07-08T16:14:51.464608,17006837760,16358473728,648364032,3.8,14013644800,1002061824,1774796800,99631104,2385608704
2026-07-08T16:14:52.464891,17006837760,16356999168,649838592,3.8,14012170240,1002061824,1774796800,99631104,2385608704
2026-07-08T16:14:53.465219,17006837760,16356491264,650346496,3.8,14011662336,1002061824,1774796800,99631104,2385608704
2026-07-08T16:14:54.465577,17006837760,16355262464,651575296,3.8,14010433536,1002061824,1774796800,99631104,2385608704
2026-07-08T16:14:55.465872,17006837760,16355770368,651067392,3.8,14010941440,1002061824,1774796800,99631104,2385608704
2026-07-08T16:14:56.466145,17006837760,16356720640,650117120,3.8,14011891712,1002061824,1774796800,99647488,2385625088
2026-07-08T16:14:57.466418,17006837760,16356720640,650117120,3.8,14011891712,1002061824,1774796800,99647488,2385625088
2026-07-08T16:14:58.466694,17006837760,16354607104,652230656,3.8,14009778176,1002061824,1774796800,99647488,2385625088
2026-07-08T16:14:59.467079,17006837760,16355672064,651165696,3.8,14010843136,1002061824,1774796800,99647488,2385625088
2026-07-08T16:15:00.467495,17006837760,16355999744,650838016,3.8,14011170816,1002061824,1774796800,99647488,2385625088
2026-07-08T16:15:01.467835,17006837760,16354295808,652541952,3.8,14009466880,1002061824,1774796800,99647488,2385625088
2026-07-08T16:15:02.468260,17006837760,16354017280,652820480,3.8,14009188352,1002061824,1774796800,99647488,2385625088
2026-07-08T16:15:03.468600,17006837760,16355459072,651378688,3.8,14010630144,1002061824,1774796800,99647488,2385625088
2026-07-08T16:15:04.468885,17006837760,16356737024,650100736,3.8,14011908096,1002061824,1774796800,99647488,2385625088
2026-07-08T16:15:05.469170,17006837760,16357294080,649543680,3.8,14012465152,1002061824,1774796800,99647488,2385625088
2026-07-08T16:15:06.469448,17006837760,16357212160,649625600,3.8,14012235776,1002061824,1774944256,99680256,2385625088
2026-07-08T16:15:07.469721,17006837760,16357212160,649625600,3.8,14012235776,1002061824,1774944256,99680256,2385625088
2026-07-08T16:15:08.470048,17006837760,16357965824,648871936,3.8,14012989440,1002061824,1774944256,99680256,2385625088
2026-07-08T16:15:09.470345,17006837760,16358473728,648364032,3.8,14013497344,1002061824,1774944256,99680256,2385625088
2026-07-08T16:15:10.470628,17006837760,16357982208,648855552,3.8,14013005824,1002061824,1774944256,99680256,2385625088
2026-07-08T16:15:11.470908,17006837760,16357474304,649363456,3.8,14012497920,1002061824,1774944256,99696640,2385625088
2026-07-08T16:15:12.471184,17006837760,16357687296,649150464,3.8,14012710912,1002061824,1774944256,99696640,2385625088
2026-07-08T16:15:13.471551,17006837760,16356884480,649953280,3.8,14011908096,1002061824,1774944256,99696640,2385625088
2026-07-08T16:15:14.471969,17006837760,16356884480,649953280,3.8,14011908096,1002061824,1774944256,99696640,2385625088
2026-07-08T16:15:15.472442,17006837760,16357130240,649707520,3.8,14012153856,1002061824,1774944256,99696640,2385625088
2026-07-08T16:15:16.472749,17006837760,16357392384,649445376,3.8,14012416000,1002225664,1774944256,99713024,2385625088
2026-07-08T16:15:17.473032,17006837760,16357883904,648953856,3.8,14012907520,1002225664,1774944256,99713024,2385625088
2026-07-08T16:15:18.473330,17006837760,16357392384,649445376,3.8,14012416000,1002225664,1774944256,99713024,2385641472
2026-07-08T16:15:19.473719,17006837760,16358096896,648740864,3.8,14013120512,1002225664,1774944256,99713024,2385641472
2026-07-08T16:15:20.473994,17006837760,16358653952,648183808,3.8,14013677568,1002225664,1774944256,99713024,2385641472
2026-07-08T16:15:21.474327,17006837760,16358899712,647938048,3.8,14013923328,1002225664,1774944256,99713024,2385641472
2026-07-08T16:15:22.474777,17006837760,16358408192,648429568,3.8,14013431808,1002225664,1774944256,99729408,2385641472
2026-07-08T16:15:23.475303,17006837760,16358408192,648429568,3.8,14013431808,1002225664,1774944256,99729408,2385641472
2026-07-08T16:15:24.475664,17006837760,16358375424,648462336,3.8,14013399040,1002225664,1774944256,99729408,2385641472
2026-07-08T16:15:25.475937,17006837760,16358277120,648560640,3.8,14013300736,1002225664,1774944256,99729408,2385641472
2026-07-08T16:15:26.476213,17006837760,16356048896,650788864,3.8,14011072512,1002225664,1774944256,99729408,2385641472
2026-07-08T16:15:27.476487,17006837760,16356048896,650788864,3.8,14011072512,1002225664,1774944256,99729408,2385641472
2026-07-08T16:15:28.476769,17006837760,16357998592,648839168,3.8,14013022208,1002225664,1774944256,99729408,2385641472
2026-07-08T16:15:29.477059,17006837760,16358473728,648364032,3.8,14013497344,1002225664,1774944256,99729408,2385641472
2026-07-08T16:15:30.477348,17006837760,16358473728,648364032,3.8,14013497344,1002225664,1774944256,99729408,2385641472
2026-07-08T16:15:31.477675,17006837760,16358735872,648101888,3.8,14013759488,1002225664,1774944256,99729408,2385641472
2026-07-08T16:15:32.478056,17006837760,16358965248,647872512,3.8,14013988864,1002225664,1774944256,99745792,2385641472
2026-07-08T16:15:33.478411,17006837760,16358932480,647905280,3.8,14013956096,1002225664,1774944256,99745792,2385641472
2026-07-08T16:15:34.478826,17006837760,16357720064,649117696,3.8,14012743680,1002225664,1774944256,99745792,2385641472
2026-07-08T16:15:35.479183,17006837760,16358211584,648626176,3.8,14013235200,1002225664,1774944256,99745792,2385641472
2026-07-08T16:15:36.479542,17006837760,16359047168,647790592,3.8,14013956096,1002242048,1775058944,99745792,2385641472
2026-07-08T16:15:37.479948,17006837760,16358309888,648527872,3.8,14013218816,1002242048,1775058944,99778560,2385641472
2026-07-08T16:15:38.480283,17006837760,16357572608,649265152,3.8,14012481536,1002242048,1775058944,99778560,2385641472
2026-07-08T16:15:39.480637,17006837760,16357834752,649003008,3.8,14012743680,1002242048,1775058944,99778560,2385641472
2026-07-08T16:15:40.480936,17006837760,16357654528,649183232,3.8,14012563456,1002242048,1775058944,99778560,2385657856
2026-07-08T16:15:41.481221,17006837760,16358146048,648691712,3.8,14013054976,1002242048,1775058944,99778560,2385657856
2026-07-08T16:15:42.481528,17006837760,16358146048,648691712,3.8,14013054976,1002242048,1775058944,99794944,2385657856
2026-07-08T16:15:43.481863,17006837760,16358375424,648462336,3.8,14013284352,1002242048,1775058944,99794944,2385657856
2026-07-08T16:15:44.482218,17006837760,16358834176,648003584,3.8,14013743104,1002242048,1775058944,99794944,2385657856
2026-07-08T16:15:45.482565,17006837760,16358342656,648495104,3.8,14013251584,1002242048,1775058944,99794944,2385657856
2026-07-08T16:15:46.482910,17006837760,16358572032,648265728,3.8,14013480960,1002242048,1775058944,99794944,2385657856
2026-07-08T16:15:47.483210,17006837760,16355442688,651395072,3.8,14010286080,1003241472,1775124480,99811328,2385657856
2026-07-08T16:15:48.483485,17006837760,16354705408,652132352,3.8,14009548800,1003241472,1775124480,99811328,2385657856
2026-07-08T16:15:49.483761,17006837760,16356458496,650379264,3.8,14011301888,1003241472,1775124480,99811328,2385657856
2026-07-08T16:15:50.484036,17006837760,16357425152,649412608,3.8,14012268544,1003241472,1775124480,99811328,2385657856
2026-07-08T16:15:51.484314,17006837760,16357441536,649396224,3.8,14012284928,1003241472,1775124480,99811328,2385657856
2026-07-08T16:15:52.484648,17006837760,16357179392,649658368,3.8,14012022784,1003241472,1775124480,99811328,2385657856
2026-07-08T16:15:53.485010,17006837760,16356933632,649904128,3.8,14011777024,1003241472,1775124480,99811328,2385657856
2026-07-08T16:15:54.485320,17006837760,16356917248,649920512,3.8,14011760640,1003241472,1775124480,99811328,2385657856
2026-07-08T16:15:55.485680,17006837760,16357654528,649183232,3.8,14012497920,1003241472,1775124480,99811328,2385657856
2026-07-08T16:15:56.486033,17006837760,16358113280,648724480,3.8,14012956672,1003241472,1775124480,99811328,2385657856
2026-07-08T16:15:57.486308,17006837760,16357638144,649199616,3.8,14012481536,1003241472,1775124480,99827712,2385657856
2026-07-08T16:15:58.486595,17006837760,16356655104,650182656,3.8,14011498496,1003241472,1775124480,99827712,2385657856
2026-07-08T16:15:59.486936,17006837760,16357130240,649707520,3.8,14011973632,1003241472,1775124480,99827712,2385657856
2026-07-08T16:16:00.487288,17006837760,16358342656,648495104,3.8,14013186048,1003241472,1775124480,99827712,2385657856
2026-07-08T16:16:01.487627,17006837760,16358342656,648495104,3.8,14013186048,1003241472,1775124480,99827712,2385657856
2026-07-08T16:16:02.488048,17006837760,16358408192,648429568,3.8,14013251584,1003241472,1775124480,99844096,2385674240
2026-07-08T16:16:03.488714,17006837760,16358572032,648265728,3.8,14013415424,1003241472,1775124480,99844096,2385674240
2026-07-08T16:16:04.489349,17006837760,16358064128,648773632,3.8,14012907520,1003241472,1775124480,99844096,2385674240
2026-07-08T16:16:05.489628,17006837760,16357818368,649019392,3.8,14012661760,1003241472,1775124480,99844096,2385674240
2026-07-08T16:16:06.489897,17006837760,16358047744,648790016,3.8,14012891136,1003241472,1775124480,99844096,2385674240
2026-07-08T16:16:07.490170,17006837760,16358522880,648314880,3.8,14013366272,1003339776,1775124480,99844096,2385674240
2026-07-08T16:16:08.490638,17006837760,16357064704,649773056,3.8,14011908096,1003339776,1775124480,99860480,2385674240
2026-07-08T16:16:09.490987,17006837760,16356589568,650248192,3.8,14011432960,1003339776,1775124480,99860480,2385674240
2026-07-08T16:16:10.493522,17006837760,16357081088,649756672,3.8,14011924480,1003339776,1775124480,99860480,2385674240
2026-07-08T16:16:11.493854,17006837760,16355082240,651755520,3.8,14009925632,1003339776,1775124480,99860480,2385674240
2026-07-08T16:16:12.494133,17006837760,16354836480,652001280,3.8,14009679872,1003339776,1775124480,99860480,2385674240
2026-07-08T16:16:13.494488,17006837760,16355573760,651264000,3.8,14010417152,1003339776,1775124480,99876864,2385674240
2026-07-08T16:16:14.494766,17006837760,16350904320,655933440,3.9,14005747712,1003339776,1775124480,99876864,2385674240
2026-07-08T16:16:15.495037,17006837760,16349675520,657162240,3.9,14004518912,1003339776,1775124480,99876864,2385674240
2026-07-08T16:16:16.495377,17006837760,16350396416,656441344,3.9,14005239808,1003339776,1775124480,99876864,2385674240
2026-07-08T16:16:17.495738,17006837760,16351903744,654934016,3.9,14006730752,1003470848,1775140864,99876864,2385674240
2026-07-08T16:16:18.496092,17006837760,16352395264,654442496,3.8,14007222272,1003470848,1775140864,99876864,2385674240
2026-07-08T16:16:19.496445,17006837760,16353116160,653721600,3.8,14007943168,1003470848,1775140864,99876864,2385674240
2026-07-08T16:16:20.496796,17006837760,16355082240,651755520,3.8,14009909248,1003470848,1775140864,99876864,2385674240
2026-07-08T16:16:21.497156,17006837760,16355065856,651771904,3.8,14009892864,1003470848,1775140864,99876864,2385674240
2026-07-08T16:16:22.497520,17006837760,16354574336,652263424,3.8,14009401344,1003470848,1775140864,99876864,2385674240
2026-07-08T16:16:23.497880,17006837760,16355573760,651264000,3.8,14010400768,1003470848,1775140864,99893248,2385674240
2026-07-08T16:16:24.498219,17006837760,16355328000,651509760,3.8,14010155008,1003470848,1775140864,99893248,2385690624
2026-07-08T16:16:25.498597,17006837760,16356032512,650805248,3.8,14010859520,1003470848,1775140864,99893248,2385690624
2026-07-08T16:16:26.498947,17006837760,16357261312,649576448,3.8,14012088320,1003470848,1775140864,99893248,2385690624
2026-07-08T16:16:27.499249,17006837760,16357261312,649576448,3.8,14012088320,1003470848,1775140864,99893248,2385690624
2026-07-08T16:16:28.499531,17006837760,16357244928,649592832,3.8,14012071936,1003470848,1775140864,99909632,2385674240
2026-07-08T16:16:29.499811,17006837760,16356032512,650805248,3.8,14010859520,1003470848,1775140864,99909632,2385690624
2026-07-08T16:16:30.500080,17006837760,16356278272,650559488,3.8,14011105280,1003470848,1775140864,99909632,2385690624
2026-07-08T16:16:31.500351,17006837760,16357277696,649560064,3.8,14012104704,1003470848,1775140864,99909632,2385690624
2026-07-08T16:16:32.501117,17006837760,16356786176,650051584,3.8,14011613184,1003470848,1775140864,99909632,2385690624
2026-07-08T16:16:33.501725,17006837760,16356032512,650805248,3.8,14010859520,1003470848,1775140864,99926016,2385690624
2026-07-08T16:16:34.502013,17006837760,16356278272,650559488,3.8,14011105280,1003470848,1775140864,99926016,2385690624
2026-07-08T16:16:35.502291,17006837760,16356278272,650559488,3.8,14011105280,1003470848,1775140864,99926016,2385690624
2026-07-08T16:16:36.502565,17006837760,16357277696,649560064,3.8,14012104704,1003470848,1775140864,99926016,2385690624
2026-07-08T16:16:37.502842,17006837760,16356786176,650051584,3.8,14011613184,1003470848,1775140864,99926016,2385690624
2026-07-08T16:16:38.503273,17006837760,16355557376,651280384,3.8,14010384384,1003536384,1775140864,99926016,2385690624
2026-07-08T16:16:39.511670,17006837760,16354574336,652263424,3.8,14009401344,1003536384,1775140864,99942400,2385690624
2026-07-08T16:16:40.512111,17006837760,16355786752,651051008,3.8,14010613760,1003536384,1775140864,99942400,2385690624
2026-07-08T16:16:41.512744,17006837760,16356950016,649887744,3.8,14011777024,1003536384,1775140864,99942400,2385690624
2026-07-08T16:16:42.513104,17006837760,16356950016,649887744,3.8,14011777024,1003536384,1775140864,99942400,2385690624
2026-07-08T16:16:43.513516,17006837760,16357605376,649232384,3.8,14012432384,1003536384,1775140864,99942400,2385690624
2026-07-08T16:16:44.521500,17006837760,16357326848,649510912,3.8,14012153856,1003536384,1775140864,99958784,2385707008
2026-07-08T16:16:45.521777,17006837760,16357572608,649265152,3.8,14012399616,1003536384,1775140864,99958784,2385707008
2026-07-08T16:16:46.522064,17006837760,16357343232,649494528,3.8,14012170240,1003536384,1775140864,99958784,2385707008
2026-07-08T16:16:47.522347,17006837760,16357343232,649494528,3.8,14012170240,1003536384,1775140864,99958784,2385707008
2026-07-08T16:16:48.522686,17006837760,16357359616,649478144,3.8,14012170240,1003536384,1775157248,99958784,2385707008
2026-07-08T16:16:49.530543,17006837760,16357834752,649003008,3.8,14012645376,1003536384,1775157248,99975168,2385707008
2026-07-08T16:16:50.530818,17006837760,16358064128,648773632,3.8,14012874752,1003536384,1775157248,99975168,2385707008
2026-07-08T16:16:51.531088,17006837760,16357818368,649019392,3.8,14012628992,1003536384,1775157248,99975168,2385707008
2026-07-08T16:16:52.531364,17006837760,16357572608,649265152,3.8,14012383232,1003536384,1775157248,99975168,2385707008
2026-07-08T16:16:53.531651,17006837760,16357081088,649756672,3.8,14011891712,1003536384,1775157248,99975168,2385707008
2026-07-08T16:16:54.532119,17006837760,16356573184,650264576,3.8,14011383808,1003536384,1775157248,99991552,2385707008
2026-07-08T16:16:55.532480,17006837760,16357064704,649773056,3.8,14011875328,1003536384,1775157248,99991552,2385707008
2026-07-08T16:16:56.532793,17006837760,16358293504,648544256,3.8,14013104128,1003536384,1775157248,99991552,2385707008
2026-07-08T16:16:57.533072,17006837760,16358047744,648790016,3.8,14012858368,1003536384,1775157248,99991552,2385707008
2026-07-08T16:16:58.533356,17006837760,16357310464,649527296,3.8,14012121088,1003536384,1775157248,99991552,2385707008
2026-07-08T16:16:59.533629,17006837760,16357523456,649314304,3.8,14012334080,1003536384,1775157248,100007936,2385707008
2026-07-08T16:17:00.533955,17006837760,16357064704,649773056,3.8,14011875328,1003536384,1775157248,100007936,2385707008
2026-07-08T16:17:01.537559,17006837760,16328900608,677937152,4.0,13983531008,1003618304,1775337472,100007936,2385707008
2026-07-08T16:17:02.538171,17006837760,16328900608,677937152,4.0,13983531008,1003618304,1775337472,100007936,2385707008
2026-07-08T16:17:03.538606,17006837760,16334979072,671858688,4.0,13989609472,1003618304,1775337472,100007936,2385707008
2026-07-08T16:17:04.538893,17006837760,16335978496,670859264,3.9,13990608896,1003618304,1775337472,100007936,2385707008
2026-07-08T16:17:05.539191,17006837760,16336994304,669843456,3.9,13991624704,1003618304,1775337472,100007936,2385723392
2026-07-08T16:17:06.539557,17006837760,16341336064,665501696,3.9,13995966464,1003618304,1775337472,100007936,2385723392
2026-07-08T16:17:07.539892,17006837760,16343908352,662929408,3.9,13998538752,1003618304,1775337472,100007936,2385723392
2026-07-08T16:17:08.540283,17006837760,16344711168,662126592,3.9,13999341568,1003618304,1775337472,100007936,2385723392
2026-07-08T16:17:09.540671,17006837760,16347496448,659341312,3.9,14002126848,1003618304,1775337472,100024320,2385723392
2026-07-08T16:17:10.541006,17006837760,16344399872,662437888,3.9,13999030272,1003618304,1775337472,100024320,2385723392
2026-07-08T16:17:11.541293,17006837760,16346021888,660815872,3.9,14000652288,1003618304,1775337472,100024320,2385723392
2026-07-08T16:17:12.541569,17006837760,16347299840,659537920,3.9,14001930240,1003618304,1775337472,100024320,2385723392
2026-07-08T16:17:13.541937,17006837760,16347774976,659062784,3.9,14002405376,1003618304,1775337472,100024320,2385723392
2026-07-08T16:17:14.542317,17006837760,16348315648,658522112,3.9,14002946048,1003618304,1775337472,100040704,2385723392
2026-07-08T16:17:15.542697,17006837760,16350642176,656195584,3.9,14005272576,1003618304,1775337472,100040704,2385723392
2026-07-08T16:17:16.543079,17006837760,16351199232,655638528,3.9,14005829632,1003618304,1775337472,100040704,2385723392
2026-07-08T16:17:17.543463,17006837760,16352935936,653901824,3.8,14007566336,1003618304,1775337472,100040704,2385723392
2026-07-08T16:17:18.543797,17006837760,16353787904,653049856,3.8,14008418304,1003618304,1775337472,100040704,2385723392
2026-07-08T16:17:19.544089,17006837760,16354033664,652804096,3.8,14008664064,1003651072,1775337472,100057088,2385723392
2026-07-08T16:17:20.544362,17006837760,16355196928,651640832,3.8,14009827328,1003651072,1775337472,100057088,2385723392
2026-07-08T16:17:21.544636,17006837760,16354836480,652001280,3.8,14009466880,1003651072,1775337472,100057088,2385723392
2026-07-08T16:17:22.544920,17006837760,16354705408,652132352,3.8,14009335808,1003651072,1775337472,100057088,2385723392
2026-07-08T16:17:23.545199,17006837760,16355753984,651083776,3.8,14010384384,1003651072,1775337472,100057088,2385723392
2026-07-08T16:17:24.545530,17006837760,16354525184,652312576,3.8,14009155584,1003651072,1775337472,100073472,2385723392
2026-07-08T16:17:25.545913,17006837760,16354787328,652050432,3.8,14009417728,1003651072,1775337472,100073472,2385723392
2026-07-08T16:17:26.546248,17006837760,16355508224,651329536,3.8,14010138624,1003651072,1775337472,100073472,2385723392
2026-07-08T16:17:27.546598,17006837760,16355016704,651821056,3.8,14009647104,1003651072,1775337472,100073472,2385739776
2026-07-08T16:17:28.546930,17006837760,16355246080,651591680,3.8,14009876480,1003651072,1775337472,100073472,2385739776
2026-07-08T16:17:29.547265,17006837760,16355246080,651591680,3.8,14009876480,1003651072,1775337472,100073472,2385739776
2026-07-08T16:17:30.547641,17006837760,16354263040,652574720,3.8,14008893440,1003651072,1775337472,100089856,2385739776
2026-07-08T16:17:31.548019,17006837760,16355491840,651345920,3.8,14010122240,1003651072,1775337472,100089856,2385739776
2026-07-08T16:17:32.548356,17006837760,16357425152,649412608,3.8,14012055552,1003651072,1775337472,100089856,2385739776
2026-07-08T16:17:33.548694,17006837760,16356687872,650149888,3.8,14011318272,1003651072,1775337472,100089856,2385739776
2026-07-08T16:17:34.549036,17006837760,16355950592,650887168,3.8,14010580992,1003651072,1775337472,100089856,2385739776
2026-07-08T16:17:35.549449,17006837760,16354967552,651870208,3.8,14009597952,1003651072,1775337472,100106240,2385756160
2026-07-08T16:17:36.549965,17006837760,16355262464,651575296,3.8,14009892864,1003651072,1775337472,100106240,2385756160
2026-07-08T16:17:37.550243,17006837760,16356769792,650067968,3.8,14011400192,1003651072,1775337472,100106240,2385756160
2026-07-08T16:17:38.550517,17006837760,16357507072,649330688,3.8,14012137472,1003651072,1775337472,100106240,2385756160
2026-07-08T16:17:39.551024,17006837760,16357261312,649576448,3.8,14011891712,1003651072,1775337472,100106240,2385756160
2026-07-08T16:17:40.551503,17006837760,16357457920,649379840,3.8,14012088320,1003651072,1775337472,100106240,2385756160
2026-07-08T16:17:41.551838,17006837760,16357687296,649150464,3.8,14012317696,1003651072,1775337472,100106240,2385756160
2026-07-08T16:17:42.552137,17006837760,16357195776,649641984,3.8,14011826176,1003651072,1775337472,100106240,2385756160
2026-07-08T16:17:43.552519,17006837760,16357670912,649166848,3.8,14012301312,1003651072,1775337472,100106240,2385756160
2026-07-08T16:17:44.552868,17006837760,16357670912,649166848,3.8,14012301312,1003651072,1775337472,100106240,2385756160
2026-07-08T16:17:45.553216,17006837760,16356442112,650395648,3.8,14011072512,1003651072,1775337472,100122624,2385756160
2026-07-08T16:17:46.553502,17006837760,16356687872,650149888,3.8,14011318272,1003651072,1775337472,100122624,2385756160
2026-07-08T16:17:47.553873,17006837760,16356196352,650641408,3.8,14010826752,1003651072,1775337472,100122624,2385756160
2026-07-08T16:17:48.554254,17006837760,16355950592,650887168,3.8,14010580992,1003651072,1775337472,100122624,2385756160
2026-07-08T16:17:49.554588,17006837760,16357146624,649691136,3.8,14011777024,1003651072,1775337472,100122624,2385772544
2026-07-08T16:17:50.555181,17006837760,16356425728,650412032,3.8,14011039744,1003651072,1775353856,100139008,2385772544
2026-07-08T16:17:51.555726,17006837760,16355688448,651149312,3.8,14010302464,1003651072,1775353856,100139008,2385772544
2026-07-08T16:17:52.556012,17006837760,16356425728,650412032,3.8,14011039744,1003651072,1775353856,100139008,2385772544
2026-07-08T16:17:53.556297,17006837760,16357146624,649691136,3.8,14011760640,1003651072,1775353856,100139008,2385772544
2026-07-08T16:17:54.556565,17006837760,16356425728,650412032,3.8,14011039744,1003651072,1775353856,100139008,2385772544
2026-07-08T16:17:55.556869,17006837760,16356917248,649920512,3.8,14011531264,1003651072,1775353856,100155392,2385772544
2026-07-08T16:17:56.557148,17006837760,16357392384,649445376,3.8,14012006400,1003651072,1775353856,100155392,2385772544
2026-07-08T16:17:57.557430,17006837760,16357146624,649691136,3.8,14011760640,1003651072,1775353856,100155392,2385772544
2026-07-08T16:17:58.557740,17006837760,16357376000,649461760,3.8,14011990016,1003651072,1775353856,100155392,2385772544
2026-07-08T16:17:59.558035,17006837760,16357654528,649183232,3.8,14012268544,1003651072,1775353856,100155392,2385772544
2026-07-08T16:18:00.558324,17006837760,16357408768,649428992,3.8,14012022784,1003651072,1775353856,100171776,2385772544
2026-07-08T16:18:01.558648,17006837760,16357163008,649674752,3.8,14011777024,1003651072,1775353856,100171776,2385772544
2026-07-08T16:18:02.559028,17006837760,16357392384,649445376,3.8,14012006400,1003651072,1775353856,100171776,2385772544
2026-07-08T16:18:03.559324,17006837760,16358080512,648757248,3.8,14012694528,1003651072,1775353856,100171776,2385772544
2026-07-08T16:18:04.559603,17006837760,16357834752,649003008,3.8,14012448768,1003651072,1775353856,100171776,2385772544
2026-07-08T16:18:05.559960,17006837760,16357588992,649248768,3.8,14012203008,1003651072,1775353856,100171776,2385772544
2026-07-08T16:18:06.560363,17006837760,16357588992,649248768,3.8,14012203008,1003651072,1775353856,100188160,2385772544
2026-07-08T16:18:07.560743,17006837760,16357834752,649003008,3.8,14012448768,1003651072,1775353856,100188160,2385772544
2026-07-08T16:18:08.561095,17006837760,16358064128,648773632,3.8,14012678144,1003651072,1775353856,100188160,2385772544
2026-07-08T16:18:09.561381,17006837760,16358064128,648773632,3.8,14012678144,1003651072,1775353856,100188160,2385772544
2026-07-08T16:18:10.561676,17006837760,16356835328,650002432,3.8,14011449344,1003651072,1775353856,100188160,2385788928
2026-07-08T16:18:11.562038,17006837760,16354623488,652214272,3.8,14009237504,1003651072,1775353856,100204544,2385788928
2026-07-08T16:18:12.562399,17006837760,16352919552,653918208,3.8,14007533568,1003651072,1775353856,100204544,2385788928
2026-07-08T16:18:13.562717,17006837760,16352919552,653918208,3.8,14007533568,1003651072,1775353856,100204544,2385788928
2026-07-08T16:18:14.563052,17006837760,16352919552,653918208,3.8,14007533568,1003651072,1775353856,100204544,2385788928
2026-07-08T16:18:15.563433,17006837760,16354131968,652705792,3.8,14008745984,1003651072,1775353856,100204544,2385788928
2026-07-08T16:18:16.563776,17006837760,16354967552,651870208,3.8,14009581568,1003651072,1775353856,100204544,2385788928
2026-07-08T16:18:17.564112,17006837760,16354721792,652115968,3.8,14009335808,1003651072,1775353856,100204544,2385788928
2026-07-08T16:18:18.564440,17006837760,16355475456,651362304,3.8,14010089472,1003651072,1775353856,100204544,2385788928
2026-07-08T16:18:19.564787,17006837760,16356917248,649920512,3.8,14011531264,1003651072,1775353856,100204544,2385788928
2026-07-08T16:18:20.565236,17006837760,16356917248,649920512,3.8,14011531264,1003651072,1775353856,100204544,2385788928
2026-07-08T16:18:21.565612,17006837760,16356687872,650149888,3.8,14011039744,1003683840,1775616000,100220928,2385788928
2026-07-08T16:18:22.565965,17006837760,16355213312,651624448,3.8,14009565184,1003683840,1775616000,100220928,2385788928
2026-07-08T16:18:23.566307,17006837760,16355475456,651362304,3.8,14009827328,1003683840,1775616000,100220928,2385788928
2026-07-08T16:18:24.566933,17006837760,16355704832,651132928,3.8,14010056704,1003683840,1775616000,100220928,2385788928
2026-07-08T16:18:25.567389,17006837760,16356278272,650559488,3.8,14010630144,1003683840,1775616000,100220928,2385788928
2026-07-08T16:18:26.567661,17006837760,16354803712,652034048,3.8,14009155584,1003683840,1775616000,100237312,2385788928
2026-07-08T16:18:27.567954,17006837760,16354803712,652034048,3.8,14009155584,1003683840,1775616000,100237312,2385788928
2026-07-08T16:18:28.568238,17006837760,16354476032,652361728,3.8,14008827904,1003683840,1775616000,100237312,2385788928
2026-07-08T16:18:29.568538,17006837760,16354033664,652804096,3.8,14008385536,1003683840,1775616000,100237312,2385788928
2026-07-08T16:18:30.568896,17006837760,16354672640,652165120,3.8,14009024512,1003683840,1775616000,100237312,2385788928
2026-07-08T16:18:31.569231,17006837760,16354623488,652214272,3.8,14008975360,1003683840,1775616000,100237312,2385788928
2026-07-08T16:18:32.569622,17006837760,16355049472,651788288,3.8,14009401344,1003683840,1775616000,100237312,2385805312
2026-07-08T16:18:33.570008,17006837760,16353280000,653557760,3.8,14007631872,1003683840,1775616000,100237312,2385805312
2026-07-08T16:18:34.570472,17006837760,16352935936,653901824,3.8,14007287808,1003683840,1775616000,100237312,2385805312
2026-07-08T16:18:35.570763,17006837760,16352526336,654311424,3.8,14006878208,1003683840,1775616000,100237312,2385805312
2026-07-08T16:18:36.571049,17006837760,16354246656,652591104,3.8,14008598528,1003683840,1775616000,100237312,2385805312
2026-07-08T16:18:37.571335,17006837760,16353918976,652918784,3.8,14008270848,1003683840,1775616000,100253696,2385805312
2026-07-08T16:18:38.571624,17006837760,16354394112,652443648,3.8,14008745984,1003683840,1775616000,100253696,2385805312
2026-07-08T16:18:39.571945,17006837760,16354754560,652083200,3.8,14009106432,1003683840,1775616000,100253696,2385805312
2026-07-08T16:18:40.572280,17006837760,16353607680,653230080,3.8,14007959552,1003683840,1775616000,100253696,2385805312
2026-07-08T16:18:41.572618,17006837760,16353853440,652984320,3.8,14008205312,1003683840,1775616000,100253696,2385805312
2026-07-08T16:18:42.572971,17006837760,16354623488,652214272,3.8,14008958976,1003683840,1775616000,100270080,2385821696
2026-07-08T16:18:43.573367,17006837760,16354459648,652378112,3.8,14008795136,1003683840,1775616000,100270080,2385821696
2026-07-08T16:18:44.573754,17006837760,16355606528,651231232,3.8,14009942016,1003683840,1775616000,100270080,2385821696
2026-07-08T16:18:45.574096,17006837760,16356311040,650526720,3.8,14010646528,1003683840,1775616000,100270080,2385821696
2026-07-08T16:18:46.574433,17006837760,16355819520,651018240,3.8,14010155008,1003683840,1775616000,100270080,2385821696
2026-07-08T16:18:47.574825,17006837760,16356065280,650772480,3.8,14010400768,1003683840,1775616000,100286464,2385821696
2026-07-08T16:18:48.575278,17006837760,16356556800,650280960,3.8,14010892288,1003683840,1775616000,100286464,2385821696
2026-07-08T16:18:49.575558,17006837760,16357261312,649576448,3.8,14011596800,1003683840,1775616000,100286464,2385821696
2026-07-08T16:18:50.575837,17006837760,16353329152,653508608,3.8,14007664640,1003683840,1775616000,100286464,2385821696
2026-07-08T16:18:51.576118,17006837760,16353804288,653033472,3.8,14008139776,1003683840,1775616000,100286464,2385821696
2026-07-08T16:18:52.576399,17006837760,16354361344,652476416,3.8,14008614912,1003864064,1775697920,100302848,2385821696
2026-07-08T16:18:53.576823,17006837760,16354394112,652443648,3.8,14008647680,1003864064,1775697920,100302848,2385821696
2026-07-08T16:18:54.577359,17006837760,16355229696,651608064,3.8,14009483264,1003864064,1775697920,100302848,2385838080
2026-07-08T16:18:55.577735,17006837760,16355262464,651575296,3.8,14009516032,1003864064,1775697920,100302848,2385838080
2026-07-08T16:18:56.578057,17006837760,16355983360,650854400,3.8,14010236928,1003864064,1775697920,100302848,2385838080
2026-07-08T16:18:57.578334,17006837760,16356392960,650444800,3.8,14010630144,1003945984,1775714304,100319232,2385838080
2026-07-08T16:18:58.578678,17006837760,16355590144,651247616,3.8,14009827328,1003945984,1775714304,100319232,2385838080
2026-07-08T16:18:59.579091,17006837760,16353492992,653344768,3.8,14007730176,1003945984,1775714304,100319232,2385838080
2026-07-08T16:19:00.579436,17006837760,16353624064,653213696,3.8,14007861248,1003945984,1775714304,100319232,2385838080
2026-07-08T16:19:01.579773,17006837760,16354869248,651968512,3.8,14009106432,1003945984,1775714304,100319232,2385838080
2026-07-08T16:19:02.580118,17006837760,16352165888,654671872,3.8,14006403072,1003945984,1775714304,100335616,2385838080
2026-07-08T16:19:03.580454,17006837760,16349708288,657129472,3.9,14003945472,1003945984,1775714304,100335616,2385838080
2026-07-08T16:19:04.580787,17006837760,16347889664,658948096,3.9,14002126848,1003945984,1775714304,100335616,2385838080
2026-07-08T16:19:05.581124,17006837760,16347955200,658882560,3.9,14002192384,1003945984,1775714304,100335616,2385838080
2026-07-08T16:19:06.581557,17006837760,16349020160,657817600,3.9,14003257344,1003945984,1775714304,100335616,2385838080
2026-07-08T16:19:07.581971,17006837760,16350216192,656621568,3.9,14004453376,1003945984,1775714304,100335616,2385838080
2026-07-08T16:19:08.582312,17006837760,16351412224,655425536,3.9,14005649408,1003945984,1775714304,100335616,2385838080
2026-07-08T16:19:09.582659,17006837760,16352575488,654262272,3.8,14006812672,1003945984,1775714304,100335616,2385838080
2026-07-08T16:19:10.583001,17006837760,16353230848,653606912,3.8,14007468032,1003945984,1775714304,100335616,2385838080
2026-07-08T16:19:11.583334,17006837760,16354377728,652460032,3.8,14008614912,1003945984,1775714304,100335616,2385838080
2026-07-08T16:19:12.583710,17006837760,16354689024,652148736,3.8,14008926208,1003945984,1775714304,100352000,2385838080
2026-07-08T16:19:13.584048,17006837760,16355098624,651739136,3.8,14009335808,1003945984,1775714304,100352000,2385838080
2026-07-08T16:19:14.584379,17006837760,16354852864,651984896,3.8,14009090048,1003945984,1775714304,100352000,2385838080
2026-07-08T16:19:15.584752,17006837760,16355098624,651739136,3.8,14009335808,1003945984,1775714304,100352000,2385838080
2026-07-08T16:19:16.585134,17006837760,16356573184,650264576,3.8,14010810368,1003945984,1775714304,100352000,2385838080
2026-07-08T16:19:17.585951,17006837760,16356573184,650264576,3.8,14010810368,1003945984,1775714304,100352000,2385854464
2026-07-08T16:19:18.586545,17006837760,16356540416,650297344,3.8,14010777600,1003945984,1775714304,100368384,2385854464
2026-07-08T16:19:19.586972,17006837760,16356786176,650051584,3.8,14011023360,1003945984,1775714304,100368384,2385854464
2026-07-08T16:19:20.587312,17006837760,16357883904,648953856,3.8,14012121088,1003945984,1775714304,100368384,2385854464
2026-07-08T16:19:21.587630,17006837760,16357933056,648904704,3.8,14012170240,1003945984,1775714304,100368384,2385854464
2026-07-08T16:19:22.588076,17006837760,16356704256,650133504,3.8,14010941440,1003945984,1775714304,100368384,2385854464
2026-07-08T16:19:23.588509,17006837760,16356458496,650379264,3.8,14010695680,1003945984,1775714304,100384768,2385854464
2026-07-08T16:19:24.588947,17006837760,16356982784,649854976,3.8,14011219968,1003945984,1775714304,100384768,2385854464
2026-07-08T16:19:25.589259,17006837760,16357474304,649363456,3.8,14011711488,1003945984,1775714304,100384768,2385854464
2026-07-08T16:19:26.589541,17006837760,16355508224,651329536,3.8,14009745408,1003945984,1775714304,100384768,2385854464
2026-07-08T16:19:27.589826,17006837760,16354279424,652558336,3.8,14008516608,1003945984,1775714304,100384768,2385854464
2026-07-08T16:19:28.590159,17006837760,16354017280,652820480,3.8,14008254464,1003945984,1775714304,100401152,2385854464
2026-07-08T16:19:29.590440,17006837760,16354033664,652804096,3.8,14008270848,1003945984,1775714304,100401152,2385854464
2026-07-08T16:19:30.590757,17006837760,16354508800,652328960,3.8,14008745984,1003945984,1775714304,100401152,2385854464
2026-07-08T16:19:31.591088,17006837760,16355524608,651313152,3.8,14009761792,1003945984,1775714304,100401152,2385854464
2026-07-08T16:19:32.591430,17006837760,16356245504,650592256,3.8,14010482688,1003945984,1775714304,100401152,2385854464
2026-07-08T16:19:33.591764,17006837760,16356491264,650346496,3.8,14010728448,1003945984,1775714304,100417536,2385854464
2026-07-08T16:19:34.592091,17006837760,16356245504,650592256,3.8,14010482688,1003945984,1775714304,100417536,2385854464
2026-07-08T16:19:35.592853,17006837760,16356966400,649871360,3.8,14011203584,1003945984,1775714304,100417536,2385854464
2026-07-08T16:19:36.593366,17006837760,16357195776,649641984,3.8,14011432960,1003945984,1775714304,100417536,2385854464
2026-07-08T16:19:37.593644,17006837760,16357441536,649396224,3.8,14011678720,1003945984,1775714304,100417536,2385854464
2026-07-08T16:19:38.593921,17006837760,16357670912,649166848,3.8,14011908096,1003945984,1775714304,100433920,2385870848
2026-07-08T16:19:39.594197,17006837760,16357670912,649166848,3.8,14011908096,1003945984,1775714304,100433920,2385870848
2026-07-08T16:19:40.594534,17006837760,16357408768,649428992,3.8,14011645952,1003945984,1775714304,100433920,2385870848
2026-07-08T16:19:41.594880,17006837760,16357638144,649199616,3.8,14011875328,1003945984,1775714304,100433920,2385870848
2026-07-08T16:19:42.595213,17006837760,16357638144,649199616,3.8,14011875328,1003945984,1775714304,100433920,2385870848
2026-07-08T16:19:43.595541,17006837760,16357638144,649199616,3.8,14011875328,1003945984,1775714304,100450304,2385854464
2026-07-08T16:19:44.595894,17006837760,16357146624,649691136,3.8,14011383808,1003945984,1775714304,100450304,2385870848
2026-07-08T16:19:45.596256,17006837760,16357146624,649691136,3.8,14011383808,1003945984,1775714304,100450304,2385870848
2026-07-08T16:19:46.596758,17006837760,16357392384,649445376,3.8,14011629568,1003945984,1775714304,100450304,2385870848
2026-07-08T16:19:47.597082,17006837760,16357556224,649281536,3.8,14011793408,1003945984,1775714304,100450304,2385870848
2026-07-08T16:19:48.597372,17006837760,16357785600,649052160,3.8,14012022784,1003945984,1775714304,100450304,2385870848
2026-07-08T16:19:49.597654,17006837760,16357539840,649297920,3.8,14011777024,1003945984,1775714304,100450304,2385870848
2026-07-08T16:19:50.597983,17006837760,16357785600,649052160,3.8,14012022784,1003945984,1775714304,100450304,2385870848
2026-07-08T16:19:51.598326,17006837760,16357785600,649052160,3.8,14012022784,1003945984,1775714304,100450304,2385870848
2026-07-08T16:19:52.598710,17006837760,16355328000,651509760,3.8,14009565184,1003945984,1775714304,100450304,2385870848
2026-07-08T16:19:53.599051,17006837760,16354705408,652132352,3.8,14008827904,1004044288,1775828992,100483072,2385870848
2026-07-08T16:19:54.599399,17006837760,16354443264,652394496,3.8,14008565760,1004044288,1775828992,100483072,2385870848
2026-07-08T16:19:55.599700,17006837760,16355328000,651509760,3.8,14009450496,1004044288,1775828992,100483072,2385870848
2026-07-08T16:19:56.599982,17006837760,16355606528,651231232,3.8,14009729024,1004044288,1775828992,100483072,2385870848
2026-07-08T16:19:57.600265,17006837760,16355360768,651476992,3.8,14009483264,1004044288,1775828992,100483072,2385870848
2026-07-08T16:19:58.600547,17006837760,16354869248,651968512,3.8,14008991744,1004044288,1775828992,100483072,2385870848
2026-07-08T16:19:59.600831,17006837760,16355311616,651526144,3.8,14009434112,1004044288,1775828992,100499456,2385870848
2026-07-08T16:20:00.601154,17006837760,16354787328,652050432,3.8,14008909824,1004044288,1775828992,100499456,2385887232
2026-07-08T16:20:01.601545,17006837760,16356081664,650756096,3.8,14010204160,1004044288,1775828992,100499456,2385887232
2026-07-08T16:20:02.602198,17006837760,16356491264,650346496,3.8,14010613760,1004044288,1775828992,100499456,2385887232
2026-07-08T16:20:03.602480,17006837760,16356540416,650297344,3.8,14010613760,1004044288,1775878144,100499456,2385887232
2026-07-08T16:20:04.602762,17006837760,16355803136,651034624,3.8,14009876480,1004044288,1775878144,100499456,2385887232
2026-07-08T16:20:05.603048,17006837760,16356114432,650723328,3.8,14010187776,1004044288,1775878144,100499456,2385887232
2026-07-08T16:20:06.603330,17006837760,16355328000,651509760,3.8,14009401344,1004044288,1775878144,100499456,2385887232
2026-07-08T16:20:07.603660,17006837760,16355082240,651755520,3.8,14009155584,1004044288,1775878144,100499456,2385887232
2026-07-08T16:20:08.604009,17006837760,16356327424,650510336,3.8,14010400768,1004044288,1775878144,100499456,2385887232
2026-07-08T16:20:09.604395,17006837760,16356327424,650510336,3.8,14010400768,1004044288,1775878144,100515840,2385887232
2026-07-08T16:20:10.604734,17006837760,16355344384,651493376,3.8,14009417728,1004044288,1775878144,100515840,2385887232
2026-07-08T16:20:11.605070,17006837760,16355803136,651034624,3.8,14009876480,1004044288,1775878144,100515840,2385887232
2026-07-08T16:20:12.605519,17006837760,16356278272,650559488,3.8,14010351616,1004044288,1775878144,100515840,2385887232
2026-07-08T16:20:13.605858,17006837760,16356671488,650166272,3.8,14010744832,1004044288,1775878144,100515840,2385887232
2026-07-08T16:20:14.606198,17006837760,16357457920,649379840,3.8,14011531264,1004044288,1775878144,100532224,2385887232
2026-07-08T16:20:15.606584,17006837760,16356966400,649871360,3.8,14011039744,1004044288,1775878144,100532224,2385887232
2026-07-08T16:20:16.606929,17006837760,16356720640,650117120,3.8,14010793984,1004044288,1775878144,100532224,2385887232
2026-07-08T16:20:17.607315,17006837760,16357408768,649428992,3.8,14011482112,1004044288,1775878144,100532224,2385887232
2026-07-08T16:20:18.607704,17006837760,16357572608,649265152,3.8,14011645952,1004044288,1775878144,100532224,2385887232
2026-07-08T16:20:19.608061,17006837760,16356311040,650526720,3.8,14010384384,1004044288,1775878144,100548608,2385887232
2026-07-08T16:20:20.608405,17006837760,16356311040,650526720,3.8,14010384384,1004044288,1775878144,100548608,2385887232
2026-07-08T16:20:21.608750,17006837760,16357343232,649494528,3.8,14011416576,1004044288,1775878144,100548608,2385887232
2026-07-08T16:20:22.609100,17006837760,16356851712,649986048,3.8,14010925056,1004044288,1775878144,100548608,2385887232
2026-07-08T16:20:23.609458,17006837760,16355868672,650969088,3.8,14009942016,1004044288,1775878144,100548608,2385903616
2026-07-08T16:20:24.609862,17006837760,16353329152,653508608,3.8,14007238656,1004191744,1776041984,100564992,2385903616
2026-07-08T16:20:25.610323,17006837760,16353083392,653754368,3.8,14006992896,1004191744,1776041984,100564992,2385903616
2026-07-08T16:20:26.610608,17006837760,16355770368,651067392,3.8,14009679872,1004191744,1776041984,100564992,2385903616
2026-07-08T16:20:27.610889,17006837760,16356245504,650592256,3.8,14010155008,1004191744,1776041984,100564992,2385903616
2026-07-08T16:20:28.611171,17006837760,16356032512,650805248,3.8,14009942016,1004191744,1776041984,100564992,2385903616
2026-07-08T16:20:29.611477,17006837760,16356687872,650149888,3.8,14010597376,1004191744,1776041984,100581376,2385903616
2026-07-08T16:20:30.612097,17006837760,16356442112,650395648,3.8,14010351616,1004191744,1776041984,100581376,2385903616
2026-07-08T16:20:31.612667,17006837760,16356671488,650166272,3.8,14010580992,1004191744,1776041984,100581376,2385903616
2026-07-08T16:20:32.612951,17006837760,16357408768,649428992,3.8,14011318272,1004191744,1776041984,100581376,2385903616
2026-07-08T16:20:33.613235,17006837760,16356179968,650657792,3.8,14010089472,1004191744,1776041984,100581376,2385903616
2026-07-08T16:20:34.613514,17006837760,16354951168,651886592,3.8,14008860672,1004240896,1776041984,100597760,2385903616
2026-07-08T16:20:35.613798,17006837760,16355524608,651313152,3.8,14009434112,1004240896,1776041984,100597760,2385903616
2026-07-08T16:20:36.614119,17006837760,16356474880,650362880,3.8,14010384384,1004240896,1776041984,100597760,2385903616
2026-07-08T16:20:37.614470,17006837760,16356966400,649871360,3.8,14010875904,1004240896,1776041984,100597760,2385903616
2026-07-08T16:20:38.614854,17006837760,16356229120,650608640,3.8,14010138624,1004240896,1776041984,100597760,2385903616
2026-07-08T16:20:39.615359,17006837760,16356704256,650133504,3.8,14010613760,1004240896,1776041984,100597760,2385903616
2026-07-08T16:20:40.615888,17006837760,16356474880,650362880,3.8,14010384384,1004240896,1776041984,100597760,2385903616
2026-07-08T16:20:41.616172,17006837760,16355000320,651837440,3.8,14008909824,1004240896,1776041984,100597760,2385903616
2026-07-08T16:20:42.616453,17006837760,16354508800,652328960,3.8,14008418304,1004240896,1776041984,100597760,2385903616
2026-07-08T16:20:43.616736,17006837760,16356311040,650526720,3.8,14010220544,1004240896,1776041984,100597760,2385903616
2026-07-08T16:20:44.617077,17006837760,16356311040,650526720,3.8,14010220544,1004240896,1776041984,100597760,2385903616
2026-07-08T16:20:45.617438,17006837760,16354328576,652509184,3.8,14008238080,1004240896,1776041984,100614144,2385920000
2026-07-08T16:20:46.617792,17006837760,16354820096,652017664,3.8,14008729600,1004240896,1776041984,100614144,2385920000
2026-07-08T16:20:47.618227,17006837760,16352608256,654229504,3.8,14006517760,1004240896,1776041984,100614144,2385920000
2026-07-08T16:20:48.618510,17006837760,16352608256,654229504,3.8,14006517760,1004240896,1776041984,100614144,2385920000
2026-07-08T16:20:49.618785,17006837760,16350642176,656195584,3.9,14004551680,1004240896,1776041984,100614144,2385920000
2026-07-08T16:20:50.619117,17006837760,16351641600,655196160,3.9,14005551104,1004240896,1776041984,100630528,2385920000
2026-07-08T16:20:51.619509,17006837760,16351690752,655147008,3.9,14005600256,1004240896,1776041984,100630528,2385920000
2026-07-08T16:20:52.619893,17006837760,16352444416,654393344,3.8,14006353920,1004240896,1776041984,100630528,2385920000
2026-07-08T16:20:53.620230,17006837760,16353165312,653672448,3.8,14007074816,1004240896,1776041984,100630528,2385920000
2026-07-08T16:20:54.620568,17006837760,16353935360,652902400,3.8,14007844864,1004240896,1776041984,100630528,2385920000
2026-07-08T16:20:55.620920,17006837760,16353755136,653082624,3.8,14007533568,1004306432,1776173056,100646912,2385920000
2026-07-08T16:20:56.621271,17006837760,16353902592,652935168,3.8,14007681024,1004306432,1776173056,100646912,2385920000
2026-07-08T16:20:57.621544,17006837760,16355196928,651640832,3.8,14008975360,1004306432,1776173056,100646912,2385920000
2026-07-08T16:20:58.621822,17006837760,16355213312,651624448,3.8,14008991744,1004306432,1776173056,100646912,2385920000
2026-07-08T16:20:59.622103,17006837760,16355459072,651378688,3.8,14009237504,1004306432,1776173056,100646912,2385920000
2026-07-08T16:21:00.622381,17006837760,16355917824,650919936,3.8,14009696256,1004306432,1776173056,100663296,2385920000
2026-07-08T16:21:01.622778,17006837760,16356917248,649920512,3.8,14010695680,1004306432,1776173056,100663296,2385920000
2026-07-08T16:21:02.623116,17006837760,16357376000,649461760,3.8,14011154432,1004306432,1776173056,100663296,2385920000
2026-07-08T16:21:03.623568,17006837760,16357621760,649216000,3.8,14011400192,1004306432,1776173056,100663296,2385920000
2026-07-08T16:21:04.624164,17006837760,16355901440,650936320,3.8,14009679872,1004306432,1776173056,100663296,2385920000
2026-07-08T16:21:05.624441,17006837760,16355196928,651640832,3.8,14008942592,1004306432,1776205824,100679680,2385920000
2026-07-08T16:21:06.624718,17006837760,16354705408,652132352,3.8,14008451072,1004306432,1776205824,100679680,2385936384
2026-07-08T16:21:07.625000,17006837760,16354705408,652132352,3.8,14008451072,1004306432,1776205824,100679680,2385936384
2026-07-08T16:21:08.625310,17006837760,16355819520,651018240,3.8,14009565184,1004306432,1776205824,100679680,2385936384
2026-07-08T16:21:09.625627,17006837760,16354344960,652492800,3.8,14008090624,1004306432,1776205824,100679680,2385936384
2026-07-08T16:21:10.626073,17006837760,16352870400,653967360,3.8,14006616064,1004306432,1776205824,100696064,2385936384
2026-07-08T16:21:11.626405,17006837760,16354131968,652705792,3.8,14007877632,1004306432,1776205824,100696064,2385936384
2026-07-08T16:21:12.626746,17006837760,16353918976,652918784,3.8,14007664640,1004306432,1776205824,100696064,2385936384
2026-07-08T16:21:13.627179,17006837760,16355065856,651771904,3.8,14008811520,1004306432,1776205824,100696064,2385936384
2026-07-08T16:21:14.627506,17006837760,16350887936,655949824,3.9,14004633600,1004306432,1776205824,100696064,2385936384
2026-07-08T16:21:15.627789,17006837760,16351363072,655474688,3.9,14005108736,1004306432,1776205824,100696064,2385936384
2026-07-08T16:21:16.628073,17006837760,16351821824,655015936,3.9,14005567488,1004306432,1776205824,100696064,2385936384
2026-07-08T16:21:17.628363,17006837760,16352313344,654524416,3.8,14006059008,1004306432,1776205824,100696064,2385936384
2026-07-08T16:21:18.628761,17006837760,16352559104,654278656,3.8,14006304768,1004306432,1776205824,100696064,2385936384
2026-07-08T16:21:19.629263,17006837760,16353951744,652886016,3.8,14007697408,1004306432,1776205824,100696064,2385936384
2026-07-08T16:21:20.629536,17006837760,16354443264,652394496,3.8,14008188928,1004306432,1776205824,100696064,2385936384
2026-07-08T16:21:21.629818,17006837760,16354443264,652394496,3.8,14008188928,1004306432,1776205824,100712448,2385936384
2026-07-08T16:21:22.630101,17006837760,16355459072,651378688,3.8,14009204736,1004306432,1776205824,100712448,2385936384
2026-07-08T16:21:23.630382,17006837760,16355442688,651395072,3.8,14009188352,1004306432,1776205824,100712448,2385936384
2026-07-08T16:21:24.630692,17006837760,16355688448,651149312,3.8,14009434112,1004306432,1776205824,100712448,2385936384
2026-07-08T16:21:25.631069,17006837760,16356671488,650166272,3.8,14010417152,1004339200,1776205824,100712448,2385936384
2026-07-08T16:21:26.631415,17006837760,16355934208,650903552,3.8,14009679872,1004339200,1776205824,100728832,2385936384
2026-07-08T16:21:27.631754,17006837760,16356245504,650592256,3.8,14009991168,1004339200,1776205824,100728832,2385936384
2026-07-08T16:21:28.632188,17006837760,16355475456,651362304,3.8,14009221120,1004339200,1776205824,100728832,2385952768
2026-07-08T16:21:29.632638,17006837760,16355475456,651362304,3.8,14009221120,1004339200,1776205824,100728832,2385952768
2026-07-08T16:21:30.632976,17006837760,16355950592,650887168,3.8,14009696256,1004339200,1776205824,100728832,2385952768
2026-07-08T16:21:31.633343,17006837760,16355934208,650903552,3.8,14009679872,1004339200,1776205824,100728832,2385952768
2026-07-08T16:21:32.633677,17006837760,16355459072,651378688,3.8,14009204736,1004339200,1776205824,100728832,2385952768
2026-07-08T16:21:33.634012,17006837760,16355688448,651149312,3.8,14009434112,1004339200,1776205824,100728832,2385952768
2026-07-08T16:21:34.634436,17006837760,16353509376,653328384,3.8,14007255040,1004339200,1776205824,100728832,2385952768
2026-07-08T16:21:35.634892,17006837760,16353017856,653819904,3.8,14006763520,1004339200,1776205824,100728832,2385952768
2026-07-08T16:21:36.635481,17006837760,16353263616,653574144,3.8,14006992896,1004355584,1776222208,100745216,2385952768
2026-07-08T16:21:37.636150,17006837760,16353837056,653000704,3.8,14007566336,1004355584,1776222208,100745216,2385952768
2026-07-08T16:21:38.636506,17006837760,16355475456,651362304,3.8,14009204736,1004355584,1776222208,100745216,2385952768
2026-07-08T16:21:39.636785,17006837760,16354738176,652099584,3.8,14008467456,1004355584,1776222208,100745216,2385952768
2026-07-08T16:21:40.637065,17006837760,16354492416,652345344,3.8,14008221696,1004355584,1776222208,100745216,2385952768
2026-07-08T16:21:41.637412,17006837760,16355196928,651640832,3.8,14008926208,1004355584,1776222208,100761600,2385952768
2026-07-08T16:21:42.637956,17006837760,16353476608,653361152,3.8,14007205888,1004355584,1776222208,100761600,2385952768
2026-07-08T16:21:43.638415,17006837760,16353476608,653361152,3.8,14007205888,1004355584,1776222208,100761600,2385952768
2026-07-08T16:21:44.638693,17006837760,16353214464,653623296,3.8,14006943744,1004355584,1776222208,100761600,2385952768
2026-07-08T16:21:45.638975,17006837760,16354951168,651886592,3.8,14008680448,1004355584,1776222208,100761600,2385952768
2026-07-08T16:21:46.639258,17006837760,16355639296,651198464,3.8,14009368576,1004355584,1776222208,100777984,2385952768
2026-07-08T16:21:47.639559,17006837760,16355672064,651165696,3.8,14009401344,1004355584,1776222208,100777984,2385952768
2026-07-08T16:21:48.639892,17006837760,16355934208,650903552,3.8,14009663488,1004355584,1776222208,100777984,2385952768
2026-07-08T16:21:49.640245,17006837760,16356409344,650428416,3.8,14010138624,1004355584,1776222208,100777984,2385952768
2026-07-08T16:21:50.640608,17006837760,16355917824,650919936,3.8,14009647104,1004355584,1776222208,100777984,2385952768
2026-07-08T16:21:51.640968,17006837760,16355901440,650936320,3.8,14009630720,1004355584,1776222208,100777984,2385969152
2026-07-08T16:21:52.641271,17006837760,16356179968,650657792,3.8,14009909248,1004355584,1776222208,100777984,2385969152
2026-07-08T16:21:53.641551,17006837760,16354934784,651902976,3.8,14008664064,1004355584,1776222208,100777984,2385969152
2026-07-08T16:21:54.641830,17006837760,16353951744,652886016,3.8,14007681024,1004355584,1776222208,100777984,2385969152
2026-07-08T16:21:55.642103,17006837760,16354263040,652574720,3.8,14007992320,1004355584,1776222208,100777984,2385969152
2026-07-08T16:21:56.642383,17006837760,16354164736,652673024,3.8,14007894016,1004388352,1776222208,100777984,2385969152
2026-07-08T16:21:57.651820,17006837760,16353198080,653639680,3.8,14006927360,1004388352,1776222208,100810752,2385985536
2026-07-08T16:21:58.652139,17006837760,16353230848,653606912,3.8,14006960128,1004388352,1776222208,100810752,2385985536
2026-07-08T16:21:59.652419,17006837760,16353230848,653606912,3.8,14006960128,1004388352,1776222208,100810752,2385985536
2026-07-08T16:22:00.652703,17006837760,16353705984,653131776,3.8,14007435264,1004388352,1776222208,100810752,2385985536
2026-07-08T16:22:01.652984,17006837760,16352952320,653885440,3.8,14006681600,1004388352,1776222208,100810752,2385985536
2026-07-08T16:22:02.653329,17006837760,16352706560,654131200,3.8,14006435840,1004388352,1776222208,100827136,2385985536
2026-07-08T16:22:03.653677,17006837760,16354656256,652181504,3.8,14008385536,1004388352,1776222208,100827136,2385985536
2026-07-08T16:22:04.654031,17006837760,16354656256,652181504,3.8,14008385536,1004388352,1776222208,100827136,2385985536
2026-07-08T16:22:05.654524,17006837760,16354902016,651935744,3.8,14008631296,1004388352,1776222208,100827136,2385985536
2026-07-08T16:22:06.654860,17006837760,16356245504,650592256,3.8,14009974784,1004404736,1776222208,100827136,2385985536
2026-07-08T16:22:07.655208,17006837760,16357523456,649314304,3.8,14011252736,1004404736,1776222208,100827136,2385985536
2026-07-08T16:22:08.655551,17006837760,16357752832,649084928,3.8,14011482112,1004404736,1776222208,100827136,2385985536
2026-07-08T16:22:09.655891,17006837760,16357752832,649084928,3.8,14011482112,1004404736,1776222208,100827136,2385985536
2026-07-08T16:22:10.656231,17006837760,16357752832,649084928,3.8,14011482112,1004404736,1776222208,100827136,2385985536
2026-07-08T16:22:11.656610,17006837760,16357015552,649822208,3.8,14010744832,1004404736,1776222208,100827136,2386001920
2026-07-08T16:22:12.656992,17006837760,16356769792,650067968,3.8,14010499072,1004404736,1776222208,100843520,2386001920
2026-07-08T16:22:13.657353,17006837760,16356278272,650559488,3.8,14010007552,1004404736,1776222208,100843520,2386001920
2026-07-08T16:22:14.657698,17006837760,16355033088,651804672,3.8,14008762368,1004404736,1776222208,100843520,2386001920
2026-07-08T16:22:15.658066,17006837760,16355131392,651706368,3.8,14008860672,1004404736,1776222208,100843520,2386001920
2026-07-08T16:22:16.658622,17006837760,16355885056,650952704,3.8,14009614336,1004404736,1776222208,100843520,2386001920
2026-07-08T16:22:17.658906,17006837760,16355639296,651198464,3.8,14009368576,1004404736,1776222208,100859904,2386001920
2026-07-08T16:22:18.659237,17006837760,16354902016,651935744,3.8,14008631296,1004404736,1776222208,100859904,2386001920
2026-07-08T16:22:19.659516,17006837760,16355475456,651362304,3.8,14009204736,1004404736,1776222208,100859904,2386001920
2026-07-08T16:22:20.659812,17006837760,16356196352,650641408,3.8,14009925632,1004404736,1776222208,100859904,2386001920
2026-07-08T16:22:21.660087,17006837760,16356196352,650641408,3.8,14009925632,1004404736,1776222208,100859904,2386001920
2026-07-08T16:22:22.660361,17006837760,16354476032,652361728,3.8,14008205312,1004404736,1776222208,100876288,2386001920
2026-07-08T16:22:23.660640,17006837760,16354967552,651870208,3.8,14008696832,1004404736,1776222208,100876288,2386001920
2026-07-08T16:22:24.660918,17006837760,16355459072,651378688,3.8,14009188352,1004404736,1776222208,100876288,2386001920
2026-07-08T16:22:25.661196,17006837760,16354459648,652378112,3.8,14008188928,1004404736,1776222208,100876288,2386001920
2026-07-08T16:22:26.661531,17006837760,16355426304,651411456,3.8,14009155584,1004404736,1776222208,100876288,2386001920
2026-07-08T16:22:27.661868,17006837760,16353460224,653377536,3.8,14007189504,1004421120,1776222208,100892672,2386001920
2026-07-08T16:22:28.662214,17006837760,16352985088,653852672,3.8,14006714368,1004421120,1776222208,100892672,2386001920
2026-07-08T16:22:29.662554,17006837760,16353951744,652886016,3.8,14007681024,1004421120,1776222208,100892672,2386001920
2026-07-08T16:22:30.662899,17006837760,16355426304,651411456,3.8,14009155584,1004421120,1776222208,100892672,2386001920
2026-07-08T16:22:31.663239,17006837760,16355508224,651329536,3.8,14009237504,1004421120,1776222208,100892672,2386001920
2026-07-08T16:22:32.663531,17006837760,16355721216,651116544,3.8,14009450496,1004421120,1776222208,100892672,2386001920
2026-07-08T16:22:33.663826,17006837760,16354181120,652656640,3.8,14007910400,1004421120,1776222208,100909056,2386018304
2026-07-08T16:22:34.664095,17006837760,16352985088,653852672,3.8,14006714368,1004421120,1776222208,100909056,2386018304
2026-07-08T16:22:35.664372,17006837760,16353230848,653606912,3.8,14006960128,1004421120,1776222208,100909056,2386018304
2026-07-08T16:22:36.664648,17006837760,16354852864,651984896,3.8,14008582144,1004421120,1776222208,100909056,2386018304
2026-07-08T16:22:37.664984,17006837760,16354295808,652541952,3.8,14007992320,1004437504,1776254976,100909056,2386018304
2026-07-08T16:22:38.665346,17006837760,16354738176,652099584,3.8,14008434688,1004437504,1776254976,100925440,2386018304
2026-07-08T16:22:39.665686,17006837760,16355475456,651362304,3.8,14009171968,1004437504,1776254976,100925440,2386018304
2026-07-08T16:22:40.666024,17006837760,16354623488,652214272,3.8,14008320000,1004437504,1776254976,100925440,2386018304
2026-07-08T16:22:41.666372,17006837760,16354885632,651952128,3.8,14008582144,1004437504,1776254976,100925440,2386018304
2026-07-08T16:22:42.666707,17006837760,16355393536,651444224,3.8,14009090048,1004437504,1776254976,100925440,2386018304
2026-07-08T16:22:43.667054,17006837760,16355868672,650969088,3.8,14009565184,1004437504,1776254976,100925440,2386018304
2026-07-08T16:22:44.667429,17006837760,16356360192,650477568,3.8,14010056704,1004437504,1776254976,100925440,2386018304
2026-07-08T16:22:45.667773,17006837760,16355377152,651460608,3.8,14009073664,1004437504,1776254976,100925440,2386018304
2026-07-08T16:22:46.668125,17006837760,16353165312,653672448,3.8,14006861824,1004437504,1776254976,100925440,2386018304
2026-07-08T16:22:47.668598,17006837760,16351936512,654901248,3.9,14005633024,1004437504,1776254976,100925440,2386018304
2026-07-08T16:22:48.669051,17006837760,16351477760,655360000,3.9,14005174272,1004437504,1776254976,100958208,2386018304
2026-07-08T16:22:49.669498,17006837760,16351952896,654884864,3.9,14005649408,1004437504,1776254976,100958208,2386018304
2026-07-08T16:22:50.669879,17006837760,16353181696,653656064,3.8,14006878208,1004437504,1776254976,100958208,2386018304
2026-07-08T16:22:51.670159,17006837760,16353935360,652902400,3.8,14007631872,1004437504,1776254976,100958208,2386018304
2026-07-08T16:22:52.670437,17006837760,16352952320,653885440,3.8,14006648832,1004437504,1776254976,100958208,2386018304
2026-07-08T16:22:53.670713,17006837760,16353001472,653836288,3.8,14006665216,1004552192,1776287744,100974592,2386018304
2026-07-08T16:22:54.670990,17006837760,16352526336,654311424,3.8,14006190080,1004552192,1776287744,100974592,2386018304
2026-07-08T16:22:55.671337,17006837760,16353361920,653475840,3.8,14007025664,1004552192,1776287744,100974592,2386034688
2026-07-08T16:22:56.671688,17006837760,16353656832,653180928,3.8,14007320576,1004552192,1776287744,100974592,2386034688
2026-07-08T16:22:57.672017,17006837760,16353968128,652869632,3.8,14007631872,1004552192,1776287744,100974592,2386034688
2026-07-08T16:22:58.672368,17006837760,16353001472,653836288,3.8,14006665216,1004552192,1776287744,100990976,2386034688
2026-07-08T16:22:59.672668,17006837760,16353574912,653262848,3.8,14007238656,1004552192,1776287744,100990976,2386034688
2026-07-08T16:23:00.672937,17006837760,16353820672,653017088,3.8,14007484416,1004552192,1776287744,100990976,2386034688
2026-07-08T16:23:01.673218,17006837760,16355262464,651575296,3.8,14008926208,1004552192,1776287744,100990976,2386034688
2026-07-08T16:23:02.673507,17006837760,16355508224,651329536,3.8,14009171968,1004552192,1776287744,100990976,2386034688
2026-07-08T16:23:03.673786,17006837760,16355278848,651558912,3.8,14008926208,1004552192,1776304128,101007360,2386034688
2026-07-08T16:23:04.674113,17006837760,16355508224,651329536,3.8,14009155584,1004552192,1776304128,101007360,2386034688
2026-07-08T16:23:05.674413,17006837760,16355262464,651575296,3.8,14008909824,1004552192,1776304128,101007360,2386034688
2026-07-08T16:23:06.674692,17006837760,16355721216,651116544,3.8,14009368576,1004552192,1776304128,101007360,2386034688
2026-07-08T16:23:07.674973,17006837760,16355229696,651608064,3.8,14008877056,1004552192,1776304128,101007360,2386034688
2026-07-08T16:23:08.675251,17006837760,16355704832,651132928,3.8,14009352192,1004552192,1776304128,101007360,2386034688
2026-07-08T16:23:09.675528,17006837760,16355934208,650903552,3.8,14009581568,1004552192,1776304128,101007360,2386034688
2026-07-08T16:23:10.675860,17006837760,16354459648,652378112,3.8,14008107008,1004552192,1776304128,101007360,2386034688
2026-07-08T16:23:11.676155,17006837760,16354934784,651902976,3.8,14008582144,1004552192,1776304128,101007360,2386034688
2026-07-08T16:23:12.676431,17006837760,16352985088,653852672,3.8,14006632448,1004552192,1776304128,101007360,2386034688
2026-07-08T16:23:13.676710,17006837760,16352493568,654344192,3.8,14006140928,1004552192,1776304128,101007360,2386034688
2026-07-08T16:23:14.676988,17006837760,16353165312,653672448,3.8,14006747136,1004584960,1776369664,101040128,2386034688
2026-07-08T16:23:15.677285,17006837760,16353394688,653443072,3.8,14006976512,1004584960,1776369664,101040128,2386051072
2026-07-08T16:23:16.677583,17006837760,16355246080,651591680,3.8,14008827904,1004584960,1776369664,101040128,2386051072
2026-07-08T16:23:17.677942,17006837760,16356179968,650657792,3.8,14009761792,1004584960,1776369664,101040128,2386051072
2026-07-08T16:23:18.678325,17006837760,16355786752,651051008,3.8,14009368576,1004584960,1776369664,101040128,2386051072
2026-07-08T16:23:19.678704,17006837760,16356032512,650805248,3.8,14009614336,1004584960,1776369664,101056512,2386051072
2026-07-08T16:23:20.679006,17006837760,16356032512,650805248,3.8,14009614336,1004584960,1776369664,101056512,2386051072
2026-07-08T16:23:21.679282,17006837760,16356835328,650002432,3.8,14010417152,1004584960,1776369664,101056512,2386051072
2026-07-08T16:23:22.679555,17006837760,16356835328,650002432,3.8,14010417152,1004584960,1776369664,101056512,2386051072
2026-07-08T16:23:23.679844,17006837760,16356818944,650018816,3.8,14010400768,1004584960,1776369664,101056512,2386051072
2026-07-08T16:23:24.680125,17006837760,16355934208,650903552,3.8,14009204736,1004765184,1776680960,101089280,2386051072
2026-07-08T16:23:25.680448,17006837760,16356245504,650592256,3.8,14009516032,1004765184,1776680960,101089280,2386051072
2026-07-08T16:23:26.680790,17006837760,16357113856,649723904,3.8,14010384384,1004765184,1776680960,101089280,2386051072
2026-07-08T16:23:27.681123,17006837760,16357097472,649740288,3.8,14010368000,1004765184,1776680960,101089280,2386051072
2026-07-08T16:23:28.681458,17006837760,16356851712,649986048,3.8,14010122240,1004765184,1776680960,101089280,2386051072
2026-07-08T16:23:29.681777,17006837760,16356835328,650002432,3.8,14010105856,1004765184,1776680960,101105664,2386051072
2026-07-08T16:23:30.682121,17006837760,16356835328,650002432,3.8,14010105856,1004765184,1776680960,101105664,2386051072
2026-07-08T16:23:31.682476,17006837760,16357097472,649740288,3.8,14010368000,1004765184,1776680960,101105664,2386051072
2026-07-08T16:23:32.682823,17006837760,16357064704,649773056,3.8,14010335232,1004765184,1776680960,101105664,2386051072
2026-07-08T16:23:33.683183,17006837760,16356098048,650739712,3.8,14009368576,1004765184,1776680960,101105664,2386051072
2026-07-08T16:23:34.683492,17006837760,16355360768,651476992,3.8,14008631296,1004765184,1776680960,101138432,2386051072
2026-07-08T16:23:35.683769,17006837760,16355115008,651722752,3.8,14008385536,1004765184,1776680960,101138432,2386051072
2026-07-08T16:23:36.684117,17006837760,16355115008,651722752,3.8,14008385536,1004765184,1776680960,101138432,2386067456
2026-07-08T16:23:37.684396,17006837760,16354869248,651968512,3.8,14008139776,1004765184,1776680960,101138432,2386067456
2026-07-08T16:23:38.684744,17006837760,16355590144,651247616,3.8,14008860672,1004765184,1776680960,101138432,2386067456
2026-07-08T16:23:39.685025,17006837760,16356556800,650280960,3.8,14009827328,1004765184,1776680960,101154816,2386067456
2026-07-08T16:23:40.685313,17006837760,16354852864,651984896,3.8,14008123392,1004781568,1776680960,101154816,2386067456
2026-07-08T16:23:41.685597,17006837760,16354213888,652623872,3.8,14007484416,1004781568,1776680960,101154816,2386067456
2026-07-08T16:23:42.685879,17006837760,16354426880,652410880,3.8,14007697408,1004781568,1776680960,101154816,2386067456
2026-07-08T16:23:43.686151,17006837760,16353443840,653393920,3.8,14006714368,1004781568,1776680960,101154816,2386067456
2026-07-08T16:23:44.686491,17006837760,16353689600,653148160,3.8,14006960128,1004781568,1776680960,101187584,2386067456
2026-07-08T16:23:45.686850,17006837760,16354361344,652476416,3.8,14007631872,1004797952,1776680960,101187584,2386067456
2026-07-08T16:23:46.687199,17006837760,16353624064,653213696,3.8,14006894592,1004797952,1776680960,101187584,2386067456
2026-07-08T16:23:47.687542,17006837760,16354574336,652263424,3.8,14007844864,1004797952,1776680960,101187584,2386067456
2026-07-08T16:23:48.687900,17006837760,16355573760,651264000,3.8,14008844288,1004797952,1776680960,101187584,2386067456
2026-07-08T16:23:49.688249,17006837760,16355573760,651264000,3.8,14008844288,1004797952,1776680960,101203968,2386067456
2026-07-08T16:23:50.688623,17006837760,16356360192,650477568,3.8,14009401344,1004797952,1776910336,101203968,2386067456
2026-07-08T16:23:51.688923,17006837760,16356360192,650477568,3.8,14009401344,1004797952,1776910336,101203968,2386067456
2026-07-08T16:23:52.689264,17006837760,16355622912,651214848,3.8,14008664064,1004797952,1776910336,101203968,2386067456
2026-07-08T16:23:53.689598,17006837760,16354066432,652771328,3.8,14007107584,1004797952,1776910336,101203968,2386067456
2026-07-08T16:23:54.689879,17006837760,16354312192,652525568,3.8,14007353344,1004797952,1776910336,101203968,2386067456
2026-07-08T16:23:55.690239,17006837760,16353148928,653688832,3.8,14006190080,1004797952,1776910336,101236736,2386067456
2026-07-08T16:23:56.690539,17006837760,16353624064,653213696,3.8,14006665216,1004814336,1776910336,101236736,2386067456
2026-07-08T16:23:57.690818,17006837760,16354033664,652804096,3.8,14007074816,1004814336,1776910336,101236736,2386083840
2026-07-08T16:23:58.691094,17006837760,16353050624,653787136,3.8,14006091776,1004814336,1776910336,101236736,2386083840
2026-07-08T16:23:59.691374,17006837760,16352821248,654016512,3.8,14005862400,1004814336,1776910336,101236736,2386083840
2026-07-08T16:24:00.691651,17006837760,16352346112,654491648,3.8,14005387264,1004814336,1776910336,101253120,2386083840
2026-07-08T16:24:01.691930,17006837760,16352903168,653934592,3.8,14005878784,1004830720,1776975872,101253120,2386083840
2026-07-08T16:24:02.692267,17006837760,16352903168,653934592,3.8,14005878784,1004830720,1776975872,101253120,2386083840
2026-07-08T16:24:03.692623,17006837760,16354148352,652689408,3.8,14007123968,1004830720,1776975872,101253120,2386083840
2026-07-08T16:24:04.693003,17006837760,16353968128,652869632,3.8,14006943744,1004830720,1776975872,101253120,2386083840
2026-07-08T16:24:05.693365,17006837760,16353263616,653574144,3.8,14006239232,1004830720,1776975872,101285888,2386083840
2026-07-08T16:24:06.693711,17006837760,16351297536,655540224,3.9,14004273152,1004847104,1776975872,101285888,2386083840
2026-07-08T16:24:07.694067,17006837760,16351051776,655785984,3.9,14004027392,1004847104,1776975872,101285888,2386083840
2026-07-08T16:24:08.694373,17006837760,16352624640,654213120,3.8,14005600256,1004847104,1776975872,101285888,2386083840
2026-07-08T16:24:09.694651,17006837760,16353624064,653213696,3.8,14006599680,1004847104,1776975872,101285888,2386083840
2026-07-08T16:24:10.694932,17006837760,16353427456,653410304,3.8,14006403072,1004847104,1776975872,101302272,2386083840
2026-07-08T16:24:11.695213,17006837760,16353181696,653656064,3.8,14006157312,1004847104,1776975872,101302272,2386083840
2026-07-08T16:24:12.695571,17006837760,16353902592,652935168,3.8,14006878208,1004847104,1776975872,101302272,2386083840
2026-07-08T16:24:13.695901,17006837760,16354394112,652443648,3.8,14007369728,1004847104,1776975872,101302272,2386083840
2026-07-08T16:24:14.696257,17006837760,16355229696,651608064,3.8,14008205312,1004847104,1776975872,101302272,2386083840
2026-07-08T16:24:15.696556,17006837760,16354983936,651853824,3.8,14007959552,1004847104,1776975872,101335040,2386083840
2026-07-08T16:24:16.696911,17006837760,16355737600,651100160,3.8,14008713216,1004847104,1776975872,101335040,2386083840
2026-07-08T16:24:17.697273,17006837760,16356048896,650788864,3.8,14009024512,1004847104,1776975872,101335040,2386083840
2026-07-08T16:24:18.697629,17006837760,16356294656,650543104,3.8,14009270272,1004847104,1776975872,101335040,2386083840
2026-07-08T16:24:19.698001,17006837760,16356540416,650297344,3.8,14009516032,1004847104,1776975872,101335040,2386100224
2026-07-08T16:24:20.698413,17006837760,16356065280,650772480,3.8,14009024512,1004847104,1776975872,101351424,2386116608
2026-07-08T16:24:21.698868,17006837760,16356786176,650051584,3.8,14009745408,1004847104,1776975872,101351424,2386116608
2026-07-08T16:24:22.699218,17006837760,16356835328,650002432,3.8,14009794560,1004847104,1776975872,101351424,2386116608
2026-07-08T16:24:23.699572,17006837760,16357294080,649543680,3.8,14010253312,1004847104,1776975872,101351424,2386116608
2026-07-08T16:24:24.699918,17006837760,16357031936,649805824,3.8,14009991168,1004847104,1776975872,101351424,2386116608
2026-07-08T16:24:25.700260,17006837760,16357294080,649543680,3.8,14010253312,1004847104,1776975872,101351424,2386116608
2026-07-08T16:24:26.700607,17006837760,16357294080,649543680,3.8,14010253312,1004847104,1776975872,101351424,2386116608
2026-07-08T16:24:27.700966,17006837760,16357277696,649560064,3.8,14010236928,1004847104,1776975872,101351424,2386116608
2026-07-08T16:24:28.701278,17006837760,16357277696,649560064,3.8,14010236928,1004847104,1776975872,101351424,2386116608
2026-07-08T16:24:29.701552,17006837760,16355803136,651034624,3.8,14008762368,1004847104,1776975872,101351424,2386116608
2026-07-08T16:24:30.701831,17006837760,16355557376,651280384,3.8,14008516608,1004847104,1776975872,101351424,2386116608
2026-07-08T16:24:31.702114,17006837760,16355573760,651264000,3.8,14008532992,1004847104,1776975872,101367808,2386116608
2026-07-08T16:24:32.702389,17006837760,16355049472,651788288,3.8,14008008704,1004847104,1776975872,101367808,2386116608
2026-07-08T16:24:33.702729,17006837760,16354066432,652771328,3.8,14007025664,1004847104,1776975872,101367808,2386116608
2026-07-08T16:24:34.703086,17006837760,16353394688,653443072,3.8,14006353920,1004847104,1776975872,101367808,2386116608
2026-07-08T16:24:35.703451,17006837760,16353886208,652951552,3.8,14006845440,1004847104,1776975872,101367808,2386116608
2026-07-08T16:24:36.703755,17006837760,16353230848,653606912,3.8,14006190080,1004847104,1776975872,101384192,2386116608
2026-07-08T16:24:37.704028,17006837760,16353804288,653033472,3.8,14006763520,1004847104,1776975872,101384192,2386116608
2026-07-08T16:24:38.704309,17006837760,16354000896,652836864,3.8,14006960128,1004847104,1776975872,101384192,2386116608
2026-07-08T16:24:39.704585,17006837760,16354983936,651853824,3.8,14007943168,1004847104,1776975872,101384192,2386132992
2026-07-08T16:24:40.704861,17006837760,16354983936,651853824,3.8,14007943168,1004847104,1776975872,101384192,2386132992
2026-07-08T16:24:41.705187,17006837760,16355377152,651460608,3.8,14008336384,1004847104,1776975872,101400576,2386132992
2026-07-08T16:24:42.705555,17006837760,16355672064,651165696,3.8,14008582144,1004863488,1777025024,101400576,2386132992
2026-07-08T16:24:43.705861,17006837760,16355737600,651100160,3.8,14008647680,1004863488,1777025024,101400576,2386132992
2026-07-08T16:24:44.706137,17006837760,16355737600,651100160,3.8,14008647680,1004863488,1777025024,101400576,2386132992
2026-07-08T16:24:45.706413,17006837760,16356687872,650149888,3.8,14009597952,1004863488,1777025024,101400576,2386132992
2026-07-08T16:24:46.706686,17006837760,16356196352,650641408,3.8,14009106432,1004863488,1777025024,101416960,2386132992
2026-07-08T16:24:47.706963,17006837760,16355966976,650870784,3.8,14008860672,1004863488,1777041408,101416960,2386132992
2026-07-08T16:24:48.707298,17006837760,16355983360,650854400,3.8,14008877056,1004863488,1777041408,101416960,2386132992
2026-07-08T16:24:49.707593,17006837760,16356311040,650526720,3.8,14009204736,1004863488,1777041408,101416960,2386132992
2026-07-08T16:24:50.707922,17006837760,16356278272,650559488,3.8,14009171968,1004863488,1777041408,101416960,2386132992
2026-07-08T16:24:51.708205,17006837760,16355524608,651313152,3.8,14008418304,1004863488,1777041408,101433344,2386132992
2026-07-08T16:24:52.708489,17006837760,16355278848,651558912,3.8,14008172544,1004863488,1777041408,101433344,2386132992
2026-07-08T16:24:53.708773,17006837760,16355196928,651640832,3.8,14008090624,1004863488,1777041408,101433344,2386132992
2026-07-08T16:24:54.709060,17006837760,16355196928,651640832,3.8,14008090624,1004863488,1777041408,101433344,2386132992
2026-07-08T16:24:55.709350,17006837760,16355688448,651149312,3.8,14008582144,1004863488,1777041408,101433344,2386132992
2026-07-08T16:24:56.709639,17006837760,16355704832,651132928,3.8,14008598528,1004863488,1777041408,101449728,2386132992
2026-07-08T16:24:57.709922,17006837760,16355278848,651558912,3.8,14008172544,1004863488,1777041408,101449728,2386132992
2026-07-08T16:24:58.710236,17006837760,16352329728,654508032,3.8,14005223424,1004863488,1777041408,101449728,2386149376
2026-07-08T16:24:59.710584,17006837760,16352444416,654393344,3.8,14005338112,1004863488,1777041408,101449728,2386149376
2026-07-08T16:25:00.710997,17006837760,16350478336,656359424,3.9,14003372032,1004863488,1777041408,101449728,2386149376
2026-07-08T16:25:01.711370,17006837760,16346398720,660439040,3.9,13999292416,1004863488,1777041408,101449728,2386149376
2026-07-08T16:25:02.711685,17006837760,16346890240,659947520,3.9,13999783936,1004863488,1777041408,101449728,2386149376
2026-07-08T16:25:03.711971,17006837760,16348708864,658128896,3.9,14001602560,1004863488,1777041408,101449728,2386149376
2026-07-08T16:25:04.712252,17006837760,16349396992,657440768,3.9,14002290688,1004863488,1777041408,101449728,2386149376
2026-07-08T16:25:05.712580,17006837760,16349364224,657473536,3.9,14002257920,1004863488,1777041408,101449728,2386149376
2026-07-08T16:25:06.712859,17006837760,16351576064,655261696,3.9,14004469760,1004863488,1777041408,101449728,2386149376
2026-07-08T16:25:07.713188,17006837760,16351150080,655687680,3.9,14004043776,1004863488,1777041408,101466112,2386149376
2026-07-08T16:25:08.713500,17006837760,16352641024,654196736,3.8,14005534720,1004863488,1777041408,101466112,2386149376
2026-07-08T16:25:09.713776,17006837760,16353624064,653213696,3.8,14006517760,1004863488,1777041408,101466112,2386149376
2026-07-08T16:25:10.714062,17006837760,16352935936,653901824,3.8,14005829632,1004863488,1777041408,101466112,2386149376
2026-07-08T16:25:11.714342,17006837760,16353165312,653672448,3.8,14006059008,1004863488,1777041408,101466112,2386149376
2026-07-08T16:25:12.714618,17006837760,16354607104,652230656,3.8,14007500800,1004863488,1777041408,101482496,2386149376
2026-07-08T16:25:13.714964,17006837760,16354050048,652787712,3.8,14006747136,1004994560,1777238016,101482496,2386149376
2026-07-08T16:25:14.715316,17006837760,16353804288,653033472,3.8,14006501376,1004994560,1777238016,101482496,2386149376
2026-07-08T16:25:15.715673,17006837760,16353820672,653017088,3.8,14006517760,1004994560,1777238016,101482496,2386149376
2026-07-08T16:25:16.716156,17006837760,16354312192,652525568,3.8,14007009280,1004994560,1777238016,101482496,2386149376
2026-07-08T16:25:17.716510,17006837760,16355278848,651558912,3.8,14007975936,1004994560,1777238016,101498880,2386149376
2026-07-08T16:25:18.716979,17006837760,16355033088,651804672,3.8,14007730176,1004994560,1777238016,101498880,2386165760
2026-07-08T16:25:19.717454,17006837760,16353902592,652935168,3.8,14006599680,1004994560,1777238016,101498880,2386165760
2026-07-08T16:25:20.717918,17006837760,16354131968,652705792,3.8,14006829056,1004994560,1777238016,101498880,2386165760
2026-07-08T16:25:21.718345,17006837760,16354410496,652427264,3.8,14007107584,1004994560,1777238016,101498880,2386165760
2026-07-08T16:25:22.718703,17006837760,16353427456,653410304,3.8,14006124544,1004994560,1777238016,101515264,2386165760
2026-07-08T16:25:23.719064,17006837760,16353050624,653787136,3.8,14005747712,1004994560,1777238016,101515264,2386165760
2026-07-08T16:25:24.719457,17006837760,16353705984,653131776,3.8,14006403072,1004994560,1777238016,101515264,2386165760
2026-07-08T16:25:25.719815,17006837760,16354344960,652492800,3.8,14007042048,1004994560,1777238016,101515264,2386165760
2026-07-08T16:25:26.720223,17006837760,16354164736,652673024,3.8,14006861824,1004994560,1777238016,101515264,2386165760
2026-07-08T16:25:27.720632,17006837760,16354295808,652541952,3.8,14006992896,1004994560,1777238016,101531648,2386165760
2026-07-08T16:25:28.721018,17006837760,16354803712,652034048,3.8,14007500800,1004994560,1777238016,101531648,2386165760
2026-07-08T16:25:29.721390,17006837760,16355065856,651771904,3.8,14007762944,1004994560,1777238016,101531648,2386165760
2026-07-08T16:25:30.721678,17006837760,16355065856,651771904,3.8,14007762944,1004994560,1777238016,101531648,2386165760
2026-07-08T16:25:31.721954,17006837760,16354820096,652017664,3.8,14007517184,1004994560,1777238016,101531648,2386165760
2026-07-08T16:25:32.722249,17006837760,16354639872,652197888,3.8,14007336960,1004994560,1777238016,101548032,2386165760
2026-07-08T16:25:33.722531,17006837760,16354148352,652689408,3.8,14006845440,1004994560,1777238016,101548032,2386165760
2026-07-08T16:25:34.722815,17006837760,16352444416,654393344,3.8,14005141504,1004994560,1777238016,101548032,2386165760
2026-07-08T16:25:35.723107,17006837760,16351952896,654884864,3.9,14004649984,1004994560,1777238016,101548032,2386165760
2026-07-08T16:25:36.723401,17006837760,16353148928,653688832,3.8,14005846016,1004994560,1777238016,101548032,2386165760
2026-07-08T16:25:37.723688,17006837760,16353394688,653443072,3.8,14006091776,1004994560,1777238016,101548032,2386165760
2026-07-08T16:25:38.724027,17006837760,16353165312,653672448,3.8,14005862400,1004994560,1777238016,101548032,2386182144
2026-07-08T16:25:39.724388,17006837760,16353312768,653524992,3.8,14006009856,1004994560,1777238016,101548032,2386182144
2026-07-08T16:25:40.724899,17006837760,16353738752,653099008,3.8,14006435840,1004994560,1777238016,101548032,2386182144
2026-07-08T16:25:41.725274,17006837760,16354131968,652705792,3.8,14006829056,1004994560,1777238016,101548032,2386182144
2026-07-08T16:25:42.725589,17006837760,16349609984,657227776,3.9,14002307072,1004994560,1777238016,101564416,2386182144
2026-07-08T16:25:43.725867,17006837760,16350756864,656080896,3.9,14003453952,1004994560,1777238016,101564416,2386182144
2026-07-08T16:25:44.726144,17006837760,16349396992,657440768,3.9,14002077696,1005010944,1777254400,101564416,2386182144
2026-07-08T16:25:45.726502,17006837760,16349855744,656982016,3.9,14002536448,1005010944,1777254400,101564416,2386182144
2026-07-08T16:25:46.726786,17006837760,16349118464,657719296,3.9,14001799168,1005010944,1777254400,101564416,2386182144
2026-07-08T16:25:47.727114,17006837760,16349839360,656998400,3.9,14002520064,1005010944,1777254400,101564416,2386182144
2026-07-08T16:25:48.735177,17006837760,16350216192,656621568,3.9,14002896896,1005010944,1777254400,101580800,2386182144
2026-07-08T16:25:49.735459,17006837760,16351461376,655376384,3.9,14004142080,1005010944,1777254400,101580800,2386182144
2026-07-08T16:25:50.735740,17006837760,16351952896,654884864,3.9,14004633600,1005010944,1777254400,101580800,2386182144
2026-07-08T16:25:51.736017,17006837760,16351215616,655622144,3.9,14003896320,1005010944,1777254400,101580800,2386182144
2026-07-08T16:25:52.736404,17006837760,16351887360,654950400,3.9,14004568064,1005010944,1777254400,101580800,2386182144
2026-07-08T16:25:53.736841,17006837760,16352854016,653983744,3.8,14005534720,1005010944,1777254400,101580800,2386182144
2026-07-08T16:25:54.737355,17006837760,16352804864,654032896,3.8,14005485568,1005010944,1777254400,101580800,2386182144
2026-07-08T16:25:55.737829,17006837760,16353722368,653115392,3.8,14006403072,1005010944,1777254400,101580800,2386182144
2026-07-08T16:25:56.738182,17006837760,16353738752,653099008,3.8,14006419456,1005010944,1777254400,101580800,2386182144
2026-07-08T16:25:57.738534,17006837760,16353738752,653099008,3.8,14006419456,1005010944,1777254400,101580800,2386182144
2026-07-08T16:25:58.738894,17006837760,16351936512,654901248,3.9,14004617216,1005010944,1777254400,101597184,2386182144
2026-07-08T16:25:59.739257,17006837760,16351821824,655015936,3.9,14004453376,1005043712,1777303552,101597184,2386198528
2026-07-08T16:26:00.739624,17006837760,16352411648,654426112,3.8,14005043200,1005043712,1777303552,101597184,2386198528
2026-07-08T16:26:01.739973,17006837760,16352313344,654524416,3.8,14004944896,1005043712,1777303552,101597184,2386198528
2026-07-08T16:26:02.740303,17006837760,16353738752,653099008,3.8,14006370304,1005043712,1777303552,101597184,2386198528
2026-07-08T16:26:03.740660,17006837760,16353673216,653164544,3.8,14006304768,1005043712,1777303552,101613568,2386198528
2026-07-08T16:26:04.741024,17006837760,16352755712,654082048,3.8,14005387264,1005043712,1777303552,101613568,2386198528
2026-07-08T16:26:05.741381,17006837760,16352428032,654409728,3.8,14005059584,1005043712,1777303552,101613568,2386198528
2026-07-08T16:26:06.741745,17006837760,16352428032,654409728,3.8,14005059584,1005043712,1777303552,101613568,2386198528
2026-07-08T16:26:07.742083,17006837760,16352034816,654802944,3.9,14004666368,1005043712,1777303552,101613568,2386198528
2026-07-08T16:26:08.742419,17006837760,16351068160,655769600,3.9,14003699712,1005043712,1777303552,101629952,2386198528
2026-07-08T16:26:09.742774,17006837760,16351068160,655769600,3.9,14003699712,1005043712,1777303552,101629952,2386198528
2026-07-08T16:26:10.743129,17006837760,16350822400,656015360,3.9,14003453952,1005043712,1777303552,101629952,2386198528
2026-07-08T16:26:11.743493,17006837760,16351150080,655687680,3.9,14003781632,1005043712,1777303552,101629952,2386198528
2026-07-08T16:26:12.743851,17006837760,16351428608,655409152,3.9,14004060160,1005043712,1777303552,101629952,2386198528
2026-07-08T16:26:13.744216,17006837760,16350937088,655900672,3.9,14003568640,1005043712,1777303552,101629952,2386198528
2026-07-08T16:26:14.744578,17006837760,16351002624,655835136,3.9,14003568640,1005060096,1777369088,101629952,2386198528
2026-07-08T16:26:15.744947,17006837760,16351002624,655835136,3.9,14003568640,1005060096,1777369088,101629952,2386198528
2026-07-08T16:26:16.745327,17006837760,16352378880,654458880,3.8,14004944896,1005060096,1777369088,101629952,2386198528
2026-07-08T16:26:17.745638,17006837760,16352788480,654049280,3.8,14005354496,1005060096,1777369088,101629952,2386198528
2026-07-08T16:26:18.745916,17006837760,16351526912,655310848,3.9,14004092928,1005060096,1777369088,101662720,2386198528
2026-07-08T16:26:19.746193,17006837760,16351690752,655147008,3.9,14004256768,1005060096,1777369088,101662720,2386198528
2026-07-08T16:26:20.746539,17006837760,16352673792,654163968,3.8,14005239808,1005060096,1777369088,101662720,2386198528
2026-07-08T16:26:21.746930,17006837760,16353673216,653164544,3.8,14006239232,1005060096,1777369088,101662720,2386198528
2026-07-08T16:26:22.747271,17006837760,16352690176,654147584,3.8,14005256192,1005060096,1777369088,101662720,2386214912
2026-07-08T16:26:23.747627,17006837760,16352935936,653901824,3.8,14005501952,1005060096,1777369088,101679104,2386214912
2026-07-08T16:26:24.747928,17006837760,16352280576,654557184,3.8,14004846592,1005060096,1777369088,101679104,2386214912
2026-07-08T16:26:25.748209,17006837760,16353017856,653819904,3.8,14005583872,1005060096,1777369088,101679104,2386214912
2026-07-08T16:26:26.748493,17006837760,16352870400,653967360,3.8,14005436416,1005060096,1777369088,101679104,2386214912
2026-07-08T16:26:27.748773,17006837760,16352985088,653852672,3.8,14005551104,1005060096,1777369088,101679104,2386214912
2026-07-08T16:26:28.749057,17006837760,16353017856,653819904,3.8,14005583872,1005060096,1777369088,101679104,2386214912
2026-07-08T16:26:29.749462,17006837760,16353771520,653066240,3.8,14006337536,1005060096,1777369088,101679104,2386214912
2026-07-08T16:26:30.749823,17006837760,16353738752,653099008,3.8,14006304768,1005060096,1777369088,101679104,2386214912
2026-07-08T16:26:31.750177,17006837760,16354361344,652476416,3.8,14006927360,1005060096,1777369088,101679104,2386214912
2026-07-08T16:26:32.750541,17006837760,16355033088,651804672,3.8,14007599104,1005060096,1777369088,101679104,2386214912
2026-07-08T16:26:33.750908,17006837760,16354705408,652132352,3.8,14007271424,1005060096,1777369088,101679104,2386214912
2026-07-08T16:26:34.751267,17006837760,16352247808,654589952,3.8,14004813824,1005060096,1777369088,101695488,2386214912
2026-07-08T16:26:35.751706,17006837760,16352313344,654524416,3.8,14004813824,1005060096,1777434624,101695488,2386214912
2026-07-08T16:26:36.752074,17006837760,16352559104,654278656,3.8,14005059584,1005060096,1777434624,101695488,2386214912
2026-07-08T16:26:37.752440,17006837760,16349675520,657162240,3.9,14002176000,1005060096,1777434624,101695488,2386214912
2026-07-08T16:26:38.752798,17006837760,16349429760,657408000,3.9,14001930240,1005060096,1777434624,101695488,2386214912
2026-07-08T16:26:39.753273,17006837760,16351150080,655687680,3.9,14003650560,1005060096,1777434624,101711872,2386214912
2026-07-08T16:26:40.753629,17006837760,16350625792,656211968,3.9,14003126272,1005060096,1777434624,101711872,2386214912
2026-07-08T16:26:41.753979,17006837760,16351019008,655818752,3.9,14003519488,1005060096,1777434624,101711872,2386214912
2026-07-08T16:26:42.754342,17006837760,16351019008,655818752,3.9,14003519488,1005060096,1777434624,101711872,2386214912
2026-07-08T16:26:43.754701,17006837760,16351772672,655065088,3.9,14004273152,1005060096,1777434624,101711872,2386214912
2026-07-08T16:26:44.755053,17006837760,16352706560,654131200,3.8,14005207040,1005060096,1777434624,101728256,2386231296
2026-07-08T16:26:45.755423,17006837760,16353067008,653770752,3.8,14005518336,1005191168,1777483776,101728256,2386231296
2026-07-08T16:26:46.755787,17006837760,16352886784,653950976,3.8,14005338112,1005191168,1777483776,101728256,2386231296
2026-07-08T16:26:47.756160,17006837760,16353378304,653459456,3.8,14005829632,1005191168,1777483776,101728256,2386231296
2026-07-08T16:26:48.756505,17006837760,16354017280,652820480,3.8,14006468608,1005191168,1777483776,101728256,2386231296
2026-07-08T16:26:49.756812,17006837760,16354525184,652312576,3.8,14006976512,1005191168,1777483776,101744640,2386231296
2026-07-08T16:26:50.757097,17006837760,16355262464,651575296,3.8,14007713792,1005191168,1777483776,101744640,2386231296
2026-07-08T16:26:51.757382,17006837760,16355491840,651345920,3.8,14007943168,1005191168,1777483776,101744640,2386231296
2026-07-08T16:26:52.757660,17006837760,16356196352,650641408,3.8,14008647680,1005191168,1777483776,101744640,2386231296
2026-07-08T16:26:53.757949,17006837760,16355131392,651706368,3.8,14007582720,1005191168,1777483776,101744640,2386231296
2026-07-08T16:26:54.758236,17006837760,16351887360,654950400,3.9,14004338688,1005191168,1777483776,101761024,2386231296
2026-07-08T16:26:55.758514,17006837760,16351297536,655540224,3.9,14003748864,1005191168,1777483776,101761024,2386231296
2026-07-08T16:26:56.758796,17006837760,16352772096,654065664,3.8,14005223424,1005191168,1777483776,101761024,2386231296
2026-07-08T16:26:57.759078,17006837760,16352280576,654557184,3.8,14004731904,1005191168,1777483776,101761024,2386231296
2026-07-08T16:26:58.759365,17006837760,16351789056,655048704,3.9,14004240384,1005191168,1777483776,101761024,2386231296
2026-07-08T16:26:59.759711,17006837760,16350789632,656048128,3.9,14003240960,1005191168,1777483776,101777408,2386231296
2026-07-08T16:27:00.760082,17006837760,16351903744,654934016,3.9,14004355072,1005191168,1777483776,101777408,2386231296
2026-07-08T16:27:01.760449,17006837760,16352051200,654786560,3.9,14004502528,1005191168,1777483776,101777408,2386231296
2026-07-08T16:27:02.760756,17006837760,16353050624,653787136,3.8,14005501952,1005191168,1777483776,101777408,2386231296
2026-07-08T16:27:03.761037,17006837760,16354426880,652410880,3.8,14006878208,1005191168,1777483776,101777408,2386231296
2026-07-08T16:27:04.761327,17006837760,16352182272,654655488,3.8,14004633600,1005191168,1777483776,101777408,2386247680
2026-07-08T16:27:05.761732,17006837760,16351920128,654917632,3.9,14004371456,1005191168,1777483776,101777408,2386247680
2026-07-08T16:27:06.762083,17006837760,16353067008,653770752,3.8,14005518336,1005191168,1777483776,101777408,2386247680
2026-07-08T16:27:07.762403,17006837760,16353820672,653017088,3.8,14006272000,1005191168,1777483776,101777408,2386247680
2026-07-08T16:27:08.762760,17006837760,16354312192,652525568,3.8,14006763520,1005191168,1777483776,101777408,2386247680
2026-07-08T16:27:09.763106,17006837760,16354623488,652214272,3.8,14007074816,1005191168,1777483776,101777408,2386247680
2026-07-08T16:27:10.763450,17006837760,16354361344,652476416,3.8,14006812672,1005191168,1777483776,101793792,2386247680
2026-07-08T16:27:11.763809,17006837760,16354131968,652705792,3.8,14006566912,1005191168,1777500160,101793792,2386247680
2026-07-08T16:27:12.764160,17006837760,16354705408,652132352,3.8,14007140352,1005191168,1777500160,101793792,2386247680
2026-07-08T16:27:13.764525,17006837760,16355442688,651395072,3.8,14007877632,1005191168,1777500160,101793792,2386247680
2026-07-08T16:27:14.764860,17006837760,16354623488,652214272,3.8,14007058432,1005191168,1777500160,101793792,2386247680
2026-07-08T16:27:15.765218,17006837760,16347955200,658882560,3.9,14000390144,1005191168,1777500160,101810176,2386247680
2026-07-08T16:27:16.765593,17006837760,16348119040,658718720,3.9,14000390144,1005305856,1777664000,101810176,2386247680
2026-07-08T16:27:17.765968,17006837760,16347791360,659046400,3.9,14000062464,1005305856,1777664000,101810176,2386247680
2026-07-08T16:27:18.766329,17006837760,16349282304,657555456,3.9,14001553408,1005305856,1777664000,101810176,2386247680
2026-07-08T16:27:19.766700,17006837760,16349839360,656998400,3.9,14002110464,1005305856,1777664000,101810176,2386247680
2026-07-08T16:27:20.767067,17006837760,16350117888,656719872,3.9,14002388992,1005305856,1777664000,101826560,2386247680
2026-07-08T16:27:21.767443,17006837760,16349888512,656949248,3.9,14002159616,1005305856,1777664000,101826560,2386247680
2026-07-08T16:27:22.767811,17006837760,16349937664,656900096,3.9,14002208768,1005305856,1777664000,101826560,2386247680
2026-07-08T16:27:23.768166,17006837760,16350724096,656113664,3.9,14002995200,1005305856,1777664000,101826560,2386247680
2026-07-08T16:27:24.768520,17006837760,16350216192,656621568,3.9,14002487296,1005305856,1777664000,101826560,2386247680
2026-07-08T16:27:25.768864,17006837760,16350199808,656637952,3.9,14002470912,1005305856,1777664000,101842944,2386247680
2026-07-08T16:27:26.769220,17006837760,16350887936,655949824,3.9,14003159040,1005305856,1777664000,101842944,2386247680
2026-07-08T16:27:27.769569,17006837760,16350609408,656228352,3.9,14002880512,1005305856,1777664000,101842944,2386247680
2026-07-08T16:27:28.769939,17006837760,16350281728,656556032,3.9,14002552832,1005305856,1777664000,101842944,2386264064
2026-07-08T16:27:29.770245,17006837760,16350904320,655933440,3.9,14003175424,1005305856,1777664000,101842944,2386264064
2026-07-08T16:27:30.770525,17006837760,16351887360,654950400,3.9,14004158464,1005305856,1777664000,101859328,2386264064
2026-07-08T16:27:31.770810,17006837760,16352641024,654196736,3.8,14004912128,1005305856,1777664000,101859328,2386264064
2026-07-08T16:27:32.771091,17006837760,16352673792,654163968,3.8,14004944896,1005305856,1777664000,101859328,2386264064
2026-07-08T16:27:33.771384,17006837760,16353165312,653672448,3.8,14005436416,1005305856,1777664000,101859328,2386264064
2026-07-08T16:27:34.771707,17006837760,16354623488,652214272,3.8,14006894592,1005305856,1777664000,101859328,2386264064
2026-07-08T16:27:35.772056,17006837760,16353640448,653197312,3.8,14005911552,1005305856,1777664000,101875712,2386264064
2026-07-08T16:27:36.772426,17006837760,16354131968,652705792,3.8,14006403072,1005305856,1777664000,101875712,2386264064
2026-07-08T16:27:37.772765,17006837760,16354131968,652705792,3.8,14006403072,1005305856,1777664000,101875712,2386264064
2026-07-08T16:27:38.773216,17006837760,16354443264,652394496,3.8,14006714368,1005305856,1777664000,101875712,2386264064
2026-07-08T16:27:39.773693,17006837760,16354934784,651902976,3.8,14007205888,1005305856,1777664000,101875712,2386264064
2026-07-08T16:27:40.774061,17006837760,16353214464,653623296,3.8,14005485568,1005305856,1777664000,101875712,2386264064
2026-07-08T16:27:41.774427,17006837760,16353214464,653623296,3.8,14005485568,1005305856,1777664000,101875712,2386264064
2026-07-08T16:27:42.774789,17006837760,16353214464,653623296,3.8,14005485568,1005305856,1777664000,101875712,2386264064
2026-07-08T16:27:43.775144,17006837760,16354443264,652394496,3.8,14006714368,1005305856,1777664000,101875712,2386264064
2026-07-08T16:27:44.775449,17006837760,16354443264,652394496,3.8,14006714368,1005305856,1777664000,101875712,2386264064
2026-07-08T16:27:45.775733,17006837760,16353214464,653623296,3.8,14005485568,1005305856,1777664000,101875712,2386264064
2026-07-08T16:27:46.776077,17006837760,16352231424,654606336,3.8,14004502528,1005305856,1777664000,101892096,2386264064
2026-07-08T16:27:47.776358,17006837760,16352493568,654344192,3.8,14004748288,1005305856,1777680384,101892096,2386264064
2026-07-08T16:27:48.776698,17006837760,16353230848,653606912,3.8,14005485568,1005305856,1777680384,101892096,2386264064
2026-07-08T16:27:49.777038,17006837760,16354344960,652492800,3.8,14006599680,1005305856,1777680384,101892096,2386280448
2026-07-08T16:27:50.777410,17006837760,16354721792,652115968,3.8,14006976512,1005305856,1777680384,101892096,2386280448
2026-07-08T16:27:51.777772,17006837760,16351035392,655802368,3.9,14003290112,1005305856,1777680384,101908480,2386280448
2026-07-08T16:27:52.778242,17006837760,16349806592,657031168,3.9,14002061312,1005305856,1777680384,101908480,2386280448
2026-07-08T16:27:53.778656,17006837760,16351838208,654999552,3.9,14004092928,1005305856,1777680384,101908480,2386280448
2026-07-08T16:27:54.779003,17006837760,16351608832,655228928,3.9,14003863552,1005305856,1777680384,101908480,2386280448
2026-07-08T16:27:55.779393,17006837760,16351363072,655474688,3.9,14003617792,1005305856,1777680384,101908480,2386280448
2026-07-08T16:27:56.779673,17006837760,16353214464,653623296,3.8,14005469184,1005305856,1777680384,101924864,2386280448
2026-07-08T16:27:57.779950,17006837760,16353083392,653754368,3.8,14005338112,1005305856,1777680384,101924864,2386280448
2026-07-08T16:27:58.780292,17006837760,16353099776,653737984,3.8,14005354496,1005305856,1777680384,101924864,2386280448
2026-07-08T16:27:59.780657,17006837760,16354312192,652525568,3.8,14006566912,1005305856,1777680384,101924864,2386280448
2026-07-08T16:28:00.781025,17006837760,16354787328,652050432,3.8,14007042048,1005305856,1777680384,101924864,2386280448
2026-07-08T16:28:01.781402,17006837760,16355016704,651821056,3.8,14007271424,1005305856,1777680384,101924864,2386280448
2026-07-08T16:28:02.781765,17006837760,16355966976,650870784,3.8,14008221696,1005305856,1777680384,101924864,2386280448
2026-07-08T16:28:03.782136,17006837760,16355966976,650870784,3.8,14008221696,1005305856,1777680384,101924864,2386280448
2026-07-08T16:28:04.782501,17006837760,16354738176,652099584,3.8,14006992896,1005305856,1777680384,101924864,2386280448
2026-07-08T16:28:05.782859,17006837760,16354738176,652099584,3.8,14006992896,1005305856,1777680384,101924864,2386280448
2026-07-08T16:28:06.783215,17006837760,16355246080,651591680,3.8,14007500800,1005305856,1777680384,101941248,2386280448
2026-07-08T16:28:07.783584,17006837760,16355999744,650838016,3.8,14008254464,1005305856,1777680384,101941248,2386280448
2026-07-08T16:28:08.783928,17006837760,16355999744,650838016,3.8,14008254464,1005305856,1777680384,101941248,2386280448
2026-07-08T16:28:09.784235,17006837760,16355753984,651083776,3.8,14008008704,1005305856,1777680384,101941248,2386280448
2026-07-08T16:28:10.784518,17006837760,16354770944,652066816,3.8,14007025664,1005305856,1777680384,101941248,2386280448
2026-07-08T16:28:11.784795,17006837760,16354770944,652066816,3.8,14007025664,1005305856,1777680384,101957632,2386280448
2026-07-08T16:28:12.785078,17006837760,16355016704,651821056,3.8,14007271424,1005305856,1777680384,101957632,2386296832
2026-07-08T16:28:13.785364,17006837760,16355753984,651083776,3.8,14008008704,1005305856,1777680384,101957632,2386296832
2026-07-08T16:28:14.785702,17006837760,16355737600,651100160,3.8,14007992320,1005305856,1777680384,101957632,2386296832
2026-07-08T16:28:15.786060,17006837760,16354312192,652525568,3.8,14006566912,1005305856,1777680384,101957632,2386296832
2026-07-08T16:28:16.786428,17006837760,16354066432,652771328,3.8,14006321152,1005305856,1777680384,101957632,2386296832
2026-07-08T16:28:17.786799,17006837760,16353820672,653017088,3.8,14006075392,1005305856,1777680384,101974016,2386296832
2026-07-08T16:28:18.787235,17006837760,16352755712,654082048,3.8,14005010432,1005305856,1777680384,101974016,2386296832
2026-07-08T16:28:19.787587,17006837760,16351576064,655261696,3.9,14003830784,1005305856,1777680384,101974016,2386296832
2026-07-08T16:28:20.787952,17006837760,16351084544,655753216,3.9,14003339264,1005305856,1777680384,101974016,2386296832
2026-07-08T16:28:21.788308,17006837760,16351821824,655015936,3.9,14004076544,1005305856,1777680384,101974016,2386296832
2026-07-08T16:28:22.788665,17006837760,16352559104,654278656,3.8,14004813824,1005305856,1777680384,101990400,2386313216
2026-07-08T16:28:23.789013,17006837760,16352837632,654000128,3.8,14005092352,1005305856,1777680384,101990400,2386313216
2026-07-08T16:28:24.789377,17006837760,16353312768,653524992,3.8,14005567488,1005305856,1777680384,101990400,2386313216
2026-07-08T16:28:25.789642,17006837760,16353312768,653524992,3.8,14005567488,1005305856,1777680384,101990400,2386313216
2026-07-08T16:28:26.789874,17006837760,16353443840,653393920,3.8,14005698560,1005305856,1777680384,101990400,2386313216
2026-07-08T16:28:27.790107,17006837760,16354557952,652279808,3.8,14006812672,1005305856,1777680384,102006784,2386313216
2026-07-08T16:28:28.790336,17006837760,16354328576,652509184,3.8,14006583296,1005305856,1777680384,102006784,2386313216
2026-07-08T16:28:29.790632,17006837760,16354492416,652345344,3.8,14006747136,1005305856,1777680384,102006784,2386313216
2026-07-08T16:28:30.790942,17006837760,16354967552,651870208,3.8,14007222272,1005305856,1777680384,102006784,2386313216
2026-07-08T16:28:31.791261,17006837760,16355262464,651575296,3.8,14007517184,1005305856,1777680384,102006784,2386313216
2026-07-08T16:28:32.791555,17006837760,16355115008,651722752,3.8,14007369728,1005305856,1777680384,102023168,2386313216
2026-07-08T16:28:33.791834,17006837760,16355131392,651706368,3.8,14007386112,1005305856,1777680384,102023168,2386313216
2026-07-08T16:28:34.792073,17006837760,16354394112,652443648,3.8,14006648832,1005305856,1777680384,102023168,2386329600
2026-07-08T16:28:35.792303,17006837760,16354885632,651952128,3.8,14007140352,1005305856,1777680384,102023168,2386329600
2026-07-08T16:28:36.792532,17006837760,16354607104,652230656,3.8,14006861824,1005305856,1777680384,102023168,2386329600
2026-07-08T16:28:37.792779,17006837760,16355262464,651575296,3.8,14007517184,1005305856,1777680384,102023168,2386329600
2026-07-08T16:28:38.793045,17006837760,16355344384,651493376,3.8,14007599104,1005305856,1777680384,102023168,2386329600
2026-07-08T16:28:39.793332,17006837760,16355344384,651493376,3.8,14007599104,1005305856,1777680384,102023168,2386329600
2026-07-08T16:28:40.793565,17006837760,16355360768,651476992,3.8,14007615488,1005305856,1777680384,102023168,2386329600
2026-07-08T16:28:41.793794,17006837760,16355360768,651476992,3.8,14007615488,1005305856,1777680384,102023168,2386329600
2026-07-08T16:28:42.794043,17006837760,16354131968,652705792,3.8,14006386688,1005305856,1777680384,102039552,2386329600
2026-07-08T16:28:43.794352,17006837760,16354050048,652787712,3.8,14006304768,1005305856,1777680384,102039552,2386329600
2026-07-08T16:28:44.794674,17006837760,16353886208,652951552,3.8,14006140928,1005305856,1777680384,102039552,2386329600
2026-07-08T16:28:45.794967,17006837760,16355098624,651739136,3.8,14007353344,1005305856,1777680384,102039552,2386329600
2026-07-08T16:28:46.795210,17006837760,16353869824,652967936,3.8,14006124544,1005305856,1777680384,102039552,2386329600
2026-07-08T16:28:47.795440,17006837760,16353148928,653688832,3.8,14005403648,1005305856,1777680384,102055936,2386329600
2026-07-08T16:28:48.795672,17006837760,16354312192,652525568,3.8,14006566912,1005305856,1777680384,102055936,2386329600
2026-07-08T16:28:49.795904,17006837760,16354787328,652050432,3.8,14007042048,1005305856,1777680384,102055936,2386329600
2026-07-08T16:28:50.796201,17006837760,16355246080,651591680,3.8,14007500800,1005305856,1777680384,102055936,2386329600
2026-07-08T16:28:51.796509,17006837760,16355966976,650870784,3.8,14008221696,1005305856,1777680384,102055936,2386329600
2026-07-08T16:28:52.796761,17006837760,16355557376,651280384,3.8,14007812096,1005305856,1777680384,102055936,2386329600
2026-07-08T16:28:53.796993,17006837760,16356048896,650788864,3.8,14008303616,1005305856,1777680384,102072320,2386313216
2026-07-08T16:28:54.797227,17006837760,16355311616,651526144,3.8,14007566336,1005305856,1777680384,102072320,2386329600
2026-07-08T16:28:55.797558,17006837760,16355196928,651640832,3.8,14007451648,1005305856,1777680384,102072320,2386345984
2026-07-08T16:28:56.797871,17006837760,16354394112,652443648,3.8,14006648832,1005305856,1777680384,102072320,2386345984
2026-07-08T16:28:57.798231,17006837760,16354639872,652197888,3.8,14006894592,1005305856,1777680384,102072320,2386345984
2026-07-08T16:28:58.798522,17006837760,16355704832,651132928,3.8,14007615488,1005436928,1778024448,102088704,2386345984
2026-07-08T16:28:59.798812,17006837760,16355950592,650887168,3.8,14007861248,1005436928,1778024448,102088704,2386345984
2026-07-08T16:29:00.799050,17006837760,16355966976,650870784,3.8,14007877632,1005436928,1778024448,102088704,2386345984
2026-07-08T16:29:01.799281,17006837760,16356442112,650395648,3.8,14008352768,1005436928,1778024448,102088704,2386345984
2026-07-08T16:29:02.799511,17006837760,16356900864,649936896,3.8,14008811520,1005436928,1778024448,102088704,2386345984
2026-07-08T16:29:03.799741,17006837760,16356900864,649936896,3.8,14008811520,1005436928,1778024448,102105088,2386345984
2026-07-08T16:29:04.800029,17006837760,16356655104,650182656,3.8,14008565760,1005436928,1778024448,102105088,2386345984
2026-07-08T16:29:05.800356,17006837760,16356147200,650690560,3.8,14008057856,1005436928,1778024448,102105088,2386345984
2026-07-08T16:29:06.800680,17006837760,16355655680,651182080,3.8,14007566336,1005436928,1778024448,102105088,2386345984
2026-07-08T16:29:07.800974,17006837760,16354508800,652328960,3.8,14006419456,1005436928,1778024448,102105088,2386345984
2026-07-08T16:29:08.801207,17006837760,16353656832,653180928,3.8,14005567488,1005436928,1778024448,102121472,2386345984
2026-07-08T16:29:09.801448,17006837760,16353656832,653180928,3.8,14005567488,1005436928,1778024448,102121472,2386345984
2026-07-08T16:29:10.801681,17006837760,16353673216,653164544,3.8,14005583872,1005436928,1778024448,102121472,2386345984
2026-07-08T16:29:11.801912,17006837760,16354902016,651935744,3.8,14006812672,1005436928,1778024448,102121472,2386345984
2026-07-08T16:29:12.802200,17006837760,16353918976,652918784,3.8,14005829632,1005436928,1778024448,102121472,2386345984
2026-07-08T16:29:13.802509,17006837760,16354607104,652230656,3.8,14006517760,1005436928,1778024448,102121472,2386345984
2026-07-08T16:29:14.802803,17006837760,16354607104,652230656,3.8,14006517760,1005436928,1778024448,102121472,2386345984
2026-07-08T16:29:15.803112,17006837760,16354623488,652214272,3.8,14006534144,1005436928,1778024448,102121472,2386345984
2026-07-08T16:29:16.803412,17006837760,16354131968,652705792,3.8,14006042624,1005436928,1778024448,102121472,2386345984
2026-07-08T16:29:17.803640,17006837760,16354131968,652705792,3.8,14006042624,1005436928,1778024448,102121472,2386362368
2026-07-08T16:29:18.803875,17006837760,16354869248,651968512,3.8,14006779904,1005436928,1778024448,102137856,2386362368
2026-07-08T16:29:19.804169,17006837760,16355360768,651476992,3.8,14007271424,1005436928,1778024448,102137856,2386362368
2026-07-08T16:29:20.804463,17006837760,16355606528,651231232,3.8,14007517184,1005436928,1778024448,102137856,2386362368
2026-07-08T16:29:21.804753,17006837760,16355606528,651231232,3.8,14007517184,1005436928,1778024448,102137856,2386362368
2026-07-08T16:29:22.805040,17006837760,16356032512,650805248,3.8,14007943168,1005436928,1778024448,102137856,2386362368
2026-07-08T16:29:23.805339,17006837760,16356261888,650575872,3.8,14008172544,1005436928,1778024448,102137856,2386362368
2026-07-08T16:29:24.805780,17006837760,16355770368,651067392,3.8,14007681024,1005436928,1778024448,102154240,2386362368
2026-07-08T16:29:25.806083,17006837760,16356261888,650575872,3.8,14008172544,1005436928,1778024448,102154240,2386362368
2026-07-08T16:29:26.806385,17006837760,16356507648,650330112,3.8,14008418304,1005436928,1778024448,102154240,2386362368
2026-07-08T16:29:27.806674,17006837760,16356753408,650084352,3.8,14008664064,1005436928,1778024448,102154240,2386362368
2026-07-08T16:29:28.806911,17006837760,16355524608,651313152,3.8,14007435264,1005436928,1778024448,102154240,2386362368
2026-07-08T16:29:29.807140,17006837760,16355033088,651804672,3.8,14006943744,1005436928,1778024448,102154240,2386362368
2026-07-08T16:29:30.807446,17006837760,16352837632,654000128,3.8,14004748288,1005436928,1778024448,102154240,2386362368
2026-07-08T16:29:31.807796,17006837760,16351920128,654917632,3.9,14003830784,1005436928,1778024448,102154240,2386362368
2026-07-08T16:29:32.808178,17006837760,16349462528,657375232,3.9,14001373184,1005436928,1778024448,102154240,2386362368
2026-07-08T16:29:33.808433,17006837760,16350707712,656130048,3.9,14002618368,1005436928,1778024448,102154240,2386362368
2026-07-08T16:29:34.808661,17006837760,16349233152,657604608,3.9,14001143808,1005436928,1778024448,102170624,2386362368
2026-07-08T16:29:35.808897,17006837760,16350691328,656146432,3.9,14002601984,1005436928,1778024448,102170624,2386362368
2026-07-08T16:29:36.809129,17006837760,16351576064,655261696,3.9,14003486720,1005436928,1778024448,102170624,2386362368
2026-07-08T16:29:37.809362,17006837760,16351903744,654934016,3.9,14003814400,1005436928,1778024448,102170624,2386362368
2026-07-08T16:29:38.809643,17006837760,16352870400,653967360,3.8,14004781056,1005436928,1778024448,102170624,2386362368
2026-07-08T16:29:39.809933,17006837760,16353607680,653230080,3.8,14005518336,1005436928,1778024448,102187008,2386362368
2026-07-08T16:29:40.810240,17006837760,16353951744,652886016,3.8,14005862400,1005436928,1778024448,102187008,2386378752
2026-07-08T16:29:41.810543,17006837760,16353705984,653131776,3.8,14005616640,1005436928,1778024448,102187008,2386378752
2026-07-08T16:29:42.810849,17006837760,16353214464,653623296,3.8,14005125120,1005436928,1778024448,102187008,2386378752
2026-07-08T16:29:43.811152,17006837760,16353361920,653475840,3.8,14005272576,1005436928,1778024448,102187008,2386378752
2026-07-08T16:29:44.811452,17006837760,16355229696,651608064,3.8,14007140352,1005436928,1778024448,102203392,2386378752
2026-07-08T16:29:45.811753,17006837760,16354246656,652591104,3.8,14006157312,1005436928,1778024448,102203392,2386378752
2026-07-08T16:29:46.812047,17006837760,16355721216,651116544,3.8,14007631872,1005436928,1778024448,102203392,2386378752
2026-07-08T16:29:47.812343,17006837760,16355966976,650870784,3.8,14007877632,1005436928,1778024448,102203392,2386378752
2026-07-08T16:29:48.812644,17006837760,16355475456,651362304,3.8,14007386112,1005436928,1778024448,102203392,2386378752
2026-07-08T16:29:49.812945,17006837760,16354902016,651935744,3.8,14006812672,1005436928,1778024448,102203392,2386378752
2026-07-08T16:29:50.813257,17006837760,16355852288,650985472,3.8,14007648256,1005502464,1778139136,102203392,2386378752
2026-07-08T16:29:51.813560,17006837760,16356098048,650739712,3.8,14007894016,1005502464,1778139136,102203392,2386378752
2026-07-08T16:29:52.813867,17006837760,16356818944,650018816,3.8,14008614912,1005502464,1778139136,102203392,2386378752
2026-07-08T16:29:53.814188,17006837760,16356818944,650018816,3.8,14008614912,1005502464,1778139136,102203392,2386378752
2026-07-08T16:29:54.814512,17006837760,16355344384,651493376,3.8,14007140352,1005502464,1778139136,102236160,2386378752
2026-07-08T16:29:55.814824,17006837760,16355606528,651231232,3.8,14007402496,1005502464,1778139136,102236160,2386378752
2026-07-08T16:29:56.815119,17006837760,16354869248,651968512,3.8,14006665216,1005502464,1778139136,102236160,2386378752
2026-07-08T16:29:57.815363,17006837760,16352886784,653950976,3.8,14004682752,1005502464,1778139136,102236160,2386378752
2026-07-08T16:29:58.815596,17006837760,16352395264,654442496,3.8,14004191232,1005502464,1778139136,102236160,2386378752
2026-07-08T16:29:59.815828,17006837760,16353624064,653213696,3.8,14005420032,1005502464,1778139136,102236160,2386378752
2026-07-08T16:30:00.816059,17006837760,16353132544,653705216,3.8,14004928512,1005502464,1778139136,102252544,2386378752
2026-07-08T16:30:01.816339,17006837760,16352886784,653950976,3.8,14004682752,1005502464,1778139136,102252544,2386378752
2026-07-08T16:30:02.816642,17006837760,16353296384,653541376,3.8,14005092352,1005502464,1778139136,102252544,2386378752
2026-07-08T16:30:03.816923,17006837760,16354033664,652804096,3.8,14005829632,1005502464,1778139136,102252544,2386395136
2026-07-08T16:30:04.817158,17006837760,16354033664,652804096,3.8,14005829632,1005502464,1778139136,102252544,2386395136
2026-07-08T16:30:05.817388,17006837760,16354689024,652148736,3.8,14006484992,1005502464,1778139136,102252544,2386395136
2026-07-08T16:30:06.817618,17006837760,16354590720,652247040,3.8,14006386688,1005502464,1778139136,102252544,2386395136
2026-07-08T16:30:07.817846,17006837760,16354836480,652001280,3.8,14006632448,1005502464,1778139136,102252544,2386395136
2026-07-08T16:30:08.818135,17006837760,16355540992,651296768,3.8,14007336960,1005502464,1778139136,102252544,2386395136
2026-07-08T16:30:09.818425,17006837760,16355786752,651051008,3.8,14007582720,1005502464,1778139136,102252544,2386395136
2026-07-08T16:30:10.818660,17006837760,16353083392,653754368,3.8,14004879360,1005502464,1778139136,102268928,2386395136
2026-07-08T16:30:11.818888,17006837760,16352346112,654491648,3.8,14004142080,1005535232,1778139136,102268928,2386395136
2026-07-08T16:30:12.819116,17006837760,16352346112,654491648,3.8,14004142080,1005535232,1778139136,102268928,2386395136
2026-07-08T16:30:13.819350,17006837760,16351592448,655245312,3.9,14003388416,1005535232,1778139136,102268928,2386395136
2026-07-08T16:30:14.819637,17006837760,16352133120,654704640,3.8,14003929088,1005535232,1778139136,102268928,2386395136
2026-07-08T16:30:15.819947,17006837760,16351510528,655327232,3.9,14003306496,1005535232,1778139136,102285312,2386395136
2026-07-08T16:30:16.820253,17006837760,16350674944,656162816,3.9,14002470912,1005535232,1778139136,102285312,2386395136
2026-07-08T16:30:17.820555,17006837760,16350969856,655867904,3.9,14002765824,1005535232,1778139136,102285312,2386395136
2026-07-08T16:30:18.820859,17006837760,16350969856,655867904,3.9,14002765824,1005535232,1778139136,102285312,2386395136
2026-07-08T16:30:19.821162,17006837760,16353148928,653688832,3.8,14004944896,1005535232,1778139136,102285312,2386395136
2026-07-08T16:30:20.821415,17006837760,16353148928,653688832,3.8,14004944896,1005535232,1778139136,102301696,2386395136
2026-07-08T16:30:21.821643,17006837760,16353460224,653377536,3.8,14005256192,1005535232,1778139136,102301696,2386395136
2026-07-08T16:30:22.821888,17006837760,16352362496,654475264,3.8,14004158464,1005551616,1778139136,102301696,2386395136
2026-07-08T16:30:23.822128,17006837760,16353132544,653705216,3.8,14004928512,1005551616,1778139136,102301696,2386395136
2026-07-08T16:30:24.822352,17006837760,16353034240,653803520,3.8,14004830208,1005551616,1778139136,102301696,2386395136
2026-07-08T16:30:25.822582,17006837760,16352165888,654671872,3.8,14003961856,1005551616,1778139136,102318080,2386395136
2026-07-08T16:30:26.822810,17006837760,16351920128,654917632,3.9,14003716096,1005551616,1778139136,102318080,2386411520
2026-07-08T16:30:27.823035,17006837760,16352854016,653983744,3.8,14004649984,1005551616,1778139136,102318080,2386411520
2026-07-08T16:30:28.823257,17006837760,16352591872,654245888,3.8,14004387840,1005551616,1778139136,102318080,2386411520
2026-07-08T16:30:29.823480,17006837760,16353067008,653770752,3.8,14004862976,1005551616,1778139136,102318080,2386411520
2026-07-08T16:30:30.823772,17006837760,16354279424,652558336,3.8,14006075392,1005551616,1778139136,102334464,2386411520
2026-07-08T16:30:31.824024,17006837760,16354279424,652558336,3.8,14006075392,1005551616,1778139136,102334464,2386411520
2026-07-08T16:30:32.824325,17006837760,16351084544,655753216,3.9,14002880512,1005551616,1778139136,102334464,2386411520
2026-07-08T16:30:33.824625,17006837760,16350838784,655998976,3.9,14002634752,1005551616,1778139136,102334464,2386411520
2026-07-08T16:30:34.824930,17006837760,16350183424,656654336,3.9,14001979392,1005551616,1778139136,102334464,2386411520
2026-07-08T16:30:35.825236,17006837760,16352067584,654770176,3.9,14003863552,1005551616,1778139136,102334464,2386411520
2026-07-08T16:30:36.825546,17006837760,16352034816,654802944,3.9,14003830784,1005551616,1778139136,102350848,2386411520
2026-07-08T16:30:37.825775,17006837760,16352280576,654557184,3.8,14004076544,1005551616,1778139136,102350848,2386411520
2026-07-08T16:30:38.826006,17006837760,16352690176,654147584,3.8,14004486144,1005551616,1778139136,102350848,2386411520
2026-07-08T16:30:39.826234,17006837760,16352444416,654393344,3.8,14004240384,1005551616,1778139136,102350848,2386411520
2026-07-08T16:30:40.826460,17006837760,16353034240,653803520,3.8,14004830208,1005551616,1778139136,102350848,2386411520
2026-07-08T16:30:41.826727,17006837760,16352690176,654147584,3.8,14004486144,1005551616,1778139136,102350848,2386411520
2026-07-08T16:30:42.827033,17006837760,16352935936,653901824,3.8,14004731904,1005551616,1778139136,102350848,2386411520
2026-07-08T16:30:43.827276,17006837760,16354050048,652787712,3.8,14005846016,1005551616,1778139136,102350848,2386411520
2026-07-08T16:30:44.827502,17006837760,16353312768,653524992,3.8,14005108736,1005551616,1778139136,102350848,2386411520
2026-07-08T16:30:45.827804,17006837760,16353067008,653770752,3.8,14004862976,1005551616,1778139136,102350848,2386411520
2026-07-08T16:30:46.828110,17006837760,16353460224,653377536,3.8,14005256192,1005584384,1778139136,102367232,2386427904
2026-07-08T16:30:47.828413,17006837760,16352952320,653885440,3.8,14004748288,1005584384,1778139136,102367232,2386427904
2026-07-08T16:30:48.828780,17006837760,16351477760,655360000,3.9,14003273728,1005584384,1778139136,102367232,2386427904
2026-07-08T16:30:49.829077,17006837760,16350003200,656834560,3.9,14001799168,1005584384,1778139136,102367232,2386427904
2026-07-08T16:30:50.829435,17006837760,16347545600,659292160,3.9,13999341568,1005584384,1778139136,102367232,2386427904
2026-07-08T16:30:51.829660,17006837760,16348790784,658046976,3.9,14000586752,1005633536,1778139136,102383616,2386427904
2026-07-08T16:30:52.829952,17006837760,16347824128,659013632,3.9,13999620096,1005633536,1778139136,102383616,2386427904
2026-07-08T16:30:53.830183,17006837760,16347807744,659030016,3.9,13999603712,1005633536,1778139136,102383616,2386427904
2026-07-08T16:30:54.830417,17006837760,16348151808,658685952,3.9,13999947776,1005633536,1778139136,102383616,2386427904
2026-07-08T16:30:55.830648,17006837760,16349446144,657391616,3.9,14001242112,1005633536,1778139136,102383616,2386427904
2026-07-08T16:30:56.830877,17006837760,16351084544,655753216,3.9,14002880512,1005633536,1778139136,102400000,2386427904
2026-07-08T16:30:57.831112,17006837760,16350412800,656424960,3.9,14002208768,1005633536,1778139136,102400000,2386427904
2026-07-08T16:30:58.831340,17006837760,16350429184,656408576,3.9,14002225152,1005633536,1778139136,102400000,2386427904
2026-07-08T16:30:59.831569,17006837760,16351870976,654966784,3.9,14003666944,1005633536,1778139136,102400000,2386427904
2026-07-08T16:31:00.831859,17006837760,16352116736,654721024,3.8,14003912704,1005633536,1778139136,102400000,2386427904
2026-07-08T16:31:01.832155,17006837760,16352608256,654229504,3.8,14004404224,1005633536,1778139136,102416384,2386427904
2026-07-08T16:31:02.832465,17006837760,16353329152,653508608,3.8,14005125120,1005633536,1778139136,102416384,2386427904
2026-07-08T16:31:03.832771,17006837760,16353083392,653754368,3.8,14004879360,1005633536,1778139136,102416384,2386427904
2026-07-08T16:31:04.833039,17006837760,16350855168,655982592,3.9,14002651136,1005633536,1778139136,102416384,2386427904
2026-07-08T16:31:05.833273,17006837760,16351592448,655245312,3.9,14003388416,1005633536,1778139136,102416384,2386427904
2026-07-08T16:31:06.833500,17006837760,16352657408,654180352,3.8,14004453376,1005633536,1778139136,102432768,2386427904
2026-07-08T16:31:07.833733,17006837760,16353624064,653213696,3.8,14005420032,1005633536,1778139136,102432768,2386444288
2026-07-08T16:31:08.834016,17006837760,16353624064,653213696,3.8,14005420032,1005633536,1778139136,102432768,2386444288
2026-07-08T16:31:09.834294,17006837760,16354164736,652673024,3.8,14005960704,1005633536,1778139136,102432768,2386444288
2026-07-08T16:31:10.834634,17006837760,16353509376,653328384,3.8,14005305344,1005633536,1778139136,102432768,2386444288
2026-07-08T16:31:11.834948,17006837760,16353509376,653328384,3.8,14005305344,1005633536,1778139136,102432768,2386444288
2026-07-08T16:31:12.835195,17006837760,16353263616,653574144,3.8,14005059584,1005633536,1778139136,102449152,2386444288
2026-07-08T16:31:13.835428,17006837760,16354344960,652492800,3.8,14006140928,1005633536,1778139136,102449152,2386444288
2026-07-08T16:31:14.835735,17006837760,16352624640,654213120,3.8,14004420608,1005633536,1778139136,102449152,2386444288
2026-07-08T16:31:15.836038,17006837760,16352624640,654213120,3.8,14004420608,1005633536,1778139136,102449152,2386444288
2026-07-08T16:31:16.836283,17006837760,16352870400,653967360,3.8,14004666368,1005633536,1778139136,102449152,2386444288
2026-07-08T16:31:17.836582,17006837760,16354050048,652787712,3.8,14005846016,1005633536,1778139136,102449152,2386444288
2026-07-08T16:31:18.836892,17006837760,16353640448,653197312,3.8,14005436416,1005633536,1778139136,102449152,2386444288
2026-07-08T16:31:19.837198,17006837760,16350953472,655884288,3.9,14002749440,1005633536,1778139136,102449152,2386444288
2026-07-08T16:31:20.837523,17006837760,16350216192,656621568,3.9,14002012160,1005633536,1778139136,102449152,2386444288
2026-07-08T16:31:21.837775,17006837760,16350445568,656392192,3.9,14002241536,1005633536,1778139136,102449152,2386444288
2026-07-08T16:31:22.838003,17006837760,16350330880,656506880,3.9,14002126848,1005666304,1778139136,102465536,2386444288
2026-07-08T16:31:23.838231,17006837760,16350511104,656326656,3.9,14002307072,1005666304,1778139136,102465536,2386444288
2026-07-08T16:31:24.838459,17006837760,16350019584,656818176,3.9,14001815552,1005666304,1778139136,102465536,2386444288
2026-07-08T16:31:25.838683,17006837760,16350248960,656588800,3.9,14002044928,1005666304,1778139136,102465536,2386444288
2026-07-08T16:31:26.838969,17006837760,16352296960,654540800,3.8,14004092928,1005666304,1778139136,102465536,2386444288
2026-07-08T16:31:27.839273,17006837760,16351772672,655065088,3.9,14003568640,1005666304,1778139136,102481920,2386444288
2026-07-08T16:31:28.839590,17006837760,16352837632,654000128,3.8,14004633600,1005666304,1778139136,102481920,2386444288
2026-07-08T16:31:29.839885,17006837760,16352821248,654016512,3.8,14004617216,1005666304,1778139136,102481920,2386444288
2026-07-08T16:31:30.840191,17006837760,16352837632,654000128,3.8,14004633600,1005666304,1778139136,102481920,2386460672
2026-07-08T16:31:31.840496,17006837760,16353886208,652951552,3.8,14005682176,1005666304,1778139136,102481920,2386460672
2026-07-08T16:31:32.840797,17006837760,16354344960,652492800,3.8,14006140928,1005666304,1778139136,102498304,2386460672
2026-07-08T16:31:33.841100,17006837760,16354590720,652247040,3.8,14006386688,1005666304,1778139136,102498304,2386460672
2026-07-08T16:31:34.841411,17006837760,16355082240,651755520,3.8,14006878208,1005666304,1778139136,102498304,2386460672
2026-07-08T16:31:35.841718,17006837760,16354082816,652754944,3.8,14005878784,1005666304,1778139136,102498304,2386460672
2026-07-08T16:31:36.842018,17006837760,16354082816,652754944,3.8,14005878784,1005666304,1778139136,102498304,2386460672
2026-07-08T16:31:37.842320,17006837760,16354443264,652394496,3.8,14006239232,1005666304,1778139136,102498304,2386460672
2026-07-08T16:31:38.842626,17006837760,16352722944,654114816,3.8,14004518912,1005666304,1778139136,102498304,2386460672
2026-07-08T16:31:39.842932,17006837760,16353214464,653623296,3.8,14005010432,1005666304,1778139136,102498304,2386460672
2026-07-08T16:31:40.843235,17006837760,16354197504,652640256,3.8,14005993472,1005666304,1778139136,102498304,2386460672
2026-07-08T16:31:41.843535,17006837760,16353935360,652902400,3.8,14005731328,1005666304,1778139136,102498304,2386460672
2026-07-08T16:31:42.843850,17006837760,16353918976,652918784,3.8,14005714944,1005666304,1778139136,102514688,2386460672
2026-07-08T16:31:43.844144,17006837760,16354951168,651886592,3.8,14006747136,1005666304,1778139136,102514688,2386460672
2026-07-08T16:31:44.844396,17006837760,16355213312,651624448,3.8,14007009280,1005666304,1778139136,102514688,2386460672
2026-07-08T16:31:45.844621,17006837760,16354721792,652115968,3.8,14006517760,1005666304,1778139136,102514688,2386460672
2026-07-08T16:31:46.844846,17006837760,16354738176,652099584,3.8,14006534144,1005666304,1778139136,102514688,2386460672
2026-07-08T16:31:47.845072,17006837760,16355000320,651837440,3.8,14006796288,1005666304,1778139136,102531072,2386460672
2026-07-08T16:31:48.845306,17006837760,16355229696,651608064,3.8,14007025664,1005666304,1778139136,102531072,2386460672
2026-07-08T16:31:49.845580,17006837760,16355704832,651132928,3.8,14007500800,1005666304,1778139136,102531072,2386460672
2026-07-08T16:31:50.845878,17006837760,16356163584,650674176,3.8,14007959552,1005666304,1778139136,102531072,2386460672
2026-07-08T16:31:51.846178,17006837760,16356163584,650674176,3.8,14007959552,1005666304,1778139136,102531072,2386460672
2026-07-08T16:31:52.846469,17006837760,16355180544,651657216,3.8,14006976512,1005666304,1778139136,102531072,2386477056
2026-07-08T16:31:53.846767,17006837760,16354967552,651870208,3.8,14006747136,1005666304,1778155520,102547456,2386477056
2026-07-08T16:31:54.847066,17006837760,16353984512,652853248,3.8,14005764096,1005666304,1778155520,102547456,2386477056
2026-07-08T16:31:55.847360,17006837760,16354689024,652148736,3.8,14006468608,1005666304,1778155520,102547456,2386477056
2026-07-08T16:31:56.847655,17006837760,16354934784,651902976,3.8,14006714368,1005666304,1778155520,102547456,2386477056
2026-07-08T16:31:57.847958,17006837760,16354934784,651902976,3.8,14006714368,1005666304,1778155520,102547456,2386477056
2026-07-08T16:31:58.848363,17006837760,16354721792,652115968,3.8,14006239232,1005699072,1778417664,102563840,2386477056
2026-07-08T16:31:59.848662,17006837760,16354951168,651886592,3.8,14006468608,1005699072,1778417664,102563840,2386477056
2026-07-08T16:32:00.848941,17006837760,16352985088,653852672,3.8,14004502528,1005699072,1778417664,102563840,2386477056
2026-07-08T16:32:01.849231,17006837760,16352165888,654671872,3.8,14003683328,1005699072,1778417664,102563840,2386477056
2026-07-08T16:32:02.849538,17006837760,16351526912,655310848,3.9,14003044352,1005699072,1778417664,102563840,2386477056
2026-07-08T16:32:03.849791,17006837760,16351264768,655572992,3.9,14002782208,1005699072,1778417664,102580224,2386477056
2026-07-08T16:32:04.850096,17006837760,16353214464,653623296,3.8,14004731904,1005699072,1778417664,102580224,2386477056
2026-07-08T16:32:05.850423,17006837760,16353476608,653361152,3.8,14004994048,1005699072,1778417664,102580224,2386477056
2026-07-08T16:32:06.850646,17006837760,16352985088,653852672,3.8,14004502528,1005699072,1778417664,102580224,2386477056
2026-07-08T16:32:07.850949,17006837760,16353214464,653623296,3.8,14004731904,1005699072,1778417664,102580224,2386477056
2026-07-08T16:32:08.851276,17006837760,16353443840,653393920,3.8,14004961280,1005699072,1778417664,102596608,2386477056
2026-07-08T16:32:09.851579,17006837760,16351985664,654852096,3.9,14003503104,1005699072,1778417664,102596608,2386477056
2026-07-08T16:32:10.851860,17006837760,16351739904,655097856,3.9,14003257344,1005699072,1778417664,102596608,2386477056
2026-07-08T16:32:11.852154,17006837760,16352968704,653869056,3.8,14004486144,1005699072,1778417664,102596608,2386477056
2026-07-08T16:32:12.852456,17006837760,16353460224,653377536,3.8,14004977664,1005699072,1778417664,102596608,2386477056
2026-07-08T16:32:13.852759,17006837760,16353705984,653131776,3.8,14005223424,1005699072,1778417664,102596608,2386477056
2026-07-08T16:32:14.853061,17006837760,16353705984,653131776,3.8,14005223424,1005699072,1778417664,102596608,2386477056
2026-07-08T16:32:15.853335,17006837760,16353460224,653377536,3.8,14004977664,1005699072,1778417664,102596608,2386493440
2026-07-08T16:32:16.853561,17006837760,16353247232,653590528,3.8,14004764672,1005699072,1778417664,102596608,2386493440
2026-07-08T16:32:17.853786,17006837760,16352591872,654245888,3.8,14004109312,1005699072,1778417664,102596608,2386493440
2026-07-08T16:32:18.854013,17006837760,16351854592,654983168,3.9,14003372032,1005699072,1778417664,102612992,2386493440
2026-07-08T16:32:19.854237,17006837760,16353050624,653787136,3.8,14004568064,1005699072,1778417664,102612992,2386493440
2026-07-08T16:32:20.854515,17006837760,16353329152,653508608,3.8,14004846592,1005699072,1778417664,102612992,2386493440
2026-07-08T16:32:21.854763,17006837760,16354066432,652771328,3.8,14005583872,1005699072,1778417664,102612992,2386493440
2026-07-08T16:32:22.854986,17006837760,16353787904,653049856,3.8,14005305344,1005699072,1778417664,102612992,2386493440
2026-07-08T16:32:23.855208,17006837760,16353787904,653049856,3.8,14005305344,1005699072,1778417664,102629376,2386493440
2026-07-08T16:32:24.855430,17006837760,16351821824,655015936,3.9,14003339264,1005715456,1778417664,102629376,2386493440
2026-07-08T16:32:25.855729,17006837760,16352313344,654524416,3.8,14003830784,1005715456,1778417664,102629376,2386493440
2026-07-08T16:32:26.856008,17006837760,16353050624,653787136,3.8,14004568064,1005715456,1778417664,102629376,2386493440
2026-07-08T16:32:27.856301,17006837760,16353296384,653541376,3.8,14004813824,1005715456,1778417664,102629376,2386493440
2026-07-08T16:32:28.856588,17006837760,16351641600,655196160,3.9,14003159040,1005715456,1778417664,102645760,2386493440
2026-07-08T16:32:29.856886,17006837760,16351019008,655818752,3.9,14002536448,1005715456,1778417664,102645760,2386493440
2026-07-08T16:32:30.857192,17006837760,16351739904,655097856,3.9,14003257344,1005715456,1778417664,102645760,2386493440
2026-07-08T16:32:31.857456,17006837760,16352477184,654360576,3.8,14003994624,1005715456,1778417664,102645760,2386493440
2026-07-08T16:32:32.857679,17006837760,16352952320,653885440,3.8,14004469760,1005715456,1778417664,102645760,2386493440
2026-07-08T16:32:33.857900,17006837760,16354443264,652394496,3.8,14005960704,1005715456,1778417664,102645760,2386493440
2026-07-08T16:32:34.858125,17006837760,16353951744,652886016,3.8,14005469184,1005715456,1778417664,102662144,2386493440
2026-07-08T16:32:35.858349,17006837760,16354476032,652361728,3.8,14005780480,1005813760,1778630656,102662144,2386493440
2026-07-08T16:32:36.858625,17006837760,16354476032,652361728,3.8,14005780480,1005813760,1778630656,102662144,2386509824
2026-07-08T16:32:37.858877,17006837760,16354967552,651870208,3.8,14006272000,1005813760,1778630656,102662144,2386509824
2026-07-08T16:32:38.859115,17006837760,16354967552,651870208,3.8,14006272000,1005813760,1778630656,102662144,2386509824
2026-07-08T16:32:39.859334,17006837760,16354967552,651870208,3.8,14006272000,1005813760,1778630656,102678528,2386509824
2026-07-08T16:32:40.859556,17006837760,16353247232,653590528,3.8,14004551680,1005813760,1778630656,102678528,2386509824
2026-07-08T16:32:41.859874,17006837760,16353722368,653115392,3.8,14005026816,1005813760,1778630656,102678528,2386509824
2026-07-08T16:32:42.860252,17006837760,16353722368,653115392,3.8,14005026816,1005813760,1778630656,102678528,2386509824
2026-07-08T16:32:43.860702,17006837760,16354705408,652132352,3.8,14006009856,1005813760,1778630656,102678528,2386509824
2026-07-08T16:32:44.861123,17006837760,16355082240,651755520,3.8,14006386688,1005813760,1778630656,102694912,2386509824
2026-07-08T16:32:45.861422,17006837760,16354836480,652001280,3.8,14006140928,1005813760,1778630656,102694912,2386509824
2026-07-08T16:32:46.861721,17006837760,16355049472,651788288,3.8,14006353920,1005813760,1778630656,102694912,2386509824
2026-07-08T16:32:47.862022,17006837760,16355540992,651296768,3.8,14006845440,1005813760,1778630656,102694912,2386509824
2026-07-08T16:32:48.862328,17006837760,16353148928,653688832,3.8,14004453376,1005813760,1778630656,102694912,2386509824
2026-07-08T16:32:49.862635,17006837760,16353001472,653836288,3.8,14004305920,1005813760,1778630656,102694912,2386509824
2026-07-08T16:32:50.862889,17006837760,16353492992,653344768,3.8,14004797440,1005813760,1778630656,102694912,2386509824
2026-07-08T16:32:51.863116,17006837760,16354459648,652378112,3.8,14005764096,1005813760,1778630656,102694912,2386509824
2026-07-08T16:32:52.863343,17006837760,16353722368,653115392,3.8,14005026816,1005813760,1778630656,102694912,2386509824
2026-07-08T16:32:53.863569,17006837760,16353460224,653377536,3.8,14004764672,1005813760,1778630656,102694912,2386509824
2026-07-08T16:32:54.863794,17006837760,16353443840,653393920,3.8,14004682752,1005830144,1778696192,102711296,2386509824
2026-07-08T16:32:55.864072,17006837760,16352706560,654131200,3.8,14003945472,1005830144,1778696192,102711296,2386509824
2026-07-08T16:32:56.864373,17006837760,16353443840,653393920,3.8,14004682752,1005830144,1778696192,102711296,2386509824
2026-07-08T16:32:57.864674,17006837760,16353787904,653049856,3.8,14005026816,1005830144,1778696192,102711296,2386509824
2026-07-08T16:32:58.864981,17006837760,16352575488,654262272,3.8,14003814400,1005830144,1778696192,102711296,2386509824
2026-07-08T16:32:59.865314,17006837760,16352313344,654524416,3.8,14003552256,1005830144,1778696192,102727680,2386526208
2026-07-08T16:33:00.865579,17006837760,16352542720,654295040,3.8,14003781632,1005830144,1778696192,102727680,2386526208
2026-07-08T16:33:01.865804,17006837760,16353525760,653312000,3.8,14004764672,1005830144,1778696192,102727680,2386526208
2026-07-08T16:33:02.866028,17006837760,16354754560,652083200,3.8,14005993472,1005830144,1778696192,102727680,2386526208
2026-07-08T16:33:03.866250,17006837760,16354508800,652328960,3.8,14005747712,1005830144,1778696192,102727680,2386526208
2026-07-08T16:33:04.866565,17006837760,16353509376,653328384,3.8,14004748288,1005830144,1778696192,102727680,2386526208
2026-07-08T16:33:05.867011,17006837760,16353492992,653344768,3.8,14004731904,1005830144,1778696192,102744064,2386526208
2026-07-08T16:33:06.867555,17006837760,16353968128,652869632,3.8,14005207040,1005830144,1778696192,102744064,2386526208
2026-07-08T16:33:07.867947,17006837760,16354197504,652640256,3.8,14005436416,1005830144,1778696192,102744064,2386526208
2026-07-08T16:33:08.868317,17006837760,16354050048,652787712,3.8,14005288960,1005830144,1778696192,102744064,2386526208
2026-07-08T16:33:09.868676,17006837760,16354050048,652787712,3.8,14005288960,1005830144,1778696192,102744064,2386526208
2026-07-08T16:33:10.868985,17006837760,16352854016,653983744,3.8,14004060160,1005846528,1778728960,102744064,2386526208
2026-07-08T16:33:11.869288,17006837760,16352837632,654000128,3.8,14004043776,1005846528,1778728960,102744064,2386526208
2026-07-08T16:33:12.869568,17006837760,16353656832,653180928,3.8,14004862976,1005846528,1778728960,102744064,2386526208
2026-07-08T16:33:13.869849,17006837760,16354377728,652460032,3.8,14005583872,1005846528,1778728960,102744064,2386526208
2026-07-08T16:33:14.870129,17006837760,16354623488,652214272,3.8,14005829632,1005846528,1778728960,102744064,2386526208
2026-07-08T16:33:15.870543,17006837760,16354361344,652476416,3.8,14005567488,1005846528,1778728960,102760448,2386526208
2026-07-08T16:33:16.870910,17006837760,16353378304,653459456,3.8,14004584448,1005846528,1778728960,102760448,2386526208
2026-07-08T16:33:17.871267,17006837760,16353869824,652967936,3.8,14005075968,1005846528,1778728960,102760448,2386526208
2026-07-08T16:33:18.871576,17006837760,16353607680,653230080,3.8,14004813824,1005846528,1778728960,102760448,2386526208
2026-07-08T16:33:19.871857,17006837760,16353869824,652967936,3.8,14005075968,1005846528,1778728960,102760448,2386526208
2026-07-08T16:33:20.872133,17006837760,16354115584,652722176,3.8,14005321728,1005846528,1778728960,102776832,2386526208
2026-07-08T16:33:21.872500,17006837760,16354623488,652214272,3.8,14005829632,1005846528,1778728960,102776832,2386542592
2026-07-08T16:33:22.872777,17006837760,16354361344,652476416,3.8,14005567488,1005846528,1778728960,102776832,2386542592
2026-07-08T16:33:23.873055,17006837760,16354164736,652673024,3.8,14005370880,1005846528,1778728960,102776832,2386542592
2026-07-08T16:33:24.873332,17006837760,16354164736,652673024,3.8,14005370880,1005846528,1778728960,102776832,2386542592
2026-07-08T16:33:25.873609,17006837760,16354181120,652656640,3.8,14005354496,1005846528,1778761728,102793216,2386542592
2026-07-08T16:33:26.873884,17006837760,16355180544,651657216,3.8,14006353920,1005846528,1778761728,102793216,2386542592
2026-07-08T16:33:27.874161,17006837760,16355180544,651657216,3.8,14006353920,1005846528,1778761728,102793216,2386542592
2026-07-08T16:33:28.874496,17006837760,16352477184,654360576,3.8,14003650560,1005846528,1778761728,102793216,2386542592
2026-07-08T16:33:29.874798,17006837760,16352952320,653885440,3.8,14004125696,1005846528,1778761728,102793216,2386542592
2026-07-08T16:33:30.875073,17006837760,16353034240,653803520,3.8,14004191232,1005846528,1778761728,102809600,2386558976
2026-07-08T16:33:31.875349,17006837760,16353017856,653819904,3.8,14004174848,1005846528,1778761728,102809600,2386558976
2026-07-08T16:33:32.875623,17006837760,16352690176,654147584,3.8,14003847168,1005846528,1778761728,102809600,2386558976
2026-07-08T16:33:33.875897,17006837760,16353656832,653180928,3.8,14004813824,1005846528,1778761728,102809600,2386558976
2026-07-08T16:33:34.876228,17006837760,16353525760,653312000,3.8,14004682752,1005846528,1778761728,102809600,2386558976
2026-07-08T16:33:35.876588,17006837760,16349839360,656998400,3.9,14000996352,1005846528,1778761728,102825984,2386558976
2026-07-08T16:33:36.876950,17006837760,16350265344,656572416,3.9,14001422336,1005846528,1778761728,102825984,2386558976
2026-07-08T16:33:37.877268,17006837760,16348807168,658030592,3.9,13999964160,1005846528,1778761728,102825984,2386558976
2026-07-08T16:33:38.877549,17006837760,16344645632,662192128,3.9,13995802624,1005846528,1778761728,102825984,2386558976
2026-07-08T16:33:39.877903,17006837760,16343908352,662929408,3.9,13995065344,1005846528,1778761728,102825984,2386558976
2026-07-08T16:33:40.878242,17006837760,16343531520,663306240,3.9,13994688512,1005846528,1778761728,102825984,2386558976
2026-07-08T16:33:41.878634,17006837760,16343777280,663060480,3.9,13994934272,1005846528,1778761728,102842368,2386558976
2026-07-08T16:33:42.879012,17006837760,16346562560,660275200,3.9,13997719552,1005846528,1778761728,102842368,2386575360
2026-07-08T16:33:43.879397,17006837760,16347774976,659062784,3.9,13998931968,1005846528,1778761728,102842368,2386575360
2026-07-08T16:33:44.879673,17006837760,16348610560,658227200,3.9,13999767552,1005846528,1778761728,102842368,2386575360
2026-07-08T16:33:45.879958,17006837760,16350085120,656752640,3.9,14001242112,1005846528,1778761728,102842368,2386575360
2026-07-08T16:33:46.880347,17006837760,16349446144,657391616,3.9,14000521216,1005846528,1778843648,102842368,2386575360
2026-07-08T16:33:47.880707,17006837760,16349937664,656900096,3.9,14001012736,1005846528,1778843648,102842368,2386575360
2026-07-08T16:33:48.881121,17006837760,16350625792,656211968,3.9,14001700864,1005846528,1778843648,102842368,2386575360
2026-07-08T16:33:49.881614,17006837760,16351133696,655704064,3.9,14002208768,1005846528,1778843648,102842368,2386575360
2026-07-08T16:33:50.882074,17006837760,16351674368,655163392,3.9,14002749440,1005846528,1778843648,102842368,2386575360
2026-07-08T16:33:51.882539,17006837760,16351428608,655409152,3.9,14002503680,1005846528,1778843648,102858752,2386575360
2026-07-08T16:33:52.882878,17006837760,16351625216,655212544,3.9,14002700288,1005846528,1778843648,102858752,2386575360
2026-07-08T16:33:53.883233,17006837760,16352346112,654491648,3.8,14003421184,1005846528,1778843648,102858752,2386575360
2026-07-08T16:33:54.883602,17006837760,16352018432,654819328,3.9,14003093504,1005846528,1778843648,102858752,2386575360
2026-07-08T16:33:55.883971,17006837760,16351920128,654917632,3.9,14002995200,1005846528,1778843648,102858752,2386575360
2026-07-08T16:33:56.884323,17006837760,16352215040,654622720,3.8,14003257344,1005846528,1778876416,102875136,2386575360
2026-07-08T16:33:57.884686,17006837760,16352968704,653869056,3.8,14004011008,1005846528,1778876416,102875136,2386575360
2026-07-08T16:33:58.885040,17006837760,16351985664,654852096,3.9,14003027968,1005846528,1778876416,102875136,2386575360
2026-07-08T16:33:59.885415,17006837760,16350511104,656326656,3.9,14001553408,1005846528,1778876416,102875136,2386575360
2026-07-08T16:34:00.885776,17006837760,16351002624,655835136,3.9,14002044928,1005846528,1778876416,102875136,2386575360
2026-07-08T16:34:01.886135,17006837760,16351969280,654868480,3.9,14003011584,1005846528,1778876416,102891520,2386575360
2026-07-08T16:34:02.886492,17006837760,16352935936,653901824,3.8,14003978240,1005846528,1778876416,102891520,2386575360
2026-07-08T16:34:03.886839,17006837760,16353427456,653410304,3.8,14004469760,1005846528,1778876416,102891520,2386575360
2026-07-08T16:34:04.887200,17006837760,16352935936,653901824,3.8,14003978240,1005846528,1778876416,102891520,2386575360
2026-07-08T16:34:05.887562,17006837760,16352509952,654327808,3.8,14003552256,1005846528,1778876416,102891520,2386591744
2026-07-08T16:34:06.887929,17006837760,16352755712,654082048,3.8,14003798016,1005846528,1778876416,102907904,2386591744
2026-07-08T16:34:07.888292,17006837760,16353263616,653574144,3.8,14004305920,1005846528,1778876416,102907904,2386591744
2026-07-08T16:34:08.888653,17006837760,16353771520,653066240,3.8,14004813824,1005846528,1778876416,102907904,2386591744
2026-07-08T16:34:09.888958,17006837760,16353525760,653312000,3.8,14004568064,1005846528,1778876416,102907904,2386591744
2026-07-08T16:34:10.889249,17006837760,16352772096,654065664,3.8,14003814400,1005846528,1778876416,102907904,2386591744
2026-07-08T16:34:11.889531,17006837760,16353509376,653328384,3.8,14004551680,1005846528,1778876416,102907904,2386591744
2026-07-08T16:34:12.889810,17006837760,16354033664,652804096,3.8,14005075968,1005846528,1778876416,102924288,2386591744
2026-07-08T16:34:13.890094,17006837760,16354377728,652460032,3.8,14005420032,1005846528,1778876416,102924288,2386591744
2026-07-08T16:34:14.890433,17006837760,16354361344,652476416,3.8,14005403648,1005846528,1778876416,102924288,2386591744
2026-07-08T16:34:15.890796,17006837760,16355000320,651837440,3.8,14006042624,1005846528,1778876416,102924288,2386591744
2026-07-08T16:34:16.891162,17006837760,16353476608,653361152,3.8,14004518912,1005846528,1778876416,102924288,2386591744
2026-07-08T16:34:17.891527,17006837760,16353476608,653361152,3.8,14004518912,1005846528,1778876416,102940672,2386591744
2026-07-08T16:34:18.891833,17006837760,16353050624,653787136,3.8,14004092928,1005846528,1778876416,102940672,2386591744
2026-07-08T16:34:19.892110,17006837760,16352083968,654753792,3.8,14003126272,1005846528,1778876416,102940672,2386591744
2026-07-08T16:34:20.892388,17006837760,16352329728,654508032,3.8,14003372032,1005846528,1778876416,102940672,2386591744
2026-07-08T16:34:21.892665,17006837760,16353476608,653361152,3.8,14004453376,1005846528,1778941952,102940672,2386591744
2026-07-08T16:34:22.892943,17006837760,16353361920,653475840,3.8,14004338688,1005846528,1778941952,102940672,2386591744
2026-07-08T16:34:23.893225,17006837760,16353607680,653230080,3.8,14004584448,1005846528,1778941952,102940672,2386591744
2026-07-08T16:34:24.893514,17006837760,16353607680,653230080,3.8,14004584448,1005846528,1778941952,102940672,2386591744
2026-07-08T16:34:25.893799,17006837760,16353378304,653459456,3.8,14004355072,1005846528,1778941952,102940672,2386591744
2026-07-08T16:34:26.894079,17006837760,16351903744,654934016,3.9,14002880512,1005846528,1778941952,102940672,2386608128
2026-07-08T16:34:27.894363,17006837760,16351657984,655179776,3.9,14002634752,1005846528,1778941952,102973440,2386608128
2026-07-08T16:34:28.894710,17006837760,16352116736,654721024,3.8,14003093504,1005846528,1778941952,102973440,2386608128
2026-07-08T16:34:29.895076,17006837760,16353329152,653508608,3.8,14004305920,1005846528,1778941952,102973440,2386608128
2026-07-08T16:34:30.895444,17006837760,16349413376,657424384,3.9,14000390144,1005846528,1778941952,102973440,2386608128
2026-07-08T16:34:31.895759,17006837760,16349413376,657424384,3.9,14000390144,1005846528,1778941952,102973440,2386608128
2026-07-08T16:34:32.896058,17006837760,16348151808,658685952,3.9,13999128576,1005846528,1778941952,102989824,2386608128
2026-07-08T16:34:33.896354,17006837760,16348479488,658358272,3.9,13999456256,1005846528,1778941952,102989824,2386608128
2026-07-08T16:34:34.896635,17006837760,16348921856,657915904,3.9,13999898624,1005846528,1778941952,102989824,2386608128
2026-07-08T16:34:35.896914,17006837760,16351035392,655802368,3.9,14002012160,1005846528,1778941952,102989824,2386608128
2026-07-08T16:34:36.897270,17006837760,16352133120,654704640,3.8,14003109888,1005846528,1778941952,102989824,2386608128
2026-07-08T16:34:37.897633,17006837760,16352706560,654131200,3.8,14003683328,1005846528,1778941952,102989824,2386608128
2026-07-08T16:34:38.898001,17006837760,16353198080,653639680,3.8,14004174848,1005846528,1778941952,102989824,2386608128
2026-07-08T16:34:39.898361,17006837760,16352264192,654573568,3.8,14003240960,1005846528,1778941952,102989824,2386608128
2026-07-08T16:34:40.898726,17006837760,16352509952,654327808,3.8,14003486720,1005846528,1778941952,102989824,2386608128
2026-07-08T16:34:41.899033,17006837760,16352722944,654114816,3.8,14003699712,1005846528,1778941952,102989824,2386608128
2026-07-08T16:34:42.899307,17006837760,16353460224,653377536,3.8,14004436992,1005846528,1778941952,103006208,2386608128
2026-07-08T16:34:43.899587,17006837760,16353886208,652951552,3.8,14004862976,1005846528,1778941952,103006208,2386608128
2026-07-08T16:34:44.899948,17006837760,16347906048,658931712,3.9,13998882816,1005846528,1778941952,103006208,2386608128
2026-07-08T16:34:45.900226,17006837760,16349478912,657358848,3.9,14000455680,1005846528,1778941952,103006208,2386608128
2026-07-08T16:34:46.900575,17006837760,16349249536,657588224,3.9,14000226304,1005846528,1778941952,103006208,2386608128
2026-07-08T16:34:47.900923,17006837760,16347529216,659308544,3.9,13998505984,1005846528,1778941952,103022592,2386608128
2026-07-08T16:34:48.901305,17006837760,16347725824,659111936,3.9,13998702592,1005846528,1778941952,103022592,2386624512
2026-07-08T16:34:49.901672,17006837760,16348037120,658800640,3.9,13999013888,1005846528,1778941952,103022592,2386624512
2026-07-08T16:34:50.902039,17006837760,16346890240,659947520,3.9,13997867008,1005846528,1778941952,103022592,2386624512
2026-07-08T16:34:51.902406,17006837760,16348282880,658554880,3.9,13999259648,1005846528,1778941952,103022592,2386624512
2026-07-08T16:34:52.902777,17006837760,16349364224,657473536,3.9,14000226304,1005862912,1779056640,103038976,2386624512
2026-07-08T16:34:53.903139,17006837760,16348626944,658210816,3.9,13999489024,1005862912,1779056640,103038976,2386624512
2026-07-08T16:34:54.903513,17006837760,16348774400,658063360,3.9,13999636480,1005862912,1779056640,103038976,2386624512
2026-07-08T16:34:55.903878,17006837760,16348856320,657981440,3.9,13999718400,1005862912,1779056640,103038976,2386624512
2026-07-08T16:34:56.904187,17006837760,16349839360,656998400,3.9,14000701440,1005862912,1779056640,103038976,2386624512
2026-07-08T16:34:57.904463,17006837760,16350871552,655966208,3.9,14001717248,1005879296,1779073024,103055360,2386624512
2026-07-08T16:34:58.904745,17006837760,16351100928,655736832,3.9,14001946624,1005879296,1779073024,103055360,2386624512
2026-07-08T16:34:59.905026,17006837760,16351363072,655474688,3.9,14002208768,1005879296,1779073024,103055360,2386624512
2026-07-08T16:35:00.905319,17006837760,16352083968,654753792,3.8,14002929664,1005879296,1779073024,103055360,2386624512
2026-07-08T16:35:01.905663,17006837760,16352559104,654278656,3.8,14003404800,1005879296,1779073024,103055360,2386624512
2026-07-08T16:35:02.906030,17006837760,16353247232,653590528,3.8,14004092928,1005879296,1779073024,103055360,2386624512
2026-07-08T16:35:03.906404,17006837760,16353427456,653410304,3.8,14004273152,1005879296,1779073024,103071744,2386624512
2026-07-08T16:35:04.906780,17006837760,16353083392,653754368,3.8,14003929088,1005879296,1779073024,103071744,2386624512
2026-07-08T16:35:05.907126,17006837760,16352919552,653918208,3.8,14003765248,1005879296,1779073024,103071744,2386624512
2026-07-08T16:35:06.907483,17006837760,16353165312,653672448,3.8,14004011008,1005879296,1779073024,103071744,2386624512
2026-07-08T16:35:07.907853,17006837760,16353886208,652951552,3.8,14004731904,1005879296,1779073024,103071744,2386624512
2026-07-08T16:35:08.908218,17006837760,16353886208,652951552,3.8,14004731904,1005879296,1779073024,103088128,2386624512
2026-07-08T16:35:09.908585,17006837760,16353886208,652951552,3.8,14004731904,1005879296,1779073024,103088128,2386624512
2026-07-08T16:35:10.908943,17006837760,16354377728,652460032,3.8,14005223424,1005879296,1779073024,103088128,2386624512
2026-07-08T16:35:11.909258,17006837760,16354344960,652492800,3.8,14005190656,1005879296,1779073024,103088128,2386640896
2026-07-08T16:35:12.909535,17006837760,16354082816,652754944,3.8,14004928512,1005879296,1779073024,103088128,2386640896
2026-07-08T16:35:13.909818,17006837760,16354312192,652525568,3.8,14005157888,1005879296,1779073024,103104512,2386640896
2026-07-08T16:35:14.910099,17006837760,16354820096,652017664,3.8,14005665792,1005879296,1779073024,103104512,2386640896
2026-07-08T16:35:15.910381,17006837760,16354820096,652017664,3.8,14005665792,1005879296,1779073024,103104512,2386640896
2026-07-08T16:35:16.910672,17006837760,16353099776,653737984,3.8,14003945472,1005879296,1779073024,103104512,2386640896
2026-07-08T16:35:17.910955,17006837760,16353099776,653737984,3.8,14003945472,1005879296,1779073024,103104512,2386640896
2026-07-08T16:35:18.911237,17006837760,16352116736,654721024,3.8,14002962432,1005879296,1779073024,103104512,2386640896
2026-07-08T16:35:19.911635,17006837760,16353345536,653492224,3.8,14004191232,1005879296,1779073024,103104512,2386640896
2026-07-08T16:35:20.912024,17006837760,16353099776,653737984,3.8,14003945472,1005879296,1779073024,103104512,2386640896
2026-07-08T16:35:21.912442,17006837760,16353591296,653246464,3.8,14004436992,1005879296,1779073024,103104512,2386640896
2026-07-08T16:35:22.912933,17006837760,16353820672,653017088,3.8,14004666368,1005879296,1779073024,103104512,2386640896
2026-07-08T16:35:23.913249,17006837760,16353902592,652935168,3.8,14004666368,1005895680,1779154944,103120896,2386640896
2026-07-08T16:35:24.913527,17006837760,16349724672,657113088,3.9,14000488448,1005895680,1779154944,103120896,2386640896
2026-07-08T16:35:25.913807,17006837760,16350691328,656146432,3.9,14001455104,1005895680,1779154944,103120896,2386640896
2026-07-08T16:35:26.914088,17006837760,16350691328,656146432,3.9,14001455104,1005895680,1779154944,103120896,2386640896
2026-07-08T16:35:27.914379,17006837760,16350724096,656113664,3.9,14001487872,1005895680,1779154944,103120896,2386640896
2026-07-08T16:35:28.914716,17006837760,16350478336,656359424,3.9,14001242112,1005895680,1779154944,103137280,2386640896
2026-07-08T16:35:29.915085,17006837760,16350969856,655867904,3.9,14001733632,1005895680,1779154944,103137280,2386640896
2026-07-08T16:35:30.915453,17006837760,16350969856,655867904,3.9,14001733632,1005895680,1779154944,103137280,2386640896
2026-07-08T16:35:31.915818,17006837760,16351428608,655409152,3.9,14002192384,1005895680,1779154944,103137280,2386640896
2026-07-08T16:35:32.916205,17006837760,16350937088,655900672,3.9,14001700864,1005895680,1779154944,103137280,2386640896
2026-07-08T16:35:33.916569,17006837760,16352313344,654524416,3.8,14003077120,1005895680,1779154944,103153664,2386657280
2026-07-08T16:35:34.916880,17006837760,16351576064,655261696,3.9,14002339840,1005895680,1779154944,103153664,2386657280
2026-07-08T16:35:35.917163,17006837760,16351035392,655802368,3.9,14001799168,1005895680,1779154944,103153664,2386657280
2026-07-08T16:35:36.917442,17006837760,16351264768,655572992,3.9,14002028544,1005895680,1779154944,103153664,2386657280
2026-07-08T16:35:37.917727,17006837760,16351903744,654934016,3.9,14002667520,1005895680,1779154944,103153664,2386657280
2026-07-08T16:35:38.918010,17006837760,16352395264,654442496,3.8,14003159040,1005895680,1779154944,103153664,2386657280
2026-07-08T16:35:39.918299,17006837760,16353034240,653803520,3.8,14003798016,1005895680,1779154944,103153664,2386657280
2026-07-08T16:35:40.918583,17006837760,16349347840,657489920,3.9,14000111616,1005895680,1779154944,103153664,2386657280
2026-07-08T16:35:41.918869,17006837760,16349167616,657670144,3.9,13999931392,1005895680,1779154944,103153664,2386657280
2026-07-08T16:35:42.919156,17006837760,16348921856,657915904,3.9,13999685632,1005895680,1779154944,103153664,2386657280
2026-07-08T16:35:43.919439,17006837760,16349233152,657604608,3.9,13999996928,1005895680,1779154944,103153664,2386657280
2026-07-08T16:35:44.919780,17006837760,16349708288,657129472,3.9,14000472064,1005895680,1779154944,103170048,2386657280
2026-07-08T16:35:45.920089,17006837760,16349462528,657375232,3.9,14000226304,1005895680,1779154944,103170048,2386657280
2026-07-08T16:35:46.920369,17006837760,16350674944,656162816,3.9,14001438720,1005895680,1779154944,103170048,2386657280
2026-07-08T16:35:47.920654,17006837760,16350969856,655867904,3.9,14001733632,1005895680,1779154944,103170048,2386657280
2026-07-08T16:35:48.920935,17006837760,16350887936,655949824,3.9,14001651712,1005895680,1779154944,103170048,2386657280
2026-07-08T16:35:49.921217,17006837760,16351395840,655441920,3.9,14002159616,1005895680,1779154944,103186432,2386657280
2026-07-08T16:35:50.921598,17006837760,16351854592,654983168,3.9,14002618368,1005895680,1779154944,103186432,2386657280
2026-07-08T16:35:51.921946,17006837760,16351346688,655491072,3.9,14002110464,1005895680,1779154944,103186432,2386657280
2026-07-08T16:35:52.922293,17006837760,16351739904,655097856,3.9,14002503680,1005895680,1779154944,103186432,2386657280
2026-07-08T16:35:53.922646,17006837760,16352624640,654213120,3.8,14003388416,1005895680,1779154944,103186432,2386657280
2026-07-08T16:35:54.922937,17006837760,16351395840,655441920,3.9,14002159616,1005895680,1779154944,103202816,2386673664
2026-07-08T16:35:55.923281,17006837760,16351379456,655458304,3.9,14002143232,1005895680,1779154944,103202816,2386673664
2026-07-08T16:35:56.923641,17006837760,16352116736,654721024,3.8,14002880512,1005895680,1779154944,103202816,2386673664
2026-07-08T16:35:57.923943,17006837760,16352116736,654721024,3.8,14002880512,1005895680,1779154944,103202816,2386673664
2026-07-08T16:35:58.924224,17006837760,16353132544,653705216,3.8,14003896320,1005895680,1779154944,103202816,2386673664
2026-07-08T16:35:59.924512,17006837760,16352821248,654016512,3.8,14003568640,1005895680,1779171328,103202816,2386673664
2026-07-08T16:36:00.924790,17006837760,16352772096,654065664,3.8,14003519488,1005895680,1779171328,103202816,2386673664
2026-07-08T16:36:01.925072,17006837760,16352772096,654065664,3.8,14003519488,1005895680,1779171328,103202816,2386673664
2026-07-08T16:36:02.925428,17006837760,16351789056,655048704,3.9,14002536448,1005895680,1779171328,103202816,2386673664
2026-07-08T16:36:03.925786,17006837760,16352657408,654180352,3.8,14003404800,1005895680,1779171328,103202816,2386673664
2026-07-08T16:36:04.926144,17006837760,16351920128,654917632,3.9,14002667520,1005895680,1779171328,103235584,2386673664
2026-07-08T16:36:05.926451,17006837760,16349478912,657358848,3.9,14000226304,1005895680,1779171328,103235584,2386673664
2026-07-08T16:36:06.926732,17006837760,16349478912,657358848,3.9,14000226304,1005895680,1779171328,103235584,2386673664
2026-07-08T16:36:07.927017,17006837760,16350937088,655900672,3.9,14001684480,1005895680,1779171328,103235584,2386673664
2026-07-08T16:36:08.927299,17006837760,16352149504,654688256,3.8,14002896896,1005895680,1779171328,103235584,2386673664
2026-07-08T16:36:09.927580,17006837760,16351674368,655163392,3.9,14002421760,1005895680,1779171328,103251968,2386673664
2026-07-08T16:36:10.927929,17006837760,16352903168,653934592,3.8,14003650560,1005895680,1779171328,103251968,2386673664
2026-07-08T16:36:11.928290,17006837760,16352657408,654180352,3.8,14003404800,1005895680,1779171328,103251968,2386673664
2026-07-08T16:36:12.928605,17006837760,16352985088,653852672,3.8,14003732480,1005895680,1779171328,103251968,2386673664
2026-07-08T16:36:13.928887,17006837760,16353722368,653115392,3.8,14004469760,1005895680,1779171328,103251968,2386673664
2026-07-08T16:36:14.929167,17006837760,16354213888,652623872,3.8,14004961280,1005895680,1779171328,103251968,2386673664
2026-07-08T16:36:15.929443,17006837760,16353476608,653361152,3.8,14004224000,1005895680,1779171328,103251968,2386690048
2026-07-08T16:36:16.929725,17006837760,16352722944,654114816,3.8,14003470336,1005895680,1779171328,103251968,2386690048
2026-07-08T16:36:17.930058,17006837760,16353312768,653524992,3.8,14004060160,1005895680,1779171328,103251968,2386690048
2026-07-08T16:36:18.930417,17006837760,16354033664,652804096,3.8,14004781056,1005895680,1779171328,103251968,2386690048
2026-07-08T16:36:19.930725,17006837760,16354525184,652312576,3.8,14005272576,1005895680,1779171328,103268352,2386690048
2026-07-08T16:36:20.931004,17006837760,16353787904,653049856,3.8,14004535296,1005895680,1779171328,103268352,2386690048
2026-07-08T16:36:21.931277,17006837760,16353542144,653295616,3.8,14004289536,1005895680,1779171328,103268352,2386690048
2026-07-08T16:36:22.931556,17006837760,16352542720,654295040,3.8,14003290112,1005895680,1779171328,103268352,2386690048
2026-07-08T16:36:23.931838,17006837760,16352968704,653869056,3.8,14003716096,1005895680,1779171328,103268352,2386690048
2026-07-08T16:36:24.932175,17006837760,16353198080,653639680,3.8,14003945472,1005895680,1779171328,103284736,2386690048
2026-07-08T16:36:25.932537,17006837760,16353361920,653475840,3.8,14004109312,1005895680,1779171328,103284736,2386690048
2026-07-08T16:36:26.932900,17006837760,16354197504,652640256,3.8,14004944896,1005895680,1779171328,103284736,2386690048
2026-07-08T16:36:27.933196,17006837760,16354672640,652165120,3.8,14005420032,1005895680,1779171328,103284736,2386690048
2026-07-08T16:36:28.933486,17006837760,16353918976,652918784,3.8,14004666368,1005895680,1779171328,103284736,2386690048
2026-07-08T16:36:29.933766,17006837760,16353640448,653197312,3.8,14004191232,1005944832,1779367936,103301120,2386690048
2026-07-08T16:36:30.934054,17006837760,16352657408,654180352,3.8,14003208192,1005944832,1779367936,103301120,2386690048
2026-07-08T16:36:31.934335,17006837760,16351674368,655163392,3.9,14002225152,1005944832,1779367936,103301120,2386690048
2026-07-08T16:36:32.934687,17006837760,16350511104,656326656,3.9,14001061888,1005944832,1779367936,103301120,2386690048
2026-07-08T16:36:33.935052,17006837760,16349773824,657063936,3.9,14000324608,1005944832,1779367936,103301120,2386690048
2026-07-08T16:36:34.935428,17006837760,16350740480,656097280,3.9,14001291264,1005944832,1779367936,103317504,2386690048
2026-07-08T16:36:35.935734,17006837760,16351150080,655687680,3.9,14001537024,1006272512,1779531776,103317504,2386690048
2026-07-08T16:36:36.936015,17006837760,16349675520,657162240,3.9,14000062464,1006272512,1779531776,103317504,2386706432
2026-07-08T16:36:37.936292,17006837760,16351117312,655720448,3.9,14001504256,1006272512,1779531776,103317504,2386706432
2026-07-08T16:36:38.936573,17006837760,16352837632,654000128,3.8,14003224576,1006272512,1779531776,103317504,2386706432
2026-07-08T16:36:39.936847,17006837760,16353329152,653508608,3.8,14003716096,1006272512,1779531776,103317504,2386706432
2026-07-08T16:36:40.937187,17006837760,16352346112,654491648,3.8,14002733056,1006272512,1779531776,103333888,2386706432
2026-07-08T16:36:41.937561,17006837760,16350347264,656490496,3.9,14000734208,1006272512,1779531776,103333888,2386706432
2026-07-08T16:36:42.937922,17006837760,16351805440,655032320,3.9,14002192384,1006272512,1779531776,103333888,2386706432
2026-07-08T16:36:43.938224,17006837760,16352165888,654671872,3.8,14002552832,1006272512,1779531776,103333888,2386706432
2026-07-08T16:36:44.938541,17006837760,16352739328,654098432,3.8,14003126272,1006272512,1779531776,103333888,2386706432
2026-07-08T16:36:45.938816,17006837760,16349347840,657489920,3.9,13999734784,1006272512,1779531776,103350272,2386706432
2026-07-08T16:36:46.939143,17006837760,16348610560,658227200,3.9,13998997504,1006272512,1779531776,103350272,2386706432
2026-07-08T16:36:47.939421,17006837760,16348856320,657981440,3.9,13999243264,1006272512,1779531776,103350272,2386706432
2026-07-08T16:36:48.939701,17006837760,16350314496,656523264,3.9,14000701440,1006272512,1779531776,103350272,2386706432
2026-07-08T16:36:49.939981,17006837760,16349806592,657031168,3.9,14000193536,1006272512,1779531776,103350272,2386706432
2026-07-08T16:36:50.940263,17006837760,16350003200,656834560,3.9,14000390144,1006272512,1779531776,103350272,2386706432
2026-07-08T16:36:51.940628,17006837760,16350380032,656457728,3.9,14000766976,1006272512,1779531776,103350272,2386706432
2026-07-08T16:36:52.940994,17006837760,16345219072,661618688,3.9,13995606016,1006272512,1779531776,103350272,2386706432
2026-07-08T16:36:53.941321,17006837760,16346529792,660307968,3.9,13996916736,1006272512,1779531776,103350272,2386706432
2026-07-08T16:36:54.941671,17006837760,16347136000,659701760,3.9,13997522944,1006272512,1779531776,103350272,2386706432
2026-07-08T16:36:55.942040,17006837760,16345104384,661733376,3.9,13995491328,1006272512,1779531776,103366656,2386706432
2026-07-08T16:36:56.942411,17006837760,16345874432,660963328,3.9,13996261376,1006272512,1779531776,103366656,2386706432
2026-07-08T16:36:57.942740,17006837760,16344399872,662437888,3.9,13994786816,1006272512,1779531776,103366656,2386722816
2026-07-08T16:36:58.943024,17006837760,16344367104,662470656,3.9,13994754048,1006272512,1779531776,103366656,2386722816
2026-07-08T16:36:59.943304,17006837760,16344809472,662028288,3.9,13995196416,1006272512,1779531776,103366656,2386722816
2026-07-08T16:37:00.943582,17006837760,16347447296,659390464,3.9,13997752320,1006288896,1779613696,103383040,2386722816
2026-07-08T16:37:01.943867,17006837760,16345874432,660963328,3.9,13996179456,1006288896,1779613696,103383040,2386722816
2026-07-08T16:37:02.944165,17006837760,16346628096,660209664,3.9,13996933120,1006288896,1779613696,103383040,2386722816
2026-07-08T16:37:03.944449,17006837760,16348086272,658751488,3.9,13998391296,1006288896,1779613696,103383040,2386722816
2026-07-08T16:37:04.944729,17006837760,16349085696,657752064,3.9,13999390720,1006288896,1779613696,103383040,2386722816
2026-07-08T16:37:05.945011,17006837760,16349298688,657539072,3.9,13999603712,1006288896,1779613696,103399424,2386739200
2026-07-08T16:37:06.945295,17006837760,16350478336,656359424,3.9,14000783360,1006288896,1779613696,103399424,2386739200
2026-07-08T16:37:07.945622,17006837760,16351494144,655343616,3.9,14001799168,1006288896,1779613696,103399424,2386739200
2026-07-08T16:37:08.945923,17006837760,16351477760,655360000,3.9,14001782784,1006288896,1779613696,103399424,2386739200
2026-07-08T16:37:09.946200,17006837760,16351477760,655360000,3.9,14001782784,1006288896,1779613696,103399424,2386739200
2026-07-08T16:37:10.946477,17006837760,16352198656,654639104,3.8,14002503680,1006288896,1779613696,103415808,2386722816
2026-07-08T16:37:11.946757,17006837760,16351903744,654934016,3.9,14002176000,1006288896,1779646464,103415808,2386739200
2026-07-08T16:37:12.947041,17006837760,16351985664,654852096,3.9,14002257920,1006288896,1779646464,103415808,2386739200
2026-07-08T16:37:13.947376,17006837760,16352755712,654082048,3.8,14003027968,1006288896,1779646464,103415808,2386739200
2026-07-08T16:37:14.947682,17006837760,16353509376,653328384,3.8,14003781632,1006288896,1779646464,103415808,2386739200
2026-07-08T16:37:15.947973,17006837760,16353017856,653819904,3.8,14003290112,1006288896,1779646464,103432192,2386739200
2026-07-08T16:37:16.948363,17006837760,16349380608,657457152,3.9,13999652864,1006288896,1779646464,103432192,2386739200
2026-07-08T16:37:17.948722,17006837760,16349872128,656965632,3.9,14000144384,1006288896,1779646464,103432192,2386755584
2026-07-08T16:37:18.949083,17006837760,16350904320,655933440,3.9,14001176576,1006288896,1779646464,103432192,2386755584
2026-07-08T16:37:19.949505,17006837760,16351150080,655687680,3.9,14001422336,1006288896,1779646464,103432192,2386755584
