timestamp,total,available,used,percent,free,active,inactive,buffers,cached
2026-04-26T16:16:32.957116,17002643456,16314351616,688291840,4.0,15702835200,770637824,208388096,42287104,688570368
2026-04-26T16:16:33.959200,17002643456,16280846336,721797120,4.2,15666085888,800423936,209567744,42401792,691372032
2026-04-26T16:16:34.960559,17002643456,16240295936,762347520,4.5,15625535488,846135296,209567744,42401792,691372032
2026-04-26T16:16:35.961865,17002643456,16150462464,852180992,5.0,15535702016,931954688,209567744,42401792,691372032
2026-04-26T16:16:36.962986,17002643456,16144695296,857948160,5.0,15529803776,939868160,209567744,42401792,691503104
2026-04-26T16:16:37.964843,17002643456,16070475776,932167680,5.5,15455584256,1040433152,209567744,42401792,691503104
2026-04-26T16:16:38.965516,17002643456,15779774464,1222868992,7.2,15130460160,1230274560,243974144,42401792,726138880
2026-04-26T16:16:39.965859,17002643456,15624929280,1377714176,8.1,14894530560,1393000448,325042176,42418176,807436288
2026-04-26T16:16:40.966750,17002643456,15517974528,1484668928,8.7,14745108480,1488011264,367165440,42418176,849526784
2026-04-26T16:16:41.968609,17002643456,15510110208,1492533248,8.8,14737244160,1510359040,367165440,42418176,849526784
2026-04-26T16:16:42.969500,17002643456,15471525888,1531117568,9.0,14698659840,1542701056,367165440,42418176,849526784
2026-04-26T16:16:43.970472,17002643456,15472508928,1530134528,9.0,14699642880,1546764288,367165440,42418176,849526784
2026-04-26T16:16:44.971088,17002643456,15477637120,1525006336,9.0,14704771072,1238810624,367165440,42418176,849526784
2026-04-26T16:16:45.972427,17002643456,15393161216,1609482240,9.5,14616281088,1454292992,367788032,42418176,853540864
2026-04-26T16:16:46.976580,17002643456,15254585344,1748058112,10.3,14477672448,1774878720,367788032,42418176,853573632
2026-04-26T16:16:47.979167,17002643456,15065890816,1936752640,11.4,14288977920,1988526080,367788032,42418176,853573632
2026-04-26T16:16:48.983511,17002643456,14793687040,2208956416,13.0,14016774144,2140487680,367788032,42418176,853573632
2026-04-26T16:16:49.992108,17002643456,14681374720,2321268736,13.7,13904461824,2309242880,367788032,42418176,853573632
2026-04-26T16:16:51.006519,17002643456,14632714240,2369929216,13.9,13855801344,2363867136,367788032,42418176,853573632
2026-04-26T16:16:52.018679,17002643456,14591672320,2410971136,14.2,13814759424,2380480512,367788032,42418176,853573632
2026-04-26T16:16:53.024726,17002643456,14520893440,2481750016,14.6,13743980544,2505129984,367788032,42418176,853590016
2026-04-26T16:16:54.034676,17002643456,14448492544,2554150912,15.0,13671579648,2512732160,367788032,42418176,853590016
2026-04-26T16:16:55.046206,17002643456,14295842816,2706800640,15.9,13518929920,2736914432,367788032,42418176,853590016
2026-04-26T16:16:56.054222,17002643456,14084734976,2917908480,17.2,13307822080,2945105920,367788032,42418176,853590016
2026-04-26T16:16:57.058103,17002643456,14059913216,2942730240,17.3,13283000320,2863759360,367788032,42418176,853590016
2026-04-26T16:16:58.059124,17002643456,14059913216,2942730240,17.3,13283000320,2863759360,367788032,42418176,853590016
2026-04-26T16:16:59.075412,17002643456,14061240320,2941403136,17.3,13284327424,2863759360,367788032,42418176,853590016
2026-04-26T16:17:00.116001,17002643456,13962264576,3040378880,17.9,13185351680,3055255552,367788032,42418176,853590016
2026-04-26T16:17:01.160558,17002643456,13964378112,3038265344,17.9,13187465216,3023486976,367788032,42418176,853590016
2026-04-26T16:17:02.205638,17002643456,14036680704,2965962752,17.4,13259735040,2861383680,367820800,42434560,853606400
2026-04-26T16:17:03.212512,17002643456,14059765760,2942877696,17.3,13282820096,2845048832,367820800,42434560,853606400
2026-04-26T16:17:04.231345,17002643456,14080360448,2922283008,17.2,13303414784,2881241088,367820800,42434560,853606400
2026-04-26T16:17:05.242704,17002643456,14101299200,2901344256,17.1,13324353536,2892414976,367820800,42434560,853606400
2026-04-26T16:17:06.247157,17002643456,14118895616,2883747840,17.0,13341949952,2901557248,367820800,42434560,853606400
2026-04-26T16:17:07.256732,17002643456,14141210624,2861432832,16.8,13364264960,2903080960,367820800,42434560,853606400
2026-04-26T16:17:08.260360,17002643456,14159822848,2842820608,16.7,13382877184,2874097664,367820800,42434560,853606400
2026-04-26T16:17:09.263327,17002643456,14155644928,2846998528,16.7,13378699264,2904260608,367820800,42434560,853606400
2026-04-26T16:17:10.264404,17002643456,14163017728,2839625728,16.7,13386072064,2904260608,367820800,42434560,853606400
2026-04-26T16:17:11.265876,17002643456,14181531648,2821111808,16.6,13404585984,2904260608,367820800,42434560,853606400
2026-04-26T16:17:12.268400,17002643456,14243381248,2759262208,16.2,13466435584,2890448896,367820800,42434560,853606400
2026-04-26T16:17:13.270975,17002643456,14014349312,2988294144,17.6,13237387264,3089645568,367820800,42434560,853622784
2026-04-26T16:17:14.274383,17002643456,13808140288,3194503168,18.8,13031178240,3227336704,367820800,42434560,853622784
2026-04-26T16:17:15.280912,17002643456,13723123712,3279519744,19.3,12946161664,3360276480,367820800,42434560,853622784
2026-04-26T16:17:16.287287,17002643456,13625802752,3376840704,19.9,12848840704,3427549184,367820800,42434560,853622784
2026-04-26T16:17:17.297496,17002643456,13617201152,3385442304,19.9,12840239104,3442278400,367820800,42434560,853622784
2026-04-26T16:17:18.308408,17002643456,13683032064,3319611392,19.5,12906070016,3283877888,367820800,42434560,853622784
2026-04-26T16:17:19.315112,17002643456,13690945536,3311697920,19.5,12913983488,3287285760,367820800,42434560,853622784
2026-04-26T16:17:20.320733,17002643456,13788561408,3214082048,18.9,13011599360,3261579264,367820800,42434560,853622784
2026-04-26T16:17:21.323708,17002643456,13714096128,3288547328,19.3,12937134080,3363913728,367820800,42434560,853622784
2026-04-26T16:17:22.325290,17002643456,13754892288,3247751168,19.1,12977930240,3335585792,367820800,42434560,853622784
2026-04-26T16:17:23.326581,17002643456,13754646528,3247996928,19.1,12977684480,3335585792,367820800,42434560,853639168
2026-04-26T16:17:24.328091,17002643456,13756186624,3246456832,19.1,12979224576,3335585792,367820800,42434560,853639168
2026-04-26T16:17:25.330084,17002643456,13860831232,3141812224,18.5,13083869184,3235627008,367820800,42434560,853639168
2026-04-26T16:17:26.338536,17002643456,13802242048,3200401408,18.8,13025280000,3224846336,367820800,42434560,853639168
2026-04-26T16:17:27.342192,17002643456,13768753152,3233890304,19.0,12991791104,3305406464,367820800,42434560,853639168
2026-04-26T16:17:28.346076,17002643456,13860716544,3141926912,18.5,13083754496,3231514624,367820800,42434560,853639168
2026-04-26T16:17:29.354752,17002643456,14002323456,3000320000,17.6,13225361408,3046703104,367820800,42434560,853639168
2026-04-26T16:17:30.364259,17002643456,13989445632,3013197824,17.7,13212483584,3066527744,367820800,42434560,853639168
2026-04-26T16:17:31.374456,17002643456,13994311680,3008331776,17.7,13217349632,3078782976,367820800,42434560,853639168
2026-04-26T16:17:32.390017,17002643456,14088994816,2913648640,17.1,13312032768,3037741056,367820800,42434560,853639168
2026-04-26T16:17:33.399821,17002643456,14116012032,2886631424,17.0,13339049984,3008872448,367820800,42434560,853639168
2026-04-26T16:17:34.403569,17002643456,14108901376,2893742080,17.0,13331939328,3036774400,367820800,42434560,853639168
2026-04-26T16:17:35.405055,17002643456,14097874944,2904768512,17.1,13320912896,3044278272,367820800,42434560,853639168
2026-04-26T16:17:36.406312,17002643456,14102511616,2900131840,17.1,13325549568,3044278272,367820800,42434560,853639168
2026-04-26T16:17:37.407765,17002643456,14105575424,2897068032,17.0,13328613376,3044278272,367820800,42434560,853639168
2026-04-26T16:17:38.411051,17002643456,14134640640,2868002816,16.9,13357678592,3013951488,367820800,42434560,853639168
2026-04-26T16:17:39.418441,17002643456,14248919040,2753724416,16.2,13471956992,2921644032,367820800,42434560,853639168
2026-04-26T16:17:40.422204,17002643456,14226620416,2776023040,16.3,13449658368,2965979136,367820800,42434560,853639168
2026-04-26T16:17:41.433697,17002643456,14071300096,2931343360,17.2,13294338048,3061874688,367820800,42434560,853639168
2026-04-26T16:17:42.440254,17002643456,14029029376,2973614080,17.5,13252067328,3123396608,367820800,42434560,853639168
2026-04-26T16:17:43.444427,17002643456,14034944000,2967699456,17.5,13257981952,3075489792,367820800,42434560,853639168
2026-04-26T16:17:44.452415,17002643456,14025277440,2977366016,17.5,13248315392,3066626048,367820800,42434560,853639168
2026-04-26T16:17:45.462151,17002643456,14001668096,3000975360,17.7,13224706048,3120152576,367820800,42434560,853639168
2026-04-26T16:17:46.471801,17002643456,13936295936,3066347520,18.0,13159333888,3214950400,367820800,42434560,853639168
2026-04-26T16:17:47.477511,17002643456,13877805056,3124838400,18.4,13100843008,3311681536,367820800,42434560,853639168
2026-04-26T16:17:48.479433,17002643456,14023950336,2978693120,17.5,13246988288,3117858816,367820800,42434560,853639168
2026-04-26T16:17:49.480706,17002643456,14024359936,2978283520,17.5,13247397888,3117858816,367820800,42434560,853639168
2026-04-26T16:17:50.482204,17002643456,14030749696,2971893760,17.5,13253787648,3117858816,367820800,42434560,853639168
2026-04-26T16:17:51.484125,17002643456,14156480512,2846162944,16.7,13379518464,2995142656,367820800,42434560,853639168
2026-04-26T16:17:52.485707,17002643456,14088404992,2914238464,17.1,13311442944,3089891328,367820800,42434560,853639168
2026-04-26T16:17:53.492593,17002643456,14153711616,2848931840,16.8,13376749568,3021225984,367820800,42434560,853639168
2026-04-26T16:17:54.495115,17002643456,14092517376,2910126080,17.1,13315555328,3048292352,367820800,42434560,853639168
2026-04-26T16:17:55.500296,17002643456,14002569216,3000074240,17.6,13225607168,3123691520,367820800,42434560,853639168
2026-04-26T16:17:56.509192,17002643456,13942603776,3060039680,18.0,13165641728,3207430144,367820800,42434560,853639168
2026-04-26T16:17:57.520914,17002643456,13919387648,3083255808,18.1,13142425600,3191177216,367820800,42434560,853639168
2026-04-26T16:17:58.525946,17002643456,14081228800,2921414656,17.2,13304266752,3021012992,367820800,42434560,853639168
2026-04-26T16:17:59.531900,17002643456,14039597056,2963046400,17.4,13262635008,3065823232,367820800,42434560,853639168
2026-04-26T16:18:00.535367,17002643456,13878427648,3124215808,18.4,13101465600,3212328960,367820800,42434560,853639168
2026-04-26T16:18:01.537626,17002643456,13870071808,3132571648,18.4,13093109760,3203842048,367820800,42434560,853639168
2026-04-26T16:18:02.538934,17002643456,13870071808,3132571648,18.4,13093109760,3203842048,367820800,42434560,853639168
2026-04-26T16:18:03.540463,17002643456,13874790400,3127853056,18.4,13097828352,3203842048,367820800,42434560,853639168
2026-04-26T16:18:04.543178,17002643456,13879443456,3123200000,18.4,13102481408,3203842048,367820800,42434560,853639168
2026-04-26T16:18:05.546018,17002643456,14019248128,2983395328,17.5,13242286080,3109142528,367820800,42434560,853639168
2026-04-26T16:18:06.549350,17002643456,13945765888,3056877568,18.0,13168803840,3185033216,367820800,42434560,853639168
2026-04-26T16:18:07.557031,17002643456,14101463040,2901180416,17.1,13324500992,3015786496,367820800,42434560,853639168
2026-04-26T16:18:08.563184,17002643456,14102773760,2899869696,17.1,13325811712,3020488704,367820800,42434560,853639168
2026-04-26T16:18:09.572791,17002643456,14205698048,2796945408,16.5,13428736000,2945187840,367820800,42434560,853639168
2026-04-26T16:18:10.583476,17002643456,14179401728,2823241728,16.6,13402439680,2989703168,367820800,42434560,853639168
2026-04-26T16:18:11.589345,17002643456,14104444928,2898198528,17.0,13327482880,3057729536,367820800,42434560,853639168
2026-04-26T16:18:12.601138,17002643456,13975912448,3026731008,17.8,13198950400,3169058816,367820800,42434560,853639168
2026-04-26T16:18:13.605647,17002643456,13977468928,3025174528,17.8,13200506880,3107422208,367820800,42434560,853639168
2026-04-26T16:18:14.606869,17002643456,13978189824,3024453632,17.8,13201227776,3109453824,367820800,42434560,853639168
2026-04-26T16:18:15.608369,17002643456,13984563200,3018080256,17.8,13207601152,3109453824,367820800,42434560,853639168
2026-04-26T16:18:16.609840,17002643456,13991395328,3011248128,17.7,13214433280,3109453824,367820800,42434560,853639168
2026-04-26T16:18:17.611824,17002643456,13940441088,3062202368,18.0,13163479040,3196928000,367820800,42434560,853639168
2026-04-26T16:18:18.616015,17002643456,13924745216,3077898240,18.1,13147783168,3183820800,367820800,42434560,853639168
2026-04-26T16:18:19.619448,17002643456,13847576576,3155066880,18.6,13070614528,3286302720,367820800,42434560,853639168
2026-04-26T16:18:20.625350,17002643456,13888077824,3114565632,18.3,13111115776,3235921920,367820800,42434560,853639168
2026-04-26T16:18:21.636283,17002643456,14039990272,2962653184,17.4,13263028224,3043606528,367820800,42434560,853639168
2026-04-26T16:18:22.647278,17002643456,14046789632,2955853824,17.4,13269827584,3048685568,367820800,42434560,853639168
2026-04-26T16:18:23.658980,17002643456,14059503616,2943139840,17.3,13282541568,3054714880,367820800,42434560,853639168
2026-04-26T16:18:24.666668,17002643456,14081490944,2921152512,17.2,13304528896,3033939968,367820800,42434560,853639168
2026-04-26T16:18:25.671942,17002643456,14087405568,2915237888,17.1,13310443520,3021144064,367820800,42434560,853639168
2026-04-26T16:18:26.674317,17002643456,14110244864,2892398592,17.0,13333282816,3023765504,367820800,42434560,853639168
2026-04-26T16:18:27.676038,17002643456,14112718848,2889924608,17.0,13335756800,3023765504,367820800,42434560,853639168
2026-04-26T16:18:28.677502,17002643456,14112718848,2889924608,17.0,13335756800,3023765504,367820800,42434560,853639168
2026-04-26T16:18:29.678971,17002643456,14118486016,2884157440,17.0,13341523968,3023765504,367820800,42434560,853639168
2026-04-26T16:18:30.680830,17002643456,14153252864,2849390592,16.8,13376290816,2993733632,367820800,42434560,853639168
2026-04-26T16:18:31.683979,17002643456,14146207744,2856435712,16.8,13369245696,3021242368,367820800,42434560,853639168
2026-04-26T16:18:32.692041,17002643456,14250409984,2752233472,16.2,13473447936,2925805568,367820800,42434560,853639168
2026-04-26T16:18:33.695363,17002643456,14241202176,2761441280,16.2,13464240128,2955952128,367820800,42434560,853639168
2026-04-26T16:18:34.703799,17002643456,14160510976,2842132480,16.7,13383548928,3022585856,367820800,42434560,853639168
2026-04-26T16:18:35.711182,17002643456,14075478016,2927165440,17.2,13298515968,3086073856,367820800,42434560,853639168
2026-04-26T16:18:36.717938,17002643456,14051885056,2950758400,17.4,13274923008,3109945344,367820800,42434560,853639168
2026-04-26T16:18:37.724267,17002643456,14152531968,2850111488,16.8,13375569920,2974482432,367820800,42434560,853639168
2026-04-26T16:18:38.728726,17002643456,14107459584,2895183872,17.0,13330497536,3051274240,367820800,42434560,853639168
2026-04-26T16:18:39.730204,17002643456,14030290944,2972352512,17.5,13253328896,3093577728,367820800,42434560,853639168
2026-04-26T16:18:40.731599,17002643456,14022672384,2979971072,17.5,13245710336,3083632640,367820800,42434560,853639168
2026-04-26T16:18:41.732821,17002643456,14023147520,2979495936,17.5,13246185472,3083632640,367820800,42434560,853639168
2026-04-26T16:18:42.734331,17002643456,14029553664,2973089792,17.5,13252575232,3083632640,367820800,42434560,853655552
2026-04-26T16:18:43.736954,17002643456,14036779008,2965864448,17.4,13259800576,3083632640,367820800,42434560,853655552
2026-04-26T16:18:44.742175,17002643456,14095482880,2907160576,17.1,13318504448,3053322240,367820800,42434560,853655552
2026-04-26T16:18:45.748710,17002643456,14095335424,2907308032,17.1,13318356992,3054288896,367820800,42434560,853655552
2026-04-26T16:18:46.752850,17002643456,14064877568,2937765888,17.3,13287899136,3079012352,367820800,42434560,853655552
2026-04-26T16:18:47.761902,17002643456,14062600192,2940043264,17.3,13285621760,3088482304,367820800,42434560,853655552
2026-04-26T16:18:48.768531,17002643456,13996376064,3006267392,17.7,13219397632,3172040704,367820800,42434560,853655552
2026-04-26T16:18:49.772854,17002643456,14034829312,2967814144,17.5,13257850880,3092283392,367820800,42434560,853655552
2026-04-26T16:18:50.777483,17002643456,13909983232,3092660224,18.2,13133004800,3249881088,367820800,42434560,853655552
2026-04-26T16:18:51.781127,17002643456,13997703168,3004940288,17.7,13220724736,3160522752,367820800,42434560,853655552
2026-04-26T16:18:52.783275,17002643456,13941063680,3061579776,18.0,13164085248,3162832896,367820800,42434560,853655552
2026-04-26T16:18:53.784501,17002643456,13938507776,3064135680,18.0,13161529344,3172990976,367820800,42434560,853655552
2026-04-26T16:18:54.786019,17002643456,13941800960,3060842496,18.0,13164822528,3172990976,367820800,42434560,853655552
2026-04-26T16:18:55.787486,17002643456,13959479296,3043164160,17.9,13182500864,3172990976,367820800,42434560,853655552
2026-04-26T16:18:56.789502,17002643456,13970784256,3031859200,17.8,13193805824,3172990976,367820800,42434560,853655552
2026-04-26T16:18:57.792169,17002643456,13975994368,3026649088,17.8,13199015936,3147644928,367820800,42434560,853655552
2026-04-26T16:18:58.800266,17002643456,13981171712,3021471744,17.8,13204193280,3153936384,367820800,42434560,853655552
2026-04-26T16:18:59.806338,17002643456,14026227712,2976415744,17.5,13249249280,3127197696,367820800,42434560,853655552
2026-04-26T16:19:00.811113,17002643456,14131101696,2871541760,16.9,13354123264,3042115584,367820800,42434560,853655552
2026-04-26T16:19:01.815066,17002643456,14208303104,2794340352,16.4,13431324672,2956034048,367820800,42434560,853655552
2026-04-26T16:19:02.823389,17002643456,14134919168,2867724288,16.9,13357940736,3042623488,367820800,42434560,853655552
2026-04-26T16:19:03.827528,17002643456,13932806144,3069837312,18.1,13155827712,3218800640,367820800,42434560,853655552
2026-04-26T16:19:04.833628,17002643456,13852442624,3150200832,18.5,13075464192,3234889728,367820800,42434560,853655552
2026-04-26T16:19:05.840208,17002643456,13868793856,3133849600,18.4,13091815424,3269345280,367820800,42434560,853655552
2026-04-26T16:19:06.841546,17002643456,13864615936,3138027520,18.5,13087637504,3278487552,367820800,42434560,853655552
2026-04-26T16:19:07.842802,17002643456,13864615936,3138027520,18.5,13087637504,3278487552,367820800,42434560,853655552
2026-04-26T16:19:08.844273,17002643456,13869613056,3133030400,18.4,13092634624,3278487552,367820800,42434560,853655552
2026-04-26T16:19:09.846511,17002643456,13871333376,3131310080,18.4,13094354944,3248766976,367820800,42434560,853655552
2026-04-26T16:19:10.848804,17002643456,13931315200,3071328256,18.1,13154336768,3214737408,367820800,42434560,853655552
2026-04-26T16:19:11.852966,17002643456,13859307520,3143335936,18.5,13082329088,3312484352,367820800,42434560,853655552
2026-04-26T16:19:12.859590,17002643456,14056849408,2945794048,17.3,13279870976,3072901120,367820800,42434560,853655552
2026-04-26T16:19:13.863838,17002643456,14057979904,2944663552,17.3,13281001472,3084173312,367820800,42434560,853655552
2026-04-26T16:19:14.875018,17002643456,14054490112,2948153344,17.3,13277511680,3039887360,367820800,42434560,853655552
2026-04-26T16:19:15.878528,17002643456,14098661376,2903982080,17.1,13321682944,3015704576,367820800,42434560,853655552
2026-04-26T16:19:16.887139,17002643456,14096842752,2905800704,17.1,13319864320,3037429760,367820800,42434560,853655552
2026-04-26T16:19:17.892467,17002643456,14095319040,2907324416,17.1,13318340608,3063840768,367820800,42434560,853655552
2026-04-26T16:19:18.893629,17002643456,14091272192,2911371264,17.1,13314293760,3093135360,367820800,42434560,853655552
2026-04-26T16:19:19.894714,17002643456,14091649024,2910994432,17.1,13314670592,3093135360,367820800,42434560,853655552
2026-04-26T16:19:20.896167,17002643456,14092828672,2909814784,17.1,13315850240,3093135360,367820800,42434560,853655552
2026-04-26T16:19:21.897625,17002643456,14101004288,2901639168,17.1,13324025856,3093135360,367820800,42434560,853655552
2026-04-26T16:19:22.900174,17002643456,14127104000,2875539456,16.9,13350125568,3068461056,367820800,42434560,853655552
2026-04-26T16:19:23.903659,17002643456,14119321600,2883321856,17.0,13342343168,3093643264,367820800,42434560,853655552
2026-04-26T16:19:24.907770,17002643456,14017822720,2984820736,17.6,13240844288,3161931776,367820800,42434560,853655552
2026-04-26T16:19:25.914908,17002643456,13927399424,3075244032,18.1,13150420992,3201220608,367820800,42434560,853655552
2026-04-26T16:19:26.922487,17002643456,13923467264,3079176192,18.1,13146488832,3214049280,367820800,42434560,853655552
2026-04-26T16:19:27.927456,17002643456,13966557184,3036086272,17.9,13189578752,3219341312,367820800,42434560,853655552
2026-04-26T16:19:28.935560,17002643456,13846626304,3156017152,18.6,13069647872,3320348672,367820800,42434560,853655552
2026-04-26T16:19:29.940104,17002643456,13893386240,3109257216,18.3,13116407808,3241656320,367820800,42434560,853655552
2026-04-26T16:19:30.947678,17002643456,14009778176,2992865280,17.6,13232799744,3124428800,367820800,42434560,853655552
2026-04-26T16:19:31.949519,17002643456,13998768128,3003875328,17.7,13221789696,3148300288,367820800,42434560,853655552
2026-04-26T16:19:32.950657,17002643456,13999046656,3003596800,17.7,13222068224,3148300288,367820800,42434560,853655552
2026-04-26T16:19:33.952177,17002643456,13999046656,3003596800,17.7,13222068224,3148300288,367820800,42434560,853655552
2026-04-26T16:19:34.953662,17002643456,14004191232,2998452224,17.6,13227212800,3148300288,367820800,42434560,853655552
2026-04-26T16:19:35.955173,17002643456,14009352192,2993291264,17.6,13232373760,3148300288,367820800,42434560,853655552
2026-04-26T16:19:36.957408,17002643456,14038712320,2963931136,17.4,13261733888,3119251456,367820800,42434560,853655552
2026-04-26T16:19:37.962236,17002643456,13986070528,3016572928,17.7,13209092096,3213688832,367820800,42434560,853655552
2026-04-26T16:19:38.966825,17002643456,13936934912,3065708544,18.0,13159956480,3206873088,367820800,42434560,853655552
2026-04-26T16:19:39.971305,17002643456,13931036672,3071606784,18.1,13154058240,3220586496,367820800,42434560,853655552
2026-04-26T16:19:40.978463,17002643456,13897039872,3105603584,18.3,13120061440,3283959808,367820800,42434560,853655552
2026-04-26T16:19:41.980439,17002643456,13810778112,3191865344,18.8,13033799680,3340337152,367820800,42434560,853655552
2026-04-26T16:19:42.986095,17002643456,13911883776,3090759680,18.2,13134905344,3236233216,367820800,42434560,853655552
2026-04-26T16:19:43.992331,17002643456,13901561856,3101081600,18.2,13124583424,3276144640,367820800,42434560,853655552
2026-04-26T16:19:44.993475,17002643456,13897875456,3104768000,18.3,13120897024,3286302720,367820800,42434560,853655552
2026-04-26T16:19:45.994557,17002643456,13898268672,3104374784,18.3,13121290240,3286302720,367820800,42434560,853655552
2026-04-26T16:19:46.995991,17002643456,13902299136,3100344320,18.2,13125320704,3286302720,367820800,42434560,853655552
2026-04-26T16:19:47.997426,17002643456,13906313216,3096330240,18.2,13129334784,3286532096,367820800,42434560,853655552
2026-04-26T16:19:48.999465,17002643456,13911932928,3090710528,18.2,13134954496,3258400768,367820800,42434560,853655552
2026-04-26T16:19:50.005714,17002643456,13905182720,3097460736,18.2,13128204288,3255353344,367820800,42434560,853655552
2026-04-26T16:19:51.008213,17002643456,13971161088,3031482368,17.8,13194182656,3179446272,367820800,42434560,853655552
2026-04-26T16:19:52.013622,17002643456,13936132096,3066511360,18.0,13159153664,3234955264,367820800,42434560,853655552
2026-04-26T16:19:53.018560,17002643456,13936427008,3066216448,18.0,13159448576,3234955264,367820800,42434560,853655552
2026-04-26T16:19:54.024050,17002643456,14095056896,2907586560,17.1,13318078464,3033088000,367820800,42434560,853655552
2026-04-26T16:19:55.031299,17002643456,14091665408,2910978048,17.1,13314686976,3064397824,367820800,42434560,853655552
2026-04-26T16:19:56.035049,17002643456,14116061184,2886582272,17.0,13339082752,3042623488,367820800,42434560,853655552
2026-04-26T16:19:57.037562,17002643456,14131331072,2871312384,16.9,13354352640,3042918400,367820800,42434560,853655552
2026-04-26T16:19:58.039472,17002643456,14122319872,2880323584,16.9,13345341440,3072901120,367820800,42434560,853655552
2026-04-26T16:19:59.040535,17002643456,14122319872,2880323584,16.9,13345341440,3072901120,367820800,42434560,853655552
2026-04-26T16:20:00.041991,17002643456,14125285376,2877358080,16.9,13348306944,3072901120,367820800,42434560,853655552
2026-04-26T16:20:01.043429,17002643456,14130397184,2872246272,16.9,13353418752,3072901120,367820800,42434560,853655552
2026-04-26T16:20:02.045184,17002643456,14132510720,2870132736,16.9,13355532288,3072901120,367820800,42434560,853655552
2026-04-26T16:20:03.047316,17002643456,14028259328,2974384128,17.5,13251280896,3152691200,367820800,42434560,853655552
2026-04-26T16:20:04.055306,17002643456,13841235968,3161407488,18.6,13064257536,3299426304,367820800,42434560,853655552
2026-04-26T16:20:05.057648,17002643456,13727727616,3274915840,19.3,12950749184,3315875840,367820800,42434560,853655552
2026-04-26T16:20:06.064469,17002643456,13722107904,3280535552,19.3,12945129472,3301163008,367820800,42434560,853655552
2026-04-26T16:20:07.074912,17002643456,13844873216,3157770240,18.6,13067894784,3183689728,367820800,42434560,853655552
2026-04-26T16:20:08.080915,17002643456,13819068416,3183575040,18.7,13042089984,3247685632,367820800,42434560,853655552
2026-04-26T16:20:09.090055,17002643456,13794000896,3208642560,18.9,13017022464,3293478912,367820800,42434560,853655552
2026-04-26T16:20:10.094547,17002643456,13790298112,3212345344,18.9,13013319680,3307225088,367820800,42434560,853655552
2026-04-26T16:20:11.096551,17002643456,13776306176,3226337280,19.0,12999327744,3313516544,367820800,42434560,853655552
2026-04-26T16:20:12.097611,17002643456,13777371136,3225272320,19.0,13000392704,3313516544,367820800,42434560,853655552
2026-04-26T16:20:13.099136,17002643456,13782433792,3220209664,18.9,13005455360,3313516544,367820800,42434560,853655552
2026-04-26T16:20:14.100642,17002643456,13784629248,3218014208,18.9,13007650816,3313516544,367820800,42434560,853655552
2026-04-26T16:20:15.103090,17002643456,13803651072,3198992384,18.8,13026672640,3286564864,367820800,42434560,853655552
2026-04-26T16:20:16.106671,17002643456,13882441728,3120201728,18.4,13105463296,3231580160,367820800,42434560,853655552
2026-04-26T16:20:17.109352,17002643456,13888995328,3113648128,18.3,13112016896,3239034880,367820800,42434560,853655552
2026-04-26T16:20:18.113117,17002643456,13877559296,3125084160,18.4,13100580864,3315826688,367820800,42434560,853655552
2026-04-26T16:20:19.121069,17002643456,13860110336,3142533120,18.5,13083131904,3335634944,367820800,42434560,853655552
2026-04-26T16:20:20.123977,17002643456,13958381568,3044261888,17.9,13181403136,3216982016,367820800,42434560,853655552
2026-04-26T16:20:21.129362,17002643456,13871366144,3131277312,18.4,13094387712,3317121024,367820800,42434560,853655552
2026-04-26T16:20:22.138280,17002643456,13798146048,3204497408,18.8,13021167616,3349594112,367820800,42434560,853655552
2026-04-26T16:20:23.141488,17002643456,13877673984,3124969472,18.4,13100695552,3270262784,367820800,42434560,853655552
2026-04-26T16:20:24.143067,17002643456,13874724864,3127918592,18.4,13097746432,3235414016,367820800,42434560,853655552
2026-04-26T16:20:25.144146,17002643456,13874724864,3127918592,18.4,13097746432,3235414016,367820800,42434560,853655552
2026-04-26T16:20:26.145608,17002643456,13874724864,3127918592,18.4,13097746432,3235414016,367820800,42434560,853655552
2026-04-26T16:20:27.147090,17002643456,13877952512,3124690944,18.4,13100974080,3235414016,367820800,42434560,853655552
2026-04-26T16:20:28.148909,17002643456,13880918016,3121725440,18.4,13103939584,3235414016,367820800,42434560,853655552
2026-04-26T16:20:29.150824,17002643456,13885997056,3116646400,18.3,13109018624,3235414016,367820800,42434560,853655552
2026-04-26T16:20:30.160727,17002643456,14059536384,2943107072,17.3,13282557952,3075342336,367820800,42434560,853655552
2026-04-26T16:20:31.168769,17002643456,14057275392,2945368064,17.3,13280296960,3097182208,367820800,42434560,853655552
2026-04-26T16:20:32.172760,17002643456,14057684992,2944958464,17.3,13280706560,3099164672,367820800,42434560,853655552
2026-04-26T16:20:33.177475,17002643456,14050082816,2952560640,17.4,13273104384,3152281600,367820800,42434560,853655552
2026-04-26T16:20:34.182771,17002643456,13905084416,3097559040,18.2,13128105984,3275702272,367820800,42434560,853655552
2026-04-26T16:20:35.188780,17002643456,13927481344,3075162112,18.1,13150502912,3236970496,367820800,42434560,853655552
2026-04-26T16:20:36.196181,17002643456,14089797632,2912845824,17.1,13312819200,3033415680,367820800,42434560,853655552
2026-04-26T16:20:37.197333,17002643456,14080950272,2921693184,17.2,13303971840,3035643904,367820800,42434560,853655552
2026-04-26T16:20:38.198437,17002643456,14080950272,2921693184,17.2,13303971840,3035643904,367820800,42434560,853655552
2026-04-26T16:20:39.199911,17002643456,14080950272,2921693184,17.2,13303971840,3035643904,367820800,42434560,853655552
2026-04-26T16:20:40.201388,17002643456,14082768896,2919874560,17.2,13305790464,3035643904,367820800,42434560,853655552
2026-04-26T16:20:41.203667,17002643456,14094991360,2907652096,17.1,13318012928,3035643904,367820800,42434560,853655552
2026-04-26T16:20:42.206072,17002643456,14025195520,2977447936,17.5,13248217088,3175170048,367820800,42434560,853655552
2026-04-26T16:20:43.207944,17002643456,13863485440,3139158016,18.5,13086507008,3282403328,367820800,42434560,853655552
2026-04-26T16:20:44.212740,17002643456,13898153984,3104489472,18.3,13121175552,3240624128,367820800,42434560,853655552
2026-04-26T16:20:45.219918,17002643456,13950681088,3051962368,17.9,13173702656,3187261440,367820800,42434560,853655552
2026-04-26T16:20:46.226270,17002643456,14114275328,2888368128,17.0,13337296896,2998206464,367820800,42434560,853655552
2026-04-26T16:20:47.233309,17002643456,14046445568,2956197888,17.4,13269467136,3118448640,367820800,42434560,853655552
2026-04-26T16:20:48.240943,17002643456,13876379648,3126263808,18.4,13099401216,3280404480,367820800,42434560,853655552
2026-04-26T16:20:49.245939,17002643456,13724499968,3278143488,19.3,12947521536,3422650368,367820800,42434560,853655552
2026-04-26T16:20:50.248537,17002643456,13812350976,3190292480,18.8,13035372544,3234447360,367820800,42434560,853655552
2026-04-26T16:20:51.249637,17002643456,13812350976,3190292480,18.8,13035372544,3234447360,367820800,42434560,853655552
2026-04-26T16:20:52.251142,17002643456,13814644736,3187998720,18.8,13037666304,3234447360,367820800,42434560,853655552
2026-04-26T16:20:53.252647,17002643456,13827325952,3175317504,18.7,13050347520,3234447360,367820800,42434560,853655552
2026-04-26T16:20:54.254456,17002643456,13852393472,3150249984,18.5,13075415040,3234447360,367820800,42434560,853655552
2026-04-26T16:20:55.259551,17002643456,13866680320,3135963136,18.4,13089701888,3234447360,367820800,42434560,853655552
2026-04-26T16:20:56.263970,17002643456,14063026176,2939617280,17.3,13286047744,3077898240,367820800,42434560,853655552
2026-04-26T16:20:57.268139,17002643456,14095859712,2906783744,17.1,13318881280,3045998592,367820800,42434560,853655552
2026-04-26T16:20:58.275403,17002643456,14098432000,2904211456,17.1,13321453568,3045998592,367820800,42434560,853655552
2026-04-26T16:20:59.280966,17002643456,14054932480,2947710976,17.3,13277954048,3120300032,367820800,42434560,853655552
2026-04-26T16:21:00.289320,17002643456,13907722240,3094921216,18.2,13130743808,3257630720,367820800,42434560,853655552
2026-04-26T16:21:01.296612,17002643456,13710622720,3292020736,19.4,12933644288,3389784064,367820800,42434560,853655552
2026-04-26T16:21:02.300021,17002643456,13882425344,3120218112,18.4,13105446912,3151773696,367820800,42434560,853655552
2026-04-26T16:21:03.301574,17002643456,13873872896,3128770560,18.4,13096894464,3195633664,367820800,42434560,853655552
2026-04-26T16:21:04.302706,17002643456,13873872896,3128770560,18.4,13096894464,3195633664,367820800,42434560,853655552
2026-04-26T16:21:05.304203,17002643456,13878198272,3124445184,18.4,13101219840,3195633664,367820800,42434560,853655552
2026-04-26T16:21:06.305788,17002643456,13882621952,3120021504,18.4,13105643520,3195633664,367820800,42434560,853655552
2026-04-26T16:21:07.307593,17002643456,13897072640,3105570816,18.3,13120094208,3204038656,367820800,42434560,853655552
2026-04-26T16:21:08.312623,17002643456,13954023424,3048620032,17.9,13177044992,3152134144,367820800,42434560,853655552
2026-04-26T16:21:09.314527,17002643456,14058176512,2944466944,17.3,13281198080,3070361600,367820800,42434560,853655552
2026-04-26T16:21:10.319449,17002643456,14031323136,2971320320,17.5,13254344704,3139764224,367820800,42434560,853655552
2026-04-26T16:21:11.325042,17002643456,13817987072,3184656384,18.7,13041008640,3327623168,367820800,42434560,853655552
2026-04-26T16:21:12.337324,17002643456,13737394176,3265249280,19.2,12960415744,3388784640,367820800,42434560,853655552
2026-04-26T16:21:13.342340,17002643456,13789151232,3213492224,18.9,13012172800,3245703168,367820800,42434560,853655552
2026-04-26T16:21:14.351171,17002643456,13980434432,3022209024,17.8,13203456000,3080306688,367820800,42434560,853655552
2026-04-26T16:21:15.357077,17002643456,13992574976,3010068480,17.7,13215596544,3050733568,367820800,42434560,853655552
2026-04-26T16:21:16.360614,17002643456,13987168256,3015475200,17.7,13210189824,3071049728,367820800,42434560,853655552
2026-04-26T16:21:17.361729,17002643456,13991444480,3011198976,17.7,13214466048,3071049728,367820800,42434560,853655552
2026-04-26T16:21:18.363221,17002643456,13991444480,3011198976,17.7,13214466048,3071049728,367820800,42434560,853655552
2026-04-26T16:21:19.364709,17002643456,14003879936,2998763520,17.6,13226901504,3071049728,367820800,42434560,853655552
2026-04-26T16:21:20.366313,17002643456,14013677568,2988965888,17.6,13236699136,3076636672,367820800,42434560,853655552
2026-04-26T16:21:21.368864,17002643456,14054752256,2947891200,17.3,13277773824,3046539264,367820800,42434560,853655552
2026-04-26T16:21:22.371213,17002643456,14051065856,2951577600,17.4,13274087424,3098017792,367820800,42434560,853655552
2026-04-26T16:21:23.374579,17002643456,14020673536,2981969920,17.5,13243695104,3155181568,367820800,42434560,853655552
2026-04-26T16:21:24.378556,17002643456,13909835776,3092807680,18.2,13132857344,3278372864,367820800,42434560,853655552
2026-04-26T16:21:25.383768,17002643456,13839794176,3162849280,18.6,13062815744,3350462464,367820800,42434560,853655552
2026-04-26T16:21:26.392298,17002643456,13999194112,3003449344,17.7,13222215680,3162406912,367820800,42434560,853655552
2026-04-26T16:21:27.399745,17002643456,14090567680,2912075776,17.1,13313589248,3065724928,367820800,42434560,853655552
2026-04-26T16:21:28.403657,17002643456,14084063232,2918580224,17.2,13307084800,3043803136,367820800,42434560,853655552
2026-04-26T16:21:29.405790,17002643456,14080131072,2922512384,17.2,13303152640,3043803136,367820800,42434560,853655552
2026-04-26T16:21:30.406871,17002643456,14080901120,2921742336,17.2,13303922688,3043803136,367820800,42434560,853655552
2026-04-26T16:21:31.408343,17002643456,14083227648,2919415808,17.2,13306249216,3043803136,367820800,42434560,853655552
2026-04-26T16:21:32.409865,17002643456,14085685248,2916958208,17.2,13308706816,3043803136,367820800,42434560,853655552
2026-04-26T16:21:33.411962,17002643456,14104428544,2898214912,17.0,13327450112,3034988544,367820800,42434560,853655552
2026-04-26T16:21:34.414584,17002643456,14104428544,2898214912,17.0,13327450112,3044638720,367820800,42434560,853655552
2026-04-26T16:21:35.421107,17002643456,14126268416,2876375040,16.9,13349289984,3056009216,367820800,42434560,853655552
2026-04-26T16:21:36.425294,17002643456,14249230336,2753413120,16.2,13472251904,2933866496,367820800,42434560,853655552
2026-04-26T16:21:37.434324,17002643456,14246625280,2756018176,16.2,13469646848,2948022272,367820800,42434560,853655552
2026-04-26T16:21:38.437976,17002643456,14230601728,2772041728,16.3,13453623296,2973515776,367820800,42434560,853655552
2026-04-26T16:21:39.444489,17002643456,14106247168,2896396288,17.0,13329268736,3080912896,367820800,42434560,853655552
2026-04-26T16:21:40.453918,17002643456,13838614528,3164028928,18.6,13061636096,3313238016,367820800,42434560,853655552
2026-04-26T16:21:41.456797,17002643456,13738590208,3264053248,19.2,12961611776,3373678592,367820800,42434560,853655552
2026-04-26T16:21:42.458164,17002643456,13782335488,3220307968,18.9,13005357056,3314335744,367820800,42434560,853655552
2026-04-26T16:21:43.459317,17002643456,13783629824,3219013632,18.9,13006651392,3314335744,367820800,42434560,853655552
2026-04-26T16:21:44.460833,17002643456,13785350144,3217293312,18.9,13008371712,3314335744,367820800,42434560,853655552
2026-04-26T16:21:45.481765,17002643456,13789511680,3213131776,18.9,13012533248,3314335744,367820800,42434560,853655552
2026-04-26T16:21:46.511961,17002643456,13789347840,3213295616,18.9,13012369408,3308896256,367820800,42434560,853655552
2026-04-26T16:21:47.546719,17002643456,13852426240,3150217216,18.5,13075447808,3307470848,367820800,42434560,853655552
2026-04-26T16:21:48.610088,17002643456,13858455552,3144187904,18.5,13081477120,3268034560,367820800,42434560,853655552
2026-04-26T16:21:49.637266,17002643456,13986545664,3016097792,17.7,13209567232,3124805632,367820800,42434560,853655552
2026-04-26T16:21:50.643917,17002643456,13985054720,3017588736,17.7,13208076288,3147825152,367820800,42434560,853655552
2026-04-26T16:21:51.672964,17002643456,13975764992,3026878464,17.8,13198786560,3149447168,367820800,42434560,853655552
2026-04-26T16:21:52.677160,17002643456,13932511232,3070132224,18.1,13155532800,3240067072,367820800,42434560,853655552
2026-04-26T16:21:53.682250,17002643456,13832732672,3169910784,18.6,13055754240,3338551296,367820800,42434560,853655552
2026-04-26T16:21:54.685199,17002643456,13836091392,3166552064,18.6,13059112960,3274457088,367820800,42434560,853655552
2026-04-26T16:21:55.687000,17002643456,13818396672,3184246784,18.7,13041418240,3290415104,367820800,42434560,853655552
2026-04-26T16:21:56.688238,17002643456,13818396672,3184246784,18.7,13041418240,3290415104,367820800,42434560,853655552
2026-04-26T16:21:57.689701,17002643456,13820100608,3182542848,18.7,13043122176,3290415104,367820800,42434560,853655552
2026-04-26T16:21:58.691413,17002643456,13866516480,3136126976,18.4,13089538048,3234709504,367820800,42434560,853655552
2026-04-26T16:21:59.695008,17002643456,13969326080,3033317376,17.8,13192347648,3153592320,367820800,42434560,853655552
2026-04-26T16:22:00.698733,17002643456,13870776320,3131867136,18.4,13093797888,3304964096,367820800,42434560,853655552
2026-04-26T16:22:01.708092,17002643456,13950599168,3052044288,18.0,13173620736,3209674752,367820800,42434560,853655552
2026-04-26T16:22:02.714051,17002643456,14110490624,2892152832,17.0,13333512192,3027451904,367820800,42434560,853655552
2026-04-26T16:22:03.717733,17002643456,14102921216,2899722240,17.1,13325942784,3048341504,367820800,42434560,853655552
2026-04-26T16:22:04.723263,17002643456,14053244928,2949398528,17.3,13276266496,3121610752,367820800,42434560,853655552
2026-04-26T16:22:05.733743,17002643456,13982351360,3020292096,17.8,13205372928,3187867648,367820800,42434560,853655552
2026-04-26T16:22:06.745631,17002643456,13957578752,3045064704,17.9,13180600320,3164815360,367820800,42434560,853655552
2026-04-26T16:22:07.749921,17002643456,14053130240,2949513216,17.3,13276151808,3101474816,367820800,42434560,853655552
2026-04-26T16:22:08.751766,17002643456,14047133696,2955509760,17.4,13270155264,3103981568,367820800,42434560,853655552
2026-04-26T16:22:09.752969,17002643456,14047969280,2954674176,17.4,13270990848,3103981568,367820800,42434560,853655552
2026-04-26T16:22:10.754423,17002643456,14051311616,2951331840,17.4,13274333184,3103981568,367820800,42434560,853655552
2026-04-26T16:22:11.757175,17002643456,14055555072,2947088384,17.3,13278576640,3103981568,367820800,42434560,853655552
2026-04-26T16:22:12.764911,17002643456,14101315584,2901327872,17.1,13324337152,3076866048,367820800,42434560,853655552
2026-04-26T16:22:13.769732,17002643456,14102724608,2899918848,17.1,13325746176,3076866048,367820800,42434560,853655552
2026-04-26T16:22:14.777319,17002643456,14048493568,2954149888,17.4,13271515136,3148234752,367820800,42434560,853655552
2026-04-26T16:22:15.788240,17002643456,13941342208,3061301248,18.0,13164363776,3231186944,367820800,42434560,853655552
2026-04-26T16:22:16.792930,17002643456,13880885248,3121758208,18.4,13103906816,3303751680,367820800,42434560,853655552
2026-04-26T16:22:17.802707,17002643456,13873266688,3129376768,18.4,13096288256,3318988800,367820800,42434560,853655552
2026-04-26T16:22:18.805671,17002643456,13861715968,3140927488,18.5,13084737536,3266052096,367820800,42434560,853655552
2026-04-26T16:22:19.812760,17002643456,13858553856,3144089600,18.5,13081575424,3295330304,367820800,42434560,853655552
2026-04-26T16:22:20.815931,17002643456,13856817152,3145826304,18.5,13079838720,3319529472,367820800,42434560,853655552
2026-04-26T16:22:21.817131,17002643456,13852639232,3150004224,18.5,13075660800,3323592704,367820800,42434560,853655552
2026-04-26T16:22:22.818428,17002643456,13852639232,3150004224,18.5,13075660800,3323592704,367820800,42434560,853655552
2026-04-26T16:22:23.819960,17002643456,13852639232,3150004224,18.5,13075660800,3323592704,367820800,42434560,853655552
2026-04-26T16:22:24.821935,17002643456,13859962880,3142680576,18.5,13082984448,3323592704,367820800,42434560,853655552
2026-04-26T16:22:25.823722,17002643456,13886849024,3115794432,18.3,13109870592,3297558528,367820800,42434560,853655552
2026-04-26T16:22:26.829793,17002643456,13926645760,3075997696,18.1,13149667328,3246784512,367820800,42434560,853655552
2026-04-26T16:22:27.836527,17002643456,13896318976,3106324480,18.3,13119340544,3259957248,367820800,42434560,853655552
2026-04-26T16:22:28.846428,17002643456,13868662784,3133980672,18.4,13091684352,3310993408,367820800,42434560,853655552
2026-04-26T16:22:29.852952,17002643456,13954924544,3047718912,17.9,13177946112,3210199040,367820800,42434560,853655552
2026-04-26T16:22:30.860374,17002643456,13927399424,3075244032,18.1,13150420992,3245654016,367820800,42434560,853655552
2026-04-26T16:22:31.869506,17002643456,13913882624,3088760832,18.2,13136904192,3251060736,367820800,42434560,853655552
2026-04-26T16:22:32.875408,17002643456,14113554432,2889089024,17.0,13336576000,3062317056,367820800,42434560,853655552
2026-04-26T16:22:33.882964,17002643456,14100529152,2902114304,17.1,13323550720,3082502144,367820800,42434560,853655552
2026-04-26T16:22:34.884118,17002643456,14098071552,2904571904,17.1,13321093120,3086057472,367820800,42434560,853655552
2026-04-26T16:22:35.885590,17002643456,14099333120,2903310336,17.1,13322354688,3086057472,367820800,42434560,853655552
2026-04-26T16:22:36.887059,17002643456,14103412736,2899230720,17.1,13326434304,3086057472,367820800,42434560,853655552
2026-04-26T16:22:37.889376,17002643456,14096531456,2906112000,17.1,13319553024,3095199744,367820800,42434560,853655552
2026-04-26T16:22:38.892434,17002643456,14017675264,2984968192,17.6,13240696832,3136405504,367820800,42434560,853655552
2026-04-26T16:22:39.898471,17002643456,14018494464,2984148992,17.6,13241516032,3136405504,367820800,42434560,853655552
2026-04-26T16:22:40.902003,17002643456,14126563328,2876080128,16.9,13349584896,2992717824,367820800,42434560,853655552
2026-04-26T16:22:41.910930,17002643456,14135525376,2867118080,16.9,13358546944,2992717824,367820800,42434560,853655552
2026-04-26T16:22:42.919388,17002643456,14132330496,2870312960,16.9,13355352064,3016425472,367820800,42434560,853655552
2026-04-26T16:22:43.927448,17002643456,14048034816,2954608640,17.4,13271056384,3114942464,367820800,42434560,853655552
2026-04-26T16:22:44.935476,17002643456,14001340416,3001303040,17.7,13224361984,3182772224,367820800,42434560,853655552
2026-04-26T16:22:45.946027,17002643456,13966196736,3036446720,17.9,13189218304,3203334144,367820800,42434560,853655552
2026-04-26T16:22:46.949252,17002643456,14070743040,2931900416,17.2,13293764608,3052929024,367820800,42434560,853655552
2026-04-26T16:22:47.950544,17002643456,14111965184,2890678272,17.0,13334986752,3027664896,367820800,42434560,853655552
2026-04-26T16:22:48.952005,17002643456,14118748160,2883895296,17.0,13341769728,3027664896,367820800,42434560,853655552
2026-04-26T16:22:49.953448,17002643456,14123827200,2878816256,16.9,13346848768,3027664896,367820800,42434560,853655552
2026-04-26T16:22:50.955016,17002643456,14133297152,2869346304,16.9,13356318720,3027664896,367820800,42434560,853655552
2026-04-26T16:22:51.956800,17002643456,14128381952,2874261504,16.9,13351403520,3042443264,367820800,42434560,853655552
2026-04-26T16:22:52.961971,17002643456,13961527296,3041116160,17.9,13184548864,3185950720,367820800,42434560,853655552
2026-04-26T16:22:53.966779,17002643456,13950025728,3052617728,18.0,13173047296,3217145856,367820800,42434560,853655552
2026-04-26T16:22:54.975207,17002643456,14078541824,2924101632,17.2,13301563392,3061841920,367820800,42434560,853655552
2026-04-26T16:22:55.988271,17002643456,14069448704,2933194752,17.3,13292470272,3063775232,367820800,42434560,853655552
2026-04-26T16:22:56.993565,17002643456,14066991104,2935652352,17.3,13290012672,3071393792,367820800,42434560,853655552
2026-04-26T16:22:57.995747,17002643456,14031601664,2971041792,17.5,13254623232,3091562496,367820800,42434560,853655552
2026-04-26T16:22:59.008976,17002643456,13821657088,3180986368,18.7,13044678656,3302555648,367820800,42434560,853655552
2026-04-26T16:23:00.012384,17002643456,13815906304,3186737152,18.7,13038927872,3275390976,367820800,42434560,853655552
2026-04-26T16:23:01.015412,17002643456,13806026752,3196616704,18.8,13029048320,3264217088,367820800,42434560,853655552
2026-04-26T16:23:02.016847,17002643456,13806026752,3196616704,18.8,13029048320,3264217088,367820800,42434560,853655552
2026-04-26T16:23:03.018311,17002643456,13808238592,3194404864,18.8,13031260160,3264217088,367820800,42434560,853655552
2026-04-26T16:23:04.020281,17002643456,13888028672,3114614784,18.3,13111050240,3198222336,367820800,42434560,853655552
2026-04-26T16:23:05.022908,17002643456,13850116096,3152527360,18.5,13073137664,3207495680,367820800,42434560,853655552
2026-04-26T16:23:06.029982,17002643456,13910441984,3092201472,18.2,13133463552,3181035520,367820800,42434560,853655552
2026-04-26T16:23:07.035102,17002643456,13947027456,3055616000,18.0,13170049024,3160113152,367820800,42434560,853655552
2026-04-26T16:23:08.044376,17002643456,13949206528,3053436928,18.0,13172228096,3161128960,367820800,42434560,853655552
2026-04-26T16:23:09.053972,17002643456,13944553472,3058089984,18.0,13167575040,3178971136,367820800,42434560,853655552
2026-04-26T16:23:10.060513,17002643456,13937606656,3065036800,18.0,13160628224,3205382144,367820800,42434560,853655552
2026-04-26T16:23:11.069470,17002643456,13912686592,3089956864,18.2,13135708160,3242950656,367820800,42434560,853655552
2026-04-26T16:23:12.077281,17002643456,13794967552,3207675904,18.9,13017989120,3354607616,367820800,42434560,853655552
2026-04-26T16:23:13.081147,17002643456,13713375232,3289268224,19.3,12936396800,3383263232,367820800,42434560,853655552
2026-04-26T16:23:14.083407,17002643456,13710966784,3291676672,19.4,12933988352,3365191680,367820800,42434560,853655552
2026-04-26T16:23:15.084671,17002643456,13711523840,3291119616,19.4,12934545408,3365191680,367820800,42434560,853655552
2026-04-26T16:23:16.086153,17002643456,13712719872,3289923584,19.3,12935741440,3365191680,367820800,42434560,853655552
2026-04-26T16:23:17.088525,17002643456,13725171712,3277471744,19.3,12948193280,3339223040,367820800,42434560,853655552
2026-04-26T16:23:18.090936,17002643456,13730873344,3271770112,19.2,12953894912,3308322816,367820800,42434560,853655552
2026-04-26T16:23:19.101047,17002643456,13714063360,3288580096,19.3,12937084928,3417260032,367820800,42434560,853655552
2026-04-26T16:23:20.105210,17002643456,13737148416,3265495040,19.2,12960169984,3411460096,367820800,42434560,853655552
2026-04-26T16:23:21.113694,17002643456,13939474432,3063169024,18.0,13162496000,3166732288,367820800,42434560,853655552
2026-04-26T16:23:22.119242,17002643456,13971324928,3031318528,17.8,13194346496,3143368704,367820800,42434560,853655552
2026-04-26T16:23:23.127510,17002643456,14001569792,3001073664,17.7,13224591360,3135766528,367820800,42434560,853655552
2026-04-26T16:23:24.139226,17002643456,14065385472,2937257984,17.3,13288407040,3094986752,367820800,42434560,853655552
2026-04-26T16:23:25.143486,17002643456,14063026176,2939617280,17.3,13286047744,3116662784,367820800,42434560,853655552
2026-04-26T16:23:26.146045,17002643456,14036025344,2966618112,17.4,13259046912,3164078080,367820800,42434560,853655552
2026-04-26T16:23:27.147682,17002643456,14027177984,2975465472,17.5,13250199552,3174236160,367820800,42434560,853655552
2026-04-26T16:23:28.148785,17002643456,14027571200,2975072256,17.5,13250592768,3174236160,367820800,42434560,853655552
2026-04-26T16:23:29.150261,17002643456,14028685312,2973958144,17.5,13251706880,3174236160,367820800,42434560,853655552
2026-04-26T16:23:30.152433,17002643456,14035615744,2967027712,17.5,13258637312,3174236160,367820800,42434560,853655552
2026-04-26T16:23:31.154381,17002643456,14005583872,2997059584,17.6,13228605440,3202678784,367820800,42434560,853655552
2026-04-26T16:23:32.161964,17002643456,14021001216,2981642240,17.5,13244022784,3177971712,367820800,42434560,853655552
2026-04-26T16:23:33.170450,17002643456,14024982528,2977660928,17.5,13248004096,3177971712,367820800,42434560,853655552
2026-04-26T16:23:34.177780,17002643456,14029176832,2973466624,17.5,13252198400,3177971712,367820800,42434560,853655552
2026-04-26T16:23:35.182898,17002643456,14010433536,2992209920,17.6,13233455104,3181576192,367820800,42434560,853655552
2026-04-26T16:23:36.191419,17002643456,13990215680,3012427776,17.7,13213237248,3204939776,367820800,42434560,853655552
2026-04-26T16:23:37.198846,17002643456,14013644800,2988998656,17.6,13236666368,3176005632,367820800,42434560,853655552
2026-04-26T16:23:38.202576,17002643456,14017118208,2985525248,17.6,13240139776,3176005632,367820800,42434560,853655552
2026-04-26T16:23:39.205875,17002643456,13904429056,3098214400,18.2,13127450624,3279667200,367820800,42434560,853655552
2026-04-26T16:23:40.207645,17002643456,13880557568,3122085888,18.4,13103579136,3272146944,367820800,42434560,853655552
2026-04-26T16:23:41.208907,17002643456,13880557568,3122085888,18.4,13103579136,3272146944,367820800,42434560,853655552
2026-04-26T16:23:42.210394,17002643456,13880557568,3122085888,18.4,13103579136,3272146944,367820800,42434560,853655552
2026-04-26T16:23:43.211927,17002643456,13889028096,3113615360,18.3,13112049664,3272146944,367820800,42434560,853655552
2026-04-26T16:23:44.213364,17002643456,13963722752,3038920704,17.9,13186744320,3206152192,367820800,42434560,853655552
2026-04-26T16:23:45.217317,17002643456,13914324992,3088318464,18.2,13137346560,3279847424,367820800,42434560,853655552
2026-04-26T16:23:46.222690,17002643456,13960298496,3042344960,17.9,13183320064,3174612992,367820800,42434560,853655552
2026-04-26T16:23:47.235229,17002643456,13961527296,3041116160,17.9,13184548864,3174612992,367820800,42434560,853655552
2026-04-26T16:23:48.241504,17002643456,13971914752,3030728704,17.8,13194936320,3174629376,367820800,42434560,853655552
2026-04-26T16:23:49.254505,17002643456,13963673600,3038969856,17.9,13186695168,3196108800,367820800,42434560,853655552
2026-04-26T16:23:50.256312,17002643456,13963608064,3039035392,17.9,13186629632,3202957312,367820800,42434560,853655552
2026-04-26T16:23:51.259328,17002643456,13894860800,3107782656,18.3,13117882368,3309076480,367820800,42434560,853655552
2026-04-26T16:23:52.262669,17002643456,13812531200,3190112256,18.8,13035552768,3333079040,367820800,42434560,853655552
2026-04-26T16:23:53.264836,17002643456,13808844800,3193798656,18.8,13031866368,3360227328,367820800,42434560,853655552
2026-04-26T16:23:54.266403,17002643456,13808844800,3193798656,18.8,13031866368,3360227328,367820800,42434560,853655552
2026-04-26T16:23:55.267916,17002643456,13810565120,3192078336,18.8,13033586688,3360227328,367820800,42434560,853655552
2026-04-26T16:23:56.269511,17002643456,13837041664,3165601792,18.6,13060063232,3333079040,367820800,42434560,853655552
2026-04-26T16:23:57.274019,17002643456,13874937856,3127705600,18.4,13097959424,3305160704,367820800,42434560,853655552
2026-04-26T16:23:58.279036,17002643456,13879967744,3122675712,18.4,13102989312,3305160704,367820800,42434560,853655552
2026-04-26T16:23:59.285142,17002643456,13890732032,3111911424,18.3,13113753600,3305586688,367820800,42434560,853655552
2026-04-26T16:24:00.294103,17002643456,13891289088,3111354368,18.3,13114310656,3305586688,367820800,42434560,853655552
2026-04-26T16:24:01.304331,17002643456,13900775424,3101868032,18.2,13123796992,3305586688,367820800,42434560,853655552
2026-04-26T16:24:02.314303,17002643456,14014955520,2987687936,17.6,13237977088,3142975488,367820800,42434560,853655552
2026-04-26T16:24:03.318332,17002643456,13893058560,3109584896,18.3,13116080128,3294806016,367820800,42434560,853655552
2026-04-26T16:24:04.323270,17002643456,13833912320,3168731136,18.6,13056933888,3262480384,367820800,42434560,853655552
2026-04-26T16:24:05.325115,17002643456,13888389120,3114254336,18.3,13111410688,3216048128,367820800,42434560,853655552
2026-04-26T16:24:06.326443,17002643456,13880524800,3122118656,18.4,13103546368,3237543936,367820800,42434560,853655552
2026-04-26T16:24:07.327938,17002643456,13880639488,3122003968,18.4,13103661056,3237543936,367820800,42434560,853655552
2026-04-26T16:24:08.329420,17002643456,13883310080,3119333376,18.3,13106331648,3237543936,367820800,42434560,853655552
2026-04-26T16:24:09.331076,17002643456,14017200128,2985443328,17.6,13240221696,3105259520,367820800,42434560,853655552
2026-04-26T16:24:10.334103,17002643456,14023671808,2978971648,17.5,13246693376,3105259520,367820800,42434560,853655552
2026-04-26T16:24:11.342328,17002643456,14041972736,2960670720,17.4,13264994304,3079700480,367820800,42434560,853655552
2026-04-26T16:24:12.351875,17002643456,14069547008,2933096448,17.3,13292568576,3115597824,367820800,42434560,853655552
2026-04-26T16:24:13.359240,17002643456,14007369728,2995273728,17.6,13230391296,3190620160,367820800,42434560,853655552
2026-04-26T16:24:14.369097,17002643456,13899235328,3103408128,18.3,13122256896,3244687360,367820800,42434560,853655552
2026-04-26T16:24:15.376542,17002643456,13876133888,3126509568,18.4,13099155456,3268050944,367820800,42434560,853655552
2026-04-26T16:24:16.380365,17002643456,13916569600,3086073856,18.2,13139591168,3212083200,367820800,42434560,853655552
2026-04-26T16:24:17.382885,17002643456,13995098112,3007545344,17.7,13218119680,3114106880,367820800,42434560,853655552
2026-04-26T16:24:18.384645,17002643456,14008778752,2993864704,17.6,13231783936,3139846144,367837184,42450944,853655552
2026-04-26T16:24:19.385998,17002643456,14000635904,3002007552,17.7,13223641088,3161833472,367837184,42450944,853655552
2026-04-26T16:24:20.387498,17002643456,14000635904,3002007552,17.7,13223641088,3161833472,367837184,42450944,853655552
2026-04-26T16:24:21.388984,17002643456,14004076544,2998566912,17.6,13227081728,3161833472,367837184,42450944,853655552
2026-04-26T16:24:22.391167,17002643456,14008451072,2994192384,17.6,13231456256,3161833472,367837184,42450944,853655552
2026-04-26T16:24:23.393767,17002643456,13993213952,3009429504,17.7,13216219136,3190276096,367837184,42450944,853655552
2026-04-26T16:24:24.398555,17002643456,13968703488,3033939968,17.8,13191708672,3199123456,367837184,42450944,853655552
2026-04-26T16:24:25.406694,17002643456,13975158784,3027484672,17.8,13198163968,3120349184,367837184,42450944,853655552
2026-04-26T16:24:26.413668,17002643456,14035566592,2967076864,17.5,13258571776,3089596416,367837184,42450944,853655552
2026-04-26T16:24:27.417408,17002643456,14046035968,2956607488,17.4,13269041152,3087417344,367837184,42450944,853655552
2026-04-26T16:24:28.427865,17002643456,14000062464,3002580992,17.7,13223067648,3168796672,367837184,42450944,853655552
2026-04-26T16:24:29.432922,17002643456,13931102208,3071541248,18.1,13154107392,3235332096,367837184,42450944,853655552
2026-04-26T16:24:30.437374,17002643456,13804994560,3197648896,18.8,13027999744,3340369920,367837184,42450944,853655552
2026-04-26T16:24:31.440959,17002643456,13719257088,3283386368,19.3,12942262272,3335520256,367837184,42450944,853655552
2026-04-26T16:24:32.442631,17002643456,13706543104,3296100352,19.4,12929548288,3335323648,367837184,42450944,853655552
2026-04-26T16:24:33.444155,17002643456,13707853824,3294789632,19.4,12930859008,3335323648,367837184,42450944,853655552
2026-04-26T16:24:34.445685,17002643456,13709721600,3292921856,19.4,12932726784,3335323648,367837184,42450944,853655552
2026-04-26T16:24:35.447371,17002643456,13716717568,3285925888,19.3,12939722752,3335323648,367837184,42450944,853655552
2026-04-26T16:24:36.450024,17002643456,13716488192,3286155264,19.3,12939493376,3358654464,367837184,42450944,853655552
2026-04-26T16:24:37.454162,17002643456,13847101440,3155542016,18.6,13070106624,3213754368,367837184,42450944,853655552
2026-04-26T16:24:38.463491,17002643456,13887242240,3115401216,18.3,13110247424,3237265408,367837184,42450944,853655552
2026-04-26T16:24:39.473883,17002643456,13888749568,3113893888,18.3,13111754752,3237265408,367837184,42450944,853655552
2026-04-26T16:24:40.491131,17002643456,13873299456,3129344000,18.4,13096304640,3297837056,367837184,42450944,853655552
2026-04-26T16:24:41.495790,17002643456,13917061120,3085582336,18.1,13140066304,3231629312,367837184,42450944,853655552
2026-04-26T16:24:42.498645,17002643456,13873086464,3129556992,18.4,13096091648,3305766912,367837184,42450944,853655552
2026-04-26T16:24:43.507080,17002643456,13931675648,3070967808,18.1,13154680832,3239378944,367837184,42450944,853655552
2026-04-26T16:24:44.510137,17002643456,13974618112,3028025344,17.8,13197623296,3199074304,367837184,42450944,853655552
2026-04-26T16:24:45.511419,17002643456,13962330112,3040313344,17.9,13185335296,3217866752,367837184,42450944,853655552
2026-04-26T16:24:46.512679,17002643456,13962330112,3040313344,17.9,13185335296,3217866752,367837184,42450944,853655552
2026-04-26T16:24:47.514167,17002643456,13964443648,3038199808,17.9,13187448832,3217866752,367837184,42450944,853655552
2026-04-26T16:24:48.516621,17002643456,13967622144,3035021312,17.9,13190627328,3217866752,367837184,42450944,853655552
2026-04-26T16:24:49.519828,17002643456,13933461504,3069181952,18.1,13156466688,3218980864,367837184,42450944,853655552
2026-04-26T16:24:50.523956,17002643456,13933985792,3068657664,18.0,13156990976,3220504576,367837184,42450944,853655552
2026-04-26T16:24:51.530866,17002643456,13951008768,3051634688,17.9,13174013952,3217014784,367837184,42450944,853655552
2026-04-26T16:24:52.541608,17002643456,13917093888,3085549568,18.1,13140099072,3265806336,367837184,42450944,853655552
2026-04-26T16:24:53.549066,17002643456,13935230976,3067412480,18.0,13158236160,3219865600,367837184,42450944,853655552
2026-04-26T16:24:54.555651,17002643456,13941309440,3061334016,18.0,13164314624,3209838592,367837184,42450944,853655552
2026-04-26T16:24:55.560356,17002643456,13880197120,3122446336,18.4,13103202304,3288465408,367837184,42450944,853655552
2026-04-26T16:24:56.566605,17002643456,13809238016,3193405440,18.8,13032243200,3305897984,367837184,42450944,853655552
2026-04-26T16:24:57.569823,17002643456,13879230464,3123412992,18.4,13102235648,3263135744,367837184,42450944,853655552
2026-04-26T16:24:58.571119,17002643456,13876035584,3126607872,18.4,13099040768,3272785920,367837184,42450944,853655552
2026-04-26T16:24:59.572608,17002643456,13876035584,3126607872,18.4,13099040768,3272785920,367837184,42450944,853655552
2026-04-26T16:25:00.574094,17002643456,13879476224,3123167232,18.4,13102481408,3272785920,367837184,42450944,853655552
2026-04-26T16:25:01.576343,17002643456,13880393728,3122249728,18.4,13103398912,3272785920,367837184,42450944,853655552
2026-04-26T16:25:02.580300,17002643456,14005321728,2997321728,17.6,13228326912,3112845312,367837184,42450944,853655552
2026-04-26T16:25:03.586592,17002643456,14043660288,2958983168,17.4,13266665472,3092889600,367837184,42450944,853655552
2026-04-26T16:25:04.591341,17002643456,14048428032,2954215424,17.4,13271433216,3085352960,367837184,42450944,853655552
2026-04-26T16:25:05.596082,17002643456,14050557952,2952085504,17.4,13273563136,3100753920,367837184,42450944,853655552
2026-04-26T16:25:06.600745,17002643456,14048591872,2954051584,17.4,13271597056,3111124992,367837184,42450944,853655552
2026-04-26T16:25:07.605636,17002643456,13995032576,3007610880,17.7,13218037760,3199631360,367837184,42450944,853655552
2026-04-26T16:25:08.613662,17002643456,13876330496,3126312960,18.4,13099335680,3291119616,367837184,42450944,853655552
2026-04-26T16:25:09.621242,17002643456,13858635776,3144007680,18.5,13081640960,3298148352,367837184,42450944,853655552
2026-04-26T16:25:10.624175,17002643456,13827489792,3175153664,18.7,13050494976,3296854016,367837184,42450944,853655552
2026-04-26T16:25:11.625554,17002643456,13827489792,3175153664,18.7,13050494976,3296854016,367837184,42450944,853655552
2026-04-26T16:25:12.627056,17002643456,13827948544,3174694912,18.7,13050953728,3296854016,367837184,42450944,853655552
2026-04-26T16:25:13.628570,17002643456,13831127040,3171516416,18.7,13054132224,3296854016,367837184,42450944,853655552
2026-04-26T16:25:14.630136,17002643456,13858701312,3143942144,18.5,13081706496,3271999488,367837184,42450944,853655552
2026-04-26T16:25:15.632891,17002643456,14059896832,2942746624,17.3,13282902016,3088564224,367837184,42450944,853655552
2026-04-26T16:25:16.636168,17002643456,14059372544,2943270912,17.3,13282377728,3096821760,367837184,42450944,853655552
2026-04-26T16:25:17.638901,17002643456,13998309376,3004334080,17.7,13221314560,3196665856,367837184,42450944,853655552
2026-04-26T16:25:18.646228,17002643456,13881327616,3121315840,18.4,13104332800,3280224256,367837184,42450944,853655552
2026-04-26T16:25:19.651948,17002643456,13809074176,3193569280,18.8,13032898560,3338993664,367837184,42450944,853655552
2026-04-26T16:25:20.655868,17002643456,13863436288,3139207168,18.5,13086441472,3269066752,367837184,42450944,853655552
2026-04-26T16:25:21.659145,17002643456,13915504640,3087138816,18.2,13138509824,3195797504,367837184,42450944,853655552
2026-04-26T16:25:22.661071,17002643456,13903675392,3098968064,18.2,13126680576,3189587968,367837184,42450944,853655552
2026-04-26T16:25:23.663164,17002643456,13922582528,3080060928,18.1,13145587712,3191750656,367837184,42450944,853655552
2026-04-26T16:25:24.664253,17002643456,13923057664,3079585792,18.1,13146062848,3191750656,367837184,42450944,853655552
2026-04-26T16:25:25.665710,17002643456,13925892096,3076751360,18.1,13148897280,3191750656,367837184,42450944,853655552
2026-04-26T16:25:26.667179,17002643456,13930692608,3071950848,18.1,13153697792,3191750656,367837184,42450944,853655552
2026-04-26T16:25:27.669023,17002643456,13875249152,3127394304,18.4,13098254336,3290923008,367837184,42450944,853655552
2026-04-26T16:25:28.671762,17002643456,13955284992,3047358464,17.9,13178290176,3211608064,367837184,42450944,853655552
2026-04-26T16:25:29.676166,17002643456,13900726272,3101917184,18.2,13123731456,3288530944,367837184,42450944,853655552
2026-04-26T16:25:30.680671,17002643456,14049771520,2952871936,17.4,13272776704,3118710784,367837184,42450944,853655552
2026-04-26T16:25:31.688699,17002643456,14048051200,2954592256,17.4,13271056384,3123740672,367837184,42450944,853655552
2026-04-26T16:25:32.695854,17002643456,14047805440,2954838016,17.4,13270810624,3125788672,367837184,42450944,853655552
2026-04-26T16:25:33.706056,17002643456,14062288896,2940354560,17.3,13285294080,3123216384,367837184,42450944,853655552
2026-04-26T16:25:34.709995,17002643456,14088667136,2913976320,17.1,13311672320,3104473088,367837184,42450944,853655552
2026-04-26T16:25:35.716552,17002643456,14076133376,2926510080,17.2,13299138560,3097542656,367837184,42450944,853655552
2026-04-26T16:25:36.719946,17002643456,14050590720,2952052736,17.4,13273595904,3128262656,367837184,42450944,853655552
2026-04-26T16:25:37.721026,17002643456,14050590720,2952052736,17.4,13273595904,3128262656,367837184,42450944,853655552
2026-04-26T16:25:38.722484,17002643456,14051180544,2951462912,17.4,13274185728,3128262656,367837184,42450944,853655552
2026-04-26T16:25:39.723928,17002643456,14056521728,2946121728,17.3,13279526912,3128262656,367837184,42450944,853655552
2026-04-26T16:25:40.726500,17002643456,14054244352,2948399104,17.3,13277249536,3128262656,367837184,42450944,853655552
2026-04-26T16:25:41.730277,17002643456,14065582080,2937061376,17.3,13288587264,3098132480,367837184,42450944,853655552
2026-04-26T16:25:42.734335,17002643456,14103232512,2899410944,17.1,13326237696,3074703360,367837184,42450944,853655552
2026-04-26T16:25:43.736971,17002643456,14087634944,2915008512,17.1,13310640128,3105570816,367837184,42450944,853655552
2026-04-26T16:25:44.743394,17002643456,14077181952,2925461504,17.2,13300187136,3112173568,367837184,42450944,853655552
2026-04-26T16:25:45.747890,17002643456,14072922112,2929721344,17.2,13295927296,3122839552,367837184,42450944,853655552
2026-04-26T16:25:46.754827,17002643456,14058962944,2943680512,17.3,13281968128,3132850176,367837184,42450944,853655552
2026-04-26T16:25:47.759235,17002643456,14057406464,2945236992,17.3,13280411648,3126034432,367837184,42450944,853655552
2026-04-26T16:25:48.764404,17002643456,13971832832,3030810624,17.8,13194838016,3200860160,367837184,42450944,853655552
2026-04-26T16:25:49.765572,17002643456,13868433408,3134210048,18.4,13091438592,3270148096,367837184,42450944,853655552
2026-04-26T16:25:50.766679,17002643456,13871267840,3131375616,18.4,13094273024,3269541888,367837184,42450944,853655552
2026-04-26T16:25:51.768137,17002643456,13871267840,3131375616,18.4,13094273024,3269541888,367837184,42450944,853655552
2026-04-26T16:25:52.769577,17002643456,13873217536,3129425920,18.4,13096222720,3269541888,367837184,42450944,853655552
2026-04-26T16:25:53.771154,17002643456,13860257792,3142385664,18.5,13083262976,3287891968,367837184,42450944,853655552
2026-04-26T16:25:54.774672,17002643456,13953155072,3049488384,17.9,13176160256,3196911616,367837184,42450944,853655552
2026-04-26T16:25:55.781716,17002643456,13904248832,3098394624,18.2,13127254016,3272966144,367837184,42450944,853655552
2026-04-26T16:25:56.786714,17002643456,13856325632,3146317824,18.5,13079330816,3286712320,367837184,42450944,853655552
2026-04-26T16:25:57.789648,17002643456,13857112064,3145531392,18.5,13080117248,3256270848,367837184,42450944,853655552
2026-04-26T16:25:58.797893,17002643456,13859962880,3142680576,18.5,13082968064,3256270848,367837184,42450944,853655552
2026-04-26T16:25:59.804646,17002643456,14002913280,2999730176,17.6,13225918464,3135766528,367837184,42450944,853655552
2026-04-26T16:26:00.810071,17002643456,14070611968,2932031488,17.2,13293617152,3070427136,367837184,42450944,853655552
2026-04-26T16:26:01.813161,17002643456,13976240128,3026403328,17.8,13199245312,3181019136,367837184,42450944,853655552
2026-04-26T16:26:02.815325,17002643456,13897105408,3105538048,18.3,13120110592,3213262848,367837184,42450944,853655552
2026-04-26T16:26:03.816449,17002643456,13899464704,3103178752,18.3,13122469888,3213262848,367837184,42450944,853655552
2026-04-26T16:26:04.817927,17002643456,13905461248,3097182208,18.2,13128466432,3213262848,367837184,42450944,853655552
2026-04-26T16:26:05.819373,17002643456,13914210304,3088433152,18.2,13137215488,3213262848,367837184,42450944,853655552
2026-04-26T16:26:06.820991,17002643456,13920321536,3082321920,18.1,13143326720,3192209408,367837184,42450944,853655552
2026-04-26T16:26:07.827858,17002643456,13913440256,3089203200,18.2,13136445440,3217424384,367837184,42450944,853655552
2026-04-26T16:26:08.834758,17002643456,13856915456,3145728000,18.5,13079920640,3292086272,367837184,42450944,853655552
2026-04-26T16:26:09.837267,17002643456,13906509824,3096133632,18.2,13129515008,3225141248,367837184,42450944,853655552
2026-04-26T16:26:10.845992,17002643456,13907886080,3094757376,18.2,13130891264,3225141248,367837184,42450944,853655552
2026-04-26T16:26:11.853500,17002643456,13910720512,3091922944,18.2,13133725696,3234381824,367837184,42450944,853655552
2026-04-26T16:26:12.857483,17002643456,14014398464,2988244992,17.6,13237403648,3130671104,367837184,42450944,853655552
2026-04-26T16:26:13.865401,17002643456,14034042880,2968600576,17.5,13257048064,3103997952,367837184,42450944,853655552
2026-04-26T16:26:14.868398,17002643456,14031241216,2971402240,17.5,13254246400,3125329920,367837184,42450944,853655552
2026-04-26T16:26:15.872053,17002643456,14065352704,2937290752,17.3,13288357888,3100360704,367837184,42450944,853655552
2026-04-26T16:26:16.873125,17002643456,14065614848,2937028608,17.3,13288620032,3100360704,367837184,42450944,853655552
2026-04-26T16:26:17.874581,17002643456,14069989376,2932654080,17.2,13292994560,3100360704,367837184,42450944,853655552
2026-04-26T16:26:18.876035,17002643456,14072889344,2929754112,17.2,13295894528,3100360704,367837184,42450944,853655552
2026-04-26T16:26:19.877798,17002643456,14080507904,2922135552,17.2,13303513088,3102343168,367837184,42450944,853655552
2026-04-26T16:26:20.880810,17002643456,14093664256,2908979200,17.1,13316669440,3098132480,367837184,42450944,853655552
2026-04-26T16:26:21.890330,17002643456,14091517952,2911125504,17.1,13314523136,3107274752,367837184,42450944,853655552
2026-04-26T16:26:22.894911,17002643456,14010662912,2991980544,17.6,13233668096,3179118592,367837184,42450944,853655552
2026-04-26T16:26:23.900806,17002643456,13907935232,3094708224,18.2,13130940416,3268509696,367837184,42450944,853655552
2026-04-26T16:26:24.905899,17002643456,13836173312,3166470144,18.6,13059178496,3297673216,367837184,42450944,853655552
2026-04-26T16:26:25.910987,17002643456,13903757312,3098886144,18.2,13126762496,3228450816,367837184,42450944,853655552
2026-04-26T16:26:26.918645,17002643456,13995016192,3007627264,17.7,13218021376,3154935808,367837184,42450944,853655552
2026-04-26T16:26:27.921164,17002643456,13987053568,3015589888,17.7,13210058752,3176103936,367837184,42450944,853655552
2026-04-26T16:26:28.923283,17002643456,14013284352,2989359104,17.6,13236289536,3126345728,367837184,42450944,853655552
2026-04-26T16:26:29.924326,17002643456,14014873600,2987769856,17.6,13237878784,3126345728,367837184,42450944,853655552
2026-04-26T16:26:30.925766,17002643456,14017724416,2984919040,17.6,13240729600,3126345728,367837184,42450944,853655552
2026-04-26T16:26:31.927203,17002643456,14026899456,2975744000,17.5,13249904640,3126345728,367837184,42450944,853655552
2026-04-26T16:26:32.929683,17002643456,14065762304,2936881152,17.3,13288767488,3095592960,367837184,42450944,853655552
2026-04-26T16:26:33.933311,17002643456,13990412288,3012231168,17.7,13213417472,3189260288,367837184,42450944,853655552
2026-04-26T16:26:34.937742,17002643456,13893140480,3109502976,18.3,13116145664,3260366848,367837184,42450944,853655552
2026-04-26T16:26:35.944182,17002643456,13922271232,3080372224,18.1,13145276416,3199025152,367837184,42450944,853655552
2026-04-26T16:26:36.950569,17002643456,13919567872,3083075584,18.1,13142573056,3225255936,367837184,42450944,853655552
2026-04-26T16:26:37.954572,17002643456,14064451584,2938191872,17.3,13287456768,3083173888,367837184,42450944,853655552
2026-04-26T16:26:38.964458,17002643456,14040236032,2962407424,17.4,13263241216,3124822016,367837184,42450944,853655552
2026-04-26T16:26:39.968346,17002643456,13970194432,3032449024,17.8,13193199616,3202629632,367837184,42450944,853655552
2026-04-26T16:26:40.974103,17002643456,13853704192,3148939264,18.5,13076709376,3310632960,367837184,42450944,853655552
2026-04-26T16:26:41.976235,17002643456,13826375680,3176267776,18.7,13049380864,3270557696,367837184,42450944,853655552
2026-04-26T16:26:42.977346,17002643456,13826965504,3175677952,18.7,13049970688,3270557696,367837184,42450944,853655552
2026-04-26T16:26:43.978890,17002643456,13831127040,3171516416,18.7,13054132224,3270557696,367837184,42450944,853655552
2026-04-26T16:26:44.980379,17002643456,13840400384,3162243072,18.6,13063405568,3270557696,367837184,42450944,853655552
2026-04-26T16:26:45.982083,17002643456,13857669120,3144974336,18.5,13080674304,3244654592,367837184,42450944,853655552
2026-04-26T16:26:46.984362,17002643456,13906624512,3096018944,18.2,13129629696,3215654912,367837184,42450944,853655552
2026-04-26T16:26:47.988601,17002643456,13909737472,3092905984,18.2,13132742656,3225092096,367837184,42450944,853655552
2026-04-26T16:26:48.991891,17002643456,13910097920,3092545536,18.2,13133103104,3215654912,367837184,42450944,853655552
2026-04-26T16:26:50.002734,17002643456,14063173632,2939469824,17.3,13286178816,3074605056,367837184,42450944,853655552
2026-04-26T16:26:51.008771,17002643456,14062075904,2940567552,17.3,13285081088,3087007744,367837184,42450944,853655552
2026-04-26T16:26:52.015687,17002643456,14043561984,2959081472,17.4,13266567168,3130687488,367837184,42450944,853655552
2026-04-26T16:26:53.021977,17002643456,13935427584,3067215872,18.0,13158432768,3251617792,367837184,42450944,853655552
2026-04-26T16:26:54.029562,17002643456,13767573504,3235069952,19.0,12990578688,3358244864,367837184,42450944,853655552
2026-04-26T16:26:55.030835,17002643456,13835632640,3167010816,18.6,13058637824,3273867264,367837184,42450944,853655552
2026-04-26T16:26:56.031924,17002643456,13837549568,3165093888,18.6,13060554752,3273867264,367837184,42450944,853655552
2026-04-26T16:26:57.033388,17002643456,13841858560,3160784896,18.6,13064863744,3273867264,367837184,42450944,853655552
2026-04-26T16:26:58.034868,17002643456,13847003136,3155640320,18.6,13070008320,3273867264,367837184,42450944,853655552
2026-04-26T16:26:59.036800,17002643456,13879197696,3123445760,18.4,13102202880,3204382720,367837184,42450944,853655552
2026-04-26T16:27:00.038973,17002643456,13878165504,3124477952,18.4,13101170688,3235102720,367837184,42450944,853655552
2026-04-26T16:27:01.046550,17002643456,13849624576,3153018880,18.5,13072629760,3302916096,367837184,42450944,853655552
2026-04-26T16:27:02.052044,17002643456,14001782784,3000860672,17.6,13224787968,3158179840,367837184,42450944,853655552
2026-04-26T16:27:03.058615,17002643456,13893550080,3109093376,18.3,13116555264,3258138624,367837184,42450944,853655552
2026-04-26T16:27:04.068588,17002643456,13883719680,3118923776,18.3,13106724864,3248521216,367837184,42450944,853655552
2026-04-26T16:27:05.075328,17002643456,13970538496,3032104960,17.8,13193543680,3134783488,367837184,42450944,853655552
2026-04-26T16:27:06.080048,17002643456,13955579904,3047063552,17.9,13178585088,3167698944,367837184,42450944,853655552
2026-04-26T16:27:07.081575,17002643456,13843513344,3159130112,18.6,13066518528,3283255296,367837184,42450944,853655552
2026-04-26T16:27:08.083480,17002643456,13969063936,3033579520,17.8,13192069120,3122790400,367837184,42450944,853655552
2026-04-26T16:27:09.084621,17002643456,13969620992,3033022464,17.8,13192626176,3122790400,367837184,42450944,853655552
2026-04-26T16:27:10.086142,17002643456,13969620992,3033022464,17.8,13192626176,3122790400,367837184,42450944,853655552
2026-04-26T16:27:11.087628,17002643456,13975044096,3027599360,17.8,13198049280,3122790400,367837184,42450944,853655552
2026-04-26T16:27:12.090269,17002643456,13979992064,3022651392,17.8,13202997248,3128803328,367837184,42450944,853655552
2026-04-26T16:27:13.094426,17002643456,14027112448,2975531008,17.5,13250117632,3093938176,367837184,42450944,853655552
2026-04-26T16:27:14.098563,17002643456,14051311616,2951331840,17.4,13274316800,3090923520,367837184,42450944,853655552
2026-04-26T16:27:15.103502,17002643456,14041776128,2960867328,17.4,13264781312,3096412160,367837184,42450944,853655552
2026-04-26T16:27:16.107419,17002643456,14026752000,2975891456,17.5,13249757184,3119513600,367837184,42450944,853655552
2026-04-26T16:27:17.119263,17002643456,14026129408,2976514048,17.5,13249134592,3124576256,367837184,42450944,853655552
2026-04-26T16:27:18.126382,17002643456,14069153792,2933489664,17.3,13292158976,3102752768,367837184,42450944,853655552
2026-04-26T16:27:19.131966,17002643456,14056701952,2945941504,17.3,13279707136,3122806784,367837184,42450944,853655552
2026-04-26T16:27:20.134777,17002643456,13975945216,3026698240,17.8,13198950400,3172909056,367837184,42450944,853655552
2026-04-26T16:27:21.136876,17002643456,14036336640,2966306816,17.4,13259341824,3124445184,367837184,42450944,853655552
2026-04-26T16:27:22.138009,17002643456,14036336640,2966306816,17.4,13259341824,3124445184,367837184,42450944,853655552
2026-04-26T16:27:23.139548,17002643456,14037090304,2965553152,17.4,13260095488,3124445184,367837184,42450944,853655552
2026-04-26T16:27:24.141106,17002643456,14044151808,2958491648,17.4,13267156992,3124445184,367837184,42450944,853655552
2026-04-26T16:27:25.142930,17002643456,14054719488,2947923968,17.3,13277724672,3117334528,367837184,42450944,853655552
2026-04-26T16:27:26.146639,17002643456,14067236864,2935406592,17.3,13290242048,3095117824,367837184,42450944,853655552
2026-04-26T16:27:27.154621,17002643456,14046035968,2956607488,17.4,13269041152,3132342272,367837184,42450944,853655552
2026-04-26T16:27:28.156334,17002643456,14103822336,2898821120,17.0,13326827520,3065364480,367837184,42450944,853655552
2026-04-26T16:27:29.160769,17002643456,14107262976,2895380480,17.0,13330268160,3067428864,367837184,42450944,853655552
2026-04-26T16:27:30.167434,17002643456,14054670336,2947973120,17.3,13277675520,3132719104,367837184,42450944,853655552
2026-04-26T16:27:31.172718,17002643456,13910065152,3092578304,18.2,13133070336,3240984576,367837184,42450944,853655552
2026-04-26T16:27:32.177415,17002643456,13798735872,3203907584,18.8,13021741056,3322724352,367837184,42450944,853655552
2026-04-26T16:27:33.181600,17002643456,13911343104,3091300352,18.2,13134348288,3114041344,367837184,42450944,853655552
2026-04-26T16:27:34.183918,17002643456,13909835776,3092807680,18.2,13132840960,3133358080,367837184,42450944,853655552
2026-04-26T16:27:35.184997,17002643456,13913473024,3089170432,18.2,13136478208,3133358080,367837184,42450944,853655552
2026-04-26T16:27:36.186474,17002643456,13924466688,3078176768,18.1,13147471872,3133358080,367837184,42450944,853655552
2026-04-26T16:27:37.187939,17002643456,13939818496,3062824960,18.0,13162823680,3133358080,367837184,42450944,853655552
2026-04-26T16:27:38.189725,17002643456,13929611264,3073032192,18.1,13152616448,3252436992,367837184,42450944,853655552
2026-04-26T16:27:39.193510,17002643456,13885702144,3116941312,18.3,13108707328,3234070528,367837184,42450944,853655552
2026-04-26T16:27:40.198840,17002643456,13846626304,3156017152,18.6,13069631488,3262857216,367837184,42450944,853655552
2026-04-26T16:27:41.209898,17002643456,14043512832,2959130624,17.4,13266518016,3018833920,367837184,42450944,853655552
2026-04-26T16:27:42.214481,17002643456,14039629824,2963013632,17.4,13262635008,3050143744,367837184,42450944,853655552
2026-04-26T16:27:43.224834,17002643456,14041513984,2961129472,17.4,13264519168,3066036224,367837184,42450944,853655552
2026-04-26T16:27:44.237180,17002643456,14045347840,2957295616,17.4,13268353024,3083419648,367837184,42450944,853655552
2026-04-26T16:27:45.250486,17002643456,14034812928,2967830528,17.5,13257818112,3114401792,367837184,42450944,853655552
2026-04-26T16:27:46.254562,17002643456,14034059264,2968584192,17.5,13257064448,3127050240,367837184,42450944,853655552
2026-04-26T16:27:47.256525,17002643456,14080098304,2922545152,17.2,13303103488,3101835264,367837184,42450944,853655552
2026-04-26T16:27:48.257623,17002643456,14080540672,2922102784,17.2,13303545856,3101835264,367837184,42450944,853655552
2026-04-26T16:27:49.259109,17002643456,14085586944,2917056512,17.2,13308592128,3101835264,367837184,42450944,853655552
2026-04-26T16:27:50.279709,17002643456,14088257536,2914385920,17.1,13311262720,3101835264,367837184,42450944,853655552
2026-04-26T16:27:51.332134,17002643456,14091665408,2910978048,17.1,13314670592,3101835264,367837184,42450944,853655552
2026-04-26T16:27:52.363601,17002643456,14096826368,2905817088,17.1,13319831552,3101835264,367837184,42450944,853655552
2026-04-26T16:27:53.434007,17002643456,14083538944,2919104512,17.2,13306544128,3121233920,367837184,42450944,853655552
2026-04-26T16:27:54.437880,17002643456,14099857408,2902786048,17.1,13322862592,3101900800,367837184,42450944,853655552
2026-04-26T16:27:55.448816,17002643456,13958053888,3044589568,17.9,13181059072,3206578176,367837184,42450944,853655552
2026-04-26T16:27:56.466863,17002643456,13951221760,3051421696,17.9,13174226944,3209478144,367837184,42450944,853655552
2026-04-26T16:27:57.471608,17002643456,14044200960,2958442496,17.4,13267206144,3046064128,367837184,42450944,853655552
2026-04-26T16:27:58.474539,17002643456,14038990848,2963652608,17.4,13261996032,3074670592,367837184,42450944,853655552
2026-04-26T16:27:59.478378,17002643456,13974847488,3027795968,17.8,13197852672,3188834304,367837184,42450944,853655552
2026-04-26T16:28:00.481320,17002643456,13987840000,3014803456,17.7,13210845184,3166273536,367837184,42450944,853655552
2026-04-26T16:28:01.482548,17002643456,13989330944,3013312512,17.7,13212336128,3166273536,367837184,42450944,853655552
2026-04-26T16:28:02.484008,17002643456,13992345600,3010297856,17.7,13215350784,3166273536,367837184,42450944,853655552
2026-04-26T16:28:03.486544,17002643456,13996933120,3005710336,17.7,13219938304,3166273536,367837184,42450944,853655552
2026-04-26T16:28:04.490010,17002643456,14001242112,3001401344,17.7,13224247296,3166470144,367837184,42450944,853655552
2026-04-26T16:28:05.496144,17002643456,14010646528,2991996928,17.6,13233651712,3168796672,367837184,42450944,853655552
2026-04-26T16:28:06.499344,17002643456,13994246144,3008397312,17.7,13217251328,3195273216,367837184,42450944,853655552
2026-04-26T16:28:07.504344,17002643456,14057832448,2944811008,17.3,13280837632,3108388864,367837184,42450944,853655552
2026-04-26T16:28:08.507992,17002643456,14054326272,2948317184,17.3,13277331456,3116580864,367837184,42450944,853655552
2026-04-26T16:28:09.511545,17002643456,13971734528,3030908928,17.8,13194739712,3213737984,367837184,42450944,853655552
2026-04-26T16:28:10.522269,17002643456,13869875200,3132768256,18.4,13092880384,3279011840,367837184,42450944,853655552
2026-04-26T16:28:11.526232,17002643456,13765918720,3236724736,19.0,12988923904,3380936704,367837184,42450944,853655552
2026-04-26T16:28:12.532362,17002643456,13901086720,3101556736,18.2,13124091904,3264888832,367837184,42450944,853655552
2026-04-26T16:28:13.533918,17002643456,13866991616,3135651840,18.4,13089996800,3276374016,367837184,42450944,853655552
2026-04-26T16:28:14.535168,17002643456,13866991616,3135651840,18.4,13089996800,3276374016,367837184,42450944,853655552
2026-04-26T16:28:15.536618,17002643456,13871316992,3131326464,18.4,13094322176,3276374016,367837184,42450944,853655552
2026-04-26T16:28:16.539474,17002643456,13877936128,3124707328,18.4,13100941312,3222355968,367837184,42450944,853655552
2026-04-26T16:28:17.546389,17002643456,13964722176,3037921280,17.9,13187727360,3170156544,367837184,42450944,853655552
2026-04-26T16:28:18.551150,17002643456,13914587136,3088056320,18.2,13137592320,3283697664,367837184,42450944,853655552
2026-04-26T16:28:19.555103,17002643456,13869121536,3133521920,18.4,13092126720,3304013824,367837184,42450944,853655552
2026-04-26T16:28:20.562335,17002643456,13994688512,3007954944,17.7,13217693696,3126181888,367837184,42450944,853655552
2026-04-26T16:28:21.571464,17002643456,13981892608,3020750848,17.8,13204897792,3149152256,367837184,42450944,853655552
2026-04-26T16:28:22.578058,17002643456,13981089792,3021553664,17.8,13204094976,3141222400,367837184,42450944,853655552
2026-04-26T16:28:23.584810,17002643456,14000373760,3002269696,17.7,13223378944,3118628864,367837184,42450944,853655552
2026-04-26T16:28:24.588473,17002643456,13966458880,3036184576,17.9,13189464064,3196256256,367837184,42450944,853655552
2026-04-26T16:28:25.592207,17002643456,13806354432,3196289024,18.8,13029359616,3359375360,367837184,42450944,853655552
2026-04-26T16:28:26.594047,17002643456,13836582912,3166060544,18.6,13059588096,3317432320,367837184,42450944,853655552
2026-04-26T16:28:27.595270,17002643456,13836582912,3166060544,18.6,13059588096,3317432320,367837184,42450944,853655552
2026-04-26T16:28:28.596706,17002643456,13840302080,3162341376,18.6,13063307264,3317432320,367837184,42450944,853655552
2026-04-26T16:28:29.598629,17002643456,13841154048,3161489408,18.6,13064159232,3288432640,367837184,42450944,853655552
2026-04-26T16:28:30.601788,17002643456,13887684608,3114958848,18.3,13110689792,3250864128,367837184,42450944,853655552
2026-04-26T16:28:31.606612,17002643456,13852540928,3150102528,18.5,13075546112,3333439488,367837184,42450944,853655552
2026-04-26T16:28:32.610173,17002643456,13998997504,3003645952,17.7,13222002688,3152314368,367837184,42450944,853655552
2026-04-26T16:28:33.614669,17002643456,13998997504,3003645952,17.7,13222002688,3157622784,367837184,42450944,853655552
2026-04-26T16:28:34.621193,17002643456,13997522944,3005120512,17.7,13220528128,3154821120,367837184,42450944,853655552
2026-04-26T16:28:35.628846,17002643456,14034894848,2967748608,17.5,13257900032,3100966912,367837184,42450944,853655552
2026-04-26T16:28:36.635597,17002643456,14038286336,2964357120,17.4,13261291520,3101048832,367837184,42450944,853655552
2026-04-26T16:28:37.641429,17002643456,14036172800,2966470656,17.4,13259177984,3128999936,367837184,42450944,853655552
2026-04-26T16:28:38.645283,17002643456,14063386624,2939256832,17.3,13286391808,3101802496,367837184,42450944,853655552
2026-04-26T16:28:39.647217,17002643456,14063976448,2938667008,17.3,13286981632,3101802496,367837184,42450944,853655552
2026-04-26T16:28:40.648688,17002643456,14068891648,2933751808,17.3,13291896832,3101802496,367837184,42450944,853655552
2026-04-26T16:28:41.650155,17002643456,14072348672,2930294784,17.2,13295353856,3101802496,367837184,42450944,853655552
2026-04-26T16:28:42.651840,17002643456,14074855424,2927788032,17.2,13297860608,3101802496,367837184,42450944,853655552
2026-04-26T16:28:43.661032,17002643456,14081605632,2921037824,17.2,13304610816,3101802496,367837184,42450944,853655552
2026-04-26T16:28:44.667312,17002643456,14045413376,2957230080,17.4,13268418560,3162603520,367837184,42450944,853655552
2026-04-26T16:28:45.684690,17002643456,14008549376,2994094080,17.6,13231554560,3198156800,367837184,42450944,853655552
2026-04-26T16:28:46.699908,17002643456,14076985344,2925658112,17.2,13299990528,3107291136,367837184,42450944,853655552
2026-04-26T16:28:47.709114,17002643456,14058799104,2943844352,17.3,13281804288,3134914560,367837184,42450944,853655552
2026-04-26T16:28:48.727920,17002643456,13970440192,3032203264,17.8,13193445376,3196715008,367837184,42450944,853655552
2026-04-26T16:28:49.733595,17002643456,13868941312,3133702144,18.4,13091946496,3312467968,367837184,42450944,853655552
2026-04-26T16:28:50.741191,17002643456,13747535872,3255107584,19.1,12970541056,3398909952,367837184,42450944,853655552
2026-04-26T16:28:51.743681,17002643456,13908049920,3094593536,18.2,13131055104,3148201984,367837184,42450944,853655552
2026-04-26T16:28:52.746200,17002643456,13922009088,3080634368,18.1,13145014272,3141910528,367837184,42450944,853655552
2026-04-26T16:28:53.747715,17002643456,13926711296,3075932160,18.1,13149716480,3141910528,367837184,42450944,853655552
2026-04-26T16:28:54.749222,17002643456,13933608960,3069034496,18.1,13156614144,3141910528,367837184,42450944,853655552
2026-04-26T16:28:55.750819,17002643456,13944848384,3057795072,18.0,13167853568,3141910528,367837184,42450944,853655552
2026-04-26T16:28:56.754178,17002643456,13987233792,3015409664,17.7,13210238976,3115548672,367837184,42450944,853655552
2026-04-26T16:28:57.759648,17002643456,13990002688,3012640768,17.7,13213007872,3116580864,367837184,42450944,853655552
2026-04-26T16:28:58.765258,17002643456,13999800320,3002843136,17.7,13222805504,3139518464,367837184,42450944,853655552
2026-04-26T16:28:59.772545,17002643456,13970784256,3031859200,17.8,13193789440,3214524416,367837184,42450944,853655552
2026-04-26T16:29:00.777213,17002643456,13892403200,3110240256,18.3,13115408384,3307667456,367837184,42450944,853655552
2026-04-26T16:29:01.781238,17002643456,13757480960,3245162496,19.1,12980486144,3411574784,367837184,42450944,853655552
2026-04-26T16:29:02.788528,17002643456,13842317312,3160326144,18.6,13065322496,3256320000,367837184,42450944,853655552
2026-04-26T16:29:03.793820,17002643456,13884112896,3118530560,18.3,13107118080,3196108800,367837184,42450944,853655552
2026-04-26T16:29:04.798652,17002643456,13886259200,3116384256,18.3,13109264384,3231449088,367837184,42450944,853655552
2026-04-26T16:29:05.800521,17002643456,13938376704,3064266752,18.0,13161381888,3196370944,367837184,42450944,853655552
2026-04-26T16:29:06.801718,17002643456,13938376704,3064266752,18.0,13161381888,3196370944,367837184,42450944,853655552
2026-04-26T16:29:07.803209,17002643456,13938130944,3064512512,18.0,13161136128,3196370944,367837184,42450944,853655552
2026-04-26T16:29:08.805683,17002643456,13941817344,3060826112,18.0,13164822528,3196370944,367837184,42450944,853655552
2026-04-26T16:29:09.808517,17002643456,13880705024,3121938432,18.4,13103710208,3240001536,367837184,42450944,853655552
2026-04-26T16:29:10.811015,17002643456,13873397760,3129245696,18.4,13096402944,3240001536,367837184,42450944,853655552
2026-04-26T16:29:11.814683,17002643456,13935837184,3066806272,18.0,13158842368,3198386176,367837184,42450944,853655552
2026-04-26T16:29:12.825999,17002643456,13998997504,3003645952,17.7,13222002688,3123544064,367837184,42450944,853655552
2026-04-26T16:29:13.832167,17002643456,14004502528,2998140928,17.6,13227507712,3127132160,367837184,42450944,853655552
2026-04-26T16:29:14.845561,17002643456,13942882304,3059761152,18.0,13165887488,3214327808,367837184,42450944,853655552
2026-04-26T16:29:15.861101,17002643456,13847379968,3155263488,18.6,13070385152,3314565120,367837184,42450944,853655552
2026-04-26T16:29:16.865339,17002643456,13823164416,3179479040,18.7,13046169600,3309207552,367837184,42762240,853377024
2026-04-26T16:29:17.871373,17002643456,13904363520,3098279936,18.2,13127024640,3206332416,368148480,42762240,853737472
2026-04-26T16:29:18.873034,17002643456,13897007104,3105636352,18.3,13119668224,3230711808,368148480,42762240,853737472
2026-04-26T16:29:19.874519,17002643456,13899726848,3102916608,18.2,13122387968,3230711808,368148480,42762240,853737472
2026-04-26T16:29:20.875964,17002643456,13903757312,3098886144,18.2,13126418432,3230711808,368148480,42762240,853737472
2026-04-26T16:29:21.880250,17002643456,13922975744,3079667712,18.1,13145636864,3200090112,368148480,42762240,853737472
2026-04-26T16:29:22.882827,17002643456,13974601728,3028041728,17.8,13197246464,3146137600,368164864,42778624,853737472
2026-04-26T16:29:23.888725,17002643456,13979107328,3023536128,17.8,13201752064,3146137600,368164864,42778624,853737472
2026-04-26T16:29:24.890939,17002643456,13988036608,3014606848,17.7,13210681344,3149234176,368164864,42778624,853737472
2026-04-26T16:29:25.895097,17002643456,14033747968,2968895488,17.5,13256392704,3122626560,368164864,42778624,853737472
2026-04-26T16:29:26.900134,17002643456,13985693696,3016949760,17.7,13208338432,3196272640,368164864,42778624,853737472
2026-04-26T16:29:27.911365,17002643456,13942194176,3060449280,18.0,13164838912,3237412864,368164864,42778624,853737472
2026-04-26T16:29:28.916571,17002643456,14037024768,2965618688,17.4,13259669504,3137699840,368164864,42778624,853737472
2026-04-26T16:29:29.926475,17002643456,14021754880,2980888576,17.5,13244399616,3147743232,368164864,42778624,853737472
2026-04-26T16:29:30.928616,17002643456,14001291264,3001352192,17.7,13223936000,3164504064,368164864,42778624,853737472
2026-04-26T16:29:31.929884,17002643456,14000308224,3002335232,17.7,13222952960,3168567296,368164864,42778624,853737472
2026-04-26T16:29:32.931154,17002643456,14000308224,3002335232,17.7,13222952960,3168567296,368164864,42778624,853737472
2026-04-26T16:29:33.932683,17002643456,14004092928,2998550528,17.6,13226737664,3168567296,368164864,42778624,853737472
2026-04-26T16:29:34.935186,17002643456,14007369728,2995273728,17.6,13230014464,3167928320,368164864,42778624,853737472
2026-04-26T16:29:35.940223,17002643456,14033649664,2968993792,17.5,13256294400,3143483392,368164864,42778624,853737472
2026-04-26T16:29:36.948373,17002643456,14027849728,2974793728,17.5,13250494464,3151101952,368164864,42778624,853737472
2026-04-26T16:29:37.956603,17002643456,13968556032,3034087424,17.8,13191200768,3233939456,368164864,42778624,853737472
2026-04-26T16:29:38.962856,17002643456,13906870272,3095773184,18.2,13129515008,3287072768,368164864,42778624,853737472
2026-04-26T16:29:39.969058,17002643456,13898481664,3104161792,18.3,13121126400,3260219392,368164864,42778624,853737472
2026-04-26T16:29:40.979011,17002643456,13855473664,3147169792,18.5,13078118400,3302064128,368164864,42778624,853737472
2026-04-26T16:29:41.983783,17002643456,13903986688,3098656768,18.2,13126631424,3239936000,368164864,42778624,853737472
2026-04-26T16:29:42.991309,17002643456,13944324096,3058319360,18.0,13166968832,3208118272,368164864,42778624,853737472
2026-04-26T16:29:43.996216,17002643456,13946552320,3056091136,18.0,13169197056,3208871936,368164864,42778624,853737472
2026-04-26T16:29:44.997839,17002643456,13965901824,3036741632,17.9,13188546560,3208724480,368164864,42778624,853737472
2026-04-26T16:29:45.999325,17002643456,13966540800,3036102656,17.9,13189185536,3208724480,368164864,42778624,853737472
2026-04-26T16:29:47.000784,17002643456,13968244736,3034398720,17.8,13190889472,3208724480,368164864,42778624,853737472
2026-04-26T16:29:48.002775,17002643456,13974011904,3028631552,17.8,13196656640,3208724480,368164864,42778624,853737472
2026-04-26T16:29:49.005876,17002643456,13981696000,3020947456,17.8,13204340736,3191685120,368164864,42778624,853737472
2026-04-26T16:29:50.008782,17002643456,13845282816,3157360640,18.6,13067927552,3300032512,368164864,42778624,853737472
2026-04-26T16:29:51.014113,17002643456,13801783296,3200860160,18.8,13024428032,3337977856,368164864,42778624,853737472
2026-04-26T16:29:52.019322,17002643456,13814824960,3187818496,18.7,13037469696,3276767232,368164864,42778624,853737472
2026-04-26T16:29:53.027731,17002643456,13966802944,3035840512,17.9,13189447680,3150348288,368164864,42778624,853737472
2026-04-26T16:29:54.034619,17002643456,13967802368,3034841088,17.8,13190447104,3162308608,368164864,42778624,853737472
2026-04-26T16:29:55.039940,17002643456,13947568128,3055075328,18.0,13170212864,3172335616,368164864,42778624,853737472
2026-04-26T16:29:56.046775,17002643456,13939212288,3063431168,18.0,13161857024,3188588544,368164864,42778624,853737472
2026-04-26T16:29:57.052814,17002643456,14026997760,2975645696,17.5,13249642496,3113615360,368164864,42778624,853737472
2026-04-26T16:29:58.055366,17002643456,14017167360,2985476096,17.6,13239812096,3142565888,368164864,42778624,853737472
2026-04-26T16:29:59.056832,17002643456,14017200128,2985443328,17.6,13239844864,3142565888,368164864,42778624,853737472
2026-04-26T16:30:00.058284,17002643456,14018871296,2983772160,17.5,13241516032,3142565888,368164864,42778624,853737472
2026-04-26T16:30:01.060528,17002643456,14025523200,2977120256,17.5,13248167936,3142565888,368164864,42778624,853737472
2026-04-26T16:30:02.066628,17002643456,14076411904,2926231552,17.2,13299056640,3092234240,368164864,42778624,853737472
2026-04-26T16:30:03.073213,17002643456,14078099456,2924544000,17.2,13300744192,3096510464,368164864,42778624,853737472
2026-04-26T16:30:04.078415,17002643456,14069071872,2933571584,17.3,13291716608,3122462720,368164864,42778624,853737472
2026-04-26T16:30:05.085319,17002643456,14068416512,2934226944,17.3,13291061248,3125854208,368164864,42778624,853737472
2026-04-26T16:30:06.095185,17002643456,14073708544,2928934912,17.2,13296353280,3120283648,368164864,42778624,853737472
2026-04-26T16:30:07.101199,17002643456,14070808576,2931834880,17.2,13293453312,3127672832,368164864,42778624,853737472
2026-04-26T16:30:08.120362,17002643456,13870514176,3132129280,18.4,13093158912,3270180864,368164864,42778624,853737472
2026-04-26T16:30:09.124093,17002643456,13891043328,3111600128,18.3,13113688064,3228483584,368164864,42778624,853737472
2026-04-26T16:30:10.127435,17002643456,14051377152,2951266304,17.4,13274021888,3057598464,368164864,42778624,853737472
2026-04-26T16:30:11.129090,17002643456,14051377152,2951266304,17.4,13274021888,3057598464,368164864,42778624,853737472
2026-04-26T16:30:12.130577,17002643456,14051639296,2951004160,17.4,13274284032,3057598464,368164864,42778624,853737472
2026-04-26T16:30:13.132044,17002643456,14055079936,2947563520,17.3,13277724672,3057598464,368164864,42778624,853737472
2026-04-26T16:30:14.133658,17002643456,14089551872,2913091584,17.1,13312196608,3031711744,368164864,42778624,853737472
2026-04-26T16:30:15.135873,17002643456,14081163264,2921480192,17.2,13303808000,3059417088,368164864,42778624,853737472
2026-04-26T16:30:16.140639,17002643456,14079885312,2922758144,17.2,13302530048,3068051456,368164864,42778624,853737472
2026-04-26T16:30:17.145871,17002643456,14065156096,2937487360,17.3,13287800832,3107045376,368164864,42778624,853737472
2026-04-26T16:30:18.151871,17002643456,14019674112,2982969344,17.5,13242318848,3178659840,368164864,42778624,853737472
2026-04-26T16:30:19.157250,17002643456,13937360896,3065282560,18.0,13160005632,3244441600,368164864,42778624,853737472
2026-04-26T16:30:20.164137,17002643456,13873954816,3128688640,18.4,13096599552,3293708288,368164864,42778624,853737472
2026-04-26T16:30:21.169325,17002643456,13867565056,3135078400,18.4,13090209792,3261792256,368164864,42778624,853737472
2026-04-26T16:30:22.176535,17002643456,13852082176,3150561280,18.5,13074726912,3255042048,368164864,42778624,853737472
2026-04-26T16:30:23.181240,17002643456,13839892480,3162750976,18.6,13062537216,3274473472,368164864,42778624,853737472
2026-04-26T16:30:24.183114,17002643456,13839892480,3162750976,18.6,13062537216,3274473472,368164864,42778624,853737472
2026-04-26T16:30:25.184614,17002643456,13841743872,3160899584,18.6,13064388608,3274473472,368164864,42778624,853737472
2026-04-26T16:30:26.186160,17002643456,13849542656,3153100800,18.5,13072187392,3274473472,368164864,42778624,853737472
2026-04-26T16:30:27.187742,17002643456,13858996224,3143647232,18.5,13081640960,3274473472,368164864,42778624,853737472
2026-04-26T16:30:28.189428,17002643456,13987561472,3015081984,17.7,13210206208,3148791808,368164864,42778624,853737472
2026-04-26T16:30:29.194849,17002643456,14092271616,2910371840,17.1,13314916352,3058106368,368164864,42778624,853737472
2026-04-26T16:30:30.196442,17002643456,14030536704,2972106752,17.5,13253181440,3164028928,368164864,42778624,853737472
2026-04-26T16:30:31.201410,17002643456,13932478464,3070164992,18.1,13155123200,3244572672,368164864,42778624,853737472
2026-04-26T16:30:32.214842,17002643456,13824589824,3178053632,18.7,13047234560,3323068416,368164864,42778624,853737472
2026-04-26T16:30:33.222271,17002643456,13698023424,3304620032,19.4,12920668160,3440197632,368164864,42778624,853737472
2026-04-26T16:30:34.225269,17002643456,13882884096,3119759360,18.3,13105528832,3238887424,368164864,42778624,853737472
2026-04-26T16:30:35.228961,17002643456,13964558336,3038085120,17.9,13187203072,3133718528,368164864,42778624,853737472
2026-04-26T16:30:36.231344,17002643456,13981089792,3021553664,17.8,13203734528,3108864000,368164864,42778624,853737472
2026-04-26T16:30:37.233497,17002643456,13988036608,3014606848,17.7,13210681344,3084009472,368164864,42778624,853737472
2026-04-26T16:30:38.234971,17002643456,13992771584,3009871872,17.7,13215416320,3084009472,368164864,42778624,853737472
2026-04-26T16:30:39.236410,17002643456,13999587328,3003056128,17.7,13222232064,3084009472,368164864,42778624,853737472
2026-04-26T16:30:40.238464,17002643456,14020788224,2981855232,17.5,13243432960,3084009472,368164864,42778624,853737472
2026-04-26T16:30:41.240372,17002643456,14093385728,2909257728,17.1,13316030464,3050635264,368164864,42778624,853737472
2026-04-26T16:30:42.244216,17002643456,14088896512,2913746944,17.1,13311541248,3059843072,368164864,42778624,853737472
2026-04-26T16:30:43.247215,17002643456,14090829824,2911813632,17.1,13313474560,3056762880,368164864,42778624,853737472
2026-04-26T16:30:44.253342,17002643456,14092419072,2910224384,17.1,13315063808,3056762880,368164864,42778624,853737472
2026-04-26T16:30:45.258214,17002643456,14056980480,2945662976,17.3,13279625216,3137273856,368164864,42778624,853737472
2026-04-26T16:30:46.267643,17002643456,14012989440,2989654016,17.6,13235634176,3174449152,368164864,42778624,853737472
2026-04-26T16:30:47.274166,17002643456,13917388800,3085254656,18.1,13140033536,3228434432,368164864,42778624,853737472
2026-04-26T16:30:48.279824,17002643456,14073528320,2929115136,17.2,13296173056,3094560768,368164864,42778624,853737472
2026-04-26T16:30:49.283752,17002643456,14041825280,2960818176,17.4,13264470016,3150135296,368164864,42778624,853737472
2026-04-26T16:30:50.284988,17002643456,14013317120,2989326336,17.6,13235961856,3150970880,368164864,42778624,853737472
2026-04-26T16:30:51.286479,17002643456,14013480960,2989162496,17.6,13236125696,3150970880,368164864,42778624,853737472
2026-04-26T16:30:52.287927,17002643456,14015152128,2987491328,17.6,13237796864,3150970880,368164864,42778624,853737472
2026-04-26T16:30:53.290090,17002643456,14022967296,2979676160,17.5,13245595648,3150970880,368164864,42778624,853753856
2026-04-26T16:30:54.291571,17002643456,14027161600,2975481856,17.5,13249789952,3147923456,368164864,42778624,853753856
2026-04-26T16:30:55.293256,17002643456,14029717504,2972925952,17.5,13252345856,3122921472,368164864,42778624,853753856
2026-04-26T16:30:56.298667,17002643456,14061928448,2940715008,17.3,13284556800,3098066944,368164864,42778624,853753856
2026-04-26T16:30:57.307071,17002643456,14020722688,2981920768,17.5,13243351040,3181330432,368164864,42778624,853753856
2026-04-26T16:30:58.316801,17002643456,13972062208,3030581248,17.8,13194690560,3234152448,368164864,42778624,853753856
2026-04-26T16:30:59.326962,17002643456,14014283776,2988359680,17.6,13236912128,3155689472,368164864,42778624,853753856
2026-04-26T16:31:00.331344,17002643456,13946208256,3056435200,18.0,13168836608,3239084032,368164864,42778624,853753856
2026-04-26T16:31:01.332877,17002643456,13903003648,3099639808,18.2,13125632000,3205464064,368164864,42778624,853753856
2026-04-26T16:31:02.334409,17002643456,13880983552,3121659904,18.4,13103611904,3222634496,368164864,42778624,853753856
2026-04-26T16:31:03.335836,17002643456,13881606144,3121037312,18.4,13104234496,3222634496,368164864,42778624,853753856
2026-04-26T16:31:04.337384,17002643456,13898121216,3104522240,18.3,13120749568,3222634496,368164864,42778624,853753856
2026-04-26T16:31:05.338907,17002643456,13903577088,3099066368,18.2,13126205440,3222634496,368164864,42778624,853753856
2026-04-26T16:31:06.340696,17002643456,13910835200,3091808256,18.2,13133463552,3222634496,368164864,42778624,853753856
2026-04-26T16:31:07.342433,17002643456,13938507776,3064135680,18.0,13161136128,3188064256,368164864,42778624,853753856
2026-04-26T16:31:08.346945,17002643456,13975093248,3027550208,17.8,13197721600,3163996160,368164864,42778624,853753856
2026-04-26T16:31:09.356824,17002643456,14001635328,3001008128,17.7,13224263680,3162308608,368164864,42778624,853753856
2026-04-26T16:31:10.363605,17002643456,13973897216,3028746240,17.8,13196525568,3213492224,368164864,42778624,853753856
2026-04-26T16:31:11.370945,17002643456,13913948160,3088695296,18.2,13136576512,3220455424,368164864,42778624,853753856
2026-04-26T16:31:12.380620,17002643456,13966311424,3036332032,17.9,13188939776,3189080064,368164864,42778624,853753856
2026-04-26T16:31:13.387871,17002643456,13920485376,3082158080,18.1,13143113728,3230220288,368164864,42778624,853753856
2026-04-26T16:31:14.393527,17002643456,14033190912,2969452544,17.5,13255819264,3123281920,368164864,42778624,853753856
2026-04-26T16:31:15.396409,17002643456,14013284352,2989359104,17.6,13235912704,3161784320,368164864,42778624,853753856
2026-04-26T16:31:16.397701,17002643456,14007156736,2995486720,17.6,13229785088,3150364672,368164864,42778624,853753856
2026-04-26T16:31:17.399213,17002643456,14007697408,2994946048,17.6,13230325760,3150364672,368164864,42778624,853753856
2026-04-26T16:31:18.400728,17002643456,14007451648,2995191808,17.6,13230080000,3150364672,368164864,42778624,853770240
2026-04-26T16:31:19.402716,17002643456,14011203584,2991439872,17.6,13233831936,3123429376,368164864,42778624,853770240
2026-04-26T16:31:20.405270,17002643456,14002208768,3000434688,17.6,13224837120,3150200832,368164864,42778624,853770240
2026-04-26T16:31:21.407103,17002643456,13953302528,3049340928,17.9,13175930880,3228450816,368164864,42778624,853770240
2026-04-26T16:31:22.415266,17002643456,13980483584,3022159872,17.8,13203111936,3138764800,368164864,42778624,853770240
2026-04-26T16:31:23.422557,17002643456,13983580160,3019063296,17.8,13206208512,3127541760,368164864,42778624,853770240
2026-04-26T16:31:24.431508,17002643456,13981614080,3021029376,17.8,13204242432,3150888960,368164864,42778624,853770240
2026-04-26T16:31:25.436964,17002643456,14005846016,2996797440,17.6,13228474368,3146547200,368164864,42778624,853770240
2026-04-26T16:31:26.440691,17002643456,13994442752,3008200704,17.7,13217071104,3168960512,368164864,42778624,853770240
2026-04-26T16:31:27.446593,17002643456,14038204416,2964439040,17.4,13260832768,3118219264,368164864,42778624,853770240
2026-04-26T16:31:28.448977,17002643456,14039629824,2963013632,17.4,13262258176,3122282496,368164864,42778624,853770240
2026-04-26T16:31:29.450094,17002643456,14042677248,2959966208,17.4,13265305600,3122282496,368164864,42778624,853770240
2026-04-26T16:31:30.451551,17002643456,14048051200,2954592256,17.4,13270679552,3122282496,368164864,42778624,853770240
2026-04-26T16:31:31.453023,17002643456,14049067008,2953576448,17.4,13271695360,3122282496,368164864,42778624,853770240
2026-04-26T16:31:32.454893,17002643456,14081425408,2921218048,17.2,13304053760,3092873216,368164864,42778624,853770240
2026-04-26T16:31:33.458331,17002643456,14087766016,2914877440,17.1,13310394368,3092873216,368164864,42778624,853770240
2026-04-26T16:31:34.465320,17002643456,14034190336,2968453120,17.5,13256818688,3142615040,368164864,42778624,853770240
2026-04-26T16:31:35.468442,17002643456,13987184640,3015458816,17.7,13209812992,3162046464,368164864,42778624,853770240
2026-04-26T16:31:36.484143,17002643456,13962936320,3039707136,17.9,13185564672,3206873088,368164864,42778624,853770240
2026-04-26T16:31:37.494248,17002643456,13953449984,3049193472,17.9,13176078336,3217080320,368164864,42778624,853770240
2026-04-26T16:31:38.500101,17002643456,13869727744,3132915712,18.4,13092356096,3285172224,368164864,42778624,853770240
2026-04-26T16:31:39.506280,17002643456,13852999680,3149643776,18.5,13075628032,3273179136,368164864,42778624,853770240
2026-04-26T16:31:40.512484,17002643456,13918830592,3083812864,18.1,13141458944,3210280960,368164864,42778624,853770240
2026-04-26T16:31:41.517330,17002643456,13887733760,3114909696,18.3,13110362112,3225698304,368164864,42778624,853770240
2026-04-26T16:31:42.518416,17002643456,13889290240,3113353216,18.3,13111918592,3225698304,368164864,42778624,853770240
2026-04-26T16:31:43.519922,17002643456,13895532544,3107110912,18.3,13118160896,3225698304,368164864,42778624,853770240
2026-04-26T16:31:44.521454,17002643456,13897285632,3105357824,18.3,13119913984,3225698304,368164864,42778624,853770240
2026-04-26T16:31:45.523598,17002643456,13897973760,3104669696,18.3,13120602112,3226714112,368164864,42778624,853770240
2026-04-26T16:31:46.526569,17002643456,13913554944,3089088512,18.2,13136183296,3223683072,368164864,42778624,853770240
2026-04-26T16:31:47.535173,17002643456,13973602304,3029041152,17.8,13196230656,3173793792,368164864,42778624,853770240
2026-04-26T16:31:48.540406,17002643456,13874561024,3128082432,18.4,13097189376,3283648512,368164864,42778624,853770240
2026-04-26T16:31:49.545370,17002643456,13854162944,3148480512,18.5,13076791296,3296854016,368164864,42778624,853770240
2026-04-26T16:31:50.552762,17002643456,13882408960,3120234496,18.4,13105037312,3227877376,368164864,42778624,853770240
2026-04-26T16:31:51.557476,17002643456,13894828032,3107815424,18.3,13117456384,3229188096,368164864,42778624,853770240
2026-04-26T16:31:52.566251,17002643456,13912834048,3089809408,18.2,13135462400,3203334144,368164864,42778624,853770240
2026-04-26T16:31:53.572240,17002643456,13903282176,3099361280,18.2,13125910528,3242950656,368164864,42778624,853770240
2026-04-26T16:31:54.573757,17002643456,13891731456,3110912000,18.3,13114359808,3282567168,368164864,42778624,853770240
2026-04-26T16:31:55.574843,17002643456,13891731456,3110912000,18.3,13114359808,3282567168,368164864,42778624,853770240
2026-04-26T16:31:56.576284,17002643456,13891731456,3110912000,18.3,13114359808,3282567168,368164864,42778624,853770240
2026-04-26T16:31:57.577715,17002643456,13891731456,3110912000,18.3,13114359808,3282567168,368164864,42778624,853770240
2026-04-26T16:31:58.581970,17002643456,13903413248,3099230208,18.2,13126041600,3257057280,368164864,42778624,853770240
2026-04-26T16:31:59.584353,17002643456,13893091328,3109552128,18.3,13115719680,3283468288,368164864,42778624,853770240
2026-04-26T16:32:00.587945,17002643456,14041366528,2961276928,17.4,13263994880,3131539456,368164864,42778624,853770240
2026-04-26T16:32:01.594055,17002643456,14070530048,2932113408,17.2,13293158400,3103047680,368164864,42778624,853770240
2026-04-26T16:32:02.599554,17002643456,14072070144,2930573312,17.2,13294698496,3103047680,368164864,42778624,853770240
2026-04-26T16:32:03.605871,17002643456,14076542976,2926100480,17.2,13299171328,3105849344,368164864,42778624,853770240
2026-04-26T16:32:04.609709,17002643456,14082441216,2920202240,17.2,13305069568,3104210944,368164864,42778624,853770240
2026-04-26T16:32:05.614137,17002643456,14078263296,2924380160,17.2,13300891648,3114041344,368164864,42778624,853770240
2026-04-26T16:32:06.618015,17002643456,14043119616,2959523840,17.4,13265747968,3156885504,368164864,42778624,853770240
2026-04-26T16:32:07.620647,17002643456,14028619776,2974023680,17.5,13251248128,3166535680,368164864,42778624,853770240
2026-04-26T16:32:08.621720,17002643456,14028619776,2974023680,17.5,13251248128,3166535680,368164864,42778624,853770240
2026-04-26T16:32:09.623171,17002643456,14030340096,2972303360,17.5,13252968448,3166535680,368164864,42778624,853770240
2026-04-26T16:32:10.624624,17002643456,14032060416,2970583040,17.5,13254688768,3166535680,368164864,42778624,853770240
2026-04-26T16:32:11.627568,17002643456,14033895424,2968748032,17.5,13256523776,3166535680,368164864,42778624,853770240
2026-04-26T16:32:12.631026,17002643456,13937213440,3065430016,18.0,13159841792,3251470336,368164864,42778624,853770240
2026-04-26T16:32:13.637200,17002643456,13826129920,3176513536,18.7,13048758272,3302752256,368164864,42778624,853770240
2026-04-26T16:32:14.641007,17002643456,13844430848,3158212608,18.6,13067059200,3271131136,368164864,42778624,853770240
2026-04-26T16:32:15.645707,17002643456,13817151488,3185491968,18.7,13039779840,3345301504,368164864,42778624,853770240
2026-04-26T16:32:16.650916,17002643456,13801668608,3200974848,18.8,13024296960,3370188800,368164864,42778624,853770240
2026-04-26T16:32:17.654917,17002643456,13881622528,3121020928,18.4,13104250880,3244081152,368164864,42778624,853770240
2026-04-26T16:32:18.657300,17002643456,13872775168,3129868288,18.4,13095403520,3269394432,368164864,42778624,853770240
2026-04-26T16:32:19.667011,17002643456,13870678016,3131965440,18.4,13093306368,3270066176,368164864,42778624,853770240
2026-04-26T16:32:20.668151,17002643456,13855358976,3147284480,18.5,13077987328,3291840512,368164864,42778624,853770240
2026-04-26T16:32:21.669234,17002643456,13855358976,3147284480,18.5,13077987328,3291840512,368164864,42778624,853770240
2026-04-26T16:32:22.670702,17002643456,13856948224,3145695232,18.5,13079576576,3291840512,368164864,42778624,853770240
2026-04-26T16:32:23.672204,17002643456,13863174144,3139469312,18.5,13085802496,3291840512,368164864,42778624,853770240
2026-04-26T16:32:24.674621,17002643456,13866909696,3135733760,18.4,13089538048,3291840512,368164864,42778624,853770240
2026-04-26T16:32:25.676328,17002643456,13899071488,3103571968,18.3,13121699840,3263660032,368164864,42778624,853770240
2026-04-26T16:32:26.683066,17002643456,13975142400,3027501056,17.8,13197770752,3215114240,368164864,42778624,853770240
2026-04-26T16:32:27.687347,17002643456,13793034240,3209609216,18.9,13015662592,3342172160,368164864,42778624,853770240
2026-04-26T16:32:28.693643,17002643456,13786890240,3215753216,18.9,13009518592,3355885568,368164864,42778624,853770240
2026-04-26T16:32:29.698442,17002643456,13853589504,3149053952,18.5,13076217856,3275046912,368164864,42778624,853770240
2026-04-26T16:32:30.707728,17002643456,13846265856,3156377600,18.6,13068894208,3299966976,368164864,42778624,853770240
2026-04-26T16:32:31.711792,17002643456,13807321088,3195322368,18.8,13029949440,3365994496,368164864,42778624,853770240
2026-04-26T16:32:32.716592,17002643456,13773406208,3229237248,19.0,12996034560,3397287936,368164864,42778624,853770240
2026-04-26T16:32:33.718788,17002643456,13765050368,3237593088,19.0,12987678720,3373907968,368164864,42778624,853770240
2026-04-26T16:32:34.719900,17002643456,13765050368,3237593088,19.0,12987678720,3373907968,368164864,42778624,853770240
2026-04-26T16:32:35.721348,17002643456,13766524928,3236118528,19.0,12989153280,3373907968,368164864,42778624,853770240
2026-04-26T16:32:36.722812,17002643456,13766901760,3235741696,19.0,12989530112,3373907968,368164864,42778624,853770240
2026-04-26T16:32:37.724794,17002643456,13774913536,3227729920,19.0,12997541888,3347824640,368164864,42778624,853770240
2026-04-26T16:32:38.731206,17002643456,13776273408,3226370048,19.0,12998901760,3353018368,368164864,42778624,853770240
2026-04-26T16:32:39.734523,17002643456,13885931520,3116711936,18.3,13108559872,3234299904,368164864,42778624,853770240
2026-04-26T16:32:40.738193,17002643456,13922172928,3080470528,18.1,13144801280,3205513216,368164864,42778624,853770240
2026-04-26T16:32:41.742298,17002643456,13931872256,3070771200,18.1,13154500608,3207544832,368164864,42778624,853770240
2026-04-26T16:32:42.748511,17002643456,14037417984,2965225472,17.4,13260046336,3115335680,368164864,42778624,853770240
2026-04-26T16:32:43.757266,17002643456,14006075392,2996568064,17.6,13228703744,3192422400,368164864,42778624,853770240
2026-04-26T16:32:44.763287,17002643456,13986840576,3015802880,17.7,13209468928,3196633088,368164864,42778624,853770240
2026-04-26T16:32:45.766515,17002643456,14093238272,2909405184,17.1,13315866624,3080650752,368164864,42778624,853770240
2026-04-26T16:32:46.767683,17002643456,14056423424,2946220032,17.3,13279051776,3127214080,368164864,42778624,853770240
2026-04-26T16:32:47.768748,17002643456,14056423424,2946220032,17.3,13279051776,3127214080,368164864,42778624,853770240
2026-04-26T16:32:48.770202,17002643456,14058405888,2944237568,17.3,13281034240,3127214080,368164864,42778624,853770240
2026-04-26T16:32:49.771642,17002643456,14060535808,2942107648,17.3,13283164160,3127214080,368164864,42778624,853770240
2026-04-26T16:32:50.773161,17002643456,14085062656,2917580800,17.2,13307691008,3105341440,368164864,42778624,853770240
2026-04-26T16:32:51.775536,17002643456,14079426560,2923216896,17.2,13302054912,3102588928,368164864,42778624,853770240
2026-04-26T16:32:52.778986,17002643456,14069596160,2933047296,17.3,13292224512,3122200576,368164864,42778624,853770240
2026-04-26T16:32:53.782484,17002643456,14054719488,2947923968,17.3,13277347840,3129786368,368164864,42778624,853770240
2026-04-26T16:32:54.789185,17002643456,14078738432,2923905024,17.2,13301366784,3103670272,368164864,42778624,853770240
2026-04-26T16:32:55.794619,17002643456,14078853120,2923790336,17.2,13301481472,3106717696,368164864,42778624,853770240
2026-04-26T16:32:56.800735,17002643456,14012989440,2989654016,17.6,13235617792,3186556928,368164864,42778624,853770240
2026-04-26T16:32:57.803898,17002643456,13938524160,3064119296,18.0,13161152512,3239903232,368164864,42778624,853770240
2026-04-26T16:32:58.808699,17002643456,13977567232,3025076224,17.8,13200195584,3196862464,368164864,42778624,853770240
2026-04-26T16:32:59.810241,17002643456,13966262272,3036381184,17.9,13188890624,3221749760,368164864,42778624,853770240
2026-04-26T16:33:00.811313,17002643456,13967392768,3035250688,17.9,13190021120,3221749760,368164864,42778624,853770240
2026-04-26T16:33:01.812754,17002643456,13969178624,3033464832,17.8,13191806976,3221749760,368164864,42778624,853770240
2026-04-26T16:33:02.814205,17002643456,13970784256,3031859200,17.8,13193412608,3221749760,368164864,42778624,853770240
2026-04-26T16:33:03.816586,17002643456,13753778176,3248865280,19.1,12976406528,3409461248,368164864,42778624,853770240
2026-04-26T16:33:04.818373,17002643456,13797556224,3205087232,18.9,13020184576,3274145792,368164864,42778624,853770240
2026-04-26T16:33:05.822837,17002643456,13815021568,3187621888,18.7,13037649920,3236298752,368164864,42778624,853770240
2026-04-26T16:33:06.827054,17002643456,13832732672,3169910784,18.6,13055361024,3284893696,368164864,42778624,853770240
2026-04-26T16:33:07.832748,17002643456,13831258112,3171385344,18.7,13053886464,3312828416,368164864,42778624,853770240
2026-04-26T16:33:08.838195,17002643456,13915340800,3087302656,18.2,13137969152,3230023680,368164864,42778624,853770240
2026-04-26T16:33:09.842315,17002643456,13918257152,3084386304,18.1,13140885504,3238592512,368164864,42778624,853770240
2026-04-26T16:33:10.847180,17002643456,13925875712,3076767744,18.1,13148504064,3209461760,368164864,42778624,853770240
2026-04-26T16:33:11.849905,17002643456,14025932800,2976710656,17.5,13248561152,3133456384,368164864,42778624,853770240
2026-04-26T16:33:12.852512,17002643456,14029373440,2973270016,17.5,13252001792,3133456384,368164864,42778624,853770240
2026-04-26T16:33:13.853629,17002643456,14035042304,2967601152,17.5,13257670656,3133456384,368164864,42778624,853770240
2026-04-26T16:33:14.855161,17002643456,14039269376,2963374080,17.4,13261897728,3133456384,368164864,42778624,853770240
2026-04-26T16:33:15.856659,17002643456,14042710016,2959933440,17.4,13265338368,3133456384,368164864,42778624,853770240
2026-04-26T16:33:16.858878,17002643456,14061633536,2941009920,17.3,13284261888,3108323328,368164864,42778624,853770240
2026-04-26T16:33:17.861655,17002643456,14080524288,2922119168,17.2,13303152640,3107684352,368164864,42778624,853770240
2026-04-26T16:33:18.867208,17002643456,14104936448,2897707008,17.0,13327564800,3091775488,368164864,42778624,853770240
2026-04-26T16:33:19.871148,17002643456,14003224576,2999418880,17.6,13225852928,3166666752,368164864,42778624,853770240
2026-04-26T16:33:20.873289,17002643456,13890387968,3112255488,18.3,13113016320,3261792256,368164864,42778624,853770240
2026-04-26T16:33:21.877405,17002643456,13836353536,3166289920,18.6,13058981888,3309060096,368164864,42778624,853770240
2026-04-26T16:33:22.884387,17002643456,13945536512,3057106944,18.0,13168164864,3202236416,368164864,42778624,853770240
2026-04-26T16:33:23.892540,17002643456,13913456640,3089186816,18.2,13136084992,3222093824,368164864,42778624,853770240
2026-04-26T16:33:24.895174,17002643456,13820559360,3182084096,18.7,13043187712,3336126464,368164864,42778624,853770240
2026-04-26T16:33:25.896872,17002643456,13846216704,3156426752,18.6,13068845056,3311353856,368164864,42778624,853770240
2026-04-26T16:33:26.898012,17002643456,13846216704,3156426752,18.6,13068845056,3311353856,368164864,42778624,853770240
2026-04-26T16:33:27.899513,17002643456,13846216704,3156426752,18.6,13068845056,3311353856,368164864,42778624,853770240
2026-04-26T16:33:28.901009,17002643456,13847937024,3154706432,18.6,13070565376,3311353856,368164864,42778624,853770240
2026-04-26T16:33:29.903041,17002643456,13869154304,3133489152,18.4,13091782656,3285762048,368164864,42778624,853770240
2026-04-26T16:33:30.905427,17002643456,13923975168,3078668288,18.1,13146603520,3233595392,368164864,42778624,853770240
2026-04-26T16:33:31.912697,17002643456,13896204288,3106439168,18.3,13118832640,3291512832,368164864,42778624,853770240
2026-04-26T16:33:32.920487,17002643456,13947502592,3055140864,18.0,13170130944,3188457472,368164864,42778624,853770240
2026-04-26T16:33:33.926754,17002643456,13944258560,3058384896,18.0,13166886912,3212328960,368164864,42778624,853770240
2026-04-26T16:33:34.935389,17002643456,13939589120,3063054336,18.0,13162217472,3220045824,368164864,42778624,853770240
2026-04-26T16:33:35.939181,17002643456,13868072960,3134570496,18.4,13090701312,3309699072,368164864,42778624,853770240
2026-04-26T16:33:36.945486,17002643456,13822115840,3180527616,18.7,13044744192,3349528576,368164864,42778624,853770240
2026-04-26T16:33:37.949631,17002643456,13857226752,3145416704,18.5,13079855104,3274375168,368164864,42778624,853770240
2026-04-26T16:33:38.951009,17002643456,13862174720,3140468736,18.5,13084803072,3277586432,368164864,42778624,853770240
2026-04-26T16:33:39.952142,17002643456,13862862848,3139780608,18.5,13085491200,3277586432,368164864,42778624,853770240
2026-04-26T16:33:40.953644,17002643456,13864583168,3138060288,18.5,13087211520,3277586432,368164864,42778624,853770240
2026-04-26T16:33:41.955167,17002643456,13868580864,3134062592,18.4,13091209216,3277586432,368164864,42778624,853770240
2026-04-26T16:33:42.957572,17002643456,13869006848,3133636608,18.4,13091635200,3292823552,368164864,42778624,853770240
2026-04-26T16:33:43.961050,17002643456,13872807936,3129835520,18.4,13095436288,3305095168,368164864,42778624,853770240
2026-04-26T16:33:44.967239,17002643456,13874774016,3127869440,18.4,13097402368,3316547584,368164864,42778624,853770240
2026-04-26T16:33:45.971505,17002643456,13917650944,3084992512,18.1,13140279296,3248766976,368164864,42778624,853770240
2026-04-26T16:33:46.977625,17002643456,13900365824,3102277632,18.2,13122994176,3248209920,368164864,42778624,853770240
2026-04-26T16:33:47.990906,17002643456,13904494592,3098148864,18.2,13127122944,3265249280,368164864,42778624,853770240
2026-04-26T16:33:48.994160,17002643456,13755072512,3247570944,19.1,12977700864,3400974336,368164864,42778624,853770240
2026-04-26T16:33:49.999791,17002643456,13803831296,3198812160,18.8,13026459648,3337912320,368164864,42778624,853770240
2026-04-26T16:33:51.003852,17002643456,13800144896,3202498560,18.8,13022773248,3291283456,368164864,42778624,853770240
2026-04-26T16:33:52.005355,17002643456,13788921856,3213721600,18.9,13011550208,3293954048,368164864,42778624,853770240
2026-04-26T16:33:53.006529,17002643456,13794099200,3208544256,18.9,13016727552,3293954048,368164864,42778624,853770240
2026-04-26T16:33:54.008089,17002643456,13803225088,3199418368,18.8,13025853440,3293954048,368164864,42778624,853770240
2026-04-26T16:33:55.022954,17002643456,13815037952,3187605504,18.7,13037666304,3293954048,368164864,42778624,853770240
2026-04-26T16:33:56.031340,17002643456,13822312448,3180331008,18.7,13044940800,3291004928,368164864,42778624,853770240
2026-04-26T16:33:57.052615,17002643456,13823279104,3179364352,18.7,13045907456,3292463104,368164864,42778624,853770240
2026-04-26T16:33:58.084373,17002643456,13824114688,3178528768,18.7,13046743040,3323936768,368164864,42778624,853770240
2026-04-26T16:33:59.122092,17002643456,13819887616,3182755840,18.7,13042515968,3366420480,368164864,42778624,853770240
2026-04-26T16:34:00.157094,17002643456,13888012288,3114631168,18.3,13110640640,3292594176,368164864,42778624,853770240
2026-04-26T16:34:01.191420,17002643456,13901824000,3100819456,18.2,13124452352,3278864384,368164864,42778624,853770240
2026-04-26T16:34:02.201205,17002643456,13943275520,3059367936,18.0,13165903872,3236052992,368164864,42778624,853770240
2026-04-26T16:34:03.209687,17002643456,13929775104,3072868352,18.1,13152403456,3256369152,368164864,42778624,853770240
2026-04-26T16:34:04.212465,17002643456,13918224384,3084419072,18.1,13140852736,3281256448,368164864,42778624,853770240
2026-04-26T16:34:05.214130,17002643456,13918224384,3084419072,18.1,13140852736,3281256448,368164864,42778624,853770240
2026-04-26T16:34:06.215380,17002643456,13918732288,3083911168,18.1,13141360640,3281256448,368164864,42778624,853770240
2026-04-26T16:34:07.216861,17002643456,13921157120,3081486336,18.1,13143785472,3281256448,368164864,42778624,853770240
2026-04-26T16:34:08.218942,17002643456,13927038976,3075604480,18.1,13149667328,3281256448,368164864,42778624,853770240
2026-04-26T16:34:09.223473,17002643456,13831077888,3171565568,18.7,13053706240,3348152320,368164864,42778624,853770240
2026-04-26T16:34:10.235031,17002643456,13833289728,3169353728,18.6,13055918080,3348152320,368164864,42778624,853770240
2026-04-26T16:34:11.238242,17002643456,13874593792,3128049664,18.4,13097222144,3306618880,368164864,42778624,853770240
2026-04-26T16:34:12.244877,17002643456,13891371008,3111272448,18.3,13113999360,3277946880,368164864,42778624,853770240
2026-04-26T16:34:13.248918,17002643456,13888716800,3113926656,18.3,13111345152,3285811200,368164864,42778624,853770240
2026-04-26T16:34:14.253927,17002643456,13880197120,3122446336,18.4,13102825472,3312156672,368164864,42778624,853770240
2026-04-26T16:34:15.258897,17002643456,13867417600,3135225856,18.4,13090045952,3331457024,368164864,42778624,853770240
2026-04-26T16:34:16.265593,17002643456,13945274368,3057369088,18.0,13167902720,3246407680,368164864,42778624,853770240
2026-04-26T16:34:17.268093,17002643456,14041169920,2961473536,17.4,13263798272,3152822272,368164864,42778624,853770240
2026-04-26T16:34:18.270108,17002643456,14039449600,2963193856,17.4,13262077952,3157770240,368164864,42778624,853770240
2026-04-26T16:34:19.271367,17002643456,14041743360,2960900096,17.4,13264371712,3157770240,368164864,42778624,853770240
2026-04-26T16:34:20.272869,17002643456,14041513984,2961129472,17.4,13264125952,3157770240,368164864,42778624,853786624
2026-04-26T16:34:21.276839,17002643456,14066417664,2936225792,17.3,13289029632,3131867136,368164864,42778624,853786624
2026-04-26T16:34:22.282216,17002643456,14040612864,2962030592,17.4,13263224832,3158278144,368164864,42778624,853786624
2026-04-26T16:34:23.289310,17002643456,14055538688,2947104768,17.3,13278150656,3132456960,368164864,42778624,853786624
2026-04-26T16:34:24.295799,17002643456,14056357888,2946285568,17.3,13278953472,3137486848,368181248,42795008,853786624
2026-04-26T16:34:25.303734,17002643456,13956300800,3046342656,17.9,13178896384,3221340160,368181248,42795008,853786624
2026-04-26T16:34:26.310588,17002643456,13857619968,3145023488,18.5,13080215552,3302637568,368181248,42795008,853786624
2026-04-26T16:34:27.325989,17002643456,13821722624,3180920832,18.7,13044318208,3327524864,368181248,42795008,853786624
2026-04-26T16:34:28.331645,17002643456,13849395200,3153248256,18.5,13071990784,3289595904,368181248,42795008,853786624
2026-04-26T16:34:29.339621,17002643456,13797769216,3204874240,18.8,13020364800,3315204096,368181248,42795008,853786624
2026-04-26T16:34:30.341173,17002643456,13850968064,3151675392,18.5,13073563648,3242819584,368181248,42795008,853786624
2026-04-26T16:34:31.343013,17002643456,13851279360,3151364096,18.5,13073874944,3218898944,368181248,42795008,853786624
2026-04-26T16:34:32.344246,17002643456,13855490048,3147153408,18.5,13078085632,3218898944,368181248,42795008,853786624
2026-04-26T16:34:33.345749,17002643456,13863632896,3139010560,18.5,13086228480,3218898944,368181248,42795008,853786624
2026-04-26T16:34:34.347568,17002643456,13878247424,3124396032,18.4,13100843008,3218898944,368181248,42795008,853786624
2026-04-26T16:34:35.350616,17002643456,13942407168,3060236288,18.0,13165002752,3188080640,368181248,42795008,853786624
2026-04-26T16:34:36.357572,17002643456,13969899520,3032743936,17.8,13192495104,3174563840,368181248,42795008,853786624
2026-04-26T16:34:37.361965,17002643456,14032961536,2969681920,17.5,13255557120,3127754752,368181248,42795008,853786624
2026-04-26T16:34:38.372588,17002643456,13951320064,3051323392,17.9,13173915648,3222667264,368181248,42795008,853786624
2026-04-26T16:34:39.379656,17002643456,13881524224,3121119232,18.4,13104119808,3294887936,368181248,42795008,853786624
2026-04-26T16:34:40.385746,17002643456,13777567744,3225075712,19.0,13000163328,3384885248,368181248,42795008,853786624
2026-04-26T16:34:41.390666,17002643456,13824360448,3178283008,18.7,13046956032,3243311104,368181248,42795008,853786624
2026-04-26T16:34:42.395000,17002643456,13922091008,3080552448,18.1,13144686592,3147186176,368181248,42795008,853786624
2026-04-26T16:34:43.398914,17002643456,13923663872,3078979584,18.1,13146259456,3164012544,368181248,42795008,853786624
2026-04-26T16:34:44.400593,17002643456,13933248512,3069394944,18.1,13155844096,3150938112,368181248,42795008,853786624
2026-04-26T16:34:45.401831,17002643456,13935607808,3067035648,18.0,13158203392,3150938112,368181248,42795008,853786624
2026-04-26T16:34:46.403292,17002643456,13937328128,3065315328,18.0,13159923712,3150938112,368181248,42795008,853786624
2026-04-26T16:34:47.406305,17002643456,13945372672,3057270784,18.0,13167968256,3150938112,368181248,42795008,853786624
2026-04-26T16:34:48.408552,17002643456,14017347584,2985295872,17.6,13239943168,3131211776,368181248,42795008,853786624
2026-04-26T16:34:49.411425,17002643456,14019575808,2983067648,17.5,13242171392,3102785536,368181248,42795008,853786624
2026-04-26T16:34:50.414569,17002643456,14004830208,2997813248,17.6,13227425792,3146448896,368181248,42795008,853786624
2026-04-26T16:34:51.418351,17002643456,14004846592,2997796864,17.6,13227442176,3147972608,368181248,42795008,853786624
2026-04-26T16:34:52.426560,17002643456,14020345856,2982297600,17.5,13242941440,3152183296,368181248,42795008,853786624
2026-04-26T16:34:53.436950,17002643456,14037204992,2965438464,17.4,13259800576,3148922880,368181248,42795008,853786624
2026-04-26T16:34:54.443906,17002643456,14117584896,2885058560,17.0,13340180480,3068035072,368181248,42795008,853786624
2026-04-26T16:34:55.447064,17002643456,14058340352,2944303104,17.3,13280935936,3123757056,368181248,42795008,853786624
2026-04-26T16:34:56.457560,17002643456,13995671552,3006971904,17.7,13218267136,3177594880,368181248,42795008,853786624
2026-04-26T16:34:57.459581,17002643456,14036647936,2965995520,17.4,13259243520,3129458688,368181248,42795008,853786624
2026-04-26T16:34:58.461071,17002643456,14037090304,2965553152,17.4,13259685888,3129458688,368181248,42795008,853786624
2026-04-26T16:34:59.462555,17002643456,14043086848,2959556608,17.4,13265682432,3129458688,368181248,42795008,853786624
2026-04-26T16:35:00.464353,17002643456,14054555648,2948087808,17.3,13277151232,3101835264,368181248,42795008,853786624
2026-04-26T16:35:01.469914,17002643456,14056980480,2945662976,17.3,13279576064,3102851072,368181248,42795008,853786624
2026-04-26T16:35:02.474874,17002643456,14059323392,2943320064,17.3,13281918976,3110977536,368181248,42795008,853786624
2026-04-26T16:35:03.484489,17002643456,14009270272,2993373184,17.6,13232111616,3166388224,368181248,42795008,853786624
2026-04-26T16:35:04.491660,17002643456,13981941760,3020701696,17.8,13204537344,3157508096,368181248,42795008,853786624
2026-04-26T16:35:05.497430,17002643456,14038974464,2963668992,17.4,13261570048,3110469632,368181248,42795008,853786624
2026-04-26T16:35:06.505034,17002643456,13983481856,3019161600,17.8,13206077440,3191406592,368181248,42795008,853786624
2026-04-26T16:35:07.510827,17002643456,13827915776,3174727680,18.7,13050511360,3316236288,368181248,42795008,853786624
2026-04-26T16:35:08.517941,17002643456,13680459776,3322183680,19.5,12903055360,3417554944,368181248,42795008,853786624
2026-04-26T16:35:09.522598,17002643456,13769883648,3232759808,19.0,12992479232,3310436352,368181248,42795008,853786624
2026-04-26T16:35:10.523786,17002643456,13770539008,3232104448,19.0,12993134592,3314499584,368181248,42795008,853786624
2026-04-26T16:35:11.525267,17002643456,13770539008,3232104448,19.0,12993134592,3314499584,368181248,42795008,853786624
2026-04-26T16:35:12.526725,17002643456,13779058688,3223584768,19.0,13001654272,3314499584,368181248,42795008,853786624
2026-04-26T16:35:13.529027,17002643456,13820952576,3181690880,18.7,13043548160,3286695936,368181248,42795008,853786624
2026-04-26T16:35:14.531253,17002643456,13825916928,3176726528,18.7,13048512512,3287203840,368181248,42795008,853786624
2026-04-26T16:35:15.534764,17002643456,13913096192,3089547264,18.2,13135691776,3201449984,368181248,42795008,853786624
2026-04-26T16:35:16.542119,17002643456,13957971968,3044671488,17.9,13180567552,3173171200,368181248,42795008,853786624
2026-04-26T16:35:17.546985,17002643456,14067875840,2934767616,17.3,13290471424,3081289728,368181248,42795008,853786624
2026-04-26T16:35:18.552629,17002643456,14066335744,2936307712,17.3,13288931328,3097542656,368181248,42795008,853786624
2026-04-26T16:35:19.556739,17002643456,14036844544,2965798912,17.4,13259440128,3158147072,368181248,42795008,853786624
2026-04-26T16:35:20.561326,17002643456,13914701824,3087941632,18.2,13137297408,3274424320,368181248,42795008,853786624
2026-04-26T16:35:21.577062,17002643456,13787643904,3214999552,18.9,13010239488,3393126400,368181248,42795008,853786624
2026-04-26T16:35:22.584013,17002643456,13796671488,3205971968,18.9,13019267072,3271999488,368181248,42795008,853786624
2026-04-26T16:35:23.586107,17002643456,13795688448,3206955008,18.9,13018284032,3271999488,368181248,42795008,853786624
2026-04-26T16:35:24.587602,17002643456,13801209856,3201433600,18.8,13023805440,3271999488,368181248,42795008,853786624
2026-04-26T16:35:25.589052,17002643456,13811728384,3190915072,18.8,13034323968,3271999488,368181248,42795008,853786624
2026-04-26T16:35:26.590941,17002643456,13821378560,3181264896,18.7,13043974144,3247144960,368181248,42795008,853786624
2026-04-26T16:35:27.593526,17002643456,13843562496,3159080960,18.6,13066158080,3247144960,368181248,42795008,853786624
2026-04-26T16:35:28.598138,17002643456,13978828800,3023814656,17.8,13201424384,3158261760,368181248,42795008,853786624
2026-04-26T16:35:29.602805,17002643456,13998309376,3004334080,17.7,13220904960,3129819136,368181248,42795008,853786624
2026-04-26T16:35:30.612078,17002643456,13999685632,3002957824,17.7,13222281216,3129819136,368181248,42795008,853786624
2026-04-26T16:35:31.618995,17002643456,14003552256,2999091200,17.6,13226147840,3136929792,368181248,42795008,853786624
2026-04-26T16:35:32.627302,17002643456,13991280640,3011362816,17.7,13213876224,3192963072,368181248,42795008,853786624
2026-04-26T16:35:33.633778,17002643456,13923696640,3078946816,18.1,13146292224,3279994880,368181248,42795008,853786624
2026-04-26T16:35:34.637696,17002643456,13831045120,3171598336,18.7,13053640704,3326541824,368181248,42795008,853786624
2026-04-26T16:35:35.642671,17002643456,13895974912,3106668544,18.3,13118570496,3218456576,368181248,42795008,853786624
2026-04-26T16:35:36.643970,17002643456,13897662464,3104980992,18.3,13120258048,3218685952,368181248,42795008,853786624
2026-04-26T16:35:37.645185,17002643456,13902036992,3100606464,18.2,13124632576,3218685952,368181248,42795008,853786624
2026-04-26T16:35:38.646646,17002643456,13906526208,3096117248,18.2,13129121792,3218685952,368181248,42795008,853786624
2026-04-26T16:35:39.648169,17002643456,14001537024,3001106432,17.7,13224132608,3113238528,368181248,42795008,853786624
2026-04-26T16:35:40.651013,17002643456,13995884544,3006758912,17.7,13218480128,3137306624,368181248,42795008,853786624
2026-04-26T16:35:41.654115,17002643456,13996277760,3006365696,17.7,13218873344,3138224128,368181248,42795008,853786624
2026-04-26T16:35:42.656584,17002643456,14019166208,2983477248,17.5,13241761792,3131359232,368181248,42795008,853786624
2026-04-26T16:35:43.663954,17002643456,14008205312,2994438144,17.6,13230800896,3150757888,368181248,42795008,853786624
2026-04-26T16:35:44.666385,17002643456,13907689472,3094953984,18.2,13130285056,3251142656,368181248,42795008,853786624
2026-04-26T16:35:45.675733,17002643456,13804961792,3197681664,18.8,13027557376,3337404416,368181248,42795008,853786624
2026-04-26T16:35:46.680875,17002643456,13782548480,3220094976,18.9,13005144064,3321495552,368181248,42795008,853786624
2026-04-26T16:35:47.691259,17002643456,13846036480,3156606976,18.6,13068632064,3253207040,368181248,42795008,853786624
2026-04-26T16:35:48.692838,17002643456,13850132480,3152510976,18.5,13072728064,3255828480,368181248,42795008,853786624
2026-04-26T16:35:49.694640,17002643456,13850804224,3151839232,18.5,13073399808,3255828480,368181248,42795008,853786624
2026-04-26T16:35:50.696128,17002643456,13855113216,3147530240,18.5,13077708800,3255828480,368181248,42795008,853786624
2026-04-26T16:35:51.697592,17002643456,13860814848,3141828608,18.5,13083410432,3255828480,368181248,42795008,853786624
2026-04-26T16:35:52.700011,17002643456,13866991616,3135651840,18.4,13089587200,3255828480,368181248,42795008,853786624
2026-04-26T16:35:53.702568,17002643456,13880082432,3122561024,18.4,13102678016,3255828480,368181248,42795008,853786624
2026-04-26T16:35:54.707381,17002643456,13911785472,3090857984,18.2,13134381056,3238051840,368181248,42795008,853786624
2026-04-26T16:35:55.711733,17002643456,13955579904,3047063552,17.9,13178175488,3200745472,368181248,42795008,853786624
2026-04-26T16:35:56.717259,17002643456,13956825088,3045818368,17.9,13179420672,3202777088,368181248,42795008,853786624
2026-04-26T16:35:57.726564,17002643456,14055604224,2947039232,17.3,13278199808,3106783232,368181248,42795008,853786624
2026-04-26T16:35:58.730157,17002643456,14076002304,2926641152,17.2,13298597888,3101442048,368181248,42795008,853786624
2026-04-26T16:35:59.737801,17002643456,14076002304,2926641152,17.2,13298597888,3101786112,368181248,42795008,853786624
2026-04-26T16:36:00.747480,17002643456,14057537536,2945105920,17.3,13280133120,3145482240,368181248,42795008,853786624
2026-04-26T16:36:01.750220,17002643456,14033911808,2968731648,17.5,13256507392,3133325312,368181248,42795008,853786624
2026-04-26T16:36:02.752134,17002643456,14015856640,2986786816,17.6,13238452224,3133472768,368181248,42795008,853786624
2026-04-26T16:36:03.753633,17002643456,14015856640,2986786816,17.6,13238452224,3133472768,368181248,42795008,853786624
2026-04-26T16:36:04.755128,17002643456,14017576960,2985066496,17.6,13240172544,3133472768,368181248,42795008,853786624
2026-04-26T16:36:05.756784,17002643456,14024540160,2978103296,17.5,13247135744,3133325312,368181248,42795008,853786624
2026-04-26T16:36:06.760001,17002643456,14026833920,2975809536,17.5,13249429504,3133325312,368181248,42795008,853786624
2026-04-26T16:36:07.764997,17002643456,14036484096,2966159360,17.4,13259079680,3138715648,368181248,42795008,853786624
2026-04-26T16:36:08.774455,17002643456,14042628096,2960015360,17.4,13265223680,3138715648,368181248,42795008,853786624
2026-04-26T16:36:09.779720,17002643456,14043807744,2958835712,17.4,13266403328,3138715648,368181248,42795008,853786624
2026-04-26T16:36:10.786440,17002643456,14072659968,2929983488,17.2,13295255552,3107897344,368181248,42795008,853786624
2026-04-26T16:36:11.790079,17002643456,14024015872,2978627584,17.5,13246611456,3185836032,368181248,42795008,853786624
2026-04-26T16:36:12.794176,17002643456,13919436800,3083206656,18.1,13142032384,3248537600,368181248,42795008,853786624
2026-04-26T16:36:13.799467,17002643456,13752565760,3250077696,19.1,12975161344,3365617664,368181248,42795008,853786624
2026-04-26T16:36:14.802226,17002643456,13793787904,3208855552,18.9,13016383488,3266527232,368181248,42795008,853786624
2026-04-26T16:36:15.803456,17002643456,13791821824,3210821632,18.9,13014417408,3289972736,368181248,42795008,853786624
2026-04-26T16:36:16.804949,17002643456,13792198656,3210444800,18.9,13014794240,3289972736,368181248,42795008,853786624
2026-04-26T16:36:17.806437,17002643456,13798129664,3204513792,18.8,13020725248,3289972736,368181248,42795008,853786624
2026-04-26T16:36:18.808040,17002643456,13942079488,3060563968,18.0,13164675072,3160752128,368181248,42795008,853786624
2026-04-26T16:36:19.812785,17002643456,13931397120,3071246336,18.1,13153992704,3211575296,368181248,42795008,853786624
2026-04-26T16:36:20.818317,17002643456,13845381120,3157262336,18.6,13067976704,3328393216,368181248,42795008,853786624
2026-04-26T16:36:21.822839,17002643456,13803012096,3199631360,18.8,13025607680,3291430912,368181248,42795008,853786624
2026-04-26T16:36:22.830329,17002643456,13802831872,3199811584,18.8,13025427456,3260645376,368181248,42795008,853786624
2026-04-26T16:36:23.837881,17002643456,13791805440,3210838016,18.9,13014401024,3294199808,368181248,42795008,853786624
2026-04-26T16:36:24.840507,17002643456,13777108992,3225534464,19.0,12999704576,3314941952,368181248,42795008,853786624
2026-04-26T16:36:25.850403,17002643456,13854113792,3148529664,18.5,13076709376,3277193216,368181248,42795008,853786624
2026-04-26T16:36:26.858217,17002643456,13814792192,3187851264,18.7,13037387776,3337633792,368181248,42795008,853786624
2026-04-26T16:36:27.860330,17002643456,13870825472,3131817984,18.4,13093421056,3262988288,368181248,42795008,853786624
2026-04-26T16:36:28.861517,17002643456,13872431104,3130212352,18.4,13095026688,3263987712,368181248,42795008,853786624
2026-04-26T16:36:29.863032,17002643456,13875150848,3127492608,18.4,13097746432,3263987712,368181248,42795008,853786624
2026-04-26T16:36:30.864506,17002643456,13883326464,3119316992,18.3,13105922048,3263987712,368181248,42795008,853786624
2026-04-26T16:36:31.866981,17002643456,13887946752,3114696704,18.3,13110542336,3263987712,368181248,42795008,853786624
2026-04-26T16:36:32.868706,17002643456,14005551104,2997092352,17.6,13228146688,3131457536,368181248,42795008,853786624
2026-04-26T16:36:33.873258,17002643456,14014431232,2988212224,17.6,13237026816,3104260096,368181248,42795008,853786624
2026-04-26T16:36:34.882541,17002643456,14057652224,2944991232,17.3,13280247808,3081650176,368181248,42795008,853786624
2026-04-26T16:36:35.891518,17002643456,14064975872,2937667584,17.3,13287571456,3087237120,368181248,42795008,853786624
2026-04-26T16:36:36.900378,17002643456,14070153216,2932490240,17.2,13292748800,3095953408,368181248,42795008,853786624
2026-04-26T16:36:37.907540,17002643456,14066368512,2936274944,17.3,13288964096,3117580288,368181248,42795008,853786624
2026-04-26T16:36:38.915258,17002643456,14027784192,2974859264,17.5,13250379776,3180363776,368181248,42795008,853786624
2026-04-26T16:36:39.918192,17002643456,13923827712,3078815744,18.1,13146423296,3261153280,368181248,42795008,853786624
2026-04-26T16:36:40.921903,17002643456,13943095296,3059548160,18.0,13165690880,3212410880,368181248,42795008,853786624
2026-04-26T16:36:41.924335,17002643456,13942358016,3060285440,18.0,13164953600,3218505728,368181248,42795008,853786624
2026-04-26T16:36:42.925868,17002643456,13942358016,3060285440,18.0,13164953600,3218505728,368181248,42795008,853786624
2026-04-26T16:36:43.927339,17002643456,13946830848,3055812608,18.0,13169426432,3218505728,368181248,42795008,853786624
2026-04-26T16:36:44.929789,17002643456,13961723904,3040919552,17.9,13184319488,3190489088,368181248,42795008,853786624
2026-04-26T16:36:45.932576,17002643456,13957267456,3045376000,17.9,13179863040,3216900096,368181248,42795008,853786624
2026-04-26T16:36:46.934903,17002643456,13955547136,3047096320,17.9,13178142720,3218997248,368181248,42795008,853786624
2026-04-26T16:36:47.940417,17002643456,13964804096,3037839360,17.9,13187399680,3188146176,368181248,42795008,853786624
2026-04-26T16:36:48.944864,17002643456,13965770752,3036872704,17.9,13188366336,3188146176,368181248,42795008,853786624
2026-04-26T16:36:49.953268,17002643456,13967474688,3035168768,17.9,13190070272,3190652928,368181248,42795008,853786624
2026-04-26T16:36:50.963295,17002643456,13965950976,3036692480,17.9,13188546560,3233136640,368181248,42795008,853786624
2026-04-26T16:36:51.968389,17002643456,13803503616,3199139840,18.8,13026099200,3367321600,368181248,42795008,853786624
2026-04-26T16:36:52.972235,17002643456,13721419776,3281223680,19.3,12944015360,3371630592,368181248,42795008,853786624
2026-04-26T16:36:53.974825,17002643456,13821902848,3180740608,18.7,13044498432,3309371392,368181248,42795008,853786624
2026-04-26T16:36:54.975961,17002643456,13821902848,3180740608,18.7,13044498432,3309371392,368181248,42795008,853786624
2026-04-26T16:36:55.977456,17002643456,13821902848,3180740608,18.7,13044498432,3309371392,368181248,42795008,853786624
2026-04-26T16:36:56.978956,17002643456,13823950848,3178692608,18.7,13046546432,3309371392,368181248,42795008,853786624
2026-04-26T16:36:57.982206,17002643456,13866057728,3136585728,18.4,13088653312,3303768064,368181248,42795008,853786624
2026-04-26T16:36:58.985794,17002643456,13827964928,3174678528,18.7,13050560512,3318579200,368181248,42795008,853786624
2026-04-26T16:36:59.990852,17002643456,13743915008,3258728448,19.2,12966510592,3382853632,368181248,42795008,853786624
2026-04-26T16:37:00.994199,17002643456,13824131072,3178512384,18.7,13046726656,3211591680,368181248,42795008,853786624
2026-04-26T16:37:02.004376,17002643456,13828767744,3173875712,18.7,13051363328,3211591680,368181248,42795008,853786624
2026-04-26T16:37:03.013979,17002643456,13840334848,3162308608,18.6,13062930432,3214934016,368181248,42795008,853786624
2026-04-26T16:37:04.018234,17002643456,13847805952,3154837504,18.6,13070401536,3238674432,368181248,42795008,853786624
2026-04-26T16:37:05.025638,17002643456,13887782912,3114860544,18.3,13110378496,3222339584,368181248,42795008,853786624
2026-04-26T16:37:06.031697,17002643456,13919944704,3082698752,18.1,13142540288,3214475264,368181248,42795008,853786624
2026-04-26T16:37:07.034381,17002643456,13941768192,3060875264,18.0,13164363776,3191783424,368181248,42795008,853786624
2026-04-26T16:37:08.035480,17002643456,13947731968,3054911488,18.0,13170327552,3191455744,368181248,42795008,853786624
2026-04-26T16:37:09.036949,17002643456,13951401984,3051241472,17.9,13173997568,3191455744,368181248,42795008,853786624
2026-04-26T16:37:10.038431,17002643456,13958692864,3043950592,17.9,13181288448,3191455744,368181248,42795008,853786624
2026-04-26T16:37:11.040515,17002643456,13964886016,3037757440,17.9,13187481600,3191455744,368181248,42795008,853786624
2026-04-26T16:37:12.045849,17002643456,14008762368,2993881088,17.6,13231357952,3161653248,368181248,42795008,853786624
2026-04-26T16:37:13.049982,17002643456,14016610304,2986033152,17.6,13239205888,3161653248,368181248,42795008,853786624
2026-04-26T16:37:14.054753,17002643456,14010187776,2992455680,17.6,13232783360,3193536512,368181248,42795008,853786624
2026-04-26T16:37:15.058722,17002643456,14003060736,2999582720,17.6,13225656320,3203694592,368181248,42795008,853786624
2026-04-26T16:37:16.071613,17002643456,14010662912,2991980544,17.6,13233258496,3195224064,368181248,42795008,853786624
2026-04-26T16:37:17.076078,17002643456,13988544512,3014098944,17.7,13211140096,3214934016,368181248,42795008,853786624
2026-04-26T16:37:18.084290,17002643456,13984120832,3018522624,17.8,13206716416,3221028864,368181248,42795008,853786624
2026-04-26T16:37:19.088437,17002643456,13964214272,3038429184,17.9,13186809856,3242868736,368181248,42795008,853786624
2026-04-26T16:37:20.090755,17002643456,13834207232,3168436224,18.6,13056802816,3314008064,368181248,42795008,853786624
2026-04-26T16:37:21.091877,17002643456,13834207232,3168436224,18.6,13056802816,3314008064,368181248,42795008,853786624
2026-04-26T16:37:22.093360,17002643456,13834354688,3168288768,18.6,13056950272,3314008064,368181248,42795008,853786624
2026-04-26T16:37:23.094884,17002643456,13845987328,3156656128,18.6,13068582912,3314008064,368181248,42795008,853786624
2026-04-26T16:37:24.097178,17002643456,13762330624,3240312832,19.1,12984926208,3421765632,368181248,42795008,853786624
2026-04-26T16:37:25.101492,17002643456,13873496064,3129147392,18.4,13096091648,3287056384,368181248,42795008,853786624
2026-04-26T16:37:26.106264,17002643456,13814267904,3188375552,18.8,13036863488,3361603584,368181248,42795008,853786624
2026-04-26T16:37:27.109121,17002643456,13839286272,3163357184,18.6,13061881856,3246325760,368181248,42795008,853786624
2026-04-26T16:37:28.115304,17002643456,13841727488,3160915968,18.6,13064323072,3246325760,368181248,42795008,853786624
2026-04-26T16:37:29.118686,17002643456,13854359552,3148283904,18.5,13076955136,3216834560,368181248,42795008,853786624
2026-04-26T16:37:30.121153,17002643456,13869891584,3132751872,18.4,13092487168,3217375232,368181248,42795008,853786624
2026-04-26T16:37:31.125157,17002643456,13883228160,3119415296,18.3,13105823744,3263938560,368181248,42795008,853786624
2026-04-26T16:37:32.127870,17002643456,13863813120,3138830336,18.5,13086408704,3309502464,368181248,42795008,853786624
2026-04-26T16:37:33.130064,17002643456,13859373056,3143270400,18.5,13081968640,3302375424,368181248,42795008,853786624
2026-04-26T16:37:34.131192,17002643456,13859373056,3143270400,18.5,13081968640,3302375424,368181248,42795008,853786624
2026-04-26T16:37:35.132659,17002643456,13859700736,3142942720,18.5,13082296320,3302375424,368181248,42795008,853786624
2026-04-26T16:37:36.134130,17002643456,13864714240,3137929216,18.5,13087309824,3302375424,368181248,42795008,853786624
2026-04-26T16:37:37.135968,17002643456,13866631168,3136012288,18.4,13089226752,3302375424,368181248,42795008,853786624
2026-04-26T16:37:38.138476,17002643456,13888274432,3114369024,18.3,13110870016,3275145216,368181248,42795008,853786624
2026-04-26T16:37:39.140591,17002643456,13892452352,3110191104,18.3,13115047936,3275800576,368181248,42795008,853786624
2026-04-26T16:37:40.144312,17002643456,13909213184,3093430272,18.2,13131808768,3276177408,368181248,42795008,853786624
2026-04-26T16:37:41.150676,17002643456,13909770240,3092873216,18.2,13132365824,3276177408,368181248,42795008,853786624
2026-04-26T16:37:42.161162,17002643456,13909753856,3092889600,18.2,13132349440,3284254720,368181248,42795008,853786624
2026-04-26T16:37:43.167029,17002643456,13923057664,3079585792,18.1,13145653248,3281584128,368181248,42795008,853786624
2026-04-26T16:37:44.171997,17002643456,13747585024,3255058432,19.1,12970180608,3419209728,368181248,42795008,853786624
2026-04-26T16:37:45.178107,17002643456,13776633856,3226009600,19.0,12999229440,3371368448,368181248,42795008,853786624
2026-04-26T16:37:46.180060,17002643456,13825703936,3176939520,18.7,13048299520,3304587264,368181248,42795008,853786624
2026-04-26T16:37:47.181131,17002643456,13825703936,3176939520,18.7,13048299520,3304587264,368181248,42795008,853786624
2026-04-26T16:37:48.182578,17002643456,13827948544,3174694912,18.7,13050544128,3304587264,368181248,42795008,853786624
2026-04-26T16:37:49.184009,17002643456,13833863168,3168780288,18.6,13056458752,3304587264,368181248,42795008,853786624
2026-04-26T16:37:50.186488,17002643456,13867384832,3135258624,18.4,13089980416,3278995456,368181248,42795008,853786624
2026-04-26T16:37:51.189349,17002643456,13865402368,3137241088,18.5,13087997952,3298295808,368181248,42795008,853786624
2026-04-26T16:37:52.195592,17002643456,13923778560,3078864896,18.1,13146374144,3260825600,368181248,42795008,853786624
2026-04-26T16:37:53.201641,17002643456,13867253760,3135389696,18.4,13089849344,3327541248,368181248,42795008,853786624
2026-04-26T16:37:54.206403,17002643456,13844889600,3157753856,18.6,13067485184,3344302080,368181248,42795008,853786624
2026-04-26T16:37:55.208519,17002643456,13914914816,3087728640,18.2,13137510400,3233202176,368181248,42795008,853786624
2026-04-26T16:37:56.220235,17002643456,13857177600,3145465856,18.5,13079773184,3295494144,368181248,42795008,853786624
2026-04-26T16:37:57.223615,17002643456,13741178880,3261464576,19.2,12963774464,3420946432,368181248,42795008,853786624
2026-04-26T16:37:58.230452,17002643456,13802602496,3200040960,18.8,13025198080,3367157760,368181248,42795008,853786624
2026-04-26T16:37:59.231612,17002643456,13833977856,3168665600,18.6,13056573440,3330375680,368181248,42795008,853786624
2026-04-26T16:38:00.232700,17002643456,13835026432,3167617024,18.6,13057622016,3330375680,368181248,42795008,853786624
2026-04-26T16:38:01.234159,17002643456,13835026432,3167617024,18.6,13057622016,3330375680,368181248,42795008,853786624
2026-04-26T16:38:02.235620,17002643456,13839876096,3162767360,18.6,13062471680,3330375680,368181248,42795008,853786624
2026-04-26T16:38:03.237179,17002643456,13844119552,3158523904,18.6,13066715136,3330457600,368181248,42795008,853786624
2026-04-26T16:38:04.239988,17002643456,13890781184,3111862272,18.3,13113376768,3275522048,368181248,42795008,853786624
2026-04-26T16:38:05.244093,17002643456,13897367552,3105275904,18.3,13119963136,3275522048,368181248,42795008,853786624
2026-04-26T16:38:06.247694,17002643456,13909442560,3093200896,18.2,13132038144,3250831360,368181248,42795008,853786624
2026-04-26T16:38:07.250846,17002643456,13915406336,3087237120,18.2,13138001920,3251339264,368181248,42795008,853786624
2026-04-26T16:38:08.255702,17002643456,13922910208,3079733248,18.1,13145505792,3251339264,368181248,42795008,853786624
2026-04-26T16:38:09.259478,17002643456,13919862784,3082780672,18.1,13142458368,3278372864,368181248,42795008,853786624
2026-04-26T16:38:10.261138,17002643456,13769703424,3232940032,19.0,12992299008,3407953920,368181248,42795008,853786624
2026-04-26T16:38:11.264749,17002643456,13808418816,3194224640,18.8,13031014400,3332194304,368181248,42795008,853786624
2026-04-26T16:38:12.266443,17002643456,13782368256,3220275200,18.9,13004963840,3382837248,368181248,42795008,853786624
2026-04-26T16:38:13.267544,17002643456,13782368256,3220275200,18.9,13004963840,3382837248,368181248,42795008,853786624
2026-04-26T16:38:14.268988,17002643456,13782368256,3220275200,18.9,13004963840,3382837248,368181248,42795008,853786624
2026-04-26T16:38:15.270484,17002643456,13785808896,3216834560,18.9,13008404480,3382837248,368181248,42795008,853786624
2026-04-26T16:38:16.272813,17002643456,13808451584,3194191872,18.8,13031047168,3355230208,368181248,42795008,853786624
2026-04-26T16:38:17.275914,17002643456,13812809728,3189833728,18.8,13035405312,3355230208,368181248,42795008,853786624
2026-04-26T16:38:18.281174,17002643456,14031175680,2971467776,17.5,13253771264,3141926912,368181248,42795008,853786624
2026-04-26T16:38:19.288138,17002643456,14026424320,2976219136,17.5,13249019904,3150561280,368181248,42795008,853786624
2026-04-26T16:38:20.296491,17002643456,13823672320,3178971136,18.7,13046267904,3317350400,368181248,42795008,853786624
2026-04-26T16:38:21.301030,17002643456,13705707520,3296935936,19.4,12928303104,3401662464,368181248,42795008,853786624
2026-04-26T16:38:22.308132,17002643456,13698777088,3303866368,19.4,12921372672,3381264384,368181248,42795008,853786624
2026-04-26T16:38:23.312782,17002643456,13771456512,3231186944,19.0,12994052096,3281747968,368181248,42795008,853786624
2026-04-26T16:38:24.320930,17002643456,13809106944,3193536512,18.8,13031702528,3222880256,368181248,42795008,853786624
2026-04-26T16:38:25.323947,17002643456,13811154944,3191488512,18.8,13033750528,3247079424,368181248,42795008,853868544
2026-04-26T16:38:26.325042,17002643456,13819232256,3183411200,18.7,13041827840,3247079424,368181248,42795008,853934080
